"","from","to","alpha","lo","hi","lo_numerical","hi_numerical","Potential","site","range_ci","species_from","species_to","class_from","class_to","sig","region","region2"
"1","Eucalyptus diversicolor Co/dominant","Eucalyptus diversicolor Co/dominant",-0.104759092182127,-0.59774369128642,0.388225506922166,-0.110590985457908,-0.0989271989063462,"Potential 1","Frankland",0.985969198208586,"Eucalyptus diversicolor","Eucalyptus diversicolor","Co/dominant","Co/dominant",NA,"WA","WA"
"2","Eucalyptus diversicolor Suppressed","Eucalyptus diversicolor Co/dominant",-0.0229059234375783,-0.191361357134413,0.145549510259257,-0.0249390932729962,-0.0208727536021603,"Potential 1","Frankland",0.33691086739367,"Eucalyptus diversicolor","Eucalyptus diversicolor","Suppressed","Co/dominant",NA,"WA","WA"
"3","Eucalyptus guilfoylei Suppressed","Eucalyptus diversicolor Co/dominant",-0.0889886565032816,-0.297744280040917,0.119766967034354,-0.0927350951986115,-0.0852422178079517,"Potential 1","Frankland",0.41751124707527,"Eucalyptus guilfoylei","Eucalyptus diversicolor","Suppressed","Co/dominant",NA,"WA","WA"
"4","Non-euc Suppressed","Eucalyptus diversicolor Co/dominant",-0.0159878477036663,-0.546611163173721,0.514635467766389,-0.0224313386626359,-0.00954435674469666,"Potential 1","Frankland",1.06124663094011,"Non-euc","Eucalyptus diversicolor","Suppressed","Co/dominant",NA,"WA","WA"
"5","Eucalyptus diversicolor Suppressed","Eucalyptus diversicolor Suppressed",0.412493274896469,0.240811835609888,0.58417471418305,0.404505079999461,0.420481469793478,"Potential 1","Frankland",0.343362878573162,"Eucalyptus diversicolor","Eucalyptus diversicolor","Suppressed","Suppressed",1,"WA","WA"
"6","Eucalyptus guilfoylei Suppressed","Eucalyptus diversicolor Suppressed",-0.0132400345607241,-0.112582984832954,0.0861029157115056,-0.0158717150696127,-0.0106083540518355,"Potential 1","Frankland",0.198685900544459,"Eucalyptus guilfoylei","Eucalyptus diversicolor","Suppressed","Suppressed",NA,"WA","WA"
"7","Non-euc Suppressed","Eucalyptus diversicolor Suppressed",-0.0169477745815267,-0.21830596836018,0.184410419197126,-0.0203418143447329,-0.0135537348183206,"Potential 1","Frankland",0.402716387557306,"Non-euc","Eucalyptus diversicolor","Suppressed","Suppressed",NA,"WA","WA"
"8","Eucalyptus guilfoylei Suppressed","Eucalyptus guilfoylei Suppressed",0.150982347047164,-0.0303284122311834,0.332293106325512,0.142084443985414,0.159880250108915,"Potential 1","Frankland",0.362621518556695,"Eucalyptus guilfoylei","Eucalyptus guilfoylei","Suppressed","Suppressed",NA,"WA","WA"
"9","Non-euc Suppressed","Eucalyptus guilfoylei Suppressed",0.403209969807115,0.0752318277335147,0.731188111880716,0.394554400161853,0.411865539452377,"Potential 1","Frankland",0.655956284147201,"Non-euc","Eucalyptus guilfoylei","Suppressed","Suppressed",1,"WA","WA"
"10","Non-euc Suppressed","Non-euc Suppressed",-0.452855896762026,-1.29119488592475,0.385483092400695,-0.466031220662034,-0.439680572862018,"Potential 1","Frankland",1.67667797832544,"Non-euc","Non-euc","Suppressed","Suppressed",NA,"WA","WA"
"11","Eucalyptus jacksonii Co/dominant","Eucalyptus jacksonii Co/dominant",-1.80711409717248,-3.85226256242341,0.238034368078455,-1.83629615104915,-1.77793204329581,"Potential 1","Clare",4.09029693050186,"Eucalyptus jacksonii","Eucalyptus jacksonii","Co/dominant","Co/dominant",NA,"WA","WA"
"12","Non-euc Suppressed","Eucalyptus jacksonii Co/dominant",-0.0304875499503142,-0.435843755172968,0.374868655272339,-0.0354946158571065,-0.025480484043522,"Potential 1","Clare",0.810712410445307,"Non-euc","Eucalyptus jacksonii","Suppressed","Co/dominant",NA,"WA","WA"
"13","Non-euc Suppressed","Non-euc Suppressed",0.195118780636424,0.0343985120685434,0.355839049204305,0.189505928733785,0.200731632539064,"Potential 1","Clare",0.321440537135762,"Non-euc","Non-euc","Suppressed","Suppressed",1,"WA","WA"
"14","Corymbia calophylla Suppressed","Corymbia calophylla Suppressed",0.458714894843423,0.352431260729223,0.564998528957624,0.448895817802384,0.468533971884463,"Potential 1","Sutton",0.212567268228401,"Corymbia calophylla","Corymbia calophylla","Suppressed","Suppressed",1,"WA","WA"
"15","Eucalyptus diversicolor Co/dominant","Corymbia calophylla Suppressed",-0.0350687343242485,-0.102504726209182,0.0323672575606847,-0.0366094202851759,-0.033528048363321,"Potential 1","Sutton",0.134871983769866,"Eucalyptus diversicolor","Corymbia calophylla","Co/dominant","Suppressed",NA,"WA","WA"
"16","Eucalyptus diversicolor Intermediate","Corymbia calophylla Suppressed",-0.0185403895043286,-0.11057289924107,0.0734921202324127,-0.0202153195624314,-0.0168654594462258,"Potential 1","Sutton",0.184065019473483,"Eucalyptus diversicolor","Corymbia calophylla","Intermediate","Suppressed",NA,"WA","WA"
"17","Eucalyptus diversicolor Suppressed","Corymbia calophylla Suppressed",-0.076688155066913,-0.201852588597806,0.0484762784639796,-0.0792941685160156,-0.0740821416178104,"Potential 1","Sutton",0.250328867061785,"Eucalyptus diversicolor","Corymbia calophylla","Suppressed","Suppressed",NA,"WA","WA"
"18","Non-euc Suppressed","Corymbia calophylla Suppressed",-0.00753510912813414,-0.074070601372973,0.0590003831167048,-0.0100094198457582,-0.00506079841051008,"Potential 1","Sutton",0.133070984489678,"Non-euc","Corymbia calophylla","Suppressed","Suppressed",NA,"WA","WA"
"19","Eucalyptus diversicolor Co/dominant","Eucalyptus diversicolor Co/dominant",-0.220210576830193,-0.453602832381769,0.0131816787213832,-0.226801659095944,-0.213619494564442,"Potential 1","Sutton",0.466784511103153,"Eucalyptus diversicolor","Eucalyptus diversicolor","Co/dominant","Co/dominant",NA,"WA","WA"
"20","Eucalyptus diversicolor Intermediate","Eucalyptus diversicolor Co/dominant",0.217146073057537,-0.0714007516136847,0.505692897728759,0.212408864057395,0.221883282057679,"Potential 1","Sutton",0.577093649342444,"Eucalyptus diversicolor","Eucalyptus diversicolor","Intermediate","Co/dominant",NA,"WA","WA"
"21","Eucalyptus diversicolor Suppressed","Eucalyptus diversicolor Co/dominant",-0.18732493547877,-0.456080438828429,0.0814305678708889,-0.193603805104123,-0.181046065853417,"Potential 1","Sutton",0.537511006699318,"Eucalyptus diversicolor","Eucalyptus diversicolor","Suppressed","Co/dominant",NA,"WA","WA"
"22","Non-euc Suppressed","Eucalyptus diversicolor Co/dominant",-0.120505816243729,-0.294074678523252,0.0530630460357942,-0.124024366513308,-0.11698726597415,"Potential 1","Sutton",0.347137724559046,"Non-euc","Eucalyptus diversicolor","Suppressed","Co/dominant",NA,"WA","WA"
"23","Eucalyptus diversicolor Intermediate","Eucalyptus diversicolor Intermediate",-0.168190270373499,-0.714603184156002,0.378222643409005,-0.175599486466288,-0.16078105428071,"Potential 1","Sutton",1.09282582756501,"Eucalyptus diversicolor","Eucalyptus diversicolor","Intermediate","Intermediate",NA,"WA","WA"
"24","Eucalyptus diversicolor Suppressed","Eucalyptus diversicolor Intermediate",0.513118468301751,-0.077091292368704,1.10332822897221,0.503518910089429,0.522718026514073,"Potential 1","Sutton",1.18041952134091,"Eucalyptus diversicolor","Eucalyptus diversicolor","Suppressed","Intermediate",NA,"WA","WA"
"25","Non-euc Suppressed","Eucalyptus diversicolor Intermediate",-0.162675901189786,-0.455548746629457,0.130196944249885,-0.167452503290388,-0.157899299089184,"Potential 1","Sutton",0.585745690879341,"Non-euc","Eucalyptus diversicolor","Suppressed","Intermediate",NA,"WA","WA"
"26","Eucalyptus diversicolor Suppressed","Eucalyptus diversicolor Suppressed",-1.01096778342667,-2.07285234922197,0.0509167823686292,-1.03336919665147,-0.988566370201875,"Potential 1","Sutton",2.1237691315906,"Eucalyptus diversicolor","Eucalyptus diversicolor","Suppressed","Suppressed",NA,"WA","WA"
"27","Non-euc Suppressed","Eucalyptus diversicolor Suppressed",0.072792198502884,-0.161644205966872,0.30722860297264,0.0665685825016908,0.0790158145040771,"Potential 1","Sutton",0.468872808939513,"Non-euc","Eucalyptus diversicolor","Suppressed","Suppressed",NA,"WA","WA"
"28","Non-euc Suppressed","Non-euc Suppressed",0.431370577084255,0.259071345372074,0.603669808796436,0.416223728768635,0.446517425399875,"Potential 1","Sutton",0.344598463424362,"Non-euc","Non-euc","Suppressed","Suppressed",1,"WA","WA"
"29","Eucalyptus jacksonii Co/dominant","Eucalyptus jacksonii Co/dominant",-0.293436438050708,-0.759765717627332,0.172892841525916,-0.311714101971001,-0.275158774130415,"Potential 1","Giants",0.932658559153248,"Eucalyptus jacksonii","Eucalyptus jacksonii","Co/dominant","Co/dominant",NA,"WA","WA"
"30","Eucalyptus jacksonii Intermediate","Eucalyptus jacksonii Co/dominant",0.168057467851424,-0.106113341554535,0.442228277257383,0.155820741001784,0.180294194701063,"Potential 1","Giants",0.548341618811919,"Eucalyptus jacksonii","Eucalyptus jacksonii","Intermediate","Co/dominant",NA,"WA","WA"
"31","Eucalyptus jacksonii Suppressed","Eucalyptus jacksonii Co/dominant",0.211586901430601,-0.0011518850909143,0.424325687952117,0.202944775460587,0.220229027400615,"Potential 1","Giants",0.425477573043031,"Eucalyptus jacksonii","Eucalyptus jacksonii","Suppressed","Co/dominant",NA,"WA","WA"
"32","Non-euc Suppressed","Eucalyptus jacksonii Co/dominant",-0.104215727406149,-0.263685586008912,0.0552541311966141,-0.108049704145844,-0.100381750666454,"Potential 1","Giants",0.318939717205526,"Non-euc","Eucalyptus jacksonii","Suppressed","Co/dominant",NA,"WA","WA"
"33","Eucalyptus jacksonii Intermediate","Eucalyptus jacksonii Intermediate",0.22046720233503,-0.0210206740900499,0.461955078760109,0.207902726288349,0.23303167838171,"Potential 1","Giants",0.482975752850159,"Eucalyptus jacksonii","Eucalyptus jacksonii","Intermediate","Intermediate",NA,"WA","WA"
"34","Eucalyptus jacksonii Suppressed","Eucalyptus jacksonii Intermediate",0.111005000777592,-0.0435528858162645,0.265562887371449,0.103610425204335,0.11839957635085,"Potential 1","Giants",0.309115773187714,"Eucalyptus jacksonii","Eucalyptus jacksonii","Suppressed","Intermediate",NA,"WA","WA"
"35","Non-euc Suppressed","Eucalyptus jacksonii Intermediate",-0.165855230610079,-0.367023859237602,0.0353133980174438,-0.171574238639158,-0.160136222581,"Potential 1","Giants",0.402337257255045,"Non-euc","Eucalyptus jacksonii","Suppressed","Intermediate",NA,"WA","WA"
"36","Eucalyptus jacksonii Suppressed","Eucalyptus jacksonii Suppressed",0.275299689992333,0.0908777804061263,0.459721599578539,0.264708981507666,0.285890398476999,"Potential 1","Giants",0.368843819172413,"Eucalyptus jacksonii","Eucalyptus jacksonii","Suppressed","Suppressed",1,"WA","WA"
"37","Non-euc Suppressed","Eucalyptus jacksonii Suppressed",0.0184579064222977,-0.0877114868792635,0.124627299723859,0.0151678478928031,0.0217479649517924,"Potential 1","Giants",0.212338786603122,"Non-euc","Eucalyptus jacksonii","Suppressed","Suppressed",NA,"WA","WA"
"38","Non-euc Suppressed","Non-euc Suppressed",0.176243107712888,0.0163274149062158,0.336158800519561,0.167741411773906,0.184744803651871,"Potential 1","Giants",0.319831385613345,"Non-euc","Non-euc","Suppressed","Suppressed",1,"WA","WA"
"39","Eucalyptus diversicolor Co/dominant","Eucalyptus diversicolor Co/dominant",-0.175458259352448,-0.472332640543681,0.121416121838785,-0.182595149031494,-0.168321369673401,"Potential 1","Warren",0.593748762382466,"Eucalyptus diversicolor","Eucalyptus diversicolor","Co/dominant","Co/dominant",NA,"WA","WA"
"40","Eucalyptus diversicolor Intermediate","Eucalyptus diversicolor Co/dominant",-0.0761202689991843,-0.346187034014573,0.193946496016204,-0.0791968124126148,-0.0730437255857538,"Potential 1","Warren",0.540133530030777,"Eucalyptus diversicolor","Eucalyptus diversicolor","Intermediate","Co/dominant",NA,"WA","WA"
"41","Eucalyptus diversicolor Suppressed","Eucalyptus diversicolor Co/dominant",-0.337433571450578,-0.553274822708972,-0.121592320192185,-0.343002487510398,-0.331864655390759,"Potential 1","Warren",0.431682502516787,"Eucalyptus diversicolor","Eucalyptus diversicolor","Suppressed","Co/dominant",1,"WA","WA"
"42","Non-euc Suppressed","Eucalyptus diversicolor Co/dominant",-0.0593132902630344,-0.191965746267194,0.0733391657411251,-0.0628035459060426,-0.0558230346200262,"Potential 1","Warren",0.265304912008319,"Non-euc","Eucalyptus diversicolor","Suppressed","Co/dominant",NA,"WA","WA"
"43","Eucalyptus diversicolor Intermediate","Eucalyptus diversicolor Intermediate",0.200037825764638,-0.354946191890925,0.755021843420201,0.19454125060023,0.205534400929046,"Potential 1","Warren",1.10996803531113,"Eucalyptus diversicolor","Eucalyptus diversicolor","Intermediate","Intermediate",NA,"WA","WA"
"44","Eucalyptus diversicolor Suppressed","Eucalyptus diversicolor Intermediate",-0.00943792386632828,-0.333316645231959,0.314440797499302,-0.0136640246181745,-0.00521182311448201,"Potential 1","Warren",0.647757442731261,"Eucalyptus diversicolor","Eucalyptus diversicolor","Suppressed","Intermediate",NA,"WA","WA"
"45","Non-euc Suppressed","Eucalyptus diversicolor Intermediate",-0.029218368390685,-0.266343394823423,0.207906658042053,-0.03339493656262,-0.0250418002187501,"Potential 1","Warren",0.474250052865476,"Non-euc","Eucalyptus diversicolor","Suppressed","Intermediate",NA,"WA","WA"
"46","Eucalyptus diversicolor Suppressed","Eucalyptus diversicolor Suppressed",-0.126702238376378,-0.500697231930112,0.247292755177356,-0.136529924500942,-0.116874552251815,"Potential 1","Warren",0.747989987107468,"Eucalyptus diversicolor","Eucalyptus diversicolor","Suppressed","Suppressed",NA,"WA","WA"
"47","Non-euc Suppressed","Eucalyptus diversicolor Suppressed",-0.13443327163242,-0.30067396886087,0.0318074255960298,-0.138726069326514,-0.130140473938327,"Potential 1","Warren",0.3324813944569,"Non-euc","Eucalyptus diversicolor","Suppressed","Suppressed",NA,"WA","WA"
"48","Non-euc Suppressed","Non-euc Suppressed",0.370726882927506,0.22208177602182,0.519371989833192,0.361674542709105,0.379779223145907,"Potential 1","Warren",0.297290213811372,"Non-euc","Non-euc","Suppressed","Suppressed",1,"WA","WA"
"49","Eucalyptus diversicolor Co/dominant","Eucalyptus diversicolor Co/dominant",-0.179074965581112,-0.499170302301538,0.141020371139314,-0.184354108829615,-0.173795822332609,"Potential 1","Dawson",0.640190673440852,"Eucalyptus diversicolor","Eucalyptus diversicolor","Co/dominant","Co/dominant",NA,"WA","WA"
"50","Eucalyptus diversicolor Suppressed","Eucalyptus diversicolor Co/dominant",0.0666577335830692,-0.131131237179097,0.264446704345236,0.0638414450732306,0.0694740220929079,"Potential 1","Dawson",0.395577941524333,"Eucalyptus diversicolor","Eucalyptus diversicolor","Suppressed","Co/dominant",NA,"WA","WA"
"51","Non-euc Suppressed","Eucalyptus diversicolor Co/dominant",-0.0890232608932174,-0.238497345585386,0.0604508237989514,-0.0923593611677972,-0.0856871606186376,"Potential 1","Dawson",0.298948169384337,"Non-euc","Eucalyptus diversicolor","Suppressed","Co/dominant",NA,"WA","WA"
"52","Eucalyptus diversicolor Suppressed","Eucalyptus diversicolor Suppressed",0.134037269681681,-0.115191313559473,0.383265852922835,0.129199016637346,0.138875522726017,"Potential 1","Dawson",0.498457166482308,"Eucalyptus diversicolor","Eucalyptus diversicolor","Suppressed","Suppressed",NA,"WA","WA"
"53","Non-euc Suppressed","Eucalyptus diversicolor Suppressed",-0.0207612022598289,-0.17453321913104,0.133010814611382,-0.0237406314973669,-0.0177817730222909,"Potential 1","Dawson",0.307544033742422,"Non-euc","Eucalyptus diversicolor","Suppressed","Suppressed",NA,"WA","WA"
"54","Non-euc Suppressed","Non-euc Suppressed",0.243777608459692,0.131025846802603,0.356529370116781,0.236683663632338,0.250871553287046,"Potential 1","Dawson",0.225503523314179,"Non-euc","Non-euc","Suppressed","Suppressed",1,"WA","WA"
"55","Corymbia calophylla Suppressed","Corymbia calophylla Suppressed",0.28542370590116,-0.192552253777547,0.763399665579866,0.27939818956891,0.29144922223341,"Potential 1","Carey",0.955951919357413,"Corymbia calophylla","Corymbia calophylla","Suppressed","Suppressed",NA,"WA","WA"
"56","Eucalyptus diversicolor Co/dominant","Corymbia calophylla Suppressed",-0.0778900634508413,-0.291013083537377,0.135232956635694,-0.0803588000186393,-0.0754213268830432,"Potential 1","Carey",0.426246040173071,"Eucalyptus diversicolor","Corymbia calophylla","Co/dominant","Suppressed",NA,"WA","WA"
"57","Non-euc Suppressed","Corymbia calophylla Suppressed",-0.0928697371593678,-0.319033565034037,0.133294090715301,-0.0955216967723638,-0.0902177775463719,"Potential 1","Carey",0.452327655749339,"Non-euc","Corymbia calophylla","Suppressed","Suppressed",NA,"WA","WA"
"58","Eucalyptus diversicolor Co/dominant","Eucalyptus diversicolor Co/dominant",-0.062618024615772,-0.353738454354751,0.228502405123207,-0.0673021438240752,-0.0579339054074688,"Potential 1","Carey",0.582240859477957,"Eucalyptus diversicolor","Eucalyptus diversicolor","Co/dominant","Co/dominant",NA,"WA","WA"
"59","Non-euc Suppressed","Eucalyptus diversicolor Co/dominant",-0.0539495208351671,-0.198928366421685,0.0910293247513506,-0.0561722408368523,-0.051726800833482,"Potential 1","Carey",0.289957691173035,"Non-euc","Eucalyptus diversicolor","Suppressed","Co/dominant",NA,"WA","WA"
"60","Non-euc Suppressed","Non-euc Suppressed",0.23548516851513,0.0422861720495242,0.428684164980736,0.230013999911821,0.240956337118438,"Potential 1","Carey",0.386397992931211,"Non-euc","Non-euc","Suppressed","Suppressed",1,"WA","WA"
"61","Eucalyptus diversicolor Co/dominant","Eucalyptus diversicolor Co/dominant",-0.126733544444638,-0.533189913951388,0.279722825062112,-0.132539767483826,-0.120927321405449,"Potential 1","Dombakup",0.8129127390135,"Eucalyptus diversicolor","Eucalyptus diversicolor","Co/dominant","Co/dominant",NA,"WA","WA"
"62","Eucalyptus diversicolor Suppressed","Eucalyptus diversicolor Co/dominant",0.055546303725805,-0.152524981541444,0.263617588993054,0.0522042515930493,0.0588883558585608,"Potential 1","Dombakup",0.416142570534499,"Eucalyptus diversicolor","Eucalyptus diversicolor","Suppressed","Co/dominant",NA,"WA","WA"
"63","Non-euc Suppressed","Eucalyptus diversicolor Co/dominant",-0.00485086736628683,-0.110727508399107,0.101025773666533,-0.00785394895404467,-0.001847785778529,"Potential 1","Dombakup",0.211753282065639,"Non-euc","Eucalyptus diversicolor","Suppressed","Co/dominant",NA,"WA","WA"
"64","Eucalyptus diversicolor Suppressed","Eucalyptus diversicolor Suppressed",0.200895727131946,-0.0705118724527964,0.472303326716689,0.195395125259728,0.206396329004164,"Potential 1","Dombakup",0.542815199169485,"Eucalyptus diversicolor","Eucalyptus diversicolor","Suppressed","Suppressed",NA,"WA","WA"
"65","Non-euc Suppressed","Eucalyptus diversicolor Suppressed",-0.0241034904981935,-0.0939388857905246,0.0457319047941376,-0.0262733254386184,-0.0219336555577686,"Potential 1","Dombakup",0.139670790584662,"Non-euc","Eucalyptus diversicolor","Suppressed","Suppressed",NA,"WA","WA"
"66","Non-euc Suppressed","Non-euc Suppressed",0.265366991608662,0.155936938025697,0.374797045191627,0.254981896117584,0.27575208709974,"Potential 1","Dombakup",0.21886010716593,"Non-euc","Non-euc","Suppressed","Suppressed",1,"WA","WA"
"67","Eucalyptus obliqua Suppressed","Eucalyptus obliqua Suppressed",-0.247901151180172,-1.08363810842614,0.587835806065792,-0.264085465271222,-0.231716837089121,"Potential 1","Weld",1.67147391449193,"Eucalyptus obliqua","Eucalyptus obliqua","Suppressed","Suppressed",NA,"S_TAS","TAS"
"68","Eucalyptus regnans Co/dominant","Eucalyptus obliqua Suppressed",0.344856963150297,-0.0837768591360364,0.77349078543663,0.33455821180228,0.355155714498314,"Potential 1","Weld",0.857267644572666,"Eucalyptus regnans","Eucalyptus obliqua","Co/dominant","Suppressed",NA,"S_TAS","TAS"
"69","Eucalyptus regnans Suppressed","Eucalyptus obliqua Suppressed",0.854982848188827,-0.386089948599099,2.09605564497675,0.829718409336844,0.88024728704081,"Potential 1","Weld",2.48214559357585,"Eucalyptus regnans","Eucalyptus obliqua","Suppressed","Suppressed",NA,"S_TAS","TAS"
"70","Non-euc Co/dominant","Eucalyptus obliqua Suppressed",-0.269336720283155,-1.04182469585015,0.50315125528384,-0.281135070544899,-0.257538370021411,"Potential 1","Weld",1.54497595113399,"Non-euc","Eucalyptus obliqua","Co/dominant","Suppressed",NA,"S_TAS","TAS"
"71","Non-euc Intermediate","Eucalyptus obliqua Suppressed",0.175479619864341,-0.653051960404201,1.00401120013288,0.162700690661644,0.188258549067039,"Potential 1","Weld",1.65706316053708,"Non-euc","Eucalyptus obliqua","Intermediate","Suppressed",NA,"S_TAS","TAS"
"72","Non-euc Suppressed","Eucalyptus obliqua Suppressed",-0.00575958087870377,-0.325147960228258,0.31362879847085,-0.0113567607659093,-0.000162400991498208,"Potential 1","Weld",0.638776758699108,"Non-euc","Eucalyptus obliqua","Suppressed","Suppressed",NA,"S_TAS","TAS"
"73","Eucalyptus regnans Co/dominant","Eucalyptus regnans Co/dominant",-0.0016388004770625,-0.277398734734966,0.274121133780841,-0.00950309324910158,0.00622549229497657,"Potential 1","Weld",0.551519868515807,"Eucalyptus regnans","Eucalyptus regnans","Co/dominant","Co/dominant",NA,"S_TAS","TAS"
"74","Eucalyptus regnans Suppressed","Eucalyptus regnans Co/dominant",0.419483552541608,-0.228085102061179,1.06705220714439,0.406433164347937,0.432533940735278,"Potential 1","Weld",1.29513730920557,"Eucalyptus regnans","Eucalyptus regnans","Suppressed","Co/dominant",NA,"S_TAS","TAS"
"75","Non-euc Co/dominant","Eucalyptus regnans Co/dominant",-0.190846553622246,-0.417431838327924,0.0357387310834311,-0.196382016416568,-0.185311090827925,"Potential 1","Weld",0.453170569411355,"Non-euc","Eucalyptus regnans","Co/dominant","Co/dominant",NA,"S_TAS","TAS"
"76","Non-euc Intermediate","Eucalyptus regnans Co/dominant",0.219126593165357,-0.321188117203066,0.759441303533779,0.210800640257275,0.227452546073438,"Potential 1","Weld",1.08062942073684,"Non-euc","Eucalyptus regnans","Intermediate","Co/dominant",NA,"S_TAS","TAS"
"77","Non-euc Suppressed","Eucalyptus regnans Co/dominant",0.248130862107297,0.0625719679866878,0.433689756227907,0.243350924953561,0.252910799261033,"Potential 1","Weld",0.371117788241219,"Non-euc","Eucalyptus regnans","Suppressed","Co/dominant",1,"S_TAS","TAS"
"78","Eucalyptus regnans Suppressed","Eucalyptus regnans Suppressed",-1.88040551371839,-4.06590440659648,0.305093379159689,-1.92582485241508,-1.83498617502171,"Potential 1","Weld",4.37099778575617,"Eucalyptus regnans","Eucalyptus regnans","Suppressed","Suppressed",NA,"S_TAS","TAS"
"79","Non-euc Co/dominant","Eucalyptus regnans Suppressed",0.0750779809780315,-0.703558066093246,0.853714028049309,0.0642234761890774,0.0859324857669857,"Potential 1","Weld",1.55727209414255,"Non-euc","Eucalyptus regnans","Co/dominant","Suppressed",NA,"S_TAS","TAS"
"80","Non-euc Intermediate","Eucalyptus regnans Suppressed",-1.09845199670417,-2.45355146794825,0.256647474539923,-1.11917361473738,-1.07773037867095,"Potential 1","Weld",2.71019894248818,"Non-euc","Eucalyptus regnans","Intermediate","Suppressed",NA,"S_TAS","TAS"
"81","Non-euc Suppressed","Eucalyptus regnans Suppressed",-0.520996871577524,-1.4602540783937,0.418260335238656,-0.531093331867471,-0.510900411287577,"Potential 1","Weld",1.87851441363236,"Non-euc","Eucalyptus regnans","Suppressed","Suppressed",NA,"S_TAS","TAS"
"82","Non-euc Co/dominant","Non-euc Co/dominant",0.407643143947413,0.223790898991573,0.591495388903252,0.396091523937001,0.419194763957824,"Potential 1","Weld",0.367704489911679,"Non-euc","Non-euc","Co/dominant","Co/dominant",1,"S_TAS","TAS"
"83","Non-euc Intermediate","Non-euc Co/dominant",-0.233270125564711,-0.773203487890183,0.306663236760762,-0.240355091976024,-0.226185159153397,"Potential 1","Weld",1.07986672465094,"Non-euc","Non-euc","Intermediate","Co/dominant",NA,"S_TAS","TAS"
"84","Non-euc Suppressed","Non-euc Co/dominant",0.0590797267185736,-0.0455726160326698,0.163732069469817,0.0550775527479126,0.0630819006892347,"Potential 1","Weld",0.209304685502487,"Non-euc","Non-euc","Suppressed","Co/dominant",NA,"S_TAS","TAS"
"85","Non-euc Intermediate","Non-euc Intermediate",-0.943348146523733,-2.35477982067694,0.468083527629479,-0.958342744459127,-0.928353548588338,"Potential 1","Weld",2.82286334830642,"Non-euc","Non-euc","Intermediate","Intermediate",NA,"S_TAS","TAS"
"86","Non-euc Suppressed","Non-euc Intermediate",-0.14116937851121,-0.439557035556805,0.157218278534385,-0.146604052636015,-0.135734704386405,"Potential 1","Weld",0.59677531409119,"Non-euc","Non-euc","Suppressed","Intermediate",NA,"S_TAS","TAS"
"87","Non-euc Suppressed","Non-euc Suppressed",0.124037562164461,-0.0893054208363625,0.337380545165284,0.114943808291275,0.133131316037647,"Potential 1","Weld",0.426685966001647,"Non-euc","Non-euc","Suppressed","Suppressed",NA,"S_TAS","TAS"
"88","Eucalyptus obliqua Co/dominant","Eucalyptus obliqua Co/dominant",-0.298789058368833,-0.531103657347412,-0.0664744593902533,-0.308287009685877,-0.289291107051789,"Potential 1","ZigZag",0.464629197957159,"Eucalyptus obliqua","Eucalyptus obliqua","Co/dominant","Co/dominant",1,"S_TAS","TAS"
"89","Eucalyptus obliqua Intermediate","Eucalyptus obliqua Co/dominant",0.245371969296043,0.0373941994514247,0.453349739140662,0.240194593893895,0.250549344698192,"Potential 1","ZigZag",0.415955539689237,"Eucalyptus obliqua","Eucalyptus obliqua","Intermediate","Co/dominant",1,"S_TAS","TAS"
"90","Eucalyptus obliqua Suppressed","Eucalyptus obliqua Co/dominant",-0.00816146370370447,-0.128985019134162,0.112662091726753,-0.0115146708045441,-0.00480825660286487,"Potential 1","ZigZag",0.241647110860915,"Eucalyptus obliqua","Eucalyptus obliqua","Suppressed","Co/dominant",NA,"S_TAS","TAS"
"91","Non-euc Suppressed","Eucalyptus obliqua Co/dominant",-0.0408081196303925,-0.0908025039715911,0.00918626471080612,-0.0435361599286409,-0.0380800793321441,"Potential 1","ZigZag",0.0999887686823972,"Non-euc","Eucalyptus obliqua","Suppressed","Co/dominant",NA,"S_TAS","TAS"
"92","Eucalyptus obliqua Intermediate","Eucalyptus obliqua Intermediate",-0.0477981614055198,-0.380430668294939,0.284834345483899,-0.0548416467972476,-0.0407546760137919,"Potential 1","ZigZag",0.665265013778838,"Eucalyptus obliqua","Eucalyptus obliqua","Intermediate","Intermediate",NA,"S_TAS","TAS"
"93","Eucalyptus obliqua Suppressed","Eucalyptus obliqua Intermediate",0.0794834168998998,-0.0841542648847645,0.243121098684564,0.0760692192915837,0.0828976145082159,"Potential 1","ZigZag",0.327275363569329,"Eucalyptus obliqua","Eucalyptus obliqua","Suppressed","Intermediate",NA,"S_TAS","TAS"
"94","Non-euc Suppressed","Eucalyptus obliqua Intermediate",-0.00313118390353635,-0.0528548193156771,0.0465924515086045,-0.00461012674335065,-0.00165224106372205,"Potential 1","ZigZag",0.0994472708242816,"Non-euc","Eucalyptus obliqua","Suppressed","Intermediate",NA,"S_TAS","TAS"
"95","Eucalyptus obliqua Suppressed","Eucalyptus obliqua Suppressed",0.178714029303111,0.0115229902503352,0.345905068355886,0.172796217537115,0.184631841069106,"Potential 1","ZigZag",0.334382078105551,"Eucalyptus obliqua","Eucalyptus obliqua","Suppressed","Suppressed",1,"S_TAS","TAS"
"96","Non-euc Suppressed","Eucalyptus obliqua Suppressed",0.0164283643634577,-0.0316408020377677,0.0644975307646831,0.0142861940569934,0.0185705346699221,"Potential 1","ZigZag",0.0961383328024508,"Non-euc","Eucalyptus obliqua","Suppressed","Suppressed",NA,"S_TAS","TAS"
"97","Non-euc Suppressed","Non-euc Suppressed",0.0246264985235543,-0.0999222528379145,0.149175249885023,-0.00497433873555958,0.0542273357826682,"Potential 1","ZigZag",0.249097502722938,"Non-euc","Non-euc","Suppressed","Suppressed",NA,"S_TAS","TAS"
"98","Eucalyptus delegatensis Co/dominant","Eucalyptus delegatensis Co/dominant",-0.891655486410273,-2.84975561352798,1.06644464070744,-0.93422288539515,-0.849088087425395,"Potential 1","NorthStyx",3.91620025423542,"Eucalyptus delegatensis","Eucalyptus delegatensis","Co/dominant","Co/dominant",NA,"S_TAS","TAS"
"99","Eucalyptus delegatensis Intermediate","Eucalyptus delegatensis Co/dominant",1.03230279849794,-0.198173656587727,2.26277925358361,1.00131081679888,1.063294780197,"Potential 1","NorthStyx",2.46095291017134,"Eucalyptus delegatensis","Eucalyptus delegatensis","Intermediate","Co/dominant",NA,"S_TAS","TAS"
"100","Eucalyptus delegatensis Suppressed","Eucalyptus delegatensis Co/dominant",0.0362475160724578,-0.5841340670362,0.656629099181115,0.0145014334703725,0.0579935986745432,"Potential 1","NorthStyx",1.24076316621731,"Eucalyptus delegatensis","Eucalyptus delegatensis","Suppressed","Co/dominant",NA,"S_TAS","TAS"
"101","Eucalyptus regnans Co/dominant","Eucalyptus delegatensis Co/dominant",0.123232421476904,-0.202311619752557,0.448776462706365,0.11555569439,0.130909148563809,"Potential 1","NorthStyx",0.651088082458922,"Eucalyptus regnans","Eucalyptus delegatensis","Co/dominant","Co/dominant",NA,"S_TAS","TAS"
"102","Eucalyptus regnans Intermediate","Eucalyptus delegatensis Co/dominant",0.210618502623455,-0.802501988764702,1.22373899401161,0.193256675763297,0.227980329483613,"Potential 1","NorthStyx",2.02624098277631,"Eucalyptus regnans","Eucalyptus delegatensis","Intermediate","Co/dominant",NA,"S_TAS","TAS"
"103","Eucalyptus regnans Suppressed","Eucalyptus delegatensis Co/dominant",0.158669595885324,-0.219912283811897,0.537251475582545,0.149304763093372,0.168034428677277,"Potential 1","NorthStyx",0.757163759394442,"Eucalyptus regnans","Eucalyptus delegatensis","Suppressed","Co/dominant",NA,"S_TAS","TAS"
"104","Non-euc Suppressed","Eucalyptus delegatensis Co/dominant",0.0558816221746835,-0.287041055163313,0.39880429951268,0.0441130149191845,0.0676502294301825,"Potential 1","NorthStyx",0.685845354675993,"Non-euc","Eucalyptus delegatensis","Suppressed","Co/dominant",NA,"S_TAS","TAS"
"105","Eucalyptus delegatensis Intermediate","Eucalyptus delegatensis Intermediate",-0.521341420441573,-1.3500810721345,0.307398231251357,-0.549795605292071,-0.492887235591074,"Potential 1","NorthStyx",1.65747930338586,"Eucalyptus delegatensis","Eucalyptus delegatensis","Intermediate","Intermediate",NA,"S_TAS","TAS"
"106","Eucalyptus delegatensis Suppressed","Eucalyptus delegatensis Intermediate",0.406751221931518,-0.0615145066550842,0.87501695051812,0.383550270154569,0.429952173708466,"Potential 1","NorthStyx",0.936531457173204,"Eucalyptus delegatensis","Eucalyptus delegatensis","Suppressed","Intermediate",NA,"S_TAS","TAS"
"107","Eucalyptus regnans Co/dominant","Eucalyptus delegatensis Intermediate",-0.0355344832102841,-0.291427463547399,0.22035849712683,-0.0411459085017613,-0.029923057918807,"Potential 1","NorthStyx",0.511785960674229,"Eucalyptus regnans","Eucalyptus delegatensis","Co/dominant","Intermediate",NA,"S_TAS","TAS"
"108","Eucalyptus regnans Intermediate","Eucalyptus delegatensis Intermediate",0.18444828613711,-0.493599934845628,0.862496507119848,0.167682870131098,0.201213702143122,"Potential 1","NorthStyx",1.35609644196548,"Eucalyptus regnans","Eucalyptus delegatensis","Intermediate","Intermediate",NA,"S_TAS","TAS"
"109","Eucalyptus regnans Suppressed","Eucalyptus delegatensis Intermediate",-0.357690487618164,-0.669009565503027,-0.0463714097333008,-0.36713502233413,-0.348245952902198,"Potential 1","NorthStyx",0.622638155769726,"Eucalyptus regnans","Eucalyptus delegatensis","Suppressed","Intermediate",1,"S_TAS","TAS"
"110","Non-euc Suppressed","Eucalyptus delegatensis Intermediate",-0.0453857140773467,-0.261009537494458,0.170238109339765,-0.055666303435683,-0.0351051247190103,"Potential 1","NorthStyx",0.431247646834223,"Non-euc","Eucalyptus delegatensis","Suppressed","Intermediate",NA,"S_TAS","TAS"
"111","Eucalyptus delegatensis Suppressed","Eucalyptus delegatensis Suppressed",0.190442788841207,-0.137335797102473,0.518221374784887,0.171507854810234,0.209377722872179,"Potential 1","NorthStyx",0.65555717188736,"Eucalyptus delegatensis","Eucalyptus delegatensis","Suppressed","Suppressed",NA,"S_TAS","TAS"
"112","Eucalyptus regnans Co/dominant","Eucalyptus delegatensis Suppressed",0.0425587029889233,-0.100033832292251,0.185151238270097,0.0384337176408973,0.0466836883369494,"Potential 1","NorthStyx",0.285185070562348,"Eucalyptus regnans","Eucalyptus delegatensis","Co/dominant","Suppressed",NA,"S_TAS","TAS"
"113","Eucalyptus regnans Intermediate","Eucalyptus delegatensis Suppressed",-0.0157190231096891,-0.414232349149684,0.382794302930306,-0.0274804460359616,-0.00395760018341666,"Potential 1","NorthStyx",0.797026652079989,"Eucalyptus regnans","Eucalyptus delegatensis","Intermediate","Suppressed",NA,"S_TAS","TAS"
"114","Eucalyptus regnans Suppressed","Eucalyptus delegatensis Suppressed",0.0243385002197515,-0.153257305607675,0.201934306047178,0.018297500175815,0.0303795002636881,"Potential 1","NorthStyx",0.355191611654854,"Eucalyptus regnans","Eucalyptus delegatensis","Suppressed","Suppressed",NA,"S_TAS","TAS"
"115","Non-euc Suppressed","Eucalyptus delegatensis Suppressed",0.147929785229941,-0.00238150133469073,0.298241071794572,0.140464656009787,0.155394914450095,"Potential 1","NorthStyx",0.300622573129263,"Non-euc","Eucalyptus delegatensis","Suppressed","Suppressed",NA,"S_TAS","TAS"
"116","Eucalyptus regnans Co/dominant","Eucalyptus regnans Co/dominant",-0.0324362885470727,-0.230314510740791,0.165441933646645,-0.039427763091228,-0.0254448140029175,"Potential 1","NorthStyx",0.395756444387436,"Eucalyptus regnans","Eucalyptus regnans","Co/dominant","Co/dominant",NA,"S_TAS","TAS"
"117","Eucalyptus regnans Intermediate","Eucalyptus regnans Co/dominant",0.048593516885024,-0.166088567577294,0.263275601347342,0.0439998060297128,0.0531872277403351,"Potential 1","NorthStyx",0.429364168924636,"Eucalyptus regnans","Eucalyptus regnans","Intermediate","Co/dominant",NA,"S_TAS","TAS"
"118","Eucalyptus regnans Suppressed","Eucalyptus regnans Co/dominant",0.0415215281893577,-0.0633163942726937,0.146359450651409,0.0385863493524302,0.0444567070262852,"Potential 1","NorthStyx",0.209675844924103,"Eucalyptus regnans","Eucalyptus regnans","Suppressed","Co/dominant",NA,"S_TAS","TAS"
"119","Non-euc Suppressed","Eucalyptus regnans Co/dominant",-0.0934676715261781,-0.174416843665556,-0.0125184993868,-0.096578720876255,-0.0903566221761013,"Potential 1","NorthStyx",0.161898344278756,"Non-euc","Eucalyptus regnans","Suppressed","Co/dominant",1,"S_TAS","TAS"
"120","Eucalyptus regnans Intermediate","Eucalyptus regnans Intermediate",-0.540058198363809,-1.81593044180233,0.73581404507471,-0.55648635274678,-0.523630043980837,"Potential 1","NorthStyx",2.55174448687704,"Eucalyptus regnans","Eucalyptus regnans","Intermediate","Intermediate",NA,"S_TAS","TAS"
"121","Eucalyptus regnans Suppressed","Eucalyptus regnans Intermediate",0.3593598053765,-0.0481060722828012,0.766825683035802,0.351839805874572,0.366879804878428,"Potential 1","NorthStyx",0.814931755318603,"Eucalyptus regnans","Eucalyptus regnans","Suppressed","Intermediate",NA,"S_TAS","TAS"
"122","Non-euc Suppressed","Eucalyptus regnans Intermediate",-0.0811633179541296,-0.279954772426467,0.117628136518208,-0.0873357247059856,-0.0749909112022736,"Potential 1","NorthStyx",0.397582908944675,"Non-euc","Eucalyptus regnans","Suppressed","Intermediate",NA,"S_TAS","TAS"
"123","Eucalyptus regnans Suppressed","Eucalyptus regnans Suppressed",0.199544845243191,0.0141022804579523,0.38498741002843,0.191567949664162,0.20752174082222,"Potential 1","NorthStyx",0.370885129570478,"Eucalyptus regnans","Eucalyptus regnans","Suppressed","Suppressed",1,"S_TAS","TAS"
"124","Non-euc Suppressed","Eucalyptus regnans Suppressed",0.0945631558622589,0.00229692048785246,0.186829391236665,0.0902452237924923,0.0988810879320255,"Potential 1","NorthStyx",0.184532470748813,"Non-euc","Eucalyptus regnans","Suppressed","Suppressed",1,"S_TAS","TAS"
"125","Non-euc Suppressed","Non-euc Suppressed",0.278252949243099,0.141927283558151,0.414578614928048,0.267480893713815,0.289025004772383,"Potential 1","NorthStyx",0.272651331369897,"Non-euc","Non-euc","Suppressed","Suppressed",1,"S_TAS","TAS"
"126","Eucalyptus cypellocarpa Co/dominant","Eucalyptus cypellocarpa Co/dominant",-1.10583757278896,-2.16157448304497,-0.0501006625329499,-1.12427335662401,-1.08740178895391,"Potential 1","Newline",2.11147382051202,"Eucalyptus cypellocarpa","Eucalyptus cypellocarpa","Co/dominant","Co/dominant",1,"SE_NSW","SE_AUS"
"127","Eucalyptus cypellocarpa Intermediate","Eucalyptus cypellocarpa Co/dominant",1.16110491138009,0.076909216799852,2.24530060596032,1.14248969688715,1.17972012587302,"Potential 1","Newline",2.16839138916047,"Eucalyptus cypellocarpa","Eucalyptus cypellocarpa","Intermediate","Co/dominant",1,"SE_NSW","SE_AUS"
"128","Eucalyptus cypellocarpa Suppressed","Eucalyptus cypellocarpa Co/dominant",-0.540776000471927,-1.12517638011807,0.0436243791742209,-0.552025501957488,-0.529526498986365,"Potential 1","Newline",1.1688007592923,"Eucalyptus cypellocarpa","Eucalyptus cypellocarpa","Suppressed","Co/dominant",NA,"SE_NSW","SE_AUS"
"129","Eucalyptus fastigata Co/dominant","Eucalyptus cypellocarpa Co/dominant",-0.00139733454068492,-0.445134900619598,0.442340231538228,-0.00924666011550019,0.00645199103413035,"Potential 1","Newline",0.887475132157826,"Eucalyptus fastigata","Eucalyptus cypellocarpa","Co/dominant","Co/dominant",NA,"SE_NSW","SE_AUS"
"130","Eucalyptus fastigata Intermediate","Eucalyptus cypellocarpa Co/dominant",0.245544329627578,-0.365584563781829,0.856673223036986,0.228994621970347,0.262094037284809,"Potential 1","Newline",1.22225778681882,"Eucalyptus fastigata","Eucalyptus cypellocarpa","Intermediate","Co/dominant",NA,"SE_NSW","SE_AUS"
"131","Eucalyptus fastigata Suppressed","Eucalyptus cypellocarpa Co/dominant",0.495324780093553,0.0310667911970993,0.959582768990007,0.486012747972201,0.504636812214905,"Potential 1","Newline",0.928515977792908,"Eucalyptus fastigata","Eucalyptus cypellocarpa","Suppressed","Co/dominant",1,"SE_NSW","SE_AUS"
"132","Eucalyptus obliqua Co/dominant","Eucalyptus cypellocarpa Co/dominant",0.431884641619435,-0.660998482659865,1.52476776589873,0.414692505508288,0.449076777730581,"Potential 1","Newline",2.1857662485586,"Eucalyptus obliqua","Eucalyptus cypellocarpa","Co/dominant","Co/dominant",NA,"SE_NSW","SE_AUS"
"133","Eucalyptus obliqua Suppressed","Eucalyptus cypellocarpa Co/dominant",0.467533448433958,-0.0127953208442853,0.947862217712202,0.458516483229273,0.476550413638643,"Potential 1","Newline",0.960657538556487,"Eucalyptus obliqua","Eucalyptus cypellocarpa","Suppressed","Co/dominant",NA,"SE_NSW","SE_AUS"
"134","Eucalyptus radiata Suppressed","Eucalyptus cypellocarpa Co/dominant",-0.481542097395207,-1.09043281676018,0.127348621969769,-0.492484068302027,-0.470600126488387,"Potential 1","Newline",1.21778143872995,"Eucalyptus radiata","Eucalyptus cypellocarpa","Suppressed","Co/dominant",NA,"SE_NSW","SE_AUS"
"135","Eucalyptus cypellocarpa Intermediate","Eucalyptus cypellocarpa Intermediate",-0.951403657707858,-2.0923951207263,0.189587805310583,-0.972092581344438,-0.930714734071278,"Potential 1","Newline",2.28198292603688,"Eucalyptus cypellocarpa","Eucalyptus cypellocarpa","Intermediate","Intermediate",NA,"SE_NSW","SE_AUS"
"136","Eucalyptus cypellocarpa Suppressed","Eucalyptus cypellocarpa Intermediate",0.758421859556301,-0.00853616065032159,1.52537987976292,0.744938821034564,0.771904898078038,"Potential 1","Newline",1.53391604041324,"Eucalyptus cypellocarpa","Eucalyptus cypellocarpa","Suppressed","Intermediate",NA,"SE_NSW","SE_AUS"
"137","Eucalyptus fastigata Co/dominant","Eucalyptus cypellocarpa Intermediate",-0.491637791033265,-1.06177921130007,0.0785036292335372,-0.499876896328648,-0.483398685737883,"Potential 1","Newline",1.14028284053361,"Eucalyptus fastigata","Eucalyptus cypellocarpa","Co/dominant","Intermediate",NA,"SE_NSW","SE_AUS"
"138","Eucalyptus fastigata Intermediate","Eucalyptus cypellocarpa Intermediate",-0.204165004355586,-1.22265868006327,0.814328671352101,-0.218720680873877,-0.189609327837295,"Potential 1","Newline",2.03698735141537,"Eucalyptus fastigata","Eucalyptus cypellocarpa","Intermediate","Intermediate",NA,"SE_NSW","SE_AUS"
"139","Eucalyptus fastigata Suppressed","Eucalyptus cypellocarpa Intermediate",-0.416945379657092,-0.907287795237136,0.0733970359229532,-0.426279937677516,-0.407610821636667,"Potential 1","Newline",0.98068483116009,"Eucalyptus fastigata","Eucalyptus cypellocarpa","Suppressed","Intermediate",NA,"SE_NSW","SE_AUS"
"140","Eucalyptus obliqua Co/dominant","Eucalyptus cypellocarpa Intermediate",-1.16040664178444,-2.40903361848739,0.0882203349185038,-1.17887185230297,-1.14194143126591,"Potential 1","Newline",2.49725395340589,"Eucalyptus obliqua","Eucalyptus cypellocarpa","Co/dominant","Intermediate",NA,"SE_NSW","SE_AUS"
"141","Eucalyptus obliqua Suppressed","Eucalyptus cypellocarpa Intermediate",-0.33082103165864,-0.76146582651591,0.0998237631986305,-0.339504532260788,-0.322137531056491,"Potential 1","Newline",0.86128958971454,"Eucalyptus obliqua","Eucalyptus cypellocarpa","Suppressed","Intermediate",NA,"SE_NSW","SE_AUS"
"142","Eucalyptus radiata Suppressed","Eucalyptus cypellocarpa Intermediate",0.624221015446889,-0.177184937482614,1.42562696837639,0.611010753882379,0.6374312770114,"Potential 1","Newline",1.60281190585901,"Eucalyptus radiata","Eucalyptus cypellocarpa","Suppressed","Intermediate",NA,"SE_NSW","SE_AUS"
"143","Eucalyptus cypellocarpa Suppressed","Eucalyptus cypellocarpa Suppressed",-0.17854966449604,-0.680088208681037,0.322988879688957,-0.189133116137586,-0.167966212854494,"Potential 1","Newline",1.00307708836999,"Eucalyptus cypellocarpa","Eucalyptus cypellocarpa","Suppressed","Suppressed",NA,"SE_NSW","SE_AUS"
"144","Eucalyptus fastigata Co/dominant","Eucalyptus cypellocarpa Suppressed",0.341251003644725,-0.0606019577417969,0.743103965031246,0.333823713894163,0.348678293395287,"Potential 1","Newline",0.803705922773043,"Eucalyptus fastigata","Eucalyptus cypellocarpa","Co/dominant","Suppressed",NA,"SE_NSW","SE_AUS"
"145","Eucalyptus fastigata Intermediate","Eucalyptus cypellocarpa Suppressed",0.258002825542817,-0.464279721760625,0.980285372846259,0.247426493632936,0.268579157452698,"Potential 1","Newline",1.44456509460688,"Eucalyptus fastigata","Eucalyptus cypellocarpa","Intermediate","Suppressed",NA,"SE_NSW","SE_AUS"
"146","Eucalyptus fastigata Suppressed","Eucalyptus cypellocarpa Suppressed",0.230815554470294,-0.0401404739428154,0.501771582883402,0.223500767753903,0.238130341186684,"Potential 1","Newline",0.541912056826218,"Eucalyptus fastigata","Eucalyptus cypellocarpa","Suppressed","Suppressed",NA,"SE_NSW","SE_AUS"
"147","Eucalyptus obliqua Co/dominant","Eucalyptus cypellocarpa Suppressed",0.948653767327157,0.0539649793391849,1.84334255531513,0.930126425902229,0.967181108752086,"Potential 1","Newline",1.78937757597594,"Eucalyptus obliqua","Eucalyptus cypellocarpa","Co/dominant","Suppressed",1,"SE_NSW","SE_AUS"
"148","Eucalyptus obliqua Suppressed","Eucalyptus cypellocarpa Suppressed",0.241198063636855,-0.0677136858008479,0.550109813074557,0.23406288664909,0.24833324062462,"Potential 1","Newline",0.617823498875405,"Eucalyptus obliqua","Eucalyptus cypellocarpa","Suppressed","Suppressed",NA,"SE_NSW","SE_AUS"
"149","Eucalyptus radiata Suppressed","Eucalyptus cypellocarpa Suppressed",-1.16376397105037,-2.02975427682595,-0.297773665274798,-1.17954610990326,-1.14798183219749,"Potential 1","Newline",1.73198061155115,"Eucalyptus radiata","Eucalyptus cypellocarpa","Suppressed","Suppressed",1,"SE_NSW","SE_AUS"
"150","Eucalyptus fastigata Co/dominant","Eucalyptus fastigata Co/dominant",-0.455450057706104,-0.928455098173996,0.0175549827617885,-0.467516938131566,-0.443383177280642,"Potential 1","Newline",0.946010080935785,"Eucalyptus fastigata","Eucalyptus fastigata","Co/dominant","Co/dominant",NA,"SE_NSW","SE_AUS"
"151","Eucalyptus fastigata Intermediate","Eucalyptus fastigata Co/dominant",0.121902228529237,-0.38581317033501,0.629617627393484,0.115432538305245,0.128371918753229,"Potential 1","Newline",1.01543079772849,"Eucalyptus fastigata","Eucalyptus fastigata","Intermediate","Co/dominant",NA,"SE_NSW","SE_AUS"
"152","Eucalyptus fastigata Suppressed","Eucalyptus fastigata Co/dominant",-0.00612072709124921,-0.245003863343224,0.232762409160726,-0.0110994753641288,-0.0011419788183696,"Potential 1","Newline",0.47776627250395,"Eucalyptus fastigata","Eucalyptus fastigata","Suppressed","Co/dominant",NA,"SE_NSW","SE_AUS"
"153","Eucalyptus obliqua Co/dominant","Eucalyptus fastigata Co/dominant",-1.25649110614135,-2.35198531892784,-0.160996893354859,-1.27459587783041,-1.2383863344523,"Potential 1","Newline",2.19098842557299,"Eucalyptus obliqua","Eucalyptus fastigata","Co/dominant","Co/dominant",1,"SE_NSW","SE_AUS"
"154","Eucalyptus obliqua Suppressed","Eucalyptus fastigata Co/dominant",-0.178820552795237,-0.426210300480828,0.0685691948903543,-0.183808029622104,-0.17383307596837,"Potential 1","Newline",0.494779495371183,"Eucalyptus obliqua","Eucalyptus fastigata","Suppressed","Co/dominant",NA,"SE_NSW","SE_AUS"
"155","Eucalyptus radiata Suppressed","Eucalyptus fastigata Co/dominant",0.266767869327231,-0.0958197913952581,0.62935553004972,0.259740934847444,0.273794803807018,"Potential 1","Newline",0.725175321444979,"Eucalyptus radiata","Eucalyptus fastigata","Suppressed","Co/dominant",NA,"SE_NSW","SE_AUS"
"156","Eucalyptus fastigata Intermediate","Eucalyptus fastigata Intermediate",0.0429836809662185,-1.32389777676233,1.40986513869477,0.0308651429022434,0.0551022190301936,"Potential 1","Newline",2.73376291545711,"Eucalyptus fastigata","Eucalyptus fastigata","Intermediate","Intermediate",NA,"SE_NSW","SE_AUS"
"157","Eucalyptus fastigata Suppressed","Eucalyptus fastigata Intermediate",-0.213093576701268,-0.682021738429996,0.25583458502746,-0.221392458622273,-0.204794694780263,"Potential 1","Newline",0.937856323457457,"Eucalyptus fastigata","Eucalyptus fastigata","Suppressed","Intermediate",NA,"SE_NSW","SE_AUS"
"158","Eucalyptus obliqua Co/dominant","Eucalyptus fastigata Intermediate",-0.141017314640289,-1.58899296584825,1.30695833656767,-0.157472027841707,-0.124562601438872,"Potential 1","Newline",2.89595130241592,"Eucalyptus obliqua","Eucalyptus fastigata","Co/dominant","Intermediate",NA,"SE_NSW","SE_AUS"
"159","Eucalyptus obliqua Suppressed","Eucalyptus fastigata Intermediate",0.0302500059774101,-0.368506763924848,0.429006775879668,0.0227741208812865,0.0377258910735338,"Potential 1","Newline",0.797513539804516,"Eucalyptus obliqua","Eucalyptus fastigata","Suppressed","Intermediate",NA,"SE_NSW","SE_AUS"
"160","Eucalyptus radiata Suppressed","Eucalyptus fastigata Intermediate",0.0576346727650244,-0.535746394683753,0.651015740213802,0.0483419520818824,0.0669273934481664,"Potential 1","Newline",1.18676213489755,"Eucalyptus radiata","Eucalyptus fastigata","Suppressed","Intermediate",NA,"SE_NSW","SE_AUS"
"161","Eucalyptus fastigata Suppressed","Eucalyptus fastigata Suppressed",0.0970990848420071,-0.158905398151221,0.353103567835235,0.0888210252569899,0.105377144427024,"Potential 1","Newline",0.512008965986457,"Eucalyptus fastigata","Eucalyptus fastigata","Suppressed","Suppressed",NA,"SE_NSW","SE_AUS"
"162","Eucalyptus obliqua Co/dominant","Eucalyptus fastigata Suppressed",-0.150510470555009,-0.708436021046187,0.407415079936169,-0.162313837949966,-0.138707103160052,"Potential 1","Newline",1.11585110098236,"Eucalyptus obliqua","Eucalyptus fastigata","Co/dominant","Suppressed",NA,"SE_NSW","SE_AUS"
"163","Eucalyptus obliqua Suppressed","Eucalyptus fastigata Suppressed",-0.141634550409846,-0.361571091760902,0.0783019909412093,-0.146846554218163,-0.13642254660153,"Potential 1","Newline",0.439873082702111,"Eucalyptus obliqua","Eucalyptus fastigata","Suppressed","Suppressed",NA,"SE_NSW","SE_AUS"
"164","Eucalyptus radiata Suppressed","Eucalyptus fastigata Suppressed",0.088078007681404,-0.219534159520174,0.395690174882982,0.0819712567099189,0.094184758652889,"Potential 1","Newline",0.615224334403156,"Eucalyptus radiata","Eucalyptus fastigata","Suppressed","Suppressed",NA,"SE_NSW","SE_AUS"
"165","Eucalyptus obliqua Co/dominant","Eucalyptus obliqua Co/dominant",-1.7607702772106,-3.77643612571523,0.254895571294035,-1.79185017365575,-1.72969038076544,"Potential 1","Newline",4.03133169700926,"Eucalyptus obliqua","Eucalyptus obliqua","Co/dominant","Co/dominant",NA,"SE_NSW","SE_AUS"
"166","Eucalyptus obliqua Suppressed","Eucalyptus obliqua Co/dominant",-0.0697842366329053,-0.664355681918784,0.524787208652973,-0.0803165524072715,-0.0592519208585391,"Potential 1","Newline",1.18914289057176,"Eucalyptus obliqua","Eucalyptus obliqua","Suppressed","Co/dominant",NA,"SE_NSW","SE_AUS"
"167","Eucalyptus radiata Suppressed","Eucalyptus obliqua Co/dominant",0.729984390362812,-0.216735026272862,1.67670380699849,0.7137102046749,0.746258576050725,"Potential 1","Newline",1.89343883327135,"Eucalyptus radiata","Eucalyptus obliqua","Suppressed","Co/dominant",NA,"SE_NSW","SE_AUS"
"168","Eucalyptus obliqua Suppressed","Eucalyptus obliqua Suppressed",0.14692489800425,-0.122242907272574,0.416092703281074,0.138039311877681,0.155810484130819,"Potential 1","Newline",0.538335610553649,"Eucalyptus obliqua","Eucalyptus obliqua","Suppressed","Suppressed",NA,"SE_NSW","SE_AUS"
"169","Eucalyptus radiata Suppressed","Eucalyptus obliqua Suppressed",0.376737521890256,0.0258039440982001,0.727671099682313,0.367934365879039,0.385540677901474,"Potential 1","Newline",0.701867155584113,"Eucalyptus radiata","Eucalyptus obliqua","Suppressed","Suppressed",1,"SE_NSW","SE_AUS"
"170","Eucalyptus radiata Suppressed","Eucalyptus radiata Suppressed",-0.0408381297237735,-0.591405117002296,0.509728857554749,-0.0526658053526051,-0.029010454094942,"Potential 1","Newline",1.10113397455704,"Eucalyptus radiata","Eucalyptus radiata","Suppressed","Suppressed",NA,"SE_NSW","SE_AUS"
"171","Eucalyptus cypellocarpa Co/dominant","Eucalyptus cypellocarpa Co/dominant",-9.97164232275252,-16.0779954011889,-3.86528924431613,-10.2783617348673,-9.66492291063775,"Potential 1","WaratahMix",12.2127061568728,"Eucalyptus cypellocarpa","Eucalyptus cypellocarpa","Co/dominant","Co/dominant",1,"SE_NSW","SE_AUS"
"172","Eucalyptus cypellocarpa Suppressed","Eucalyptus cypellocarpa Co/dominant",-0.62558296882407,-1.44250318410229,0.191337246454146,-0.699143072400102,-0.552022865248039,"Potential 1","WaratahMix",1.63384043055643,"Eucalyptus cypellocarpa","Eucalyptus cypellocarpa","Suppressed","Co/dominant",NA,"SE_NSW","SE_AUS"
"173","Eucalyptus fastigata Co/dominant","Eucalyptus cypellocarpa Co/dominant",-4.38331752140772,-6.74952614958071,-2.01710889323472,-4.47438864243821,-4.29224640037723,"Potential 1","WaratahMix",4.73241725634599,"Eucalyptus fastigata","Eucalyptus cypellocarpa","Co/dominant","Co/dominant",1,"SE_NSW","SE_AUS"
"174","Eucalyptus fastigata Suppressed","Eucalyptus cypellocarpa Co/dominant",-0.700740207367513,-1.86253945901894,0.461059044283911,-0.730200546557895,-0.671279868177131,"Potential 1","WaratahMix",2.32359850330285,"Eucalyptus fastigata","Eucalyptus cypellocarpa","Suppressed","Co/dominant",NA,"SE_NSW","SE_AUS"
"175","Eucalyptus obliqua Co/dominant","Eucalyptus cypellocarpa Co/dominant",-0.169772655929687,-1.26589967237486,0.926354360515482,-0.220794929884224,-0.118750381975151,"Potential 1","WaratahMix",2.19225403289034,"Eucalyptus obliqua","Eucalyptus cypellocarpa","Co/dominant","Co/dominant",NA,"SE_NSW","SE_AUS"
"176","Eucalyptus obliqua Suppressed","Eucalyptus cypellocarpa Co/dominant",1.56554981215848,0.258594378966613,2.87250524535034,1.52526389074227,1.60583573357468,"Potential 1","WaratahMix",2.61391086638373,"Eucalyptus obliqua","Eucalyptus cypellocarpa","Suppressed","Co/dominant",1,"SE_NSW","SE_AUS"
"177","Eucalyptus radiata Suppressed","Eucalyptus cypellocarpa Co/dominant",0.333961340162896,-0.0342916081541395,0.702214288479931,0.316927621124858,0.350995059200934,"Potential 1","WaratahMix",0.736505896634071,"Eucalyptus radiata","Eucalyptus cypellocarpa","Suppressed","Co/dominant",NA,"SE_NSW","SE_AUS"
"178","Eucalyptus cypellocarpa Suppressed","Eucalyptus cypellocarpa Suppressed",0.147708314758624,-0.170277348993794,0.465693978511042,0.134792466509835,0.160624163007413,"Potential 1","WaratahMix",0.635971327504835,"Eucalyptus cypellocarpa","Eucalyptus cypellocarpa","Suppressed","Suppressed",NA,"SE_NSW","SE_AUS"
"179","Eucalyptus fastigata Co/dominant","Eucalyptus cypellocarpa Suppressed",-0.387158249856424,-0.773408551348385,-0.000907948364463007,-0.405584963372608,-0.36873153634024,"Potential 1","WaratahMix",0.772500602983922,"Eucalyptus fastigata","Eucalyptus cypellocarpa","Co/dominant","Suppressed",1,"SE_NSW","SE_AUS"
"180","Eucalyptus fastigata Suppressed","Eucalyptus cypellocarpa Suppressed",-0.1093701053407,-0.324705423197603,0.105965212516203,-0.114230202087942,-0.104510008593458,"Potential 1","WaratahMix",0.430670635713806,"Eucalyptus fastigata","Eucalyptus cypellocarpa","Suppressed","Suppressed",NA,"SE_NSW","SE_AUS"
"181","Eucalyptus obliqua Co/dominant","Eucalyptus cypellocarpa Suppressed",0.0270852916970102,-0.299511310886371,0.353681894280392,0.02013722635446,0.0340333570395605,"Potential 1","WaratahMix",0.653193205166763,"Eucalyptus obliqua","Eucalyptus cypellocarpa","Co/dominant","Suppressed",NA,"SE_NSW","SE_AUS"
"182","Eucalyptus obliqua Suppressed","Eucalyptus cypellocarpa Suppressed",0.0279129818764604,-0.210130278989737,0.265956242742658,0.0197786239481985,0.0360473398047224,"Potential 1","WaratahMix",0.476086521732396,"Eucalyptus obliqua","Eucalyptus cypellocarpa","Suppressed","Suppressed",NA,"SE_NSW","SE_AUS"
"183","Eucalyptus radiata Suppressed","Eucalyptus cypellocarpa Suppressed",-0.020497897674692,-0.131396384126934,0.0904005887775501,-0.0250580088483427,-0.0159377865010414,"Potential 1","WaratahMix",0.221796972904484,"Eucalyptus radiata","Eucalyptus cypellocarpa","Suppressed","Suppressed",NA,"SE_NSW","SE_AUS"
"184","Eucalyptus fastigata Co/dominant","Eucalyptus fastigata Co/dominant",-1.51415584094793,-2.93698523484839,-0.0913264470474762,-1.55957711609706,-1.46873456579881,"Potential 1","WaratahMix",2.84565878780091,"Eucalyptus fastigata","Eucalyptus fastigata","Co/dominant","Co/dominant",1,"SE_NSW","SE_AUS"
"185","Eucalyptus fastigata Suppressed","Eucalyptus fastigata Co/dominant",-0.0862776838960768,-0.559375892123579,0.386820524331425,-0.0963390635889368,-0.0762163042032169,"Potential 1","WaratahMix",0.946196416455005,"Eucalyptus fastigata","Eucalyptus fastigata","Suppressed","Co/dominant",NA,"SE_NSW","SE_AUS"
"186","Eucalyptus obliqua Co/dominant","Eucalyptus fastigata Co/dominant",-0.0927709617232475,-0.626498715500587,0.440956792054092,-0.107721606524831,-0.077820316921664,"Potential 1","WaratahMix",1.06745550755468,"Eucalyptus obliqua","Eucalyptus fastigata","Co/dominant","Co/dominant",NA,"SE_NSW","SE_AUS"
"187","Eucalyptus obliqua Suppressed","Eucalyptus fastigata Co/dominant",0.501630939520296,-0.165860084092091,1.16912196313268,0.484535740228278,0.518726138812315,"Potential 1","WaratahMix",1.33498204722478,"Eucalyptus obliqua","Eucalyptus fastigata","Suppressed","Co/dominant",NA,"SE_NSW","SE_AUS"
"188","Eucalyptus radiata Suppressed","Eucalyptus fastigata Co/dominant",-0.0470198568089707,-0.303185227161727,0.209145513543785,-0.0548959915565468,-0.0391437220613945,"Potential 1","WaratahMix",0.512330740705512,"Eucalyptus radiata","Eucalyptus fastigata","Suppressed","Co/dominant",NA,"SE_NSW","SE_AUS"
"189","Eucalyptus fastigata Suppressed","Eucalyptus fastigata Suppressed",0.0742484655563848,-0.265063075273248,0.413560006386017,0.0670114641154719,0.0814854669972976,"Potential 1","WaratahMix",0.678623081659265,"Eucalyptus fastigata","Eucalyptus fastigata","Suppressed","Suppressed",NA,"SE_NSW","SE_AUS"
"190","Eucalyptus obliqua Co/dominant","Eucalyptus fastigata Suppressed",-0.18749131650424,-0.520834296670229,0.145851663661749,-0.193055366052335,-0.181927266956145,"Potential 1","WaratahMix",0.666685960331978,"Eucalyptus obliqua","Eucalyptus fastigata","Co/dominant","Suppressed",NA,"SE_NSW","SE_AUS"
"191","Eucalyptus obliqua Suppressed","Eucalyptus fastigata Suppressed",0.140997269087622,-0.106773929247565,0.388768467422809,0.136476045452112,0.145518492723132,"Potential 1","WaratahMix",0.495542396670375,"Eucalyptus obliqua","Eucalyptus fastigata","Suppressed","Suppressed",NA,"SE_NSW","SE_AUS"
"192","Eucalyptus radiata Suppressed","Eucalyptus fastigata Suppressed",0.0469020727820265,-0.0773878731578376,0.171192018721891,0.0435936256120813,0.0502105199519717,"Potential 1","WaratahMix",0.248579891879728,"Eucalyptus radiata","Eucalyptus fastigata","Suppressed","Suppressed",NA,"SE_NSW","SE_AUS"
"193","Eucalyptus obliqua Co/dominant","Eucalyptus obliqua Co/dominant",-0.0304117482762152,-0.785989939114779,0.725166442562348,-0.0407529155433028,-0.0200705810091277,"Potential 1","WaratahMix",1.51115638167713,"Eucalyptus obliqua","Eucalyptus obliqua","Co/dominant","Co/dominant",NA,"SE_NSW","SE_AUS"
"194","Eucalyptus obliqua Suppressed","Eucalyptus obliqua Co/dominant",0.254010008120678,-0.174909473453655,0.682929489695011,0.245074677897254,0.262945338344102,"Potential 1","WaratahMix",0.857838963148665,"Eucalyptus obliqua","Eucalyptus obliqua","Suppressed","Co/dominant",NA,"SE_NSW","SE_AUS"
"195","Eucalyptus radiata Suppressed","Eucalyptus obliqua Co/dominant",-0.0840295279368589,-0.290558513624011,0.122499457750293,-0.0871926625971449,-0.080866393276573,"Potential 1","WaratahMix",0.413057971374305,"Eucalyptus radiata","Eucalyptus obliqua","Suppressed","Co/dominant",NA,"SE_NSW","SE_AUS"
"196","Eucalyptus obliqua Suppressed","Eucalyptus obliqua Suppressed",0.087573170667706,-0.302196585632995,0.477342926968407,0.0794312589468865,0.0957150823885255,"Potential 1","WaratahMix",0.779539512601402,"Eucalyptus obliqua","Eucalyptus obliqua","Suppressed","Suppressed",NA,"SE_NSW","SE_AUS"
"197","Eucalyptus radiata Suppressed","Eucalyptus obliqua Suppressed",-0.0999654270632106,-0.226376027850705,0.0264451737242841,-0.103385253075165,-0.0965456010512565,"Potential 1","WaratahMix",0.252821201574989,"Eucalyptus radiata","Eucalyptus obliqua","Suppressed","Suppressed",NA,"SE_NSW","SE_AUS"
"198","Eucalyptus radiata Suppressed","Eucalyptus radiata Suppressed",0.288269255696318,0.154131962701654,0.422406548690983,0.279160470904408,0.297378040488229,"Potential 1","WaratahMix",0.268274585989329,"Eucalyptus radiata","Eucalyptus radiata","Suppressed","Suppressed",1,"SE_NSW","SE_AUS"
"199","Eucalyptus fastigata Co/dominant","Eucalyptus fastigata Co/dominant",-0.814811365205205,-1.65330889099614,0.0236861605857345,-0.831090348393664,-0.798532382016746,"Potential 1","Goodenia",1.67699505158188,"Eucalyptus fastigata","Eucalyptus fastigata","Co/dominant","Co/dominant",NA,"SE_NSW","SE_AUS"
"200","Eucalyptus fastigata Intermediate","Eucalyptus fastigata Co/dominant",0.54735847627624,-0.0659541586577801,1.16067111121026,0.537740583613747,0.556976368938733,"Potential 1","Goodenia",1.22662526986804,"Eucalyptus fastigata","Eucalyptus fastigata","Intermediate","Co/dominant",NA,"SE_NSW","SE_AUS"
"201","Eucalyptus fastigata Suppressed","Eucalyptus fastigata Co/dominant",-0.281462521049717,-0.662345483083677,0.0994204409842427,-0.288392961703526,-0.274532080395909,"Potential 1","Goodenia",0.76176592406792,"Eucalyptus fastigata","Eucalyptus fastigata","Suppressed","Co/dominant",NA,"SE_NSW","SE_AUS"
"202","Eucalyptus sieberi Co/dominant","Eucalyptus fastigata Co/dominant",-0.391825718829928,-0.894532436572225,0.110880998912368,-0.397997935130728,-0.385653502529129,"Potential 1","Goodenia",1.00541343548459,"Eucalyptus sieberi","Eucalyptus fastigata","Co/dominant","Co/dominant",NA,"SE_NSW","SE_AUS"
"203","Non-euc Suppressed","Eucalyptus fastigata Co/dominant",0.077404401841951,-0.199065242987928,0.35387404667183,0.0723092705820679,0.0824995331018341,"Potential 1","Goodenia",0.552939289659757,"Non-euc","Eucalyptus fastigata","Suppressed","Co/dominant",NA,"SE_NSW","SE_AUS"
"204","Eucalyptus fastigata Intermediate","Eucalyptus fastigata Intermediate",0.0674543495914519,-0.440693072724681,0.575601771907584,0.0587599607776814,0.0761487384052223,"Potential 1","Goodenia",1.01629484463226,"Eucalyptus fastigata","Eucalyptus fastigata","Intermediate","Intermediate",NA,"SE_NSW","SE_AUS"
"205","Eucalyptus fastigata Suppressed","Eucalyptus fastigata Intermediate",0.143930770692537,-0.186536846517103,0.474398387902176,0.138506930866564,0.149354610518509,"Potential 1","Goodenia",0.660935234419278,"Eucalyptus fastigata","Eucalyptus fastigata","Suppressed","Intermediate",NA,"SE_NSW","SE_AUS"
"206","Eucalyptus sieberi Co/dominant","Eucalyptus fastigata Intermediate",0.187372138799522,-0.396330578689889,0.771074856288933,0.180821600020289,0.193922677578755,"Potential 1","Goodenia",1.16740543497882,"Eucalyptus sieberi","Eucalyptus fastigata","Co/dominant","Intermediate",NA,"SE_NSW","SE_AUS"
"207","Non-euc Suppressed","Eucalyptus fastigata Intermediate",-0.1945890495134,-0.504779971808004,0.115601872781204,-0.19909815405528,-0.19007994497152,"Potential 1","Goodenia",0.620381844589208,"Non-euc","Eucalyptus fastigata","Suppressed","Intermediate",NA,"SE_NSW","SE_AUS"
"208","Eucalyptus fastigata Suppressed","Eucalyptus fastigata Suppressed",0.145302844164223,-0.141216316622069,0.431822004950515,0.13834215989132,0.152263528437126,"Potential 1","Goodenia",0.573038321572584,"Eucalyptus fastigata","Eucalyptus fastigata","Suppressed","Suppressed",NA,"SE_NSW","SE_AUS"
"209","Eucalyptus sieberi Co/dominant","Eucalyptus fastigata Suppressed",0.120839918917217,-0.229921370371916,0.47160120820635,0.115226632869399,0.126453204965035,"Potential 1","Goodenia",0.701522578578266,"Eucalyptus sieberi","Eucalyptus fastigata","Co/dominant","Suppressed",NA,"SE_NSW","SE_AUS"
"210","Non-euc Suppressed","Eucalyptus fastigata Suppressed",-0.27043310893303,-0.520711855530602,-0.0201543623354581,-0.274590313620955,-0.266275904245105,"Potential 1","Goodenia",0.500557493195144,"Non-euc","Eucalyptus fastigata","Suppressed","Suppressed",1,"SE_NSW","SE_AUS"
"211","Eucalyptus sieberi Co/dominant","Eucalyptus sieberi Co/dominant",0.155299413249093,-0.398938698540959,0.709537525039144,0.146374813317712,0.164224013180473,"Potential 1","Goodenia",1.1084762235801,"Eucalyptus sieberi","Eucalyptus sieberi","Co/dominant","Co/dominant",NA,"SE_NSW","SE_AUS"
"212","Non-euc Suppressed","Eucalyptus sieberi Co/dominant",0.227521634287788,-0.0874443725137984,0.542487641089375,0.220674166064979,0.234369102510598,"Potential 1","Goodenia",0.629932013603174,"Non-euc","Eucalyptus sieberi","Suppressed","Co/dominant",NA,"SE_NSW","SE_AUS"
"213","Non-euc Suppressed","Non-euc Suppressed",0.117141386330887,-0.147740315231493,0.382023087893268,0.110564967374348,0.123717805287426,"Potential 1","Goodenia",0.529763403124761,"Non-euc","Non-euc","Suppressed","Suppressed",NA,"SE_NSW","SE_AUS"
"214","Eucalyptus obliqua Co/dominant","Eucalyptus obliqua Co/dominant",-0.164903826145856,-0.485380348238677,0.155572695946965,-0.171513365136586,-0.158294287155126,"Potential 1","Candelo",0.640953044185641,"Eucalyptus obliqua","Eucalyptus obliqua","Co/dominant","Co/dominant",NA,"SE_NSW","SE_AUS"
"215","Eucalyptus obliqua Intermediate","Eucalyptus obliqua Co/dominant",-0.0488610272909521,-0.311338847202159,0.213616792620255,-0.0527499778604233,-0.0449720767214808,"Potential 1","Candelo",0.524955639822414,"Eucalyptus obliqua","Eucalyptus obliqua","Intermediate","Co/dominant",NA,"SE_NSW","SE_AUS"
"216","Eucalyptus obliqua Suppressed","Eucalyptus obliqua Co/dominant",-0.0877266321576696,-0.25054050190366,0.0750872375883208,-0.0910899630751042,-0.0843633012402351,"Potential 1","Candelo",0.325627739491981,"Eucalyptus obliqua","Eucalyptus obliqua","Suppressed","Co/dominant",NA,"SE_NSW","SE_AUS"
"217","Eucalyptus obliqua Intermediate","Eucalyptus obliqua Intermediate",0.330324171471238,0.115543196682884,0.545105146259593,0.317497947263461,0.343150395679015,"Potential 1","Candelo",0.429561949576709,"Eucalyptus obliqua","Eucalyptus obliqua","Intermediate","Intermediate",1,"SE_NSW","SE_AUS"
"218","Eucalyptus obliqua Suppressed","Eucalyptus obliqua Intermediate",0.0986201707908192,-0.0527840965456554,0.250024438127294,0.0934287572043537,0.103811584377285,"Potential 1","Candelo",0.302808534672949,"Eucalyptus obliqua","Eucalyptus obliqua","Suppressed","Intermediate",NA,"SE_NSW","SE_AUS"
"219","Eucalyptus obliqua Suppressed","Eucalyptus obliqua Suppressed",0.231819725841058,0.0750237149734107,0.388615736708706,0.224412857632429,0.239226594049688,"Potential 1","Candelo",0.313592021735295,"Eucalyptus obliqua","Eucalyptus obliqua","Suppressed","Suppressed",1,"SE_NSW","SE_AUS"
"220","Eucalyptus regnans Co/dominant","Eucalyptus regnans Co/dominant",-0.42193771752341,-0.71048562952906,-0.13338980551776,-0.434795115257996,-0.409080319788824,"Potential 1","ANU101",0.577095824011301,"Eucalyptus regnans","Eucalyptus regnans","Co/dominant","Co/dominant",1,"SE_VIC","SE_AUS"
"221","Eucalyptus regnans Intermediate","Eucalyptus regnans Co/dominant",-0.078371598247226,-0.238998568090393,0.0822553715959407,-0.0830935110047003,-0.0736496854897517,"Potential 1","ANU101",0.321253939686333,"Eucalyptus regnans","Eucalyptus regnans","Intermediate","Co/dominant",NA,"SE_VIC","SE_AUS"
"222","Non-euc Suppressed","Eucalyptus regnans Co/dominant",-0.0735120605089422,-0.192528838426835,0.045504717408951,-0.0776064562513663,-0.0694176647665181,"Potential 1","ANU101",0.238033555835786,"Non-euc","Eucalyptus regnans","Suppressed","Co/dominant",NA,"SE_VIC","SE_AUS"
"223","Eucalyptus regnans Intermediate","Eucalyptus regnans Intermediate",0.0456199000215795,-0.193019273627047,0.284259073670206,0.0397529128689666,0.0514868871741925,"Potential 1","ANU101",0.477278347297252,"Eucalyptus regnans","Eucalyptus regnans","Intermediate","Intermediate",NA,"SE_VIC","SE_AUS"
"224","Non-euc Suppressed","Eucalyptus regnans Intermediate",-0.132601391087767,-0.238558898875694,-0.0266438832998401,-0.135161347501041,-0.130041434674493,"Potential 1","ANU101",0.211915015575854,"Non-euc","Eucalyptus regnans","Suppressed","Intermediate",1,"SE_VIC","SE_AUS"
"225","Non-euc Suppressed","Non-euc Suppressed",0.161518656585015,0.0247561153345818,0.298281197835447,0.153988213754946,0.169049099415083,"Potential 1","ANU101",0.273525082500865,"Non-euc","Non-euc","Suppressed","Suppressed",1,"SE_VIC","SE_AUS"
"226","Eucalyptus regnans Co/dominant","Eucalyptus regnans Co/dominant",-0.648780282090564,-1.02137270087106,-0.276187863310064,-0.659862978015927,-0.637697586165201,"Potential 1","Ada Tree",0.745184837561,"Eucalyptus regnans","Eucalyptus regnans","Co/dominant","Co/dominant",1,"SE_VIC","SE_AUS"
"227","Eucalyptus regnans Intermediate","Eucalyptus regnans Co/dominant",-0.109316857393864,-0.368239726581488,0.149606011793761,-0.115084681312874,-0.103549033474854,"Potential 1","Ada Tree",0.517845738375249,"Eucalyptus regnans","Eucalyptus regnans","Intermediate","Co/dominant",NA,"SE_VIC","SE_AUS"
"228","Eucalyptus regnans Suppressed","Eucalyptus regnans Co/dominant",-0.140633041574636,-0.427784514580676,0.146518431431404,-0.146477117211628,-0.134788965937645,"Potential 1","Ada Tree",0.57430294601208,"Eucalyptus regnans","Eucalyptus regnans","Suppressed","Co/dominant",NA,"SE_VIC","SE_AUS"
"229","Non-euc Suppressed","Eucalyptus regnans Co/dominant",0.123789349908245,-0.0199864393307954,0.267565139147286,0.118386071888978,0.129192627927513,"Potential 1","Ada Tree",0.287551578478082,"Non-euc","Eucalyptus regnans","Suppressed","Co/dominant",NA,"SE_VIC","SE_AUS"
"230","Eucalyptus regnans Intermediate","Eucalyptus regnans Intermediate",-0.224639356964741,-0.528116449941955,0.0788377360124734,-0.231216294534023,-0.218062419395458,"Potential 1","Ada Tree",0.606954185954428,"Eucalyptus regnans","Eucalyptus regnans","Intermediate","Intermediate",NA,"SE_VIC","SE_AUS"
"231","Eucalyptus regnans Suppressed","Eucalyptus regnans Intermediate",-0.252643973926914,-0.514993747947681,0.0097058000938533,-0.256999094641463,-0.248288853212364,"Potential 1","Ada Tree",0.524699548041534,"Eucalyptus regnans","Eucalyptus regnans","Suppressed","Intermediate",NA,"SE_VIC","SE_AUS"
"232","Non-euc Suppressed","Eucalyptus regnans Intermediate",0.0413015262551229,-0.0795508193631805,0.162153871873426,0.0382994579957099,0.0443035945145358,"Potential 1","Ada Tree",0.241704691236607,"Non-euc","Eucalyptus regnans","Suppressed","Intermediate",NA,"SE_VIC","SE_AUS"
"233","Eucalyptus regnans Suppressed","Eucalyptus regnans Suppressed",-0.25025570204103,-0.69253646212814,0.19202505804608,-0.257307940896652,-0.243203463185408,"Potential 1","Ada Tree",0.884561520174219,"Eucalyptus regnans","Eucalyptus regnans","Suppressed","Suppressed",NA,"SE_VIC","SE_AUS"
"234","Non-euc Suppressed","Eucalyptus regnans Suppressed",0.0994784075440593,-0.0473539913937883,0.246310806481907,0.0959656310790759,0.102991184009043,"Potential 1","Ada Tree",0.293664797875695,"Non-euc","Eucalyptus regnans","Suppressed","Suppressed",NA,"SE_VIC","SE_AUS"
"235","Non-euc Suppressed","Non-euc Suppressed",-0.0244847963460003,-0.185740342607428,0.136770749915427,-0.0369021320925791,-0.0120674605994215,"Potential 1","Ada Tree",0.322511092522855,"Non-euc","Non-euc","Suppressed","Suppressed",NA,"SE_VIC","SE_AUS"
"236","Eucalyptus regnans Co/dominant","Eucalyptus regnans Co/dominant",-0.791692330361144,-1.14015280524541,-0.443231855476881,-0.810617121827712,-0.772767538894577,"Potential 1","Weeaproinah",0.696920949768526,"Eucalyptus regnans","Eucalyptus regnans","Co/dominant","Co/dominant",1,"SE_VIC","SE_AUS"
"237","Eucalyptus regnans Intermediate","Eucalyptus regnans Co/dominant",-0.071262760507681,-0.335459476456987,0.192933955441625,-0.0808248622417281,-0.0617006587736339,"Potential 1","Weeaproinah",0.528393431898612,"Eucalyptus regnans","Eucalyptus regnans","Intermediate","Co/dominant",NA,"SE_VIC","SE_AUS"
"238","Eucalyptus regnans Suppressed","Eucalyptus regnans Co/dominant",0.0751802472460787,-0.103472541875209,0.253833036367367,0.0701064540984186,0.0802540403937388,"Potential 1","Weeaproinah",0.357305578242576,"Eucalyptus regnans","Eucalyptus regnans","Suppressed","Co/dominant",NA,"SE_VIC","SE_AUS"
"239","Non-euc Suppressed","Eucalyptus regnans Co/dominant",0.0446279310621312,-0.038393772999091,0.127649635123353,0.0410913523323517,0.0481645097919106,"Potential 1","Weeaproinah",0.166043408122444,"Non-euc","Eucalyptus regnans","Suppressed","Co/dominant",NA,"SE_VIC","SE_AUS"
"240","Eucalyptus regnans Intermediate","Eucalyptus regnans Intermediate",-0.441644816936717,-0.842843206088542,-0.040446427784892,-0.453307004616633,-0.429982629256801,"Potential 1","Weeaproinah",0.80239677830365,"Eucalyptus regnans","Eucalyptus regnans","Intermediate","Intermediate",1,"SE_VIC","SE_AUS"
"241","Eucalyptus regnans Suppressed","Eucalyptus regnans Intermediate",-0.109766215494602,-0.294065343428701,0.0745329124394963,-0.113444235271863,-0.106088195717341,"Potential 1","Weeaproinah",0.368598255868197,"Eucalyptus regnans","Eucalyptus regnans","Suppressed","Intermediate",NA,"SE_VIC","SE_AUS"
"242","Non-euc Suppressed","Eucalyptus regnans Intermediate",0.0190039683076687,-0.0597538509823746,0.097761787597712,0.0165673245229497,0.0214406120923877,"Potential 1","Weeaproinah",0.157515638580087,"Non-euc","Eucalyptus regnans","Suppressed","Intermediate",NA,"SE_VIC","SE_AUS"
"243","Eucalyptus regnans Suppressed","Eucalyptus regnans Suppressed",0.161765374884637,-0.00730687319032819,0.330837622959602,0.15618436108377,0.167346388685504,"Potential 1","Weeaproinah",0.338144496149931,"Eucalyptus regnans","Eucalyptus regnans","Suppressed","Suppressed",NA,"SE_VIC","SE_AUS"
"244","Non-euc Suppressed","Eucalyptus regnans Suppressed",0.00431763152959317,-0.0378874160370239,0.0465226790962102,0.00263707809862893,0.00599818496055741,"Potential 1","Weeaproinah",0.0844100951332341,"Non-euc","Eucalyptus regnans","Suppressed","Suppressed",NA,"SE_VIC","SE_AUS"
"245","Non-euc Suppressed","Non-euc Suppressed",0.182871839298895,0.080922952444899,0.284820726152891,0.166996052258589,0.198747626339201,"Potential 1","Weeaproinah",0.203897773707992,"Non-euc","Non-euc","Suppressed","Suppressed",1,"SE_VIC","SE_AUS"
"246","Eucalyptus regnans Co/dominant","Eucalyptus regnans Co/dominant",-0.705795750184852,-1.05443040786116,-0.357161092508547,-0.723101779984402,-0.688489720385302,"Potential 1","ANU363",0.69726931535261,"Eucalyptus regnans","Eucalyptus regnans","Co/dominant","Co/dominant",1,"SE_VIC","SE_AUS"
"247","Eucalyptus regnans Intermediate","Eucalyptus regnans Co/dominant",-0.160418440693916,-0.348230065557893,0.0273931841700614,-0.165303335961938,-0.155533545425893,"Potential 1","ANU363",0.375623249727954,"Eucalyptus regnans","Eucalyptus regnans","Intermediate","Co/dominant",NA,"SE_VIC","SE_AUS"
"248","Eucalyptus regnans Intermediate","Eucalyptus regnans Intermediate",0.178649623413517,-0.0875190544026519,0.444818301229686,0.174299161130518,0.183000085696515,"Potential 1","ANU363",0.532337355632338,"Eucalyptus regnans","Eucalyptus regnans","Intermediate","Intermediate",NA,"SE_VIC","SE_AUS"
"249","Eucalyptus regnans Co/dominant","Eucalyptus regnans Co/dominant",-0.509191204831545,-0.854793833960477,-0.163588575702612,-0.523207699498372,-0.495174710164718,"Potential 1","ANU589",0.691205258257864,"Eucalyptus regnans","Eucalyptus regnans","Co/dominant","Co/dominant",1,"SE_VIC","SE_AUS"
"250","Eucalyptus regnans Intermediate","Eucalyptus regnans Co/dominant",-0.139020001998038,-0.391505757016572,0.113465753020496,-0.14628175917403,-0.131758244822046,"Potential 1","ANU589",0.504971510037067,"Eucalyptus regnans","Eucalyptus regnans","Intermediate","Co/dominant",NA,"SE_VIC","SE_AUS"
"251","Eucalyptus regnans Suppressed","Eucalyptus regnans Co/dominant",0.194761284986884,-0.129464707507892,0.51898727748166,0.188970375578014,0.200552194395754,"Potential 1","ANU589",0.648451984989553,"Eucalyptus regnans","Eucalyptus regnans","Suppressed","Co/dominant",NA,"SE_VIC","SE_AUS"
"252","Non-euc Suppressed","Eucalyptus regnans Co/dominant",-0.0555799891313473,-0.15430528832385,0.0431453100611556,-0.0589893604907901,-0.0521706177719044,"Potential 1","ANU589",0.197450598385006,"Non-euc","Eucalyptus regnans","Suppressed","Co/dominant",NA,"SE_VIC","SE_AUS"
"253","Eucalyptus regnans Intermediate","Eucalyptus regnans Intermediate",-0.424072241343568,-0.947654853430802,0.0995103707436653,-0.435990264707456,-0.412154217979681,"Potential 1","ANU589",1.04716522417447,"Eucalyptus regnans","Eucalyptus regnans","Intermediate","Intermediate",NA,"SE_VIC","SE_AUS"
"254","Eucalyptus regnans Suppressed","Eucalyptus regnans Intermediate",0.428295086635317,-0.0524440980214842,0.909034271292119,0.421289153684175,0.43530101958646,"Potential 1","ANU589",0.961478369313603,"Eucalyptus regnans","Eucalyptus regnans","Suppressed","Intermediate",NA,"SE_VIC","SE_AUS"
"255","Non-euc Suppressed","Eucalyptus regnans Intermediate",-0.253466876840167,-0.438684202273173,-0.068249551407161,-0.25844662673171,-0.248487126948624,"Potential 1","ANU589",0.370434650866012,"Non-euc","Eucalyptus regnans","Suppressed","Intermediate",1,"SE_VIC","SE_AUS"
"256","Eucalyptus regnans Suppressed","Eucalyptus regnans Suppressed",-0.486959333245659,-1.21555017378396,0.241631507292642,-0.495047114262845,-0.478871552228473,"Potential 1","ANU589",1.4571816810766,"Eucalyptus regnans","Eucalyptus regnans","Suppressed","Suppressed",NA,"SE_VIC","SE_AUS"
"257","Non-euc Suppressed","Eucalyptus regnans Suppressed",0.0111686030419442,-0.160398090370337,0.182735296454226,0.00821569210864409,0.0141215139752442,"Potential 1","ANU589",0.343133386824563,"Non-euc","Eucalyptus regnans","Suppressed","Suppressed",NA,"SE_VIC","SE_AUS"
"258","Non-euc Suppressed","Non-euc Suppressed",0.180553599760375,0.0373398860699131,0.323767313450837,0.170739213581508,0.190367985939242,"Potential 1","ANU589",0.286427427380924,"Non-euc","Non-euc","Suppressed","Suppressed",1,"SE_VIC","SE_AUS"
"259","Eucalyptus regnans Co/dominant","Eucalyptus regnans Co/dominant",-0.408801290514292,-0.850725900832459,0.0331233198038742,-0.416808500455241,-0.400794080573344,"Potential 1","Turtons",0.883849220636334,"Eucalyptus regnans","Eucalyptus regnans","Co/dominant","Co/dominant",NA,"SE_VIC","SE_AUS"
"260","Eucalyptus regnans Intermediate","Eucalyptus regnans Co/dominant",-0.139168791466882,-0.64294658776259,0.364609004828826,-0.14592152953243,-0.132416053401335,"Potential 1","Turtons",1.00755559259142,"Eucalyptus regnans","Eucalyptus regnans","Intermediate","Co/dominant",NA,"SE_VIC","SE_AUS"
"261","Non-euc Suppressed","Eucalyptus regnans Co/dominant",0.0439160748105324,-0.0427466541514562,0.130578803772521,0.0410118590065941,0.0468202906144707,"Potential 1","Turtons",0.173325457923977,"Non-euc","Eucalyptus regnans","Suppressed","Co/dominant",NA,"SE_VIC","SE_AUS"
"262","Eucalyptus regnans Intermediate","Eucalyptus regnans Intermediate",-0.850468198967472,-1.83581261921921,0.13487622128427,-0.85642793499076,-0.844508462944184,"Potential 1","Turtons",1.97068884050349,"Eucalyptus regnans","Eucalyptus regnans","Intermediate","Intermediate",NA,"SE_VIC","SE_AUS"
"263","Non-euc Suppressed","Eucalyptus regnans Intermediate",0.0158872748024583,-0.108989823909264,0.140764373514181,0.0129847802439292,0.0187897693609873,"Potential 1","Turtons",0.249754197423445,"Non-euc","Eucalyptus regnans","Suppressed","Intermediate",NA,"SE_VIC","SE_AUS"
"264","Non-euc Suppressed","Non-euc Suppressed",0.149517546200916,0.0387480150602391,0.260287077341592,0.13543855805387,0.163596534347961,"Potential 1","Turtons",0.221539062281353,"Non-euc","Non-euc","Suppressed","Suppressed",1,"SE_VIC","SE_AUS"
"265","Eucalyptus regnans Co/dominant","Eucalyptus regnans Co/dominant",-0.222514963110301,-0.418924603930828,-0.0261053222897744,-0.230146048739962,-0.21488387748064,"Potential 1","Lardner",0.392819281641054,"Eucalyptus regnans","Eucalyptus regnans","Co/dominant","Co/dominant",1,"SE_VIC","SE_AUS"
"266","Eucalyptus regnans Intermediate","Eucalyptus regnans Co/dominant",0.0335754700268371,-0.166853900206111,0.234004840259785,0.029663793921168,0.0374871461325062,"Potential 1","Lardner",0.400858740465896,"Eucalyptus regnans","Eucalyptus regnans","Intermediate","Co/dominant",NA,"SE_VIC","SE_AUS"
"267","Non-euc Suppressed","Eucalyptus regnans Co/dominant",-0.0302798893848062,-0.118449747840068,0.0578899690704555,-0.0342737014863805,-0.0262860772832319,"Potential 1","Lardner",0.176339716910523,"Non-euc","Eucalyptus regnans","Suppressed","Co/dominant",NA,"SE_VIC","SE_AUS"
"268","Eucalyptus regnans Intermediate","Eucalyptus regnans Intermediate",-0.0864484095890871,-0.682970159200371,0.510073340022197,-0.0933049724471238,-0.0795918467310504,"Potential 1","Lardner",1.19304349922257,"Eucalyptus regnans","Eucalyptus regnans","Intermediate","Intermediate",NA,"SE_VIC","SE_AUS"
"269","Non-euc Suppressed","Eucalyptus regnans Intermediate",0.0422833351979404,-0.096739438674772,0.181306109070653,0.0383157451717099,0.046250925224171,"Potential 1","Lardner",0.278045547745425,"Non-euc","Eucalyptus regnans","Suppressed","Intermediate",NA,"SE_VIC","SE_AUS"
"270","Non-euc Suppressed","Non-euc Suppressed",-0.180896646520475,-0.353089639043739,-0.00870365399721065,-0.19859802296748,-0.16319527007347,"Potential 1","Lardner",0.344385985046529,"Non-euc","Non-euc","Suppressed","Suppressed",1,"SE_VIC","SE_AUS"
"271","Eucalyptus regnans Co/dominant","Eucalyptus regnans Co/dominant",-0.223505431261267,-0.471212901512597,0.0242020389900623,-0.230207620883045,-0.21680324163949,"Potential 1","HardyCreek",0.495414940502659,"Eucalyptus regnans","Eucalyptus regnans","Co/dominant","Co/dominant",NA,"SE_VIC","SE_AUS"
"272","Eucalyptus regnans Intermediate","Eucalyptus regnans Co/dominant",-0.0857341317233759,-0.243604971743652,0.0721367082969006,-0.0887498590169328,-0.082718404429819,"Potential 1","HardyCreek",0.315741680040553,"Eucalyptus regnans","Eucalyptus regnans","Intermediate","Co/dominant",NA,"SE_VIC","SE_AUS"
"273","Eucalyptus regnans Suppressed","Eucalyptus regnans Co/dominant",-0.148805597412003,-0.364572271257824,0.0669610764338174,-0.152251157214818,-0.145360037609189,"Potential 1","HardyCreek",0.431533347691642,"Eucalyptus regnans","Eucalyptus regnans","Suppressed","Co/dominant",NA,"SE_VIC","SE_AUS"
"274","Non-euc Suppressed","Eucalyptus regnans Co/dominant",0.0253831867823949,-0.145267252737067,0.196033626301856,0.022120930122626,0.0286454434421638,"Potential 1","HardyCreek",0.341300879038923,"Non-euc","Eucalyptus regnans","Suppressed","Co/dominant",NA,"SE_VIC","SE_AUS"
"275","Eucalyptus regnans Intermediate","Eucalyptus regnans Intermediate",0.159775667808542,-0.120490328851676,0.440041664468759,0.15348774020932,0.166063595407763,"Potential 1","HardyCreek",0.560531993320435,"Eucalyptus regnans","Eucalyptus regnans","Intermediate","Intermediate",NA,"SE_VIC","SE_AUS"
"276","Eucalyptus regnans Suppressed","Eucalyptus regnans Intermediate",0.122627024800413,-0.097518748492569,0.342772798093394,0.118516797683833,0.126737251916992,"Potential 1","HardyCreek",0.440291546585963,"Eucalyptus regnans","Eucalyptus regnans","Suppressed","Intermediate",NA,"SE_VIC","SE_AUS"
"277","Non-euc Suppressed","Eucalyptus regnans Intermediate",0.0788983245515011,-0.0947361698525245,0.252532818955527,0.075320646902042,0.0824760022009602,"Potential 1","HardyCreek",0.347268988808051,"Non-euc","Eucalyptus regnans","Suppressed","Intermediate",NA,"SE_VIC","SE_AUS"
"278","Eucalyptus regnans Suppressed","Eucalyptus regnans Suppressed",0.109872484341897,-0.252241913857356,0.471986882541149,0.103483948745956,0.116261019937838,"Potential 1","HardyCreek",0.724228796398505,"Eucalyptus regnans","Eucalyptus regnans","Suppressed","Suppressed",NA,"SE_VIC","SE_AUS"
"279","Non-euc Suppressed","Eucalyptus regnans Suppressed",0.0971783246500474,-0.124435812296855,0.31879246159695,0.0930953164650329,0.101261332835062,"Potential 1","HardyCreek",0.443228273893805,"Non-euc","Eucalyptus regnans","Suppressed","Suppressed",NA,"SE_VIC","SE_AUS"
"280","Non-euc Suppressed","Non-euc Suppressed",-0.0629365796912467,-0.36316769800334,0.237294538620847,-0.0689588354288313,-0.0569143239536621,"Potential 1","HardyCreek",0.600462236624186,"Non-euc","Non-euc","Suppressed","Suppressed",NA,"SE_VIC","SE_AUS"
"281","Eucalyptus microcorys Suppressed","Eucalyptus microcorys Suppressed",-0.122051945947908,-0.88578225642036,0.641678364524544,-0.132507785878744,-0.111596106017073,"Potential 1","MinesRd",1.5274606209449,"Eucalyptus microcorys","Eucalyptus microcorys","Suppressed","Suppressed",NA,"N_NSW","N_AUS"
"282","Eucalyptus pilularis Co/dominant","Eucalyptus microcorys Suppressed",0.109690323864246,-0.362018005304112,0.581398653032604,0.103397818067555,0.115982829660937,"Potential 1","MinesRd",0.943416658336716,"Eucalyptus pilularis","Eucalyptus microcorys","Co/dominant","Suppressed",NA,"N_NSW","N_AUS"
"283","Eucalyptus pilularis Intermediate","Eucalyptus microcorys Suppressed",-0.346172225901525,-1.25853915713708,0.566194705334035,-0.357095081892994,-0.335249369910055,"Potential 1","MinesRd",1.82473386247112,"Eucalyptus pilularis","Eucalyptus microcorys","Intermediate","Suppressed",NA,"N_NSW","N_AUS"
"284","Eucalyptus pilularis Suppressed","Eucalyptus microcorys Suppressed",0.193181007216096,-0.230379335893816,0.616741350326009,0.185880615110354,0.200481399321839,"Potential 1","MinesRd",0.847120686219825,"Eucalyptus pilularis","Eucalyptus microcorys","Suppressed","Suppressed",NA,"N_NSW","N_AUS"
"285","Non-euc Suppressed","Eucalyptus microcorys Suppressed",0.190519403124997,0.0151436683172663,0.365895137932727,0.185823892649051,0.195214913600942,"Potential 1","MinesRd",0.350751469615461,"Non-euc","Eucalyptus microcorys","Suppressed","Suppressed",1,"N_NSW","N_AUS"
"286","Eucalyptus pilularis Co/dominant","Eucalyptus pilularis Co/dominant",-0.0840552424492864,-0.444529293346314,0.276418808447741,-0.0893909680233671,-0.0787195168752058,"Potential 1","MinesRd",0.720948101794055,"Eucalyptus pilularis","Eucalyptus pilularis","Co/dominant","Co/dominant",NA,"N_NSW","N_AUS"
"287","Eucalyptus pilularis Intermediate","Eucalyptus pilularis Co/dominant",-0.486710508550483,-0.980622653274675,0.00720163617370828,-0.493412583303125,-0.480008433797842,"Potential 1","MinesRd",0.987824289448383,"Eucalyptus pilularis","Eucalyptus pilularis","Intermediate","Co/dominant",NA,"N_NSW","N_AUS"
"288","Eucalyptus pilularis Suppressed","Eucalyptus pilularis Co/dominant",-0.0195167308401897,-0.292702907077328,0.253669445396949,-0.0235473654170782,-0.0154860962633011,"Potential 1","MinesRd",0.546372352474278,"Eucalyptus pilularis","Eucalyptus pilularis","Suppressed","Co/dominant",NA,"N_NSW","N_AUS"
"289","Non-euc Suppressed","Eucalyptus pilularis Co/dominant",-0.102495418016238,-0.242487203690121,0.0374963676576446,-0.105556748856337,-0.09943408717614,"Potential 1","MinesRd",0.279983571347766,"Non-euc","Eucalyptus pilularis","Suppressed","Co/dominant",NA,"N_NSW","N_AUS"
"290","Eucalyptus pilularis Intermediate","Eucalyptus pilularis Intermediate",0.0401610762901398,-0.722671205851998,0.802993358432278,0.0289098844563798,0.0514122681238999,"Potential 1","MinesRd",1.52566456428428,"Eucalyptus pilularis","Eucalyptus pilularis","Intermediate","Intermediate",NA,"N_NSW","N_AUS"
"291","Eucalyptus pilularis Suppressed","Eucalyptus pilularis Intermediate",0.0904909092713011,-0.362000356186951,0.542982174729553,0.0837758362705762,0.097205982272026,"Potential 1","MinesRd",0.904982530916504,"Eucalyptus pilularis","Eucalyptus pilularis","Suppressed","Intermediate",NA,"N_NSW","N_AUS"
"292","Non-euc Suppressed","Eucalyptus pilularis Intermediate",-0.0495242657254136,-0.235932017021261,0.136883485570434,-0.0538208369906329,-0.0452276944601943,"Potential 1","MinesRd",0.372815502591694,"Non-euc","Eucalyptus pilularis","Suppressed","Intermediate",NA,"N_NSW","N_AUS"
"293","Eucalyptus pilularis Suppressed","Eucalyptus pilularis Suppressed",0.237334569620168,-0.0543717748638914,0.529040914104228,0.228161569657347,0.24650756958299,"Potential 1","MinesRd",0.583412688968119,"Eucalyptus pilularis","Eucalyptus pilularis","Suppressed","Suppressed",NA,"N_NSW","N_AUS"
"294","Non-euc Suppressed","Eucalyptus pilularis Suppressed",-0.0604835478525844,-0.193170292012612,0.0722031963074432,-0.0639502652988632,-0.0570168304063056,"Potential 1","MinesRd",0.265373488320055,"Non-euc","Eucalyptus pilularis","Suppressed","Suppressed",NA,"N_NSW","N_AUS"
"295","Non-euc Suppressed","Non-euc Suppressed",0.135903336006588,-0.0101518479621531,0.281958519975329,0.127156862033782,0.144649809979393,"Potential 1","MinesRd",0.292110367937482,"Non-euc","Non-euc","Suppressed","Suppressed",NA,"N_NSW","N_AUS"
"296","Eucalyptus pilularis Co/dominant","Eucalyptus pilularis Co/dominant",-0.486659035950796,-1.42053505540909,0.447216983507501,-0.496613360435754,-0.476704711465838,"Potential 1","Tinebank",1.86775203891659,"Eucalyptus pilularis","Eucalyptus pilularis","Co/dominant","Co/dominant",NA,"N_NSW","N_AUS"
"297","Non-euc Suppressed","Eucalyptus pilularis Co/dominant",0.05274531123981,-0.0515085420779629,0.156999164557583,0.0505843963001696,0.0549062261794503,"Potential 1","Tinebank",0.208507706635546,"Non-euc","Eucalyptus pilularis","Suppressed","Co/dominant",NA,"N_NSW","N_AUS"
"298","Syncarpia glomulifera subsp glabra Suppressed","Eucalyptus pilularis Co/dominant",-0.076060535773088,-0.366519699619432,0.214398628073256,-0.0801004247206694,-0.0720206468255065,"Potential 1","Tinebank",0.580918327692689,"Syncarpia glomulifera subsp glabra","Eucalyptus pilularis","Suppressed","Co/dominant",NA,"N_NSW","N_AUS"
"299","Non-euc Suppressed","Non-euc Suppressed",-0.0493611000573135,-0.176031766754353,0.0773095666397262,-0.0628427032876618,-0.0358794968269653,"Potential 1","Tinebank",0.253341333394079,"Non-euc","Non-euc","Suppressed","Suppressed",NA,"N_NSW","N_AUS"
"300","Syncarpia glomulifera subsp glabra Suppressed","Non-euc Suppressed",-0.0773664080005043,-0.139597240979396,-0.0151355750216124,-0.0799976939247811,-0.0747351220762275,"Potential 1","Tinebank",0.124461665957784,"Syncarpia glomulifera subsp glabra","Non-euc","Suppressed","Suppressed",1,"N_NSW","N_AUS"
"301","Syncarpia glomulifera subsp glabra Suppressed","Syncarpia glomulifera subsp glabra Suppressed",-0.090082878710774,-0.375354518260988,0.19518876083944,-0.099121031244945,-0.081044726176603,"Potential 1","Tinebank",0.570543279100428,"Syncarpia glomulifera subsp glabra","Syncarpia glomulifera subsp glabra","Suppressed","Suppressed",NA,"N_NSW","N_AUS"
"302","Eucalyptus microcorys Suppressed","Eucalyptus microcorys Suppressed",0.263386951184132,0.14927870682969,0.377495195538573,0.254737124360171,0.272036778008093,"Potential 1","Lorne",0.228216488708884,"Eucalyptus microcorys","Eucalyptus microcorys","Suppressed","Suppressed",1,"N_NSW","N_AUS"
"303","Eucalyptus pilularis Co/dominant","Eucalyptus microcorys Suppressed",0.0135960907582178,-0.0821935728736383,0.109385754390074,0.0105497804818758,0.0166424010345598,"Potential 1","Lorne",0.191579327263712,"Eucalyptus pilularis","Eucalyptus microcorys","Co/dominant","Suppressed",NA,"N_NSW","N_AUS"
"304","Non-euc Suppressed","Eucalyptus microcorys Suppressed",-0.0691166181767543,-0.120430651785143,-0.0178025845683657,-0.071525750253989,-0.0667074860995195,"Potential 1","Lorne",0.102628067216777,"Non-euc","Eucalyptus microcorys","Suppressed","Suppressed",1,"N_NSW","N_AUS"
"305","Eucalyptus pilularis Co/dominant","Eucalyptus pilularis Co/dominant",0.241277272776012,0.00469547888893401,0.47785906666309,0.235391259853658,0.247163285698366,"Potential 1","Lorne",0.473163587774156,"Eucalyptus pilularis","Eucalyptus pilularis","Co/dominant","Co/dominant",1,"N_NSW","N_AUS"
"306","Non-euc Suppressed","Eucalyptus pilularis Co/dominant",-0.00505668796845631,-0.0983900843905152,0.0882767084536026,-0.00777402148007542,-0.00233935445683721,"Potential 1","Lorne",0.186666792844118,"Non-euc","Eucalyptus pilularis","Suppressed","Co/dominant",NA,"N_NSW","N_AUS"
"307","Non-euc Suppressed","Non-euc Suppressed",-0.00062876874276103,-0.161882001026648,0.160624463541126,-0.0112968974044649,0.0100393599189428,"Potential 1","Lorne",0.322506464567774,"Non-euc","Non-euc","Suppressed","Suppressed",NA,"N_NSW","N_AUS"
"308","Eucalyptus microcorys Suppressed","Eucalyptus microcorys Suppressed",0.386778812967952,0.200274820707805,0.573282805228098,0.376972460638705,0.396585165297199,"Potential 1","BirdTree",0.373007984520293,"Eucalyptus microcorys","Eucalyptus microcorys","Suppressed","Suppressed",1,"N_NSW","N_AUS"
"309","Eucalyptus pilularis Co/dominant","Eucalyptus microcorys Suppressed",0.00789349173618662,-0.137872856206949,0.153659839679322,0.00540496287701246,0.0103820205953608,"Potential 1","BirdTree",0.291532695886271,"Eucalyptus pilularis","Eucalyptus microcorys","Co/dominant","Suppressed",NA,"N_NSW","N_AUS"
"310","Non-euc Suppressed","Eucalyptus microcorys Suppressed",-0.0324149995067049,-0.109481085727902,0.0446510867144927,-0.0350965424400054,-0.0297334565734044,"Potential 1","BirdTree",0.154132172442395,"Non-euc","Eucalyptus microcorys","Suppressed","Suppressed",NA,"N_NSW","N_AUS"
"311","Syncarpia glomulifera subsp glabra Suppressed","Eucalyptus microcorys Suppressed",-0.205072948187258,-0.453921391514121,0.0437754951396055,-0.2088872280135,-0.201258668361015,"Potential 1","BirdTree",0.497696886653726,"Syncarpia glomulifera subsp glabra","Eucalyptus microcorys","Suppressed","Suppressed",NA,"N_NSW","N_AUS"
"312","Eucalyptus pilularis Co/dominant","Eucalyptus pilularis Co/dominant",-0.0907685557050106,-0.356611973629773,0.175074862219752,-0.0968938228106253,-0.0846432885993959,"Potential 1","BirdTree",0.531686835849524,"Eucalyptus pilularis","Eucalyptus pilularis","Co/dominant","Co/dominant",NA,"N_NSW","N_AUS"
"313","Non-euc Suppressed","Eucalyptus pilularis Co/dominant",0.00101880310254281,-0.0675516048237917,0.0695892110288773,-0.00153576620933486,0.00357337241442048,"Potential 1","BirdTree",0.137140815852669,"Non-euc","Eucalyptus pilularis","Suppressed","Co/dominant",NA,"N_NSW","N_AUS"
"314","Syncarpia glomulifera subsp glabra Suppressed","Eucalyptus pilularis Co/dominant",0.0323719703444378,-0.180944383103815,0.245688323792691,0.0288299904747354,0.0359139502141402,"Potential 1","BirdTree",0.426632706896506,"Syncarpia glomulifera subsp glabra","Eucalyptus pilularis","Suppressed","Co/dominant",NA,"N_NSW","N_AUS"
"315","Non-euc Suppressed","Non-euc Suppressed",-0.043280765128082,-0.181107268448854,0.0945457381926897,-0.0620531462096443,-0.0245083840465196,"Potential 1","BirdTree",0.275653006641543,"Non-euc","Non-euc","Suppressed","Suppressed",NA,"N_NSW","N_AUS"
"316","Syncarpia glomulifera subsp glabra Suppressed","Non-euc Suppressed",0.0218451684824578,-0.0797108127648819,0.123401149729798,0.0185387419965801,0.0251515949683356,"Potential 1","BirdTree",0.203111962494679,"Syncarpia glomulifera subsp glabra","Non-euc","Suppressed","Suppressed",NA,"N_NSW","N_AUS"
"317","Syncarpia glomulifera subsp glabra Suppressed","Syncarpia glomulifera subsp glabra Suppressed",-0.040614387940273,-0.386571373265504,0.305342597384958,-0.0453274471274592,-0.0359013287530868,"Potential 1","BirdTree",0.691913970650461,"Syncarpia glomulifera subsp glabra","Syncarpia glomulifera subsp glabra","Suppressed","Suppressed",NA,"N_NSW","N_AUS"
"318","Eucalyptus pilularis Co/dominant","Eucalyptus pilularis Co/dominant",-0.275950333953041,-0.870885642462182,0.318984974556101,-0.284016214558974,-0.267884453347107,"Potential 1","BlackBull",1.18987061701828,"Eucalyptus pilularis","Eucalyptus pilularis","Co/dominant","Co/dominant",NA,"N_NSW","N_AUS"
"319","Eucalyptus pilularis Suppressed","Eucalyptus pilularis Co/dominant",0.0662834316023692,-0.463079796992918,0.595646660197656,0.0591891329404964,0.0733777302642419,"Potential 1","BlackBull",1.05872645719057,"Eucalyptus pilularis","Eucalyptus pilularis","Suppressed","Co/dominant",NA,"N_NSW","N_AUS"
"320","Non-euc Suppressed","Eucalyptus pilularis Co/dominant",-0.0595350254929858,-0.186624704199936,0.0675546532139643,-0.0630441428979308,-0.0560259080880408,"Potential 1","BlackBull",0.2541793574139,"Non-euc","Eucalyptus pilularis","Suppressed","Co/dominant",NA,"N_NSW","N_AUS"
"321","Syncarpia glomulifera subsp glomulifera Suppressed","Eucalyptus pilularis Co/dominant",-0.0482969769509655,-0.316511493414913,0.219917539512982,-0.0523258835903657,-0.0442680703115654,"Potential 1","BlackBull",0.536429032927895,"Syncarpia glomulifera subsp glomulifera","Eucalyptus pilularis","Suppressed","Co/dominant",NA,"N_NSW","N_AUS"
"322","Eucalyptus pilularis Suppressed","Eucalyptus pilularis Suppressed",-0.304011865400187,-1.11523532024872,0.507211589448346,-0.315609037770351,-0.292414693030022,"Potential 1","BlackBull",1.62244690969707,"Eucalyptus pilularis","Eucalyptus pilularis","Suppressed","Suppressed",NA,"N_NSW","N_AUS"
"323","Non-euc Suppressed","Eucalyptus pilularis Suppressed",-0.0815434551942895,-0.22764209694014,0.0645551865515607,-0.0852881386379628,-0.0777987717506163,"Potential 1","BlackBull",0.2921972834917,"Non-euc","Eucalyptus pilularis","Suppressed","Suppressed",NA,"N_NSW","N_AUS"
"324","Syncarpia glomulifera subsp glomulifera Suppressed","Eucalyptus pilularis Suppressed",0.262173840905103,-0.0150183945428362,0.539366076353041,0.255816729844582,0.268530951965623,"Potential 1","BlackBull",0.554384470895877,"Syncarpia glomulifera subsp glomulifera","Eucalyptus pilularis","Suppressed","Suppressed",NA,"N_NSW","N_AUS"
"325","Non-euc Suppressed","Non-euc Suppressed",0.164852422908852,0.0410507014838903,0.288654144333814,0.153713103026551,0.175991742791154,"Potential 1","BlackBull",0.247603442849924,"Non-euc","Non-euc","Suppressed","Suppressed",1,"N_NSW","N_AUS"
"326","Syncarpia glomulifera subsp glomulifera Suppressed","Non-euc Suppressed",0.0295421572632175,-0.0497949679520601,0.108879282478495,0.0268660013330726,0.0322183131933624,"Potential 1","BlackBull",0.158674250430555,"Syncarpia glomulifera subsp glomulifera","Non-euc","Suppressed","Suppressed",NA,"N_NSW","N_AUS"
"327","Syncarpia glomulifera subsp glomulifera Suppressed","Syncarpia glomulifera subsp glomulifera Suppressed",0.116956242152687,-0.0929326762555998,0.326845160560974,0.110805974217222,0.123106510088152,"Potential 1","BlackBull",0.419777836816573,"Syncarpia glomulifera subsp glomulifera","Syncarpia glomulifera subsp glomulifera","Suppressed","Suppressed",NA,"N_NSW","N_AUS"
"328","Eucalyptus grandis Co/dominant","Eucalyptus grandis Co/dominant",-1.39882975764046,-2.27509606363139,-0.522563451649525,-1.42558614184529,-1.37207337343562,"Potential 1","Osullivans",1.75253261198186,"Eucalyptus grandis","Eucalyptus grandis","Co/dominant","Co/dominant",1,"N_NSW","N_AUS"
"329","Eucalyptus grandis Intermediate","Eucalyptus grandis Co/dominant",1.16484739449228,0.276602362871577,2.05309242611298,1.13790798564498,1.19178680333957,"Potential 1","Osullivans",1.7764900632414,"Eucalyptus grandis","Eucalyptus grandis","Intermediate","Co/dominant",1,"N_NSW","N_AUS"
"330","Eucalyptus grandis Suppressed","Eucalyptus grandis Co/dominant",0.605778198379535,0.106383328847014,1.10517306791206,0.592914206259789,0.61864219049928,"Potential 1","Osullivans",0.998789739065042,"Eucalyptus grandis","Eucalyptus grandis","Suppressed","Co/dominant",1,"N_NSW","N_AUS"
"331","Non-euc Intermediate","Eucalyptus grandis Co/dominant",-0.869059454126553,-1.85251482826666,0.114395920013557,-0.887924209982832,-0.850194698270274,"Potential 1","Osullivans",1.96691074828022,"Non-euc","Eucalyptus grandis","Intermediate","Co/dominant",NA,"N_NSW","N_AUS"
"332","Non-euc Suppressed","Eucalyptus grandis Co/dominant",-0.0317504005327152,-0.261313147200621,0.19781234613519,-0.0388756288245741,-0.0246251722408563,"Potential 1","Osullivans",0.459125493335811,"Non-euc","Eucalyptus grandis","Suppressed","Co/dominant",NA,"N_NSW","N_AUS"
"333","Syncarpia glomulifera subsp glomulifera Suppressed","Eucalyptus grandis Co/dominant",0.0338420760810127,-0.238188215505875,0.305872367667901,0.0268426018782692,0.0408415502837562,"Potential 1","Osullivans",0.544060583173776,"Syncarpia glomulifera subsp glomulifera","Eucalyptus grandis","Suppressed","Co/dominant",NA,"N_NSW","N_AUS"
"334","Eucalyptus grandis Intermediate","Eucalyptus grandis Intermediate",-0.970288208363377,-2.82529567425392,0.884719257527169,-1.01045430083289,-0.93012211589386,"Potential 1","Osullivans",3.71001493178109,"Eucalyptus grandis","Eucalyptus grandis","Intermediate","Intermediate",NA,"N_NSW","N_AUS"
"335","Eucalyptus grandis Suppressed","Eucalyptus grandis Intermediate",-0.792752103067097,-1.5484449193691,-0.0370592867650904,-0.810562154047689,-0.774942052086506,"Potential 1","Osullivans",1.51138563260401,"Eucalyptus grandis","Eucalyptus grandis","Suppressed","Intermediate",1,"N_NSW","N_AUS"
"336","Non-euc Intermediate","Eucalyptus grandis Intermediate",0.649116385098784,-0.441916558667744,1.74014932886531,0.627535860010417,0.670696910187151,"Potential 1","Osullivans",2.18206588753306,"Non-euc","Eucalyptus grandis","Intermediate","Intermediate",NA,"N_NSW","N_AUS"
"337","Non-euc Suppressed","Eucalyptus grandis Intermediate",-0.0351652277264518,-0.248625643870085,0.178295188417182,-0.0406916298779531,-0.0296388255749506,"Potential 1","Osullivans",0.426920832287267,"Non-euc","Eucalyptus grandis","Suppressed","Intermediate",NA,"N_NSW","N_AUS"
"338","Syncarpia glomulifera subsp glomulifera Suppressed","Eucalyptus grandis Intermediate",-0.0415790602288098,-0.352387250733944,0.269229130276324,-0.0481983095438358,-0.0349598109137838,"Potential 1","Osullivans",0.621616381010268,"Syncarpia glomulifera subsp glomulifera","Eucalyptus grandis","Suppressed","Intermediate",NA,"N_NSW","N_AUS"
"339","Eucalyptus grandis Suppressed","Eucalyptus grandis Suppressed",-0.176916914972938,-0.557365605407575,0.203531775461699,-0.186388794620482,-0.167445035325394,"Potential 1","Osullivans",0.760897380869274,"Eucalyptus grandis","Eucalyptus grandis","Suppressed","Suppressed",NA,"N_NSW","N_AUS"
"340","Non-euc Intermediate","Eucalyptus grandis Suppressed",0.14493061280861,-0.522234386559117,0.812095612176337,0.133452473977329,0.156408751639891,"Potential 1","Osullivans",1.33432999873545,"Non-euc","Eucalyptus grandis","Intermediate","Suppressed",NA,"N_NSW","N_AUS"
"341","Non-euc Suppressed","Eucalyptus grandis Suppressed",-0.120026799377163,-0.234462328335184,-0.00559127041914106,-0.123060272331499,-0.116993326422827,"Potential 1","Osullivans",0.228871057916043,"Non-euc","Eucalyptus grandis","Suppressed","Suppressed",1,"N_NSW","N_AUS"
"342","Syncarpia glomulifera subsp glomulifera Suppressed","Eucalyptus grandis Suppressed",0.0522407450516226,-0.129628073947637,0.234109564050883,0.0475991027365003,0.0568823873667449,"Potential 1","Osullivans",0.36373763799852,"Syncarpia glomulifera subsp glomulifera","Eucalyptus grandis","Suppressed","Suppressed",NA,"N_NSW","N_AUS"
"343","Non-euc Intermediate","Non-euc Intermediate",-0.923447456804399,-2.59225864779125,0.745363734182449,-0.951843503882377,-0.895051409726422,"Potential 1","Osullivans",3.3376223819737,"Non-euc","Non-euc","Intermediate","Intermediate",NA,"N_NSW","N_AUS"
"344","Non-euc Suppressed","Non-euc Intermediate",0.0991643698736459,-0.144270087470131,0.342598827217422,0.0926776606713471,0.105651079075945,"Potential 1","Osullivans",0.486868914687553,"Non-euc","Non-euc","Suppressed","Intermediate",NA,"N_NSW","N_AUS"
"345","Syncarpia glomulifera subsp glomulifera Suppressed","Non-euc Intermediate",0.319316909056528,-0.109029934948398,0.747663753061454,0.310387196094423,0.328246622018633,"Potential 1","Osullivans",0.856693688009852,"Syncarpia glomulifera subsp glomulifera","Non-euc","Suppressed","Intermediate",NA,"N_NSW","N_AUS"
"346","Non-euc Suppressed","Non-euc Suppressed",-0.190935313736394,-0.371637387156177,-0.0102332403166113,-0.208756201816869,-0.173114425655919,"Potential 1","Osullivans",0.361404146839565,"Non-euc","Non-euc","Suppressed","Suppressed",1,"N_NSW","N_AUS"
"347","Syncarpia glomulifera subsp glomulifera Suppressed","Non-euc Suppressed",-0.0181937497785107,-0.0823184354465588,0.0459309358895373,-0.0206429098824355,-0.015744589674586,"Potential 1","Osullivans",0.128249371336096,"Syncarpia glomulifera subsp glomulifera","Non-euc","Suppressed","Suppressed",NA,"N_NSW","N_AUS"
"348","Syncarpia glomulifera subsp glomulifera Suppressed","Syncarpia glomulifera subsp glomulifera Suppressed",0.168239226424711,-0.0262247627522667,0.362703215601689,0.159947955532471,0.176530497316952,"Potential 1","Osullivans",0.388927978353956,"Syncarpia glomulifera subsp glomulifera","Syncarpia glomulifera subsp glomulifera","Suppressed","Suppressed",NA,"N_NSW","N_AUS"
"349","Corymbia intermedia Co/dominant","Corymbia intermedia Co/dominant",-0.167697807319011,-0.612119835457562,0.276724220819539,-0.17666299620723,-0.158732618430792,"Potential 1","Herberton",0.888844056277101,"Corymbia intermedia","Corymbia intermedia","Co/dominant","Co/dominant",NA,"QLD","N_AUS"
"350","Corymbia intermedia Intermediate","Corymbia intermedia Co/dominant",-0.13625627150764,-0.480281642490208,0.207769099474929,-0.142531040749876,-0.129981502265403,"Potential 1","Herberton",0.688050741965137,"Corymbia intermedia","Corymbia intermedia","Intermediate","Co/dominant",NA,"QLD","N_AUS"
"351","Corymbia intermedia Suppressed","Corymbia intermedia Co/dominant",0.227044197261197,-0.252946754359449,0.707035148881844,0.216938917451258,0.237149477071137,"Potential 1","Herberton",0.959981903241293,"Corymbia intermedia","Corymbia intermedia","Suppressed","Co/dominant",NA,"QLD","N_AUS"
"352","Eucalyptus grandis Co/dominant","Corymbia intermedia Co/dominant",-0.801169265461265,-1.28849173406547,-0.313846796857057,-0.813057458817349,-0.789281072105182,"Potential 1","Herberton",0.974644937208416,"Eucalyptus grandis","Corymbia intermedia","Co/dominant","Co/dominant",1,"QLD","N_AUS"
"353","Eucalyptus grandis Intermediate","Corymbia intermedia Co/dominant",0.38160952567754,-0.355628725888534,1.11884777724361,0.36738292567593,0.395836125679151,"Potential 1","Herberton",1.47447650313215,"Eucalyptus grandis","Corymbia intermedia","Intermediate","Co/dominant",NA,"QLD","N_AUS"
"354","Eucalyptus grandis Suppressed","Corymbia intermedia Co/dominant",0.0269480330105963,-0.277066188096619,0.330962254117811,0.0222697734391461,0.0316262925820465,"Potential 1","Herberton",0.60802844221443,"Eucalyptus grandis","Corymbia intermedia","Suppressed","Co/dominant",NA,"QLD","N_AUS"
"355","Non-euc Intermediate","Corymbia intermedia Co/dominant",-0.0863276000647932,-0.675068201685682,0.502413001556095,-0.0962071237440133,-0.0764480763855731,"Potential 1","Herberton",1.17748120324178,"Non-euc","Corymbia intermedia","Intermediate","Co/dominant",NA,"QLD","N_AUS"
"356","Non-euc Suppressed","Corymbia intermedia Co/dominant",0.0124406409782398,-0.316502814247333,0.341384096203813,0.00616844987351298,0.0187128320829666,"Potential 1","Herberton",0.657886910451146,"Non-euc","Corymbia intermedia","Suppressed","Co/dominant",NA,"QLD","N_AUS"
"357","Corymbia intermedia Intermediate","Corymbia intermedia Intermediate",-0.0907861953194503,-0.439698796479489,0.258126405840589,-0.10033973602511,-0.0812326546137902,"Potential 1","Herberton",0.697825202320078,"Corymbia intermedia","Corymbia intermedia","Intermediate","Intermediate",NA,"QLD","N_AUS"
"358","Corymbia intermedia Suppressed","Corymbia intermedia Intermediate",0.467628032351027,-0.0295546378082108,0.964810702510264,0.455676440062536,0.479579624639517,"Potential 1","Herberton",0.994365340318475,"Corymbia intermedia","Corymbia intermedia","Suppressed","Intermediate",NA,"QLD","N_AUS"
"359","Eucalyptus grandis Co/dominant","Corymbia intermedia Intermediate",-0.291243802614418,-0.724559371684818,0.142071766455982,-0.300218454034103,-0.282269151194733,"Potential 1","Herberton",0.866631138140801,"Eucalyptus grandis","Corymbia intermedia","Co/dominant","Intermediate",NA,"QLD","N_AUS"
"360","Eucalyptus grandis Intermediate","Corymbia intermedia Intermediate",-0.14495005758178,-1.04398042072548,0.75408030556192,-0.15768840536682,-0.132211709796739,"Potential 1","Herberton",1.7980607262874,"Eucalyptus grandis","Corymbia intermedia","Intermediate","Intermediate",NA,"QLD","N_AUS"
"361","Eucalyptus grandis Suppressed","Corymbia intermedia Intermediate",-0.36874431340391,-0.735460482338776,-0.00202814446904404,-0.374357229875023,-0.363131396932797,"Potential 1","Herberton",0.733432337869732,"Eucalyptus grandis","Corymbia intermedia","Suppressed","Intermediate",1,"QLD","N_AUS"
"362","Non-euc Intermediate","Corymbia intermedia Intermediate",-0.127308194313592,-0.604045986298235,0.34942959767105,-0.137184322944447,-0.117432065682738,"Potential 1","Herberton",0.953475583969285,"Non-euc","Corymbia intermedia","Intermediate","Intermediate",NA,"QLD","N_AUS"
"363","Non-euc Suppressed","Corymbia intermedia Intermediate",-0.233672765179611,-0.558904980112352,0.0915594497531297,-0.240692210091343,-0.22665332026788,"Potential 1","Herberton",0.650464429865482,"Non-euc","Corymbia intermedia","Suppressed","Intermediate",NA,"QLD","N_AUS"
"364","Corymbia intermedia Suppressed","Corymbia intermedia Suppressed",-0.726247378473085,-1.72728703200301,0.27479227505684,-0.749821821873185,-0.702672935072985,"Potential 1","Herberton",2.00207930705985,"Corymbia intermedia","Corymbia intermedia","Suppressed","Suppressed",NA,"QLD","N_AUS"
"365","Eucalyptus grandis Co/dominant","Corymbia intermedia Suppressed",0.311417705853634,-0.415443631457733,1.038279043165,0.298622622719064,0.324212788988203,"Potential 1","Herberton",1.45372267462273,"Eucalyptus grandis","Corymbia intermedia","Co/dominant","Suppressed",NA,"QLD","N_AUS"
"366","Eucalyptus grandis Intermediate","Corymbia intermedia Suppressed",-1.08275034625446,-2.50401096182656,0.338510269317632,-1.10450228742796,-1.06099840508097,"Potential 1","Herberton",2.84252123114419,"Eucalyptus grandis","Corymbia intermedia","Intermediate","Suppressed",NA,"QLD","N_AUS"
"367","Eucalyptus grandis Suppressed","Corymbia intermedia Suppressed",-0.0637378753894385,-0.473927641971185,0.346451891192308,-0.0704154907082537,-0.0570602600706234,"Potential 1","Herberton",0.820379533163492,"Eucalyptus grandis","Corymbia intermedia","Suppressed","Suppressed",NA,"QLD","N_AUS"
"368","Non-euc Intermediate","Corymbia intermedia Suppressed",0.568366928924175,-0.144125617787075,1.28085947563543,0.548850531658546,0.587883326189804,"Potential 1","Herberton",1.4249850934225,"Non-euc","Corymbia intermedia","Intermediate","Suppressed",NA,"QLD","N_AUS"
"369","Non-euc Suppressed","Corymbia intermedia Suppressed",0.324171804074599,-0.163619921265882,0.81196352941508,0.31234128896924,0.336002319179958,"Potential 1","Herberton",0.975583450680963,"Non-euc","Corymbia intermedia","Suppressed","Suppressed",NA,"QLD","N_AUS"
"370","Eucalyptus grandis Co/dominant","Eucalyptus grandis Co/dominant",-0.826339463798804,-1.48625056391397,-0.166428363683637,-0.851598607715714,-0.801080319881893,"Potential 1","Herberton",1.31982220023033,"Eucalyptus grandis","Eucalyptus grandis","Co/dominant","Co/dominant",1,"QLD","N_AUS"
"371","Eucalyptus grandis Intermediate","Eucalyptus grandis Co/dominant",0.181375875601147,-0.329349231604175,0.69210098280647,0.165966034708371,0.196785716493924,"Potential 1","Herberton",1.02145021441065,"Eucalyptus grandis","Eucalyptus grandis","Intermediate","Co/dominant",NA,"QLD","N_AUS"
"372","Eucalyptus grandis Suppressed","Eucalyptus grandis Co/dominant",-0.043246803879228,-0.309857326904979,0.223363719146523,-0.0510046958569651,-0.035488911901491,"Potential 1","Herberton",0.533221046051502,"Eucalyptus grandis","Eucalyptus grandis","Suppressed","Co/dominant",NA,"QLD","N_AUS"
"373","Non-euc Intermediate","Eucalyptus grandis Co/dominant",-0.65583211744157,-1.86171949034166,0.550055255458516,-0.671529444504,-0.64013479037914,"Potential 1","Herberton",2.41177474580017,"Non-euc","Eucalyptus grandis","Intermediate","Co/dominant",NA,"QLD","N_AUS"
"374","Non-euc Suppressed","Eucalyptus grandis Co/dominant",0.0245370029646795,-0.421597494841837,0.470671500771196,0.0164857680693796,0.0325882378599793,"Potential 1","Herberton",0.892268995613032,"Non-euc","Eucalyptus grandis","Suppressed","Co/dominant",NA,"QLD","N_AUS"
"375","Eucalyptus grandis Intermediate","Eucalyptus grandis Intermediate",-0.321451366718809,-1.43681214194638,0.793909408508763,-0.344095531733425,-0.298807201704193,"Potential 1","Herberton",2.23072155045514,"Eucalyptus grandis","Eucalyptus grandis","Intermediate","Intermediate",NA,"QLD","N_AUS"
"376","Eucalyptus grandis Suppressed","Eucalyptus grandis Intermediate",-0.295188484985081,-0.779349073910157,0.188972103939995,-0.302518987212169,-0.287857982757993,"Potential 1","Herberton",0.968321177850152,"Eucalyptus grandis","Eucalyptus grandis","Suppressed","Intermediate",NA,"QLD","N_AUS"
"377","Non-euc Intermediate","Eucalyptus grandis Intermediate",0.623962926770043,-0.874956745663399,2.12288259920348,0.60003972956128,0.647886123978806,"Potential 1","Herberton",2.99783934486688,"Non-euc","Eucalyptus grandis","Intermediate","Intermediate",NA,"QLD","N_AUS"
"378","Non-euc Suppressed","Eucalyptus grandis Intermediate",0.177730740828668,-0.635789946009385,0.99125142766672,0.16613376643732,0.189327715220016,"Potential 1","Herberton",1.62704137367611,"Non-euc","Eucalyptus grandis","Suppressed","Intermediate",NA,"QLD","N_AUS"
"379","Eucalyptus grandis Suppressed","Eucalyptus grandis Suppressed",0.162343719667572,-0.0739897388383761,0.398677178173519,0.15428714320423,0.170400296130913,"Potential 1","Herberton",0.472666917011895,"Eucalyptus grandis","Eucalyptus grandis","Suppressed","Suppressed",NA,"QLD","N_AUS"
"380","Non-euc Intermediate","Eucalyptus grandis Suppressed",0.15350678454288,-0.413214764318919,0.720228333404679,0.14532619388173,0.16168737520403,"Potential 1","Herberton",1.1334430977236,"Non-euc","Eucalyptus grandis","Intermediate","Suppressed",NA,"QLD","N_AUS"
"381","Non-euc Suppressed","Eucalyptus grandis Suppressed",0.0353336310732692,-0.212727893218597,0.283395155365136,0.030696221902793,0.0399710402437455,"Potential 1","Herberton",0.496123048583733,"Non-euc","Eucalyptus grandis","Suppressed","Suppressed",NA,"QLD","N_AUS"
"382","Non-euc Intermediate","Non-euc Intermediate",-0.474586241458954,-1.85370587733372,0.904533394415809,-0.500644037155526,-0.448528445762381,"Potential 1","Herberton",2.75823927174952,"Non-euc","Non-euc","Intermediate","Intermediate",NA,"QLD","N_AUS"
"383","Non-euc Suppressed","Non-euc Intermediate",0.215027599645327,-0.310904889421815,0.740960088712469,0.202243282420095,0.227811916870559,"Potential 1","Herberton",1.05186497813428,"Non-euc","Non-euc","Suppressed","Intermediate",NA,"QLD","N_AUS"
"384","Non-euc Suppressed","Non-euc Suppressed",0.232284359426323,-0.134741386313825,0.599310105166471,0.222965172209117,0.24160354664353,"Potential 1","Herberton",0.734051491480296,"Non-euc","Non-euc","Suppressed","Suppressed",NA,"QLD","N_AUS"
"385","Eucalyptus grandis Co/dominant","Eucalyptus grandis Co/dominant",0.167154309740769,-0.0180904847854904,0.352399104267028,0.160509866372625,0.173798753108913,"Potential 1","Lamb Range",0.370489589052518,"Eucalyptus grandis","Eucalyptus grandis","Co/dominant","Co/dominant",NA,"QLD","N_AUS"
"386","Eucalyptus grandis Suppressed","Eucalyptus grandis Co/dominant",0.158111900281784,-0.0685339703357046,0.384757770899272,0.152967827982383,0.163255972581184,"Potential 1","Lamb Range",0.453291741234977,"Eucalyptus grandis","Eucalyptus grandis","Suppressed","Co/dominant",NA,"QLD","N_AUS"
"387","Non-euc Intermediate","Eucalyptus grandis Co/dominant",-0.170347937018155,-0.400000193899661,0.0593043198633499,-0.174020094659281,-0.16667577937703,"Potential 1","Lamb Range",0.459304513763011,"Non-euc","Eucalyptus grandis","Intermediate","Co/dominant",NA,"QLD","N_AUS"
"388","Non-euc Suppressed","Eucalyptus grandis Co/dominant",-0.0505299027440849,-0.145844029791366,0.044784224303196,-0.0535921698114146,-0.0474676356767551,"Potential 1","Lamb Range",0.190628254094562,"Non-euc","Eucalyptus grandis","Suppressed","Co/dominant",NA,"QLD","N_AUS"
"389","Eucalyptus grandis Suppressed","Eucalyptus grandis Suppressed",-0.0823016462656174,-0.65949875080648,0.494895458275245,-0.0889129806772938,-0.0756903118539411,"Potential 1","Lamb Range",1.15439420908173,"Eucalyptus grandis","Eucalyptus grandis","Suppressed","Suppressed",NA,"QLD","N_AUS"
"390","Non-euc Intermediate","Eucalyptus grandis Suppressed",-0.222705329969458,-0.645612803304513,0.200202143365598,-0.226903112935925,-0.218507547002991,"Potential 1","Lamb Range",0.845814946670111,"Non-euc","Eucalyptus grandis","Intermediate","Suppressed",NA,"QLD","N_AUS"
"391","Non-euc Suppressed","Eucalyptus grandis Suppressed",-0.0652963913114297,-0.205784733112507,0.0751919504896477,-0.0679428383462382,-0.0626499442766213,"Potential 1","Lamb Range",0.280976683602155,"Non-euc","Eucalyptus grandis","Suppressed","Suppressed",NA,"QLD","N_AUS"
"392","Non-euc Intermediate","Non-euc Intermediate",-0.0112621679887655,-0.445731344617943,0.423207008640412,-0.0163832285762077,-0.00614110740132338,"Potential 1","Lamb Range",0.868938353258354,"Non-euc","Non-euc","Intermediate","Intermediate",NA,"QLD","N_AUS"
"393","Non-euc Suppressed","Non-euc Intermediate",0.0748890405951291,-0.0637800955384917,0.21355817672875,0.0718123148824934,0.0779657663077648,"Potential 1","Lamb Range",0.277338272267242,"Non-euc","Non-euc","Suppressed","Intermediate",NA,"QLD","N_AUS"
"394","Non-euc Suppressed","Non-euc Suppressed",0.143731092429371,0.00157080390926545,0.285891380949476,0.136373763590515,0.151088421268226,"Potential 1","Lamb Range",0.28432057704021,"Non-euc","Non-euc","Suppressed","Suppressed",1,"QLD","N_AUS"
"395","Corymbia intermedia Intermediate","Corymbia intermedia Intermediate",-0.865297095289555,-2.20981111854333,0.479216927964221,-0.886031160096677,-0.844563030482433,"Potential 1","Baldy",2.68902804650755,"Corymbia intermedia","Corymbia intermedia","Intermediate","Intermediate",NA,"QLD","N_AUS"
"396","Corymbia intermedia Suppressed","Corymbia intermedia Intermediate",-0.201910854892843,-0.75399190810394,0.350170198318253,-0.211511398517042,-0.192310311268645,"Potential 1","Baldy",1.10416210642219,"Corymbia intermedia","Corymbia intermedia","Suppressed","Intermediate",NA,"QLD","N_AUS"
"397","Eucalyptus grandis Co/dominant","Corymbia intermedia Intermediate",0.580965055880784,-0.0662792647423935,1.22820937650396,0.565351519014015,0.596578592747554,"Potential 1","Baldy",1.29448864124636,"Eucalyptus grandis","Corymbia intermedia","Co/dominant","Intermediate",NA,"QLD","N_AUS"
"398","Eucalyptus grandis Suppressed","Corymbia intermedia Intermediate",0.917380065198884,0.0348762896371666,1.7998838407606,0.901175687701707,0.933584442696062,"Potential 1","Baldy",1.76500755112344,"Eucalyptus grandis","Corymbia intermedia","Suppressed","Intermediate",1,"QLD","N_AUS"
"399","Non-euc Intermediate","Corymbia intermedia Intermediate",0.647368619338945,-0.000739837189960957,1.29547707586785,0.634720159107971,0.66001707956992,"Potential 1","Baldy",1.29621691305781,"Non-euc","Corymbia intermedia","Intermediate","Intermediate",NA,"QLD","N_AUS"
"400","Non-euc Suppressed","Corymbia intermedia Intermediate",0.218135428768059,-0.069184318865559,0.505455176401677,0.211649032208826,0.224621825327292,"Potential 1","Baldy",0.574639495267236,"Non-euc","Corymbia intermedia","Suppressed","Intermediate",NA,"QLD","N_AUS"
"401","Corymbia intermedia Suppressed","Corymbia intermedia Suppressed",0.238283360563372,-0.168229756761351,0.644796477888096,0.230572631656513,0.245994089470232,"Potential 1","Baldy",0.813026234649447,"Corymbia intermedia","Corymbia intermedia","Suppressed","Suppressed",NA,"QLD","N_AUS"
"402","Eucalyptus grandis Co/dominant","Corymbia intermedia Suppressed",0.279573406206531,-0.0957280104091037,0.654874822822167,0.272864242864415,0.286282569548648,"Potential 1","Baldy",0.75060283323127,"Eucalyptus grandis","Corymbia intermedia","Co/dominant","Suppressed",NA,"QLD","N_AUS"
"403","Eucalyptus grandis Suppressed","Corymbia intermedia Suppressed",0.237840700522876,-0.243697604461856,0.719379005507608,0.23024098574172,0.245440415304032,"Potential 1","Baldy",0.963076609969465,"Eucalyptus grandis","Corymbia intermedia","Suppressed","Suppressed",NA,"QLD","N_AUS"
"404","Non-euc Intermediate","Corymbia intermedia Suppressed",-0.0994837474189404,-0.706818424432003,0.507850929594122,-0.108007431847723,-0.0909600629901574,"Potential 1","Baldy",1.21466935402612,"Non-euc","Corymbia intermedia","Intermediate","Suppressed",NA,"QLD","N_AUS"
"405","Non-euc Suppressed","Corymbia intermedia Suppressed",0.0400972289662667,-0.142613013989255,0.222807471921789,0.0363766773251355,0.0438177806073979,"Potential 1","Baldy",0.365420485911044,"Non-euc","Corymbia intermedia","Suppressed","Suppressed",NA,"QLD","N_AUS"
"406","Eucalyptus grandis Co/dominant","Eucalyptus grandis Co/dominant",-0.453306333800558,-0.984544952530812,0.0779322849296961,-0.464822618538625,-0.441790049062491,"Potential 1","Baldy",1.06247723746051,"Eucalyptus grandis","Eucalyptus grandis","Co/dominant","Co/dominant",NA,"QLD","N_AUS"
"407","Eucalyptus grandis Suppressed","Eucalyptus grandis Co/dominant",-0.429570100089324,-0.880860902587398,0.0217207024087512,-0.438861358815173,-0.420278841363474,"Potential 1","Baldy",0.902581604996149,"Eucalyptus grandis","Eucalyptus grandis","Suppressed","Co/dominant",NA,"QLD","N_AUS"
"408","Non-euc Intermediate","Eucalyptus grandis Co/dominant",-0.67579736970115,-1.21636266873262,-0.135232070669685,-0.685710786238328,-0.665883953163973,"Potential 1","Baldy",1.08113059806293,"Non-euc","Eucalyptus grandis","Intermediate","Co/dominant",1,"QLD","N_AUS"
"409","Non-euc Suppressed","Eucalyptus grandis Co/dominant",-0.0787143463410964,-0.277225457239783,0.11979676455759,-0.0828271019687172,-0.0746015907134757,"Potential 1","Baldy",0.397022221797373,"Non-euc","Eucalyptus grandis","Suppressed","Co/dominant",NA,"QLD","N_AUS"
"410","Eucalyptus grandis Suppressed","Eucalyptus grandis Suppressed",-0.352391693639609,-1.16138955596954,0.456606168690322,-0.364847301710493,-0.339936085568725,"Potential 1","Baldy",1.61799572465986,"Eucalyptus grandis","Eucalyptus grandis","Suppressed","Suppressed",NA,"QLD","N_AUS"
"411","Non-euc Intermediate","Eucalyptus grandis Suppressed",-0.245263017801088,-0.820193507147079,0.329667471544902,-0.254474040965249,-0.236051994636928,"Potential 1","Baldy",1.14986097869198,"Non-euc","Eucalyptus grandis","Intermediate","Suppressed",NA,"QLD","N_AUS"
"412","Non-euc Suppressed","Eucalyptus grandis Suppressed",-0.252816843385469,-0.569655943105865,0.0640222563349265,-0.259973268841803,-0.245660417929136,"Potential 1","Baldy",0.633678199440792,"Non-euc","Eucalyptus grandis","Suppressed","Suppressed",NA,"QLD","N_AUS"
"413","Non-euc Intermediate","Non-euc Intermediate",-0.136494073388028,-0.869337890877124,0.596349744101067,-0.148806481376192,-0.124181665399865,"Potential 1","Baldy",1.46568763497819,"Non-euc","Non-euc","Intermediate","Intermediate",NA,"QLD","N_AUS"
"414","Non-euc Suppressed","Non-euc Intermediate",0.02355662512386,-0.182413015167401,0.229526265415121,0.0161989372221523,0.0309143130255677,"Potential 1","Baldy",0.411939280582522,"Non-euc","Non-euc","Suppressed","Intermediate",NA,"QLD","N_AUS"
"415","Non-euc Suppressed","Non-euc Suppressed",0.309384776599135,0.200501149496142,0.418268403702128,0.298053924192919,0.320715629005351,"Potential 1","Baldy",0.217767254205987,"Non-euc","Non-euc","Suppressed","Suppressed",1,"QLD","N_AUS"
"416","Eucalyptus grandis Co/dominant","Eucalyptus grandis Co/dominant",-0.692548757532281,-1.40864590152323,0.0235483864586679,-0.705074985986348,-0.680022529078213,"Potential 1","Koombooloomba",1.4321942879819,"Eucalyptus grandis","Eucalyptus grandis","Co/dominant","Co/dominant",NA,"QLD","N_AUS"
"417","Eucalyptus grandis Intermediate","Eucalyptus grandis Co/dominant",-0.044173001163736,-0.314948649360172,0.2266026470327,-0.048772945078853,-0.0395730572486191,"Potential 1","Koombooloomba",0.541551296392871,"Eucalyptus grandis","Eucalyptus grandis","Intermediate","Co/dominant",NA,"QLD","N_AUS"
"418","Non-euc Intermediate","Eucalyptus grandis Co/dominant",-0.176536493442265,-0.342792782468132,-0.0102802044163982,-0.180185793323638,-0.172887193560892,"Potential 1","Koombooloomba",0.332512578051734,"Non-euc","Eucalyptus grandis","Intermediate","Co/dominant",1,"QLD","N_AUS"
"419","Non-euc Suppressed","Eucalyptus grandis Co/dominant",0.131641029931173,-0.113001759760127,0.376283819622474,0.126171106687297,0.137110953175049,"Potential 1","Koombooloomba",0.489285579382601,"Non-euc","Eucalyptus grandis","Suppressed","Co/dominant",NA,"QLD","N_AUS"
"420","Syncarpia glomulifera Co/dominant","Eucalyptus grandis Co/dominant",0.170523387082459,-0.677195217926781,1.0182419920917,0.152781786285839,0.18826498787908,"Potential 1","Koombooloomba",1.69543721001848,"Syncarpia glomulifera","Eucalyptus grandis","Co/dominant","Co/dominant",NA,"QLD","N_AUS"
"421","Syncarpia glomulifera Intermediate","Eucalyptus grandis Co/dominant",0.0642958024498024,-0.494594605098161,0.623186209997766,0.0552465676595226,0.0733450372400821,"Potential 1","Koombooloomba",1.11778081509593,"Syncarpia glomulifera","Eucalyptus grandis","Intermediate","Co/dominant",NA,"QLD","N_AUS"
"422","Eucalyptus grandis Intermediate","Eucalyptus grandis Intermediate",0.375963816872779,0.155917583400956,0.596010050344602,0.364525986810506,0.387401646935052,"Potential 1","Koombooloomba",0.440092466943646,"Eucalyptus grandis","Eucalyptus grandis","Intermediate","Intermediate",1,"QLD","N_AUS"
"423","Non-euc Intermediate","Eucalyptus grandis Intermediate",0.0647400627019747,-0.0310734983349947,0.160553623738944,0.0606153372769287,0.0688647881270207,"Potential 1","Koombooloomba",0.191627122073939,"Non-euc","Eucalyptus grandis","Intermediate","Intermediate",NA,"QLD","N_AUS"
"424","Non-euc Suppressed","Eucalyptus grandis Intermediate",0.0713563823204802,-0.0389656892899847,0.181678453930945,0.066480780648732,0.0762319839922285,"Potential 1","Koombooloomba",0.22064414322093,"Non-euc","Eucalyptus grandis","Suppressed","Intermediate",NA,"QLD","N_AUS"
"425","Syncarpia glomulifera Co/dominant","Eucalyptus grandis Intermediate",-0.771295736269343,-1.73707503321535,0.194483560676662,-0.79266081804178,-0.749930654496906,"Potential 1","Koombooloomba",1.93155859389201,"Syncarpia glomulifera","Eucalyptus grandis","Co/dominant","Intermediate",NA,"QLD","N_AUS"
"426","Syncarpia glomulifera Intermediate","Eucalyptus grandis Intermediate",0.247682299297164,-0.348476533310056,0.843841131904385,0.23695489575228,0.258409702842049,"Potential 1","Koombooloomba",1.19231766521444,"Syncarpia glomulifera","Eucalyptus grandis","Intermediate","Intermediate",NA,"QLD","N_AUS"
"427","Non-euc Intermediate","Non-euc Intermediate",0.220140005948626,0.0971620617305295,0.343117950166723,0.212137961588402,0.228142050308851,"Potential 1","Koombooloomba",0.245955888436193,"Non-euc","Non-euc","Intermediate","Intermediate",1,"QLD","N_AUS"
"428","Non-euc Suppressed","Non-euc Intermediate",0.0373913831864298,-0.0363596880699835,0.111142454442843,0.0339875843600897,0.0407951820127699,"Potential 1","Koombooloomba",0.147502142512827,"Non-euc","Non-euc","Suppressed","Intermediate",NA,"QLD","N_AUS"
"429","Syncarpia glomulifera Co/dominant","Non-euc Intermediate",0.369475051768134,-0.0445094228218644,0.783459526358132,0.359541350659561,0.379408752876706,"Potential 1","Koombooloomba",0.827968949179996,"Syncarpia glomulifera","Non-euc","Co/dominant","Intermediate",NA,"QLD","N_AUS"
"430","Syncarpia glomulifera Intermediate","Non-euc Intermediate",-0.246109642213069,-0.460545769753251,-0.0316735146728879,-0.251917621396839,-0.2403016630293,"Potential 1","Koombooloomba",0.428872255080363,"Syncarpia glomulifera","Non-euc","Intermediate","Intermediate",1,"QLD","N_AUS"
"431","Non-euc Suppressed","Non-euc Suppressed",0.26601653308354,0.112288117707206,0.419744948459873,0.256663457814193,0.275369608352886,"Potential 1","Koombooloomba",0.307456830752666,"Non-euc","Non-euc","Suppressed","Suppressed",1,"QLD","N_AUS"
"432","Syncarpia glomulifera Co/dominant","Non-euc Suppressed",0.139512109806112,-0.246954842188954,0.525979061801179,0.12784988571953,0.151174333892694,"Potential 1","Koombooloomba",0.772933903990133,"Syncarpia glomulifera","Non-euc","Co/dominant","Suppressed",NA,"QLD","N_AUS"
"433","Syncarpia glomulifera Intermediate","Non-euc Suppressed",0.00442286520512609,-0.256571313675749,0.265417044086001,-0.00355989242886716,0.0124056228391193,"Potential 1","Koombooloomba",0.521988357761749,"Syncarpia glomulifera","Non-euc","Intermediate","Suppressed",NA,"QLD","N_AUS"
"434","Syncarpia glomulifera Co/dominant","Syncarpia glomulifera Co/dominant",-1.78892846588867,-4.20646843973947,0.628611507962121,-1.83140689917789,-1.74645003259946,"Potential 1","Koombooloomba",4.83507994770159,"Syncarpia glomulifera","Syncarpia glomulifera","Co/dominant","Co/dominant",NA,"QLD","N_AUS"
"435","Syncarpia glomulifera Intermediate","Syncarpia glomulifera Co/dominant",1.18301914306651,0.0124525883133011,2.35358569781972,1.1513598181732,1.21467846795982,"Potential 1","Koombooloomba",2.34113310950642,"Syncarpia glomulifera","Syncarpia glomulifera","Intermediate","Co/dominant",1,"QLD","N_AUS"
"436","Syncarpia glomulifera Intermediate","Syncarpia glomulifera Intermediate",0.180431886959777,-0.408966608982323,0.769830382901877,0.163061498470082,0.197802275449473,"Potential 1","Koombooloomba",1.1787969918842,"Syncarpia glomulifera","Syncarpia glomulifera","Intermediate","Intermediate",NA,"QLD","N_AUS"
"437","Eucalyptus obliqua Co/dominant","Eucalyptus obliqua Co/dominant",-0.508000519960927,-0.912239157870377,-0.103761882051477,-0.523471865604562,-0.492529174317291,"Potential 1","BlackRiver",0.808477275818901,"Eucalyptus obliqua","Eucalyptus obliqua","Co/dominant","Co/dominant",1,"King_TAS","TAS"
"438","Eucalyptus obliqua Intermediate","Eucalyptus obliqua Co/dominant",-0.0824664662194785,-0.285002168587571,0.120069236148614,-0.0872439581020894,-0.0776889743368677,"Potential 1","BlackRiver",0.405071404736185,"Eucalyptus obliqua","Eucalyptus obliqua","Intermediate","Co/dominant",NA,"King_TAS","TAS"
"439","Eucalyptus obliqua Suppressed","Eucalyptus obliqua Co/dominant",0.282475098728162,0.00419082043957048,0.560759377016753,0.27688822603762,0.288061971418704,"Potential 1","BlackRiver",0.556568556577183,"Eucalyptus obliqua","Eucalyptus obliqua","Suppressed","Co/dominant",1,"King_TAS","TAS"
"440","Eucalyptus ovata Co/dominant","Eucalyptus obliqua Co/dominant",-0.470968023228605,-0.837166030443013,-0.104770016014198,-0.478405898535229,-0.463530147921982,"Potential 1","BlackRiver",0.732396014428816,"Eucalyptus ovata","Eucalyptus obliqua","Co/dominant","Co/dominant",1,"King_TAS","TAS"
"441","Eucalyptus ovata Intermediate","Eucalyptus obliqua Co/dominant",-0.0456853278238795,-0.531022927878267,0.439652272230508,-0.0529481169668813,-0.0384225386808776,"Potential 1","BlackRiver",0.970675200108774,"Eucalyptus ovata","Eucalyptus obliqua","Intermediate","Co/dominant",NA,"King_TAS","TAS"
"442","Non-euc Suppressed","Eucalyptus obliqua Co/dominant",-0.0353024021882945,-0.114643935094349,0.0440391307177598,-0.0380970680425801,-0.0325077363340088,"Potential 1","BlackRiver",0.158683065812108,"Non-euc","Eucalyptus obliqua","Suppressed","Co/dominant",NA,"King_TAS","TAS"
"443","Eucalyptus obliqua Intermediate","Eucalyptus obliqua Intermediate",0.0867935787528777,-0.13723530392733,0.310822461433086,0.0820079260277447,0.0915792314780107,"Potential 1","BlackRiver",0.448057765360416,"Eucalyptus obliqua","Eucalyptus obliqua","Intermediate","Intermediate",NA,"King_TAS","TAS"
"444","Eucalyptus obliqua Suppressed","Eucalyptus obliqua Intermediate",-0.0278307923935037,-0.227061638092735,0.171400053305728,-0.0309160199955086,-0.0247455647914989,"Potential 1","BlackRiver",0.398461691398463,"Eucalyptus obliqua","Eucalyptus obliqua","Suppressed","Intermediate",NA,"King_TAS","TAS"
"445","Eucalyptus ovata Co/dominant","Eucalyptus obliqua Intermediate",-0.141885399401896,-0.41132516387006,0.127554365066269,-0.146000518045403,-0.137770280758389,"Potential 1","BlackRiver",0.538879528936329,"Eucalyptus ovata","Eucalyptus obliqua","Co/dominant","Intermediate",NA,"King_TAS","TAS"
"446","Eucalyptus ovata Intermediate","Eucalyptus obliqua Intermediate",-0.0220993335775636,-0.337578204100193,0.293379536945066,-0.0271475694865198,-0.0170510976686075,"Potential 1","BlackRiver",0.630957741045259,"Eucalyptus ovata","Eucalyptus obliqua","Intermediate","Intermediate",NA,"King_TAS","TAS"
"447","Non-euc Suppressed","Eucalyptus obliqua Intermediate",0.000168368930663788,-0.0794520346747226,0.0797887725360502,-0.00230557046951711,0.00264230833084468,"Potential 1","BlackRiver",0.159240807210773,"Non-euc","Eucalyptus obliqua","Suppressed","Intermediate",NA,"King_TAS","TAS"
"448","Eucalyptus obliqua Suppressed","Eucalyptus obliqua Suppressed",0.0576999861925967,-0.209655285726295,0.325055258111488,0.0509458618483631,0.0644541105368303,"Potential 1","BlackRiver",0.534710543837783,"Eucalyptus obliqua","Eucalyptus obliqua","Suppressed","Suppressed",NA,"King_TAS","TAS"
"449","Eucalyptus ovata Co/dominant","Eucalyptus obliqua Suppressed",0.37049743519646,0.0405460457795494,0.700448824613371,0.363865178097946,0.377129692294974,"Potential 1","BlackRiver",0.659902778833821,"Eucalyptus ovata","Eucalyptus obliqua","Co/dominant","Suppressed",1,"King_TAS","TAS"
"450","Eucalyptus ovata Intermediate","Eucalyptus obliqua Suppressed",0.160089935795244,-0.175920572760594,0.496100444351081,0.154379997520765,0.165799874069722,"Potential 1","BlackRiver",0.672021017111675,"Eucalyptus ovata","Eucalyptus obliqua","Intermediate","Suppressed",NA,"King_TAS","TAS"
"451","Non-euc Suppressed","Eucalyptus obliqua Suppressed",-0.0909770873329956,-0.168912212090566,-0.0130419625754254,-0.0932573794789391,-0.0886967951870522,"Potential 1","BlackRiver",0.15587024951514,"Non-euc","Eucalyptus obliqua","Suppressed","Suppressed",1,"King_TAS","TAS"
"452","Eucalyptus ovata Co/dominant","Eucalyptus ovata Co/dominant",-0.4589901899856,-1.07006601991039,0.152085639939191,-0.467746455300691,-0.450233924670509,"Potential 1","BlackRiver",1.22215165984958,"Eucalyptus ovata","Eucalyptus ovata","Co/dominant","Co/dominant",NA,"King_TAS","TAS"
"453","Eucalyptus ovata Intermediate","Eucalyptus ovata Co/dominant",0.0565107312535555,-0.405171673664582,0.518193136171693,0.0481866707004573,0.0648347918066537,"Potential 1","BlackRiver",0.923364809836276,"Eucalyptus ovata","Eucalyptus ovata","Intermediate","Co/dominant",NA,"King_TAS","TAS"
"454","Non-euc Suppressed","Eucalyptus ovata Co/dominant",0.0776663545229852,-0.0259591937861879,0.181291902832158,0.0749151876593889,0.0804175213865816,"Potential 1","BlackRiver",0.207251096618346,"Non-euc","Eucalyptus ovata","Suppressed","Co/dominant",NA,"King_TAS","TAS"
"455","Eucalyptus ovata Intermediate","Eucalyptus ovata Intermediate",-0.00555846538778556,-0.563973522508651,0.55285659173308,-0.0157591114189235,0.00464218064335242,"Potential 1","BlackRiver",1.11683011424173,"Eucalyptus ovata","Eucalyptus ovata","Intermediate","Intermediate",NA,"King_TAS","TAS"
"456","Non-euc Suppressed","Eucalyptus ovata Intermediate",0.117944906399347,-0.0515523061812267,0.287442118979921,0.113740542816608,0.122149269982087,"Potential 1","BlackRiver",0.338994425161148,"Non-euc","Eucalyptus ovata","Suppressed","Intermediate",NA,"King_TAS","TAS"
"457","Non-euc Suppressed","Non-euc Suppressed",0.072981913174393,-0.0522387055871284,0.198202531935914,0.0596058241324739,0.0863580022163122,"Potential 1","BlackRiver",0.250441237523043,"Non-euc","Non-euc","Suppressed","Suppressed",NA,"King_TAS","TAS"
"458","Eucalyptus obliqua Co/dominant","Eucalyptus obliqua Co/dominant",-0.0828010956786405,-0.344703895445565,0.179101704088284,-0.087788117017552,-0.0778140743397289,"Potential 1","BondTier",0.523805599533849,"Eucalyptus obliqua","Eucalyptus obliqua","Co/dominant","Co/dominant",NA,"King_TAS","TAS"
"459","Eucalyptus obliqua Intermediate","Eucalyptus obliqua Co/dominant",-0.00797099924971018,-0.491747189264281,0.475805190764861,-0.0156755947873087,-0.000266403712111622,"Potential 1","BondTier",0.967552380029142,"Eucalyptus obliqua","Eucalyptus obliqua","Intermediate","Co/dominant",NA,"King_TAS","TAS"
"460","Eucalyptus obliqua Suppressed","Eucalyptus obliqua Co/dominant",0.213588445462827,-0.334177143369547,0.761354034295201,0.203288128307121,0.223888762618533,"Potential 1","BondTier",1.09553117766475,"Eucalyptus obliqua","Eucalyptus obliqua","Suppressed","Co/dominant",NA,"King_TAS","TAS"
"461","Non-euc Suppressed","Eucalyptus obliqua Co/dominant",-0.0193804455743852,-0.0837219417537211,0.0449610506049507,-0.021358400769038,-0.0174024903797324,"Potential 1","BondTier",0.128682992358672,"Non-euc","Eucalyptus obliqua","Suppressed","Co/dominant",NA,"King_TAS","TAS"
"462","Eucalyptus obliqua Intermediate","Eucalyptus obliqua Intermediate",-0.950793405790709,-2.86931025378494,0.967723442203525,-0.990276954294748,-0.91130985728667,"Potential 1","BondTier",3.83703369598847,"Eucalyptus obliqua","Eucalyptus obliqua","Intermediate","Intermediate",NA,"King_TAS","TAS"
"463","Eucalyptus obliqua Suppressed","Eucalyptus obliqua Intermediate",1.27973268594658,-0.292597199122369,2.85206257101554,1.23728469706856,1.32218067482461,"Potential 1","BondTier",3.14465977013791,"Eucalyptus obliqua","Eucalyptus obliqua","Suppressed","Intermediate",NA,"King_TAS","TAS"
"464","Non-euc Suppressed","Eucalyptus obliqua Intermediate",-0.0348881832473461,-0.181587079591527,0.111810713096835,-0.0390680267858847,-0.0307083397088075,"Potential 1","BondTier",0.293397792688363,"Non-euc","Eucalyptus obliqua","Suppressed","Intermediate",NA,"King_TAS","TAS"
"465","Eucalyptus obliqua Suppressed","Eucalyptus obliqua Suppressed",-1.08781972492748,-2.95601210259136,0.780372652736401,-1.13275165108477,-1.04288779877018,"Potential 1","BondTier",3.73638475532776,"Eucalyptus obliqua","Eucalyptus obliqua","Suppressed","Suppressed",NA,"King_TAS","TAS"
"466","Non-euc Suppressed","Eucalyptus obliqua Suppressed",0.172189322232227,-0.0678653378776142,0.412243982342068,0.166436154778235,0.177942489686219,"Potential 1","BondTier",0.480109320219682,"Non-euc","Eucalyptus obliqua","Suppressed","Suppressed",NA,"King_TAS","TAS"
"467","Non-euc Suppressed","Non-euc Suppressed",0.182135684209824,0.0759435064796539,0.288327861939995,0.167833840341793,0.196437528077855,"Potential 1","BondTier",0.212384355460341,"Non-euc","Non-euc","Suppressed","Suppressed",1,"King_TAS","TAS"
"468","Eucalyptus obliqua Co/dominant","Eucalyptus obliqua Co/dominant",-0.0904442242796752,-0.370282032668692,0.189393584109341,-0.0978818036961448,-0.0830066448632057,"Potential 1","Supersite",0.559675616778033,"Eucalyptus obliqua","Eucalyptus obliqua","Co/dominant","Co/dominant",NA,"S_TAS","TAS"
"469","Eucalyptus obliqua Intermediate","Eucalyptus obliqua Co/dominant",0.0965606457322814,-0.150655311471224,0.343776602935787,0.0910192671602388,0.102102024304324,"Potential 1","Supersite",0.494431914407012,"Eucalyptus obliqua","Eucalyptus obliqua","Intermediate","Co/dominant",NA,"S_TAS","TAS"
"470","Non-euc Co/dominant","Eucalyptus obliqua Co/dominant",-0.148838361869001,-0.338569661733585,0.0408929379955835,-0.153148154509637,-0.144528569228365,"Potential 1","Supersite",0.379462599729168,"Non-euc","Eucalyptus obliqua","Co/dominant","Co/dominant",NA,"S_TAS","TAS"
"471","Non-euc Intermediate","Eucalyptus obliqua Co/dominant",0.0446506815439421,-0.0700945238131721,0.159395886901056,0.0405925433955767,0.0487088196923074,"Potential 1","Supersite",0.229490410714228,"Non-euc","Eucalyptus obliqua","Intermediate","Co/dominant",NA,"S_TAS","TAS"
"472","Non-euc Suppressed","Eucalyptus obliqua Co/dominant",0.131032966526064,0.00711986073545823,0.25494607231667,0.126135830134849,0.135930102917279,"Potential 1","Supersite",0.247826211581212,"Non-euc","Eucalyptus obliqua","Suppressed","Co/dominant",1,"S_TAS","TAS"
"473","Eucalyptus obliqua Intermediate","Eucalyptus obliqua Intermediate",-0.0483007718806028,-0.474915922385635,0.378314378624429,-0.0553456092026586,-0.0412559345585471,"Potential 1","Supersite",0.853230301010064,"Eucalyptus obliqua","Eucalyptus obliqua","Intermediate","Intermediate",NA,"S_TAS","TAS"
"474","Non-euc Co/dominant","Eucalyptus obliqua Intermediate",-0.237174478563032,-0.467636542717721,-0.00671241440834261,-0.240532619691714,-0.233816337434349,"Potential 1","Supersite",0.460924128309378,"Non-euc","Eucalyptus obliqua","Co/dominant","Intermediate",1,"S_TAS","TAS"
"475","Non-euc Intermediate","Eucalyptus obliqua Intermediate",0.0550827006251664,-0.0807723579871408,0.190937759237474,0.0511167569327261,0.0590486443176067,"Potential 1","Supersite",0.271710117224614,"Non-euc","Eucalyptus obliqua","Intermediate","Intermediate",NA,"S_TAS","TAS"
"476","Non-euc Suppressed","Eucalyptus obliqua Intermediate",0.0197079608672246,-0.121475833996994,0.160891755731443,0.0156146245762391,0.02380129715821,"Potential 1","Supersite",0.282367589728437,"Non-euc","Eucalyptus obliqua","Suppressed","Intermediate",NA,"S_TAS","TAS"
"477","Non-euc Co/dominant","Non-euc Co/dominant",0.229561574224866,-0.0352536160769933,0.494376764526725,0.221378191492309,0.237744956957423,"Potential 1","Supersite",0.529630380603718,"Non-euc","Non-euc","Co/dominant","Co/dominant",NA,"S_TAS","TAS"
"478","Non-euc Intermediate","Non-euc Co/dominant",-0.0453922311502975,-0.153302671687722,0.0625182093871269,-0.0488772915115404,-0.0419071707890547,"Potential 1","Supersite",0.215820881074849,"Non-euc","Non-euc","Intermediate","Co/dominant",NA,"S_TAS","TAS"
"479","Non-euc Suppressed","Non-euc Co/dominant",0.059293232081723,-0.0356195098545644,0.15420597401801,0.0548096748463506,0.0637767893170954,"Potential 1","Supersite",0.189825483872575,"Non-euc","Non-euc","Suppressed","Co/dominant",NA,"S_TAS","TAS"
"480","Non-euc Intermediate","Non-euc Intermediate",0.218317012008408,0.0975310534066575,0.339102970610158,0.209238442020981,0.227395581995835,"Potential 1","Supersite",0.2415719172035,"Non-euc","Non-euc","Intermediate","Intermediate",1,"S_TAS","TAS"
"481","Non-euc Suppressed","Non-euc Intermediate",0.0376771912573917,-0.0304866248483365,0.10584100736312,0.033249521015658,0.0421048614991255,"Potential 1","Supersite",0.136327632211456,"Non-euc","Non-euc","Suppressed","Intermediate",NA,"S_TAS","TAS"
"482","Non-euc Suppressed","Non-euc Suppressed",0.294910539703543,0.193933962120265,0.39588711728682,0.284442878615808,0.305378200791277,"Potential 1","Supersite",0.201953155166555,"Non-euc","Non-euc","Suppressed","Suppressed",1,"S_TAS","TAS"
"483","Eucalyptus delegatensis Co/dominant","Eucalyptus delegatensis Co/dominant",-0.140051281397048,-0.459701006623312,0.179598443829216,-0.145664234465626,-0.13443832832847,"Potential 1","Mackenzie",0.639299450452528,"Eucalyptus delegatensis","Eucalyptus delegatensis","Co/dominant","Co/dominant",NA,"N_TAS","TAS"
"484","Eucalyptus delegatensis Intermediate","Eucalyptus delegatensis Co/dominant",0.0591573823802765,-0.190497244318396,0.308812009078949,0.0549584552232721,0.0633563095372809,"Potential 1","Mackenzie",0.499309253397344,"Eucalyptus delegatensis","Eucalyptus delegatensis","Intermediate","Co/dominant",NA,"N_TAS","TAS"
"485","Eucalyptus delegatensis Suppressed","Eucalyptus delegatensis Co/dominant",0.0982409463485189,-0.0405753247273473,0.237057217424385,0.0949131059362834,0.101568786760754,"Potential 1","Mackenzie",0.277632542151732,"Eucalyptus delegatensis","Eucalyptus delegatensis","Suppressed","Co/dominant",NA,"N_TAS","TAS"
"486","Non-euc Intermediate","Eucalyptus delegatensis Co/dominant",0.0536780495906051,-0.303647478411488,0.411003577592699,0.0479631831734655,0.0593929160077448,"Potential 1","Mackenzie",0.714651056004187,"Non-euc","Eucalyptus delegatensis","Intermediate","Co/dominant",NA,"N_TAS","TAS"
"487","Non-euc Suppressed","Eucalyptus delegatensis Co/dominant",0.0714240197654188,-0.0261484061374053,0.168996445668243,0.0683942040348257,0.0744538354960119,"Potential 1","Mackenzie",0.195144851805648,"Non-euc","Eucalyptus delegatensis","Suppressed","Co/dominant",NA,"N_TAS","TAS"
"488","Eucalyptus delegatensis Intermediate","Eucalyptus delegatensis Intermediate",-0.249663803594791,-0.630579198549867,0.131251591360285,-0.256513547818238,-0.242814059371343,"Potential 1","Mackenzie",0.761830789910152,"Eucalyptus delegatensis","Eucalyptus delegatensis","Intermediate","Intermediate",NA,"N_TAS","TAS"
"489","Eucalyptus delegatensis Suppressed","Eucalyptus delegatensis Intermediate",-0.0189044836297764,-0.135987012947138,0.0981780456875855,-0.0214775322659832,-0.0163314349935696,"Potential 1","Mackenzie",0.234165058634724,"Eucalyptus delegatensis","Eucalyptus delegatensis","Suppressed","Intermediate",NA,"N_TAS","TAS"
"490","Non-euc Intermediate","Eucalyptus delegatensis Intermediate",-0.354975941406518,-0.763802474575785,0.0538505917627495,-0.360836461299671,-0.349115421513364,"Potential 1","Mackenzie",0.817653066338534,"Non-euc","Eucalyptus delegatensis","Intermediate","Intermediate",NA,"N_TAS","TAS"
"491","Non-euc Suppressed","Eucalyptus delegatensis Intermediate",-0.0222328579035591,-0.124269766835176,0.0798040510280579,-0.0251177595637578,-0.0193479562433604,"Potential 1","Mackenzie",0.204073817863234,"Non-euc","Eucalyptus delegatensis","Suppressed","Intermediate",NA,"N_TAS","TAS"
"492","Eucalyptus delegatensis Suppressed","Eucalyptus delegatensis Suppressed",0.205681959636769,0.0560908049247692,0.355273114348769,0.196747948316906,0.214615970956632,"Potential 1","Mackenzie",0.299182309424,"Eucalyptus delegatensis","Eucalyptus delegatensis","Suppressed","Suppressed",1,"N_TAS","TAS"
"493","Non-euc Intermediate","Eucalyptus delegatensis Suppressed",-0.063754003404832,-0.229084894452003,0.101576887642339,-0.0668312082510983,-0.0606767985585658,"Potential 1","Mackenzie",0.330661782094342,"Non-euc","Eucalyptus delegatensis","Intermediate","Suppressed",NA,"N_TAS","TAS"
"494","Non-euc Suppressed","Eucalyptus delegatensis Suppressed",-0.0777829488689417,-0.133428385404161,-0.0221375123337225,-0.0805512008258796,-0.0750146969120037,"Potential 1","Mackenzie",0.111290873070438,"Non-euc","Eucalyptus delegatensis","Suppressed","Suppressed",1,"N_TAS","TAS"
"495","Non-euc Intermediate","Non-euc Intermediate",-0.244380323535216,-1.03755349818122,0.548792851110785,-0.253923482463745,-0.234837164606687,"Potential 1","Mackenzie",1.586346349292,"Non-euc","Non-euc","Intermediate","Intermediate",NA,"N_TAS","TAS"
"496","Non-euc Suppressed","Non-euc Intermediate",0.0435250705054896,-0.0912008224933805,0.17825096350436,0.0398409115731532,0.0472092294378259,"Potential 1","Mackenzie",0.26945178599774,"Non-euc","Non-euc","Suppressed","Intermediate",NA,"N_TAS","TAS"
"497","Non-euc Suppressed","Non-euc Suppressed",0.275620589758371,0.170640762135334,0.380600417381408,0.264131048108618,0.287110131408124,"Potential 1","Mackenzie",0.209959655246074,"Non-euc","Non-euc","Suppressed","Suppressed",1,"N_TAS","TAS"
"498","Eucalyptus dalrympleana Suppressed","Eucalyptus dalrympleana Suppressed",0.174463135125042,-0.0174744755791616,0.366400745829245,0.168532041741067,0.180394228509016,"Potential 1","MtMaurice",0.383875221408406,"Eucalyptus dalrympleana","Eucalyptus dalrympleana","Suppressed","Suppressed",NA,"Ben_TAS","TAS"
"499","Eucalyptus delegatensis Co/dominant","Eucalyptus dalrympleana Suppressed",0.025481243305898,-0.107358176735459,0.158320663347255,0.0223636988477563,0.0285987877640398,"Potential 1","MtMaurice",0.265678840082713,"Eucalyptus delegatensis","Eucalyptus dalrympleana","Co/dominant","Suppressed",NA,"Ben_TAS","TAS"
"500","Eucalyptus delegatensis Intermediate","Eucalyptus dalrympleana Suppressed",0.0161393102682636,-0.131044710168916,0.163323330705443,0.0133506447986522,0.0189279757378751,"Potential 1","MtMaurice",0.294368040874358,"Eucalyptus delegatensis","Eucalyptus dalrympleana","Intermediate","Suppressed",NA,"Ben_TAS","TAS"
"501","Eucalyptus delegatensis Suppressed","Eucalyptus dalrympleana Suppressed",-0.0781980733697437,-0.153824754865446,-0.0025713918740414,-0.0805255645231373,-0.0758705822163502,"Potential 1","MtMaurice",0.151253362991405,"Eucalyptus delegatensis","Eucalyptus dalrympleana","Suppressed","Suppressed",1,"Ben_TAS","TAS"
"502","Non-euc Suppressed","Eucalyptus dalrympleana Suppressed",0.0518405028390476,-0.0656050083569098,0.169286014035005,0.0485856389703699,0.0550953667077253,"Potential 1","MtMaurice",0.234891022391915,"Non-euc","Eucalyptus dalrympleana","Suppressed","Suppressed",NA,"Ben_TAS","TAS"
"503","Eucalyptus delegatensis Co/dominant","Eucalyptus delegatensis Co/dominant",-0.238568319676962,-0.50534122765373,0.0282045882998065,-0.245496084854877,-0.231640554499047,"Potential 1","MtMaurice",0.533545815953537,"Eucalyptus delegatensis","Eucalyptus delegatensis","Co/dominant","Co/dominant",NA,"Ben_TAS","TAS"
"504","Eucalyptus delegatensis Intermediate","Eucalyptus delegatensis Co/dominant",-0.123891655092322,-0.331061312181073,0.0832780019964287,-0.1274997592498,-0.120283550934845,"Potential 1","MtMaurice",0.414339314177502,"Eucalyptus delegatensis","Eucalyptus delegatensis","Intermediate","Co/dominant",NA,"Ben_TAS","TAS"
"505","Eucalyptus delegatensis Suppressed","Eucalyptus delegatensis Co/dominant",0.0668515413676645,-0.0427391755934927,0.176442258328822,0.0634456779263173,0.0702574048090117,"Potential 1","MtMaurice",0.219181433922314,"Eucalyptus delegatensis","Eucalyptus delegatensis","Suppressed","Co/dominant",NA,"Ben_TAS","TAS"
"506","Non-euc Suppressed","Eucalyptus delegatensis Co/dominant",-0.0483604340574497,-0.213908082070049,0.117187213955149,-0.0523798490738149,-0.0443410190410844,"Potential 1","MtMaurice",0.331095296025198,"Non-euc","Eucalyptus delegatensis","Suppressed","Co/dominant",NA,"Ben_TAS","TAS"
"507","Eucalyptus delegatensis Intermediate","Eucalyptus delegatensis Intermediate",-0.114221482510511,-0.45706537953295,0.228622414511928,-0.11946495594397,-0.108978009077053,"Potential 1","MtMaurice",0.685687794044878,"Eucalyptus delegatensis","Eucalyptus delegatensis","Intermediate","Intermediate",NA,"Ben_TAS","TAS"
"508","Eucalyptus delegatensis Suppressed","Eucalyptus delegatensis Intermediate",0.00964974497001497,-0.106057236905432,0.125356726845462,0.00683712543505973,0.0124623645049702,"Potential 1","MtMaurice",0.231413963750894,"Eucalyptus delegatensis","Eucalyptus delegatensis","Suppressed","Intermediate",NA,"Ben_TAS","TAS"
"509","Non-euc Suppressed","Eucalyptus delegatensis Intermediate",0.105074170751089,-0.0956036627891818,0.30575200429136,0.100473102883413,0.109675238618765,"Potential 1","MtMaurice",0.401355667080541,"Non-euc","Eucalyptus delegatensis","Suppressed","Intermediate",NA,"Ben_TAS","TAS"
"510","Eucalyptus delegatensis Suppressed","Eucalyptus delegatensis Suppressed",0.259373814500235,0.1387660973439,0.37998153165657,0.250520047877028,0.268227581123442,"Potential 1","MtMaurice",0.241215434312671,"Eucalyptus delegatensis","Eucalyptus delegatensis","Suppressed","Suppressed",1,"Ben_TAS","TAS"
"511","Non-euc Suppressed","Eucalyptus delegatensis Suppressed",0.130234589103533,0.0131533707823159,0.24731580742475,0.125903855555941,0.134565322651125,"Potential 1","MtMaurice",0.234162436642435,"Non-euc","Eucalyptus delegatensis","Suppressed","Suppressed",1,"Ben_TAS","TAS"
"512","Non-euc Suppressed","Non-euc Suppressed",0.162390956836188,-0.0339669960859253,0.358748909758301,0.154944078773234,0.169837834899142,"Potential 1","MtMaurice",0.392715905844226,"Non-euc","Non-euc","Suppressed","Suppressed",NA,"Ben_TAS","TAS"
"513","Eucalyptus delegatensis Co/dominant","Eucalyptus delegatensis Co/dominant",-0.380703453795489,-0.697808944773873,-0.0635979628171037,-0.390700390289436,-0.370706517301542,"Potential 1","BenRidge",0.63421098195677,"Eucalyptus delegatensis","Eucalyptus delegatensis","Co/dominant","Co/dominant",1,"Ben_TAS","TAS"
"514","Eucalyptus delegatensis Intermediate","Eucalyptus delegatensis Co/dominant",0.174118050568896,-0.0697632045762711,0.417999305714063,0.168305678412922,0.17993042272487,"Potential 1","BenRidge",0.487762510290334,"Eucalyptus delegatensis","Eucalyptus delegatensis","Intermediate","Co/dominant",NA,"Ben_TAS","TAS"
"515","Eucalyptus delegatensis Suppressed","Eucalyptus delegatensis Co/dominant",-0.123018551998245,-0.216362578072276,-0.029674525924215,-0.125830297400028,-0.120206806596462,"Potential 1","BenRidge",0.186688052148061,"Eucalyptus delegatensis","Eucalyptus delegatensis","Suppressed","Co/dominant",1,"Ben_TAS","TAS"
"516","Non-euc Intermediate","Eucalyptus delegatensis Co/dominant",-0.249948814640448,-0.552642755116358,0.0527451258354615,-0.255421054669639,-0.244476574611258,"Potential 1","BenRidge",0.60538788095182,"Non-euc","Eucalyptus delegatensis","Intermediate","Co/dominant",NA,"Ben_TAS","TAS"
"517","Non-euc Suppressed","Eucalyptus delegatensis Co/dominant",0.0517275807375603,-0.043531172746571,0.146986334221692,0.0491466763617677,0.0543084851133529,"Potential 1","BenRidge",0.190517506968263,"Non-euc","Eucalyptus delegatensis","Suppressed","Co/dominant",NA,"Ben_TAS","TAS"
"518","Eucalyptus delegatensis Intermediate","Eucalyptus delegatensis Intermediate",-0.224751532967276,-0.718241211973921,0.268738146039369,-0.233638737601639,-0.215864328332912,"Potential 1","BenRidge",0.98697935801329,"Eucalyptus delegatensis","Eucalyptus delegatensis","Intermediate","Intermediate",NA,"Ben_TAS","TAS"
"519","Eucalyptus delegatensis Suppressed","Eucalyptus delegatensis Intermediate",0.0888981671480897,-0.0314736724976987,0.209270006793878,0.0858891476867164,0.0919071866094631,"Potential 1","BenRidge",0.240743679291577,"Eucalyptus delegatensis","Eucalyptus delegatensis","Suppressed","Intermediate",NA,"Ben_TAS","TAS"
"520","Non-euc Intermediate","Eucalyptus delegatensis Intermediate",0.179155585799041,-0.252395356319876,0.610706527917958,0.170080869155804,0.188230302442277,"Potential 1","BenRidge",0.863101884237834,"Non-euc","Eucalyptus delegatensis","Intermediate","Intermediate",NA,"Ben_TAS","TAS"
"521","Non-euc Suppressed","Eucalyptus delegatensis Intermediate",-0.0742234703552584,-0.162044901502904,0.0135979607923872,-0.0762595639893345,-0.0721873767211822,"Potential 1","BenRidge",0.175642862295291,"Non-euc","Eucalyptus delegatensis","Suppressed","Intermediate",NA,"Ben_TAS","TAS"
"522","Eucalyptus delegatensis Suppressed","Eucalyptus delegatensis Suppressed",0.255611474640479,0.140853566054412,0.370369383226546,0.246587380563431,0.264635568717527,"Potential 1","BenRidge",0.229515817172134,"Eucalyptus delegatensis","Eucalyptus delegatensis","Suppressed","Suppressed",1,"Ben_TAS","TAS"
"523","Non-euc Intermediate","Eucalyptus delegatensis Suppressed",-0.0386319184626343,-0.154487286207811,0.0772234492825425,-0.0417790014839976,-0.0354848354412711,"Potential 1","BenRidge",0.231710735490354,"Non-euc","Eucalyptus delegatensis","Intermediate","Suppressed",NA,"Ben_TAS","TAS"
"524","Non-euc Suppressed","Eucalyptus delegatensis Suppressed",-0.0161043299668921,-0.0530520771345693,0.0208434172007851,-0.0182540894159682,-0.013954570517816,"Potential 1","BenRidge",0.0738954943353543,"Non-euc","Eucalyptus delegatensis","Suppressed","Suppressed",NA,"Ben_TAS","TAS"
"525","Non-euc Intermediate","Non-euc Intermediate",0.381296309581309,-0.129525715505098,0.892118334667715,0.362766681566767,0.39982593759585,"Potential 1","BenRidge",1.02164405017281,"Non-euc","Non-euc","Intermediate","Intermediate",NA,"Ben_TAS","TAS"
"526","Non-euc Suppressed","Non-euc Intermediate",-0.112949593854646,-0.287420011686592,0.0615208239772989,-0.117309593462588,-0.108589594246705,"Potential 1","BenRidge",0.348940835663891,"Non-euc","Non-euc","Suppressed","Intermediate",NA,"Ben_TAS","TAS"
"527","Non-euc Suppressed","Non-euc Suppressed",0.281972692935203,0.176083209159412,0.387862176710994,0.269810198897539,0.294135186972868,"Potential 1","BenRidge",0.211778967551582,"Non-euc","Non-euc","Suppressed","Suppressed",1,"Ben_TAS","TAS"
"1100","Eucalyptus delegatensis Co/dominant","Eucalyptus delegatensis Co/dominant",-0.177143316491587,-0.566351700857414,0.212065067874241,-0.184391160175959,-0.169895472807214,"Potential 1","Caveside",0.778416768731655,"Eucalyptus delegatensis","Eucalyptus delegatensis","Co/dominant","Co/dominant",NA,"N_TAS","TAS"
"2100","Eucalyptus delegatensis Intermediate","Eucalyptus delegatensis Co/dominant",-0.37489142583973,-0.771254243307107,0.0214713916276479,-0.38002454691577,-0.369758304763689,"Potential 1","Caveside",0.792725634934755,"Eucalyptus delegatensis","Eucalyptus delegatensis","Intermediate","Co/dominant",NA,"N_TAS","TAS"
"3100","Eucalyptus delegatensis Suppressed","Eucalyptus delegatensis Co/dominant",0.260167679022165,-0.0125653829288504,0.532900740973181,0.253745351226106,0.266590006818224,"Potential 1","Caveside",0.545466123902031,"Eucalyptus delegatensis","Eucalyptus delegatensis","Suppressed","Co/dominant",NA,"N_TAS","TAS"
"4100","Eucalyptus obliqua Intermediate","Eucalyptus delegatensis Co/dominant",0.202670025344754,-0.308894815946224,0.714234866635733,0.19449855601529,0.210841494674218,"Potential 1","Caveside",1.02312968258196,"Eucalyptus obliqua","Eucalyptus delegatensis","Intermediate","Co/dominant",NA,"N_TAS","TAS"
"528","Eucalyptus obliqua Suppressed","Eucalyptus delegatensis Co/dominant",-0.221851576471645,-0.534954396596776,0.0912512436534864,-0.226856550579966,-0.216846602363324,"Potential 1","Caveside",0.626205640250263,"Eucalyptus obliqua","Eucalyptus delegatensis","Suppressed","Co/dominant",NA,"N_TAS","TAS"
"610","Non-euc Suppressed","Eucalyptus delegatensis Co/dominant",-0.0105501176168576,-0.0345843919868729,0.0134841567531577,-0.0112171398239187,-0.00988309540979649,"Potential 1","Caveside",0.0480685487400305,"Non-euc","Eucalyptus delegatensis","Suppressed","Co/dominant",NA,"N_TAS","TAS"
"810","Eucalyptus delegatensis Intermediate","Eucalyptus delegatensis Intermediate",-0.29751363360204,-0.907422982115332,0.312395714911252,-0.306502905786939,-0.288524361417141,"Potential 1","Caveside",1.21981869702658,"Eucalyptus delegatensis","Eucalyptus delegatensis","Intermediate","Intermediate",NA,"N_TAS","TAS"
"910","Eucalyptus delegatensis Suppressed","Eucalyptus delegatensis Intermediate",0.452845454194716,0.0841246070777521,0.821566301311679,0.446792549598188,0.458898358791243,"Potential 1","Caveside",0.737441694233927,"Eucalyptus delegatensis","Eucalyptus delegatensis","Suppressed","Intermediate",1,"N_TAS","TAS"
"1010","Eucalyptus obliqua Intermediate","Eucalyptus delegatensis Intermediate",0.725798719155871,0.0343500724296574,1.41724736588208,0.712813141274928,0.738784297036814,"Potential 1","Caveside",1.38289729345243,"Eucalyptus obliqua","Eucalyptus delegatensis","Intermediate","Intermediate",1,"N_TAS","TAS"
"1110","Eucalyptus obliqua Suppressed","Eucalyptus delegatensis Intermediate",-0.58260749559644,-1.0732458125374,-0.0919691786554763,-0.590910533984936,-0.574304457207944,"Potential 1","Caveside",0.981276633881927,"Eucalyptus obliqua","Eucalyptus delegatensis","Suppressed","Intermediate",1,"N_TAS","TAS"
"1210","Non-euc Suppressed","Eucalyptus delegatensis Intermediate",-0.0272069840148637,-0.0597190640637051,0.00530509603397763,-0.0279084286985774,-0.0265055393311501,"Potential 1","Caveside",0.0650241600976827,"Non-euc","Eucalyptus delegatensis","Suppressed","Intermediate",NA,"N_TAS","TAS"
"1510","Eucalyptus delegatensis Suppressed","Eucalyptus delegatensis Suppressed",0.0223701680519342,-0.331480631684647,0.376220967788515,0.0131006996928048,0.0316396364110636,"Potential 1","Caveside",0.707701599473162,"Eucalyptus delegatensis","Eucalyptus delegatensis","Suppressed","Suppressed",NA,"N_TAS","TAS"
"1610","Eucalyptus obliqua Intermediate","Eucalyptus delegatensis Suppressed",-0.596947572779912,-1.22797504382921,0.0340798982693906,-0.608337164706469,-0.585557980853354,"Potential 1","Caveside",1.2620549420986,"Eucalyptus obliqua","Eucalyptus delegatensis","Intermediate","Suppressed",NA,"N_TAS","TAS"
"1710","Eucalyptus obliqua Suppressed","Eucalyptus delegatensis Suppressed",0.349910388669028,0.00756792852712612,0.692252848810931,0.344249779550825,0.355570997787232,"Potential 1","Caveside",0.684684920283805,"Eucalyptus obliqua","Eucalyptus delegatensis","Suppressed","Suppressed",1,"N_TAS","TAS"
"1810","Non-euc Suppressed","Eucalyptus delegatensis Suppressed",-0.0138149862367092,-0.0378102188555977,0.0101802463821792,-0.0146025609182042,-0.0130274115552143,"Potential 1","Caveside",0.0479904652377769,"Non-euc","Eucalyptus delegatensis","Suppressed","Suppressed",NA,"N_TAS","TAS"
"2210","Eucalyptus obliqua Intermediate","Eucalyptus obliqua Intermediate",-0.714550280973376,-2.51832455534321,1.08922399339646,-0.737854788079679,-0.691245773867073,"Potential 1","Caveside",3.60754854873967,"Eucalyptus obliqua","Eucalyptus obliqua","Intermediate","Intermediate",NA,"N_TAS","TAS"
"2310","Eucalyptus obliqua Suppressed","Eucalyptus obliqua Intermediate",0.798175798229496,0.0359983709176298,1.56035322554136,0.784761441290439,0.811590155168553,"Potential 1","Caveside",1.52435485462373,"Eucalyptus obliqua","Eucalyptus obliqua","Suppressed","Intermediate",1,"N_TAS","TAS"
"2410","Non-euc Suppressed","Eucalyptus obliqua Intermediate",0.0240429494533497,-0.0230848264671255,0.071170725373825,0.0230770555642216,0.0250088433424779,"Potential 1","Caveside",0.0942555518409505,"Non-euc","Eucalyptus obliqua","Suppressed","Intermediate",NA,"N_TAS","TAS"
"2910","Eucalyptus obliqua Suppressed","Eucalyptus obliqua Suppressed",-0.424357305541547,-1.05537725322588,0.206662642142788,-0.436314878851246,-0.412399732231847,"Potential 1","Caveside",1.26203989536867,"Eucalyptus obliqua","Eucalyptus obliqua","Suppressed","Suppressed",NA,"N_TAS","TAS"
"3010","Non-euc Suppressed","Eucalyptus obliqua Suppressed",-0.0423699730265698,-0.0786795929122099,-0.0060603531409297,-0.0433610058194262,-0.0413789402337134,"Potential 1","Caveside",0.0726192397712802,"Non-euc","Eucalyptus obliqua","Suppressed","Suppressed",1,"N_TAS","TAS"
"3610","Non-euc Suppressed","Non-euc Suppressed",0.211642392524605,0.101628909004391,0.321655876044819,0.174758543854865,0.248526241194344,"Potential 1","Caveside",0.220026967040428,"Non-euc","Non-euc","Suppressed","Suppressed",1,"N_TAS","TAS"
"1310","Eucalyptus diversicolor Co/dominant","Eucalyptus diversicolor Co/dominant",-0.267445550202007,-0.683936400729114,0.1490453003251,-0.272650073350767,-0.262241027053247,"Potential 1","Collins",0.832981701054214,"Eucalyptus diversicolor","Eucalyptus diversicolor","Co/dominant","Co/dominant",NA,"WA","WA"
"2110","Eucalyptus diversicolor Suppressed","Eucalyptus diversicolor Co/dominant",0.0326318942381321,-0.204577768192201,0.269841556668465,0.0292927785130831,0.0359710099631811,"Potential 1","Collins",0.474419324860666,"Eucalyptus diversicolor","Eucalyptus diversicolor","Suppressed","Co/dominant",NA,"WA","WA"
"3110","Non-euc Suppressed","Eucalyptus diversicolor Co/dominant",-0.215999494703958,-0.443429124337381,0.0114301349294659,-0.219324762793202,-0.212674226614713,"Potential 1","Collins",0.454859259266847,"Non-euc","Eucalyptus diversicolor","Suppressed","Co/dominant",NA,"WA","WA"
"5110","Eucalyptus diversicolor Suppressed","Eucalyptus diversicolor Suppressed",0.254916660789193,0.0753233026732515,0.434510018905135,0.249073161040715,0.260760160537672,"Potential 1","Collins",0.359186716231883,"Eucalyptus diversicolor","Eucalyptus diversicolor","Suppressed","Suppressed",1,"WA","WA"
"611","Non-euc Suppressed","Eucalyptus diversicolor Suppressed",-0.0444051643705287,-0.14777002797331,0.0589596992322526,-0.0469658246547476,-0.0418445040863098,"Potential 1","Collins",0.206729727205563,"Non-euc","Eucalyptus diversicolor","Suppressed","Suppressed",NA,"WA","WA"
"911","Non-euc Suppressed","Non-euc Suppressed",0.354465354578347,0.250247455821781,0.458683253334914,0.343849091165207,0.365081617991487,"Potential 1","Collins",0.208435797513133,"Non-euc","Non-euc","Suppressed","Suppressed",1,"WA","WA"
"1101","Eucalyptus grandis Co/dominant","Eucalyptus grandis Co/dominant",-0.0184135902224848,-0.270050696848599,0.233223516403629,-0.0273620658669282,-0.0094651145780414,"Potential 1","Bruxner",0.503274213252228,"Eucalyptus grandis","Eucalyptus grandis","Co/dominant","Co/dominant",NA,"N_NSW","N_AUS"
"2610","Eucalyptus grandis Intermediate","Eucalyptus grandis Co/dominant",0.318076892825312,-0.00680414378559507,0.642957929436218,0.309556526172339,0.326597259478284,"Potential 1","Bruxner",0.649762073221813,"Eucalyptus grandis","Eucalyptus grandis","Intermediate","Co/dominant",NA,"N_NSW","N_AUS"
"3210","Eucalyptus grandis Suppressed","Eucalyptus grandis Co/dominant",0.136074141007151,-0.125198526620392,0.397346808634694,0.129599200830165,0.142549081184136,"Potential 1","Bruxner",0.522545335255086,"Eucalyptus grandis","Eucalyptus grandis","Suppressed","Co/dominant",NA,"N_NSW","N_AUS"
"4110","Non-euc Suppressed","Eucalyptus grandis Co/dominant",0.00617403333333966,-0.0617503368362008,0.0740984035028801,0.00352041395905006,0.00882765270762926,"Potential 1","Bruxner",0.135848740339081,"Non-euc","Eucalyptus grandis","Suppressed","Co/dominant",NA,"N_NSW","N_AUS"
"529","Syncarpia glomulifera subsp glabra Suppressed","Eucalyptus grandis Co/dominant",0.00368915634238175,-0.179109453323963,0.186487766008727,-0.000103934839557811,0.00748224752432131,"Potential 1","Bruxner",0.36559721933269,"Syncarpia glomulifera subsp glabra","Eucalyptus grandis","Suppressed","Co/dominant",NA,"N_NSW","N_AUS"
"710","Eucalyptus grandis Intermediate","Eucalyptus grandis Intermediate",-0.350808475665839,-0.979739225434226,0.278122274102549,-0.362599784296571,-0.339017167035106,"Potential 1","Bruxner",1.25786149953678,"Eucalyptus grandis","Eucalyptus grandis","Intermediate","Intermediate",NA,"N_NSW","N_AUS"
"811","Eucalyptus grandis Suppressed","Eucalyptus grandis Intermediate",0.490560518144713,0.061048613328556,0.92007242296087,0.481260063222021,0.499860973067405,"Potential 1","Bruxner",0.859023809632314,"Eucalyptus grandis","Eucalyptus grandis","Suppressed","Intermediate",1,"N_NSW","N_AUS"
"921","Non-euc Suppressed","Eucalyptus grandis Intermediate",-0.0145509776209445,-0.101632861672214,0.0725309064303252,-0.0169425211733471,-0.0121594340685418,"Potential 1","Bruxner",0.174163768102539,"Non-euc","Eucalyptus grandis","Suppressed","Intermediate",NA,"N_NSW","N_AUS"
"1011","Syncarpia glomulifera subsp glabra Suppressed","Eucalyptus grandis Intermediate",0.313050388941332,0.0256706938836735,0.600430083998991,0.306582234540791,0.319518543341873,"Potential 1","Bruxner",0.574759390115317,"Syncarpia glomulifera subsp glabra","Eucalyptus grandis","Suppressed","Intermediate",1,"N_NSW","N_AUS"
"1311","Eucalyptus grandis Suppressed","Eucalyptus grandis Suppressed",-0.215154230891787,-0.663848511145256,0.233540049361681,-0.223426406918866,-0.206882054864708,"Potential 1","Bruxner",0.897388560506937,"Eucalyptus grandis","Eucalyptus grandis","Suppressed","Suppressed",NA,"N_NSW","N_AUS"
"1410","Non-euc Suppressed","Eucalyptus grandis Suppressed",-0.0111110887825076,-0.116234616153769,0.0940124385887538,-0.0142070467749285,-0.00801513079008672,"Potential 1","Bruxner",0.210247054742523,"Non-euc","Eucalyptus grandis","Suppressed","Suppressed",NA,"N_NSW","N_AUS"
"1511","Syncarpia glomulifera subsp glabra Suppressed","Eucalyptus grandis Suppressed",-0.284432342588417,-0.564003747354918,-0.00486093782191566,-0.289444015859814,-0.27942066931702,"Potential 1","Bruxner",0.559142809533002,"Syncarpia glomulifera subsp glabra","Eucalyptus grandis","Suppressed","Suppressed",1,"N_NSW","N_AUS"
"1910","Non-euc Suppressed","Non-euc Suppressed",0.0396668442032822,-0.0851448946192911,0.164478583025856,0.0162597627188176,0.0630739256877469,"Potential 1","Bruxner",0.249623477645147,"Non-euc","Non-euc","Suppressed","Suppressed",NA,"N_NSW","N_AUS"
"2010","Syncarpia glomulifera subsp glabra Suppressed","Non-euc Suppressed",-0.0274757991490643,-0.0805770066664375,0.0256254083683088,-0.0294263123540381,-0.0255252859440905,"Potential 1","Bruxner",0.106202415034746,"Syncarpia glomulifera subsp glabra","Non-euc","Suppressed","Suppressed",NA,"N_NSW","N_AUS"
"2510","Syncarpia glomulifera subsp glabra Suppressed","Syncarpia glomulifera subsp glabra Suppressed",0.236198122158423,0.00194125841033371,0.470454985906513,0.226351541061425,0.246044703255421,"Potential 1","Bruxner",0.468513727496179,"Syncarpia glomulifera subsp glabra","Syncarpia glomulifera subsp glabra","Suppressed","Suppressed",1,"N_NSW","N_AUS"
"1111","Eucalyptus coccifera Co/dominant","Eucalyptus coccifera Co/dominant",-0.579410937845237,-1.1271859465483,-0.0316359291421708,-0.593911073146841,-0.564910802543632,"Potential 1","MtField",1.09555001740613,"Eucalyptus coccifera","Eucalyptus coccifera","Co/dominant","Co/dominant",1,"S_TAS","TAS"
"2101","Eucalyptus delegatensis Co/dominant","Eucalyptus coccifera Co/dominant",-0.584217806493898,-1.02246306132218,-0.145972551665611,-0.592699961027088,-0.575735651960707,"Potential 1","MtField",0.876490509656573,"Eucalyptus delegatensis","Eucalyptus coccifera","Co/dominant","Co/dominant",1,"S_TAS","TAS"
"3710","Eucalyptus delegatensis Intermediate","Eucalyptus coccifera Co/dominant",0.0437653906403284,-0.496354675035794,0.583885456316451,0.0332457070881525,0.0542850741925044,"Potential 1","MtField",1.08024013135225,"Eucalyptus delegatensis","Eucalyptus coccifera","Intermediate","Co/dominant",NA,"S_TAS","TAS"
"4310","Eucalyptus delegatensis Suppressed","Eucalyptus coccifera Co/dominant",0.0664083373104523,-0.894229745179246,1.02704641980015,0.0543668979222984,0.0784497766986062,"Potential 1","MtField",1.9212761649794,"Eucalyptus delegatensis","Eucalyptus coccifera","Suppressed","Co/dominant",NA,"S_TAS","TAS"
"531","Eucalyptus subcrenulata Suppressed","Eucalyptus coccifera Co/dominant",0.20549566338248,-0.101507427868422,0.512498754633382,0.199231138440505,0.211760188324455,"Potential 1","MtField",0.614006182501804,"Eucalyptus subcrenulata","Eucalyptus coccifera","Suppressed","Co/dominant",NA,"S_TAS","TAS"
"621","Eucalyptus urnigera Suppressed","Eucalyptus coccifera Co/dominant",0.144406991577626,-0.201271746554841,0.490085729710093,0.13882194818135,0.149992034973902,"Potential 1","MtField",0.691357476264935,"Eucalyptus urnigera","Eucalyptus coccifera","Suppressed","Co/dominant",NA,"S_TAS","TAS"
"711","Non-euc Suppressed","Eucalyptus coccifera Co/dominant",-0.0436192251060381,-0.168826931945294,0.0815884817332183,-0.0470823123120504,-0.0401561379000257,"Potential 1","MtField",0.250415413678513,"Non-euc","Eucalyptus coccifera","Suppressed","Co/dominant",NA,"S_TAS","TAS"
"931","Eucalyptus delegatensis Co/dominant","Eucalyptus delegatensis Co/dominant",-0.647483522665319,-1.25285918348201,-0.0421078618486246,-0.663091577058341,-0.631875468272296,"Potential 1","MtField",1.21075132163339,"Eucalyptus delegatensis","Eucalyptus delegatensis","Co/dominant","Co/dominant",1,"S_TAS","TAS"
"1021","Eucalyptus delegatensis Intermediate","Eucalyptus delegatensis Co/dominant",0.0225123417431093,-0.408676654899432,0.45370133838565,0.0109375852364762,0.0340870982497423,"Potential 1","MtField",0.862377993285082,"Eucalyptus delegatensis","Eucalyptus delegatensis","Intermediate","Co/dominant",NA,"S_TAS","TAS"
"1121","Eucalyptus delegatensis Suppressed","Eucalyptus delegatensis Co/dominant",0.62076109046008,-0.145738804813995,1.38726098573415,0.602959081189503,0.638563099730656,"Potential 1","MtField",1.53299979054815,"Eucalyptus delegatensis","Eucalyptus delegatensis","Suppressed","Co/dominant",NA,"S_TAS","TAS"
"1211","Eucalyptus subcrenulata Suppressed","Eucalyptus delegatensis Co/dominant",0.205215387910844,-0.0898057309209573,0.500236506742645,0.198566256462562,0.211864519359127,"Potential 1","MtField",0.590042237663603,"Eucalyptus subcrenulata","Eucalyptus delegatensis","Suppressed","Co/dominant",NA,"S_TAS","TAS"
"1321","Eucalyptus urnigera Suppressed","Eucalyptus delegatensis Co/dominant",0.163667633714147,-0.169784476599682,0.497119744027976,0.157977835414162,0.169357432014131,"Potential 1","MtField",0.666904220627658,"Eucalyptus urnigera","Eucalyptus delegatensis","Suppressed","Co/dominant",NA,"S_TAS","TAS"
"1411","Non-euc Suppressed","Eucalyptus delegatensis Co/dominant",-0.0336064532756399,-0.16366901916381,0.0964561126125306,-0.0372459240490379,-0.0299669825022419,"Potential 1","MtField",0.260125131776341,"Non-euc","Eucalyptus delegatensis","Suppressed","Co/dominant",NA,"S_TAS","TAS"
"1711","Eucalyptus delegatensis Intermediate","Eucalyptus delegatensis Intermediate",-0.511478905583781,-1.37981421881337,0.356856407645812,-0.527968722090766,-0.494989089076797,"Potential 1","MtField",1.73667062645919,"Eucalyptus delegatensis","Eucalyptus delegatensis","Intermediate","Intermediate",NA,"S_TAS","TAS"
"1811","Eucalyptus delegatensis Suppressed","Eucalyptus delegatensis Intermediate",1.02186851131066,-0.180620486692181,2.2243575093135,1.00115237735565,1.04258464526568,"Potential 1","MtField",2.40497799600568,"Eucalyptus delegatensis","Eucalyptus delegatensis","Suppressed","Intermediate",NA,"S_TAS","TAS"
"1911","Eucalyptus subcrenulata Suppressed","Eucalyptus delegatensis Intermediate",0.126904409378063,-0.273716464592949,0.527525283349075,0.118769973135622,0.135038845620503,"Potential 1","MtField",0.801241747942024,"Eucalyptus subcrenulata","Eucalyptus delegatensis","Suppressed","Intermediate",NA,"S_TAS","TAS"
"2011","Eucalyptus urnigera Suppressed","Eucalyptus delegatensis Intermediate",-0.20357032969582,-0.680881853087445,0.273741193695805,-0.212720290713985,-0.194420368677654,"Potential 1","MtField",0.95462304678325,"Eucalyptus urnigera","Eucalyptus delegatensis","Suppressed","Intermediate",NA,"S_TAS","TAS"
"2111","Non-euc Suppressed","Eucalyptus delegatensis Intermediate",0.14970570143616,-0.0564666862310518,0.355878089103371,0.145400357274111,0.154011045598209,"Potential 1","MtField",0.412344775334423,"Non-euc","Eucalyptus delegatensis","Suppressed","Intermediate",NA,"S_TAS","TAS"
"2511","Eucalyptus delegatensis Suppressed","Eucalyptus delegatensis Suppressed",-1.40862597768951,-3.49820557968692,0.6809536243079,-1.4373716434902,-1.37988031188882,"Potential 1","MtField",4.17915920399482,"Eucalyptus delegatensis","Eucalyptus delegatensis","Suppressed","Suppressed",NA,"S_TAS","TAS"
"2611","Eucalyptus subcrenulata Suppressed","Eucalyptus delegatensis Suppressed",0.0427850358758851,-0.377119592755923,0.462689664507693,0.0328842680844068,0.0526858036673635,"Potential 1","MtField",0.839809257263616,"Eucalyptus subcrenulata","Eucalyptus delegatensis","Suppressed","Suppressed",NA,"S_TAS","TAS"
"2710","Eucalyptus urnigera Suppressed","Eucalyptus delegatensis Suppressed",0.0362753754009139,-0.707595183073521,0.780145933875349,0.0271417564261818,0.0454089943756461,"Potential 1","MtField",1.48774111694887,"Eucalyptus urnigera","Eucalyptus delegatensis","Suppressed","Suppressed",NA,"S_TAS","TAS"
"2810","Non-euc Suppressed","Eucalyptus delegatensis Suppressed",-0.0978774758508011,-0.314234260865226,0.118479309163624,-0.102688622125546,-0.093066329576056,"Potential 1","MtField",0.43271357002885,"Non-euc","Eucalyptus delegatensis","Suppressed","Suppressed",NA,"S_TAS","TAS"
"3310","Eucalyptus subcrenulata Suppressed","Eucalyptus subcrenulata Suppressed",0.0256456730707088,-0.190414643077821,0.241705989219238,0.0189525867061259,0.0323387594352917,"Potential 1","MtField",0.432120632297059,"Eucalyptus subcrenulata","Eucalyptus subcrenulata","Suppressed","Suppressed",NA,"S_TAS","TAS"
"3410","Eucalyptus urnigera Suppressed","Eucalyptus subcrenulata Suppressed",-0.127319085479422,-0.334214684261555,0.0795765133027108,-0.131096243847835,-0.12354192711101,"Potential 1","MtField",0.413791197564266,"Eucalyptus urnigera","Eucalyptus subcrenulata","Suppressed","Suppressed",NA,"S_TAS","TAS"
"3510","Non-euc Suppressed","Eucalyptus subcrenulata Suppressed",0.0285492612752919,-0.0577806726046732,0.114879195155257,0.0247531600574728,0.0323453624931111,"Potential 1","MtField",0.17265986775993,"Non-euc","Eucalyptus subcrenulata","Suppressed","Suppressed",NA,"S_TAS","TAS"
"4111","Eucalyptus urnigera Suppressed","Eucalyptus urnigera Suppressed",0.0187984406416373,-0.312987901956581,0.350584783239856,0.013131947574605,0.0244649337086696,"Potential 1","MtField",0.663572685196437,"Eucalyptus urnigera","Eucalyptus urnigera","Suppressed","Suppressed",NA,"S_TAS","TAS"
"4210","Non-euc Suppressed","Eucalyptus urnigera Suppressed",-0.0124391688252079,-0.0991428588155804,0.0742645211651646,-0.0149344177124582,-0.00994391993795754,"Potential 1","MtField",0.173407379980745,"Non-euc","Eucalyptus urnigera","Suppressed","Suppressed",NA,"S_TAS","TAS"
"4910","Non-euc Suppressed","Non-euc Suppressed",0.146064961737829,0.0182428736829198,0.273887049792739,0.130725422854454,0.161404500621204,"Potential 1","MtField",0.255644176109819,"Non-euc","Non-euc","Suppressed","Suppressed",1,"S_TAS","TAS"
"1131","Eucalyptus microcorys Suppressed","Eucalyptus microcorys Suppressed",0.14049163591469,-0.0908417637294421,0.371825035558821,0.13382246488129,0.147160806948089,"Potential 1","A-Tree",0.462666799288263,"Eucalyptus microcorys","Eucalyptus microcorys","Suppressed","Suppressed",NA,"N_NSW","N_AUS"
"2121","Eucalyptus pilularis Co/dominant","Eucalyptus microcorys Suppressed",0.0183563569979181,-0.134634408004178,0.171347122000014,0.0151108390324374,0.0216018749633988,"Potential 1","A-Tree",0.305981530004191,"Eucalyptus pilularis","Eucalyptus microcorys","Co/dominant","Suppressed",NA,"N_NSW","N_AUS"
"3810","Eucalyptus pilularis Intermediate","Eucalyptus microcorys Suppressed",-0.109997726016642,-0.339596285120462,0.119600833087179,-0.116076833295835,-0.103918618737448,"Potential 1","A-Tree",0.459197118207641,"Eucalyptus pilularis","Eucalyptus microcorys","Intermediate","Suppressed",NA,"N_NSW","N_AUS"
"4410","Eucalyptus pilularis Suppressed","Eucalyptus microcorys Suppressed",0.136873580991569,-0.026182369433775,0.299929531416913,0.132024153787688,0.14172300819545,"Potential 1","A-Tree",0.326111900850688,"Eucalyptus pilularis","Eucalyptus microcorys","Suppressed","Suppressed",NA,"N_NSW","N_AUS"
"541","Non-euc Suppressed","Eucalyptus microcorys Suppressed",-0.0605081117464101,-0.139559146669463,0.0185429231766422,-0.0629532433621548,-0.0580629801306655,"Potential 1","A-Tree",0.158102069846105,"Non-euc","Eucalyptus microcorys","Suppressed","Suppressed",NA,"N_NSW","N_AUS"
"721","Eucalyptus pilularis Co/dominant","Eucalyptus pilularis Co/dominant",0.0450280196658364,-0.1378461308967,0.227902170228373,0.0401867983850685,0.0498692409466043,"Potential 1","A-Tree",0.365748301125073,"Eucalyptus pilularis","Eucalyptus pilularis","Co/dominant","Co/dominant",NA,"N_NSW","N_AUS"
"821","Eucalyptus pilularis Intermediate","Eucalyptus pilularis Co/dominant",-0.0484491842590462,-0.23968470125214,0.142786332734048,-0.0522336818994805,-0.0446646866186119,"Potential 1","A-Tree",0.382471033986188,"Eucalyptus pilularis","Eucalyptus pilularis","Intermediate","Co/dominant",NA,"N_NSW","N_AUS"
"941","Eucalyptus pilularis Suppressed","Eucalyptus pilularis Co/dominant",-0.0447988616413839,-0.193531634715789,0.103933911433021,-0.0481562788231679,-0.0414414444595999,"Potential 1","A-Tree",0.29746554614881,"Eucalyptus pilularis","Eucalyptus pilularis","Suppressed","Co/dominant",NA,"N_NSW","N_AUS"
"1031","Non-euc Suppressed","Eucalyptus pilularis Co/dominant",-0.0244469933878742,-0.104925836168805,0.0560318493930571,-0.0272566925241164,-0.0216372942516319,"Potential 1","A-Tree",0.160957685561863,"Non-euc","Eucalyptus pilularis","Suppressed","Co/dominant",NA,"N_NSW","N_AUS"
"1331","Eucalyptus pilularis Intermediate","Eucalyptus pilularis Intermediate",-0.118344528116602,-0.485138398582574,0.24844934234937,-0.130251552959584,-0.106437503273621,"Potential 1","A-Tree",0.733587740931944,"Eucalyptus pilularis","Eucalyptus pilularis","Intermediate","Intermediate",NA,"N_NSW","N_AUS"
"1421","Eucalyptus pilularis Suppressed","Eucalyptus pilularis Intermediate",0.27085603039441,0.0532498140868003,0.488462246702019,0.262889306283632,0.278822754505187,"Potential 1","A-Tree",0.435212432615219,"Eucalyptus pilularis","Eucalyptus pilularis","Suppressed","Intermediate",1,"N_NSW","N_AUS"
"1521","Non-euc Suppressed","Eucalyptus pilularis Intermediate",-0.0472758024898024,-0.162068975835866,0.0675173708562612,-0.0512113395637449,-0.0433402654158598,"Potential 1","A-Tree",0.229586346692127,"Non-euc","Eucalyptus pilularis","Suppressed","Intermediate",NA,"N_NSW","N_AUS"
"1921","Eucalyptus pilularis Suppressed","Eucalyptus pilularis Suppressed",0.408379165584659,0.23465441272856,0.582103918440759,0.397389961927024,0.419368369242295,"Potential 1","A-Tree",0.347449505712199,"Eucalyptus pilularis","Eucalyptus pilularis","Suppressed","Suppressed",1,"N_NSW","N_AUS"
"2021","Non-euc Suppressed","Eucalyptus pilularis Suppressed",0.0586228565898795,-0.0295007088923648,0.146746422072124,0.0547154416817893,0.0625302714979697,"Potential 1","A-Tree",0.176247130964489,"Non-euc","Eucalyptus pilularis","Suppressed","Suppressed",NA,"N_NSW","N_AUS"
"2521","Non-euc Suppressed","Non-euc Suppressed",0.144647030699716,0.0227345785153355,0.266559482884096,0.13444110594958,0.154852955449851,"Potential 1","A-Tree",0.24382490436876,"Non-euc","Non-euc","Suppressed","Suppressed",1,"N_NSW","N_AUS"
"1141","Eucalyptus fastigata Suppressed","Eucalyptus fastigata Suppressed",0.328625828747307,0.165287280238493,0.491964377256121,0.318161022594285,0.33909063490033,"Potential 1","WogWay",0.326677097017628,"Eucalyptus fastigata","Eucalyptus fastigata","Suppressed","Suppressed",1,"SE_NSW","SE_AUS"
"2131","Eucalyptus obliqua Co/dominant","Eucalyptus fastigata Suppressed",-0.455977566355246,-1.00405673283087,0.0921016001203811,-0.466353888763253,-0.44560124394724,"Potential 1","WogWay",1.09615833295125,"Eucalyptus obliqua","Eucalyptus fastigata","Co/dominant","Suppressed",NA,"SE_NSW","SE_AUS"
"3910","Eucalyptus viminalis Co/dominant","Eucalyptus fastigata Suppressed",-0.281449737799909,-0.49658103801024,-0.0663184375895774,-0.286553347138464,-0.276346128461353,"Potential 1","WogWay",0.430262600420663,"Eucalyptus viminalis","Eucalyptus fastigata","Co/dominant","Suppressed",1,"SE_NSW","SE_AUS"
"4510","Eucalyptus viminalis Suppressed","Eucalyptus fastigata Suppressed",-0.0112417021175098,-0.119907115372761,0.0974237111377412,-0.0147782623357782,-0.00770514189924137,"Potential 1","WogWay",0.217330826510502,"Eucalyptus viminalis","Eucalyptus fastigata","Suppressed","Suppressed",NA,"SE_NSW","SE_AUS"
"551","Non-euc Suppressed","Eucalyptus fastigata Suppressed",0.0517880231356115,-0.148044207063072,0.251620253334295,0.0487017065746681,0.0548743396965549,"Potential 1","WogWay",0.399664460397366,"Non-euc","Eucalyptus fastigata","Suppressed","Suppressed",NA,"SE_NSW","SE_AUS"
"731","Eucalyptus obliqua Co/dominant","Eucalyptus obliqua Co/dominant",-0.134375187667579,-1.08061176166135,0.811861386326191,-0.148478759481222,-0.120271615853937,"Potential 1","WogWay",1.89247314798754,"Eucalyptus obliqua","Eucalyptus obliqua","Co/dominant","Co/dominant",NA,"SE_NSW","SE_AUS"
"831","Eucalyptus viminalis Co/dominant","Eucalyptus obliqua Co/dominant",-1.26780033629581,-2.26887829148264,-0.266722381108992,-1.28714352977388,-1.24845714281775,"Potential 1","WogWay",2.00215591037364,"Eucalyptus viminalis","Eucalyptus obliqua","Co/dominant","Co/dominant",1,"SE_NSW","SE_AUS"
"951","Eucalyptus viminalis Suppressed","Eucalyptus obliqua Co/dominant",0.184171245267079,-0.161737089738098,0.530079580272256,0.178211346912587,0.190131143621571,"Potential 1","WogWay",0.691816670010354,"Eucalyptus viminalis","Eucalyptus obliqua","Suppressed","Co/dominant",NA,"SE_NSW","SE_AUS"
"1041","Non-euc Suppressed","Eucalyptus obliqua Co/dominant",0.421759332218614,-0.289889427570516,1.13340809200774,0.410603297436759,0.432915367000469,"Potential 1","WogWay",1.42329751957826,"Non-euc","Eucalyptus obliqua","Suppressed","Co/dominant",NA,"SE_NSW","SE_AUS"
"1341","Eucalyptus viminalis Co/dominant","Eucalyptus viminalis Co/dominant",-0.405064220960226,-0.939175513150002,0.129047071229549,-0.417541596141689,-0.392586845778764,"Potential 1","WogWay",1.06822258437955,"Eucalyptus viminalis","Eucalyptus viminalis","Co/dominant","Co/dominant",NA,"SE_NSW","SE_AUS"
"1431","Eucalyptus viminalis Suppressed","Eucalyptus viminalis Co/dominant",0.146566611843286,-0.0644252377448574,0.357558461431429,0.142839805772606,0.150293417913966,"Potential 1","WogWay",0.421983699176286,"Eucalyptus viminalis","Eucalyptus viminalis","Suppressed","Co/dominant",NA,"SE_NSW","SE_AUS"
"1531","Non-euc Suppressed","Eucalyptus viminalis Co/dominant",0.0167977116335136,-0.367144438174682,0.400739861441709,0.0120919998679302,0.021503423399097,"Potential 1","WogWay",0.767884299616391,"Non-euc","Eucalyptus viminalis","Suppressed","Co/dominant",NA,"SE_NSW","SE_AUS"
"1931","Eucalyptus viminalis Suppressed","Eucalyptus viminalis Suppressed",0.420654029205906,0.29854049179219,0.542767566619622,0.410405170837745,0.430902887574067,"Potential 1","WogWay",0.244227074827433,"Eucalyptus viminalis","Eucalyptus viminalis","Suppressed","Suppressed",1,"SE_NSW","SE_AUS"
"2031","Non-euc Suppressed","Eucalyptus viminalis Suppressed",-0.273928342346636,-0.508001541501324,-0.0398551431919474,-0.278788332851308,-0.269068351841963,"Potential 1","WogWay",0.468146398309377,"Non-euc","Eucalyptus viminalis","Suppressed","Suppressed",1,"SE_NSW","SE_AUS"
"2531","Non-euc Suppressed","Non-euc Suppressed",0.343128670938828,-0.0266199114650753,0.712877253342731,0.335535060106868,0.350722281770787,"Potential 1","WogWay",0.739497164807806,"Non-euc","Non-euc","Suppressed","Suppressed",NA,"SE_NSW","SE_AUS"
