"","from","to","alpha","lo","hi","lo_numerical","hi_numerical","se","Potential","site","new_from","new_to","region","region2","sig","fill_col"
"1","Allocasuarina decussata","Allocasuarina decussata",-0.147625388598427,-0.965170575659236,0.669919798462382,-0.155172655797553,-0.140078121399301,0.417122556082408,"Potential 1","Frankland","Allocasuarina decussata","Allocasuarina decussata","WA","WA",NA,NA
"2","Eucalyptus diversicolor","Allocasuarina decussata",0.00210769750045953,-0.154649682530575,0.158865077531494,0.000326750500032938,0.00388864450088611,0.079979724764086,"Potential 1","Frankland","Eucalyptus diversicolor","Allocasuarina decussata","WA","WA",NA,NA
"3","Eucalyptus guilfoylei","Allocasuarina decussata",0.321831635311895,0.00847421174838098,0.635189058875409,0.316232607393681,0.327430663230109,0.159879174329344,"Potential 1","Frankland","Eucalyptus guilfoylei","Allocasuarina decussata","WA","WA",1,"WA"
"5","Eucalyptus diversicolor","Eucalyptus diversicolor",0.153891583772359,-0.0232352332681588,0.331018400812878,0.149561815555464,0.158221351989255,0.0903724856363035,"Potential 1","Frankland","Eucalyptus diversicolor","Eucalyptus diversicolor","WA","WA",NA,NA
"6","Eucalyptus guilfoylei","Eucalyptus diversicolor",-0.0984809454511415,-0.191574219326357,-0.00538767157592596,-0.100449840812919,-0.096512050089364,0.0474974410803073,"Potential 1","Frankland","Eucalyptus guilfoylei","Eucalyptus diversicolor","WA","WA",1,"WA"
"9","Eucalyptus guilfoylei","Eucalyptus guilfoylei",0.183853503351218,-0.0435811024465689,0.411288109149005,0.174602993141022,0.193104013561414,0.116040196448385,"Potential 1","Frankland","Eucalyptus guilfoylei","Eucalyptus guilfoylei","WA","WA",NA,NA
"11","Allocasuarina decussata","Allocasuarina decussata",0.498949042091345,0.416039732477014,0.581858351705676,0.489015862823824,0.508882221358866,0.0423014454695643,"Potential 1","Collins","Allocasuarina decussata","Allocasuarina decussata","WA","WA",1,"WA"
"21","Eucalyptus diversicolor","Allocasuarina decussata",0.00335847855361352,-0.0749806943449901,0.0816976514522171,0.00122301696206345,0.00549394014516359,0.0399697002172147,"Potential 1","Collins","Eucalyptus diversicolor","Allocasuarina decussata","WA","WA",NA,NA
"4","Eucalyptus diversicolor","Eucalyptus diversicolor",0.101567636145506,-0.13854831520784,0.341683587498851,0.0936114297084531,0.109523842582558,0.122510389602743,"Potential 1","Collins","Eucalyptus diversicolor","Eucalyptus diversicolor","WA","WA",NA,NA
"12","Allocasuarina decussata","Allocasuarina decussata",0.174289983697219,-0.0157463012208937,0.364326268615332,0.168935671941874,0.179644295452564,0.096959069869189,"Potential 1","Clare","Allocasuarina decussata","Allocasuarina decussata","WA","WA",NA,NA
"22","Eucalyptus jacksonii","Allocasuarina decussata",0.036979791366948,-0.217704428843418,0.291664011577314,0.0336351773371187,0.0403244053967773,0.12994331641769,"Potential 1","Clare","Eucalyptus jacksonii","Allocasuarina decussata","WA","WA",NA,NA
"41","Eucalyptus jacksonii","Eucalyptus jacksonii",-0.87863382529108,-1.5836436018901,-0.17362404869206,-0.894569066295979,-0.86269858428618,0.359705475284264,"Potential 1","Clare","Eucalyptus jacksonii","Eucalyptus jacksonii","WA","WA",1,"WA"
"13","Acacia melanoxylon","Acacia melanoxylon",0.329016205981906,0.049526489811107,0.608505922152705,0.315002605881579,0.343029806082233,0.142599414262394,"Potential 1","Sutton","Acacia melanoxylon","Acacia melanoxylon","WA","WA",1,"WA"
"23","Corymbia calophylla","Acacia melanoxylon",-0.0180339758737871,-0.085734975149071,0.0496670234014967,-0.0201390288071639,-0.0159289229404104,0.0345419608774961,"Potential 1","Sutton","Corymbia calophylla","Acacia melanoxylon","WA","WA",NA,NA
"31","Eucalyptus diversicolor","Acacia melanoxylon",-0.127206774340543,-0.218858427986512,-0.0355551206945736,-0.130226129613644,-0.124187419067442,0.0467619070395711,"Potential 1","Sutton","Eucalyptus diversicolor","Acacia melanoxylon","WA","WA",1,"WA"
"51","Corymbia calophylla","Corymbia calophylla",0.325265436843048,0.2057246205167,0.444806253169397,0.316491086638022,0.334039787048075,0.0609913331414614,"Potential 1","Sutton","Corymbia calophylla","Corymbia calophylla","WA","WA",1,"WA"
"61","Eucalyptus diversicolor","Corymbia calophylla",-0.119070299551655,-0.151563646085012,-0.086576953018298,-0.121180096849273,-0.116960502254037,0.0165785426618349,"Potential 1","Sutton","Eucalyptus diversicolor","Corymbia calophylla","WA","WA",1,"WA"
"91","Eucalyptus diversicolor","Eucalyptus diversicolor",-0.112830498637512,-0.346432064412571,0.120771067137546,-0.124626430392332,-0.101034566882693,0.119186662417104,"Potential 1","Sutton","Eucalyptus diversicolor","Eucalyptus diversicolor","WA","WA",NA,NA
"14","Allocasuarina decussata","Allocasuarina decussata",0.130393270284305,-0.0623461736668415,0.323132714235451,0.122835794104377,0.137950746464233,0.09833825798405,"Potential 1","Giants","Allocasuarina decussata","Allocasuarina decussata","WA","WA",NA,NA
"24","Eucalyptus jacksonii","Allocasuarina decussata",-0.0925819509633398,-0.116571426996281,-0.0685924749303983,-0.094072635329284,-0.0910912665973956,0.0122397534965782,"Potential 1","Giants","Eucalyptus jacksonii","Allocasuarina decussata","WA","WA",1,"WA"
"42","Eucalyptus jacksonii","Eucalyptus jacksonii",0.418492897948968,0.301554799368394,0.535430996529542,0.408304656537935,0.428681139360001,0.0596633915229906,"Potential 1","Giants","Eucalyptus jacksonii","Eucalyptus jacksonii","WA","WA",1,"WA"
"15","Eucalyptus diversicolor","Eucalyptus diversicolor",-0.274729302862297,-0.580271954174639,0.0308133484500459,-0.287440856949374,-0.262017748775219,0.155891972363994,"Potential 1","Warren","Eucalyptus diversicolor","Eucalyptus diversicolor","WA","WA",NA,NA
"25","Trymalium odoratissimum","Eucalyptus diversicolor",-0.104124013375633,-0.204187966839429,-0.00406005991183682,-0.107479856458837,-0.100768170292429,0.0510539756103111,"Potential 1","Warren","Trymalium odoratissimum","Eucalyptus diversicolor","WA","WA",1,"WA"
"43","Trymalium odoratissimum","Trymalium odoratissimum",0.351325365209029,0.181925180666011,0.520725549752048,0.342652557695356,0.359998172722703,0.0864302537593679,"Potential 1","Warren","Trymalium odoratissimum","Trymalium odoratissimum","WA","WA",1,"WA"
"16","Allocasuarina decussata","Allocasuarina decussata",0.299201014335693,0.175697597733845,0.422704430937542,0.290430715172807,0.30797131349858,0.0630131051264347,"Potential 1","Dawson","Allocasuarina decussata","Allocasuarina decussata","WA","WA",1,"WA"
"26","Eucalyptus diversicolor","Allocasuarina decussata",-0.0614520852038579,-0.159587531266585,0.036683360858869,-0.0641374162780139,-0.0587667541297018,0.0500700251825068,"Potential 1","Dawson","Eucalyptus diversicolor","Allocasuarina decussata","WA","WA",NA,NA
"44","Eucalyptus diversicolor","Eucalyptus diversicolor",-0.0093914185957356,-0.25648507661478,0.237702239423309,-0.0154896049793656,-0.00329323221210564,0.126070509442055,"Potential 1","Dawson","Eucalyptus diversicolor","Eucalyptus diversicolor","WA","WA",NA,NA
"17","Corymbia calophylla","Corymbia calophylla",0.204313997874146,-0.126874093987678,0.53550208973597,0.201199780662909,0.207428215085383,0.168976621241101,"Potential 1","Carey","Corymbia calophylla","Corymbia calophylla","WA","WA",NA,NA
"27","Eucalyptus diversicolor","Corymbia calophylla",-0.0555421595024908,-0.174308931529126,0.0632246125241441,-0.0569240020769227,-0.054160316928059,0.0605964053234917,"Potential 1","Carey","Eucalyptus diversicolor","Corymbia calophylla","WA","WA",NA,NA
"32","Trymalium odoratissimum","Corymbia calophylla",-0.0566191015474841,-0.233457488935357,0.120219285840389,-0.0585104554569109,-0.0547277476380573,0.0902253249461479,"Potential 1","Carey","Trymalium odoratissimum","Corymbia calophylla","WA","WA",NA,NA
"52","Eucalyptus diversicolor","Eucalyptus diversicolor",-0.0600905145997922,-0.309890973830351,0.189709944630767,-0.0651545454121358,-0.0550264837874486,0.12745155584539,"Potential 1","Carey","Eucalyptus diversicolor","Eucalyptus diversicolor","WA","WA",NA,NA
"62","Trymalium odoratissimum","Eucalyptus diversicolor",-0.0821990484616463,-0.181450865601257,0.0170527686779646,-0.0839740024535008,-0.0804240944697917,0.0506396127288545,"Potential 1","Carey","Trymalium odoratissimum","Eucalyptus diversicolor","WA","WA",NA,NA
"92","Trymalium odoratissimum","Trymalium odoratissimum",0.216403616795926,0.0232201875421427,0.40958704604971,0.211821665433369,0.220985568158483,0.0985647852601323,"Potential 1","Carey","Trymalium odoratissimum","Trymalium odoratissimum","WA","WA",1,"WA"
"18","Allocasuarina decussata","Allocasuarina decussata",0.257701713703627,0.109866795322919,0.405536632084334,0.248992358019384,0.266411069387869,0.0754273647611948,"Potential 1","Dombakup","Allocasuarina decussata","Allocasuarina decussata","WA","WA",1,"WA"
"28","Eucalyptus diversicolor","Allocasuarina decussata",0.0156416383126609,-0.0794298265649492,0.110713103190271,0.0125351072119056,0.0187481694134162,0.0485067407500963,"Potential 1","Dombakup","Eucalyptus diversicolor","Allocasuarina decussata","WA","WA",NA,NA
"33","Trymalium odoratissimum","Allocasuarina decussata",-0.0447465523131136,-0.114790036331505,0.0252969317052782,-0.0476645102143733,-0.041828594411854,0.0357371281160704,"Potential 1","Dombakup","Trymalium odoratissimum","Allocasuarina decussata","WA","WA",NA,NA
"53","Eucalyptus diversicolor","Eucalyptus diversicolor",0.0720467264814944,-0.130692662571132,0.274786115534121,0.0658563249761232,0.0782371279868655,0.103440364543333,"Potential 1","Dombakup","Eucalyptus diversicolor","Eucalyptus diversicolor","WA","WA",NA,NA
"63","Trymalium odoratissimum","Eucalyptus diversicolor",-0.0279358994509841,-0.0974265166604932,0.0415547177585251,-0.0303739566788197,-0.0254978422231485,0.0354550480302915,"Potential 1","Dombakup","Trymalium odoratissimum","Eucalyptus diversicolor","WA","WA",NA,NA
"93","Trymalium odoratissimum","Trymalium odoratissimum",0.442483455624417,0.337002077615786,0.547964833633048,0.432245604026457,0.452721307222377,0.0538180185149599,"Potential 1","Dombakup","Trymalium odoratissimum","Trymalium odoratissimum","WA","WA",1,"WA"
"19","Acacia melanoxylon","Acacia melanoxylon",-0.0351577335271585,-0.371397809965695,0.301082342911378,-0.041807758974898,-0.0285077080794191,0.171554211756316,"Potential 1","Bird","Acacia melanoxylon","Acacia melanoxylon","S_TAS","N_AUS",NA,NA
"210","Atherosperma moschatum","Acacia melanoxylon",0.193134717404627,-0.0744213293682826,0.460690764177536,0.18882129434503,0.197448140464224,0.1365106955451,"Potential 1","Bird","Atherosperma moschatum","Acacia melanoxylon","S_TAS","N_AUS",NA,NA
"34","Eucalyptus obliqua","Acacia melanoxylon",-0.142062415128124,-0.326384455265305,0.0422596250090576,-0.146031385721818,-0.138093444534429,0.0940435852857962,"Potential 1","Bird","Eucalyptus obliqua","Acacia melanoxylon","S_TAS","N_AUS",NA,NA
"45","Monotoca glauca","Acacia melanoxylon",0.246355952491906,-0.0464393905144137,0.539151295498225,0.241704681714276,0.251007223269535,0.149388124126694,"Potential 1","Bird","Monotoca glauca","Acacia melanoxylon","S_TAS","N_AUS",NA,NA
"54","Nothofagus cunninghamii","Acacia melanoxylon",0.0774237538884388,-0.0592583687071231,0.214105876484001,0.0745145155463596,0.080332992230518,0.069737058269281,"Potential 1","Bird","Nothofagus cunninghamii","Acacia melanoxylon","S_TAS","N_AUS",NA,NA
"64","Phyllocladus aspleniifolius","Acacia melanoxylon",0.306924933368783,-0.053288484951108,0.667138351688673,0.302015728103558,0.311834138634007,0.183785733391638,"Potential 1","Bird","Phyllocladus aspleniifolius","Acacia melanoxylon","S_TAS","N_AUS",NA,NA
"8","Atherosperma moschatum","Atherosperma moschatum",-0.0119612121957866,-0.347161667331959,0.323239242940386,-0.0199273061003342,-0.00399511829123914,0.171023782977744,"Potential 1","Bird","Atherosperma moschatum","Atherosperma moschatum","S_TAS","N_AUS",NA,NA
"94","Eucalyptus obliqua","Atherosperma moschatum",0.0805739556475137,-0.0789854973684821,0.240133408663509,0.0771894514146887,0.0839584598803387,0.0814093801082981,"Potential 1","Bird","Eucalyptus obliqua","Atherosperma moschatum","S_TAS","N_AUS",NA,NA
"10","Monotoca glauca","Atherosperma moschatum",-0.340467789836262,-0.687172441257976,0.0062368615854525,-0.345417227783096,-0.335518351889427,0.17689337873373,"Potential 1","Bird","Monotoca glauca","Atherosperma moschatum","S_TAS","N_AUS",NA,NA
"111","Nothofagus cunninghamii","Atherosperma moschatum",-0.170339055805768,-0.275584547495536,-0.0650935641160003,-0.173185141351404,-0.167492970260133,0.0536976661407715,"Potential 1","Bird","Nothofagus cunninghamii","Atherosperma moschatum","S_TAS","N_AUS",1,"S_TAS"
"121","Phyllocladus aspleniifolius","Atherosperma moschatum",-0.237453503445882,-0.58736353965525,0.112456532763486,-0.242768784618521,-0.232138222273243,0.178528809187013,"Potential 1","Bird","Phyllocladus aspleniifolius","Atherosperma moschatum","S_TAS","N_AUS",NA,NA
"151","Eucalyptus obliqua","Eucalyptus obliqua",0.0154417734599712,-0.238910734252991,0.269794281172933,0.00525922117438723,0.0256243257455551,0.129774072237685,"Potential 1","Bird","Eucalyptus obliqua","Eucalyptus obliqua","S_TAS","N_AUS",NA,NA
"161","Monotoca glauca","Eucalyptus obliqua",0.238595194251757,-0.0468067908024498,0.523997179305964,0.232417244049582,0.244773144453932,0.145615933407665,"Potential 1","Bird","Monotoca glauca","Eucalyptus obliqua","S_TAS","N_AUS",NA,NA
"171","Nothofagus cunninghamii","Eucalyptus obliqua",0.171955494408182,0.0331758110432004,0.310735177773164,0.166370866234902,0.177540122581462,0.0708072620005563,"Potential 1","Bird","Nothofagus cunninghamii","Eucalyptus obliqua","S_TAS","N_AUS",1,"S_TAS"
"181","Phyllocladus aspleniifolius","Eucalyptus obliqua",0.32993924179089,0.0277344353983496,0.632144048183431,0.324682934605444,0.335195548976337,0.154188958968784,"Potential 1","Bird","Phyllocladus aspleniifolius","Eucalyptus obliqua","S_TAS","N_AUS",1,"S_TAS"
"221","Monotoca glauca","Monotoca glauca",-0.174227027239971,-0.82204917349832,0.473595119018378,-0.183524613873075,-0.164929440606866,0.330527576714821,"Potential 1","Bird","Monotoca glauca","Monotoca glauca","S_TAS","N_AUS",NA,NA
"231","Nothofagus cunninghamii","Monotoca glauca",-0.241632380163936,-0.399076595793013,-0.084188164534859,-0.245852235684208,-0.237412524643664,0.0803301575289021,"Potential 1","Bird","Nothofagus cunninghamii","Monotoca glauca","S_TAS","N_AUS",1,"S_TAS"
"241","Phyllocladus aspleniifolius","Monotoca glauca",-0.285268246858348,-0.800876949588056,0.23034045587136,-0.293332318527459,-0.277204175189237,0.263070498640161,"Potential 1","Bird","Phyllocladus aspleniifolius","Monotoca glauca","S_TAS","N_AUS",NA,NA
"29","Nothofagus cunninghamii","Nothofagus cunninghamii",0.345491751996665,0.201295828176884,0.489687675816446,0.3325368683351,0.358446635658231,0.0735707007665346,"Potential 1","Bird","Nothofagus cunninghamii","Nothofagus cunninghamii","S_TAS","N_AUS",1,"S_TAS"
"30","Phyllocladus aspleniifolius","Nothofagus cunninghamii",-0.114357707152921,-0.287604564038389,0.0588891497325469,-0.117726476980427,-0.110988937325415,0.0883928777528653,"Potential 1","Bird","Phyllocladus aspleniifolius","Nothofagus cunninghamii","S_TAS","N_AUS",NA,NA
"36","Phyllocladus aspleniifolius","Phyllocladus aspleniifolius",-0.277187308871303,-0.871539002451368,0.317164384708762,-0.284706364617756,-0.26966825312485,0.303246232210508,"Potential 1","Bird","Phyllocladus aspleniifolius","Phyllocladus aspleniifolius","S_TAS","N_AUS",NA,NA
"110","Acacia melanoxylon","Acacia melanoxylon",0.386724459356104,-0.11603113079296,0.889480049505168,0.377461567352759,0.395987351359448,0.256512667638148,"Potential 1","Flowerdale","Acacia melanoxylon","Acacia melanoxylon","N_TAS","N_AUS",NA,NA
"211","Eucalyptus obliqua","Acacia melanoxylon",0.037257266312034,-0.0660748165967056,0.140589349220774,0.0338771543267714,0.0406373782972966,0.052721419232093,"Potential 1","Flowerdale","Eucalyptus obliqua","Acacia melanoxylon","N_TAS","N_AUS",NA,NA
"35","Nematolepis squamea","Acacia melanoxylon",-0.0576541219688335,-0.131358387225041,0.0160501432873735,-0.0599534400578772,-0.0553548038797898,0.0376049079664611,"Potential 1","Flowerdale","Nematolepis squamea","Acacia melanoxylon","N_TAS","N_AUS",NA,NA
"46","Pomaderris apetala","Acacia melanoxylon",-0.014273634824211,-0.113795842645364,0.0852485729969421,-0.0168948828281049,-0.011652386820317,0.0507775696932043,"Potential 1","Flowerdale","Pomaderris apetala","Acacia melanoxylon","N_TAS","N_AUS",NA,NA
"65","Eucalyptus obliqua","Eucalyptus obliqua",-0.0893954225492681,-0.320315527614683,0.141524682516147,-0.102063588639197,-0.076727256459339,0.11781854507883,"Potential 1","Flowerdale","Eucalyptus obliqua","Eucalyptus obliqua","N_TAS","N_AUS",NA,NA
"7","Nematolepis squamea","Eucalyptus obliqua",-0.0423825469916269,-0.110225710748638,0.0254606167653838,-0.0445885440615453,-0.0401765499217085,0.0346144951091698,"Potential 1","Flowerdale","Nematolepis squamea","Eucalyptus obliqua","N_TAS","N_AUS",NA,NA
"81","Pomaderris apetala","Eucalyptus obliqua",-0.0720723257436167,NA,NA,-0.0740793039206498,-0.0700653475665835,NA,"Potential 1","Flowerdale","Pomaderris apetala","Eucalyptus obliqua","N_TAS","N_AUS",NA,NA
"112","Nematolepis squamea","Nematolepis squamea",0.361594412743115,0.249204109663918,0.473984715822312,0.352872325356301,0.370316500129929,0.0573430450588466,"Potential 1","Flowerdale","Nematolepis squamea","Nematolepis squamea","N_TAS","N_AUS",1,"N_TAS"
"122","Pomaderris apetala","Nematolepis squamea",-0.0260362433104741,-0.06130479696635,0.00923231034540177,-0.0279844870157676,-0.0240879996051806,0.0179944906814971,"Potential 1","Flowerdale","Pomaderris apetala","Nematolepis squamea","N_TAS","N_AUS",NA,NA
"162","Pomaderris apetala","Pomaderris apetala",0.44856109134162,0.328425458524157,0.568696724159083,0.438723689535982,0.458398493147258,0.0612948165196287,"Potential 1","Flowerdale","Pomaderris apetala","Pomaderris apetala","N_TAS","N_AUS",1,"N_TAS"
"113","Acacia melanoxylon","Acacia melanoxylon",-0.157248595559193,-0.479679073852574,0.165181882734187,-0.165307382835601,-0.149189808282785,0.164508368947935,"Potential 1","Dip","Acacia melanoxylon","Acacia melanoxylon","N_TAS","N_AUS",NA,NA
"212","Eucalyptus obliqua","Acacia melanoxylon",-0.108337897906104,-0.294433416571735,0.0777576207595274,-0.111317311790577,-0.10535848402163,0.0949484378965782,"Potential 1","Dip","Eucalyptus obliqua","Acacia melanoxylon","N_TAS","N_AUS",NA,NA
"37","Olearia argophylla","Acacia melanoxylon",-0.00700728583468,-0.201572275292749,0.187557703623389,-0.00956626776972258,-0.00444830389963742,0.0992696758679102,"Potential 1","Dip","Olearia argophylla","Acacia melanoxylon","N_TAS","N_AUS",NA,NA
"47","Pomaderris apetala","Acacia melanoxylon",-0.0406511620647114,-0.0799807059965371,-0.00132161813288569,-0.0418679679921217,-0.0394343561373011,0.0200664625687269,"Potential 1","Dip","Pomaderris apetala","Acacia melanoxylon","N_TAS","N_AUS",1,"N_TAS"
"66","Eucalyptus obliqua","Eucalyptus obliqua",-0.0490278575723741,-0.356458779013245,0.258403063868497,-0.054618836658629,-0.0434368784861191,0.156855393193878,"Potential 1","Dip","Eucalyptus obliqua","Eucalyptus obliqua","N_TAS","N_AUS",NA,NA
"71","Olearia argophylla","Eucalyptus obliqua",0.171139424495136,-0.129112890364836,0.471391739355109,0.166572753737927,0.175706095252345,0.153192771514336,"Potential 1","Dip","Olearia argophylla","Eucalyptus obliqua","N_TAS","N_AUS",NA,NA
"82","Pomaderris apetala","Eucalyptus obliqua",0.0230327942490775,-0.03497727023799,0.0810428587361449,0.0216758867465896,0.0243897017515654,0.0295975155383688,"Potential 1","Dip","Pomaderris apetala","Eucalyptus obliqua","N_TAS","N_AUS",NA,NA
"114","Olearia argophylla","Olearia argophylla",0.14717488591493,-0.360252758922061,0.654602530751922,0.141835857881349,0.152513913948512,0.258896412811417,"Potential 1","Dip","Olearia argophylla","Olearia argophylla","N_TAS","N_AUS",NA,NA
"123","Pomaderris apetala","Olearia argophylla",-0.0300087802052614,-0.0606588626918936,0.000641302281370756,-0.0307368240071731,-0.0292807364033497,0.0156380845405304,"Potential 1","Dip","Pomaderris apetala","Olearia argophylla","N_TAS","N_AUS",NA,NA
"163","Pomaderris apetala","Pomaderris apetala",0.748965562949653,0.632396641754883,0.865534484144423,0.72507421707814,0.772856908821165,0.0594750322527611,"Potential 1","Dip","Pomaderris apetala","Pomaderris apetala","N_TAS","N_AUS",1,"N_TAS"
"115","Acacia melanoxylon","Acacia melanoxylon",0.278131086318501,0.135494204262319,0.420767968374684,0.269637302416748,0.286624870220254,0.0727752566788389,"Potential 1","Weld","Acacia melanoxylon","Acacia melanoxylon","S_TAS","N_AUS",1,"S_TAS"
"213","Eucalyptus obliqua","Acacia melanoxylon",-0.0179379251445038,-0.113253972962147,0.0773781226731391,-0.0197361190316602,-0.0161397312573474,0.0486315302574352,"Potential 1","Weld","Eucalyptus obliqua","Acacia melanoxylon","S_TAS","N_AUS",NA,NA
"38","Eucalyptus regnans","Acacia melanoxylon",-0.0433207354542547,-0.11420927711333,0.0275678062048206,-0.0455638096429996,-0.0410776612655099,0.0361682878962242,"Potential 1","Weld","Eucalyptus regnans","Acacia melanoxylon","S_TAS","N_AUS",NA,NA
"48","Pomaderris apetala","Acacia melanoxylon",0.00510152627660456,-0.0582575564872973,0.0684606090405064,0.00285484273675658,0.00734820981645254,0.0323266566445456,"Potential 1","Weld","Pomaderris apetala","Acacia melanoxylon","S_TAS","N_AUS",NA,NA
"67","Eucalyptus obliqua","Eucalyptus obliqua",0.0490692231646045,-0.234591095313313,0.332729541642522,0.0445552755080696,0.0535831708211394,0.144727311682967,"Potential 1","Weld","Eucalyptus obliqua","Eucalyptus obliqua","S_TAS","N_AUS",NA,NA
"72","Eucalyptus regnans","Eucalyptus obliqua",0.273547242221316,0.0390356283175183,0.508058856125113,0.269256619322665,0.277837865119967,0.119650981218836,"Potential 1","Weld","Eucalyptus regnans","Eucalyptus obliqua","S_TAS","N_AUS",1,"S_TAS"
"83","Pomaderris apetala","Eucalyptus obliqua",0.037546776385134,-0.093446267697972,0.16853982046824,0.0351753682748218,0.0399181844954462,0.0668344138547251,"Potential 1","Weld","Pomaderris apetala","Eucalyptus obliqua","S_TAS","N_AUS",NA,NA
"116","Eucalyptus regnans","Eucalyptus regnans",0.191597897546343,-0.0396145142221082,0.422810309314793,0.184101262734872,0.199094532357813,0.117967683892268,"Potential 1","Weld","Eucalyptus regnans","Eucalyptus regnans","S_TAS","N_AUS",NA,NA
"124","Pomaderris apetala","Eucalyptus regnans",0.0257562343526165,-0.0453210591464858,0.0968335278517188,0.0232810534432716,0.0282314152619613,0.0362645916250252,"Potential 1","Weld","Pomaderris apetala","Eucalyptus regnans","S_TAS","N_AUS",NA,NA
"164","Pomaderris apetala","Pomaderris apetala",0.609003109557337,0.4576959122617,0.760310306852975,0.595921888683696,0.622084330430979,0.0771989681897878,"Potential 1","Weld","Pomaderris apetala","Pomaderris apetala","S_TAS","N_AUS",1,"S_TAS"
"117","Eucalyptus obliqua","Eucalyptus obliqua",-0.150100310359422,-0.371650708180734,0.0714500874618908,-0.162418812695544,-0.137781808023299,0.113037994355444,"Potential 1","ZigZag","Eucalyptus obliqua","Eucalyptus obliqua","S_TAS","N_AUS",NA,NA
"214","Nematolepis squamea","Eucalyptus obliqua",0.223433401242115,0.0779602836113239,0.368906518872906,0.214128691698209,0.232738110786021,0.0742223422360128,"Potential 1","ZigZag","Nematolepis squamea","Eucalyptus obliqua","S_TAS","N_AUS",1,"S_TAS"
"39","Pomaderris apetala","Eucalyptus obliqua",0.0159069570591201,-0.0526859890097635,0.0844999031280036,0.0117767349527571,0.020037179165483,0.0349970441344514,"Potential 1","ZigZag","Pomaderris apetala","Eucalyptus obliqua","S_TAS","N_AUS",NA,NA
"55","Nematolepis squamea","Nematolepis squamea",0.0872310962882155,-0.100719506978944,0.275181699555375,0.0677361617004547,0.106726030875976,0.0958949270240115,"Potential 1","ZigZag","Nematolepis squamea","Nematolepis squamea","S_TAS","N_AUS",NA,NA
"68","Pomaderris apetala","Nematolepis squamea",-0.162661975959102,-0.196185960205739,-0.129137991712464,-0.166434243168324,-0.158889708749879,0.0171043878923645,"Potential 1","ZigZag","Pomaderris apetala","Nematolepis squamea","S_TAS","N_AUS",1,"S_TAS"
"95","Pomaderris apetala","Pomaderris apetala",0.307149777858603,0.171883595837201,0.442415959880005,0.281439220825465,0.33286033489174,0.069014626334139,"Potential 1","ZigZag","Pomaderris apetala","Pomaderris apetala","S_TAS","N_AUS",1,"S_TAS"
"118","Atherosperma moschatum","Atherosperma moschatum",-0.057689690544294,-0.522119650576323,0.406740269487735,-0.0648352279141803,-0.0505441531744078,0.23695841540732,"Potential 1","NorthStyx","Atherosperma moschatum","Atherosperma moschatum","S_TAS","N_AUS",NA,NA
"215","Eucalyptus delegatensis","Atherosperma moschatum",-0.0586917631738643,-0.325639178473734,0.208255652126006,-0.0640960413079428,-0.0532874850397858,0.136200163577248,"Potential 1","NorthStyx","Eucalyptus delegatensis","Atherosperma moschatum","S_TAS","N_AUS",NA,NA
"310","Eucalyptus regnans","Atherosperma moschatum",-0.0269556634894325,-0.122349669642515,0.0684383426636496,-0.0288755970681087,-0.0250357299107564,0.0486713056492558,"Potential 1","NorthStyx","Eucalyptus regnans","Atherosperma moschatum","S_TAS","N_AUS",NA,NA
"49","Monotoca glauca","Atherosperma moschatum",-0.190783179470392,-0.678645865994084,0.297079507053299,-0.199885171916113,-0.181681187024672,0.248914107795801,"Potential 1","NorthStyx","Monotoca glauca","Atherosperma moschatum","S_TAS","N_AUS",NA,NA
"56","Nothofagus cunninghamii","Atherosperma moschatum",0.000795487898143725,-0.279663645419788,0.281254621216075,-0.00373242742971347,0.00532340322600092,0.143094023936234,"Potential 1","NorthStyx","Nothofagus cunninghamii","Atherosperma moschatum","S_TAS","N_AUS",NA,NA
"69","Phyllocladus aspleniifolius","Atherosperma moschatum",0.100425778557204,-0.498359177672928,0.699210734787337,0.0913090483504614,0.109542508763947,0.305508142472654,"Potential 1","NorthStyx","Phyllocladus aspleniifolius","Atherosperma moschatum","S_TAS","N_AUS",NA,NA
"84","Eucalyptus delegatensis","Eucalyptus delegatensis",0.359751178635974,0.124294826365539,0.595207530906409,0.347257813244232,0.372244544027716,0.120132999446768,"Potential 1","NorthStyx","Eucalyptus delegatensis","Eucalyptus delegatensis","S_TAS","N_AUS",1,"S_TAS"
"96","Eucalyptus regnans","Eucalyptus delegatensis",-0.052862024101139,-0.0959442248723396,-0.00977982332993845,-0.054813584555527,-0.050910463646751,0.0219811185873962,"Potential 1","NorthStyx","Eucalyptus regnans","Eucalyptus delegatensis","S_TAS","N_AUS",1,"S_TAS"
"101","Monotoca glauca","Eucalyptus delegatensis",0.0943440011703057,-0.00359462395970662,0.192282626300318,0.0894731409999375,0.0992148613406739,0.0499696044940314,"Potential 1","NorthStyx","Monotoca glauca","Eucalyptus delegatensis","S_TAS","N_AUS",NA,NA
"119","Nothofagus cunninghamii","Eucalyptus delegatensis",-0.0649871715740794,-0.186973510029188,0.0569991668810288,-0.0683864795574707,-0.061587863590688,0.0622390714407616,"Potential 1","NorthStyx","Nothofagus cunninghamii","Eucalyptus delegatensis","S_TAS","N_AUS",NA,NA
"125","Phyllocladus aspleniifolius","Eucalyptus delegatensis",0.0105443696897265,-0.0928388222448281,0.113927561624281,0.00691955085339309,0.0141691885260599,0.0527474957448341,"Potential 1","NorthStyx","Phyllocladus aspleniifolius","Eucalyptus delegatensis","S_TAS","N_AUS",NA,NA
"152","Eucalyptus regnans","Eucalyptus regnans",0.263337109351687,0.123440403902577,0.403233814800796,0.252190300718926,0.274483917984448,0.0713771816995602,"Potential 1","NorthStyx","Eucalyptus regnans","Eucalyptus regnans","S_TAS","N_AUS",1,"S_TAS"
"165","Monotoca glauca","Eucalyptus regnans",0.0607710087505968,-0.0266863252501485,0.148228342751342,0.05747792787611,0.0640640896250835,0.0446219087139343,"Potential 1","NorthStyx","Monotoca glauca","Eucalyptus regnans","S_TAS","N_AUS",NA,NA
"172","Nothofagus cunninghamii","Eucalyptus regnans",-0.0224253760418506,-0.0930830188991136,0.0482322668154124,-0.0241141520097743,-0.0207366000739268,0.0360504802203517,"Potential 1","NorthStyx","Nothofagus cunninghamii","Eucalyptus regnans","S_TAS","N_AUS",NA,NA
"182","Phyllocladus aspleniifolius","Eucalyptus regnans",0.0398003428154696,-0.0605158165388188,0.140116502169758,0.0365191135637327,0.0430815720672065,0.051182654449556,"Potential 1","NorthStyx","Phyllocladus aspleniifolius","Eucalyptus regnans","S_TAS","N_AUS",NA,NA
"222","Monotoca glauca","Monotoca glauca",0.517617014712027,0.264042032347491,0.771191997076563,0.504641832977634,0.53059219644642,0.129377368341818,"Potential 1","NorthStyx","Monotoca glauca","Monotoca glauca","S_TAS","N_AUS",1,"S_TAS"
"232","Nothofagus cunninghamii","Monotoca glauca",0.169845072863667,-0.064734911057524,0.404425056784857,0.163801617225893,0.17588852850144,0.11968586452176,"Potential 1","NorthStyx","Nothofagus cunninghamii","Monotoca glauca","S_TAS","N_AUS",NA,NA
"242","Phyllocladus aspleniifolius","Monotoca glauca",0.122297133742362,-0.122981995625581,0.367576263110305,0.113500682481814,0.13109358500291,0.125144712506287,"Potential 1","NorthStyx","Phyllocladus aspleniifolius","Monotoca glauca","S_TAS","N_AUS",NA,NA
"291","Nothofagus cunninghamii","Nothofagus cunninghamii",0.139076966172927,-0.196805499342129,0.474959431687984,0.13138991782899,0.146764014516865,0.171371753850813,"Potential 1","NorthStyx","Nothofagus cunninghamii","Nothofagus cunninghamii","S_TAS","N_AUS",NA,NA
"301","Phyllocladus aspleniifolius","Nothofagus cunninghamii",-0.218367558174157,-0.603841077760932,0.167105961412618,-0.225885765614991,-0.210849350733324,0.196673776981282,"Potential 1","NorthStyx","Phyllocladus aspleniifolius","Nothofagus cunninghamii","S_TAS","N_AUS",NA,NA
"361","Phyllocladus aspleniifolius","Phyllocladus aspleniifolius",0.313634034578414,-0.0631327349364763,0.690400804093305,0.299580535577575,0.327687533579254,0.192231475928527,"Potential 1","NorthStyx","Phyllocladus aspleniifolius","Phyllocladus aspleniifolius","S_TAS","N_AUS",NA,NA
"120","Eucalyptus cypellocarpa","Eucalyptus cypellocarpa",0.101533073466809,-0.093932037852943,0.296998184786561,0.0957139298135196,0.107352217120099,0.0997289301546131,"Potential 1","Newline","Eucalyptus cypellocarpa","Eucalyptus cypellocarpa","SE_NSW","SE_AUS",NA,NA
"216","Eucalyptus fastigata","Eucalyptus cypellocarpa",-0.000244938773183028,-0.0951344433503542,0.0946445658039882,-0.00277031344285324,0.00228043589648719,0.0484139021561863,"Potential 1","Newline","Eucalyptus fastigata","Eucalyptus cypellocarpa","SE_NSW","SE_AUS",NA,NA
"311","Eucalyptus obliqua","Eucalyptus cypellocarpa",0.0882058400645211,-0.0284951403649307,0.204906820493973,0.0853152994301893,0.0910963806988529,0.059542410651407,"Potential 1","Newline","Eucalyptus obliqua","Eucalyptus cypellocarpa","SE_NSW","SE_AUS",NA,NA
"410","Eucalyptus radiata","Eucalyptus cypellocarpa",-0.15525411982339,-0.315670803582091,0.00516256393531137,-0.15794301154121,-0.15256522810557,0.0818467507689158,"Potential 1","Newline","Eucalyptus radiata","Eucalyptus cypellocarpa","SE_NSW","SE_AUS",NA,NA
"610","Eucalyptus fastigata","Eucalyptus fastigata",0.166934664520819,0.0165171492196124,0.317352179822025,0.160207764732958,0.17366156430868,0.0767450404638455,"Potential 1","Newline","Eucalyptus fastigata","Eucalyptus fastigata","SE_NSW","SE_AUS",1,"SE_NSW"
"73","Eucalyptus obliqua","Eucalyptus fastigata",-0.0861485035738887,-0.143411272189486,-0.0288857349582915,-0.0880334039110429,-0.0842636032367344,0.0292162351284404,"Potential 1","Newline","Eucalyptus obliqua","Eucalyptus fastigata","SE_NSW","SE_AUS",1,"SE_NSW"
"85","Eucalyptus radiata","Eucalyptus fastigata",-0.0152560645088231,-0.143004967956896,0.11249283893925,-0.017555971177936,-0.0129561578397103,0.0651792096465752,"Potential 1","Newline","Eucalyptus radiata","Eucalyptus fastigata","SE_NSW","SE_AUS",NA,NA
"1110","Eucalyptus obliqua","Eucalyptus obliqua",0.314603278811662,0.128285234121032,0.500921323502291,0.307457185326886,0.321749372296438,0.0950619736690483,"Potential 1","Newline","Eucalyptus obliqua","Eucalyptus obliqua","SE_NSW","SE_AUS",1,"SE_NSW"
"126","Eucalyptus radiata","Eucalyptus obliqua",0.123165462911873,-0.00507054610780749,0.251401471931553,0.120437833201855,0.12589309262189,0.0654277374641522,"Potential 1","Newline","Eucalyptus radiata","Eucalyptus obliqua","SE_NSW","SE_AUS",NA,NA
"166","Eucalyptus radiata","Eucalyptus radiata",0.31866154522845,0.0361085058479949,0.601214584608905,0.310948629404817,0.326374461052083,0.14416236298687,"Potential 1","Newline","Eucalyptus radiata","Eucalyptus radiata","SE_NSW","SE_AUS",1,"SE_NSW"
"127","Eucalyptus cypellocarpa","Eucalyptus cypellocarpa",0.0460528616194098,-0.237384271168175,0.329489994406994,0.0412740288249591,0.0508316944138604,0.144613439340366,"Potential 1","WaratahMix","Eucalyptus cypellocarpa","Eucalyptus cypellocarpa","SE_NSW","SE_AUS",NA,NA
"217","Eucalyptus fastigata","Eucalyptus cypellocarpa",-0.107911494214778,-0.198992077646047,-0.0168309107835097,-0.109458095226638,-0.106364893202919,0.0464705393311819,"Potential 1","WaratahMix","Eucalyptus fastigata","Eucalyptus cypellocarpa","SE_NSW","SE_AUS",1,"SE_NSW"
"312","Eucalyptus obliqua","Eucalyptus cypellocarpa",-0.0230506077191308,-0.15505084203049,0.108949626592229,-0.0253145973871523,-0.0207866180511092,0.067348295862863,"Potential 1","WaratahMix","Eucalyptus obliqua","Eucalyptus cypellocarpa","SE_NSW","SE_AUS",NA,NA
"411","Eucalyptus radiata","Eucalyptus cypellocarpa",-0.00745292832331821,-0.0680721247044372,0.0531662680578008,-0.00876022348084299,-0.00614563316579342,0.0309287297416052,"Potential 1","WaratahMix","Eucalyptus radiata","Eucalyptus cypellocarpa","SE_NSW","SE_AUS",NA,NA
"611","Eucalyptus fastigata","Eucalyptus fastigata",0.0938045927087483,-0.0905336081549578,0.278142793572454,0.0886342847192792,0.0989749006982174,0.0940518307059428,"Potential 1","WaratahMix","Eucalyptus fastigata","Eucalyptus fastigata","SE_NSW","SE_AUS",NA,NA
"74","Eucalyptus obliqua","Eucalyptus fastigata",-0.0518228670881386,-0.12186137414749,0.0182156399712126,-0.0535191386534666,-0.0501265955228106,0.0357345888045934,"Potential 1","WaratahMix","Eucalyptus obliqua","Eucalyptus fastigata","SE_NSW","SE_AUS",NA,NA
"86","Eucalyptus radiata","Eucalyptus fastigata",-0.0461661482222158,-0.0987484318955479,0.00641613545111629,-0.0475178033047933,-0.0448144931396383,0.0268281887259636,"Potential 1","WaratahMix","Eucalyptus radiata","Eucalyptus fastigata","SE_NSW","SE_AUS",NA,NA
"1111","Eucalyptus obliqua","Eucalyptus obliqua",0.240231875569717,0.0608096880594372,0.419654063079997,0.234665013422423,0.245798737717011,0.0915436145386034,"Potential 1","WaratahMix","Eucalyptus obliqua","Eucalyptus obliqua","SE_NSW","SE_AUS",1,"SE_NSW"
"128","Eucalyptus radiata","Eucalyptus obliqua",-0.0604314515616342,-0.100989046005206,-0.0198738571180624,-0.0620664841126494,-0.0587964190106191,0.020693030465603,"Potential 1","WaratahMix","Eucalyptus radiata","Eucalyptus obliqua","SE_NSW","SE_AUS",1,"SE_NSW"
"167","Eucalyptus radiata","Eucalyptus radiata",0.307383447492644,0.155347382721012,0.459419512264277,0.300145000755183,0.314621894230105,0.0775708461843553,"Potential 1","WaratahMix","Eucalyptus radiata","Eucalyptus radiata","SE_NSW","SE_AUS",1,"SE_NSW"
"129","Eucalyptus fastigata","Eucalyptus fastigata",0.389879624142354,0.240160522384941,0.539598725899767,0.3822939048554,0.397465343429308,0.0763887004753038,"Potential 1","WogWay","Eucalyptus fastigata","Eucalyptus fastigata","SE_NSW","SE_AUS",1,"SE_NSW"
"218","Eucalyptus obliqua","Eucalyptus fastigata",-0.0374895955227879,-0.141769482634388,0.0667902915888119,-0.0392289859700368,-0.0357502050755391,0.053205001690922,"Potential 1","WogWay","Eucalyptus obliqua","Eucalyptus fastigata","SE_NSW","SE_AUS",NA,NA
"313","Eucalyptus viminalis","Eucalyptus fastigata",-0.086780773015466,-0.143876329095314,-0.0296852169356178,-0.0886998834134711,-0.0848616626174609,0.0291309210425348,"Potential 1","WogWay","Eucalyptus viminalis","Eucalyptus fastigata","SE_NSW","SE_AUS",1,"SE_NSW"
"57","Eucalyptus obliqua","Eucalyptus obliqua",0.317754005495974,0.0728635711197263,0.562644439872223,0.313202596367108,0.322305414624841,0.124946395090886,"Potential 1","WogWay","Eucalyptus obliqua","Eucalyptus obliqua","SE_NSW","SE_AUS",1,"SE_NSW"
"612","Eucalyptus viminalis","Eucalyptus obliqua",0.0496422341535319,-0.0188436258243884,0.118128094131452,0.0479435507855715,0.0513409175214923,0.0349424073697925,"Potential 1","WogWay","Eucalyptus viminalis","Eucalyptus obliqua","SE_NSW","SE_AUS",NA,NA
"97","Eucalyptus viminalis","Eucalyptus viminalis",0.339009614828545,0.205958252285998,0.472060977371091,0.33061223887507,0.347406990782019,0.0678845956313681,"Potential 1","WogWay","Eucalyptus viminalis","Eucalyptus viminalis","SE_NSW","SE_AUS",1,"SE_NSW"
"130","Acacia melanoxylon","Acacia melanoxylon",0.0290055684677651,-0.470101455365048,0.528112592300578,0.0219692386884274,0.0360418982471028,0.254651120005115,"Potential 1","Goodenia","Acacia melanoxylon","Acacia melanoxylon","SE_NSW","SE_AUS",NA,NA
"219","Eucalyptus fastigata","Acacia melanoxylon",0.00773791915608602,-0.153704420666748,0.16918025897892,0.00588293720320461,0.00959290110896742,0.0823700542950127,"Potential 1","Goodenia","Eucalyptus fastigata","Acacia melanoxylon","SE_NSW","SE_AUS",NA,NA
"314","Eucalyptus sieberi","Acacia melanoxylon",0.344204002287557,-0.143221765309464,0.831629769884579,0.337433141553683,0.350974863021432,0.248691185879829,"Potential 1","Goodenia","Eucalyptus sieberi","Acacia melanoxylon","SE_NSW","SE_AUS",NA,NA
"58","Eucalyptus fastigata","Eucalyptus fastigata",0.0122802306891464,-0.206339753380924,0.230900214759217,0.00601602316912292,0.0185444382091699,0.111542857825203,"Potential 1","Goodenia","Eucalyptus fastigata","Eucalyptus fastigata","SE_NSW","SE_AUS",NA,NA
"613","Eucalyptus sieberi","Eucalyptus fastigata",-0.0838382477273098,-0.219843056845148,0.0521665613905279,-0.0854939562813113,-0.0821825391733083,0.0693914838183897,"Potential 1","Goodenia","Eucalyptus sieberi","Eucalyptus fastigata","SE_NSW","SE_AUS",NA,NA
"98","Eucalyptus sieberi","Eucalyptus sieberi",0.0395386641404599,-0.394387354999558,0.473464683280477,0.0333919107760019,0.045685417504918,0.221394894274982,"Potential 1","Goodenia","Eucalyptus sieberi","Eucalyptus sieberi","SE_NSW","SE_AUS",NA,NA
"131","Eucalyptus cypellocarpa","Eucalyptus cypellocarpa",-1.02982087929222,-2.35297277313034,0.29333101454589,-1.04101738051609,-1.01862437806836,0.675089901791547,"Potential 1","Candelo","Eucalyptus cypellocarpa","Eucalyptus cypellocarpa","SE_NSW","SE_AUS",NA,NA
"220","Eucalyptus obliqua","Eucalyptus cypellocarpa",0.351123995372243,-0.10291045964412,0.805158450388606,0.345452321162279,0.356795669582207,0.2316544888568,"Potential 1","Candelo","Eucalyptus obliqua","Eucalyptus cypellocarpa","SE_NSW","SE_AUS",NA,NA
"412","Eucalyptus obliqua","Eucalyptus obliqua",0.135388083244696,-0.0583897584902222,0.329165924979614,0.127085598378617,0.143690568110776,0.0988680625069712,"Potential 1","Candelo","Eucalyptus obliqua","Eucalyptus obliqua","SE_NSW","SE_AUS",NA,NA
"132","Eucalyptus regnans","Eucalyptus regnans",-0.173809766087058,-0.419457097570281,0.0718375653961659,-0.184317755669173,-0.163301776504943,0.125332574180372,"Potential 1","ANU101","Eucalyptus regnans","Eucalyptus regnans","SE_VIC","SE_AUS",NA,NA
"223","Pomaderris aspera","Eucalyptus regnans",-0.121743889527991,-0.210472713495848,-0.0330150655601339,-0.125056967555435,-0.118430811500548,0.0452706400054996,"Potential 1","ANU101","Pomaderris aspera","Eucalyptus regnans","SE_VIC","SE_AUS",1,"SE_VIC"
"413","Pomaderris aspera","Pomaderris aspera",0.20330706681542,0.0292033126804586,0.377410820950382,0.195650002467778,0.210964131163062,0.0888300782607588,"Potential 1","ANU101","Pomaderris aspera","Pomaderris aspera","SE_VIC","SE_AUS",1,"SE_VIC"
"133","Acacia melanoxylon","Acacia melanoxylon",0.135971168327433,-0.0433159084045935,0.315258245059459,0.123910738528565,0.1480315981263,0.0914746792013628,"Potential 1","Ada Tree","Acacia melanoxylon","Acacia melanoxylon","SE_VIC","SE_AUS",NA,NA
"224","Eucalyptus regnans","Acacia melanoxylon",0.0659172504683816,-0.0810044554893461,0.212838956426109,0.059981174934565,0.0718533260021983,0.0749614314939598,"Potential 1","Ada Tree","Eucalyptus regnans","Acacia melanoxylon","SE_VIC","SE_AUS",NA,NA
"414","Eucalyptus regnans","Eucalyptus regnans",-0.695984218705648,-1.04262865995994,-0.34933977745136,-0.71854955498128,-0.673418882430016,0.176862658696066,"Potential 1","Ada Tree","Eucalyptus regnans","Eucalyptus regnans","SE_VIC","SE_AUS",1,"SE_VIC"
"134","Acacia melanoxylon","Acacia melanoxylon",0.242616676332217,0.0793899690871968,0.405843383577238,0.232164740783896,0.253068611880539,0.0832804625659104,"Potential 1","Weeaproinah","Acacia melanoxylon","Acacia melanoxylon","SE_VIC","SE_AUS",1,"SE_VIC"
"225","Eucalyptus regnans","Acacia melanoxylon",-0.0074686136716405,-0.125489225738586,0.110551998395305,-0.013176570598224,-0.00176065674505703,0.0602157044710398,"Potential 1","Weeaproinah","Eucalyptus regnans","Acacia melanoxylon","SE_VIC","SE_AUS",NA,NA
"315","Nematolepis squamea subsp squamea","Acacia melanoxylon",0.0509274152655018,-0.0221385209916399,0.123993351522644,0.0464935638224408,0.0553612667085628,0.0372792239211927,"Potential 1","Weeaproinah","Nematolepis squamea subsp squamea","Acacia melanoxylon","SE_VIC","SE_AUS",NA,NA
"59","Eucalyptus regnans","Eucalyptus regnans",-0.648962914837866,-0.946617566131425,-0.351308263544307,-0.676196888097397,-0.621728941578336,0.151867408606189,"Potential 1","Weeaproinah","Eucalyptus regnans","Eucalyptus regnans","SE_VIC","SE_AUS",1,"SE_VIC"
"614","Nematolepis squamea subsp squamea","Eucalyptus regnans",0.0545139364702098,-0.0542496218367024,0.163277494777122,0.0486976943634708,0.0603301785769488,0.0554926310711958,"Potential 1","Weeaproinah","Nematolepis squamea subsp squamea","Eucalyptus regnans","SE_VIC","SE_AUS",NA,NA
"99","Nematolepis squamea subsp squamea","Nematolepis squamea subsp squamea",0.335866060306846,0.181652808537584,0.490079312076109,0.317126693553711,0.354605427059982,0.0786816762887875,"Potential 1","Weeaproinah","Nematolepis squamea subsp squamea","Nematolepis squamea subsp squamea","SE_VIC","SE_AUS",1,"SE_VIC"
"135","Eucalyptus regnans","Eucalyptus regnans",-0.619652365117024,-0.95972538535506,-0.279579344878987,-0.63900981436072,-0.600294915873327,0.173509831262457,"Potential 1","ANU363","Eucalyptus regnans","Eucalyptus regnans","SE_VIC","SE_AUS",1,"SE_VIC"
"136","Eucalyptus regnans","Eucalyptus regnans",-0.262323405171213,-0.523549402579962,-0.00109740776246448,-0.27767423760432,-0.246972572738106,0.133281019176508,"Potential 1","ANU589","Eucalyptus regnans","Eucalyptus regnans","SE_VIC","SE_AUS",1,"SE_VIC"
"226","Olearia argophylla","Eucalyptus regnans",-0.105722672451436,-0.214363626690385,0.0029182817875133,-0.108100753303819,-0.103344591599053,0.0554300768258475,"Potential 1","ANU589","Olearia argophylla","Eucalyptus regnans","SE_VIC","SE_AUS",NA,NA
"316","Pomaderris aspera","Eucalyptus regnans",-0.0467227849676264,-0.122450625003752,0.029005055068499,-0.0495356066453842,-0.0439099632898685,0.0386373630502688,"Potential 1","ANU589","Pomaderris aspera","Eucalyptus regnans","SE_VIC","SE_AUS",NA,NA
"510","Olearia argophylla","Olearia argophylla",0.218613014810067,-0.272434741830258,0.709660771450393,0.211141436092615,0.22608459352752,0.250539173430557,"Potential 1","ANU589","Olearia argophylla","Olearia argophylla","SE_VIC","SE_AUS",NA,NA
"615","Pomaderris aspera","Olearia argophylla",0.031274500816847,-0.150997546546683,0.213546548180377,0.0271773249830562,0.0353716766506379,0.0929976513860811,"Potential 1","ANU589","Pomaderris aspera","Olearia argophylla","SE_VIC","SE_AUS",NA,NA
"910","Pomaderris aspera","Pomaderris aspera",0.438648880905275,0.326657417231679,0.550640344578871,0.426948765881674,0.450348995928876,0.0571395518269574,"Potential 1","ANU589","Pomaderris aspera","Pomaderris aspera","SE_VIC","SE_AUS",1,"SE_VIC"
"137","Acacia melanoxylon","Acacia melanoxylon",-0.0479663008202928,-0.333284452339421,0.237351850698835,-0.054778711229012,-0.0411538904115736,0.145573160409927,"Potential 1","Turtons","Acacia melanoxylon","Acacia melanoxylon","SE_VIC","SE_AUS",NA,NA
"227","Eucalyptus regnans","Acacia melanoxylon",-0.00669108710667943,-0.232882687900353,0.219500513686995,-0.010883595223914,-0.00249857898944482,0.115405998568262,"Potential 1","Turtons","Eucalyptus regnans","Acacia melanoxylon","SE_VIC","SE_AUS",NA,NA
"317","Hedycarya angustifolia","Acacia melanoxylon",0.118688025500971,-0.00724416459010885,0.24462021559205,0.115437546338934,0.121938504663008,0.0642522980444624,"Potential 1","Turtons","Hedycarya angustifolia","Acacia melanoxylon","SE_VIC","SE_AUS",NA,NA
"415","Nematolepis squamea subsp squamea","Acacia melanoxylon",-0.000292730892594861,-0.0852115163253813,0.0846260545401915,-0.00242971498300327,0.00184425319781355,0.0433267070735049,"Potential 1","Turtons","Nematolepis squamea subsp squamea","Acacia melanoxylon","SE_VIC","SE_AUS",NA,NA
"511","Olearia argophylla","Acacia melanoxylon",0.071846246716238,-0.0361546382607758,0.179847131693252,0.0689684663898944,0.0747240270425815,0.0551035048750441,"Potential 1","Turtons","Olearia argophylla","Acacia melanoxylon","SE_VIC","SE_AUS",NA,NA
"75","Eucalyptus regnans","Eucalyptus regnans",-0.509114513035477,-0.983949059881138,-0.0342799661898149,-0.521067628079414,-0.497161397991539,0.242266975613377,"Potential 1","Turtons","Eucalyptus regnans","Eucalyptus regnans","SE_VIC","SE_AUS",1,"SE_VIC"
"87","Hedycarya angustifolia","Eucalyptus regnans",0.0169149533993286,-0.102632235873636,0.136462142672293,0.0143713779245823,0.0194585288740748,0.0609945847045853,"Potential 1","Turtons","Hedycarya angustifolia","Eucalyptus regnans","SE_VIC","SE_AUS",NA,NA
"911","Nematolepis squamea subsp squamea","Eucalyptus regnans",0.0785953008519065,-0.0548147864679412,0.212005388171754,0.0757137542538975,0.0814768474499154,0.0680676218400794,"Potential 1","Turtons","Nematolepis squamea subsp squamea","Eucalyptus regnans","SE_VIC","SE_AUS",NA,NA
"102","Olearia argophylla","Eucalyptus regnans",0.0307212947103038,-0.10676697120202,0.168209560622628,0.027718095922362,0.0337244934982457,0.070148363437703,"Potential 1","Turtons","Olearia argophylla","Eucalyptus regnans","SE_VIC","SE_AUS",NA,NA
"138","Hedycarya angustifolia","Hedycarya angustifolia",0.159358053598126,-0.0189790801759124,0.337695187372164,0.151021239911971,0.16769486728428,0.0909900055208865,"Potential 1","Turtons","Hedycarya angustifolia","Hedycarya angustifolia","SE_VIC","SE_AUS",NA,NA
"141","Nematolepis squamea subsp squamea","Hedycarya angustifolia",-0.108547978613781,-0.165339241727229,-0.0517567155003334,-0.110462031337614,-0.106633925889949,0.0289756666762298,"Potential 1","Turtons","Nematolepis squamea subsp squamea","Hedycarya angustifolia","SE_VIC","SE_AUS",1,"SE_VIC"
"153","Olearia argophylla","Hedycarya angustifolia",-0.0853931172792594,-0.141324231128879,-0.0294620034296395,-0.0872540323083289,-0.0835322022501898,0.028536806946861,"Potential 1","Turtons","Olearia argophylla","Hedycarya angustifolia","SE_VIC","SE_AUS",1,"SE_VIC"
"191","Nematolepis squamea subsp squamea","Nematolepis squamea subsp squamea",0.349838518365371,0.227521966198282,0.47215507053246,0.340536739773907,0.359140296956835,0.0624075509202752,"Potential 1","Turtons","Nematolepis squamea subsp squamea","Nematolepis squamea subsp squamea","SE_VIC","SE_AUS",1,"SE_VIC"
"20","Olearia argophylla","Nematolepis squamea subsp squamea",-0.0329704122093961,-0.0820766087558736,0.0161357843370813,-0.0349922070511503,-0.030948617367642,0.0250546422963998,"Potential 1","Turtons","Olearia argophylla","Nematolepis squamea subsp squamea","SE_VIC","SE_AUS",NA,NA
"251","Olearia argophylla","Olearia argophylla",0.325367401668543,0.142785750011844,0.507949053325242,0.317928519737339,0.332806283599747,0.0931556156627775,"Potential 1","Turtons","Olearia argophylla","Olearia argophylla","SE_VIC","SE_AUS",1,"SE_VIC"
"139","Acacia melanoxylon","Acacia melanoxylon",0.0255803299652897,-0.189663799235993,0.240824459166573,0.0192871346977956,0.0318735252327837,0.109820451242523,"Potential 1","Lardner","Acacia melanoxylon","Acacia melanoxylon","SE_VIC","SE_AUS",NA,NA
"228","Eucalyptus regnans","Acacia melanoxylon",-0.0380098159630179,-0.139332361982846,0.0633127300568105,-0.0405354902405562,-0.0354841416854795,0.051696126469184,"Potential 1","Lardner","Eucalyptus regnans","Acacia melanoxylon","SE_VIC","SE_AUS",NA,NA
"318","Hedycarya angustifolia","Acacia melanoxylon",-0.0626081787237939,-0.184639966048012,0.059423608600424,-0.064848169834456,-0.0603681876131318,0.0622622600653834,"Potential 1","Lardner","Hedycarya angustifolia","Acacia melanoxylon","SE_VIC","SE_AUS",NA,NA
"416","Nematolepis squamea subsp squamea","Acacia melanoxylon",-0.0468984198676741,-0.11008068337814,0.0162838436427918,-0.0482452377402532,-0.045551601995095,0.0322364410819993,"Potential 1","Lardner","Nematolepis squamea subsp squamea","Acacia melanoxylon","SE_VIC","SE_AUS",NA,NA
"512","Olearia argophylla","Acacia melanoxylon",-0.0307237626078439,-0.10607901080893,0.0446314855932425,-0.0326511754232285,-0.0287963497924593,0.0384472616820916,"Potential 1","Lardner","Olearia argophylla","Acacia melanoxylon","SE_VIC","SE_AUS",NA,NA
"76","Eucalyptus regnans","Eucalyptus regnans",-0.117614080821092,-0.319173674079036,0.0839455124368519,-0.125867105731256,-0.109361055910928,0.102838416852463,"Potential 1","Lardner","Eucalyptus regnans","Eucalyptus regnans","SE_VIC","SE_AUS",NA,NA
"88","Hedycarya angustifolia","Eucalyptus regnans",0.0452182910222655,-0.123598904135957,0.214035486180488,0.0408962734222039,0.0495403086223271,0.0861328047300007,"Potential 1","Lardner","Hedycarya angustifolia","Eucalyptus regnans","SE_VIC","SE_AUS",NA,NA
"912","Nematolepis squamea subsp squamea","Eucalyptus regnans",0.0243754515635317,-0.0549358149999028,0.103686718126966,0.0220961503263555,0.0266547528007079,0.0404656754864026,"Potential 1","Lardner","Nematolepis squamea subsp squamea","Eucalyptus regnans","SE_VIC","SE_AUS",NA,NA
"103","Olearia argophylla","Eucalyptus regnans",-0.0254771737140099,-0.130989733840363,0.0800353864123431,-0.028681996542061,-0.0222723508859587,0.053833928051037,"Potential 1","Lardner","Olearia argophylla","Eucalyptus regnans","SE_VIC","SE_AUS",NA,NA
"1310","Hedycarya angustifolia","Hedycarya angustifolia",0.0160915655119141,-0.232165136753674,0.264348267777503,0.0104974294746093,0.0216857015492189,0.126663910267641,"Potential 1","Lardner","Hedycarya angustifolia","Hedycarya angustifolia","SE_VIC","SE_AUS",NA,NA
"142","Nematolepis squamea subsp squamea","Hedycarya angustifolia",-0.0743184362302099,-0.169138670572142,0.0205017981117224,-0.0763241945963966,-0.0723126778640232,0.0483785595500031,"Potential 1","Lardner","Nematolepis squamea subsp squamea","Hedycarya angustifolia","SE_VIC","SE_AUS",NA,NA
"154","Olearia argophylla","Hedycarya angustifolia",0.00930666740679812,-0.0952969016663356,0.113910236479932,0.00670403746241732,0.0119092973511789,0.0533701485834604,"Potential 1","Lardner","Olearia argophylla","Hedycarya angustifolia","SE_VIC","SE_AUS",NA,NA
"192","Nematolepis squamea subsp squamea","Nematolepis squamea subsp squamea",0.221990253621075,0.0397992558598141,0.404181251382336,0.214107290114394,0.229873217127756,0.0929562987883249,"Potential 1","Lardner","Nematolepis squamea subsp squamea","Nematolepis squamea subsp squamea","SE_VIC","SE_AUS",1,"SE_VIC"
"201","Olearia argophylla","Nematolepis squamea subsp squamea",-0.0776845156738915,-0.132663384256285,-0.0227056470914984,-0.0792873785221507,-0.0760816528256323,0.028050958597229,"Potential 1","Lardner","Olearia argophylla","Nematolepis squamea subsp squamea","SE_VIC","SE_AUS",1,"SE_VIC"
"252","Olearia argophylla","Olearia argophylla",0.208902158953807,0.0646219939103389,0.353182323997275,0.202508544055707,0.215295773851907,0.0736136817724875,"Potential 1","Lardner","Olearia argophylla","Olearia argophylla","SE_VIC","SE_AUS",1,"SE_VIC"
"140","Acacia melanoxylon","Acacia melanoxylon",0.00251821494344081,-0.266608820977453,0.271645250864335,-0.00235107168446714,0.00738750157134876,0.137312235349085,"Potential 1","HardyCreek","Acacia melanoxylon","Acacia melanoxylon","SE_VIC","SE_AUS",NA,NA
"229","Eucalyptus regnans","Acacia melanoxylon",0.0607708858100467,-0.0844845638661057,0.206026335486199,0.0574756653255325,0.064066106294561,0.0741112851164149,"Potential 1","HardyCreek","Eucalyptus regnans","Acacia melanoxylon","SE_VIC","SE_AUS",NA,NA
"417","Eucalyptus regnans","Eucalyptus regnans",-0.230579164231127,-0.510117962553696,0.0489596340914408,-0.243428873512307,-0.217729454949948,0.142624456636721,"Potential 1","HardyCreek","Eucalyptus regnans","Eucalyptus regnans","SE_VIC","SE_AUS",NA,NA
"143","Allocasuarina torulosa","Allocasuarina torulosa",0.283431617999377,0.127050108491703,0.439813127507051,0.275434577939711,0.291428658059044,0.079787950565006,"Potential 1","MinesRd","Allocasuarina torulosa","Allocasuarina torulosa","N_NSW","N_AUS",1,"N_NSW"
"230","Eucalyptus microcorys","Allocasuarina torulosa",0.158555710308962,0.0214529428492879,0.295658477768635,0.156132527114169,0.160978893503754,0.0699516769395371,"Potential 1","MinesRd","Eucalyptus microcorys","Allocasuarina torulosa","N_NSW","N_AUS",1,"N_NSW"
"319","Eucalyptus pilularis","Allocasuarina torulosa",-0.0254488036861651,-0.11184895502853,0.0609513476562001,-0.0275761384176637,-0.0233214689546665,0.0440825198952014,"Potential 1","MinesRd","Eucalyptus pilularis","Allocasuarina torulosa","N_NSW","N_AUS",NA,NA
"513","Eucalyptus microcorys","Eucalyptus microcorys",-0.0275044100734293,-0.417703215865481,0.362694395718623,-0.0325623082834516,-0.022446511863407,0.199084681591035,"Potential 1","MinesRd","Eucalyptus microcorys","Eucalyptus microcorys","N_NSW","N_AUS",NA,NA
"616","Eucalyptus pilularis","Eucalyptus microcorys",-0.015035846119119,-0.219942595502038,0.1898709032638,-0.0180485158748279,-0.01202317636341,0.104546180949853,"Potential 1","MinesRd","Eucalyptus pilularis","Eucalyptus microcorys","N_NSW","N_AUS",NA,NA
"913","Eucalyptus pilularis","Eucalyptus pilularis",-0.0403210096413334,-0.290499624903764,0.209857605621097,-0.0468520228565469,-0.0337899964261198,0.127644496141668,"Potential 1","MinesRd","Eucalyptus pilularis","Eucalyptus pilularis","N_NSW","N_AUS",NA,NA
"144","Allocasuarina torulosa","Allocasuarina torulosa",0.249849265235657,0.0604369192546537,0.43926161121666,0.245390425990573,0.254308104480741,0.0966407278271762,"Potential 1","Tinebank","Allocasuarina torulosa","Allocasuarina torulosa","N_NSW","N_AUS",1,"N_NSW"
"233","Cryptocarya rigida","Allocasuarina torulosa",-0.00336160035415283,-0.0695513563249093,0.0628281556166037,-0.00522537132382283,-0.00149782938448283,0.0337709042068389,"Potential 1","Tinebank","Cryptocarya rigida","Allocasuarina torulosa","N_NSW","N_AUS",NA,NA
"320","Eucalyptus pilularis","Allocasuarina torulosa",-0.0628162534466527,-0.245733551298766,0.120101044405461,-0.0652696109851498,-0.0603628959081556,0.0933268668684433,"Potential 1","Tinebank","Eucalyptus pilularis","Allocasuarina torulosa","N_NSW","N_AUS",NA,NA
"418","Syncarpia glomulifera subsp glabra","Allocasuarina torulosa",0.00241772656408793,-0.10787801460197,0.112713467730146,0.00037533923729287,0.00446011389088298,0.0562743713844013,"Potential 1","Tinebank","Syncarpia glomulifera","Allocasuarina torulosa","N_NSW","N_AUS",NA,NA
"514","Synoum glandulosum subsp glandulsoum","Allocasuarina torulosa",-0.072201106390257,-0.192521175526758,0.0481189627462446,-0.0738385571855018,-0.0705636555950121,0.0613889184115478,"Potential 1","Tinebank","Synoum glandulosum subsp glandulsoum","Allocasuarina torulosa","N_NSW","N_AUS",NA,NA
"617","Unidentified tree","Allocasuarina torulosa",0.00722635195905753,-0.0786893463267164,0.0931420502448315,0.00467956419515253,0.00977313972296253,0.0438353454264803,"Potential 1","Tinebank","Unidentified tree","Allocasuarina torulosa","N_NSW","N_AUS",NA,NA
"89","Cryptocarya rigida","Cryptocarya rigida",0.148447013761978,-0.0184938825961641,0.315387910120121,0.138090970483985,0.158803057039972,0.0851754918329882,"Potential 1","Tinebank","Cryptocarya rigida","Cryptocarya rigida","N_NSW","N_AUS",NA,NA
"914","Eucalyptus pilularis","Cryptocarya rigida",0.0408661608119106,-0.166559989385397,0.248292311009219,0.038326381432574,0.0434059401912473,0.105831613148741,"Potential 1","Tinebank","Eucalyptus pilularis","Cryptocarya rigida","N_NSW","N_AUS",NA,NA
"104","Syncarpia glomulifera subsp glabra","Cryptocarya rigida",-0.0776346405810124,-0.161475293808678,0.00620601264665344,-0.080188979363821,-0.0750803017982038,0.0427766295141086,"Potential 1","Tinebank","Syncarpia glomulifera","Cryptocarya rigida","N_NSW","N_AUS",NA,NA
"1112","Synoum glandulosum subsp glandulsoum","Cryptocarya rigida",-0.0341398027972776,-0.108748149928036,0.0404685443334814,-0.0357964081020349,-0.0324831974925202,0.0380661827050191,"Potential 1","Tinebank","Synoum glandulosum subsp glandulsoum","Cryptocarya rigida","N_NSW","N_AUS",NA,NA
"1210","Unidentified tree","Cryptocarya rigida",-0.13091227629336,-0.214993769865204,-0.0468307827215151,-0.134386408086713,-0.127438144500006,0.0428995094986789,"Potential 1","Tinebank","Unidentified tree","Cryptocarya rigida","N_NSW","N_AUS",1,"N_NSW"
"155","Eucalyptus pilularis","Eucalyptus pilularis",-0.303965289612418,-1.17743808460927,0.569507505384434,-0.310884306984044,-0.297046272240791,0.445657574264983,"Potential 1","Tinebank","Eucalyptus pilularis","Eucalyptus pilularis","N_NSW","N_AUS",NA,NA
"168","Syncarpia glomulifera subsp glabra","Eucalyptus pilularis",0.0011171959341555,-0.282805498817368,0.285039890685679,-0.002637753705754,0.004872145574065,0.144861179588538,"Potential 1","Tinebank","Syncarpia glomulifera","Eucalyptus pilularis","N_NSW","N_AUS",NA,NA
"173","Synoum glandulosum subsp glandulsoum","Eucalyptus pilularis",0.00853543576581488,-0.293590759947378,0.310661631479007,0.00619755016726829,0.0108733213643615,0.154148850742323,"Potential 1","Tinebank","Synoum glandulosum subsp glandulsoum","Eucalyptus pilularis","N_NSW","N_AUS",NA,NA
"183","Unidentified tree","Eucalyptus pilularis",0.126118971926664,-0.11135985079088,0.363597794644208,0.122006872316938,0.13023107153639,0.121164891085115,"Potential 1","Tinebank","Unidentified tree","Eucalyptus pilularis","N_NSW","N_AUS",NA,NA
"2210","Syncarpia glomulifera subsp glabra","Syncarpia glomulifera subsp glabra",-0.0844901808316206,-0.392548774158878,0.223568412495637,-0.0934690063918188,-0.0755113552714224,0.157175639836846,"Potential 1","Tinebank","Syncarpia glomulifera","Syncarpia glomulifera","N_NSW","N_AUS",NA,NA
"234","Synoum glandulosum subsp glandulsoum","Syncarpia glomulifera subsp glabra",0.051648387216504,-0.0925097551379016,0.19580652957091,0.0494839299188768,0.0538128445141312,0.0735514241544777,"Potential 1","Tinebank","Synoum glandulosum subsp glandulsoum","Syncarpia glomulifera","N_NSW","N_AUS",NA,NA
"243","Unidentified tree","Syncarpia glomulifera subsp glabra",-0.0808315260519649,-0.195990622812315,0.0343275707083848,-0.0839949361523819,-0.0776681159515479,0.0587557208544188,"Potential 1","Tinebank","Unidentified tree","Syncarpia glomulifera","N_NSW","N_AUS",NA,NA
"292","Synoum glandulosum subsp glandulsoum","Synoum glandulosum subsp glandulsoum",0.287394959479602,0.104509127969891,0.470280790989313,0.283446003313942,0.291343915645262,0.0933108123171093,"Potential 1","Tinebank","Synoum glandulosum subsp glandulsoum","Synoum glandulosum subsp glandulsoum","N_NSW","N_AUS",1,"N_NSW"
"302","Unidentified tree","Synoum glandulosum subsp glandulsoum",0.0168988503596497,-0.0772899914143444,0.111087692133644,0.0146040302119468,0.0191936705073526,0.0480564145652388,"Potential 1","Tinebank","Unidentified tree","Synoum glandulosum subsp glandulsoum","N_NSW","N_AUS",NA,NA
"362","Unidentified tree","Unidentified tree",0.175231081722575,0.00820431707565505,0.342257846369496,0.167445778845053,0.183016384600098,0.0852193029894458,"Potential 1","Tinebank","Unidentified tree","Unidentified tree","N_NSW","N_AUS",1,"N_NSW"
"145","Allocasuarina torulosa","Allocasuarina torulosa",0.204031113189177,0.00925386729239269,0.398808359085962,0.196496664064022,0.211565562314332,0.0993779719592618,"Potential 1","Lorne","Allocasuarina torulosa","Allocasuarina torulosa","N_NSW","N_AUS",1,"N_NSW"
"235","Cryptocarya glaucescens","Allocasuarina torulosa",0.0161986034514484,-0.123549032206193,0.15594623910909,0.0138089596429542,0.0185882472599426,0.0713011242859324,"Potential 1","Lorne","Cryptocarya glaucescens","Allocasuarina torulosa","N_NSW","N_AUS",NA,NA
"321","Cryptocarya rigida","Allocasuarina torulosa",0.0307521489355954,-0.115582148452108,0.177086446323299,0.0279045322451508,0.03359976562604,0.0746617277368205,"Potential 1","Lorne","Cryptocarya rigida","Allocasuarina torulosa","N_NSW","N_AUS",NA,NA
"419","Eucalyptus microcorys","Allocasuarina torulosa",-0.0341457478591227,-0.10414425984938,0.0358527641311349,-0.0364911819683181,-0.0318003137499272,0.0357141827821312,"Potential 1","Lorne","Eucalyptus microcorys","Allocasuarina torulosa","N_NSW","N_AUS",NA,NA
"515","Eucalyptus pilularis","Allocasuarina torulosa",-0.0872455512108249,-0.215235926505983,0.0407448240843331,-0.0898146846129585,-0.0846764178086912,0.0653024118324264,"Potential 1","Lorne","Eucalyptus pilularis","Allocasuarina torulosa","N_NSW","N_AUS",NA,NA
"77","Cryptocarya glaucescens","Cryptocarya glaucescens",-0.143316575471938,-0.433066652196745,0.146433501252869,-0.147739871680243,-0.138893279263633,0.147834388289948,"Potential 1","Lorne","Cryptocarya glaucescens","Cryptocarya glaucescens","N_NSW","N_AUS",NA,NA
"810","Cryptocarya rigida","Cryptocarya glaucescens",-0.0917206647490981,-0.268479118692805,0.0850377891946092,-0.0938533867049125,-0.0895879427932837,0.0901845418272762,"Potential 1","Lorne","Cryptocarya rigida","Cryptocarya glaucescens","N_NSW","N_AUS",NA,NA
"915","Eucalyptus microcorys","Cryptocarya glaucescens",-0.0191335603084684,-0.117990569721002,0.0797234491040647,-0.0211790269313069,-0.0170880936856299,0.0504381765136016,"Potential 1","Lorne","Eucalyptus microcorys","Cryptocarya glaucescens","N_NSW","N_AUS",NA,NA
"105","Eucalyptus pilularis","Cryptocarya glaucescens",0.0639390143803572,-0.122205378632327,0.250083407393041,0.0613774226685769,0.0665006060921376,0.0949733742461429,"Potential 1","Lorne","Eucalyptus pilularis","Cryptocarya glaucescens","N_NSW","N_AUS",NA,NA
"1311","Cryptocarya rigida","Cryptocarya rigida",0.0808194732804083,-0.188985585302518,0.350624531863335,0.076308422822791,0.0853305237380256,0.137658171635354,"Potential 1","Lorne","Cryptocarya rigida","Cryptocarya rigida","N_NSW","N_AUS",NA,NA
"146","Eucalyptus microcorys","Cryptocarya rigida",-0.0462033937925926,-0.117842226609548,0.025435439024363,-0.0476184644553409,-0.0447883231298442,0.0365510965415862,"Potential 1","Lorne","Eucalyptus microcorys","Cryptocarya rigida","N_NSW","N_AUS",NA,NA
"156","Eucalyptus pilularis","Cryptocarya rigida",0.0801480620529348,-0.0915636255810086,0.251859749686878,0.077468866471219,0.0828272576346505,0.0876096137420806,"Potential 1","Lorne","Eucalyptus pilularis","Cryptocarya rigida","N_NSW","N_AUS",NA,NA
"193","Eucalyptus microcorys","Eucalyptus microcorys",0.319936470434747,0.182009601706956,0.457863339162537,0.309839514204564,0.33003342666493,0.070372144496399,"Potential 1","Lorne","Eucalyptus microcorys","Eucalyptus microcorys","N_NSW","N_AUS",1,"N_NSW"
"202","Eucalyptus pilularis","Eucalyptus microcorys",-0.0278321443561663,-0.109091772399454,0.0534274836871216,-0.0298403030708801,-0.0258239856414526,0.0414597557323775,"Potential 1","Lorne","Eucalyptus pilularis","Eucalyptus microcorys","N_NSW","N_AUS",NA,NA
"253","Eucalyptus pilularis","Eucalyptus pilularis",0.109336936260751,-0.178495434633461,0.397169307154963,0.10447925247466,0.114194620046841,0.146855948968755,"Potential 1","Lorne","Eucalyptus pilularis","Eucalyptus pilularis","N_NSW","N_AUS",NA,NA
"147","Allocasuarina torulosa","Allocasuarina torulosa",-0.0265467978233924,-0.469509828649046,0.416416233002262,-0.0349740718819614,-0.0181195237648234,0.226005699247379,"Potential 1","BirdTree","Allocasuarina torulosa","Allocasuarina torulosa","N_NSW","N_AUS",NA,NA
"236","Archontophoenix cunninghamiana","Allocasuarina torulosa",0.105176093278593,-0.0378749210236973,0.248227107580883,0.102853141961267,0.107499044595919,0.0729865525237495,"Potential 1","BirdTree","Archontophoenix cunninghamiana","Allocasuarina torulosa","N_NSW","N_AUS",NA,NA
"322","Cryptocarya glaucescens","Allocasuarina torulosa",-0.584332025387313,-1.16196012964552,-0.00670392112910678,-0.591501702848226,-0.5771623479264,0.294713631890414,"Potential 1","BirdTree","Cryptocarya glaucescens","Allocasuarina torulosa","N_NSW","N_AUS",1,"N_NSW"
"420","Cryptocarya rigida","Allocasuarina torulosa",-0.178000055127062,-0.417779936487518,0.0617798262333939,-0.182652534131856,-0.173347576122268,0.122338922169902,"Potential 1","BirdTree","Cryptocarya rigida","Allocasuarina torulosa","N_NSW","N_AUS",NA,NA
"516","Eucalyptus microcorys","Allocasuarina torulosa",0.288727991794802,-0.0419494812551206,0.619405464844724,0.282293837681655,0.295162145907949,0.16871609665191,"Potential 1","BirdTree","Eucalyptus microcorys","Allocasuarina torulosa","N_NSW","N_AUS",NA,NA
"618","Eucalyptus pilularis","Allocasuarina torulosa",0.121148211590448,-0.17417259725162,0.416469020432516,0.116466534632126,0.12582988854877,0.150676650781096,"Potential 1","BirdTree","Eucalyptus pilularis","Allocasuarina torulosa","N_NSW","N_AUS",NA,NA
"78","Schizomeria ovata","Allocasuarina torulosa",-0.0246222993286962,-0.199663237797761,0.150418639140369,-0.0274406654332595,-0.0218039332241329,0.0893082423196374,"Potential 1","BirdTree","Schizomeria ovata","Allocasuarina torulosa","N_NSW","N_AUS",NA,NA
"811","Syncarpia glomulifera subsp glabra","Allocasuarina torulosa",0.139110551800812,-0.199984665409414,0.478205769011037,0.135055253865015,0.143165849736608,0.173010942999446,"Potential 1","BirdTree","Syncarpia glomulifera","Allocasuarina torulosa","N_NSW","N_AUS",NA,NA
"916","Synoum glandulosum subsp glandulsoum","Allocasuarina torulosa",-0.0701177824096422,-0.274377330382627,0.134141765563343,-0.073722688993846,-0.0665128758254383,0.104215970081164,"Potential 1","BirdTree","Synoum glandulosum subsp glandulsoum","Allocasuarina torulosa","N_NSW","N_AUS",NA,NA
"1113","Archontophoenix cunninghamiana","Archontophoenix cunninghamiana",0.317034869830509,0.152009020235725,0.482060719425292,0.3047495186344,0.329320221026617,0.0841984092036826,"Potential 1","BirdTree","Archontophoenix cunninghamiana","Archontophoenix cunninghamiana","N_NSW","N_AUS",1,"N_NSW"
"1211","Cryptocarya glaucescens","Archontophoenix cunninghamiana",0.173709924614232,-0.118812966094487,0.46623281532295,0.169426309868994,0.177993539359469,0.149249115298088,"Potential 1","BirdTree","Cryptocarya glaucescens","Archontophoenix cunninghamiana","N_NSW","N_AUS",NA,NA
"1312","Cryptocarya rigida","Archontophoenix cunninghamiana",0.0276951291511151,-0.116398774326469,0.171789032628699,0.0240309174736966,0.0313593408285337,0.0735186486150656,"Potential 1","BirdTree","Cryptocarya rigida","Archontophoenix cunninghamiana","N_NSW","N_AUS",NA,NA
"148","Eucalyptus microcorys","Archontophoenix cunninghamiana",-0.264279526756429,-0.46400949976004,-0.064549553752817,-0.268352365157985,-0.260206688354872,0.101904919977641,"Potential 1","BirdTree","Eucalyptus microcorys","Archontophoenix cunninghamiana","N_NSW","N_AUS",1,"N_NSW"
"157","Eucalyptus pilularis","Archontophoenix cunninghamiana",-0.103829994202475,-0.254610138773402,0.0469501503684524,-0.106851638839268,-0.100808349565681,0.076930058797132,"Potential 1","BirdTree","Eucalyptus pilularis","Archontophoenix cunninghamiana","N_NSW","N_AUS",NA,NA
"169","Schizomeria ovata","Archontophoenix cunninghamiana",-0.0660111429826056,-0.167133912677317,0.0351116267121057,-0.0685998368435341,-0.0634224491216771,0.0515941978997343,"Potential 1","BirdTree","Schizomeria ovata","Archontophoenix cunninghamiana","N_NSW","N_AUS",NA,NA
"174","Syncarpia glomulifera subsp glabra","Archontophoenix cunninghamiana",0.0664657927093882,-0.136445549965224,0.269377135384,0.0630913482138233,0.0698402372049531,0.103528097595237,"Potential 1","BirdTree","Syncarpia glomulifera","Archontophoenix cunninghamiana","N_NSW","N_AUS",NA,NA
"184","Synoum glandulosum subsp glandulsoum","Archontophoenix cunninghamiana",0.123672129811059,-0.0558812361211092,0.303225495743227,0.120818055071709,0.126526204550409,0.091610543534709,"Potential 1","BirdTree","Synoum glandulosum subsp glandulsoum","Archontophoenix cunninghamiana","N_NSW","N_AUS",NA,NA
"2110","Cryptocarya glaucescens","Cryptocarya glaucescens",-0.687439549900564,-1.67972815451342,0.304849054712296,-0.6992718341612,-0.675607265639928,0.506278999226468,"Potential 1","BirdTree","Cryptocarya glaucescens","Cryptocarya glaucescens","N_NSW","N_AUS",NA,NA
"2211","Cryptocarya rigida","Cryptocarya glaucescens",-0.27722628612636,-0.691485784782939,0.137033212530218,-0.283732176514748,-0.270720395737973,0.211360770873447,"Potential 1","BirdTree","Cryptocarya rigida","Cryptocarya glaucescens","N_NSW","N_AUS",NA,NA
"237","Eucalyptus microcorys","Cryptocarya glaucescens",0.420372424423189,-0.217504537302511,1.05824938614889,0.410048413267067,0.430696435579312,0.325453409734665,"Potential 1","BirdTree","Eucalyptus microcorys","Cryptocarya glaucescens","N_NSW","N_AUS",NA,NA
"244","Eucalyptus pilularis","Cryptocarya glaucescens",0.433454336243066,-0.116244907647126,0.983153580133257,0.424954739851151,0.44195393263498,0.280463951494083,"Potential 1","BirdTree","Eucalyptus pilularis","Cryptocarya glaucescens","N_NSW","N_AUS",NA,NA
"254","Schizomeria ovata","Cryptocarya glaucescens",-0.173313854151228,-0.521247153042708,0.174619444740252,-0.178639776319954,-0.167987931982502,0.177520251206621,"Potential 1","BirdTree","Schizomeria ovata","Cryptocarya glaucescens","N_NSW","N_AUS",NA,NA
"261","Syncarpia glomulifera subsp glabra","Cryptocarya glaucescens",0.366874116665058,-0.162601616017491,0.896349849347607,0.359747509323228,0.374000724006889,0.270145643929677,"Potential 1","BirdTree","Syncarpia glomulifera","Cryptocarya glaucescens","N_NSW","N_AUS",NA,NA
"271","Synoum glandulosum subsp glandulsoum","Cryptocarya glaucescens",-0.225434454720629,-0.604519454632774,0.153650545191516,-0.231038898665142,-0.219830010776116,0.193414268273457,"Potential 1","BirdTree","Synoum glandulosum subsp glandulsoum","Cryptocarya glaucescens","N_NSW","N_AUS",NA,NA
"3110","Cryptocarya rigida","Cryptocarya rigida",-0.117507150423416,-0.488597908107611,0.25358360726078,-0.128579578469266,-0.106434722377565,0.189335498310843,"Potential 1","BirdTree","Cryptocarya rigida","Cryptocarya rigida","N_NSW","N_AUS",NA,NA
"323","Eucalyptus microcorys","Cryptocarya rigida",0.122000971639055,-0.180156751892766,0.424158695170876,0.116005460756537,0.127996482521573,0.154164936659654,"Potential 1","BirdTree","Eucalyptus microcorys","Cryptocarya rigida","N_NSW","N_AUS",NA,NA
"331","Eucalyptus pilularis","Cryptocarya rigida",0.151036238286855,-0.104440912071519,0.40651338864523,0.145413091894463,0.156659384679247,0.130347880049606,"Potential 1","BirdTree","Eucalyptus pilularis","Cryptocarya rigida","N_NSW","N_AUS",NA,NA
"341","Schizomeria ovata","Cryptocarya rigida",-0.139168857075093,-0.323669385296182,0.045331671145996,-0.143624121290852,-0.134713592859334,0.0941346523081066,"Potential 1","BirdTree","Schizomeria ovata","Cryptocarya rigida","N_NSW","N_AUS",NA,NA
"351","Syncarpia glomulifera subsp glabra","Cryptocarya rigida",0.165593337568777,-0.1505980504647,0.481784725602254,0.160600446387179,0.170586228750376,0.161325101138365,"Potential 1","BirdTree","Syncarpia glomulifera","Cryptocarya rigida","N_NSW","N_AUS",NA,NA
"363","Synoum glandulosum subsp glandulsoum","Cryptocarya rigida",-0.0340548545795032,-0.231927265481506,0.1638175563225,-0.038284383540355,-0.0298253256186514,0.100957166796327,"Potential 1","BirdTree","Synoum glandulosum subsp glandulsoum","Cryptocarya rigida","N_NSW","N_AUS",NA,NA
"4110","Eucalyptus microcorys","Eucalyptus microcorys",-0.125826182274875,-0.598197942022561,0.346545577472811,-0.133752830700321,-0.117899533849429,0.241010428494449,"Potential 1","BirdTree","Eucalyptus microcorys","Eucalyptus microcorys","N_NSW","N_AUS",NA,NA
"421","Eucalyptus pilularis","Eucalyptus microcorys",-0.104697171641288,-0.424733551480742,0.215339208198166,-0.110636947535851,-0.0987573957467251,0.163286867699539,"Potential 1","BirdTree","Eucalyptus pilularis","Eucalyptus microcorys","N_NSW","N_AUS",NA,NA
"431","Schizomeria ovata","Eucalyptus microcorys",-0.0675763905894912,-0.293105196829121,0.157952415650139,-0.0718217379593319,-0.0633310432196505,0.115067831867612,"Potential 1","BirdTree","Schizomeria ovata","Eucalyptus microcorys","N_NSW","N_AUS",NA,NA
"441","Syncarpia glomulifera subsp glabra","Eucalyptus microcorys",0.0002559016062562,-0.46597860458288,0.466490407795393,-0.00575138613715212,0.00626318934966452,0.237879119140318,"Potential 1","BirdTree","Syncarpia glomulifera","Eucalyptus microcorys","N_NSW","N_AUS",NA,NA
"451","Synoum glandulosum subsp glandulsoum","Eucalyptus microcorys",0.158647967675686,-0.100984570830417,0.418280506181789,0.15348399579872,0.163811939552653,0.132468015001322,"Potential 1","BirdTree","Synoum glandulosum subsp glandulsoum","Eucalyptus microcorys","N_NSW","N_AUS",NA,NA
"517","Eucalyptus pilularis","Eucalyptus pilularis",-0.289232470674403,-0.684565560625462,0.106100619276655,-0.297021227129833,-0.281443714218973,0.201704262460635,"Potential 1","BirdTree","Eucalyptus pilularis","Eucalyptus pilularis","N_NSW","N_AUS",NA,NA
"521","Schizomeria ovata","Eucalyptus pilularis",0.134794109157197,-0.0797271829916909,0.349315401306085,0.130541209463546,0.139047008850849,0.109451650051228,"Potential 1","BirdTree","Schizomeria ovata","Eucalyptus pilularis","N_NSW","N_AUS",NA,NA
"531","Syncarpia glomulifera subsp glabra","Eucalyptus pilularis",-0.0816632980494421,-0.42731871786514,0.263992121766256,-0.0867089591737824,-0.0766176369251018,0.17635804664891,"Potential 1","BirdTree","Syncarpia glomulifera","Eucalyptus pilularis","N_NSW","N_AUS",NA,NA
"541","Synoum glandulosum subsp glandulsoum","Eucalyptus pilularis",0.260053167627528,-0.00554623322330039,0.525652568478357,0.254524829367414,0.265581505887642,0.135512388465218,"Potential 1","BirdTree","Synoum glandulosum subsp glandulsoum","Eucalyptus pilularis","N_NSW","N_AUS",NA,NA
"619","Schizomeria ovata","Schizomeria ovata",0.0461388318206899,-0.200767217217118,0.293044880858498,0.0377840624963474,0.0544936011450324,0.125974788815188,"Potential 1","BirdTree","Schizomeria ovata","Schizomeria ovata","N_NSW","N_AUS",NA,NA
"621","Syncarpia glomulifera subsp glabra","Schizomeria ovata",0.158786976678057,-0.143237435769879,0.460811389125993,0.154129417651901,0.163444535704213,0.154096919550699,"Potential 1","BirdTree","Syncarpia glomulifera","Schizomeria ovata","N_NSW","N_AUS",NA,NA
"631","Synoum glandulosum subsp glandulsoum","Schizomeria ovata",-0.0721332339205245,-0.235365775804888,0.0910993079638388,-0.0754319756139556,-0.0688344922270934,0.0832834394774194,"Potential 1","BirdTree","Synoum glandulosum subsp glandulsoum","Schizomeria ovata","N_NSW","N_AUS",NA,NA
"711","Syncarpia glomulifera subsp glabra","Syncarpia glomulifera subsp glabra",-0.205098285169924,-0.661584667176768,0.251388096836921,-0.210591368345434,-0.199605201994413,0.23290549500274,"Potential 1","BirdTree","Syncarpia glomulifera","Syncarpia glomulifera","N_NSW","N_AUS",NA,NA
"721","Synoum glandulosum subsp glandulsoum","Syncarpia glomulifera subsp glabra",-0.154346890372909,-0.479882248669432,0.171188467923614,-0.158648348910625,-0.150045431835193,0.166092520507675,"Potential 1","BirdTree","Synoum glandulosum subsp glandulsoum","Syncarpia glomulifera","N_NSW","N_AUS",NA,NA
"812","Synoum glandulosum subsp glandulsoum","Synoum glandulosum subsp glandulsoum",0.135180203283321,-0.14483741325497,0.415197819821612,0.127472695733664,0.142887710832977,0.142868756133804,"Potential 1","BirdTree","Synoum glandulosum subsp glandulsoum","Synoum glandulosum subsp glandulsoum","N_NSW","N_AUS",NA,NA
"149","Allocasuarina torulosa","Allocasuarina torulosa",0.206975070707988,0.0467261230153376,0.367224018400639,0.195265307174945,0.218684834241032,0.0817611695708053,"Potential 1","A-Tree","Allocasuarina torulosa","Allocasuarina torulosa","N_NSW","N_AUS",1,"N_NSW"
"238","Eucalyptus microcorys","Allocasuarina torulosa",-0.0144247116518878,-0.0691788448097472,0.0403294215059716,-0.0159684886711559,-0.0128809346326197,0.0279362955593843,"Potential 1","A-Tree","Eucalyptus microcorys","Allocasuarina torulosa","N_NSW","N_AUS",NA,NA
"324","Eucalyptus pilularis","Allocasuarina torulosa",-0.0594454404726893,-0.121286808504575,0.00239592755919615,-0.0626490848123687,-0.05624179613301,0.0315522981644981,"Potential 1","A-Tree","Eucalyptus pilularis","Allocasuarina torulosa","N_NSW","N_AUS",NA,NA
"518","Eucalyptus microcorys","Eucalyptus microcorys",0.205474788749651,0.00781717156322101,0.40313240593608,0.200313950332177,0.210635627167124,0.100847576152178,"Potential 1","A-Tree","Eucalyptus microcorys","Eucalyptus microcorys","N_NSW","N_AUS",1,"N_NSW"
"620","Eucalyptus pilularis","Eucalyptus microcorys",0.0259562068517322,-0.054203179657271,0.106115593360736,0.0235138602071333,0.0283985534963312,0.040898397695718,"Potential 1","A-Tree","Eucalyptus pilularis","Eucalyptus microcorys","N_NSW","N_AUS",NA,NA
"917","Eucalyptus pilularis","Eucalyptus pilularis",0.234556729598203,0.0919156381594462,0.37719782103696,0.223601958754645,0.245511500441761,0.0727774043624737,"Potential 1","A-Tree","Eucalyptus pilularis","Eucalyptus pilularis","N_NSW","N_AUS",1,"N_NSW"
"150","Allocasuarina torulosa","Allocasuarina torulosa",0.200492573504453,0.0237168430039177,0.377268304004989,0.188432126154664,0.212553020854242,0.0901933565590592,"Potential 1","BlackBull","Allocasuarina torulosa","Allocasuarina torulosa","N_NSW","N_AUS",1,"N_NSW"
"239","Eucalyptus andrewsii","Allocasuarina torulosa",-0.0721352218363466,-0.1986685460747,0.0543981024020065,-0.0742100207817261,-0.0700604228909671,0.0645590047758182,"Potential 1","BlackBull","Eucalyptus andrewsii","Allocasuarina torulosa","N_NSW","N_AUS",NA,NA
"325","Eucalyptus pilularis","Allocasuarina torulosa",-0.0693516528796982,-0.175314612709559,0.0366113069501621,-0.0723297614148015,-0.066373544344595,0.0540637280407613,"Potential 1","BlackBull","Eucalyptus pilularis","Allocasuarina torulosa","N_NSW","N_AUS",NA,NA
"422","Syncarpia glomulifera subsp glomulifera","Allocasuarina torulosa",0.0720751803165738,-0.0500621463229071,0.194212506956055,0.0690178393771401,0.0751325212560074,0.0623161076442652,"Potential 1","BlackBull","Syncarpia glomulifera","Allocasuarina torulosa","N_NSW","N_AUS",NA,NA
"622","Eucalyptus andrewsii","Eucalyptus andrewsii",0.0132232032864644,-0.434505142200578,0.460951548773507,0.00847915336032944,0.0179672532125993,0.2284370269141,"Potential 1","BlackBull","Eucalyptus andrewsii","Eucalyptus andrewsii","N_NSW","N_AUS",NA,NA
"79","Eucalyptus pilularis","Eucalyptus andrewsii",-0.00232578307446948,-0.226004274881165,0.221352708732226,-0.0048629745377245,0.000211408388785533,0.114123776544387,"Potential 1","BlackBull","Eucalyptus pilularis","Eucalyptus andrewsii","N_NSW","N_AUS",NA,NA
"813","Syncarpia glomulifera subsp glomulifera","Eucalyptus andrewsii",0.126012110513532,-0.14232913693675,0.394353357963813,0.122011571412071,0.130012649614993,0.136911315497082,"Potential 1","BlackBull","Syncarpia glomulifera","Eucalyptus andrewsii","N_NSW","N_AUS",NA,NA
"1114","Eucalyptus pilularis","Eucalyptus pilularis",-0.161307432230283,-0.467527790459491,0.144912925998925,-0.168171425157432,-0.154443439303134,0.15623774755283,"Potential 1","BlackBull","Eucalyptus pilularis","Eucalyptus pilularis","N_NSW","N_AUS",NA,NA
"1212","Syncarpia glomulifera subsp glomulifera","Eucalyptus pilularis",0.0785091441403184,-0.130667686087887,0.287685974368524,0.0744776306142813,0.0825406576663554,0.106724833659274,"Potential 1","BlackBull","Syncarpia glomulifera","Eucalyptus pilularis","N_NSW","N_AUS",NA,NA
"1610","Syncarpia glomulifera subsp glomulifera","Syncarpia glomulifera subsp glomulifera",0.133102611961928,-0.0989515908647127,0.365156814788568,0.127861512705669,0.138343711218187,0.118397177018075,"Potential 1","BlackBull","Syncarpia glomulifera","Syncarpia glomulifera","N_NSW","N_AUS",NA,NA
"158","Allocasuarina torulosa","Allocasuarina torulosa",-0.095707403633699,-0.664341820880149,0.472927013612751,-0.105744453198958,-0.0856703540684395,0.290124931749647,"Potential 1","Bruxner","Allocasuarina torulosa","Allocasuarina torulosa","N_NSW","N_AUS",NA,NA
"240","Archontophoenix cunninghamiana","Allocasuarina torulosa",-0.0103483430971988,-0.234274504312119,0.213577818117721,-0.0150111095646375,-0.00568557662976007,0.114250140809332,"Potential 1","Bruxner","Archontophoenix cunninghamiana","Allocasuarina torulosa","N_NSW","N_AUS",NA,NA
"326","Caldcluvia paniculosa","Allocasuarina torulosa",-0.101073695881749,-0.375037964092071,0.172890572328573,-0.105622085150914,-0.0965253066125847,0.139780256357421,"Potential 1","Bruxner","Caldcluvia paniculosa","Allocasuarina torulosa","N_NSW","N_AUS",NA,NA
"423","Ceratopetalum apetalum","Allocasuarina torulosa",0.0386767859438787,-0.241847808416028,0.319201380303785,0.0337115561667754,0.0436420157209819,0.143127423040754,"Potential 1","Bruxner","Ceratopetalum apetalum","Allocasuarina torulosa","N_NSW","N_AUS",NA,NA
"519","Eucalyptus grandis","Allocasuarina torulosa",0.165491656619392,-0.0896152171969395,0.420598530435724,0.159793856192369,0.171189457046416,0.130158959975072,"Potential 1","Bruxner","Eucalyptus grandis","Allocasuarina torulosa","N_NSW","N_AUS",NA,NA
"623","Geissois benthamii","Allocasuarina torulosa",-0.578420987462619,-1.49109922154529,0.334257246620055,-0.590122150505105,-0.566719824420134,0.46566071687121,"Potential 1","Bruxner","Geissois benthamii","Allocasuarina torulosa","N_NSW","N_AUS",NA,NA
"710","Litsea australis","Allocasuarina torulosa",-0.0997413445300982,-0.724196682336431,0.524713993276234,-0.108575952679746,-0.0909067363804505,0.318605516597222,"Potential 1","Bruxner","Litsea australis","Allocasuarina torulosa","N_NSW","N_AUS",NA,NA
"814","Lophostemon sp.","Allocasuarina torulosa",-0.107502633487639,-0.371345959859507,0.156340692884229,-0.111876112208811,-0.103129154766467,0.134616415634691,"Potential 1","Bruxner","Lophostemon sp.","Allocasuarina torulosa","N_NSW","N_AUS",NA,NA
"918","Niemeyeria whitei","Allocasuarina torulosa",0.283964466638973,-0.252292132125214,0.820221065403161,0.276485125820276,0.291443807457671,0.273605333054133,"Potential 1","Bruxner","Niemeyeria whitei","Allocasuarina torulosa","N_NSW","N_AUS",NA,NA
"109","Schizomeria ovata","Allocasuarina torulosa",0.427461995839228,-0.232730781784035,1.08765477346249,0.419473019246136,0.435450972432319,0.336839239307854,"Potential 1","Bruxner","Schizomeria ovata","Allocasuarina torulosa","N_NSW","N_AUS",NA,NA
"1115","Syncarpia glomulifera subsp glabra","Allocasuarina torulosa",0.130899438050779,-0.233496920460349,0.495295796561908,0.124158421739372,0.137640454362187,0.185919925766718,"Potential 1","Bruxner","Syncarpia glomulifera","Allocasuarina torulosa","N_NSW","N_AUS",NA,NA
"1213","Unidentified tree","Allocasuarina torulosa",-0.0442312401156248,-0.340035532554333,0.251573052323083,-0.04989010816832,-0.0385723720629296,0.150923330618304,"Potential 1","Bruxner","Unidentified tree","Allocasuarina torulosa","N_NSW","N_AUS",NA,NA
"1410","Archontophoenix cunninghamiana","Archontophoenix cunninghamiana",0.241837767401401,0.0592605507648754,0.424414984037927,0.23048605430834,0.253189480494462,0.0931533528558033,"Potential 1","Bruxner","Archontophoenix cunninghamiana","Archontophoenix cunninghamiana","N_NSW","N_AUS",1,"N_NSW"
"159","Caldcluvia paniculosa","Archontophoenix cunninghamiana",0.0373253429367528,-0.0752803359798126,0.149931021853318,0.0337241439327929,0.0409265419407127,0.0574529327093685,"Potential 1","Bruxner","Caldcluvia paniculosa","Archontophoenix cunninghamiana","N_NSW","N_AUS",NA,NA
"1611","Ceratopetalum apetalum","Archontophoenix cunninghamiana",0.0809829129806302,-0.0467039647528984,0.208669790714159,0.0762543851937716,0.0857114407674888,0.0651475632923393,"Potential 1","Bruxner","Ceratopetalum apetalum","Archontophoenix cunninghamiana","N_NSW","N_AUS",NA,NA
"175","Eucalyptus grandis","Archontophoenix cunninghamiana",-0.174821342359361,-0.266321225090902,-0.0833214596278199,-0.178655047608601,-0.170987637110121,0.04668447147666,"Potential 1","Bruxner","Eucalyptus grandis","Archontophoenix cunninghamiana","N_NSW","N_AUS",1,"N_NSW"
"185","Geissois benthamii","Archontophoenix cunninghamiana",-0.0176637741228043,-0.238726605433971,0.203399057188363,-0.0229897336914208,-0.0123378145541877,0.112789231360822,"Potential 1","Bruxner","Geissois benthamii","Archontophoenix cunninghamiana","N_NSW","N_AUS",NA,NA
"194","Litsea australis","Archontophoenix cunninghamiana",-0.046130620446715,-0.245608322607256,0.153347081713826,-0.0512831395334692,-0.0409781013599608,0.101776207998716,"Potential 1","Bruxner","Litsea australis","Archontophoenix cunninghamiana","N_NSW","N_AUS",NA,NA
"203","Lophostemon sp.","Archontophoenix cunninghamiana",-0.164647470933593,-0.3285302413769,-0.000764700490286874,-0.16869592860388,-0.160599013263307,0.0836151948382689,"Potential 1","Bruxner","Lophostemon sp.","Archontophoenix cunninghamiana","N_NSW","N_AUS",1,"N_NSW"
"2111","Niemeyeria whitei","Archontophoenix cunninghamiana",0.0716989511456327,-0.161993842973739,0.305391745265004,0.0669552069901055,0.0764426953011599,0.119233208346026,"Potential 1","Bruxner","Niemeyeria whitei","Archontophoenix cunninghamiana","N_NSW","N_AUS",NA,NA
"2212","Schizomeria ovata","Archontophoenix cunninghamiana",0.0762080238705574,-0.223542095411005,0.375958143152119,0.0707774536822925,0.0816385940588222,0.152936544572223,"Potential 1","Bruxner","Schizomeria ovata","Archontophoenix cunninghamiana","N_NSW","N_AUS",NA,NA
"2310","Syncarpia glomulifera subsp glabra","Archontophoenix cunninghamiana",0.0275205254677906,-0.152868081881851,0.207909132817432,0.0227130017451133,0.0323280491904679,0.0920366949456846,"Potential 1","Bruxner","Syncarpia glomulifera","Archontophoenix cunninghamiana","N_NSW","N_AUS",NA,NA
"245","Unidentified tree","Archontophoenix cunninghamiana",0.109114541847665,-0.0395181247767466,0.257747208472077,0.103051344443001,0.115177739252329,0.0758343866503708,"Potential 1","Bruxner","Unidentified tree","Archontophoenix cunninghamiana","N_NSW","N_AUS",NA,NA
"272","Caldcluvia paniculosa","Caldcluvia paniculosa",0.346767397236687,0.125387823066361,0.568146971407013,0.336181225063146,0.357353569410228,0.11295083782995,"Potential 1","Bruxner","Caldcluvia paniculosa","Caldcluvia paniculosa","N_NSW","N_AUS",1,"N_NSW"
"281","Ceratopetalum apetalum","Caldcluvia paniculosa",-0.0236860481707017,-0.163856691592915,0.116484595251511,-0.0264496928966993,-0.0209224034447041,0.0715169485398003,"Potential 1","Bruxner","Ceratopetalum apetalum","Caldcluvia paniculosa","N_NSW","N_AUS",NA,NA
"293","Eucalyptus grandis","Caldcluvia paniculosa",0.0612359678292507,-0.04873051682259,0.171202452481092,0.0576637506702718,0.0648081849882296,0.0561063802800676,"Potential 1","Bruxner","Eucalyptus grandis","Caldcluvia paniculosa","N_NSW","N_AUS",NA,NA
"303","Geissois benthamii","Caldcluvia paniculosa",-0.0965817571901105,-0.420304836693073,0.227141322312852,-0.101401441585988,-0.0917620727942332,0.165167871479501,"Potential 1","Bruxner","Geissois benthamii","Caldcluvia paniculosa","N_NSW","N_AUS",NA,NA
"3111","Litsea australis","Caldcluvia paniculosa",0.0332918704746469,-0.297174357366811,0.363758098316104,0.0284775264195704,0.0381062145297235,0.16860831650384,"Potential 1","Bruxner","Litsea australis","Caldcluvia paniculosa","N_NSW","N_AUS",NA,NA
"327","Lophostemon sp.","Caldcluvia paniculosa",-0.0105604467142123,-0.182707668814841,0.161586775386416,-0.0143025211012453,-0.00681837232717931,0.0878318292879378,"Potential 1","Bruxner","Lophostemon sp.","Caldcluvia paniculosa","N_NSW","N_AUS",NA,NA
"332","Niemeyeria whitei","Caldcluvia paniculosa",-0.0716050571438462,-0.380335756821788,0.237125642534095,-0.0765302628984366,-0.0666798513892558,0.15751855754145,"Potential 1","Bruxner","Niemeyeria whitei","Caldcluvia paniculosa","N_NSW","N_AUS",NA,NA
"342","Schizomeria ovata","Caldcluvia paniculosa",0.118959947432533,-0.178761787950604,0.416681682815671,0.11432975112278,0.123590143742287,0.151901635811438,"Potential 1","Bruxner","Schizomeria ovata","Caldcluvia paniculosa","N_NSW","N_AUS",NA,NA
"352","Syncarpia glomulifera subsp glabra","Caldcluvia paniculosa",-0.0182112098261073,-0.226984420778571,0.190562001126356,-0.0239704481785382,-0.0124519714736764,0.106518901673316,"Potential 1","Bruxner","Syncarpia glomulifera","Caldcluvia paniculosa","N_NSW","N_AUS",NA,NA
"364","Unidentified tree","Caldcluvia paniculosa",-0.0942872326637142,-0.228586145748613,0.0400116804211843,-0.09764643182016,-0.0909280335072684,0.0685211127062697,"Potential 1","Bruxner","Unidentified tree","Caldcluvia paniculosa","N_NSW","N_AUS",NA,NA
"40","Ceratopetalum apetalum","Ceratopetalum apetalum",0.300328977403258,0.103440174960304,0.497217779846211,0.289647233823778,0.311010720982738,0.100455316524175,"Potential 1","Bruxner","Ceratopetalum apetalum","Ceratopetalum apetalum","N_NSW","N_AUS",1,"N_NSW"
"4111","Eucalyptus grandis","Ceratopetalum apetalum",0.0565854409585002,-0.0536480963724508,0.166818978289451,0.0519797369530011,0.0611911449639993,0.0562426341506574,"Potential 1","Bruxner","Eucalyptus grandis","Ceratopetalum apetalum","N_NSW","N_AUS",NA,NA
"424","Geissois benthamii","Ceratopetalum apetalum",0.228630402898541,-0.0225447449072557,0.479805550704337,0.22239680260361,0.234864003193471,0.128152940455556,"Potential 1","Bruxner","Geissois benthamii","Ceratopetalum apetalum","N_NSW","N_AUS",NA,NA
"432","Litsea australis","Ceratopetalum apetalum",0.111159518205654,-0.138089778927622,0.36040881533893,0.106153748801699,0.11616528760961,0.127170345526409,"Potential 1","Bruxner","Litsea australis","Ceratopetalum apetalum","N_NSW","N_AUS",NA,NA
"442","Lophostemon sp.","Ceratopetalum apetalum",0.00677232641358053,-0.140672166996755,0.154216819823916,0.00299928840486812,0.0105453644222929,0.0752281646873917,"Potential 1","Bruxner","Lophostemon sp.","Ceratopetalum apetalum","N_NSW","N_AUS",NA,NA
"452","Niemeyeria whitei","Ceratopetalum apetalum",-0.0425659281837512,-0.275535426725117,0.190403570357615,-0.0480249246888027,-0.0371069316786997,0.118864173208794,"Potential 1","Bruxner","Niemeyeria whitei","Ceratopetalum apetalum","N_NSW","N_AUS",NA,NA
"461","Schizomeria ovata","Ceratopetalum apetalum",-0.105632580087375,-0.38483543392556,0.17357027375081,-0.110762912004978,-0.100502248169773,0.142453053240009,"Potential 1","Bruxner","Schizomeria ovata","Ceratopetalum apetalum","N_NSW","N_AUS",NA,NA
"471","Syncarpia glomulifera subsp glabra","Ceratopetalum apetalum",0.00471233855469835,-0.230999197791462,0.240423874900858,-9.90637434974545e-05,0.00952374085289415,0.120263197796196,"Potential 1","Bruxner","Syncarpia glomulifera","Ceratopetalum apetalum","N_NSW","N_AUS",NA,NA
"481","Unidentified tree","Ceratopetalum apetalum",-0.131482536858619,-0.26002733854024,-0.00293773517699789,-0.136040053321216,-0.126925020396022,0.065585287635674,"Potential 1","Bruxner","Unidentified tree","Ceratopetalum apetalum","N_NSW","N_AUS",1,"N_NSW"
"532","Eucalyptus grandis","Eucalyptus grandis",0.196300526690691,0.0192223023027513,0.37337875107863,0.185238922268057,0.207362131113324,0.0903476930110501,"Potential 1","Bruxner","Eucalyptus grandis","Eucalyptus grandis","N_NSW","N_AUS",1,"N_NSW"
"542","Geissois benthamii","Eucalyptus grandis",0.123800822408036,-0.103855805492046,0.351457450308118,0.11769684333835,0.129904801477722,0.116153475112711,"Potential 1","Bruxner","Geissois benthamii","Eucalyptus grandis","N_NSW","N_AUS",NA,NA
"551","Litsea australis","Eucalyptus grandis",0.0652902705124052,-0.154862725522671,0.285443266547481,0.0606582779865259,0.0699222630382846,0.112325021159376,"Potential 1","Bruxner","Litsea australis","Eucalyptus grandis","N_NSW","N_AUS",NA,NA
"561","Lophostemon sp.","Eucalyptus grandis",-0.0286128687806196,-0.178244518518492,0.121018780957253,-0.0328283105173181,-0.0243974270439211,0.076344081278099,"Potential 1","Bruxner","Lophostemon sp.","Eucalyptus grandis","N_NSW","N_AUS",NA,NA
"571","Niemeyeria whitei","Eucalyptus grandis",-0.0253501481173361,-0.252966082179076,0.202265785944404,-0.0307705496036487,-0.0199297466310234,0.116132712568775,"Potential 1","Bruxner","Niemeyeria whitei","Eucalyptus grandis","N_NSW","N_AUS",NA,NA
"581","Schizomeria ovata","Eucalyptus grandis",-0.0519242624581229,-0.355257852194151,0.251409327277906,-0.0570212108085264,-0.0468273141077193,0.154764879420584,"Potential 1","Bruxner","Schizomeria ovata","Eucalyptus grandis","N_NSW","N_AUS",NA,NA
"591","Syncarpia glomulifera subsp glabra","Eucalyptus grandis",0.0306067236811416,-0.195903404748299,0.257116852110582,0.025172198773487,0.0360412485887963,0.115568515654432,"Potential 1","Bruxner","Syncarpia glomulifera","Eucalyptus grandis","N_NSW","N_AUS",NA,NA
"60","Unidentified tree","Eucalyptus grandis",-0.00888043478498881,-0.13790824847315,0.120147378903172,-0.013802806778057,-0.00395806279192063,0.0658317268612668,"Potential 1","Bruxner","Unidentified tree","Eucalyptus grandis","N_NSW","N_AUS",NA,NA
"661","Geissois benthamii","Geissois benthamii",-0.128878435748997,-0.920179516812099,0.662422645314105,-0.139949974435065,-0.117806897062929,0.403732460037421,"Potential 1","Bruxner","Geissois benthamii","Geissois benthamii","N_NSW","N_AUS",NA,NA
"671","Litsea australis","Geissois benthamii",-0.49144748617669,-1.06464854296885,0.0817535706154654,-0.500569463931638,-0.482325508421742,0.29245489269879,"Potential 1","Bruxner","Litsea australis","Geissois benthamii","N_NSW","N_AUS",NA,NA
"681","Lophostemon sp.","Geissois benthamii",0.0691509505065473,-0.233127741175014,0.371429642188109,0.0634349241420561,0.0748669768710385,0.154226656237511,"Potential 1","Bruxner","Lophostemon sp.","Geissois benthamii","N_NSW","N_AUS",NA,NA
"691","Niemeyeria whitei","Geissois benthamii",0.230439954314243,-0.218899964936612,0.679779873565099,0.223253601566723,0.237626307061763,0.229259273535224,"Potential 1","Bruxner","Niemeyeria whitei","Geissois benthamii","N_NSW","N_AUS",NA,NA
"70","Schizomeria ovata","Geissois benthamii",0.306433134272469,-0.225354851600371,0.838221120145309,0.297753372684454,0.315112895860483,0.271325386623181,"Potential 1","Bruxner","Schizomeria ovata","Geissois benthamii","N_NSW","N_AUS",NA,NA
"712","Syncarpia glomulifera subsp glabra","Geissois benthamii",-0.230048193992222,-0.989524617167796,0.529428229183352,-0.241792013271762,-0.218304374712681,0.387495091321181,"Potential 1","Bruxner","Syncarpia glomulifera","Geissois benthamii","N_NSW","N_AUS",NA,NA
"722","Unidentified tree","Geissois benthamii",0.00697843858811883,-0.238886942601275,0.252843819777513,0.000977149279964158,0.0129797278962735,0.125443826074739,"Potential 1","Bruxner","Unidentified tree","Geissois benthamii","N_NSW","N_AUS",NA,NA
"791","Litsea australis","Litsea australis",-0.0343142176737734,-0.673201829855296,0.604573394507749,-0.0432025855620583,-0.0254258497854885,0.325969057197472,"Potential 1","Bruxner","Litsea australis","Litsea australis","N_NSW","N_AUS",NA,NA
"80","Lophostemon sp.","Litsea australis",0.000896717007556548,-0.281633406371751,0.283426840386864,-0.00405807666610213,0.00585151068121522,0.144150670934706,"Potential 1","Bruxner","Lophostemon sp.","Litsea australis","N_NSW","N_AUS",NA,NA
"815","Niemeyeria whitei","Litsea australis",0.17570919756233,-0.326171472061074,0.677589867185734,0.169039200692206,0.182379194432454,0.256066271412217,"Potential 1","Bruxner","Niemeyeria whitei","Litsea australis","N_NSW","N_AUS",NA,NA
"821","Schizomeria ovata","Litsea australis",-0.163159878457785,-0.763570055363987,0.437250298448417,-0.170786570745165,-0.155533186170405,0.306337351932056,"Potential 1","Bruxner","Schizomeria ovata","Litsea australis","N_NSW","N_AUS",NA,NA
"831","Syncarpia glomulifera subsp glabra","Litsea australis",-0.344754961526,-1.12974414174638,0.440234218694379,-0.354312975386518,-0.335196947665481,0.40051204328869,"Potential 1","Bruxner","Syncarpia glomulifera","Litsea australis","N_NSW","N_AUS",NA,NA
"841","Unidentified tree","Litsea australis",0.13209871424728,-0.110202381960031,0.374399810454591,0.126087942876442,0.138109485618118,0.123625279912565,"Potential 1","Bruxner","Unidentified tree","Litsea australis","N_NSW","N_AUS",NA,NA
"921","Lophostemon sp.","Lophostemon sp.",0.0262968491217842,-0.305913800169928,0.358507498413496,0.0180708562566484,0.03452284198692,0.169498343802308,"Potential 1","Bruxner","Lophostemon sp.","Lophostemon sp.","N_NSW","N_AUS",NA,NA
"931","Niemeyeria whitei","Lophostemon sp.",0.111634816469334,-0.13477512672023,0.358044759658898,0.107276002582908,0.11599363035576,0.125721668935355,"Potential 1","Bruxner","Niemeyeria whitei","Lophostemon sp.","N_NSW","N_AUS",NA,NA
"941","Schizomeria ovata","Lophostemon sp.",0.192830076070848,-0.166765089825447,0.552425241967142,0.188005110553429,0.197655041588266,0.183470292685343,"Potential 1","Bruxner","Schizomeria ovata","Lophostemon sp.","N_NSW","N_AUS",NA,NA
"951","Syncarpia glomulifera subsp glabra","Lophostemon sp.",0.243132567328247,-0.0586533142076369,0.544918448864131,0.238040328839146,0.248224805817348,0.153975217869477,"Potential 1","Bruxner","Syncarpia glomulifera","Lophostemon sp.","N_NSW","N_AUS",NA,NA
"961","Unidentified tree","Lophostemon sp.",0.0133319557157776,-0.170273941333241,0.196937852764796,0.00814792578029766,0.0185159856512576,0.0936781994451317,"Potential 1","Bruxner","Unidentified tree","Lophostemon sp.","N_NSW","N_AUS",NA,NA
"1051","Niemeyeria whitei","Niemeyeria whitei",0.0479021090447715,-0.522975432319463,0.618779650409006,0.0406872432055942,0.0551169748839489,0.291269403860093,"Potential 1","Bruxner","Niemeyeria whitei","Niemeyeria whitei","N_NSW","N_AUS",NA,NA
"106","Schizomeria ovata","Niemeyeria whitei",0.0220305716576621,-0.535200370865756,0.579261514181081,0.0161306514256659,0.0279304918896582,0.284306725490257,"Potential 1","Bruxner","Schizomeria ovata","Niemeyeria whitei","N_NSW","N_AUS",NA,NA
"107","Syncarpia glomulifera subsp glabra","Niemeyeria whitei",-0.104100712654539,-0.736844683681489,0.528643258372411,-0.113555770225781,-0.0946456550832974,0.322834488805893,"Potential 1","Bruxner","Syncarpia glomulifera","Niemeyeria whitei","N_NSW","N_AUS",NA,NA
"108","Unidentified tree","Niemeyeria whitei",-0.0617181747269813,-0.359537888177491,0.236101538723528,-0.0676011427168068,-0.0558352067371559,0.151951625539894,"Potential 1","Bruxner","Unidentified tree","Niemeyeria whitei","N_NSW","N_AUS",NA,NA
"1181","Schizomeria ovata","Schizomeria ovata",-0.42788134182648,-1.3262137119533,0.470451028300341,-0.437734616255896,-0.418028067397064,0.458341264029723,"Potential 1","Bruxner","Schizomeria ovata","Schizomeria ovata","N_NSW","N_AUS",NA,NA
"1191","Syncarpia glomulifera subsp glabra","Schizomeria ovata",-0.360855224232009,-1.03631407593407,0.314603627470056,-0.369394047945109,-0.35231640051891,0.344628195737268,"Potential 1","Bruxner","Syncarpia glomulifera","Schizomeria ovata","N_NSW","N_AUS",NA,NA
"1201","Unidentified tree","Schizomeria ovata",0.121011085878503,-0.268093152251499,0.510115324008504,0.114331932597055,0.12769023915995,0.198526218440342,"Potential 1","Bruxner","Unidentified tree","Schizomeria ovata","N_NSW","N_AUS",NA,NA
"1313","Syncarpia glomulifera subsp glabra","Syncarpia glomulifera subsp glabra",0.112437616684194,-0.302518686720151,0.527393920088538,0.101643335311518,0.123231898056869,0.211716290032606,"Potential 1","Bruxner","Syncarpia glomulifera","Syncarpia glomulifera","N_NSW","N_AUS",NA,NA
"1321","Unidentified tree","Syncarpia glomulifera subsp glabra",-0.0378207129447753,-0.276170639959099,0.200529214069548,-0.0435215554329525,-0.0321198704565981,0.121609340219717,"Potential 1","Bruxner","Unidentified tree","Syncarpia glomulifera","N_NSW","N_AUS",NA,NA
"1441","Unidentified tree","Unidentified tree",-0.13675863474686,-0.40525190607779,0.13173463658407,-0.14904122602922,-0.1244760434645,0.136988880126763,"Potential 1","Bruxner","Unidentified tree","Unidentified tree","N_NSW","N_AUS",NA,NA
"160","Acmena smithii","Acmena smithii",-0.0239936692929373,-0.449300070160032,0.401312731574157,-0.0303749849292417,-0.017612353656633,0.216997049038583,"Potential 1","Osullivans","Acmena smithii","Acmena smithii","N_NSW","N_AUS",NA,NA
"246","Allocasuarina torulosa","Acmena smithii",-0.0415607568506365,-0.520193501678732,0.437071987977459,-0.0471561505283013,-0.0359653631729718,0.244204867336079,"Potential 1","Osullivans","Allocasuarina torulosa","Acmena smithii","N_NSW","N_AUS",NA,NA
"328","Cryptocarya glaucescens","Acmena smithii",0.298692363034359,-0.153174786184717,0.750559512253436,0.292758264105984,0.304626461962735,0.230548700273753,"Potential 1","Osullivans","Cryptocarya glaucescens","Acmena smithii","N_NSW","N_AUS",NA,NA
"425","Cryptocarya microneura","Acmena smithii",0.0576939483432566,-0.267937032578505,0.383324929265018,0.0528539196050793,0.0625339770814339,0.166141308457858,"Potential 1","Osullivans","Cryptocarya microneura","Acmena smithii","N_NSW","N_AUS",NA,NA
"520","Eucalyptus grandis","Acmena smithii",0.117168051549355,-0.107545247431322,0.341881350530032,0.113933390908125,0.120402712190584,0.114651749089875,"Potential 1","Osullivans","Eucalyptus grandis","Acmena smithii","N_NSW","N_AUS",NA,NA
"624","Syncarpia glomulifera subsp glomulifera","Acmena smithii",-0.418017494277357,-0.830106834952692,-0.0059281536020232,-0.425073245412855,-0.41096174314186,0.210253527067764,"Potential 1","Osullivans","Syncarpia glomulifera","Acmena smithii","N_NSW","N_AUS",1,"N_NSW"
"713","Unidentified tree","Acmena smithii",0.218217412311321,-0.0623885776410118,0.498823402263654,0.213693445943381,0.222741378679261,0.143168952167345,"Potential 1","Osullivans","Unidentified tree","Acmena smithii","N_NSW","N_AUS",NA,NA
"919","Allocasuarina torulosa","Allocasuarina torulosa",-0.0826012145904128,-0.502588268423013,0.337385839242187,-0.0921087322909623,-0.0730936968898633,0.214283046599532,"Potential 1","Osullivans","Allocasuarina torulosa","Allocasuarina torulosa","N_NSW","N_AUS",NA,NA
"1010","Cryptocarya glaucescens","Allocasuarina torulosa",0.0547581318104981,-0.356040271454443,0.465556535075439,0.049310099987897,0.0602061636330991,0.209594873428934,"Potential 1","Osullivans","Cryptocarya glaucescens","Allocasuarina torulosa","N_NSW","N_AUS",NA,NA
"1116","Cryptocarya microneura","Allocasuarina torulosa",-0.156945370525931,-0.366864432687752,0.0529736916358892,-0.160593921393823,-0.15329681965804,0.107103530379964,"Potential 1","Osullivans","Cryptocarya microneura","Allocasuarina torulosa","N_NSW","N_AUS",NA,NA
"1214","Eucalyptus grandis","Allocasuarina torulosa",0.00558434644070161,-0.162133609157143,0.173302302038546,0.00234120423915288,0.00882748864225034,0.085571957913912,"Potential 1","Osullivans","Eucalyptus grandis","Allocasuarina torulosa","N_NSW","N_AUS",NA,NA
"1314","Syncarpia glomulifera subsp glomulifera","Allocasuarina torulosa",-0.252091882087943,-0.524578758634361,0.0203949944584746,-0.257862442448286,-0.2463213217276,0.139026471249349,"Potential 1","Osullivans","Syncarpia glomulifera","Allocasuarina torulosa","N_NSW","N_AUS",NA,NA
"1411","Unidentified tree","Allocasuarina torulosa",0.1066102006651,-0.0907656065909517,0.303986007921152,0.102676082877426,0.110544318452775,0.100703792933404,"Potential 1","Osullivans","Unidentified tree","Allocasuarina torulosa","N_NSW","N_AUS",NA,NA
"176","Cryptocarya glaucescens","Cryptocarya glaucescens",-0.160509003920263,-0.685772694161331,0.364754686320805,-0.16825782185457,-0.152760185985957,0.267996603194896,"Potential 1","Osullivans","Cryptocarya glaucescens","Cryptocarya glaucescens","N_NSW","N_AUS",NA,NA
"186","Cryptocarya microneura","Cryptocarya glaucescens",0.065224376919066,-0.189333513154616,0.319782266992748,0.0604243530503093,0.0700244007878227,0.129878861081939,"Potential 1","Osullivans","Cryptocarya microneura","Cryptocarya glaucescens","N_NSW","N_AUS",NA,NA
"195","Eucalyptus grandis","Cryptocarya glaucescens",-0.0485868450718551,-0.239300771130301,0.142127080986591,-0.0523497765333512,-0.0448239136103589,0.0973048114979527,"Potential 1","Osullivans","Eucalyptus grandis","Cryptocarya glaucescens","N_NSW","N_AUS",NA,NA
"204","Syncarpia glomulifera subsp glomulifera","Cryptocarya glaucescens",0.204808008684276,-0.140684571739123,0.550300589107675,0.198965632986731,0.210650384381821,0.176274963799642,"Potential 1","Osullivans","Syncarpia glomulifera","Cryptocarya glaucescens","N_NSW","N_AUS",NA,NA
"2112","Unidentified tree","Cryptocarya glaucescens",-0.220894412259266,-0.462786774234685,0.0209979497161523,-0.22471971864778,-0.217069105870753,0.123416738207148,"Potential 1","Osullivans","Unidentified tree","Cryptocarya glaucescens","N_NSW","N_AUS",NA,NA
"255","Cryptocarya microneura","Cryptocarya microneura",0.134352469684657,-0.0943605563765254,0.363065495745839,0.126645236128732,0.142059703240581,0.116692463670374,"Potential 1","Osullivans","Cryptocarya microneura","Cryptocarya microneura","N_NSW","N_AUS",NA,NA
"262","Eucalyptus grandis","Cryptocarya microneura",-0.0298490538112985,-0.169691223845992,0.109993116223395,-0.0332161763283208,-0.0264819312942762,0.0713493569972461,"Potential 1","Osullivans","Eucalyptus grandis","Cryptocarya microneura","N_NSW","N_AUS",NA,NA
"273","Syncarpia glomulifera subsp glomulifera","Cryptocarya microneura",-0.107107248981771,-0.3014567018949,0.0872422039313586,-0.111323197328178,-0.102891300635363,0.0991597062222229,"Potential 1","Osullivans","Syncarpia glomulifera","Cryptocarya microneura","N_NSW","N_AUS",NA,NA
"282","Unidentified tree","Cryptocarya microneura",0.0440686274536703,-0.109452693508373,0.197589948415714,0.0399616965339286,0.0481755583734121,0.0783286438796835,"Potential 1","Osullivans","Unidentified tree","Cryptocarya microneura","N_NSW","N_AUS",NA,NA
"333","Eucalyptus grandis","Eucalyptus grandis",-0.443602703453381,-0.802709027601391,-0.0844963793053705,-0.456807707186202,-0.430397699720559,0.183220879047062,"Potential 1","Osullivans","Eucalyptus grandis","Eucalyptus grandis","N_NSW","N_AUS",1,"N_NSW"
"343","Syncarpia glomulifera subsp glomulifera","Eucalyptus grandis",0.272588050132932,0.0443012299985781,0.500874870267285,0.266575953957547,0.278600146308317,0.116475007671085,"Potential 1","Osullivans","Syncarpia glomulifera","Eucalyptus grandis","N_NSW","N_AUS",1,"N_NSW"
"353","Unidentified tree","Eucalyptus grandis",-0.336597526922417,-0.493900521759701,-0.179294532085133,-0.341468753371121,-0.331726300473713,0.0802581047805317,"Potential 1","Osullivans","Unidentified tree","Eucalyptus grandis","N_NSW","N_AUS",1,"N_NSW"
"4112","Syncarpia glomulifera subsp glomulifera","Syncarpia glomulifera subsp glomulifera",-0.0715924928280006,-0.398593648579043,0.255408662923042,-0.0822787367148911,-0.0609062489411101,0.166840390094097,"Potential 1","Osullivans","Syncarpia glomulifera","Syncarpia glomulifera","N_NSW","N_AUS",NA,NA
"426","Unidentified tree","Syncarpia glomulifera subsp glomulifera",0.493350635687083,0.157416563975912,0.829284707398254,0.484799164160433,0.501902107213732,0.171398084026531,"Potential 1","Osullivans","Unidentified tree","Syncarpia glomulifera","N_NSW","N_AUS",1,"N_NSW"
"491","Unidentified tree","Unidentified tree",-0.368808162481123,-0.750846580765638,0.0132302558033907,-0.384384357323494,-0.353231967638753,0.194921142070969,"Potential 1","Osullivans","Unidentified tree","Unidentified tree","N_NSW","N_AUS",NA,NA
"170","Acacia melanoxylon","Acacia melanoxylon",0.464476962841262,0.277005747655671,0.651948178026853,0.4571230141684,0.471830911514124,0.0956503367737061,"Potential 1","Herberton","Acacia melanoxylon","Acacia melanoxylon","QLD","N_AUS",1,"QLD"
"247","Corymbia intermedia","Acacia melanoxylon",0.0757340440066128,-0.0749498126916807,0.226417900704906,0.0729067472974591,0.0785613407157665,0.0768809314287755,"Potential 1","Herberton","Corymbia intermedia","Acacia melanoxylon","QLD","N_AUS",NA,NA
"329","Eucalyptus grandis","Acacia melanoxylon",0.0493020893366297,-0.0929107624382131,0.191514941111472,0.0462905152296442,0.0523136634436152,0.0725589107231559,"Potential 1","Herberton","Eucalyptus grandis","Acacia melanoxylon","QLD","N_AUS",NA,NA
"522","Corymbia intermedia","Corymbia intermedia",0.0472384611916144,-0.200685325425054,0.295162247808283,0.0377891675250875,0.0566877548581414,0.126494052223541,"Potential 1","Herberton","Corymbia intermedia","Corymbia intermedia","QLD","N_AUS",NA,NA
"625","Eucalyptus grandis","Corymbia intermedia",-0.222036101375245,-0.318237728960308,-0.125834473790181,-0.225211990725843,-0.218860212024646,0.0490833649719533,"Potential 1","Herberton","Eucalyptus grandis","Corymbia intermedia","QLD","N_AUS",1,"QLD"
"920","Eucalyptus grandis","Eucalyptus grandis",-0.276076792747471,-0.61152055069177,0.059366965196828,-0.287415676986479,-0.264737908508463,0.171147919344558,"Potential 1","Herberton","Eucalyptus grandis","Eucalyptus grandis","QLD","N_AUS",NA,NA
"177","Allocasuarina torulosa","Allocasuarina torulosa",0.151974965757115,-0.0100375971232494,0.313987528637479,0.144146860743351,0.159803070770879,0.0826609897724136,"Potential 1","Lamb Range","Allocasuarina torulosa","Allocasuarina torulosa","QLD","N_AUS",NA,NA
"248","Eucalyptus grandis","Allocasuarina torulosa",-0.114285573756948,-0.204667804723337,-0.0239033427905592,-0.117710313051104,-0.110860834462793,0.0461142305059239,"Potential 1","Lamb Range","Eucalyptus grandis","Allocasuarina torulosa","QLD","N_AUS",1,"QLD"
"427","Eucalyptus grandis","Eucalyptus grandis",0.260072485592039,0.0999596487226048,0.420185322461474,0.251877992995884,0.268266978188195,0.0816917239971674,"Potential 1","Lamb Range","Eucalyptus grandis","Eucalyptus grandis","QLD","N_AUS",1,"QLD"
"178","Allocasuarina torulosa","Allocasuarina torulosa",0.310201980777505,0.128997009265917,0.491406952289093,0.306914238063018,0.313489723491991,0.0924532149268606,"Potential 1","Baldy","Allocasuarina torulosa","Allocasuarina torulosa","QLD","N_AUS",1,"QLD"
"249","Corymbia intermedia","Allocasuarina torulosa",0.098806515015037,-0.0781448790453056,0.27575790907538,0.0963498073105405,0.101263222719533,0.0902829824711641,"Potential 1","Baldy","Corymbia intermedia","Allocasuarina torulosa","QLD","N_AUS",NA,NA
"330","Eucalyptus grandis","Allocasuarina torulosa",-0.0302020671591777,-0.170759492607107,0.110355358288752,-0.0319973013696586,-0.0284068329486967,0.0717142899342173,"Potential 1","Baldy","Eucalyptus grandis","Allocasuarina torulosa","QLD","N_AUS",NA,NA
"523","Corymbia intermedia","Corymbia intermedia",0.0859373169133103,-0.244498409363033,0.416373043189653,0.0810823751502425,0.0907922586763781,0.168592754194862,"Potential 1","Baldy","Corymbia intermedia","Corymbia intermedia","QLD","N_AUS",NA,NA
"626","Eucalyptus grandis","Corymbia intermedia",0.149686882671562,-0.0904825704168853,0.389856335760009,0.146137149814815,0.153236615528309,0.12253768690796,"Potential 1","Baldy","Eucalyptus grandis","Corymbia intermedia","QLD","N_AUS",NA,NA
"922","Eucalyptus grandis","Eucalyptus grandis",-0.0711289658002452,-0.30161726932191,0.15935933772142,-0.0751199767922299,-0.0671379548082605,0.117598234120487,"Potential 1","Baldy","Eucalyptus grandis","Eucalyptus grandis","QLD","N_AUS",NA,NA
"179","Acacia melanoxylon","Acacia melanoxylon",0.391902039987074,0.275279601593019,0.508524478381128,0.380164361414031,0.403639718560116,0.0595023374480129,"Potential 1","Koombooloomba","Acacia melanoxylon","Acacia melanoxylon","QLD","N_AUS",1,"QLD"
"250","Eucalyptus grandis","Acacia melanoxylon",-0.0393127483337065,-0.0908729403355573,0.0122474436681443,-0.040949137605778,-0.037676359061635,0.0263067038009632,"Potential 1","Koombooloomba","Eucalyptus grandis","Acacia melanoxylon","QLD","N_AUS",NA,NA
"334","Polyscias elegans","Acacia melanoxylon",-0.023017383309155,-0.10443977842495,0.0584050118066404,-0.0255081230555629,-0.0205266435627471,0.041542801683115,"Potential 1","Koombooloomba","Polyscias elegans","Acacia melanoxylon","QLD","N_AUS",NA,NA
"428","Sloanea langii","Acacia melanoxylon",-0.0030304533027515,-0.130785651855175,0.124724745249672,-0.00550576905408945,-0.000555137551413554,0.0651824214935277,"Potential 1","Koombooloomba","Sloanea langii","Acacia melanoxylon","QLD","N_AUS",NA,NA
"524","Syncarpia glomulifera","Acacia melanoxylon",-0.00596276965447207,-0.0535005916789993,0.0415750523700551,-0.0080691709783894,-0.00385636833055473,0.024254436509803,"Potential 1","Koombooloomba","Syncarpia glomulifera","Acacia melanoxylon","QLD","N_AUS",NA,NA
"714","Eucalyptus grandis","Eucalyptus grandis",0.0864414915363878,-0.133891815129107,0.306774798201882,0.0797154990366884,0.0931674840360872,0.112417018069442,"Potential 1","Koombooloomba","Eucalyptus grandis","Eucalyptus grandis","QLD","N_AUS",NA,NA
"816","Polyscias elegans","Eucalyptus grandis",0.0551909685648346,-0.0962525244045605,0.20663446153423,0.0521208170537135,0.0582611200759558,0.0772685080766597,"Potential 1","Koombooloomba","Polyscias elegans","Eucalyptus grandis","QLD","N_AUS",NA,NA
"923","Sloanea langii","Eucalyptus grandis",-0.0585169740635358,-0.203688363955245,0.0866544158281732,-0.0608701218691568,-0.0561638262579149,0.0740683966832056,"Potential 1","Koombooloomba","Sloanea langii","Eucalyptus grandis","QLD","N_AUS",NA,NA
"1011","Syncarpia glomulifera","Eucalyptus grandis",0.0103482424710591,-0.0610875046294196,0.0817839895715378,0.00873453995479998,0.0119619449873182,0.0364474794761306,"Potential 1","Koombooloomba","Syncarpia glomulifera","Eucalyptus grandis","QLD","N_AUS",NA,NA
"1315","Polyscias elegans","Polyscias elegans",0.415432691868463,0.249631708904037,0.581233674832888,0.408297826513377,0.422567557223548,0.0845938926797853,"Potential 1","Koombooloomba","Polyscias elegans","Polyscias elegans","QLD","N_AUS",1,"QLD"
"1412","Sloanea langii","Polyscias elegans",0.0994899124779039,-0.0258832651050547,0.224863090060862,0.0949701363348661,0.104009688620942,0.0639670823402298,"Potential 1","Koombooloomba","Sloanea langii","Polyscias elegans","QLD","N_AUS",NA,NA
"1510","Syncarpia glomulifera","Polyscias elegans",-0.000915556656434635,-0.0762161959384082,0.074385082625539,-0.00363828343804467,0.0018071701251754,0.0384193994766922,"Potential 1","Koombooloomba","Syncarpia glomulifera","Polyscias elegans","QLD","N_AUS",NA,NA
"196","Sloanea langii","Sloanea langii",0.353154883425057,0.197973235430258,0.508336531419856,0.344281968337294,0.36202779851282,0.0791757650746914,"Potential 1","Koombooloomba","Sloanea langii","Sloanea langii","QLD","N_AUS",1,"QLD"
"205","Syncarpia glomulifera","Sloanea langii",-0.00951664640347807,-0.122337403101644,0.103304110294688,-0.0134151104998587,-0.00561818230709739,0.0575626682878265,"Potential 1","Koombooloomba","Syncarpia glomulifera","Sloanea langii","QLD","N_AUS",NA,NA
"256","Syncarpia glomulifera","Syncarpia glomulifera",0.517104168581176,0.377588278492449,0.656620058669903,0.50763507383479,0.526573263327562,0.0711828845780893,"Potential 1","Koombooloomba","Syncarpia glomulifera","Syncarpia glomulifera","QLD","N_AUS",1,"QLD"
"180","Acacia mucronata","Acacia mucronata",0.179653995962245,-0.0986389710449118,0.457946962969402,0.172595747491974,0.186712244432516,0.14198881673454,"Potential 1","BlackRiver","Acacia mucronata","Acacia mucronata","King_TAS","N_AUS",NA,NA
"257","Eucalyptus obliqua","Acacia mucronata",-0.0314705536364401,-0.152155351190314,0.0892142439174337,-0.0340330657682561,-0.0289080415046242,0.061575007758214,"Potential 1","BlackRiver","Eucalyptus obliqua","Acacia mucronata","King_TAS","N_AUS",NA,NA
"335","Eucalyptus ovata","Acacia mucronata",0.140349238553168,-0.107891432028926,0.388589909135261,0.135045375600393,0.145653101505943,0.126655730686984,"Potential 1","BlackRiver","Eucalyptus ovata","Acacia mucronata","King_TAS","N_AUS",NA,NA
"429","Leptospermum scoparium","Acacia mucronata",-0.00294518302800599,-0.243798712437054,0.237908346381042,-0.00751894031873853,0.00162857426272655,0.122886711852294,"Potential 1","BlackRiver","Leptospermum scoparium","Acacia mucronata","King_TAS","N_AUS",NA,NA
"525","Monotoca glauca","Acacia mucronata",-0.00163569212073109,-0.119062998345651,0.115791614104189,-0.00420065606987802,0.00092927182841583,0.0599129918463663,"Potential 1","BlackRiver","Monotoca glauca","Acacia mucronata","King_TAS","N_AUS",NA,NA
"627","Nematolepis squamea subsp squamea","Acacia mucronata",-0.0141339026543,-0.152103045500128,0.123835240191528,-0.0184504458659016,-0.00981735944269837,0.0703937133203011,"Potential 1","BlackRiver","Nematolepis squamea subsp squamea","Acacia mucronata","King_TAS","N_AUS",NA,NA
"715","Zieria arborescens","Acacia mucronata",-0.151399945282902,-0.517282028422947,0.214482137857144,-0.157127815120946,-0.145672075444857,0.186677962465676,"Potential 1","BlackRiver","Zieria arborescens","Acacia mucronata","King_TAS","N_AUS",NA,NA
"924","Eucalyptus obliqua","Eucalyptus obliqua",-0.214910629876299,-0.486807364635535,0.0569861048829374,-0.226063104425409,-0.203758155327189,0.138725372968036,"Potential 1","BlackRiver","Eucalyptus obliqua","Eucalyptus obliqua","King_TAS","N_AUS",NA,NA
"1012","Eucalyptus ovata","Eucalyptus obliqua",-0.140852785665528,-0.295988497682767,0.0142829263517108,-0.144270385107096,-0.13743518622396,0.079152327920783,"Potential 1","BlackRiver","Eucalyptus ovata","Eucalyptus obliqua","King_TAS","N_AUS",NA,NA
"1117","Leptospermum scoparium","Eucalyptus obliqua",0.0924029169721653,-0.0450848816837773,0.229890715628108,0.0885563353964595,0.0962494985478712,0.0701481250372093,"Potential 1","BlackRiver","Leptospermum scoparium","Eucalyptus obliqua","King_TAS","N_AUS",NA,NA
"1215","Monotoca glauca","Eucalyptus obliqua",-0.0809316756482843,-0.184397798678073,0.0225344473815043,-0.0844786063348179,-0.0773847449617507,0.05278980830562,"Potential 1","BlackRiver","Monotoca glauca","Eucalyptus obliqua","King_TAS","N_AUS",NA,NA
"1316","Nematolepis squamea subsp squamea","Eucalyptus obliqua",0.0176391957173867,-0.0779177195570891,0.113196110991863,0.0143634384666629,0.0209149529681105,0.0487544240752466,"Potential 1","BlackRiver","Nematolepis squamea subsp squamea","Eucalyptus obliqua","King_TAS","N_AUS",NA,NA
"1413","Zieria arborescens","Eucalyptus obliqua",0.149988461647939,-0.0620733321543192,0.362050255450197,0.145496067116141,0.154480856179737,0.108196780897493,"Potential 1","BlackRiver","Zieria arborescens","Eucalyptus obliqua","King_TAS","N_AUS",NA,NA
"1710","Eucalyptus ovata","Eucalyptus ovata",-0.241941653940599,-0.653329814582477,0.169446506701278,-0.250259445927516,-0.233623861953682,0.209895775578967,"Potential 1","BlackRiver","Eucalyptus ovata","Eucalyptus ovata","King_TAS","N_AUS",NA,NA
"187","Leptospermum scoparium","Eucalyptus ovata",0.109994107425792,-0.1417474174302,0.361735632281784,0.104411771861575,0.115576442990009,0.128441913648259,"Potential 1","BlackRiver","Leptospermum scoparium","Eucalyptus ovata","King_TAS","N_AUS",NA,NA
"197","Monotoca glauca","Eucalyptus ovata",-0.0999953366238888,-0.232017188065752,0.0320265148179745,-0.103111010949161,-0.0968796622986165,0.0673593252137462,"Potential 1","BlackRiver","Monotoca glauca","Eucalyptus ovata","King_TAS","N_AUS",NA,NA
"206","Nematolepis squamea subsp squamea","Eucalyptus ovata",0.155501071815331,-0.0153921321269953,0.326394275757657,0.150731028419059,0.160271115211602,0.0871920123483441,"Potential 1","BlackRiver","Nematolepis squamea subsp squamea","Eucalyptus ovata","King_TAS","N_AUS",NA,NA
"2113","Zieria arborescens","Eucalyptus ovata",0.372275025655435,-0.0951111578338488,0.839661209144719,0.364444884484241,0.380105166826629,0.238466720396888,"Potential 1","BlackRiver","Zieria arborescens","Eucalyptus ovata","King_TAS","N_AUS",NA,NA
"258","Leptospermum scoparium","Leptospermum scoparium",0.197838819440996,-0.0526194808869586,0.448297119768951,0.191918245013163,0.203759393868829,0.127787195225799,"Potential 1","BlackRiver","Leptospermum scoparium","Leptospermum scoparium","King_TAS","N_AUS",NA,NA
"263","Monotoca glauca","Leptospermum scoparium",0.139373636014115,-0.0209893863989625,0.299736658427193,0.13505274214013,0.143694529888101,0.0818193720282623,"Potential 1","BlackRiver","Monotoca glauca","Leptospermum scoparium","King_TAS","N_AUS",NA,NA
"274","Nematolepis squamea subsp squamea","Leptospermum scoparium",0.0506624668416433,-0.109982207925136,0.211307141608422,0.0458072210896521,0.0555177125936346,0.081963074849295,"Potential 1","BlackRiver","Nematolepis squamea subsp squamea","Leptospermum scoparium","King_TAS","N_AUS",NA,NA
"283","Zieria arborescens","Leptospermum scoparium",0.0767887518310058,-0.344914503158943,0.498492006820954,0.0691562360947656,0.0844212675672459,0.215158675524801,"Potential 1","BlackRiver","Zieria arborescens","Leptospermum scoparium","King_TAS","N_AUS",NA,NA
"336","Monotoca glauca","Monotoca glauca",0.103309307050193,-0.0978802235379209,0.304498837638306,0.0933809585026785,0.113237655597707,0.10264960589841,"Potential 1","BlackRiver","Monotoca glauca","Monotoca glauca","King_TAS","N_AUS",NA,NA
"344","Nematolepis squamea subsp squamea","Monotoca glauca",-0.0500710615819185,-0.145759425845344,0.045617302681507,-0.0536223627330604,-0.0465197604307766,0.0488214911183078,"Potential 1","BlackRiver","Nematolepis squamea subsp squamea","Monotoca glauca","King_TAS","N_AUS",NA,NA
"354","Zieria arborescens","Monotoca glauca",-0.166478163441171,-0.373366268980639,0.0404099420982968,-0.170635382626647,-0.162320944255695,0.105557095523885,"Potential 1","BlackRiver","Zieria arborescens","Monotoca glauca","King_TAS","N_AUS",NA,NA
"4113","Nematolepis squamea subsp squamea","Nematolepis squamea subsp squamea",0.438846778427579,0.266999926430361,0.610693630424798,0.426381752315107,0.451311804540052,0.0876785764191201,"Potential 1","BlackRiver","Nematolepis squamea subsp squamea","Nematolepis squamea subsp squamea","King_TAS","N_AUS",1,"King_TAS"
"4210","Zieria arborescens","Nematolepis squamea subsp squamea",-0.209269492171257,-0.479398413304323,0.0608594289618089,-0.214985248382228,-0.203553735960286,0.137823410666629,"Potential 1","BlackRiver","Zieria arborescens","Nematolepis squamea subsp squamea","King_TAS","N_AUS",NA,NA
"492","Zieria arborescens","Zieria arborescens",-0.236546154927708,-0.736647957836557,0.26355564798114,-0.244398406561804,-0.228693903293612,0.255158669676376,"Potential 1","BlackRiver","Zieria arborescens","Zieria arborescens","King_TAS","N_AUS",NA,NA
"188","Acacia melanoxylon","Acacia melanoxylon",-0.305177632095939,-0.817313648880733,0.206958384688856,-0.314509447686882,-0.295845816504995,0.261298687539393,"Potential 1","BondTier","Acacia melanoxylon","Acacia melanoxylon","King_TAS","N_AUS",NA,NA
"259","Eucalyptus obliqua","Acacia melanoxylon",0.27690295877551,0.0204375434776518,0.533368374073369,0.271289992304849,0.282515925246172,0.130852106120737,"Potential 1","BondTier","Eucalyptus obliqua","Acacia melanoxylon","King_TAS","N_AUS",1,"King_TAS"
"337","Nothofagus cunninghamii","Acacia melanoxylon",-0.0301725212995523,-0.182967539192773,0.122622496593669,-0.0330309924163959,-0.0273140501827086,0.0779580742801646,"Potential 1","BondTier","Nothofagus cunninghamii","Acacia melanoxylon","King_TAS","N_AUS",NA,NA
"430","Olearia argophylla","Acacia melanoxylon",0.152022057419908,-0.0851841450121066,0.389228259851923,0.146931041695269,0.157113073144547,0.121025796546808,"Potential 1","BondTier","Olearia argophylla","Acacia melanoxylon","King_TAS","N_AUS",NA,NA
"526","Pittosporum bicolor","Acacia melanoxylon",-0.123926643015055,-0.312862975390701,0.0650096893605907,-0.127753815759064,-0.120099470271045,0.0963978592800436,"Potential 1","BondTier","Pittosporum bicolor","Acacia melanoxylon","King_TAS","N_AUS",NA,NA
"628","Pomaderris apetala","Acacia melanoxylon",-0.142050176336307,-0.238677154126483,-0.0454231985461313,-0.144330141460654,-0.13977021121196,0.0493003843705074,"Potential 1","BondTier","Pomaderris apetala","Acacia melanoxylon","King_TAS","N_AUS",1,"King_TAS"
"817","Eucalyptus obliqua","Eucalyptus obliqua",0.0635017569281484,-0.172794382072493,0.29979789592879,0.0572997847832514,0.0697037290730453,0.120561469937466,"Potential 1","BondTier","Eucalyptus obliqua","Eucalyptus obliqua","King_TAS","N_AUS",NA,NA
"925","Nothofagus cunninghamii","Eucalyptus obliqua",-0.0268187597747556,-0.151302549312666,0.097665029763155,-0.0296919532607129,-0.0239455662887982,0.0635133045912184,"Potential 1","BondTier","Nothofagus cunninghamii","Eucalyptus obliqua","King_TAS","N_AUS",NA,NA
"1013","Olearia argophylla","Eucalyptus obliqua",-0.164385907963172,-0.326806768737131,-0.00196504718921273,-0.168004094371527,-0.160767721554817,0.0828693088521597,"Potential 1","BondTier","Olearia argophylla","Eucalyptus obliqua","King_TAS","N_AUS",1,"King_TAS"
"1118","Pittosporum bicolor","Eucalyptus obliqua",0.129632321214789,-0.0255958131750038,0.284860455604583,0.125919808293334,0.133344834136245,0.0791994830589812,"Potential 1","BondTier","Pittosporum bicolor","Eucalyptus obliqua","King_TAS","N_AUS",NA,NA
"1216","Pomaderris apetala","Eucalyptus obliqua",0.0622137777377024,-0.00721840753663746,0.131645963012042,0.0602368878815875,0.0641906675938172,0.035425235270654,"Potential 1","BondTier","Pomaderris apetala","Eucalyptus obliqua","King_TAS","N_AUS",NA,NA
"1511","Nothofagus cunninghamii","Nothofagus cunninghamii",0.119384337591511,-0.0851874717809708,0.323956146963992,0.11170964236042,0.127059032822602,0.104375290049265,"Potential 1","BondTier","Nothofagus cunninghamii","Nothofagus cunninghamii","King_TAS","N_AUS",NA,NA
"1612","Olearia argophylla","Nothofagus cunninghamii",-0.0262497198669278,-0.138740198798949,0.0862407590650935,-0.0288975575322592,-0.0236018822015964,0.0573941561270165,"Potential 1","BondTier","Olearia argophylla","Nothofagus cunninghamii","King_TAS","N_AUS",NA,NA
"1711","Pittosporum bicolor","Nothofagus cunninghamii",-0.0561328228341838,-0.155405998648451,0.0431403529800829,-0.0584850349677154,-0.0537806107006522,0.050650510212086,"Potential 1","BondTier","Pittosporum bicolor","Nothofagus cunninghamii","King_TAS","N_AUS",NA,NA
"189","Pomaderris apetala","Nothofagus cunninghamii",-0.0511099620661326,-0.100043772595241,-0.00217615153702423,-0.0526464080970431,-0.0495735160352222,0.0249666886305524,"Potential 1","BondTier","Pomaderris apetala","Nothofagus cunninghamii","King_TAS","N_AUS",1,"King_TAS"
"2213","Olearia argophylla","Olearia argophylla",0.156511745973645,-0.0834209495396695,0.39644444148696,0.14981174756436,0.16321174438293,0.122416890007099,"Potential 1","BondTier","Olearia argophylla","Olearia argophylla","King_TAS","N_AUS",NA,NA
"2311","Pittosporum bicolor","Olearia argophylla",0.0299991657721752,-0.109875579276404,0.169873910820754,0.0264342244155578,0.0335641071287926,0.0713659772076901,"Potential 1","BondTier","Pittosporum bicolor","Olearia argophylla","King_TAS","N_AUS",NA,NA
"2410","Pomaderris apetala","Olearia argophylla",-0.0100102235951974,-0.0611255586055651,0.0411051114151702,-0.0113691081602226,-0.00865133903017232,0.0260797317775015,"Potential 1","BondTier","Pomaderris apetala","Olearia argophylla","King_TAS","N_AUS",NA,NA
"294","Pittosporum bicolor","Pittosporum bicolor",0.153511778946825,-0.0734404932208095,0.380464051114459,0.146662064226646,0.160361493667003,0.115794103339554,"Potential 1","BondTier","Pittosporum bicolor","Pittosporum bicolor","King_TAS","N_AUS",NA,NA
"304","Pomaderris apetala","Pittosporum bicolor",-0.0912694373422903,-0.140568433848171,-0.0419704408364094,-0.0929544260756867,-0.0895844486088939,0.025153011430182,"Potential 1","BondTier","Pomaderris apetala","Pittosporum bicolor","King_TAS","N_AUS",1,"King_TAS"
"365","Pomaderris apetala","Pomaderris apetala",0.505576621420597,0.395594817495975,0.61555842534522,0.491388338842776,0.519764903998419,0.0561141963791911,"Potential 1","BondTier","Pomaderris apetala","Pomaderris apetala","King_TAS","N_AUS",1,"King_TAS"
"190","Acacia melanoxylon","Acacia melanoxylon",-0.0964735242001791,-0.391186921636288,0.19823987323593,-0.105354133957602,-0.0875929144427564,0.150366741307886,"Potential 1","Supersite","Acacia melanoxylon","Acacia melanoxylon","S_TAS","N_AUS",NA,NA
"260","Atherosperma moschatum","Acacia melanoxylon",0.164750359549747,-0.0383891561739818,0.367889875273475,0.160788009286864,0.16871270981263,0.103644514555404,"Potential 1","Supersite","Atherosperma moschatum","Acacia melanoxylon","S_TAS","N_AUS",NA,NA
"338","Eucalyptus obliqua","Acacia melanoxylon",0.0136365898028477,-0.136359600682969,0.163632780288665,0.00976872528168874,0.0175044543240067,0.0765300748732975,"Potential 1","Supersite","Eucalyptus obliqua","Acacia melanoxylon","S_TAS","N_AUS",NA,NA
"433","Nothofagus cunninghamii","Acacia melanoxylon",-0.0971028574858207,-0.196923111021166,0.00271739604952481,-0.100287152252743,-0.0939185627188987,0.050929636627364,"Potential 1","Supersite","Nothofagus cunninghamii","Acacia melanoxylon","S_TAS","N_AUS",NA,NA
"527","Pomaderris apetala","Acacia melanoxylon",0.105415367852996,-0.00474378116976655,0.215574516875758,0.10152825242029,0.109302483285701,0.0562046802347816,"Potential 1","Supersite","Pomaderris apetala","Acacia melanoxylon","S_TAS","N_AUS",NA,NA
"716","Atherosperma moschatum","Atherosperma moschatum",0.242064473233347,-0.156376071630881,0.640505018097576,0.232274657591496,0.251854288875198,0.203289727774121,"Potential 1","Supersite","Atherosperma moschatum","Atherosperma moschatum","S_TAS","N_AUS",NA,NA
"818","Eucalyptus obliqua","Atherosperma moschatum",-0.18763211073835,-0.392183477823727,0.0169192563470282,-0.192203965892584,-0.183060255584115,0.104364860119294,"Potential 1","Supersite","Eucalyptus obliqua","Atherosperma moschatum","S_TAS","N_AUS",NA,NA
"926","Nothofagus cunninghamii","Atherosperma moschatum",0.0852770233603225,-0.0171458244773131,0.187699871197958,0.0825860919441248,0.0879679547765202,0.0522575152633079,"Potential 1","Supersite","Nothofagus cunninghamii","Atherosperma moschatum","S_TAS","N_AUS",NA,NA
"1014","Pomaderris apetala","Atherosperma moschatum",-0.116910853013352,-0.275521306468133,0.0416996004414294,-0.121119600355556,-0.112702105671148,0.0809251877615509,"Potential 1","Supersite","Pomaderris apetala","Atherosperma moschatum","S_TAS","N_AUS",NA,NA
"1317","Eucalyptus obliqua","Eucalyptus obliqua",0.128211681976927,-0.0635182781730312,0.319941642126884,0.120253189033482,0.136170174920371,0.0978232057641362,"Potential 1","Supersite","Eucalyptus obliqua","Eucalyptus obliqua","S_TAS","N_AUS",NA,NA
"1414","Nothofagus cunninghamii","Eucalyptus obliqua",0.0811861019365039,-0.010960026501926,0.173332230374934,0.0773164381294045,0.0850557657436033,0.0470141947327945,"Potential 1","Supersite","Nothofagus cunninghamii","Eucalyptus obliqua","S_TAS","N_AUS",NA,NA
"1512","Pomaderris apetala","Eucalyptus obliqua",-0.00835668371825255,-0.102083989287592,0.0853706218510866,-0.0116629630363065,-0.00505040440019858,0.0478209325827659,"Potential 1","Supersite","Pomaderris apetala","Eucalyptus obliqua","S_TAS","N_AUS",NA,NA
"198","Nothofagus cunninghamii","Nothofagus cunninghamii",0.508555521026528,0.309652049240918,0.707458992812138,0.49399854951023,0.523112492542827,0.101483227934051,"Potential 1","Supersite","Nothofagus cunninghamii","Nothofagus cunninghamii","S_TAS","N_AUS",1,"S_TAS"
"207","Pomaderris apetala","Nothofagus cunninghamii",-0.0461583302390394,-0.111051254403669,0.0187345939255906,-0.0489640106817145,-0.0433526497963644,0.0331092431679853,"Potential 1","Supersite","Pomaderris apetala","Nothofagus cunninghamii","S_TAS","N_AUS",NA,NA
"2510","Pomaderris apetala","Pomaderris apetala",0.514241161105816,0.409499552619773,0.618982769591858,0.499589552940755,0.528892769270877,0.0534405781495124,"Potential 1","Supersite","Pomaderris apetala","Pomaderris apetala","S_TAS","N_AUS",1,"S_TAS"
"199","Acacia dealbata","Acacia dealbata",0.0971414373275689,-0.119667558919005,0.313950433574143,0.0896208207769594,0.104662053878178,0.110618867467329,"Potential 1","Mackenzie","Acacia dealbata","Acacia dealbata","N_TAS","N_AUS",NA,NA
"264","Eucalyptus delegatensis","Acacia dealbata",-0.0869301267538806,-0.167986317798861,-0.00587393570889973,-0.0898815670883702,-0.0839786864193909,0.0413559594382049,"Potential 1","Mackenzie","Eucalyptus delegatensis","Acacia dealbata","N_TAS","N_AUS",1,"N_TAS"
"339","Leptospermum lanigerum","Acacia dealbata",-0.0199721744908241,-0.0953087262909278,0.0553643773092796,-0.0223600947575282,-0.01758425422412,0.0384377225267142,"Potential 1","Mackenzie","Leptospermum lanigerum","Acacia dealbata","N_TAS","N_AUS",NA,NA
"434","Nematolepis squamea subsp squamea","Acacia dealbata",0.0635772502882078,-0.0295751527481106,0.156729653324526,0.0612000528866446,0.0659544476897709,0.0475276095739986,"Potential 1","Mackenzie","Nematolepis squamea subsp squamea","Acacia dealbata","N_TAS","N_AUS",NA,NA
"629","Eucalyptus delegatensis","Eucalyptus delegatensis",0.179754831225966,0.0191244398270794,0.340385222624853,0.167997453739619,0.191512208712314,0.0819557872827864,"Potential 1","Mackenzie","Eucalyptus delegatensis","Eucalyptus delegatensis","N_TAS","N_AUS",1,"N_TAS"
"717","Leptospermum lanigerum","Eucalyptus delegatensis",-0.0743929294510834,-0.121349716752143,-0.0274361421500241,-0.0765094578935998,-0.0722764010085671,0.0239579847749492,"Potential 1","Mackenzie","Leptospermum lanigerum","Eucalyptus delegatensis","N_TAS","N_AUS",1,"N_TAS"
"819","Nematolepis squamea subsp squamea","Eucalyptus delegatensis",-0.0106449530559328,-0.0622341889592867,0.0409442828474212,-0.0122275387245054,-0.00906236738736018,0.0263215223903517,"Potential 1","Mackenzie","Nematolepis squamea subsp squamea","Eucalyptus delegatensis","N_TAS","N_AUS",NA,NA
"1119","Leptospermum lanigerum","Leptospermum lanigerum",0.27617144716918,0.115558546422313,0.436784347916047,0.267407242444318,0.284935651894042,0.0819468633167553,"Potential 1","Mackenzie","Leptospermum lanigerum","Leptospermum lanigerum","N_TAS","N_AUS",1,"N_TAS"
"1217","Nematolepis squamea subsp squamea","Leptospermum lanigerum",-0.042068745897717,-0.0972579804686862,0.0131204886732523,-0.0435744094320373,-0.0405630823633966,0.0281582901554798,"Potential 1","Mackenzie","Nematolepis squamea subsp squamea","Leptospermum lanigerum","N_TAS","N_AUS",NA,NA
"1613","Nematolepis squamea subsp squamea","Nematolepis squamea subsp squamea",0.35459352753678,0.173413403581394,0.535773651492166,0.345863635161526,0.363323419912034,0.0924405373693148,"Potential 1","Mackenzie","Nematolepis squamea subsp squamea","Nematolepis squamea subsp squamea","N_TAS","N_AUS",1,"N_TAS"
"1100","Acacia dealbata","Acacia dealbata",-0.73929324790089,-2.10021640541078,0.621629909608997,-0.751920836355549,-0.72666565944623,0.694361308801935,"Potential 1","MtMaurice","Acacia dealbata","Acacia dealbata","Ben_TAS","N_AUS",NA,NA
"265","Eucalyptus dalrympleana","Acacia dealbata",0.225639727382743,-0.0873987851393866,0.538678239904873,0.221887309852603,0.229392144912884,0.159716461624468,"Potential 1","MtMaurice","Eucalyptus dalrympleana","Acacia dealbata","Ben_TAS","N_AUS",NA,NA
"340","Eucalyptus delegatensis","Acacia dealbata",0.054645153304282,-0.144125745437207,0.253416052045771,0.0523279786171913,0.0569623279913728,0.101415587382915,"Potential 1","MtMaurice","Eucalyptus delegatensis","Acacia dealbata","Ben_TAS","N_AUS",NA,NA
"435","Leptospermum lanigerum","Acacia dealbata",0.716736385998797,-0.231027585276166,1.66450035727376,0.706288974395503,0.727183797602091,0.483561932132837,"Potential 1","MtMaurice","Leptospermum lanigerum","Acacia dealbata","Ben_TAS","N_AUS",NA,NA
"630","Eucalyptus dalrympleana","Eucalyptus dalrympleana",0.0183434019616037,-0.22759299487983,0.264279798803037,0.0114980524085249,0.0251887515146825,0.125480059216061,"Potential 1","MtMaurice","Eucalyptus dalrympleana","Eucalyptus dalrympleana","Ben_TAS","N_AUS",NA,NA
"718","Eucalyptus delegatensis","Eucalyptus dalrympleana",-0.0762126427362709,-0.131208431415214,-0.0212168540573273,-0.0781600224877677,-0.0742652629847741,0.0280595914581816,"Potential 1","MtMaurice","Eucalyptus delegatensis","Eucalyptus dalrympleana","Ben_TAS","N_AUS",1,"Ben_TAS"
"820","Leptospermum lanigerum","Eucalyptus dalrympleana",-0.131569767874408,-0.355967363832978,0.0928278280841628,-0.134735301772856,-0.128404233975959,0.114490673159604,"Potential 1","MtMaurice","Leptospermum lanigerum","Eucalyptus dalrympleana","Ben_TAS","N_AUS",NA,NA
"1120","Eucalyptus delegatensis","Eucalyptus delegatensis",0.231993777051302,0.0626003996102324,0.401387154492372,0.215220056249373,0.248767497853231,0.0864267806843508,"Potential 1","MtMaurice","Eucalyptus delegatensis","Eucalyptus delegatensis","Ben_TAS","N_AUS",1,"Ben_TAS"
"1218","Leptospermum lanigerum","Eucalyptus delegatensis",0.0454070926304852,-0.049552910243085,0.140367095504055,0.0434554802319447,0.0473587050290256,0.0484498713356993,"Potential 1","MtMaurice","Leptospermum lanigerum","Eucalyptus delegatensis","Ben_TAS","N_AUS",NA,NA
"1614","Leptospermum lanigerum","Leptospermum lanigerum",-0.0281923657491687,-0.656653335615256,0.600268604116919,-0.0379985566756455,-0.0183861748226919,0.320649243977597,"Potential 1","MtMaurice","Leptospermum lanigerum","Leptospermum lanigerum","Ben_TAS","N_AUS",NA,NA
"1101","Acacia dealbata","Acacia dealbata",0.118930948481337,-0.0851690598029851,0.32303095676566,0.10930207775648,0.128559819206194,0.104134570785095,"Potential 1","BenRidge","Acacia dealbata","Acacia dealbata","Ben_TAS","N_AUS",NA,NA
"266","Eucalyptus delegatensis","Acacia dealbata",0.0292846822569413,-0.0368988480792033,0.0954682125930859,0.0263041925101361,0.0322651720037464,0.033767727804282,"Potential 1","BenRidge","Eucalyptus delegatensis","Acacia dealbata","Ben_TAS","N_AUS",NA,NA
"345","Tasmannia lanceolata","Acacia dealbata",-0.118744491630118,-0.18138875766261,-0.0561002255976255,-0.121366301498116,-0.11612268176212,0.0319619475289455,"Potential 1","BenRidge","Tasmannia lanceolata","Acacia dealbata","Ben_TAS","N_AUS",1,"Ben_TAS"
"528","Eucalyptus delegatensis","Eucalyptus delegatensis",0.125859729652114,-0.0421230505511125,0.293842509855341,0.109818611686904,0.141900847617324,0.0857070749913026,"Potential 1","BenRidge","Eucalyptus delegatensis","Eucalyptus delegatensis","Ben_TAS","N_AUS",NA,NA
"632","Tasmannia lanceolata","Eucalyptus delegatensis",-0.0149056570115588,-0.0560640522552372,0.0262527382321196,-0.017268714331072,-0.0125425996920456,0.0209995671187484,"Potential 1","BenRidge","Tasmannia lanceolata","Eucalyptus delegatensis","Ben_TAS","N_AUS",NA,NA
"927","Tasmannia lanceolata","Tasmannia lanceolata",0.47066582272694,0.334202098617343,0.607129546836537,0.452676839351892,0.488654806101988,0.0696256284227697,"Potential 1","BenRidge","Tasmannia lanceolata","Tasmannia lanceolata","Ben_TAS","N_AUS",1,"Ben_TAS"
"1102","Atherosperma moschatum","Atherosperma moschatum",-0.148885739596562,-0.574199722569516,0.276428243376392,-0.155987754708094,-0.14178372448503,0.217000917531024,"Potential 1","MtField","Atherosperma moschatum","Atherosperma moschatum","S_TAS","N_AUS",NA,NA
"267","Eucalyptus coccifera","Atherosperma moschatum",0.18946304679858,-0.060649780750684,0.439575874347844,0.184849906793255,0.194076186803905,0.12761093036511,"Potential 1","MtField","Eucalyptus coccifera","Atherosperma moschatum","S_TAS","N_AUS",NA,NA
"346","Eucalyptus delegatensis","Atherosperma moschatum",-0.0481227033860728,-0.179631754183596,0.0833863474114504,-0.0509537827418034,-0.0452916240303421,0.0670976874242842,"Potential 1","MtField","Eucalyptus delegatensis","Atherosperma moschatum","S_TAS","N_AUS",NA,NA
"436","Eucalyptus subcrenulata","Atherosperma moschatum",-0.00282911998741197,-0.221007790985916,0.215349551011092,-0.00736243052802087,0.00170419055319693,0.111317693957373,"Potential 1","MtField","Eucalyptus subcrenulata","Atherosperma moschatum","S_TAS","N_AUS",NA,NA
"529","Eucalyptus urnigera","Atherosperma moschatum",0.0451500670005052,-0.176526751962689,0.2668268859637,0.0419832297274979,0.0483169042735125,0.113102496123272,"Potential 1","MtField","Eucalyptus urnigera","Atherosperma moschatum","S_TAS","N_AUS",NA,NA
"633","Leptospermum lanigerum","Atherosperma moschatum",-0.0744404662570736,-0.218997072198234,0.0701161396840869,-0.0776485718150023,-0.0712323606991449,0.0737547256385345,"Potential 1","MtField","Leptospermum lanigerum","Atherosperma moschatum","S_TAS","N_AUS",NA,NA
"719","Phyllocladus aspleniifolius","Atherosperma moschatum",-0.221599969237204,-0.353828671890223,-0.0893712665841846,-0.224571034856162,-0.218628903618246,0.0674648634852592,"Potential 1","MtField","Phyllocladus aspleniifolius","Atherosperma moschatum","S_TAS","N_AUS",1,"S_TAS"
"822","Pittosporum bicolor","Atherosperma moschatum",0.460944480989004,0.0485475022577369,0.873341459720271,0.453342198932571,0.468546763045436,0.210410488143763,"Potential 1","MtField","Pittosporum bicolor","Atherosperma moschatum","S_TAS","N_AUS",1,"S_TAS"
"1015","Eucalyptus coccifera","Eucalyptus coccifera",-0.284022220538422,-0.608397448312328,0.0403530072354835,-0.297236381786994,-0.27080805928985,0.165500606303246,"Potential 1","MtField","Eucalyptus coccifera","Eucalyptus coccifera","S_TAS","N_AUS",NA,NA
"1121","Eucalyptus delegatensis","Eucalyptus coccifera",-0.190187962964441,-0.305348325060396,-0.075027600868487,-0.192501374168325,-0.187874551760558,0.0587563664456718,"Potential 1","MtField","Eucalyptus delegatensis","Eucalyptus coccifera","S_TAS","N_AUS",1,"S_TAS"
"1219","Eucalyptus subcrenulata","Eucalyptus coccifera",0.0656171977869298,-0.125310400629871,0.256544796203731,0.0610138255227706,0.0702205700510889,0.097413830010558,"Potential 1","MtField","Eucalyptus subcrenulata","Eucalyptus coccifera","S_TAS","N_AUS",NA,NA
"1318","Eucalyptus urnigera","Eucalyptus coccifera",0.0285971396907858,-0.167120824754601,0.224315104136172,0.0255963788185971,0.0315979005629745,0.0998579392219373,"Potential 1","MtField","Eucalyptus urnigera","Eucalyptus coccifera","S_TAS","N_AUS",NA,NA
"1415","Leptospermum lanigerum","Eucalyptus coccifera",-0.0332693186128714,-0.16840226564537,0.101863628419628,-0.0362184196950311,-0.0303202175307117,0.0689466480498675,"Potential 1","MtField","Leptospermum lanigerum","Eucalyptus coccifera","S_TAS","N_AUS",NA,NA
"1513","Phyllocladus aspleniifolius","Eucalyptus coccifera",0.129266139679192,-0.0100493228845193,0.268581602242904,0.126165531893047,0.132366747465337,0.0710806237576884,"Potential 1","MtField","Phyllocladus aspleniifolius","Eucalyptus coccifera","S_TAS","N_AUS",NA,NA
"1615","Pittosporum bicolor","Eucalyptus coccifera",-0.386487861914403,-0.662398351503737,-0.110577372325069,-0.392110474332599,-0.380865249496207,0.140773244695148,"Potential 1","MtField","Pittosporum bicolor","Eucalyptus coccifera","S_TAS","N_AUS",1,"S_TAS"
"1910","Eucalyptus delegatensis","Eucalyptus delegatensis",0.0302724921755593,-0.171059185448811,0.231604169799929,0.0223431087391044,0.0382018756120142,0.10272213122917,"Potential 1","MtField","Eucalyptus delegatensis","Eucalyptus delegatensis","S_TAS","N_AUS",NA,NA
"208","Eucalyptus subcrenulata","Eucalyptus delegatensis",0.112377395650565,-0.03617989428617,0.260934685587299,0.108190419119072,0.116564372182057,0.0757959284499795,"Potential 1","MtField","Eucalyptus subcrenulata","Eucalyptus delegatensis","S_TAS","N_AUS",NA,NA
"2114","Eucalyptus urnigera","Eucalyptus delegatensis",-0.0159639053203208,-0.125657838113788,0.0937300274731465,-0.0180963365281559,-0.0138314741124858,0.0559673206542156,"Potential 1","MtField","Eucalyptus urnigera","Eucalyptus delegatensis","S_TAS","N_AUS",NA,NA
"2214","Leptospermum lanigerum","Eucalyptus delegatensis",0.000489518938970396,-0.0900570378461165,0.0910360757240573,-0.00238883973925381,0.0033678776171946,0.0461980717499437,"Potential 1","MtField","Leptospermum lanigerum","Eucalyptus delegatensis","S_TAS","N_AUS",NA,NA
"2312","Phyllocladus aspleniifolius","Eucalyptus delegatensis",-0.0312058545507844,-0.111322728803575,0.0489110197020064,-0.0335869704891959,-0.0288247386123729,0.0408767073705142,"Potential 1","MtField","Phyllocladus aspleniifolius","Eucalyptus delegatensis","S_TAS","N_AUS",NA,NA
"2411","Pittosporum bicolor","Eucalyptus delegatensis",-0.0446860643193034,-0.236323050618955,0.146950921980348,-0.0479893157869163,-0.0413828128516904,0.0977757692545679,"Potential 1","MtField","Pittosporum bicolor","Eucalyptus delegatensis","S_TAS","N_AUS",NA,NA
"284","Eucalyptus subcrenulata","Eucalyptus subcrenulata",-0.00344261100262238,-0.280473033402138,0.273587811396893,-0.012863580788296,0.00597835878305127,0.141344649485754,"Potential 1","MtField","Eucalyptus subcrenulata","Eucalyptus subcrenulata","S_TAS","N_AUS",NA,NA
"295","Eucalyptus urnigera","Eucalyptus subcrenulata",-0.0551810954522788,-0.23372239156653,0.123360200661972,-0.058412155039932,-0.0519500358646256,0.0910941718942604,"Potential 1","MtField","Eucalyptus urnigera","Eucalyptus subcrenulata","S_TAS","N_AUS",NA,NA
"305","Leptospermum lanigerum","Eucalyptus subcrenulata",-0.0571291480506388,-0.190213242549011,0.075954946447733,-0.0612930204556554,-0.0529652756456222,0.0679012959157016,"Potential 1","MtField","Leptospermum lanigerum","Eucalyptus subcrenulata","S_TAS","N_AUS",NA,NA
"3112","Phyllocladus aspleniifolius","Eucalyptus subcrenulata",-0.0355834288926429,-0.157044024426997,0.0858771666417113,-0.03930119539609,-0.0318656623891958,0.0619708303277101,"Potential 1","MtField","Phyllocladus aspleniifolius","Eucalyptus subcrenulata","S_TAS","N_AUS",NA,NA
"3210","Pittosporum bicolor","Eucalyptus subcrenulata",0.267377370728257,0.00417828107322887,0.530576460383285,0.260931070500058,0.273823670956455,0.134287717392314,"Potential 1","MtField","Pittosporum bicolor","Eucalyptus subcrenulata","S_TAS","N_AUS",1,"S_TAS"
"371","Eucalyptus urnigera","Eucalyptus urnigera",0.172284847886506,-0.0798535934690781,0.42442328924209,0.167598523955463,0.176971171817549,0.128644425787627,"Potential 1","MtField","Eucalyptus urnigera","Eucalyptus urnigera","S_TAS","N_AUS",NA,NA
"381","Leptospermum lanigerum","Eucalyptus urnigera",0.0230768835009356,-0.128753255679676,0.174907022681547,0.019911064815453,0.0262427021864182,0.077465780176691,"Potential 1","MtField","Leptospermum lanigerum","Eucalyptus urnigera","S_TAS","N_AUS",NA,NA
"391","Phyllocladus aspleniifolius","Eucalyptus urnigera",-0.0166912523008265,-0.130735753846895,0.0973532492452418,-0.0187100287127784,-0.0146724758888746,0.0581870393770686,"Potential 1","MtField","Phyllocladus aspleniifolius","Eucalyptus urnigera","S_TAS","N_AUS",NA,NA
"401","Pittosporum bicolor","Eucalyptus urnigera",0.0536164416519781,-0.281637262068364,0.38887014537232,0.0494888510896521,0.0577440322143042,0.171050951121949,"Potential 1","MtField","Pittosporum bicolor","Eucalyptus urnigera","S_TAS","N_AUS",NA,NA
"462","Leptospermum lanigerum","Leptospermum lanigerum",0.221240997215566,0.0521916253283159,0.390290369102816,0.212663171039188,0.229818823391944,0.0862512644215354,"Potential 1","MtField","Leptospermum lanigerum","Leptospermum lanigerum","S_TAS","N_AUS",1,"S_TAS"
"472","Phyllocladus aspleniifolius","Leptospermum lanigerum",-0.061173192997494,-0.137004262022826,0.0146578760278377,-0.0636777876507787,-0.0586685983442093,0.0386900318697065,"Potential 1","MtField","Phyllocladus aspleniifolius","Leptospermum lanigerum","S_TAS","N_AUS",NA,NA
"482","Pittosporum bicolor","Leptospermum lanigerum",0.0471125712795174,-0.164621590126483,0.258846732685518,0.0428295107244396,0.0513956318345952,0.108029618439998,"Potential 1","MtField","Pittosporum bicolor","Leptospermum lanigerum","S_TAS","N_AUS",NA,NA
"552","Phyllocladus aspleniifolius","Phyllocladus aspleniifolius",0.279057687723888,0.101967241214694,0.456148134233082,0.266828512804773,0.291286862643003,0.0903539289017864,"Potential 1","MtField","Phyllocladus aspleniifolius","Phyllocladus aspleniifolius","S_TAS","N_AUS",1,"S_TAS"
"562","Pittosporum bicolor","Phyllocladus aspleniifolius",0.249253637972952,0.0321608257057029,0.466346450240202,0.244904096299925,0.253603179645979,0.110763674220368,"Potential 1","MtField","Pittosporum bicolor","Phyllocladus aspleniifolius","S_TAS","N_AUS",1,"S_TAS"
"641","Pittosporum bicolor","Pittosporum bicolor",-0.105839104145895,-0.496826267205694,0.285148058913904,-0.11387524374981,-0.0978029645419803,0.199486912077904,"Potential 1","MtField","Pittosporum bicolor","Pittosporum bicolor","S_TAS","N_AUS",NA,NA
"1103","Acacia dealbata","Acacia dealbata",-0.902966512038435,-2.15208244038605,0.346149416309184,-0.920662048823425,-0.885270975253445,0.637315755901887,"Potential 1","Caveside","Acacia dealbata","Acacia dealbata","N_TAS","N_AUS",NA,NA
"268","Bedfordia salicina","Acacia dealbata",-0.0734301053030122,-0.16099925311362,0.0141390425075954,-0.0758712999613424,-0.070988910644682,0.0446789576243961,"Potential 1","Caveside","Bedfordia salicina","Acacia dealbata","N_TAS","N_AUS",NA,NA
"347","Eucalyptus delegatensis","Acacia dealbata",0.0426607335361525,-0.331505272482084,0.416826739554389,0.0358648461521694,0.0494566209201355,0.190904531394255,"Potential 1","Caveside","Eucalyptus delegatensis","Acacia dealbata","N_TAS","N_AUS",NA,NA
"437","Eucalyptus obliqua","Acacia dealbata",0.321769206974407,-0.112248338991521,0.755786752940335,0.316320658012172,0.327217755936642,0.221441592493231,"Potential 1","Caveside","Eucalyptus obliqua","Acacia dealbata","N_TAS","N_AUS",NA,NA
"530","Nothofagus cunninghamii","Acacia dealbata",0.116477611251741,-0.13223651133916,0.365191733842643,0.114109977957599,0.118845244545884,0.126897292273086,"Potential 1","Caveside","Nothofagus cunninghamii","Acacia dealbata","N_TAS","N_AUS",NA,NA
"634","Olearia argophylla","Acacia dealbata",0.389128212997801,-0.384439445699328,1.16269587169493,0.374663700609408,0.403592725386193,0.394684629308973,"Potential 1","Caveside","Olearia argophylla","Acacia dealbata","N_TAS","N_AUS",NA,NA
"720","Pomaderris apetala","Acacia dealbata",0.183358009173813,-0.0552592262761274,0.421975244623753,0.18012851192103,0.186587506426595,0.121745724580718,"Potential 1","Caveside","Pomaderris apetala","Acacia dealbata","N_TAS","N_AUS",NA,NA
"928","Bedfordia salicina","Bedfordia salicina",0.526302675709921,0.408700961246149,0.643904390173693,0.503705557651267,0.548899793768575,0.0600019772768272,"Potential 1","Caveside","Bedfordia salicina","Bedfordia salicina","N_TAS","N_AUS",1,"N_TAS"
"1016","Eucalyptus delegatensis","Bedfordia salicina",-0.0436787606141865,-0.0750870304755394,-0.0122704907528336,-0.0448932120364508,-0.0424643091919221,0.0160249219419833,"Potential 1","Caveside","Eucalyptus delegatensis","Bedfordia salicina","N_TAS","N_AUS",1,"N_TAS"
"1122","Eucalyptus obliqua","Bedfordia salicina",-0.0108370624341461,-0.0472994138256275,0.0256252889573353,-0.0119369441917715,-0.00973718067652068,0.0186035823510492,"Potential 1","Caveside","Eucalyptus obliqua","Bedfordia salicina","N_TAS","N_AUS",NA,NA
"1220","Nothofagus cunninghamii","Bedfordia salicina",-0.0188892785674379,-0.0365879848023522,-0.0011905723325235,-0.0203716743139497,-0.017406882820926,0.00903011809120958,"Potential 1","Caveside","Nothofagus cunninghamii","Bedfordia salicina","N_TAS","N_AUS",1,"N_TAS"
"1319","Olearia argophylla","Bedfordia salicina",0.00991809477278224,-0.0483980853601587,0.0682342749057231,0.00897849457871381,0.0108576949668507,0.0297536998602686,"Potential 1","Caveside","Olearia argophylla","Bedfordia salicina","N_TAS","N_AUS",NA,NA
"1416","Pomaderris apetala","Bedfordia salicina",-0.0495426257839244,-0.0717755952599093,-0.0273096563079395,-0.0522134839988779,-0.0468717675689709,0.0113435602140426,"Potential 1","Caveside","Pomaderris apetala","Bedfordia salicina","N_TAS","N_AUS",1,"N_TAS"
"1712","Eucalyptus delegatensis","Eucalyptus delegatensis",0.144006844052357,-0.0795528842282356,0.367566572332949,0.13473938021381,0.153274307890904,0.114063181795177,"Potential 1","Caveside","Eucalyptus delegatensis","Eucalyptus delegatensis","N_TAS","N_AUS",NA,NA
"1810","Eucalyptus obliqua","Eucalyptus delegatensis",-0.087501415685287,-0.221912796957748,0.0469099655871738,-0.0909056172842786,-0.0840972140862955,0.0685784954890399,"Potential 1","Caveside","Eucalyptus obliqua","Eucalyptus delegatensis","N_TAS","N_AUS",NA,NA
"1911","Nothofagus cunninghamii","Eucalyptus delegatensis",0.0775837326267564,-0.013885606922447,0.16905307217596,0.0747530542086076,0.0804144110449051,0.046668887934014,"Potential 1","Caveside","Nothofagus cunninghamii","Eucalyptus delegatensis","N_TAS","N_AUS",NA,NA
"209","Olearia argophylla","Eucalyptus delegatensis",0.201607124225726,-0.148755543872457,0.55196979232391,0.194100906592104,0.209113341859349,0.178759748067719,"Potential 1","Caveside","Olearia argophylla","Eucalyptus delegatensis","N_TAS","N_AUS",NA,NA
"2115","Pomaderris apetala","Eucalyptus delegatensis",0.0429578601086813,-0.0148294650496176,0.10074518526698,0.0406492919701514,0.0452664282472111,0.0294838709354447,"Potential 1","Caveside","Pomaderris apetala","Eucalyptus delegatensis","N_TAS","N_AUS",NA,NA
"2511","Eucalyptus obliqua","Eucalyptus obliqua",0.196285483780176,-0.10032405116079,0.492895018721142,0.185951772071937,0.206619195488415,0.151334176179044,"Potential 1","Caveside","Eucalyptus obliqua","Eucalyptus obliqua","N_TAS","N_AUS",NA,NA
"269","Nothofagus cunninghamii","Eucalyptus obliqua",-0.0126242966304335,-0.0491033947591174,0.0238548014982505,-0.0136478553829177,-0.0116007378779492,0.0186121267617295,"Potential 1","Caveside","Nothofagus cunninghamii","Eucalyptus obliqua","N_TAS","N_AUS",NA,NA
"275","Olearia argophylla","Eucalyptus obliqua",-0.0503262675415884,-0.22292907997889,0.122276544895714,-0.0533535550213166,-0.0472989800618603,0.0880642776085536,"Potential 1","Caveside","Olearia argophylla","Eucalyptus obliqua","N_TAS","N_AUS",NA,NA
"285","Pomaderris apetala","Eucalyptus obliqua",-0.0190850540858171,-0.0643927658812126,0.0262226577095783,-0.0202779840894149,-0.0178921240822193,0.0231166042604746,"Potential 1","Caveside","Pomaderris apetala","Eucalyptus obliqua","N_TAS","N_AUS",NA,NA
"3310","Nothofagus cunninghamii","Nothofagus cunninghamii",0.0473514662638822,-0.151442645027315,0.24614557755508,0.0250673158537128,0.0696356166740516,0.101427430738146,"Potential 1","Caveside","Nothofagus cunninghamii","Nothofagus cunninghamii","N_TAS","N_AUS",NA,NA
"348","Olearia argophylla","Nothofagus cunninghamii",-0.0940477744502883,-0.189488990388446,0.00139344148786909,-0.0958354336040587,-0.0922601152965179,0.0486953927168997,"Potential 1","Caveside","Olearia argophylla","Nothofagus cunninghamii","N_TAS","N_AUS",NA,NA
"355","Pomaderris apetala","Nothofagus cunninghamii",-0.0886347978392542,-0.111816297173274,-0.0654532985052349,-0.0908531985741944,-0.0864163971043141,0.0118275129119066,"Potential 1","Caveside","Pomaderris apetala","Nothofagus cunninghamii","N_TAS","N_AUS",1,"N_TAS"
"4114","Olearia argophylla","Olearia argophylla",-0.490307159313583,-1.4319964882855,0.451382169658329,-0.507140261668663,-0.473474056958503,0.480462567883817,"Potential 1","Caveside","Olearia argophylla","Olearia argophylla","N_TAS","N_AUS",NA,NA
"4211","Pomaderris apetala","Olearia argophylla",-0.0582073585078432,-0.133398551893861,0.0169838348781745,-0.0597785655320572,-0.0566361514836293,0.0383635587077703,"Potential 1","Caveside","Pomaderris apetala","Olearia argophylla","N_TAS","N_AUS",NA,NA
"493","Pomaderris apetala","Pomaderris apetala",0.584803272875337,0.45327336101901,0.716333184731664,0.556143368835884,0.61346317691479,0.0671083310172115,"Potential 1","Caveside","Pomaderris apetala","Pomaderris apetala","N_TAS","N_AUS",1,"N_TAS"
