"","from","to","value","lo","hi","Site","Genus_from","Genus_to"
"1","Acacia dealbata Suppressed","Acacia dealbata Suppressed",-0.829281424136023,-3.46656827730237,1.80800542903033,"ANU101","Acacia","Acacia"
"2","Acacia melanoxylon Suppressed","Acacia dealbata Suppressed",0.171269675021322,-1.85085021992133,2.19338956996397,"ANU101","Acacia","Acacia"
"3","Eucalyptus regnans Co-dominant","Acacia dealbata Suppressed",-0.0786748152991242,-0.586682585982514,0.429332955384265,"ANU101","Eucalyptus","Acacia"
"4","Eucalyptus regnans Dominant","Acacia dealbata Suppressed",0.177322734081437,-0.848672244464691,1.20331771262756,"ANU101","Eucalyptus","Acacia"
"5","Eucalyptus regnans Intermediate","Acacia dealbata Suppressed",-0.742152870290634,-1.98070679048178,0.496401049900512,"ANU101","Eucalyptus","Acacia"
"6","Eucalyptus regnans Suppressed","Acacia dealbata Suppressed",0.114059546769466,-1.14834441107615,1.37646350461508,"ANU101","Eucalyptus","Acacia"
"7","Hedycarya angustifolia Suppressed","Acacia dealbata Suppressed",-2.26107404616807,-5.46212461519717,0.939976522861039,"ANU101","Hedycarya","Acacia"
"8","Misc Suppressed","Acacia dealbata Suppressed",1.26038021868792,-1.75474475144265,4.27550518881848,"ANU101","Misc","Acacia"
"9","Pomaderris aspera Suppressed","Acacia dealbata Suppressed",0.372995102717914,-0.286017756769369,1.0320079622052,"ANU101","Pomaderris","Acacia"
"10","Acacia dealbata Suppressed","Acacia melanoxylon Suppressed",0.171269675021322,-1.85085021992133,2.19338956996397,"ANU101","Acacia","Acacia"
"11","Acacia melanoxylon Suppressed","Acacia melanoxylon Suppressed",-0.0671215252570506,-1.93654723263506,1.80230418212096,"ANU101","Acacia","Acacia"
"12","Eucalyptus regnans Co-dominant","Acacia melanoxylon Suppressed",0.603293716889886,-0.0650292454428992,1.27161667922267,"ANU101","Eucalyptus","Acacia"
"13","Eucalyptus regnans Dominant","Acacia melanoxylon Suppressed",1.50377245963903,0.144445448334089,2.86309947094398,"ANU101","Eucalyptus","Acacia"
"14","Eucalyptus regnans Intermediate","Acacia melanoxylon Suppressed",0.253274305049755,-0.4327407053298,0.93928931542931,"ANU101","Eucalyptus","Acacia"
"15","Eucalyptus regnans Suppressed","Acacia melanoxylon Suppressed",-0.912425387871193,-3.54306591458161,1.71821513883923,"ANU101","Eucalyptus","Acacia"
"16","Hedycarya angustifolia Suppressed","Acacia melanoxylon Suppressed",-1.01311213629083,-2.95996208420947,0.933737811627818,"ANU101","Hedycarya","Acacia"
"17","Misc Suppressed","Acacia melanoxylon Suppressed",0.596729063742669,-5.17311488146867,6.36657300895401,"ANU101","Misc","Acacia"
"18","Pomaderris aspera Suppressed","Acacia melanoxylon Suppressed",-0.0332778124704414,-0.517969975191138,0.451414350250255,"ANU101","Pomaderris","Acacia"
"19","Acacia dealbata Suppressed","Eucalyptus regnans Co-dominant",-0.0786748152991242,-0.586682585982514,0.429332955384265,"ANU101","Acacia","Eucalyptus"
"20","Acacia melanoxylon Suppressed","Eucalyptus regnans Co-dominant",0.603293716889886,-0.0650292454428992,1.27161667922267,"ANU101","Acacia","Eucalyptus"
"21","Eucalyptus regnans Co-dominant","Eucalyptus regnans Co-dominant",-0.319627234133119,-0.702972065975311,0.0637175977090733,"ANU101","Eucalyptus","Eucalyptus"
"22","Eucalyptus regnans Dominant","Eucalyptus regnans Co-dominant",-0.704756235116504,-1.3836490356608,-0.0258634345722123,"ANU101","Eucalyptus","Eucalyptus"
"23","Eucalyptus regnans Intermediate","Eucalyptus regnans Co-dominant",-0.0921860109474891,-0.294841813751129,0.110469791856151,"ANU101","Eucalyptus","Eucalyptus"
"24","Eucalyptus regnans Suppressed","Eucalyptus regnans Co-dominant",0.396548083166721,-0.463308661152558,1.256404827486,"ANU101","Eucalyptus","Eucalyptus"
"25","Hedycarya angustifolia Suppressed","Eucalyptus regnans Co-dominant",0.281286819607326,-0.389510186220996,0.952083825435649,"ANU101","Hedycarya","Eucalyptus"
"26","Misc Suppressed","Eucalyptus regnans Co-dominant",-0.562980559806234,-2.04429314056366,0.918332020951193,"ANU101","Misc","Eucalyptus"
"27","Pomaderris aspera Suppressed","Eucalyptus regnans Co-dominant",-0.0258302123179249,-0.205458072606288,0.153797647970439,"ANU101","Pomaderris","Eucalyptus"
"28","Acacia dealbata Suppressed","Eucalyptus regnans Dominant",0.177322734081437,-0.848672244464691,1.20331771262756,"ANU101","Acacia","Eucalyptus"
"29","Acacia melanoxylon Suppressed","Eucalyptus regnans Dominant",1.50377245963903,0.144445448334089,2.86309947094398,"ANU101","Acacia","Eucalyptus"
"30","Eucalyptus regnans Co-dominant","Eucalyptus regnans Dominant",-0.704756235116504,-1.3836490356608,-0.0258634345722123,"ANU101","Eucalyptus","Eucalyptus"
"31","Eucalyptus regnans Dominant","Eucalyptus regnans Dominant",-2.84387832300161,-5.44667142972103,-0.241085216282182,"ANU101","Eucalyptus","Eucalyptus"
"32","Eucalyptus regnans Intermediate","Eucalyptus regnans Dominant",0.0605702107919344,-0.594610566636305,0.715750988220173,"ANU101","Eucalyptus","Eucalyptus"
"33","Eucalyptus regnans Suppressed","Eucalyptus regnans Dominant",1.75816381162527,0.0495815353996534,3.46674608785089,"ANU101","Eucalyptus","Eucalyptus"
"34","Hedycarya angustifolia Suppressed","Eucalyptus regnans Dominant",0.414631242951695,-1.3013116388864,2.13057412478978,"ANU101","Hedycarya","Eucalyptus"
"35","Misc Suppressed","Eucalyptus regnans Dominant",-0.574785357537239,-3.06149679589178,1.9119260808173,"ANU101","Misc","Eucalyptus"
"36","Pomaderris aspera Suppressed","Eucalyptus regnans Dominant",0.205059010833386,-0.232117136040726,0.642235157707498,"ANU101","Pomaderris","Eucalyptus"
"37","Acacia dealbata Suppressed","Eucalyptus regnans Intermediate",-0.742152870290634,-1.98070679048178,0.496401049900512,"ANU101","Acacia","Eucalyptus"
"38","Acacia melanoxylon Suppressed","Eucalyptus regnans Intermediate",0.253274305049755,-0.4327407053298,0.93928931542931,"ANU101","Acacia","Eucalyptus"
"39","Eucalyptus regnans Co-dominant","Eucalyptus regnans Intermediate",-0.0921860109474891,-0.294841813751129,0.110469791856151,"ANU101","Eucalyptus","Eucalyptus"
"40","Eucalyptus regnans Dominant","Eucalyptus regnans Intermediate",0.0605702107919344,-0.594610566636305,0.715750988220173,"ANU101","Eucalyptus","Eucalyptus"
"41","Eucalyptus regnans Intermediate","Eucalyptus regnans Intermediate",-0.0248626242319922,-0.292567160802919,0.242841912338935,"ANU101","Eucalyptus","Eucalyptus"
"42","Eucalyptus regnans Suppressed","Eucalyptus regnans Intermediate",-0.116698183776786,-0.918567366870287,0.685170999316715,"ANU101","Eucalyptus","Eucalyptus"
"43","Hedycarya angustifolia Suppressed","Eucalyptus regnans Intermediate",-0.137621786333967,-0.836535790149434,0.561292217481499,"ANU101","Hedycarya","Eucalyptus"
"44","Misc Suppressed","Eucalyptus regnans Intermediate",-0.45752932326523,-2.81628958794167,1.90123094141121,"ANU101","Misc","Eucalyptus"
"45","Pomaderris aspera Suppressed","Eucalyptus regnans Intermediate",-0.036604499508028,-0.230344732081961,0.157135733065905,"ANU101","Pomaderris","Eucalyptus"
"46","Acacia dealbata Suppressed","Eucalyptus regnans Suppressed",0.114059546769466,-1.14834441107615,1.37646350461508,"ANU101","Acacia","Eucalyptus"
"47","Acacia melanoxylon Suppressed","Eucalyptus regnans Suppressed",-0.912425387871193,-3.54306591458161,1.71821513883923,"ANU101","Acacia","Eucalyptus"
"48","Eucalyptus regnans Co-dominant","Eucalyptus regnans Suppressed",0.396548083166721,-0.463308661152558,1.256404827486,"ANU101","Eucalyptus","Eucalyptus"
"49","Eucalyptus regnans Dominant","Eucalyptus regnans Suppressed",1.75816381162527,0.0495815353996534,3.46674608785089,"ANU101","Eucalyptus","Eucalyptus"
"50","Eucalyptus regnans Intermediate","Eucalyptus regnans Suppressed",-0.116698183776786,-0.918567366870287,0.685170999316715,"ANU101","Eucalyptus","Eucalyptus"
"51","Eucalyptus regnans Suppressed","Eucalyptus regnans Suppressed",-0.420417493212512,-2.08634779944986,1.24551281302483,"ANU101","Eucalyptus","Eucalyptus"
"52","Hedycarya angustifolia Suppressed","Eucalyptus regnans Suppressed",-0.980945755133766,-3.0028152117787,1.04092370151116,"ANU101","Hedycarya","Eucalyptus"
"53","Misc Suppressed","Eucalyptus regnans Suppressed",1.91092041648379,-0.677105203093962,4.49894603606153,"ANU101","Misc","Eucalyptus"
"54","Pomaderris aspera Suppressed","Eucalyptus regnans Suppressed",-0.227329850792738,-0.631257776812378,0.176598075226903,"ANU101","Pomaderris","Eucalyptus"
"55","Acacia dealbata Suppressed","Hedycarya angustifolia Suppressed",-2.26107404616807,-5.46212461519717,0.939976522861039,"ANU101","Acacia","Hedycarya"
"56","Acacia melanoxylon Suppressed","Hedycarya angustifolia Suppressed",-1.01311213629083,-2.95996208420947,0.933737811627818,"ANU101","Acacia","Hedycarya"
"57","Eucalyptus regnans Co-dominant","Hedycarya angustifolia Suppressed",0.281286819607326,-0.389510186220996,0.952083825435649,"ANU101","Eucalyptus","Hedycarya"
"58","Eucalyptus regnans Dominant","Hedycarya angustifolia Suppressed",0.414631242951695,-1.3013116388864,2.13057412478978,"ANU101","Eucalyptus","Hedycarya"
"59","Eucalyptus regnans Intermediate","Hedycarya angustifolia Suppressed",-0.137621786333967,-0.836535790149434,0.561292217481499,"ANU101","Eucalyptus","Hedycarya"
"60","Eucalyptus regnans Suppressed","Hedycarya angustifolia Suppressed",-0.980945755133766,-3.0028152117787,1.04092370151116,"ANU101","Eucalyptus","Hedycarya"
"61","Hedycarya angustifolia Suppressed","Hedycarya angustifolia Suppressed",-0.823163948616168,-3.34007239345623,1.6937444962239,"ANU101","Hedycarya","Hedycarya"
"62","Misc Suppressed","Hedycarya angustifolia Suppressed",2.26815692680863,-1.57555158209935,6.11186543571661,"ANU101","Misc","Hedycarya"
"63","Pomaderris aspera Suppressed","Hedycarya angustifolia Suppressed",0.371474415891536,-0.218260451623783,0.961209283406856,"ANU101","Pomaderris","Hedycarya"
"64","Acacia dealbata Suppressed","Misc Suppressed",1.26038021868792,-1.75474475144265,4.27550518881848,"ANU101","Acacia","Misc"
"65","Acacia melanoxylon Suppressed","Misc Suppressed",0.596729063742669,-5.17311488146867,6.36657300895401,"ANU101","Acacia","Misc"
"66","Eucalyptus regnans Co-dominant","Misc Suppressed",-0.562980559806234,-2.04429314056366,0.918332020951193,"ANU101","Eucalyptus","Misc"
"67","Eucalyptus regnans Dominant","Misc Suppressed",-0.574785357537239,-3.06149679589178,1.9119260808173,"ANU101","Eucalyptus","Misc"
"68","Eucalyptus regnans Intermediate","Misc Suppressed",-0.45752932326523,-2.81628958794167,1.90123094141121,"ANU101","Eucalyptus","Misc"
"69","Eucalyptus regnans Suppressed","Misc Suppressed",1.91092041648379,-0.677105203093962,4.49894603606153,"ANU101","Eucalyptus","Misc"
"70","Hedycarya angustifolia Suppressed","Misc Suppressed",2.26815692680863,-1.57555158209935,6.11186543571661,"ANU101","Hedycarya","Misc"
"71","Misc Suppressed","Misc Suppressed",-5.09123236623007,-16.6742256019238,6.49176086946364,"ANU101","Misc","Misc"
"72","Pomaderris aspera Suppressed","Misc Suppressed",-0.0888327629834629,-1.18271534250891,1.00504981654199,"ANU101","Pomaderris","Misc"
"73","Acacia dealbata Suppressed","Pomaderris aspera Suppressed",0.372995102717914,-0.286017756769369,1.0320079622052,"ANU101","Acacia","Pomaderris"
"74","Acacia melanoxylon Suppressed","Pomaderris aspera Suppressed",-0.0332778124704414,-0.517969975191138,0.451414350250255,"ANU101","Acacia","Pomaderris"
"75","Eucalyptus regnans Co-dominant","Pomaderris aspera Suppressed",-0.0258302123179249,-0.205458072606288,0.153797647970439,"ANU101","Eucalyptus","Pomaderris"
"76","Eucalyptus regnans Dominant","Pomaderris aspera Suppressed",0.205059010833386,-0.232117136040726,0.642235157707498,"ANU101","Eucalyptus","Pomaderris"
"77","Eucalyptus regnans Intermediate","Pomaderris aspera Suppressed",-0.036604499508028,-0.230344732081961,0.157135733065905,"ANU101","Eucalyptus","Pomaderris"
"78","Eucalyptus regnans Suppressed","Pomaderris aspera Suppressed",-0.227329850792738,-0.631257776812378,0.176598075226903,"ANU101","Eucalyptus","Pomaderris"
"79","Hedycarya angustifolia Suppressed","Pomaderris aspera Suppressed",0.371474415891536,-0.218260451623783,0.961209283406856,"ANU101","Hedycarya","Pomaderris"
"80","Misc Suppressed","Pomaderris aspera Suppressed",-0.0888327629834629,-1.18271534250891,1.00504981654199,"ANU101","Misc","Pomaderris"
"81","Pomaderris aspera Suppressed","Pomaderris aspera Suppressed",0.146570433036624,-0.0386217858578937,0.331762651931142,"ANU101","Pomaderris","Pomaderris"
"82","Eucalyptus regnans Co-dominant","Eucalyptus regnans Co-dominant",-0.507636736191805,-0.848924689216474,-0.166348783167137,"ANU363","Eucalyptus","Eucalyptus"
"83","Eucalyptus regnans Dominant","Eucalyptus regnans Co-dominant",0.130001050658715,-0.36009027658999,0.62009237790742,"ANU363","Eucalyptus","Eucalyptus"
"84","Eucalyptus regnans Intermediate","Eucalyptus regnans Co-dominant",-0.129567277357869,-0.387065176376985,0.127930621661247,"ANU363","Eucalyptus","Eucalyptus"
"85","Eucalyptus regnans Suppressed","Eucalyptus regnans Co-dominant",-0.628918472432465,-1.34064297314639,0.0828060282814602,"ANU363","Eucalyptus","Eucalyptus"
"86","Misc Suppressed","Eucalyptus regnans Co-dominant",-0.917367752661944,-1.58419104406025,-0.250544461263637,"ANU363","Misc","Eucalyptus"
"87","Eucalyptus regnans Co-dominant","Eucalyptus regnans Dominant",0.130001050658715,-0.36009027658999,0.62009237790742,"ANU363","Eucalyptus","Eucalyptus"
"88","Eucalyptus regnans Dominant","Eucalyptus regnans Dominant",-1.78764413158608,-3.63381638891505,0.0585281257429004,"ANU363","Eucalyptus","Eucalyptus"
"89","Eucalyptus regnans Intermediate","Eucalyptus regnans Dominant",-0.124162410279536,-0.68268863085384,0.434363810294768,"ANU363","Eucalyptus","Eucalyptus"
"90","Eucalyptus regnans Suppressed","Eucalyptus regnans Dominant",1.22988571397897,-0.399030818731005,2.85880224668894,"ANU363","Eucalyptus","Eucalyptus"
"91","Misc Suppressed","Eucalyptus regnans Dominant",1.06824438826438,0.0128719035212495,2.12361687300752,"ANU363","Misc","Eucalyptus"
"92","Eucalyptus regnans Co-dominant","Eucalyptus regnans Intermediate",-0.129567277357869,-0.387065176376985,0.127930621661247,"ANU363","Eucalyptus","Eucalyptus"
"93","Eucalyptus regnans Dominant","Eucalyptus regnans Intermediate",-0.124162410279536,-0.68268863085384,0.434363810294768,"ANU363","Eucalyptus","Eucalyptus"
"94","Eucalyptus regnans Intermediate","Eucalyptus regnans Intermediate",-0.0903567825008708,-0.521129444479578,0.340415879477836,"ANU363","Eucalyptus","Eucalyptus"
"95","Eucalyptus regnans Suppressed","Eucalyptus regnans Intermediate",0.84628316257198,-0.401177802956956,2.09374412810092,"ANU363","Eucalyptus","Eucalyptus"
"96","Misc Suppressed","Eucalyptus regnans Intermediate",-0.454398931485202,-1.44160760403989,0.532809741069486,"ANU363","Misc","Eucalyptus"
"97","Eucalyptus regnans Co-dominant","Eucalyptus regnans Suppressed",-0.628918472432465,-1.34064297314639,0.0828060282814602,"ANU363","Eucalyptus","Eucalyptus"
"98","Eucalyptus regnans Dominant","Eucalyptus regnans Suppressed",1.22988571397897,-0.399030818731005,2.85880224668894,"ANU363","Eucalyptus","Eucalyptus"
"99","Eucalyptus regnans Intermediate","Eucalyptus regnans Suppressed",0.84628316257198,-0.401177802956956,2.09374412810092,"ANU363","Eucalyptus","Eucalyptus"
"100","Eucalyptus regnans Suppressed","Eucalyptus regnans Suppressed",-5.52826101916137,-13.8917620049843,2.83523996666151,"ANU363","Eucalyptus","Eucalyptus"
"101","Misc Suppressed","Eucalyptus regnans Suppressed",-2.15420982882465,-5.37695752998119,1.0685378723319,"ANU363","Misc","Eucalyptus"
"102","Eucalyptus regnans Co-dominant","Misc Suppressed",-0.917367752661944,-1.58419104406025,-0.250544461263637,"ANU363","Eucalyptus","Misc"
"103","Eucalyptus regnans Dominant","Misc Suppressed",1.06824438826438,0.0128719035212495,2.12361687300752,"ANU363","Eucalyptus","Misc"
"104","Eucalyptus regnans Intermediate","Misc Suppressed",-0.454398931485202,-1.44160760403989,0.532809741069486,"ANU363","Eucalyptus","Misc"
"105","Eucalyptus regnans Suppressed","Misc Suppressed",-2.15420982882465,-5.37695752998119,1.0685378723319,"ANU363","Eucalyptus","Misc"
"106","Misc Suppressed","Misc Suppressed",0.178575171608874,-0.576965389332783,0.93411573255053,"ANU363","Misc","Misc"
"107","Acacia melanoxylon Suppressed","Acacia melanoxylon Suppressed",0.0221093238086543,-0.112773649423452,0.15699229704076,"Ada Tree","Acacia","Acacia"
"108","Eucalyptus regnans Co-dominant","Acacia melanoxylon Suppressed",0.145495605517677,-0.0241452385767576,0.315136449612112,"Ada Tree","Eucalyptus","Acacia"
"109","Eucalyptus regnans Dominant","Acacia melanoxylon Suppressed",0.193686703808386,-0.0597334785633007,0.447106886180073,"Ada Tree","Eucalyptus","Acacia"
"110","Eucalyptus regnans Intermediate","Acacia melanoxylon Suppressed",0.034484391477805,-0.120190130724551,0.189158913680161,"Ada Tree","Eucalyptus","Acacia"
"111","Eucalyptus regnans Suppressed","Acacia melanoxylon Suppressed",0.129499076262639,-0.0669490566028489,0.325947209128128,"Ada Tree","Eucalyptus","Acacia"
"112","Misc Suppressed","Acacia melanoxylon Suppressed",-0.275788739270806,-0.467980804840452,-0.0835966737011596,"Ada Tree","Misc","Acacia"
"113","Acacia melanoxylon Suppressed","Eucalyptus regnans Co-dominant",0.145495605517677,-0.0241452385767576,0.315136449612112,"Ada Tree","Acacia","Eucalyptus"
"114","Eucalyptus regnans Co-dominant","Eucalyptus regnans Co-dominant",-0.856449769721404,-1.39778982584029,-0.315109713602518,"Ada Tree","Eucalyptus","Eucalyptus"
"115","Eucalyptus regnans Dominant","Eucalyptus regnans Co-dominant",-0.771495609645443,-1.43892840493232,-0.104062814358569,"Ada Tree","Eucalyptus","Eucalyptus"
"116","Eucalyptus regnans Intermediate","Eucalyptus regnans Co-dominant",-0.217187733118452,-0.557462378638596,0.123086912401692,"Ada Tree","Eucalyptus","Eucalyptus"
"117","Eucalyptus regnans Suppressed","Eucalyptus regnans Co-dominant",-0.342772311306291,-0.804948751621751,0.119404129009169,"Ada Tree","Eucalyptus","Eucalyptus"
"118","Misc Suppressed","Eucalyptus regnans Co-dominant",0.187582553208564,-0.134081080718224,0.509246187135352,"Ada Tree","Misc","Eucalyptus"
"119","Acacia melanoxylon Suppressed","Eucalyptus regnans Dominant",0.193686703808386,-0.0597334785633007,0.447106886180073,"Ada Tree","Acacia","Eucalyptus"
"120","Eucalyptus regnans Co-dominant","Eucalyptus regnans Dominant",-0.771495609645443,-1.43892840493232,-0.104062814358569,"Ada Tree","Eucalyptus","Eucalyptus"
"121","Eucalyptus regnans Dominant","Eucalyptus regnans Dominant",-1.75104890834678,-3.41044944015565,-0.0916483765379057,"Ada Tree","Eucalyptus","Eucalyptus"
"122","Eucalyptus regnans Intermediate","Eucalyptus regnans Dominant",-0.27227844073426,-0.885933299436704,0.341376417968183,"Ada Tree","Eucalyptus","Eucalyptus"
"123","Eucalyptus regnans Suppressed","Eucalyptus regnans Dominant",0.338526525624605,-0.278641535901334,0.955694587150545,"Ada Tree","Eucalyptus","Eucalyptus"
"124","Misc Suppressed","Eucalyptus regnans Dominant",-0.134729698112281,-1.04459954897503,0.775140152750471,"Ada Tree","Misc","Eucalyptus"
"125","Acacia melanoxylon Suppressed","Eucalyptus regnans Intermediate",0.034484391477805,-0.120190130724551,0.189158913680161,"Ada Tree","Acacia","Eucalyptus"
"126","Eucalyptus regnans Co-dominant","Eucalyptus regnans Intermediate",-0.217187733118452,-0.557462378638596,0.123086912401692,"Ada Tree","Eucalyptus","Eucalyptus"
"127","Eucalyptus regnans Dominant","Eucalyptus regnans Intermediate",-0.27227844073426,-0.885933299436704,0.341376417968183,"Ada Tree","Eucalyptus","Eucalyptus"
"128","Eucalyptus regnans Intermediate","Eucalyptus regnans Intermediate",-0.43207474646745,-0.88685791368204,0.0227084207471394,"Ada Tree","Eucalyptus","Eucalyptus"
"129","Eucalyptus regnans Suppressed","Eucalyptus regnans Intermediate",-0.425316410632744,-0.86059332531137,0.00996050404588211,"Ada Tree","Eucalyptus","Eucalyptus"
"130","Misc Suppressed","Eucalyptus regnans Intermediate",-0.130983921152114,-0.465456331281955,0.203488488977726,"Ada Tree","Misc","Eucalyptus"
"131","Acacia melanoxylon Suppressed","Eucalyptus regnans Suppressed",0.129499076262639,-0.0669490566028489,0.325947209128128,"Ada Tree","Acacia","Eucalyptus"
"132","Eucalyptus regnans Co-dominant","Eucalyptus regnans Suppressed",-0.342772311306291,-0.804948751621751,0.119404129009169,"Ada Tree","Eucalyptus","Eucalyptus"
"133","Eucalyptus regnans Dominant","Eucalyptus regnans Suppressed",0.338526525624605,-0.278641535901334,0.955694587150545,"Ada Tree","Eucalyptus","Eucalyptus"
"134","Eucalyptus regnans Intermediate","Eucalyptus regnans Suppressed",-0.425316410632744,-0.86059332531137,0.00996050404588211,"Ada Tree","Eucalyptus","Eucalyptus"
"135","Eucalyptus regnans Suppressed","Eucalyptus regnans Suppressed",-0.626219613539213,-1.49249028800822,0.24005106092979,"Ada Tree","Eucalyptus","Eucalyptus"
"136","Misc Suppressed","Eucalyptus regnans Suppressed",0.072237186602624,-0.274581562330024,0.419055935535272,"Ada Tree","Misc","Eucalyptus"
"137","Acacia melanoxylon Suppressed","Misc Suppressed",-0.275788739270806,-0.467980804840452,-0.0835966737011596,"Ada Tree","Acacia","Misc"
"138","Eucalyptus regnans Co-dominant","Misc Suppressed",0.187582553208564,-0.134081080718224,0.509246187135352,"Ada Tree","Eucalyptus","Misc"
"139","Eucalyptus regnans Dominant","Misc Suppressed",-0.134729698112281,-1.04459954897503,0.775140152750471,"Ada Tree","Eucalyptus","Misc"
"140","Eucalyptus regnans Intermediate","Misc Suppressed",-0.130983921152114,-0.465456331281955,0.203488488977726,"Ada Tree","Eucalyptus","Misc"
"141","Eucalyptus regnans Suppressed","Misc Suppressed",0.072237186602624,-0.274581562330024,0.419055935535272,"Ada Tree","Eucalyptus","Misc"
"142","Misc Suppressed","Misc Suppressed",0.265302396995424,-0.0654133117259396,0.596018105716787,"Ada Tree","Misc","Misc"
"143","Acacia melanoxylon Suppressed","Acacia melanoxylon Suppressed",0.186125353976802,0.0583219419998657,0.313928765953738,"Weeaproinah","Acacia","Acacia"
"144","Eucalyptus regnans Co-dominant","Acacia melanoxylon Suppressed",0.0425772478381979,-0.0933730649466909,0.178527560623087,"Weeaproinah","Eucalyptus","Acacia"
"145","Eucalyptus regnans Dominant","Acacia melanoxylon Suppressed",0.0588323615965907,-0.143087764601522,0.260752487794703,"Weeaproinah","Eucalyptus","Acacia"
"146","Eucalyptus regnans Intermediate","Acacia melanoxylon Suppressed",0.0571155930884989,-0.103867196982021,0.218098383159019,"Weeaproinah","Eucalyptus","Acacia"
"147","Eucalyptus regnans Suppressed","Acacia melanoxylon Suppressed",-0.0444283363333894,-0.140959507636409,0.0521028349696303,"Weeaproinah","Eucalyptus","Acacia"
"148","Nematolepis squamea Suppressed","Acacia melanoxylon Suppressed",0.0429841968076935,-0.0178568293821598,0.103825222997547,"Weeaproinah","Nematolepis","Acacia"
"149","Acacia melanoxylon Suppressed","Eucalyptus regnans Co-dominant",0.0425772478381979,-0.0933730649466909,0.178527560623087,"Weeaproinah","Acacia","Eucalyptus"
"150","Eucalyptus regnans Co-dominant","Eucalyptus regnans Co-dominant",-0.436078010485114,-0.742481523976017,-0.129674496994211,"Weeaproinah","Eucalyptus","Eucalyptus"
"151","Eucalyptus regnans Dominant","Eucalyptus regnans Co-dominant",-0.290517655567652,-0.620164537161863,0.0391292260265581,"Weeaproinah","Eucalyptus","Eucalyptus"
"152","Eucalyptus regnans Intermediate","Eucalyptus regnans Co-dominant",-0.124884403750935,-0.401548612430592,0.151779804928722,"Weeaproinah","Eucalyptus","Eucalyptus"
"153","Eucalyptus regnans Suppressed","Eucalyptus regnans Co-dominant",0.0176911365898441,-0.175135226732471,0.210517499912159,"Weeaproinah","Eucalyptus","Eucalyptus"
"154","Nematolepis squamea Suppressed","Eucalyptus regnans Co-dominant",0.00814106659065402,-0.0726705657626963,0.0889526989440044,"Weeaproinah","Nematolepis","Eucalyptus"
"155","Acacia melanoxylon Suppressed","Eucalyptus regnans Dominant",0.0588323615965907,-0.143087764601522,0.260752487794703,"Weeaproinah","Acacia","Eucalyptus"
"156","Eucalyptus regnans Co-dominant","Eucalyptus regnans Dominant",-0.290517655567652,-0.620164537161863,0.0391292260265581,"Weeaproinah","Eucalyptus","Eucalyptus"
"157","Eucalyptus regnans Dominant","Eucalyptus regnans Dominant",-0.763117246120414,-1.43663127797113,-0.0896032142696931,"Weeaproinah","Eucalyptus","Eucalyptus"
"158","Eucalyptus regnans Intermediate","Eucalyptus regnans Dominant",0.366917466034265,-0.13885795982365,0.872692891892181,"Weeaproinah","Eucalyptus","Eucalyptus"
"159","Eucalyptus regnans Suppressed","Eucalyptus regnans Dominant",0.329465893547851,-0.0380219694315015,0.696953756527203,"Weeaproinah","Eucalyptus","Eucalyptus"
"160","Nematolepis squamea Suppressed","Eucalyptus regnans Dominant",-0.0221905386745667,-0.133680240790071,0.0892991634409372,"Weeaproinah","Nematolepis","Eucalyptus"
"161","Acacia melanoxylon Suppressed","Eucalyptus regnans Intermediate",0.0571155930884989,-0.103867196982021,0.218098383159019,"Weeaproinah","Acacia","Eucalyptus"
"162","Eucalyptus regnans Co-dominant","Eucalyptus regnans Intermediate",-0.124884403750935,-0.401548612430592,0.151779804928722,"Weeaproinah","Eucalyptus","Eucalyptus"
"163","Eucalyptus regnans Dominant","Eucalyptus regnans Intermediate",0.366917466034265,-0.13885795982365,0.872692891892181,"Weeaproinah","Eucalyptus","Eucalyptus"
"164","Eucalyptus regnans Intermediate","Eucalyptus regnans Intermediate",-0.585554759314491,-1.07185720215485,-0.0992523164741367,"Weeaproinah","Eucalyptus","Eucalyptus"
"165","Eucalyptus regnans Suppressed","Eucalyptus regnans Intermediate",-0.201135235986341,-0.434977236507158,0.0327067645344752,"Weeaproinah","Eucalyptus","Eucalyptus"
"166","Nematolepis squamea Suppressed","Eucalyptus regnans Intermediate",0.00417888082568235,-0.0900479191308961,0.0984056807822608,"Weeaproinah","Nematolepis","Eucalyptus"
"167","Acacia melanoxylon Suppressed","Eucalyptus regnans Suppressed",-0.0444283363333894,-0.140959507636409,0.0521028349696303,"Weeaproinah","Acacia","Eucalyptus"
"168","Eucalyptus regnans Co-dominant","Eucalyptus regnans Suppressed",0.0176911365898441,-0.175135226732471,0.210517499912159,"Weeaproinah","Eucalyptus","Eucalyptus"
"169","Eucalyptus regnans Dominant","Eucalyptus regnans Suppressed",0.329465893547851,-0.0380219694315015,0.696953756527203,"Weeaproinah","Eucalyptus","Eucalyptus"
"170","Eucalyptus regnans Intermediate","Eucalyptus regnans Suppressed",-0.201135235986341,-0.434977236507158,0.0327067645344752,"Weeaproinah","Eucalyptus","Eucalyptus"
"171","Eucalyptus regnans Suppressed","Eucalyptus regnans Suppressed",0.0822956489205526,-0.117531908467215,0.28212320630832,"Weeaproinah","Eucalyptus","Eucalyptus"
"172","Nematolepis squamea Suppressed","Eucalyptus regnans Suppressed",0.03457666143734,-0.0299612918160405,0.0991146146907204,"Weeaproinah","Nematolepis","Eucalyptus"
"173","Acacia melanoxylon Suppressed","Nematolepis squamea Suppressed",0.0429841968076935,-0.0178568293821598,0.103825222997547,"Weeaproinah","Acacia","Nematolepis"
"174","Eucalyptus regnans Co-dominant","Nematolepis squamea Suppressed",0.00814106659065402,-0.0726705657626963,0.0889526989440044,"Weeaproinah","Eucalyptus","Nematolepis"
"175","Eucalyptus regnans Dominant","Nematolepis squamea Suppressed",-0.0221905386745667,-0.133680240790071,0.0892991634409372,"Weeaproinah","Eucalyptus","Nematolepis"
"176","Eucalyptus regnans Intermediate","Nematolepis squamea Suppressed",0.00417888082568235,-0.0900479191308961,0.0984056807822608,"Weeaproinah","Eucalyptus","Nematolepis"
"177","Eucalyptus regnans Suppressed","Nematolepis squamea Suppressed",0.03457666143734,-0.0299612918160405,0.0991146146907204,"Weeaproinah","Eucalyptus","Nematolepis"
"178","Nematolepis squamea Suppressed","Nematolepis squamea Suppressed",0.225706690459096,0.115553268248981,0.335860112669211,"Weeaproinah","Nematolepis","Nematolepis"
"179","Acacia melanoxylon Suppressed","Acacia melanoxylon Suppressed",-2.85849470741205,-8.30730580893102,2.59031639410692,"ANU589","Acacia","Acacia"
"180","Bedfordia arborescens Suppressed","Acacia melanoxylon Suppressed",1.09829695354031,-0.454838713234981,2.6514326203156,"ANU589","Bedfordia","Acacia"
"181","Eucalyptus regnans Co-dominant","Acacia melanoxylon Suppressed",0.804621522013146,-0.34829411997777,1.95753716400406,"ANU589","Eucalyptus","Acacia"
"182","Eucalyptus regnans Dominant","Acacia melanoxylon Suppressed",0.814862105691172,-1.99861842733419,3.62834263871653,"ANU589","Eucalyptus","Acacia"
"183","Eucalyptus regnans Intermediate","Acacia melanoxylon Suppressed",-1.43511437917934,-3.30449960980087,0.434270851442204,"ANU589","Eucalyptus","Acacia"
"184","Eucalyptus regnans Suppressed","Acacia melanoxylon Suppressed",0.201686785216651,-1.32908927737702,1.73246284781033,"ANU589","Eucalyptus","Acacia"
"185","Lomatia fraseri Suppressed","Acacia melanoxylon Suppressed",0.215317402508192,-1.09767127245165,1.52830607746804,"ANU589","Lomatia","Acacia"
"186","Olearia argophylla Suppressed","Acacia melanoxylon Suppressed",-2.26836611779164,-6.22577847893612,1.68904624335284,"ANU589","Olearia","Acacia"
"187","Pomaderris aspera Suppressed","Acacia melanoxylon Suppressed",-0.287373659784208,-0.701261043749738,0.126513724181322,"ANU589","Pomaderris","Acacia"
"188","Acacia melanoxylon Suppressed","Bedfordia arborescens Suppressed",1.09829695354031,-0.454838713234981,2.6514326203156,"ANU589","Acacia","Bedfordia"
"189","Bedfordia arborescens Suppressed","Bedfordia arborescens Suppressed",0.0705322804164124,-0.489488786276845,0.63055334710967,"ANU589","Bedfordia","Bedfordia"
"190","Eucalyptus regnans Co-dominant","Bedfordia arborescens Suppressed",-0.254289443249081,-0.702432515180908,0.193853628682747,"ANU589","Eucalyptus","Bedfordia"
"191","Eucalyptus regnans Dominant","Bedfordia arborescens Suppressed",0.353395036627808,-0.464563205127533,1.17135327838315,"ANU589","Eucalyptus","Bedfordia"
"192","Eucalyptus regnans Intermediate","Bedfordia arborescens Suppressed",0.150754302170809,-0.584582746252938,0.886091350594555,"ANU589","Eucalyptus","Bedfordia"
"193","Eucalyptus regnans Suppressed","Bedfordia arborescens Suppressed",-0.0571374661771597,-0.653675834200649,0.539400901846329,"ANU589","Eucalyptus","Bedfordia"
"194","Lomatia fraseri Suppressed","Bedfordia arborescens Suppressed",-0.813934015368468,-2.07175759312632,0.443889562389385,"ANU589","Lomatia","Bedfordia"
"195","Olearia argophylla Suppressed","Bedfordia arborescens Suppressed",0.414338349883147,-0.525383881613556,1.35406058137985,"ANU589","Olearia","Bedfordia"
"196","Pomaderris aspera Suppressed","Bedfordia arborescens Suppressed",0.117731827760162,-0.0565049127985123,0.291968568318836,"ANU589","Pomaderris","Bedfordia"
"197","Acacia melanoxylon Suppressed","Eucalyptus regnans Co-dominant",0.804621522013146,-0.34829411997777,1.95753716400406,"ANU589","Acacia","Eucalyptus"
"198","Bedfordia arborescens Suppressed","Eucalyptus regnans Co-dominant",-0.254289443249081,-0.702432515180908,0.193853628682747,"ANU589","Bedfordia","Eucalyptus"
"199","Eucalyptus regnans Co-dominant","Eucalyptus regnans Co-dominant",-0.509045047623583,-0.917304000257285,-0.10078609498988,"ANU589","Eucalyptus","Eucalyptus"
"200","Eucalyptus regnans Dominant","Eucalyptus regnans Co-dominant",-1.07684313254743,-1.88592001091811,-0.267766254176746,"ANU589","Eucalyptus","Eucalyptus"
"201","Eucalyptus regnans Intermediate","Eucalyptus regnans Co-dominant",-0.0897855157038177,-0.618356103565336,0.438785072157701,"ANU589","Eucalyptus","Eucalyptus"
"202","Eucalyptus regnans Suppressed","Eucalyptus regnans Co-dominant",0.492235990220463,-0.108345757949917,1.09281773839084,"ANU589","Eucalyptus","Eucalyptus"
"203","Lomatia fraseri Suppressed","Eucalyptus regnans Co-dominant",-0.180395262098419,-0.651102501470596,0.290311977273758,"ANU589","Lomatia","Eucalyptus"
"204","Olearia argophylla Suppressed","Eucalyptus regnans Co-dominant",0.0688216035534165,-0.673045991531871,0.810689198638705,"ANU589","Olearia","Eucalyptus"
"205","Pomaderris aspera Suppressed","Eucalyptus regnans Co-dominant",0.154449542551115,-0.0365368707315719,0.345435955833801,"ANU589","Pomaderris","Eucalyptus"
"206","Acacia melanoxylon Suppressed","Eucalyptus regnans Dominant",0.814862105691172,-1.99861842733419,3.62834263871653,"ANU589","Acacia","Eucalyptus"
"207","Bedfordia arborescens Suppressed","Eucalyptus regnans Dominant",0.353395036627808,-0.464563205127533,1.17135327838315,"ANU589","Bedfordia","Eucalyptus"
"208","Eucalyptus regnans Co-dominant","Eucalyptus regnans Dominant",-1.07684313254743,-1.88592001091811,-0.267766254176746,"ANU589","Eucalyptus","Eucalyptus"
"209","Eucalyptus regnans Dominant","Eucalyptus regnans Dominant",-3.0049225005678,-5.55940607024074,-0.450438930894853,"ANU589","Eucalyptus","Eucalyptus"
"210","Eucalyptus regnans Intermediate","Eucalyptus regnans Dominant",0.0906635234543658,-0.945116631097896,1.12644367800663,"ANU589","Eucalyptus","Eucalyptus"
"211","Eucalyptus regnans Suppressed","Eucalyptus regnans Dominant",1.54988902688218,-0.357224555160487,3.45700260892484,"ANU589","Eucalyptus","Eucalyptus"
"212","Lomatia fraseri Suppressed","Eucalyptus regnans Dominant",0.571978714151176,-0.570009511554885,1.71396693985724,"ANU589","Lomatia","Eucalyptus"
"213","Olearia argophylla Suppressed","Eucalyptus regnans Dominant",-0.159127361760988,-2.03758537645486,1.71933065293288,"ANU589","Olearia","Eucalyptus"
"214","Pomaderris aspera Suppressed","Eucalyptus regnans Dominant",0.227582386991178,-0.231020704676577,0.686185478658933,"ANU589","Pomaderris","Eucalyptus"
"215","Acacia melanoxylon Suppressed","Eucalyptus regnans Intermediate",-1.43511437917934,-3.30449960980087,0.434270851442204,"ANU589","Acacia","Eucalyptus"
"216","Bedfordia arborescens Suppressed","Eucalyptus regnans Intermediate",0.150754302170809,-0.584582746252938,0.886091350594555,"ANU589","Bedfordia","Eucalyptus"
"217","Eucalyptus regnans Co-dominant","Eucalyptus regnans Intermediate",-0.0897855157038177,-0.618356103565336,0.438785072157701,"ANU589","Eucalyptus","Eucalyptus"
"218","Eucalyptus regnans Dominant","Eucalyptus regnans Intermediate",0.0906635234543658,-0.945116631097896,1.12644367800663,"ANU589","Eucalyptus","Eucalyptus"
"219","Eucalyptus regnans Intermediate","Eucalyptus regnans Intermediate",-1.71634096389187,-3.23988480187649,-0.19279712590725,"ANU589","Eucalyptus","Eucalyptus"
"220","Eucalyptus regnans Suppressed","Eucalyptus regnans Intermediate",1.59511515256641,0.531252267364931,2.65897803776788,"ANU589","Eucalyptus","Eucalyptus"
"221","Lomatia fraseri Suppressed","Eucalyptus regnans Intermediate",-0.925863117566101,-2.18967806197729,0.337951826845084,"ANU589","Lomatia","Eucalyptus"
"222","Olearia argophylla Suppressed","Eucalyptus regnans Intermediate",-2.10034820459135,-3.6890898947118,-0.511606514470904,"ANU589","Olearia","Eucalyptus"
"223","Pomaderris aspera Suppressed","Eucalyptus regnans Intermediate",0.150430799881822,-0.186660860397763,0.487522460161406,"ANU589","Pomaderris","Eucalyptus"
"224","Acacia melanoxylon Suppressed","Eucalyptus regnans Suppressed",0.201686785216651,-1.32908927737702,1.73246284781033,"ANU589","Acacia","Eucalyptus"
"225","Bedfordia arborescens Suppressed","Eucalyptus regnans Suppressed",-0.0571374661771597,-0.653675834200649,0.539400901846329,"ANU589","Bedfordia","Eucalyptus"
"226","Eucalyptus regnans Co-dominant","Eucalyptus regnans Suppressed",0.492235990220463,-0.108345757949917,1.09281773839084,"ANU589","Eucalyptus","Eucalyptus"
"227","Eucalyptus regnans Dominant","Eucalyptus regnans Suppressed",1.54988902688218,-0.357224555160487,3.45700260892484,"ANU589","Eucalyptus","Eucalyptus"
"228","Eucalyptus regnans Intermediate","Eucalyptus regnans Suppressed",1.59511515256641,0.531252267364931,2.65897803776788,"ANU589","Eucalyptus","Eucalyptus"
"229","Eucalyptus regnans Suppressed","Eucalyptus regnans Suppressed",-1.74646550922455,-2.91285407008909,-0.580076948360004,"ANU589","Eucalyptus","Eucalyptus"
"230","Lomatia fraseri Suppressed","Eucalyptus regnans Suppressed",0.678095091590862,-0.0892317549547681,1.44542193813649,"ANU589","Lomatia","Eucalyptus"
"231","Olearia argophylla Suppressed","Eucalyptus regnans Suppressed",1.31696083665318,0.0925336879272225,2.54138798537915,"ANU589","Olearia","Eucalyptus"
"232","Pomaderris aspera Suppressed","Eucalyptus regnans Suppressed",-0.349635000145617,-0.691770335806026,-0.00749966448520728,"ANU589","Pomaderris","Eucalyptus"
"233","Acacia melanoxylon Suppressed","Lomatia fraseri Suppressed",0.215317402508192,-1.09767127245165,1.52830607746804,"ANU589","Acacia","Lomatia"
"234","Bedfordia arborescens Suppressed","Lomatia fraseri Suppressed",-0.813934015368468,-2.07175759312632,0.443889562389385,"ANU589","Bedfordia","Lomatia"
"235","Eucalyptus regnans Co-dominant","Lomatia fraseri Suppressed",-0.180395262098419,-0.651102501470596,0.290311977273758,"ANU589","Eucalyptus","Lomatia"
"236","Eucalyptus regnans Dominant","Lomatia fraseri Suppressed",0.571978714151176,-0.570009511554885,1.71396693985724,"ANU589","Eucalyptus","Lomatia"
"237","Eucalyptus regnans Intermediate","Lomatia fraseri Suppressed",-0.925863117566101,-2.18967806197729,0.337951826845084,"ANU589","Eucalyptus","Lomatia"
"238","Eucalyptus regnans Suppressed","Lomatia fraseri Suppressed",0.678095091590862,-0.0892317549547681,1.44542193813649,"ANU589","Eucalyptus","Lomatia"
"239","Lomatia fraseri Suppressed","Lomatia fraseri Suppressed",-0.194283705804212,-1.25982205742167,0.871254645813247,"ANU589","Lomatia","Lomatia"
"240","Olearia argophylla Suppressed","Lomatia fraseri Suppressed",-0.662952736716029,-1.81695048281285,0.491045009380792,"ANU589","Olearia","Lomatia"
"241","Pomaderris aspera Suppressed","Lomatia fraseri Suppressed",0.107935634619479,-0.180273699530663,0.39614496876962,"ANU589","Pomaderris","Lomatia"
"242","Acacia melanoxylon Suppressed","Olearia argophylla Suppressed",-2.26836611779164,-6.22577847893612,1.68904624335284,"ANU589","Acacia","Olearia"
"243","Bedfordia arborescens Suppressed","Olearia argophylla Suppressed",0.414338349883147,-0.525383881613556,1.35406058137985,"ANU589","Bedfordia","Olearia"
"244","Eucalyptus regnans Co-dominant","Olearia argophylla Suppressed",0.0688216035534165,-0.673045991531871,0.810689198638705,"ANU589","Eucalyptus","Olearia"
"245","Eucalyptus regnans Dominant","Olearia argophylla Suppressed",-0.159127361760988,-2.03758537645486,1.71933065293288,"ANU589","Eucalyptus","Olearia"
"246","Eucalyptus regnans Intermediate","Olearia argophylla Suppressed",-2.10034820459135,-3.6890898947118,-0.511606514470904,"ANU589","Eucalyptus","Olearia"
"247","Eucalyptus regnans Suppressed","Olearia argophylla Suppressed",1.31696083665318,0.0925336879272225,2.54138798537915,"ANU589","Eucalyptus","Olearia"
"248","Lomatia fraseri Suppressed","Olearia argophylla Suppressed",-0.662952736716029,-1.81695048281285,0.491045009380792,"ANU589","Lomatia","Olearia"
"249","Olearia argophylla Suppressed","Olearia argophylla Suppressed",-1.12762645519046,-3.0784226618122,0.823169751431277,"ANU589","Olearia","Olearia"
"250","Pomaderris aspera Suppressed","Olearia argophylla Suppressed",0.0663256238310043,-0.244547698728526,0.377198946390535,"ANU589","Pomaderris","Olearia"
"251","Acacia melanoxylon Suppressed","Pomaderris aspera Suppressed",-0.287373659784208,-0.701261043749738,0.126513724181322,"ANU589","Acacia","Pomaderris"
"252","Bedfordia arborescens Suppressed","Pomaderris aspera Suppressed",0.117731827760162,-0.0565049127985123,0.291968568318836,"ANU589","Bedfordia","Pomaderris"
"253","Eucalyptus regnans Co-dominant","Pomaderris aspera Suppressed",0.154449542551115,-0.0365368707315719,0.345435955833801,"ANU589","Eucalyptus","Pomaderris"
"254","Eucalyptus regnans Dominant","Pomaderris aspera Suppressed",0.227582386991178,-0.231020704676577,0.686185478658933,"ANU589","Eucalyptus","Pomaderris"
"255","Eucalyptus regnans Intermediate","Pomaderris aspera Suppressed",0.150430799881822,-0.186660860397763,0.487522460161406,"ANU589","Eucalyptus","Pomaderris"
"256","Eucalyptus regnans Suppressed","Pomaderris aspera Suppressed",-0.349635000145617,-0.691770335806026,-0.00749966448520728,"ANU589","Eucalyptus","Pomaderris"
"257","Lomatia fraseri Suppressed","Pomaderris aspera Suppressed",0.107935634619479,-0.180273699530663,0.39614496876962,"ANU589","Lomatia","Pomaderris"
"258","Olearia argophylla Suppressed","Pomaderris aspera Suppressed",0.0663256238310043,-0.244547698728526,0.377198946390535,"ANU589","Olearia","Pomaderris"
"259","Pomaderris aspera Suppressed","Pomaderris aspera Suppressed",0.386678607720235,0.252888336976059,0.520468878464411,"ANU589","Pomaderris","Pomaderris"
"260","Acacia melanoxylon Suppressed","Acacia melanoxylon Suppressed",-0.147324762724067,-0.470351496592828,0.175701971144694,"Turtons","Acacia","Acacia"
"261","Eucalyptus regnans Co-dominant","Acacia melanoxylon Suppressed",0.0745462691607201,-0.268832120086488,0.417924658407928,"Turtons","Eucalyptus","Acacia"
"262","Eucalyptus regnans Dominant","Acacia melanoxylon Suppressed",-0.214926538595708,-0.797298526558452,0.367445449367036,"Turtons","Eucalyptus","Acacia"
"263","Eucalyptus regnans Intermediate","Acacia melanoxylon Suppressed",0.467209250934181,-0.159481380136372,1.09389988200473,"Turtons","Eucalyptus","Acacia"
"264","Eucalyptus regnans Suppressed","Acacia melanoxylon Suppressed",-0.980443129689047,-2.16191628302969,0.201030023651599,"Turtons","Eucalyptus","Acacia"
"265","Hedycarya angustifolia Suppressed","Acacia melanoxylon Suppressed",0.185754891052224,0.0382398266491027,0.333269955455344,"Turtons","Hedycarya","Acacia"
"266","Misc Suppressed","Acacia melanoxylon Suppressed",-0.219731093097801,-0.813728902482628,0.374266716287026,"Turtons","Misc","Acacia"
"267","Nematolepis squamea subsp squamea Suppressed","Acacia melanoxylon Suppressed",-0.0333094875768641,-0.157012977265913,0.0903940021121852,"Turtons","Nematolepis","Acacia"
"268","Olearia argophylla Suppressed","Acacia melanoxylon Suppressed",0.218359789359465,0.0545914377320361,0.382128140986894,"Turtons","Olearia","Acacia"
"269","Acacia melanoxylon Suppressed","Eucalyptus regnans Co-dominant",0.0745462691607201,-0.268832120086488,0.417924658407928,"Turtons","Acacia","Eucalyptus"
"270","Eucalyptus regnans Co-dominant","Eucalyptus regnans Co-dominant",-0.621287902582366,-1.42937479416092,0.18679898899619,"Turtons","Eucalyptus","Eucalyptus"
"271","Eucalyptus regnans Dominant","Eucalyptus regnans Co-dominant",-0.115388781647718,-1.0787691399728,0.847991576677361,"Turtons","Eucalyptus","Eucalyptus"
"272","Eucalyptus regnans Intermediate","Eucalyptus regnans Co-dominant",-0.095159728074528,-1.16830583770139,0.977986381552338,"Turtons","Eucalyptus","Eucalyptus"
"273","Eucalyptus regnans Suppressed","Eucalyptus regnans Co-dominant",-0.630051517037283,-2.16632331766143,0.906220283586859,"Turtons","Eucalyptus","Eucalyptus"
"274","Hedycarya angustifolia Suppressed","Eucalyptus regnans Co-dominant",0.0754707423233941,-0.132272332022124,0.283213816668912,"Turtons","Hedycarya","Eucalyptus"
"275","Misc Suppressed","Eucalyptus regnans Co-dominant",-0.111069043710676,-0.948709351379972,0.72657126395862,"Turtons","Misc","Eucalyptus"
"276","Nematolepis squamea subsp squamea Suppressed","Eucalyptus regnans Co-dominant",0.0282872720927529,-0.15400361343961,0.210578157625116,"Turtons","Nematolepis","Eucalyptus"
"277","Olearia argophylla Suppressed","Eucalyptus regnans Co-dominant",0.0101827693119531,-0.271999122783934,0.29236466140784,"Turtons","Olearia","Eucalyptus"
"278","Acacia melanoxylon Suppressed","Eucalyptus regnans Dominant",-0.214926538595708,-0.797298526558452,0.367445449367036,"Turtons","Acacia","Eucalyptus"
"279","Eucalyptus regnans Co-dominant","Eucalyptus regnans Dominant",-0.115388781647718,-1.0787691399728,0.847991576677361,"Turtons","Eucalyptus","Eucalyptus"
"280","Eucalyptus regnans Dominant","Eucalyptus regnans Dominant",-4.08077209357924,-7.63871335079817,-0.522830836360305,"Turtons","Eucalyptus","Eucalyptus"
"281","Eucalyptus regnans Intermediate","Eucalyptus regnans Dominant",0.00830745665504089,-1.45361767329043,1.47023258660052,"Turtons","Eucalyptus","Eucalyptus"
"282","Eucalyptus regnans Suppressed","Eucalyptus regnans Dominant",0.748965244369411,-0.670524167307827,2.16845465604665,"Turtons","Eucalyptus","Eucalyptus"
"283","Hedycarya angustifolia Suppressed","Eucalyptus regnans Dominant",0.0749528625846793,-0.274495078355301,0.42440080352466,"Turtons","Hedycarya","Eucalyptus"
"284","Misc Suppressed","Eucalyptus regnans Dominant",0.645409910927538,-0.543609046738853,1.83442886859393,"Turtons","Misc","Eucalyptus"
"285","Nematolepis squamea subsp squamea Suppressed","Eucalyptus regnans Dominant",0.217577534951548,-0.0930923109597715,0.528247380862867,"Turtons","Nematolepis","Eucalyptus"
"286","Olearia argophylla Suppressed","Eucalyptus regnans Dominant",0.306730006784075,-0.110229775563083,0.723689789131233,"Turtons","Olearia","Eucalyptus"
"287","Acacia melanoxylon Suppressed","Eucalyptus regnans Intermediate",0.467209250934181,-0.159481380136372,1.09389988200473,"Turtons","Acacia","Eucalyptus"
"288","Eucalyptus regnans Co-dominant","Eucalyptus regnans Intermediate",-0.095159728074528,-1.16830583770139,0.977986381552338,"Turtons","Eucalyptus","Eucalyptus"
"289","Eucalyptus regnans Dominant","Eucalyptus regnans Intermediate",0.00830745665504089,-1.45361767329043,1.47023258660052,"Turtons","Eucalyptus","Eucalyptus"
"290","Eucalyptus regnans Intermediate","Eucalyptus regnans Intermediate",-4.96771068114061,-12.029243035792,2.09382167351079,"Turtons","Eucalyptus","Eucalyptus"
"291","Eucalyptus regnans Suppressed","Eucalyptus regnans Intermediate",0.941935706793469,-1.31694484574569,3.20081625933263,"Turtons","Eucalyptus","Eucalyptus"
"292","Hedycarya angustifolia Suppressed","Eucalyptus regnans Intermediate",-0.248046224649878,-0.750679257213892,0.254586807914136,"Turtons","Hedycarya","Eucalyptus"
"293","Misc Suppressed","Eucalyptus regnans Intermediate",-0.602774270927524,-2.5794251777474,1.37387663589235,"Turtons","Misc","Eucalyptus"
"294","Nematolepis squamea subsp squamea Suppressed","Eucalyptus regnans Intermediate",0.180419480397104,-0.1805070106084,0.541345971402609,"Turtons","Nematolepis","Eucalyptus"
"295","Olearia argophylla Suppressed","Eucalyptus regnans Intermediate",-0.519849799723577,-1.31519345253684,0.275493853089689,"Turtons","Olearia","Eucalyptus"
"296","Acacia melanoxylon Suppressed","Eucalyptus regnans Suppressed",-0.980443129689047,-2.16191628302969,0.201030023651599,"Turtons","Acacia","Eucalyptus"
"297","Eucalyptus regnans Co-dominant","Eucalyptus regnans Suppressed",-0.630051517037283,-2.16632331766143,0.906220283586859,"Turtons","Eucalyptus","Eucalyptus"
"298","Eucalyptus regnans Dominant","Eucalyptus regnans Suppressed",0.748965244369411,-0.670524167307827,2.16845465604665,"Turtons","Eucalyptus","Eucalyptus"
"299","Eucalyptus regnans Intermediate","Eucalyptus regnans Suppressed",0.941935706793469,-1.31694484574569,3.20081625933263,"Turtons","Eucalyptus","Eucalyptus"
"300","Eucalyptus regnans Suppressed","Eucalyptus regnans Suppressed",-1.69069205194417,-6.59618236620197,3.21479826231364,"Turtons","Eucalyptus","Eucalyptus"
"301","Hedycarya angustifolia Suppressed","Eucalyptus regnans Suppressed",0.0641780710492234,-0.502741486360564,0.631097628459011,"Turtons","Hedycarya","Eucalyptus"
"302","Misc Suppressed","Eucalyptus regnans Suppressed",-0.277590676947838,-2.64510827226046,2.08992691836478,"Turtons","Misc","Eucalyptus"
"303","Nematolepis squamea subsp squamea Suppressed","Eucalyptus regnans Suppressed",-0.163285758100435,-0.623176107940345,0.296604591739475,"Turtons","Nematolepis","Eucalyptus"
"304","Olearia argophylla Suppressed","Eucalyptus regnans Suppressed",0.478217175074993,-0.1707720137171,1.12720636386709,"Turtons","Olearia","Eucalyptus"
"305","Acacia melanoxylon Suppressed","Hedycarya angustifolia Suppressed",0.185754891052224,0.0382398266491027,0.333269955455344,"Turtons","Acacia","Hedycarya"
"306","Eucalyptus regnans Co-dominant","Hedycarya angustifolia Suppressed",0.0754707423233941,-0.132272332022124,0.283213816668912,"Turtons","Eucalyptus","Hedycarya"
"307","Eucalyptus regnans Dominant","Hedycarya angustifolia Suppressed",0.0749528625846793,-0.274495078355301,0.42440080352466,"Turtons","Eucalyptus","Hedycarya"
"308","Eucalyptus regnans Intermediate","Hedycarya angustifolia Suppressed",-0.248046224649878,-0.750679257213892,0.254586807914136,"Turtons","Eucalyptus","Hedycarya"
"309","Eucalyptus regnans Suppressed","Hedycarya angustifolia Suppressed",0.0641780710492234,-0.502741486360564,0.631097628459011,"Turtons","Eucalyptus","Hedycarya"
"310","Hedycarya angustifolia Suppressed","Hedycarya angustifolia Suppressed",0.146441551728154,-0.00949497247012399,0.302378075926431,"Turtons","Hedycarya","Hedycarya"
"311","Misc Suppressed","Hedycarya angustifolia Suppressed",0.107040772814909,-0.249430947529157,0.463512493158975,"Turtons","Misc","Hedycarya"
"312","Nematolepis squamea subsp squamea Suppressed","Hedycarya angustifolia Suppressed",-0.121780318029679,-0.213178429736088,-0.0303822063232695,"Turtons","Nematolepis","Hedycarya"
"313","Olearia argophylla Suppressed","Hedycarya angustifolia Suppressed",-0.175029012010789,-0.296559668816402,-0.0534983552051762,"Turtons","Olearia","Hedycarya"
"314","Acacia melanoxylon Suppressed","Misc Suppressed",-0.219731093097801,-0.813728902482628,0.374266716287026,"Turtons","Acacia","Misc"
"315","Eucalyptus regnans Co-dominant","Misc Suppressed",-0.111069043710676,-0.948709351379972,0.72657126395862,"Turtons","Eucalyptus","Misc"
"316","Eucalyptus regnans Dominant","Misc Suppressed",0.645409910927538,-0.543609046738853,1.83442886859393,"Turtons","Eucalyptus","Misc"
"317","Eucalyptus regnans Intermediate","Misc Suppressed",-0.602774270927524,-2.5794251777474,1.37387663589235,"Turtons","Eucalyptus","Misc"
"318","Eucalyptus regnans Suppressed","Misc Suppressed",-0.277590676947838,-2.64510827226046,2.08992691836478,"Turtons","Eucalyptus","Misc"
"319","Hedycarya angustifolia Suppressed","Misc Suppressed",0.107040772814909,-0.249430947529157,0.463512493158975,"Turtons","Hedycarya","Misc"
"320","Misc Suppressed","Misc Suppressed",-0.154310735872684,-1.92598586575304,1.61736439400768,"Turtons","Misc","Misc"
"321","Nematolepis squamea subsp squamea Suppressed","Misc Suppressed",-0.200822636844731,-0.562998961471755,0.161353687782293,"Turtons","Nematolepis","Misc"
"322","Olearia argophylla Suppressed","Misc Suppressed",0.140523036786982,-0.238569167002246,0.51961524057621,"Turtons","Olearia","Misc"
"323","Acacia melanoxylon Suppressed","Nematolepis squamea subsp squamea Suppressed",-0.0333094875768641,-0.157012977265913,0.0903940021121852,"Turtons","Acacia","Nematolepis"
"324","Eucalyptus regnans Co-dominant","Nematolepis squamea subsp squamea Suppressed",0.0282872720927529,-0.15400361343961,0.210578157625116,"Turtons","Eucalyptus","Nematolepis"
"325","Eucalyptus regnans Dominant","Nematolepis squamea subsp squamea Suppressed",0.217577534951548,-0.0930923109597715,0.528247380862867,"Turtons","Eucalyptus","Nematolepis"
"326","Eucalyptus regnans Intermediate","Nematolepis squamea subsp squamea Suppressed",0.180419480397104,-0.1805070106084,0.541345971402609,"Turtons","Eucalyptus","Nematolepis"
"327","Eucalyptus regnans Suppressed","Nematolepis squamea subsp squamea Suppressed",-0.163285758100435,-0.623176107940345,0.296604591739475,"Turtons","Eucalyptus","Nematolepis"
"328","Hedycarya angustifolia Suppressed","Nematolepis squamea subsp squamea Suppressed",-0.121780318029679,-0.213178429736088,-0.0303822063232695,"Turtons","Hedycarya","Nematolepis"
"329","Misc Suppressed","Nematolepis squamea subsp squamea Suppressed",-0.200822636844731,-0.562998961471755,0.161353687782293,"Turtons","Misc","Nematolepis"
"330","Nematolepis squamea subsp squamea Suppressed","Nematolepis squamea subsp squamea Suppressed",0.297942887628438,0.187111563612944,0.408774211643933,"Turtons","Nematolepis","Nematolepis"
"331","Olearia argophylla Suppressed","Nematolepis squamea subsp squamea Suppressed",-0.0210067686483918,-0.122375179111147,0.0803616418143639,"Turtons","Olearia","Nematolepis"
"332","Acacia melanoxylon Suppressed","Olearia argophylla Suppressed",0.218359789359465,0.0545914377320361,0.382128140986894,"Turtons","Acacia","Olearia"
"333","Eucalyptus regnans Co-dominant","Olearia argophylla Suppressed",0.0101827693119531,-0.271999122783934,0.29236466140784,"Turtons","Eucalyptus","Olearia"
"334","Eucalyptus regnans Dominant","Olearia argophylla Suppressed",0.306730006784075,-0.110229775563083,0.723689789131233,"Turtons","Eucalyptus","Olearia"
"335","Eucalyptus regnans Intermediate","Olearia argophylla Suppressed",-0.519849799723577,-1.31519345253684,0.275493853089689,"Turtons","Eucalyptus","Olearia"
"336","Eucalyptus regnans Suppressed","Olearia argophylla Suppressed",0.478217175074993,-0.1707720137171,1.12720636386709,"Turtons","Eucalyptus","Olearia"
"337","Hedycarya angustifolia Suppressed","Olearia argophylla Suppressed",-0.175029012010789,-0.296559668816402,-0.0534983552051762,"Turtons","Hedycarya","Olearia"
"338","Misc Suppressed","Olearia argophylla Suppressed",0.140523036786982,-0.238569167002246,0.51961524057621,"Turtons","Misc","Olearia"
"339","Nematolepis squamea subsp squamea Suppressed","Olearia argophylla Suppressed",-0.0210067686483918,-0.122375179111147,0.0803616418143639,"Turtons","Nematolepis","Olearia"
"340","Olearia argophylla Suppressed","Olearia argophylla Suppressed",0.212455782500081,0.0103971629528172,0.414514402047345,"Turtons","Olearia","Olearia"
"341","Acacia melanoxylon Suppressed","Acacia melanoxylon Suppressed",0.0764964978039262,-0.195014658976766,0.348007654584619,"Lardner","Acacia","Acacia"
"342","Eucalyptus regnans Co-dominant","Acacia melanoxylon Suppressed",-0.0659920307006287,-0.25611703582787,0.124132974426612,"Lardner","Eucalyptus","Acacia"
"343","Eucalyptus regnans Dominant","Acacia melanoxylon Suppressed",-0.589254604453439,-1.20086158587713,0.0223523769702513,"Lardner","Eucalyptus","Acacia"
"344","Eucalyptus regnans Intermediate","Acacia melanoxylon Suppressed",0.0549316074254677,-0.250679656863893,0.360542871714828,"Lardner","Eucalyptus","Acacia"
"345","Eucalyptus regnans Suppressed","Acacia melanoxylon Suppressed",0.118145582639658,-0.647069682375437,0.883360847654754,"Lardner","Eucalyptus","Acacia"
"346","Hedycarya angustifolia Suppressed","Acacia melanoxylon Suppressed",-0.198032177188635,-0.429591358640006,0.0335270042627355,"Lardner","Hedycarya","Acacia"
"347","Misc","Acacia melanoxylon Suppressed",0.0900441576840406,-0.26338551762815,0.443473832996231,"Lardner","Misc","Acacia"
"348","Nematolepis squamea subsp squamea Suppressed","Acacia melanoxylon Suppressed",-0.117786851968613,-0.28312591486295,0.047552210925723,"Lardner","Nematolepis","Acacia"
"349","Olearia argophylla Suppressed","Acacia melanoxylon Suppressed",-0.00203964956032444,-0.125313336357505,0.121234037236856,"Lardner","Olearia","Acacia"
"350","Acacia melanoxylon Suppressed","Eucalyptus regnans Co-dominant",-0.0659920307006287,-0.25611703582787,0.124132974426612,"Lardner","Acacia","Eucalyptus"
"351","Eucalyptus regnans Co-dominant","Eucalyptus regnans Co-dominant",-0.210021163123526,-0.476055470931026,0.0560131446839742,"Lardner","Eucalyptus","Eucalyptus"
"352","Eucalyptus regnans Dominant","Eucalyptus regnans Co-dominant",-0.579128020886023,-1.06000632940724,-0.0982497123648068,"Lardner","Eucalyptus","Eucalyptus"
"353","Eucalyptus regnans Intermediate","Eucalyptus regnans Co-dominant",0.0870881508394588,-0.248994651875625,0.423170953554543,"Lardner","Eucalyptus","Eucalyptus"
"354","Eucalyptus regnans Suppressed","Eucalyptus regnans Co-dominant",-0.240316575706322,-1.01146808699904,0.530834935586394,"Lardner","Eucalyptus","Eucalyptus"
"355","Hedycarya angustifolia Suppressed","Eucalyptus regnans Co-dominant",-0.0359999526222056,-0.266111122910525,0.194111217666114,"Lardner","Hedycarya","Eucalyptus"
"356","Misc","Eucalyptus regnans Co-dominant",0.362054508650684,-0.0230719599791756,0.747180977280543,"Lardner","Misc","Eucalyptus"
"357","Nematolepis squamea subsp squamea Suppressed","Eucalyptus regnans Co-dominant",0.0925267272921974,-0.0683456160299927,0.253399070614388,"Lardner","Nematolepis","Eucalyptus"
"358","Olearia argophylla Suppressed","Eucalyptus regnans Co-dominant",-0.0083778171119179,-0.151134288398616,0.13437865417478,"Lardner","Olearia","Eucalyptus"
"359","Acacia melanoxylon Suppressed","Eucalyptus regnans Dominant",-0.589254604453439,-1.20086158587713,0.0223523769702513,"Lardner","Acacia","Eucalyptus"
"360","Eucalyptus regnans Co-dominant","Eucalyptus regnans Dominant",-0.579128020886023,-1.06000632940724,-0.0982497123648068,"Lardner","Eucalyptus","Eucalyptus"
"361","Eucalyptus regnans Dominant","Eucalyptus regnans Dominant",-2.72702281814198,-4.91799350930414,-0.536052126979824,"Lardner","Eucalyptus","Eucalyptus"
"362","Eucalyptus regnans Intermediate","Eucalyptus regnans Dominant",0.542589091383569,-0.26288205166802,1.34806023443516,"Lardner","Eucalyptus","Eucalyptus"
"363","Eucalyptus regnans Suppressed","Eucalyptus regnans Dominant",-1.00366013645659,-3.2604661584027,1.25314588548953,"Lardner","Eucalyptus","Eucalyptus"
"364","Hedycarya angustifolia Suppressed","Eucalyptus regnans Dominant",-0.211556709614135,-0.722215353590981,0.299101934362711,"Lardner","Hedycarya","Eucalyptus"
"365","Misc","Eucalyptus regnans Dominant",1.18320905591431,0.338995265883911,2.02742284594472,"Lardner","Misc","Eucalyptus"
"366","Nematolepis squamea subsp squamea Suppressed","Eucalyptus regnans Dominant",0.160919491231288,-0.223600701301457,0.545439683764034,"Lardner","Nematolepis","Eucalyptus"
"367","Olearia argophylla Suppressed","Eucalyptus regnans Dominant",0.131002678222284,-0.249250890496932,0.5112562469415,"Lardner","Olearia","Eucalyptus"
"368","Acacia melanoxylon Suppressed","Eucalyptus regnans Intermediate",0.0549316074254677,-0.250679656863893,0.360542871714828,"Lardner","Acacia","Eucalyptus"
"369","Eucalyptus regnans Co-dominant","Eucalyptus regnans Intermediate",0.0870881508394588,-0.248994651875625,0.423170953554543,"Lardner","Eucalyptus","Eucalyptus"
"370","Eucalyptus regnans Dominant","Eucalyptus regnans Intermediate",0.542589091383569,-0.26288205166802,1.34806023443516,"Lardner","Eucalyptus","Eucalyptus"
"371","Eucalyptus regnans Intermediate","Eucalyptus regnans Intermediate",-0.0447739491037583,-0.878190555842423,0.788642657634906,"Lardner","Eucalyptus","Eucalyptus"
"372","Eucalyptus regnans Suppressed","Eucalyptus regnans Intermediate",0.410488258334871,-0.778245304909757,1.5992218215795,"Lardner","Eucalyptus","Eucalyptus"
"373","Hedycarya angustifolia Suppressed","Eucalyptus regnans Intermediate",-0.154590719818285,-0.570483200365554,0.261301760728984,"Lardner","Hedycarya","Eucalyptus"
"374","Misc","Eucalyptus regnans Intermediate",-0.198559621538241,-0.856321784576834,0.459202541500352,"Lardner","Misc","Eucalyptus"
"375","Nematolepis squamea subsp squamea Suppressed","Eucalyptus regnans Intermediate",-0.0807735540775699,-0.360163731808034,0.198616623652894,"Lardner","Nematolepis","Eucalyptus"
"376","Olearia argophylla Suppressed","Eucalyptus regnans Intermediate",-0.0260390547280727,-0.240701266038244,0.188623156582098,"Lardner","Olearia","Eucalyptus"
"377","Acacia melanoxylon Suppressed","Eucalyptus regnans Suppressed",0.118145582639658,-0.647069682375437,0.883360847654754,"Lardner","Acacia","Eucalyptus"
"378","Eucalyptus regnans Co-dominant","Eucalyptus regnans Suppressed",-0.240316575706322,-1.01146808699904,0.530834935586394,"Lardner","Eucalyptus","Eucalyptus"
"379","Eucalyptus regnans Dominant","Eucalyptus regnans Suppressed",-1.00366013645659,-3.2604661584027,1.25314588548953,"Lardner","Eucalyptus","Eucalyptus"
"380","Eucalyptus regnans Intermediate","Eucalyptus regnans Suppressed",0.410488258334871,-0.778245304909757,1.5992218215795,"Lardner","Eucalyptus","Eucalyptus"
"381","Eucalyptus regnans Suppressed","Eucalyptus regnans Suppressed",-7.72289493394563,-20.1772693474576,4.73147947956634,"Lardner","Eucalyptus","Eucalyptus"
"382","Hedycarya angustifolia Suppressed","Eucalyptus regnans Suppressed",-0.418798513580146,-1.36235600108376,0.524758973923466,"Lardner","Hedycarya","Eucalyptus"
"383","Misc","Eucalyptus regnans Suppressed",0.882637367680827,-0.391940221769733,2.15721495713139,"Lardner","Misc","Eucalyptus"
"384","Nematolepis squamea subsp squamea Suppressed","Eucalyptus regnans Suppressed",0.518793260067569,-0.185218872052745,1.22280539218788,"Lardner","Nematolepis","Eucalyptus"
"385","Olearia argophylla Suppressed","Eucalyptus regnans Suppressed",0.502041660699141,-0.00333058212310855,1.00741390352139,"Lardner","Olearia","Eucalyptus"
"386","Acacia melanoxylon Suppressed","Hedycarya angustifolia Suppressed",-0.198032177188635,-0.429591358640006,0.0335270042627355,"Lardner","Acacia","Hedycarya"
"387","Eucalyptus regnans Co-dominant","Hedycarya angustifolia Suppressed",-0.0359999526222056,-0.266111122910525,0.194111217666114,"Lardner","Eucalyptus","Hedycarya"
"388","Eucalyptus regnans Dominant","Hedycarya angustifolia Suppressed",-0.211556709614135,-0.722215353590981,0.299101934362711,"Lardner","Eucalyptus","Hedycarya"
"389","Eucalyptus regnans Intermediate","Hedycarya angustifolia Suppressed",-0.154590719818285,-0.570483200365554,0.261301760728984,"Lardner","Eucalyptus","Hedycarya"
"390","Eucalyptus regnans Suppressed","Hedycarya angustifolia Suppressed",-0.418798513580146,-1.36235600108376,0.524758973923466,"Lardner","Eucalyptus","Hedycarya"
"391","Hedycarya angustifolia Suppressed","Hedycarya angustifolia Suppressed",0.0350449165653873,-0.303882966035859,0.373972799166633,"Lardner","Hedycarya","Hedycarya"
"392","Misc","Hedycarya angustifolia Suppressed",-0.0461571282350874,-0.459368768862126,0.367054512391951,"Lardner","Misc","Hedycarya"
"393","Nematolepis squamea subsp squamea Suppressed","Hedycarya angustifolia Suppressed",-0.154757717462522,-0.347377123684121,0.0378616887590781,"Lardner","Nematolepis","Hedycarya"
"394","Olearia argophylla Suppressed","Hedycarya angustifolia Suppressed",0.00985900096929548,-0.13994857436078,0.159666576299371,"Lardner","Olearia","Hedycarya"
"395","Acacia melanoxylon Suppressed","Misc",0.0900441576840406,-0.26338551762815,0.443473832996231,"Lardner","Acacia","Misc"
"396","Eucalyptus regnans Co-dominant","Misc",0.362054508650684,-0.0230719599791756,0.747180977280543,"Lardner","Eucalyptus","Misc"
"397","Eucalyptus regnans Dominant","Misc",1.18320905591431,0.338995265883911,2.02742284594472,"Lardner","Eucalyptus","Misc"
"398","Eucalyptus regnans Intermediate","Misc",-0.198559621538241,-0.856321784576834,0.459202541500352,"Lardner","Eucalyptus","Misc"
"399","Eucalyptus regnans Suppressed","Misc",0.882637367680827,-0.391940221769733,2.15721495713139,"Lardner","Eucalyptus","Misc"
"400","Hedycarya angustifolia Suppressed","Misc",-0.0461571282350874,-0.459368768862126,0.367054512391951,"Lardner","Hedycarya","Misc"
"401","Misc","Misc",-0.315302455096206,-1.16932691402471,0.538722003832294,"Lardner","Misc","Misc"
"402","Nematolepis squamea subsp squamea Suppressed","Misc",-0.320517294909347,-0.616996590518749,-0.024037999299946,"Lardner","Nematolepis","Misc"
"403","Olearia argophylla Suppressed","Misc",-0.259371853751312,-0.482953635590994,-0.03579007191163,"Lardner","Olearia","Misc"
"404","Acacia melanoxylon Suppressed","Nematolepis squamea subsp squamea Suppressed",-0.117786851968613,-0.28312591486295,0.047552210925723,"Lardner","Acacia","Nematolepis"
"405","Eucalyptus regnans Co-dominant","Nematolepis squamea subsp squamea Suppressed",0.0925267272921974,-0.0683456160299927,0.253399070614388,"Lardner","Eucalyptus","Nematolepis"
"406","Eucalyptus regnans Dominant","Nematolepis squamea subsp squamea Suppressed",0.160919491231288,-0.223600701301457,0.545439683764034,"Lardner","Eucalyptus","Nematolepis"
"407","Eucalyptus regnans Intermediate","Nematolepis squamea subsp squamea Suppressed",-0.0807735540775699,-0.360163731808034,0.198616623652894,"Lardner","Eucalyptus","Nematolepis"
"408","Eucalyptus regnans Suppressed","Nematolepis squamea subsp squamea Suppressed",0.518793260067569,-0.185218872052745,1.22280539218788,"Lardner","Eucalyptus","Nematolepis"
"409","Hedycarya angustifolia Suppressed","Nematolepis squamea subsp squamea Suppressed",-0.154757717462522,-0.347377123684121,0.0378616887590781,"Lardner","Hedycarya","Nematolepis"
"410","Misc","Nematolepis squamea subsp squamea Suppressed",-0.320517294909347,-0.616996590518749,-0.024037999299946,"Lardner","Misc","Nematolepis"
"411","Nematolepis squamea subsp squamea Suppressed","Nematolepis squamea subsp squamea Suppressed",0.239822857104488,0.0233303933418884,0.456315320867087,"Lardner","Nematolepis","Nematolepis"
"412","Olearia argophylla Suppressed","Nematolepis squamea subsp squamea Suppressed",-0.201431921335352,-0.324571623145487,-0.0782922195252166,"Lardner","Olearia","Nematolepis"
"413","Acacia melanoxylon Suppressed","Olearia argophylla Suppressed",-0.00203964956032444,-0.125313336357505,0.121234037236856,"Lardner","Acacia","Olearia"
"414","Eucalyptus regnans Co-dominant","Olearia argophylla Suppressed",-0.0083778171119179,-0.151134288398616,0.13437865417478,"Lardner","Eucalyptus","Olearia"
"415","Eucalyptus regnans Dominant","Olearia argophylla Suppressed",0.131002678222284,-0.249250890496932,0.5112562469415,"Lardner","Eucalyptus","Olearia"
"416","Eucalyptus regnans Intermediate","Olearia argophylla Suppressed",-0.0260390547280727,-0.240701266038244,0.188623156582098,"Lardner","Eucalyptus","Olearia"
"417","Eucalyptus regnans Suppressed","Olearia argophylla Suppressed",0.502041660699141,-0.00333058212310855,1.00741390352139,"Lardner","Eucalyptus","Olearia"
"418","Hedycarya angustifolia Suppressed","Olearia argophylla Suppressed",0.00985900096929548,-0.13994857436078,0.159666576299371,"Lardner","Hedycarya","Olearia"
"419","Misc","Olearia argophylla Suppressed",-0.259371853751312,-0.482953635590994,-0.03579007191163,"Lardner","Misc","Olearia"
"420","Nematolepis squamea subsp squamea Suppressed","Olearia argophylla Suppressed",-0.201431921335352,-0.324571623145487,-0.0782922195252166,"Lardner","Nematolepis","Olearia"
"421","Olearia argophylla Suppressed","Olearia argophylla Suppressed",0.120235472201228,-0.0257217508537015,0.266192695256158,"Lardner","Olearia","Olearia"
"422","Acacia melanoxylon Suppressed","Acacia melanoxylon Suppressed",-0.0100455476565999,-0.322322115853868,0.302231020540668,"HardyCreek","Acacia","Acacia"
"423","Eucalyptus regnans Co-dominant","Acacia melanoxylon Suppressed",0.0612452303154276,-0.141249443931701,0.263739904562556,"HardyCreek","Eucalyptus","Acacia"
"424","Eucalyptus regnans Dominant","Acacia melanoxylon Suppressed",-0.0321717868651666,-0.531935161027193,0.467591587296859,"HardyCreek","Eucalyptus","Acacia"
"425","Eucalyptus regnans Intermediate","Acacia melanoxylon Suppressed",0.144019674754959,-0.0959849922117305,0.384024341721648,"HardyCreek","Eucalyptus","Acacia"
"426","Eucalyptus regnans Suppressed","Acacia melanoxylon Suppressed",-0.0123914836805208,-0.32853819286159,0.303755225500548,"HardyCreek","Eucalyptus","Acacia"
"427","Misc Suppressed","Acacia melanoxylon Suppressed",0.0583470156663364,-0.494337750143189,0.611031781475862,"HardyCreek","Misc","Acacia"
"428","Acacia melanoxylon Suppressed","Eucalyptus regnans Co-dominant",0.0612452303154276,-0.141249443931701,0.263739904562556,"HardyCreek","Acacia","Eucalyptus"
"429","Eucalyptus regnans Co-dominant","Eucalyptus regnans Co-dominant",-0.108456735484018,-0.369016693766551,0.152103222798515,"HardyCreek","Eucalyptus","Eucalyptus"
"430","Eucalyptus regnans Dominant","Eucalyptus regnans Co-dominant",-0.637488171510925,-1.09527422935148,-0.179702113670367,"HardyCreek","Eucalyptus","Eucalyptus"
"431","Eucalyptus regnans Intermediate","Eucalyptus regnans Co-dominant",-0.150962968578192,-0.37784055466341,0.0759146175070268,"HardyCreek","Eucalyptus","Eucalyptus"
"432","Eucalyptus regnans Suppressed","Eucalyptus regnans Co-dominant",-0.203462858847503,-0.518793930885736,0.11186821319073,"HardyCreek","Eucalyptus","Eucalyptus"
"433","Misc Suppressed","Eucalyptus regnans Co-dominant",-0.0292180527558156,-0.569130855420171,0.51069474990854,"HardyCreek","Misc","Eucalyptus"
"434","Acacia melanoxylon Suppressed","Eucalyptus regnans Dominant",-0.0321717868651666,-0.531935161027193,0.467591587296859,"HardyCreek","Acacia","Eucalyptus"
"435","Eucalyptus regnans Co-dominant","Eucalyptus regnans Dominant",-0.637488171510925,-1.09527422935148,-0.179702113670367,"HardyCreek","Eucalyptus","Eucalyptus"
"436","Eucalyptus regnans Dominant","Eucalyptus regnans Dominant",-2.69000229680122,-5.04842176390139,-0.331582829701047,"HardyCreek","Eucalyptus","Eucalyptus"
"437","Eucalyptus regnans Intermediate","Eucalyptus regnans Dominant",0.0556829112118715,-0.47761689876846,0.588982721192203,"HardyCreek","Eucalyptus","Eucalyptus"
"438","Eucalyptus regnans Suppressed","Eucalyptus regnans Dominant",-0.136997263791463,-0.750356527738564,0.476362000155637,"HardyCreek","Eucalyptus","Eucalyptus"
"439","Misc Suppressed","Eucalyptus regnans Dominant",0.0325047479718866,-1.37750185200795,1.44251134795172,"HardyCreek","Misc","Eucalyptus"
"440","Acacia melanoxylon Suppressed","Eucalyptus regnans Intermediate",0.144019674754959,-0.0959849922117305,0.384024341721648,"HardyCreek","Acacia","Eucalyptus"
"441","Eucalyptus regnans Co-dominant","Eucalyptus regnans Intermediate",-0.150962968578192,-0.37784055466341,0.0759146175070268,"HardyCreek","Eucalyptus","Eucalyptus"
"442","Eucalyptus regnans Dominant","Eucalyptus regnans Intermediate",0.0556829112118715,-0.47761689876846,0.588982721192203,"HardyCreek","Eucalyptus","Eucalyptus"
"443","Eucalyptus regnans Intermediate","Eucalyptus regnans Intermediate",0.0548062285352314,-0.353123230105253,0.462735687175715,"HardyCreek","Eucalyptus","Eucalyptus"
"444","Eucalyptus regnans Suppressed","Eucalyptus regnans Intermediate",0.297038939761314,-0.0412510635602078,0.635328943082836,"HardyCreek","Eucalyptus","Eucalyptus"
"445","Misc Suppressed","Eucalyptus regnans Intermediate",-0.32487507150474,-1.13254633616264,0.482796193153162,"HardyCreek","Misc","Eucalyptus"
"446","Acacia melanoxylon Suppressed","Eucalyptus regnans Suppressed",-0.0123914836805208,-0.32853819286159,0.303755225500548,"HardyCreek","Acacia","Eucalyptus"
"447","Eucalyptus regnans Co-dominant","Eucalyptus regnans Suppressed",-0.203462858847503,-0.518793930885736,0.11186821319073,"HardyCreek","Eucalyptus","Eucalyptus"
"448","Eucalyptus regnans Dominant","Eucalyptus regnans Suppressed",-0.136997263791463,-0.750356527738564,0.476362000155637,"HardyCreek","Eucalyptus","Eucalyptus"
"449","Eucalyptus regnans Intermediate","Eucalyptus regnans Suppressed",0.297038939761314,-0.0412510635602078,0.635328943082836,"HardyCreek","Eucalyptus","Eucalyptus"
"450","Eucalyptus regnans Suppressed","Eucalyptus regnans Suppressed",0.0758027201334179,-0.480236618243233,0.631842058510069,"HardyCreek","Eucalyptus","Eucalyptus"
"451","Misc Suppressed","Eucalyptus regnans Suppressed",0.566082004667539,-0.168813215034136,1.30097722436921,"HardyCreek","Misc","Eucalyptus"
"452","Acacia melanoxylon Suppressed","Misc Suppressed",0.0583470156663364,-0.494337750143189,0.611031781475862,"HardyCreek","Acacia","Misc"
"453","Eucalyptus regnans Co-dominant","Misc Suppressed",-0.0292180527558156,-0.569130855420171,0.51069474990854,"HardyCreek","Eucalyptus","Misc"
"454","Eucalyptus regnans Dominant","Misc Suppressed",0.0325047479718866,-1.37750185200795,1.44251134795172,"HardyCreek","Eucalyptus","Misc"
"455","Eucalyptus regnans Intermediate","Misc Suppressed",-0.32487507150474,-1.13254633616264,0.482796193153162,"HardyCreek","Eucalyptus","Misc"
"456","Eucalyptus regnans Suppressed","Misc Suppressed",0.566082004667539,-0.168813215034136,1.30097722436921,"HardyCreek","Eucalyptus","Misc"
"457","Misc Suppressed","Misc Suppressed",0.191670250554963,-1.6233619839238,2.00670248503372,"HardyCreek","Misc","Misc"
"458","Atherosperma moschatum Suppressed","Atherosperma moschatum Suppressed",0.0768801521125993,-0.984347800254049,1.13810810447925,"NorthStyx","Atherosperma","Atherosperma"
"459","Eucalyptus delegatensis Co-dominant","Atherosperma moschatum Suppressed",-2.99995846732938,-11.5514635640742,5.55154662941543,"NorthStyx","Eucalyptus","Atherosperma"
"460","Eucalyptus delegatensis Dominant","Atherosperma moschatum Suppressed",0.758367764876201,-2.97568256932017,4.49241809907257,"NorthStyx","Eucalyptus","Atherosperma"
"461","Eucalyptus delegatensis Intermediate","Atherosperma moschatum Suppressed",-1.46463793808348,-5.4152922479284,2.48601637176144,"NorthStyx","Eucalyptus","Atherosperma"
"462","Eucalyptus delegatensis Suppressed","Atherosperma moschatum Suppressed",0.168372026299659,-0.506011450581538,0.842755503180856,"NorthStyx","Eucalyptus","Atherosperma"
"463","Eucalyptus regnans Co-dominant","Atherosperma moschatum Suppressed",-0.141076586647988,-0.57165157255839,0.289498399262415,"NorthStyx","Eucalyptus","Atherosperma"
"464","Eucalyptus regnans Dominant","Atherosperma moschatum Suppressed",-0.251754599001356,-1.07640558244414,0.572896384441429,"NorthStyx","Eucalyptus","Atherosperma"
"465","Eucalyptus regnans Intermediate","Atherosperma moschatum Suppressed",0.254478712786852,-0.545073288753142,1.05403071432685,"NorthStyx","Eucalyptus","Atherosperma"
"466","Eucalyptus regnans Suppressed","Atherosperma moschatum Suppressed",-0.244069272310364,-0.690192505201991,0.202053960581263,"NorthStyx","Eucalyptus","Atherosperma"
"467","Misc Suppressed","Atherosperma moschatum Suppressed",-0.410619181461767,-1.88566251437851,1.06442415145498,"NorthStyx","Misc","Atherosperma"
"468","Monotoca glauca Suppressed","Atherosperma moschatum Suppressed",-0.1070688862109,-1.11892162706754,0.904783854645735,"NorthStyx","Monotoca","Atherosperma"
"469","Nematolepis squamea Suppressed","Atherosperma moschatum Suppressed",-12.6189541017954,-43.3323031783338,18.094394974743,"NorthStyx","Nematolepis","Atherosperma"
"470","Nothofagus cunninghamii Suppressed","Atherosperma moschatum Suppressed",0.0585778545444725,-0.389141868710083,0.506297577799028,"NorthStyx","Nothofagus","Atherosperma"
"471","Phyllocladus aspleniifolius Suppressed","Atherosperma moschatum Suppressed",0.545021483606052,-0.222254533010157,1.31229750022226,"NorthStyx","Phyllocladus","Atherosperma"
"472","Atherosperma moschatum Suppressed","Eucalyptus delegatensis Co-dominant",-2.99995846732938,-11.5514635640742,5.55154662941543,"NorthStyx","Atherosperma","Eucalyptus"
"473","Eucalyptus delegatensis Co-dominant","Eucalyptus delegatensis Co-dominant",-2.77597342705847,-7.10211653130653,1.55016967718959,"NorthStyx","Eucalyptus","Eucalyptus"
"474","Eucalyptus delegatensis Dominant","Eucalyptus delegatensis Co-dominant",1.67499964042749,-5.94933286599454,9.29933214684952,"NorthStyx","Eucalyptus","Eucalyptus"
"475","Eucalyptus delegatensis Intermediate","Eucalyptus delegatensis Co-dominant",2.01869986801885,0.220967989208111,3.8164317468296,"NorthStyx","Eucalyptus","Eucalyptus"
"476","Eucalyptus delegatensis Suppressed","Eucalyptus delegatensis Co-dominant",-1.16494379900836,-2.42901040923443,0.0991228112176965,"NorthStyx","Eucalyptus","Eucalyptus"
"477","Eucalyptus regnans Co-dominant","Eucalyptus delegatensis Co-dominant",-0.370358133277857,-1.47405540318637,0.733339136630659,"NorthStyx","Eucalyptus","Eucalyptus"
"478","Eucalyptus regnans Dominant","Eucalyptus delegatensis Co-dominant",-1.41027340693328,-5.34320540408231,2.52265859021575,"NorthStyx","Eucalyptus","Eucalyptus"
"479","Eucalyptus regnans Intermediate","Eucalyptus delegatensis Co-dominant",0.676572577709611,-1.4061396452602,2.75928480067943,"NorthStyx","Eucalyptus","Eucalyptus"
"480","Eucalyptus regnans Suppressed","Eucalyptus delegatensis Co-dominant",-0.448126025796227,-2.06261854947023,1.16636649787777,"NorthStyx","Eucalyptus","Eucalyptus"
"481","Misc Suppressed","Eucalyptus delegatensis Co-dominant",-0.956034825486238,-4.61476850011275,2.70269884914028,"NorthStyx","Misc","Eucalyptus"
"482","Monotoca glauca Suppressed","Eucalyptus delegatensis Co-dominant",-0.3537956476898,-1.53329809888298,0.825706803503379,"NorthStyx","Monotoca","Eucalyptus"
"483","Nematolepis squamea Suppressed","Eucalyptus delegatensis Co-dominant",2.30294288652759,0.161161550853787,4.4447242222014,"NorthStyx","Nematolepis","Eucalyptus"
"484","Nothofagus cunninghamii Suppressed","Eucalyptus delegatensis Co-dominant",-0.699657695157405,-2.20673374364789,0.807418353333076,"NorthStyx","Nothofagus","Eucalyptus"
"485","Phyllocladus aspleniifolius Suppressed","Eucalyptus delegatensis Co-dominant",-0.172691703847576,-1.77525303992045,1.42986963222529,"NorthStyx","Phyllocladus","Eucalyptus"
"486","Atherosperma moschatum Suppressed","Eucalyptus delegatensis Dominant",0.758367764876201,-2.97568256932017,4.49241809907257,"NorthStyx","Atherosperma","Eucalyptus"
"487","Eucalyptus delegatensis Co-dominant","Eucalyptus delegatensis Dominant",1.67499964042749,-5.94933286599454,9.29933214684952,"NorthStyx","Eucalyptus","Eucalyptus"
"488","Eucalyptus delegatensis Dominant","Eucalyptus delegatensis Dominant",-18.521658137968,-53.5704425239762,16.5271262480402,"NorthStyx","Eucalyptus","Eucalyptus"
"489","Eucalyptus delegatensis Intermediate","Eucalyptus delegatensis Dominant",0.267292101390548,-3.95337184521646,4.48795604799755,"NorthStyx","Eucalyptus","Eucalyptus"
"490","Eucalyptus delegatensis Suppressed","Eucalyptus delegatensis Dominant",0.749986451405604,-1.287609330711,2.7875822335222,"NorthStyx","Eucalyptus","Eucalyptus"
"491","Eucalyptus regnans Co-dominant","Eucalyptus delegatensis Dominant",0.704307507508704,-0.227910486218484,1.63652550123589,"NorthStyx","Eucalyptus","Eucalyptus"
"492","Eucalyptus regnans Dominant","Eucalyptus delegatensis Dominant",3.78116652495366,0.463197950605594,7.09913509930172,"NorthStyx","Eucalyptus","Eucalyptus"
"493","Eucalyptus regnans Intermediate","Eucalyptus delegatensis Dominant",-1.16324239090523,-3.74535141102891,1.41886662921846,"NorthStyx","Eucalyptus","Eucalyptus"
"494","Eucalyptus regnans Suppressed","Eucalyptus delegatensis Dominant",0.823443598189463,-0.419381199997325,2.06626839637625,"NorthStyx","Eucalyptus","Eucalyptus"
"495","Misc Suppressed","Eucalyptus delegatensis Dominant",3.15199039698224,-0.910699206433391,7.21468000039788,"NorthStyx","Misc","Eucalyptus"
"496","Monotoca glauca Suppressed","Eucalyptus delegatensis Dominant",-0.658980593899582,-2.36554853264137,1.0475873448422,"NorthStyx","Monotoca","Eucalyptus"
"497","Nematolepis squamea Suppressed","Eucalyptus delegatensis Dominant",1.64728038976286,-2.91282151782348,6.2073822973492,"NorthStyx","Nematolepis","Eucalyptus"
"498","Nothofagus cunninghamii Suppressed","Eucalyptus delegatensis Dominant",-2.5329988040217,-5.87318112378492,0.807183515741515,"NorthStyx","Nothofagus","Eucalyptus"
"499","Phyllocladus aspleniifolius Suppressed","Eucalyptus delegatensis Dominant",1.27150220479836,-0.140300052391543,2.68330446198826,"NorthStyx","Phyllocladus","Eucalyptus"
"500","Atherosperma moschatum Suppressed","Eucalyptus delegatensis Intermediate",-1.46463793808348,-5.4152922479284,2.48601637176144,"NorthStyx","Atherosperma","Eucalyptus"
"501","Eucalyptus delegatensis Co-dominant","Eucalyptus delegatensis Intermediate",2.01869986801885,0.220967989208111,3.8164317468296,"NorthStyx","Eucalyptus","Eucalyptus"
"502","Eucalyptus delegatensis Dominant","Eucalyptus delegatensis Intermediate",0.267292101390548,-3.95337184521646,4.48795604799755,"NorthStyx","Eucalyptus","Eucalyptus"
"503","Eucalyptus delegatensis Intermediate","Eucalyptus delegatensis Intermediate",-1.17128093817652,-2.29755768774433,-0.0450041886087076,"NorthStyx","Eucalyptus","Eucalyptus"
"504","Eucalyptus delegatensis Suppressed","Eucalyptus delegatensis Intermediate",1.2686840890179,0.395728817259216,2.14163936077658,"NorthStyx","Eucalyptus","Eucalyptus"
"505","Eucalyptus regnans Co-dominant","Eucalyptus delegatensis Intermediate",-0.0499663709982659,-0.549661557915875,0.449728815919343,"NorthStyx","Eucalyptus","Eucalyptus"
"506","Eucalyptus regnans Dominant","Eucalyptus delegatensis Intermediate",1.15941889882241,-0.706139392166963,3.02497718981179,"NorthStyx","Eucalyptus","Eucalyptus"
"507","Eucalyptus regnans Intermediate","Eucalyptus delegatensis Intermediate",0.30093281917218,-1.08189363482061,1.68375927316497,"NorthStyx","Eucalyptus","Eucalyptus"
"508","Eucalyptus regnans Suppressed","Eucalyptus delegatensis Intermediate",-0.634049326167882,-1.36356203587826,0.0954633835424997,"NorthStyx","Eucalyptus","Eucalyptus"
"509","Misc Suppressed","Eucalyptus delegatensis Intermediate",0.812892810902326,-0.656555330947891,2.28234095275254,"NorthStyx","Misc","Eucalyptus"
"510","Monotoca glauca Suppressed","Eucalyptus delegatensis Intermediate",0.780391714488183,0.0772486210419755,1.48353480793439,"NorthStyx","Monotoca","Eucalyptus"
"511","Nematolepis squamea Suppressed","Eucalyptus delegatensis Intermediate",-2.66487197641645,-4.40730069694557,-0.922443255887324,"NorthStyx","Nematolepis","Eucalyptus"
"512","Nothofagus cunninghamii Suppressed","Eucalyptus delegatensis Intermediate",0.15725772567367,-0.517806340078897,0.832321791426237,"NorthStyx","Nothofagus","Eucalyptus"
"513","Phyllocladus aspleniifolius Suppressed","Eucalyptus delegatensis Intermediate",-0.0452128004210253,-0.918310214404593,0.827884613562543,"NorthStyx","Phyllocladus","Eucalyptus"
"514","Atherosperma moschatum Suppressed","Eucalyptus delegatensis Suppressed",0.168372026299659,-0.506011450581538,0.842755503180856,"NorthStyx","Atherosperma","Eucalyptus"
"515","Eucalyptus delegatensis Co-dominant","Eucalyptus delegatensis Suppressed",-1.16494379900836,-2.42901040923443,0.0991228112176965,"NorthStyx","Eucalyptus","Eucalyptus"
"516","Eucalyptus delegatensis Dominant","Eucalyptus delegatensis Suppressed",0.749986451405604,-1.287609330711,2.7875822335222,"NorthStyx","Eucalyptus","Eucalyptus"
"517","Eucalyptus delegatensis Intermediate","Eucalyptus delegatensis Suppressed",1.2686840890179,0.395728817259216,2.14163936077658,"NorthStyx","Eucalyptus","Eucalyptus"
"518","Eucalyptus delegatensis Suppressed","Eucalyptus delegatensis Suppressed",-0.568724595585888,-1.42818266758652,0.290733476414748,"NorthStyx","Eucalyptus","Eucalyptus"
"519","Eucalyptus regnans Co-dominant","Eucalyptus delegatensis Suppressed",0.122868172319679,-0.195593660336765,0.441330004976123,"NorthStyx","Eucalyptus","Eucalyptus"
"520","Eucalyptus regnans Dominant","Eucalyptus delegatensis Suppressed",-1.42174290625024,-2.77432207855125,-0.0691637339492297,"NorthStyx","Eucalyptus","Eucalyptus"
"521","Eucalyptus regnans Intermediate","Eucalyptus delegatensis Suppressed",-0.255905514118502,-1.03055926511814,0.518748236881139,"NorthStyx","Eucalyptus","Eucalyptus"
"522","Eucalyptus regnans Suppressed","Eucalyptus delegatensis Suppressed",0.217371838098474,-0.186552980042844,0.621296656239792,"NorthStyx","Eucalyptus","Eucalyptus"
"523","Misc Suppressed","Eucalyptus delegatensis Suppressed",-0.401117712337072,-1.38152495422166,0.579289529547518,"NorthStyx","Misc","Eucalyptus"
"524","Monotoca glauca Suppressed","Eucalyptus delegatensis Suppressed",-0.3302507458346,-0.808492558779375,0.147991067110174,"NorthStyx","Monotoca","Eucalyptus"
"525","Nematolepis squamea Suppressed","Eucalyptus delegatensis Suppressed",1.40994003536822,0.390275369959194,2.42960470077724,"NorthStyx","Nematolepis","Eucalyptus"
"526","Nothofagus cunninghamii Suppressed","Eucalyptus delegatensis Suppressed",0.105188812761505,-0.336952559016556,0.547330184539565,"NorthStyx","Nothofagus","Eucalyptus"
"527","Phyllocladus aspleniifolius Suppressed","Eucalyptus delegatensis Suppressed",0.290765451713612,-0.152606430199337,0.73413733362656,"NorthStyx","Phyllocladus","Eucalyptus"
"528","Atherosperma moschatum Suppressed","Eucalyptus regnans Co-dominant",-0.141076586647988,-0.57165157255839,0.289498399262415,"NorthStyx","Atherosperma","Eucalyptus"
"529","Eucalyptus delegatensis Co-dominant","Eucalyptus regnans Co-dominant",-0.370358133277857,-1.47405540318637,0.733339136630659,"NorthStyx","Eucalyptus","Eucalyptus"
"530","Eucalyptus delegatensis Dominant","Eucalyptus regnans Co-dominant",0.704307507508704,-0.227910486218484,1.63652550123589,"NorthStyx","Eucalyptus","Eucalyptus"
"531","Eucalyptus delegatensis Intermediate","Eucalyptus regnans Co-dominant",-0.0499663709982659,-0.549661557915875,0.449728815919343,"NorthStyx","Eucalyptus","Eucalyptus"
"532","Eucalyptus delegatensis Suppressed","Eucalyptus regnans Co-dominant",0.122868172319679,-0.195593660336765,0.441330004976123,"NorthStyx","Eucalyptus","Eucalyptus"
"533","Eucalyptus regnans Co-dominant","Eucalyptus regnans Co-dominant",0.0577394921505992,-0.161964372188991,0.27744335649019,"NorthStyx","Eucalyptus","Eucalyptus"
"534","Eucalyptus regnans Dominant","Eucalyptus regnans Co-dominant",-0.116636038412353,-0.658919298650878,0.425647221826172,"NorthStyx","Eucalyptus","Eucalyptus"
"535","Eucalyptus regnans Intermediate","Eucalyptus regnans Co-dominant",0.118009061185685,-0.189837977550482,0.425856099921852,"NorthStyx","Eucalyptus","Eucalyptus"
"536","Eucalyptus regnans Suppressed","Eucalyptus regnans Co-dominant",-0.00196416690348403,-0.165343645089571,0.161415311282603,"NorthStyx","Eucalyptus","Eucalyptus"
"537","Misc Suppressed","Eucalyptus regnans Co-dominant",-0.0643116317024227,-0.744560613490883,0.615937350086038,"NorthStyx","Misc","Eucalyptus"
"538","Monotoca glauca Suppressed","Eucalyptus regnans Co-dominant",0.0161717706752799,-0.222867835795232,0.255211377145792,"NorthStyx","Monotoca","Eucalyptus"
"539","Nematolepis squamea Suppressed","Eucalyptus regnans Co-dominant",-0.0245876511220027,-0.75756284716575,0.708387544921745,"NorthStyx","Nematolepis","Eucalyptus"
"540","Nothofagus cunninghamii Suppressed","Eucalyptus regnans Co-dominant",-0.0390064842189386,-0.237045294505997,0.159032326068119,"NorthStyx","Nothofagus","Eucalyptus"
"541","Phyllocladus aspleniifolius Suppressed","Eucalyptus regnans Co-dominant",-0.141679698359331,-0.415632757045811,0.13227336032715,"NorthStyx","Phyllocladus","Eucalyptus"
"542","Atherosperma moschatum Suppressed","Eucalyptus regnans Dominant",-0.251754599001356,-1.07640558244414,0.572896384441429,"NorthStyx","Atherosperma","Eucalyptus"
"543","Eucalyptus delegatensis Co-dominant","Eucalyptus regnans Dominant",-1.41027340693328,-5.34320540408231,2.52265859021575,"NorthStyx","Eucalyptus","Eucalyptus"
"544","Eucalyptus delegatensis Dominant","Eucalyptus regnans Dominant",3.78116652495366,0.463197950605594,7.09913509930172,"NorthStyx","Eucalyptus","Eucalyptus"
"545","Eucalyptus delegatensis Intermediate","Eucalyptus regnans Dominant",1.15941889882241,-0.706139392166963,3.02497718981179,"NorthStyx","Eucalyptus","Eucalyptus"
"546","Eucalyptus delegatensis Suppressed","Eucalyptus regnans Dominant",-1.42174290625024,-2.77432207855125,-0.0691637339492297,"NorthStyx","Eucalyptus","Eucalyptus"
"547","Eucalyptus regnans Co-dominant","Eucalyptus regnans Dominant",-0.116636038412353,-0.658919298650878,0.425647221826172,"NorthStyx","Eucalyptus","Eucalyptus"
"548","Eucalyptus regnans Dominant","Eucalyptus regnans Dominant",-2.6976805666698,-4.63063934874245,-0.764721784597136,"NorthStyx","Eucalyptus","Eucalyptus"
"549","Eucalyptus regnans Intermediate","Eucalyptus regnans Dominant",-0.0538341020826766,-1.2194591314531,1.11179092728775,"NorthStyx","Eucalyptus","Eucalyptus"
"550","Eucalyptus regnans Suppressed","Eucalyptus regnans Dominant",0.193301661764011,-0.383375304555656,0.769978628083679,"NorthStyx","Eucalyptus","Eucalyptus"
"551","Misc Suppressed","Eucalyptus regnans Dominant",-0.782626209221025,-2.29036021837638,0.725107799934328,"NorthStyx","Misc","Eucalyptus"
"552","Monotoca glauca Suppressed","Eucalyptus regnans Dominant",-0.174266573794945,-1.03514880121837,0.68661565362848,"NorthStyx","Monotoca","Eucalyptus"
"553","Nematolepis squamea Suppressed","Eucalyptus regnans Dominant",1.29595705705536,-0.982712115386382,3.5746262294971,"NorthStyx","Nematolepis","Eucalyptus"
"554","Nothofagus cunninghamii Suppressed","Eucalyptus regnans Dominant",0.205224945534331,-0.421541162052637,0.831991053121298,"NorthStyx","Nothofagus","Eucalyptus"
"555","Phyllocladus aspleniifolius Suppressed","Eucalyptus regnans Dominant",-0.448451494488962,-1.52127786006456,0.624374871086639,"NorthStyx","Phyllocladus","Eucalyptus"
"556","Atherosperma moschatum Suppressed","Eucalyptus regnans Intermediate",0.254478712786852,-0.545073288753142,1.05403071432685,"NorthStyx","Atherosperma","Eucalyptus"
"557","Eucalyptus delegatensis Co-dominant","Eucalyptus regnans Intermediate",0.676572577709611,-1.4061396452602,2.75928480067943,"NorthStyx","Eucalyptus","Eucalyptus"
"558","Eucalyptus delegatensis Dominant","Eucalyptus regnans Intermediate",-1.16324239090523,-3.74535141102891,1.41886662921846,"NorthStyx","Eucalyptus","Eucalyptus"
"559","Eucalyptus delegatensis Intermediate","Eucalyptus regnans Intermediate",0.30093281917218,-1.08189363482061,1.68375927316497,"NorthStyx","Eucalyptus","Eucalyptus"
"560","Eucalyptus delegatensis Suppressed","Eucalyptus regnans Intermediate",-0.255905514118502,-1.03055926511814,0.518748236881139,"NorthStyx","Eucalyptus","Eucalyptus"
"561","Eucalyptus regnans Co-dominant","Eucalyptus regnans Intermediate",0.118009061185685,-0.189837977550482,0.425856099921852,"NorthStyx","Eucalyptus","Eucalyptus"
"562","Eucalyptus regnans Dominant","Eucalyptus regnans Intermediate",-0.0538341020826766,-1.2194591314531,1.11179092728775,"NorthStyx","Eucalyptus","Eucalyptus"
"563","Eucalyptus regnans Intermediate","Eucalyptus regnans Intermediate",-0.790098137972593,-2.44190145106038,0.861705175115193,"NorthStyx","Eucalyptus","Eucalyptus"
"564","Eucalyptus regnans Suppressed","Eucalyptus regnans Intermediate",0.643379693774781,0.183044017478635,1.10371537007093,"NorthStyx","Eucalyptus","Eucalyptus"
"565","Misc Suppressed","Eucalyptus regnans Intermediate",-0.668081808147157,-2.56857681710899,1.23241320081467,"NorthStyx","Misc","Eucalyptus"
"566","Monotoca glauca Suppressed","Eucalyptus regnans Intermediate",-0.507796246363566,-0.984322224347858,-0.0312702683792742,"NorthStyx","Monotoca","Eucalyptus"
"567","Nematolepis squamea Suppressed","Eucalyptus regnans Intermediate",1.03280110946277,-0.296341123378329,2.36194334230387,"NorthStyx","Nematolepis","Eucalyptus"
"568","Nothofagus cunninghamii Suppressed","Eucalyptus regnans Intermediate",-0.221371838409496,-0.786575123732596,0.343831446913605,"NorthStyx","Nothofagus","Eucalyptus"
"569","Phyllocladus aspleniifolius Suppressed","Eucalyptus regnans Intermediate",0.115555223788094,-0.487988156013684,0.719098603589871,"NorthStyx","Phyllocladus","Eucalyptus"
"570","Atherosperma moschatum Suppressed","Eucalyptus regnans Suppressed",-0.244069272310364,-0.690192505201991,0.202053960581263,"NorthStyx","Atherosperma","Eucalyptus"
"571","Eucalyptus delegatensis Co-dominant","Eucalyptus regnans Suppressed",-0.448126025796227,-2.06261854947023,1.16636649787777,"NorthStyx","Eucalyptus","Eucalyptus"
"572","Eucalyptus delegatensis Dominant","Eucalyptus regnans Suppressed",0.823443598189463,-0.419381199997325,2.06626839637625,"NorthStyx","Eucalyptus","Eucalyptus"
"573","Eucalyptus delegatensis Intermediate","Eucalyptus regnans Suppressed",-0.634049326167882,-1.36356203587826,0.0954633835424997,"NorthStyx","Eucalyptus","Eucalyptus"
"574","Eucalyptus delegatensis Suppressed","Eucalyptus regnans Suppressed",0.217371838098474,-0.186552980042844,0.621296656239792,"NorthStyx","Eucalyptus","Eucalyptus"
"575","Eucalyptus regnans Co-dominant","Eucalyptus regnans Suppressed",-0.00196416690348403,-0.165343645089571,0.161415311282603,"NorthStyx","Eucalyptus","Eucalyptus"
"576","Eucalyptus regnans Dominant","Eucalyptus regnans Suppressed",0.193301661764011,-0.383375304555656,0.769978628083679,"NorthStyx","Eucalyptus","Eucalyptus"
"577","Eucalyptus regnans Intermediate","Eucalyptus regnans Suppressed",0.643379693774781,0.183044017478635,1.10371537007093,"NorthStyx","Eucalyptus","Eucalyptus"
"578","Eucalyptus regnans Suppressed","Eucalyptus regnans Suppressed",-0.0585258401408562,-0.333181134662124,0.216129454380412,"NorthStyx","Eucalyptus","Eucalyptus"
"579","Misc Suppressed","Eucalyptus regnans Suppressed",0.295894408981258,-0.485694781974562,1.07748359993708,"NorthStyx","Misc","Eucalyptus"
"580","Monotoca glauca Suppressed","Eucalyptus regnans Suppressed",0.382603495832669,0.103971517466343,0.661235474198995,"NorthStyx","Monotoca","Eucalyptus"
"581","Nematolepis squamea Suppressed","Eucalyptus regnans Suppressed",-0.561659485629736,-1.547995929263,0.424676958003529,"NorthStyx","Nematolepis","Eucalyptus"
"582","Nothofagus cunninghamii Suppressed","Eucalyptus regnans Suppressed",0.0864096692752082,-0.159275130875463,0.33209446942588,"NorthStyx","Nothofagus","Eucalyptus"
"583","Phyllocladus aspleniifolius Suppressed","Eucalyptus regnans Suppressed",0.0583588715786592,-0.191231253778144,0.307948996935462,"NorthStyx","Phyllocladus","Eucalyptus"
"584","Atherosperma moschatum Suppressed","Misc Suppressed",-0.410619181461767,-1.88566251437851,1.06442415145498,"NorthStyx","Atherosperma","Misc"
"585","Eucalyptus delegatensis Co-dominant","Misc Suppressed",-0.956034825486238,-4.61476850011275,2.70269884914028,"NorthStyx","Eucalyptus","Misc"
"586","Eucalyptus delegatensis Dominant","Misc Suppressed",3.15199039698224,-0.910699206433391,7.21468000039788,"NorthStyx","Eucalyptus","Misc"
"587","Eucalyptus delegatensis Intermediate","Misc Suppressed",0.812892810902326,-0.656555330947891,2.28234095275254,"NorthStyx","Eucalyptus","Misc"
"588","Eucalyptus delegatensis Suppressed","Misc Suppressed",-0.401117712337072,-1.38152495422166,0.579289529547518,"NorthStyx","Eucalyptus","Misc"
"589","Eucalyptus regnans Co-dominant","Misc Suppressed",-0.0643116317024227,-0.744560613490883,0.615937350086038,"NorthStyx","Eucalyptus","Misc"
"590","Eucalyptus regnans Dominant","Misc Suppressed",-0.782626209221025,-2.29036021837638,0.725107799934328,"NorthStyx","Eucalyptus","Misc"
"591","Eucalyptus regnans Intermediate","Misc Suppressed",-0.668081808147157,-2.56857681710899,1.23241320081467,"NorthStyx","Eucalyptus","Misc"
"592","Eucalyptus regnans Suppressed","Misc Suppressed",0.295894408981258,-0.485694781974562,1.07748359993708,"NorthStyx","Eucalyptus","Misc"
"593","Misc Suppressed","Misc Suppressed",-1.64004644458999,-4.99527614493953,1.71518325575956,"NorthStyx","Misc","Misc"
"594","Monotoca glauca Suppressed","Misc Suppressed",0.243856560871471,-0.780969825916673,1.26868294765961,"NorthStyx","Monotoca","Misc"
"595","Nematolepis squamea Suppressed","Misc Suppressed",0.486596210228441,-1.87283035980025,2.84602278025713,"NorthStyx","Nematolepis","Misc"
"596","Nothofagus cunninghamii Suppressed","Misc Suppressed",0.225204068012446,-0.393668608882019,0.84407674490691,"NorthStyx","Nothofagus","Misc"
"597","Phyllocladus aspleniifolius Suppressed","Misc Suppressed",-2.89501855978012,-7.91999551860834,2.1299583990481,"NorthStyx","Phyllocladus","Misc"
"598","Atherosperma moschatum Suppressed","Monotoca glauca Suppressed",-0.1070688862109,-1.11892162706754,0.904783854645735,"NorthStyx","Atherosperma","Monotoca"
"599","Eucalyptus delegatensis Co-dominant","Monotoca glauca Suppressed",-0.3537956476898,-1.53329809888298,0.825706803503379,"NorthStyx","Eucalyptus","Monotoca"
"600","Eucalyptus delegatensis Dominant","Monotoca glauca Suppressed",-0.658980593899582,-2.36554853264137,1.0475873448422,"NorthStyx","Eucalyptus","Monotoca"
"601","Eucalyptus delegatensis Intermediate","Monotoca glauca Suppressed",0.780391714488183,0.0772486210419755,1.48353480793439,"NorthStyx","Eucalyptus","Monotoca"
"602","Eucalyptus delegatensis Suppressed","Monotoca glauca Suppressed",-0.3302507458346,-0.808492558779375,0.147991067110174,"NorthStyx","Eucalyptus","Monotoca"
"603","Eucalyptus regnans Co-dominant","Monotoca glauca Suppressed",0.0161717706752799,-0.222867835795232,0.255211377145792,"NorthStyx","Eucalyptus","Monotoca"
"604","Eucalyptus regnans Dominant","Monotoca glauca Suppressed",-0.174266573794945,-1.03514880121837,0.68661565362848,"NorthStyx","Eucalyptus","Monotoca"
"605","Eucalyptus regnans Intermediate","Monotoca glauca Suppressed",-0.507796246363566,-0.984322224347858,-0.0312702683792742,"NorthStyx","Eucalyptus","Monotoca"
"606","Eucalyptus regnans Suppressed","Monotoca glauca Suppressed",0.382603495832669,0.103971517466343,0.661235474198995,"NorthStyx","Eucalyptus","Monotoca"
"607","Misc Suppressed","Monotoca glauca Suppressed",0.243856560871471,-0.780969825916673,1.26868294765961,"NorthStyx","Misc","Monotoca"
"608","Monotoca glauca Suppressed","Monotoca glauca Suppressed",0.113853279300991,-0.240072378285252,0.467778936887234,"NorthStyx","Monotoca","Monotoca"
"609","Nematolepis squamea Suppressed","Monotoca glauca Suppressed",0.944039107705179,0.229462588778471,1.65861562663189,"NorthStyx","Nematolepis","Monotoca"
"610","Nothofagus cunninghamii Suppressed","Monotoca glauca Suppressed",0.0578729769901363,-0.321944092944577,0.43769004692485,"NorthStyx","Nothofagus","Monotoca"
"611","Phyllocladus aspleniifolius Suppressed","Monotoca glauca Suppressed",0.253135352301689,-0.0744907253313778,0.580761429934755,"NorthStyx","Phyllocladus","Monotoca"
"612","Atherosperma moschatum Suppressed","Nematolepis squamea Suppressed",-12.6189541017954,-43.3323031783338,18.094394974743,"NorthStyx","Atherosperma","Nematolepis"
"613","Eucalyptus delegatensis Co-dominant","Nematolepis squamea Suppressed",2.30294288652759,0.161161550853787,4.4447242222014,"NorthStyx","Eucalyptus","Nematolepis"
"614","Eucalyptus delegatensis Dominant","Nematolepis squamea Suppressed",1.64728038976286,-2.91282151782348,6.2073822973492,"NorthStyx","Eucalyptus","Nematolepis"
"615","Eucalyptus delegatensis Intermediate","Nematolepis squamea Suppressed",-2.66487197641645,-4.40730069694557,-0.922443255887324,"NorthStyx","Eucalyptus","Nematolepis"
"616","Eucalyptus delegatensis Suppressed","Nematolepis squamea Suppressed",1.40994003536822,0.390275369959194,2.42960470077724,"NorthStyx","Eucalyptus","Nematolepis"
"617","Eucalyptus regnans Co-dominant","Nematolepis squamea Suppressed",-0.0245876511220027,-0.75756284716575,0.708387544921745,"NorthStyx","Eucalyptus","Nematolepis"
"618","Eucalyptus regnans Dominant","Nematolepis squamea Suppressed",1.29595705705536,-0.982712115386382,3.5746262294971,"NorthStyx","Eucalyptus","Nematolepis"
"619","Eucalyptus regnans Intermediate","Nematolepis squamea Suppressed",1.03280110946277,-0.296341123378329,2.36194334230387,"NorthStyx","Eucalyptus","Nematolepis"
"620","Eucalyptus regnans Suppressed","Nematolepis squamea Suppressed",-0.561659485629736,-1.547995929263,0.424676958003529,"NorthStyx","Eucalyptus","Nematolepis"
"621","Misc Suppressed","Nematolepis squamea Suppressed",0.486596210228441,-1.87283035980025,2.84602278025713,"NorthStyx","Misc","Nematolepis"
"622","Monotoca glauca Suppressed","Nematolepis squamea Suppressed",0.944039107705179,0.229462588778471,1.65861562663189,"NorthStyx","Monotoca","Nematolepis"
"623","Nematolepis squamea Suppressed","Nematolepis squamea Suppressed",-2.70501276446912,-5.25913892368082,-0.15088660525743,"NorthStyx","Nematolepis","Nematolepis"
"624","Nothofagus cunninghamii Suppressed","Nematolepis squamea Suppressed",0.41908550955431,-0.520657475566693,1.35882849467531,"NorthStyx","Nothofagus","Nematolepis"
"625","Phyllocladus aspleniifolius Suppressed","Nematolepis squamea Suppressed",-0.790980958138626,-1.79483360005782,0.212871683780572,"NorthStyx","Phyllocladus","Nematolepis"
"626","Atherosperma moschatum Suppressed","Nothofagus cunninghamii Suppressed",0.0585778545444725,-0.389141868710083,0.506297577799028,"NorthStyx","Atherosperma","Nothofagus"
"627","Eucalyptus delegatensis Co-dominant","Nothofagus cunninghamii Suppressed",-0.699657695157405,-2.20673374364789,0.807418353333076,"NorthStyx","Eucalyptus","Nothofagus"
"628","Eucalyptus delegatensis Dominant","Nothofagus cunninghamii Suppressed",-2.5329988040217,-5.87318112378492,0.807183515741515,"NorthStyx","Eucalyptus","Nothofagus"
"629","Eucalyptus delegatensis Intermediate","Nothofagus cunninghamii Suppressed",0.15725772567367,-0.517806340078897,0.832321791426237,"NorthStyx","Eucalyptus","Nothofagus"
"630","Eucalyptus delegatensis Suppressed","Nothofagus cunninghamii Suppressed",0.105188812761505,-0.336952559016556,0.547330184539565,"NorthStyx","Eucalyptus","Nothofagus"
"631","Eucalyptus regnans Co-dominant","Nothofagus cunninghamii Suppressed",-0.0390064842189386,-0.237045294505997,0.159032326068119,"NorthStyx","Eucalyptus","Nothofagus"
"632","Eucalyptus regnans Dominant","Nothofagus cunninghamii Suppressed",0.205224945534331,-0.421541162052637,0.831991053121298,"NorthStyx","Eucalyptus","Nothofagus"
"633","Eucalyptus regnans Intermediate","Nothofagus cunninghamii Suppressed",-0.221371838409496,-0.786575123732596,0.343831446913605,"NorthStyx","Eucalyptus","Nothofagus"
"634","Eucalyptus regnans Suppressed","Nothofagus cunninghamii Suppressed",0.0864096692752082,-0.159275130875463,0.33209446942588,"NorthStyx","Eucalyptus","Nothofagus"
"635","Misc Suppressed","Nothofagus cunninghamii Suppressed",0.225204068012446,-0.393668608882019,0.84407674490691,"NorthStyx","Misc","Nothofagus"
"636","Monotoca glauca Suppressed","Nothofagus cunninghamii Suppressed",0.0578729769901363,-0.321944092944577,0.43769004692485,"NorthStyx","Monotoca","Nothofagus"
"637","Nematolepis squamea Suppressed","Nothofagus cunninghamii Suppressed",0.41908550955431,-0.520657475566693,1.35882849467531,"NorthStyx","Nematolepis","Nothofagus"
"638","Nothofagus cunninghamii Suppressed","Nothofagus cunninghamii Suppressed",0.131223697829894,-0.298772508623615,0.561219904283404,"NorthStyx","Nothofagus","Nothofagus"
"639","Phyllocladus aspleniifolius Suppressed","Nothofagus cunninghamii Suppressed",-0.0561947681204849,-0.594726106753699,0.482336570512729,"NorthStyx","Phyllocladus","Nothofagus"
"640","Atherosperma moschatum Suppressed","Phyllocladus aspleniifolius Suppressed",0.545021483606052,-0.222254533010157,1.31229750022226,"NorthStyx","Atherosperma","Phyllocladus"
"641","Eucalyptus delegatensis Co-dominant","Phyllocladus aspleniifolius Suppressed",-0.172691703847576,-1.77525303992045,1.42986963222529,"NorthStyx","Eucalyptus","Phyllocladus"
"642","Eucalyptus delegatensis Dominant","Phyllocladus aspleniifolius Suppressed",1.27150220479836,-0.140300052391543,2.68330446198826,"NorthStyx","Eucalyptus","Phyllocladus"
"643","Eucalyptus delegatensis Intermediate","Phyllocladus aspleniifolius Suppressed",-0.0452128004210253,-0.918310214404593,0.827884613562543,"NorthStyx","Eucalyptus","Phyllocladus"
"644","Eucalyptus delegatensis Suppressed","Phyllocladus aspleniifolius Suppressed",0.290765451713612,-0.152606430199337,0.73413733362656,"NorthStyx","Eucalyptus","Phyllocladus"
"645","Eucalyptus regnans Co-dominant","Phyllocladus aspleniifolius Suppressed",-0.141679698359331,-0.415632757045811,0.13227336032715,"NorthStyx","Eucalyptus","Phyllocladus"
"646","Eucalyptus regnans Dominant","Phyllocladus aspleniifolius Suppressed",-0.448451494488962,-1.52127786006456,0.624374871086639,"NorthStyx","Eucalyptus","Phyllocladus"
"647","Eucalyptus regnans Intermediate","Phyllocladus aspleniifolius Suppressed",0.115555223788094,-0.487988156013684,0.719098603589871,"NorthStyx","Eucalyptus","Phyllocladus"
"648","Eucalyptus regnans Suppressed","Phyllocladus aspleniifolius Suppressed",0.0583588715786592,-0.191231253778144,0.307948996935462,"NorthStyx","Eucalyptus","Phyllocladus"
"649","Misc Suppressed","Phyllocladus aspleniifolius Suppressed",-2.89501855978012,-7.91999551860834,2.1299583990481,"NorthStyx","Misc","Phyllocladus"
"650","Monotoca glauca Suppressed","Phyllocladus aspleniifolius Suppressed",0.253135352301689,-0.0744907253313778,0.580761429934755,"NorthStyx","Monotoca","Phyllocladus"
"651","Nematolepis squamea Suppressed","Phyllocladus aspleniifolius Suppressed",-0.790980958138626,-1.79483360005782,0.212871683780572,"NorthStyx","Nematolepis","Phyllocladus"
"652","Nothofagus cunninghamii Suppressed","Phyllocladus aspleniifolius Suppressed",-0.0561947681204849,-0.594726106753699,0.482336570512729,"NorthStyx","Nothofagus","Phyllocladus"
"653","Phyllocladus aspleniifolius Suppressed","Phyllocladus aspleniifolius Suppressed",0.173397692700887,-0.293030897891411,0.639826283293185,"NorthStyx","Phyllocladus","Phyllocladus"
"654","Acacia melanoxylon Co-dominant","Acacia melanoxylon Co-dominant",0.484238015893512,0.244018653966753,0.724457377820271,"Weld","Acacia","Acacia"
"655","Acacia melanoxylon Intermediate","Acacia melanoxylon Co-dominant",0.0282857481452249,-0.627744684638346,0.684316180928796,"Weld","Acacia","Acacia"
"656","Acacia melanoxylon Suppressed","Acacia melanoxylon Co-dominant",0.112864695838214,-0.0231795411380327,0.24890893281446,"Weld","Acacia","Acacia"
"657","Eucalyptus obliqua C/I","Acacia melanoxylon Co-dominant",-0.347609077753757,-1.30192533257574,0.606707177068228,"Weld","Eucalyptus","Acacia"
"658","Eucalyptus obliqua Suppressed","Acacia melanoxylon Co-dominant",-0.540038728818102,-2.27169004008402,1.19161258244781,"Weld","Eucalyptus","Acacia"
"659","Eucalyptus regnans C/I","Acacia melanoxylon Co-dominant",-0.149508054494917,-0.490862253405678,0.191846144415845,"Weld","Eucalyptus","Acacia"
"660","Eucalyptus regnans Dominant","Acacia melanoxylon Co-dominant",-0.393907634537648,-1.28971208581146,0.501896816736166,"Weld","Eucalyptus","Acacia"
"661","Eucalyptus regnans Suppressed","Acacia melanoxylon Co-dominant",0.424219290815511,-0.649909438050501,1.49834801968152,"Weld","Eucalyptus","Acacia"
"662","Misc Suppressed","Acacia melanoxylon Co-dominant",0.032029364955623,-1.54967312831545,1.6137318582267,"Weld","Misc","Acacia"
"663","Pomaderris apetala Suppressed","Acacia melanoxylon Co-dominant",-0.0713029190915338,-0.280283481558411,0.137677643375343,"Weld","Pomaderris","Acacia"
"664","Acacia melanoxylon Co-dominant","Acacia melanoxylon Intermediate",0.0282857481452249,-0.627744684638346,0.684316180928796,"Weld","Acacia","Acacia"
"665","Acacia melanoxylon Intermediate","Acacia melanoxylon Intermediate",-2.76541606039608,-6.17263472822373,0.641802607431568,"Weld","Acacia","Acacia"
"666","Acacia melanoxylon Suppressed","Acacia melanoxylon Intermediate",0.166214856114798,-0.436355082253186,0.768784794482782,"Weld","Acacia","Acacia"
"667","Eucalyptus obliqua C/I","Acacia melanoxylon Intermediate",0.00995968460325884,-2.16565326787395,2.18557263708047,"Weld","Eucalyptus","Acacia"
"668","Eucalyptus obliqua Suppressed","Acacia melanoxylon Intermediate",0.711400536562444,-0.997621251264254,2.42042232438914,"Weld","Eucalyptus","Acacia"
"669","Eucalyptus regnans C/I","Acacia melanoxylon Intermediate",0.197416532797253,-0.474961326984233,0.869794392578739,"Weld","Eucalyptus","Acacia"
"670","Eucalyptus regnans Dominant","Acacia melanoxylon Intermediate",0.499899749177037,-2.06009526484586,3.05989476319993,"Weld","Eucalyptus","Acacia"
"671","Eucalyptus regnans Suppressed","Acacia melanoxylon Intermediate",-2.00953306809861,-4.54154033065694,0.522474194459731,"Weld","Eucalyptus","Acacia"
"672","Misc Suppressed","Acacia melanoxylon Intermediate",-0.392989620947686,-2.29972184063764,1.51374259874227,"Weld","Misc","Acacia"
"673","Pomaderris apetala Suppressed","Acacia melanoxylon Intermediate",-1.86704002618206,NA,NA,"Weld","Pomaderris","Acacia"
"674","Acacia melanoxylon Co-dominant","Acacia melanoxylon Suppressed",0.112864695838214,-0.0231795411380327,0.24890893281446,"Weld","Acacia","Acacia"
"675","Acacia melanoxylon Intermediate","Acacia melanoxylon Suppressed",0.166214856114798,-0.436355082253186,0.768784794482782,"Weld","Acacia","Acacia"
"676","Acacia melanoxylon Suppressed","Acacia melanoxylon Suppressed",0.0746626270707463,-0.213823001704021,0.363148255845514,"Weld","Acacia","Acacia"
"677","Eucalyptus obliqua C/I","Acacia melanoxylon Suppressed",0.47618661713035,-0.250714507081256,1.20308774134196,"Weld","Eucalyptus","Acacia"
"678","Eucalyptus obliqua Suppressed","Acacia melanoxylon Suppressed",0.0161541210052912,-0.607978849501209,0.640287091511791,"Weld","Eucalyptus","Acacia"
"679","Eucalyptus regnans C/I","Acacia melanoxylon Suppressed",0.107847026405511,-0.163680259802166,0.379374312613189,"Weld","Eucalyptus","Acacia"
"680","Eucalyptus regnans Dominant","Acacia melanoxylon Suppressed",0.439817364993213,-0.195061725092903,1.07469645507933,"Weld","Eucalyptus","Acacia"
"681","Eucalyptus regnans Suppressed","Acacia melanoxylon Suppressed",-0.359784380031527,-1.44629387848611,0.726725118423059,"Weld","Eucalyptus","Acacia"
"682","Misc Suppressed","Acacia melanoxylon Suppressed",-0.351177566119307,-1.12236444479805,0.420009312559439,"Weld","Misc","Acacia"
"683","Pomaderris apetala Suppressed","Acacia melanoxylon Suppressed",-0.141682626897597,-0.363581850415232,0.0802165966200389,"Weld","Pomaderris","Acacia"
"684","Acacia melanoxylon Co-dominant","Eucalyptus obliqua C/I",-0.347609077753757,-1.30192533257574,0.606707177068228,"Weld","Acacia","Eucalyptus"
"685","Acacia melanoxylon Intermediate","Eucalyptus obliqua C/I",0.00995968460325884,-2.16565326787395,2.18557263708047,"Weld","Acacia","Eucalyptus"
"686","Acacia melanoxylon Suppressed","Eucalyptus obliqua C/I",0.47618661713035,-0.250714507081256,1.20308774134196,"Weld","Acacia","Eucalyptus"
"687","Eucalyptus obliqua C/I","Eucalyptus obliqua C/I",-1.76647275152704,-4.48791586830703,0.954970365252943,"Weld","Eucalyptus","Eucalyptus"
"688","Eucalyptus obliqua Suppressed","Eucalyptus obliqua C/I",-0.927160752727578,-2.49826137893423,0.643939873479079,"Weld","Eucalyptus","Eucalyptus"
"689","Eucalyptus regnans C/I","Eucalyptus obliqua C/I",0.28768580253215,-0.312804170491556,0.888175775555856,"Weld","Eucalyptus","Eucalyptus"
"690","Eucalyptus regnans Dominant","Eucalyptus obliqua C/I",-1.67140160958318,-5.22554096191454,1.88273774274818,"Weld","Eucalyptus","Eucalyptus"
"691","Eucalyptus regnans Suppressed","Eucalyptus obliqua C/I",1.11037548723932,-0.770271304613263,2.99102227909191,"Weld","Eucalyptus","Eucalyptus"
"692","Misc Suppressed","Eucalyptus obliqua C/I",1.5352921713546,-0.425624439443536,3.49620878215274,"Weld","Misc","Eucalyptus"
"693","Pomaderris apetala Suppressed","Eucalyptus obliqua C/I",0.643549041728237,-0.122825889646508,1.40992397310298,"Weld","Pomaderris","Eucalyptus"
"694","Acacia melanoxylon Co-dominant","Eucalyptus obliqua Suppressed",-0.540038728818102,-2.27169004008402,1.19161258244781,"Weld","Acacia","Eucalyptus"
"695","Acacia melanoxylon Intermediate","Eucalyptus obliqua Suppressed",0.711400536562444,-0.997621251264254,2.42042232438914,"Weld","Acacia","Eucalyptus"
"696","Acacia melanoxylon Suppressed","Eucalyptus obliqua Suppressed",0.0161541210052912,-0.607978849501209,0.640287091511791,"Weld","Acacia","Eucalyptus"
"697","Eucalyptus obliqua C/I","Eucalyptus obliqua Suppressed",-0.927160752727578,-2.49826137893423,0.643939873479079,"Weld","Eucalyptus","Eucalyptus"
"698","Eucalyptus obliqua Suppressed","Eucalyptus obliqua Suppressed",-0.918897251040821,-2.18219312310231,0.344398621020669,"Weld","Eucalyptus","Eucalyptus"
"699","Eucalyptus regnans C/I","Eucalyptus obliqua Suppressed",0.545375850319897,-0.0387981158107978,1.12954981645059,"Weld","Eucalyptus","Eucalyptus"
"700","Eucalyptus regnans Dominant","Eucalyptus obliqua Suppressed",-0.240810749176466,-2.87298439119749,2.39136289284456,"Weld","Eucalyptus","Eucalyptus"
"701","Eucalyptus regnans Suppressed","Eucalyptus obliqua Suppressed",1.5893152857231,-0.0378341908872604,3.21646476233346,"Weld","Eucalyptus","Eucalyptus"
"702","Misc Suppressed","Eucalyptus obliqua Suppressed",1.19216158141554,-0.349065008424933,2.73338817125602,"Weld","Misc","Eucalyptus"
"703","Pomaderris apetala Suppressed","Eucalyptus obliqua Suppressed",0.580919480658484,-0.368425656038566,1.53026461735553,"Weld","Pomaderris","Eucalyptus"
"704","Acacia melanoxylon Co-dominant","Eucalyptus regnans C/I",-0.149508054494917,-0.490862253405678,0.191846144415845,"Weld","Acacia","Eucalyptus"
"705","Acacia melanoxylon Intermediate","Eucalyptus regnans C/I",0.197416532797253,-0.474961326984233,0.869794392578739,"Weld","Acacia","Eucalyptus"
"706","Acacia melanoxylon Suppressed","Eucalyptus regnans C/I",0.107847026405511,-0.163680259802166,0.379374312613189,"Weld","Acacia","Eucalyptus"
"707","Eucalyptus obliqua C/I","Eucalyptus regnans C/I",0.28768580253215,-0.312804170491556,0.888175775555856,"Weld","Eucalyptus","Eucalyptus"
"708","Eucalyptus obliqua Suppressed","Eucalyptus regnans C/I",0.545375850319897,-0.0387981158107978,1.12954981645059,"Weld","Eucalyptus","Eucalyptus"
"709","Eucalyptus regnans C/I","Eucalyptus regnans C/I",0.0377886213591731,-0.30504696433703,0.380624207055376,"Weld","Eucalyptus","Eucalyptus"
"710","Eucalyptus regnans Dominant","Eucalyptus regnans C/I",0.0348716962679061,-1.28042998696855,1.35017337950436,"Weld","Eucalyptus","Eucalyptus"
"711","Eucalyptus regnans Suppressed","Eucalyptus regnans C/I",0.337836265213975,-0.605789118731403,1.28146164915935,"Weld","Eucalyptus","Eucalyptus"
"712","Misc Suppressed","Eucalyptus regnans C/I",0.127173033406733,-0.914704077968108,1.16905014478157,"Weld","Misc","Eucalyptus"
"713","Pomaderris apetala Suppressed","Eucalyptus regnans C/I",0.237716522228023,-0.0345900240967659,0.510023068552811,"Weld","Pomaderris","Eucalyptus"
"714","Acacia melanoxylon Co-dominant","Eucalyptus regnans Dominant",-0.393907634537648,-1.28971208581146,0.501896816736166,"Weld","Acacia","Eucalyptus"
"715","Acacia melanoxylon Intermediate","Eucalyptus regnans Dominant",0.499899749177037,-2.06009526484586,3.05989476319993,"Weld","Acacia","Eucalyptus"
"716","Acacia melanoxylon Suppressed","Eucalyptus regnans Dominant",0.439817364993213,-0.195061725092903,1.07469645507933,"Weld","Acacia","Eucalyptus"
"717","Eucalyptus obliqua C/I","Eucalyptus regnans Dominant",-1.67140160958318,-5.22554096191454,1.88273774274818,"Weld","Eucalyptus","Eucalyptus"
"718","Eucalyptus obliqua Suppressed","Eucalyptus regnans Dominant",-0.240810749176466,-2.87298439119749,2.39136289284456,"Weld","Eucalyptus","Eucalyptus"
"719","Eucalyptus regnans C/I","Eucalyptus regnans Dominant",0.0348716962679061,-1.28042998696855,1.35017337950436,"Weld","Eucalyptus","Eucalyptus"
"720","Eucalyptus regnans Dominant","Eucalyptus regnans Dominant",-3.09883888814799,-8.60109978530212,2.40342200900614,"Weld","Eucalyptus","Eucalyptus"
"721","Eucalyptus regnans Suppressed","Eucalyptus regnans Dominant",0.786523312756727,-1.31054930675285,2.88359593226631,"Weld","Eucalyptus","Eucalyptus"
"722","Misc Suppressed","Eucalyptus regnans Dominant",1.17394105330476,-1.22337781340199,3.57125992001151,"Weld","Misc","Eucalyptus"
"723","Pomaderris apetala Suppressed","Eucalyptus regnans Dominant",0.710811242015447,-0.0708416832807922,1.49246416731169,"Weld","Pomaderris","Eucalyptus"
"724","Acacia melanoxylon Co-dominant","Eucalyptus regnans Suppressed",0.424219290815511,-0.649909438050501,1.49834801968152,"Weld","Acacia","Eucalyptus"
"725","Acacia melanoxylon Intermediate","Eucalyptus regnans Suppressed",-2.00953306809861,-4.54154033065694,0.522474194459731,"Weld","Acacia","Eucalyptus"
"726","Acacia melanoxylon Suppressed","Eucalyptus regnans Suppressed",-0.359784380031527,-1.44629387848611,0.726725118423059,"Weld","Acacia","Eucalyptus"
"727","Eucalyptus obliqua C/I","Eucalyptus regnans Suppressed",1.11037548723932,-0.770271304613263,2.99102227909191,"Weld","Eucalyptus","Eucalyptus"
"728","Eucalyptus obliqua Suppressed","Eucalyptus regnans Suppressed",1.5893152857231,-0.0378341908872604,3.21646476233346,"Weld","Eucalyptus","Eucalyptus"
"729","Eucalyptus regnans C/I","Eucalyptus regnans Suppressed",0.337836265213975,-0.605789118731403,1.28146164915935,"Weld","Eucalyptus","Eucalyptus"
"730","Eucalyptus regnans Dominant","Eucalyptus regnans Suppressed",0.786523312756727,-1.31054930675285,2.88359593226631,"Weld","Eucalyptus","Eucalyptus"
"731","Eucalyptus regnans Suppressed","Eucalyptus regnans Suppressed",-2.71650872245576,-5.12073709309397,-0.312280351817559,"Weld","Eucalyptus","Eucalyptus"
"732","Misc Suppressed","Eucalyptus regnans Suppressed",-1.82747541429521,-4.65680942456072,1.00185859597031,"Weld","Misc","Eucalyptus"
"733","Pomaderris apetala Suppressed","Eucalyptus regnans Suppressed",-1.81181417802816,-3.57385396291285,-0.0497743931434624,"Weld","Pomaderris","Eucalyptus"
"734","Acacia melanoxylon Co-dominant","Misc Suppressed",0.032029364955623,-1.54967312831545,1.6137318582267,"Weld","Acacia","Misc"
"735","Acacia melanoxylon Intermediate","Misc Suppressed",-0.392989620947686,-2.29972184063764,1.51374259874227,"Weld","Acacia","Misc"
"736","Acacia melanoxylon Suppressed","Misc Suppressed",-0.351177566119307,-1.12236444479805,0.420009312559439,"Weld","Acacia","Misc"
"737","Eucalyptus obliqua C/I","Misc Suppressed",1.5352921713546,-0.425624439443536,3.49620878215274,"Weld","Eucalyptus","Misc"
"738","Eucalyptus obliqua Suppressed","Misc Suppressed",1.19216158141554,-0.349065008424933,2.73338817125602,"Weld","Eucalyptus","Misc"
"739","Eucalyptus regnans C/I","Misc Suppressed",0.127173033406733,-0.914704077968108,1.16905014478157,"Weld","Eucalyptus","Misc"
"740","Eucalyptus regnans Dominant","Misc Suppressed",1.17394105330476,-1.22337781340199,3.57125992001151,"Weld","Eucalyptus","Misc"
"741","Eucalyptus regnans Suppressed","Misc Suppressed",-1.82747541429521,-4.65680942456072,1.00185859597031,"Weld","Eucalyptus","Misc"
"742","Misc Suppressed","Misc Suppressed",-1.58449961794437,-5.16461044857639,1.99561121268766,"Weld","Misc","Misc"
"743","Pomaderris apetala Suppressed","Misc Suppressed",-1.51146769496623,-3.49574967427278,0.472814284340327,"Weld","Pomaderris","Misc"
"744","Acacia melanoxylon Co-dominant","Pomaderris apetala Suppressed",-0.0713029190915338,-0.280283481558411,0.137677643375343,"Weld","Acacia","Pomaderris"
"745","Acacia melanoxylon Intermediate","Pomaderris apetala Suppressed",-1.86704002618206,NA,NA,"Weld","Acacia","Pomaderris"
"746","Acacia melanoxylon Suppressed","Pomaderris apetala Suppressed",-0.141682626897597,-0.363581850415232,0.0802165966200389,"Weld","Acacia","Pomaderris"
"747","Eucalyptus obliqua C/I","Pomaderris apetala Suppressed",0.643549041728237,-0.122825889646508,1.40992397310298,"Weld","Eucalyptus","Pomaderris"
"748","Eucalyptus obliqua Suppressed","Pomaderris apetala Suppressed",0.580919480658484,-0.368425656038566,1.53026461735553,"Weld","Eucalyptus","Pomaderris"
"749","Eucalyptus regnans C/I","Pomaderris apetala Suppressed",0.237716522228023,-0.0345900240967659,0.510023068552811,"Weld","Eucalyptus","Pomaderris"
"750","Eucalyptus regnans Dominant","Pomaderris apetala Suppressed",0.710811242015447,-0.0708416832807922,1.49246416731169,"Weld","Eucalyptus","Pomaderris"
"751","Eucalyptus regnans Suppressed","Pomaderris apetala Suppressed",-1.81181417802816,-3.57385396291285,-0.0497743931434624,"Weld","Eucalyptus","Pomaderris"
"752","Misc Suppressed","Pomaderris apetala Suppressed",-1.51146769496623,-3.49574967427278,0.472814284340327,"Weld","Misc","Pomaderris"
"753","Pomaderris apetala Suppressed","Pomaderris apetala Suppressed",-0.0580449080321374,-0.619408907248296,0.503319091184021,"Weld","Pomaderris","Pomaderris"
