"","from","to","alpha","mean_effect","quan_0","quan_25","quan_50","quan_75","quan_100","site","class_int","species_from","species_to","which_species","int","group","se","sig","lo","hi","range_ci"
"1","Eucalyptus diversicolor large","Eucalyptus guilfoylei large",-0.24328568160347,0.474252715607724,0.128235334670428,0.324986762537591,0.443577073679397,0.594036824836621,0.950977219358744,"Frankland","large_large","Eucalyptus diversicolor","Eucalyptus guilfoylei","between","Eucalyptus diversicolor large_Eucalyptus guilfoylei large","between_species_large_large",NA,NA,NA,NA,NA
"2","Eucalyptus guilfoylei large","Eucalyptus guilfoylei large",-0.212736501771973,0.361795410951224,0.141149283205174,0.266739892805416,0.320835451508218,0.429981278371126,0.856833414981222,"Frankland","large_large","Eucalyptus guilfoylei","Eucalyptus guilfoylei","within","Eucalyptus guilfoylei large_Eucalyptus guilfoylei large","within_species_large_large",0.186287651476697,NA,-0.576629040343704,0.153605134974047,0.730234175317751
"3","Allocasuarina decussata small","Allocasuarina decussata small",-0.0831653491457285,0.39452718699814,0.170635350797696,0.286247853939465,0.383227802084657,0.485108422167805,0.80285439458118,"Frankland","small_small","Allocasuarina decussata","Allocasuarina decussata","within","Allocasuarina decussata small_Allocasuarina decussata small","within_species_small_small",0.338676448538945,NA,-0.743450061385624,0.584137221710905,1.32758728309653
"4","Eucalyptus diversicolor large","Eucalyptus guilfoylei small",-0.0743099777104835,0.814556619037317,0.580269486583467,0.758549446571859,0.817850684549713,0.868086215249596,0.98476409990377,"Frankland","large_small","Eucalyptus diversicolor","Eucalyptus guilfoylei","between","Eucalyptus diversicolor large_Eucalyptus guilfoylei small","between_species_large_small",NA,NA,NA,NA,NA
"5","Eucalyptus diversicolor large","Eucalyptus diversicolor small",-0.0641709025743467,0.814082343064528,0.595472521142464,0.761032587736914,0.812827766053493,0.862086807597734,0.984445501362268,"Frankland","large_small","Eucalyptus diversicolor","Eucalyptus diversicolor","within","Eucalyptus diversicolor large_Eucalyptus diversicolor small","within_species_large_small",NA,NA,NA,NA,NA
"6","Eucalyptus diversicolor large","Eucalyptus diversicolor large",-0.0519451038694297,1.25542227286952,0.975068021895126,1.16491676421,1.23487895024478,1.35634109472014,1.65300531047951,"Frankland","large_large","Eucalyptus diversicolor","Eucalyptus diversicolor","within","Eucalyptus diversicolor large_Eucalyptus diversicolor large","within_species_large_large",0.207279463045073,NA,-0.456259205694157,0.356261358912132,0.812520564606289
"7","Eucalyptus diversicolor small","Eucalyptus guilfoylei small",-0.0420453653634718,0.884883762837173,0.686638091593297,0.807808806709173,0.906255317140107,0.964118473461653,0.993418653127623,"Frankland","small_small","Eucalyptus diversicolor","Eucalyptus guilfoylei","between","Eucalyptus diversicolor small_Eucalyptus guilfoylei small","between_species_small_small",NA,NA,NA,NA,NA
"8","Eucalyptus diversicolor small","Eucalyptus guilfoylei large",-0.0334997894937243,0.890376468828763,0.694700110222356,0.814311465097508,0.911657276166801,0.969800491889668,0.994752772859262,"Frankland","large_small","Eucalyptus diversicolor","Eucalyptus guilfoylei","between","Eucalyptus diversicolor small_Eucalyptus guilfoylei large","between_species_large_small",NA,NA,NA,NA,NA
"9","Eucalyptus guilfoylei large","Allocasuarina decussata small",0.0867968458907721,1.59838391426614,1.05706786353752,1.423511528036,1.63558405572662,1.76388496251208,2.20904850965302,"Frankland","large_small","Eucalyptus guilfoylei","Allocasuarina decussata","between","Eucalyptus guilfoylei large_Allocasuarina decussata small","between_species_large_small",0.244564285206987,NA,-0.385739252069923,0.57293512975103,0.958674381820953
"10","Eucalyptus diversicolor small","Allocasuarina decussata small",0.10268649000422,1.6570485707804,1.01625734304122,1.13038629664773,1.43157186534217,2.10254480013569,3.51962133448056,"Frankland","small_small","Eucalyptus diversicolor","Allocasuarina decussata","between","Eucalyptus diversicolor small_Allocasuarina decussata small","between_species_small_small",0.0970952248825887,NA,-0.0906528716263054,0.289953416055077,0.380606287681382
"11","Eucalyptus guilfoylei small","Eucalyptus guilfoylei large",0.132141153595825,2.40253947702506,1.05164855402086,1.78072381193,2.24768290714862,2.94791460533884,4.96147725552018,"Frankland","large_small","Eucalyptus guilfoylei","Eucalyptus guilfoylei","within","Eucalyptus guilfoylei small_Eucalyptus guilfoylei large","within_species_large_small",0.10790300112222,NA,-0.0842424742011874,0.338729517845486,0.422971992046673
"12","Eucalyptus guilfoylei small","Eucalyptus guilfoylei small",0.2361603338553,2.18708479438659,0.881793756357176,1.46434443975083,1.83240705722206,2.71818180813054,9.159482458407,"Frankland","small_small","Eucalyptus guilfoylei","Eucalyptus guilfoylei","within","Eucalyptus guilfoylei small_Eucalyptus guilfoylei small","within_species_small_small",0.0960019614038845,1,0.0559964386476664,0.432317212241302,0.376320773593636
"13","Eucalyptus diversicolor large","Allocasuarina decussata small",0.236185315076866,2.72603404506177,1.05999879693126,1.87983574130769,2.53827135253316,3.42992050505638,7.96956156770383,"Frankland","large_small","Eucalyptus diversicolor","Allocasuarina decussata","between","Eucalyptus diversicolor large_Allocasuarina decussata small","between_species_large_small",0.273417440335172,NA,-0.302715045475833,0.769061626128298,1.07177667160413
"14","Eucalyptus guilfoylei small","Allocasuarina decussata small",0.312916028315277,17.1235162759202,1.20639730974643,6.17557946554718,12.0284887258254,23.0625916746763,105.174827785642,"Frankland","small_small","Eucalyptus guilfoylei","Allocasuarina decussata","between","Eucalyptus guilfoylei small_Allocasuarina decussata small","between_species_small_small",0.1598470233454,NA,-0.00635211747099751,0.620236700114837,0.626588817585834
"15","Eucalyptus diversicolor small","Eucalyptus diversicolor small",0.409647305729852,7.81707289173511,1.11226039013822,1.67262566479131,3.3712228607439,10.6354762097596,66.1550569427384,"Frankland","small_small","Eucalyptus diversicolor","Eucalyptus diversicolor","within","Eucalyptus diversicolor small_Eucalyptus diversicolor small","within_species_small_small",0.0897812302494977,1,0.229019226025152,0.580955181578579,0.351935955553427
"16","Eucalyptus diversicolor large","Eucalyptus diversicolor large",-0.398008979882339,0.208799442077343,0.0568077947290572,0.144409415653917,0.180507817683953,0.24823055014135,0.72372965895297,"Collins","large_large","Eucalyptus diversicolor","Eucalyptus diversicolor","within","Eucalyptus diversicolor large_Eucalyptus diversicolor large","within_species_large_large",0.213853937737893,NA,-0.810779647697897,0.0275123841387861,0.838292031836683
"17","Eucalyptus diversicolor large","Eucalyptus diversicolor small",-0.0413269518916522,0.837954032658385,0.710381682970735,0.808652569359269,0.839097033179352,0.871643158272864,0.95562727808297,"Collins","large_small","Eucalyptus diversicolor","Eucalyptus diversicolor","within","Eucalyptus diversicolor large_Eucalyptus diversicolor small","within_species_large_small",NA,NA,NA,NA,NA
"18","Eucalyptus diversicolor small","Eucalyptus diversicolor small",0.332072714513984,5.59273715403555,1.12012144829467,2.3916332266327,4.07085181924479,7.91232436872778,34.0984871699798,"Collins","small_small","Eucalyptus diversicolor","Eucalyptus diversicolor","within","Eucalyptus diversicolor small_Eucalyptus diversicolor small","within_species_small_small",0.0735058272583785,1,0.185598328065147,0.473735876225636,0.288137548160489
"19","Allocasuarina decussata large","Allocasuarina decussata large",0.00380271292745807,0.971577686377048,0.952419403636455,0.96141624943342,0.971542937933277,0.981516020161112,0.996827896750605,"Clare","large_large","Allocasuarina decussata","Allocasuarina decussata","within","Allocasuarina decussata large_Allocasuarina decussata large","within_species_large_large",0.231218545855233,NA,-0.450795319365647,0.455564725502312,0.906360044867959
"20","Allocasuarina decussata small","Allocasuarina decussata large",0.0430755086427045,1.27084777751494,1.06890929612099,1.17811602496944,1.23753532583283,1.34183332577542,1.78296056208565,"Clare","large_small","Allocasuarina decussata","Allocasuarina decussata","within","Allocasuarina decussata small_Allocasuarina decussata large","within_species_large_small",0.107407434708118,NA,-0.165281169660277,0.255748237739222,0.421029407399499
"21","Allocasuarina decussata small","Allocasuarina decussata small",0.210973176478871,2.43185640838749,1.30289029255024,1.84024735057896,2.19328446078737,2.72636322593417,8.17497257935441,"Clare","small_small","Allocasuarina decussata","Allocasuarina decussata","within","Allocasuarina decussata small_Allocasuarina decussata small","within_species_small_small",0.0719011203444135,1,0.0743476432984941,0.356194855944755,0.281847212646261
"22","Acacia melanoxylon small","Eucalyptus diversicolor small",-0.114760931033025,0.852136015653419,0.225103992951898,0.825231422149073,0.912872103869269,0.949126580231885,0.98216898005778,"Sutton","small_small","Acacia melanoxylon","Eucalyptus diversicolor","between","Acacia melanoxylon small_Eucalyptus diversicolor small","between_species_small_small",NA,NA,NA,NA,NA
"23","Corymbia calophylla small","Eucalyptus diversicolor small",-0.0757617876496136,0.797485727587655,0.222256371126011,0.703755053842677,0.898435915777178,0.953735087407135,0.996796436094119,"Sutton","small_small","Corymbia calophylla","Eucalyptus diversicolor","between","Corymbia calophylla small_Eucalyptus diversicolor small","between_species_small_small",NA,NA,NA,NA,NA
"24","Eucalyptus diversicolor large","Eucalyptus diversicolor small",-0.0607190055211925,0.749626134174338,0.55910670917171,0.703492876343466,0.748807272772747,0.801827666061871,0.967008255151431,"Sutton","large_small","Eucalyptus diversicolor","Eucalyptus diversicolor","within","Eucalyptus diversicolor large_Eucalyptus diversicolor small","within_species_large_small",NA,NA,NA,NA,NA
"25","Acacia melanoxylon small","Eucalyptus diversicolor large",-0.0564463139029906,0.913298634704691,0.472140991197802,0.893245441850353,0.953457927750617,0.975766256651639,0.991189541346599,"Sutton","large_small","Acacia melanoxylon","Eucalyptus diversicolor","between","Acacia melanoxylon small_Eucalyptus diversicolor large","between_species_large_small",NA,NA,NA,NA,NA
"26","Eucalyptus diversicolor large","Eucalyptus diversicolor large",-0.050304101607365,1.14000079332248,0.869874368843206,1.06992132681527,1.13729528870533,1.20752807408052,1.40358320789652,"Sutton","large_large","Eucalyptus diversicolor","Eucalyptus diversicolor","within","Eucalyptus diversicolor large_Eucalyptus diversicolor large","within_species_large_large",0.111748611656709,NA,-0.273101626325993,0.164944882013013,0.438046508339006
"27","Corymbia calophylla small","Eucalyptus diversicolor large",-0.00947444697529575,0.967816779663511,0.838261759998848,0.959213108566292,0.986582324653695,0.994045244231723,0.999598813332228,"Sutton","large_small","Corymbia calophylla","Eucalyptus diversicolor","between","Corymbia calophylla small_Eucalyptus diversicolor large","between_species_large_small",NA,NA,NA,NA,NA
"28","Eucalyptus diversicolor small","Eucalyptus diversicolor small",-0.00290552294289511,1.84543083249265,1.08643927803914,1.49572610692693,1.75458262814983,2.13547058959338,3.06072689817505,"Sutton","small_small","Eucalyptus diversicolor","Eucalyptus diversicolor","within","Eucalyptus diversicolor small_Eucalyptus diversicolor small","within_species_small_small",0.105921310668572,NA,-0.209858802616272,0.205345105595088,0.41520390821136
"29","Corymbia calophylla small","Acacia melanoxylon small",0.00223037795366417,1.01442276059755,1.00011797473079,1.00229708546149,1.00679769297292,1.01927401011176,1.06552996835922,"Sutton","small_small","Corymbia calophylla","Acacia melanoxylon","between","Corymbia calophylla small_Acacia melanoxylon small","between_species_small_small",0.0522808344928509,NA,-0.0976774837361481,0.107259621639226,0.204937105375374
"30","Acacia melanoxylon small","Acacia melanoxylon small",0.443188910607368,5.64657549446952,1.25169729912039,1.62479722598772,1.99982842283044,3.60521112057761,173.217328555272,"Sutton","small_small","Acacia melanoxylon","Acacia melanoxylon","within","Acacia melanoxylon small_Acacia melanoxylon small","within_species_small_small",0.130603186745744,1,0.197820295876571,0.709775380452206,0.511955084575634
"31","Corymbia calophylla small","Corymbia calophylla small",0.483143092008051,15.4735948074945,1.07643774269499,1.79380261380542,2.73742508199111,10.1555209908018,216.107560817511,"Sutton","small_small","Corymbia calophylla","Corymbia calophylla","within","Corymbia calophylla small_Corymbia calophylla small","within_species_small_small",0.0705888061635489,1,0.349378651334844,0.626081686919314,0.27670303558447
"32","Eucalyptus jacksonii large","Eucalyptus jacksonii large",-0.50585433348153,0.134550808188764,1.82153178589138e-05,0.0030017944954392,0.0321196723614574,0.19247449234299,0.900133961565547,"Giants","large_large","Eucalyptus jacksonii","Eucalyptus jacksonii","within","Eucalyptus jacksonii large_Eucalyptus jacksonii large","within_species_large_large",0.245351470944924,1,-0.983074486100563,-0.0213143928886108,0.961760093211953
"33","Allocasuarina decussata large","Eucalyptus jacksonii large",-0.271894138199814,0.436746430319485,0.0732801061469846,0.18916031202498,0.379246440947106,0.6932105114369,0.942959339103652,"Giants","large_large","Allocasuarina decussata","Eucalyptus jacksonii","between","Allocasuarina decussata large_Eucalyptus jacksonii large","between_species_large_large",NA,NA,NA,NA,NA
"34","Allocasuarina decussata large","Allocasuarina decussata large",-0.143419899386828,1.11085765121782,0.514038956056504,0.856536292347724,1.14963522857693,1.36408356017653,1.54522693541068,"Giants","large_large","Allocasuarina decussata","Allocasuarina decussata","within","Allocasuarina decussata large_Allocasuarina decussata large","within_species_large_large",0.194955307786595,NA,-0.536213132985784,0.227997630727511,0.764210763713295
"35","Allocasuarina decussata small","Eucalyptus jacksonii small",-0.0273265602300306,0.871077609438495,0.637844211392128,0.830734201266993,0.889322489450532,0.934308908346097,0.987053438345046,"Giants","small_small","Allocasuarina decussata","Eucalyptus jacksonii","between","Allocasuarina decussata small_Eucalyptus jacksonii small","between_species_small_small",NA,NA,NA,NA,NA
"36","Allocasuarina decussata small","Eucalyptus jacksonii large",-0.0179303539150117,0.918751034996976,0.755115985189848,0.89356700751684,0.932043120357807,0.959092376698788,0.991486079980966,"Giants","large_small","Allocasuarina decussata","Eucalyptus jacksonii","between","Allocasuarina decussata small_Eucalyptus jacksonii large","between_species_large_small",NA,NA,NA,NA,NA
"37","Allocasuarina decussata large","Allocasuarina decussata small",-0.0169710766263507,0.943972826747288,0.851141855345372,0.91611946991167,0.94670602142922,0.976252297181368,0.996340772662515,"Giants","large_small","Allocasuarina decussata","Allocasuarina decussata","within","Allocasuarina decussata large_Allocasuarina decussata small","within_species_large_small",NA,NA,NA,NA,NA
"38","Allocasuarina decussata large","Eucalyptus jacksonii small",-0.0106247387032986,0.95690032773233,0.894702863677869,0.931634855758268,0.958501496016312,0.98508825869267,0.99770757154659,"Giants","large_small","Allocasuarina decussata","Eucalyptus jacksonii","between","Allocasuarina decussata large_Eucalyptus jacksonii small","between_species_large_small",NA,NA,NA,NA,NA
"39","Allocasuarina decussata small","Allocasuarina decussata small",0.326730882698992,5.72537552332082,1.2929947037418,2.66923655684808,4.24336417248102,6.81163004890529,32.807040138108,"Giants","small_small","Allocasuarina decussata","Allocasuarina decussata","within","Allocasuarina decussata small_Allocasuarina decussata small","within_species_small_small",0.0697821194177214,1,0.192294744769462,0.465835626416676,0.273540881647214
"40","Eucalyptus jacksonii small","Eucalyptus jacksonii small",0.336678256405726,0.902824670674294,0.0881959198625378,0.566282459988524,0.920361431566619,1.08864518886889,4.86118332553541,"Giants","small_small","Eucalyptus jacksonii","Eucalyptus jacksonii","within","Eucalyptus jacksonii small_Eucalyptus jacksonii small","within_species_small_small",0.0838313681837761,1,0.171106948507998,0.499719873337834,0.328612924829836
"41","Eucalyptus jacksonii small","Eucalyptus jacksonii large",0.369955659268524,9.03884504489535,1.04933588754087,1.59393822898957,3.40479083365133,10.3028819760691,84.8563026133465,"Giants","large_small","Eucalyptus jacksonii","Eucalyptus jacksonii","within","Eucalyptus jacksonii small_Eucalyptus jacksonii large","within_species_large_small",0.136696500515524,1,0.0987669041886224,0.634607339834799,0.535840435646177
"42","Eucalyptus diversicolor large","Eucalyptus diversicolor small",-0.23354325692365,0.358806764419843,0.081035281609707,0.232140692770456,0.337692374986355,0.471302626480828,0.88515596899026,"Warren","large_small","Eucalyptus diversicolor","Eucalyptus diversicolor","within","Eucalyptus diversicolor large_Eucalyptus diversicolor small","within_species_large_small",NA,NA,NA,NA,NA
"43","Eucalyptus diversicolor large","Eucalyptus diversicolor large",-0.139972988340397,1.06197383978084,0.555315914655497,0.95842802813154,1.07598109949899,1.19193060017124,1.57073392171674,"Warren","large_large","Eucalyptus diversicolor","Eucalyptus diversicolor","within","Eucalyptus diversicolor large_Eucalyptus diversicolor large","within_species_large_large",0.122387409492607,NA,-0.381202185446107,0.0985476440872224,0.479749829533329
"44","Trymalium odoratissimum small","Eucalyptus diversicolor small",-0.0912002977255596,0.731202941114797,0.354393003626611,0.653872429126609,0.726250213202557,0.835942368070702,0.960887497060979,"Warren","small_small","Trymalium odoratissimum","Eucalyptus diversicolor","between","Trymalium odoratissimum small_Eucalyptus diversicolor small","between_species_small_small",0.0584831307061161,NA,-0.202374484949508,0.0268751748247641,0.229249659774272
"45","Trymalium odoratissimum small","Eucalyptus diversicolor large",-0.045023610942484,0.855358432453629,0.611575753588938,0.812015772211129,0.858579423904041,0.915195712449038,0.980495962441178,"Warren","large_small","Trymalium odoratissimum","Eucalyptus diversicolor","between","Trymalium odoratissimum small_Eucalyptus diversicolor large","between_species_large_small",0.0518923566456665,NA,-0.146788946563449,0.0566253536333784,0.203414300196828
"46","Eucalyptus diversicolor small","Eucalyptus diversicolor small",0.0364162978028878,2.83530920707578,1.33235274621486,2.23702708307312,2.7328106824021,3.34848301137224,4.5887857324338,"Warren","small_small","Eucalyptus diversicolor","Eucalyptus diversicolor","within","Eucalyptus diversicolor small_Eucalyptus diversicolor small","within_species_small_small",0.126421877518304,NA,-0.21553841137248,0.280026242215138,0.495564653587618
"47","Trymalium odoratissimum small","Trymalium odoratissimum small",0.36807901376287,8.234836219024,1.43750080191386,2.9819505877181,5.82478448193846,9.41817669787884,75.9966081160159,"Warren","small_small","Trymalium odoratissimum","Trymalium odoratissimum","within","Trymalium odoratissimum small_Trymalium odoratissimum small","within_species_small_small",0.0728883816164248,1,0.224767330283925,0.510484536003133,0.285717205719208
"48","Allocasuarina decussata large","Eucalyptus diversicolor large",-0.169847565952193,0.704831561846779,0.233146702002251,0.646690438880711,0.720472229689581,0.779764461475802,0.962150746738207,"Dawson","large_large","Allocasuarina decussata","Eucalyptus diversicolor","between","Allocasuarina decussata large_Eucalyptus diversicolor large","between_species_large_large",NA,NA,NA,NA,NA
"49","Eucalyptus diversicolor large","Eucalyptus diversicolor large",-0.147534255919264,0.557101369064659,0.332072719443688,0.469651884106548,0.5387909643375,0.625092109047066,0.966808060380758,"Dawson","large_large","Eucalyptus diversicolor","Eucalyptus diversicolor","within","Eucalyptus diversicolor large_Eucalyptus diversicolor large","within_species_large_large",0.151591883612701,NA,-0.445300961050096,0.148928303408866,0.594229264458963
"50","Eucalyptus diversicolor small","Allocasuarina decussata small",-0.027390415931791,0.899260672836832,0.751040686454472,0.868610165952727,0.90906741755041,0.932014417954097,0.988331549744413,"Dawson","small_small","Eucalyptus diversicolor","Allocasuarina decussata","between","Eucalyptus diversicolor small_Allocasuarina decussata small","between_species_small_small",0.0682193188440422,NA,-0.16031673367052,0.107098082297835,0.267414815968355
"51","Eucalyptus diversicolor large","Allocasuarina decussata small",-0.0126084360454543,0.953321736704465,0.916365418545108,0.942172521834787,0.952257861196018,0.964530091525323,0.994900920338554,"Dawson","large_small","Eucalyptus diversicolor","Allocasuarina decussata","between","Eucalyptus diversicolor large_Allocasuarina decussata small","between_species_large_small",0.0861675996769731,NA,-0.184089468432204,0.15368131557006,0.337770784002265
"52","Allocasuarina decussata large","Eucalyptus diversicolor small",-0.00764578505647712,0.983579905617705,0.936772414650629,0.980381074697406,0.9855822747735,0.988635610484788,0.998264620482146,"Dawson","large_small","Allocasuarina decussata","Eucalyptus diversicolor","between","Allocasuarina decussata large_Eucalyptus diversicolor small","between_species_large_small",NA,NA,NA,NA,NA
"53","Eucalyptus diversicolor small","Eucalyptus diversicolor large",0.0614624640338005,1.31171387378879,1.03385501142047,1.19619464700524,1.27334207792555,1.40540958495076,1.93085091829897,"Dawson","large_small","Eucalyptus diversicolor","Eucalyptus diversicolor","within","Eucalyptus diversicolor small_Eucalyptus diversicolor large","within_species_large_small",0.0919777293264301,NA,-0.117218800797801,0.243327272921352,0.360546073719153
"54","Allocasuarina decussata small","Allocasuarina decussata large",0.0779923841309225,1.76781513043821,1.18792889135,1.53448325059149,1.75613711580169,1.97324146713273,2.70976450473582,"Dawson","large_small","Allocasuarina decussata","Allocasuarina decussata","within","Allocasuarina decussata small_Allocasuarina decussata large","within_species_large_small",0.116319820069641,NA,-0.150203248576322,0.305762067473027,0.45596531604935
"55","Eucalyptus diversicolor small","Eucalyptus diversicolor small",0.182106393208751,2.10456531737226,1.09998563681409,1.64796892997996,1.94529326037255,2.47648094235227,4.79064921766211,"Dawson","small_small","Eucalyptus diversicolor","Eucalyptus diversicolor","within","Eucalyptus diversicolor small_Eucalyptus diversicolor small","within_species_small_small",0.0956490557212562,NA,-0.00476275606835935,0.370174652669494,0.374937408737854
"56","Allocasuarina decussata small","Allocasuarina decussata small",0.222068452791509,3.46357344420832,1.39995461404477,2.38985983151552,3.16321912899399,4.19984345554063,12.4491185383722,"Dawson","small_small","Allocasuarina decussata","Allocasuarina decussata","within","Allocasuarina decussata small_Allocasuarina decussata small","within_species_small_small",0.0954932446426662,1,0.0424625683156758,0.416789208848672,0.374326640532996
"57","Allocasuarina decussata large","Allocasuarina decussata large",0.222190798507734,2.01300981178225,1.11287193126009,1.65740237020721,1.89699321531013,2.13698756313952,7.52428208844859,"Dawson","large_large","Allocasuarina decussata","Allocasuarina decussata","within","Allocasuarina decussata large_Allocasuarina decussata large","within_species_large_large",0.193127407939507,NA,-0.163128911008035,0.593916616969983,0.757045527978018
"58","Eucalyptus diversicolor large","Eucalyptus diversicolor large",-0.979408234333753,0.0394645451795513,0.00313382118217862,0.0125004202839428,0.0232900467519167,0.0456776679129808,0.49883525108341,"Carey","large_large","Eucalyptus diversicolor","Eucalyptus diversicolor","within","Eucalyptus diversicolor large_Eucalyptus diversicolor large","within_species_large_large",0.492074355819616,1,-1.94326243714227,-0.0143664068978823,1.92889603024439
"59","Eucalyptus diversicolor small","Trymalium odoratissimum small",-0.0715947448715479,0.794774185507052,0.471248035910922,0.724659251754884,0.807779211221116,0.892883605196513,0.985474271920554,"Carey","small_small","Eucalyptus diversicolor","Trymalium odoratissimum","between","Eucalyptus diversicolor small_Trymalium odoratissimum small","between_species_small_small",NA,NA,NA,NA,NA
"60","Eucalyptus diversicolor large","Trymalium odoratissimum small",-0.0240420385928748,0.927130302281694,0.876340369659535,0.913022504692018,0.927507870853276,0.940874175983211,0.989158056528443,"Carey","large_small","Eucalyptus diversicolor","Trymalium odoratissimum","between","Eucalyptus diversicolor large_Trymalium odoratissimum small","between_species_large_small",NA,NA,NA,NA,NA
"61","Eucalyptus diversicolor small","Eucalyptus diversicolor large",0.134884784256098,1.70437528490291,1.0304347488214,1.26897191107193,1.55975754441132,1.91292547804532,4.05751650869176,"Carey","large_small","Eucalyptus diversicolor","Eucalyptus diversicolor","within","Eucalyptus diversicolor small_Eucalyptus diversicolor large","within_species_large_small",0.177851647635413,NA,-0.214402363761598,0.482763284151438,0.697165647913037
"62","Eucalyptus diversicolor small","Eucalyptus diversicolor small",0.218380684946571,2.16737387879429,1.07733504704655,1.44771941808457,1.95505948593535,2.57895089485499,6.46414504998847,"Carey","small_small","Eucalyptus diversicolor","Eucalyptus diversicolor","within","Eucalyptus diversicolor small_Eucalyptus diversicolor small","within_species_small_small",0.100861967922669,1,0.0188695273724723,0.414241176449004,0.395371649076531
"63","Trymalium odoratissimum small","Trymalium odoratissimum small",0.218818593396351,3.12261829113267,1.12194435276489,2.12090536484232,2.66972406455918,3.77658792453888,8.59959592035114,"Carey","small_small","Trymalium odoratissimum","Trymalium odoratissimum","within","Trymalium odoratissimum small_Trymalium odoratissimum small","within_species_small_small",0.0925375977018673,1,0.0381218615446466,0.400862578967679,0.362740717423033
"64","Eucalyptus diversicolor large","Eucalyptus diversicolor large",-0.347624081820736,0.0952902643389058,0.0140959302525465,0.0413218708346023,0.0796429918980208,0.126696567724097,0.476718101288455,"Dombakup","large_large","Eucalyptus diversicolor","Eucalyptus diversicolor","within","Eucalyptus diversicolor large_Eucalyptus diversicolor large","within_species_large_large",0.263661027510614,NA,-0.861133136604274,0.172399099490979,1.03353223609525
"65","Allocasuarina decussata large","Trymalium odoratissimum small",-0.176873528551703,0.454788962263896,0.211335839535573,0.354898613875256,0.438026248312389,0.544847251827187,0.815509387218968,"Dombakup","large_small","Allocasuarina decussata","Trymalium odoratissimum","between","Allocasuarina decussata large_Trymalium odoratissimum small","between_species_large_small",NA,NA,NA,NA,NA
"66","Allocasuarina decussata large","Allocasuarina decussata large",-0.162311686833757,0.755711785628514,0.394434847921948,0.585979427053362,0.713730405430448,0.84899845469298,1.51791006596306,"Dombakup","large_large","Allocasuarina decussata","Allocasuarina decussata","within","Allocasuarina decussata large_Allocasuarina decussata large","within_species_large_large",0.165827290334584,NA,-0.489869904520425,0.160161128898879,0.650031033419304
"67","Eucalyptus diversicolor small","Allocasuarina decussata large",-0.147462056604344,0.555619430886327,0.25389118975128,0.424226198512303,0.536308957802937,0.653501628730875,0.966576386634462,"Dombakup","large_small","Eucalyptus diversicolor","Allocasuarina decussata","between","Eucalyptus diversicolor small_Allocasuarina decussata large","between_species_large_small",0.10512868000596,NA,-0.352940726497417,0.0591561266104194,0.412096853107836
"68","Eucalyptus diversicolor small","Trymalium odoratissimum small",-0.0970022892705521,0.680469072394928,0.417083196442728,0.591859353567331,0.659658189696633,0.75481268620413,0.977885901740958,"Dombakup","small_small","Eucalyptus diversicolor","Trymalium odoratissimum","between","Eucalyptus diversicolor small_Trymalium odoratissimum small","between_species_small_small",NA,NA,NA,NA,NA
"69","Allocasuarina decussata large","Allocasuarina decussata small",-0.0160523005598969,0.931523339445143,0.883636099172916,0.914558335165977,0.930228635318718,0.949248514062336,0.97870892218779,"Dombakup","large_small","Allocasuarina decussata","Allocasuarina decussata","within","Allocasuarina decussata large_Allocasuarina decussata small","within_species_large_small",NA,NA,NA,NA,NA
"70","Trymalium odoratissimum small","Allocasuarina decussata small",-0.00995579761484733,0.956455180141721,0.881574234314319,0.94281564033771,0.962557802413694,0.973669245629235,0.992040463573756,"Dombakup","small_small","Trymalium odoratissimum","Allocasuarina decussata","between","Trymalium odoratissimum small_Allocasuarina decussata small","between_species_small_small",0.0329529431421104,NA,-0.0748935231591066,0.0542796403271584,0.129173163486265
"71","Eucalyptus diversicolor small","Eucalyptus diversicolor small",-0.00724095954952523,1.08891678534024,0.980392588436373,1.06017947830651,1.08883615804315,1.11989000040747,1.22584057751141,"Dombakup","small_small","Eucalyptus diversicolor","Eucalyptus diversicolor","within","Eucalyptus diversicolor small_Eucalyptus diversicolor small","within_species_small_small",0.155405043165508,NA,-0.306909639419252,0.302266935821326,0.609176575240577
"72","Allocasuarina decussata small","Eucalyptus diversicolor large",0.0065682771894558,1.04388594304306,1.00939528061666,1.03009651841808,1.04261477594874,1.05406872314899,1.12101499123713,"Dombakup","large_small","Allocasuarina decussata","Eucalyptus diversicolor","between","Allocasuarina decussata small_Eucalyptus diversicolor large","between_species_large_small",NA,NA,NA,NA,NA
"73","Allocasuarina decussata small","Eucalyptus diversicolor small",0.0261025017727713,1.18198748077329,1.04164158228601,1.1132798908204,1.17065042943174,1.22750864965143,1.59138698993468,"Dombakup","small_small","Allocasuarina decussata","Eucalyptus diversicolor","between","Allocasuarina decussata small_Eucalyptus diversicolor small","between_species_small_small",NA,NA,NA,NA,NA
"74","Trymalium odoratissimum small","Eucalyptus diversicolor large",0.0812870409529024,1.61484610026081,1.0834435326592,1.27838126902633,1.47937257187385,1.86661572712295,3.17068532741218,"Dombakup","large_small","Trymalium odoratissimum","Eucalyptus diversicolor","between","Trymalium odoratissimum small_Eucalyptus diversicolor large","between_species_large_small",0.0766074822557991,NA,-0.0739752818949667,0.226320530440348,0.300295812335315
"75","Eucalyptus diversicolor small","Eucalyptus diversicolor large",0.192308448201416,2.55951690344782,1.0453309630809,1.84666668815118,2.44633616477042,3.21857635531343,6.2719330051978,"Dombakup","large_small","Eucalyptus diversicolor","Eucalyptus diversicolor","within","Eucalyptus diversicolor small_Eucalyptus diversicolor large","within_species_large_small",0.158912620859528,NA,-0.121605339417568,0.501320687729519,0.622926027147087
"76","Allocasuarina decussata large","Eucalyptus diversicolor large",0.226375868473812,3.3861079428246,1.40694152775612,2.39860899483055,3.30182934396868,4.21189148151671,7.21151928270954,"Dombakup","large_large","Allocasuarina decussata","Eucalyptus diversicolor","between","Allocasuarina decussata large_Eucalyptus diversicolor large","between_species_large_large",NA,NA,NA,NA,NA
"77","Trymalium odoratissimum small","Trymalium odoratissimum small",0.371945188039386,13.5187113699299,1.99786318119788,4.33045356806078,7.68356155505636,16.4048314743515,108.473328739295,"Dombakup","small_small","Trymalium odoratissimum","Trymalium odoratissimum","within","Trymalium odoratissimum small_Trymalium odoratissimum small","within_species_small_small",0.108875971824284,1,0.164464843482742,0.59125081059753,0.426785967114789
"78","Allocasuarina decussata small","Allocasuarina decussata small",0.401038106408038,9.76532783705481,1.77477277687547,4.2450270029382,7.75585879686929,12.4982370584986,66.9730431793082,"Dombakup","small_small","Allocasuarina decussata","Allocasuarina decussata","within","Allocasuarina decussata small_Allocasuarina decussata small","within_species_small_small",0.0602253762792498,1,0.284073408819408,0.520152545744813,0.236079136925405
"79","Eucalyptus obliqua large","Eucalyptus obliqua large",-0.47679618164423,0.129058147967983,0.0145422281441401,0.059364234999746,0.0977442363192052,0.160528320160525,0.617115403900013,"Dip","large_large","Eucalyptus obliqua","Eucalyptus obliqua","within","Eucalyptus obliqua large_Eucalyptus obliqua large","within_species_large_large",0.493951930013407,NA,-1.445295334658,0.490960651182654,1.93625598584065
"80","Acacia melanoxylon large","Eucalyptus obliqua small",-0.428107108779814,0.284342177439015,0.0255272877792627,0.189536380079802,0.265939201524502,0.381306074358429,0.669595067133185,"Dip","large_small","Acacia melanoxylon","Eucalyptus obliqua","between","Acacia melanoxylon large_Eucalyptus obliqua small","between_species_large_small",NA,NA,NA,NA,NA
"81","Acacia melanoxylon large","Acacia melanoxylon large",-0.384927043520823,0.358492310196577,0.0489251295676161,0.256458054118903,0.342880685691286,0.456033729827421,0.804371871726769,"Dip","large_large","Acacia melanoxylon","Acacia melanoxylon","within","Acacia melanoxylon large_Acacia melanoxylon large","within_species_large_large",0.349424554073842,NA,-1.07011136191849,0.299607720678905,1.3697190825974
"82","Acacia melanoxylon large","Eucalyptus obliqua large",-0.349314418927509,0.35019573882414,0.0553220403422379,0.253760712407128,0.331091894498424,0.447533789343321,0.747886348591314,"Dip","large_large","Acacia melanoxylon","Eucalyptus obliqua","between","Acacia melanoxylon large_Eucalyptus obliqua large","between_species_large_large",NA,NA,NA,NA,NA
"83","Acacia melanoxylon small","Acacia melanoxylon small",-0.307500480305955,0.486393845695931,0.125216313810769,0.276953322978783,0.403326234141271,0.685907619302826,1.04773387680832,"Dip","small_small","Acacia melanoxylon","Acacia melanoxylon","within","Acacia melanoxylon small_Acacia melanoxylon small","within_species_small_small",0.233470704994463,NA,-0.76404106646151,0.151147280007138,0.915188346468648
"84","Acacia melanoxylon small","Pomaderris apetala large",-0.269924792908698,0.485690291193704,0.173142789890236,0.340343872599691,0.437822385629906,0.636994194679032,0.892286397050826,"Dip","large_small","Acacia melanoxylon","Pomaderris apetala","between","Acacia melanoxylon small_Pomaderris apetala large","between_species_large_small",NA,NA,NA,NA,NA
"85","Eucalyptus obliqua small","Eucalyptus obliqua small",-0.141934395641451,0.927024142745136,0.453215926329,0.807357590096636,0.943738412847475,1.04255234199365,1.33989316552354,"Dip","small_small","Eucalyptus obliqua","Eucalyptus obliqua","within","Eucalyptus obliqua small_Eucalyptus obliqua small","within_species_small_small",0.217622770186683,NA,-0.575313560579993,0.277752022983478,0.853065583563471
"86","Acacia melanoxylon large","Pomaderris apetala small",-0.0492194017256407,0.90284296987833,0.744832661280337,0.884969748474767,0.908069240328634,0.929545530280739,0.970764882946718,"Dip","large_small","Acacia melanoxylon","Pomaderris apetala","between","Acacia melanoxylon large_Pomaderris apetala small","between_species_large_small",NA,NA,NA,NA,NA
"87","Eucalyptus obliqua small","Pomaderris apetala small",-0.0267072429379333,0.941970811852202,0.851228972955777,0.929088445053826,0.947082107328711,0.960666123222938,0.977060951218745,"Dip","small_small","Eucalyptus obliqua","Pomaderris apetala","between","Eucalyptus obliqua small_Pomaderris apetala small","between_species_small_small",NA,NA,NA,NA,NA
"88","Eucalyptus obliqua large","Eucalyptus obliqua small",-0.00191700747050123,0.993628875222617,0.987653526637553,0.99212626649631,0.993694833761585,0.995008089232725,0.999015751412898,"Dip","large_small","Eucalyptus obliqua","Eucalyptus obliqua","within","Eucalyptus obliqua large_Eucalyptus obliqua small","within_species_large_small",NA,NA,NA,NA,NA
"89","Pomaderris apetala small","Acacia melanoxylon small",0.00151742184331218,1.03832104194538,1.00680363842119,1.02795658333512,1.0400888950603,1.04981396100927,1.06628421874245,"Dip","small_small","Pomaderris apetala","Acacia melanoxylon","between","Pomaderris apetala small_Acacia melanoxylon small","between_species_small_small",0.0403673871158357,NA,-0.0778068334755569,0.0804304163184915,0.158237249794048
"90","Pomaderris apetala small","Eucalyptus obliqua large",0.00426418969836795,1.12290871998373,1.03044322228737,1.09167993832561,1.12064041023037,1.15519375545811,1.22714655181505,"Dip","large_small","Pomaderris apetala","Eucalyptus obliqua","between","Pomaderris apetala small_Eucalyptus obliqua large","between_species_large_small",0.0534101285482376,NA,-0.0998787363946041,0.109485120333797,0.209363856728401
"91","Pomaderris apetala large","Pomaderris apetala large",0.0501456945441055,0.126363772482852,0.0106465370356375,0.028576054152941,0.0726939775935582,0.172656056813873,0.765787613475348,"Dip","large_large","Pomaderris apetala","Pomaderris apetala","within","Pomaderris apetala large_Pomaderris apetala large","within_species_large_large",0.121174372357864,NA,-0.180328834444379,0.294665976896938,0.474994811341317
"92","Pomaderris apetala large","Eucalyptus obliqua small",0.0519826971074756,1.65413077187594,1.12980590354885,1.45085678661288,1.62669131391729,1.86776495986788,2.37239363036846,"Dip","large_small","Pomaderris apetala","Eucalyptus obliqua","between","Pomaderris apetala large_Eucalyptus obliqua small","between_species_large_small",0.121046241682891,NA,-0.180948005335579,0.293544542989216,0.474492548324795
"93","Acacia melanoxylon small","Eucalyptus obliqua small",0.0543595523128525,1.24500026631027,1.02946217100316,1.14004210872492,1.26175068823601,1.32885683108523,1.51172997420009,"Dip","small_small","Acacia melanoxylon","Eucalyptus obliqua","between","Acacia melanoxylon small_Eucalyptus obliqua small","between_species_small_small",NA,NA,NA,NA,NA
"94","Pomaderris apetala small","Pomaderris apetala large",0.107471346319409,4.13614884560644,1.63187961771512,2.64783308944002,3.46100444461466,4.88230935083278,12.5318338779721,"Dip","large_small","Pomaderris apetala","Pomaderris apetala","within","Pomaderris apetala small_Pomaderris apetala large","within_species_large_small",0.0336151660573082,1,0.0423110526861077,0.174080082299422,0.131769029613315
"95","Pomaderris apetala large","Eucalyptus obliqua large",0.154480592773847,4.96505257450776,1.49148964031837,3.07440565393361,4.40920511043583,6.61683698830164,13.4696114418075,"Dip","large_large","Pomaderris apetala","Eucalyptus obliqua","between","Pomaderris apetala large_Eucalyptus obliqua large","between_species_large_large",0.168291602503517,NA,-0.174677358809817,0.485013600805031,0.659690959614849
"96","Pomaderris apetala large","Acacia melanoxylon large",0.193530793219955,7.94482454826001,1.69526436167119,4.1186193130164,6.55840306836093,10.766986044654,29.7109812230506,"Dip","large_large","Pomaderris apetala","Acacia melanoxylon","between","Pomaderris apetala large_Acacia melanoxylon large","between_species_large_large",0.153371387812708,NA,-0.104821896491706,0.496382896251961,0.601204792743667
"97","Acacia melanoxylon small","Acacia melanoxylon large",0.314715415629175,4.04504982609639,1.20002770305941,2.23267740632932,3.89451946784234,5.41213328476532,11.6003370914957,"Dip","large_small","Acacia melanoxylon","Acacia melanoxylon","within","Acacia melanoxylon small_Acacia melanoxylon large","within_species_large_small",0.261795809828471,NA,-0.201285358866803,0.824935358267795,1.0262207171346
"98","Acacia melanoxylon small","Eucalyptus obliqua large",0.34699430542209,4.67957620154239,1.22815463185592,2.37984890874831,4.50171139142189,6.2355593277602,13.3115032515191,"Dip","large_small","Acacia melanoxylon","Eucalyptus obliqua","between","Acacia melanoxylon small_Eucalyptus obliqua large","between_species_large_small",NA,NA,NA,NA,NA
"99","Pomaderris apetala small","Pomaderris apetala small",0.541394301775547,33.6813528636116,3.27015462412432,13.9674080658448,24.7528554161095,45.0845906335166,350.933256598961,"Dip","small_small","Pomaderris apetala","Pomaderris apetala","within","Pomaderris apetala small_Pomaderris apetala small","within_species_small_small",0.0472323675389361,1,0.420573055787224,0.605720534348971,0.185147478561747
"100","Eucalyptus regnans small","Acacia melanoxylon large",-0.23441814127491,0.429398498386984,0.103028369038652,0.270605567761885,0.38873666947587,0.582065093952522,0.936747195244595,"Weld","large_small","Eucalyptus regnans","Acacia melanoxylon","between","Eucalyptus regnans small_Acacia melanoxylon large","between_species_large_small",0.155412263433176,NA,-0.5337111625177,0.0754937156520533,0.609204878169753
"101","Eucalyptus regnans small","Eucalyptus regnans small",-0.21676731414456,0.349030984746198,0.0577814201561467,0.198410589612777,0.293081400480912,0.46919747037745,0.975410802313653,"Weld","small_small","Eucalyptus regnans","Eucalyptus regnans","within","Eucalyptus regnans small_Eucalyptus regnans small","within_species_small_small",0.325363222791329,NA,-0.853964437139589,0.421435959990185,1.27540039712977
"102","Eucalyptus regnans large","Eucalyptus regnans large",-0.198067521476567,0.208864849443854,0.0625804348858079,0.129999740013669,0.172572123095671,0.26129598668143,0.703132006226571,"Weld","large_large","Eucalyptus regnans","Eucalyptus regnans","within","Eucalyptus regnans large_Eucalyptus regnans large","within_species_large_large",0.313493939976301,NA,-0.825735455692469,0.403138207757752,1.22887366345022
"103","Eucalyptus obliqua small","Acacia melanoxylon small",-0.130648695274798,0.794933177456928,0.468455964539805,0.693129216690543,0.825924636940278,0.914491623744373,0.992121634238731,"Weld","small_small","Eucalyptus obliqua","Acacia melanoxylon","between","Eucalyptus obliqua small_Acacia melanoxylon small","between_species_small_small",0.0958112651647956,NA,-0.319528672071369,0.0560445860010638,0.375573258072433
"104","Pomaderris apetala small","Eucalyptus obliqua small",-0.0798087169135696,0.86378118020418,0.266346236994787,0.798740686683366,0.948918239423181,0.991501825507447,0.999537720096831,"Weld","small_small","Pomaderris apetala","Eucalyptus obliqua","between","Pomaderris apetala small_Eucalyptus obliqua small","between_species_small_small",0.205324521119881,NA,-0.474338348241398,0.330518984834404,0.804857333075803
"105","Acacia melanoxylon large","Acacia melanoxylon large",-0.0599274425341232,0.810704022020577,0.468933629699823,0.725687609234785,0.823762136569396,0.913673774025263,1.06246546726592,"Weld","large_large","Acacia melanoxylon","Acacia melanoxylon","within","Acacia melanoxylon large_Acacia melanoxylon large","within_species_large_large",0.140378154552513,NA,-0.336370444789862,0.213901809488383,0.550272254278245
"106","Eucalyptus regnans large","Acacia melanoxylon large",-0.0434768721902934,0.843904962604515,0.698769434600783,0.794812695004404,0.845874759392605,0.898583656637638,0.977818911462041,"Weld","large_large","Eucalyptus regnans","Acacia melanoxylon","between","Eucalyptus regnans large_Acacia melanoxylon large","between_species_large_large",0.140426110394315,NA,-0.319604134552284,0.230856103171521,0.550460237723805
"107","Pomaderris apetala small","Acacia melanoxylon small",-0.0324458252972445,0.962156332778266,0.679361158039441,0.951442228448671,0.988322699754117,0.997247954963194,0.999812036685966,"Weld","small_small","Pomaderris apetala","Acacia melanoxylon","between","Pomaderris apetala small_Acacia melanoxylon small","between_species_small_small",0.0366132550601239,NA,-0.10316125600374,0.0403600665455033,0.143521322549243
"108","Eucalyptus obliqua small","Eucalyptus obliqua small",-0.0312305811424172,0.511564577541064,0.221416572314139,0.347734925074458,0.526821757219147,0.663019992863264,0.892667085649092,"Weld","small_small","Eucalyptus obliqua","Eucalyptus obliqua","within","Eucalyptus obliqua small_Eucalyptus obliqua small","within_species_small_small",0.517861822447484,NA,-1.04735091967662,0.982630122254067,2.02998104193069
"109","Acacia melanoxylon small","Eucalyptus regnans small",0.00327180208299516,1.02501457650892,1.0008579259969,1.01640199570036,1.0252304772617,1.03286417732691,1.06041237478229,"Weld","small_small","Acacia melanoxylon","Eucalyptus regnans","between","Acacia melanoxylon small_Eucalyptus regnans small","between_species_small_small",NA,NA,NA,NA,NA
"110","Acacia melanoxylon large","Pomaderris apetala small",0.0314708697336303,1.1929535383373,1.04040658832958,1.13763414536694,1.18794527713526,1.25229614361721,1.39363237525839,"Weld","large_small","Acacia melanoxylon","Pomaderris apetala","between","Acacia melanoxylon large_Pomaderris apetala small","between_species_large_small",NA,NA,NA,NA,NA
"111","Eucalyptus regnans large","Pomaderris apetala small",0.0559159925292263,1.32141111121736,1.02969471872816,1.21003051486735,1.29578279834923,1.42955776368678,1.67391687337115,"Weld","large_small","Eucalyptus regnans","Pomaderris apetala","between","Eucalyptus regnans large_Pomaderris apetala small","between_species_large_small",NA,NA,NA,NA,NA
"112","Acacia melanoxylon small","Acacia melanoxylon large",0.0601780514993923,1.51849377798493,1.01589806483917,1.33418349954709,1.51785472826111,1.69977056195799,2.26613833852355,"Weld","large_small","Acacia melanoxylon","Acacia melanoxylon","within","Acacia melanoxylon small_Acacia melanoxylon large","within_species_large_small",0.0622097062687846,NA,-0.061506207987969,0.182351359563298,0.243857567551267
"113","Eucalyptus regnans small","Pomaderris apetala small",0.0828906122316871,1.58500867979344,1.02338717888131,1.31287479478731,1.54039047176145,1.76637801263547,2.61392918122425,"Weld","small_small","Eucalyptus regnans","Pomaderris apetala","between","Eucalyptus regnans small_Pomaderris apetala small","between_species_small_small",NA,NA,NA,NA,NA
"114","Acacia melanoxylon small","Eucalyptus regnans large",0.0829721733243457,1.98914097768257,1.02198568515381,1.54727304354311,1.94246286875644,2.32986576989787,4.35491305203135,"Weld","large_small","Acacia melanoxylon","Eucalyptus regnans","between","Acacia melanoxylon small_Eucalyptus regnans large","between_species_large_small",NA,NA,NA,NA,NA
"115","Acacia melanoxylon large","Eucalyptus obliqua small",0.170481891636337,3.13000045634495,1.17956210010646,2.01814621759487,2.64584879610597,4.02664246710905,9.61304180186591,"Weld","large_small","Acacia melanoxylon","Eucalyptus obliqua","between","Acacia melanoxylon large_Eucalyptus obliqua small","between_species_large_small",NA,NA,NA,NA,NA
"116","Eucalyptus regnans small","Eucalyptus regnans large",0.195477442081292,2.42557457557512,1.06096158715014,1.62412371178478,2.24977464233848,2.93760928816881,5.46532648278281,"Weld","large_small","Eucalyptus regnans","Eucalyptus regnans","within","Eucalyptus regnans small_Eucalyptus regnans large","within_species_large_small",0.204118351180511,NA,-0.202101118044024,0.598028115750978,0.800129233795001
"117","Eucalyptus regnans large","Eucalyptus obliqua small",0.28128478668117,4.30831742869075,1.28403565082948,2.67931825405373,3.76376833309442,5.69258633791008,10.1454853318162,"Weld","large_small","Eucalyptus regnans","Eucalyptus obliqua","between","Eucalyptus regnans large_Eucalyptus obliqua small","between_species_large_small",0.336595146126165,NA,-0.376257227725779,0.94317149983078,1.31942872755656
"118","Acacia melanoxylon small","Acacia melanoxylon small",0.335541403894689,5.81062738355036,1.05301490916172,2.80386221294221,5.01813476442228,8.01939912518522,20.2671662338619,"Weld","small_small","Acacia melanoxylon","Acacia melanoxylon","within","Acacia melanoxylon small_Acacia melanoxylon small","within_species_small_small",0.0773120483475215,1,0.191428134532492,0.494485795196815,0.303057660664323
"119","Eucalyptus regnans small","Eucalyptus obliqua small",0.454380071134938,14.3862434142682,1.21712979201647,4.12974148805639,9.3897977431377,17.4067695969271,81.8379298915756,"Weld","small_small","Eucalyptus regnans","Eucalyptus obliqua","between","Eucalyptus regnans small_Eucalyptus obliqua small","between_species_small_small",0.422326502421096,NA,-0.377424725710336,1.27806474321389,1.65548946892423
"120","Pomaderris apetala small","Pomaderris apetala small",0.597739231977407,7.82482089177944,0.994767929746042,1.0313868132922,1.25221400508056,2.60441980883098,442.598705953584,"Weld","small_small","Pomaderris apetala","Pomaderris apetala","within","Pomaderris apetala small_Pomaderris apetala small","within_species_small_small",0.113373870863695,1,0.39714850745825,0.841565914819725,0.444417407361476
"121","Eucalyptus obliqua large","Eucalyptus obliqua large",-0.573020020453977,0.00569777013152489,2.04530806433165e-05,0.000196533240872006,0.000467781371733028,0.00207317266210839,0.220992590041908,"ZigZag","large_large","Eucalyptus obliqua","Eucalyptus obliqua","within","Eucalyptus obliqua large_Eucalyptus obliqua large","within_species_large_large",0.205578336371164,1,-0.976852663544652,-0.171000392966367,0.805852270578286
"122","Nematolepis squamea large","Nematolepis squamea large",-0.391896847749874,0.323238205920827,0.0754255206433241,0.18166885127885,0.295393458271396,0.430854729592747,0.799839881497502,"ZigZag","large_large","Nematolepis squamea","Nematolepis squamea","within","Nematolepis squamea large_Nematolepis squamea large","within_species_large_large",0.190008715177073,1,-0.774025524317952,-0.0292050473263655,0.744820476991586
"123","Pomaderris apetala large","Eucalyptus obliqua large",-0.211820198674333,0.517025629636508,0.0947661252556762,0.295006853025748,0.550858665414313,0.718102541832947,0.905365840150415,"ZigZag","large_large","Pomaderris apetala","Eucalyptus obliqua","between","Pomaderris apetala large_Eucalyptus obliqua large","between_species_large_large",0.10524830106799,1,-0.418961364502329,-0.00639560544775297,0.412565759054576
"124","Eucalyptus obliqua large","Eucalyptus obliqua small",-0.127501088797774,0.512162848221857,0.322903704830464,0.451473742101901,0.502187362659865,0.562421006485613,0.82966405855241,"ZigZag","large_small","Eucalyptus obliqua","Eucalyptus obliqua","within","Eucalyptus obliqua large_Eucalyptus obliqua small","within_species_large_small",NA,NA,NA,NA,NA
"125","Nematolepis squamea small","Pomaderris apetala small",-0.1116533838138,0.506659092215535,0.106809332722481,0.397455383168268,0.520991707781394,0.624634970062839,0.927378065656841,"ZigZag","small_small","Nematolepis squamea","Pomaderris apetala","between","Nematolepis squamea small_Pomaderris apetala small","between_species_small_small",NA,NA,NA,NA,NA
"126","Nematolepis squamea large","Nematolepis squamea small",-0.100010173721405,0.703096286387977,0.517998143721567,0.659719197479707,0.696807560586921,0.745594109264411,0.893201979744178,"ZigZag","large_small","Nematolepis squamea","Nematolepis squamea","within","Nematolepis squamea large_Nematolepis squamea small","within_species_large_small",NA,NA,NA,NA,NA
"127","Pomaderris apetala large","Eucalyptus obliqua small",-0.0925879142707233,0.739934819246633,0.419060420304524,0.606937922752721,0.775667963973396,0.870102265889343,0.95747523525944,"ZigZag","large_small","Pomaderris apetala","Eucalyptus obliqua","between","Pomaderris apetala large_Eucalyptus obliqua small","between_species_large_small",0.0651108407493839,NA,-0.217459452022949,0.0377703537208813,0.255229805743831
"128","Nematolepis squamea large","Pomaderris apetala small",-0.0909364180995763,0.744085195571912,0.59739654103948,0.698454759390465,0.738223200765778,0.787299922716749,0.910171473018188,"ZigZag","large_small","Nematolepis squamea","Pomaderris apetala","between","Nematolepis squamea large_Pomaderris apetala small","between_species_large_small",NA,NA,NA,NA,NA
"129","Pomaderris apetala large","Pomaderris apetala large",-0.0520757071387495,1.15498871449622,0.369586543762785,0.852454398317602,1.22746245263519,1.50451205929916,1.87785019405838,"ZigZag","large_large","Pomaderris apetala","Pomaderris apetala","within","Pomaderris apetala large_Pomaderris apetala large","within_species_large_large",0.162667458257919,NA,-0.380960809660232,0.256683909624157,0.637644719284388
"130","Pomaderris apetala large","Nematolepis squamea small",-0.0495743147351307,0.841825712555515,0.594721433562226,0.760234911415564,0.876700781806112,0.929402416930095,0.977001275312073,"ZigZag","large_small","Pomaderris apetala","Nematolepis squamea","between","Pomaderris apetala large_Nematolepis squamea small","between_species_large_small",0.0560827657342277,NA,-0.16352142106355,0.0563189809214166,0.219840401984967
"131","Pomaderris apetala small","Pomaderris apetala large",0.0593264258602475,4.13424732794248,1.37051507013308,2.93367085720217,4.29222440909554,5.13759125691255,7.9917183735732,"ZigZag","large_small","Pomaderris apetala","Pomaderris apetala","within","Pomaderris apetala small_Pomaderris apetala large","within_species_large_small",0.0324797077284274,NA,-0.0047273973578045,0.122590717394405,0.12731811475221
"132","Pomaderris apetala small","Eucalyptus obliqua small",0.0601262337491507,2.22297774081655,1.19972158503414,1.68890823849661,2.09342155056491,2.61296005060313,4.906921761957,"ZigZag","small_small","Pomaderris apetala","Eucalyptus obliqua","between","Pomaderris apetala small_Eucalyptus obliqua small","between_species_small_small",0.0323575466465269,NA,-0.0052074505427789,0.121631801567756,0.126839252110535
"133","Nematolepis squamea large","Pomaderris apetala large",0.0658344222064597,1.42500663722572,1.08544739531717,1.28773131735698,1.42616824601469,1.56043281940968,1.79709960227972,"ZigZag","large_large","Nematolepis squamea","Pomaderris apetala","between","Nematolepis squamea large_Pomaderris apetala large","between_species_large_large",NA,NA,NA,NA,NA
"134","Pomaderris apetala small","Eucalyptus obliqua large",0.0784705969770089,3.76702240061388,1.26346376040852,2.43531491309382,3.22848142349528,4.49174944247455,13.279162896626,"ZigZag","large_small","Pomaderris apetala","Eucalyptus obliqua","between","Pomaderris apetala small_Eucalyptus obliqua large","between_species_large_small",0.0500277672446534,NA,-0.0228462212217194,0.173259022831227,0.196105244052947
"135","Eucalyptus obliqua small","Eucalyptus obliqua small",0.106845990869302,0.101101096747972,0.00627608472429015,0.0217803721370704,0.0646837676764767,0.151307048908711,0.562273426241953,"ZigZag","small_small","Eucalyptus obliqua","Eucalyptus obliqua","within","Eucalyptus obliqua small_Eucalyptus obliqua small","within_species_small_small",0.0850906534003912,NA,-0.0507397717209653,0.28280946045053,0.333549232171495
"136","Nematolepis squamea small","Eucalyptus obliqua small",0.119412438261155,2.55136154729101,1.08397328843027,1.83119676655801,2.28057740565342,2.94581613320047,7.27312320723484,"ZigZag","small_small","Nematolepis squamea","Eucalyptus obliqua","between","Nematolepis squamea small_Eucalyptus obliqua small","between_species_small_small",0.0498092445001684,1,0.0173339577839445,0.212582608418904,0.19524865063496
"137","Nematolepis squamea small","Eucalyptus obliqua large",0.156907521153872,4.56871762478501,1.11176830974053,2.44282200093488,3.68958695900481,5.73382446356472,18.5322494153585,"ZigZag","large_small","Nematolepis squamea","Eucalyptus obliqua","between","Nematolepis squamea small_Eucalyptus obliqua large","between_species_large_small",0.0671448451044631,1,0.0173865145998208,0.280589470904357,0.263202956304536
"138","Eucalyptus obliqua small","Nematolepis squamea large",0.166635307159542,5.30861593184796,1.20548532177298,3.2089555984532,4.88058943018173,7.12792406015237,12.6578335721693,"ZigZag","large_small","Eucalyptus obliqua","Nematolepis squamea","between","Eucalyptus obliqua small_Nematolepis squamea large","between_species_large_small",NA,NA,NA,NA,NA
"139","Nematolepis squamea small","Nematolepis squamea small",0.187826075617582,33.1607766190753,1.774912083424,5.73342527543574,17.2502303878135,46.6023102603549,192.278211350177,"ZigZag","small_small","Nematolepis squamea","Nematolepis squamea","within","Nematolepis squamea small_Nematolepis squamea small","within_species_small_small",0.081842589778274,1,0.0331437354208163,0.353960792154622,0.320817056733806
"140","Eucalyptus obliqua large","Nematolepis squamea large",0.248808576095749,6.9593935844262,1.46973857902733,4.86738569822433,6.62745024372544,8.39091354027017,21.3352592268824,"ZigZag","large_large","Eucalyptus obliqua","Nematolepis squamea","between","Eucalyptus obliqua large_Nematolepis squamea large","between_species_large_large",NA,NA,NA,NA,NA
"141","Pomaderris apetala small","Pomaderris apetala small",0.310839432681539,29.4597709076648,3.20757237231524,14.1647012146874,24.3432541643349,36.6652554464168,187.260359175652,"ZigZag","small_small","Pomaderris apetala","Pomaderris apetala","within","Pomaderris apetala small_Pomaderris apetala small","within_species_small_small",0.0552274030355593,1,0.205006097923299,0.421493539742048,0.216487441818748
"142","Eucalyptus delegatensis small","Nothofagus cunninghamii small",-0.340909846773473,0.557465636435698,0.000517014202865005,0.262586449716381,0.630162034796208,0.83939925593528,0.99282174805672,"NorthStyx","small_small","Eucalyptus delegatensis","Nothofagus cunninghamii","between","Eucalyptus delegatensis small_Nothofagus cunninghamii small","between_species_small_small",NA,NA,NA,NA,NA
"143","Phyllocladus aspleniifolius small","Eucalyptus regnans large",-0.313705381525137,0.667820446024466,0.0199745641952447,0.48147419294591,0.769350092178729,0.91200562649684,0.987573290461308,"NorthStyx","large_small","Phyllocladus aspleniifolius","Eucalyptus regnans","between","Phyllocladus aspleniifolius small_Eucalyptus regnans large","between_species_large_small",0.14392755433491,1,-0.581328715503196,-0.0171430697444847,0.564185645758711
"144","Eucalyptus delegatensis large","Eucalyptus delegatensis large",-0.297485337834692,0.225834983516326,0.00353407395199178,0.0241311826811678,0.124556430728402,0.408114306785904,0.812267470094236,"NorthStyx","large_large","Eucalyptus delegatensis","Eucalyptus delegatensis","within","Eucalyptus delegatensis large_Eucalyptus delegatensis large","within_species_large_large",0.328299862714637,NA,-0.937103200838798,0.349808613261465,1.28691181410026
"145","Eucalyptus delegatensis small","Eucalyptus regnans large",-0.297482779291611,0.668762268407048,0.0023553340698083,0.527406725830904,0.777501802408688,0.898517152306785,0.993733283687663,"NorthStyx","large_small","Eucalyptus delegatensis","Eucalyptus regnans","between","Eucalyptus delegatensis small_Eucalyptus regnans large","between_species_large_small",NA,NA,NA,NA,NA
"146","Phyllocladus aspleniifolius small","Nothofagus cunninghamii small",-0.286484072192014,0.595764808162704,0.0149064258458983,0.323997106643322,0.673767731551485,0.881899066861426,0.988645453095307,"NorthStyx","small_small","Phyllocladus aspleniifolius","Nothofagus cunninghamii","between","Phyllocladus aspleniifolius small_Nothofagus cunninghamii small","between_species_small_small",0.363866648285571,NA,-1.00977010346848,0.41656094816156,1.42633105163004
"147","Eucalyptus delegatensis large","Eucalyptus regnans small",-0.242134049901724,0.628520964147974,0.165846524849922,0.392450272807186,0.65930795731413,0.848642039940047,0.979694907230029,"NorthStyx","large_small","Eucalyptus delegatensis","Eucalyptus regnans","between","Eucalyptus delegatensis large_Eucalyptus regnans small","between_species_large_small",NA,NA,NA,NA,NA
"148","Nothofagus cunninghamii small","Eucalyptus regnans large",-0.198470094224122,0.67650439588294,0.262779261482591,0.553507585150314,0.703623225574288,0.818906253432983,0.927553565723815,"NorthStyx","large_small","Nothofagus cunninghamii","Eucalyptus regnans","between","Nothofagus cunninghamii small_Eucalyptus regnans large","between_species_large_small",0.103634078166667,1,-0.408949546137835,-0.00271142458248097,0.406238121555354
"149","Nothofagus cunninghamii small","Nothofagus cunninghamii small",-0.178617807782765,0.929859134907001,0.429587591320213,0.7253239391044,0.9029188125273,1.08076158490112,1.55641088376584,"NorthStyx","small_small","Nothofagus cunninghamii","Nothofagus cunninghamii","within","Nothofagus cunninghamii small_Nothofagus cunninghamii small","within_species_small_small",0.347670548595682,NA,-0.869459629690356,0.493383877775281,1.36284350746564
"150","Phyllocladus aspleniifolius small","Eucalyptus delegatensis small",-0.171574464000388,0.760277264176459,0.116200949617393,0.655009823186471,0.825100214216328,0.938157815027731,0.993184227510931,"NorthStyx","small_small","Phyllocladus aspleniifolius","Eucalyptus delegatensis","between","Phyllocladus aspleniifolius small_Eucalyptus delegatensis small","between_species_small_small",0.164040714804799,NA,-0.4734572134557,0.169570572575526,0.643027786031225
"151","Eucalyptus regnans large","Eucalyptus regnans large",-0.159686855971461,0.205836687538494,0.0329420446703305,0.0782109247237021,0.145668284327634,0.259178399983318,0.967303718119205,"NorthStyx","large_large","Eucalyptus regnans","Eucalyptus regnans","within","Eucalyptus regnans large_Eucalyptus regnans large","within_species_large_large",0.127717063880962,NA,-0.404800806350295,0.0958408844854793,0.500641690835774
"152","Monotoca glauca small","Eucalyptus regnans large",-0.10678798436899,0.755921617847938,0.227797802001112,0.608005856881145,0.840303835999727,0.934407468685327,0.996139857794637,"NorthStyx","large_small","Monotoca glauca","Eucalyptus regnans","between","Monotoca glauca small_Eucalyptus regnans large","between_species_large_small",0.0923241759512254,NA,-0.297993845886837,0.0639102736466447,0.361904119533481
"153","Eucalyptus delegatensis small","Eucalyptus delegatensis small",-0.0376214491665044,0.884067100612935,0.0327895869655637,0.65917964671269,1.06016076433971,1.16471861754069,1.21239650756617,"NorthStyx","small_small","Eucalyptus delegatensis","Eucalyptus delegatensis","within","Eucalyptus delegatensis small_Eucalyptus delegatensis small","within_species_small_small",0.196267353987691,NA,-0.36734345466411,0.402010435649585,0.769353890313695
"154","Eucalyptus delegatensis small","Monotoca glauca small",-0.0102804038663588,0.980139824871098,0.868061336171301,0.975576583982114,0.988756681792409,0.994949002248994,0.999782777116576,"NorthStyx","small_small","Eucalyptus delegatensis","Monotoca glauca","between","Eucalyptus delegatensis small_Monotoca glauca small","between_species_small_small",NA,NA,NA,NA,NA
"155","Phyllocladus aspleniifolius small","Monotoca glauca small",-0.00723667278413117,0.988219899423559,0.929745148206118,0.984530764799787,0.992395768802333,0.997401547245343,0.999711581588848,"NorthStyx","small_small","Phyllocladus aspleniifolius","Monotoca glauca","between","Phyllocladus aspleniifolius small_Monotoca glauca small","between_species_small_small",0.133629294121967,NA,-0.269516531089141,0.254300676427989,0.523817207517131
"156","Nothofagus cunninghamii small","Eucalyptus regnans small",-0.00109059712838157,0.997528590379757,0.992040474270864,0.996479618124309,0.998054324965139,0.998866818926398,0.999592163872424,"NorthStyx","small_small","Nothofagus cunninghamii","Eucalyptus regnans","between","Nothofagus cunninghamii small_Eucalyptus regnans small","between_species_small_small",0.109079377810231,NA,-0.209001235784166,0.218582068144014,0.42758330392818
"157","Phyllocladus aspleniifolius small","Phyllocladus aspleniifolius small",0.0138782215761326,0.90327421549164,0.131216354488091,0.568718223347361,1.04771646843219,1.24871454740504,1.31793155967892,"NorthStyx","small_small","Phyllocladus aspleniifolius","Phyllocladus aspleniifolius","within","Phyllocladus aspleniifolius small_Phyllocladus aspleniifolius small","within_species_small_small",0.253648700953657,NA,-0.469460523637847,0.524824113551228,0.994284637189075
"158","Eucalyptus regnans small","Eucalyptus delegatensis small",0.126217717275426,5.08394902679917,1.06181526276404,2.21458938379747,3.33731361389372,6.06061818744327,25.2708867576616,"NorthStyx","small_small","Eucalyptus regnans","Eucalyptus delegatensis","between","Eucalyptus regnans small_Eucalyptus delegatensis small","between_species_small_small",0.0875298875662569,NA,-0.0551063417769267,0.288004512624481,0.343110854401408
"159","Monotoca glauca small","Eucalyptus delegatensis large",0.171157289436162,2.36065278010155,1.00621817096825,1.15714140935123,1.4754775158328,2.59377607251009,9.98295283877634,"NorthStyx","large_small","Monotoca glauca","Eucalyptus delegatensis","between","Monotoca glauca small_Eucalyptus delegatensis large","between_species_large_small",0.147605236500294,NA,-0.0630275327255364,0.51557436221465,0.578601894940187
"160","Eucalyptus regnans small","Monotoca glauca small",0.184490457806311,5.5929693744542,1.07003573469531,2.8039336242235,4.40361287569833,7.12402300282047,18.8770350729658,"NorthStyx","small_small","Eucalyptus regnans","Monotoca glauca","between","Eucalyptus regnans small_Monotoca glauca small","between_species_small_small",NA,NA,NA,NA,NA
"161","Eucalyptus delegatensis large","Phyllocladus aspleniifolius small",0.187904646351407,2.13473131350597,1.02508131485685,1.20470452197133,1.64497847938538,2.97618322012014,6.47125667317091,"NorthStyx","large_small","Eucalyptus delegatensis","Phyllocladus aspleniifolius","between","Eucalyptus delegatensis large_Phyllocladus aspleniifolius small","between_species_large_small",NA,NA,NA,NA,NA
"162","Eucalyptus regnans small","Eucalyptus regnans large",0.192511195258152,7.6495678031073,1.05463179326038,1.95858349610263,2.74360244914463,5.49470686620499,117.431289940883,"NorthStyx","large_small","Eucalyptus regnans","Eucalyptus regnans","within","Eucalyptus regnans small_Eucalyptus regnans large","within_species_large_small",0.0811182030113528,1,0.0291778472034907,0.347155359989211,0.31797751278572
"163","Monotoca glauca small","Nothofagus cunninghamii small",0.203949540857651,5.22989827289117,1.0074139248482,1.2200655077061,1.81539670433652,5.5014031478995,35.8402561631307,"NorthStyx","small_small","Monotoca glauca","Nothofagus cunninghamii","between","Monotoca glauca small_Nothofagus cunninghamii small","between_species_small_small",NA,NA,NA,NA,NA
"164","Eucalyptus regnans small","Eucalyptus regnans small",0.221782133908031,0.512349144737365,0.0422739651182864,0.188839688759443,0.465602813835578,0.703776491334784,1.88853722447755,"NorthStyx","small_small","Eucalyptus regnans","Eucalyptus regnans","within","Eucalyptus regnans small_Eucalyptus regnans small","within_species_small_small",0.0828540472223738,1,0.0654760246396646,0.390257921698132,0.324781897058467
"165","Eucalyptus regnans small","Phyllocladus aspleniifolius small",0.226660716625305,15.3262631408973,1.10222619014959,4.42879555606358,9.24657479418413,19.6344323967561,98.6150103067529,"NorthStyx","small_small","Eucalyptus regnans","Phyllocladus aspleniifolius","between","Eucalyptus regnans small_Phyllocladus aspleniifolius small","between_species_small_small",NA,NA,NA,NA,NA
"166","Eucalyptus regnans large","Eucalyptus delegatensis large",0.333997993129981,66.1498838443966,1.18883311222738,11.2181505391813,36.0368737870393,90.6713092822507,421.131318567234,"NorthStyx","large_large","Eucalyptus regnans","Eucalyptus delegatensis","between","Eucalyptus regnans large_Eucalyptus delegatensis large","between_species_large_large",0.147514678617369,1,0.0487070138235182,0.626953928385605,0.578246914562087
"167","Monotoca glauca small","Monotoca glauca small",0.354240174975788,0.876183770567484,0.115870443240638,0.631484593650067,0.873861347899403,1.06213552462227,2.28806939991138,"NorthStyx","small_small","Monotoca glauca","Monotoca glauca","within","Monotoca glauca small_Monotoca glauca small","within_species_small_small",0.119013116580213,1,0.119129707913012,0.585652552283182,0.46652284437017
"168","Eucalyptus delegatensis large","Nothofagus cunninghamii small",0.354615065967407,5.69682224079104,1.03049955423825,1.43908195863692,2.46160533396977,7.37465633820784,50.0561527092758,"NorthStyx","large_small","Eucalyptus delegatensis","Nothofagus cunninghamii","between","Eucalyptus delegatensis large_Nothofagus cunninghamii small","between_species_large_small",NA,NA,NA,NA,NA
"169","Eucalyptus delegatensis small","Eucalyptus delegatensis large",0.521486722909111,147.953436134514,1.01108105245709,1.29179284386622,1.79696086063524,3.71126577109254,9911.63023848341,"NorthStyx","large_small","Eucalyptus delegatensis","Eucalyptus delegatensis","within","Eucalyptus delegatensis small_Eucalyptus delegatensis large","within_species_large_small",0.21083098117335,1,0.0628784529016194,0.889320712751634,0.826442259850015
"170","Eucalyptus obliqua large","Eucalyptus fastigata large",-0.395323082242368,0.497331295248083,0.0323066137089881,0.236347526970654,0.474618588726042,0.778579660964081,0.985179587870419,"Newline","large_large","Eucalyptus obliqua","Eucalyptus fastigata","between","Eucalyptus obliqua large_Eucalyptus fastigata large","between_species_large_large",0.167697547001255,1,-0.72182684583287,-0.0644645409965243,0.657362304836346
"171","Eucalyptus obliqua large","Eucalyptus obliqua large",-0.302112413982108,0.531368472347439,0.0599516707725213,0.27028121853177,0.48185613181091,0.785421875926515,1.10197261170562,"Newline","large_large","Eucalyptus obliqua","Eucalyptus obliqua","within","Eucalyptus obliqua large_Eucalyptus obliqua large","within_species_large_large",0.3361118461425,NA,-0.954686192217743,0.362848034215394,1.31753422643314
"172","Eucalyptus obliqua large","Eucalyptus cypellocarpa large",-0.285851246663203,0.592344581463064,0.105722387303394,0.377511748423282,0.600229760908695,0.819297951404471,0.989261487619688,"Newline","large_large","Eucalyptus obliqua","Eucalyptus cypellocarpa","between","Eucalyptus obliqua large_Eucalyptus cypellocarpa large","between_species_large_large",0.196941592532499,NA,-0.665213852810653,0.106783004032667,0.77199685684332
"173","Eucalyptus cypellocarpa large","Eucalyptus cypellocarpa large",-0.274209534932957,0.281978716257767,0.0305249162987411,0.134543605526797,0.234373249765079,0.390364360390369,0.876918317718172,"Newline","large_large","Eucalyptus cypellocarpa","Eucalyptus cypellocarpa","within","Eucalyptus cypellocarpa large_Eucalyptus cypellocarpa large","within_species_large_large",0.272192045720781,NA,-0.80365934442426,0.263313868557762,1.06697321298202
"174","Eucalyptus cypellocarpa large","Eucalyptus fastigata large",-0.229335963656504,0.466644592410865,0.104772701081804,0.310137969119001,0.475072167768847,0.598900131960247,0.899138129068845,"Newline","large_large","Eucalyptus cypellocarpa","Eucalyptus fastigata","between","Eucalyptus cypellocarpa large_Eucalyptus fastigata large","between_species_large_large",NA,NA,NA,NA,NA
"175","Eucalyptus fastigata large","Eucalyptus fastigata large",-0.132464107936153,0.879348987871477,0.358655914191176,0.653554440805167,0.843214889940538,1.10635865479202,1.43177908754076,"Newline","large_large","Eucalyptus fastigata","Eucalyptus fastigata","within","Eucalyptus fastigata large_Eucalyptus fastigata large","within_species_large_large",0.151462004441929,NA,-0.429271056361813,0.164449091103039,0.593720147464853
"176","Eucalyptus obliqua small","Eucalyptus cypellocarpa small",-0.104307503331474,0.663920316771852,0.285069710078591,0.518617067148916,0.661074390074693,0.802230411694297,0.979127606370657,"Newline","small_small","Eucalyptus obliqua","Eucalyptus cypellocarpa","between","Eucalyptus obliqua small_Eucalyptus cypellocarpa small","between_species_small_small",0.0861151604598729,NA,-0.272739283214213,0.0648259428342642,0.337565226048477
"177","Eucalyptus obliqua small","Eucalyptus fastigata large",-0.0286566367202328,0.87737151729766,0.668952802622862,0.817782493753206,0.880938878236821,0.946559276104259,0.994221748211592,"Newline","large_small","Eucalyptus obliqua","Eucalyptus fastigata","between","Eucalyptus obliqua small_Eucalyptus fastigata large","between_species_large_small",0.0718278191410736,NA,-0.170844922957914,0.110714954251208,0.281559877209122
"178","Eucalyptus obliqua small","Eucalyptus fastigata small",-0.0274584632922144,0.904444015252065,0.736643173100866,0.863026915082329,0.9082595594302,0.950774205012077,0.994462674708075,"Newline","small_small","Eucalyptus obliqua","Eucalyptus fastigata","between","Eucalyptus obliqua small_Eucalyptus fastigata small","between_species_small_small",0.0715237301008139,NA,-0.167951551051093,0.112416319024024,0.280367870075117
"179","Eucalyptus cypellocarpa small","Eucalyptus fastigata large",-0.0218598708821644,0.904844091075436,0.757765902771079,0.866356559611515,0.900298455978896,0.9510791513244,0.99730837136557,"Newline","large_small","Eucalyptus cypellocarpa","Eucalyptus fastigata","between","Eucalyptus cypellocarpa small_Eucalyptus fastigata large","between_species_large_small",NA,NA,NA,NA,NA
"180","Eucalyptus cypellocarpa large","Eucalyptus cypellocarpa small",-0.00713297730485734,0.975376542058988,0.940503866957508,0.970028359652332,0.977381059238182,0.98321774322723,0.995606941217565,"Newline","large_small","Eucalyptus cypellocarpa","Eucalyptus cypellocarpa","within","Eucalyptus cypellocarpa large_Eucalyptus cypellocarpa small","within_species_large_small",NA,NA,NA,NA,NA
"181","Eucalyptus fastigata small","Eucalyptus obliqua large",0.0670744753540379,1.76458187364488,1.08170519163129,1.4013455005867,1.66837156505132,2.08201441169409,3.13455070108203,"Newline","large_small","Eucalyptus fastigata","Eucalyptus obliqua","between","Eucalyptus fastigata small_Eucalyptus obliqua large","between_species_large_small",NA,NA,NA,NA,NA
"182","Eucalyptus fastigata small","Eucalyptus cypellocarpa small",0.0773414023926945,1.57223524923278,1.07756746973992,1.35858064984163,1.52398806194661,1.74160830864221,2.70870416885537,"Newline","small_small","Eucalyptus fastigata","Eucalyptus cypellocarpa","between","Eucalyptus fastigata small_Eucalyptus cypellocarpa small","between_species_small_small",0.0692107326170708,NA,-0.0549147011684913,0.216386385377689,0.271301086546181
"183","Eucalyptus fastigata small","Eucalyptus fastigata large",0.0872908934991671,1.78508012559085,1.05641899790316,1.3276884877329,1.65102033100046,2.08761800501082,3.93344313854885,"Newline","large_small","Eucalyptus fastigata","Eucalyptus fastigata","within","Eucalyptus fastigata small_Eucalyptus fastigata large","within_species_large_small",0.0753738581932601,NA,-0.0620460211326075,0.233414073736631,0.295460094869238
"184","Eucalyptus obliqua small","Eucalyptus obliqua large",0.170785101978322,2.84416891341426,1.05133538891689,1.69892201714377,2.47304204411402,3.70462570789011,8.98466126351147,"Newline","large_small","Eucalyptus obliqua","Eucalyptus obliqua","within","Eucalyptus obliqua small_Eucalyptus obliqua large","within_species_large_small",0.147348798575674,NA,-0.123208869937792,0.454387806809344,0.577596676747136
"185","Eucalyptus obliqua small","Eucalyptus cypellocarpa large",0.195233337795523,2.74122849025445,1.04027024577371,1.58872939031819,2.37154522807641,3.42562779795703,10.2701969592826,"Newline","large_small","Eucalyptus obliqua","Eucalyptus cypellocarpa","between","Eucalyptus obliqua small_Eucalyptus cypellocarpa large","between_species_large_small",0.133983702191992,NA,-0.0703166873623711,0.454889774260916,0.525206461623287
"186","Eucalyptus fastigata small","Eucalyptus cypellocarpa large",0.1995867245805,4.37088585124904,1.2163870366279,2.26928714008832,3.44947920491956,6.19692075376763,13.752897205927,"Newline","large_small","Eucalyptus fastigata","Eucalyptus cypellocarpa","between","Eucalyptus fastigata small_Eucalyptus cypellocarpa large","between_species_large_small",0.124746537015371,NA,-0.0500197920033026,0.438977647489137,0.48899743949244
"187","Eucalyptus cypellocarpa small","Eucalyptus obliqua large",0.200592254295333,3.91048313252421,1.03233327363526,1.96849892807397,2.96352627448222,4.91231506917041,19.1048455356683,"Newline","large_small","Eucalyptus cypellocarpa","Eucalyptus obliqua","between","Eucalyptus cypellocarpa small_Eucalyptus obliqua large","between_species_large_small",NA,NA,NA,NA,NA
"188","Eucalyptus cypellocarpa small","Eucalyptus cypellocarpa small",0.21088641724345,1.97987386502418,1.03127320630335,1.47198733298536,1.90338945434653,2.28491808112214,4.59756877013181,"Newline","small_small","Eucalyptus cypellocarpa","Eucalyptus cypellocarpa","within","Eucalyptus cypellocarpa small_Eucalyptus cypellocarpa small","within_species_small_small",0.11678192773566,NA,-0.0199344157402622,0.437842329073843,0.457776744814105
"189","Eucalyptus obliqua small","Eucalyptus obliqua small",0.231807084463587,2.51929444202984,1.0671497626681,1.5873814748745,2.2992556928398,3.1742529557464,6.69179052709959,"Newline","small_small","Eucalyptus obliqua","Eucalyptus obliqua","within","Eucalyptus obliqua small_Eucalyptus obliqua small","within_species_small_small",0.11363282630623,1,0.0160772139101041,0.461509707953518,0.445432494043414
"190","Eucalyptus fastigata small","Eucalyptus fastigata small",0.252060016402276,1.30598646471515,0.605978094226889,0.967738592404929,1.18499501807503,1.53824319573532,3.80770426544076,"Newline","small_small","Eucalyptus fastigata","Eucalyptus fastigata","within","Eucalyptus fastigata small_Eucalyptus fastigata small","within_species_small_small",0.091293048678204,1,0.0701624477252963,0.42802462262158,0.357862174896284
"191","Eucalyptus fastigata small","Eucalyptus viminalis large",-0.086605014830057,0.771036666398247,0.244534851277146,0.690243392108804,0.81709009942739,0.904137469132,0.991974206187522,"WogWay","large_small","Eucalyptus fastigata","Eucalyptus viminalis","between","Eucalyptus fastigata small_Eucalyptus viminalis large","between_species_large_small",NA,NA,NA,NA,NA
"192","Eucalyptus fastigata large","Eucalyptus viminalis small",-0.0593723239499188,0.838462682026855,0.554878615432348,0.759360967896486,0.875282645182291,0.92571661568309,0.993156133649979,"WogWay","large_small","Eucalyptus fastigata","Eucalyptus viminalis","between","Eucalyptus fastigata large_Eucalyptus viminalis small","between_species_large_small",NA,NA,NA,NA,NA
"193","Eucalyptus fastigata small","Eucalyptus viminalis small",-0.0294331919371841,0.911378571170441,0.649988663512189,0.87922546392448,0.929618542399339,0.962799477717583,0.997265131754782,"WogWay","small_small","Eucalyptus fastigata","Eucalyptus viminalis","between","Eucalyptus fastigata small_Eucalyptus viminalis small","between_species_small_small",NA,NA,NA,NA,NA
"194","Eucalyptus fastigata large","Eucalyptus viminalis large",-0.0268084235323795,0.922884802140778,0.775229715591986,0.879423174260162,0.943960592837711,0.971490704139278,0.996903964262706,"WogWay","large_large","Eucalyptus fastigata","Eucalyptus viminalis","between","Eucalyptus fastigata large_Eucalyptus viminalis large","between_species_large_large",NA,NA,NA,NA,NA
"195","Eucalyptus viminalis small","Eucalyptus viminalis large",-0.0156545816792898,0.931600789636496,0.758865961420197,0.885002408658956,0.956482816298158,0.989038960905488,0.999404281462868,"WogWay","large_small","Eucalyptus viminalis","Eucalyptus viminalis","within","Eucalyptus viminalis small_Eucalyptus viminalis large","within_species_large_small",0.021317454904662,NA,-0.0577259328816309,0.0258369548287576,0.0835628877103885
"196","Eucalyptus fastigata small","Eucalyptus fastigata large",0.111564975597029,1.53142402309593,1.0104346414648,1.16021797545916,1.30922741417694,1.57546493326641,5.42721396214879,"WogWay","large_small","Eucalyptus fastigata","Eucalyptus fastigata","within","Eucalyptus fastigata small_Eucalyptus fastigata large","within_species_large_small",0.0951494342415917,NA,-0.072248928207639,0.300730000318125,0.372978928525764
"197","Eucalyptus viminalis large","Eucalyptus viminalis large",0.176122512062708,2.81560051897735,1.12316338752031,2.05016227827533,2.62659472098972,3.35049254639264,7.09933912845482,"WogWay","large_large","Eucalyptus viminalis","Eucalyptus viminalis","within","Eucalyptus viminalis large_Eucalyptus viminalis large","within_species_large_large",0.0887871123743984,1,0.00233826178186927,0.350377346872132,0.348039085090263
"198","Eucalyptus fastigata large","Eucalyptus fastigata large",0.215942234830787,2.05915625638182,1.10268538878974,1.33906568958282,1.55971415703365,2.4091097954424,6.06082180200716,"WogWay","large_large","Eucalyptus fastigata","Eucalyptus fastigata","within","Eucalyptus fastigata large_Eucalyptus fastigata large","within_species_large_large",0.172737786354388,NA,-0.12146788878209,0.55565179126546,0.67711968004755
"199","Eucalyptus fastigata small","Eucalyptus fastigata small",0.425386455477473,5.7638604554561,1.11468179479469,1.99815432102083,3.24324741604259,6.5554103699808,75.55355980196,"WogWay","small_small","Eucalyptus fastigata","Eucalyptus fastigata","within","Eucalyptus fastigata small_Eucalyptus fastigata small","within_species_small_small",0.09006577852987,1,0.247240168712966,0.600291533029178,0.353051364316212
"200","Eucalyptus viminalis small","Eucalyptus viminalis small",0.508067519133222,17.8885870651761,1.04090113432853,1.56785542484434,4.12850356821363,19.3665671575148,170.792726426458,"WogWay","small_small","Eucalyptus viminalis","Eucalyptus viminalis","within","Eucalyptus viminalis small_Eucalyptus viminalis small","within_species_small_small",0.0616179487279597,1,0.38403014902717,0.625568069643243,0.241537920616073
"201","Eucalyptus fastigata large","Eucalyptus fastigata large",-0.241258831419982,0.387202650326359,0.176747015460571,0.299549020064452,0.373346692959166,0.450551139189633,0.861535925081606,"Goodenia","large_large","Eucalyptus fastigata","Eucalyptus fastigata","within","Eucalyptus fastigata large_Eucalyptus fastigata large","within_species_large_large",0.197603029952846,NA,-0.631963001947911,0.142626641939222,0.774589643887134
"202","Eucalyptus fastigata large","Eucalyptus fastigata small",-0.0261094787516479,0.901214031116163,0.830459397001329,0.882700479313844,0.900462095346202,0.917809506686061,0.984893937398924,"Goodenia","large_small","Eucalyptus fastigata","Eucalyptus fastigata","within","Eucalyptus fastigata large_Eucalyptus fastigata small","within_species_large_small",NA,NA,NA,NA,NA
"203","Eucalyptus fastigata small","Eucalyptus fastigata small",0.291889917933146,4.53813294621847,1.09654610108339,2.62182230804923,3.94042437919814,5.84188642697498,14.9187835129948,"Goodenia","small_small","Eucalyptus fastigata","Eucalyptus fastigata","within","Eucalyptus fastigata small_Eucalyptus fastigata small","within_species_small_small",0.095767645490019,1,0.105442816217177,0.48084508830645,0.375402272089274
"204","Eucalyptus obliqua large","Eucalyptus obliqua large",-0.0958677862299391,0.682799222927191,0.485772624120642,0.625044690018214,0.676051308089691,0.725807740056456,0.965470865412063,"Candelo","large_large","Eucalyptus obliqua","Eucalyptus obliqua","within","Eucalyptus obliqua large_Eucalyptus obliqua large","within_species_large_large",0.129156837374246,NA,-0.346571904714613,0.159713594506626,0.506285499221239
"205","Eucalyptus obliqua large","Eucalyptus obliqua small",-0.0291827261279684,0.862738242398056,0.755652321980838,0.832526093785847,0.860284529370142,0.888391457193234,0.974780795496668,"Candelo","large_small","Eucalyptus obliqua","Eucalyptus obliqua","within","Eucalyptus obliqua large_Eucalyptus obliqua small","within_species_large_small",NA,NA,NA,NA,NA
"206","Eucalyptus obliqua small","Eucalyptus obliqua small",0.333173673847974,6.81045387120478,1.68151447490248,3.87068924115643,5.42521358545774,7.70301539906814,49.1433026003726,"Candelo","small_small","Eucalyptus obliqua","Eucalyptus obliqua","within","Eucalyptus obliqua small_Eucalyptus obliqua small","within_species_small_small",0.0431965397070946,1,0.246132629193513,0.415459953358832,0.16932732416532
"207","Eucalyptus regnans large","Eucalyptus regnans large",-0.276859696652329,0.597225382265596,0.159740486057146,0.448492858488644,0.568535779563955,0.76189650792591,1.04722561989796,"ANU101","large_large","Eucalyptus regnans","Eucalyptus regnans","within","Eucalyptus regnans large_Eucalyptus regnans large","within_species_large_large",0.171469364660574,NA,-0.597673477070141,0.0744740813032407,0.672147558373382
"208","Eucalyptus regnans large","Eucalyptus regnans small",-0.17118316548667,0.48200002269783,0.159109694603582,0.385637332360952,0.462442533600089,0.591936437462993,0.82868435710568,"ANU101","large_small","Eucalyptus regnans","Eucalyptus regnans","within","Eucalyptus regnans large_Eucalyptus regnans small","within_species_large_small",NA,NA,NA,NA,NA
"209","Eucalyptus regnans small","Pomaderris aspera small",-0.0872473160226821,0.656126560582855,0.333810442109616,0.566758637377631,0.63351973693785,0.768811785029804,0.928075423422534,"ANU101","small_small","Eucalyptus regnans","Pomaderris aspera","between","Eucalyptus regnans small_Pomaderris aspera small","between_species_small_small",NA,NA,NA,NA,NA
"210","Eucalyptus regnans large","Pomaderris aspera small",-0.0292684488297127,0.89378402395542,0.789431781422324,0.872934349541497,0.892866206898517,0.918005980423413,0.966285295680825,"ANU101","large_small","Eucalyptus regnans","Pomaderris aspera","between","Eucalyptus regnans large_Pomaderris aspera small","between_species_large_small",NA,NA,NA,NA,NA
"211","Eucalyptus regnans small","Eucalyptus regnans small",-0.0147951733779783,2.4641511425989,1.29021804984594,1.90843728796749,2.31736272612782,2.98282333310828,3.98106245645084,"ANU101","small_small","Eucalyptus regnans","Eucalyptus regnans","within","Eucalyptus regnans small_Eucalyptus regnans small","within_species_small_small",0.10347104017731,NA,-0.22222457209889,0.18337445228196,0.40559902438085
"212","Pomaderris aspera small","Pomaderris aspera small",0.209708312394539,5.86063963202157,1.88167500543058,4.11848048455813,5.38978809962505,7.04740856297786,18.7339244848636,"ANU101","small_small","Pomaderris aspera","Pomaderris aspera","within","Pomaderris aspera small_Pomaderris aspera small","within_species_small_small",0.0759565815092072,1,0.0605927578603184,0.358337086153972,0.297744328293654
"213","Eucalyptus regnans large","Eucalyptus regnans large",-0.728832106419383,0.0737046745533862,0.00449604544736084,0.0356010723748257,0.0645018442749057,0.0998523673696986,0.42315079705873,"Ada Tree","large_large","Eucalyptus regnans","Eucalyptus regnans","within","Eucalyptus regnans large_Eucalyptus regnans large","within_species_large_large",0.221418043803861,1,-1.16558602776433,-0.297643244998569,0.867942782765761
"214","Eucalyptus regnans small","Eucalyptus regnans small",-0.271011687281097,0.137663952461087,0.0303718436431029,0.0764858811705896,0.116377830028119,0.163694546375394,0.578953525289683,"Ada Tree","small_small","Eucalyptus regnans","Eucalyptus regnans","within","Eucalyptus regnans small_Eucalyptus regnans small","within_species_small_small",0.142012699013784,NA,-0.550550305356216,0.00612924547246974,0.556679550828686
"215","Eucalyptus regnans large","Eucalyptus regnans small",-0.216599579783781,0.351946936440677,0.16302403420511,0.294210375067302,0.356746120365916,0.407831046921448,0.611154098637978,"Ada Tree","large_small","Eucalyptus regnans","Eucalyptus regnans","within","Eucalyptus regnans large_Eucalyptus regnans small","within_species_large_small",NA,NA,NA,NA,NA
"216","Eucalyptus regnans large","Acacia melanoxylon small",-0.0608976851415107,0.756775633978265,0.601608691673936,0.727908879616085,0.766905880607969,0.795118765422107,0.88742678746945,"Ada Tree","large_small","Eucalyptus regnans","Acacia melanoxylon","between","Eucalyptus regnans large_Acacia melanoxylon small","between_species_large_small",0.0641180411656918,NA,-0.177491406573619,0.0738466963144059,0.251338102888025
"217","Acacia melanoxylon large","Acacia melanoxylon small",-0.0231575371982622,0.910720541258924,0.829737975833014,0.889934687180677,0.90749634494685,0.932002228194171,0.982216142352256,"Ada Tree","large_small","Acacia melanoxylon","Acacia melanoxylon","within","Acacia melanoxylon large_Acacia melanoxylon small","within_species_large_small",NA,NA,NA,NA,NA
"218","Acacia melanoxylon large","Acacia melanoxylon large",0.0859483731019781,0.510273807402215,0.262667423192792,0.389760110363721,0.506148222972,0.607458857419806,0.889265354941647,"Ada Tree","large_large","Acacia melanoxylon","Acacia melanoxylon","within","Acacia melanoxylon large_Acacia melanoxylon large","within_species_large_large",0.095546133013778,NA,-0.0977398974491263,0.27679406168903,0.374533959138156
"219","Eucalyptus regnans small","Acacia melanoxylon large",0.0883586756074439,1.88942582082705,1.24920443267297,1.68648620580304,1.86915149648815,2.08410181474787,2.77549101814914,"Ada Tree","large_small","Eucalyptus regnans","Acacia melanoxylon","between","Eucalyptus regnans small_Acacia melanoxylon large","between_species_large_small",0.0861349412350646,NA,-0.0809346048804155,0.256708160381986,0.337642765262401
"220","Acacia melanoxylon small","Eucalyptus regnans small",0.0949019876226172,2.11014152280968,1.1901435118493,1.7865149644715,1.9985572415682,2.35314233972909,3.71616282711815,"Ada Tree","small_small","Acacia melanoxylon","Eucalyptus regnans","between","Acacia melanoxylon small_Eucalyptus regnans small","between_species_small_small",NA,NA,NA,NA,NA
"221","Acacia melanoxylon small","Acacia melanoxylon small",0.166176817517695,2.23438471154416,1.31545777217002,1.88056488057102,2.18765286568341,2.50082965031458,4.19278672398857,"Ada Tree","small_small","Acacia melanoxylon","Acacia melanoxylon","within","Acacia melanoxylon small_Acacia melanoxylon small","within_species_small_small",0.0733399080882647,1,0.0311487756460758,0.318635932611029,0.287487156964953
"222","Eucalyptus regnans large","Acacia melanoxylon large",0.199126069923892,3.12081046798927,1.68186686758337,2.64858083283783,3.00904083005556,3.45001043907526,5.52743188574615,"Ada Tree","large_large","Eucalyptus regnans","Acacia melanoxylon","between","Eucalyptus regnans large_Acacia melanoxylon large","between_species_large_large",0.128520486195722,NA,-0.0604798250657691,0.443311223372616,0.503791048438385
"223","Eucalyptus regnans large","Eucalyptus regnans large",-0.476037045902743,0.134217972696637,0.0220101063784793,0.0792382436367781,0.118457224602918,0.166398734575934,0.654842073217533,"Weeaproinah","large_large","Eucalyptus regnans","Eucalyptus regnans","within","Eucalyptus regnans large_Eucalyptus regnans large","within_species_large_large",0.140573250858844,1,-0.759893681754467,-0.208856664008372,0.551037017746095
"224","Acacia melanoxylon large","Acacia melanoxylon large",-0.245868306615154,0.153345563543831,0.0577687678881393,0.103591242877844,0.134729456806576,0.179502057270171,0.625209275033367,"Weeaproinah","large_large","Acacia melanoxylon","Acacia melanoxylon","within","Acacia melanoxylon large_Acacia melanoxylon large","within_species_large_large",0.182841583095707,NA,-0.600345763250371,0.116380072237376,0.716725835487747
"225","Eucalyptus regnans small","Eucalyptus regnans small",-0.204490455569584,0.305900334983508,0.122744351381422,0.21542799397681,0.278317281323614,0.369498792123837,0.745383915041483,"Weeaproinah","small_small","Eucalyptus regnans","Eucalyptus regnans","within","Eucalyptus regnans small_Eucalyptus regnans small","within_species_small_small",0.115946277734933,NA,-0.445495832938839,0.00900522406505405,0.454501057003893
"226","Acacia melanoxylon large","Nematolepis squamea subsp squamea large",-0.174815193867713,0.426736047815484,0.209575111698499,0.340820199605676,0.41461730342757,0.501002864017329,0.803822330095823,"Weeaproinah","large_large","Acacia melanoxylon","Nematolepis squamea","between","Acacia melanoxylon large_Nematolepis squamea subsp squamea large","between_species_large_large",NA,NA,NA,NA,NA
"227","Eucalyptus regnans large","Eucalyptus regnans small",-0.128108557005696,0.493980123680697,0.285279134676815,0.434284377160738,0.499663272628733,0.548636638252205,0.824509437484992,"Weeaproinah","large_small","Eucalyptus regnans","Eucalyptus regnans","within","Eucalyptus regnans large_Eucalyptus regnans small","within_species_large_small",NA,NA,NA,NA,NA
"228","Nematolepis squamea subsp squamea large","Acacia melanoxylon small",-0.119745694009519,0.589220418913894,0.351379601117874,0.497727944048804,0.579091728377231,0.673059624681775,0.925634891551524,"Weeaproinah","large_small","Nematolepis squamea","Acacia melanoxylon","between","Nematolepis squamea subsp squamea large_Acacia melanoxylon small","between_species_large_small",0.0674974374914311,NA,-0.255588133775681,0.00899695928821545,0.264585093063897
"229","Acacia melanoxylon large","Eucalyptus regnans large",-0.0660448667106309,0.748162458200512,0.567799276146101,0.698505711882962,0.742185954999001,0.798689699958335,0.928114538250562,"Weeaproinah","large_large","Acacia melanoxylon","Eucalyptus regnans","between","Acacia melanoxylon large_Eucalyptus regnans large","between_species_large_large",NA,NA,NA,NA,NA
"230","Nematolepis squamea subsp squamea large","Nematolepis squamea subsp squamea large",-0.0201848665722577,1.04337404846539,0.698184140925189,0.934303012371956,1.06937053160536,1.15182482610473,1.41192020946245,"Weeaproinah","large_large","Nematolepis squamea","Nematolepis squamea","within","Nematolepis squamea subsp squamea large_Nematolepis squamea subsp squamea large","within_species_large_large",0.130264105149584,NA,-0.28339346284203,0.227232446301017,0.510625909143047
"231","Eucalyptus regnans small","Nematolepis squamea subsp squamea small",-0.0154452164233316,0.915239168125934,0.857223787946345,0.902217844393249,0.916493543606541,0.929814180903535,0.968458763046418,"Weeaproinah","small_small","Eucalyptus regnans","Nematolepis squamea","between","Eucalyptus regnans small_Nematolepis squamea subsp squamea small","between_species_small_small",NA,NA,NA,NA,NA
"232","Acacia melanoxylon small","Acacia melanoxylon large",0.00373924718506029,1.02907983806839,1.00782424130092,1.02052830252092,1.03017283113705,1.03688897910812,1.05764330239402,"Weeaproinah","large_small","Acacia melanoxylon","Acacia melanoxylon","within","Acacia melanoxylon small_Acacia melanoxylon large","within_species_large_small",0.0813376957184767,NA,-0.152471243404405,0.166366664982979,0.318837908387384
"233","Nematolepis squamea subsp squamea small","Nematolepis squamea subsp squamea large",0.00636162352033654,1.0954975383364,1.02048754549465,1.06902353794489,1.0942464361296,1.12405730381215,1.17598917727423,"Weeaproinah","large_small","Nematolepis squamea","Nematolepis squamea","within","Nematolepis squamea subsp squamea small_Nematolepis squamea subsp squamea large","within_species_large_small",0.0379970197536984,NA,-0.0634747202716616,0.0854708602025503,0.148945580474212
"234","Eucalyptus regnans small","Acacia melanoxylon small",0.0102204814860799,1.07586942724736,1.02816834628165,1.05926226029929,1.07254227685154,1.09049538098566,1.13064027081741,"Weeaproinah","small_small","Eucalyptus regnans","Acacia melanoxylon","between","Eucalyptus regnans small_Acacia melanoxylon small","between_species_small_small",0.0586770153691606,NA,-0.105080137445046,0.124929536242669,0.230009673687716
"235","Nematolepis squamea subsp squamea small","Eucalyptus regnans large",0.0178883899288008,1.21736096307082,1.05169817520922,1.16117165901133,1.21290684344174,1.26165212149238,1.46946465211805,"Weeaproinah","large_small","Nematolepis squamea","Eucalyptus regnans","between","Nematolepis squamea subsp squamea small_Eucalyptus regnans large","between_species_large_small",0.0420557147830654,NA,-0.0605881315888813,0.104267241048913,0.164855372637794
"236","Nematolepis squamea subsp squamea small","Acacia melanoxylon large",0.0324804038808858,1.61566824222265,1.12890473827253,1.40980557862432,1.60545325273008,1.79114485554825,2.37832180204461,"Weeaproinah","large_small","Nematolepis squamea","Acacia melanoxylon","between","Nematolepis squamea subsp squamea small_Acacia melanoxylon large","between_species_large_small",0.0414053592915079,NA,-0.0528747092624371,0.109431316694156,0.162306025956593
"237","Acacia melanoxylon small","Eucalyptus regnans large",0.0359716245752234,1.26487876125744,1.07194916971505,1.18100351936891,1.26026345848693,1.33222651191428,1.6022218631075,"Weeaproinah","large_small","Acacia melanoxylon","Eucalyptus regnans","between","Acacia melanoxylon small_Eucalyptus regnans large","between_species_large_small",NA,NA,NA,NA,NA
"238","Eucalyptus regnans large","Nematolepis squamea subsp squamea large",0.0368764266996777,1.3154302454206,1.0676145429374,1.24280563916119,1.28754934016692,1.36883217327575,1.61894675010959,"Weeaproinah","large_large","Eucalyptus regnans","Nematolepis squamea","between","Eucalyptus regnans large_Nematolepis squamea subsp squamea large","between_species_large_large",NA,NA,NA,NA,NA
"239","Nematolepis squamea subsp squamea small","Acacia melanoxylon small",0.0724046197892741,2.10553262762954,1.23019744719879,1.77539942395517,2.0513011662937,2.42699782400936,3.3561972921495,"Weeaproinah","small_small","Nematolepis squamea","Acacia melanoxylon","between","Nematolepis squamea subsp squamea small_Acacia melanoxylon small","between_species_small_small",0.0340802378480832,1,0.0119854242269722,0.145577501760576,0.133592077533604
"240","Eucalyptus regnans small","Nematolepis squamea subsp squamea large",0.103131855892912,2.4805504530054,1.34345219227837,2.11831929612265,2.4339401682191,2.80237653681362,4.19149368075301,"Weeaproinah","large_small","Eucalyptus regnans","Nematolepis squamea","between","Eucalyptus regnans small_Nematolepis squamea subsp squamea large","between_species_large_small",NA,NA,NA,NA,NA
"241","Eucalyptus regnans small","Acacia melanoxylon large",0.136499273640148,3.53938825604548,1.54963031881609,2.68712327253838,3.40289119017924,4.2864838182669,6.75163312758527,"Weeaproinah","large_small","Eucalyptus regnans","Acacia melanoxylon","between","Eucalyptus regnans small_Acacia melanoxylon large","between_species_large_small",0.0930848071206188,NA,-0.0442802309648907,0.32060550796365,0.364885738928541
"242","Acacia melanoxylon small","Acacia melanoxylon small",0.209482489974684,0.993346364122851,0.403655279707379,0.697805918916566,0.913663880974883,1.20932202486576,3.53806055490388,"Weeaproinah","small_small","Acacia melanoxylon","Acacia melanoxylon","within","Acacia melanoxylon small_Acacia melanoxylon small","within_species_small_small",0.0859209467101953,1,0.040295213033115,0.377099135172251,0.336803922139136
"243","Nematolepis squamea subsp squamea small","Nematolepis squamea subsp squamea small",0.322961293394674,4.97161702280789,1.1335604561298,3.23497236271772,4.73786338055998,6.34910320861886,16.3687391058703,"Weeaproinah","small_small","Nematolepis squamea","Nematolepis squamea","within","Nematolepis squamea subsp squamea small_Nematolepis squamea subsp squamea small","within_species_small_small",0.0588229267170822,1,0.21837404454559,0.44895568020703,0.23058163566144
"244","Eucalyptus regnans large","Eucalyptus regnans large",-0.685125889049309,0.110719073510227,0.0128035162202121,0.0530525634309613,0.0862211132463449,0.143593584960733,0.706848652963044,"ANU363","large_large","Eucalyptus regnans","Eucalyptus regnans","within","Eucalyptus regnans large_Eucalyptus regnans large","within_species_large_large",0.212343452963774,1,-1.10019347490749,-0.267822434583747,0.832371040323743
"245","Eucalyptus regnans large","Eucalyptus regnans small",-0.252896842304419,0.336480932805832,0.114462970635631,0.245152927305173,0.323522092823602,0.415596340483643,0.821215777871726,"ANU363","large_small","Eucalyptus regnans","Eucalyptus regnans","within","Eucalyptus regnans large_Eucalyptus regnans small","within_species_large_small",NA,NA,NA,NA,NA
"246","Eucalyptus regnans small","Eucalyptus regnans small",-0.00240736338154916,2.03892548976954,1.19817035654407,1.66337731411318,1.95043483925179,2.3821791306863,3.14500529182924,"ANU363","small_small","Eucalyptus regnans","Eucalyptus regnans","within","Eucalyptus regnans small_Eucalyptus regnans small","within_species_small_small",0.0929946954317853,NA,-0.181200711564518,0.183331796034624,0.364532507599141
"247","Eucalyptus regnans large","Eucalyptus regnans large",-0.413890468333465,0.251285247951919,0.0431354959805729,0.171179948697489,0.238882978790103,0.304846965195378,0.69625380102599,"ANU589","large_large","Eucalyptus regnans","Eucalyptus regnans","within","Eucalyptus regnans large_Eucalyptus regnans large","within_species_large_large",0.198151943205593,1,-0.793170242132084,-0.0164288978329064,0.776741344299178
"248","Eucalyptus regnans large","Eucalyptus regnans small",-0.0998576571765174,0.618889114394358,0.388028469132173,0.569724923938082,0.620865945181578,0.668362384570316,0.862916838802051,"ANU589","large_small","Eucalyptus regnans","Eucalyptus regnans","within","Eucalyptus regnans large_Eucalyptus regnans small","within_species_large_small",NA,NA,NA,NA,NA
"249","Pomaderris aspera small","Eucalyptus regnans large",-0.063513687680025,0.753020306859176,0.308682967001327,0.681572421622583,0.800539602708352,0.847160250941495,0.93614665011925,"ANU589","large_small","Pomaderris aspera","Eucalyptus regnans","between","Pomaderris aspera small_Eucalyptus regnans large","between_species_large_small",0.049693657460027,NA,-0.159526385064199,0.0352691726992478,0.194795557763446
"250","Pomaderris aspera small","Eucalyptus regnans small",-0.049173450019855,0.804953718514351,0.422758425353149,0.737600240456397,0.854953462913292,0.889291246534776,0.951271641902503,"ANU589","small_small","Pomaderris aspera","Eucalyptus regnans","between","Pomaderris aspera small_Eucalyptus regnans small","between_species_small_small",0.0345690699517017,NA,-0.119474651232873,0.0160336129358898,0.135508264168762
"251","Eucalyptus regnans small","Eucalyptus regnans small",0.114631245986824,3.46041842613877,1.35855717825104,2.62084913040319,3.42713659305191,4.23490700167414,5.9633734273437,"ANU589","small_small","Eucalyptus regnans","Eucalyptus regnans","within","Eucalyptus regnans small_Eucalyptus regnans small","within_species_small_small",0.0920294773414656,NA,-0.0694327799421636,0.291316142268472,0.360748922210635
"252","Pomaderris aspera small","Pomaderris aspera small",0.37515046878275,10.3162078197053,2.31800764465327,4.90582518018176,6.42698459516254,10.541390593251,85.3592177000561,"ANU589","small_small","Pomaderris aspera","Pomaderris aspera","within","Pomaderris aspera small_Pomaderris aspera small","within_species_small_small",0.0611573261995457,1,0.243515437823093,0.483247751306847,0.239732313483755
"253","Eucalyptus regnans large","Eucalyptus regnans large",-3.30373893471522,2.82516378693592e-05,6.02120078300427e-12,9.35985711336337e-10,1.6366873458616e-08,9.05870445294556e-07,0.00619655325246823,"Turtons","large_large","Eucalyptus regnans","Eucalyptus regnans","within","Eucalyptus regnans large_Eucalyptus regnans large","within_species_large_large",1.2382373997916,1,-5.73412278116794,-0.880321365363828,4.85380141580411
"254","Acacia melanoxylon large","Acacia melanoxylon large",-1.19528412545973,0.00381570780582588,4.38001982827532e-07,6.23615338724641e-05,0.000509785999858317,0.00337655550434621,0.0989683800093109,"Turtons","large_large","Acacia melanoxylon","Acacia melanoxylon","within","Acacia melanoxylon large_Acacia melanoxylon large","within_species_large_large",1.09293502170259,NA,-3.31673611941,0.96749044054915,4.28422655995915
"255","Eucalyptus regnans small","Eucalyptus regnans small",-0.728645185338419,0.0138524136161405,0.000171982205199894,0.00218321269676799,0.00696518217701326,0.0164271163689298,0.250923265741142,"Turtons","small_small","Eucalyptus regnans","Eucalyptus regnans","within","Eucalyptus regnans small_Eucalyptus regnans small","within_species_small_small",0.454658511395068,NA,-1.5951431807689,0.187085434428955,1.78222861519785
"256","Olearia argophylla large","Eucalyptus regnans large",-0.700664772176558,0.301569141794948,0.00158807357109292,0.0684507216490769,0.31310647592815,0.492980494570397,0.789954086267279,"Turtons","large_large","Olearia argophylla","Eucalyptus regnans","between","Olearia argophylla large_Eucalyptus regnans large","between_species_large_large",0.464626037304003,NA,-1.61330592259077,0.207994676200048,1.82130059879082
"257","Hedycarya angustifolia large","Olearia argophylla large",-0.535292801841462,0.402419436177277,0.00833953631362294,0.0938542330058686,0.331733348002188,0.707872139551952,0.984209122361444,"Turtons","large_large","Hedycarya angustifolia","Olearia argophylla","between","Hedycarya angustifolia large_Olearia argophylla large","between_species_large_large",NA,NA,NA,NA,NA
"258","Hedycarya angustifolia large","Acacia melanoxylon large",-0.471339924191296,0.476032485739347,0.0203018417293574,0.181453523642042,0.459317192575455,0.763346344694115,0.986082507471855,"Turtons","large_large","Hedycarya angustifolia","Acacia melanoxylon","between","Hedycarya angustifolia large_Acacia melanoxylon large","between_species_large_large",0.476879222052947,NA,-1.39921799485458,0.470114205543925,1.86933220039851
"259","Hedycarya angustifolia large","Hedycarya angustifolia large",-0.386580821948106,0.437973592050482,0.0229078773343772,0.132461544848155,0.355022954418889,0.70106612130037,1.21650014767339,"Turtons","large_large","Hedycarya angustifolia","Hedycarya angustifolia","within","Hedycarya angustifolia large_Hedycarya angustifolia large","within_species_large_large",0.396318217453256,NA,-1.16232196949046,0.391216895760533,1.55353886525099
"260","Olearia argophylla large","Olearia argophylla large",-0.341480522156305,0.501895055443523,0.0352453267475107,0.224619737481925,0.555587453730547,0.762245122121311,0.981593429518329,"Turtons","large_large","Olearia argophylla","Olearia argophylla","within","Olearia argophylla large_Olearia argophylla large","within_species_large_large",0.300966721646304,NA,-0.938556782925442,0.241211087018251,1.17976786994369
"261","Hedycarya angustifolia large","Nematolepis squamea subsp squamea small",-0.34112538612156,0.58110869893533,0.0730913382399408,0.345766552700811,0.596407689953754,0.836175474608644,0.989907938394702,"Turtons","large_small","Hedycarya angustifolia","Nematolepis squamea","between","Hedycarya angustifolia large_Nematolepis squamea subsp squamea small","between_species_large_small",NA,NA,NA,NA,NA
"262","Eucalyptus regnans large","Hedycarya angustifolia small",-0.296327359907964,0.395682527621044,0.158203700100295,0.307743559530895,0.382942416248894,0.470284938152345,0.787569289104906,"Turtons","large_small","Eucalyptus regnans","Hedycarya angustifolia","between","Eucalyptus regnans large_Hedycarya angustifolia small","between_species_large_small",NA,NA,NA,NA,NA
"263","Olearia argophylla large","Nematolepis squamea subsp squamea small",-0.283530343798656,0.592539192081812,0.1065685272033,0.407528729227404,0.661851128284864,0.786746726444396,0.934569624398134,"Turtons","large_small","Olearia argophylla","Nematolepis squamea","between","Olearia argophylla large_Nematolepis squamea subsp squamea small","between_species_large_small",0.158112521596077,NA,-0.593377007960246,0.0264126877059994,0.619789695666245
"264","Hedycarya angustifolia large","Nematolepis squamea subsp squamea large",-0.217051072042546,0.621214376976428,0.15159470437996,0.38718448964108,0.633439115450802,0.859172344257934,0.993566788798702,"Turtons","large_large","Hedycarya angustifolia","Nematolepis squamea","between","Hedycarya angustifolia large_Nematolepis squamea subsp squamea large","between_species_large_large",NA,NA,NA,NA,NA
"265","Nematolepis squamea subsp squamea large","Acacia melanoxylon large",-0.193548753409666,0.574345667884968,0.0910177729368024,0.437697804364182,0.624010093110744,0.743596199844443,0.908438866427417,"Turtons","large_large","Nematolepis squamea","Acacia melanoxylon","between","Nematolepis squamea subsp squamea large_Acacia melanoxylon large","between_species_large_large",0.345254916876926,NA,-0.875566564276844,0.477807840851448,1.35337440512829
"266","Eucalyptus regnans small","Olearia argophylla small",-0.190256203026341,0.467896141177508,0.219924874745496,0.396845519626873,0.471762509930399,0.539888274841111,0.797539047810781,"Turtons","small_small","Eucalyptus regnans","Olearia argophylla","between","Eucalyptus regnans small_Olearia argophylla small","between_species_small_small",NA,NA,NA,NA,NA
"267","Hedycarya angustifolia large","Acacia melanoxylon small",-0.178962690814816,0.736387856040893,0.290442052060858,0.575943991631573,0.77344269161394,0.90571687843226,0.994692694772101,"Turtons","large_small","Hedycarya angustifolia","Acacia melanoxylon","between","Hedycarya angustifolia large_Acacia melanoxylon small","between_species_large_small",0.187204681848326,NA,-0.551264928425701,0.182563939894296,0.733828868319997
"268","Nematolepis squamea subsp squamea large","Olearia argophylla small",-0.178491051826482,0.650745657566332,0.157079064434445,0.553276691996676,0.706326071394906,0.790353243822649,0.915608032822172,"Turtons","large_small","Nematolepis squamea","Olearia argophylla","between","Nematolepis squamea subsp squamea large_Olearia argophylla small","between_species_large_small",NA,NA,NA,NA,NA
"269","Nematolepis squamea subsp squamea large","Nematolepis squamea subsp squamea large",-0.177889279649398,0.456511946372604,0.0163868559478339,0.214493988819648,0.503937874546819,0.681968332881834,0.929545433221507,"Turtons","large_large","Nematolepis squamea","Nematolepis squamea","within","Nematolepis squamea subsp squamea large_Nematolepis squamea subsp squamea large","within_species_large_large",0.222390705096456,NA,-0.625818080845573,0.245937464125472,0.871755544971045
"270","Olearia argophylla small","Hedycarya angustifolia small",-0.166885704005976,0.485760277375012,0.176317758552895,0.349346454843858,0.478038693187126,0.601230203184693,0.895308230653477,"Turtons","small_small","Olearia argophylla","Hedycarya angustifolia","between","Olearia argophylla small_Hedycarya angustifolia small","between_species_small_small",0.112816733095957,NA,-0.38855984230301,0.0536736251400782,0.442233467443088
"271","Acacia melanoxylon large","Eucalyptus regnans small",-0.154723014970278,0.572040596737175,0.273072443046951,0.510755264346626,0.580235778844466,0.639567774255751,0.815764232410811,"Turtons","large_small","Acacia melanoxylon","Eucalyptus regnans","between","Acacia melanoxylon large_Eucalyptus regnans small","between_species_large_small",NA,NA,NA,NA,NA
"272","Olearia argophylla large","Acacia melanoxylon small",-0.154371355311977,0.715025610765017,0.255296032160456,0.571119636962696,0.790261071187875,0.868584014721338,0.953621081947403,"Turtons","large_small","Olearia argophylla","Acacia melanoxylon","between","Olearia argophylla large_Acacia melanoxylon small","between_species_large_small",0.166627416713868,NA,-0.489270717217381,0.163896753974878,0.653167471192259
"273","Acacia melanoxylon large","Acacia melanoxylon small",-0.129108217958795,0.630080206245516,0.383375420890134,0.562001019720242,0.633921239776567,0.694028465835711,0.876046268010827,"Turtons","large_small","Acacia melanoxylon","Acacia melanoxylon","within","Acacia melanoxylon large_Acacia melanoxylon small","within_species_large_small",NA,NA,NA,NA,NA
"274","Nematolepis squamea subsp squamea large","Hedycarya angustifolia small",-0.0670375412057869,0.831896659463798,0.457629032551971,0.779633899109799,0.880936974521554,0.927475896542437,0.967912770522668,"Turtons","large_small","Nematolepis squamea","Hedycarya angustifolia","between","Nematolepis squamea subsp squamea large_Hedycarya angustifolia small","between_species_large_small",0.136651131070018,NA,-0.336636925447643,0.19902566524015,0.535662590687793
"275","Nematolepis squamea subsp squamea large","Eucalyptus regnans small",-0.066146469960327,0.826030878870164,0.471791452734952,0.78340161872691,0.865414512434683,0.911444224412823,0.968332451778275,"Turtons","large_small","Nematolepis squamea","Eucalyptus regnans","between","Nematolepis squamea subsp squamea large_Eucalyptus regnans small","between_species_large_small",0.228499673201207,NA,-0.513894927901128,0.381807332005949,0.895702259907077
"276","Acacia melanoxylon small","Nematolepis squamea subsp squamea small",-0.0649737681144149,0.763310230864527,0.477100499952122,0.702988970880638,0.769876264692774,0.835470726058418,0.938576578637046,"Turtons","small_small","Acacia melanoxylon","Nematolepis squamea","between","Acacia melanoxylon small_Nematolepis squamea subsp squamea small","between_species_small_small",NA,NA,NA,NA,NA
"277","Hedycarya angustifolia large","Eucalyptus regnans small",-0.0491284153372673,0.905146300467994,0.673851151277122,0.851585658466509,0.92631591625253,0.972804337656344,0.998540237620449,"Turtons","large_small","Hedycarya angustifolia","Eucalyptus regnans","between","Hedycarya angustifolia large_Eucalyptus regnans small","between_species_large_small",0.239478696458039,NA,-0.522164230304844,0.416575009939867,0.938739240244712
"278","Nematolepis squamea subsp squamea large","Acacia melanoxylon small",-0.0379641450808087,0.890869166399921,0.645546013500414,0.866996147160931,0.917530605509419,0.946651211504358,0.981679287642044,"Turtons","large_small","Nematolepis squamea","Acacia melanoxylon","between","Nematolepis squamea subsp squamea large_Acacia melanoxylon small","between_species_large_small",0.167197796387849,NA,-0.369404807982711,0.28599851044658,0.655403318429291
"279","Eucalyptus regnans large","Nematolepis squamea subsp squamea small",-0.0260509486685508,0.918918783982049,0.87188421605126,0.90331880481863,0.917351975996479,0.934053070121361,0.976086174029169,"Turtons","large_small","Eucalyptus regnans","Nematolepis squamea","between","Eucalyptus regnans large_Nematolepis squamea subsp squamea small","between_species_large_small",NA,NA,NA,NA,NA
"280","Eucalyptus regnans small","Acacia melanoxylon small",-0.0119250464902251,0.947322508039128,0.910539473471193,0.935860750973815,0.947413423648573,0.95917652145358,0.987405503997471,"Turtons","small_small","Eucalyptus regnans","Acacia melanoxylon","between","Eucalyptus regnans small_Acacia melanoxylon small","between_species_small_small",0.175566415243725,NA,-0.356276119010696,0.331931582534313,0.688207701545009
"281","Hedycarya angustifolia small","Hedycarya angustifolia small",0.0179721711279617,0.329528692351906,0.0803313528495825,0.143883437132253,0.257893886684156,0.477586135678912,0.931421364722211,"Turtons","small_small","Hedycarya angustifolia","Hedycarya angustifolia","within","Hedycarya angustifolia small_Hedycarya angustifolia small","within_species_small_small",0.118944700425576,NA,-0.214386478330425,0.251868179641643,0.466254657972069
"282","Nematolepis squamea subsp squamea small","Acacia melanoxylon large",0.019610250313057,1.15771179268857,1.03299116850477,1.08855760092819,1.13046238079319,1.20746314100338,1.49435359455658,"Turtons","large_small","Nematolepis squamea","Acacia melanoxylon","between","Nematolepis squamea subsp squamea small_Acacia melanoxylon large","between_species_large_small",0.179171526963885,NA,-0.328854424933164,0.37348505487536,0.702339479808524
"283","Acacia melanoxylon small","Eucalyptus regnans large",0.0599172425340093,1.36764094654796,1.08683021713027,1.23443148985059,1.34394350967551,1.45608573284588,2.06708915273952,"Turtons","large_small","Acacia melanoxylon","Eucalyptus regnans","between","Acacia melanoxylon small_Eucalyptus regnans large","between_species_large_small",NA,NA,NA,NA,NA
"284","Hedycarya angustifolia small","Olearia argophylla large",0.0633913902010982,1.91868978936496,1.01587054190707,1.39368010772657,1.95802595070602,2.37082215944838,3.20768356312448,"Turtons","large_small","Hedycarya angustifolia","Olearia argophylla","between","Hedycarya angustifolia small_Olearia argophylla large","between_species_large_small",NA,NA,NA,NA,NA
"285","Hedycarya angustifolia small","Nematolepis squamea subsp squamea small",0.0860466322698542,1.8337236529904,1.02135215760671,1.4367675886445,1.85131621329321,2.19129863288892,3.14233066713429,"Turtons","small_small","Hedycarya angustifolia","Nematolepis squamea","between","Hedycarya angustifolia small_Nematolepis squamea subsp squamea small","between_species_small_small",NA,NA,NA,NA,NA
"286","Nematolepis squamea subsp squamea small","Eucalyptus regnans small",0.0925423580600793,1.93184876213329,1.14827015755549,1.42757332987776,1.66738157267453,2.21620267866362,5.57887031612976,"Turtons","small_small","Nematolepis squamea","Eucalyptus regnans","between","Nematolepis squamea subsp squamea small_Eucalyptus regnans small","between_species_small_small",0.15198798848024,NA,-0.208023248618985,0.387758718388934,0.59578196700792
"287","Hedycarya angustifolia small","Eucalyptus regnans small",0.0947206900187565,2.13601012285271,1.02352972915698,1.54793837814146,2.12334298093125,2.63171642128132,4.29201211739232,"Turtons","small_small","Hedycarya angustifolia","Eucalyptus regnans","between","Hedycarya angustifolia small_Eucalyptus regnans small","between_species_small_small",0.135029998067426,NA,-0.169142572897044,0.360165293192291,0.529307866089335
"288","Nematolepis squamea subsp squamea large","Olearia argophylla large",0.101678310557194,1.53997172410266,1.06556309105659,1.19728143139865,1.30740054695917,1.62565665219729,3.74920130806582,"Turtons","large_large","Nematolepis squamea","Olearia argophylla","between","Nematolepis squamea subsp squamea large_Olearia argophylla large","between_species_large_large",NA,NA,NA,NA,NA
"289","Acacia melanoxylon small","Acacia melanoxylon small",0.104577152638604,1.12676818766736,0.619471724671692,0.920424674392389,1.05246280974657,1.23219778563704,2.19025551789076,"Turtons","small_small","Acacia melanoxylon","Acacia melanoxylon","within","Acacia melanoxylon small_Acacia melanoxylon small","within_species_small_small",0.13841295223408,NA,-0.165057770463534,0.377511032281787,0.54256880274532
"290","Hedycarya angustifolia small","Acacia melanoxylon small",0.135428857839955,2.76890506790159,1.03676374141603,1.89698693989071,2.6709936433167,3.3723152960981,6.74855894654585,"Turtons","small_small","Hedycarya angustifolia","Acacia melanoxylon","between","Hedycarya angustifolia small_Acacia melanoxylon small","between_species_small_small",0.0972635520510967,NA,-0.0526510253034372,0.328615092753736,0.381266118057173
"291","Acacia melanoxylon large","Olearia argophylla large",0.135853290090568,1.86367793769122,1.21276222264306,1.57467414281479,1.80078190562222,2.06693219219377,3.47564898035831,"Turtons","large_large","Acacia melanoxylon","Olearia argophylla","between","Acacia melanoxylon large_Olearia argophylla large","between_species_large_large",NA,NA,NA,NA,NA
"292","Nematolepis squamea subsp squamea small","Nematolepis squamea subsp squamea small",0.136636355405524,0.692847885925137,0.160015299140948,0.427917046797454,0.646873622465922,0.911950620774835,1.64426520269169,"Turtons","small_small","Nematolepis squamea","Nematolepis squamea","within","Nematolepis squamea subsp squamea small_Nematolepis squamea subsp squamea small","within_species_small_small",0.105010232832658,NA,-0.0732811802849849,0.338351368435365,0.411632548720349
"293","Olearia argophylla small","Acacia melanoxylon small",0.14376679566126,2.2851556424636,1.10683751347026,1.68386346087955,2.13575358162353,2.80234007010436,5.2781848508088,"Turtons","small_small","Olearia argophylla","Acacia melanoxylon","between","Olearia argophylla small_Acacia melanoxylon small","between_species_small_small",0.108608239168995,NA,-0.0633818480661302,0.362354626324954,0.425736474391084
"294","Olearia argophylla small","Olearia argophylla small",0.149691454513966,0.424712068778349,0.148260208913058,0.271352289348298,0.385897132088654,0.532362581352185,1.08410313072741,"Turtons","small_small","Olearia argophylla","Olearia argophylla","within","Olearia argophylla small_Olearia argophylla small","within_species_small_small",0.145831329960983,NA,-0.143178686456785,0.428469622625422,0.571648309082207
"295","Olearia argophylla small","Acacia melanoxylon large",0.164675298380016,2.84292198668923,1.12400946868134,2.00972157658688,2.69895349448617,3.54199799621912,7.06082670133944,"Turtons","large_small","Olearia argophylla","Acacia melanoxylon","between","Olearia argophylla small_Acacia melanoxylon large","between_species_large_small",0.213663075263421,NA,-0.251452473928119,0.586091390756631,0.83754386468475
"296","Nematolepis squamea subsp squamea small","Olearia argophylla small",0.179282806615324,3.33714204033096,1.2538467039269,1.86628727069151,2.41609283365724,3.94149734158614,19.9747809755997,"Turtons","small_small","Nematolepis squamea","Olearia argophylla","between","Nematolepis squamea subsp squamea small_Olearia argophylla small","between_species_small_small",NA,NA,NA,NA,NA
"297","Olearia argophylla small","Hedycarya angustifolia large",0.194713587373797,4.59953583248205,1.15622509999094,2.86501212073045,3.9984612890165,5.92297543405749,17.8573171249569,"Turtons","large_small","Olearia argophylla","Hedycarya angustifolia","between","Olearia argophylla small_Hedycarya angustifolia large","between_species_large_small",0.207552990252395,NA,-0.209745977833703,0.60384679372287,0.813592771556573
"298","Nematolepis squamea subsp squamea small","Nematolepis squamea subsp squamea large",0.302451245789071,10.8368430698161,1.80252092964421,5.05156592359976,7.45247768666631,13.5850488556732,55.5854782930974,"Turtons","large_small","Nematolepis squamea","Nematolepis squamea","within","Nematolepis squamea subsp squamea small_Nematolepis squamea subsp squamea large","within_species_large_small",0.137575228802163,1,0.040561116065184,0.579846103299377,0.539284987234193
"299","Eucalyptus regnans small","Olearia argophylla large",0.355584817708591,8.28108841890832,1.74756728007603,4.38541513422769,6.5642762873239,10.1250976543477,29.3632465459541,"Turtons","large_small","Eucalyptus regnans","Olearia argophylla","between","Eucalyptus regnans small_Olearia argophylla large","between_species_large_small",NA,NA,NA,NA,NA
"300","Hedycarya angustifolia small","Hedycarya angustifolia large",0.362307046379513,96.045064710488,1.15475994946618,10.8610393251573,40.7779931949483,120.946328133529,1154.91723991703,"Turtons","large_small","Hedycarya angustifolia","Hedycarya angustifolia","within","Hedycarya angustifolia small_Hedycarya angustifolia large","within_species_large_small",0.201272722763536,NA,-0.0265698433446848,0.762404732029005,0.78897457537369
"301","Olearia argophylla small","Olearia argophylla large",0.389657329699233,18.590108604682,1.33201206608333,7.30070788338376,13.5454860422808,25.5259814058563,111.415927701607,"Turtons","large_small","Olearia argophylla","Olearia argophylla","within","Olearia argophylla small_Olearia argophylla large","within_species_large_small",0.187636600332979,1,0.0321527100712614,0.767674667739613,0.735521957668351
"302","Nematolepis squamea subsp squamea large","Eucalyptus regnans large",0.395156607371592,7.11282701767561,1.24159768459226,1.82636078884517,2.51366682769008,4.49411317983891,93.4877145767294,"Turtons","large_large","Nematolepis squamea","Eucalyptus regnans","between","Nematolepis squamea subsp squamea large_Eucalyptus regnans large","between_species_large_large",0.498206054820963,NA,-0.584013191821196,1.36891865683655,1.95293184865775
"303","Hedycarya angustifolia small","Acacia melanoxylon large",0.476325448325099,130.318040944424,1.12431573759342,11.3905457062663,62.2649080525207,154.863574228928,1373.23885415717,"Turtons","large_small","Hedycarya angustifolia","Acacia melanoxylon","between","Hedycarya angustifolia small_Acacia melanoxylon large","between_species_large_small",0.262025274084925,NA,-0.0508850907949733,0.976235109696404,1.02712020049138
"304","Olearia argophylla small","Eucalyptus regnans large",0.556366556284763,63.4635600835766,1.50932694916693,11.1012699357378,26.8221780350112,61.2843962023766,1477.01768937173,"Turtons","large_small","Olearia argophylla","Eucalyptus regnans","between","Olearia argophylla small_Eucalyptus regnans large","between_species_large_small",0.375192406354049,NA,-0.175153995720975,1.29557321173273,1.47072720745371
"305","Eucalyptus regnans large","Hedycarya angustifolia large",0.580030208378858,17.7991481200518,2.12595227850819,8.74399828310945,16.0486242357543,24.6891256536405,61.3142961203065,"Turtons","large_large","Eucalyptus regnans","Hedycarya angustifolia","between","Eucalyptus regnans large_Hedycarya angustifolia large","between_species_large_large",NA,NA,NA,NA,NA
"306","Acacia melanoxylon large","Eucalyptus regnans large",0.883406621781543,100.713880288921,3.22624598991663,14.3432695686879,28.4594352090554,72.371687525863,2980.51828961426,"Turtons","large_large","Acacia melanoxylon","Eucalyptus regnans","between","Acacia melanoxylon large_Eucalyptus regnans large","between_species_large_large",NA,NA,NA,NA,NA
"307","Eucalyptus regnans small","Eucalyptus regnans large",0.912096810892334,196.490413745892,3.30493291637533,33.2661235029425,73.396672538815,194.016910208313,2653.82479387452,"Turtons","large_small","Eucalyptus regnans","Eucalyptus regnans","within","Eucalyptus regnans small_Eucalyptus regnans large","within_species_large_small",0.524230522615412,NA,-0.129712459334098,1.92523342851154,2.05494588784563
"308","Eucalyptus regnans large","Eucalyptus regnans large",-0.668476118067305,0.0223759712957512,0.00166680263284713,0.00768932589674406,0.0120040928433131,0.0291758274224492,0.288781059842568,"HardyCreek","large_large","Eucalyptus regnans","Eucalyptus regnans","within","Eucalyptus regnans large_Eucalyptus regnans large","within_species_large_large",0.375010429466684,NA,-1.45049159303592,0.0195222781272749,1.4700138711632
"309","Acacia melanoxylon small","Acacia melanoxylon small",-0.186056027875663,0.14005004963367,0.0189075358985323,0.067614835033262,0.110858099752352,0.181661026828874,0.626783714261383,"HardyCreek","small_small","Acacia melanoxylon","Acacia melanoxylon","within","Acacia melanoxylon small_Acacia melanoxylon small","within_species_small_small",0.220344207880572,NA,-0.583630016014011,0.280103407281846,0.863733423295857
"310","Eucalyptus regnans large","Eucalyptus regnans small",-0.0623738053620108,0.763445643273318,0.618068816716097,0.730466905333437,0.766851787917339,0.796104382508027,0.928391015953104,"HardyCreek","large_small","Eucalyptus regnans","Eucalyptus regnans","within","Eucalyptus regnans large_Eucalyptus regnans small","within_species_large_small",NA,NA,NA,NA,NA
"311","Eucalyptus regnans small","Acacia melanoxylon small",0.0475288840161963,1.40177646924287,1.09665494191076,1.29625289271438,1.40256264708984,1.49900867920026,1.81485113820102,"HardyCreek","small_small","Eucalyptus regnans","Acacia melanoxylon","between","Eucalyptus regnans small_Acacia melanoxylon small","between_species_small_small",0.0905252499282681,NA,-0.137361307201942,0.217491151899843,0.354852459101785
"312","Eucalyptus regnans small","Eucalyptus regnans small",0.109666410914616,2.04061523491994,1.25923869224311,1.75241948843263,2.02251117243237,2.29379336512766,3.0961188939704,"HardyCreek","small_small","Eucalyptus regnans","Eucalyptus regnans","within","Eucalyptus regnans small_Eucalyptus regnans small","within_species_small_small",0.0916713089014189,NA,-0.0746973412300645,0.28464758649479,0.359344927724854
"313","Eucalyptus regnans large","Acacia melanoxylon small",0.420806012726363,10.6250825617432,1.78733992864076,6.65206052846002,8.8061451842349,12.4694067418719,47.5320551715714,"HardyCreek","large_small","Eucalyptus regnans","Acacia melanoxylon","between","Eucalyptus regnans large_Acacia melanoxylon small","between_species_large_small",0.194021007680557,1,0.00906396969549006,0.769612344291611,0.760548374596121
"314","Eucalyptus pilularis large","Eucalyptus pilularis small",-0.148513641018499,0.576013180690708,0.322058541523606,0.485006694954925,0.575241727268935,0.652831373918814,0.898241808937719,"MinesRd","large_small","Eucalyptus pilularis","Eucalyptus pilularis","within","Eucalyptus pilularis large_Eucalyptus pilularis small","within_species_large_small",NA,NA,NA,NA,NA
"315","Eucalyptus pilularis large","Eucalyptus pilularis large",-0.0557419280121257,0.911893871858402,0.761425047852947,0.870300069663872,0.907036395120635,0.951848741554228,1.05187977699352,"MinesRd","large_large","Eucalyptus pilularis","Eucalyptus pilularis","within","Eucalyptus pilularis large_Eucalyptus pilularis large","within_species_large_large",0.189875754316339,NA,-0.431677426610605,0.312621853384197,0.744299279994802
"316","Eucalyptus pilularis small","Allocasuarina torulosa small",-0.0485511755240581,0.835564407089696,0.64287086544338,0.793299907978554,0.840898305846391,0.88489020499926,0.971595952467538,"MinesRd","small_small","Eucalyptus pilularis","Allocasuarina torulosa","between","Eucalyptus pilularis small_Allocasuarina torulosa small","between_species_small_small",0.0259595269845087,NA,-0.0978955574391671,0.00386391845149847,0.101759475890666
"317","Allocasuarina torulosa large","Allocasuarina torulosa small",-0.0149651634966882,0.934146024883014,0.861483597405041,0.918057119786985,0.933746511866008,0.95399380113489,0.98755215056225,"MinesRd","large_small","Allocasuarina torulosa","Allocasuarina torulosa","within","Allocasuarina torulosa large_Allocasuarina torulosa small","within_species_large_small",NA,NA,NA,NA,NA
"318","Eucalyptus pilularis large","Allocasuarina torulosa small",-0.00883567642684261,0.971551714904147,0.935024226875314,0.964908729795107,0.97413003171833,0.979758451048057,0.993335233025947,"MinesRd","large_small","Eucalyptus pilularis","Allocasuarina torulosa","between","Eucalyptus pilularis large_Allocasuarina torulosa small","between_species_large_small",0.0404326689505763,NA,-0.0874976060489093,0.0709955438350117,0.158493149883921
"319","Allocasuarina torulosa large","Eucalyptus pilularis large",0.0532666157202624,1.36046301343339,1.04583290023368,1.22189515189177,1.35310567469492,1.49011206959706,1.80850492905451,"MinesRd","large_large","Allocasuarina torulosa","Eucalyptus pilularis","between","Allocasuarina torulosa large_Eucalyptus pilularis large","between_species_large_large",NA,NA,NA,NA,NA
"320","Allocasuarina torulosa large","Eucalyptus pilularis small",0.0573091021846705,1.38142841258542,1.04821990192248,1.23387811045179,1.37288390313354,1.51294316020059,1.83314295927558,"MinesRd","large_small","Allocasuarina torulosa","Eucalyptus pilularis","between","Allocasuarina torulosa large_Eucalyptus pilularis small","between_species_large_small",NA,NA,NA,NA,NA
"321","Allocasuarina torulosa large","Allocasuarina torulosa large",0.0936046478788485,1.34827179678982,1.03477367657975,1.21187695939788,1.35302116819677,1.46821762889667,1.91248945146138,"MinesRd","large_large","Allocasuarina torulosa","Allocasuarina torulosa","within","Allocasuarina torulosa large_Allocasuarina torulosa large","within_species_large_large",0.097682920867788,NA,-0.0991103555997252,0.283799658011356,0.382910013611081
"322","Eucalyptus pilularis small","Eucalyptus pilularis small",0.187589143615193,3.16817545720798,1.29104838980639,2.44302615079151,2.98457591444981,3.56727744589597,9.88861301838101,"MinesRd","small_small","Eucalyptus pilularis","Eucalyptus pilularis","within","Eucalyptus pilularis small_Eucalyptus pilularis small","within_species_small_small",0.132658980602032,NA,-0.0651516862794717,0.454861962132088,0.52001364841156
"323","Allocasuarina torulosa small","Allocasuarina torulosa small",0.428024941851943,15.1979516235805,1.16683744123254,4.06887434559542,10.2786480689006,19.9859691126184,91.8800824765495,"MinesRd","small_small","Allocasuarina torulosa","Allocasuarina torulosa","within","Allocasuarina torulosa small_Allocasuarina torulosa small","within_species_small_small",0.0608326486068865,1,0.31015157503504,0.548611175742396,0.238459600707357
"324","Syncarpia glomulifera subsp glabra large","Syncarpia glomulifera subsp glabra large",-0.896941319670113,0.0803737740544269,0.00106084701815347,0.00884052101520073,0.0445653018150349,0.126611166193946,0.462306125436318,"Tinebank","large_large","Syncarpia glomulifera","Syncarpia glomulifera","within","Syncarpia glomulifera subsp glabra large_Syncarpia glomulifera subsp glabra large","within_species_large_large",0.713703315385881,NA,-2.27949651550375,0.518169072102571,2.79766558760632
"325","Cryptocarya rigida large","Cryptocarya rigida large",-0.68798965695729,0.149447660114978,0.000702387813360722,0.0317332592821247,0.0929961873613564,0.186154104053314,0.828480370963848,"Tinebank","large_large","Cryptocarya rigida","Cryptocarya rigida","within","Cryptocarya rigida large_Cryptocarya rigida large","within_species_large_large",0.559628751252562,NA,-1.79657364666483,0.397130747671465,2.19370439433629
"326","Synoum glandulosum subsp glandulsoum small","Synoum glandulosum subsp glandulsoum small",-0.580003638370284,0.270907682556568,0.0015728937439017,0.0579900083561266,0.210349293140888,0.454184315421708,0.889771824046158,"Tinebank","small_small","Synoum glandulosum","Synoum glandulosum","within","Synoum glandulosum subsp glandulsoum small_Synoum glandulosum subsp glandulsoum small","within_species_small_small",0.45885789180509,NA,-1.48571600765807,0.312973876261831,1.7986898839199
"327","Syncarpia glomulifera subsp glabra large","Allocasuarina torulosa small",-0.371919520832429,0.374031913959588,0.0800683819190217,0.205115128520989,0.365452358117656,0.52742624521111,0.796981835849447,"Tinebank","large_small","Syncarpia glomulifera","Allocasuarina torulosa","between","Syncarpia glomulifera subsp glabra large_Allocasuarina torulosa small","between_species_large_small",0.232631627135037,NA,-0.821512420159527,0.090386801539719,0.911899221699246
"328","Synoum glandulosum subsp glandulsoum small","Cryptocarya rigida small",-0.210708775796175,0.682360348577294,0.22239408228839,0.567001550593371,0.707130026806265,0.82776075179121,0.963022160709876,"Tinebank","small_small","Synoum glandulosum","Cryptocarya rigida","between","Synoum glandulosum subsp glandulsoum small_Cryptocarya rigida small","between_species_small_small",0.0998804467664626,1,-0.40598110780208,-0.0144569509580064,0.391524156844073
"329","Cryptocarya rigida large","Syncarpia glomulifera subsp glabra small",-0.169265948424499,0.680217980171494,0.25426156812069,0.579101264538459,0.700794927225981,0.787010508725134,0.987382580993944,"Tinebank","large_small","Cryptocarya rigida","Syncarpia glomulifera","between","Cryptocarya rigida large_Syncarpia glomulifera subsp glabra small","between_species_large_small",NA,NA,NA,NA,NA
"330","Syncarpia glomulifera subsp glabra small","Cryptocarya rigida small",-0.13069989514881,0.701591098925325,0.35772363126576,0.648806302659453,0.717345665338602,0.789903428933498,0.958187069590299,"Tinebank","small_small","Syncarpia glomulifera","Cryptocarya rigida","between","Syncarpia glomulifera subsp glabra small_Cryptocarya rigida small","between_species_small_small",0.0555326407790206,1,-0.24323230017291,-0.0255483483863487,0.217683951786561
"331","Cryptocarya rigida large","Allocasuarina torulosa small",-0.0418931148799077,0.906183417860885,0.712886872212547,0.877854652330749,0.921006334345269,0.94664196087747,0.996862269140815,"Tinebank","large_small","Cryptocarya rigida","Allocasuarina torulosa","between","Cryptocarya rigida large_Allocasuarina torulosa small","between_species_large_small",0.190297286685052,NA,-0.416825064021766,0.329126592495025,0.745951656516791
"332","Syncarpia glomulifera subsp glabra small","Syncarpia glomulifera subsp glabra small",-0.0251496379087878,1.68236901076464,1.11834785209555,1.44378066715032,1.62447671609038,1.88842096148583,2.54024474353617,"Tinebank","small_small","Syncarpia glomulifera","Syncarpia glomulifera","within","Syncarpia glomulifera subsp glabra small_Syncarpia glomulifera subsp glabra small","within_species_small_small",0.169102631930573,NA,-0.364870907111386,0.297999229438327,0.662870136549713
"333","Syncarpia glomulifera subsp glabra small","Syncarpia glomulifera subsp glabra large",0.0249802769472462,1.1169833516075,1.00872847362814,1.0719569967551,1.10451295518287,1.14330154521228,1.31270192037683,"Tinebank","large_small","Syncarpia glomulifera","Syncarpia glomulifera","within","Syncarpia glomulifera subsp glabra small_Syncarpia glomulifera subsp glabra large","within_species_large_small",0.178849565506657,NA,-0.32414431885277,0.376933095234598,0.701077414087368
"334","Syncarpia glomulifera subsp glabra small","Synoum glandulosum subsp glandulsoum small",0.0525061956165782,1.26492258344843,1.02308549078012,1.15540441366936,1.23190425681442,1.32073278963157,1.76330947248567,"Tinebank","small_small","Syncarpia glomulifera","Synoum glandulosum","between","Syncarpia glomulifera subsp glabra small_Synoum glandulosum subsp glandulsoum small","between_species_small_small",NA,NA,NA,NA,NA
"335","Syncarpia glomulifera subsp glabra small","Allocasuarina torulosa small",0.0907430237443376,1.43485419921878,1.03902689666874,1.26694070937929,1.37784928802488,1.4885831902678,2.38504265190658,"Tinebank","small_small","Syncarpia glomulifera","Allocasuarina torulosa","between","Syncarpia glomulifera subsp glabra small_Allocasuarina torulosa small","between_species_small_small",0.0981507481910755,NA,-0.0974586613632717,0.287285201657064,0.384743863020335
"336","Cryptocarya rigida small","Allocasuarina torulosa small",0.0932395998448221,2.84392090812996,1.22247828975112,2.16473954706846,2.58541592155081,3.40090716877264,5.87043315790177,"Tinebank","small_small","Cryptocarya rigida","Allocasuarina torulosa","between","Cryptocarya rigida small_Allocasuarina torulosa small","between_species_small_small",0.0635400132770985,NA,-0.0320820714850365,0.216990203715583,0.24907227520062
"337","Cryptocarya rigida small","Cryptocarya rigida large",0.0936483293388023,3.87340839006828,1.31019739884798,2.46098790017476,3.5496097556832,4.84794765340322,8.52524764563758,"Tinebank","large_small","Cryptocarya rigida","Cryptocarya rigida","within","Cryptocarya rigida small_Cryptocarya rigida large","within_species_large_small",0.0957809685873227,NA,-0.0912165580775567,0.284237939593473,0.375454497671029
"338","Cryptocarya rigida small","Syncarpia glomulifera subsp glabra large",0.102496575635387,4.07900941740342,1.327389650803,2.61008921754107,3.65391877644406,5.08996557912469,9.18494928095934,"Tinebank","large_small","Cryptocarya rigida","Syncarpia glomulifera","between","Cryptocarya rigida small_Syncarpia glomulifera subsp glabra large","between_species_large_small",NA,NA,NA,NA,NA
"339","Cryptocarya rigida small","Cryptocarya rigida small",0.116152071981391,2.38845529777944,1.36449803190296,2.06182118572419,2.30755740652256,2.61664730148928,4.91578727195421,"Tinebank","small_small","Cryptocarya rigida","Cryptocarya rigida","within","Cryptocarya rigida small_Cryptocarya rigida small","within_species_small_small",0.0906947333123005,NA,-0.0724836946293268,0.283033127129821,0.355516821759148
"340","Syncarpia glomulifera subsp glabra large","Cryptocarya rigida large",0.131547823271362,1.5304377553588,1.10969953081322,1.30193861558509,1.45195513028336,1.74145666521137,2.29078217285503,"Tinebank","large_large","Syncarpia glomulifera","Cryptocarya rigida","between","Syncarpia glomulifera subsp glabra large_Cryptocarya rigida large","between_species_large_large",0.434961695037745,NA,-0.716763568553709,0.988254945303241,1.70501851385695
"341","Allocasuarina torulosa small","Synoum glandulosum subsp glandulsoum small",0.164853660203329,2.25046128412386,1.02205644654385,1.38196125953141,1.77007137989772,2.65271492094329,8.56099440670181,"Tinebank","small_small","Allocasuarina torulosa","Synoum glandulosum","between","Allocasuarina torulosa small_Synoum glandulosum subsp glandulsoum small","between_species_small_small",NA,NA,NA,NA,NA
"342","Allocasuarina torulosa small","Allocasuarina torulosa small",0.241092360587106,1.34331237614568,0.856996461159801,0.990214114284189,1.30043472606654,1.58380131120215,3.18965959910269,"Tinebank","small_small","Allocasuarina torulosa","Allocasuarina torulosa","within","Allocasuarina torulosa small_Allocasuarina torulosa small","within_species_small_small",0.103237489907613,1,0.0373880048558807,0.442071529002359,0.404683524146479
"343","Synoum glandulosum subsp glandulsoum small","Syncarpia glomulifera subsp glabra large",0.463278398344246,6.25197123236722,1.13501491335571,1.85120546634817,3.01566661683297,5.57930429131727,80.0877888862158,"Tinebank","large_small","Synoum glandulosum","Syncarpia glomulifera","between","Synoum glandulosum subsp glandulsoum small_Syncarpia glomulifera subsp glabra large","between_species_large_small",0.424370715101861,NA,-0.379378827317259,1.28412380806905,1.66350263538631
"344","Synoum glandulosum subsp glandulsoum small","Cryptocarya rigida large",0.851521133876767,56.0876450655921,1.28587770151397,3.1868879472549,7.65922148527203,22.1792827633049,2414.82858076052,"Tinebank","large_small","Synoum glandulosum","Cryptocarya rigida","between","Synoum glandulosum subsp glandulsoum small_Cryptocarya rigida large","between_species_large_small",0.480164699093078,NA,-0.0751510811690512,1.80705995257084,1.88221103373989
"345","Eucalyptus pilularis large","Eucalyptus pilularis large",-0.498495534831212,0.164661722965905,0.0143467498956524,0.0643624108691921,0.134415212695706,0.212394685096067,0.706169039931986,"Lorne","large_large","Eucalyptus pilularis","Eucalyptus pilularis","within","Eucalyptus pilularis large_Eucalyptus pilularis large","within_species_large_large",0.536610742324657,NA,-1.5459149683525,0.557560488994762,2.10347545734726
"346","Cryptocarya glaucescens small","Cryptocarya glaucescens small",-0.438579054044805,0.1622245886862,0.0295467518673288,0.0808235251111237,0.122337175092891,0.179691396707921,0.808053960607816,"Lorne","small_small","Cryptocarya glaucescens","Cryptocarya glaucescens","within","Cryptocarya glaucescens small_Cryptocarya glaucescens small","within_species_small_small",0.408754528642301,NA,-1.25323655799186,0.349051751321253,1.60228830931311
"347","Eucalyptus microcorys large","Eucalyptus microcorys large",-0.415079249111302,0.150855756684293,0.0117247686393291,0.0710067325589958,0.12419828101825,0.214658647173876,0.627402370533562,"Lorne","large_large","Eucalyptus microcorys","Eucalyptus microcorys","within","Eucalyptus microcorys large_Eucalyptus microcorys large","within_species_large_large",0.267880836736082,NA,-0.947514932324651,0.102558651977699,1.05007358430235
"348","Eucalyptus pilularis small","Allocasuarina torulosa large",-0.366858151361978,0.345419812455656,0.0633018152182125,0.205073029484076,0.322268556940748,0.458304836172718,0.798961740612306,"Lorne","large_small","Eucalyptus pilularis","Allocasuarina torulosa","between","Eucalyptus pilularis small_Allocasuarina torulosa large","between_species_large_small",0.170877068416823,1,-0.699562693572262,-0.0297368938107434,0.669825799761519
"349","Eucalyptus pilularis small","Eucalyptus microcorys large",-0.284658390690977,0.463200417172721,0.147187554585124,0.32379332823086,0.454331105811617,0.586422134371462,0.858753041018445,"Lorne","large_small","Eucalyptus pilularis","Eucalyptus microcorys","between","Eucalyptus pilularis small_Eucalyptus microcorys large","between_species_large_small",0.190792028279382,NA,-0.657980207375961,0.0899108005539105,0.747891007929871
"350","Cryptocarya glaucescens small","Eucalyptus microcorys large",-0.189695540486023,0.495829944316624,0.254237358762328,0.404414659282362,0.471542784218024,0.548245227494039,0.931798726168577,"Lorne","large_small","Cryptocarya glaucescens","Eucalyptus microcorys","between","Cryptocarya glaucescens small_Eucalyptus microcorys large","between_species_large_small",NA,NA,NA,NA,NA
"351","Eucalyptus microcorys large","Allocasuarina torulosa small",-0.186134116046265,0.44996412331354,0.139428223754021,0.325866129847671,0.45830758034155,0.561014908254898,0.870901965901115,"Lorne","large_small","Eucalyptus microcorys","Allocasuarina torulosa","between","Eucalyptus microcorys large_Allocasuarina torulosa small","between_species_large_small",0.1147076449973,NA,-0.412275365932323,0.037370339959904,0.449645705892227
"352","Cryptocarya rigida small","Eucalyptus microcorys small",-0.183993565824018,0.541389737845357,0.146848453671403,0.407719709241753,0.562800822064251,0.673042164788191,0.950820131961358,"Lorne","small_small","Cryptocarya rigida","Eucalyptus microcorys","between","Cryptocarya rigida small_Eucalyptus microcorys small","between_species_small_small",NA,NA,NA,NA,NA
"353","Eucalyptus pilularis large","Eucalyptus microcorys small",-0.170214638334376,0.713588814556071,0.393114402461389,0.632845274669599,0.711982140784918,0.806249993209225,0.963065570454655,"Lorne","large_small","Eucalyptus pilularis","Eucalyptus microcorys","between","Eucalyptus pilularis large_Eucalyptus microcorys small","between_species_large_small",0.183022590233496,NA,-0.529927490895836,0.187507879533932,0.717435370429767
"354","Allocasuarina torulosa large","Eucalyptus microcorys large",-0.158608687168565,0.557056387100871,0.206292112698496,0.435834365311787,0.570661925338131,0.684613150667875,0.862413197468206,"Lorne","large_large","Allocasuarina torulosa","Eucalyptus microcorys","between","Allocasuarina torulosa large_Eucalyptus microcorys large","between_species_large_large",NA,NA,NA,NA,NA
"355","Eucalyptus pilularis small","Eucalyptus pilularis small",-0.148352695178969,0.81904227716762,0.52140588315562,0.710075090785155,0.80161807035038,0.914700313471415,1.16955068394925,"Lorne","small_small","Eucalyptus pilularis","Eucalyptus pilularis","within","Eucalyptus pilularis small_Eucalyptus pilularis small","within_species_small_small",0.31786840688277,NA,-0.766352267160824,0.479668991465881,1.2460212586267
"356","Eucalyptus pilularis small","Allocasuarina torulosa small",-0.10202544427483,0.758719319962577,0.52797888799544,0.691895034688452,0.758966644153398,0.827608715802137,0.940702511535298,"Lorne","small_small","Eucalyptus pilularis","Allocasuarina torulosa","between","Eucalyptus pilularis small_Allocasuarina torulosa small","between_species_small_small",0.123478417000631,NA,-0.345406597928352,0.138619902450157,0.484026500378509
"357","Cryptocarya glaucescens small","Allocasuarina torulosa small",-0.0628540862266509,0.795447703195372,0.613985907891466,0.754464067934638,0.790930659090478,0.836105133444783,0.970849584440711,"Lorne","small_small","Cryptocarya glaucescens","Allocasuarina torulosa","between","Cryptocarya glaucescens small_Allocasuarina torulosa small","between_species_small_small",0.11930340665491,NA,-0.296840990269736,0.170819770283385,0.467660760553121
"358","Allocasuarina torulosa large","Allocasuarina torulosa small",-0.0601150901311706,0.803457977432569,0.576916943636019,0.747138214398526,0.815479323660298,0.868036596585668,0.945574424821302,"Lorne","large_small","Allocasuarina torulosa","Allocasuarina torulosa","within","Allocasuarina torulosa large_Allocasuarina torulosa small","within_species_large_small",NA,NA,NA,NA,NA
"359","Eucalyptus pilularis large","Cryptocarya rigida small",-0.0586210068332214,0.87243739315263,0.685406021828165,0.837711996118495,0.876476612655046,0.915986785813492,0.980539055840286,"Lorne","large_small","Eucalyptus pilularis","Cryptocarya rigida","between","Eucalyptus pilularis large_Cryptocarya rigida small","between_species_large_small",0.211239886439447,NA,-0.476411468908501,0.351633670130793,0.828045139039294
"360","Cryptocarya rigida small","Cryptocarya glaucescens small",-0.0428653448365635,0.840301294516797,0.637106708092925,0.79413970391352,0.847377981392651,0.893640254912419,0.988319885372528,"Lorne","small_small","Cryptocarya rigida","Cryptocarya glaucescens","between","Cryptocarya rigida small_Cryptocarya glaucescens small","between_species_small_small",0.145394608405818,NA,-0.328815732927953,0.241120659115463,0.569936392043416
"361","Cryptocarya rigida small","Cryptocarya rigida small",-0.0316584825004255,0.645429942093994,0.33507987018955,0.500876025818152,0.657552396953188,0.763316789593547,1.04867870967009,"Lorne","small_small","Cryptocarya rigida","Cryptocarya rigida","within","Cryptocarya rigida small_Cryptocarya rigida small","within_species_small_small",0.187377614548894,NA,-0.394623393185464,0.339883358864256,0.73450675204972
"362","Eucalyptus microcorys small","Allocasuarina torulosa large",0.0454777076427958,1.36532352100652,1.03338146703391,1.2023972825918,1.33692426360692,1.49100758360538,2.09917881950813,"Lorne","large_small","Eucalyptus microcorys","Allocasuarina torulosa","between","Eucalyptus microcorys small_Allocasuarina torulosa large","between_species_large_small",0.0770579736563278,NA,-0.102405869051249,0.199655837124828,0.302061706176077
"363","Eucalyptus microcorys small","Eucalyptus pilularis small",0.0474250978847173,1.42396182035128,1.05396079406244,1.22843138332958,1.37757154494032,1.56055498443507,2.40045216361607,"Lorne","small_small","Eucalyptus microcorys","Eucalyptus pilularis","between","Eucalyptus microcorys small_Eucalyptus pilularis small","between_species_small_small",NA,NA,NA,NA,NA
"364","Allocasuarina torulosa small","Cryptocarya rigida small",0.0605655578114596,1.42520880575545,1.08305317753601,1.27454678955712,1.3971015368368,1.57354201234432,1.90497972440491,"Lorne","small_small","Allocasuarina torulosa","Cryptocarya rigida","between","Allocasuarina torulosa small_Cryptocarya rigida small","between_species_small_small",NA,NA,NA,NA,NA
"365","Eucalyptus microcorys small","Allocasuarina torulosa small",0.0760850720252573,1.56029999297291,1.06479370099173,1.29540122354255,1.47802648952671,1.7625804022982,3.11582032300338,"Lorne","small_small","Eucalyptus microcorys","Allocasuarina torulosa","between","Eucalyptus microcorys small_Allocasuarina torulosa small","between_species_small_small",0.0722387025826273,NA,-0.0639665553999573,0.219203955303743,0.2831705107037
"366","Allocasuarina torulosa small","Allocasuarina torulosa small",0.0954534264522945,2.2267540558768,1.21766802412522,1.84975684408502,2.13694254923751,2.61035522948269,3.66869739168673,"Lorne","small_small","Allocasuarina torulosa","Allocasuarina torulosa","within","Allocasuarina torulosa small_Allocasuarina torulosa small","within_species_small_small",0.128442592791293,NA,-0.150998818965255,0.352486892938499,0.503485711903755
"367","Cryptocarya glaucescens small","Eucalyptus pilularis large",0.0954603840972439,1.62829678602097,1.05435416777616,1.4969974993082,1.63271615129002,1.79533969838945,2.34154707857338,"Lorne","large_small","Cryptocarya glaucescens","Eucalyptus pilularis","between","Cryptocarya glaucescens small_Eucalyptus pilularis large","between_species_large_small",NA,NA,NA,NA,NA
"368","Cryptocarya glaucescens small","Eucalyptus pilularis small",0.108555667485553,1.64136377010652,1.05695763798967,1.48956777577441,1.64561618601804,1.80278247095938,2.45451229527389,"Lorne","small_small","Cryptocarya glaucescens","Eucalyptus pilularis","between","Cryptocarya glaucescens small_Eucalyptus pilularis small","between_species_small_small",NA,NA,NA,NA,NA
"369","Allocasuarina torulosa large","Cryptocarya glaucescens small",0.112759886523691,1.63492672277298,1.13316891278069,1.35072255094918,1.52233707836141,1.82565001419166,2.91609051730647,"Lorne","large_small","Allocasuarina torulosa","Cryptocarya glaucescens","between","Allocasuarina torulosa large_Cryptocarya glaucescens small","between_species_large_small",NA,NA,NA,NA,NA
"370","Allocasuarina torulosa large","Allocasuarina torulosa large",0.115508539429183,1.86819274741502,1.32084858664508,1.60199527627179,1.77024374743402,2.05293627648474,3.40127699076533,"Lorne","large_large","Allocasuarina torulosa","Allocasuarina torulosa","within","Allocasuarina torulosa large_Allocasuarina torulosa large","within_species_large_large",0.134029421464516,NA,-0.146285623902607,0.379100053975776,0.525385677878383
"371","Allocasuarina torulosa small","Eucalyptus pilularis large",0.121567416092447,2.40666764631503,1.19872379414411,1.82267433073141,2.22047923943373,2.96792937894499,4.73033853373407,"Lorne","large_small","Allocasuarina torulosa","Eucalyptus pilularis","between","Allocasuarina torulosa small_Eucalyptus pilularis large","between_species_large_small",NA,NA,NA,NA,NA
"372","Eucalyptus microcorys small","Cryptocarya glaucescens small",0.131785391923705,2.48871063400899,1.15030478967641,1.73753604630959,2.17899189939499,2.94601585594115,8.39591470509408,"Lorne","small_small","Eucalyptus microcorys","Cryptocarya glaucescens","between","Eucalyptus microcorys small_Cryptocarya glaucescens small","between_species_small_small",0.140272405098788,NA,-0.141853199826447,0.408004524210428,0.549857724036875
"373","Allocasuarina torulosa large","Cryptocarya rigida small",0.13426452705753,1.81379154398721,1.19514673774236,1.45891774062493,1.66886333223755,2.02518484769015,4.15957841866426,"Lorne","large_small","Allocasuarina torulosa","Cryptocarya rigida","between","Allocasuarina torulosa large_Cryptocarya rigida small","between_species_large_small",NA,NA,NA,NA,NA
"374","Eucalyptus microcorys large","Cryptocarya rigida small",0.177025519279243,2.76056729288579,1.20017656233745,1.85490357550122,2.45616394605223,3.38055529230943,7.47901122625395,"Lorne","large_small","Eucalyptus microcorys","Cryptocarya rigida","between","Eucalyptus microcorys large_Cryptocarya rigida small","between_species_large_small",0.134772229634138,NA,-0.0836131925701813,0.444684239827963,0.528297432398144
"375","Eucalyptus microcorys small","Eucalyptus microcorys small",0.191569656090334,1.04429567731365,0.448917723554585,0.84978125857666,1.00467401969856,1.1666659110864,2.41375422356726,"Lorne","small_small","Eucalyptus microcorys","Eucalyptus microcorys","within","Eucalyptus microcorys small_Eucalyptus microcorys small","within_species_small_small",0.111360208560186,NA,-0.0240813795265704,0.412442616651095,0.436523996177666
"376","Cryptocarya rigida small","Eucalyptus pilularis small",0.210054141452514,2.78170401118309,1.06147594803407,1.83303505445831,2.33061954961668,3.2349903363812,9.37970614612004,"Lorne","small_small","Cryptocarya rigida","Eucalyptus pilularis","between","Cryptocarya rigida small_Eucalyptus pilularis small","between_species_small_small",NA,NA,NA,NA,NA
"377","Allocasuarina torulosa large","Eucalyptus pilularis large",0.211243010673057,3.16270306303928,1.39771890491983,2.11509642251277,2.65808916792455,3.69945536264087,10.0084336238877,"Lorne","large_large","Allocasuarina torulosa","Eucalyptus pilularis","between","Allocasuarina torulosa large_Eucalyptus pilularis large","between_species_large_large",NA,NA,NA,NA,NA
"378","Eucalyptus microcorys small","Eucalyptus microcorys large",0.264739425992101,6.68611320813239,1.31996640626375,2.68962916704083,3.95447569065728,7.06586434763496,76.9847370409408,"Lorne","large_small","Eucalyptus microcorys","Eucalyptus microcorys","within","Eucalyptus microcorys small_Eucalyptus microcorys large","within_species_large_small",0.118752728551382,1,0.0360099107966835,0.501512052849824,0.465502142053141
"379","Eucalyptus pilularis small","Eucalyptus pilularis large",0.360651755634688,4.4165694756986,1.34440853272075,2.46255243738572,3.51086618727332,5.6531555214267,17.5087699367135,"Lorne","large_small","Eucalyptus pilularis","Eucalyptus pilularis","within","Eucalyptus pilularis small_Eucalyptus pilularis large","within_species_large_small",0.298997855309792,NA,-0.223613559818121,0.9484364959057,1.17205005572382
"380","Eucalyptus microcorys large","Eucalyptus pilularis large",0.420102617586556,20.2395224511213,1.59561064811149,6.77244551951566,12.3823297932446,27.2003333498682,144.898735123829,"Lorne","large_large","Eucalyptus microcorys","Eucalyptus pilularis","between","Eucalyptus microcorys large_Eucalyptus pilularis large","between_species_large_large",NA,NA,NA,NA,NA
"381","Eucalyptus pilularis large","Eucalyptus pilularis large",-2.19938067375063,0.00369733140309707,9.38455046551085e-10,7.67758923539553e-07,2.14095727114185e-05,0.00042764024832645,0.276244284103905,"BirdTree","large_large","Eucalyptus pilularis","Eucalyptus pilularis","within","Eucalyptus pilularis large_Eucalyptus pilularis large","within_species_large_large",0.951569788610378,1,-4.03492237899063,-0.304837350085159,3.73008502890547
"382","Schizomeria ovata large","Syncarpia glomulifera subsp glabra small",-1.0355656969781,0.150867317871017,0.000169549013841003,0.0253347387757858,0.0858658684065665,0.198022420522164,0.859810080683716,"BirdTree","large_small","Schizomeria ovata","Syncarpia glomulifera","between","Schizomeria ovata large_Syncarpia glomulifera subsp glabra small","between_species_large_small",NA,NA,NA,NA,NA
"383","Schizomeria ovata large","Schizomeria ovata large",-0.992480293454828,0.107810494418802,0.000136460969103885,0.0158404001168556,0.0557189498850904,0.127113155126315,0.82245687665268,"BirdTree","large_large","Schizomeria ovata","Schizomeria ovata","within","Schizomeria ovata large_Schizomeria ovata large","within_species_large_large",0.6421934778216,NA,-2.24555001289369,0.271802162380027,2.51735217527372
"384","Syncarpia glomulifera subsp glabra small","Syncarpia glomulifera subsp glabra small",-0.90783374894893,0.065911640213489,0.000214969700167276,0.00662569816624004,0.0337423854204342,0.106494347458125,0.351699612235381,"BirdTree","small_small","Syncarpia glomulifera","Syncarpia glomulifera","within","Syncarpia glomulifera subsp glabra small_Syncarpia glomulifera subsp glabra small","within_species_small_small",0.836885739002964,NA,-2.54655555411312,0.733976261128869,3.28053181524199
"385","Schizomeria ovata large","Eucalyptus pilularis small",-0.435592116652735,0.432615337081165,0.0363241617557521,0.273961428850762,0.422718629864601,0.571678728265619,0.942978653880042,"BirdTree","large_small","Schizomeria ovata","Eucalyptus pilularis","between","Schizomeria ovata large_Eucalyptus pilularis small","between_species_large_small",0.343038205647477,NA,-1.10334871767558,0.24133633910502,1.3446850567806
"386","Allocasuarina torulosa small","Eucalyptus pilularis large",-0.343865028307442,0.444645390744773,0.0351410703206713,0.195618057771334,0.456302858959332,0.654549417019208,0.959534860934033,"BirdTree","large_small","Allocasuarina torulosa","Eucalyptus pilularis","between","Allocasuarina torulosa small_Eucalyptus pilularis large","between_species_large_small",NA,NA,NA,NA,NA
"387","Eucalyptus pilularis small","Eucalyptus pilularis small",-0.316955728428309,0.0491473228532372,0.00699875316627884,0.0210019160433271,0.0317953635889143,0.0647368034806746,0.312279531229129,"BirdTree","small_small","Eucalyptus pilularis","Eucalyptus pilularis","within","Eucalyptus pilularis small_Eucalyptus pilularis small","within_species_small_small",0.312825350489799,NA,-0.924716329322631,0.301536511499621,1.22625284082225
"388","Syncarpia glomulifera subsp glabra small","Synoum glandulosum subsp glandulsoum small",-0.274036677129538,0.57358848156943,0.176452337384005,0.411386520468636,0.607105199631568,0.731903480389841,0.873012113760332,"BirdTree","small_small","Syncarpia glomulifera","Synoum glandulosum","between","Syncarpia glomulifera subsp glabra small_Synoum glandulosum subsp glandulsoum small","between_species_small_small",NA,NA,NA,NA,NA
"389","Eucalyptus pilularis large","Archontophoenix cunninghamiana small",-0.270754991100729,0.456145963146687,0.176272980623412,0.336334449238967,0.439165333057645,0.55630644816931,0.907842970221563,"BirdTree","large_small","Eucalyptus pilularis","Archontophoenix cunninghamiana","between","Eucalyptus pilularis large_Archontophoenix cunninghamiana small","between_species_large_small",0.166247720960584,NA,-0.595641003364127,0.0560380878250919,0.651679091189219
"390","Eucalyptus pilularis large","Schizomeria ovata small",-0.241936404358504,0.454877128232394,0.168392164162473,0.34207250060564,0.429130221497142,0.553094523869997,0.917233658938586,"BirdTree","large_small","Eucalyptus pilularis","Schizomeria ovata","between","Eucalyptus pilularis large_Schizomeria ovata small","between_species_large_small",NA,NA,NA,NA,NA
"391","Schizomeria ovata large","Cryptocarya rigida small",-0.194171393954093,0.703653575015261,0.281151386516605,0.621128261209783,0.714645316358828,0.801924475353493,0.974167959533034,"BirdTree","large_small","Schizomeria ovata","Cryptocarya rigida","between","Schizomeria ovata large_Cryptocarya rigida small","between_species_large_small",0.197002877597348,NA,-0.572659806606525,0.199577283276582,0.772237089883108
"392","Schizomeria ovata large","Allocasuarina torulosa small",-0.171957790636345,0.648319928773718,0.240546113154033,0.54741357371258,0.663810284949857,0.758695106538099,0.97708906555719,"BirdTree","large_small","Schizomeria ovata","Allocasuarina torulosa","between","Schizomeria ovata large_Allocasuarina torulosa small","between_species_large_small",0.28345130587725,NA,-0.730809495432213,0.380299206348298,1.11110870178051
"393","Schizomeria ovata small","Synoum glandulosum subsp glandulsoum small",-0.154651089313824,0.503455592433095,0.108444101061506,0.358073454175782,0.503122356823853,0.659222577904681,0.919596611082557,"BirdTree","small_small","Schizomeria ovata","Synoum glandulosum","between","Schizomeria ovata small_Synoum glandulosum subsp glandulsoum small","between_species_small_small",NA,NA,NA,NA,NA
"394","Allocasuarina torulosa small","Archontophoenix cunninghamiana small",-0.0995686199083529,0.801785970432331,0.439691162063538,0.70276692351508,0.849340528098959,0.912527346657822,0.988110608414243,"BirdTree","small_small","Allocasuarina torulosa","Archontophoenix cunninghamiana","between","Allocasuarina torulosa small_Archontophoenix cunninghamiana small","between_species_small_small",NA,NA,NA,NA,NA
"395","Schizomeria ovata small","Cryptocarya rigida small",-0.0695681145994166,0.761277901602215,0.468440253569498,0.698305028265944,0.76797962329228,0.842941585653408,0.962996410472789,"BirdTree","small_small","Schizomeria ovata","Cryptocarya rigida","between","Schizomeria ovata small_Cryptocarya rigida small","between_species_small_small",0.083552317357375,NA,-0.234963569748204,0.0925554959424278,0.327519065690632
"396","Schizomeria ovata small","Archontophoenix cunninghamiana small",-0.0372098028049676,0.854634016692739,0.624234353585596,0.817584013264385,0.866196856913467,0.910431825617609,0.980034464477864,"BirdTree","small_small","Schizomeria ovata","Archontophoenix cunninghamiana","between","Schizomeria ovata small_Archontophoenix cunninghamiana small","between_species_small_small",0.0556186381464831,NA,-0.143855310835243,0.0741657444373021,0.218021055272545
"397","Allocasuarina torulosa small","Cryptocarya rigida small",-0.0370037957399487,0.92042034074321,0.749229902714495,0.881086636364271,0.939371443840641,0.965293939620487,0.995564800363726,"BirdTree","small_small","Allocasuarina torulosa","Cryptocarya rigida","between","Allocasuarina torulosa small_Cryptocarya rigida small","between_species_small_small",NA,NA,NA,NA,NA
"398","Archontophoenix cunninghamiana small","Cryptocarya rigida small",-0.0312224567653555,0.82963845337046,0.639675716936711,0.785916072159618,0.846309913892535,0.884150858833051,0.951900802984513,"BirdTree","small_small","Archontophoenix cunninghamiana","Cryptocarya rigida","between","Archontophoenix cunninghamiana small_Cryptocarya rigida small","between_species_small_small",NA,NA,NA,NA,NA
"399","Cryptocarya rigida small","Cryptocarya rigida small",-0.0251780971323296,0.972994178437578,0.651207006422911,0.833873471089717,0.999027253194478,1.09362296561453,1.26561287002418,"BirdTree","small_small","Cryptocarya rigida","Cryptocarya rigida","within","Cryptocarya rigida small_Cryptocarya rigida small","within_species_small_small",0.1324690201681,NA,-0.276282226045283,0.24298679114829,0.519269017193573
"400","Schizomeria ovata large","Archontophoenix cunninghamiana small",-0.00563722003995034,0.988762483485885,0.961333015626342,0.985523324227821,0.990546550193206,0.993993643116014,0.999240471361142,"BirdTree","large_small","Schizomeria ovata","Archontophoenix cunninghamiana","between","Schizomeria ovata large_Archontophoenix cunninghamiana small","between_species_large_small",0.124080855340603,NA,-0.247745632570477,0.238642382706534,0.486388015277011
"401","Cryptocarya rigida small","Eucalyptus pilularis small",0.0138336830755705,1.1170094856978,1.03563352317855,1.09627038830078,1.12147143951941,1.13873235168977,1.18182872163636,"BirdTree","small_small","Cryptocarya rigida","Eucalyptus pilularis","between","Cryptocarya rigida small_Eucalyptus pilularis small","between_species_small_small",NA,NA,NA,NA,NA
"402","Eucalyptus pilularis small","Allocasuarina torulosa small",0.0148118400866267,1.08011500570549,1.0188673396598,1.06541439695288,1.0795915588061,1.09541594060094,1.14657760688694,"BirdTree","small_small","Eucalyptus pilularis","Allocasuarina torulosa","between","Eucalyptus pilularis small_Allocasuarina torulosa small","between_species_small_small",0.187483160991151,NA,-0.353942695017728,0.380977791483034,0.734920486500761
"403","Schizomeria ovata small","Allocasuarina torulosa small",0.031341886633403,1.24011309962207,1.0171322590298,1.12205748900132,1.21744002732075,1.3201625865113,1.69057233077806,"BirdTree","small_small","Schizomeria ovata","Allocasuarina torulosa","between","Schizomeria ovata small_Allocasuarina torulosa small","between_species_small_small",0.109646028795078,NA,-0.183920749597223,0.245883785375167,0.42980453497239
"404","Cryptocarya rigida small","Synoum glandulosum subsp glandulsoum small",0.0552603132019976,1.47588150038661,1.15761615732467,1.36683970004384,1.45404866551835,1.58377961801019,1.84892202127646,"BirdTree","small_small","Cryptocarya rigida","Synoum glandulosum","between","Cryptocarya rigida small_Synoum glandulosum subsp glandulsoum small","between_species_small_small",NA,NA,NA,NA,NA
"405","Schizomeria ovata small","Schizomeria ovata small",0.0666749490045957,1.88818225447246,1.11578930784276,1.67890598607915,1.90019833551086,2.10187937083039,2.61876122997381,"BirdTree","small_small","Schizomeria ovata","Schizomeria ovata","within","Schizomeria ovata small_Schizomeria ovata small","within_species_small_small",0.126298407516195,NA,-0.170027230231853,0.325053429841159,0.495080660073012
"406","Archontophoenix cunninghamiana small","Eucalyptus pilularis small",0.0672669011904028,1.75663973444603,1.13319774893543,1.43548130977083,1.60339877020838,1.89208329423426,3.5107305848265,"BirdTree","small_small","Archontophoenix cunninghamiana","Eucalyptus pilularis","between","Archontophoenix cunninghamiana small_Eucalyptus pilularis small","between_species_small_small",NA,NA,NA,NA,NA
"407","Archontophoenix cunninghamiana small","Syncarpia glomulifera subsp glabra small",0.0720102911188138,2.13351086611212,1.31158964756238,1.68197555384008,1.92076460198507,2.31179235055821,4.79047502105434,"BirdTree","small_small","Archontophoenix cunninghamiana","Syncarpia glomulifera","between","Archontophoenix cunninghamiana small_Syncarpia glomulifera subsp glabra small","between_species_small_small",NA,NA,NA,NA,NA
"408","Archontophoenix cunninghamiana small","Synoum glandulosum subsp glandulsoum small",0.0752146247953439,1.77404256225257,1.17500411587661,1.39603574712749,1.56068253978189,1.995641924514,3.69940482494385,"BirdTree","small_small","Archontophoenix cunninghamiana","Synoum glandulosum","between","Archontophoenix cunninghamiana small_Synoum glandulosum subsp glandulsoum small","between_species_small_small",NA,NA,NA,NA,NA
"409","Eucalyptus pilularis small","Syncarpia glomulifera subsp glabra small",0.0809444033695931,1.55450679359238,1.15893111250316,1.43038807864556,1.53948113674245,1.66433713049719,2.07788074365434,"BirdTree","small_small","Eucalyptus pilularis","Syncarpia glomulifera","between","Eucalyptus pilularis small_Syncarpia glomulifera subsp glabra small","between_species_small_small",NA,NA,NA,NA,NA
"410","Cryptocarya rigida small","Eucalyptus pilularis large",0.0886758364329285,2.1646586736289,1.31083739997727,1.878106507036,2.17630531843828,2.42395768581524,3.21549767130425,"BirdTree","large_small","Cryptocarya rigida","Eucalyptus pilularis","between","Cryptocarya rigida small_Eucalyptus pilularis large","between_species_large_small",NA,NA,NA,NA,NA
"411","Synoum glandulosum subsp glandulsoum small","Synoum glandulosum subsp glandulsoum small",0.105612375260021,0.448117983127711,0.101313464163201,0.219732106959377,0.373393712985125,0.691307040453186,1.02974471435874,"BirdTree","small_small","Synoum glandulosum","Synoum glandulosum","within","Synoum glandulosum subsp glandulsoum small_Synoum glandulosum subsp glandulsoum small","within_species_small_small",0.124569527582706,NA,-0.127360530336722,0.360943044929822,0.488303575266544
"412","Allocasuarina torulosa small","Syncarpia glomulifera subsp glabra small",0.1069412110636,1.53006956851684,1.01292913258639,1.15773249043528,1.31429898144454,1.73563306970387,3.09950252192748,"BirdTree","small_small","Allocasuarina torulosa","Syncarpia glomulifera","between","Allocasuarina torulosa small_Syncarpia glomulifera subsp glabra small","between_species_small_small",NA,NA,NA,NA,NA
"413","Synoum glandulosum subsp glandulsoum small","Schizomeria ovata large",0.11467786049588,2.56455875268348,1.27453445768465,1.74015222669688,2.16519902591336,3.1555308320653,6.67263989140161,"BirdTree","large_small","Synoum glandulosum","Schizomeria ovata","between","Synoum glandulosum subsp glandulsoum small_Schizomeria ovata large","between_species_large_small",0.24182155626245,NA,-0.364052105864017,0.583870976055639,0.947923081919656
"414","Cryptocarya rigida small","Syncarpia glomulifera subsp glabra small",0.120278411811616,3.47399289218263,1.44929399719782,2.71497902960373,3.47867226740374,4.13029602754626,6.532429951249,"BirdTree","small_small","Cryptocarya rigida","Syncarpia glomulifera","between","Cryptocarya rigida small_Syncarpia glomulifera subsp glabra small","between_species_small_small",NA,NA,NA,NA,NA
"415","Allocasuarina torulosa small","Allocasuarina torulosa small",0.17070525878789,2.18449158907702,1.09528720502173,1.60328764898792,1.94716290431529,2.64007651802756,4.98162039190345,"BirdTree","small_small","Allocasuarina torulosa","Allocasuarina torulosa","within","Allocasuarina torulosa small_Allocasuarina torulosa small","within_species_small_small",0.174133562999997,NA,-0.164685430062811,0.517905593896449,0.68259102395926
"416","Schizomeria ovata small","Eucalyptus pilularis small",0.174798123581466,2.81144791057915,1.09937272835426,1.68995413457135,2.32116217283259,3.24034990952703,10.6972727642117,"BirdTree","small_small","Schizomeria ovata","Eucalyptus pilularis","between","Schizomeria ovata small_Eucalyptus pilularis small","between_species_small_small",0.12990684075413,NA,-0.0817465374191299,0.42747892102782,0.50922545844695
"417","Synoum glandulosum subsp glandulsoum small","Allocasuarina torulosa small",0.183969286565157,3.921475478973,1.44939347745673,2.33034676694908,3.09700755488565,4.65545779647311,17.5143433382329,"BirdTree","small_small","Synoum glandulosum","Allocasuarina torulosa","between","Synoum glandulosum subsp glandulsoum small_Allocasuarina torulosa small","between_species_small_small",0.129289031476691,NA,-0.074471962922322,0.432331727658438,0.50680369058076
"418","Synoum glandulosum subsp glandulsoum small","Eucalyptus pilularis small",0.198733866417379,3.9342472190337,1.31565536951467,2.00777098946263,2.87227994444516,5.15980883862848,18.4307819713035,"BirdTree","small_small","Synoum glandulosum","Eucalyptus pilularis","between","Synoum glandulosum subsp glandulsoum small_Eucalyptus pilularis small","between_species_small_small",0.140518345074579,NA,-0.0755693095260969,0.475252481500596,0.550821791026693
"419","Schizomeria ovata small","Syncarpia glomulifera subsp glabra small",0.259057030560554,6.78213285992604,1.27025128325243,2.73831570201706,4.43547810907091,7.36454902198494,47.1616000516099,"BirdTree","small_small","Schizomeria ovata","Syncarpia glomulifera","between","Schizomeria ovata small_Syncarpia glomulifera subsp glabra small","between_species_small_small",NA,NA,NA,NA,NA
"420","Archontophoenix cunninghamiana small","Archontophoenix cunninghamiana small",0.310901499258771,10.4354024946792,3.157222542357,6.08634578880849,8.98234949832029,12.9230449542283,38.4511363766617,"BirdTree","small_small","Archontophoenix cunninghamiana","Archontophoenix cunninghamiana","within","Archontophoenix cunninghamiana small_Archontophoenix cunninghamiana small","within_species_small_small",0.0799813692006906,1,0.149044590860876,0.462565796995985,0.313521206135109
"421","Synoum glandulosum subsp glandulsoum small","Eucalyptus pilularis large",0.321418540375684,12.7680513097322,1.75890830193068,3.51202386176998,6.29364302835889,16.35458755641,102.57719188098,"BirdTree","large_small","Synoum glandulosum","Eucalyptus pilularis","between","Synoum glandulosum subsp glandulsoum small_Eucalyptus pilularis large","between_species_large_small",0.268594654902067,NA,-0.204167897249026,0.848703802847005,1.05287170009603
"422","Schizomeria ovata small","Schizomeria ovata large",0.354351992880621,28.6066775931929,1.40098741066338,4.21823929570745,8.94719415563008,23.5269678683008,400.306331638679,"BirdTree","large_small","Schizomeria ovata","Schizomeria ovata","within","Schizomeria ovata small_Schizomeria ovata large","within_species_large_small",0.234186102987303,NA,-0.111974777616208,0.806017877453597,0.917992655069805
"423","Eucalyptus pilularis small","Eucalyptus pilularis large",0.407333001143118,8.30564869790583,1.8272009770007,4.69400641644102,6.56743108701564,9.83390930584478,33.9172061663244,"BirdTree","large_small","Eucalyptus pilularis","Eucalyptus pilularis","within","Eucalyptus pilularis small_Eucalyptus pilularis large","within_species_large_small",0.36698746460816,NA,-0.322631985702524,1.1159324411168,1.43856442681932
"424","Eucalyptus pilularis large","Syncarpia glomulifera subsp glabra small",1.14941806292304,780.979866146712,1.72775022656794,33.1796314051645,128.258062445291,562.357481398532,18563.2517439415,"BirdTree","large_small","Eucalyptus pilularis","Syncarpia glomulifera","between","Eucalyptus pilularis large_Syncarpia glomulifera subsp glabra small","between_species_large_small",NA,NA,NA,NA,NA
"425","Eucalyptus pilularis large","Schizomeria ovata large",1.42626511235344,3780.19493589262,2.19786401268026,83.1175156386757,393.066335774805,2454.29367785539,107906.515811417,"BirdTree","large_large","Eucalyptus pilularis","Schizomeria ovata","between","Eucalyptus pilularis large_Schizomeria ovata large","between_species_large_large",NA,NA,NA,NA,NA
"426","Eucalyptus microcorys large","Eucalyptus microcorys large",-0.70278455593694,0.123899910798352,0.00375834476419637,0.0212139182019924,0.0763897612938894,0.205132574643442,0.596378120855122,"A-Tree","large_large","Eucalyptus microcorys","Eucalyptus microcorys","within","Eucalyptus microcorys large_Eucalyptus microcorys large","within_species_large_large",0.603046434340531,NA,-1.89007237912902,0.473826205496458,2.36389858462548
"427","Eucalyptus pilularis large","Eucalyptus pilularis large",-0.130085000723125,0.933925009687631,0.48958939329414,0.757590022541743,0.881886086239529,1.0703562053876,1.65611557829146,"A-Tree","large_large","Eucalyptus pilularis","Eucalyptus pilularis","within","Eucalyptus pilularis large_Eucalyptus pilularis large","within_species_large_large",0.127173772823164,NA,-0.38413091762562,0.114381111397339,0.498512029022959
"428","Eucalyptus pilularis small","Eucalyptus pilularis large",-0.0838174593180727,0.656018993197216,0.191203263266176,0.423005723930953,0.756217828181616,0.83845225864616,0.973703240139688,"A-Tree","large_small","Eucalyptus pilularis","Eucalyptus pilularis","within","Eucalyptus pilularis small_Eucalyptus pilularis large","within_species_large_small",0.042283805616583,1,-0.166268751447021,-0.00051927917143106,0.16574947227559
"429","Eucalyptus microcorys small","Allocasuarina torulosa large",-0.0728080819058087,0.787645703145892,0.464727090155352,0.719223430497866,0.787802757069689,0.867759601849133,0.987737180084711,"A-Tree","large_small","Eucalyptus microcorys","Allocasuarina torulosa","between","Eucalyptus microcorys small_Allocasuarina torulosa large","between_species_large_small",0.0989214654335322,NA,-0.26356118558676,0.124203833508533,0.387765019095294
"430","Eucalyptus pilularis large","Allocasuarina torulosa small",-0.045323658122119,0.820818270090156,0.653403825344848,0.791296622462993,0.827263662890054,0.861210681648615,0.955452689682874,"A-Tree","large_small","Eucalyptus pilularis","Allocasuarina torulosa","between","Eucalyptus pilularis large_Allocasuarina torulosa small","between_species_large_small",0.0535622920008614,NA,-0.157844800927115,0.0521155255750974,0.209960326502212
"431","Eucalyptus microcorys large","Allocasuarina torulosa large",-0.0354022024483661,0.937831656895617,0.846402527792053,0.909686448213332,0.947626349776564,0.969980255382186,0.991098812055104,"A-Tree","large_large","Eucalyptus microcorys","Allocasuarina torulosa","between","Eucalyptus microcorys large_Allocasuarina torulosa large","between_species_large_large",0.214701703733912,NA,-0.462193891963712,0.379421321511999,0.841615213475711
"432","Eucalyptus microcorys small","Eucalyptus pilularis large",-0.0310248875151545,0.906532488188525,0.744297474228471,0.87485692611377,0.907837200117653,0.942850788168497,0.994756076817986,"A-Tree","large_small","Eucalyptus microcorys","Eucalyptus pilularis","between","Eucalyptus microcorys small_Eucalyptus pilularis large","between_species_large_small",NA,NA,NA,NA,NA
"433","Eucalyptus microcorys small","Allocasuarina torulosa small",-0.0233078123108022,0.940249613313287,0.820986666946176,0.922214321276079,0.942724510318457,0.961949914497726,0.996057865986065,"A-Tree","small_small","Eucalyptus microcorys","Allocasuarina torulosa","between","Eucalyptus microcorys small_Allocasuarina torulosa small","between_species_small_small",0.0527290506178154,NA,-0.12998197605637,0.0767121042434454,0.206694080299815
"434","Allocasuarina torulosa large","Allocasuarina torulosa large",-0.0162410086565125,0.618001398722951,0.383205262788236,0.518874384617981,0.627637851571393,0.718631641710001,0.875673405278249,"A-Tree","large_large","Allocasuarina torulosa","Allocasuarina torulosa","within","Allocasuarina torulosa large_Allocasuarina torulosa large","within_species_large_large",0.126810681364646,NA,-0.269471183303558,0.227617553355822,0.49708873665938
"435","Eucalyptus pilularis small","Allocasuarina torulosa small",-0.00662082876652425,0.973953976070391,0.919466382118013,0.961986788097262,0.981121829266091,0.987232649854407,0.997897205031488,"A-Tree","small_small","Eucalyptus pilularis","Allocasuarina torulosa","between","Eucalyptus pilularis small_Allocasuarina torulosa small","between_species_small_small",0.030195862230037,NA,-0.0679585010663972,0.0504071038396143,0.118365604906012
"436","Eucalyptus pilularis small","Eucalyptus microcorys small",0.00342068995524337,1.02389338608907,1.00136998301835,1.00919041714314,1.01661764036973,1.03831508470242,1.06985537830946,"A-Tree","small_small","Eucalyptus pilularis","Eucalyptus microcorys","between","Eucalyptus pilularis small_Eucalyptus microcorys small","between_species_small_small",0.0446535045435594,NA,-0.0838043909043332,0.0912341304734107,0.175038521377744
"437","Eucalyptus pilularis small","Allocasuarina torulosa large",0.00747294036174719,1.04618424508415,1.00240706653732,1.01766591803681,1.02770203945389,1.07667214408504,1.15696838682125,"A-Tree","large_small","Eucalyptus pilularis","Allocasuarina torulosa","between","Eucalyptus pilularis small_Allocasuarina torulosa large","between_species_large_small",0.044722599183455,NA,-0.0780320347322703,0.0972773326569143,0.175309367389185
"438","Allocasuarina torulosa small","Allocasuarina torulosa large",0.0341423292984447,1.40779446867921,1.11665142567409,1.31523334003708,1.40266616134042,1.49535098449222,1.83313606791087,"A-Tree","large_small","Allocasuarina torulosa","Allocasuarina torulosa","within","Allocasuarina torulosa small_Allocasuarina torulosa large","within_species_large_small",0.058327173884382,NA,-0.0851071882524789,0.143531132014309,0.228638320266788
"439","Eucalyptus pilularis large","Allocasuarina torulosa large",0.0496480006776109,1.33190353656469,1.05887732694538,1.23918929857927,1.30958874473878,1.41142610171282,1.75268250225704,"A-Tree","large_large","Eucalyptus pilularis","Allocasuarina torulosa","between","Eucalyptus pilularis large_Allocasuarina torulosa large","between_species_large_large",0.0885987439724957,NA,-0.118821328054405,0.228479366468748,0.347300694523154
"440","Eucalyptus microcorys small","Eucalyptus microcorys small",0.082352466762511,1.57975665939015,1.0854784891063,1.44964218901478,1.565783927777,1.71420861243904,2.34700781044202,"A-Tree","small_small","Eucalyptus microcorys","Eucalyptus microcorys","within","Eucalyptus microcorys small_Eucalyptus microcorys small","within_species_small_small",0.157578838631498,NA,-0.232374274408561,0.385323422478209,0.61769769688677
"441","Allocasuarina torulosa small","Eucalyptus microcorys large",0.123995664822138,8.54085847085646,2.00383875471361,5.60302668405768,8.06848481124752,11.0033440464787,19.8957593179351,"A-Tree","large_small","Allocasuarina torulosa","Eucalyptus microcorys","between","Allocasuarina torulosa small_Eucalyptus microcorys large","between_species_large_small",NA,NA,NA,NA,NA
"442","Eucalyptus pilularis small","Eucalyptus microcorys large",0.133228978470158,4.81652158200369,1.07657069778369,1.55165861489149,2.1916854355876,6.66250973124804,26.2159217200924,"A-Tree","large_small","Eucalyptus pilularis","Eucalyptus microcorys","between","Eucalyptus pilularis small_Eucalyptus microcorys large","between_species_large_small",0.101037651474249,NA,-0.062828732628423,0.333231583315655,0.396060315944078
"443","Eucalyptus pilularis large","Eucalyptus microcorys large",0.14471381002658,4.01007591265658,1.34758066624888,2.44408459099705,3.37277435068666,5.10839354276829,11.4794348303449,"A-Tree","large_large","Eucalyptus pilularis","Eucalyptus microcorys","between","Eucalyptus pilularis large_Eucalyptus microcorys large","between_species_large_large",0.183465015233061,NA,-0.209616627814538,0.509553016745245,0.719169644559783
"444","Allocasuarina torulosa small","Allocasuarina torulosa small",0.211730099522591,4.49231568084063,1.8592861466667,3.49019301908984,4.35212557222546,5.39844585275132,9.21495647255021,"A-Tree","small_small","Allocasuarina torulosa","Allocasuarina torulosa","within","Allocasuarina torulosa small_Allocasuarina torulosa small","within_species_small_small",0.0700745790016368,1,0.0655494462380912,0.340236748388121,0.27468730215003
"445","Eucalyptus microcorys small","Eucalyptus microcorys large",0.339110940153353,6.75773827761434,1.0907625726124,2.82647634622234,4.83219673775036,7.77457196788345,64.6572632514655,"A-Tree","large_small","Eucalyptus microcorys","Eucalyptus microcorys","within","Eucalyptus microcorys small_Eucalyptus microcorys large","within_species_large_small",0.268258525708175,NA,-0.184108071563833,0.867446026303836,1.05155409786767
"446","Eucalyptus pilularis small","Eucalyptus pilularis small",0.423596471747002,12.9303215332167,1.30130149412938,3.83721579961628,6.82840458654576,13.9331696931628,126.268604543758,"A-Tree","small_small","Eucalyptus pilularis","Eucalyptus pilularis","within","Eucalyptus pilularis small_Eucalyptus pilularis small","within_species_small_small",0.0547421147832455,1,0.318879103139693,0.533464249965131,0.214585146825438
"447","Syncarpia glomulifera subsp glomulifera large","Syncarpia glomulifera subsp glomulifera large",-0.704052029878961,0.199985044539913,0.0121124863590495,0.0832150205260411,0.160567219532881,0.288439842487628,0.692006366005364,"BlackBull","large_large","Syncarpia glomulifera","Syncarpia glomulifera","within","Syncarpia glomulifera subsp glomulifera large_Syncarpia glomulifera subsp glomulifera large","within_species_large_large",0.635018982766218,NA,-1.87933533784622,0.609893333595874,2.4892286714421
"448","Syncarpia glomulifera subsp glomulifera large","Eucalyptus pilularis large",-0.488422962337686,0.3704475715049,0.0611482224711701,0.221494585774023,0.339705646740708,0.505828488362152,0.822097918836414,"BlackBull","large_large","Syncarpia glomulifera","Eucalyptus pilularis","between","Syncarpia glomulifera subsp glomulifera large_Eucalyptus pilularis large","between_species_large_large",0.411907898105941,NA,-1.27812103129989,0.336528259170592,1.61464929047048
"449","Eucalyptus pilularis large","Eucalyptus pilularis large",-0.45078434436312,0.314157361073317,0.0850162770750261,0.183167072148368,0.294019622777675,0.404721564278166,0.891394410382699,"BlackBull","large_large","Eucalyptus pilularis","Eucalyptus pilularis","within","Eucalyptus pilularis large_Eucalyptus pilularis large","within_species_large_large",0.423773278666649,NA,-1.27602537313016,0.385135354464015,1.66116072759418
"450","Eucalyptus pilularis large","Allocasuarina torulosa small",-0.171944484764707,0.676264487717832,0.425094272141178,0.587892803071254,0.683462234737398,0.754080767198502,0.936761775395432,"BlackBull","large_small","Eucalyptus pilularis","Allocasuarina torulosa","between","Eucalyptus pilularis large_Allocasuarina torulosa small","between_species_large_small",0.106281019233631,NA,-0.379683567357274,0.0369303725189763,0.41661393987625
"451","Syncarpia glomulifera subsp glomulifera large","Allocasuarina torulosa small",-0.124907679385516,0.821868445341878,0.570042721618206,0.763543639371979,0.833289166287413,0.890097098894748,0.963043207337312,"BlackBull","large_small","Syncarpia glomulifera","Allocasuarina torulosa","between","Syncarpia glomulifera subsp glomulifera large_Allocasuarina torulosa small","between_species_large_small",0.140264973471048,NA,-0.389951353725584,0.159877238865857,0.54982859259144
"452","Eucalyptus pilularis small","Allocasuarina torulosa large",-0.124121875165999,0.686072226967814,0.459049267982531,0.599558260063661,0.686519665033013,0.758595334137137,0.967407836874903,"BlackBull","large_small","Eucalyptus pilularis","Allocasuarina torulosa","between","Eucalyptus pilularis small_Allocasuarina torulosa large","between_species_large_small",0.136634897297217,NA,-0.37003139599215,0.165567559475599,0.535598955467749
"453","Eucalyptus pilularis small","Eucalyptus pilularis small",-0.0881141699358273,0.5674216286349,0.313886823667664,0.450418669714269,0.555125286010852,0.660584559260471,0.945694691500629,"BlackBull","small_small","Eucalyptus pilularis","Eucalyptus pilularis","within","Eucalyptus pilularis small_Eucalyptus pilularis small","within_species_small_small",0.25405857008407,NA,-0.559515893167668,0.436375401489375,0.995891294657044
"454","Syncarpia glomulifera subsp glomulifera large","Syncarpia glomulifera subsp glomulifera small",-0.0783340298183039,0.860593171731576,0.672647378870882,0.816785886220375,0.863381659753396,0.913804912993274,0.976660637428186,"BlackBull","large_small","Syncarpia glomulifera","Syncarpia glomulifera","within","Syncarpia glomulifera subsp glomulifera large_Syncarpia glomulifera subsp glomulifera small","within_species_large_small",NA,NA,NA,NA,NA
"455","Eucalyptus pilularis small","Allocasuarina torulosa small",-0.0138764156905946,0.962527518404804,0.92337091916055,0.950058713993104,0.964343711140438,0.974689657127628,0.996302456098233,"BlackBull","small_small","Eucalyptus pilularis","Allocasuarina torulosa","between","Eucalyptus pilularis small_Allocasuarina torulosa small","between_species_small_small",0.0926603152457255,NA,-0.195243985499597,0.167977775855902,0.363221761355499
"456","Allocasuarina torulosa small","Syncarpia glomulifera subsp glomulifera small",0.0499537461776541,1.58174367347059,1.12160399314288,1.41598896917521,1.54366774120354,1.72681417336829,2.15907195982049,"BlackBull","small_small","Allocasuarina torulosa","Syncarpia glomulifera","between","Allocasuarina torulosa small_Syncarpia glomulifera subsp glomulifera small","between_species_small_small",NA,NA,NA,NA,NA
"457","Allocasuarina torulosa large","Syncarpia glomulifera subsp glomulifera small",0.0541014019077658,1.35134070983978,1.05938684867145,1.23610793682145,1.33908946466243,1.45432648452271,1.78340395420131,"BlackBull","large_small","Allocasuarina torulosa","Syncarpia glomulifera","between","Allocasuarina torulosa large_Syncarpia glomulifera subsp glomulifera small","between_species_large_small",NA,NA,NA,NA,NA
"458","Allocasuarina torulosa small","Allocasuarina torulosa small",0.0817549790843547,1.51694264477547,1.16419039272662,1.38157158306592,1.49593730634416,1.61589012313491,2.24395658772722,"BlackBull","small_small","Allocasuarina torulosa","Allocasuarina torulosa","within","Allocasuarina torulosa small_Allocasuarina torulosa small","within_species_small_small",0.107914658972886,NA,-0.12866601820987,0.294351671771687,0.423017689981557
"459","Syncarpia glomulifera subsp glomulifera small","Eucalyptus pilularis large",0.0848426327335561,1.60939287981923,1.10780344814823,1.37262621531014,1.49478222892463,1.81677664688425,2.88861930070686,"BlackBull","large_small","Syncarpia glomulifera","Eucalyptus pilularis","between","Syncarpia glomulifera subsp glomulifera small_Eucalyptus pilularis large","between_species_large_small",0.158542759270886,NA,-0.218998879279517,0.402477317081562,0.621476196361079
"460","Allocasuarina torulosa small","Allocasuarina torulosa large",0.0966507113845286,2.21762830583256,1.24654883686403,1.85851144234144,2.0907181621094,2.44016614808319,4.023217496525,"BlackBull","large_small","Allocasuarina torulosa","Allocasuarina torulosa","within","Allocasuarina torulosa small_Allocasuarina torulosa large","within_species_large_small",0.0708676815398903,NA,-0.0413968611571056,0.236399345814973,0.277796206972078
"461","Eucalyptus pilularis small","Eucalyptus pilularis large",0.0985736903323916,1.48134593091575,1.03444706873105,1.31545886440472,1.46365684937681,1.65189446393529,2.044845770274,"BlackBull","large_small","Eucalyptus pilularis","Eucalyptus pilularis","within","Eucalyptus pilularis small_Eucalyptus pilularis large","within_species_large_small",0.23520749889668,NA,-0.373917044216723,0.54807940924575,0.921996453462473
"462","Allocasuarina torulosa large","Allocasuarina torulosa large",0.112127360288341,0.546025143214189,0.250398086218743,0.425953619211245,0.525841323487078,0.653647619158256,1.07880623657828,"BlackBull","large_large","Allocasuarina torulosa","Allocasuarina torulosa","within","Allocasuarina torulosa large_Allocasuarina torulosa large","within_species_large_large",0.125291168668297,NA,-0.155813311699618,0.335319044641974,0.491132356341592
"463","Syncarpia glomulifera subsp glomulifera small","Eucalyptus pilularis small",0.131573020958796,2.04672723837303,1.17261518810888,1.59630439010875,1.79138929994493,2.39352189759044,4.98850533471834,"BlackBull","small_small","Syncarpia glomulifera","Eucalyptus pilularis","between","Syncarpia glomulifera subsp glomulifera small_Eucalyptus pilularis small","between_species_small_small",0.11784309304738,NA,-0.129838509764582,0.332097926634753,0.461936436399335
"464","Allocasuarina torulosa large","Eucalyptus pilularis large",0.173050377914635,3.44878270513666,1.29665514545096,2.41044442641952,3.17841290533788,4.29069352262144,8.57916629138948,"BlackBull","large_large","Allocasuarina torulosa","Eucalyptus pilularis","between","Allocasuarina torulosa large_Eucalyptus pilularis large","between_species_large_large",NA,NA,NA,NA,NA
"465","Syncarpia glomulifera subsp glomulifera small","Syncarpia glomulifera subsp glomulifera small",0.297608076913856,1.9207876847996,0.911137416143123,1.27370659040421,1.67602454867157,2.19725327771231,10.9044806566933,"BlackBull","small_small","Syncarpia glomulifera","Syncarpia glomulifera","within","Syncarpia glomulifera subsp glomulifera small_Syncarpia glomulifera subsp glomulifera small","within_species_small_small",0.0911667247875303,1,0.130151691738282,0.48751868608235,0.357366994344069
"466","Allocasuarina torulosa large","Syncarpia glomulifera subsp glomulifera large",0.347682789533594,19.7236532413953,1.83609445862524,7.55005710245606,14.3760869247601,26.4960316399892,111.691273100893,"BlackBull","large_large","Allocasuarina torulosa","Syncarpia glomulifera","between","Allocasuarina torulosa large_Syncarpia glomulifera subsp glomulifera large","between_species_large_large",NA,NA,NA,NA,NA
"467","Eucalyptus pilularis small","Syncarpia glomulifera subsp glomulifera large",0.375645269113126,6.37942044743582,1.15224558630508,3.28108846863558,5.24852248007128,8.78661623070777,22.4051845391968,"BlackBull","large_small","Eucalyptus pilularis","Syncarpia glomulifera","between","Eucalyptus pilularis small_Syncarpia glomulifera subsp glomulifera large","between_species_large_small",NA,NA,NA,NA,NA
"468","Allocasuarina torulosa small","Geissois benthamii small",-0.998129657062395,0.214555973194489,1.98678693336524e-06,0.0119007702039319,0.0885574773534066,0.378157116593478,0.881164608923849,"Bruxner","small_small","Allocasuarina torulosa","Geissois benthamii","between","Allocasuarina torulosa small_Geissois benthamii small","between_species_small_small",NA,NA,NA,NA,NA
"469","Eucalyptus grandis large","Eucalyptus grandis large",-0.770586954448333,0.0149644924656458,9.80877245692254e-05,0.00040082295213193,0.0013153933358702,0.00793377446628537,0.312523311827407,"Bruxner","large_large","Eucalyptus grandis","Eucalyptus grandis","within","Eucalyptus grandis large_Eucalyptus grandis large","within_species_large_large",0.331130775364878,1,-1.40825564545373,-0.110246857677765,1.29800878777597
"470","Syncarpia glomulifera subsp glabra small","Geissois benthamii small",-0.537290522872017,0.423903143399792,0.0060272173115194,0.116232238096211,0.405011978974956,0.69597819639499,0.984040593825234,"Bruxner","small_small","Syncarpia glomulifera","Geissois benthamii","between","Syncarpia glomulifera subsp glabra small_Geissois benthamii small","between_species_small_small",0.683009438905738,NA,-1.84759520747518,0.829752595237132,2.67734780271231
"471","Schizomeria ovata small","Schizomeria ovata small",-0.477462947114273,0.157716835605735,0.0189097577661641,0.0656737493278685,0.106071838511253,0.215484928870512,0.664727943209338,"Bruxner","small_small","Schizomeria ovata","Schizomeria ovata","within","Schizomeria ovata small_Schizomeria ovata small","within_species_small_small",0.490662463028197,NA,-1.45349684869552,0.469864663506447,1.92336151220197
"472","Syncarpia glomulifera subsp glabra small","Schizomeria ovata small",-0.278293061540017,0.599006368603984,0.0766397281374066,0.362464546961552,0.65208911585302,0.828431807681346,0.991701673563335,"Bruxner","small_small","Syncarpia glomulifera","Schizomeria ovata","between","Syncarpia glomulifera subsp glabra small_Schizomeria ovata small","between_species_small_small",0.402957031047621,NA,-1.07378869320109,0.505773843139956,1.57956253634105
"473","Eucalyptus grandis large","Archontophoenix cunninghamiana small",-0.261588323179864,0.328007820348106,0.125325034079905,0.21571558195989,0.281960169569739,0.41923864704318,0.779655644835885,"Bruxner","large_small","Eucalyptus grandis","Archontophoenix cunninghamiana","between","Eucalyptus grandis large_Archontophoenix cunninghamiana small","between_species_large_small",0.115050281638918,1,-0.48197398333941,-0.0309851664924722,0.450988816846938
"474","Schizomeria ovata small","Eucalyptus grandis small",-0.202055793329207,0.60999108200081,0.253971555330418,0.496555304578015,0.615484904731247,0.71727328707296,0.932263936955523,"Bruxner","small_small","Schizomeria ovata","Eucalyptus grandis","between","Schizomeria ovata small_Eucalyptus grandis small","between_species_small_small",0.209858980530002,NA,-0.611090732349184,0.211541354993007,0.822632087342191
"475","Syncarpia glomulifera subsp glabra small","Eucalyptus grandis small",-0.159693281750529,0.772498511091582,0.279304478041992,0.642538070839528,0.837457230412414,0.923825935773283,0.995229706705023,"Bruxner","small_small","Syncarpia glomulifera","Eucalyptus grandis","between","Syncarpia glomulifera subsp glabra small_Eucalyptus grandis small","between_species_small_small",0.20047716797741,NA,-0.559744855425319,0.226111202491301,0.78585605791662
"476","Lophostemon sp. small","Eucalyptus grandis large",-0.154510166988003,0.583156117687324,0.154183944149272,0.463661016722947,0.597015028668046,0.701836148359535,0.953320328157518,"Bruxner","large_small","Lophostemon sp","Eucalyptus grandis","between","Lophostemon sp. small_Eucalyptus grandis large","between_species_large_small",0.12296276503933,NA,-0.391435632863244,0.0905695489698525,0.482005181833096
"477","Syncarpia glomulifera subsp glabra small","Ceratopetalum apetalum small",-0.128519476264937,0.794968131077406,0.328858187074214,0.669232051297249,0.861612325037094,0.938391211258009,0.996159127143129,"Bruxner","small_small","Syncarpia glomulifera","Ceratopetalum apetalum","between","Syncarpia glomulifera subsp glabra small_Ceratopetalum apetalum small","between_species_small_small",0.19291259609707,NA,-0.510716530425029,0.245486950603728,0.756203481028757
"478","Caldcluvia paniculosa small","Ceratopetalum apetalum small",-0.122460791590039,0.734363009941016,0.197884065002425,0.601264815633534,0.796230922781694,0.90040492838334,0.979007509314906,"Bruxner","small_small","Caldcluvia paniculosa","Ceratopetalum apetalum","between","Caldcluvia paniculosa small_Ceratopetalum apetalum small","between_species_small_small",NA,NA,NA,NA,NA
"479","Allocasuarina torulosa small","Caldcluvia paniculosa small",-0.120432308338081,0.739489967373771,0.230817237606937,0.636873001148041,0.773761400126463,0.884233105649186,0.978162739802038,"Bruxner","small_small","Allocasuarina torulosa","Caldcluvia paniculosa","between","Allocasuarina torulosa small_Caldcluvia paniculosa small","between_species_small_small",NA,NA,NA,NA,NA
"480","Geissois benthamii small","Geissois benthamii small",-0.113761018237235,0.233428190699031,0.00526760841161244,0.0456536212086322,0.114152900065009,0.361524282254592,1.06047833221082,"Bruxner","small_small","Geissois benthamii","Geissois benthamii","within","Geissois benthamii small_Geissois benthamii small","within_species_small_small",0.310675677049346,NA,-0.724536091996301,0.493290183782328,1.21782627577863
"481","Syncarpia glomulifera subsp glabra small","Syncarpia glomulifera subsp glabra small",-0.102568775863596,0.72242922757486,0.275460120232816,0.493187938882804,0.734758777361893,0.922870497214706,1.18872297448358,"Bruxner","small_small","Syncarpia glomulifera","Syncarpia glomulifera","within","Syncarpia glomulifera subsp glabra small_Syncarpia glomulifera subsp glabra small","within_species_small_small",0.381507444482901,NA,-0.850630835829567,0.644850866211232,1.4954817020408
"482","Schizomeria ovata small","Ceratopetalum apetalum small",-0.087443279106991,0.800658795220801,0.547623522787866,0.742590493160668,0.809737851523902,0.862745442319564,0.970102009912815,"Bruxner","small_small","Schizomeria ovata","Ceratopetalum apetalum","between","Schizomeria ovata small_Ceratopetalum apetalum small","between_species_small_small",0.14284460412356,NA,-0.373597819775761,0.186342739160358,0.559940558936118
"483","Lophostemon sp. small","Archontophoenix cunninghamiana small",-0.0824443420671113,0.759630027198428,0.364291796399126,0.693565929113432,0.790981727246438,0.852830150748371,0.97481490095809,"Bruxner","small_small","Lophostemon sp","Archontophoenix cunninghamiana","between","Lophostemon sp. small_Archontophoenix cunninghamiana small","between_species_small_small",0.0568510293009123,NA,-0.190478787558248,0.0323731522693909,0.222851939827639
"484","Lophostemon sp. small","Ceratopetalum apetalum small",-0.0782917052660189,0.764641849289917,0.430306642527865,0.690208294600638,0.779385788322717,0.847363135690511,0.976068143360486,"Bruxner","small_small","Lophostemon sp","Ceratopetalum apetalum","between","Lophostemon sp. small_Ceratopetalum apetalum small","between_species_small_small",0.0630272888837919,NA,-0.204605153938663,0.0424572785722046,0.247062432510868
"485","Caldcluvia paniculosa small","Lophostemon sp. small",-0.0557959734400611,0.836634123164525,0.433797226925199,0.759217679012435,0.886575722063528,0.949935927238282,0.986735982217584,"Bruxner","small_small","Caldcluvia paniculosa","Lophostemon sp","between","Caldcluvia paniculosa small_Lophostemon sp. small","between_species_small_small",NA,NA,NA,NA,NA
"486","Eucalyptus grandis small","Archontophoenix cunninghamiana small",-0.0537832931566601,0.755084614618619,0.486910267946217,0.695400931198327,0.754930138776475,0.824316631595961,0.973152102438717,"Bruxner","small_small","Eucalyptus grandis","Archontophoenix cunninghamiana","between","Eucalyptus grandis small_Archontophoenix cunninghamiana small","between_species_small_small",0.0701332449728044,NA,-0.189950050076475,0.0849672184547676,0.274917268531243
"487","Caldcluvia paniculosa small","Geissois benthamii small",-0.0497748466256659,0.843162458532056,0.472512401573146,0.767273679103486,0.88330814268648,0.94882765747586,0.991413730987888,"Bruxner","small_small","Caldcluvia paniculosa","Geissois benthamii","between","Caldcluvia paniculosa small_Geissois benthamii small","between_species_small_small",NA,NA,NA,NA,NA
"488","Lophostemon sp. small","Allocasuarina torulosa small",0.00381940847630111,1.02121132274394,1.00195092765354,1.01114408478543,1.01777572316188,1.02810252545859,1.06598487288615,"Bruxner","small_small","Lophostemon sp","Allocasuarina torulosa","between","Lophostemon sp. small_Allocasuarina torulosa small","between_species_small_small",0.125870420618756,NA,-0.24794078077266,0.245462201490679,0.49340298226334
"489","Caldcluvia paniculosa small","Syncarpia glomulifera subsp glabra small",0.0172528767450887,1.06735914521462,1.00460719435692,1.02190028564023,1.04490741294548,1.08873328234164,1.29165236965021,"Bruxner","small_small","Caldcluvia paniculosa","Syncarpia glomulifera","between","Caldcluvia paniculosa small_Syncarpia glomulifera subsp glabra small","between_species_small_small",NA,NA,NA,NA,NA
"490","Eucalyptus grandis large","Caldcluvia paniculosa small",0.0181865015755039,1.14168272512435,1.03010868121109,1.09183543067349,1.15124373357722,1.19136609113506,1.236640951352,"Bruxner","large_small","Eucalyptus grandis","Caldcluvia paniculosa","between","Eucalyptus grandis large_Caldcluvia paniculosa small","between_species_large_small",0.147716645823063,NA,-0.273674547770503,0.305364063690023,0.579038611460526
"491","Ceratopetalum apetalum small","Allocasuarina torulosa small",0.0209974444590382,1.24325576164794,1.00750315001693,1.1154072423599,1.25135135484971,1.34695205898096,1.56362128286606,"Bruxner","small_small","Ceratopetalum apetalum","Allocasuarina torulosa","between","Ceratopetalum apetalum small_Allocasuarina torulosa small","between_species_small_small",0.183629593562045,NA,-0.335805682515781,0.38400909723889,0.719814779754671
"492","Archontophoenix cunninghamiana small","Syncarpia glomulifera subsp glabra small",0.0229261857179854,1.35766254063747,1.0849007293928,1.27424065786748,1.35241630987354,1.42511136658286,1.73761180963053,"Bruxner","small_small","Archontophoenix cunninghamiana","Syncarpia glomulifera","between","Archontophoenix cunninghamiana small_Syncarpia glomulifera subsp glabra small","between_species_small_small",NA,NA,NA,NA,NA
"493","Archontophoenix cunninghamiana small","Caldcluvia paniculosa small",0.0335332121463151,1.45805694463613,1.09464958723958,1.32649103301704,1.4378560664121,1.55904629228188,2.14886570963584,"Bruxner","small_small","Archontophoenix cunninghamiana","Caldcluvia paniculosa","between","Archontophoenix cunninghamiana small_Caldcluvia paniculosa small","between_species_small_small",NA,NA,NA,NA,NA
"494","Eucalyptus grandis small","Eucalyptus grandis small",0.0375636010927309,0.203804883961897,0.0215804462814485,0.0643949322721605,0.133605113447272,0.284361109918184,0.86218160787481,"Bruxner","small_small","Eucalyptus grandis","Eucalyptus grandis","within","Eucalyptus grandis small_Eucalyptus grandis small","within_species_small_small",0.133864887383776,NA,-0.223341873637083,0.301398842496337,0.524740716133421
"495","Archontophoenix cunninghamiana small","Geissois benthamii small",0.0384448962564722,1.57578468427284,1.11211746856214,1.38484353333954,1.5334939295445,1.71999230223128,2.49026484806167,"Bruxner","small_small","Archontophoenix cunninghamiana","Geissois benthamii","between","Archontophoenix cunninghamiana small_Geissois benthamii small","between_species_small_small",NA,NA,NA,NA,NA
"496","Archontophoenix cunninghamiana small","Allocasuarina torulosa small",0.0433508931051666,1.69920789360929,1.15719476511581,1.46275682136008,1.65140393826675,1.89750204315421,2.86731153374103,"Bruxner","small_small","Archontophoenix cunninghamiana","Allocasuarina torulosa","between","Archontophoenix cunninghamiana small_Allocasuarina torulosa small","between_species_small_small",0.0947501962688769,NA,-0.146119914886776,0.225294029543425,0.3714139444302
"497","Ceratopetalum apetalum small","Eucalyptus grandis small",0.0487594492892159,1.31680611473479,1.01879767268646,1.17823984221283,1.29495025428568,1.4103020541233,1.91377708512907,"Bruxner","small_small","Ceratopetalum apetalum","Eucalyptus grandis","between","Ceratopetalum apetalum small_Eucalyptus grandis small","between_species_small_small",NA,NA,NA,NA,NA
"498","Eucalyptus grandis large","Schizomeria ovata small",0.0531475623855804,1.46592016419908,1.07183229286814,1.34663741455201,1.50677273075498,1.59324808145346,1.74689687448899,"Bruxner","large_small","Eucalyptus grandis","Schizomeria ovata","between","Eucalyptus grandis large_Schizomeria ovata small","between_species_large_small",NA,NA,NA,NA,NA
"499","Caldcluvia paniculosa small","Schizomeria ovata small",0.0603884270327495,1.27911891717877,1.01091345155914,1.07054943778697,1.15930615793487,1.36647001780382,2.48769816950531,"Bruxner","small_small","Caldcluvia paniculosa","Schizomeria ovata","between","Caldcluvia paniculosa small_Schizomeria ovata small","between_species_small_small",NA,NA,NA,NA,NA
"500","Archontophoenix cunninghamiana small","Ceratopetalum apetalum small",0.0739095248743861,1.8526610100535,1.18115152579637,1.46146111401699,1.6807993987586,2.13616434420597,4.02965107819664,"Bruxner","small_small","Archontophoenix cunninghamiana","Ceratopetalum apetalum","between","Archontophoenix cunninghamiana small_Ceratopetalum apetalum small","between_species_small_small",NA,NA,NA,NA,NA
"501","Archontophoenix cunninghamiana small","Schizomeria ovata small",0.0819467325113498,2.74558580247563,1.29203574365373,2.12242004868456,2.61584661606854,3.09254747237588,7.11985866070011,"Bruxner","small_small","Archontophoenix cunninghamiana","Schizomeria ovata","between","Archontophoenix cunninghamiana small_Schizomeria ovata small","between_species_small_small",NA,NA,NA,NA,NA
"502","Allocasuarina torulosa small","Allocasuarina torulosa small",0.0842277733355594,0.604037172933061,0.193436413226249,0.35817822072874,0.60621610618885,0.832829773325141,1.06799991581054,"Bruxner","small_small","Allocasuarina torulosa","Allocasuarina torulosa","within","Allocasuarina torulosa small_Allocasuarina torulosa small","within_species_small_small",0.207810500471289,NA,-0.327850678542023,0.486751514523919,0.814602193065942
"503","Lophostemon sp. small","Schizomeria ovata small",0.0993689942934411,1.78319234484772,1.0365825928743,1.33284414497007,1.55027545076728,1.95867425344087,4.96756431245484,"Bruxner","small_small","Lophostemon sp","Schizomeria ovata","between","Lophostemon sp. small_Schizomeria ovata small","between_species_small_small",NA,NA,NA,NA,NA
"504","Allocasuarina torulosa small","Syncarpia glomulifera subsp glabra small",0.100637090030967,1.39274911469917,1.02149424693456,1.12393021311847,1.26225660506171,1.48840513054462,3.37223953883732,"Bruxner","small_small","Allocasuarina torulosa","Syncarpia glomulifera","between","Allocasuarina torulosa small_Syncarpia glomulifera subsp glabra small","between_species_small_small",NA,NA,NA,NA,NA
"505","Eucalyptus grandis small","Caldcluvia paniculosa small",0.104523337061038,2.79464373887466,1.07060463540978,1.73420532482817,2.59286823275844,3.71887224021566,6.7874653770159,"Bruxner","small_small","Eucalyptus grandis","Caldcluvia paniculosa","between","Eucalyptus grandis small_Caldcluvia paniculosa small","between_species_small_small",0.0894797929690985,NA,-0.0691710995498628,0.281583243577204,0.350754343127067
"506","Eucalyptus grandis large","Geissois benthamii small",0.120790355000846,2.28219799620226,1.19982469766292,1.88429676147556,2.31728121709549,2.65893295206314,3.66109814428215,"Bruxner","large_small","Eucalyptus grandis","Geissois benthamii","between","Eucalyptus grandis large_Geissois benthamii small","between_species_large_small",NA,NA,NA,NA,NA
"507","Eucalyptus grandis small","Geissois benthamii small",0.132149670201329,3.00913484907337,1.11767046197699,2.18713639173748,2.78197762195584,3.62129402816161,7.9643782407901,"Bruxner","small_small","Eucalyptus grandis","Geissois benthamii","between","Eucalyptus grandis small_Geissois benthamii small","between_species_small_small",NA,NA,NA,NA,NA
"508","Eucalyptus grandis small","Lophostemon sp. small",0.132702160427203,2.67068907319428,1.086565781957,2.02603479789089,2.5298084367243,3.31740829296429,5.15034932378348,"Bruxner","small_small","Eucalyptus grandis","Lophostemon sp","between","Eucalyptus grandis small_Lophostemon sp. small","between_species_small_small",NA,NA,NA,NA,NA
"509","Eucalyptus grandis small","Allocasuarina torulosa small",0.141131345805864,4.25165267426636,1.07402564808171,2.36117271515713,3.83227102012497,5.88646179238511,11.9739350174523,"Bruxner","small_small","Eucalyptus grandis","Allocasuarina torulosa","between","Eucalyptus grandis small_Allocasuarina torulosa small","between_species_small_small",0.159478636905964,NA,-0.169279660262126,0.455865109016334,0.62514476927846
"510","Ceratopetalum apetalum small","Geissois benthamii small",0.163386096831972,4.09142974824974,1.08923516362242,2.19471668429277,3.78822730728182,5.13674094096362,14.3145582901384,"Bruxner","small_small","Ceratopetalum apetalum","Geissois benthamii","between","Ceratopetalum apetalum small_Geissois benthamii small","between_species_small_small",NA,NA,NA,NA,NA
"511","Lophostemon sp. small","Geissois benthamii small",0.164185932518539,2.68240775082644,1.0521102573511,1.56579163857395,2.02968404187633,2.89054593939294,13.1402477302109,"Bruxner","small_small","Lophostemon sp","Geissois benthamii","between","Lophostemon sp. small_Geissois benthamii small","between_species_small_small",0.153862497734667,NA,-0.143932153361002,0.459197754901645,0.603129908262647
"512","Lophostemon sp. small","Lophostemon sp. small",0.19832373062107,3.09690318158849,1.21586796516011,2.26886632873309,2.87137773304379,3.69806466331052,8.45045861287342,"Bruxner","small_small","Lophostemon sp","Lophostemon sp","within","Lophostemon sp. small_Lophostemon sp. small","within_species_small_small",0.114268225603114,NA,-0.0302412156513894,0.417681997867412,0.447923213518801
"513","Eucalyptus grandis large","Allocasuarina torulosa small",0.220513063361357,5.98853389527716,1.301796835989,3.3904993672767,5.58505537903577,8.4341881563603,14.2407071446917,"Bruxner","large_small","Eucalyptus grandis","Allocasuarina torulosa","between","Eucalyptus grandis large_Allocasuarina torulosa small","between_species_large_small",0.231607087668854,NA,-0.233261283370348,0.674621817419982,0.90788310079033
"514","Archontophoenix cunninghamiana small","Archontophoenix cunninghamiana small",0.230027072518279,11.0793868080708,2.2172317140939,7.49398870453808,9.69926351196585,13.3605476269575,36.9441160252808,"Bruxner","small_small","Archontophoenix cunninghamiana","Archontophoenix cunninghamiana","within","Archontophoenix cunninghamiana small_Archontophoenix cunninghamiana small","within_species_small_small",0.0720793379533801,1,0.0930234729328554,0.375569285769088,0.282545812836232
"515","Ceratopetalum apetalum small","Eucalyptus grandis large",0.230821493431563,5.40573281869447,1.08564362535572,2.24534825085361,3.98074289079723,6.65208560416203,26.496463768724,"Bruxner","large_small","Ceratopetalum apetalum","Eucalyptus grandis","between","Ceratopetalum apetalum small_Eucalyptus grandis large","between_species_large_small",NA,NA,NA,NA,NA
"516","Lophostemon sp. small","Syncarpia glomulifera subsp glabra small",0.232016319528853,6.60290811081334,1.12838903377291,2.12679907323296,3.40286224088376,6.69016000739504,63.6411774444451,"Bruxner","small_small","Lophostemon sp","Syncarpia glomulifera","between","Lophostemon sp. small_Syncarpia glomulifera subsp glabra small","between_species_small_small",NA,NA,NA,NA,NA
"517","Ceratopetalum apetalum small","Ceratopetalum apetalum small",0.255728391645224,0.889752799618651,0.132634966947931,0.597544048523361,0.854531009866001,1.12509925482602,2.47725438110823,"Bruxner","small_small","Ceratopetalum apetalum","Ceratopetalum apetalum","within","Ceratopetalum apetalum small_Ceratopetalum apetalum small","within_species_small_small",0.0928405674379794,1,0.0691135215034445,0.433041858468848,0.363928336965403
"518","Caldcluvia paniculosa small","Caldcluvia paniculosa small",0.330171607223583,3.30696457649529,1.13272094865153,1.56738323686868,2.31771455245082,3.91396898385091,21.4750294247394,"Bruxner","small_small","Caldcluvia paniculosa","Caldcluvia paniculosa","within","Caldcluvia paniculosa small_Caldcluvia paniculosa small","within_species_small_small",0.0914944977925312,1,0.146017476742487,0.504669317656368,0.358651840913881
"519","Eucalyptus grandis small","Eucalyptus grandis large",0.373551378195684,13.6925370318781,1.25107832733829,5.291184858597,9.24554649159428,16.7668792178847,100.936316874434,"Bruxner","large_small","Eucalyptus grandis","Eucalyptus grandis","within","Eucalyptus grandis small_Eucalyptus grandis large","within_species_large_small",0.163314993507275,1,0.0515595119795753,0.691742522798877,0.640183010819302
"520","Allocasuarina torulosa small","Schizomeria ovata small",0.439467623144765,9.53400444565981,1.06951926174967,1.5334066078277,2.56024244280665,5.67641983748122,231.577108498253,"Bruxner","small_small","Allocasuarina torulosa","Schizomeria ovata","between","Allocasuarina torulosa small_Schizomeria ovata small","between_species_small_small",NA,NA,NA,NA,NA
"521","Eucalyptus grandis large","Syncarpia glomulifera subsp glabra small",0.441408717450174,54.5803065191612,2.05128229969294,13.5330282255082,39.1385458865442,87.35151298339,222.801379936934,"Bruxner","large_small","Eucalyptus grandis","Syncarpia glomulifera","between","Eucalyptus grandis large_Syncarpia glomulifera subsp glabra small","between_species_large_small",NA,NA,NA,NA,NA
"522","Geissois benthamii small","Schizomeria ovata small",0.537940105195979,19.6671046664792,1.04400753434307,1.51622269449028,6.92893439505014,16.5241869688812,471.70145405746,"Bruxner","small_small","Geissois benthamii","Schizomeria ovata","between","Geissois benthamii small_Schizomeria ovata small","between_species_small_small",NA,NA,NA,NA,NA
"523","Eucalyptus grandis large","Eucalyptus grandis large",-0.907152274397123,0.0491352871284219,0.00197803155264481,0.00721908285441898,0.0192733578564625,0.0714261158737242,0.353375403942235,"Osullivans","large_large","Eucalyptus grandis","Eucalyptus grandis","within","Eucalyptus grandis large_Eucalyptus grandis large","within_species_large_large",0.352690174076302,1,-1.59692414874006,-0.214404070958634,1.38252007778143
"524","Syncarpia glomulifera subsp glomulifera large","Syncarpia glomulifera subsp glomulifera large",-0.515145624188593,0.33453290476279,0.0261529835333472,0.178245672963965,0.323053417208941,0.459084675132315,0.938309595614765,"Osullivans","large_large","Syncarpia glomulifera","Syncarpia glomulifera","within","Syncarpia glomulifera subsp glomulifera large_Syncarpia glomulifera subsp glomulifera large","within_species_large_large",0.567670879231424,NA,-1.61768759932511,0.60754135740645,2.22522895673156
"525","Allocasuarina torulosa small","Syncarpia glomulifera subsp glomulifera large",-0.340828380378049,0.549699793918473,0.0358645439476668,0.343801339715925,0.548085255631306,0.775632729451836,0.981742017602656,"Osullivans","large_small","Allocasuarina torulosa","Syncarpia glomulifera","between","Allocasuarina torulosa small_Syncarpia glomulifera subsp glomulifera large","between_species_large_small",NA,NA,NA,NA,NA
"526","Cryptocarya glaucescens small","Cryptocarya glaucescens small",-0.271131969234294,0.19762816564711,0.0114456737274136,0.0554312865355307,0.144166393523699,0.308148099731569,0.778140583976563,"Osullivans","small_small","Cryptocarya glaucescens","Cryptocarya glaucescens","within","Cryptocarya glaucescens small_Cryptocarya glaucescens small","within_species_small_small",0.358822343518821,NA,-0.966453872851047,0.440103867439251,1.4065577402903
"527","Syncarpia glomulifera subsp glomulifera large","Cryptocarya microneura large",-0.244292356141129,0.537420588769116,0.158436889761698,0.43626478730777,0.552027683730453,0.640238898293352,0.937250014050029,"Osullivans","large_large","Syncarpia glomulifera","Cryptocarya microneura","between","Syncarpia glomulifera subsp glomulifera large_Cryptocarya microneura large","between_species_large_large",0.235841901866264,NA,-0.702421193335589,0.222062074071025,0.924483267406614
"528","Allocasuarina torulosa small","Cryptocarya glaucescens small",-0.229540322322234,0.655452506752248,0.109542799622159,0.500372754691718,0.678019099134735,0.862872507908446,0.986230201298688,"Osullivans","small_small","Allocasuarina torulosa","Cryptocarya glaucescens","between","Allocasuarina torulosa small_Cryptocarya glaucescens small","between_species_small_small",NA,NA,NA,NA,NA
"529","Eucalyptus grandis large","Syncarpia glomulifera subsp glomulifera small",-0.199642058322917,0.437241257084728,0.212293569905652,0.313016597075499,0.409021401333723,0.547790949503733,0.788091049356863,"Osullivans","large_small","Eucalyptus grandis","Syncarpia glomulifera","between","Eucalyptus grandis large_Syncarpia glomulifera subsp glomulifera small","between_species_large_small",NA,NA,NA,NA,NA
"530","Syncarpia glomulifera subsp glomulifera large","Cryptocarya microneura small",-0.188074487836174,0.658926886195901,0.283171356195578,0.571648285317412,0.678786780526764,0.752374781801496,0.960338318666122,"Osullivans","large_small","Syncarpia glomulifera","Cryptocarya microneura","between","Syncarpia glomulifera subsp glomulifera large_Cryptocarya microneura small","between_species_large_small",0.18281495231794,NA,-0.542899525382557,0.173721919374584,0.716621444757141
"531","Allocasuarina torulosa small","Cryptocarya microneura small",-0.151091453675776,0.785863598478946,0.261978477200663,0.707824967828213,0.83251748153312,0.922328772195222,0.991864588977626,"Osullivans","small_small","Allocasuarina torulosa","Cryptocarya microneura","between","Allocasuarina torulosa small_Cryptocarya microneura small","between_species_small_small",NA,NA,NA,NA,NA
"532","Syncarpia glomulifera subsp glomulifera large","Syncarpia glomulifera subsp glomulifera small",-0.141198845023417,0.730652762274201,0.398415759330701,0.64243900783468,0.748087215493645,0.821710402795303,0.970073926914193,"Osullivans","large_small","Syncarpia glomulifera","Syncarpia glomulifera","within","Syncarpia glomulifera subsp glomulifera large_Syncarpia glomulifera subsp glomulifera small","within_species_large_small",NA,NA,NA,NA,NA
"533","Cryptocarya microneura large","Syncarpia glomulifera subsp glomulifera small",-0.109849192096219,0.739525161236963,0.34777584795371,0.622984583665625,0.769076604974469,0.885326902653305,0.980623679806514,"Osullivans","large_small","Cryptocarya microneura","Syncarpia glomulifera","between","Cryptocarya microneura large_Syncarpia glomulifera subsp glomulifera small","between_species_large_small",NA,NA,NA,NA,NA
"534","Cryptocarya microneura large","Eucalyptus grandis large",-0.102037718138159,0.766415746627749,0.424871211849888,0.685069394300973,0.78538734864801,0.877780917707602,0.981989060811651,"Osullivans","large_large","Cryptocarya microneura","Eucalyptus grandis","between","Cryptocarya microneura large_Eucalyptus grandis large","between_species_large_large",NA,NA,NA,NA,NA
"535","Eucalyptus grandis large","Cryptocarya microneura small",-0.0838710202754603,0.706521459761629,0.532600296874184,0.641318323326778,0.699152509266927,0.775862489563759,0.904462537725419,"Osullivans","large_small","Eucalyptus grandis","Cryptocarya microneura","between","Eucalyptus grandis large_Cryptocarya microneura small","between_species_large_small",0.14741535856692,NA,-0.366199144143336,0.211658442975106,0.577857587118442
"536","Allocasuarina torulosa small","Eucalyptus grandis large",-0.0685490240257826,0.881180292669988,0.53223533903102,0.839098061339767,0.911175215119633,0.96485257091803,0.99630079021308,"Osullivans","large_small","Allocasuarina torulosa","Eucalyptus grandis","between","Allocasuarina torulosa small_Eucalyptus grandis large","between_species_large_small",NA,NA,NA,NA,NA
"537","Allocasuarina torulosa small","Syncarpia glomulifera subsp glomulifera small",-0.0243818581986274,0.958249241227745,0.807237645316338,0.945700462306475,0.972983928967317,0.987085665952796,0.998682675435692,"Osullivans","small_small","Allocasuarina torulosa","Syncarpia glomulifera","between","Allocasuarina torulosa small_Syncarpia glomulifera subsp glomulifera small","between_species_small_small",NA,NA,NA,NA,NA
"538","Cryptocarya microneura large","Eucalyptus grandis small",-0.0142104998556158,0.96273063555268,0.887265658928996,0.950438950701831,0.967914032480256,0.983246811387577,0.997472005365762,"Osullivans","large_small","Cryptocarya microneura","Eucalyptus grandis","between","Cryptocarya microneura large_Eucalyptus grandis small","between_species_large_small",NA,NA,NA,NA,NA
"539","Allocasuarina torulosa small","Eucalyptus grandis small",-0.0139440064356198,0.974447755638823,0.880956273947361,0.967148368429155,0.982766091385052,0.992728778782542,0.999246408341842,"Osullivans","small_small","Allocasuarina torulosa","Eucalyptus grandis","between","Allocasuarina torulosa small_Eucalyptus grandis small","between_species_small_small",NA,NA,NA,NA,NA
"540","Allocasuarina torulosa small","Cryptocarya microneura large",-0.00588429088600468,0.987595980747493,0.946219915521347,0.983531794944263,0.990761857679293,0.996704595243333,0.999593245265834,"Osullivans","large_small","Allocasuarina torulosa","Cryptocarya microneura","between","Allocasuarina torulosa small_Cryptocarya microneura large","between_species_large_small",NA,NA,NA,NA,NA
"541","Eucalyptus grandis large","Eucalyptus grandis small",-0.00229203200947554,0.99075459101394,0.984836379111701,0.988444506656204,0.990835580181458,0.992885207079512,0.997165949001715,"Osullivans","large_small","Eucalyptus grandis","Eucalyptus grandis","within","Eucalyptus grandis large_Eucalyptus grandis small","within_species_large_small",NA,NA,NA,NA,NA
"542","Eucalyptus grandis small","Cryptocarya microneura small",0.00809034927670063,1.04213708508276,1.00392955787179,1.02409001412564,1.03758486294887,1.05539985044759,1.10571546610065,"Osullivans","small_small","Eucalyptus grandis","Cryptocarya microneura","between","Eucalyptus grandis small_Cryptocarya microneura small","between_species_small_small",0.0632739855613734,NA,-0.117566533540467,0.130462932176731,0.248029465717198
"543","Syncarpia glomulifera subsp glomulifera small","Cryptocarya microneura small",0.0159244351801926,1.08927897486425,1.01749805443589,1.04835710181328,1.07895104863279,1.12578300652415,1.22698065617038,"Osullivans","small_small","Syncarpia glomulifera","Cryptocarya microneura","between","Syncarpia glomulifera subsp glomulifera small_Cryptocarya microneura small","between_species_small_small",0.0705402062710722,NA,-0.120083470020801,0.156429057485855,0.276512527506656
"544","Syncarpia glomulifera subsp glomulifera small","Cryptocarya glaucescens small",0.0188258588975452,1.14624285686538,1.02734470864788,1.08230969145254,1.13099987479553,1.19965693289274,1.35416450140732,"Osullivans","small_small","Syncarpia glomulifera","Cryptocarya glaucescens","between","Syncarpia glomulifera subsp glomulifera small_Cryptocarya glaucescens small","between_species_small_small",0.123461075289164,NA,-0.222952801119322,0.261005720999378,0.4839585221187
"545","Eucalyptus grandis small","Syncarpia glomulifera subsp glomulifera small",0.0564919213517559,1.35105326754828,1.02591848888554,1.18412401367728,1.318331189324,1.50358464173,1.87397237117647,"Osullivans","small_small","Eucalyptus grandis","Syncarpia glomulifera","between","Eucalyptus grandis small_Syncarpia glomulifera subsp glomulifera small","between_species_small_small",NA,NA,NA,NA,NA
"546","Cryptocarya microneura small","Cryptocarya microneura large",0.0638081976200759,1.4496340354506,1.05485056617274,1.2843034621358,1.44772484233099,1.58272192576833,2.03283225380401,"Osullivans","large_small","Cryptocarya microneura","Cryptocarya microneura","within","Cryptocarya microneura small_Cryptocarya microneura large","within_species_large_small",0.101855826569258,NA,-0.134537918854375,0.264729584528232,0.399267503382607
"547","Eucalyptus grandis small","Syncarpia glomulifera subsp glomulifera large",0.0707639505770815,1.68271038784475,1.0528197614366,1.34552796658365,1.60095315002789,1.90650382949743,2.83864865639852,"Osullivans","large_small","Eucalyptus grandis","Syncarpia glomulifera","between","Eucalyptus grandis small_Syncarpia glomulifera subsp glomulifera large","between_species_large_small",NA,NA,NA,NA,NA
"548","Eucalyptus grandis small","Cryptocarya glaucescens small",0.0774717870036175,1.73505317424851,1.05903956116608,1.34851411169189,1.61351923787343,1.96445395713952,3.11789274357952,"Osullivans","small_small","Eucalyptus grandis","Cryptocarya glaucescens","between","Eucalyptus grandis small_Cryptocarya glaucescens small","between_species_small_small",0.109633801772257,NA,-0.135531373532063,0.294225232391591,0.429756605923654
"549","Cryptocarya microneura small","Cryptocarya microneura small",0.0889531420679372,1.89092953740362,1.1454542462866,1.59803215004165,1.87063713339677,2.15229070695005,3.05981283734333,"Osullivans","small_small","Cryptocarya microneura","Cryptocarya microneura","within","Cryptocarya microneura small_Cryptocarya microneura small","within_species_small_small",0.117354530345337,NA,-0.14125494700836,0.318766358790588,0.460021305798948
"550","Cryptocarya microneura small","Cryptocarya glaucescens small",0.0984359307202529,1.81174824622405,1.0900419752321,1.5179937878439,1.769433866215,2.06860017012053,3.04125445082085,"Osullivans","small_small","Cryptocarya microneura","Cryptocarya glaucescens","between","Cryptocarya microneura small_Cryptocarya glaucescens small","between_species_small_small",0.17431842713476,NA,-0.243086905296352,0.440228772755248,0.6833156780516
"551","Cryptocarya glaucescens small","Syncarpia glomulifera subsp glomulifera large",0.116969417346916,1.46155172045911,1.01623029888443,1.18808489945001,1.34535929941946,1.6959648426005,2.51420962621346,"Osullivans","large_small","Cryptocarya glaucescens","Syncarpia glomulifera","between","Cryptocarya glaucescens small_Syncarpia glomulifera subsp glomulifera large","between_species_large_small",NA,NA,NA,NA,NA
"552","Cryptocarya microneura large","Cryptocarya microneura large",0.122714196001508,1.80195470129116,1.11376936978999,1.39250958371825,1.69965677898616,2.14441593345195,3.22764453775994,"Osullivans","large_large","Cryptocarya microneura","Cryptocarya microneura","within","Cryptocarya microneura large_Cryptocarya microneura large","within_species_large_large",0.181306383561335,NA,-0.231818448941176,0.478889514953669,0.710707963894845
"553","Syncarpia glomulifera subsp glomulifera small","Syncarpia glomulifera subsp glomulifera small",0.127508867079759,3.21200576568666,1.47199825828815,2.52124881605268,3.07237582239547,3.79664150598029,6.92972265977853,"Osullivans","small_small","Syncarpia glomulifera","Syncarpia glomulifera","within","Syncarpia glomulifera subsp glomulifera small_Syncarpia glomulifera subsp glomulifera small","within_species_small_small",0.112840909320475,NA,-0.0846762729259476,0.357651963575816,0.442328236501764
"554","Allocasuarina torulosa small","Allocasuarina torulosa small",0.131554793974086,2.06686977184628,1.10547528318558,1.43603256453185,1.75828110922369,2.33533551451411,6.13235303704028,"Osullivans","small_small","Allocasuarina torulosa","Allocasuarina torulosa","within","Allocasuarina torulosa small_Allocasuarina torulosa small","within_species_small_small",0.168309397483615,NA,-0.200082327357215,0.459678387297827,0.659760714655042
"555","Eucalyptus grandis large","Syncarpia glomulifera subsp glomulifera large",0.136887255934749,2.23979974069848,1.24912489734923,1.76789390497951,2.19059136839607,2.6106677191686,3.7076824863566,"Osullivans","large_large","Eucalyptus grandis","Syncarpia glomulifera","between","Eucalyptus grandis large_Syncarpia glomulifera subsp glomulifera large","between_species_large_large",NA,NA,NA,NA,NA
"556","Cryptocarya microneura large","Cryptocarya glaucescens small",0.220512443213021,2.3746405872094,1.0568994778553,1.38647298080728,1.86396252759279,2.74279302059503,8.05581367996476,"Osullivans","large_small","Cryptocarya microneura","Cryptocarya glaucescens","between","Cryptocarya microneura large_Cryptocarya glaucescens small","between_species_large_small",0.199874623479595,NA,-0.173922437855947,0.609571689031072,0.783494126887019
"557","Eucalyptus grandis small","Eucalyptus grandis small",0.279590358152083,2.73981911886158,0.975552521090609,1.65366848527451,2.44867460697511,3.48904532943785,8.74209558283592,"Osullivans","small_small","Eucalyptus grandis","Eucalyptus grandis","within","Eucalyptus grandis small_Eucalyptus grandis small","within_species_small_small",0.0855459344796341,1,0.11353801706611,0.448871918273922,0.335333901207812
"558","Eucalyptus grandis large","Cryptocarya glaucescens small",0.454463652607528,13.7479542540255,1.98932851098901,6.01498816862978,11.0553998575868,17.8571066509672,55.6864058933043,"Osullivans","large_small","Eucalyptus grandis","Cryptocarya glaucescens","between","Eucalyptus grandis large_Cryptocarya glaucescens small","between_species_large_small",0.274400205039129,NA,-0.0926651468322806,0.982963891621917,1.0756290384542
"559","Eucalyptus grandis large","Eucalyptus grandis large",-0.627487648062615,0.305989509381548,0.0219360183561682,0.148749930188853,0.233502088993277,0.440670482582558,1.05784455413531,"Herberton","large_large","Eucalyptus grandis","Eucalyptus grandis","within","Eucalyptus grandis large_Eucalyptus grandis large","within_species_large_large",0.339488902818308,NA,-1.29840178454266,0.0323702608071412,1.3307720453498
"560","Corymbia intermedia large","Eucalyptus grandis large",-0.398630218486253,0.317901065699161,0.0201474228340066,0.129742431052452,0.238960280926505,0.474717875550818,0.893695189327865,"Herberton","large_large","Corymbia intermedia","Eucalyptus grandis","between","Corymbia intermedia large_Eucalyptus grandis large","between_species_large_large",NA,NA,NA,NA,NA
"561","Eucalyptus grandis small","Corymbia intermedia small",-0.231898309309993,0.471232814201908,0.0719528165643668,0.198630269582087,0.450878529018729,0.696328398362112,0.967366173639062,"Herberton","small_small","Eucalyptus grandis","Corymbia intermedia","between","Eucalyptus grandis small_Corymbia intermedia small","between_species_small_small",0.0667710282096366,1,-0.362527729505772,-0.10079010850258,0.261737621003191
"562","Eucalyptus grandis large","Corymbia intermedia small",-0.175958008469417,0.626763655872046,0.296293384763707,0.522935820167037,0.624648342861716,0.733046285236524,0.952873254125302,"Herberton","large_small","Eucalyptus grandis","Corymbia intermedia","between","Eucalyptus grandis large_Corymbia intermedia small","between_species_large_small",0.10289401999345,NA,-0.3844462614868,0.0188908853366107,0.403337146823411
"563","Eucalyptus grandis large","Eucalyptus grandis small",-0.134607870713088,0.681249813594309,0.444846484425021,0.614313530753573,0.667618478109106,0.758575439994757,0.942360772180336,"Herberton","large_small","Eucalyptus grandis","Eucalyptus grandis","within","Eucalyptus grandis large_Eucalyptus grandis small","within_species_large_small",NA,NA,NA,NA,NA
"564","Corymbia intermedia large","Eucalyptus grandis small",-0.0356966238918192,0.884231312537831,0.703878939844567,0.839476559175238,0.887472697494957,0.94341480315108,0.992318198607007,"Herberton","large_small","Corymbia intermedia","Eucalyptus grandis","between","Corymbia intermedia large_Eucalyptus grandis small","between_species_large_small",NA,NA,NA,NA,NA
"565","Corymbia intermedia large","Corymbia intermedia large",-0.012781435475574,1.13609943112271,0.993830608064713,1.08640918818848,1.13871017441439,1.18616762808241,1.26754157093043,"Herberton","large_large","Corymbia intermedia","Corymbia intermedia","within","Corymbia intermedia large_Corymbia intermedia large","within_species_large_large",0.190559518858475,NA,-0.389649067282972,0.357330520464812,0.746979587747784
"566","Eucalyptus grandis small","Eucalyptus grandis small",-0.00973811618207539,2.04140400972921,1.23017394753927,1.69473410061645,1.97197380147151,2.37220924321644,2.9654301491279,"Herberton","small_small","Eucalyptus grandis","Eucalyptus grandis","within","Eucalyptus grandis small_Eucalyptus grandis small","within_species_small_small",0.138821502466791,NA,-0.271539811917153,0.272630478312142,0.544170290229295
"567","Corymbia intermedia large","Corymbia intermedia small",-0.00184525177110051,0.995396606943997,0.988150711272897,0.993668619174148,0.995593842790136,0.99733148843576,0.999601454004011,"Herberton","large_small","Corymbia intermedia","Corymbia intermedia","within","Corymbia intermedia large_Corymbia intermedia small","within_species_large_small",NA,NA,NA,NA,NA
"568","Corymbia intermedia small","Corymbia intermedia small",0.0260324492465513,1.67995943936099,1.12058491297567,1.41322002035441,1.72774169681009,1.92303464974449,2.22917907214316,"Herberton","small_small","Corymbia intermedia","Corymbia intermedia","within","Corymbia intermedia small_Corymbia intermedia small","within_species_small_small",0.124206767855474,NA,-0.220879546462623,0.266002036803089,0.486881583265712
"569","Acacia melanoxylon small","Corymbia intermedia large",0.0956780329272343,1.61246661099192,1.02006586090044,1.2580649953976,1.54506578978043,1.92484127835081,2.79048159601482,"Herberton","large_small","Acacia melanoxylon","Corymbia intermedia","between","Acacia melanoxylon small_Corymbia intermedia large","between_species_large_small",NA,NA,NA,NA,NA
"570","Acacia melanoxylon small","Eucalyptus grandis small",0.100192831140835,1.62350702847848,1.0200601799434,1.28029970860348,1.55891690231108,1.87759484490302,3.06509063627864,"Herberton","small_small","Acacia melanoxylon","Eucalyptus grandis","between","Acacia melanoxylon small_Eucalyptus grandis small","between_species_small_small",NA,NA,NA,NA,NA
"571","Corymbia intermedia small","Acacia melanoxylon small",0.121219145099956,2.47964803209684,1.07560961842998,1.5204078759156,2.09876254617111,3.18013851024525,7.55490893002372,"Herberton","small_small","Corymbia intermedia","Acacia melanoxylon","between","Corymbia intermedia small_Acacia melanoxylon small","between_species_small_small",0.0783225285815909,NA,-0.0316384399172031,0.275380230478851,0.307018670396054
"572","Acacia melanoxylon small","Eucalyptus grandis large",0.162423352855921,2.4558423873988,1.03272178909474,1.56552421326872,2.23380274895462,3.1643934772754,6.37486316794894,"Herberton","large_small","Acacia melanoxylon","Eucalyptus grandis","between","Acacia melanoxylon small_Eucalyptus grandis large","between_species_large_small",NA,NA,NA,NA,NA
"573","Acacia melanoxylon small","Acacia melanoxylon small",0.383225277576206,1.76733208674022,0.41985364943794,0.833302420351074,1.24229098982523,2.29547544606177,11.7721602626617,"Herberton","small_small","Acacia melanoxylon","Acacia melanoxylon","within","Acacia melanoxylon small_Acacia melanoxylon small","within_species_small_small",0.102790993029573,1,0.180788336787902,0.583721625334043,0.40293328854614
"574","Eucalyptus grandis large","Allocasuarina torulosa large",-0.0836127156852506,0.729524661020467,0.55213535607497,0.669075568417658,0.733742070957501,0.791880970896689,0.938608466539066,"Lamb Range","large_large","Eucalyptus grandis","Allocasuarina torulosa","between","Eucalyptus grandis large_Allocasuarina torulosa large","between_species_large_large",0.091786204830269,NA,-0.264561064929669,0.0952342465602186,0.359795311489887
"575","Eucalyptus grandis small","Allocasuarina torulosa large",-0.070356860097818,0.732714457503788,0.458727592429081,0.658352351044162,0.733346687153229,0.817613863163403,0.973480033870521,"Lamb Range","large_small","Eucalyptus grandis","Allocasuarina torulosa","between","Eucalyptus grandis small_Allocasuarina torulosa large","between_species_large_small",0.0593521617917832,NA,-0.187428662048655,0.0452275369843235,0.232656199032979
"576","Eucalyptus grandis small","Allocasuarina torulosa small",-0.0473619419990667,0.821822190125774,0.609438371731684,0.770827576261701,0.821863854481835,0.877962203778017,0.982069334065212,"Lamb Range","small_small","Eucalyptus grandis","Allocasuarina torulosa","between","Eucalyptus grandis small_Allocasuarina torulosa small","between_species_small_small",0.0488498986070494,NA,-0.142785134669213,0.048702949167287,0.1914880838365
"577","Allocasuarina torulosa small","Eucalyptus grandis large",0.00367882320187838,1.02609400292984,1.00476788947976,1.01892877731127,1.02581147336927,1.03392358076211,1.04695576391049,"Lamb Range","large_small","Allocasuarina torulosa","Eucalyptus grandis","between","Allocasuarina torulosa small_Eucalyptus grandis large","between_species_large_small",NA,NA,NA,NA,NA
"578","Allocasuarina torulosa large","Allocasuarina torulosa large",0.014566746032792,1.10319515641446,0.980185739079089,1.0626801341536,1.09784916071469,1.1357629774318,1.31565943827691,"Lamb Range","large_large","Allocasuarina torulosa","Allocasuarina torulosa","within","Allocasuarina torulosa large_Allocasuarina torulosa large","within_species_large_large",0.10982530527564,NA,-0.203121994809561,0.227385291053181,0.430507285862742
"579","Eucalyptus grandis large","Eucalyptus grandis large",0.0147229745609378,1.23189227354573,1.04447859840452,1.15072741466591,1.22206386879757,1.2959360848629,1.48917210623273,"Lamb Range","large_large","Eucalyptus grandis","Eucalyptus grandis","within","Eucalyptus grandis large_Eucalyptus grandis large","within_species_large_large",0.165620311010982,NA,-0.315121522435561,0.334098166944136,0.649219689379696
"580","Eucalyptus grandis small","Eucalyptus grandis large",0.0361294644834951,1.20691718577931,1.01482476472514,1.13267704370372,1.19845214796654,1.25927234846303,1.51445905723257,"Lamb Range","large_small","Eucalyptus grandis","Eucalyptus grandis","within","Eucalyptus grandis small_Eucalyptus grandis large","within_species_large_small",0.0648099467329049,NA,-0.0924792182727956,0.16157110460011,0.254050322872906
"581","Allocasuarina torulosa small","Allocasuarina torulosa large",0.0746336234903267,1.61921852909968,1.10185662446727,1.39023219753284,1.57639059236566,1.84806601441279,2.31886681006374,"Lamb Range","large_small","Allocasuarina torulosa","Allocasuarina torulosa","within","Allocasuarina torulosa small_Allocasuarina torulosa large","within_species_large_small",0.0591960383045634,NA,-0.0409974313080599,0.191046774900736,0.232044206208795
"582","Allocasuarina torulosa small","Allocasuarina torulosa small",0.17941263595506,2.3993789076705,1.22821332612809,1.88308811348868,2.27267786326112,2.94705289939616,4.38470917835151,"Lamb Range","small_small","Allocasuarina torulosa","Allocasuarina torulosa","within","Allocasuarina torulosa small_Allocasuarina torulosa small","within_species_small_small",0.0887519099933608,1,0.00182140463516745,0.349722498927423,0.347901094292255
"583","Eucalyptus grandis small","Eucalyptus grandis small",0.360122823425987,10.9590513363764,1.30589193886862,4.53554332032013,8.29714940578369,13.4245100249823,63.7803679615951,"Lamb Range","small_small","Eucalyptus grandis","Eucalyptus grandis","within","Eucalyptus grandis small_Eucalyptus grandis small","within_species_small_small",0.0724411321791465,1,0.212665814094358,0.496629834235223,0.283964020140865
"584","Eucalyptus grandis small","Eucalyptus grandis small",-0.150783943146051,0.455448529962563,0.136316411839681,0.305386731847116,0.435281534725928,0.607814432971952,0.905350531400975,"Baldy","small_small","Eucalyptus grandis","Eucalyptus grandis","within","Eucalyptus grandis small_Eucalyptus grandis small","within_species_small_small",0.26810658743216,NA,-0.686840089980441,0.364118420789505,1.05095851076995
"585","Allocasuarina torulosa small","Eucalyptus grandis large",-0.118099954446636,0.729545001614383,0.279586139758036,0.513658916950897,0.810579265522757,0.934648488187447,0.995594276048751,"Baldy","large_small","Allocasuarina torulosa","Eucalyptus grandis","between","Allocasuarina torulosa small_Eucalyptus grandis large","between_species_large_small",NA,NA,NA,NA,NA
"586","Eucalyptus grandis large","Eucalyptus grandis small",-0.10386642874026,0.710143376132606,0.483831422424703,0.615210949393615,0.703495972141507,0.795172728620325,0.965452473725239,"Baldy","large_small","Eucalyptus grandis","Eucalyptus grandis","within","Eucalyptus grandis large_Eucalyptus grandis small","within_species_large_small",NA,NA,NA,NA,NA
"587","Eucalyptus grandis large","Eucalyptus grandis large",-0.072317108062955,0.793556379437006,0.611228554936126,0.716002991465078,0.784292111232574,0.866520415725464,1.00866027569601,"Baldy","large_large","Eucalyptus grandis","Eucalyptus grandis","within","Eucalyptus grandis large_Eucalyptus grandis large","within_species_large_large",0.199599323862504,NA,-0.464631677588987,0.317783294629122,0.782414972218109
"588","Corymbia intermedia small","Allocasuarina torulosa small",0.139732008578303,1.57334294463482,1.02342941992853,1.22006628084367,1.40120875643484,1.86891291744694,2.94120113272346,"Baldy","small_small","Corymbia intermedia","Allocasuarina torulosa","between","Corymbia intermedia small_Allocasuarina torulosa small","between_species_small_small",0.12601258572628,NA,-0.110500787850311,0.383459471394238,0.493960259244549
"589","Eucalyptus grandis small","Allocasuarina torulosa small",0.150135850824099,1.82267392977142,1.06339553661194,1.48318360666399,1.78752796446752,2.12763004379234,3.07215002396307,"Baldy","small_small","Eucalyptus grandis","Allocasuarina torulosa","between","Eucalyptus grandis small_Allocasuarina torulosa small","between_species_small_small",0.15197424001866,NA,-0.144212616966233,0.451515457062606,0.59572807402884
"590","Eucalyptus grandis small","Corymbia intermedia small",0.160811458534683,1.89318857612935,1.06565496698712,1.50253565263437,1.8342999299388,2.16496717628252,3.57662595817707,"Baldy","small_small","Eucalyptus grandis","Corymbia intermedia","between","Eucalyptus grandis small_Corymbia intermedia small","between_species_small_small",0.181006028509956,NA,-0.192167179268659,0.517363414459628,0.709530593728287
"591","Corymbia intermedia small","Corymbia intermedia small",0.191071274449958,0.99962780012349,0.584930782109144,0.79755291818299,0.93392100234737,1.11609073181548,2.49664608014193,"Baldy","small_small","Corymbia intermedia","Corymbia intermedia","within","Corymbia intermedia small_Corymbia intermedia small","within_species_small_small",0.196017258273885,NA,-0.187140216995158,0.581233316135044,0.768373533130202
"592","Corymbia intermedia small","Eucalyptus grandis large",0.202945050331594,2.17130015855105,1.03420817459364,1.29163636298574,1.67746377636286,2.72908919785571,6.38785859755463,"Baldy","large_small","Corymbia intermedia","Eucalyptus grandis","between","Corymbia intermedia small_Eucalyptus grandis large","between_species_large_small",NA,NA,NA,NA,NA
"593","Allocasuarina torulosa small","Allocasuarina torulosa small",0.252827086000093,1.58472326559886,0.974130787611054,1.04392000399798,1.28775527090613,2.00431641413143,4.03390759301604,"Baldy","small_small","Allocasuarina torulosa","Allocasuarina torulosa","within","Allocasuarina torulosa small_Allocasuarina torulosa small","within_species_small_small",0.134398259709738,NA,-0.0119350041026331,0.514896493129262,0.526831497231895
"594","Eucalyptus grandis large","Eucalyptus grandis large",-1.12000247592503,0.0815759420809218,0.000784705765594824,0.0108945756526087,0.025066141130027,0.0775609483897583,0.893873352180491,"Koombooloomba","large_large","Eucalyptus grandis","Eucalyptus grandis","within","Eucalyptus grandis large_Eucalyptus grandis large","within_species_large_large",0.786429237864388,NA,-2.67770777631066,0.405038188896306,3.08274596520697
"595","Eucalyptus grandis large","Eucalyptus grandis small",-0.204064152695135,0.522381171632278,0.246538393715576,0.419485518108562,0.489981344683652,0.613216687516679,0.910831695005374,"Koombooloomba","large_small","Eucalyptus grandis","Eucalyptus grandis","within","Eucalyptus grandis large_Eucalyptus grandis small","within_species_large_small",NA,NA,NA,NA,NA
"596","Eucalyptus grandis large","Acacia melanoxylon small",-0.188284446924115,0.632417446170935,0.378787713099019,0.537979453038213,0.617289951712872,0.713369548357739,0.941319987639772,"Koombooloomba","large_small","Eucalyptus grandis","Acacia melanoxylon","between","Eucalyptus grandis large_Acacia melanoxylon small","between_species_large_small",0.110910816762402,NA,-0.409104232592017,0.0256581801084414,0.434762412700459
"597","Sloanea langii small","Eucalyptus grandis large",-0.166203570494142,0.615296248094398,0.15046784942952,0.466428244316453,0.631660644797623,0.768420028706227,0.9822304732878,"Koombooloomba","large_small","Sloanea langii","Eucalyptus grandis","between","Sloanea langii small_Eucalyptus grandis large","between_species_large_small",0.215333625378147,NA,-0.587982489232996,0.256109811570219,0.844092300803215
"598","Syncarpia glomulifera small","Polyscias elegans small",-0.116441043242691,0.811118713853295,0.331579936848555,0.698942810823144,0.876340956691057,0.953229775657166,0.994401202446877,"Koombooloomba","small_small","Syncarpia glomulifera","Polyscias elegans","between","Syncarpia glomulifera small_Polyscias elegans small","between_species_small_small",0.136639378563753,NA,-0.385064507701068,0.150552014008713,0.535616521709781
"599","Sloanea langii small","Acacia melanoxylon large",-0.104405485389424,0.740147907640703,0.296119277670276,0.635369922085736,0.764318666970559,0.859986767327528,0.988800389501078,"Koombooloomba","large_small","Sloanea langii","Acacia melanoxylon","between","Sloanea langii small_Acacia melanoxylon large","between_species_large_small",0.110668020813747,NA,-0.320737304860567,0.113073365209978,0.433810670070544
"600","Syncarpia glomulifera small","Acacia melanoxylon large",-0.0767110439328801,0.8558907706686,0.462340622855417,0.762273012485553,0.910546193521026,0.969381128226814,0.996307995397124,"Koombooloomba","large_small","Syncarpia glomulifera","Acacia melanoxylon","between","Syncarpia glomulifera small_Acacia melanoxylon large","between_species_large_small",0.123235204348717,NA,-0.321386059769357,0.161687064532483,0.483073124301839
"601","Eucalyptus grandis large","Acacia melanoxylon large",-0.0697349444318441,0.795430308016511,0.617210457998024,0.742902725003192,0.785707935546357,0.844563024912973,0.976916155244657,"Koombooloomba","large_large","Eucalyptus grandis","Acacia melanoxylon","between","Eucalyptus grandis large_Acacia melanoxylon large","between_species_large_large",0.187414073634182,NA,-0.435172270385388,0.299477398652479,0.734649669037868
"602","Sloanea langii small","Eucalyptus grandis small",-0.0365549268849643,0.889784544182521,0.649460080937512,0.845824668356056,0.903171621790946,0.945867846512121,0.99606438235789,"Koombooloomba","small_small","Sloanea langii","Eucalyptus grandis","between","Sloanea langii small_Eucalyptus grandis small","between_species_small_small",0.099436216522473,NA,-0.234751932892269,0.155030873393679,0.389782806285947
"603","Eucalyptus grandis small","Acacia melanoxylon small",-0.0103338740086558,0.973116203138377,0.909442659526232,0.962646410474096,0.977208690708966,0.987912431476671,0.997967943545156,"Koombooloomba","small_small","Eucalyptus grandis","Acacia melanoxylon","between","Eucalyptus grandis small_Acacia melanoxylon small","between_species_small_small",0.0318832268285163,NA,-0.0730589992980742,0.0519209532915521,0.124979952589626
"604","Polyscias elegans small","Acacia melanoxylon small",-0.00591989159487862,0.984695362667338,0.944907947110975,0.980285159993103,0.98656477816423,0.99241303979096,0.999098147767489,"Koombooloomba","small_small","Polyscias elegans","Acacia melanoxylon","between","Polyscias elegans small_Acacia melanoxylon small","between_species_small_small",0.0592188522488442,NA,-0.121132822249881,0.111000812977186,0.232133635227067
"605","Eucalyptus grandis small","Syncarpia glomulifera small",0.0172345592246049,1.09121059635938,1.00516029636356,1.03322357820112,1.07067068865484,1.13990068454044,1.29766118054432,"Koombooloomba","small_small","Eucalyptus grandis","Syncarpia glomulifera","between","Eucalyptus grandis small_Syncarpia glomulifera small","between_species_small_small",NA,NA,NA,NA,NA
"606","Acacia melanoxylon small","Sloanea langii small",0.0196101493709826,1.2655898637784,1.02523453996897,1.19570183896711,1.25611424775224,1.33377247840978,1.60422505901814,"Koombooloomba","small_small","Acacia melanoxylon","Sloanea langii","between","Acacia melanoxylon small_Sloanea langii small","between_species_small_small",NA,NA,NA,NA,NA
"607","Sloanea langii small","Syncarpia glomulifera small",0.0366731718065854,1.14583959097342,1.00465483863372,1.07586471194803,1.11827256732576,1.19818058142174,1.49370692794238,"Koombooloomba","small_small","Sloanea langii","Syncarpia glomulifera","between","Sloanea langii small_Syncarpia glomulifera small","between_species_small_small",NA,NA,NA,NA,NA
"608","Acacia melanoxylon small","Syncarpia glomulifera small",0.045305446437482,1.94893162943828,1.07266954273148,1.60518505122211,1.92724278793004,2.22597623133843,3.43692978713184,"Koombooloomba","small_small","Acacia melanoxylon","Syncarpia glomulifera","between","Acacia melanoxylon small_Syncarpia glomulifera small","between_species_small_small",NA,NA,NA,NA,NA
"609","Acacia melanoxylon small","Acacia melanoxylon large",0.0470295473058452,1.72484780327539,1.04916909805423,1.44162599464584,1.70266249559765,1.94662552295458,2.93755133691312,"Koombooloomba","large_small","Acacia melanoxylon","Acacia melanoxylon","within","Acacia melanoxylon small_Acacia melanoxylon large","within_species_large_small",0.0522499325087768,NA,-0.0561028500294623,0.14871312179424,0.204815971823702
"610","Eucalyptus grandis small","Polyscias elegans small",0.0575873594253625,1.25483012956074,1.01359272229907,1.09518376012995,1.18405317573929,1.35565083631122,2.05248745352855,"Koombooloomba","small_small","Eucalyptus grandis","Polyscias elegans","between","Eucalyptus grandis small_Polyscias elegans small","between_species_small_small",NA,NA,NA,NA,NA
"611","Acacia melanoxylon large","Eucalyptus grandis small",0.0594525419017373,1.26191435783903,1.04837823257418,1.12144132372282,1.22855486960025,1.38495403257137,1.7744589390675,"Koombooloomba","large_small","Acacia melanoxylon","Eucalyptus grandis","between","Acacia melanoxylon large_Eucalyptus grandis small","between_species_large_small",NA,NA,NA,NA,NA
"612","Acacia melanoxylon large","Polyscias elegans small",0.100940882078332,1.49066904500531,1.08270334598686,1.20050731838583,1.3889234878131,1.7107398782411,2.56981055548073,"Koombooloomba","large_small","Acacia melanoxylon","Polyscias elegans","between","Acacia melanoxylon large_Polyscias elegans small","between_species_large_small",NA,NA,NA,NA,NA
"613","Polyscias elegans small","Sloanea langii small",0.17487968684911,2.13956487251386,1.02701204911976,1.35381274409319,1.7382129888489,2.32580534349102,8.50180671233561,"Koombooloomba","small_small","Polyscias elegans","Sloanea langii","between","Polyscias elegans small_Sloanea langii small","between_species_small_small",NA,NA,NA,NA,NA
"614","Acacia melanoxylon large","Acacia melanoxylon large",0.23916241779783,1.88086716485246,0.988240170093423,1.19302480685617,1.53798348542119,2.3209500692522,6.89661634001381,"Koombooloomba","large_large","Acacia melanoxylon","Acacia melanoxylon","within","Acacia melanoxylon large_Acacia melanoxylon large","within_species_large_large",0.131410586587138,NA,-0.0210088164273806,0.494111217368765,0.515120033796146
"615","Polyscias elegans small","Polyscias elegans small",0.29970130396521,1.00877347916492,0.458160491538935,0.70051253328098,0.897420800132564,1.22714882423937,2.517374187803,"Koombooloomba","small_small","Polyscias elegans","Polyscias elegans","within","Polyscias elegans small_Polyscias elegans small","within_species_small_small",0.122310880718915,1,0.065758307822603,0.545208150075498,0.479449842252895
"616","Sloanea langii small","Sloanea langii small",0.304987753847703,3.29895289884696,1.05237559315991,1.55501489465883,2.07848239016123,3.59547802906297,27.5239238906208,"Koombooloomba","small_small","Sloanea langii","Sloanea langii","within","Sloanea langii small_Sloanea langii small","within_species_small_small",0.104524382992222,1,0.106263178776376,0.515991231118428,0.409728052342052
"617","Eucalyptus grandis small","Eucalyptus grandis small",0.347790622897701,4.9575326593578,1.14592046980477,2.00849013948682,3.22926229821635,5.37056460584378,38.5330703857501,"Koombooloomba","small_small","Eucalyptus grandis","Eucalyptus grandis","within","Eucalyptus grandis small_Eucalyptus grandis small","within_species_small_small",0.0773692802946095,1,0.181340263405114,0.484622269179552,0.303282005774438
"618","Acacia melanoxylon small","Acacia melanoxylon small",0.354054984128828,12.7700609931708,1.50531286948742,7.15218311252027,10.9570834635218,16.2841067084604,56.1046935134477,"Koombooloomba","small_small","Acacia melanoxylon","Acacia melanoxylon","within","Acacia melanoxylon small_Acacia melanoxylon small","within_species_small_small",0.0546838832234767,1,0.243463290301467,0.457820173607084,0.214356883305617
"619","Syncarpia glomulifera small","Syncarpia glomulifera small",0.362940644317523,2.25476757556908,0.883486048107153,0.995025549637116,1.2128489241559,2.22050857967194,21.1055482864218,"Koombooloomba","small_small","Syncarpia glomulifera","Syncarpia glomulifera","within","Syncarpia glomulifera small_Syncarpia glomulifera small","within_species_small_small",0.147677377874663,1,0.0677298293461408,0.646614513277443,0.578884683931302
"620","Eucalyptus grandis large","Syncarpia glomulifera small",0.438587963656295,6.69652409267393,1.25807402316582,3.55427496659634,5.78322814588422,8.60195249439989,27.3921927966402,"Koombooloomba","large_small","Eucalyptus grandis","Syncarpia glomulifera","between","Eucalyptus grandis large_Syncarpia glomulifera small","between_species_large_small",NA,NA,NA,NA,NA
"621","Polyscias elegans small","Eucalyptus grandis large",0.493193807456353,19.149463693575,1.07806565347306,2.35285295843424,4.70586573534966,10.6089482456653,432.073603227958,"Koombooloomba","large_small","Polyscias elegans","Eucalyptus grandis","between","Polyscias elegans small_Eucalyptus grandis large","between_species_large_small",0.304403000028559,NA,-0.10256232762183,1.09067550606201,1.19323783368384
"622","Eucalyptus ovata large","Eucalyptus ovata large",-1.43110410226765,0.0260682597134403,9.04065868714377e-05,0.00203731682028947,0.00571575998478035,0.0211020110910264,0.469115231300798,"BlackRiver","large_large","Eucalyptus ovata","Eucalyptus ovata","within","Eucalyptus ovata large_Eucalyptus ovata large","within_species_large_large",1.07335381004031,NA,-3.53600235348867,0.671467267207027,4.20746962069569
"623","Zieria arborescens small","Zieria arborescens small",-1.19112926456377,0.13866595969995,7.28096253996751e-05,0.00541346671518563,0.0295580953186421,0.194803150160759,0.955536460902154,"BlackRiver","small_small","Zieria arborescens","Zieria arborescens","within","Zieria arborescens small_Zieria arborescens small","within_species_small_small",0.586269972337339,1,-2.33993235982825,-0.0417962978312936,2.29813606199696
"624","Monotoca glauca large","Monotoca glauca large",-1.08009590779746,0.083725739830891,0.000880866885167114,0.0219019941466254,0.0533036767359287,0.112556992737277,0.579238508238537,"BlackRiver","large_large","Monotoca glauca","Monotoca glauca","within","Monotoca glauca large_Monotoca glauca large","within_species_large_large",1.13983860560554,NA,-3.30931110524476,1.15877412510569,4.46808523035044
"625","Eucalyptus obliqua large","Eucalyptus obliqua large",-0.988645355354047,0.018401167081977,3.6155674791895e-05,0.00083651445255343,0.00353432946076514,0.0150812563472021,0.359420083500778,"BlackRiver","large_large","Eucalyptus obliqua","Eucalyptus obliqua","within","Eucalyptus obliqua large_Eucalyptus obliqua large","within_species_large_large",0.384256266893815,1,-1.73623457844863,-0.229977690557255,1.50625688789138
"626","Zieria arborescens small","Nematolepis squamea subsp squamea large",-0.724498342162586,0.294959657827421,0.00573292177713068,0.0730188082197868,0.178367303278538,0.486101869008135,0.955071427991429,"BlackRiver","large_small","Zieria arborescens","Nematolepis squamea","between","Zieria arborescens small_Nematolepis squamea subsp squamea large","between_species_large_small",0.47618129747065,NA,-1.65716926385179,0.209427122456268,1.86659638630806
"627","Monotoca glauca large","Eucalyptus obliqua large",-0.604980570320524,0.290246468798747,0.0298675309927356,0.171311574139093,0.26433037654292,0.39308254610558,0.742428650807604,"BlackRiver","large_large","Monotoca glauca","Eucalyptus obliqua","between","Monotoca glauca large_Eucalyptus obliqua large","between_species_large_large",0.356911700602718,NA,-1.30343883375486,0.0956293239296828,1.39906815768454
"628","Eucalyptus ovata small","Eucalyptus ovata small",-0.597682338003639,0.153966912309812,5.50754198789109e-05,0.00256285109800444,0.0469560231413812,0.262955675516876,0.823520845390809,"BlackRiver","small_small","Eucalyptus ovata","Eucalyptus ovata","within","Eucalyptus ovata small_Eucalyptus ovata small","within_species_small_small",0.36841728737934,NA,-1.31225171329815,0.131917515792753,1.4441692290909
"629","Eucalyptus ovata large","Eucalyptus obliqua large",-0.59511382093702,0.31214720243286,0.0544422931363766,0.198295197129234,0.281444389122401,0.384431191630572,0.869224903788958,"BlackRiver","large_large","Eucalyptus ovata","Eucalyptus obliqua","between","Eucalyptus ovata large_Eucalyptus obliqua large","between_species_large_large",0.361396291008732,NA,-1.29774833802422,0.11889909102272,1.41664742904694
"630","Zieria arborescens small","Monotoca glauca small",-0.51329106292601,0.478025084041435,0.0547935463539423,0.258548232193518,0.438619153677108,0.711944902318159,0.96795650547009,"BlackRiver","small_small","Zieria arborescens","Monotoca glauca","between","Zieria arborescens small_Monotoca glauca small","between_species_small_small",0.266285957497666,NA,-1.02740731058809,0.0164144619802891,1.04382177256838
"631","Eucalyptus ovata large","Eucalyptus ovata small",-0.505763636925081,0.327698296980011,0.0729904597765777,0.209209424759868,0.307268552071628,0.416519740707495,0.858184936624143,"BlackRiver","large_small","Eucalyptus ovata","Eucalyptus ovata","within","Eucalyptus ovata large_Eucalyptus ovata small","within_species_large_small",NA,NA,NA,NA,NA
"632","Eucalyptus ovata small","Eucalyptus obliqua large",-0.502369082860197,0.300707847010584,0.00428672449268286,0.0432419233098611,0.242104406662087,0.521293776197887,0.896541100171319,"BlackRiver","large_small","Eucalyptus ovata","Eucalyptus obliqua","between","Eucalyptus ovata small_Eucalyptus obliqua large","between_species_large_small",0.282102212023988,NA,-1.06474410898004,0.0410762420721551,1.1058203510522
"633","Zieria arborescens small","Acacia mucronata small",-0.337482887997312,0.51946391699782,0.088260516889492,0.316994456270023,0.483494835990491,0.750360708947187,0.976363337309681,"BlackRiver","small_small","Zieria arborescens","Acacia mucronata","between","Zieria arborescens small_Acacia mucronata small","between_species_small_small",0.358239818900913,NA,-1.04341682598311,0.36085745976477,1.40427428574788
"634","Monotoca glauca large","Nematolepis squamea subsp squamea small",-0.290557206861033,0.554948152041759,0.219970654321077,0.445537964177342,0.565345109851835,0.655322461163119,0.88383735521573,"BlackRiver","large_small","Monotoca glauca","Nematolepis squamea","between","Monotoca glauca large_Nematolepis squamea subsp squamea small","between_species_large_small",NA,NA,NA,NA,NA
"635","Monotoca glauca large","Eucalyptus obliqua small",-0.220696428744594,0.637415874072034,0.289702837912753,0.548247689149419,0.650818666092946,0.733242182837699,0.910471670926735,"BlackRiver","large_small","Monotoca glauca","Eucalyptus obliqua","between","Monotoca glauca large_Eucalyptus obliqua small","between_species_large_small",0.241580914718732,NA,-0.680184714377606,0.266795070024309,0.946979784401914
"636","Nematolepis squamea subsp squamea large","Eucalyptus obliqua small",-0.215219706437682,0.6758421448669,0.17000540466875,0.545335521252307,0.700198752809504,0.830609072209682,0.983608364803349,"BlackRiver","large_small","Nematolepis squamea","Eucalyptus obliqua","between","Nematolepis squamea subsp squamea large_Eucalyptus obliqua small","between_species_large_small",0.144948969030436,NA,-0.499119990543454,0.0690695272482769,0.568189517791731
"637","Nematolepis squamea subsp squamea large","Nematolepis squamea subsp squamea large",-0.204620997986948,0.346550073645721,0.0388000812932995,0.173634320395505,0.314405696287611,0.527869064657482,0.838566585796487,"BlackRiver","large_large","Nematolepis squamea","Nematolepis squamea","within","Nematolepis squamea subsp squamea large_Nematolepis squamea subsp squamea large","within_species_large_large",0.294923218036406,NA,-0.769198918123443,0.386878852988575,1.15607777111202
"638","Nematolepis squamea subsp squamea large","Eucalyptus ovata small",-0.203903137341545,0.632694403686843,0.138707098231623,0.480311465649999,0.662384363325007,0.803569761749896,0.984463529791022,"BlackRiver","large_small","Nematolepis squamea","Eucalyptus ovata","between","Nematolepis squamea subsp squamea large_Eucalyptus ovata small","between_species_large_small",0.30885801063726,NA,-0.807857458988336,0.402843695383103,1.21070115437144
"639","Acacia mucronata small","Monotoca glauca small",-0.181266349094367,0.719394315691685,0.170276147221142,0.569945650013465,0.742867680850462,0.894536462319623,0.99405759291573,"BlackRiver","small_small","Acacia mucronata","Monotoca glauca","between","Acacia mucronata small_Monotoca glauca small","between_species_small_small",NA,NA,NA,NA,NA
"640","Zieria arborescens small","Leptospermum scoparium small",-0.176272918170636,0.720414226257044,0.316865617385384,0.596504063822084,0.723427226919142,0.881447796783558,0.988877863009634,"BlackRiver","small_small","Zieria arborescens","Leptospermum scoparium","between","Zieria arborescens small_Leptospermum scoparium small","between_species_small_small",0.332973247444512,NA,-0.841003611813672,0.464227533799502,1.30523114561317
"641","Acacia mucronata small","Leptospermum scoparium small",-0.147568088485917,0.744618662438532,0.232821402248266,0.616290473772841,0.757926328906601,0.901563755860555,0.995159635692548,"BlackRiver","small_small","Acacia mucronata","Leptospermum scoparium","between","Acacia mucronata small_Leptospermum scoparium small","between_species_small_small",NA,NA,NA,NA,NA
"642","Nematolepis squamea subsp squamea large","Monotoca glauca small",-0.127992583215939,0.789462420628872,0.424635093929756,0.702281272174073,0.801189128906642,0.889961661008912,0.990219154253752,"BlackRiver","large_small","Nematolepis squamea","Monotoca glauca","between","Nematolepis squamea subsp squamea large_Monotoca glauca small","between_species_large_small",0.164425583266822,NA,-0.449695596451118,0.194840846228806,0.644536442679924
"643","Eucalyptus obliqua large","Nematolepis squamea subsp squamea small",-0.112687507421369,0.587651114407467,0.316719251095878,0.469576930248468,0.589529519673921,0.702640107532544,0.911096096625913,"BlackRiver","large_small","Eucalyptus obliqua","Nematolepis squamea","between","Eucalyptus obliqua large_Nematolepis squamea subsp squamea small","between_species_large_small",NA,NA,NA,NA,NA
"644","Nematolepis squamea subsp squamea large","Leptospermum scoparium small",-0.0991651230546704,0.807349368127858,0.4237972601242,0.726210606612399,0.829691262671983,0.906851724674628,0.992413690204513,"BlackRiver","large_small","Nematolepis squamea","Leptospermum scoparium","between","Nematolepis squamea subsp squamea large_Leptospermum scoparium small","between_species_large_small",0.204792608074011,NA,-0.501800189883356,0.300972082366822,0.802772272250178
"645","Eucalyptus ovata small","Monotoca glauca small",-0.0944360011555171,0.750756533492793,0.41051830907447,0.612053216174035,0.794954479485869,0.889432015275261,0.979679644494939,"BlackRiver","small_small","Eucalyptus ovata","Monotoca glauca","between","Eucalyptus ovata small_Monotoca glauca small","between_species_small_small",NA,NA,NA,NA,NA
"646","Acacia mucronata small","Monotoca glauca large",-0.077865146379476,0.810363289639705,0.404728280942925,0.714946619502078,0.823793586517071,0.934468306100135,0.99744302743538,"BlackRiver","large_small","Acacia mucronata","Monotoca glauca","between","Acacia mucronata small_Monotoca glauca large","between_species_large_small",NA,NA,NA,NA,NA
"647","Monotoca glauca small","Monotoca glauca small",-0.0778386803044391,0.351408585766465,0.126750314609792,0.236973790065536,0.301968961124692,0.444288626660752,0.877676397671803,"BlackRiver","small_small","Monotoca glauca","Monotoca glauca","within","Monotoca glauca small_Monotoca glauca small","within_species_small_small",0.149420301601274,NA,-0.364048362089005,0.221668457306214,0.58571681939522
"648","Zieria arborescens small","Nematolepis squamea subsp squamea small",-0.0709239667187445,0.876519680738494,0.630531411074439,0.823898506572635,0.89004141002884,0.953803677136702,0.995510011234645,"BlackRiver","small_small","Zieria arborescens","Nematolepis squamea","between","Zieria arborescens small_Nematolepis squamea subsp squamea small","between_species_small_small",0.21138155028528,NA,-0.4915934149122,0.337007036198584,0.828600451110784
"649","Zieria arborescens small","Eucalyptus obliqua small",-0.0439468926818949,0.929069994784692,0.784489877695728,0.897219964102561,0.934981994801829,0.971562306766682,0.997215470186689,"BlackRiver","small_small","Zieria arborescens","Eucalyptus obliqua","between","Zieria arborescens small_Eucalyptus obliqua small","between_species_small_small",0.153812926646157,NA,-0.349511605500028,0.253423987666308,0.602935593166336
"650","Acacia mucronata small","Eucalyptus obliqua small",-0.0224984475692177,0.957230799503744,0.825366037773211,0.935956455900317,0.963969770229792,0.985193675060559,0.99926051269824,"BlackRiver","small_small","Acacia mucronata","Eucalyptus obliqua","between","Acacia mucronata small_Eucalyptus obliqua small","between_species_small_small",NA,NA,NA,NA,NA
"651","Leptospermum scoparium small","Leptospermum scoparium small",-0.0195660441429731,0.0616639935382352,0.00124625067549668,0.012543404247944,0.0378640070051747,0.0867041150025733,0.452318236913869,"BlackRiver","small_small","Leptospermum scoparium","Leptospermum scoparium","within","Leptospermum scoparium small_Leptospermum scoparium small","within_species_small_small",0.222653923546174,NA,-0.450787881558542,0.42199946077553,0.872787342334072
"652","Leptospermum scoparium small","Eucalyptus obliqua small",-0.0150254488860389,0.946923619043526,0.863304543603262,0.935524401780651,0.947051900612053,0.962094013033109,0.993676575257755,"BlackRiver","small_small","Leptospermum scoparium","Eucalyptus obliqua","between","Leptospermum scoparium small_Eucalyptus obliqua small","between_species_small_small",0.11440939092601,NA,-0.241005685912359,0.207470885503927,0.448476571416285
"653","Eucalyptus ovata large","Nematolepis squamea subsp squamea small",-0.0149424036802483,0.970636360942221,0.934539991269408,0.963325134044164,0.971676208521775,0.978227139038508,0.99648714618041,"BlackRiver","large_small","Eucalyptus ovata","Nematolepis squamea","between","Eucalyptus ovata large_Nematolepis squamea subsp squamea small","between_species_large_small",NA,NA,NA,NA,NA
"654","Acacia mucronata small","Nematolepis squamea subsp squamea small",-0.014746399698026,0.972822395907151,0.886780007426985,0.960273040486719,0.97634846647945,0.990859817639712,0.999515248107522,"BlackRiver","small_small","Acacia mucronata","Nematolepis squamea","between","Acacia mucronata small_Nematolepis squamea subsp squamea small","between_species_small_small",NA,NA,NA,NA,NA
"655","Nematolepis squamea subsp squamea small","Eucalyptus obliqua small",-0.0144379075692057,0.920782744532371,0.798415187499542,0.889449121894512,0.919607200149014,0.958715424590575,0.996044313163586,"BlackRiver","small_small","Nematolepis squamea","Eucalyptus obliqua","between","Nematolepis squamea subsp squamea small_Eucalyptus obliqua small","between_species_small_small",0.081971096610724,NA,-0.17351155605327,0.147809238207274,0.321320794260545
"656","Monotoca glauca small","Nematolepis squamea subsp squamea small",0.0187866369790222,1.12615835304743,1.01917027354104,1.08663444182301,1.12156569282139,1.16406555826803,1.25597877911075,"BlackRiver","small_small","Monotoca glauca","Nematolepis squamea","between","Monotoca glauca small_Nematolepis squamea subsp squamea small","between_species_small_small",NA,NA,NA,NA,NA
"657","Nematolepis squamea subsp squamea small","Leptospermum scoparium small",0.0285331029131619,1.21987362960179,1.00807139154824,1.11016454595191,1.21656924147368,1.30324768597533,1.62124766413822,"BlackRiver","small_small","Nematolepis squamea","Leptospermum scoparium","between","Nematolepis squamea subsp squamea small_Leptospermum scoparium small","between_species_small_small",0.117998621772611,NA,-0.204300417483017,0.258245680316346,0.462546097799363
"658","Eucalyptus obliqua small","Eucalyptus obliqua large",0.0296322786891901,1.21961252956631,1.05471324089231,1.15190556316026,1.20976920589133,1.280655583702,1.51178687171671,"BlackRiver","large_small","Eucalyptus obliqua","Eucalyptus obliqua","within","Eucalyptus obliqua small_Eucalyptus obliqua large","within_species_large_small",0.185150783054949,NA,-0.334184977984626,0.391592755009551,0.725777732994178
"659","Eucalyptus obliqua small","Eucalyptus ovata small",0.037278103325223,1.33275461625861,1.06540674107412,1.24508665358035,1.314399246303,1.40738349570526,1.76726716757612,"BlackRiver","small_small","Eucalyptus obliqua","Eucalyptus ovata","between","Eucalyptus obliqua small_Eucalyptus ovata small","between_species_small_small",NA,NA,NA,NA,NA
"660","Acacia mucronata small","Acacia mucronata small",0.0522248954871804,0.940863063804318,0.577540961963292,0.787843408613624,1.0231468252549,1.06098374891012,1.20835737779879,"BlackRiver","small_small","Acacia mucronata","Acacia mucronata","within","Acacia mucronata small_Acacia mucronata small","within_species_small_small",0.188354438772433,NA,-0.318817777871402,0.419518054773043,0.738335832644445
"661","Monotoca glauca small","Eucalyptus obliqua small",0.052602478674644,1.40809983443421,1.05918542272577,1.24360729773406,1.35808876035217,1.5227043978092,2.24890365505236,"BlackRiver","small_small","Monotoca glauca","Eucalyptus obliqua","between","Monotoca glauca small_Eucalyptus obliqua small","between_species_small_small",0.0837155240183269,NA,-0.113832397252507,0.21432642679313,0.328158824045637
"662","Monotoca glauca small","Eucalyptus obliqua large",0.0618663653565031,1.54753555330072,1.09491318975523,1.35534236111367,1.52500884975178,1.70461579672747,2.46147928400475,"BlackRiver","large_small","Monotoca glauca","Eucalyptus obliqua","between","Monotoca glauca small_Eucalyptus obliqua large","between_species_large_small",0.157247066172477,NA,-0.24954805993403,0.366849112811255,0.616397172745285
"663","Leptospermum scoparium small","Monotoca glauca large",0.0701927750182832,1.49254806714056,1.04433545948386,1.34376016077549,1.45859234737296,1.60134117796858,2.5477466568693,"BlackRiver","large_small","Leptospermum scoparium","Monotoca glauca","between","Leptospermum scoparium small_Monotoca glauca large","between_species_large_small",NA,NA,NA,NA,NA
"664","Monotoca glauca large","Eucalyptus ovata large",0.0840632058247546,1.29126393955966,1.05809386259395,1.20217962017052,1.27531810598891,1.36984441039832,1.75769968773496,"BlackRiver","large_large","Monotoca glauca","Eucalyptus ovata","between","Monotoca glauca large_Eucalyptus ovata large","between_species_large_large",0.630039991694235,NA,-1.18854895846244,1.28116242661878,2.46971138508123
"665","Eucalyptus obliqua small","Eucalyptus obliqua small",0.090683956215486,1.33795031837065,0.912963659298426,1.12162660711472,1.30823740330467,1.51354602233238,2.08933942930964,"BlackRiver","small_small","Eucalyptus obliqua","Eucalyptus obliqua","within","Eucalyptus obliqua small_Eucalyptus obliqua small","within_species_small_small",0.108466320757734,NA,-0.111413583972091,0.313766580469366,0.425180164441456
"666","Monotoca glauca small","Eucalyptus ovata large",0.114338510236918,3.58594369044362,1.2309347421978,2.35970162227421,3.38624053796844,4.37533580927088,9.5688345320705,"BlackRiver","large_small","Monotoca glauca","Eucalyptus ovata","between","Monotoca glauca small_Eucalyptus ovata large","between_species_large_small",0.229093893841178,NA,-0.32392586977189,0.574105692241613,0.898031562013504
"667","Monotoca glauca small","Leptospermum scoparium small",0.148568884521355,3.43458569859464,1.21654242925193,2.16729790508749,3.00484462709017,4.2331600965591,11.422216130224,"BlackRiver","small_small","Monotoca glauca","Leptospermum scoparium","between","Monotoca glauca small_Leptospermum scoparium small","between_species_small_small",0.140788860350018,NA,-0.136915449744585,0.414966741676363,0.551882191420948
"668","Eucalyptus obliqua large","Acacia mucronata small",0.192286007835242,4.35706249644784,1.23974859677149,2.45868208902389,3.80555768768997,5.84471298295723,10.2552252626465,"BlackRiver","large_small","Eucalyptus obliqua","Acacia mucronata","between","Eucalyptus obliqua large_Acacia mucronata small","between_species_large_small",0.238458234409889,NA,-0.271110048513055,0.663629054007728,0.934739102520782
"669","Acacia mucronata small","Nematolepis squamea subsp squamea large",0.220941311496403,2.25460445500176,1.0077052973074,1.19686086939729,1.6967488130176,2.57627175630345,12.6618634754161,"BlackRiver","large_small","Acacia mucronata","Nematolepis squamea","between","Acacia mucronata small_Nematolepis squamea subsp squamea large","between_species_large_small",NA,NA,NA,NA,NA
"670","Nematolepis squamea subsp squamea small","Eucalyptus ovata small",0.229066630427593,6.28453053895101,1.09459921393327,2.74698878607417,5.24007336841851,8.84106773800358,29.8532207670594,"BlackRiver","small_small","Nematolepis squamea","Eucalyptus ovata","between","Nematolepis squamea subsp squamea small_Eucalyptus ovata small","between_species_small_small",0.137838636687154,NA,-0.0376734988705716,0.502644028299275,0.540317527169846
"671","Nematolepis squamea subsp squamea small","Nematolepis squamea subsp squamea large",0.24212371198196,24.3809018444704,1.0874969640361,3.93056832779188,8.50777260701967,30.8462237113257,246.813898792774,"BlackRiver","large_small","Nematolepis squamea","Nematolepis squamea","within","Nematolepis squamea subsp squamea small_Nematolepis squamea subsp squamea large","within_species_large_small",0.149803927430899,NA,-0.0507094101427596,0.536511194871669,0.587220605014428
"672","Nematolepis squamea subsp squamea large","Monotoca glauca large",0.264715567382566,2.50170163063313,1.02053645209906,1.42195873838577,1.8620480878628,2.88424612050994,12.2827861126819,"BlackRiver","large_large","Nematolepis squamea","Monotoca glauca","between","Nematolepis squamea subsp squamea large_Monotoca glauca large","between_species_large_large",0.420026077267533,NA,-0.548183797625007,1.098288170399,1.64647196802401
"673","Nematolepis squamea subsp squamea small","Nematolepis squamea subsp squamea small",0.286810546636241,3.64682338569985,1.05939821347998,2.15720111080109,3.06885192435966,4.62879053441249,10.9651409066708,"BlackRiver","small_small","Nematolepis squamea","Nematolepis squamea","within","Nematolepis squamea subsp squamea small_Nematolepis squamea subsp squamea small","within_species_small_small",0.092784969087625,1,0.112942789386072,0.476653184822886,0.363710395436814
"674","Eucalyptus ovata small","Monotoca glauca large",0.287484984835806,6.74011884194408,1.10427554313644,1.69910366869415,3.06899559581752,9.54696028694443,44.9395579120455,"BlackRiver","large_small","Eucalyptus ovata","Monotoca glauca","between","Eucalyptus ovata small_Monotoca glauca large","between_species_large_small",NA,NA,NA,NA,NA
"675","Eucalyptus ovata small","Acacia mucronata small",0.327050350604225,5.79099137062996,1.1277579500564,1.82435242973623,2.96675370523745,7.6640447250612,45.3387757596933,"BlackRiver","small_small","Eucalyptus ovata","Acacia mucronata","between","Eucalyptus ovata small_Acacia mucronata small","between_species_small_small",0.225335932870307,NA,-0.115316395765127,0.767984229931947,0.883300625697074
"676","Eucalyptus obliqua small","Eucalyptus ovata large",0.354309295022378,56.5264659108215,2.64687292492566,14.6912561444534,28.880952113693,62.4466778426331,725.086185021423,"BlackRiver","large_small","Eucalyptus obliqua","Eucalyptus ovata","between","Eucalyptus obliqua small_Eucalyptus ovata large","between_species_large_small",NA,NA,NA,NA,NA
"677","Nematolepis squamea subsp squamea large","Eucalyptus ovata large",0.384857553142725,4.7690100469878,1.02999561031705,1.69565756169691,2.58633231851129,5.08594918125447,43.5680714290867,"BlackRiver","large_large","Nematolepis squamea","Eucalyptus ovata","between","Nematolepis squamea subsp squamea large_Eucalyptus ovata large","between_species_large_large",0.491819489172802,NA,-0.582765089314813,1.34513188203235,1.92789697134716
"678","Leptospermum scoparium small","Eucalyptus ovata large",0.393564037776142,14.3411036098156,1.26883653030408,5.47686324278838,8.79042290047563,14.7174307217852,195.958904609874,"BlackRiver","large_small","Leptospermum scoparium","Eucalyptus ovata","between","Leptospermum scoparium small_Eucalyptus ovata large","between_species_large_small",0.391665885368022,NA,-0.384377310870883,1.15092474771775,1.53530205858863
"679","Acacia mucronata small","Eucalyptus ovata large",0.40757010076082,6.90120552224918,1.01349131799139,1.44422054819799,2.83089970369654,6.0474307186837,118.417319222257,"BlackRiver","large_small","Acacia mucronata","Eucalyptus ovata","between","Acacia mucronata small_Eucalyptus ovata large","between_species_large_small",NA,NA,NA,NA,NA
"680","Monotoca glauca small","Monotoca glauca large",0.416983622742954,196.218870887084,2.07773689400899,22.3512718600984,82.0040345092638,198.4246408337,3079.18490385087,"BlackRiver","large_small","Monotoca glauca","Monotoca glauca","within","Monotoca glauca small_Monotoca glauca large","within_species_large_small",0.315965800726921,NA,-0.206037156221685,1.03252602332056,1.23856317954225
"681","Eucalyptus obliqua large","Leptospermum scoparium small",0.441177360802858,18.0596352620764,1.68680491454333,5.14933046527705,10.3526339285422,23.777418145466,93.1915253056895,"BlackRiver","large_small","Eucalyptus obliqua","Leptospermum scoparium","between","Eucalyptus obliqua large_Leptospermum scoparium small","between_species_large_small",NA,NA,NA,NA,NA
"682","Leptospermum scoparium small","Eucalyptus ovata small",0.559538956713952,19.1387749720412,1.39535434116818,7.1478674106328,12.6879607387959,21.9884011420051,267.644525848385,"BlackRiver","small_small","Leptospermum scoparium","Eucalyptus ovata","between","Leptospermum scoparium small_Eucalyptus ovata small","between_species_small_small",0.24553437346232,1,0.0684072068317029,1.03088426473721,0.962477057905507
"683","Eucalyptus ovata small","Zieria arborescens small",0.59002656874098,168.187554304647,1.19143514253066,3.11167972098638,12.8320739465904,141.21498015306,3473.78345984552,"BlackRiver","small_small","Eucalyptus ovata","Zieria arborescens","between","Eucalyptus ovata small_Zieria arborescens small","between_species_small_small",NA,NA,NA,NA,NA
"684","Eucalyptus obliqua large","Nematolepis squamea subsp squamea large",0.66443770245149,255.07057129464,2.48890789597738,22.2118433206189,95.9254178889675,299.093379440221,2129.79775749532,"BlackRiver","large_large","Eucalyptus obliqua","Nematolepis squamea","between","Eucalyptus obliqua large_Nematolepis squamea subsp squamea large","between_species_large_large",NA,NA,NA,NA,NA
"685","Zieria arborescens small","Monotoca glauca large",0.696906289871254,11.8263526366261,1.04521064810777,2.0042788880268,5.23334893384439,12.4398891565942,141.697502716613,"BlackRiver","large_small","Zieria arborescens","Monotoca glauca","between","Zieria arborescens small_Monotoca glauca large","between_species_large_small",0.589064194335455,NA,-0.466506483597519,1.84258272736167,2.30908921095919
"686","Zieria arborescens small","Eucalyptus ovata large",0.837167999415337,21.769145195855,1.05455406989505,2.22122448740338,6.89532946236977,19.2474682053181,367.046220448515,"BlackRiver","large_small","Zieria arborescens","Eucalyptus ovata","between","Zieria arborescens small_Eucalyptus ovata large","between_species_large_small",0.688183983954649,NA,-0.503197996241975,2.19443365033483,2.6976316465768
"687","Eucalyptus obliqua large","Zieria arborescens small",0.992971006354515,5442.47582642594,4.59130851583638,198.8801479649,1205.08426811161,5042.16690075446,84487.5621416337,"BlackRiver","large_small","Eucalyptus obliqua","Zieria arborescens","between","Eucalyptus obliqua large_Zieria arborescens small","between_species_large_small",NA,NA,NA,NA,NA
"688","Acacia melanoxylon small","Acacia melanoxylon small",-1.24391293128846,0.0724454375416775,8.69341295254298e-06,0.000822583903323511,0.00314532728561133,0.0495691149457568,0.744437251191608,"BondTier","small_small","Acacia melanoxylon","Acacia melanoxylon","within","Acacia melanoxylon small_Acacia melanoxylon small","within_species_small_small",0.680711012151688,NA,-2.49585983459496,0.172478300799275,2.66833813539423
"689","Nothofagus cunninghamii large","Nothofagus cunninghamii large",-0.899892039113121,0.215029722973248,0.00299941349659844,0.0486057479191924,0.144174596280853,0.319599271301873,0.984557875692162,"BondTier","large_large","Nothofagus cunninghamii","Nothofagus cunninghamii","within","Nothofagus cunninghamii large_Nothofagus cunninghamii large","within_species_large_large",0.568018098507088,NA,-2.04520439384231,0.18138563743932,2.22659003128163
"690","Nothofagus cunninghamii large","Acacia melanoxylon small",-0.873141881852896,0.158709221675271,0.00161146548990439,0.0446447270505337,0.110070610034265,0.22223275689368,0.827080842053928,"BondTier","large_small","Nothofagus cunninghamii","Acacia melanoxylon","between","Nothofagus cunninghamii large_Acacia melanoxylon small","between_species_large_small",0.588314818494734,NA,-2.09286545238173,0.213286259260067,2.3061517116418
"691","Nothofagus cunninghamii large","Eucalyptus obliqua large",-0.63104532598226,0.247538225108451,0.0113666500998567,0.093965049903869,0.21110511262589,0.355977978507413,0.87178518787271,"BondTier","large_large","Nothofagus cunninghamii","Eucalyptus obliqua","between","Nothofagus cunninghamii large_Eucalyptus obliqua large","between_species_large_large",0.36325223839561,NA,-1.41006001865357,0.0138625904643392,1.42392260911791
"692","Acacia melanoxylon small","Pomaderris apetala large",-0.614920675385539,0.218821447028362,0.0072537746581434,0.0528214416645922,0.103294214710538,0.313075412799956,0.885728902897423,"BondTier","large_small","Acacia melanoxylon","Pomaderris apetala","between","Acacia melanoxylon small_Pomaderris apetala large","between_species_large_small",NA,NA,NA,NA,NA
"693","Eucalyptus obliqua large","Eucalyptus obliqua large",-0.452969833922215,0.234385644617809,0.0302960396622132,0.107028383591484,0.158633652468574,0.287657763145783,0.907725056031478,"BondTier","large_large","Eucalyptus obliqua","Eucalyptus obliqua","within","Eucalyptus obliqua large_Eucalyptus obliqua large","within_species_large_large",0.279605756635869,NA,-1.00552287252334,0.090511553229407,1.09603442575275
"694","Acacia melanoxylon large","Nothofagus cunninghamii large",-0.375107679325063,0.40635296003079,0.0476235045018622,0.205885323945537,0.404377696669526,0.552879065370882,0.96136616025045,"BondTier","large_large","Acacia melanoxylon","Nothofagus cunninghamii","between","Acacia melanoxylon large_Nothofagus cunninghamii large","between_species_large_large",NA,NA,NA,NA,NA
"695","Acacia melanoxylon large","Pittosporum bicolor small",-0.318130393754836,0.514067823104539,0.107894349947203,0.340197811812015,0.533356541731295,0.669294972405444,0.966736184004351,"BondTier","large_small","Acacia melanoxylon","Pittosporum bicolor","between","Acacia melanoxylon large_Pittosporum bicolor small","between_species_large_small",NA,NA,NA,NA,NA
"696","Nothofagus cunninghamii large","Pomaderris apetala small",-0.278198913984433,0.557048925944573,0.225386131583144,0.41605921813553,0.551710602307278,0.697158106839438,0.941302642780612,"BondTier","large_small","Nothofagus cunninghamii","Pomaderris apetala","between","Nothofagus cunninghamii large_Pomaderris apetala small","between_species_large_small",NA,NA,NA,NA,NA
"697","Pittosporum bicolor small","Nothofagus cunninghamii small",-0.244893659274274,0.409523931852617,0.0380654679113141,0.259311660026727,0.437534540351287,0.557858833219316,0.848395739517738,"BondTier","small_small","Pittosporum bicolor","Nothofagus cunninghamii","between","Pittosporum bicolor small_Nothofagus cunninghamii small","between_species_small_small",0.137451443490131,NA,-0.515958591811057,0.0228411659163424,0.5387997577274
"698","Nothofagus cunninghamii small","Olearia argophylla small",-0.177920319371294,0.503554051855332,0.146243082517563,0.370438073261389,0.536027099339524,0.635021044650996,0.869592946586477,"BondTier","small_small","Nothofagus cunninghamii","Olearia argophylla","between","Nothofagus cunninghamii small_Olearia argophylla small","between_species_small_small",NA,NA,NA,NA,NA
"699","Eucalyptus obliqua small","Olearia argophylla small",-0.158440433051861,0.548372148019498,0.101462993021495,0.380230908350021,0.604888553470365,0.702850813614363,0.919110575514673,"BondTier","small_small","Eucalyptus obliqua","Olearia argophylla","between","Eucalyptus obliqua small_Olearia argophylla small","between_species_small_small",NA,NA,NA,NA,NA
"700","Acacia melanoxylon small","Pomaderris apetala small",-0.156822311096099,0.662196327086189,0.297924962109416,0.531165496244585,0.630190007031858,0.811769130535273,0.969527663194733,"BondTier","small_small","Acacia melanoxylon","Pomaderris apetala","between","Acacia melanoxylon small_Pomaderris apetala small","between_species_small_small",NA,NA,NA,NA,NA
"701","Acacia melanoxylon large","Acacia melanoxylon large",-0.141685785225987,0.865166028995763,0.441605520708877,0.674135720884057,0.886850502397427,1.04013849070832,1.22793282998251,"BondTier","large_large","Acacia melanoxylon","Acacia melanoxylon","within","Acacia melanoxylon large_Acacia melanoxylon large","within_species_large_large",0.255069588338685,NA,-0.622895322693092,0.376959090697468,0.99985441339056
"702","Acacia melanoxylon large","Pomaderris apetala small",-0.135113431835063,0.749419709249685,0.402328342552273,0.64406644082873,0.783181904301088,0.856468277114932,0.987158920997492,"BondTier","large_small","Acacia melanoxylon","Pomaderris apetala","between","Acacia melanoxylon large_Pomaderris apetala small","between_species_large_small",NA,NA,NA,NA,NA
"703","Pittosporum bicolor small","Pomaderris apetala small",-0.11725015984433,0.64345770100204,0.18557305359131,0.536475911093953,0.669859401098361,0.790625128317547,0.932150895152358,"BondTier","small_small","Pittosporum bicolor","Pomaderris apetala","between","Pittosporum bicolor small_Pomaderris apetala small","between_species_small_small",NA,NA,NA,NA,NA
"704","Nothofagus cunninghamii small","Pomaderris apetala small",-0.112055785924005,0.661746796133073,0.333189726174924,0.557776773772607,0.679128068912087,0.761714062638033,0.917247221137614,"BondTier","small_small","Nothofagus cunninghamii","Pomaderris apetala","between","Nothofagus cunninghamii small_Pomaderris apetala small","between_species_small_small",NA,NA,NA,NA,NA
"705","Acacia melanoxylon large","Acacia melanoxylon small",-0.10799766108291,0.759747917749921,0.441275457382585,0.661987358845021,0.787872843197555,0.858881689843983,0.986808136640231,"BondTier","large_small","Acacia melanoxylon","Acacia melanoxylon","within","Acacia melanoxylon large_Acacia melanoxylon small","within_species_large_small",NA,NA,NA,NA,NA
"706","Nothofagus cunninghamii large","Pittosporum bicolor small",-0.0932677984421303,0.795046003447755,0.512826861935354,0.738993993923615,0.809931164904433,0.864366337492964,0.979924437218399,"BondTier","large_small","Nothofagus cunninghamii","Pittosporum bicolor","between","Nothofagus cunninghamii large_Pittosporum bicolor small","between_species_large_small",NA,NA,NA,NA,NA
"707","Pomaderris apetala large","Pomaderris apetala large",-0.0840048562048952,0.121347117560321,0.00921669382950934,0.0345893009425738,0.0915736997116703,0.192742508644283,0.467888014939571,"BondTier","large_large","Pomaderris apetala","Pomaderris apetala","within","Pomaderris apetala large_Pomaderris apetala large","within_species_large_large",0.243207261818634,NA,-0.551651480631553,0.401703467254699,0.953354947886253
"708","Eucalyptus obliqua large","Eucalyptus obliqua small",-0.0789180220493983,0.74457709174637,0.525400434799265,0.661346987721467,0.754747209002372,0.824376104315342,0.96467728807179,"BondTier","large_small","Eucalyptus obliqua","Eucalyptus obliqua","within","Eucalyptus obliqua large_Eucalyptus obliqua small","within_species_large_small",NA,NA,NA,NA,NA
"709","Eucalyptus obliqua large","Pomaderris apetala small",-0.0314525840531776,0.901734631249706,0.809038956515579,0.873516845404173,0.895805169704323,0.934886812511128,0.98735378389902,"BondTier","large_small","Eucalyptus obliqua","Pomaderris apetala","between","Eucalyptus obliqua large_Pomaderris apetala small","between_species_large_small",NA,NA,NA,NA,NA
"710","Nothofagus cunninghamii small","Nothofagus cunninghamii small",-0.018082155238185,0.86496783732878,0.391216971550782,0.741172241804937,0.831465252350594,0.954939893076711,1.43262422800604,"BondTier","small_small","Nothofagus cunninghamii","Nothofagus cunninghamii","within","Nothofagus cunninghamii small_Nothofagus cunninghamii small","within_species_small_small",0.185698721867366,NA,-0.388540327435436,0.339385286234878,0.727925613670314
"711","Pomaderris apetala large","Eucalyptus obliqua small",-0.00814163219046989,0.971700884549913,0.911018788518602,0.966216394368199,0.973090430629372,0.980200282903151,0.997500756248627,"BondTier","large_small","Pomaderris apetala","Eucalyptus obliqua","between","Pomaderris apetala large_Eucalyptus obliqua small","between_species_large_small",0.142604158743589,NA,-0.284367434643917,0.274630595722219,0.558998030366135
"712","Pittosporum bicolor small","Eucalyptus obliqua large",0.000493647061629315,1.00232646896155,1.00031705021441,1.00128936282267,1.00199342366862,1.00289046306652,1.00717940941664,"BondTier","large_small","Pittosporum bicolor","Eucalyptus obliqua","between","Pittosporum bicolor small_Eucalyptus obliqua large","between_species_large_small",0.158495080510609,NA,-0.273446770092108,0.347842528963033,0.621289299055141
"713","Olearia argophylla small","Pomaderris apetala large",0.0093700169924258,1.05293158325579,1.00999595116717,1.03348228282351,1.05273589526174,1.07093197915173,1.11287455127246,"BondTier","large_small","Olearia argophylla","Pomaderris apetala","between","Olearia argophylla small_Pomaderris apetala large","between_species_large_small",NA,NA,NA,NA,NA
"714","Pomaderris apetala small","Olearia argophylla small",0.0133257250586005,1.15975207409373,1.00978565756172,1.04505178389937,1.08445320259081,1.20839436749489,1.71926968905831,"BondTier","small_small","Pomaderris apetala","Olearia argophylla","between","Pomaderris apetala small_Olearia argophylla small","between_species_small_small",0.0619063270630049,NA,-0.109848021037341,0.132820321879952,0.242668342917294
"715","Nothofagus cunninghamii small","Eucalyptus obliqua small",0.0276226147730237,1.1288353347133,1.03330672464852,1.0847560876044,1.11513264803093,1.17753424150929,1.2853881649738,"BondTier","small_small","Nothofagus cunninghamii","Eucalyptus obliqua","between","Nothofagus cunninghamii small_Eucalyptus obliqua small","between_species_small_small",0.133662457111671,NA,-0.240085010456946,0.283862193591063,0.523947204048009
"716","Nothofagus cunninghamii small","Acacia melanoxylon large",0.0286231395895517,1.16654603144413,1.03610577360269,1.09877230804563,1.1397177084249,1.21981038678471,1.43187720937869,"BondTier","large_small","Nothofagus cunninghamii","Acacia melanoxylon","between","Nothofagus cunninghamii small_Acacia melanoxylon large","between_species_large_small",0.173233764083915,NA,-0.308650378084836,0.370413498936726,0.679063877021562
"717","Pittosporum bicolor small","Pittosporum bicolor small",0.032055685915226,1.44173534041331,0.540124046096326,1.09506995085856,1.468811052583,1.79286583488164,2.34959434000464,"BondTier","small_small","Pittosporum bicolor","Pittosporum bicolor","within","Pittosporum bicolor small_Pittosporum bicolor small","within_species_small_small",0.164085240718252,NA,-0.269913762407956,0.373288561996764,0.643202324404719
"718","Olearia argophylla small","Olearia argophylla small",0.0395413698312721,0.590537012254598,0.287029922017935,0.41074128742671,0.563124112657508,0.758622111477166,0.982982108846172,"BondTier","small_small","Olearia argophylla","Olearia argophylla","within","Olearia argophylla small_Olearia argophylla small","within_species_small_small",0.179836044374944,NA,-0.324480815135202,0.380463525058873,0.704944340194075
"719","Olearia argophylla small","Pittosporum bicolor small",0.0421703935469614,1.22737357370076,1.04934952124212,1.14816971047757,1.21953264827775,1.30282258161276,1.51569827189499,"BondTier","small_small","Olearia argophylla","Pittosporum bicolor","between","Olearia argophylla small_Pittosporum bicolor small","between_species_small_small",NA,NA,NA,NA,NA
"720","Eucalyptus obliqua large","Acacia melanoxylon large",0.0457315802268896,1.21895158885094,1.03052073722898,1.15822662717639,1.22051514387822,1.27391105176828,1.43599958943353,"BondTier","large_large","Eucalyptus obliqua","Acacia melanoxylon","between","Eucalyptus obliqua large_Acacia melanoxylon large","between_species_large_large",0.22587718473591,NA,-0.419808974642191,0.465613319381178,0.885422294023369
"721","Eucalyptus obliqua small","Pittosporum bicolor small",0.0655192576957326,1.36087440866618,1.03722209762311,1.16885803056727,1.24562857734724,1.45229173959457,2.5901270650885,"BondTier","small_small","Eucalyptus obliqua","Pittosporum bicolor","between","Eucalyptus obliqua small_Pittosporum bicolor small","between_species_small_small",NA,NA,NA,NA,NA
"722","Eucalyptus obliqua small","Acacia melanoxylon large",0.0690866087770547,1.50220857803332,1.05111982017546,1.21699210476323,1.32427191704927,1.74765140521799,2.97204368325857,"BondTier","large_small","Eucalyptus obliqua","Acacia melanoxylon","between","Eucalyptus obliqua small_Acacia melanoxylon large","between_species_large_small",0.170893896774983,NA,-0.287784256158212,0.382107509555132,0.669891765713344
"723","Nothofagus cunninghamii small","Eucalyptus obliqua large",0.074343018935871,1.45696915096058,1.07597289762546,1.24063822049209,1.35054585836862,1.61049858790612,2.42186198311342,"BondTier","large_small","Nothofagus cunninghamii","Eucalyptus obliqua","between","Nothofagus cunninghamii small_Eucalyptus obliqua large","between_species_large_small",0.186751070219204,NA,-0.250727032002226,0.481323711405675,0.732050743407902
"724","Eucalyptus obliqua large","Pomaderris apetala large",0.0874600587233491,1.46512471401691,1.04276271271228,1.29500028916797,1.44658432080959,1.60499801237559,2.0441138726028,"BondTier","large_large","Eucalyptus obliqua","Pomaderris apetala","between","Eucalyptus obliqua large_Pomaderris apetala large","between_species_large_large",NA,NA,NA,NA,NA
"725","Olearia argophylla small","Eucalyptus obliqua large",0.0981838523690312,1.69393891141247,1.11974041308942,1.4076312649828,1.64544071612718,1.94400008243277,2.68922088066154,"BondTier","large_small","Olearia argophylla","Eucalyptus obliqua","between","Olearia argophylla small_Eucalyptus obliqua large","between_species_large_small",0.21253634641975,NA,-0.292345043940932,0.540782124835944,0.833127168776876
"726","Pomaderris apetala small","Eucalyptus obliqua small",0.108230233810785,3.19125683680246,1.08691747507249,1.48502592536818,1.86748916956432,2.9103707354387,22.8326514532527,"BondTier","small_small","Pomaderris apetala","Eucalyptus obliqua","between","Pomaderris apetala small_Eucalyptus obliqua small","between_species_small_small",0.0516268837460091,1,0.00265933961898694,0.205033005171415,0.202373665552428
"727","Eucalyptus obliqua large","Acacia melanoxylon small",0.180847556118642,2.23874875459094,1.10456132002008,1.72770768015094,2.07189723746372,2.67329924291936,4.30061938476325,"BondTier","large_small","Eucalyptus obliqua","Acacia melanoxylon","between","Eucalyptus obliqua large_Acacia melanoxylon small","between_species_large_small",0.406398780018443,NA,-0.800174489517004,0.792879454877325,1.59305394439433
"728","Pomaderris apetala small","Pomaderris apetala large",0.183595282267531,24.1885230217055,1.17573960888817,2.21793240089661,3.16657117071164,8.44744348937857,462.098705098728,"BondTier","large_small","Pomaderris apetala","Pomaderris apetala","within","Pomaderris apetala small_Pomaderris apetala large","within_species_large_small",0.0819662781310259,1,0.0170048440248648,0.338306750192072,0.321301906167208
"729","Eucalyptus obliqua small","Eucalyptus obliqua small",0.210591919614738,0.691559514262408,0.155136460214381,0.306655182849762,0.560525807960227,1.06444656250147,1.87356381139749,"BondTier","small_small","Eucalyptus obliqua","Eucalyptus obliqua","within","Eucalyptus obliqua small_Eucalyptus obliqua small","within_species_small_small",0.120740613837519,NA,-0.0347581270579197,0.438536382127671,0.473294509185591
"730","Eucalyptus obliqua small","Nothofagus cunninghamii large",0.229905872181192,5.0550257663792,1.1584368456222,1.99927527761077,2.66078349921949,6.4654315243143,36.0840903750179,"BondTier","large_small","Eucalyptus obliqua","Nothofagus cunninghamii","between","Eucalyptus obliqua small_Nothofagus cunninghamii large","between_species_large_small",NA,NA,NA,NA,NA
"731","Pomaderris apetala large","Acacia melanoxylon large",0.234315090100487,3.10411518490433,1.09526523789836,2.04519260482016,2.62076939865644,3.29641540142384,17.8973695012197,"BondTier","large_large","Pomaderris apetala","Acacia melanoxylon","between","Pomaderris apetala large_Acacia melanoxylon large","between_species_large_large",0.264276775857256,NA,-0.300968964558519,0.734976960702655,1.03594592526117
"732","Olearia argophylla small","Acacia melanoxylon small",0.255474961563639,4.75348209552356,1.36613516329509,2.58703621788423,4.02491508815197,6.42109473219053,17.6426826758016,"BondTier","small_small","Olearia argophylla","Acacia melanoxylon","between","Olearia argophylla small_Acacia melanoxylon small","between_species_small_small",0.262064180185369,NA,-0.207573143668614,0.819699565934061,1.02727270960268
"733","Olearia argophylla small","Acacia melanoxylon large",0.276186008333955,5.6420204110851,1.40223107892824,2.85673080440093,4.61327103221605,7.56512546855927,19.0762099631563,"BondTier","large_small","Olearia argophylla","Acacia melanoxylon","between","Olearia argophylla small_Acacia melanoxylon large","between_species_large_small",0.215570599201004,NA,-0.151864002451519,0.693157218667853,0.845021221119372
"734","Nothofagus cunninghamii small","Nothofagus cunninghamii large",0.278908359109879,6.07350644109387,1.47498680003553,2.68219153376856,3.78121578616452,7.45957825763879,32.1546227437435,"BondTier","large_small","Nothofagus cunninghamii","Nothofagus cunninghamii","within","Nothofagus cunninghamii small_Nothofagus cunninghamii large","within_species_large_small",0.29520838376371,NA,-0.26216232275742,0.895033277464881,1.1571956002223
"735","Pomaderris apetala small","Pomaderris apetala small",0.311719520535715,9.15701626383933,1.8370097252927,4.91601275140969,7.1679909489763,11.3163932225753,56.1384589062678,"BondTier","small_small","Pomaderris apetala","Pomaderris apetala","within","Pomaderris apetala small_Pomaderris apetala small","within_species_small_small",0.0724215056246619,1,0.18425818506833,0.468145270529335,0.283887085461005
"736","Nothofagus cunninghamii small","Pomaderris apetala large",0.351776459446136,8.99729402933019,1.55120192440176,3.1612013012165,4.67995758351222,10.5077094575394,67.5260041728388,"BondTier","large_small","Nothofagus cunninghamii","Pomaderris apetala","between","Nothofagus cunninghamii small_Pomaderris apetala large","between_species_large_small",NA,NA,NA,NA,NA
"737","Pittosporum bicolor small","Acacia melanoxylon small",0.362740523708997,10.1514181810996,1.43113638696882,2.97198860959276,4.47579035505974,8.46057663776922,132.350421193357,"BondTier","small_small","Pittosporum bicolor","Acacia melanoxylon","between","Pittosporum bicolor small_Acacia melanoxylon small","between_species_small_small",0.21875077267162,NA,-0.0683904477882261,0.789096824265142,0.857487272053368
"738","Pittosporum bicolor small","Pomaderris apetala large",0.36907110951668,14.4363744187557,1.41048742282211,2.84104832498051,4.8673550183404,10.3843512210793,238.891699511902,"BondTier","large_small","Pittosporum bicolor","Pomaderris apetala","between","Pittosporum bicolor small_Pomaderris apetala large","between_species_large_small",NA,NA,NA,NA,NA
"739","Olearia argophylla small","Nothofagus cunninghamii large",0.43147462796234,24.3470535684083,1.65750145583411,5.63675902648457,13.2969211769074,30.63137257559,186.574479620669,"BondTier","large_small","Olearia argophylla","Nothofagus cunninghamii","between","Olearia argophylla small_Nothofagus cunninghamii large","between_species_large_small",0.326022322712902,NA,-0.186589841846623,1.09139417950014,1.27798402134676
"740","Nothofagus cunninghamii small","Acacia melanoxylon small",0.443330140262217,15.2370011759193,1.67462710415783,4.04464846402609,6.81768651501375,19.7753844833181,129.572007892205,"BondTier","small_small","Nothofagus cunninghamii","Acacia melanoxylon","between","Nothofagus cunninghamii small_Acacia melanoxylon small","between_species_small_small",0.293987072035196,NA,-0.108632224540298,1.04377592167844,1.15240814621873
"741","Eucalyptus obliqua small","Acacia melanoxylon small",0.481138248182604,41.5210177970437,1.41041542438937,3.70452830846729,5.98124029200412,26.5404947654467,1142.46354088365,"BondTier","small_small","Eucalyptus obliqua","Acacia melanoxylon","between","Eucalyptus obliqua small_Acacia melanoxylon small","between_species_small_small",0.247078621070199,NA,-0.0178644162168671,0.950665981077951,0.968530397294818
"742","Pomaderris apetala large","Nothofagus cunninghamii large",0.48630591842123,15.0169495344683,1.19968298935755,4.55881088050305,7.37537484449299,12.0998922118859,354.832085956881,"BondTier","large_large","Pomaderris apetala","Nothofagus cunninghamii","between","Pomaderris apetala large_Nothofagus cunninghamii large","between_species_large_large",0.350610344499294,NA,-0.238437581378175,1.13592971427342,1.37436729565159
"743","Nothofagus cunninghamii large","Eucalyptus obliqua large",-0.63231249828177,0.251979519782377,0.000693733893056999,0.0365502201145482,0.144645067446388,0.406395689272892,0.946279825144503,"Supersite","large_large","Nothofagus cunninghamii","Eucalyptus obliqua","between","Nothofagus cunninghamii large_Eucalyptus obliqua large","between_species_large_large",0.325990141429037,NA,-1.27537114511949,0.00248672791257576,1.27785787303206
"744","Acacia melanoxylon small","Acacia melanoxylon small",-0.547496003474032,0.0280362796180011,0.000255550236272389,0.00262085220919898,0.00789803073377775,0.0340628327902464,0.286434063402009,"Supersite","small_small","Acacia melanoxylon","Acacia melanoxylon","within","Acacia melanoxylon small_Acacia melanoxylon small","within_species_small_small",0.486355758373376,NA,-1.4931096062037,0.413369933967267,1.90647954017096
"745","Acacia melanoxylon large","Acacia melanoxylon large",-0.525488959658597,0.219365595638402,0.0168569827833442,0.0699674449372584,0.115098988680709,0.298717807206825,0.955765905473251,"Supersite","large_large","Acacia melanoxylon","Acacia melanoxylon","within","Acacia melanoxylon large_Acacia melanoxylon large","within_species_large_large",0.365024136502254,NA,-1.24825543530884,0.182612886755658,1.4308683220645
"746","Pomaderris apetala large","Pomaderris apetala large",-0.519543169349116,0.333586286049095,0.0240961952551365,0.0964472872156848,0.198239648361431,0.545306294271968,1.05251473539664,"Supersite","large_large","Pomaderris apetala","Pomaderris apetala","within","Pomaderris apetala large_Pomaderris apetala large","within_species_large_large",0.486767007445858,NA,-1.46820135282963,0.439890254082816,1.90809160691244
"747","Nothofagus cunninghamii small","Acacia melanoxylon small",-0.399680074729493,0.316053455900052,0.000293785957354638,0.0327497766761127,0.201031675755586,0.584576642960172,0.97264689529984,"Supersite","small_small","Nothofagus cunninghamii","Acacia melanoxylon","between","Nothofagus cunninghamii small_Acacia melanoxylon small","between_species_small_small",0.185623050848298,1,-0.758091234693719,-0.0304622459674959,0.727628988726223
"748","Pomaderris apetala large","Eucalyptus obliqua small",-0.356635207906228,0.503658929528552,0.115737754152656,0.289682649048028,0.426161579147894,0.750304954219086,0.972695542456953,"Supersite","large_small","Pomaderris apetala","Eucalyptus obliqua","between","Pomaderris apetala large_Eucalyptus obliqua small","between_species_large_small",0.223503162752024,NA,-0.794339691985516,0.0817766068640061,0.876116298849522
"749","Eucalyptus obliqua large","Eucalyptus obliqua large",-0.32817136064072,0.0899876215501727,0.0159085421253417,0.0496656374651615,0.0743477471877094,0.115043132956944,0.342484099928082,"Supersite","large_large","Eucalyptus obliqua","Eucalyptus obliqua","within","Eucalyptus obliqua large_Eucalyptus obliqua large","within_species_large_large",0.228934560376705,NA,-0.776182946641255,0.121224039668448,0.897406986309703
"750","Nothofagus cunninghamii large","Nothofagus cunninghamii large",-0.285657115574993,0.187169322779152,0.000173241401848276,0.01324534306151,0.108122074079418,0.284598277188082,0.972530297170703,"Supersite","large_large","Nothofagus cunninghamii","Nothofagus cunninghamii","within","Nothofagus cunninghamii large_Nothofagus cunninghamii large","within_species_large_large",0.323637331203043,NA,-0.928963428525036,0.339671597896215,1.26863502642125
"751","Acacia melanoxylon large","Eucalyptus obliqua small",-0.243906215444641,0.488284773558163,0.183289632658183,0.349248162657954,0.430075597329807,0.627180477714606,0.927713131450362,"Supersite","large_small","Acacia melanoxylon","Eucalyptus obliqua","between","Acacia melanoxylon large_Eucalyptus obliqua small","between_species_large_small",NA,NA,NA,NA,NA
"752","Nothofagus cunninghamii large","Pomaderris apetala small",-0.221333062123449,0.519625461165599,0.0719628972242214,0.286654762986275,0.510230676271273,0.74060763197123,0.980857585304521,"Supersite","large_small","Nothofagus cunninghamii","Pomaderris apetala","between","Nothofagus cunninghamii large_Pomaderris apetala small","between_species_large_small",NA,NA,NA,NA,NA
"753","Acacia melanoxylon large","Nothofagus cunninghamii small",-0.205016472294191,0.52323457547402,0.201606526633756,0.383667605786095,0.48525785693647,0.670340336133752,0.938878602705067,"Supersite","large_small","Acacia melanoxylon","Nothofagus cunninghamii","between","Acacia melanoxylon large_Nothofagus cunninghamii small","between_species_large_small",NA,NA,NA,NA,NA
"754","Pomaderris apetala large","Nothofagus cunninghamii small",-0.182881403925587,0.661883567744201,0.309766650696094,0.481723796379924,0.628955958504,0.867219966722865,0.985903947695466,"Supersite","large_small","Pomaderris apetala","Nothofagus cunninghamii","between","Pomaderris apetala large_Nothofagus cunninghamii small","between_species_large_small",0.271577244877022,NA,-0.71693023787378,0.347633000085378,1.06456323795916
"755","Pomaderris apetala large","Acacia melanoxylon large",-0.071187983740678,0.851376365561051,0.648005510186718,0.776663420746903,0.844179270212887,0.944780797835727,0.994489204595703,"Supersite","large_large","Pomaderris apetala","Acacia melanoxylon","between","Pomaderris apetala large_Acacia melanoxylon large","between_species_large_large",0.287596898254764,NA,-0.631017032880072,0.496342092409464,1.12735912528954
"756","Pomaderris apetala small","Pomaderris apetala large",0.00228823719878897,1.01738550954898,1.00029700176205,1.00823101567657,1.01397204611388,1.02327688355828,1.05648715789798,"Supersite","large_small","Pomaderris apetala","Pomaderris apetala","within","Pomaderris apetala small_Pomaderris apetala large","within_species_large_small",0.0930813997957011,NA,-0.177584220781967,0.187288161678329,0.364872382460296
"757","Eucalyptus obliqua large","Acacia melanoxylon large",0.00431256885491455,1.0219661860322,1.00857212567938,1.01677458672924,1.02185685453784,1.02694217972505,1.03884107351012,"Supersite","large_large","Eucalyptus obliqua","Acacia melanoxylon","between","Eucalyptus obliqua large_Acacia melanoxylon large","between_species_large_large",0.252598128323145,NA,-0.489942982325608,0.500223485825575,0.990166468151183
"758","Pomaderris apetala small","Eucalyptus obliqua large",0.0132180631974056,1.08003675385221,1.00171685598751,1.03848974169922,1.06296393310886,1.11299805481803,1.2636668708326,"Supersite","large_small","Pomaderris apetala","Eucalyptus obliqua","between","Pomaderris apetala small_Eucalyptus obliqua large","between_species_large_small",0.0757467898473709,NA,-0.129463367337722,0.167458592753021,0.296921960090742
"759","Pomaderris apetala small","Nothofagus cunninghamii small",0.0380914425337729,1.37392565465293,1.00495558346362,1.10360909658335,1.23997811833834,1.47848556544741,2.6818516542164,"Supersite","small_small","Pomaderris apetala","Nothofagus cunninghamii","between","Pomaderris apetala small_Nothofagus cunninghamii small","between_species_small_small",0.0645017485669156,NA,-0.0873822382289351,0.16545997003309,0.252842208262025
"760","Pomaderris apetala small","Eucalyptus obliqua small",0.0403242981294434,1.30549100763685,1.00524683211847,1.11431191101543,1.20416748951714,1.39924662616323,2.37753025810931,"Supersite","small_small","Pomaderris apetala","Eucalyptus obliqua","between","Pomaderris apetala small_Eucalyptus obliqua small","between_species_small_small",0.0534179279449317,NA,-0.0645291378569065,0.144865291944737,0.209394429801644
"761","Eucalyptus obliqua small","Eucalyptus obliqua small",0.0410099192860248,0.627171204423584,0.21632158426225,0.410762888526583,0.64081120689203,0.861379455923654,1.05131668709907,"Supersite","small_small","Eucalyptus obliqua","Eucalyptus obliqua","within","Eucalyptus obliqua small_Eucalyptus obliqua small","within_species_small_small",0.123134347097829,NA,-0.197759325767461,0.284918445375738,0.482677771143199
"762","Pomaderris apetala small","Acacia melanoxylon large",0.0560295987500964,1.51221999363833,1.00729778235898,1.19576577443364,1.3448200047744,1.67847135491505,3.30647598064143,"Supersite","large_small","Pomaderris apetala","Acacia melanoxylon","between","Pomaderris apetala small_Acacia melanoxylon large","between_species_large_small",0.0834618321014325,NA,-0.106622316328298,0.220542053676775,0.327164370005073
"763","Eucalyptus obliqua small","Nothofagus cunninghamii small",0.0608191009299256,1.33271584548266,1.04408972235781,1.21644311586071,1.31431655061614,1.43112726189076,1.75668025807718,"Supersite","small_small","Eucalyptus obliqua","Nothofagus cunninghamii","between","Eucalyptus obliqua small_Nothofagus cunninghamii small","between_species_small_small",NA,NA,NA,NA,NA
"764","Eucalyptus obliqua small","Nothofagus cunninghamii large",0.0711002445411419,1.47406317538823,1.07325207946311,1.29008145800156,1.41267805388698,1.62347436079967,2.14428477183344,"Supersite","large_small","Eucalyptus obliqua","Nothofagus cunninghamii","between","Eucalyptus obliqua small_Nothofagus cunninghamii large","between_species_large_small",NA,NA,NA,NA,NA
"765","Pomaderris apetala small","Acacia melanoxylon small",0.0816512456863509,1.65195516616029,1.01065269061937,1.22384300092977,1.40190474277686,1.86943367658863,4.38071622863014,"Supersite","small_small","Pomaderris apetala","Acacia melanoxylon","between","Pomaderris apetala small_Acacia melanoxylon small","between_species_small_small",0.0917978694705515,NA,-0.0970114002005652,0.262829635839015,0.35984103603958
"766","Nothofagus cunninghamii large","Pomaderris apetala large",0.0954735754838382,1.62093518055004,1.00837212204578,1.21082720609573,1.44683915808881,1.90551787670308,3.70016463965419,"Supersite","large_large","Nothofagus cunninghamii","Pomaderris apetala","between","Nothofagus cunninghamii large_Pomaderris apetala large","between_species_large_large",NA,NA,NA,NA,NA
"767","Eucalyptus obliqua small","Eucalyptus obliqua large",0.116796866756506,1.93496760976446,1.08633171142114,1.42590772806954,1.65641249217087,2.16213260474062,4.32649506132414,"Supersite","large_small","Eucalyptus obliqua","Eucalyptus obliqua","within","Eucalyptus obliqua small_Eucalyptus obliqua large","within_species_large_small",0.148302242205707,NA,-0.181119549261079,0.400214557838362,0.581334107099441
"768","Nothofagus cunninghamii small","Nothofagus cunninghamii small",0.125694939816284,0.823091494674221,0.0512284366049295,0.444479372370673,0.884159794533704,1.12206139018561,2.51197241454874,"Supersite","small_small","Nothofagus cunninghamii","Nothofagus cunninghamii","within","Nothofagus cunninghamii small_Nothofagus cunninghamii small","within_species_small_small",0.156232933869711,NA,-0.179280096594933,0.43314175057239,0.612421847167324
"769","Eucalyptus obliqua large","Pomaderris apetala large",0.189074513968299,2.92758559971851,1.53812413289254,2.24193803198998,2.73601977597235,3.43021362455626,6.33601495997119,"Supersite","large_large","Eucalyptus obliqua","Pomaderris apetala","between","Eucalyptus obliqua large_Pomaderris apetala large","between_species_large_large",NA,NA,NA,NA,NA
"770","Acacia melanoxylon small","Acacia melanoxylon large",0.223006227444161,3.66293545837691,1.38484539257587,2.64756104301686,3.47516227377411,4.3272169246015,10.4228118755536,"Supersite","large_small","Acacia melanoxylon","Acacia melanoxylon","within","Acacia melanoxylon small_Acacia melanoxylon large","within_species_large_small",0.267521884306207,NA,-0.298017409581426,0.750649107051486,1.04866651663291
"771","Acacia melanoxylon small","Eucalyptus obliqua large",0.223530481398767,3.27729273460944,1.28650521035002,2.32879773265732,3.06265575029846,3.82121049806123,10.2639809700249,"Supersite","large_small","Acacia melanoxylon","Eucalyptus obliqua","between","Acacia melanoxylon small_Eucalyptus obliqua large","between_species_large_small",NA,NA,NA,NA,NA
"772","Nothofagus cunninghamii large","Acacia melanoxylon large",0.232432940475393,3.39466823994747,1.02050469556116,1.49969276728931,2.25177879392941,4.10458943670018,19.663559601227,"Supersite","large_large","Nothofagus cunninghamii","Acacia melanoxylon","between","Nothofagus cunninghamii large_Acacia melanoxylon large","between_species_large_large",0.403635141836604,NA,-0.547512691392403,1.03470799039652,1.58222068178892
"773","Eucalyptus obliqua small","Acacia melanoxylon small",0.236039104084378,4.62993415619509,1.20935069609374,2.02984787857141,2.72988611129689,4.82196535783833,22.9036487608399,"Supersite","small_small","Eucalyptus obliqua","Acacia melanoxylon","between","Eucalyptus obliqua small_Acacia melanoxylon small","between_species_small_small",0.171523448404993,NA,-0.0992468199393357,0.573112742816464,0.6723595627558
"774","Acacia melanoxylon small","Pomaderris apetala large",0.314523079443991,8.19164078593266,1.55703486213032,4.3108728953615,6.84366519820091,10.1732648417685,35.9483374560981,"Supersite","large_small","Acacia melanoxylon","Pomaderris apetala","between","Acacia melanoxylon small_Pomaderris apetala large","between_species_large_small",NA,NA,NA,NA,NA
"775","Nothofagus cunninghamii small","Eucalyptus obliqua large",0.339734940321123,29.0609997023086,1.02385459357288,1.61862913450965,3.64463120283651,15.2692907539391,669.07433875629,"Supersite","large_small","Nothofagus cunninghamii","Eucalyptus obliqua","between","Nothofagus cunninghamii small_Eucalyptus obliqua large","between_species_large_small",0.219288467741784,NA,-0.0822394433925657,0.777355554605175,0.859594997997741
"776","Pomaderris apetala small","Pomaderris apetala small",0.482509175172793,11.6092943907226,1.04937722065848,2.72560628214131,5.58221573321841,13.7583464303089,273.41456149859,"Supersite","small_small","Pomaderris apetala","Pomaderris apetala","within","Pomaderris apetala small_Pomaderris apetala small","within_species_small_small",0.0685160828652728,1,0.351472396239062,0.620050505794456,0.268578109555393
"777","Nothofagus cunninghamii small","Nothofagus cunninghamii large",0.526591624559387,80.2863247366694,1.03721649111191,2.46941331067667,7.77094518554643,51.1364796782489,1910.21035666102,"Supersite","large_small","Nothofagus cunninghamii","Nothofagus cunninghamii","within","Nothofagus cunninghamii small_Nothofagus cunninghamii large","within_species_large_small",0.214966948753954,1,0.113330279930569,0.955985234779005,0.842654954848436
"778","Acacia melanoxylon small","Nothofagus cunninghamii large",0.549583545567121,43.8051672622994,1.81114841764898,8.6095737454337,25.627901917281,57.5649344885151,410.8247786724,"Supersite","large_small","Acacia melanoxylon","Nothofagus cunninghamii","between","Acacia melanoxylon small_Nothofagus cunninghamii large","between_species_large_small",NA,NA,NA,NA,NA
"779","Acacia dealbata large","Acacia dealbata large",-0.429435148451128,0.559653392690085,0.0872115049655592,0.341204151582878,0.581044542542601,0.766835377541906,1.00882288331701,"Mackenzie","large_large","Acacia dealbata","Acacia dealbata","within","Acacia dealbata large_Acacia dealbata large","within_species_large_large",0.430312084426955,NA,-1.27265175000822,0.414140625170157,1.68679237517838
"780","Leptospermum lanigerum large","Acacia dealbata small",-0.275435695909092,0.548785235142377,0.111512434436807,0.363705378190775,0.53624815471229,0.74314708275539,0.946403848994223,"Mackenzie","large_small","Leptospermum lanigerum","Acacia dealbata","between","Leptospermum lanigerum large_Acacia dealbata small","between_species_large_small",0.15676802161714,NA,-0.575789224641123,0.0387301279532585,0.614519352594382
"781","Leptospermum lanigerum large","Acacia dealbata large",-0.230067067117661,0.544800313411803,0.139562702345562,0.376064927131796,0.524500649842906,0.716074313770915,0.943185160196007,"Mackenzie","large_large","Leptospermum lanigerum","Acacia dealbata","between","Leptospermum lanigerum large_Acacia dealbata large","between_species_large_large",0.176793699451315,NA,-0.579671254914507,0.113347312321846,0.693018567236353
"782","Acacia dealbata large","Eucalyptus delegatensis large",-0.151050029960811,0.720027277340539,0.424939925156242,0.643222320544723,0.751277688084766,0.801722614110801,0.924278266152749,"Mackenzie","large_large","Acacia dealbata","Eucalyptus delegatensis","between","Acacia dealbata large_Eucalyptus delegatensis large","between_species_large_large",NA,NA,NA,NA,NA
"783","Leptospermum lanigerum large","Eucalyptus delegatensis large",-0.140143262997567,0.760315838147325,0.347719294127531,0.663363372234675,0.779703512601946,0.880325826953296,0.972361119147908,"Mackenzie","large_large","Leptospermum lanigerum","Eucalyptus delegatensis","between","Leptospermum lanigerum large_Eucalyptus delegatensis large","between_species_large_large",0.0755657600258874,NA,-0.290537575195537,0.00567476103473438,0.296212336230271
"784","Acacia dealbata large","Eucalyptus delegatensis small",-0.130793900412904,0.75652178667119,0.433901149458093,0.696674437087858,0.787747254731593,0.829368193638154,0.934089877974843,"Mackenzie","large_small","Acacia dealbata","Eucalyptus delegatensis","between","Acacia dealbata large_Eucalyptus delegatensis small","between_species_large_small",NA,NA,NA,NA,NA
"785","Eucalyptus delegatensis large","Eucalyptus delegatensis large",-0.112930461544075,0.714442131197686,0.353072924623115,0.619775782934084,0.709308730026297,0.823100557981195,1.09811727588247,"Mackenzie","large_large","Eucalyptus delegatensis","Eucalyptus delegatensis","within","Eucalyptus delegatensis large_Eucalyptus delegatensis large","within_species_large_large",0.116541440234712,NA,-0.343954157173832,0.112879893959095,0.456834051132927
"786","Acacia dealbata small","Eucalyptus delegatensis large",-0.111391278319821,0.676375942453143,0.368003062907849,0.625706551483324,0.687870339075287,0.74361403550063,0.878798299985458,"Mackenzie","large_small","Acacia dealbata","Eucalyptus delegatensis","between","Acacia dealbata small_Eucalyptus delegatensis large","between_species_large_small",NA,NA,NA,NA,NA
"787","Acacia dealbata small","Acacia dealbata small",-0.0827428992262868,0.667432378878637,0.302668952048372,0.582812125726437,0.6705906166558,0.762247212201914,1.00716499153213,"Mackenzie","small_small","Acacia dealbata","Acacia dealbata","within","Acacia dealbata small_Acacia dealbata small","within_species_small_small",0.187722631341697,NA,-0.446018976594723,0.28984021643091,0.735859193025633
"788","Nematolepis squamea subsp squamea small","Eucalyptus delegatensis small",-0.0596138331127241,0.8336588257726,0.483137229461461,0.796767024554249,0.857189958522711,0.899854027704467,0.964311808159312,"Mackenzie","small_small","Nematolepis squamea","Eucalyptus delegatensis","between","Nematolepis squamea subsp squamea small_Eucalyptus delegatensis small","between_species_small_small",0.0442431702915851,NA,-0.146867558326189,0.0265624823405697,0.173430040666759
"789","Leptospermum lanigerum large","Eucalyptus delegatensis small",-0.0491518974373374,0.907789327081512,0.720704080063578,0.868074517283332,0.918892565179267,0.957002083250533,0.990217999839593,"Mackenzie","large_small","Leptospermum lanigerum","Eucalyptus delegatensis","between","Leptospermum lanigerum large_Eucalyptus delegatensis small","between_species_large_small",0.0623087074373116,NA,-0.175541072244556,0.0687045727561915,0.244245645000748
"790","Leptospermum lanigerum small","Eucalyptus delegatensis small",-0.0464974052905585,0.87700492796483,0.60948358219923,0.860267966339748,0.899014354731142,0.929967717217664,0.968590244931735,"Mackenzie","small_small","Leptospermum lanigerum","Eucalyptus delegatensis","between","Leptospermum lanigerum small_Eucalyptus delegatensis small","between_species_small_small",0.0444155348873865,NA,-0.131686682165853,0.0424190153008666,0.17410569746672
"791","Leptospermum lanigerum small","Nematolepis squamea subsp squamea small",-0.0438217095458031,0.846966880954305,0.545950813972074,0.827940492794611,0.871262571469547,0.913790510156294,0.968869438685429,"Mackenzie","small_small","Leptospermum lanigerum","Nematolepis squamea","between","Leptospermum lanigerum small_Nematolepis squamea subsp squamea small","between_species_small_small",NA,NA,NA,NA,NA
"792","Acacia dealbata large","Nematolepis squamea subsp squamea small",-0.0228710349919708,0.93809337431688,0.860932364858096,0.920608701071551,0.945083836159206,0.957243383733629,0.982130824843525,"Mackenzie","large_small","Acacia dealbata","Nematolepis squamea","between","Acacia dealbata large_Nematolepis squamea subsp squamea small","between_species_large_small",NA,NA,NA,NA,NA
"793","Leptospermum lanigerum small","Eucalyptus delegatensis large",-0.0164303066582641,0.951548904727138,0.825643112405838,0.945109836654213,0.960720371630699,0.973981952751301,0.989386233731068,"Mackenzie","large_small","Leptospermum lanigerum","Eucalyptus delegatensis","between","Leptospermum lanigerum small_Eucalyptus delegatensis large","between_species_large_small",0.0536767800814266,NA,-0.119605705271377,0.0908034062599688,0.210409111531346
"794","Eucalyptus delegatensis small","Eucalyptus delegatensis large",0.0167329243116696,1.11744348233876,1.01338544721764,1.0857104913853,1.11071505575306,1.14117269596534,1.30120691025168,"Mackenzie","large_small","Eucalyptus delegatensis","Eucalyptus delegatensis","within","Eucalyptus delegatensis small_Eucalyptus delegatensis large","within_species_large_small",0.0472775015035049,NA,-0.0735246220935766,0.111799778358239,0.185324400451816
"795","Acacia dealbata small","Leptospermum lanigerum small",0.0227912794396303,1.12502691252663,1.02947143142857,1.09523146661584,1.11630186229383,1.14642858285517,1.29496376312944,"Mackenzie","small_small","Acacia dealbata","Leptospermum lanigerum","between","Acacia dealbata small_Leptospermum lanigerum small","between_species_small_small",NA,NA,NA,NA,NA
"796","Nematolepis squamea subsp squamea small","Leptospermum lanigerum large",0.0329290785621199,1.18950475292522,1.02796360211011,1.10391522575104,1.15820538822116,1.22284316825033,1.68433918307216,"Mackenzie","large_small","Nematolepis squamea","Leptospermum lanigerum","between","Nematolepis squamea subsp squamea small_Leptospermum lanigerum large","between_species_large_small",0.101523777587432,NA,-0.167895563703671,0.230070331587972,0.397965895291643
"797","Eucalyptus delegatensis small","Acacia dealbata small",0.0452119792983731,1.49516882897395,1.03992550126627,1.38112115317609,1.49488154415716,1.59945044357985,2.13012259565789,"Mackenzie","small_small","Eucalyptus delegatensis","Acacia dealbata","between","Eucalyptus delegatensis small_Acacia dealbata small","between_species_small_small",0.0726438170080375,NA,-0.0958517629190938,0.188906767151449,0.284758530070543
"798","Leptospermum lanigerum large","Leptospermum lanigerum large",0.068701533523954,2.77086547812723,1.34081404087112,2.04968503465941,2.65633378888307,3.50623219107367,4.98317941135736,"Mackenzie","large_large","Leptospermum lanigerum","Leptospermum lanigerum","within","Leptospermum lanigerum large_Leptospermum lanigerum large","within_species_large_large",0.157015138509169,NA,-0.239230658213082,0.376257374797996,0.615488033011078
"799","Acacia dealbata small","Acacia dealbata large",0.0939925207177958,1.71486931907164,1.18186555649754,1.53206820976191,1.65570814291724,1.80958339088098,2.97862117861383,"Mackenzie","large_small","Acacia dealbata","Acacia dealbata","within","Acacia dealbata small_Acacia dealbata large","within_species_large_small",0.16733353335802,NA,-0.233216595197265,0.422718802377835,0.6559353975751
"800","Eucalyptus delegatensis large","Nematolepis squamea subsp squamea small",0.112553779674837,2.65180412630479,1.27465923297697,2.09356335769137,2.61303560014998,3.15388525464955,4.55258876609525,"Mackenzie","large_small","Eucalyptus delegatensis","Nematolepis squamea","between","Eucalyptus delegatensis large_Nematolepis squamea subsp squamea small","between_species_large_small",NA,NA,NA,NA,NA
"801","Leptospermum lanigerum small","Leptospermum lanigerum large",0.126721052762376,2.0094329717197,1.12003379759587,1.40073250733115,1.59719577061079,1.90360163040278,7.03426922277188,"Mackenzie","large_small","Leptospermum lanigerum","Leptospermum lanigerum","within","Leptospermum lanigerum small_Leptospermum lanigerum large","within_species_large_small",0.0818677168758583,NA,-0.0346930120570707,0.286222541089338,0.320915553146408
"802","Leptospermum lanigerum small","Acacia dealbata large",0.147187866095585,2.22532820602179,1.13883691555927,1.46926402695674,1.73153911276909,2.08858388889944,8.85037310085881,"Mackenzie","large_small","Leptospermum lanigerum","Acacia dealbata","between","Leptospermum lanigerum small_Acacia dealbata large","between_species_large_small",0.137735104352811,NA,-0.125064258235839,0.414847429640912,0.539911687876751
"803","Eucalyptus delegatensis small","Eucalyptus delegatensis small",0.206089096268782,4.99456399100893,1.34090954960212,3.88516107073095,4.87069175296156,5.9430906325509,12.9097607444053,"Mackenzie","small_small","Eucalyptus delegatensis","Eucalyptus delegatensis","within","Eucalyptus delegatensis small_Eucalyptus delegatensis small","within_species_small_small",0.0773215730158581,1,0.0457214634425089,0.348816460120641,0.303094996678132
"804","Acacia dealbata small","Nematolepis squamea subsp squamea small",0.217026460006291,2.89024724128537,1.36572364287214,2.14707509067851,2.5333185306839,3.16365948428101,11.0177288063805,"Mackenzie","small_small","Acacia dealbata","Nematolepis squamea","between","Acacia dealbata small_Nematolepis squamea subsp squamea small","between_species_small_small",NA,NA,NA,NA,NA
"805","Leptospermum lanigerum small","Leptospermum lanigerum small",0.309781664434441,3.84744005583549,1.39494295469285,2.18998376421144,2.91310277242583,4.01161354377342,28.7890147307759,"Mackenzie","small_small","Leptospermum lanigerum","Leptospermum lanigerum","within","Leptospermum lanigerum small_Leptospermum lanigerum small","within_species_small_small",0.0696769448453115,1,0.178304961301719,0.451433566200907,0.273128604899188
"806","Nematolepis squamea subsp squamea small","Nematolepis squamea subsp squamea small",0.343551735217155,2.14724347762316,0.87305060432128,1.34818110002169,1.79167295501202,2.44302651837897,8.74655879787974,"Mackenzie","small_small","Nematolepis squamea","Nematolepis squamea","within","Nematolepis squamea subsp squamea small_Nematolepis squamea subsp squamea small","within_species_small_small",0.0985333199326235,1,0.15328580944228,0.539529326132489,0.386243516690209
"807","Eucalyptus delegatensis large","Eucalyptus delegatensis large",-0.406681850400738,0.012098597087995,0.000751447878083647,0.00423586496718687,0.00747863713556754,0.0128666514452762,0.132746589552846,"MtMaurice","large_large","Eucalyptus delegatensis","Eucalyptus delegatensis","within","Eucalyptus delegatensis large_Eucalyptus delegatensis large","within_species_large_large",0.187164802098227,1,-0.751217170888211,-0.0175446283160283,0.733672542572183
"808","Eucalyptus dalrympleana large","Eucalyptus delegatensis small",-0.274103500502447,0.554831896818155,0.12517145570954,0.33072927099814,0.581024819989658,0.787702115948619,0.965761059262418,"MtMaurice","large_small","Eucalyptus dalrympleana","Eucalyptus delegatensis","between","Eucalyptus dalrympleana large_Eucalyptus delegatensis small","between_species_large_small",NA,NA,NA,NA,NA
"809","Eucalyptus dalrympleana large","Eucalyptus dalrympleana large",-0.211426761391513,0.68210755841287,0.159949733674213,0.341785336289903,0.673169435070661,1.03904402448702,1.21477539818903,"MtMaurice","large_large","Eucalyptus dalrympleana","Eucalyptus dalrympleana","within","Eucalyptus dalrympleana large_Eucalyptus dalrympleana large","within_species_large_large",0.205614289155705,NA,-0.593386155928325,0.212607046975648,0.805993202903972
"810","Acacia dealbata small","Eucalyptus dalrympleana large",-0.114808310085344,0.736726583978644,0.314987208808079,0.61224430016199,0.772715801144281,0.863166011441834,0.987904416806516,"MtMaurice","large_small","Acacia dealbata","Eucalyptus dalrympleana","between","Acacia dealbata small_Eucalyptus dalrympleana large","between_species_large_small",NA,NA,NA,NA,NA
"811","Acacia dealbata small","Eucalyptus delegatensis small",-0.0363930188022419,0.933367847709609,0.792281080173401,0.91038602492425,0.937516953745352,0.964415989557478,0.996149882000297,"MtMaurice","small_small","Acacia dealbata","Eucalyptus delegatensis","between","Acacia dealbata small_Eucalyptus delegatensis small","between_species_small_small",NA,NA,NA,NA,NA
"812","Eucalyptus dalrympleana small","Eucalyptus delegatensis small",-0.00585672062426316,0.979390965166062,0.946253351212298,0.972689397478658,0.981448301727871,0.985940570852305,0.997917756574723,"MtMaurice","small_small","Eucalyptus dalrympleana","Eucalyptus delegatensis","between","Eucalyptus dalrympleana small_Eucalyptus delegatensis small","between_species_small_small",NA,NA,NA,NA,NA
"813","Eucalyptus delegatensis large","Eucalyptus dalrympleana small",0.00429756398440604,1.03882673343838,1.01383160264449,1.03377365805709,1.03826829404345,1.04342742720061,1.06160110749834,"MtMaurice","large_small","Eucalyptus delegatensis","Eucalyptus dalrympleana","between","Eucalyptus delegatensis large_Eucalyptus dalrympleana small","between_species_large_small",0.0875777607778335,NA,-0.167464381614223,0.175834132328213,0.343298513942436
"814","Eucalyptus dalrympleana small","Acacia dealbata small",0.00512511109974856,1.02868130263106,1.00259645291381,1.01982034934182,1.02618906174125,1.03895360861014,1.06158699544615,"MtMaurice","small_small","Eucalyptus dalrympleana","Acacia dealbata","between","Eucalyptus dalrympleana small_Acacia dealbata small","between_species_small_small",0.0885808312155688,NA,-0.167729499792299,0.179500978013973,0.347230477806273
"815","Eucalyptus dalrympleana small","Eucalyptus dalrympleana large",0.0186311236368988,1.09802480023499,1.00795554694046,1.06317160937429,1.0943999557107,1.13450134695794,1.2018386340936,"MtMaurice","large_small","Eucalyptus dalrympleana","Eucalyptus dalrympleana","within","Eucalyptus dalrympleana small_Eucalyptus dalrympleana large","within_species_large_small",0.106716527894254,NA,-0.194717943151471,0.223603159304331,0.418321102455802
"816","Eucalyptus delegatensis small","Eucalyptus delegatensis large",0.156400516413204,3.07110600845116,1.21066559592503,2.07591163765898,2.82687135676811,3.69149179579643,10.6360165414728,"MtMaurice","large_small","Eucalyptus delegatensis","Eucalyptus delegatensis","within","Eucalyptus delegatensis small_Eucalyptus delegatensis large","within_species_large_small",0.0778475845688956,NA,-0.00765371267427203,0.297503211402671,0.305156924076943
"817","Eucalyptus delegatensis large","Acacia dealbata small",0.163380344468546,6.80160884818097,2.32302547110512,4.96604244079613,6.65986922955549,8.29945739337191,16.0610868686407,"MtMaurice","large_small","Eucalyptus delegatensis","Acacia dealbata","between","Eucalyptus delegatensis large_Acacia dealbata small","between_species_large_small",0.122808016192461,NA,-0.0765308135667168,0.404867763933355,0.481398577500072
"818","Eucalyptus delegatensis small","Eucalyptus delegatensis small",0.190138617691667,1.66075941256624,0.688089771485075,1.26645374603817,1.5132918770859,1.93455428832985,3.85975379590462,"MtMaurice","small_small","Eucalyptus delegatensis","Eucalyptus delegatensis","within","Eucalyptus delegatensis small_Eucalyptus delegatensis small","within_species_small_small",0.0780171554525919,1,0.0596133861223608,0.365435015849046,0.305821629726685
"819","Eucalyptus dalrympleana small","Eucalyptus dalrympleana small",0.21504152865924,2.6688504619035,1.0874378136184,1.85739853899625,2.35919080248317,3.34280909294765,6.61956677683603,"MtMaurice","small_small","Eucalyptus dalrympleana","Eucalyptus dalrympleana","within","Eucalyptus dalrympleana small_Eucalyptus dalrympleana small","within_species_small_small",0.0959313870305816,1,0.0196264739241033,0.395670601057929,0.376044127133825
"820","Eucalyptus delegatensis large","Eucalyptus dalrympleana large",0.225965021904322,13.2025418257157,2.44994151562979,6.97993243331113,10.3269981074202,15.3822824719851,54.3544274048087,"MtMaurice","large_large","Eucalyptus delegatensis","Eucalyptus dalrympleana","between","Eucalyptus delegatensis large_Eucalyptus dalrympleana large","between_species_large_large",0.136764932933002,NA,-0.0515805775878576,0.484528108205583,0.536108685793441
"821","Acacia dealbata small","Acacia dealbata small",0.280929512306479,1.72107591385923,0.977757244173607,1.19873587173609,1.455842179905,1.87323640741616,7.37693476321127,"MtMaurice","small_small","Acacia dealbata","Acacia dealbata","within","Acacia dealbata small_Acacia dealbata small","within_species_small_small",0.151860967627083,NA,-0.0181010561524259,0.577182998260547,0.595284054412973
"822","Eucalyptus delegatensis large","Eucalyptus delegatensis large",-0.35308768553818,0.0708146472171024,0.0141598254862794,0.0386170128641279,0.0591576349323023,0.0862095700633878,0.358734024996936,"BenRidge","large_large","Eucalyptus delegatensis","Eucalyptus delegatensis","within","Eucalyptus delegatensis large_Eucalyptus delegatensis large","within_species_large_large",0.128494908287095,1,-0.597372654462421,-0.0936818695834558,0.503690784878965
"823","Tasmannia lanceolata small","Acacia dealbata small",-0.127154363957044,0.592068960854914,0.029792402094629,0.420196025350796,0.676552690346164,0.77541332365544,0.934358624411871,"BenRidge","small_small","Tasmannia lanceolata","Acacia dealbata","between","Tasmannia lanceolata small_Acacia dealbata small","between_species_small_small",0.0444592766396335,1,-0.21333768207523,-0.0390605200904605,0.174277161984769
"824","Acacia dealbata large","Tasmannia lanceolata small",-0.110324179136011,0.662564676858791,0.306476870067701,0.555173686531236,0.642106571815853,0.810893093939135,0.936858700131977,"BenRidge","large_small","Acacia dealbata","Tasmannia lanceolata","between","Acacia dealbata large_Tasmannia lanceolata small","between_species_large_small",NA,NA,NA,NA,NA
"825","Acacia dealbata large","Eucalyptus delegatensis large",-0.0686140788695044,0.830215916470151,0.594548396109907,0.781308971760661,0.834946711678151,0.897203741281228,0.960283414250254,"BenRidge","large_large","Acacia dealbata","Eucalyptus delegatensis","between","Acacia dealbata large_Eucalyptus delegatensis large","between_species_large_large",NA,NA,NA,NA,NA
"826","Acacia dealbata large","Acacia dealbata large",-0.0404562650519227,1.8226910567759,1.10353983362191,1.51649832337218,1.75941947581332,2.0915020722622,2.80924496099681,"BenRidge","large_large","Acacia dealbata","Acacia dealbata","within","Acacia dealbata large_Acacia dealbata large","within_species_large_large",0.173700050571958,NA,-0.385719775125606,0.295171911342041,0.680891686467647
"827","Eucalyptus delegatensis small","Eucalyptus delegatensis large",-0.0366063900027068,0.78130183311466,0.57477385288897,0.714520603309104,0.7812224951322,0.849833219003908,0.951660013120632,"BenRidge","large_small","Eucalyptus delegatensis","Eucalyptus delegatensis","within","Eucalyptus delegatensis small_Eucalyptus delegatensis large","within_species_large_small",0.0372172184768284,NA,-0.112571552919359,0.0333172627193259,0.145888815638685
"828","Acacia dealbata large","Acacia dealbata small",-0.0095286090854665,0.970001252174264,0.924849409778236,0.960058808027116,0.972654140389695,0.982330271648349,0.992491579200383,"BenRidge","large_small","Acacia dealbata","Acacia dealbata","within","Acacia dealbata large_Acacia dealbata small","within_species_large_small",NA,NA,NA,NA,NA
"829","Acacia dealbata large","Eucalyptus delegatensis small",-0.00371806036390419,0.989781881397621,0.972727772942342,0.986646023233724,0.990436215029455,0.993932416281269,0.997417574016934,"BenRidge","large_small","Acacia dealbata","Eucalyptus delegatensis","between","Acacia dealbata large_Eucalyptus delegatensis small","between_species_large_small",NA,NA,NA,NA,NA
"830","Tasmannia lanceolata small","Eucalyptus delegatensis small",-0.00167609059690658,0.993259491996663,0.965793800554808,0.992342329369245,0.995771177313213,0.996973031312488,0.999122180215998,"BenRidge","small_small","Tasmannia lanceolata","Eucalyptus delegatensis","between","Tasmannia lanceolata small_Eucalyptus delegatensis small","between_species_small_small",0.0140686166417093,NA,-0.0301425610347051,0.025005402825397,0.055147963860102
"831","Eucalyptus delegatensis small","Acacia dealbata small",0.00582786150182019,1.05367770565562,1.01104074137867,1.03527789228487,1.05197713351815,1.07179581074833,1.11731896871569,"BenRidge","small_small","Eucalyptus delegatensis","Acacia dealbata","between","Eucalyptus delegatensis small_Acacia dealbata small","between_species_small_small",0.0272910119543869,NA,-0.0466779791715482,0.0603008218929526,0.106978801064501
"832","Eucalyptus delegatensis large","Tasmannia lanceolata small",0.0456158654067339,1.61141475649365,1.15156475204411,1.43010939616746,1.60926256505971,1.76904558403271,2.19301236918888,"BenRidge","large_small","Eucalyptus delegatensis","Tasmannia lanceolata","between","Eucalyptus delegatensis large_Tasmannia lanceolata small","between_species_large_small",NA,NA,NA,NA,NA
"833","Eucalyptus delegatensis large","Acacia dealbata small",0.136170334917426,3.34060526040058,1.44851447442856,2.69078453955043,3.17482426047121,3.81646258773521,6.30612939640784,"BenRidge","large_small","Eucalyptus delegatensis","Acacia dealbata","between","Eucalyptus delegatensis large_Acacia dealbata small","between_species_large_small",0.0704120686123634,NA,-0.0003131417115442,0.275697095402847,0.276010237114391
"834","Acacia dealbata small","Acacia dealbata small",0.207539833888928,1.48424778093296,0.643700752269577,1.02813345061072,1.44740121729346,1.80919252066354,3.28677303024484,"BenRidge","small_small","Acacia dealbata","Acacia dealbata","within","Acacia dealbata small_Acacia dealbata small","within_species_small_small",0.0854231383803726,1,0.0367116708175631,0.371564220161386,0.334852549343823
"835","Eucalyptus delegatensis small","Eucalyptus delegatensis small",0.386963259883773,22.2514094091344,2.19706808722746,9.50380224734096,19.8090033783595,32.7636033683035,75.0709145842126,"BenRidge","small_small","Eucalyptus delegatensis","Eucalyptus delegatensis","within","Eucalyptus delegatensis small_Eucalyptus delegatensis small","within_species_small_small",0.0601366433883967,1,0.266510016126558,0.502241326511331,0.235731310384773
"836","Tasmannia lanceolata small","Tasmannia lanceolata small",0.514103559185116,18.2894385782567,1.66460171033509,4.79898295160257,8.82788115553091,17.7458298541157,244.765210976378,"BenRidge","small_small","Tasmannia lanceolata","Tasmannia lanceolata","within","Tasmannia lanceolata small_Tasmannia lanceolata small","within_species_small_small",0.0528672097202898,1,0.401779074700069,0.609014728729857,0.207235654029788
"837","Eucalyptus fastigata large","Eucalyptus radiata small",-0.191374596307441,0.562985795163677,0.209236468519002,0.324786537323551,0.506169511780367,0.820068285995973,0.989009244650985,"WaratahMix","large_small","Eucalyptus fastigata","Eucalyptus radiata","between","Eucalyptus fastigata large_Eucalyptus radiata small","between_species_large_small",NA,NA,NA,NA,NA
"838","Eucalyptus fastigata large","Eucalyptus radiata large",-0.18245090570156,0.593628436702949,0.241274308848028,0.367909198790452,0.551785312266566,0.835527972434897,0.989519042067426,"WaratahMix","large_large","Eucalyptus fastigata","Eucalyptus radiata","between","Eucalyptus fastigata large_Eucalyptus radiata large","between_species_large_large",NA,NA,NA,NA,NA
"839","Eucalyptus fastigata large","Eucalyptus fastigata large",-0.139413372591028,0.934053161573761,0.486750502616045,0.741668796570236,0.907174773470143,1.17305657151741,1.25839717008792,"WaratahMix","large_large","Eucalyptus fastigata","Eucalyptus fastigata","within","Eucalyptus fastigata large_Eucalyptus fastigata large","within_species_large_large",0.20192116500844,NA,-0.542408401678039,0.249108020587784,0.791516422265823
"840","Eucalyptus fastigata large","Eucalyptus obliqua small",-0.117620903519745,0.692445611812235,0.391620989298599,0.51332748104892,0.664445446614344,0.883959211638491,0.993230583193447,"WaratahMix","large_small","Eucalyptus fastigata","Eucalyptus obliqua","between","Eucalyptus fastigata large_Eucalyptus obliqua small","between_species_large_small",NA,NA,NA,NA,NA
"841","Eucalyptus radiata large","Eucalyptus obliqua small",-0.111843323761465,0.653006457286152,0.306688178675913,0.546394609859863,0.671859298973583,0.752158522492231,0.96673852695035,"WaratahMix","large_small","Eucalyptus radiata","Eucalyptus obliqua","between","Eucalyptus radiata large_Eucalyptus obliqua small","between_species_large_small",0.089835268172217,NA,-0.286820034071832,0.065327746246253,0.352147780318085
"842","Eucalyptus cypellocarpa small","Eucalyptus fastigata small",-0.0758161775025189,0.805902590973306,0.562673893199565,0.756551731016231,0.82443576819161,0.863202859707024,0.98362498266423,"WaratahMix","small_small","Eucalyptus cypellocarpa","Eucalyptus fastigata","between","Eucalyptus cypellocarpa small_Eucalyptus fastigata small","between_species_small_small",NA,NA,NA,NA,NA
"843","Eucalyptus radiata large","Eucalyptus radiata small",-0.0653492992463147,0.78296810950296,0.554371307890008,0.726759646007281,0.796392971446488,0.83969596390621,0.980429033204508,"WaratahMix","large_small","Eucalyptus radiata","Eucalyptus radiata","within","Eucalyptus radiata large_Eucalyptus radiata small","within_species_large_small",NA,NA,NA,NA,NA
"844","Eucalyptus obliqua large","Eucalyptus fastigata small",-0.0563386889908175,0.842002103584728,0.657332950450071,0.79903158617978,0.848584630012018,0.893306407633491,0.982221825602325,"WaratahMix","large_small","Eucalyptus obliqua","Eucalyptus fastigata","between","Eucalyptus obliqua large_Eucalyptus fastigata small","between_species_large_small",0.11071839652465,NA,-0.271611193462499,0.162396945766176,0.434008139228676
"845","Eucalyptus obliqua small","Eucalyptus radiata small",-0.0482835388149336,0.834368458136718,0.638289650115407,0.774474218490163,0.847896942030822,0.88761455754393,0.979912063207042,"WaratahMix","small_small","Eucalyptus obliqua","Eucalyptus radiata","between","Eucalyptus obliqua small_Eucalyptus radiata small","between_species_small_small",NA,NA,NA,NA,NA
"846","Eucalyptus cypellocarpa small","Eucalyptus obliqua small",-0.0364539998308732,0.900063178270868,0.75115454527848,0.872530051766101,0.910595273171106,0.936411048962369,0.992092801292978,"WaratahMix","small_small","Eucalyptus cypellocarpa","Eucalyptus obliqua","between","Eucalyptus cypellocarpa small_Eucalyptus obliqua small","between_species_small_small",NA,NA,NA,NA,NA
"847","Eucalyptus obliqua large","Eucalyptus radiata small",-0.0328096369394876,0.903591154245484,0.772008377331613,0.878842918764864,0.912785068532032,0.939733138072578,0.986768743814526,"WaratahMix","large_small","Eucalyptus obliqua","Eucalyptus radiata","between","Eucalyptus obliqua large_Eucalyptus radiata small","between_species_large_small",NA,NA,NA,NA,NA
"848","Eucalyptus cypellocarpa small","Eucalyptus obliqua large",-0.0282399115115348,0.919098329733152,0.809674426479262,0.895899413001351,0.928069057627758,0.945221664795401,0.99386903591619,"WaratahMix","large_small","Eucalyptus cypellocarpa","Eucalyptus obliqua","between","Eucalyptus cypellocarpa small_Eucalyptus obliqua large","between_species_large_small",NA,NA,NA,NA,NA
"849","Eucalyptus cypellocarpa small","Eucalyptus radiata large",-0.0199019335898835,0.9418396394151,0.854131100053431,0.924988034453732,0.947852606361849,0.962975799966217,0.995675313225087,"WaratahMix","large_small","Eucalyptus cypellocarpa","Eucalyptus radiata","between","Eucalyptus cypellocarpa small_Eucalyptus radiata large","between_species_large_small",NA,NA,NA,NA,NA
"850","Eucalyptus obliqua large","Eucalyptus radiata large",-0.0159590634634949,0.950601985515399,0.885462174242241,0.936600058480156,0.953654822686651,0.969543889457517,0.994165231091707,"WaratahMix","large_large","Eucalyptus obliqua","Eucalyptus radiata","between","Eucalyptus obliqua large_Eucalyptus radiata large","between_species_large_large",NA,NA,NA,NA,NA
"851","Eucalyptus obliqua large","Eucalyptus fastigata large",-0.0142604849507185,0.954439012672518,0.902421421200308,0.940519719299012,0.954141071682065,0.971233982443955,0.995469788039277,"WaratahMix","large_large","Eucalyptus obliqua","Eucalyptus fastigata","between","Eucalyptus obliqua large_Eucalyptus fastigata large","between_species_large_large",0.135469530700244,NA,-0.277929823433994,0.253100978916048,0.531030802350042
"852","Eucalyptus cypellocarpa small","Eucalyptus fastigata large",-0.00536390022145285,0.983786245664024,0.960068048396526,0.978708736371369,0.985433909068384,0.988813559182748,0.998812291034914,"WaratahMix","large_small","Eucalyptus cypellocarpa","Eucalyptus fastigata","between","Eucalyptus cypellocarpa small_Eucalyptus fastigata large","between_species_large_small",NA,NA,NA,NA,NA
"853","Eucalyptus radiata small","Eucalyptus cypellocarpa small",0.00985520390739261,1.05764841694965,1.00712365414196,1.02329361766025,1.03725628919527,1.07290906209945,1.20944461414339,"WaratahMix","small_small","Eucalyptus radiata","Eucalyptus cypellocarpa","between","Eucalyptus radiata small_Eucalyptus cypellocarpa small","between_species_small_small",0.0712436561858519,NA,-0.128822544320721,0.150447456181727,0.279270000502448
"854","Eucalyptus fastigata small","Eucalyptus obliqua small",0.0359314329735849,1.16831229709885,1.00807820616332,1.08550416571543,1.13933854457451,1.23701732070157,1.44865205991135,"WaratahMix","small_small","Eucalyptus fastigata","Eucalyptus obliqua","between","Eucalyptus fastigata small_Eucalyptus obliqua small","between_species_small_small",NA,NA,NA,NA,NA
"855","Eucalyptus radiata small","Eucalyptus fastigata small",0.062566123930083,1.37131398999386,1.03759193128045,1.14136022448432,1.23776943945283,1.42007643510663,2.82724116381454,"WaratahMix","small_small","Eucalyptus radiata","Eucalyptus fastigata","between","Eucalyptus radiata small_Eucalyptus fastigata small","between_species_small_small",0.0626819581655404,NA,-0.057961072670377,0.187747688299434,0.245708760969811
"856","Eucalyptus obliqua small","Eucalyptus obliqua large",0.100510674655292,1.57406275650926,1.03928025989452,1.31153588451544,1.48815417253079,1.7559216007054,2.90507574166308,"WaratahMix","large_small","Eucalyptus obliqua","Eucalyptus obliqua","within","Eucalyptus obliqua small_Eucalyptus obliqua large","within_species_large_small",0.127916492792545,NA,-0.148923056919508,0.352500380884624,0.501423437804132
"857","Eucalyptus obliqua small","Eucalyptus obliqua small",0.109132777895114,1.96386188329361,1.13802855364271,1.58892889307003,1.91769566416795,2.28851293641789,3.49616553381435,"WaratahMix","small_small","Eucalyptus obliqua","Eucalyptus obliqua","within","Eucalyptus obliqua small_Eucalyptus obliqua small","within_species_small_small",0.148082150163153,NA,-0.180631215320473,0.39984014682559,0.580471362146063
"858","Eucalyptus fastigata small","Eucalyptus radiata large",0.10943471991324,1.57732169547488,1.02480728345389,1.31612824507478,1.49398523039805,1.83151798296662,2.53787201094014,"WaratahMix","large_small","Eucalyptus fastigata","Eucalyptus radiata","between","Eucalyptus fastigata small_Eucalyptus radiata large","between_species_large_small",NA,NA,NA,NA,NA
"859","Eucalyptus radiata large","Eucalyptus radiata large",0.117133204417933,2.26536194852651,1.19908863192426,1.84421634495462,2.20066877431111,2.59985428188141,4.37307258832587,"WaratahMix","large_large","Eucalyptus radiata","Eucalyptus radiata","within","Eucalyptus radiata large_Eucalyptus radiata large","within_species_large_large",0.121493971421457,NA,-0.11903612993456,0.357211486715027,0.476247616649587
"860","Eucalyptus fastigata small","Eucalyptus fastigata large",0.149695454091736,2.07862096828607,1.04147404044917,1.44363881326355,1.71743265689174,2.68367488755563,4.35254920640273,"WaratahMix","large_small","Eucalyptus fastigata","Eucalyptus fastigata","within","Eucalyptus fastigata small_Eucalyptus fastigata large","within_species_large_small",0.120316630217834,NA,-0.0821977118150651,0.389434812121289,0.471632523936354
"861","Eucalyptus cypellocarpa small","Eucalyptus cypellocarpa small",0.162129987150874,2.08620299227835,1.11810601429997,1.60610307770638,1.90622812104537,2.48292140002896,4.39726714892229,"WaratahMix","small_small","Eucalyptus cypellocarpa","Eucalyptus cypellocarpa","within","Eucalyptus cypellocarpa small_Eucalyptus cypellocarpa small","within_species_small_small",0.191778315103149,NA,-0.212603248491191,0.539153932744702,0.751757181235893
"862","Eucalyptus obliqua large","Eucalyptus obliqua large",0.181382504845588,2.02462886053137,1.09508526905172,1.51875764075909,1.93757018107576,2.32572549569685,4.24964423852899,"WaratahMix","large_large","Eucalyptus obliqua","Eucalyptus obliqua","within","Eucalyptus obliqua large_Eucalyptus obliqua large","within_species_large_large",0.217341678858003,NA,-0.251534460946943,0.600429264855371,0.851963725802314
"863","Eucalyptus fastigata small","Eucalyptus fastigata small",0.19298902087873,1.4435718703116,0.968494491363542,1.21051233455723,1.37383882116623,1.63609555670536,2.57154252083006,"WaratahMix","small_small","Eucalyptus fastigata","Eucalyptus fastigata","within","Eucalyptus fastigata small_Eucalyptus fastigata small","within_species_small_small",0.114066602699613,NA,-0.0378533124111042,0.409279553849057,0.447132866260161
"864","Eucalyptus radiata small","Eucalyptus radiata small",0.301492130832883,5.03924486309526,1.46935555272295,2.49777370209263,3.63559236276761,5.67530583370494,29.0161091603854,"WaratahMix","small_small","Eucalyptus radiata","Eucalyptus radiata","within","Eucalyptus radiata small_Eucalyptus radiata small","within_species_small_small",0.0763861102850686,1,0.15511213433824,0.454540184493918,0.299428050155678
"865","Eucalyptus coccifera small","Eucalyptus coccifera small",-1.38882761579078,0.0692436234519433,5.23258091539714e-05,0.00138081635594344,0.017505176436611,0.124525433103037,0.487557001042987,"MtField","small_small","Eucalyptus coccifera","Eucalyptus coccifera","within","Eucalyptus coccifera small_Eucalyptus coccifera small","within_species_small_small",0.737662304646314,NA,-2.87941577778842,0.0121673219307552,2.89158309971918
"866","Eucalyptus coccifera large","Eucalyptus delegatensis large",-1.02511062744195,0.302206920576678,5.8293341155173e-05,0.00859530696349424,0.161197228187263,0.609131923672456,0.935745499244597,"MtField","large_large","Eucalyptus coccifera","Eucalyptus delegatensis","between","Eucalyptus coccifera large_Eucalyptus delegatensis large","between_species_large_large",NA,NA,NA,NA,NA
"867","Phyllocladus aspleniifolius large","Phyllocladus aspleniifolius large",-0.895002985522693,0.0189925271640052,8.56796543776084e-06,0.00019829725916878,0.00294350708336009,0.014424706208797,0.462571129989777,"MtField","large_large","Phyllocladus aspleniifolius","Phyllocladus aspleniifolius","within","Phyllocladus aspleniifolius large_Phyllocladus aspleniifolius large","within_species_large_large",0.429978693397334,1,-1.7333978120285,-0.0479123056717666,1.68548550635673
"868","Leptospermum lanigerum large","Leptospermum lanigerum large",-0.828228530484669,0.123618164677402,0.000982305090468641,0.0182304558129104,0.0689983654396781,0.168002348617889,0.783362146211367,"MtField","large_large","Leptospermum lanigerum","Leptospermum lanigerum","within","Leptospermum lanigerum large_Leptospermum lanigerum large","within_species_large_large",0.452683875969779,NA,-1.67380941796705,0.100678768598479,1.77448818656553
"869","Eucalyptus delegatensis large","Eucalyptus delegatensis large",-0.821429865022635,0.0100258480917647,9.29252604319724e-07,1.28367678123753e-05,0.000177115540067073,0.00363761629649306,0.350405534632683,"MtField","large_large","Eucalyptus delegatensis","Eucalyptus delegatensis","within","Eucalyptus delegatensis large_Eucalyptus delegatensis large","within_species_large_large",0.406573313203431,1,-1.61132469795033,-0.0175865960426377,1.5937381019077
"870","Eucalyptus subcrenulata large","Eucalyptus subcrenulata large",-0.76058414291292,0.0144957706562543,0.000114310133010134,0.00098052367623831,0.00308879887105297,0.0131067652956299,0.308845480946202,"MtField","large_large","Eucalyptus subcrenulata","Eucalyptus subcrenulata","within","Eucalyptus subcrenulata large_Eucalyptus subcrenulata large","within_species_large_large",0.433473061471416,NA,-1.58779265558202,0.111390521922565,1.69918317750458
"871","Eucalyptus coccifera large","Eucalyptus coccifera large",-0.732734333273485,0.235383777968233,4.41034069827945e-05,0.00549723442894632,0.0800934957694832,0.442343092158753,0.906560507910175,"MtField","large_large","Eucalyptus coccifera","Eucalyptus coccifera","within","Eucalyptus coccifera large_Eucalyptus coccifera large","within_species_large_large",0.524651149455893,NA,-1.75568287291298,0.300911841849202,2.05659471476218
"872","Eucalyptus coccifera small","Leptospermum lanigerum large",-0.722619478821598,0.175089346417411,0.00513793409699072,0.0308985148024209,0.119662209161358,0.31670827579988,0.641658571391091,"MtField","large_small","Eucalyptus coccifera","Leptospermum lanigerum","between","Eucalyptus coccifera small_Leptospermum lanigerum large","between_species_large_small",NA,NA,NA,NA,NA
"873","Phyllocladus aspleniifolius large","Leptospermum lanigerum small",-0.554506157249585,0.1888016345158,0.0077788519717825,0.0526125197759329,0.137699792587122,0.279467089302232,0.790209973480989,"MtField","large_small","Phyllocladus aspleniifolius","Leptospermum lanigerum","between","Phyllocladus aspleniifolius large_Leptospermum lanigerum small","between_species_large_small",0.231042736199739,1,-1.00066324996258,-0.0949923662804285,0.905670883682154
"874","Leptospermum lanigerum large","Eucalyptus delegatensis small",-0.464620006975451,0.313899959988249,0.0287223322669567,0.13352116962166,0.31185463228905,0.437224405886019,0.853995752622803,"MtField","large_small","Leptospermum lanigerum","Eucalyptus delegatensis","between","Leptospermum lanigerum large_Eucalyptus delegatensis small","between_species_large_small",0.247829462190421,NA,-0.928627202540829,0.0428464378614842,0.971473640402313
"875","Eucalyptus coccifera small","Pittosporum bicolor small",-0.44028282247005,0.322490917285259,0.044840359159708,0.117831001740302,0.276801642886194,0.531795862611583,0.820149851447734,"MtField","small_small","Eucalyptus coccifera","Pittosporum bicolor","between","Eucalyptus coccifera small_Pittosporum bicolor small","between_species_small_small",NA,NA,NA,NA,NA
"876","Eucalyptus coccifera small","Eucalyptus subcrenulata small",-0.426123528134512,0.373038111030779,0.0625791624197516,0.176442194875406,0.336860511413838,0.580907392426218,0.831473130816262,"MtField","small_small","Eucalyptus coccifera","Eucalyptus subcrenulata","between","Eucalyptus coccifera small_Eucalyptus subcrenulata small","between_species_small_small",NA,NA,NA,NA,NA
"877","Eucalyptus delegatensis small","Eucalyptus delegatensis small",-0.361709478443425,0.0754483956414023,2.58684308183956e-05,0.00154435283643885,0.0123497347218766,0.0860828409612689,0.643326537626599,"MtField","small_small","Eucalyptus delegatensis","Eucalyptus delegatensis","within","Eucalyptus delegatensis small_Eucalyptus delegatensis small","within_species_small_small",0.240071875393101,NA,-0.821374120303139,0.11969033863979,0.941064458942929
"878","Atherosperma moschatum small","Leptospermum lanigerum large",-0.321654708449825,0.442474708199292,0.108985740486901,0.257920384696026,0.418139816127156,0.634466584069855,0.838703444470987,"MtField","large_small","Atherosperma moschatum","Leptospermum lanigerum","between","Atherosperma moschatum small_Leptospermum lanigerum large","between_species_large_small",NA,NA,NA,NA,NA
"879","Eucalyptus coccifera large","Eucalyptus delegatensis small",-0.295678719548872,0.558506623216654,0.0610328781642336,0.242862293935667,0.590517384296272,0.867878800391211,0.981026769887578,"MtField","large_small","Eucalyptus coccifera","Eucalyptus delegatensis","between","Eucalyptus coccifera large_Eucalyptus delegatensis small","between_species_large_small",NA,NA,NA,NA,NA
"880","Leptospermum lanigerum large","Eucalyptus subcrenulata small",-0.287375215367336,0.468349240409906,0.116823065248147,0.294753145919639,0.478799754758461,0.618455063974915,0.907046263719393,"MtField","large_small","Leptospermum lanigerum","Eucalyptus subcrenulata","between","Leptospermum lanigerum large_Eucalyptus subcrenulata small","between_species_large_small",0.216916434634649,NA,-0.709121956383642,0.141174842693855,0.850296799077497
"881","Atherosperma moschatum small","Eucalyptus delegatensis small",-0.263721910131586,0.55955037919984,0.185577448146111,0.387897221403051,0.55604623330558,0.746583993428087,0.881517765355609,"MtField","small_small","Atherosperma moschatum","Eucalyptus delegatensis","between","Atherosperma moschatum small_Eucalyptus delegatensis small","between_species_small_small",NA,NA,NA,NA,NA
"882","Eucalyptus subcrenulata large","Leptospermum lanigerum small",-0.239093272123055,0.417191179801395,0.161986259194699,0.31637353466776,0.409864978772188,0.492408905864555,0.845540479350492,"MtField","large_small","Eucalyptus subcrenulata","Leptospermum lanigerum","between","Eucalyptus subcrenulata large_Leptospermum lanigerum small","between_species_large_small",NA,NA,NA,NA,NA
"883","Eucalyptus delegatensis small","Phyllocladus aspleniifolius small",-0.231108739281942,0.428507610526956,0.0860709301538043,0.249107585498535,0.383936004262423,0.626509825826448,0.900456434737016,"MtField","small_small","Eucalyptus delegatensis","Phyllocladus aspleniifolius","between","Eucalyptus delegatensis small_Phyllocladus aspleniifolius small","between_species_small_small",NA,NA,NA,NA,NA
"884","Pittosporum bicolor small","Phyllocladus aspleniifolius large",-0.217300205181617,0.517194908620695,0.129133955430001,0.32102917327215,0.478585184248647,0.721011631893719,0.968241725476934,"MtField","large_small","Pittosporum bicolor","Phyllocladus aspleniifolius","between","Pittosporum bicolor small_Phyllocladus aspleniifolius large","between_species_large_small",0.218033328633462,NA,-0.659140215278521,0.19553472782342,0.854674943101941
"885","Eucalyptus subcrenulata small","Eucalyptus subcrenulata small",-0.209612652400377,0.249164714112617,0.0252988687538529,0.100792832315518,0.204161780782287,0.324718017124048,0.953016861582284,"MtField","small_small","Eucalyptus subcrenulata","Eucalyptus subcrenulata","within","Eucalyptus subcrenulata small_Eucalyptus subcrenulata small","within_species_small_small",0.206153687263411,NA,-0.615637064024693,0.192470540608145,0.808107604632838
"886","Leptospermum lanigerum large","Phyllocladus aspleniifolius large",-0.194959058785886,0.550473109201511,0.229625213470978,0.400210479429174,0.559118705407216,0.682268014957182,0.935955636070454,"MtField","large_large","Leptospermum lanigerum","Phyllocladus aspleniifolius","between","Leptospermum lanigerum large_Phyllocladus aspleniifolius large","between_species_large_large",NA,NA,NA,NA,NA
"887","Atherosperma moschatum small","Phyllocladus aspleniifolius small",-0.169938768806453,0.702749625058127,0.36265516273068,0.571862646736213,0.728675360340741,0.845558859876374,0.921143027461283,"MtField","small_small","Atherosperma moschatum","Phyllocladus aspleniifolius","between","Atherosperma moschatum small_Phyllocladus aspleniifolius small","between_species_small_small",NA,NA,NA,NA,NA
"888","Pittosporum bicolor small","Eucalyptus delegatensis large",-0.159568958695099,0.617398567844618,0.223018265917374,0.457579328607394,0.595259660497036,0.781648772031021,0.97657938112528,"MtField","large_small","Pittosporum bicolor","Eucalyptus delegatensis","between","Pittosporum bicolor small_Eucalyptus delegatensis large","between_species_large_small",0.235936857076007,NA,-0.615128053413207,0.309727431575888,0.924855484989095
"889","Eucalyptus subcrenulata large","Eucalyptus subcrenulata small",-0.157809896478028,0.554737041024302,0.291114087924406,0.470429470664548,0.552886683748632,0.624950201699378,0.902189285719058,"MtField","large_small","Eucalyptus subcrenulata","Eucalyptus subcrenulata","within","Eucalyptus subcrenulata large_Eucalyptus subcrenulata small","within_species_large_small",NA,NA,NA,NA,NA
"890","Eucalyptus coccifera small","Leptospermum lanigerum small",-0.148466371762866,0.674960867456689,0.36151587794647,0.529077550508715,0.699197407361506,0.839196905601096,0.937722186432803,"MtField","small_small","Eucalyptus coccifera","Leptospermum lanigerum","between","Eucalyptus coccifera small_Leptospermum lanigerum small","between_species_small_small",NA,NA,NA,NA,NA
"891","Leptospermum lanigerum large","Phyllocladus aspleniifolius small",-0.130289121475301,0.713640330370656,0.390972781819415,0.62580713233875,0.731280494053619,0.811422690849533,0.956731757999944,"MtField","large_small","Leptospermum lanigerum","Phyllocladus aspleniifolius","between","Leptospermum lanigerum large_Phyllocladus aspleniifolius small","between_species_large_small",NA,NA,NA,NA,NA
"892","Eucalyptus coccifera large","Phyllocladus aspleniifolius small",-0.129506071500192,0.788893759895554,0.367678019706307,0.664853398813302,0.826190572904415,0.940725395431826,0.991645053671755,"MtField","large_small","Eucalyptus coccifera","Phyllocladus aspleniifolius","between","Eucalyptus coccifera large_Phyllocladus aspleniifolius small","between_species_large_small",NA,NA,NA,NA,NA
"893","Eucalyptus coccifera small","Phyllocladus aspleniifolius large",-0.121290982540759,0.712617806592111,0.45004289446692,0.599204930743687,0.726170817214748,0.836782083458866,0.938229078092631,"MtField","large_small","Eucalyptus coccifera","Phyllocladus aspleniifolius","between","Eucalyptus coccifera small_Phyllocladus aspleniifolius large","between_species_large_small",NA,NA,NA,NA,NA
"894","Pittosporum bicolor small","Pittosporum bicolor small",-0.0792144640013584,0.174974141177099,0.010492729562909,0.0383458591273997,0.0995643012885724,0.257969712580171,0.790366023803187,"MtField","small_small","Pittosporum bicolor","Pittosporum bicolor","within","Pittosporum bicolor small_Pittosporum bicolor small","within_species_small_small",0.202550895671207,NA,-0.477645395188899,0.31633952591489,0.793984921103789
"895","Pittosporum bicolor small","Leptospermum lanigerum small",-0.0779588533769292,0.793844571384331,0.494210089502125,0.704414885495754,0.792575172639615,0.887255981805549,0.988488295009048,"MtField","small_small","Pittosporum bicolor","Leptospermum lanigerum","between","Pittosporum bicolor small_Leptospermum lanigerum small","between_species_small_small",0.141837219908311,NA,-0.351752106170038,0.204239579205115,0.555991685375154
"896","Eucalyptus coccifera large","Pittosporum bicolor small",-0.0596154022793383,0.856373183003063,0.556160697120089,0.758709532660557,0.892537045700551,0.966326736541304,0.995421790661993,"MtField","large_small","Eucalyptus coccifera","Pittosporum bicolor","between","Eucalyptus coccifera large_Pittosporum bicolor small","between_species_large_small",NA,NA,NA,NA,NA
"897","Eucalyptus coccifera small","Eucalyptus delegatensis small",-0.0581286162062706,0.844851786925357,0.664651426852836,0.772033235338047,0.857665143419369,0.930166006004489,0.975138464595757,"MtField","small_small","Eucalyptus coccifera","Eucalyptus delegatensis","between","Eucalyptus coccifera small_Eucalyptus delegatensis small","between_species_small_small",NA,NA,NA,NA,NA
"898","Phyllocladus aspleniifolius large","Eucalyptus subcrenulata small",-0.0564461079261415,0.819038356218102,0.630324735088031,0.757656261774852,0.823575315935008,0.879733311099318,0.975817875961264,"MtField","large_small","Phyllocladus aspleniifolius","Eucalyptus subcrenulata","between","Phyllocladus aspleniifolius large_Eucalyptus subcrenulata small","between_species_large_small",0.185777696295812,NA,-0.41988081159138,0.308354376149841,0.728235187741222
"899","Atherosperma moschatum small","Atherosperma moschatum small",-0.0488562955559492,1.41494402042214,0.992585123557477,1.22391432244355,1.3845401793189,1.60907146138489,1.84982121671112,"MtField","small_small","Atherosperma moschatum","Atherosperma moschatum","within","Atherosperma moschatum small_Atherosperma moschatum small","within_species_small_small",0.28483680480637,NA,-0.618657177023513,0.497882580760388,1.1165397577839
"900","Eucalyptus subcrenulata small","Phyllocladus aspleniifolius small",-0.0369826991810251,0.841965068243179,0.689610051920703,0.801522369594263,0.84731610764281,0.882333677698087,0.978366654910937,"MtField","small_small","Eucalyptus subcrenulata","Phyllocladus aspleniifolius","between","Eucalyptus subcrenulata small_Phyllocladus aspleniifolius small","between_species_small_small",NA,NA,NA,NA,NA
"901","Eucalyptus coccifera small","Eucalyptus subcrenulata large",-0.0367831101599831,0.897025511767086,0.781685578948915,0.848541129242381,0.908326932770291,0.950293604386077,0.981608199323333,"MtField","large_small","Eucalyptus coccifera","Eucalyptus subcrenulata","between","Eucalyptus coccifera small_Eucalyptus subcrenulata large","between_species_large_small",NA,NA,NA,NA,NA
"902","Eucalyptus subcrenulata large","Eucalyptus delegatensis large",-0.0346924777728634,0.86832199115579,0.754315706033043,0.841897252978438,0.867596631239381,0.895069952508679,0.975949146475364,"MtField","large_large","Eucalyptus subcrenulata","Eucalyptus delegatensis","between","Eucalyptus subcrenulata large_Eucalyptus delegatensis large","between_species_large_large",0.245578407050576,NA,-0.504679562113121,0.457970104286573,0.962649666399694
"903","Atherosperma moschatum small","Leptospermum lanigerum small",-0.0262513572087881,0.941193395550344,0.852115547512383,0.914227544331643,0.946450614894773,0.973492798896239,0.98752523270169,"MtField","small_small","Atherosperma moschatum","Leptospermum lanigerum","between","Atherosperma moschatum small_Leptospermum lanigerum small","between_species_small_small",NA,NA,NA,NA,NA
"904","Leptospermum lanigerum large","Pittosporum bicolor small",-0.00620793341739078,0.978855458786583,0.949068660590333,0.971805474948687,0.980686615154762,0.986924768321662,0.997696937016102,"MtField","large_small","Leptospermum lanigerum","Pittosporum bicolor","between","Leptospermum lanigerum large_Pittosporum bicolor small","between_species_large_small",NA,NA,NA,NA,NA
"905","Atherosperma moschatum small","Eucalyptus subcrenulata small",-0.00300755846987767,0.993117780478209,0.981863119243844,0.989917081425299,0.993898281333308,0.996927502522491,0.998547351755688,"MtField","small_small","Atherosperma moschatum","Eucalyptus subcrenulata","between","Atherosperma moschatum small_Eucalyptus subcrenulata small","between_species_small_small",NA,NA,NA,NA,NA
"906","Eucalyptus coccifera small","Atherosperma moschatum small",0.0117047662265228,1.04429977142389,1.00834735561153,1.02197668910642,1.04090490500394,1.06343908229787,1.09383168273499,"MtField","small_small","Eucalyptus coccifera","Atherosperma moschatum","between","Eucalyptus coccifera small_Atherosperma moschatum small","between_species_small_small",0.327612322358566,NA,-0.63513247894678,0.649084226481853,1.28421670542863
"907","Eucalyptus subcrenulata large","Phyllocladus aspleniifolius large",0.0124614574943684,1.05676886381463,1.00828847464649,1.04384752456811,1.05762334743034,1.06852537657628,1.10752644969858,"MtField","large_large","Eucalyptus subcrenulata","Phyllocladus aspleniifolius","between","Eucalyptus subcrenulata large_Phyllocladus aspleniifolius large","between_species_large_large",NA,NA,NA,NA,NA
"908","Phyllocladus aspleniifolius large","Atherosperma moschatum small",0.0224652774831531,1.12835699823308,1.01454240071514,1.08233934464162,1.11847700304564,1.17708019612663,1.25405081704974,"MtField","large_small","Phyllocladus aspleniifolius","Atherosperma moschatum","between","Phyllocladus aspleniifolius large_Atherosperma moschatum small","between_species_large_small",0.26392720281582,NA,-0.482771113633981,0.55180451048483,1.03457562411881
"909","Leptospermum lanigerum small","Eucalyptus subcrenulata small",0.0313121790782446,1.18716328262636,1.02301497695688,1.12502819261844,1.18799374893625,1.24690314099563,1.42553554737176,"MtField","small_small","Leptospermum lanigerum","Eucalyptus subcrenulata","between","Leptospermum lanigerum small_Eucalyptus subcrenulata small","between_species_small_small",0.101157191395,NA,-0.178593553012656,0.217935350810192,0.396528903822849
"910","Phyllocladus aspleniifolius small","Eucalyptus subcrenulata large",0.0392631043899161,1.43713256251167,1.06132204524927,1.21748033641284,1.36806269113455,1.60118459491464,2.21496520213096,"MtField","large_small","Phyllocladus aspleniifolius","Eucalyptus subcrenulata","between","Phyllocladus aspleniifolius small_Eucalyptus subcrenulata large","between_species_large_small",0.126704590494823,NA,-0.22839637173814,0.268276496353356,0.496672868091497
"911","Eucalyptus subcrenulata large","Atherosperma moschatum small",0.0468268929786478,1.30631009943304,1.04849400985689,1.2252454504299,1.31429925519332,1.37948489961918,1.53960384654014,"MtField","large_small","Eucalyptus subcrenulata","Atherosperma moschatum","between","Eucalyptus subcrenulata large_Atherosperma moschatum small","between_species_large_small",0.241137105742026,NA,-0.444231093282915,0.501008991898278,0.945240085181193
"912","Phyllocladus aspleniifolius small","Eucalyptus delegatensis large",0.0729395999265084,1.99617363488156,1.09102238527163,1.38878125644056,1.73923084926897,2.45327153272018,4.40068606128799,"MtField","large_small","Phyllocladus aspleniifolius","Eucalyptus delegatensis","between","Phyllocladus aspleniifolius small_Eucalyptus delegatensis large","between_species_large_small",0.151596443672499,NA,-0.230862686470299,0.363384453094607,0.594247139564906
"913","Eucalyptus subcrenulata small","Eucalyptus delegatensis large",0.0908780420768256,1.7134587396086,1.05609503469713,1.46100042267218,1.68723847368665,1.92896362933657,2.91372641142062,"MtField","large_small","Eucalyptus subcrenulata","Eucalyptus delegatensis","between","Eucalyptus subcrenulata small_Eucalyptus delegatensis large","between_species_large_small",0.174996344980628,NA,-0.2428489771864,0.443124089989957,0.685973067176356
"914","Eucalyptus coccifera large","Atherosperma moschatum small",0.101289437155979,1.44508614297893,1.00746088581491,1.07842686577236,1.28991400836338,1.72909340865807,2.85233664209758,"MtField","large_small","Eucalyptus coccifera","Atherosperma moschatum","between","Eucalyptus coccifera large_Atherosperma moschatum small","between_species_large_small",0.260762829864169,NA,-0.40553390767288,0.616637602408153,1.02217151008103
"915","Leptospermum lanigerum small","Leptospermum lanigerum large",0.118413440005662,2.61217845394439,1.12776209292343,1.77126033127483,2.33741649426215,3.20440072071324,7.89048260647975,"MtField","large_small","Leptospermum lanigerum","Leptospermum lanigerum","within","Leptospermum lanigerum small_Leptospermum lanigerum large","within_species_large_small",0.168510650576959,NA,-0.228568343976244,0.431981268308263,0.660549612284506
"916","Phyllocladus aspleniifolius small","Leptospermum lanigerum small",0.118786436235332,2.89369549518341,1.1503593138894,1.68000690266126,2.28042879295309,3.63683558873272,9.63135154131547,"MtField","small_small","Phyllocladus aspleniifolius","Leptospermum lanigerum","between","Phyllocladus aspleniifolius small_Leptospermum lanigerum small","between_species_small_small",0.074232922210323,NA,-0.0263915155314119,0.264596192467381,0.290987707998793
"917","Eucalyptus subcrenulata small","Pittosporum bicolor small",0.13268269134091,2.3889679060193,1.08162625766531,1.89470921690162,2.30421796130609,2.80074430475646,5.13018882348006,"MtField","small_small","Eucalyptus subcrenulata","Pittosporum bicolor","between","Eucalyptus subcrenulata small_Pittosporum bicolor small","between_species_small_small",NA,NA,NA,NA,NA
"918","Eucalyptus delegatensis small","Pittosporum bicolor small",0.142920634032273,2.49696617289247,1.08901925878479,1.47354339677307,2.17420938795631,3.13827171684732,7.24889714744218,"MtField","small_small","Eucalyptus delegatensis","Pittosporum bicolor","between","Eucalyptus delegatensis small_Pittosporum bicolor small","between_species_small_small",NA,NA,NA,NA,NA
"919","Leptospermum lanigerum small","Leptospermum lanigerum small",0.149117097687106,1.00006553128732,0.203210975665367,0.578698145514663,0.956871919597623,1.31229033430943,3.19077416082572,"MtField","small_small","Leptospermum lanigerum","Leptospermum lanigerum","within","Leptospermum lanigerum small_Leptospermum lanigerum small","within_species_small_small",0.120845329212179,NA,-0.0846890483089857,0.389015937602527,0.473704985911513
"920","Phyllocladus aspleniifolius small","Eucalyptus coccifera small",0.16045759274792,10.0756170050108,1.43183368816084,2.77026099896067,5.05202362625786,12.8348186069991,58.7262807142344,"MtField","small_small","Phyllocladus aspleniifolius","Eucalyptus coccifera","between","Phyllocladus aspleniifolius small_Eucalyptus coccifera small","between_species_small_small",0.149444908102335,NA,-0.131676369110092,0.454136905996857,0.585813275106948
"921","Leptospermum lanigerum small","Eucalyptus coccifera large",0.172094293483002,5.51269450626169,1.13734654040027,2.61709550377541,4.37251449186663,7.17917844274413,27.2519403325083,"MtField","large_small","Leptospermum lanigerum","Eucalyptus coccifera","between","Leptospermum lanigerum small_Eucalyptus coccifera large","between_species_large_small",0.211826868455218,NA,-0.240499503419147,0.589846562841116,0.830346066260263
"922","Eucalyptus delegatensis large","Phyllocladus aspleniifolius large",0.173264692068463,2.66277672578093,1.08927591821123,1.76012534938173,2.49356594874646,3.41259644481961,5.29036554090659,"MtField","large_large","Eucalyptus delegatensis","Phyllocladus aspleniifolius","between","Eucalyptus delegatensis large_Phyllocladus aspleniifolius large","between_species_large_large",NA,NA,NA,NA,NA
"923","Leptospermum lanigerum small","Eucalyptus delegatensis large",0.184265731260092,3.00811398829872,1.18441742870652,1.92388765884172,2.74855529441751,3.775965078844,9.90535752371399,"MtField","large_small","Leptospermum lanigerum","Eucalyptus delegatensis","between","Leptospermum lanigerum small_Eucalyptus delegatensis large","between_species_large_small",0.163236855821519,NA,-0.14592944698827,0.4939472697312,0.639876716719469
"924","Eucalyptus subcrenulata small","Eucalyptus delegatensis small",0.231856545429425,3.79912400990026,1.17396255810936,2.55403859038166,3.50853970342927,4.5621604094095,14.9054194701473,"MtField","small_small","Eucalyptus subcrenulata","Eucalyptus delegatensis","between","Eucalyptus subcrenulata small_Eucalyptus delegatensis small","between_species_small_small",0.150212918607394,NA,-0.0634049969551719,0.525418824011107,0.588823820966279
"925","Leptospermum lanigerum small","Eucalyptus delegatensis small",0.233667890441877,3.88163980794235,1.2356392103801,2.30851288276591,3.39548189153557,4.95827465022101,12.1118551309007,"MtField","small_small","Leptospermum lanigerum","Eucalyptus delegatensis","between","Leptospermum lanigerum small_Eucalyptus delegatensis small","between_species_small_small",0.12210278588951,NA,-0.00491287728937798,0.473721248221513,0.478634125510891
"926","Phyllocladus aspleniifolius small","Pittosporum bicolor small",0.241723862400534,14.591030272981,1.41085781652673,3.96579403099181,7.36867635775184,16.3307083860092,121.959014643886,"MtField","small_small","Phyllocladus aspleniifolius","Pittosporum bicolor","between","Phyllocladus aspleniifolius small_Pittosporum bicolor small","between_species_small_small",NA,NA,NA,NA,NA
"927","Phyllocladus aspleniifolius small","Phyllocladus aspleniifolius small",0.247148100384764,1.85598661983412,0.559760749785182,1.23835995092596,1.69492972000774,2.33036968094667,6.27692598277181,"MtField","small_small","Phyllocladus aspleniifolius","Phyllocladus aspleniifolius","within","Phyllocladus aspleniifolius small_Phyllocladus aspleniifolius small","within_species_small_small",0.0922019927661599,1,0.0441103587488894,0.405535528997881,0.361425170248992
"928","Eucalyptus delegatensis large","Atherosperma moschatum small",0.267447600522978,7.12282790949922,1.21667355003573,3.18725190853237,6.29878692483425,10.405950914922,19.683397619768,"MtField","large_small","Eucalyptus delegatensis","Atherosperma moschatum","between","Eucalyptus delegatensis large_Atherosperma moschatum small","between_species_large_small",0.278727113424161,NA,-0.281056764276545,0.811533443375786,1.09259020765233
"929","Eucalyptus subcrenulata large","Eucalyptus coccifera large",0.27308859183583,4.80843339970055,1.1949699500843,3.0373716317616,4.54633556576734,6.08366640014628,12.5150465143467,"MtField","large_large","Eucalyptus subcrenulata","Eucalyptus coccifera","between","Eucalyptus subcrenulata large_Eucalyptus coccifera large","between_species_large_large",0.346264199777322,NA,-0.395739069207807,0.961591652190458,1.35733072139826
"930","Eucalyptus subcrenulata large","Pittosporum bicolor small",0.308723990228566,4.55955346685119,1.2418985417232,2.95795206673253,3.86482865050913,5.66035402329053,12.0836415187447,"MtField","large_small","Eucalyptus subcrenulata","Pittosporum bicolor","between","Eucalyptus subcrenulata large_Pittosporum bicolor small","between_species_large_small",NA,NA,NA,NA,NA
"931","Pittosporum bicolor small","Atherosperma moschatum small",0.334745669334039,7.01997591374703,1.05097315586806,2.02906910274932,4.62702314320942,9.9557878312404,41.8609427484486,"MtField","small_small","Pittosporum bicolor","Atherosperma moschatum","between","Pittosporum bicolor small_Atherosperma moschatum small","between_species_small_small",0.233683338809603,NA,-0.10792071458533,0.808101141122456,0.916021855707785
"932","Phyllocladus aspleniifolius small","Phyllocladus aspleniifolius large",0.335343689382699,48.9191861673281,1.71314037751648,5.40499398187158,12.9615057951709,61.7637295894345,444.60926398345,"MtField","large_small","Phyllocladus aspleniifolius","Phyllocladus aspleniifolius","within","Phyllocladus aspleniifolius small_Phyllocladus aspleniifolius large","within_species_large_small",0.147269378058256,1,0.049308956710318,0.626594310749907,0.577285354039589
"933","Eucalyptus delegatensis small","Eucalyptus delegatensis large",0.347629910453115,8.68524620090265,1.17400677376906,2.29736120796711,4.74713177974018,10.2738368665067,56.2589225659388,"MtField","large_small","Eucalyptus delegatensis","Eucalyptus delegatensis","within","Eucalyptus delegatensis small_Eucalyptus delegatensis large","within_species_large_small",0.223561450374784,NA,-0.093537750573108,0.782807031559121,0.876344782132229
"934","Phyllocladus aspleniifolius large","Eucalyptus coccifera large",0.389540376008148,8.79225209576365,1.31454940582041,3.5997745932437,6.1128573496786,11.8392457326531,36.3515632629916,"MtField","large_large","Phyllocladus aspleniifolius","Eucalyptus coccifera","between","Phyllocladus aspleniifolius large_Eucalyptus coccifera large","between_species_large_large",0.303958524532919,NA,-0.217165297707542,0.97433022404937,1.19149552175691
"935","Eucalyptus delegatensis small","Eucalyptus subcrenulata large",0.441303799115066,37.452492289907,1.22166966572686,3.00380445438094,9.23673508480735,26.0726914914004,428.018555897281,"MtField","large_small","Eucalyptus delegatensis","Eucalyptus subcrenulata","between","Eucalyptus delegatensis small_Eucalyptus subcrenulata large","between_species_large_small",NA,NA,NA,NA,NA
"936","Eucalyptus subcrenulata small","Eucalyptus coccifera large",0.545189848107123,357.612636512259,1.47958224046543,17.8362545418337,51.1406713126772,273.478023252254,5625.89869567071,"MtField","large_small","Eucalyptus subcrenulata","Eucalyptus coccifera","between","Eucalyptus subcrenulata small_Eucalyptus coccifera large","between_species_large_small",0.224066148326155,1,0.110717435925573,0.98904059767332,0.878323161747746
"937","Eucalyptus delegatensis small","Phyllocladus aspleniifolius large",0.564927648309343,200.095204889758,1.29214852064618,3.97814406924787,18.9907122287635,83.7286835787654,3802.01963962672,"MtField","large_small","Eucalyptus delegatensis","Phyllocladus aspleniifolius","between","Eucalyptus delegatensis small_Phyllocladus aspleniifolius large","between_species_large_small",NA,NA,NA,NA,NA
"938","Eucalyptus delegatensis large","Eucalyptus coccifera small",0.590862045950011,117.239391205644,1.38444143563769,10.7927868572035,52.4937806431568,175.053960113254,669.360026046637,"MtField","large_small","Eucalyptus delegatensis","Eucalyptus coccifera","between","Eucalyptus delegatensis large_Eucalyptus coccifera small","between_species_large_small",0.374953601544674,NA,-0.139597722823931,1.33019338697835,1.46979110980229
"939","Eucalyptus subcrenulata large","Leptospermum lanigerum large",0.651710000102782,39.8165239235019,1.7543995667401,11.9034375822276,28.0037334769615,48.662659750911,246.27318507788,"MtField","large_large","Eucalyptus subcrenulata","Leptospermum lanigerum","between","Eucalyptus subcrenulata large_Leptospermum lanigerum large","between_species_large_large",NA,NA,NA,NA,NA
"940","Eucalyptus coccifera large","Leptospermum lanigerum large",0.691821049104073,45.5486514577043,1.04583916609689,1.53788059235901,4.47944979005325,31.7458242088311,986.611735753206,"MtField","large_large","Eucalyptus coccifera","Leptospermum lanigerum","between","Eucalyptus coccifera large_Leptospermum lanigerum large","between_species_large_large",NA,NA,NA,NA,NA
"941","Eucalyptus delegatensis large","Leptospermum lanigerum large",0.833705974657165,480.483585337493,1.65482971956169,22.3221620625148,135.697083409245,606.59498187202,4125.37590805006,"MtField","large_large","Eucalyptus delegatensis","Leptospermum lanigerum","between","Eucalyptus delegatensis large_Leptospermum lanigerum large","between_species_large_large",NA,NA,NA,NA,NA
"942","Eucalyptus coccifera large","Eucalyptus coccifera small",0.849116701881464,63.2524408849124,1.05655116334678,1.78977470659741,6.34724919244913,41.6912292121507,1535.96671412842,"MtField","large_small","Eucalyptus coccifera","Eucalyptus coccifera","within","Eucalyptus coccifera large_Eucalyptus coccifera small","within_species_large_small",NA,NA,NA,NA,NA
"943","Eucalyptus regnans large","Eucalyptus regnans large",-0.406323803032346,0.136639607936406,0.0221471707834447,0.0839020187247163,0.119431754732625,0.169229804510956,0.659584349109763,"Lardner","large_large","Eucalyptus regnans","Eucalyptus regnans","within","Eucalyptus regnans large_Eucalyptus regnans large","within_species_large_large",0.226507242648574,NA,-0.844893166214958,0.0429989094424016,0.88789207565736
"944","Nematolepis squamea subsp squamea large","Olearia argophylla large",-0.246858284819304,0.65572740999595,0.129998796852155,0.420990716398238,0.696681010168344,0.90914698429151,0.995877668611333,"Lardner","large_large","Nematolepis squamea","Olearia argophylla","between","Nematolepis squamea subsp squamea large_Olearia argophylla large","between_species_large_large",NA,NA,NA,NA,NA
"945","Acacia melanoxylon small","Hedycarya angustifolia small",-0.197607917419643,0.497911925570139,0.172357960815611,0.35274738014876,0.477931500445713,0.651102238894246,0.856620072662654,"Lardner","small_small","Acacia melanoxylon","Hedycarya angustifolia","between","Acacia melanoxylon small_Hedycarya angustifolia small","between_species_small_small",NA,NA,NA,NA,NA
"946","Olearia argophylla large","Acacia melanoxylon small",-0.183206114088256,0.605892449251629,0.181036547034102,0.391089818502613,0.608329925356947,0.833623997487969,0.983339596526688,"Lardner","large_small","Olearia argophylla","Acacia melanoxylon","between","Olearia argophylla large_Acacia melanoxylon small","between_species_large_small",0.112158573230012,NA,-0.411901083991248,0.0277524441851942,0.439653528176442
"947","Nematolepis squamea subsp squamea large","Acacia melanoxylon small",-0.166275830414442,0.743766154001609,0.275010395786862,0.580419814512455,0.79377160577807,0.939460229733017,0.997221458029219,"Lardner","large_small","Nematolepis squamea","Acacia melanoxylon","between","Nematolepis squamea subsp squamea large_Acacia melanoxylon small","between_species_large_small",0.150562607959628,NA,-0.476280043245685,0.113914534792906,0.59019457803859
"948","Olearia argophylla large","Hedycarya angustifolia small",-0.140260482644524,0.705429310822226,0.287103083156076,0.535955599402964,0.73388107726231,0.88920464148356,0.987219908730543,"Lardner","large_small","Olearia argophylla","Hedycarya angustifolia","between","Olearia argophylla large_Hedycarya angustifolia small","between_species_large_small",0.116976207402522,NA,-0.37793370238165,0.0806046047324133,0.458538307114063
"949","Eucalyptus regnans large","Olearia argophylla small",-0.127392935554226,0.570262863792039,0.356578806812687,0.507112614791096,0.571097673114928,0.632574476535807,0.871899773603035,"Lardner","large_small","Eucalyptus regnans","Olearia argophylla","between","Eucalyptus regnans large_Olearia argophylla small","between_species_large_small",NA,NA,NA,NA,NA
"950","Nematolepis squamea subsp squamea small","Hedycarya angustifolia small",-0.117524438796423,0.653836605064353,0.189692449192452,0.499118543798606,0.672161716071313,0.827375504248165,0.985669409452256,"Lardner","small_small","Nematolepis squamea","Hedycarya angustifolia","between","Nematolepis squamea subsp squamea small_Hedycarya angustifolia small","between_species_small_small",0.0834016721199996,NA,-0.280553561463769,0.0463749857474666,0.326928547211235
"951","Eucalyptus regnans large","Eucalyptus regnans small",-0.110362668657801,0.604657217418266,0.401356993357551,0.548876877183493,0.598600095242556,0.663854093280952,0.897413803711507,"Lardner","large_small","Eucalyptus regnans","Eucalyptus regnans","within","Eucalyptus regnans large_Eucalyptus regnans small","within_species_large_small",NA,NA,NA,NA,NA
"952","Olearia argophylla large","Nematolepis squamea subsp squamea small",-0.107597756402434,0.720622523202001,0.343415255546288,0.556651641686458,0.744553579947652,0.899210490315092,0.990181366886595,"Lardner","large_small","Olearia argophylla","Nematolepis squamea","between","Olearia argophylla large_Nematolepis squamea subsp squamea small","between_species_large_small",0.0892694690517024,NA,-0.285238740891747,0.0646911476289528,0.349929888520699
"953","Nematolepis squamea subsp squamea large","Olearia argophylla small",-0.0978889870834274,0.860735305430945,0.510661072677093,0.79167466059201,0.897658403009216,0.967243974818799,0.998363296260866,"Lardner","large_small","Nematolepis squamea","Olearia argophylla","between","Nematolepis squamea subsp squamea large_Olearia argophylla small","between_species_large_small",NA,NA,NA,NA,NA
"954","Nematolepis squamea subsp squamea small","Acacia melanoxylon small",-0.0751540057849571,0.74386789519268,0.386038352350052,0.633134093829257,0.747589630518479,0.873119643025053,0.990812109288669,"Lardner","small_small","Nematolepis squamea","Acacia melanoxylon","between","Nematolepis squamea subsp squamea small_Acacia melanoxylon small","between_species_small_small",0.0690832117575449,NA,-0.211837610510035,0.0589636034522488,0.270801213962284
"955","Nematolepis squamea subsp squamea large","Hedycarya angustifolia small",-0.055418776604108,0.907952497503365,0.665046915916627,0.860976560841258,0.932735930959195,0.979871612291189,0.999073068877416,"Lardner","large_small","Nematolepis squamea","Hedycarya angustifolia","between","Nematolepis squamea subsp squamea large_Hedycarya angustifolia small","between_species_large_small",0.154936215080719,NA,-0.368122256562256,0.239216546356064,0.60733880291832
"956","Eucalyptus regnans small","Eucalyptus regnans small",-0.0461827389791145,0.49663721489379,0.282458242175385,0.371931132868494,0.455379294579179,0.622683870902803,0.949600468533329,"Lardner","small_small","Eucalyptus regnans","Eucalyptus regnans","within","Eucalyptus regnans small_Eucalyptus regnans small","within_species_small_small",0.149963175464897,NA,-0.335965924476455,0.251878921360461,0.587844845836916
"957","Nematolepis squamea subsp squamea small","Eucalyptus regnans large",-0.0413829189459443,0.862756337776684,0.612877135465795,0.799668407422143,0.874298684967701,0.9389832537981,0.994930274989005,"Lardner","large_small","Nematolepis squamea","Eucalyptus regnans","between","Nematolepis squamea subsp squamea small_Eucalyptus regnans large","between_species_large_small",0.0948570610561492,NA,-0.226465903082664,0.145366943616074,0.371832846698739
"958","Eucalyptus regnans small","Olearia argophylla small",-0.0354444988298296,0.825113720099137,0.660683988395332,0.7922729297077,0.821144890726306,0.86032015048666,0.964008463399052,"Lardner","small_small","Eucalyptus regnans","Olearia argophylla","between","Eucalyptus regnans small_Olearia argophylla small","between_species_small_small",NA,NA,NA,NA,NA
"959","Nematolepis squamea subsp squamea large","Nematolepis squamea subsp squamea small",-0.0174287589994739,0.970276616562301,0.894725812374671,0.95532536689545,0.979639320140217,0.993547177199957,0.999708394961296,"Lardner","large_small","Nematolepis squamea","Nematolepis squamea","within","Nematolepis squamea subsp squamea large_Nematolepis squamea subsp squamea small","within_species_large_small",NA,NA,NA,NA,NA
"960","Nematolepis squamea subsp squamea small","Olearia argophylla small",-0.0168273220734064,0.943519616252679,0.81281799256646,0.919801768784538,0.955407852897525,0.97588780152622,0.997935414873679,"Lardner","small_small","Nematolepis squamea","Olearia argophylla","between","Nematolepis squamea subsp squamea small_Olearia argophylla small","between_species_small_small",NA,NA,NA,NA,NA
"961","Hedycarya angustifolia small","Hedycarya angustifolia small",-0.0147681281568578,0.665345273117554,0.43121295148048,0.534352720847963,0.648453449434927,0.770545270066898,1.06338888982799,"Lardner","small_small","Hedycarya angustifolia","Hedycarya angustifolia","within","Hedycarya angustifolia small_Hedycarya angustifolia small","within_species_small_small",0.155398686344547,NA,-0.330703868228202,0.278447788732095,0.609151656960296
"962","Olearia argophylla small","Acacia melanoxylon small",0.0132619790370567,1.11508588652949,1.0145483447231,1.07720640047443,1.10664494133648,1.14867238050258,1.2437863069797,"Lardner","small_small","Olearia argophylla","Acacia melanoxylon","between","Olearia argophylla small_Acacia melanoxylon small","between_species_small_small",0.0566553688865531,NA,-0.0963319043254112,0.125753060771539,0.22208496509695
"963","Olearia argophylla small","Olearia argophylla large",0.0324088627449984,1.3555521438753,1.0507455568554,1.20399509586054,1.31875983338789,1.47645663858552,1.89595367000139,"Lardner","large_small","Olearia argophylla","Olearia argophylla","within","Olearia argophylla small_Olearia argophylla large","within_species_large_small",0.0557663453431191,NA,-0.0755399156977409,0.143060141146132,0.218600056843873
"964","Eucalyptus regnans small","Hedycarya angustifolia small",0.0367429983264098,1.27540442186718,1.04368466802679,1.20429522243976,1.27351780176176,1.33559192341178,1.60338932190719,"Lardner","small_small","Eucalyptus regnans","Hedycarya angustifolia","between","Eucalyptus regnans small_Hedycarya angustifolia small","between_species_small_small",NA,NA,NA,NA,NA
"965","Eucalyptus regnans small","Nematolepis squamea subsp squamea small",0.054242416469973,1.5248843697017,1.06835764042083,1.38137034894085,1.51561436912637,1.6674939382356,2.01328737100599,"Lardner","small_small","Eucalyptus regnans","Nematolepis squamea","between","Eucalyptus regnans small_Nematolepis squamea subsp squamea small","between_species_small_small",NA,NA,NA,NA,NA
"966","Acacia melanoxylon small","Acacia melanoxylon small",0.064933052733854,1.30425659495831,1.05097145590701,1.19513153504228,1.29460867300263,1.40200751971331,1.69615934736669,"Lardner","small_small","Acacia melanoxylon","Acacia melanoxylon","within","Acacia melanoxylon small_Acacia melanoxylon small","within_species_small_small",0.138378095354587,NA,-0.221611471669683,0.320820694618796,0.542432166288479
"967","Olearia argophylla small","Hedycarya angustifolia small",0.0709229723940226,1.66247111345744,1.09166681587137,1.40556383017304,1.59994593785634,1.87872417492564,2.82503625951423,"Lardner","small_small","Olearia argophylla","Hedycarya angustifolia","between","Olearia argophylla small_Hedycarya angustifolia small","between_species_small_small",0.0676925377255494,NA,-0.0593558530259323,0.205994018902459,0.265349871928391
"968","Eucalyptus regnans small","Acacia melanoxylon small",0.0732226067271228,1.79777335640224,1.08797947164644,1.49221885209645,1.76960977398325,2.0605946680161,2.80103180743011,"Lardner","small_small","Eucalyptus regnans","Acacia melanoxylon","between","Eucalyptus regnans small_Acacia melanoxylon small","between_species_small_small",0.0952203552147717,NA,-0.105143994460988,0.268112939171138,0.373256933632127
"969","Nematolepis squamea subsp squamea large","Nematolepis squamea subsp squamea large",0.0919858970718453,1.14365792159288,0.984972277287623,1.02287900241712,1.07807579523458,1.19996387364392,1.78976903746915,"Lardner","large_large","Nematolepis squamea","Nematolepis squamea","within","Nematolepis squamea subsp squamea large_Nematolepis squamea subsp squamea large","within_species_large_large",0.223074006429249,NA,-0.363437766817315,0.510996270159452,0.874434036976767
"970","Eucalyptus regnans large","Olearia argophylla large",0.137566541522596,2.45004838891352,1.27510407561445,1.98665609088965,2.38398616092792,2.79363401379666,4.64490776868998,"Lardner","large_large","Eucalyptus regnans","Olearia argophylla","between","Eucalyptus regnans large_Olearia argophylla large","between_species_large_large",NA,NA,NA,NA,NA
"971","Olearia argophylla small","Olearia argophylla small",0.148557847851772,4.01875451363831,1.50174275227121,2.83492276637643,3.64561826438062,4.8609544719655,9.6117049663073,"Lardner","small_small","Olearia argophylla","Olearia argophylla","within","Olearia argophylla small_Olearia argophylla small","within_species_small_small",0.0781994656699208,NA,-0.00512826056274285,0.301408012083899,0.306536272646642
"972","Olearia argophylla large","Olearia argophylla large",0.168782482981569,0.990124166662945,0.709027366119008,0.879961358433896,0.955174840650973,1.01691431767386,2.28804971439579,"Lardner","large_large","Olearia argophylla","Olearia argophylla","within","Olearia argophylla large_Olearia argophylla large","within_species_large_large",0.163445332309522,NA,-0.16160029731765,0.479093632218036,0.640693929535686
"973","Eucalyptus regnans large","Nematolepis squamea subsp squamea large",0.183767558473029,4.34655061334053,1.37762345673199,2.97255177221278,4.09133044173984,5.46353637475117,8.77214979225863,"Lardner","large_large","Eucalyptus regnans","Nematolepis squamea","between","Eucalyptus regnans large_Nematolepis squamea subsp squamea large","between_species_large_large",NA,NA,NA,NA,NA
"974","Eucalyptus regnans large","Hedycarya angustifolia small",0.197553050056227,2.8987265614423,1.28198383815939,2.27462342848483,2.74897497722175,3.31781277824064,6.22186073746312,"Lardner","large_small","Eucalyptus regnans","Hedycarya angustifolia","between","Eucalyptus regnans large_Hedycarya angustifolia small","between_species_large_small",NA,NA,NA,NA,NA
"975","Eucalyptus regnans small","Nematolepis squamea subsp squamea large",0.211847428899106,8.75730482238794,1.58389136211919,5.3453658059777,7.62994416266219,11.3057293667942,24.624108011711,"Lardner","large_small","Eucalyptus regnans","Nematolepis squamea","between","Eucalyptus regnans small_Nematolepis squamea subsp squamea large","between_species_large_small",NA,NA,NA,NA,NA
"976","Eucalyptus regnans large","Acacia melanoxylon small",0.215032296186678,3.65724421550236,1.26412157881833,2.70793901700727,3.53493900134446,4.44605255880965,7.20269412308356,"Lardner","large_small","Eucalyptus regnans","Acacia melanoxylon","between","Eucalyptus regnans large_Acacia melanoxylon small","between_species_large_small",0.1284336883994,NA,-0.0161751431373622,0.487275664191564,0.503450807328926
"977","Nematolepis squamea subsp squamea small","Nematolepis squamea subsp squamea small",0.221091990008137,4.54624917870789,1.1882264564188,2.54865144779062,3.77125156359909,5.83180224741509,17.9127529852745,"Lardner","small_small","Nematolepis squamea","Nematolepis squamea","within","Nematolepis squamea subsp squamea small_Nematolepis squamea subsp squamea small","within_species_small_small",0.10354032341816,1,0.0139294446780645,0.419800054372512,0.405870609694447
"978","Eucalyptus regnans small","Olearia argophylla large",0.231486349508999,7.09254827973198,1.52537190536685,4.58880797485184,6.11270004098527,8.81747218456404,28.5430439816881,"Lardner","large_small","Eucalyptus regnans","Olearia argophylla","between","Eucalyptus regnans small_Olearia argophylla large","between_species_large_small",NA,NA,NA,NA,NA
"979","Eucalyptus delegatensis large","Eucalyptus delegatensis large",-0.956607160622393,0.00234185834965935,4.01230849289014e-06,5.64392060332373e-05,0.000194418544058952,0.00108020590076655,0.0818273083546902,"Caveside","large_large","Eucalyptus delegatensis","Eucalyptus delegatensis","within","Eucalyptus delegatensis large_Eucalyptus delegatensis large","within_species_large_large",0.638355324236669,NA,-2.19596890604691,0.30633798363961,2.50230688968652
"980","Eucalyptus obliqua large","Eucalyptus delegatensis large",-0.550717129716171,0.21395124901166,0.00265873976520002,0.0418648432862024,0.127440229697566,0.346578553595021,0.864624177602484,"Caveside","large_large","Eucalyptus obliqua","Eucalyptus delegatensis","between","Eucalyptus obliqua large_Eucalyptus delegatensis large","between_species_large_large",0.524131754294392,NA,-1.58978721944497,0.464771503696643,2.05455872314161
"981","Eucalyptus obliqua large","Eucalyptus obliqua large",-0.476029622097252,0.0238192090840185,9.99962852685269e-07,7.15544090266094e-05,0.0016241032264333,0.0251430965590177,0.450550447361598,"Caveside","large_large","Eucalyptus obliqua","Eucalyptus obliqua","within","Eucalyptus obliqua large_Eucalyptus obliqua large","within_species_large_large",0.570618319708509,NA,-1.59404271002747,0.642740001067409,2.23678271109488
"982","Bedfordia salicina large","Nothofagus cunninghamii small",-0.245742241968497,0.559619159937734,0.0596983254989238,0.285261074879722,0.52378120224948,0.879811805928915,0.995077686426565,"Caveside","large_small","Bedfordia salicina","Nothofagus cunninghamii","between","Bedfordia salicina large_Nothofagus cunninghamii small","between_species_large_small",NA,NA,NA,NA,NA
"983","Eucalyptus obliqua large","Eucalyptus delegatensis small",-0.223848209087256,0.493833743917461,0.10988242316515,0.311497265250276,0.466859741448775,0.662885714243269,0.94258913153265,"Caveside","large_small","Eucalyptus obliqua","Eucalyptus delegatensis","between","Eucalyptus obliqua large_Eucalyptus delegatensis small","between_species_large_small",0.165039638620581,NA,-0.531632247390617,0.115311248045071,0.646943495435688
"984","Bedfordia salicina large","Nothofagus cunninghamii large",-0.195161546206395,0.605757280094956,0.100161889052619,0.362211993192888,0.582913610795426,0.897470344168673,0.996088853403369,"Caveside","large_large","Bedfordia salicina","Nothofagus cunninghamii","between","Bedfordia salicina large_Nothofagus cunninghamii large","between_species_large_large",NA,NA,NA,NA,NA
"985","Nothofagus cunninghamii large","Pomaderris apetala large",-0.172311674616168,0.529021819598055,0.0460515501922965,0.170918175196868,0.582814938026839,0.855324909986156,0.992603080963873,"Caveside","large_large","Nothofagus cunninghamii","Pomaderris apetala","between","Nothofagus cunninghamii large_Pomaderris apetala large","between_species_large_large",NA,NA,NA,NA,NA
"986","Bedfordia salicina large","Bedfordia salicina large",-0.148367004502274,0.828461312107013,0.0409767869951014,0.362051215588537,0.758336470710813,1.31704183536274,1.61173312668108,"Caveside","large_large","Bedfordia salicina","Bedfordia salicina","within","Bedfordia salicina large_Bedfordia salicina large","within_species_large_large",0.433408043378463,NA,-0.986694100035128,0.712234211228392,1.69892831126352
"987","Eucalyptus obliqua large","Bedfordia salicina small",-0.130066849834328,0.685431834169053,0.279564960229272,0.585567058677113,0.678746968974749,0.812149784555656,0.966228991234359,"Caveside","large_small","Eucalyptus obliqua","Bedfordia salicina","between","Eucalyptus obliqua large_Bedfordia salicina small","between_species_large_small",0.0658079561156935,1,-0.260275274297668,-0.00231282653176454,0.257962447765903
"988","Eucalyptus delegatensis large","Bedfordia salicina small",-0.103245345603025,0.684887218579022,0.501352053576317,0.62149438174729,0.676953109529562,0.755679950268493,0.917131302794503,"Caveside","large_small","Eucalyptus delegatensis","Bedfordia salicina","between","Eucalyptus delegatensis large_Bedfordia salicina small","between_species_large_small",0.108640327722284,NA,-0.315127759480509,0.110734499728101,0.42586225920861
"989","Nothofagus cunninghamii large","Nothofagus cunninghamii large",-0.0955377714370547,3.71900524417239,0.750714605670467,2.20480183089601,3.27486167394123,4.86343611825983,9.95902192030061,"Caveside","large_large","Nothofagus cunninghamii","Nothofagus cunninghamii","within","Nothofagus cunninghamii large_Nothofagus cunninghamii large","within_species_large_large",0.156561709094104,NA,-0.398263735171774,0.215446887193189,0.613710622364963
"990","Eucalyptus delegatensis large","Pomaderris apetala large",-0.0768937387032278,0.737630774123536,0.569193259494897,0.678547034661053,0.741156380187079,0.792939235704491,0.934183936077113,"Caveside","large_large","Eucalyptus delegatensis","Pomaderris apetala","between","Eucalyptus delegatensis large_Pomaderris apetala large","between_species_large_large",NA,NA,NA,NA,NA
"991","Bedfordia salicina large","Pomaderris apetala small",-0.0735696235026905,0.881587715486533,0.582116503232275,0.816607324791616,0.891178401915443,0.964617748432085,0.998523823407036,"Caveside","large_small","Bedfordia salicina","Pomaderris apetala","between","Bedfordia salicina large_Pomaderris apetala small","between_species_large_small",NA,NA,NA,NA,NA
"992","Eucalyptus obliqua small","Pomaderris apetala small",-0.058315627501947,0.883103876701044,0.635692284598931,0.82359047245143,0.900725496428683,0.954478062036082,0.992981233270713,"Caveside","small_small","Eucalyptus obliqua","Pomaderris apetala","between","Eucalyptus obliqua small_Pomaderris apetala small","between_species_small_small",NA,NA,NA,NA,NA
"993","Eucalyptus obliqua small","Pomaderris apetala large",-0.0570141851585321,0.85505874695207,0.558993053736262,0.786737043270638,0.875768286399486,0.949409242461399,0.993137333860903,"Caveside","large_small","Eucalyptus obliqua","Pomaderris apetala","between","Eucalyptus obliqua small_Pomaderris apetala large","between_species_large_small",NA,NA,NA,NA,NA
"994","Nothofagus cunninghamii small","Pomaderris apetala small",-0.0554928696736592,0.802016084649822,0.323176175179258,0.711876567021292,0.84405566598204,0.942779532915367,0.997533025255851,"Caveside","small_small","Nothofagus cunninghamii","Pomaderris apetala","between","Nothofagus cunninghamii small_Pomaderris apetala small","between_species_small_small",NA,NA,NA,NA,NA
"995","Nothofagus cunninghamii large","Eucalyptus delegatensis small",-0.0539330441014998,0.799713752757506,0.431655004918425,0.650009499488883,0.84363120358368,0.946604307280157,0.997678879028803,"Caveside","large_small","Nothofagus cunninghamii","Eucalyptus delegatensis","between","Nothofagus cunninghamii large_Eucalyptus delegatensis small","between_species_large_small",0.109545411109196,NA,-0.26448345000372,0.164926670887595,0.429410120891315
"996","Nothofagus cunninghamii large","Pomaderris apetala small",-0.0487314211633748,0.860077293808935,0.570062380758207,0.772531916272805,0.891880440865238,0.958015736144969,0.99790250676591,"Caveside","large_small","Nothofagus cunninghamii","Pomaderris apetala","between","Nothofagus cunninghamii large_Pomaderris apetala small","between_species_large_small",NA,NA,NA,NA,NA
"997","Eucalyptus delegatensis small","Bedfordia salicina small",-0.039690283697346,0.838222083779823,0.595203886597921,0.791587489387782,0.844810725256425,0.899399745939368,0.973884692419531,"Caveside","small_small","Eucalyptus delegatensis","Bedfordia salicina","between","Eucalyptus delegatensis small_Bedfordia salicina small","between_species_small_small",0.0317048822740288,NA,-0.105569646903194,0.0187112078791632,0.124280854782358
"998","Eucalyptus obliqua small","Nothofagus cunninghamii large",-0.0359921603826996,0.892607401306927,0.629035901665426,0.845945196813616,0.923702964683072,0.966705082018489,0.995662208170146,"Caveside","large_small","Eucalyptus obliqua","Nothofagus cunninghamii","between","Eucalyptus obliqua small_Nothofagus cunninghamii large","between_species_large_small",NA,NA,NA,NA,NA
"999","Pomaderris apetala large","Bedfordia salicina small",-0.0289685156489623,0.853801053053652,0.611697150329375,0.806612510141248,0.861511421987301,0.917253261090626,0.980425438799365,"Caveside","large_small","Pomaderris apetala","Bedfordia salicina","between","Pomaderris apetala large_Bedfordia salicina small","between_species_large_small",0.0310355652108307,NA,-0.0935226322936217,0.0281345478125231,0.121657180106145
"1000","Eucalyptus obliqua large","Pomaderris apetala large",-0.0276944408279909,0.915697138445472,0.794939715979276,0.883243143672983,0.915231364928694,0.953220961903437,0.992711784915752,"Caveside","large_large","Eucalyptus obliqua","Pomaderris apetala","between","Eucalyptus obliqua large_Pomaderris apetala large","between_species_large_large",NA,NA,NA,NA,NA
"1001","Eucalyptus obliqua small","Eucalyptus delegatensis large",-0.0264657581540963,0.912763442386613,0.711940918093132,0.871841162031233,0.936572289671026,0.974280127270853,0.996808500150283,"Caveside","large_small","Eucalyptus obliqua","Eucalyptus delegatensis","between","Eucalyptus obliqua small_Eucalyptus delegatensis large","between_species_large_small",0.182874606600023,NA,-0.38128388222991,0.335571403016042,0.716855285245952
"1002","Nothofagus cunninghamii large","Bedfordia salicina small",-0.0228422021876927,0.900951332538903,0.692488351985263,0.820978204072835,0.944341320877775,0.980072262068953,0.999016279715621,"Caveside","large_small","Nothofagus cunninghamii","Bedfordia salicina","between","Nothofagus cunninghamii large_Bedfordia salicina small","between_species_large_small",0.0468084191566742,NA,-0.111855535443756,0.0716300959969162,0.183485631440672
"1003","Eucalyptus obliqua large","Nothofagus cunninghamii small",-0.0190253402718056,0.930937593364707,0.804685510414638,0.89712181827105,0.936893505026684,0.967045833083537,0.994928092573392,"Caveside","large_small","Eucalyptus obliqua","Nothofagus cunninghamii","between","Eucalyptus obliqua large_Nothofagus cunninghamii small","between_species_large_small",NA,NA,NA,NA,NA
"1004","Bedfordia salicina large","Eucalyptus delegatensis small",-0.0185076517353899,0.953200203921163,0.809968937204622,0.930217673706526,0.95936430002772,0.990465711056316,0.999628438122546,"Caveside","large_small","Bedfordia salicina","Eucalyptus delegatensis","between","Bedfordia salicina large_Eucalyptus delegatensis small","between_species_large_small",NA,NA,NA,NA,NA
"1005","Eucalyptus obliqua small","Nothofagus cunninghamii small",-0.0130102276595358,0.961270233556387,0.852877565542011,0.94525940505417,0.972532038015877,0.987795978350544,0.998429824664624,"Caveside","small_small","Eucalyptus obliqua","Nothofagus cunninghamii","between","Eucalyptus obliqua small_Nothofagus cunninghamii small","between_species_small_small",NA,NA,NA,NA,NA
"1006","Bedfordia salicina small","Pomaderris apetala small",-0.00194109842697187,0.990013747950242,0.964457953465115,0.987639275349047,0.991261467351372,0.993863130822812,0.999392951178312,"Caveside","small_small","Bedfordia salicina","Pomaderris apetala","between","Bedfordia salicina small_Pomaderris apetala small","between_species_small_small",NA,NA,NA,NA,NA
"1007","Bedfordia salicina small","Eucalyptus obliqua small",0.00395846580183321,1.08313831203842,1.00164679408059,1.02029175490336,1.04996186223153,1.13445906727785,1.32700061635716,"Caveside","small_small","Bedfordia salicina","Eucalyptus obliqua","between","Bedfordia salicina small_Eucalyptus obliqua small","between_species_small_small",NA,NA,NA,NA,NA
"1008","Nothofagus cunninghamii small","Nothofagus cunninghamii large",0.0107811692663252,1.05306318281951,1.00047999182466,1.01236577153277,1.04504263692775,1.08394870142415,1.17653179386764,"Caveside","large_small","Nothofagus cunninghamii","Nothofagus cunninghamii","within","Nothofagus cunninghamii small_Nothofagus cunninghamii large","within_species_large_small",0.0741918530818325,NA,-0.130032138542691,0.160794581430666,0.290826719973357
"1009","Bedfordia salicina small","Nothofagus cunninghamii small",0.0167630105502002,1.30629911538973,1.0052577404598,1.0809206165501,1.17062922834876,1.46971190541635,2.60586563002404,"Caveside","small_small","Bedfordia salicina","Nothofagus cunninghamii","between","Bedfordia salicina small_Nothofagus cunninghamii small","between_species_small_small",NA,NA,NA,NA,NA
"1010","Pomaderris apetala small","Pomaderris apetala large",0.0216385332183586,1.56558054018727,1.11524723222488,1.33192196610778,1.49068376799173,1.68424140865094,2.58593515635576,"Caveside","large_small","Pomaderris apetala","Pomaderris apetala","within","Pomaderris apetala small_Pomaderris apetala large","within_species_large_small",0.0268787349488145,NA,-0.0293010931727996,0.0760616117265493,0.105362704899349
"1011","Pomaderris apetala large","Eucalyptus delegatensis small",0.0256556261944049,1.20212099987166,1.01664153546412,1.09823869122591,1.19928542742798,1.2779397957011,1.51283087473629,"Caveside","large_small","Pomaderris apetala","Eucalyptus delegatensis","between","Pomaderris apetala large_Eucalyptus delegatensis small","between_species_large_small",0.0766036772327807,NA,-0.125637013534601,0.174643883384561,0.300280896919162
"1012","Pomaderris apetala small","Eucalyptus delegatensis small",0.035454669968566,2.87546925383715,1.25755449682066,1.82112296941086,2.51814819676744,3.57525139758313,6.9650262615354,"Caveside","small_small","Pomaderris apetala","Eucalyptus delegatensis","between","Pomaderris apetala small_Eucalyptus delegatensis small","between_species_small_small",0.031047834396037,NA,-0.0284364388369424,0.0932688355914505,0.121705274428393
"1013","Nothofagus cunninghamii small","Eucalyptus delegatensis large",0.040675867890566,1.46691463632795,1.00181214857627,1.05198101313632,1.22153137306491,1.64468184612242,3.42143954105698,"Caveside","large_small","Nothofagus cunninghamii","Eucalyptus delegatensis","between","Nothofagus cunninghamii small_Eucalyptus delegatensis large","between_species_large_small",0.103054106981022,NA,-0.162612996085485,0.241351680197996,0.403964676283481
"1014","Eucalyptus obliqua small","Bedfordia salicina large",0.0423158957943524,1.23719638810536,1.00512410822828,1.0526913498724,1.14654586974055,1.36155038879459,1.84872125433138,"Caveside","large_small","Eucalyptus obliqua","Bedfordia salicina","between","Eucalyptus obliqua small_Bedfordia salicina large","between_species_large_small",0.184514171298552,NA,-0.321296891286914,0.401985369477918,0.723282260764831
"1015","Nothofagus cunninghamii small","Pomaderris apetala large",0.0488167693364336,1.82532988000595,1.00217522767271,1.05455955825693,1.26177444873992,2.06583895966601,6.3146245938103,"Caveside","large_small","Nothofagus cunninghamii","Pomaderris apetala","between","Nothofagus cunninghamii small_Pomaderris apetala large","between_species_large_small",NA,NA,NA,NA,NA
"1016","Eucalyptus obliqua small","Eucalyptus obliqua small",0.0556505682236364,3.34699409679623,1.23883159099866,1.86963747000952,2.64595188317045,4.20173111998013,9.99002642928335,"Caveside","small_small","Eucalyptus obliqua","Eucalyptus obliqua","within","Eucalyptus obliqua small_Eucalyptus obliqua small","within_species_small_small",0.187901737776051,NA,-0.301837176974575,0.434724100372523,0.736561277347098
"1017","Nothofagus cunninghamii small","Eucalyptus delegatensis small",0.0634566926757635,1.66621393397554,1.00282849019228,1.08052341442949,1.34147855793161,1.91254859894154,5.45677316171583,"Caveside","small_small","Nothofagus cunninghamii","Eucalyptus delegatensis","between","Nothofagus cunninghamii small_Eucalyptus delegatensis small","between_species_small_small",0.0598989471137756,NA,-0.0572360550519287,0.177563503057811,0.234799558109739
"1018","Eucalyptus delegatensis small","Eucalyptus obliqua small",0.0892424718286278,1.71886816431199,1.11012702588052,1.44830320357093,1.62800418150184,1.94325198090195,3.22817503235345,"Caveside","small_small","Eucalyptus delegatensis","Eucalyptus obliqua","between","Eucalyptus delegatensis small_Eucalyptus obliqua small","between_species_small_small",NA,NA,NA,NA,NA
"1019","Pomaderris apetala large","Bedfordia salicina large",0.0951429331326038,2.44512955460073,1.09671238383208,1.55853260011218,2.28148924237542,3.19012426982974,6.18866501901862,"Caveside","large_large","Pomaderris apetala","Bedfordia salicina","between","Pomaderris apetala large_Bedfordia salicina large","between_species_large_large",0.256011182946628,NA,-0.37782687704686,0.625718519382912,1.00354539642977
"1020","Bedfordia salicina small","Bedfordia salicina large",0.105104174310736,8.63409423294547,1.04936684399557,1.96808879607216,3.21944288584254,8.82680139761391,122.605007253726,"Caveside","large_small","Bedfordia salicina","Bedfordia salicina","within","Bedfordia salicina small_Bedfordia salicina large","within_species_large_small",0.159565576448312,NA,-0.194258948350814,0.431226617671313,0.625485566022127
"1021","Pomaderris apetala small","Eucalyptus delegatensis large",0.138169987283117,321.726692579795,2.20818136209131,15.8826843312555,81.3431481370785,366.504966588212,2895.74738905521,"Caveside","large_small","Pomaderris apetala","Eucalyptus delegatensis","between","Pomaderris apetala small_Eucalyptus delegatensis large","between_species_large_small",0.0857964502717736,NA,-0.0303508221175214,0.305965082950594,0.336315905068116
"1022","Eucalyptus delegatensis small","Eucalyptus delegatensis small",0.147752714598267,0.547038743014189,0.196433994376219,0.356791242249967,0.482662646867253,0.737718790176945,1.22471472367251,"Caveside","small_small","Eucalyptus delegatensis","Eucalyptus delegatensis","within","Eucalyptus delegatensis small_Eucalyptus delegatensis small","within_species_small_small",0.13486927468221,NA,-0.118790160486287,0.409887681510056,0.528677841996343
"1023","Eucalyptus delegatensis small","Eucalyptus delegatensis large",0.161966001655297,2.49349726627557,1.17888615350218,1.77390658635575,2.32224134911238,2.97158096014945,7.09189862630605,"Caveside","large_small","Eucalyptus delegatensis","Eucalyptus delegatensis","within","Eucalyptus delegatensis small_Eucalyptus delegatensis large","within_species_large_small",0.197697143026257,NA,-0.226385240048458,0.548573320307398,0.774958560355856
"1024","Pomaderris apetala small","Eucalyptus obliqua large",0.190349772930162,2861.56918291972,4.63942588194751,53.9013544597994,242.97620585482,1263.12722480145,46190.4956159507,"Caveside","large_small","Pomaderris apetala","Eucalyptus obliqua","between","Pomaderris apetala small_Eucalyptus obliqua large","between_species_large_small",0.0775866621013579,1,0.0383344403233199,0.342468567122,0.30413412679868
"1025","Nothofagus cunninghamii large","Eucalyptus delegatensis large",0.205173196941625,4.63237736353151,1.00887951092379,1.23569032282592,1.94929953124388,6.25704238423752,23.7043329617449,"Caveside","large_large","Nothofagus cunninghamii","Eucalyptus delegatensis","between","Nothofagus cunninghamii large_Eucalyptus delegatensis large","between_species_large_large",0.315998067316732,NA,-0.417558066466113,0.821131595784004,1.23868966225012
"1026","Nothofagus cunninghamii large","Eucalyptus obliqua large",0.230177195784177,11.0606535442756,1.00996701299285,1.26327386871688,2.26516734489006,12.6417536679456,73.470316772979,"Caveside","large_large","Nothofagus cunninghamii","Eucalyptus obliqua","between","Nothofagus cunninghamii large_Eucalyptus obliqua large","between_species_large_large",0.226535820882719,NA,-0.212596109817756,0.675407990458937,0.888004100276693
"1027","Eucalyptus obliqua large","Bedfordia salicina large",0.263616587337323,4.43334499226802,1.07211011360639,1.78709035770231,3.31206849578053,6.09108145073457,22.9239626319101,"Caveside","large_large","Eucalyptus obliqua","Bedfordia salicina","between","Eucalyptus obliqua large_Bedfordia salicina large","between_species_large_large",0.279161727073694,NA,-0.271206902407249,0.823086959445632,1.09429386185288
"1028","Nothofagus cunninghamii small","Nothofagus cunninghamii small",0.295216615076328,17.6239215206431,1.39670591632356,4.7913001456193,13.1940916189362,25.1293313201794,94.7496442633877,"Caveside","small_small","Nothofagus cunninghamii","Nothofagus cunninghamii","within","Nothofagus cunninghamii small_Nothofagus cunninghamii small","within_species_small_small",0.0919121133800751,1,0.120700015372527,0.480988879308345,0.360288863935818
"1029","Pomaderris apetala large","Pomaderris apetala large",0.300441012439647,5.4960351898861,1.57183049500709,2.97341138659522,4.54440728037817,7.05202647489279,26.8466206267507,"Caveside","large_large","Pomaderris apetala","Pomaderris apetala","within","Pomaderris apetala large_Pomaderris apetala large","within_species_large_large",0.103030665568186,1,0.0947489081620674,0.498621695795738,0.403872787633671
"1030","Eucalyptus delegatensis large","Bedfordia salicina large",0.346566171958517,7.70950194033648,1.40597168270488,4.52121292601614,6.98333285821987,10.0565285901369,21.2658061167967,"Caveside","large_large","Eucalyptus delegatensis","Bedfordia salicina","between","Eucalyptus delegatensis large_Bedfordia salicina large","between_species_large_large",0.347846516065181,NA,-0.339341520351749,1.02419176691923,1.36353328727098
"1031","Eucalyptus obliqua small","Eucalyptus obliqua large",0.388634130302872,7.61765129507955,1.04805938309854,1.45945423970081,2.61517018767104,6.15078312847315,81.8061368469985,"Caveside","large_small","Eucalyptus obliqua","Eucalyptus obliqua","within","Eucalyptus obliqua small_Eucalyptus obliqua large","within_species_large_small",0.215327409538939,NA,-0.0382794132374089,0.805788521923843,0.844067935161252
"1032","Pomaderris apetala small","Pomaderris apetala small",0.430165668929145,30.1717157080711,2.82602221899833,13.5058749187971,20.9406940007403,35.5188293648431,211.553035190165,"Caveside","small_small","Pomaderris apetala","Pomaderris apetala","within","Pomaderris apetala small_Pomaderris apetala small","within_species_small_small",0.0563127660833498,1,0.319452272307145,0.540194259093534,0.220741986786389
"1033","Bedfordia salicina small","Bedfordia salicina small",0.491489315269852,74.6663964967168,1.37852189116244,15.2927269886173,38.5883311365941,96.8998452860841,905.116611778928,"Caveside","small_small","Bedfordia salicina","Bedfordia salicina","within","Bedfordia salicina small_Bedfordia salicina small","within_species_small_small",0.046147582845391,1,0.394321065794891,0.57521626649598,0.18089520070109
"1034","Nematolepis squamea large","Nematolepis squamea large",-1.21087920278998,0.0615256608518662,0.000117236680719676,0.00992978011346967,0.0366443150787763,0.0910125978629873,0.497116124626769,"Flowerdale","large_large","Nematolepis squamea","Nematolepis squamea","within","Nematolepis squamea large_Nematolepis squamea large","within_species_large_large",NA,NA,NA,NA,NA
"1035","Eucalyptus obliqua large","Eucalyptus obliqua large",-0.344506333358943,0.116772168736892,0.0307761004620228,0.0708252204005607,0.100195956023489,0.140434934445999,0.597840591189675,"Flowerdale","large_large","Eucalyptus obliqua","Eucalyptus obliqua","within","Eucalyptus obliqua large_Eucalyptus obliqua large","within_species_large_large",0.129362223910655,NA,-0.307011720200877,0.200078879448902,0.507090599649778
"1036","Nematolepis squamea large","Pomaderris apetala small",-0.222898684416766,0.592266547323009,0.211493374381729,0.479619281784143,0.608037314042846,0.722815421164709,0.938473875533392,"Flowerdale","large_small","Nematolepis squamea","Pomaderris apetala","between","Nematolepis squamea large_Pomaderris apetala small","between_species_large_small",NA,NA,NA,NA,NA
"1037","Acacia melanoxylon small","Nematolepis squamea small",-0.124460957439317,0.717243457621081,0.231788535132584,0.61378974204067,0.715044825496636,0.842175768030785,0.988663269006488,"Flowerdale","small_small","Acacia melanoxylon","Nematolepis squamea","between","Acacia melanoxylon small_Nematolepis squamea small","between_species_small_small",NA,NA,NA,NA,NA
"1038","Nematolepis squamea large","Eucalyptus obliqua small",-0.116707412494983,0.814216346083707,0.540878436294209,0.76726531904903,0.842619334093306,0.879779141989285,0.966112815194801,"Flowerdale","large_small","Nematolepis squamea","Eucalyptus obliqua","between","Nematolepis squamea large_Eucalyptus obliqua small","between_species_large_small",NA,NA,NA,NA,NA
"1039","Pomaderris apetala small","Eucalyptus obliqua small",-0.111691015037215,0.754755521257416,0.224447364314426,0.643616487496686,0.804891792686493,0.904064541176895,0.982702954766299,"Flowerdale","small_small","Pomaderris apetala","Eucalyptus obliqua","between","Pomaderris apetala small_Eucalyptus obliqua small","between_species_small_small",NA,NA,NA,NA,NA
"1040","Pomaderris apetala small","Eucalyptus obliqua large",-0.0223959470555392,0.938266439479502,0.741342024094572,0.913325080353,0.955466261628667,0.979127961908886,0.996507415162121,"Flowerdale","large_small","Pomaderris apetala","Eucalyptus obliqua","between","Pomaderris apetala small_Eucalyptus obliqua large","between_species_large_small",NA,NA,NA,NA,NA
"1041","Nematolepis squamea small","Eucalyptus obliqua small",-0.0171634905631745,0.928607074396024,0.787861832205358,0.902320967329989,0.944734530826281,0.960324903846553,0.994597260320737,"Flowerdale","small_small","Nematolepis squamea","Eucalyptus obliqua","between","Nematolepis squamea small_Eucalyptus obliqua small","between_species_small_small",NA,NA,NA,NA,NA
"1042","Nematolepis squamea small","Eucalyptus obliqua large",-0.00730643054313294,0.96596054008909,0.902027714705281,0.952342802433849,0.973140752854559,0.981416681556365,0.997696496659358,"Flowerdale","large_small","Nematolepis squamea","Eucalyptus obliqua","between","Nematolepis squamea small_Eucalyptus obliqua large","between_species_large_small",NA,NA,NA,NA,NA
"1043","Eucalyptus obliqua small","Eucalyptus obliqua large",0.0181300396037612,1.12812174582331,1.03033072171502,1.0995529546903,1.12170095113864,1.15858756840074,1.2406828913909,"Flowerdale","large_small","Eucalyptus obliqua","Eucalyptus obliqua","within","Eucalyptus obliqua small_Eucalyptus obliqua large","within_species_large_small",0.0986902646406141,NA,-0.0727915476452246,0.314067180995436,0.386858728640661
"1044","Eucalyptus obliqua small","Eucalyptus obliqua small",0.0220552550949126,1.48487730693878,1.05834617328924,1.37156231947409,1.49771323101921,1.6107997906236,1.83094905213824,"Flowerdale","small_small","Eucalyptus obliqua","Eucalyptus obliqua","within","Eucalyptus obliqua small_Eucalyptus obliqua small","within_species_small_small",0.13917542199489,NA,-0.301007231129673,0.244550398156625,0.545557629286298
"1045","Eucalyptus obliqua small","Acacia melanoxylon small",0.048027823541631,1.55435758762781,1.09086873645541,1.40656157850865,1.54306002558336,1.68656008962555,2.10893634951342,"Flowerdale","small_small","Eucalyptus obliqua","Acacia melanoxylon","between","Eucalyptus obliqua small_Acacia melanoxylon small","between_species_small_small",0.0977970785634455,NA,-0.282708896190069,0.100648607365106,0.383357503555175
"1046","Nematolepis squamea small","Pomaderris apetala small",0.0496156228869234,1.45484722202262,1.02343556107043,1.1781854725738,1.29795578793356,1.62889102124169,2.67135584588492,"Flowerdale","small_small","Nematolepis squamea","Pomaderris apetala","between","Nematolepis squamea small_Pomaderris apetala small","between_species_small_small",NA,NA,NA,NA,NA
"1047","Pomaderris apetala small","Acacia melanoxylon small",0.0952816052141617,1.4851051152395,1.01499623833499,1.12238795968447,1.32468701083538,1.65703600383483,4.13323087633839,"Flowerdale","small_small","Pomaderris apetala","Acacia melanoxylon","between","Pomaderris apetala small_Acacia melanoxylon small","between_species_small_small",NA,NA,NA,NA,NA
"1048","Eucalyptus obliqua large","Acacia melanoxylon small",0.117223857663727,2.37505311163914,1.16645505538778,2.11652864510085,2.32090393809519,2.67950909957727,3.471276665828,"Flowerdale","large_small","Eucalyptus obliqua","Acacia melanoxylon","between","Eucalyptus obliqua large_Acacia melanoxylon small","between_species_large_small",0.102479924628049,NA,-0.0239792106815036,0.377734712137207,0.401713922818711
"1049","Eucalyptus obliqua large","Nematolepis squamea large",0.154757778799436,3.7880686162883,1.35450946413508,3.09017931723469,3.77959409847635,4.48782409840699,6.6959997081665,"Flowerdale","large_large","Eucalyptus obliqua","Nematolepis squamea","between","Eucalyptus obliqua large_Nematolepis squamea large","between_species_large_large",NA,NA,NA,NA,NA
"1050","Acacia melanoxylon small","Nematolepis squamea large",0.205554871020368,2.50430756730262,1.01900865008489,1.4924334448986,2.07127505814766,3.06058009565744,13.7168735940752,"Flowerdale","large_small","Acacia melanoxylon","Nematolepis squamea","between","Acacia melanoxylon small_Nematolepis squamea large","between_species_large_small",NA,NA,NA,NA,NA
"1051","Acacia melanoxylon small","Acacia melanoxylon small",0.284491285311523,1.72411516446626,0.810752213010481,1.01090998601731,1.41258593881119,1.84681783019167,12.9552481459396,"Flowerdale","small_small","Acacia melanoxylon","Acacia melanoxylon","within","Acacia melanoxylon small_Acacia melanoxylon small","within_species_small_small",0.142266991051685,NA,-0.144256320407917,0.413420036892453,0.557676357300369
"1052","Nematolepis squamea small","Nematolepis squamea small",0.301922740498881,3.48213305223098,1.15091343880478,2.04602793872215,2.64718033485245,3.97220896147613,18.1499216124832,"Flowerdale","small_small","Nematolepis squamea","Nematolepis squamea","within","Nematolepis squamea small_Nematolepis squamea small","within_species_small_small",NA,NA,NA,NA,NA
"1053","Pomaderris apetala small","Pomaderris apetala small",0.367416327910429,8.77714250209422,1.15069070899616,2.12390989871312,3.93923977696246,8.12709523808173,198.8259358582,"Flowerdale","small_small","Pomaderris apetala","Pomaderris apetala","within","Pomaderris apetala small_Pomaderris apetala small","within_species_small_small",NA,NA,NA,NA,NA
"1054","Nematolepis squamea small","Nematolepis squamea large",0.410234007995957,90.4583393263032,1.20777659273552,5.52944842948093,10.7977715584465,51.8520931718766,1679.3282449838,"Flowerdale","large_small","Nematolepis squamea","Nematolepis squamea","within","Nematolepis squamea small_Nematolepis squamea large","within_species_large_small",NA,NA,NA,NA,NA
"1055","Monotoca glauca small","Nothofagus cunninghamii small",-0.258277213674683,0.621670779779228,0.216241231055899,0.457692397024413,0.608105997059284,0.800978649928449,0.978443693801841,"Bird","small_small","Monotoca glauca","Nothofagus cunninghamii","between","Monotoca glauca small_Nothofagus cunninghamii small","between_species_small_small",NA,NA,NA,NA,NA
"1056","Nothofagus cunninghamii large","Nothofagus cunninghamii large",-0.171244076242308,0.307195390954448,0.11725849147965,0.218796112190255,0.287833146530198,0.377243200628081,0.699997929615918,"Bird","large_large","Nothofagus cunninghamii","Nothofagus cunninghamii","within","Nothofagus cunninghamii large_Nothofagus cunninghamii large","within_species_large_large",0.171161891365004,NA,-0.499664922080624,0.171277363121708,0.670942285202332
"1057","Acacia melanoxylon small","Eucalyptus obliqua small",-0.0917640351804756,0.742501661595601,0.483556603726506,0.682193799047667,0.762065007997713,0.822157019868405,0.932595271948381,"Bird","small_small","Acacia melanoxylon","Eucalyptus obliqua","between","Acacia melanoxylon small_Eucalyptus obliqua small","between_species_small_small",NA,NA,NA,NA,NA
"1058","Monotoca glauca small","Nothofagus cunninghamii large",-0.0776384669377073,0.839246192604168,0.608096985430884,0.765901050167115,0.839381349313347,0.92727286862061,0.993470694388336,"Bird","large_small","Monotoca glauca","Nothofagus cunninghamii","between","Monotoca glauca small_Nothofagus cunninghamii large","between_species_large_small",NA,NA,NA,NA,NA
"1059","Nothofagus cunninghamii large","Eucalyptus obliqua large",-0.0714065401557926,0.741078424393193,0.576524241025931,0.685587839750177,0.734053625998035,0.793731090200792,0.936489488314809,"Bird","large_large","Nothofagus cunninghamii","Eucalyptus obliqua","between","Nothofagus cunninghamii large_Eucalyptus obliqua large","between_species_large_large",0.108092014108464,NA,-0.282037675313913,0.141675234024057,0.42371290933797
"1060","Monotoca glauca small","Monotoca glauca small",-0.070398348702765,0.916520065870605,0.680396222425099,0.83280431503316,0.886813425973563,0.981734193500109,1.24427816369957,"Bird","small_small","Monotoca glauca","Monotoca glauca","within","Monotoca glauca small_Monotoca glauca small","within_species_small_small",0.314744240834393,NA,-0.687125458123108,0.546649294630513,1.23377475275362
"1061","Eucalyptus obliqua large","Eucalyptus obliqua large",-0.0584613698342511,0.321274491413998,0.139643560263189,0.221306638248442,0.305690015745769,0.405057284527878,0.738556491487876,"Bird","large_large","Eucalyptus obliqua","Eucalyptus obliqua","within","Eucalyptus obliqua large_Eucalyptus obliqua large","within_species_large_large",0.129362223910655,NA,-0.307011720200877,0.200078879448902,0.507090599649778
"1062","Monotoca glauca small","Eucalyptus obliqua large",-0.0547796765288586,0.891763942301311,0.725106748160397,0.839665375585221,0.89469697456926,0.952934114844029,0.995388651646033,"Bird","large_small","Monotoca glauca","Eucalyptus obliqua","between","Monotoca glauca small_Eucalyptus obliqua large","between_species_large_small",0.141683655169161,NA,-0.329658790882457,0.225730931776638,0.555389722659095
"1063","Eucalyptus obliqua small","Eucalyptus obliqua small",-0.0256439477522967,0.199914987600267,0.0571739855901412,0.112009511270583,0.17728655935285,0.268615241058687,0.633982344753157,"Bird","small_small","Eucalyptus obliqua","Eucalyptus obliqua","within","Eucalyptus obliqua small_Eucalyptus obliqua small","within_species_small_small",0.13917542199489,NA,-0.301007231129673,0.244550398156625,0.545557629286298
"1064","Nothofagus cunninghamii small","Eucalyptus obliqua large",0.0109927626123172,1.08859314284268,1.00992551923907,1.05485321359111,1.07797816374182,1.11179662704512,1.23201088023067,"Bird","large_small","Nothofagus cunninghamii","Eucalyptus obliqua","between","Nothofagus cunninghamii small_Eucalyptus obliqua large","between_species_large_small",0.0449254834464231,NA,-0.076033477130818,0.100071181955261,0.176104659086079
"1065","Nothofagus cunninghamii large","Acacia melanoxylon small",0.0160582645138349,1.08560097443511,1.01733755532073,1.0629504081373,1.08497176519067,1.10800813229286,1.16575909198049,"Bird","large_small","Nothofagus cunninghamii","Acacia melanoxylon","between","Nothofagus cunninghamii large_Acacia melanoxylon small","between_species_large_small",0.105889590472784,NA,-0.195737559081619,0.219342008247087,0.415079567328706
"1066","Nothofagus cunninghamii small","Nothofagus cunninghamii large",0.0206591102526668,1.19568765531706,1.02119980805532,1.12351369247845,1.17798516445401,1.25143219643286,1.49205635236333,"Bird","large_small","Nothofagus cunninghamii","Nothofagus cunninghamii","within","Nothofagus cunninghamii small_Nothofagus cunninghamii large","within_species_large_small",0.0556609445529279,NA,-0.087495654647355,0.130691238691084,0.218186893338439
"1067","Nothofagus cunninghamii small","Acacia melanoxylon small",0.0226885596492118,1.25329839719715,1.02814750770901,1.15209121610302,1.21166766299432,1.3161938569784,1.73900592568193,"Bird","small_small","Nothofagus cunninghamii","Acacia melanoxylon","between","Nothofagus cunninghamii small_Acacia melanoxylon small","between_species_small_small",0.0484818699952637,NA,-0.0730626627026888,0.116982775485051,0.19004543818774
"1068","Nothofagus cunninghamii small","Eucalyptus obliqua small",0.0669004763421656,1.65920546351329,1.06195077251082,1.36411371294717,1.56165410103168,1.8565615140988,2.97539348296006,"Bird","small_small","Nothofagus cunninghamii","Eucalyptus obliqua","between","Nothofagus cunninghamii small_Eucalyptus obliqua small","between_species_small_small",0.0540206796367259,NA,-0.04072899766082,0.171028175355898,0.211757173016718
"1069","Eucalyptus obliqua small","Eucalyptus obliqua large",0.122512915688405,2.07457345141011,1.15292503890588,1.78642905922138,1.99089708679613,2.2566837997646,4.13365132056881,"Bird","large_small","Eucalyptus obliqua","Eucalyptus obliqua","within","Eucalyptus obliqua small_Eucalyptus obliqua large","within_species_large_small",0.0986902646406141,NA,-0.0727915476452246,0.314067180995436,0.386858728640661
"1070","Acacia melanoxylon small","Acacia melanoxylon small",0.132153987545231,0.909278445453671,0.532133152204289,0.774985800287892,0.894978587868028,1.00448842822388,1.66408238511727,"Bird","small_small","Acacia melanoxylon","Acacia melanoxylon","within","Acacia melanoxylon small_Acacia melanoxylon small","within_species_small_small",0.142266991051685,NA,-0.144256320407917,0.413420036892453,0.557676357300369
"1071","Eucalyptus obliqua small","Nothofagus cunninghamii large",0.141749988767721,2.57108744156768,1.19972463044605,2.14596673773075,2.47580048726444,2.87515846093661,5.35761986405617,"Bird","large_small","Eucalyptus obliqua","Nothofagus cunninghamii","between","Eucalyptus obliqua small_Nothofagus cunninghamii large","between_species_large_small",NA,NA,NA,NA,NA
"1072","Eucalyptus obliqua large","Acacia melanoxylon small",0.180836406910326,3.30944651970112,1.255136377103,2.41318184456557,3.33545796024396,4.04177569955626,5.96540508223582,"Bird","large_small","Eucalyptus obliqua","Acacia melanoxylon","between","Eucalyptus obliqua large_Acacia melanoxylon small","between_species_large_small",0.102479924628049,NA,-0.0239792106815036,0.377734712137207,0.401713922818711
"1073","Acacia melanoxylon small","Monotoca glauca small",0.215712366312337,3.46344445743462,1.24792603168335,2.03876221498125,2.59629201571314,3.67920177767196,12.636642433631,"Bird","small_small","Acacia melanoxylon","Monotoca glauca","between","Acacia melanoxylon small_Monotoca glauca small","between_species_small_small",NA,NA,NA,NA,NA
"1074","Eucalyptus obliqua small","Monotoca glauca small",0.219063029105776,7.53404148914526,1.53558845411605,4.57203321152698,6.76271343303598,9.02677630637758,31.0284435918061,"Bird","small_small","Eucalyptus obliqua","Monotoca glauca","between","Eucalyptus obliqua small_Monotoca glauca small","between_species_small_small",NA,NA,NA,NA,NA
"1075","Nothofagus cunninghamii small","Nothofagus cunninghamii small",0.408878402452766,12.2269368131951,1.49337660910324,5.14981732641249,8.65771126088038,16.5492294344602,105.099494671362,"Bird","small_small","Nothofagus cunninghamii","Nothofagus cunninghamii","within","Nothofagus cunninghamii small_Nothofagus cunninghamii small","within_species_small_small",0.0616620175461827,1,0.288566517283603,0.530277184492793,0.24171066720919
