"","from","to","alpha","lo","hi","lo_numerical","hi_numerical","se","Potential","site","range_ci","size_from","size_to","class_from","class_to","int","size_int","which"
"1","Canopy large","Canopy large",-0.263872543792081,-0.552107091165228,0.0243620035810664,-0.271743807281638,-0.256001280302523,0.147061144820366,"Potential 1","Frankland",0.576469094746294," large"," large","Canopy","Canopy","Canopy large_Canopy large","large large","within"
"2","Canopy small","Canopy large",-0.0857796452516811,-0.209857657676992,0.0382983671736295,-0.0884988900581397,-0.0830604004452226,0.0633062716478579,"Potential 1","Frankland",0.248156024850621," small"," large","Canopy","Canopy","Canopy small_Canopy large","small large","within"
"3","Subcanopy small","Canopy large",0.1956422704497,-0.14693382893516,0.53821836983456,0.190703503247722,0.200581037651678,0.174786935926913,"Potential 1","Frankland",0.685152198769719," small"," large","Subcanopy","Canopy","Subcanopy small_Canopy large","small large","between"
"5","Canopy small","Canopy small",0.280797901218007,0.13984060270469,0.421755199731325,0.273551675745585,0.288044126690429,0.0719183105532401,"Potential 1","Frankland",0.281914597026635," small"," small","Canopy","Canopy","Canopy small_Canopy small","small small","within"
"6","Subcanopy small","Canopy small",0.181486358457242,0.0008175176414143,0.36215519927307,0.177893941659096,0.185078775255389,0.0921796738312136,"Potential 1","Frankland",0.361337681631656," small"," small","Subcanopy","Canopy","Subcanopy small_Canopy small","small small","between"
"9","Subcanopy small","Subcanopy small",-0.145425751169566,-0.777585721249498,0.486734218910366,-0.151495457477851,-0.139356044861281,0.322536523663868,"Potential 1","Frankland",1.26431994015986," small"," small","Subcanopy","Subcanopy","Subcanopy small_Subcanopy small","small small","within"
"11","Canopy large","Canopy large",-0.589352910191629,-1.17911727254968,0.000411452166425907,-0.60283922483952,-0.575866595543739,0.300905714089668,"Potential 1","Collins",1.17952872471611," large"," large","Canopy","Canopy","Canopy large_Canopy large","large large","within"
"21","Canopy small","Canopy large",-0.0142778138633779,-0.235130546226872,0.206574918500117,-0.0165843389117776,-0.0119712888149783,0.112682036050434,"Potential 1","Collins",0.441705464726989," small"," large","Canopy","Canopy","Canopy small_Canopy large","small large","within"
"31","Subcanopy small","Canopy large",-0.29371701742996,-0.609029537992656,0.0215955031327365,-0.299710668636566,-0.287723366223354,0.160876691127919,"Potential 1","Collins",0.630625041125393," small"," large","Subcanopy","Canopy","Subcanopy small_Canopy large","small large","between"
"51","Canopy small","Canopy small",0.339181060214015,0.190858449049552,0.487503671378478,0.333510603618159,0.344851516809872,0.0756761921823119,"Potential 1","Collins",0.296645222328926," small"," small","Canopy","Canopy","Canopy small_Canopy small","small small","within"
"61","Subcanopy small","Canopy small",0.0143645788111932,-0.117188165716467,0.145917323338853,0.0116516282878759,0.0170775293345105,0.0671199805533833,"Potential 1","Collins",0.26310548905532," small"," small","Subcanopy","Canopy","Subcanopy small_Canopy small","small small","between"
"91","Subcanopy small","Subcanopy small",0.288613031555161,0.0399849707013237,0.537241092408999,0.282713655331106,0.294512407779216,0.12685338241671,"Potential 1","Collins",0.497256121707675," small"," small","Subcanopy","Subcanopy","Subcanopy small_Subcanopy small","small small","within"
"13","Canopy large","Canopy large",-0.379530343581156,-1.11207360759875,0.35301292043644,-0.388199969598542,-0.370860717563769,0.373753431081287,"Potential 1","Clare",1.46508652803519," large"," large","Canopy","Canopy","Canopy large_Canopy large","large large","within"
"22","Canopy small","Canopy large",-0.12366380640829,-0.483912158295069,0.236584545478488,-0.12706557083117,-0.120262041985411,0.183803556967562,"Potential 1","Clare",0.720496703773556," small"," large","Canopy","Canopy","Canopy small_Canopy large","small large","within"
"32","Subcanopy large","Canopy large",0.0499650064019596,-0.364178487362199,0.464108500166118,0.0465221965679857,0.0534078162359336,0.211301583616265,"Potential 1","Clare",0.828286987528317," large"," large","Subcanopy","Canopy","Subcanopy large_Canopy large","large large","between"
"4","Subcanopy small","Canopy large",-0.114795747333453,-0.387752622159886,0.15816112749298,-0.117918627458589,-0.111672867208317,0.139266270696545,"Potential 1","Clare",0.545913749652867," small"," large","Subcanopy","Canopy","Subcanopy small_Canopy large","small large","between"
"62","Canopy small","Canopy small",0.21342372572489,-0.132620335122382,0.559467786572162,0.207990997593178,0.218856453856602,0.176556336533132,"Potential 1","Clare",0.692088121694543," small"," small","Canopy","Canopy","Canopy small_Canopy small","small small","within"
"7","Subcanopy large","Canopy small",0.0336194074003872,-0.248201396304649,0.315440211105423,0.0306822395178601,0.0365565752829143,0.143788766491631,"Potential 1","Clare",0.563641607410072," large"," small","Subcanopy","Canopy","Subcanopy large_Canopy small","small large","between"
"8","Subcanopy small","Canopy small",-0.0698797223477594,-0.237984859689889,0.0982254149943704,-0.0724508679189243,-0.0673085767765944,0.0857695032501218,"Potential 1","Clare",0.336210274684259," small"," small","Subcanopy","Canopy","Subcanopy small_Canopy small","small small","between"
"111","Subcanopy large","Subcanopy large",-0.0196584132640343,-0.502875848084599,0.463559021556531,-0.0231788093064653,-0.0161380172216033,0.246544037866064,"Potential 1","Clare",0.96643486964113," large"," large","Subcanopy","Subcanopy","Subcanopy large_Subcanopy large","large large","within"
"12","Subcanopy small","Subcanopy large",0.0497697231704566,-0.16223834261607,0.261777788956983,0.0472217357712077,0.0523177105697055,0.108169368140853,"Potential 1","Clare",0.424016131573053," small"," large","Subcanopy","Subcanopy","Subcanopy small_Subcanopy large","small large","within"
"16","Subcanopy small","Subcanopy small",0.2064959674992,0.0688464043606745,0.344145530637725,0.199886262313458,0.213105672684942,0.0702306594530755,"Potential 1","Clare",0.275299126277051," small"," small","Subcanopy","Subcanopy","Subcanopy small_Subcanopy small","small small","within"
"14","Canopy large","Canopy large",-0.016636244872443,-0.198197556751397,0.164925067006511,-0.0232401595374537,-0.0100323302074323,0.0926350245775364,"Potential 1","Sutton",0.363122623757908," large"," large","Canopy","Canopy","Canopy large_Canopy large","large large","within"
"23","Canopy small","Canopy large",-0.0633515701502766,-0.11944814921759,-0.00725499108296353,-0.0654738722955879,-0.0612292680049654,0.028621229527581,"Potential 1","Sutton",0.112193158134626," small"," large","Canopy","Canopy","Canopy small_Canopy large","small large","within"
"33","Subcanopy small","Canopy large",-0.0885757062407232,-0.179362580794683,0.00221116831323658,-0.0910549390025131,-0.0860964734789332,0.0463206851095607,"Potential 1","Sutton",0.18157374910792," small"," large","Subcanopy","Canopy","Subcanopy small_Canopy large","small large","between"
"52","Canopy small","Canopy small",0.353996949717996,0.243500923076144,0.464492976359847,0.345560610081698,0.362433289354293,0.0563765597293778,"Potential 1","Sutton",0.220992053283703," small"," small","Canopy","Canopy","Canopy small_Canopy small","small small","within"
"63","Subcanopy small","Canopy small",-0.0245462677539385,-0.0814909601878807,0.0323984246800037,-0.0262712329580577,-0.0228213025498192,0.0290539483802328,"Potential 1","Sutton",0.113889384867884," small"," small","Subcanopy","Canopy","Subcanopy small_Canopy small","small small","between"
"92","Subcanopy small","Subcanopy small",0.441985639437092,0.267120088625868,0.616851190248316,0.426581899774651,0.457389379099533,0.0892187571764283,"Potential 1","Sutton",0.349731101622448," small"," small","Subcanopy","Subcanopy","Subcanopy small_Subcanopy small","small small","within"
"15","Canopy large","Canopy large",-0.545016688106689,-0.990112982714453,-0.099920393498925,-0.566458841837415,-0.523574534375963,0.227094119136181,"Potential 1","Giants",0.890192589215528," large"," large","Canopy","Canopy","Canopy large_Canopy large","large large","within"
"24","Canopy small","Canopy large",0.315231027220935,0.0874379401170634,0.543024114324806,0.302966604830528,0.327495449611341,0.116223098434805,"Potential 1","Giants",0.455586174207743," small"," large","Canopy","Canopy","Canopy small_Canopy large","small large","within"
"34","Subcanopy large","Canopy large",-0.328007386265583,-0.598882799678443,-0.0571319728527223,-0.335385311839973,-0.320629460691192,0.13820428107327,"Potential 1","Giants",0.541750826825721," large"," large","Subcanopy","Canopy","Subcanopy large_Canopy large","large large","between"
"41","Subcanopy small","Canopy large",0.0482284205321224,-0.139113499516906,0.235570340581151,0.0448307947188286,0.0516260463454162,0.0955843686551169,"Potential 1","Giants",0.374683840098057," small"," large","Subcanopy","Canopy","Subcanopy small_Canopy large","small large","between"
"64","Canopy small","Canopy small",0.379588373382818,0.219208894561514,0.539967852204121,0.369201344706975,0.38997540205866,0.0818277683091915,"Potential 1","Giants",0.320758957642607," small"," small","Canopy","Canopy","Canopy small_Canopy small","small small","within"
"71","Subcanopy large","Canopy small",0.00840890911348661,-0.150446287905886,0.167264106132859,0.00414901755739018,0.012668800669583,0.081050059221701,"Potential 1","Giants",0.317710394038745," large"," small","Subcanopy","Canopy","Subcanopy large_Canopy small","small large","between"
"81","Subcanopy small","Canopy small",-0.0687603231402405,-0.174034951096931,0.0365143048164497,-0.0710707148351555,-0.0664499314453255,0.0537125318562397,"Potential 1","Giants",0.21054925591338," small"," small","Subcanopy","Canopy","Subcanopy small_Canopy small","small small","between"
"112","Subcanopy large","Subcanopy large",-0.208248181525699,-0.596770092023461,0.180273728972063,-0.21798068655272,-0.198515676498678,0.198229107046034,"Potential 1","Giants",0.777043820995524," large"," large","Subcanopy","Subcanopy","Subcanopy large_Subcanopy large","large large","within"
"121","Subcanopy small","Subcanopy large",0.0149158748524108,-0.115307811373034,0.145139561077856,0.01263521664922,0.0171965330556016,0.0664418771225558,"Potential 1","Giants",0.26044737245089," small"," large","Subcanopy","Subcanopy","Subcanopy small_Subcanopy large","small large","within"
"161","Subcanopy small","Subcanopy small",0.309542110458877,0.176187712128923,0.442896508788831,0.302508423441962,0.316575797475793,0.0680392085680332,"Potential 1","Giants",0.266708796659908," small"," small","Subcanopy","Subcanopy","Subcanopy small_Subcanopy small","small small","within"
"17","Canopy large","Canopy large",-0.138105755266406,-0.375741939487829,0.0995304289550175,-0.144201856899448,-0.132009653633363,0.121245179041996,"Potential 1","Warren",0.475272368442846," large"," large","Canopy","Canopy","Canopy large_Canopy large","large large","within"
"25","Canopy small","Canopy large",-0.232592637670999,-0.375685036178663,-0.0895002391633342,-0.236107609016536,-0.229077666325462,0.0730076673022358,"Potential 1","Warren",0.286184797015329," small"," large","Canopy","Canopy","Canopy small_Canopy large","small large","within"
"35","Subcanopy small","Canopy large",-0.0420227972088619,-0.146677712536101,0.062632118118377,-0.0446633737853868,-0.0393822206323369,0.0533963461332675,"Potential 1","Warren",0.209309830654478," small"," large","Subcanopy","Canopy","Subcanopy small_Canopy large","small large","between"
"53","Canopy small","Canopy small",0.0323758650826737,-0.216500670386712,0.281252400552059,0.0256413724430919,0.0391103577222555,0.126980157509266,"Potential 1","Warren",0.49775307093877," small"," small","Canopy","Canopy","Canopy small_Canopy small","small small","within"
"65","Subcanopy small","Canopy small",-0.0987386094770992,-0.215892796661595,0.0184155777073961,-0.101615069458059,-0.0958621494961398,0.0597736428365994,"Potential 1","Warren",0.234308374368991," small"," small","Subcanopy","Canopy","Subcanopy small_Canopy small","small small","between"
"93","Subcanopy small","Subcanopy small",0.351606114595416,0.209193356705481,0.494018872485351,0.344391102967065,0.358821126223767,0.0726609055131975,"Potential 1","Warren",0.28482551577987," small"," small","Subcanopy","Subcanopy","Subcanopy small_Subcanopy small","small small","within"
"18","Canopy large","Canopy large",-0.168306411454002,-0.474947806113064,0.13833498320506,-0.17268303921379,-0.163929783694215,0.156452566005197,"Potential 1","Dawson",0.613282789318124," large"," large","Canopy","Canopy","Canopy large_Canopy large","large large","within"
"26","Canopy small","Canopy large",0.0905638680624989,-0.0933625362265935,0.274490272351591,0.0882091395139072,0.0929185966110906,0.0938417265520593,"Potential 1","Dawson",0.367852808578185," small"," large","Canopy","Canopy","Canopy small_Canopy large","small large","within"
"36","Subcanopy large","Canopy large",-0.153637557041902,-0.438827016600666,0.131551902516862,-0.156613023579144,-0.150662090504659,0.145507500039951,"Potential 1","Dawson",0.570378919117528," large"," large","Subcanopy","Canopy","Subcanopy large_Canopy large","large large","between"
"42","Subcanopy small","Canopy large",-0.0599877136152395,-0.238538305461914,0.118562878231435,-0.0631243625411461,-0.056851064689333,0.0910989147020345,"Potential 1","Dawson",0.357101183693348," small"," large","Subcanopy","Canopy","Subcanopy small_Canopy large","small large","between"
"66","Canopy small","Canopy small",0.182859994715477,-0.00235821460137003,0.368078204032324,0.178646382940991,0.187073606489963,0.0945008228609428,"Potential 1","Dawson",0.370436418633694," small"," small","Canopy","Canopy","Canopy small_Canopy small","small small","within"
"72","Subcanopy large","Canopy small",-0.0124779095500502,-0.220046101911388,0.195090282811287,-0.0147700450061989,-0.0101857740939016,0.10590408497228,"Potential 1","Dawson",0.415136384722675," large"," small","Subcanopy","Canopy","Subcanopy large_Canopy small","small large","between"
"82","Subcanopy small","Canopy small",-0.0171723395738633,-0.147557120007581,0.113212440859854,-0.0198944364366387,-0.014450242711088,0.066524069555449,"Potential 1","Dawson",0.260769560867435," small"," small","Subcanopy","Canopy","Subcanopy small_Canopy small","small small","between"
"113","Subcanopy large","Subcanopy large",0.226884023434231,-0.142748173375254,0.596516220243716,0.217798035743543,0.235970011124919,0.188591320924822,"Potential 1","Dawson",0.739264393618971," large"," large","Subcanopy","Subcanopy","Subcanopy large_Subcanopy large","large large","within"
"122","Subcanopy small","Subcanopy large",0.0635150544092115,-0.163666273757916,0.290696382576339,0.0591833607959261,0.0678467480224968,0.115910970792884,"Potential 1","Dawson",0.454362656334254," small"," large","Subcanopy","Subcanopy","Subcanopy small_Subcanopy large","small large","within"
"162","Subcanopy small","Subcanopy small",0.202511211651481,0.0113057046552679,0.393716718647695,0.195762056851095,0.209260366451868,0.0975556227075693,"Potential 1","Dawson",0.382411013992427," small"," small","Subcanopy","Subcanopy","Subcanopy small_Subcanopy small","small small","within"
"19","Canopy large","Canopy large",-0.369167017582825,-0.784706015562721,0.0463719803970708,-0.376366600052207,-0.361967435113444,0.21201358864633,"Potential 1","Carey",0.831077995959792," large"," large","Canopy","Canopy","Canopy large_Canopy large","large large","within"
"27","Canopy small","Canopy large",-0.0668086208642779,-0.258876672498625,0.125259430770069,-0.0690298346440018,-0.0645874070845539,0.0979957045891431,"Potential 1","Carey",0.384136103268694," small"," large","Canopy","Canopy","Canopy small_Canopy large","small large","within"
"37","Subcanopy small","Canopy large",-0.0451535074870034,-0.2232402386713,0.132933223697293,-0.0475965809257538,-0.042710434048253,0.0908622467499516,"Potential 1","Carey",0.356173462368593," small"," large","Subcanopy","Canopy","Subcanopy small_Canopy large","small large","between"
"54","Canopy small","Canopy small",0.128751968386002,-0.0835310919099818,0.341035028681986,0.124949701977808,0.132554234794196,0.108309674040159,"Potential 1","Carey",0.424566120591968," small"," small","Canopy","Canopy","Canopy small_Canopy small","small small","within"
"67","Subcanopy small","Canopy small",-0.0919576411624652,-0.205612835476041,0.021697553151111,-0.0934913034231274,-0.090423978901803,0.057988409588173,"Potential 1","Carey",0.227310388627153," small"," small","Subcanopy","Canopy","Subcanopy small_Canopy small","small small","between"
"94","Subcanopy small","Subcanopy small",0.205779809787155,0.0246537158422009,0.386905903732108,0.201379360626206,0.210180258948104,0.0924129705309145,"Potential 1","Carey",0.362252187889907," small"," small","Subcanopy","Subcanopy","Subcanopy small_Subcanopy small","small small","within"
"110","Canopy large","Canopy large",-0.466053849874686,-1.09429792081604,0.16219022106667,-0.472600399258503,-0.459507300490869,0.320538579227407,"Potential 1","Dombakup",1.25648814188271," large"," large","Canopy","Canopy","Canopy large_Canopy large","large large","within"
"28","Canopy small","Canopy large",0.152063838524678,-0.117609045266519,0.421736722315874,0.148326062289256,0.1558016147601,0.137590734277947,"Potential 1","Dombakup",0.539345767582393," small"," large","Canopy","Canopy","Canopy small_Canopy large","small large","within"
"38","Subcanopy large","Canopy large",0.182332440804089,-0.0631274950366598,0.427792376644837,0.178418331561538,0.186246550046639,0.125236962401812,"Potential 1","Dombakup",0.490919871681497," large"," large","Subcanopy","Canopy","Subcanopy large_Canopy large","large large","between"
"43","Subcanopy small","Canopy large",0.0609760501026539,-0.0846235728736303,0.206575673078938,0.0583998265797616,0.0635522736255463,0.0742868869656563,"Potential 1","Dombakup",0.291199245952569," small"," large","Subcanopy","Canopy","Subcanopy small_Canopy large","small large","between"
"68","Canopy small","Canopy small",0.0826309948625401,-0.15857795556307,0.323839945288151,0.0781932973904162,0.0870686923346641,0.123068052437818,"Potential 1","Dombakup",0.482417900851221," small"," small","Canopy","Canopy","Canopy small_Canopy small","small small","within"
"73","Subcanopy large","Canopy small",-0.10341996970345,-0.255521824490798,0.048681885083897,-0.105992855712304,-0.100847083694597,0.0776044131357042,"Potential 1","Dombakup",0.304203709574695," large"," small","Subcanopy","Canopy","Subcanopy large_Canopy small","small large","between"
"83","Subcanopy small","Canopy small",-0.0509260120697901,-0.115454838436287,0.0136028142967072,-0.0526269128003722,-0.049225111339208,0.0329234755717414,"Potential 1","Dombakup",0.129057652732995," small"," small","Subcanopy","Canopy","Subcanopy small_Canopy small","small small","between"
"114","Subcanopy large","Subcanopy large",-0.0571564696016063,-0.318162118670566,0.203849179467353,-0.0633252836102215,-0.0509876555929911,0.133168594488337,"Potential 1","Dombakup",0.522011298137919," large"," large","Subcanopy","Subcanopy","Subcanopy large_Subcanopy large","large large","within"
"123","Subcanopy small","Subcanopy large",-0.057806433457389,-0.127815757514108,0.0122028905993294,-0.0598792530980787,-0.0557336138166994,0.0357196992439367,"Potential 1","Dombakup",0.140018648113437," small"," large","Subcanopy","Subcanopy","Subcanopy small_Subcanopy large","small large","within"
"163","Subcanopy small","Subcanopy small",0.391985714905095,0.292080901899759,0.491890527910431,0.382118801965249,0.401852627844941,0.0509727800068634,"Potential 1","Dombakup",0.199809626010671," small"," small","Subcanopy","Subcanopy","Subcanopy small_Subcanopy small","small small","within"
"115","Canopy large","Canopy large",0.00139735756782227,-0.236379773436128,0.239174488571773,-0.00398349164771436,0.00677820678335889,0.121317091987152,"Potential 1","Bird",0.475554262007901," large"," large","Canopy","Canopy","Canopy large_Canopy large","large large","within"
"29","Canopy small","Canopy large",0.0728245463036162,-0.0837314790750286,0.229380571682261,0.0693040411170662,0.0763450514901663,0.0798769909108223,"Potential 1","Bird",0.31311205075729," small"," large","Canopy","Canopy","Canopy small_Canopy large","small large","within"
"39","Subcanopy large","Canopy large",0.102371756593007,-0.0678905499258213,0.272634063111836,0.0981812269349347,0.10656228625108,0.0868701199929365,"Potential 1","Bird",0.340524613037657," large"," large","Subcanopy","Canopy","Subcanopy large_Canopy large","large large","between"
"44","Subcanopy small","Canopy large",0.0546815822875372,-0.0309531838127462,0.140316348387821,0.0519165381182998,0.0574466264567746,0.0436920100449598,"Potential 1","Bird",0.171269532200567," small"," large","Subcanopy","Canopy","Subcanopy small_Canopy large","small large","between"
"69","Canopy small","Canopy small",0.0199968826473964,-0.199138645832637,0.23913241112743,0.0142015251863389,0.025792240108454,0.111805895520809,"Potential 1","Bird",0.438271056960068," small"," small","Canopy","Canopy","Canopy small_Canopy small","small small","within"
"74","Subcanopy large","Canopy small",-0.0354949511996787,-0.172190497746833,0.101200595347476,-0.0387231805714374,-0.0322667218279199,0.0697439073500286,"Potential 1","Bird",0.273391093094309," large"," small","Subcanopy","Canopy","Subcanopy large_Canopy small","small large","between"
"84","Subcanopy small","Canopy small",0.0272654385959242,-0.0602848009284687,0.114815678120317,0.0242779227784668,0.0302529544133816,0.044669310362322,"Potential 1","Bird",0.175100479048786," small"," small","Subcanopy","Canopy","Subcanopy small_Canopy small","small small","between"
"116","Subcanopy large","Subcanopy large",-0.128072093217792,-0.371591779320499,0.115447592884915,-0.135677149973069,-0.120467036462515,0.124247020875669,"Potential 1","Bird",0.487039372205414," large"," large","Subcanopy","Subcanopy","Subcanopy large_Subcanopy large","large large","within"
"124","Subcanopy small","Subcanopy large",-0.0287176355256314,-0.111418394317067,0.0539831232658038,-0.0318217954715323,-0.0256134755797306,0.0421950400332701,"Potential 1","Bird",0.16540151758287," small"," large","Subcanopy","Subcanopy","Subcanopy small_Subcanopy large","small large","within"
"164","Subcanopy small","Subcanopy small",0.305137180348505,0.188352423988075,0.421921936708935,0.294607419198792,0.315666941498218,0.0595851542587586,"Potential 1","Bird",0.233569512720861," small"," small","Subcanopy","Subcanopy","Subcanopy small_Subcanopy small","small small","within"
"117","Canopy large","Canopy large",-0.269595237321829,-0.580206974146373,0.0410164995027152,-0.277127278216223,-0.262063196427435,0.158478288006622,"Potential 1","Flowerdale",0.621223473649088," large"," large","Canopy","Canopy","Canopy large_Canopy large","large large","within"
"210","Canopy small","Canopy large",0.0453521006835135,-0.119558963220354,0.210263164587381,0.0413472793983701,0.049356921968657,0.0841398439995146,"Potential 1","Flowerdale",0.329822127807734," small"," large","Canopy","Canopy","Canopy small_Canopy large","small large","within"
"310","Subcanopy large","Canopy large",0.0194891203531342,-0.220075577984291,0.259053818690559,0.015162021442399,0.0238162192638694,0.122229132895849,"Potential 1","Flowerdale",0.47912939667485," large"," large","Subcanopy","Canopy","Subcanopy large_Canopy large","large large","between"
"45","Subcanopy small","Canopy large",0.0194541899118303,-0.0979902027772461,0.136898582600907,0.0162504770757034,0.0226579027479571,0.0599217095903102,"Potential 1","Flowerdale",0.234888785378153," small"," large","Subcanopy","Canopy","Subcanopy small_Canopy large","small large","between"
"610","Canopy small","Canopy small",0.0412289894595878,-0.150007085069271,0.232465063988447,0.0340724309728064,0.0483855479463693,0.0975712186740699,"Potential 1","Flowerdale",0.382472149057718," small"," small","Canopy","Canopy","Canopy small_Canopy small","small small","within"
"75","Subcanopy large","Canopy small",0.0275215458954054,-0.144334897089634,0.199377988880445,0.0239697690356508,0.03107332275516,0.0876834698701719,"Potential 1","Flowerdale",0.34371288597008," large"," small","Subcanopy","Canopy","Subcanopy large_Canopy small","small large","between"
"85","Subcanopy small","Canopy small",-0.106226840088832,-0.188995338999732,-0.023458341177932,-0.109104513052707,-0.103349167124957,0.0422296019537947,"Potential 1","Flowerdale",0.1655369978218," small"," small","Subcanopy","Canopy","Subcanopy small_Canopy small","small small","between"
"118","Subcanopy large","Subcanopy large",-0.186471678970313,-0.653189737320215,0.280246379379589,-0.193166946541053,-0.179776411399573,0.238125833959866,"Potential 1","Flowerdale",0.933436116699804," large"," large","Subcanopy","Subcanopy","Subcanopy large_Subcanopy large","large large","within"
"125","Subcanopy small","Subcanopy large",0.120601546873879,-0.0459097873678796,0.287112881115638,0.116491612353223,0.124711481394536,0.0849563234606243,"Potential 1","Flowerdale",0.333022668483518," small"," large","Subcanopy","Subcanopy","Subcanopy small_Subcanopy large","small large","within"
"165","Subcanopy small","Subcanopy small",0.283987703664989,0.175690560216552,0.392284847113427,0.274123788477862,0.293851618852117,0.0552546599338923,"Potential 1","Flowerdale",0.216594286896874," small"," small","Subcanopy","Subcanopy","Subcanopy small_Subcanopy small","small small","within"
"119","Canopy large","Canopy large",-0.258825328746448,-1.03755567509333,0.519905017600433,-0.265649776060213,-0.252000881432682,0.397318702021775,"Potential 1","Dip",1.55746069269376," large"," large","Canopy","Canopy","Canopy large_Canopy large","large large","within"
"211","Canopy small","Canopy large",0.145368432454132,-0.242391710130489,0.533128575038752,0.14104196907855,0.149694895829714,0.197840442805696,"Potential 1","Dip",0.775520285169241," small"," large","Canopy","Canopy","Canopy small_Canopy large","small large","within"
"311","Subcanopy large","Canopy large",0.0459083341914942,-0.221454196050045,0.313270864433034,0.0412180124280779,0.0505986559549105,0.136411960806658,"Potential 1","Dip",0.534725060483079," large"," large","Subcanopy","Canopy","Subcanopy large_Canopy large","large large","between"
"46","Subcanopy small","Canopy large",0.0286878923975029,-0.0387645019344094,0.0961402867294152,0.02751841851805,0.0298573662769557,0.0344151192899299,"Potential 1","Dip",0.134904788663825," small"," large","Subcanopy","Canopy","Subcanopy small_Canopy large","small large","between"
"611","Canopy small","Canopy small",-0.08114912325598,-0.442029864397631,0.279731617885671,-0.0861047954424725,-0.0761934510694876,0.184126210475413,"Potential 1","Dip",0.721761482283303," small"," small","Canopy","Canopy","Canopy small_Canopy small","small small","within"
"76","Subcanopy large","Canopy small",-0.146732038720443,-0.329642538800314,0.0361784613594282,-0.150370934770368,-0.143093142670518,0.0933233985535683,"Potential 1","Dip",0.365821000159743," large"," small","Subcanopy","Canopy","Subcanopy large_Canopy small","small large","between"
"86","Subcanopy small","Canopy small",-0.0081388493969033,-0.0523676582158146,0.0360899594220081,-0.00917711267868528,-0.00710058611512132,0.0225661334431564,"Potential 1","Dip",0.0884576176378227," small"," small","Subcanopy","Canopy","Subcanopy small_Canopy small","small small","between"
"1110","Subcanopy large","Subcanopy large",-0.153866283942087,-0.448340080271292,0.140607512387117,-0.165547414623956,-0.142185153260219,0.15024449359885,"Potential 1","Dip",0.588947592658409," large"," large","Subcanopy","Subcanopy","Subcanopy large_Subcanopy large","large large","within"
"126","Subcanopy small","Subcanopy large",0.00925250389607453,-0.0407466047487644,0.0592516125409135,0.00691192407869514,0.0115930837134539,0.0255102180648346,"Potential 1","Dip",0.0999982172896779," small"," large","Subcanopy","Subcanopy","Subcanopy small_Subcanopy large","small large","within"
"166","Subcanopy small","Subcanopy small",0.529440584097262,0.435519498295581,0.623361669898943,0.510761084757927,0.548120083436597,0.0479198018649927,"Potential 1","Dip",0.187842171603362," small"," small","Subcanopy","Subcanopy","Subcanopy small_Subcanopy small","small small","within"
"120","Canopy large","Canopy large",-0.267817598812074,-0.754057342876638,0.218422145252489,-0.27648864047886,-0.259146557145288,0.24808606071334,"Potential 1","Weld",0.972479488129127," large"," large","Canopy","Canopy","Canopy large_Canopy large","large large","within"
"212","Canopy small","Canopy large",0.346601817634622,0.0519647079211787,0.641238927348065,0.341205850339904,0.351997784929339,0.150327818285184,"Potential 1","Weld",0.589274219426886," small"," large","Canopy","Canopy","Canopy small_Canopy large","small large","within"
"312","Subcanopy large","Canopy large",0.0124684628862078,-0.236147149178231,0.261084074950646,0.00854220711159259,0.0163947186608229,0.126847030876836,"Potential 1","Weld",0.497231224128877," large"," large","Subcanopy","Canopy","Subcanopy large_Canopy large","large large","between"
"47","Subcanopy small","Canopy large",0.0935156648090372,-0.031217162674978,0.218248492293052,0.0911421024388416,0.0958892271792329,0.0636403671026059,"Potential 1","Weld",0.24946565496803," small"," large","Subcanopy","Canopy","Subcanopy small_Canopy large","small large","between"
"612","Canopy small","Canopy small",0.189702160777094,-0.0232769130864063,0.402681234640594,0.184118152318033,0.195286169236154,0.108664789528508,"Potential 1","Weld",0.425958147727," small"," small","Canopy","Canopy","Canopy small_Canopy small","small small","within"
"77","Subcanopy large","Canopy small",-0.0917266712557414,-0.247699866272897,0.0642465237614141,-0.0941991561894702,-0.0892541863220125,0.0795796230172861,"Potential 1","Weld",0.311946390034311," large"," small","Subcanopy","Canopy","Subcanopy large_Canopy small","small large","between"
"87","Subcanopy small","Canopy small",-0.0410668745034612,-0.114006504864211,0.0318727558572882,-0.0429871412921306,-0.0391466077147919,0.0372147809531644,"Potential 1","Weld",0.145879260721499," small"," small","Subcanopy","Canopy","Subcanopy small_Canopy small","small small","between"
"1111","Subcanopy large","Subcanopy large",-0.136067378490505,-0.434542192675809,0.162407435694799,-0.142491490962507,-0.129643266018503,0.152285866750428,"Potential 1","Weld",0.596949628370607," large"," large","Subcanopy","Subcanopy","Subcanopy large_Subcanopy large","large large","within"
"127","Subcanopy small","Subcanopy large",0.0854606471829181,-0.0243653732914334,0.195286667657269,0.0825226168883733,0.0883986774774629,0.0560347135664967,"Potential 1","Weld",0.219652040948703," small"," large","Subcanopy","Subcanopy","Subcanopy small_Subcanopy large","small large","within"
"167","Subcanopy small","Subcanopy small",0.328238776925219,0.195840373060642,0.460637180789796,0.321233796273689,0.335243757576749,0.0675514473270525,"Potential 1","Weld",0.264796807729155," small"," small","Subcanopy","Subcanopy","Subcanopy small_Subcanopy small","small small","within"
"128","Canopy large","Canopy large",-0.306116889559454,-0.557733399161666,-0.0545003799572412,-0.316724462489852,-0.295509316629055,0.12837812918346,"Potential 1","ZigZag",0.503233019204425," large"," large","Canopy","Canopy","Canopy large_Canopy large","large large","within"
"213","Canopy small","Canopy large",0.0449867250435056,-0.0658362698706707,0.155809719957682,0.0415423921236172,0.0484310579633939,0.0565433833419053,"Potential 1","ZigZag",0.221645989828353," small"," large","Canopy","Canopy","Canopy small_Canopy large","small large","within"
"313","Subcanopy large","Canopy large",0.0170558777470721,-0.1212111099816,0.155322865475744,0.0124446467501724,0.0216671087439718,0.0705456777876044,"Potential 1","ZigZag",0.276533975457344," large"," large","Subcanopy","Canopy","Subcanopy large_Canopy large","large large","between"
"48","Subcanopy small","Canopy large",-0.0385759141974004,-0.100441957649993,0.0232901292551917,-0.0416058542475234,-0.0355459741472774,0.0315648878961979,"Potential 1","ZigZag",0.123732086905184," small"," large","Subcanopy","Canopy","Subcanopy small_Canopy large","small large","between"
"613","Canopy small","Canopy small",0.190538739513477,0.0466546043947535,0.3344228746322,0.182830867693703,0.19824661133325,0.0734116219755378,"Potential 1","ZigZag",0.287768270237446," small"," small","Canopy","Canopy","Canopy small_Canopy small","small small","within"
"78","Subcanopy large","Canopy small",0.0285920220858771,-0.0573432176678582,0.114527261839612,0.0251574073982075,0.0320266367735467,0.0438453157464022,"Potential 1","ZigZag",0.171870479507471," large"," small","Subcanopy","Canopy","Subcanopy large_Canopy small","small large","between"
"88","Subcanopy small","Canopy small",0.0164276161852278,-0.0294840452231899,0.0623392775936455,0.0135752863106958,0.0192799460597598,0.023424747480343,"Potential 1","ZigZag",0.0918233228168354," small"," small","Subcanopy","Canopy","Subcanopy small_Canopy small","small small","between"
"1112","Subcanopy large","Subcanopy large",-0.0196904743837093,-0.214972868849684,0.175591920082266,-0.0297615304292174,-0.00961941833820109,0.099635705557009,"Potential 1","ZigZag",0.39056478893195," large"," large","Subcanopy","Subcanopy","Subcanopy large_Subcanopy large","large large","within"
"129","Subcanopy small","Subcanopy large",-0.049018565590137,-0.106207772635563,0.00817064145528931,-0.0525342098650598,-0.0455029213152141,0.0291787030254267,"Potential 1","ZigZag",0.114378414090853," small"," large","Subcanopy","Subcanopy","Subcanopy small_Subcanopy large","small large","within"
"168","Subcanopy small","Subcanopy small",0.153858178848207,0.0144893644134959,0.293226993282919,0.125664439978604,0.182051917717811,0.0711078446002248,"Potential 1","ZigZag",0.278737628869423," small"," small","Subcanopy","Subcanopy","Subcanopy small_Subcanopy small","small small","within"
"130","Canopy large","Canopy large",0.0167328037685548,-0.136060312594928,0.169525920132038,0.0101942191183641,0.0232713884187454,0.0779571040941036,"Potential 1","NorthStyx",0.305586232726966," large"," large","Canopy","Canopy","Canopy large_Canopy large","large large","within"
"214","Canopy small","Canopy large",0.0246129582443149,-0.0322788123778147,0.0815047288664445,0.0228303858856757,0.0263955306029541,0.0290269469596812,"Potential 1","NorthStyx",0.113783541244259," small"," large","Canopy","Canopy","Canopy small_Canopy large","small large","within"
"314","Subcanopy large","Canopy large",0.0773562361364414,-0.0694517865855236,0.224164258858406,0.074183237181855,0.0805292350910278,0.0749034287772469,"Potential 1","NorthStyx",0.29361604544393," large"," large","Subcanopy","Canopy","Subcanopy large_Canopy large","large large","between"
"49","Subcanopy small","Canopy large",-0.12906936953672,-0.220229450589591,-0.0379092884838498,-0.13225077501895,-0.125887964054491,0.0465111000875167,"Potential 1","NorthStyx",0.182320162105741," small"," large","Subcanopy","Canopy","Subcanopy small_Canopy large","small large","between"
"614","Canopy small","Canopy small",0.403816374187967,0.302368923639199,0.505263824736735,0.394660511738862,0.412972236637072,0.0517598544406798,"Potential 1","NorthStyx",0.202894901097536," small"," small","Canopy","Canopy","Canopy small_Canopy small","small small","within"
"79","Subcanopy large","Canopy small",-0.122539728264948,-0.233893133724861,-0.0111863228050351,-0.12597059408279,-0.119108862447107,0.0568140059400349,"Potential 1","NorthStyx",0.222706810919826," large"," small","Subcanopy","Canopy","Subcanopy large_Canopy small","small large","between"
"89","Subcanopy small","Canopy small",0.124518738781388,0.044204723182629,0.204832754380147,0.120033659360107,0.129003818202669,0.0409772915381434,"Potential 1","NorthStyx",0.160628031197518," small"," small","Subcanopy","Canopy","Subcanopy small_Canopy small","small small","between"
"1113","Subcanopy large","Subcanopy large",-0.0958876183820328,-0.496685084179752,0.304909847415687,-0.103850858305927,-0.0879243784581389,0.204492260551295,"Potential 1","NorthStyx",0.801594931595439," large"," large","Subcanopy","Subcanopy","Subcanopy large_Subcanopy large","large large","within"
"1210","Subcanopy small","Subcanopy large",0.24930141655598,0.0459634121335865,0.452639420978373,0.242920153738028,0.255682679373931,0.10374578616051,"Potential 1","NorthStyx",0.406676008844786," small"," large","Subcanopy","Subcanopy","Subcanopy small_Subcanopy large","small large","within"
"169","Subcanopy small","Subcanopy small",0.279269928837462,0.0884851312695045,0.470054726405419,0.268206536869365,0.290333320805559,0.0973409710958179,"Potential 1","NorthStyx",0.381569595135915," small"," small","Subcanopy","Subcanopy","Subcanopy small_Subcanopy small","small small","within"
"131","Canopy large","Canopy large",-0.15939864582874,-0.395898841749715,0.077101550092236,-0.1703491227648,-0.148448168892679,0.120665582524199,"Potential 1","Newline",0.473000391841951," large"," large","Canopy","Canopy","Canopy large_Canopy large","large large","within"
"215","Canopy small","Canopy large",-0.0399474039750616,-0.107662362384388,0.0277675544342646,-0.0424951638596828,-0.0373996440904405,0.0345490830155315,"Potential 1","Newline",0.135429916818652," small"," large","Canopy","Canopy","Canopy small_Canopy large","small large","within"
"410","Canopy small","Canopy small",0.269549626035732,0.160379821546922,0.378719430524542,0.26181264483084,0.277286607240624,0.0556999033400242,"Potential 1","Newline",0.21833960897762," small"," small","Canopy","Canopy","Canopy small_Canopy small","small small","within"
"132","Canopy large","Canopy large",-0.323886836097147,-0.548668738368998,-0.0991049338252959,-0.338037350705658,-0.309736321488636,0.114686751412221,"Potential 1","WaratahMix",0.449563804543702," large"," large","Canopy","Canopy","Canopy large_Canopy large","large large","within"
"216","Canopy small","Canopy large",-0.143235877028534,-0.203929260404853,-0.0825424936522142,-0.146256742305199,-0.140215011751868,0.0309665809448854,"Potential 1","WaratahMix",0.121386766752639," small"," large","Canopy","Canopy","Canopy small_Canopy large","small large","within"
"411","Canopy small","Canopy small",0.148669922895229,0.00665712184926992,0.290682723941187,0.140206864488323,0.157132981302134,0.0724568421492118,"Potential 1","WaratahMix",0.284025602091918," small"," small","Canopy","Canopy","Canopy small_Canopy small","small small","within"
"133","Canopy large","Canopy large",-0.0953849226110598,-0.322987683430626,0.132217838208506,-0.102531590259267,-0.0882382549628529,0.116125991403346,"Potential 1","WogWay",0.455205521639132," large"," large","Canopy","Canopy","Canopy large_Canopy large","large large","within"
"217","Canopy small","Canopy large",-0.0223296497621478,-0.0741357128117881,0.0294764132874924,-0.0236698198321902,-0.0209894796921054,0.0264321505182135,"Potential 1","WogWay",0.103612126099281," small"," large","Canopy","Canopy","Canopy small_Canopy large","small large","within"
"412","Canopy small","Canopy small",0.459091803724864,0.35640988541836,0.561773722031369,0.449425549333635,0.468758058116094,0.0523896965028164,"Potential 1","WogWay",0.205363836613008," small"," small","Canopy","Canopy","Canopy small_Canopy small","small small","within"
"134","Canopy large","Canopy large",-0.389123716172669,-0.774309731023123,-0.00393770132221449,-0.397779564964113,-0.380467867381224,0.196527088195881,"Potential 1","Goodenia",0.770372029700908," large"," large","Canopy","Canopy","Canopy large_Canopy large","large large","within"
"218","Canopy small","Canopy large",-0.0240218562488757,-0.189908718842685,0.141865006344934,-0.0272722581229612,-0.0207714543747901,0.0846377096223727,"Potential 1","Goodenia",0.331773725187619," small"," large","Canopy","Canopy","Canopy small_Canopy large","small large","within"
"315","Subcanopy small","Canopy large",0.0125154051799819,-0.169781699969165,0.194812510329128,0.00925262750492194,0.0157781828550419,0.0930104362055032,"Potential 1","Goodenia",0.364594210298293," small"," large","Subcanopy","Canopy","Subcanopy small_Canopy large","small large","between"
"55","Canopy small","Canopy small",0.209805820575755,0.0159997008401271,0.403611940311383,0.204318373104232,0.215293268047278,0.0988824903234682,"Potential 1","Goodenia",0.387612239471256," small"," small","Canopy","Canopy","Canopy small_Canopy small","small small","within"
"615","Subcanopy small","Canopy small",-0.0995250567194249,-0.21130646519778,0.0122563517589298,-0.101643448511081,-0.0974066649277684,0.0570323788396482,"Potential 1","Goodenia",0.223562816956709," small"," small","Subcanopy","Canopy","Subcanopy small_Canopy small","small small","between"
"95","Subcanopy small","Subcanopy small",0.311910124502294,0.0401950831370713,0.583625165867517,0.305001922585818,0.31881832641877,0.138632670553376,"Potential 1","Goodenia",0.543430082730446," small"," small","Subcanopy","Subcanopy","Subcanopy small_Subcanopy small","small small","within"
"135","Canopy large","Canopy large",-0.260239325794349,-0.53051898062579,0.0100403290370919,-0.268430990536942,-0.252047661051757,0.137900317027952,"Potential 1","Candelo",0.540559309662882," large"," large","Canopy","Canopy","Canopy large_Canopy large","large large","within"
"219","Canopy small","Canopy large",0.0263860285476077,-0.0847028953306873,0.137474952425903,0.0237699503099354,0.02900210678528,0.0566790638779846,"Potential 1","Candelo",0.22217784775659," small"," large","Canopy","Canopy","Canopy small_Canopy large","small large","within"
"413","Canopy small","Canopy small",0.403268640668308,0.280627103741192,0.525910177595424,0.391848905756326,0.41468837558029,0.0625733625181363,"Potential 1","Candelo",0.245283073854231," small"," small","Canopy","Canopy","Canopy small_Canopy small","small small","within"
"136","Canopy large","Canopy large",-0.25576771342721,-0.609232291516837,0.0976968646624164,-0.264037049146248,-0.247498377708172,0.180342384287523,"Potential 1","ANU101",0.706929156179253," large"," large","Canopy","Canopy","Canopy large_Canopy large","large large","within"
"220","Canopy small","Canopy large",-0.159620475206212,-0.278134191943777,-0.0411067584686472,-0.162526774374646,-0.156714176037779,0.0604672931096623,"Potential 1","ANU101",0.23702743347513," small"," large","Canopy","Canopy","Canopy small_Canopy large","small large","within"
"316","Subcanopy large","Canopy large",0.053686513633868,-0.231751975902156,0.339125003169892,0.0494983883295968,0.0578746389381391,0.145634558485526,"Potential 1","ANU101",0.570876979072047," large"," large","Subcanopy","Canopy","Subcanopy large_Canopy large","large large","between"
"414","Subcanopy small","Canopy large",-0.0412055620317605,-0.162599610384411,0.08018848632089,-0.0442916670368115,-0.0381194570267096,0.0619368770600844,"Potential 1","ANU101",0.242788096705301," small"," large","Subcanopy","Canopy","Subcanopy small_Canopy large","small large","between"
"616","Canopy small","Canopy small",-0.00998833555280775,-0.206910306732262,0.186933635626647,-0.0166289937831327,-0.00334767732248278,0.100472239659886,"Potential 1","ANU101",0.393843942358909," small"," small","Canopy","Canopy","Canopy small_Canopy small","small small","within"
"710","Subcanopy large","Canopy small",-0.0911779755575214,-0.269846038955455,0.0874900878404119,-0.0935175204058599,-0.0888384307091829,0.0911588502682928,"Potential 1","ANU101",0.357336126795867," large"," small","Subcanopy","Canopy","Subcanopy large_Canopy small","small large","between"
"810","Subcanopy small","Canopy small",-0.0695082706660822,-0.15512562516814,0.0161090838359755,-0.0718006238681699,-0.0672159174639945,0.0436831264132384,"Potential 1","ANU101",0.171234709004115," small"," small","Subcanopy","Canopy","Subcanopy small_Canopy small","small small","between"
"1114","Subcanopy large","Subcanopy large",0.138732872339412,-0.307538881191619,0.585004625870444,0.133680794184979,0.143784950493846,0.227693854096895,"Potential 1","ANU101",0.892543507062063," large"," large","Subcanopy","Subcanopy","Subcanopy large_Subcanopy large","large large","within"
"1211","Subcanopy small","Subcanopy large",0.0501081843258416,-0.111626459743652,0.211842828395335,0.047075494846101,0.0531408738055822,0.0825191918551746,"Potential 1","ANU101",0.323469288138986," small"," large","Subcanopy","Subcanopy","Subcanopy small_Subcanopy large","small large","within"
"1610","Subcanopy small","Subcanopy small",0.218649690163463,0.0719126927181825,0.365386687608743,0.210810373612672,0.226489006714253,0.0748671907253006,"Potential 1","ANU101",0.29347399489056," small"," small","Subcanopy","Subcanopy","Subcanopy small_Subcanopy small","small small","within"
"137","Canopy large","Canopy large",-0.687512941438592,-1.10663469428838,-0.268391188588805,-0.702738124186631,-0.672287758690553,0.213841558393811,"Potential 1","Ada Tree",0.838243505699576," large"," large","Canopy","Canopy","Canopy large_Canopy large","large large","within"
"221","Canopy small","Canopy large",-0.286326064258624,-0.523672882571197,-0.04897924594605,-0.292924325058036,-0.279727803459212,0.121097540661326,"Potential 1","Ada Tree",0.474693636625148," small"," large","Canopy","Canopy","Canopy small_Canopy large","small large","within"
"317","Subcanopy large","Canopy large",0.197321751074256,-0.0515890030720602,0.446232505220573,0.192000145963276,0.202643356185237,0.126997616338715,"Potential 1","Ada Tree",0.497821508292633," large"," large","Subcanopy","Canopy","Subcanopy large_Canopy large","large large","between"
"415","Subcanopy small","Canopy large",0.0228289881701449,-0.100050013317668,0.145707989657958,0.0190593497346391,0.0265986266056507,0.0626945201325466,"Potential 1","Ada Tree",0.245758002975625," small"," large","Subcanopy","Canopy","Subcanopy small_Canopy large","small large","between"
"617","Canopy small","Canopy small",-0.280927995547479,-0.565341654719798,0.00348566362483921,-0.290278201075231,-0.271577790019727,0.145111676242899,"Potential 1","Ada Tree",0.568827318344637," small"," small","Canopy","Canopy","Canopy small_Canopy small","small small","within"
"711","Subcanopy large","Canopy small",0.141490386836725,-0.0390583118295059,0.322039085502955,0.137239381997475,0.145741391675975,0.0921183756897452,"Potential 1","Ada Tree",0.361097397332461," large"," small","Subcanopy","Canopy","Subcanopy large_Canopy small","small large","between"
"811","Subcanopy small","Canopy small",0.0953922578523795,-0.029023411235421,0.21980792694018,0.0914055324471023,0.0993789832576568,0.0634785486208805,"Potential 1","Ada Tree",0.248831338175601," small"," small","Subcanopy","Canopy","Subcanopy small_Canopy small","small small","between"
"1115","Subcanopy large","Subcanopy large",0.0483527279022103,-0.160517692523948,0.257223148328369,0.0435622738501725,0.053143181954248,0.106568499254936,"Potential 1","Ada Tree",0.417740840852317," large"," large","Subcanopy","Subcanopy","Subcanopy large_Subcanopy large","large large","within"
"1212","Subcanopy small","Subcanopy large",-0.07482142210648,-0.165582485527719,0.0159396413147592,-0.0770849695582416,-0.0725578746547184,0.0463075159223082,"Potential 1","Ada Tree",0.181522126842478," small"," large","Subcanopy","Subcanopy","Subcanopy small_Subcanopy large","small large","within"
"1611","Subcanopy small","Subcanopy small",0.17117183902081,0.0224382619547642,0.319905416086855,0.161268204271279,0.18107547377034,0.0758858725156366,"Potential 1","Ada Tree",0.297467154132091," small"," small","Subcanopy","Subcanopy","Subcanopy small_Subcanopy small","small small","within"
"138","Canopy large","Canopy large",-0.47805134052171,-0.748419000225548,-0.207683680817871,-0.492193989331497,-0.463908691711922,0.137945218298124,"Potential 1","Weeaproinah",0.540735319407677," large"," large","Canopy","Canopy","Canopy large_Canopy large","large large","within"
"222","Canopy small","Canopy large",-0.11823728485325,-0.25385406188698,0.0173794921804796,-0.122666613113197,-0.113807956593303,0.0691935046273592,"Potential 1","Weeaproinah",0.271233554067459," small"," large","Canopy","Canopy","Canopy small_Canopy large","small large","within"
"318","Subcanopy large","Canopy large",-0.0207738711188471,-0.177057683481819,0.135509941244125,-0.0259075235779042,-0.0156402186597901,0.0797381041670758,"Potential 1","Weeaproinah",0.312567624725944," large"," large","Subcanopy","Canopy","Subcanopy large_Canopy large","large large","between"
"416","Subcanopy small","Canopy large",0.0326338747694077,-0.0378566216393621,0.103124371178177,0.030227793055219,0.0350399564835964,0.0359651998530533,"Potential 1","Weeaproinah",0.14098099281754," small"," large","Subcanopy","Canopy","Subcanopy small_Canopy large","small large","between"
"618","Canopy small","Canopy small",-0.11359286124874,-0.304320838281286,0.0771351157838057,-0.123566679371415,-0.103619043126065,0.0973119804940211,"Potential 1","Weeaproinah",0.381455954065091," small"," small","Canopy","Canopy","Canopy small_Canopy small","small small","within"
"712","Subcanopy large","Canopy small",0.0666175876162516,-0.0587301452992466,0.19196532053175,0.0619142731967634,0.0713209020357399,0.0639541001284846,"Potential 1","Weeaproinah",0.250695465830996," large"," small","Subcanopy","Canopy","Subcanopy large_Canopy small","small large","between"
"812","Subcanopy small","Canopy small",-0.0160205490505966,-0.0703760342973647,0.0383349361961714,-0.0185018207233695,-0.0135392773778238,0.0277329000305706,"Potential 1","Weeaproinah",0.108710970493536," small"," small","Subcanopy","Canopy","Subcanopy small_Canopy small","small small","between"
"1116","Subcanopy large","Subcanopy large",-0.22108998492126,-0.438580714714339,-0.00359925512818182,-0.231893072313646,-0.210286897528874,0.110966697096792,"Potential 1","Weeaproinah",0.434981459586157," large"," large","Subcanopy","Subcanopy","Subcanopy large_Subcanopy large","large large","within"
"1213","Subcanopy small","Subcanopy large",-0.00406566153970729,-0.06268157662007,0.0545502535406554,-0.00689026761184148,-0.0012410554675731,0.0299066286639538,"Potential 1","Weeaproinah",0.117231830160725," small"," large","Subcanopy","Subcanopy","Subcanopy small_Subcanopy large","small large","within"
"1612","Subcanopy small","Subcanopy small",0.340387650588875,0.230188820984802,0.450586480192948,0.325356653295187,0.355418647882564,0.0562249258013449,"Potential 1","Weeaproinah",0.220397659208146," small"," small","Subcanopy","Subcanopy","Subcanopy small_Subcanopy small","small small","within"
"139","Canopy large","Canopy large",-0.684239771117626,-1.10161702913191,-0.266862513103342,-0.704679900972662,-0.66379964126259,0.212951493653201,"Potential 1","ANU363",0.834754516028568," large"," large","Canopy","Canopy","Canopy large_Canopy large","large large","within"
"223","Canopy small","Canopy large",-0.252839049084669,-0.394452830876715,-0.111225267292623,-0.25876720008888,-0.246910898080459,0.0722532571562934,"Potential 1","ANU363",0.283227563584092," small"," large","Canopy","Canopy","Canopy small_Canopy large","small large","within"
"417","Canopy small","Canopy small",-0.00205723263606902,-0.183306447456623,0.179191982184485,-0.00695019692273511,0.00283573165059706,0.0924757884584739,"Potential 1","ANU363",0.362498429641107," small"," small","Canopy","Canopy","Canopy small_Canopy small","small small","within"
"140","Canopy large","Canopy large",-0.452012721798497,-0.856501888113688,-0.0475235554833053,-0.468368865248153,-0.435656578348841,0.206375815834245,"Potential 1","ANU589",0.808978332630383," large"," large","Canopy","Canopy","Canopy large_Canopy large","large large","within"
"224","Canopy small","Canopy large",-0.0727071313193989,-0.272115602755305,0.126701340116507,-0.0777782978654267,-0.067635964773371,0.101740885551375,"Potential 1","ANU589",0.398816942871812," small"," large","Canopy","Canopy","Canopy small_Canopy large","small large","within"
"319","Subcanopy large","Canopy large",-0.116039168406697,-0.454400129465596,0.222321792652202,-0.120785351924627,-0.111292984888767,0.172636315630209,"Potential 1","ANU589",0.676721922117798," large"," large","Subcanopy","Canopy","Subcanopy large_Canopy large","large large","between"
"418","Subcanopy small","Canopy large",-0.0670474907290289,-0.156847542107592,0.022752560649534,-0.0703979162688315,-0.0636970651892262,0.0458171946458681,"Potential 1","ANU589",0.179600102757126," small"," large","Subcanopy","Canopy","Subcanopy small_Canopy large","small large","between"
"619","Canopy small","Canopy small",-0.0511281579459218,-0.295621817360966,0.193365501469122,-0.059059379937356,-0.0431969359544876,0.124743955166309,"Potential 1","ANU589",0.488987318830088," small"," small","Canopy","Canopy","Canopy small_Canopy small","small small","within"
"713","Subcanopy large","Canopy small",0.298603264012546,-0.0535844435850916,0.650790971610183,0.292022030503578,0.305184497521513,0.17969090777976,"Potential 1","ANU589",0.704375415195275," large"," small","Subcanopy","Canopy","Subcanopy large_Canopy small","small large","between"
"813","Subcanopy small","Canopy small",-0.125662474584886,-0.207121653647854,-0.0442032955219191,-0.128204470621437,-0.123120478548336,0.041561569347961,"Potential 1","ANU589",0.162918358125935," small"," small","Subcanopy","Canopy","Subcanopy small_Canopy small","small small","between"
"1117","Subcanopy large","Subcanopy large",-0.438244931483588,-1.31341467781471,0.436924814847538,-0.448582911522061,-0.427906951445115,0.446523381671476,"Potential 1","ANU589",1.75033949266225," large"," large","Subcanopy","Subcanopy","Subcanopy large_Subcanopy large","large large","within"
"1214","Subcanopy small","Subcanopy large",0.096214425875837,-0.0793438695517438,0.271772721303418,0.0929977430915534,0.0994311086601205,0.0895722048019057,"Potential 1","ANU589",0.351116590855162," small"," large","Subcanopy","Subcanopy","Subcanopy small_Subcanopy large","small large","within"
"1613","Subcanopy small","Subcanopy small",0.265592811324655,0.126676271345861,0.404509351303448,0.255894479541699,0.275291143107611,0.0708770880865922,"Potential 1","ANU589",0.277833079957587," small"," small","Subcanopy","Subcanopy","Subcanopy small_Subcanopy small","small small","within"
"141","Canopy large","Canopy large",-1.2594372389308,-2.15180900403322,-0.367065473828391,-1.27463145996257,-1.24424301789904,0.455300083134858,"Potential 1","Turtons",1.78474353020483," large"," large","Canopy","Canopy","Canopy large_Canopy large","large large","within"
"225","Canopy small","Canopy large",0.317475863857809,-0.213735296773352,0.84868702448897,0.308645516038387,0.326306211677231,0.271031082622582,"Potential 1","Turtons",1.06242232126232," small"," large","Canopy","Canopy","Canopy small_Canopy large","small large","within"
"320","Subcanopy large","Canopy large",0.212632150782768,-0.176986030219496,0.602250331785033,0.205726685560568,0.219537616004969,0.198788439009861,"Potential 1","Turtons",0.779236362004529," large"," large","Subcanopy","Canopy","Subcanopy large_Canopy large","large large","between"
"419","Subcanopy small","Canopy large",0.00477563219092301,-0.105933952414018,0.115485216795864,0.00227184768997227,0.00727941669187375,0.0564855198759795,"Potential 1","Turtons",0.221419169209882," small"," large","Subcanopy","Canopy","Subcanopy small_Canopy large","small large","between"
"620","Canopy small","Canopy small",-0.420158321640733,-0.959024735387585,0.118708092106118,-0.427143281943582,-0.413173361337884,0.274936895778372,"Potential 1","Turtons",1.0777328274937," small"," small","Canopy","Canopy","Canopy small_Canopy small","small small","within"
"714","Subcanopy large","Canopy small",-0.0320912975938679,-0.206763439036507,0.142580843848771,-0.0353123506027269,-0.028870244585009,0.0891200771138812,"Potential 1","Turtons",0.349344282885279," large"," small","Subcanopy","Canopy","Subcanopy large_Canopy small","small large","between"
"814","Subcanopy small","Canopy small",0.0133284278868849,-0.102492796070681,0.129149651844451,0.0104283883345228,0.016228467439247,0.0590935470606343,"Potential 1","Turtons",0.231642447915132," small"," small","Subcanopy","Canopy","Subcanopy small_Canopy small","small small","between"
"1118","Subcanopy large","Subcanopy large",0.0290968692196804,-0.170424408931012,0.228618147370373,0.0206041451579213,0.0375895932814394,0.10179844105529,"Potential 1","Turtons",0.399042556301384," large"," large","Subcanopy","Subcanopy","Subcanopy large_Subcanopy large","large large","within"
"1215","Subcanopy small","Subcanopy large",0.0696894231991342,-0.0236469345158609,0.163025780914129,0.0655249555265466,0.0738538908717219,0.0476214657265238,"Potential 1","Turtons",0.18667271542999," small"," large","Subcanopy","Subcanopy","Subcanopy small_Subcanopy large","small large","within"
"1614","Subcanopy small","Subcanopy small",0.109269437225909,-0.0295478073115567,0.248086681763374,0.0984040321357551,0.120134842316063,0.0708264262162154,"Potential 1","Turtons",0.277634489074931," small"," small","Subcanopy","Subcanopy","Subcanopy small_Subcanopy small","small small","within"
"142","Canopy large","Canopy large",-0.169312765891347,-0.449895464277423,0.111269932494729,-0.174738334909436,-0.163887196873258,0.143157068496807,"Potential 1","Lardner",0.561165396772152," large"," large","Canopy","Canopy","Canopy large_Canopy large","large large","within"
"226","Canopy small","Canopy large",-0.0703158017474977,-0.216806142786851,0.0761745392918561,-0.0731769922349848,-0.0674546112600107,0.0747413433077602,"Potential 1","Lardner",0.292980682078708," small"," large","Canopy","Canopy","Canopy small_Canopy large","small large","within"
"321","Subcanopy large","Canopy large",0.0276698827805644,-0.125382234661757,0.180722000222886,0.0242339941248831,0.0311057714362456,0.0780892499298848,"Potential 1","Lardner",0.306104234884642," large"," large","Subcanopy","Canopy","Subcanopy large_Canopy large","large large","between"
"420","Subcanopy small","Canopy large",0.0207702744508887,-0.100287466675281,0.141828015577058,0.0174295878139104,0.0241109610878671,0.0617652885874727,"Potential 1","Lardner",0.242115482252339," small"," large","Subcanopy","Canopy","Subcanopy small_Canopy large","small large","between"
"621","Canopy small","Canopy small",0.0727739893753486,-0.132121086309503,0.277669065060201,0.0669507152154796,0.0785972635352176,0.104540224872007,"Potential 1","Lardner",0.409790151369704," small"," small","Canopy","Canopy","Canopy small_Canopy small","small small","within"
"715","Subcanopy large","Canopy small",0.124333179537773,-0.0106286566078855,0.259295015683432,0.120441294719926,0.128225064355621,0.0688593449727753,"Potential 1","Lardner",0.269923672291317," large"," small","Subcanopy","Canopy","Subcanopy large_Canopy small","small large","between"
"815","Subcanopy small","Canopy small",-0.0361868116677503,-0.128773823620786,0.0564002002852856,-0.0391382642630136,-0.0332353590724869,0.0472391394348827,"Potential 1","Lardner",0.185174023906072," small"," small","Subcanopy","Canopy","Subcanopy small_Canopy small","small small","between"
"1119","Subcanopy large","Subcanopy large",-0.131245610071048,-0.374551705537429,0.112060485395333,-0.140802262551779,-0.121688957590317,0.124138044058742,"Potential 1","Lardner",0.486612190932762," large"," large","Subcanopy","Subcanopy","Subcanopy large_Subcanopy large","large large","within"
"1216","Subcanopy small","Subcanopy large",-0.0621945230545429,-0.165410408105355,0.0410213619962695,-0.0663770086463042,-0.0580120374627817,0.0526621335213127,"Potential 1","Lardner",0.206431770101625," small"," large","Subcanopy","Subcanopy","Subcanopy small_Subcanopy large","small large","within"
"1615","Subcanopy small","Subcanopy small",-0.171897012758207,-0.378837559485931,0.0350435339695161,-0.184986713445184,-0.15880731207123,0.10558385172383,"Potential 1","Lardner",0.413881093455447," small"," small","Subcanopy","Subcanopy","Subcanopy small_Subcanopy small","small small","within"
"143","Canopy large","Canopy large",-1.09936153616624,-2.01604289813472,-0.18268017419776,-1.12515315784652,-1.07356991448597,0.467703166588339,"Potential 1","HardyCreek",1.83336272393696," large"," large","Canopy","Canopy","Canopy large_Canopy large","large large","within"
"227","Canopy small","Canopy large",-0.0351225646274373,-0.287729015887647,0.217483886632773,-0.0406444197731056,-0.0296007094817689,0.128883210738941,"Potential 1","HardyCreek",0.50521290252042," small"," large","Canopy","Canopy","Canopy small_Canopy large","small large","within"
"322","Subcanopy large","Canopy large",-0.564767062423844,-1.21696561266932,0.0874314878216363,-0.574994275960457,-0.55453984888723,0.332760476921994,"Potential 1","HardyCreek",1.30439710049096," large"," large","Subcanopy","Canopy","Subcanopy large_Canopy large","large large","between"
"421","Subcanopy small","Canopy large",0.483349031713067,0.0738575026060714,0.892840560820063,0.475991525928894,0.490706537497241,0.208928088647043,"Potential 1","HardyCreek",0.818983058213992," small"," large","Subcanopy","Canopy","Subcanopy small_Canopy large","small large","between"
"622","Canopy small","Canopy small",0.101790675482429,-0.0803967527604678,0.283978103725325,0.0958043615497866,0.107776989415071,0.0929544775720205,"Potential 1","HardyCreek",0.364374856485793," small"," small","Canopy","Canopy","Canopy small_Canopy small","small small","within"
"716","Subcanopy large","Canopy small",0.00917119665490211,-0.242913480630365,0.26125587394017,0.00589719607022349,0.0124451972395807,0.128616994635452,"Potential 1","HardyCreek",0.504169354570535," large"," small","Subcanopy","Canopy","Subcanopy large_Canopy small","small large","between"
"816","Subcanopy small","Canopy small",0.0362080833697416,-0.122686669570743,0.195102836310227,0.0328847628886439,0.0395314038508392,0.0810702411849537,"Potential 1","HardyCreek",0.31778950588097," small"," small","Subcanopy","Canopy","Subcanopy small_Canopy small","small small","between"
"1120","Subcanopy large","Subcanopy large",-0.417696792369742,-1.10471814217578,0.269324557436294,-0.424236862143351,-0.411156722596134,0.35052753786558,"Potential 1","HardyCreek",1.37404269961207," large"," large","Subcanopy","Subcanopy","Subcanopy large_Subcanopy large","large large","within"
"1217","Subcanopy small","Subcanopy large",0.298981290099813,-0.123583320375211,0.721545900574836,0.293755011763035,0.304207568436591,0.215598150684482,"Potential 1","HardyCreek",0.845129220950047," small"," large","Subcanopy","Subcanopy","Subcanopy small_Subcanopy large","small large","within"
"1616","Subcanopy small","Subcanopy small",-0.0609434688998841,-0.396153007198717,0.274266069398949,-0.0671927611888667,-0.0546941766109014,0.171028417329565,"Potential 1","HardyCreek",0.670419076597667," small"," small","Subcanopy","Subcanopy","Subcanopy small_Subcanopy small","small small","within"
"144","Canopy large","Canopy large",-0.289961699049177,-0.741657461590108,0.161734063491753,-0.296159773083479,-0.283763625014875,0.230461256484226,"Potential 1","MinesRd",0.903391525081861," large"," large","Canopy","Canopy","Canopy large_Canopy large","large large","within"
"228","Canopy small","Canopy large",-0.0680671337824699,-0.304660533217464,0.168526265652525,-0.0712474532315302,-0.0648868143334097,0.120713136211284,"Potential 1","MinesRd",0.473186798869989," small"," large","Canopy","Canopy","Canopy small_Canopy large","small large","within"
"323","Subcanopy large","Canopy large",0.0316910932275392,-0.177692266198473,0.241074452653551,0.028855052612287,0.0345271338427914,0.106830207635243,"Potential 1","MinesRd",0.418766718852024," large"," large","Subcanopy","Canopy","Subcanopy large_Canopy large","large large","between"
"422","Subcanopy small","Canopy large",0.000197709669182389,-0.10843049141693,0.108825910755295,-0.00160586681575355,0.00200128615411833,0.0554235699956519,"Potential 1","MinesRd",0.217256402172225," small"," large","Subcanopy","Canopy","Subcanopy small_Canopy large","small large","between"
"623","Canopy small","Canopy small",0.206629245222255,-0.0210732530361463,0.434331743480657,0.200208595934694,0.213049894509816,0.116176878786799,"Potential 1","MinesRd",0.455404996516803," small"," small","Canopy","Canopy","Canopy small_Canopy small","small small","within"
"717","Subcanopy large","Canopy small",0.0941375969611045,-0.0706295368983145,0.258904730820524,0.0907901222667338,0.0974850716554753,0.0840664089539814,"Potential 1","MinesRd",0.329534267718838," large"," small","Subcanopy","Canopy","Subcanopy large_Canopy small","small large","between"
"817","Subcanopy small","Canopy small",0.00746066585171522,-0.0704814193422614,0.0854027510456919,0.00524967198433225,0.0096716597190982,0.0397671007267347,"Potential 1","MinesRd",0.155884170387953," small"," small","Subcanopy","Canopy","Subcanopy small_Canopy small","small small","between"
"1121","Subcanopy large","Subcanopy large",-0.0356573152451058,-0.255933407701483,0.184618777211271,-0.0399516615198154,-0.0313629689703963,0.112387826610023,"Potential 1","MinesRd",0.440552184912754," large"," large","Subcanopy","Subcanopy","Subcanopy large_Subcanopy large","large large","within"
"1218","Subcanopy small","Subcanopy large",-0.0216655993882634,-0.106056845645023,0.0627256468684962,-0.0235305300237776,-0.0198006687527492,0.043057549486841,"Potential 1","MinesRd",0.168782492513519," small"," large","Subcanopy","Subcanopy","Subcanopy small_Subcanopy large","small large","within"
"1617","Subcanopy small","Subcanopy small",0.336927492515031,0.211361010369942,0.462493974660121,0.328931648893084,0.344923336136979,0.064065708929114,"Potential 1","MinesRd",0.251132964290179," small"," small","Subcanopy","Subcanopy","Subcanopy small_Subcanopy small","small small","within"
"145","Canopy large","Canopy large",-0.209040192686033,-0.759204549613252,0.341124164241185,-0.216455168970534,-0.201625216401533,0.280701258424565,"Potential 1","Tinebank",1.10032871385444," large"," large","Canopy","Canopy","Canopy large_Canopy large","large large","within"
"229","Canopy small","Canopy large",0.0283496853559015,-0.220260859266652,0.276960229978455,0.0241688565081056,0.0325305142036974,0.126844445399794,"Potential 1","Tinebank",0.497221089245106," small"," large","Canopy","Canopy","Canopy small_Canopy large","small large","within"
"324","Subcanopy large","Canopy large",-0.0490666001514903,-0.198599164311326,0.100465964008346,-0.0514179744523358,-0.0467152258506447,0.0762935264827975,"Potential 1","Tinebank",0.299065128319672," large"," large","Subcanopy","Canopy","Subcanopy large_Canopy large","large large","between"
"423","Subcanopy small","Canopy large",0.100154303158213,-0.0554594293446968,0.255768035661122,0.0961856035802075,0.104123002736218,0.0793962204052578,"Potential 1","Tinebank",0.311227465005819," small"," large","Subcanopy","Canopy","Subcanopy small_Canopy large","small large","between"
"818","Canopy small","Canopy small",-0.112200883557833,-0.421177007291642,0.196775240175977,-0.120429537175209,-0.103972229940456,0.157643776197407,"Potential 1","Tinebank",0.61795224746762," small"," small","Canopy","Canopy","Canopy small_Canopy small","small small","within"
"96","Subcanopy large","Canopy small",-0.0075164557785265,-0.156791106436104,0.141758194879051,-0.0103584345356108,-0.00467447702144217,0.0761619355432228,"Potential 1","Tinebank",0.298549301315155," large"," small","Subcanopy","Canopy","Subcanopy large_Canopy small","small large","between"
"10","Subcanopy small","Canopy small",-0.140899822629013,-0.254007328230957,-0.0277923170270698,-0.144122621932974,-0.137677023325053,0.0577089714372924,"Potential 1","Tinebank",0.226215011203887," small"," small","Subcanopy","Canopy","Subcanopy small_Canopy small","small small","between"
"151","Subcanopy large","Subcanopy large",0.111805903915047,-0.0566101712821124,0.280221979112205,0.107088202829763,0.11652360500033,0.085928147928025,"Potential 1","Tinebank",0.336832150394318," large"," large","Subcanopy","Subcanopy","Subcanopy large_Subcanopy large","large large","within"
"1618","Subcanopy small","Subcanopy large",0.0319646701962458,-0.0648554270862463,0.128784767478738,0.0294293877041549,0.0344999526883367,0.0493989165342816,"Potential 1","Tinebank",0.193640194564984," small"," large","Subcanopy","Subcanopy","Subcanopy small_Subcanopy large","small large","within"
"2210","Subcanopy small","Subcanopy small",-0.00216094858577915,-0.178219349721361,0.173897452549803,-0.0129160639942477,0.00859416682268937,0.0898273654640129,"Potential 1","Tinebank",0.352116802271165," small"," small","Subcanopy","Subcanopy","Subcanopy small_Subcanopy small","small small","within"
"146","Canopy large","Canopy large",-0.0191490340431835,-0.2363061443298,0.198008076243433,-0.0241057099313859,-0.014192358154981,0.110796479935103,"Potential 1","Lorne",0.434314220573233," large"," large","Canopy","Canopy","Canopy large_Canopy large","large large","within"
"230","Canopy small","Canopy large",0.0214436477696655,-0.0607833777773325,0.103670673316664,0.0190220293939552,0.0238652661453759,0.0419533349569657,"Potential 1","Lorne",0.164454051093996," small"," large","Canopy","Canopy","Canopy small_Canopy large","small large","within"
"325","Subcanopy large","Canopy large",-0.067024098171555,-0.178980362759715,0.0449321664166049,-0.0695014813656167,-0.0645467149774933,0.0571215927798963,"Potential 1","Lorne",0.22391252917632," large"," large","Subcanopy","Canopy","Subcanopy large_Canopy large","large large","between"
"424","Subcanopy small","Canopy large",0.0324591686685489,-0.0862232150106646,0.151141552347762,0.0291865024829081,0.0357318348541898,0.0605533492530297,"Potential 1","Lorne",0.237364767358427," small"," large","Subcanopy","Canopy","Subcanopy small_Canopy large","small large","between"
"625","Canopy small","Canopy small",0.293696296957799,0.157823758711692,0.429568835203906,0.285016264023271,0.302376329892327,0.0693239974396735,"Potential 1","Lorne",0.271745076492214," small"," small","Canopy","Canopy","Canopy small_Canopy small","small small","within"
"718","Subcanopy large","Canopy small",-0.00747232517538888,-0.0755077708079634,0.0605631204571857,-0.010064158551664,-0.00488049179911379,0.0347125999096052,"Potential 1","Lorne",0.136070891265149," large"," small","Subcanopy","Canopy","Subcanopy large_Canopy small","small large","between"
"819","Subcanopy small","Canopy small",-0.0723818924119158,-0.144991327417695,0.000227542593863789,-0.0751582337040768,-0.0696055511197548,0.0370463108396448,"Potential 1","Lorne",0.145218870011559," small"," small","Subcanopy","Canopy","Subcanopy small_Canopy small","small small","between"
"1123","Subcanopy large","Subcanopy large",0.231852666659432,0.0794032117622206,0.384302121556643,0.226254396079366,0.237450937239498,0.0777817633893852,"Potential 1","Lorne",0.304898909794422," large"," large","Subcanopy","Subcanopy","Subcanopy large_Subcanopy large","large large","within"
"1220","Subcanopy small","Subcanopy large",-0.00843294140582694,-0.127813511047229,0.110947628235576,-0.0120155031819335,-0.00485037962972035,0.0609095731263744,"Potential 1","Lorne",0.238761139282805," small"," large","Subcanopy","Subcanopy","Subcanopy small_Subcanopy large","small large","within"
"1619","Subcanopy small","Subcanopy small",-0.0181343617761517,-0.236592580981186,0.200323857428882,-0.0280526798819055,-0.00821604367039796,0.111460323214204,"Potential 1","Lorne",0.436916438410068," small"," small","Subcanopy","Subcanopy","Subcanopy small_Subcanopy small","small small","within"
"147","Canopy large","Canopy large",-0.0825872174965157,-0.32580357715953,0.160629142166498,-0.0889581275246887,-0.0762163074683427,0.124092259644296,"Potential 1","BirdTree",0.486432719326028," large"," large","Canopy","Canopy","Canopy large_Canopy large","large large","within"
"232","Canopy small","Canopy large",0.0120999339245826,-0.141977933807791,0.166177801656956,0.00886833409688878,0.0153315337522764,0.0786126015313138,"Potential 1","BirdTree",0.308155735464747," small"," large","Canopy","Canopy","Canopy small_Canopy large","small large","within"
"326","Subcanopy large","Canopy large",-0.0285466806515037,-0.169155604930388,0.112062243627381,-0.0320160451193344,-0.0250773161836731,0.0717405653307867,"Potential 1","BirdTree",0.281217848557769," large"," large","Subcanopy","Canopy","Subcanopy large_Canopy large","large large","between"
"425","Subcanopy small","Canopy large",-0.0392441296970266,-0.119203951326069,0.0407156919320158,-0.0420186981276108,-0.0364695612664423,0.0407965770084324,"Potential 1","BirdTree",0.159919643258085," small"," large","Subcanopy","Canopy","Subcanopy small_Canopy large","small large","between"
"626","Canopy small","Canopy small",0.0638460267485482,-0.148729073738378,0.276421127235475,0.058114297062119,0.0695777564349774,0.108458676875541,"Potential 1","BirdTree",0.425150200973853," small"," small","Canopy","Canopy","Canopy small_Canopy small","small small","within"
"719","Subcanopy large","Canopy small",-0.0790705321501129,-0.208570684965799,0.050429620665573,-0.0824797588937339,-0.0756613054064919,0.0660727206403621,"Potential 1","BirdTree",0.259000305631372," large"," small","Subcanopy","Canopy","Subcanopy large_Canopy small","small large","between"
"820","Subcanopy small","Canopy small",0.0662919890899133,-0.0175367186773948,0.150120696857221,0.0629438940463031,0.0696400841335235,0.0427705347794849,"Potential 1","BirdTree",0.167657415534616," small"," small","Subcanopy","Canopy","Subcanopy small_Canopy small","small small","between"
"1124","Subcanopy large","Subcanopy large",0.0535262177674168,-0.126245566227141,0.233298001761975,0.0462837952023454,0.0607686403324883,0.0917219833693758,"Potential 1","BirdTree",0.359543567989117," large"," large","Subcanopy","Subcanopy","Subcanopy large_Subcanopy large","large large","within"
"1221","Subcanopy small","Subcanopy large",-0.0229521807213989,-0.110791147366292,0.0648867859234941,-0.0270060766196946,-0.0188982848231032,0.0448166228245803,"Potential 1","BirdTree",0.175677933289786," small"," large","Subcanopy","Subcanopy","Subcanopy small_Subcanopy large","small large","within"
"1620","Subcanopy small","Subcanopy small",0.122811232098632,-0.0169150912421689,0.262537555439433,0.105763376251083,0.139859087946182,0.0712902504550821,"Potential 1","BirdTree",0.279452646681602," small"," small","Subcanopy","Subcanopy","Subcanopy small_Subcanopy small","small small","within"
"148","Canopy large","Canopy large",-0.215219614713683,-0.450183487379415,0.0197442579520493,-0.224742573083919,-0.205696656343447,0.119881729725187,"Potential 1","A-Tree",0.469927745331464," large"," large","Canopy","Canopy","Canopy large_Canopy large","large large","within"
"233","Canopy small","Canopy large",-0.0397600342117217,-0.0956312039268494,0.016111135503406,-0.0411612713447132,-0.0383587970787302,0.0285062226427794,"Potential 1","A-Tree",0.111742339430255," small"," large","Canopy","Canopy","Canopy small_Canopy large","small large","within"
"327","Subcanopy large","Canopy large",-0.0300224148264902,-0.175781537973156,0.115736708320176,-0.0333435765739225,-0.026701253079058,0.0743682660989667,"Potential 1","A-Tree",0.291518246293332," large"," large","Subcanopy","Canopy","Subcanopy large_Canopy large","large large","between"
"426","Subcanopy small","Canopy large",-0.0471274181989537,-0.152470168314047,0.0582153319161396,-0.0508400090359847,-0.0434148273619228,0.0537472886981718,"Potential 1","A-Tree",0.210685500230187," small"," large","Subcanopy","Canopy","Subcanopy small_Canopy large","small large","between"
"627","Canopy small","Canopy small",0.429036377635479,0.327732641230761,0.530340114040196,0.41994523501176,0.438127520259198,0.0516865295504348,"Potential 1","A-Tree",0.202607472809435," small"," small","Canopy","Canopy","Canopy small_Canopy small","small small","within"
"720","Subcanopy large","Canopy small",-0.0159185301708002,-0.0697583014504147,0.0379212411088143,-0.0168808837865573,-0.0149561765550431,0.0274697758246048,"Potential 1","A-Tree",0.107679542559229," large"," small","Subcanopy","Canopy","Subcanopy large_Canopy small","small large","between"
"821","Subcanopy small","Canopy small",-0.00637183504607123,-0.0449170852153772,0.0321734151232347,-0.00830353475021486,-0.00444013534192761,0.0196663053369072,"Potential 1","A-Tree",0.077090500338612," small"," small","Subcanopy","Canopy","Subcanopy small_Canopy small","small small","between"
"1125","Subcanopy large","Subcanopy large",-0.0156212125077875,-0.259994246328072,0.228751821312498,-0.0201104877471549,-0.01113193726842,0.124682410364613,"Potential 1","A-Tree",0.48874606764057," large"," large","Subcanopy","Subcanopy","Subcanopy large_Subcanopy large","large large","within"
"1222","Subcanopy small","Subcanopy large",0.035569742147297,-0.0737552835555513,0.144894767850145,0.0325108736054529,0.0386286106891411,0.0557790992922269,"Potential 1","A-Tree",0.218650051405697," small"," large","Subcanopy","Subcanopy","Subcanopy small_Subcanopy large","small large","within"
"1621","Subcanopy small","Subcanopy small",0.205632683050332,0.0671888027599351,0.344076563340729,0.196805707252323,0.214459658848342,0.0706359307530264,"Potential 1","A-Tree",0.276887760580794," small"," small","Subcanopy","Subcanopy","Subcanopy small_Subcanopy small","small small","within"
"149","Canopy large","Canopy large",-0.180251631302135,-0.466623573658456,0.106120311054185,-0.19030355639359,-0.170199706210681,0.146110818675846,"Potential 1","BlackBull",0.572743884712641," large"," large","Canopy","Canopy","Canopy large_Canopy large","large large","within"
"234","Canopy small","Canopy large",-0.16081695469226,-0.29492641566033,-0.0267074937241908,-0.16442525269268,-0.157208656691841,0.0684244516868208,"Potential 1","BlackBull",0.268218921936139," small"," large","Canopy","Canopy","Canopy small_Canopy large","small large","within"
"328","Subcanopy large","Canopy large",0.0982478481832852,-0.0836403987788047,0.280136095145375,0.0944455543007649,0.102050142065805,0.0928018312564931,"Potential 1","BlackBull",0.36377649392418," large"," large","Subcanopy","Canopy","Subcanopy large_Canopy large","large large","between"
"427","Subcanopy small","Canopy large",-0.114639554129496,-0.205049875230799,-0.0242292330281933,-0.118175864149583,-0.111103244109409,0.0461285624707637,"Potential 1","BlackBull",0.180820642202605," small"," large","Subcanopy","Canopy","Subcanopy small_Canopy large","small large","between"
"628","Canopy small","Canopy small",0.225441137784361,0.0654534840913239,0.385428791477397,0.218621767443694,0.232260508125027,0.0816278538559887,"Potential 1","BlackBull",0.319975307386073," small"," small","Canopy","Canopy","Canopy small_Canopy small","small small","within"
"721","Subcanopy large","Canopy small",0.0822828096380103,-0.025496272446868,0.190061891722889,0.0791723225427974,0.0853932967332232,0.0549903380546918,"Potential 1","BlackBull",0.215558164169757," large"," small","Subcanopy","Canopy","Subcanopy large_Canopy small","small large","between"
"822","Subcanopy small","Canopy small",-0.0462845642082702,-0.120374126639649,0.0278049982231087,-0.0489202998517288,-0.0436488285648116,0.0378014917701488,"Potential 1","BlackBull",0.148179124862758," small"," small","Subcanopy","Canopy","Subcanopy small_Canopy small","small small","between"
"1126","Subcanopy large","Subcanopy large",0.206647272643796,0.0130314827818176,0.400263062505774,0.200382104088877,0.212912441198715,0.0987853814606774,"Potential 1","BlackBull",0.387231579723957," large"," large","Subcanopy","Subcanopy","Subcanopy large_Subcanopy large","large large","within"
"1223","Subcanopy small","Subcanopy large",0.0463303831210181,-0.0390962806686267,0.131757046910663,0.0435946237631275,0.0490661424789087,0.0435858334456549,"Potential 1","BlackBull",0.17085332757929," small"," large","Subcanopy","Subcanopy","Subcanopy small_Subcanopy large","small large","within"
"1622","Subcanopy small","Subcanopy small",0.139098472270363,-0.0381250980555052,0.316322042596231,0.128675242566381,0.149521701974344,0.0904218504644906,"Potential 1","BlackBull",0.354447140651736," small"," small","Subcanopy","Subcanopy","Subcanopy small_Subcanopy small","small small","within"
"150","Canopy large","Canopy large",-0.0761089495091374,-0.327900605402622,0.175682706384347,-0.0839537355002243,-0.0682641635180505,0.128467491178198,"Potential 1","Bruxner",0.503583311786969," large"," large","Canopy","Canopy","Canopy large_Canopy large","large large","within"
"235","Canopy small","Canopy large",0.174187896740318,0.0275499870734936,0.320825806407143,0.169886313198426,0.178489480282211,0.0748166348073158,"Potential 1","Bruxner",0.293275819333649," small"," large","Canopy","Canopy","Canopy small_Canopy large","small large","within"
"329","Subcanopy large","Canopy large",-0.140724013264544,-0.263471149330982,-0.0179768771981063,-0.144159584619502,-0.137288441909586,0.0626272406200581,"Potential 1","Bruxner",0.245494272132876," large"," large","Subcanopy","Canopy","Subcanopy large_Canopy large","large large","between"
"428","Subcanopy small","Canopy large",0.0841802402093237,-0.0228219748067667,0.191182455225414,0.0804049753450845,0.0879555050735628,0.0545939700219546,"Potential 1","Bruxner",0.214004430032181," small"," large","Subcanopy","Canopy","Subcanopy small_Canopy large","small large","between"
"823","Canopy small","Canopy small",0.215787282284242,0.0651909968821619,0.366383567686321,0.207040135426624,0.22453442914186,0.0768362513750069,"Potential 1","Bruxner",0.301192570804159," small"," small","Canopy","Canopy","Canopy small_Canopy small","small small","within"
"97","Subcanopy large","Canopy small",0.00731473999005518,-0.0723387943198363,0.0869682742999466,0.00469259076013442,0.00993688921997594,0.0406403050965162,"Potential 1","Bruxner",0.159307068619783," large"," small","Subcanopy","Canopy","Subcanopy large_Canopy small","small large","between"
"101","Subcanopy small","Canopy small",-0.0393404703164998,-0.0999092493800173,0.0212283087470176,-0.0423452905372446,-0.036335650095755,0.0309030061477029,"Potential 1","Bruxner",0.121137558127035," small"," small","Subcanopy","Canopy","Subcanopy small_Canopy small","small small","between"
"152","Subcanopy large","Subcanopy large",0.214727010449518,0.0655649629425494,0.363889057956486,0.205720853095092,0.223733167803943,0.0761044839004899,"Potential 1","Bruxner",0.298324095013937," large"," large","Subcanopy","Subcanopy","Subcanopy large_Subcanopy large","large large","within"
"1623","Subcanopy small","Subcanopy large",0.0171139520995012,-0.0488999413146521,0.0831278455136545,0.014154080616375,0.0200738235826275,0.0336811767638908,"Potential 1","Bruxner",0.132027786828307," small"," large","Subcanopy","Subcanopy","Subcanopy small_Subcanopy large","small large","within"
"2211","Subcanopy small","Subcanopy small",0.0701981156753602,-0.0699035086666513,0.210299740017372,0.0522328430363537,0.0881633883143668,0.071481734076297,"Potential 1","Bruxner",0.280203248684023," small"," small","Subcanopy","Subcanopy","Subcanopy small_Subcanopy small","small small","within"
"153","Canopy large","Canopy large",-0.494233786686996,-0.828426347081073,-0.160041226292918,-0.509578021635054,-0.478889551738938,0.170509541517163,"Potential 1","Osullivans",0.668385120788155," large"," large","Canopy","Canopy","Canopy large_Canopy large","large large","within"
"237","Canopy small","Canopy large",0.114880115640967,-0.0423029052744541,0.272063136556389,0.109448755058152,0.120311476223783,0.0801968924711173,"Potential 1","Osullivans",0.314366041830843," small"," large","Canopy","Canopy","Canopy small_Canopy large","small large","within"
"330","Subcanopy large","Canopy large",0.0186519702947546,-0.133121290527441,0.17042523111695,0.0143804133963518,0.0229235271931574,0.0774367600728193,"Potential 1","Osullivans",0.30354652164439," large"," large","Subcanopy","Canopy","Subcanopy large_Canopy large","large large","between"
"429","Subcanopy small","Canopy large",0.0386886913520155,-0.112694426915573,0.190071809619604,0.034769998948346,0.0426073837556851,0.07723770409134,"Potential 1","Osullivans",0.302766236535177," small"," large","Subcanopy","Canopy","Subcanopy small_Canopy large","small large","between"
"824","Canopy small","Canopy small",0.0617484226375063,-0.156028503312671,0.279525348587684,0.0522066744309312,0.0712901708440813,0.111112718227464,"Potential 1","Osullivans",0.435553851900355," small"," small","Canopy","Canopy","Canopy small_Canopy small","small small","within"
"98","Subcanopy large","Canopy small",-0.0768757348116514,-0.192011440094302,0.0382599704709989,-0.0798034630171806,-0.0739480066061221,0.0587437862077191,"Potential 1","Osullivans",0.2302714105653," large"," small","Subcanopy","Canopy","Subcanopy large_Canopy small","small large","between"
"102","Subcanopy small","Canopy small",-0.120753865659945,-0.208799630900443,-0.032708100419448,-0.123196297545084,-0.118311433774807,0.0449221342509307,"Potential 1","Osullivans",0.176091530480995," small"," small","Subcanopy","Canopy","Subcanopy small_Canopy small","small small","between"
"154","Subcanopy large","Subcanopy large",-0.0129938189050485,-0.293937293443877,0.26794965563378,-0.0220726545337935,-0.0039149832763036,0.143341141344879,"Potential 1","Osullivans",0.561886949077657," large"," large","Subcanopy","Subcanopy","Subcanopy large_Subcanopy large","large large","within"
"1624","Subcanopy small","Subcanopy large",0.00108988127018432,-0.107390863535262,0.109570626075631,-0.00181618267976635,0.00399594522013499,0.055348335816948,"Potential 1","Osullivans",0.216961489610893," small"," large","Subcanopy","Subcanopy","Subcanopy small_Subcanopy large","small large","within"
"2212","Subcanopy small","Subcanopy small",-0.0626347939416765,-0.232817647022275,0.107548059138922,-0.0700033696937513,-0.0552662181896017,0.0868295817795529,"Potential 1","Osullivans",0.340365706161198," small"," small","Subcanopy","Subcanopy","Subcanopy small_Subcanopy small","small small","within"
"155","Canopy large","Canopy large",-0.433889736897363,-0.791194231432859,-0.0765852423618679,-0.450582071341369,-0.417197402453358,0.182301561331671,"Potential 1","Herberton",0.714608989070991," large"," large","Canopy","Canopy","Canopy large_Canopy large","large large","within"
"239","Canopy small","Canopy large",-0.170172601252835,-0.303557678682197,-0.0367875238234738,-0.174901978308404,-0.165443224197267,0.0680548614573972,"Potential 1","Herberton",0.266770154858723," small"," large","Canopy","Canopy","Canopy small_Canopy large","small large","within"
"331","Subcanopy small","Canopy large",0.0376868868674656,-0.139232070880727,0.214605844615658,0.0338618819895473,0.0415118917453839,0.090266433028212,"Potential 1","Herberton",0.353837915496385," small"," large","Subcanopy","Canopy","Subcanopy small_Canopy large","small large","between"
"59","Canopy small","Canopy small",0.0671420679903968,-0.126822054869168,0.261106190849961,0.0592946762077144,0.0749894597730792,0.0989631056435367,"Potential 1","Herberton",0.387928245719129," small"," small","Canopy","Canopy","Canopy small_Canopy small","small small","within"
"631","Subcanopy small","Canopy small",0.0709971705323848,-0.0403781835605572,0.182372524625327,0.0681658275568621,0.0738285135079075,0.0568252044279673,"Potential 1","Herberton",0.222750708185884," small"," small","Subcanopy","Canopy","Subcanopy small_Canopy small","small small","between"
"99","Subcanopy small","Subcanopy small",0.390228798694777,0.185333003885602,0.595124593503952,0.38301463304726,0.397442964342294,0.104540591778914,"Potential 1","Herberton",0.40979158961835," small"," small","Subcanopy","Subcanopy","Subcanopy small_Subcanopy small","small small","within"
"156","Canopy large","Canopy large",-0.0440161268553918,-0.362321484411972,0.274289230701189,-0.0486757784119717,-0.0393564752988119,0.162403676836581,"Potential 1","Lamb Range",0.636610715113161," large"," large","Canopy","Canopy","Canopy large_Canopy large","large large","within"
"240","Canopy small","Canopy large",0.0103199348571454,-0.128331461541232,0.148971331255523,0.00744780676561115,0.0131920629486796,0.0707418082638468,"Potential 1","Lamb Range",0.277302792796755," small"," large","Canopy","Canopy","Canopy small_Canopy large","small large","within"
"332","Subcanopy large","Canopy large",-0.0745656486216889,-0.232009288699727,0.0828779914563488,-0.0771649373985945,-0.0719663598447833,0.0803298638750166,"Potential 1","Lamb Range",0.314887280156075," large"," large","Subcanopy","Canopy","Subcanopy large_Canopy large","large large","between"
"430","Subcanopy small","Canopy large",0.0205334212920154,-0.124931237231938,0.165998079815969,0.0178715833669461,0.0231952592170847,0.0742180262858705,"Potential 1","Lamb Range",0.290929317047906," small"," large","Subcanopy","Canopy","Subcanopy small_Canopy large","small large","between"
"632","Canopy small","Canopy small",0.274002564659692,0.109982911809937,0.438022217509446,0.266292474424569,0.281712654894815,0.0836850340840552,"Potential 1","Lamb Range",0.32803930569951," small"," small","Canopy","Canopy","Canopy small_Canopy small","small small","within"
"722","Subcanopy large","Canopy small",-0.0611614071902242,-0.165329444068296,0.0430066296878474,-0.0636964761005549,-0.0586263382798934,0.0531479341966157,"Potential 1","Lamb Range",0.208336073756143," large"," small","Subcanopy","Canopy","Subcanopy large_Canopy small","small large","between"
"825","Subcanopy small","Canopy small",-0.10727164225603,-0.205489932470607,-0.00905335204145241,-0.110162047175774,-0.104381237336286,0.0501122933836085,"Potential 1","Lamb Range",0.196436580429155," small"," small","Subcanopy","Canopy","Subcanopy small_Canopy small","small small","between"
"1129","Subcanopy large","Subcanopy large",0.068235643298014,-0.119253767751732,0.25572505434776,0.063894130457307,0.0725771561387211,0.0956596205484582,"Potential 1","Lamb Range",0.374978822099492," large"," large","Subcanopy","Subcanopy","Subcanopy large_Subcanopy large","large large","within"
"1226","Subcanopy small","Subcanopy large",0.0776039889587866,-0.039981385773728,0.195189363691301,0.0748248060917229,0.0803831718258503,0.0599936405260571,"Potential 1","Lamb Range",0.235170749465029," small"," large","Subcanopy","Subcanopy","Subcanopy small_Subcanopy large","small large","within"
"1625","Subcanopy small","Subcanopy small",0.0533168129565396,-0.155725889198924,0.262359515112003,0.0464402688676696,0.0601933570454096,0.10665639971161,"Potential 1","Lamb Range",0.418085404310927," small"," small","Subcanopy","Subcanopy","Subcanopy small_Subcanopy small","small small","within"
"157","Canopy large","Canopy large",-0.0836699185838641,-0.399621854117789,0.23228201695006,-0.0897224885306186,-0.0776173486371096,0.161202929250799,"Potential 1","Baldy",0.631903871067849," large"," large","Canopy","Canopy","Canopy large_Canopy large","large large","within"
"244","Canopy small","Canopy large",-0.0439090699719531,-0.191805576105279,0.103987436161373,-0.0464605385464265,-0.0413576013974796,0.0754587876613625,"Potential 1","Baldy",0.295793012266652," small"," large","Canopy","Canopy","Canopy small_Canopy large","small large","within"
"333","Subcanopy large","Canopy large",0.289379743438366,-0.180638150398313,0.759397637275045,0.280704276642922,0.29805521023381,0.239809454430857,"Potential 1","Baldy",0.940035787673357," large"," large","Subcanopy","Canopy","Subcanopy large_Canopy large","large large","between"
"431","Subcanopy small","Canopy large",-0.170811174859348,-0.385508838133551,0.0438864884148557,-0.174752959501422,-0.166869390217274,0.109541636972777,"Potential 1","Baldy",0.429395326548407," small"," large","Subcanopy","Canopy","Subcanopy small_Canopy large","small large","between"
"633","Canopy small","Canopy small",0.17705357828043,0.00684240510832512,0.347264751452535,0.172120180586961,0.1819869759739,0.0868440310713407,"Potential 1","Baldy",0.34042234634421," small"," small","Canopy","Canopy","Canopy small_Canopy small","small small","within"
"723","Subcanopy large","Canopy small",-0.126521146581441,-0.40183806113136,0.148795767968477,-0.132193909672833,-0.12084838349005,0.140470394722344,"Potential 1","Baldy",0.550633829099838," large"," small","Subcanopy","Canopy","Subcanopy large_Canopy small","small large","between"
"826","Subcanopy small","Canopy small",0.0983732381912327,-0.0419055726963759,0.238652049078841,0.0953280828266801,0.101418393555785,0.0715721370362466,"Potential 1","Baldy",0.280557621775217," small"," small","Subcanopy","Canopy","Subcanopy small_Canopy small","small small","between"
"1130","Subcanopy large","Subcanopy large",-1.10350748078207,-2.2572052953002,0.0501903337360514,-1.12622359608686,-1.08079136547729,0.58863215019171,"Potential 1","Baldy",2.30739562903625," large"," large","Subcanopy","Subcanopy","Subcanopy large_Subcanopy large","large large","within"
"1227","Subcanopy small","Subcanopy large",0.694576020967497,0.135668133747798,1.2534839081872,0.684035149506336,0.705116892428658,0.285162325240817,"Potential 1","Baldy",1.1178157744394," small"," large","Subcanopy","Subcanopy","Subcanopy small_Subcanopy large","small large","within"
"1626","Subcanopy small","Subcanopy small",0.0632313176237498,-0.213353816018976,0.339816451266475,0.0552970737240906,0.071165561523409,0.141117457169822,"Potential 1","Baldy",0.553170267285451," small"," small","Subcanopy","Subcanopy","Subcanopy small_Subcanopy small","small small","within"
"158","Canopy large","Canopy large",0.0380344068073814,-0.210299658524534,0.286368472139297,0.0318691805739613,0.0441996330408015,0.126703381945149,"Potential 1","Koombooloomba",0.49666813066383," large"," large","Canopy","Canopy","Canopy large_Canopy large","large large","within"
"245","Canopy small","Canopy large",0.0456065706263345,-0.0564091301647681,0.147622271417437,0.0425692083274672,0.0486439329252019,0.0520497833612196,"Potential 1","Koombooloomba",0.204031401582205," small"," large","Canopy","Canopy","Canopy small_Canopy large","small large","within"
"334","Subcanopy large","Canopy large",-0.147428424982805,-0.277252805073493,-0.0176040448921163,-0.150175656693384,-0.144681193272226,0.0662381457591703,"Potential 1","Koombooloomba",0.259648760181377," large"," large","Subcanopy","Canopy","Subcanopy large_Canopy large","large large","between"
"432","Subcanopy small","Canopy large",-0.0309128723245235,-0.0996034311320548,0.0377776864830078,-0.0329850582335276,-0.0288406864155195,0.0350468474672768,"Potential 1","Koombooloomba",0.137381117615063," small"," large","Subcanopy","Canopy","Subcanopy small_Canopy large","small large","between"
"634","Canopy small","Canopy small",0.354240202835133,0.213252479527059,0.495227926143207,0.347112478216561,0.361367927453705,0.0719338336929493,"Potential 1","Koombooloomba",0.281975446616149," small"," small","Canopy","Canopy","Canopy small_Canopy small","small small","within"
"724","Subcanopy large","Canopy small",0.0453668020334671,-0.0479423179850761,0.13867592205201,0.0426303567335924,0.0481032473333419,0.0476075686872584,"Potential 1","Koombooloomba",0.186618240037086," large"," small","Subcanopy","Canopy","Subcanopy large_Canopy small","small large","between"
"827","Subcanopy small","Canopy small",0.0236562712887972,-0.0401124091873047,0.0874249517648991,0.0208896909545314,0.026422851623063,0.0325356389092356,"Potential 1","Koombooloomba",0.127537360952204," small"," small","Subcanopy","Canopy","Subcanopy small_Canopy small","small small","between"
"1131","Subcanopy large","Subcanopy large",0.256081446481754,0.0987916674941935,0.413371225469315,0.250378675939029,0.261784217024479,0.0802513618761582,"Potential 1","Koombooloomba",0.314579557975121," large"," large","Subcanopy","Subcanopy","Subcanopy large_Subcanopy large","large large","within"
"1228","Subcanopy small","Subcanopy large",0.0373018750391564,-0.0337182427667375,0.10832199284505,0.0342355725984594,0.0403681774798534,0.0362354198169413,"Potential 1","Koombooloomba",0.142040235611788," small"," large","Subcanopy","Subcanopy","Subcanopy small_Subcanopy large","small large","within"
"1627","Subcanopy small","Subcanopy small",0.338819957596054,0.236051560947541,0.441588354244568,0.327189874741527,0.350450040450581,0.052433818916642,"Potential 1","Koombooloomba",0.205536793297027," small"," small","Subcanopy","Subcanopy","Subcanopy small_Subcanopy small","small small","within"
"159","Canopy large","Canopy large",-0.304691990989695,-0.556147867599158,-0.053236114380232,-0.314169148537309,-0.29521483344208,0.128296172068933,"Potential 1","BlackRiver",0.502911753218926," large"," large","Canopy","Canopy","Canopy large_Canopy large","large large","within"
"246","Canopy small","Canopy large",-0.0897549602658128,-0.195144934285688,0.015635013754063,-0.0927889570697465,-0.086720963461879,0.0537713829698803,"Potential 1","BlackRiver",0.210779948039751," small"," large","Canopy","Canopy","Canopy small_Canopy large","small large","within"
"335","Subcanopy large","Canopy large",-0.0908153741811499,-0.225856919276163,0.0442261709138637,-0.0944266280249012,-0.0872041203373986,0.0689000135513735,"Potential 1","BlackRiver",0.270083090190027," large"," large","Subcanopy","Canopy","Subcanopy large_Canopy large","large large","between"
"433","Subcanopy small","Canopy large",-0.0258953205385682,-0.11895991989065,0.0671692788135134,-0.0291633493708725,-0.022627291706264,0.0474828109527335,"Potential 1","BlackRiver",0.186129198704163," small"," large","Subcanopy","Canopy","Subcanopy small_Canopy large","small large","between"
"635","Canopy small","Canopy small",0.0841843160010659,-0.07002858403138,0.238397216033512,0.0770011619967288,0.0913674700054029,0.0786814968279303,"Potential 1","BlackRiver",0.308425800064892," small"," small","Canopy","Canopy","Canopy small_Canopy small","small small","within"
"725","Subcanopy large","Canopy small",-0.123051894768574,-0.215927241684464,-0.0301765478526838,-0.125924803686321,-0.120178985850827,0.0473862518130327,"Potential 1","BlackRiver",0.18575069383178," large"," small","Subcanopy","Canopy","Subcanopy large_Canopy small","small large","between"
"828","Subcanopy small","Canopy small",0.0213332377456969,-0.0528727914699309,0.0955392669613247,0.0183077581817204,0.0243587173096734,0.0378609146907573,"Potential 1","BlackRiver",0.148412058431256," small"," small","Subcanopy","Canopy","Subcanopy small_Canopy small","small small","between"
"1132","Subcanopy large","Subcanopy large",-0.0100473988403056,-0.242914443505245,0.222819645824634,-0.0174239471616676,-0.00267085051894356,0.118811899862327,"Potential 1","BlackRiver",0.465734089329879," large"," large","Subcanopy","Subcanopy","Subcanopy large_Subcanopy large","large large","within"
"1229","Subcanopy small","Subcanopy large",0.110876955746017,0.0122209968681023,0.209532914623932,0.107064254616648,0.114689656875386,0.0503355978253174,"Potential 1","BlackRiver",0.197311917755829," small"," large","Subcanopy","Subcanopy","Subcanopy small_Subcanopy large","small large","within"
"1628","Subcanopy small","Subcanopy small",0.0376235960185954,-0.114773657598873,0.190020849636064,0.0268438613659994,0.0484033306711915,0.077755129593992,"Potential 1","BlackRiver",0.304794507234938," small"," small","Subcanopy","Subcanopy","Subcanopy small_Subcanopy small","small small","within"
"160","Canopy large","Canopy large",-0.17419363456028,-0.475821473686878,0.127434204566318,-0.180630991572779,-0.16775627754778,0.153894582505495,"Potential 1","BondTier",0.603255678253196," large"," large","Canopy","Canopy","Canopy large_Canopy large","large large","within"
"247","Canopy small","Canopy large",0.0790148135190514,-0.0875113982056356,0.245541025243738,0.0764206780714946,0.0816089489666082,0.0849639141526194,"Potential 1","BondTier",0.333052423449374," small"," large","Canopy","Canopy","Canopy small_Canopy large","small large","within"
"336","Subcanopy large","Canopy large",-0.0512173024504752,-0.1815610824636,0.0791264775626492,-0.0541320071225521,-0.0483025977783983,0.0665031505891229,"Potential 1","BondTier",0.260687560026249," large"," large","Subcanopy","Canopy","Subcanopy large_Canopy large","large large","between"
"434","Subcanopy small","Canopy large",-0.0854494358043955,-0.160071784038785,-0.0108270875700063,-0.0873915337443114,-0.0835073378644797,0.0380733262565031,"Potential 1","BondTier",0.149244696468778," small"," large","Subcanopy","Canopy","Subcanopy small_Canopy large","small large","between"
"636","Canopy small","Canopy small",0.317397139649602,0.146751755912011,0.488042523387193,0.311605556056526,0.323188723242678,0.0870655711449903,"Potential 1","BondTier",0.341290767475181," small"," small","Canopy","Canopy","Canopy small_Canopy small","small small","within"
"726","Subcanopy large","Canopy small",-0.0393187511276451,-0.12846698201723,0.0498294797619396,-0.0416988042651487,-0.0369386979901415,0.0454846270608922,"Potential 1","BondTier",0.178296461779169," large"," small","Subcanopy","Canopy","Subcanopy large_Canopy small","small large","between"
"829","Subcanopy small","Canopy small",0.0438934110638723,-0.0129212942603298,0.100708116388074,0.0415806459614852,0.0462061761662595,0.0289876272076167,"Potential 1","BondTier",0.113629410648404," small"," small","Subcanopy","Canopy","Subcanopy small_Canopy small","small small","between"
"1133","Subcanopy large","Subcanopy large",0.099102491540901,-0.0613021468352956,0.259507129917098,0.0916172004394557,0.106587782642346,0.0818406050526683,"Potential 1","BondTier",0.320809276752393," large"," large","Subcanopy","Subcanopy","Subcanopy large_Subcanopy large","large large","within"
"1230","Subcanopy small","Subcanopy large",-0.0139169129538663,-0.0705035192709464,0.0426696933632138,-0.016677595758632,-0.0111562301491006,0.0288712480246719,"Potential 1","BondTier",0.11317321263416," small"," large","Subcanopy","Subcanopy","Subcanopy small_Subcanopy large","small large","within"
"1629","Subcanopy small","Subcanopy small",0.236530527670931,0.113989494864372,0.35907156047749,0.223360585230943,0.249700470110919,0.0625220839633518,"Potential 1","BondTier",0.245082065613118," small"," small","Subcanopy","Subcanopy","Subcanopy small_Subcanopy small","small small","within"
"170","Canopy large","Canopy large",-0.120849418158482,-0.435869424575288,0.194170588258324,-0.126731018462207,-0.114967817854757,0.160727446474345,"Potential 1","Supersite",0.630040012833611," large"," large","Canopy","Canopy","Canopy large_Canopy large","large large","within"
"248","Canopy small","Canopy large",0.00136716026561618,-0.149889796704897,0.15262411723613,-0.00178103237885848,0.00451535291009085,0.0771733348998294,"Potential 1","Supersite",0.302513913941027," small"," large","Canopy","Canopy","Canopy small_Canopy large","small large","within"
"337","Subcanopy large","Canopy large",-0.102709273305272,-0.232821579887613,0.0274030332770685,-0.105821423986509,-0.0995971226240361,0.0663850497298166,"Potential 1","Supersite",0.260224613164682," large"," large","Subcanopy","Canopy","Subcanopy large_Canopy large","large large","between"
"435","Subcanopy small","Canopy large",0.0681229978170799,-0.0372382278124286,0.173484223446588,0.065207797313769,0.0710381983203908,0.05375671515425,"Potential 1","Supersite",0.210722451259017," small"," large","Subcanopy","Canopy","Subcanopy small_Canopy large","small large","between"
"637","Canopy small","Canopy small",0.224530115453012,0.0698218031926739,0.379238427713351,0.218254037320304,0.230806193585721,0.0789342628133261,"Potential 1","Supersite",0.309416624520677," small"," small","Canopy","Canopy","Canopy small_Canopy small","small small","within"
"727","Subcanopy large","Canopy small",-0.058345062227365,-0.146470222198584,0.0297800977438543,-0.0611154198077465,-0.0555747046469835,0.0449626425109539,"Potential 1","Supersite",0.176250319942439," large"," small","Subcanopy","Canopy","Subcanopy large_Canopy small","small large","between"
"830","Subcanopy small","Canopy small",0.0415444738698583,-0.0242622072386224,0.107351154978339,0.0389241429254543,0.0441648048142624,0.0335754542570963,"Potential 1","Supersite",0.131613362216961," small"," small","Subcanopy","Canopy","Subcanopy small_Canopy small","small small","between"
"1134","Subcanopy large","Subcanopy large",0.071046569763995,-0.120057909722754,0.262151049250744,0.0621259849372573,0.0799671545907326,0.0975040771127206,"Potential 1","Supersite",0.382208958973497," large"," large","Subcanopy","Subcanopy","Subcanopy large_Subcanopy large","large large","within"
"1231","Subcanopy small","Subcanopy large",0.0429789458616585,-0.02271741085168,0.108675302574997,0.0396097455864117,0.0463481461369052,0.0335191652660676,"Potential 1","Supersite",0.131392713426677," small"," large","Subcanopy","Subcanopy","Subcanopy small_Subcanopy large","small large","within"
"1630","Subcanopy small","Subcanopy small",0.433949921619398,0.34962224835695,0.518277594881846,0.42361392183941,0.444285921399386,0.0430251136896465,"Potential 1","Supersite",0.168655346524897," small"," small","Subcanopy","Subcanopy","Subcanopy small_Subcanopy small","small small","within"
"174","Canopy large","Canopy large",-0.292603275608568,-0.581540660087529,-0.00366589112960641,-0.301557270735702,-0.283649280481434,0.147419741769779,"Potential 1","Mackenzie",0.577874768957922," large"," large","Canopy","Canopy","Canopy large_Canopy large","large large","within"
"249","Canopy small","Canopy large",0.024598364573128,-0.0723607690767488,0.121557498223005,0.0221666418350473,0.0270300873112086,0.0494698547599232,"Potential 1","Mackenzie",0.193918267299753," small"," large","Canopy","Canopy","Canopy small_Canopy large","small large","within"
"338","Subcanopy large","Canopy large",-0.352060474334551,-0.53690045875012,-0.167220489918982,-0.357837264656079,-0.346283684013024,0.0943078474265666,"Potential 1","Mackenzie",0.369679968831138," large"," large","Subcanopy","Canopy","Subcanopy large_Canopy large","large large","between"
"436","Subcanopy small","Canopy large",0.229963293055115,0.0743864174874115,0.385540168622819,0.225266509866097,0.234660076244134,0.079377415500935,"Potential 1","Mackenzie",0.311153751135408," small"," large","Subcanopy","Canopy","Subcanopy small_Canopy large","small large","between"
"638","Canopy small","Canopy small",0.230557528905532,0.0896191333718441,0.371495924439219,0.222271213795136,0.238843844015927,0.0719086659986569,"Potential 1","Mackenzie",0.281876791067375," small"," small","Canopy","Canopy","Canopy small_Canopy small","small small","within"
"728","Subcanopy large","Canopy small",-0.0377711993090942,-0.132540843252571,0.0569984446343821,-0.0405963383475937,-0.0349460602705948,0.0483527476479197,"Potential 1","Mackenzie",0.189539287886953," large"," small","Subcanopy","Canopy","Subcanopy large_Canopy small","small large","between"
"831","Subcanopy small","Canopy small",-0.0416591757135226,-0.116314636035428,0.0329962846083825,-0.0444911419589039,-0.0388272094681413,0.0380902204891405,"Potential 1","Mackenzie",0.14931092064381," small"," small","Subcanopy","Canopy","Subcanopy small_Canopy small","small small","between"
"1135","Subcanopy large","Subcanopy large",-0.109752787176552,-0.376161121277893,0.156655546924788,-0.118681361101198,-0.100824213251906,0.135925117095383,"Potential 1","Mackenzie",0.532816668202681," large"," large","Subcanopy","Subcanopy","Subcanopy large_Subcanopy large","large large","within"
"1232","Subcanopy small","Subcanopy large",0.244682447013161,0.0898930299317001,0.399471864094621,0.23919893227156,0.250165961754762,0.0789756435844841,"Potential 1","Mackenzie",0.309578834162921," small"," large","Subcanopy","Subcanopy","Subcanopy small_Subcanopy large","small large","within"
"1631","Subcanopy small","Subcanopy small",0.307460296115447,0.169371290468831,0.445549301762064,0.294614996382416,0.320305595848479,0.0704548689342482,"Potential 1","Mackenzie",0.276178011293232," small"," small","Subcanopy","Subcanopy","Subcanopy small_Subcanopy small","small small","within"
"175","Canopy large","Canopy large",-0.219805104408434,-0.463162396951165,0.0235521881342972,-0.232603527834449,-0.207006680982418,0.124164165496051,"Potential 1","MtMaurice",0.486714585085462," large"," large","Canopy","Canopy","Canopy large_Canopy large","large large","within"
"250","Canopy small","Canopy large",0.00941828908189449,-0.082373698615961,0.10121027677975,0.00529677026675876,0.0135398078970302,0.0468335073613082,"Potential 1","MtMaurice",0.183583975395711," small"," large","Canopy","Canopy","Canopy small_Canopy large","small large","within"
"339","Subcanopy large","Canopy large",-0.0926651708662935,-0.271799189381728,0.086468847649141,-0.0964675158921436,-0.0888628258404434,0.0913965868395648,"Potential 1","MtMaurice",0.358268037030869," large"," large","Subcanopy","Canopy","Subcanopy large_Canopy large","large large","between"
"437","Subcanopy small","Canopy large",-0.00498125555570702,-0.139300762212504,0.12933825110109,-0.00846684149994872,-0.00149566961146532,0.0685316198237786,"Potential 1","MtMaurice",0.268639013313594," small"," large","Subcanopy","Canopy","Subcanopy small_Canopy large","small large","between"
"639","Canopy small","Canopy small",0.272375768481628,0.135579087497634,0.409172449465622,0.261248409286883,0.283503127676373,0.0697955075006625,"Potential 1","MtMaurice",0.273593361967987," small"," small","Canopy","Canopy","Canopy small_Canopy small","small small","within"
"729","Subcanopy large","Canopy small",0.0589397063749577,-0.0914076080920068,0.209287020841922,0.0546594942669242,0.0632199184829911,0.076709223053528,"Potential 1","MtMaurice",0.300694628933929," large"," small","Subcanopy","Canopy","Subcanopy large_Canopy small","small large","between"
"832","Subcanopy small","Canopy small",0.141468032929517,-0.000772380016095059,0.283708445875128,0.137516349852282,0.145419716006751,0.0725729728033708,"Potential 1","MtMaurice",0.284480825891223," small"," small","Subcanopy","Canopy","Subcanopy small_Canopy small","small small","between"
"1136","Subcanopy large","Subcanopy large",0.0311813750899397,-0.485516735181581,0.547879485361461,0.0229411509734165,0.0394215992064629,0.263626329028069,"Potential 1","MtMaurice",1.03339622054304," large"," large","Subcanopy","Subcanopy","Subcanopy large_Subcanopy large","large large","within"
"1233","Subcanopy small","Subcanopy large",0.0952536976918286,-0.216161769469833,0.40666916485349,0.0893655151304205,0.101141880253237,0.158888362040357,"Potential 1","MtMaurice",0.622830934323322," small"," large","Subcanopy","Subcanopy","Subcanopy small_Subcanopy large","small large","within"
"1632","Subcanopy small","Subcanopy small",0.0193301741765603,-0.273989251616896,0.312649599970017,0.013250809912063,0.0254095384410575,0.149655518217234,"Potential 1","MtMaurice",0.586638851586913," small"," small","Subcanopy","Subcanopy","Subcanopy small_Subcanopy small","small small","within"
"176","Canopy large","Canopy large",-0.286017071680171,-0.513740895774662,-0.0582932475856791,-0.297469178332844,-0.274564965027497,0.116187759515352,"Potential 1","BenRidge",0.455447648188983," large"," large","Canopy","Canopy","Canopy large_Canopy large","large large","within"
"251","Canopy small","Canopy large",-0.00975947967947713,-0.0814617313505886,0.0619427719916343,-0.0122475599118633,-0.007271399447091,0.0365834536943993,"Potential 1","BenRidge",0.143404503342223," small"," large","Canopy","Canopy","Canopy small_Canopy large","small large","within"
"340","Subcanopy large","Canopy large",0.00911329317994349,-0.129880297772691,0.148106884132578,0.00479947308259094,0.013427113277296,0.0709164005303151,"Potential 1","BenRidge",0.27798718190527," large"," large","Subcanopy","Canopy","Subcanopy large_Canopy large","large large","between"
"438","Subcanopy small","Canopy large",0.0312758858627568,-0.0488389602058776,0.111390731931391,0.0283749342059941,0.0341768375195195,0.0408756725636645,"Potential 1","BenRidge",0.160229692137269," small"," large","Subcanopy","Canopy","Subcanopy small_Canopy large","small large","between"
"640","Canopy small","Canopy small",0.368717032529878,0.250554124540594,0.486879940519163,0.3595278724662,0.377906192593556,0.0602883057654825,"Potential 1","BenRidge",0.236325815978568," small"," small","Canopy","Canopy","Canopy small_Canopy small","small small","within"
"730","Subcanopy large","Canopy small",0.0175536314709498,-0.0396063716217491,0.0747136345636488,0.0155676411804662,0.0195396217614335,0.0291638027757499,"Potential 1","BenRidge",0.114320006185398," large"," small","Subcanopy","Canopy","Subcanopy large_Canopy small","small large","between"
"833","Subcanopy small","Canopy small",-0.0330697313787842,-0.0594601405979515,-0.00667932215961695,-0.0348021485808555,-0.0313373141767129,0.0134647419173676,"Potential 1","BenRidge",0.0527808184383345," small"," small","Subcanopy","Canopy","Subcanopy small_Canopy small","small small","between"
"1137","Subcanopy large","Subcanopy large",0.0340968621269729,-0.186544328768297,0.254738053022242,0.026174588778916,0.0420191354750298,0.112574104746648,"Potential 1","BenRidge",0.441282381790539," large"," large","Subcanopy","Subcanopy","Subcanopy large_Subcanopy large","large large","within"
"1234","Subcanopy small","Subcanopy large",-0.105889282255863,-0.175951725843977,-0.0358268386677482,-0.108073115282524,-0.103705449229202,0.0357468015436805,"Potential 1","BenRidge",0.140124887176229," small"," large","Subcanopy","Subcanopy","Subcanopy small_Subcanopy large","small large","within"
"1633","Subcanopy small","Subcanopy small",0.373875656690135,0.260438380227225,0.487312933153046,0.362781999979638,0.384969313400633,0.0578772249682592,"Potential 1","BenRidge",0.226874552925821," small"," small","Subcanopy","Subcanopy","Subcanopy small_Subcanopy small","small small","within"
"177","Canopy large","Canopy large",-0.51673471243865,-0.863263523197548,-0.170205901679753,-0.530903982847222,-0.502565442030079,0.176803662461286,"Potential 1","MtField",0.693057621517795," large"," large","Canopy","Canopy","Canopy large_Canopy large","large large","within"
"252","Canopy small","Canopy large",0.22188183633703,0.0262669879199869,0.417496684754074,0.214476524976074,0.229287147697987,0.099805328036652,"Potential 1","MtField",0.391229696834087," small"," large","Canopy","Canopy","Canopy small_Canopy large","small large","within"
"341","Subcanopy large","Canopy large",0.0388919157201108,-0.0985404102406024,0.176324241680824,0.0350967106332463,0.0426871208069753,0.0701198221216114,"Potential 1","MtField",0.274864651921426," large"," large","Subcanopy","Canopy","Subcanopy large_Canopy large","large large","between"
"439","Subcanopy small","Canopy large",-0.0666156084676852,-0.179338247668458,0.0461070307330873,-0.0708800150213147,-0.0623512019140556,0.0575126074202966,"Potential 1","MtField",0.225445278401545," small"," large","Subcanopy","Canopy","Subcanopy small_Canopy large","small large","between"
"641","Canopy small","Canopy small",-0.0432026099466397,-0.223929599968157,0.137524380074877,-0.0520761707608164,-0.0343290491324629,0.0922093423384657,"Potential 1","MtField",0.361453980043034," small"," small","Canopy","Canopy","Canopy small_Canopy small","small small","within"
"731","Subcanopy large","Canopy small",-0.0670910415373093,-0.166723039895448,0.0325409568208296,-0.0704135242331873,-0.0637685588414314,0.0508335863026175,"Potential 1","MtField",0.199263996716278," large"," small","Subcanopy","Canopy","Subcanopy large_Canopy small","small large","between"
"834","Subcanopy small","Canopy small",0.0437765071450472,-0.049613438959444,0.137166453249538,0.039274174951897,0.0482788393381974,0.0476488072439796,"Potential 1","MtField",0.186779892208982," small"," small","Subcanopy","Canopy","Subcanopy small_Canopy small","small small","between"
"1138","Subcanopy large","Subcanopy large",0.0573417448667356,-0.0995100705287056,0.214193560262177,0.0503448899296376,0.0643385998038335,0.0800279069578157,"Potential 1","MtField",0.313703630790882," large"," large","Subcanopy","Subcanopy","Subcanopy large_Subcanopy large","large large","within"
"1235","Subcanopy small","Subcanopy large",-0.0168574331468726,-0.0815256463819729,0.0478107800882277,-0.0195191744312225,-0.0141956918625227,0.0329945926278212,"Potential 1","MtField",0.129336426470201," small"," large","Subcanopy","Subcanopy","Subcanopy small_Subcanopy large","small large","within"
"1634","Subcanopy small","Subcanopy small",0.161379637010983,0.0290395535491718,0.293719720472794,0.150604210052509,0.172155063969457,0.0675216914727478,"Potential 1","MtField",0.264680166923622," small"," small","Subcanopy","Subcanopy","Subcanopy small_Subcanopy small","small small","within"
"178","Canopy large","Canopy large",-0.14174626857663,-0.406596360307961,0.123103823154701,-0.149815022894039,-0.133677514259221,0.135130080869054,"Potential 1","Caveside",0.529700183462662," large"," large","Canopy","Canopy","Canopy large_Canopy large","large large","within"
"253","Canopy small","Canopy large",0.0461011690179057,-0.0436135850606056,0.135815923096417,0.0438211729513168,0.0483811650844946,0.0457736748155424,"Potential 1","Caveside",0.179429508157022," small"," large","Canopy","Canopy","Canopy small_Canopy large","small large","within"
"342","Subcanopy large","Canopy large",0.00159691929471178,-0.0777854572562728,0.0809792958456963,-0.00132717281772623,0.00452101140714978,0.0405019567589724,"Potential 1","Caveside",0.158764753101969," large"," large","Subcanopy","Canopy","Subcanopy large_Canopy large","large large","between"
"440","Subcanopy small","Canopy large",-0.00487137441924065,-0.0283462332597119,0.0186034844212306,-0.00568293533895741,-0.0040598134995239,0.0119771888798151,"Potential 1","Caveside",0.0469497176809424," small"," large","Subcanopy","Canopy","Subcanopy small_Canopy large","small large","between"
"642","Canopy small","Canopy small",0.119825103847286,-0.0578169988863879,0.297467206580959,0.110580772773918,0.129069434920654,0.0906353913311122,"Potential 1","Caveside",0.355284205467347," small"," small","Canopy","Canopy","Canopy small_Canopy small","small small","within"
"732","Subcanopy large","Canopy small",-0.0381910424235356,-0.0781593969219266,0.00177731207485535,-0.0401594138054137,-0.0362226710416575,0.0203923923162141,"Potential 1","Caveside",0.0799367089967819," large"," small","Subcanopy","Canopy","Subcanopy large_Canopy small","small large","between"
"835","Subcanopy small","Canopy small",-0.0263485234952549,-0.0380168663086306,-0.0146801806818792,-0.0270163788921513,-0.0256806680983586,0.00595334552339437,"Potential 1","Caveside",0.0233366856267514," small"," small","Subcanopy","Canopy","Subcanopy small_Canopy small","small small","between"
"1139","Subcanopy large","Subcanopy large",0.0108605003520181,-0.142837138776435,0.164558139480471,-0.00560296753996007,0.0273239682439963,0.0784186037808861,"Potential 1","Caveside",0.307395278256906," large"," large","Subcanopy","Subcanopy","Subcanopy large_Subcanopy large","large large","within"
"1236","Subcanopy small","Subcanopy large",-0.0636424777079788,-0.0819391638910248,-0.0453457915249329,-0.0661320410551584,-0.0611529143607992,0.00933521550771743,"Potential 1","Caveside",0.0365933723660919," small"," large","Subcanopy","Subcanopy","Subcanopy small_Subcanopy large","small large","within"
"1635","Subcanopy small","Subcanopy small",0.408396377719865,0.303160130675889,0.513632624763842,0.379677303034633,0.437115452405098,0.0536929493980841,"Potential 1","Caveside",0.210472494087953," small"," small","Subcanopy","Subcanopy","Subcanopy small_Subcanopy small","small small","within"
