"","from","to","alpha","lo","hi","lo_numerical","hi_numerical","se","Potential","site","range_ci","size_from","size_to","class_from","class_to","int","size_int","which"
"1","Canopy large","Canopy large",-0.26387254379208,-0.55210709116523,0.0243620035810695,-0.271743807281638,-0.256001280302523,0.147061144820368,"Potential 1","Frankland",0.5764690947463," large"," large","Canopy","Canopy","Canopy large_Canopy large"," large large","within"
"2","Canopy small","Canopy large",-0.0857796452516811,-0.209857657676992,0.0382983671736294,-0.0884988900581397,-0.0830604004452225,0.0633062716478579,"Potential 1","Frankland",0.248156024850621," small"," large","Canopy","Canopy","Canopy small_Canopy large","small large","within"
"3","Subcanopy small","Canopy large",0.1956422704497,-0.14693382893516,0.53821836983456,0.190703503247722,0.200581037651678,0.174786935926913,"Potential 1","Frankland",0.68515219876972," small"," large","Subcanopy","Canopy","Subcanopy small_Canopy large","small large","between"
"5","Canopy small","Canopy small",0.280797901218007,0.139840602704689,0.421755199731325,0.273551675745585,0.288044126690429,0.0719183105532403,"Potential 1","Frankland",0.281914597026636," small"," small","Canopy","Canopy","Canopy small_Canopy small"," small small","within"
"6","Subcanopy small","Canopy small",0.181486358457242,0.000817517641412552,0.362155199273072,0.177893941659096,0.185078775255389,0.0921796738312145,"Potential 1","Frankland",0.361337681631659," small"," small","Subcanopy","Canopy","Subcanopy small_Canopy small"," small small","between"
"9","Subcanopy small","Subcanopy small",-0.145425751169566,-0.777585721249498,0.486734218910366,-0.151495457477851,-0.139356044861281,0.322536523663868,"Potential 1","Frankland",1.26431994015986," small"," small","Subcanopy","Subcanopy","Subcanopy small_Subcanopy small"," small small","within"
"11","Canopy large","Canopy large",-0.589352910191629,-1.17911727254968,0.000411452166421911,-0.602839224839519,-0.575866595543738,0.300905714089665,"Potential 1","Collins",1.1795287247161," large"," large","Canopy","Canopy","Canopy large_Canopy large"," large large","within"
"21","Canopy small","Canopy large",-0.0142778138633776,-0.235130546226872,0.206574918500117,-0.0165843389117773,-0.011971288814978,0.112682036050434,"Potential 1","Collins",0.441705464726989," small"," large","Canopy","Canopy","Canopy small_Canopy large","small large","within"
"31","Subcanopy small","Canopy large",-0.29371701742996,-0.609029537992655,0.0215955031327353,-0.299710668636566,-0.287723366223354,0.160876691127919,"Potential 1","Collins",0.63062504112539," small"," large","Subcanopy","Canopy","Subcanopy small_Canopy large","small large","between"
"51","Canopy small","Canopy small",0.339181060214015,0.190858449049552,0.487503671378478,0.333510603618159,0.344851516809872,0.075676192182312,"Potential 1","Collins",0.296645222328926," small"," small","Canopy","Canopy","Canopy small_Canopy small"," small small","within"
"61","Subcanopy small","Canopy small",0.0143645788111933,-0.117188165716467,0.145917323338853,0.011651628287876,0.0170775293345106,0.0671199805533833,"Potential 1","Collins",0.26310548905532," small"," small","Subcanopy","Canopy","Subcanopy small_Canopy small"," small small","between"
"91","Subcanopy small","Subcanopy small",0.288613031555161,0.0399849707013243,0.537241092408999,0.282713655331106,0.294512407779217,0.12685338241671,"Potential 1","Collins",0.497256121707674," small"," small","Subcanopy","Subcanopy","Subcanopy small_Subcanopy small"," small small","within"
"13","Canopy large","Canopy large",-0.379530343581156,-1.11207360759876,0.353012920436445,-0.388199969598542,-0.370860717563769,0.373753431081289,"Potential 1","Clare",1.4650865280352," large"," large","Canopy","Canopy","Canopy large_Canopy large"," large large","within"
"22","Canopy small","Canopy large",-0.123663806408291,-0.483912158295066,0.236584545478485,-0.12706557083117,-0.120262041985412,0.183803556967561,"Potential 1","Clare",0.720496703773551," small"," large","Canopy","Canopy","Canopy small_Canopy large","small large","within"
"32","Subcanopy large","Canopy large",0.0499650064019595,-0.364178487362199,0.464108500166118,0.0465221965679855,0.0534078162359335,0.211301583616265,"Potential 1","Clare",0.828286987528317," large"," large","Subcanopy","Canopy","Subcanopy large_Canopy large"," large large","between"
"4","Subcanopy small","Canopy large",-0.114795747333453,-0.387752622159888,0.158161127492982,-0.117918627458589,-0.111672867208317,0.139266270696545,"Potential 1","Clare",0.545913749652869," small"," large","Subcanopy","Canopy","Subcanopy small_Canopy large","small large","between"
"62","Canopy small","Canopy small",0.21342372572489,-0.132620335122381,0.559467786572161,0.207990997593178,0.218856453856602,0.176556336533131,"Potential 1","Clare",0.692088121694542," small"," small","Canopy","Canopy","Canopy small_Canopy small"," small small","within"
"7","Subcanopy large","Canopy small",0.0336194074003874,-0.248201396304649,0.315440211105424,0.0306822395178603,0.0365565752829145,0.143788766491631,"Potential 1","Clare",0.563641607410073," large"," small","Subcanopy","Canopy","Subcanopy large_Canopy small","small large","between"
"8","Subcanopy small","Canopy small",-0.0698797223477596,-0.237984859689889,0.0982254149943701,-0.0724508679189246,-0.0673085767765946,0.0857695032501218,"Potential 1","Clare",0.33621027468426," small"," small","Subcanopy","Canopy","Subcanopy small_Canopy small"," small small","between"
"111","Subcanopy large","Subcanopy large",-0.0196584132640343,-0.502875848084599,0.46355902155653,-0.0231788093064653,-0.0161380172216033,0.246544037866064,"Potential 1","Clare",0.966434869641129," large"," large","Subcanopy","Subcanopy","Subcanopy large_Subcanopy large"," large large","within"
"12","Subcanopy small","Subcanopy large",0.0497697231704566,-0.16223834261607,0.261777788956983,0.0472217357712077,0.0523177105697054,0.108169368140853,"Potential 1","Clare",0.424016131573053," small"," large","Subcanopy","Subcanopy","Subcanopy small_Subcanopy large","small large","within"
"16","Subcanopy small","Subcanopy small",0.2064959674992,0.0688464043606738,0.344145530637727,0.199886262313458,0.213105672684943,0.070230659453076,"Potential 1","Clare",0.275299126277053," small"," small","Subcanopy","Subcanopy","Subcanopy small_Subcanopy small"," small small","within"
"14","Canopy large","Canopy large",-0.016636244872443,-0.198197556751394,0.164925067006508,-0.0232401595374536,-0.0100323302074324,0.0926350245775349,"Potential 1","Sutton",0.363122623757902," large"," large","Canopy","Canopy","Canopy large_Canopy large"," large large","within"
"23","Canopy small","Canopy large",-0.0633515701502765,-0.119448149217591,-0.00725499108296185,-0.0654738722955877,-0.0612292680049652,0.0286212295275818,"Potential 1","Sutton",0.112193158134629," small"," large","Canopy","Canopy","Canopy small_Canopy large","small large","within"
"33","Subcanopy small","Canopy large",-0.0885757062407232,-0.179362580794683,0.00221116831323656,-0.0910549390025131,-0.0860964734789333,0.0463206851095607,"Potential 1","Sutton",0.18157374910792," small"," large","Subcanopy","Canopy","Subcanopy small_Canopy large","small large","between"
"52","Canopy small","Canopy small",0.353996949717996,0.243500923076137,0.464492976359855,0.345560610081699,0.362433289354294,0.0563765597293815,"Potential 1","Sutton",0.220992053283718," small"," small","Canopy","Canopy","Canopy small_Canopy small"," small small","within"
"63","Subcanopy small","Canopy small",-0.0245462677539386,-0.081490960187881,0.0323984246800039,-0.0262712329580578,-0.0228213025498193,0.029053948380233,"Potential 1","Sutton",0.113889384867885," small"," small","Subcanopy","Canopy","Subcanopy small_Canopy small"," small small","between"
"92","Subcanopy small","Subcanopy small",0.441985639437092,0.267120088625868,0.616851190248316,0.426581899774651,0.457389379099533,0.0892187571764283,"Potential 1","Sutton",0.349731101622448," small"," small","Subcanopy","Subcanopy","Subcanopy small_Subcanopy small"," small small","within"
"15","Canopy large","Canopy large",-0.545016688106689,-0.990112982714453,-0.0999203934989242,-0.566458841837415,-0.523574534375963,0.227094119136182,"Potential 1","Giants",0.890192589215529," large"," large","Canopy","Canopy","Canopy large_Canopy large"," large large","within"
"24","Canopy small","Canopy large",0.315231027220935,0.0874379401170633,0.543024114324806,0.302966604830528,0.327495449611341,0.116223098434805,"Potential 1","Giants",0.455586174207743," small"," large","Canopy","Canopy","Canopy small_Canopy large","small large","within"
"34","Subcanopy large","Canopy large",-0.328007386265583,-0.598882799678444,-0.0571319728527215,-0.335385311839973,-0.320629460691192,0.138204281073271,"Potential 1","Giants",0.541750826825722," large"," large","Subcanopy","Canopy","Subcanopy large_Canopy large"," large large","between"
"41","Subcanopy small","Canopy large",0.0482284205321224,-0.139113499516906,0.235570340581151,0.0448307947188286,0.0516260463454162,0.0955843686551169,"Potential 1","Giants",0.374683840098057," small"," large","Subcanopy","Canopy","Subcanopy small_Canopy large","small large","between"
"64","Canopy small","Canopy small",0.379588373382818,0.219208894561515,0.539967852204121,0.369201344706975,0.38997540205866,0.0818277683091914,"Potential 1","Giants",0.320758957642606," small"," small","Canopy","Canopy","Canopy small_Canopy small"," small small","within"
"71","Subcanopy large","Canopy small",0.00840890911348661,-0.150446287905886,0.167264106132859,0.00414901755739018,0.012668800669583,0.0810500592217011,"Potential 1","Giants",0.317710394038745," large"," small","Subcanopy","Canopy","Subcanopy large_Canopy small","small large","between"
"81","Subcanopy small","Canopy small",-0.0687603231402405,-0.174034951096931,0.0365143048164497,-0.0710707148351555,-0.0664499314453255,0.0537125318562397,"Potential 1","Giants",0.21054925591338," small"," small","Subcanopy","Canopy","Subcanopy small_Canopy small"," small small","between"
"112","Subcanopy large","Subcanopy large",-0.208248181525699,-0.596770092023462,0.180273728972063,-0.21798068655272,-0.198515676498678,0.198229107046034,"Potential 1","Giants",0.777043820995525," large"," large","Subcanopy","Subcanopy","Subcanopy large_Subcanopy large"," large large","within"
"121","Subcanopy small","Subcanopy large",0.0149158748524108,-0.115307811373034,0.145139561077856,0.01263521664922,0.0171965330556016,0.0664418771225558,"Potential 1","Giants",0.26044737245089," small"," large","Subcanopy","Subcanopy","Subcanopy small_Subcanopy large","small large","within"
"161","Subcanopy small","Subcanopy small",0.309542110458877,0.176187712128924,0.442896508788831,0.302508423441962,0.316575797475793,0.0680392085680331,"Potential 1","Giants",0.266708796659908," small"," small","Subcanopy","Subcanopy","Subcanopy small_Subcanopy small"," small small","within"
"17","Canopy large","Canopy large",-0.138105755266406,-0.375741939487831,0.0995304289550199,-0.144201856899448,-0.132009653633363,0.121245179041997,"Potential 1","Warren",0.475272368442851," large"," large","Canopy","Canopy","Canopy large_Canopy large"," large large","within"
"25","Canopy small","Canopy large",-0.232592637670999,-0.375685036178664,-0.0895002391633339,-0.236107609016536,-0.229077666325462,0.073007667302236,"Potential 1","Warren",0.28618479701533," small"," large","Canopy","Canopy","Canopy small_Canopy large","small large","within"
"35","Subcanopy small","Canopy large",-0.0420227972088619,-0.146677712536101,0.0626321181183775,-0.0446633737853868,-0.0393822206323369,0.0533963461332677,"Potential 1","Warren",0.209309830654479," small"," large","Subcanopy","Canopy","Subcanopy small_Canopy large","small large","between"
"53","Canopy small","Canopy small",0.0323758650826737,-0.21650067038671,0.281252400552057,0.0256413724430919,0.0391103577222554,0.126980157509265,"Potential 1","Warren",0.497753070938766," small"," small","Canopy","Canopy","Canopy small_Canopy small"," small small","within"
"65","Subcanopy small","Canopy small",-0.0987386094770988,-0.215892796661593,0.0184155777073955,-0.101615069458058,-0.0958621494961394,0.0597736428365989,"Potential 1","Warren",0.234308374368989," small"," small","Subcanopy","Canopy","Subcanopy small_Canopy small"," small small","between"
"93","Subcanopy small","Subcanopy small",0.351606114595416,0.209193356705481,0.494018872485351,0.344391102967065,0.358821126223767,0.0726609055131976,"Potential 1","Warren",0.28482551577987," small"," small","Subcanopy","Subcanopy","Subcanopy small_Subcanopy small"," small small","within"
"18","Canopy large","Canopy large",-0.168306411454002,-0.474947806113065,0.13833498320506,-0.17268303921379,-0.163929783694215,0.156452566005197,"Potential 1","Dawson",0.613282789318125," large"," large","Canopy","Canopy","Canopy large_Canopy large"," large large","within"
"26","Canopy small","Canopy large",0.0905638680624989,-0.0933625362265937,0.274490272351592,0.0882091395139072,0.0929185966110906,0.0938417265520595,"Potential 1","Dawson",0.367852808578185," small"," large","Canopy","Canopy","Canopy small_Canopy large","small large","within"
"36","Subcanopy large","Canopy large",-0.153637557041902,-0.438827016600665,0.131551902516862,-0.156613023579144,-0.150662090504659,0.145507500039951,"Potential 1","Dawson",0.570378919117527," large"," large","Subcanopy","Canopy","Subcanopy large_Canopy large"," large large","between"
"42","Subcanopy small","Canopy large",-0.0599877136152394,-0.238538305461913,0.118562878231434,-0.0631243625411459,-0.0568510646893328,0.0910989147020341,"Potential 1","Dawson",0.357101183693346," small"," large","Subcanopy","Canopy","Subcanopy small_Canopy large","small large","between"
"66","Canopy small","Canopy small",0.182859994715477,-0.00235821460137184,0.368078204032325,0.17864638294099,0.187073606489963,0.0945008228609434,"Potential 1","Dawson",0.370436418633697," small"," small","Canopy","Canopy","Canopy small_Canopy small"," small small","within"
"72","Subcanopy large","Canopy small",-0.0124779095500504,-0.220046101911388,0.195090282811287,-0.0147700450061991,-0.0101857740939017,0.10590408497228,"Potential 1","Dawson",0.415136384722675," large"," small","Subcanopy","Canopy","Subcanopy large_Canopy small","small large","between"
"82","Subcanopy small","Canopy small",-0.0171723395738635,-0.147557120007581,0.113212440859854,-0.0198944364366388,-0.0144502427110881,0.0665240695554489,"Potential 1","Dawson",0.260769560867435," small"," small","Subcanopy","Canopy","Subcanopy small_Canopy small"," small small","between"
"113","Subcanopy large","Subcanopy large",0.226884023434231,-0.142748173375252,0.596516220243714,0.217798035743543,0.235970011124919,0.18859132092482,"Potential 1","Dawson",0.739264393618966," large"," large","Subcanopy","Subcanopy","Subcanopy large_Subcanopy large"," large large","within"
"122","Subcanopy small","Subcanopy large",0.0635150544092114,-0.163666273757915,0.290696382576338,0.059183360795926,0.0678467480224968,0.115910970792884,"Potential 1","Dawson",0.454362656334254," small"," large","Subcanopy","Subcanopy","Subcanopy small_Subcanopy large","small large","within"
"162","Subcanopy small","Subcanopy small",0.202511211651481,0.0113057046552685,0.393716718647694,0.195762056851095,0.209260366451867,0.0975556227075689,"Potential 1","Dawson",0.382411013992426," small"," small","Subcanopy","Subcanopy","Subcanopy small_Subcanopy small"," small small","within"
"19","Canopy large","Canopy large",-0.369167017582825,-0.784706015562721,0.0463719803970708,-0.376366600052207,-0.361967435113444,0.21201358864633,"Potential 1","Carey",0.831077995959792," large"," large","Canopy","Canopy","Canopy large_Canopy large"," large large","within"
"27","Canopy small","Canopy large",-0.0668086208642779,-0.258876672498625,0.125259430770069,-0.0690298346440018,-0.0645874070845539,0.0979957045891431,"Potential 1","Carey",0.384136103268694," small"," large","Canopy","Canopy","Canopy small_Canopy large","small large","within"
"37","Subcanopy small","Canopy large",-0.0451535074870034,-0.2232402386713,0.132933223697293,-0.0475965809257538,-0.042710434048253,0.0908622467499516,"Potential 1","Carey",0.356173462368593," small"," large","Subcanopy","Canopy","Subcanopy small_Canopy large","small large","between"
"54","Canopy small","Canopy small",0.128751968386002,-0.0835310919099818,0.341035028681986,0.124949701977808,0.132554234794196,0.108309674040159,"Potential 1","Carey",0.424566120591968," small"," small","Canopy","Canopy","Canopy small_Canopy small"," small small","within"
"67","Subcanopy small","Canopy small",-0.0919576411624652,-0.205612835476041,0.021697553151111,-0.0934913034231274,-0.090423978901803,0.057988409588173,"Potential 1","Carey",0.227310388627153," small"," small","Subcanopy","Canopy","Subcanopy small_Canopy small"," small small","between"
"94","Subcanopy small","Subcanopy small",0.205779809787155,0.0246537158422009,0.386905903732108,0.201379360626206,0.210180258948104,0.0924129705309145,"Potential 1","Carey",0.362252187889907," small"," small","Subcanopy","Subcanopy","Subcanopy small_Subcanopy small"," small small","within"
"110","Canopy large","Canopy large",-0.466053849874686,-1.09429792081604,0.162190221066671,-0.472600399258503,-0.459507300490869,0.320538579227407,"Potential 1","Dombakup",1.25648814188271," large"," large","Canopy","Canopy","Canopy large_Canopy large"," large large","within"
"28","Canopy small","Canopy large",0.152063838524678,-0.117609045266518,0.421736722315874,0.148326062289256,0.1558016147601,0.137590734277947,"Potential 1","Dombakup",0.539345767582392," small"," large","Canopy","Canopy","Canopy small_Canopy large","small large","within"
"38","Subcanopy large","Canopy large",0.182332440804089,-0.0631274950366595,0.427792376644837,0.178418331561538,0.186246550046639,0.125236962401812,"Potential 1","Dombakup",0.490919871681496," large"," large","Subcanopy","Canopy","Subcanopy large_Canopy large"," large large","between"
"43","Subcanopy small","Canopy large",0.0609760501026539,-0.0846235728736302,0.206575673078938,0.0583998265797616,0.0635522736255463,0.0742868869656562,"Potential 1","Dombakup",0.291199245952568," small"," large","Subcanopy","Canopy","Subcanopy small_Canopy large","small large","between"
"68","Canopy small","Canopy small",0.0826309948625401,-0.15857795556307,0.323839945288151,0.0781932973904162,0.0870686923346641,0.123068052437818,"Potential 1","Dombakup",0.482417900851221," small"," small","Canopy","Canopy","Canopy small_Canopy small"," small small","within"
"73","Subcanopy large","Canopy small",-0.10341996970345,-0.255521824490797,0.0486818850838969,-0.105992855712304,-0.100847083694597,0.0776044131357041,"Potential 1","Dombakup",0.304203709574694," large"," small","Subcanopy","Canopy","Subcanopy large_Canopy small","small large","between"
"83","Subcanopy small","Canopy small",-0.0509260120697901,-0.115454838436287,0.0136028142967071,-0.0526269128003722,-0.049225111339208,0.0329234755717413,"Potential 1","Dombakup",0.129057652732994," small"," small","Subcanopy","Canopy","Subcanopy small_Canopy small"," small small","between"
"114","Subcanopy large","Subcanopy large",-0.0571564696016063,-0.318162118670565,0.203849179467353,-0.0633252836102215,-0.0509876555929911,0.133168594488337,"Potential 1","Dombakup",0.522011298137918," large"," large","Subcanopy","Subcanopy","Subcanopy large_Subcanopy large"," large large","within"
"123","Subcanopy small","Subcanopy large",-0.057806433457389,-0.127815757514107,0.0122028905993294,-0.0598792530980787,-0.0557336138166994,0.0357196992439366,"Potential 1","Dombakup",0.140018648113437," small"," large","Subcanopy","Subcanopy","Subcanopy small_Subcanopy large","small large","within"
"163","Subcanopy small","Subcanopy small",0.391985714905095,0.292080901899759,0.491890527910431,0.382118801965249,0.401852627844941,0.0509727800068635,"Potential 1","Dombakup",0.199809626010672," small"," small","Subcanopy","Subcanopy","Subcanopy small_Subcanopy small"," small small","within"
"115","Canopy large","Canopy large",0.00139735756782188,-0.236379773436127,0.239174488571771,-0.00398349164771472,0.00677820678335849,0.121317091987151,"Potential 1","Bird",0.475554262007898," large"," large","Canopy","Canopy","Canopy large_Canopy large"," large large","within"
"29","Canopy small","Canopy large",0.0728245463036161,-0.0837314790750287,0.229380571682261,0.0693040411170661,0.0763450514901661,0.0798769909108223,"Potential 1","Bird",0.31311205075729," small"," large","Canopy","Canopy","Canopy small_Canopy large","small large","within"
"39","Subcanopy large","Canopy large",0.102371756593007,-0.067890549925821,0.272634063111835,0.0981812269349347,0.10656228625108,0.0868701199929364,"Potential 1","Bird",0.340524613037656," large"," large","Subcanopy","Canopy","Subcanopy large_Canopy large"," large large","between"
"44","Subcanopy small","Canopy large",0.0546815822875373,-0.0309531838127459,0.140316348387821,0.0519165381182999,0.0574466264567747,0.0436920100449597,"Potential 1","Bird",0.171269532200566," small"," large","Subcanopy","Canopy","Subcanopy small_Canopy large","small large","between"
"69","Canopy small","Canopy small",0.0199968826473967,-0.199138645832638,0.239132411127431,0.0142015251863391,0.0257922401084543,0.111805895520809,"Potential 1","Bird",0.438271056960069," small"," small","Canopy","Canopy","Canopy small_Canopy small"," small small","within"
"74","Subcanopy large","Canopy small",-0.0354949511996787,-0.172190497746833,0.101200595347476,-0.0387231805714374,-0.0322667218279199,0.0697439073500287,"Potential 1","Bird",0.273391093094309," large"," small","Subcanopy","Canopy","Subcanopy large_Canopy small","small large","between"
"84","Subcanopy small","Canopy small",0.0272654385959241,-0.0602848009284686,0.114815678120317,0.0242779227784667,0.0302529544133815,0.0446693103623219,"Potential 1","Bird",0.175100479048785," small"," small","Subcanopy","Canopy","Subcanopy small_Canopy small"," small small","between"
"116","Subcanopy large","Subcanopy large",-0.128072093217791,-0.371591779320503,0.11544759288492,-0.135677149973069,-0.120467036462514,0.124247020875671,"Potential 1","Bird",0.487039372205422," large"," large","Subcanopy","Subcanopy","Subcanopy large_Subcanopy large"," large large","within"
"124","Subcanopy small","Subcanopy large",-0.0287176355256314,-0.111418394317068,0.0539831232658051,-0.0318217954715322,-0.0256134755797305,0.0421950400332708,"Potential 1","Bird",0.165401517582873," small"," large","Subcanopy","Subcanopy","Subcanopy small_Subcanopy large","small large","within"
"164","Subcanopy small","Subcanopy small",0.305137180348505,0.18835242398807,0.421921936708939,0.294607419198792,0.315666941498217,0.059585154258761,"Potential 1","Bird",0.23356951272087," small"," small","Subcanopy","Subcanopy","Subcanopy small_Subcanopy small"," small small","within"
"117","Canopy large","Canopy large",-0.269595237321829,-0.580206974146373,0.0410164995027151,-0.277127278216223,-0.262063196427435,0.158478288006621,"Potential 1","Flowerdale",0.621223473649088," large"," large","Canopy","Canopy","Canopy large_Canopy large"," large large","within"
"210","Canopy small","Canopy large",0.0453521006835135,-0.119558963220354,0.210263164587381,0.0413472793983701,0.049356921968657,0.0841398439995146,"Potential 1","Flowerdale",0.329822127807734," small"," large","Canopy","Canopy","Canopy small_Canopy large","small large","within"
"310","Subcanopy large","Canopy large",0.0194891203531342,-0.22007557798429,0.259053818690559,0.015162021442399,0.0238162192638694,0.122229132895849,"Potential 1","Flowerdale",0.479129396674849," large"," large","Subcanopy","Canopy","Subcanopy large_Canopy large"," large large","between"
"45","Subcanopy small","Canopy large",0.0194541899118303,-0.097990202777246,0.136898582600907,0.0162504770757034,0.0226579027479571,0.0599217095903102,"Potential 1","Flowerdale",0.234888785378153," small"," large","Subcanopy","Canopy","Subcanopy small_Canopy large","small large","between"
"610","Canopy small","Canopy small",0.0412289894595878,-0.150007085069271,0.232465063988447,0.0340724309728064,0.0483855479463693,0.0975712186740698,"Potential 1","Flowerdale",0.382472149057717," small"," small","Canopy","Canopy","Canopy small_Canopy small"," small small","within"
"75","Subcanopy large","Canopy small",0.0275215458954054,-0.144334897089634,0.199377988880445,0.0239697690356508,0.03107332275516,0.0876834698701719,"Potential 1","Flowerdale",0.34371288597008," large"," small","Subcanopy","Canopy","Subcanopy large_Canopy small","small large","between"
"85","Subcanopy small","Canopy small",-0.106226840088832,-0.188995338999732,-0.0234583411779322,-0.109104513052707,-0.103349167124957,0.0422296019537946,"Potential 1","Flowerdale",0.165536997821799," small"," small","Subcanopy","Canopy","Subcanopy small_Canopy small"," small small","between"
"118","Subcanopy large","Subcanopy large",-0.186471678970313,-0.653189737320216,0.280246379379589,-0.193166946541053,-0.179776411399573,0.238125833959866,"Potential 1","Flowerdale",0.933436116699805," large"," large","Subcanopy","Subcanopy","Subcanopy large_Subcanopy large"," large large","within"
"125","Subcanopy small","Subcanopy large",0.120601546873879,-0.0459097873678798,0.287112881115638,0.116491612353223,0.124711481394536,0.0849563234606244,"Potential 1","Flowerdale",0.333022668483518," small"," large","Subcanopy","Subcanopy","Subcanopy small_Subcanopy large","small large","within"
"165","Subcanopy small","Subcanopy small",0.283987703664989,0.175690560216552,0.392284847113427,0.274123788477862,0.293851618852117,0.0552546599338923,"Potential 1","Flowerdale",0.216594286896874," small"," small","Subcanopy","Subcanopy","Subcanopy small_Subcanopy small"," small small","within"
"119","Canopy large","Canopy large",-0.258825328746448,-1.03755567509333,0.519905017600437,-0.265649776060214,-0.252000881432683,0.397318702021777,"Potential 1","Dip",1.55746069269377," large"," large","Canopy","Canopy","Canopy large_Canopy large"," large large","within"
"211","Canopy small","Canopy large",0.145368432454132,-0.242391710130486,0.53312857503875,0.14104196907855,0.149694895829714,0.197840442805695,"Potential 1","Dip",0.775520285169236," small"," large","Canopy","Canopy","Canopy small_Canopy large","small large","within"
"311","Subcanopy large","Canopy large",0.0459083341914944,-0.221454196050047,0.313270864433036,0.0412180124280781,0.0505986559549107,0.136411960806659,"Potential 1","Dip",0.534725060483083," large"," large","Subcanopy","Canopy","Subcanopy large_Canopy large"," large large","between"
"46","Subcanopy small","Canopy large",0.0286878923975027,-0.0387645019344098,0.0961402867294152,0.0275184185180498,0.0298573662769556,0.03441511928993,"Potential 1","Dip",0.134904788663825," small"," large","Subcanopy","Canopy","Subcanopy small_Canopy large","small large","between"
"611","Canopy small","Canopy small",-0.0811491232559799,-0.442029864397634,0.279731617885675,-0.0861047954424724,-0.0761934510694874,0.184126210475415,"Potential 1","Dip",0.721761482283309," small"," small","Canopy","Canopy","Canopy small_Canopy small"," small small","within"
"76","Subcanopy large","Canopy small",-0.146732038720443,-0.329642538800319,0.0361784613594333,-0.150370934770368,-0.143093142670518,0.0933233985535709,"Potential 1","Dip",0.365821000159752," large"," small","Subcanopy","Canopy","Subcanopy large_Canopy small","small large","between"
"86","Subcanopy small","Canopy small",-0.00813884939690335,-0.0523676582158148,0.0360899594220081,-0.00917711267868533,-0.00710058611512137,0.0225661334431564,"Potential 1","Dip",0.0884576176378229," small"," small","Subcanopy","Canopy","Subcanopy small_Canopy small"," small small","between"
"1110","Subcanopy large","Subcanopy large",-0.153866283942086,-0.448340080271299,0.140607512387126,-0.165547414623955,-0.142185153260217,0.150244493598854,"Potential 1","Dip",0.588947592658425," large"," large","Subcanopy","Subcanopy","Subcanopy large_Subcanopy large"," large large","within"
"126","Subcanopy small","Subcanopy large",0.00925250389607466,-0.0407466047487631,0.0592516125409124,0.00691192407869524,0.0115930837134541,0.025510218064834,"Potential 1","Dip",0.0999982172896755," small"," large","Subcanopy","Subcanopy","Subcanopy small_Subcanopy large","small large","within"
"166","Subcanopy small","Subcanopy small",0.529440584097262,0.435519498295581,0.623361669898943,0.510761084757927,0.548120083436597,0.0479198018649926,"Potential 1","Dip",0.187842171603361," small"," small","Subcanopy","Subcanopy","Subcanopy small_Subcanopy small"," small small","within"
"120","Canopy large","Canopy large",-0.267817598812074,-0.754057342876631,0.218422145252483,-0.27648864047886,-0.259146557145287,0.248086060713337,"Potential 1","Weld",0.972479488129114," large"," large","Canopy","Canopy","Canopy large_Canopy large"," large large","within"
"212","Canopy small","Canopy large",0.346601817634622,0.0519647079211775,0.641238927348066,0.341205850339904,0.351997784929339,0.150327818285185,"Potential 1","Weld",0.589274219426888," small"," large","Canopy","Canopy","Canopy small_Canopy large","small large","within"
"312","Subcanopy large","Canopy large",0.0124684628862074,-0.23614714917823,0.261084074950645,0.00854220711159225,0.0163947186608225,0.126847030876835,"Potential 1","Weld",0.497231224128875," large"," large","Subcanopy","Canopy","Subcanopy large_Canopy large"," large large","between"
"47","Subcanopy small","Canopy large",0.0935156648090371,-0.0312171626749785,0.218248492293053,0.0911421024388415,0.0958892271792328,0.0636403671026061,"Potential 1","Weld",0.249465654968031," small"," large","Subcanopy","Canopy","Subcanopy small_Canopy large","small large","between"
"612","Canopy small","Canopy small",0.189702160777094,-0.0232769130864091,0.402681234640597,0.184118152318033,0.195286169236154,0.108664789528509,"Potential 1","Weld",0.425958147727006," small"," small","Canopy","Canopy","Canopy small_Canopy small"," small small","within"
"77","Subcanopy large","Canopy small",-0.0917266712557413,-0.247699866272898,0.0642465237614151,-0.0941991561894701,-0.0892541863220124,0.0795796230172866,"Potential 1","Weld",0.311946390034313," large"," small","Subcanopy","Canopy","Subcanopy large_Canopy small","small large","between"
"87","Subcanopy small","Canopy small",-0.0410668745034614,-0.114006504864211,0.0318727558572883,-0.0429871412921307,-0.0391466077147921,0.0372147809531645,"Potential 1","Weld",0.145879260721499," small"," small","Subcanopy","Canopy","Subcanopy small_Canopy small"," small small","between"
"1111","Subcanopy large","Subcanopy large",-0.136067378490505,-0.43454219267581,0.1624074356948,-0.142491490962507,-0.129643266018503,0.152285866750428,"Potential 1","Weld",0.596949628370611," large"," large","Subcanopy","Subcanopy","Subcanopy large_Subcanopy large"," large large","within"
"127","Subcanopy small","Subcanopy large",0.0854606471829181,-0.0243653732914333,0.195286667657269,0.0825226168883733,0.0883986774774629,0.0560347135664966,"Potential 1","Weld",0.219652040948703," small"," large","Subcanopy","Subcanopy","Subcanopy small_Subcanopy large","small large","within"
"167","Subcanopy small","Subcanopy small",0.328238776925218,0.195840373060638,0.460637180789799,0.321233796273689,0.335243757576748,0.0675514473270542,"Potential 1","Weld",0.264796807729161," small"," small","Subcanopy","Subcanopy","Subcanopy small_Subcanopy small"," small small","within"
"128","Canopy large","Canopy large",-0.306116889559454,-0.557733399161666,-0.0545003799572412,-0.316724462489852,-0.295509316629055,0.12837812918346,"Potential 1","ZigZag",0.503233019204425," large"," large","Canopy","Canopy","Canopy large_Canopy large"," large large","within"
"213","Canopy small","Canopy large",0.0449867250435056,-0.0658362698706707,0.155809719957682,0.0415423921236172,0.0484310579633939,0.0565433833419053,"Potential 1","ZigZag",0.221645989828353," small"," large","Canopy","Canopy","Canopy small_Canopy large","small large","within"
"313","Subcanopy large","Canopy large",0.0170558777470721,-0.1212111099816,0.155322865475744,0.0124446467501724,0.0216671087439718,0.0705456777876043,"Potential 1","ZigZag",0.276533975457343," large"," large","Subcanopy","Canopy","Subcanopy large_Canopy large"," large large","between"
"48","Subcanopy small","Canopy large",-0.0385759141974004,-0.100441957649993,0.0232901292551917,-0.0416058542475234,-0.0355459741472774,0.0315648878961979,"Potential 1","ZigZag",0.123732086905184," small"," large","Subcanopy","Canopy","Subcanopy small_Canopy large","small large","between"
"613","Canopy small","Canopy small",0.190538739513477,0.0466546043947539,0.334422874632199,0.182830867693703,0.19824661133325,0.0734116219755376,"Potential 1","ZigZag",0.287768270237446," small"," small","Canopy","Canopy","Canopy small_Canopy small"," small small","within"
"78","Subcanopy large","Canopy small",0.0285920220858771,-0.057343217667858,0.114527261839612,0.0251574073982075,0.0320266367735467,0.0438453157464021,"Potential 1","ZigZag",0.17187047950747," large"," small","Subcanopy","Canopy","Subcanopy large_Canopy small","small large","between"
"88","Subcanopy small","Canopy small",0.0164276161852278,-0.0294840452231898,0.0623392775936454,0.0135752863106958,0.0192799460597598,0.023424747480343,"Potential 1","ZigZag",0.0918233228168352," small"," small","Subcanopy","Canopy","Subcanopy small_Canopy small"," small small","between"
"1112","Subcanopy large","Subcanopy large",-0.0196904743837093,-0.214972868849684,0.175591920082266,-0.0297615304292174,-0.00961941833820109,0.0996357055570091,"Potential 1","ZigZag",0.39056478893195," large"," large","Subcanopy","Subcanopy","Subcanopy large_Subcanopy large"," large large","within"
"129","Subcanopy small","Subcanopy large",-0.049018565590137,-0.106207772635563,0.00817064145528903,-0.0525342098650598,-0.0455029213152141,0.0291787030254266,"Potential 1","ZigZag",0.114378414090852," small"," large","Subcanopy","Subcanopy","Subcanopy small_Subcanopy large","small large","within"
"168","Subcanopy small","Subcanopy small",0.153858178848207,0.0144893644134953,0.293226993282919,0.125664439978604,0.182051917717811,0.0711078446002251,"Potential 1","ZigZag",0.278737628869424," small"," small","Subcanopy","Subcanopy","Subcanopy small_Subcanopy small"," small small","within"
"130","Canopy large","Canopy large",0.0167328037685544,-0.136060312594928,0.169525920132036,0.0101942191183638,0.0232713884187451,0.0779571040941031,"Potential 1","NorthStyx",0.305586232726964," large"," large","Canopy","Canopy","Canopy large_Canopy large"," large large","within"
"214","Canopy small","Canopy large",0.024612958244315,-0.0322788123778151,0.081504728866445,0.0228303858856758,0.0263955306029541,0.0290269469596814,"Potential 1","NorthStyx",0.11378354124426," small"," large","Canopy","Canopy","Canopy small_Canopy large","small large","within"
"314","Subcanopy large","Canopy large",0.0773562361364416,-0.0694517865855248,0.224164258858408,0.0741832371818552,0.080529235091028,0.0749034287772476,"Potential 1","NorthStyx",0.293616045443933," large"," large","Subcanopy","Canopy","Subcanopy large_Canopy large"," large large","between"
"49","Subcanopy small","Canopy large",-0.129069369536721,-0.22022945058959,-0.037909288483851,-0.13225077501895,-0.125887964054491,0.0465111000875163,"Potential 1","NorthStyx",0.182320162105739," small"," large","Subcanopy","Canopy","Subcanopy small_Canopy large","small large","between"
"614","Canopy small","Canopy small",0.403816374187967,0.302368923639198,0.505263824736736,0.394660511738862,0.412972236637072,0.0517598544406803,"Potential 1","NorthStyx",0.202894901097538," small"," small","Canopy","Canopy","Canopy small_Canopy small"," small small","within"
"79","Subcanopy large","Canopy small",-0.122539728264948,-0.233893133724864,-0.0111863228050329,-0.12597059408279,-0.119108862447107,0.0568140059400361,"Potential 1","NorthStyx",0.222706810919831," large"," small","Subcanopy","Canopy","Subcanopy large_Canopy small","small large","between"
"89","Subcanopy small","Canopy small",0.124518738781388,0.0442047231826284,0.204832754380148,0.120033659360107,0.129003818202669,0.0409772915381439,"Potential 1","NorthStyx",0.16062803119752," small"," small","Subcanopy","Canopy","Subcanopy small_Canopy small"," small small","between"
"1113","Subcanopy large","Subcanopy large",-0.0958876183820326,-0.496685084179756,0.30490984741569,-0.103850858305927,-0.0879243784581386,0.204492260551297,"Potential 1","NorthStyx",0.801594931595446," large"," large","Subcanopy","Subcanopy","Subcanopy large_Subcanopy large"," large large","within"
"1210","Subcanopy small","Subcanopy large",0.24930141655598,0.0459634121335816,0.452639420978378,0.242920153738028,0.255682679373932,0.103745786160512,"Potential 1","NorthStyx",0.406676008844796," small"," large","Subcanopy","Subcanopy","Subcanopy small_Subcanopy large","small large","within"
"169","Subcanopy small","Subcanopy small",0.279269928837462,0.0884851312695073,0.470054726405416,0.268206536869365,0.290333320805558,0.0973409710958163,"Potential 1","NorthStyx",0.381569595135909," small"," small","Subcanopy","Subcanopy","Subcanopy small_Subcanopy small"," small small","within"
"131","Canopy large","Canopy large",-0.159398645828739,-0.395898841749714,0.0771015500922354,-0.170349122764799,-0.148448168892679,0.120665582524198,"Potential 1","Newline",0.473000391841949," large"," large","Canopy","Canopy","Canopy large_Canopy large"," large large","within"
"215","Canopy small","Canopy large",-0.0399474039750617,-0.107662362384388,0.0277675544342642,-0.0424951638596828,-0.0373996440904405,0.0345490830155313,"Potential 1","Newline",0.135429916818652," small"," large","Canopy","Canopy","Canopy small_Canopy large","small large","within"
"410","Canopy small","Canopy small",0.269549626035732,0.160379821546926,0.378719430524538,0.26181264483084,0.277286607240624,0.0556999033400222,"Potential 1","Newline",0.218339608977612," small"," small","Canopy","Canopy","Canopy small_Canopy small"," small small","within"
"132","Canopy large","Canopy large",-0.323886836097147,-0.548668738368998,-0.0991049338252959,-0.338037350705658,-0.309736321488636,0.114686751412221,"Potential 1","WaratahMix",0.449563804543702," large"," large","Canopy","Canopy","Canopy large_Canopy large"," large large","within"
"216","Canopy small","Canopy large",-0.143235877028534,-0.203929260404854,-0.0825424936522141,-0.146256742305199,-0.140215011751868,0.0309665809448855,"Potential 1","WaratahMix",0.12138676675264," small"," large","Canopy","Canopy","Canopy small_Canopy large","small large","within"
"411","Canopy small","Canopy small",0.148669922895229,0.00665712184927297,0.290682723941184,0.140206864488323,0.157132981302134,0.0724568421492102,"Potential 1","WaratahMix",0.284025602091912," small"," small","Canopy","Canopy","Canopy small_Canopy small"," small small","within"
"133","Canopy large","Canopy large",-0.0953849226110592,-0.322987683430623,0.132217838208505,-0.102531590259266,-0.0882382549628523,0.116125991403345,"Potential 1","WogWay",0.455205521639128," large"," large","Canopy","Canopy","Canopy large_Canopy large"," large large","within"
"217","Canopy small","Canopy large",-0.0223296497621476,-0.0741357128117876,0.0294764132874923,-0.0236698198321901,-0.0209894796921052,0.0264321505182134,"Potential 1","WogWay",0.10361212609928," small"," large","Canopy","Canopy","Canopy small_Canopy large","small large","within"
"412","Canopy small","Canopy small",0.459091803724865,0.356409885418365,0.561773722031365,0.449425549333635,0.468758058116094,0.0523896965028143,"Potential 1","WogWay",0.205363836613," small"," small","Canopy","Canopy","Canopy small_Canopy small"," small small","within"
"134","Canopy large","Canopy large",-0.389123716172669,-0.774309731023123,-0.00393770132221422,-0.397779564964113,-0.380467867381224,0.196527088195881,"Potential 1","Goodenia",0.770372029700909," large"," large","Canopy","Canopy","Canopy large_Canopy large"," large large","within"
"218","Canopy small","Canopy large",-0.0240218562488757,-0.189908718842686,0.141865006344935,-0.0272722581229613,-0.0207714543747901,0.0846377096223731,"Potential 1","Goodenia",0.331773725187621," small"," large","Canopy","Canopy","Canopy small_Canopy large","small large","within"
"315","Subcanopy small","Canopy large",0.012515405179982,-0.169781699969165,0.194812510329129,0.00925262750492201,0.015778182855042,0.0930104362055033,"Potential 1","Goodenia",0.364594210298293," small"," large","Subcanopy","Canopy","Subcanopy small_Canopy large","small large","between"
"55","Canopy small","Canopy small",0.209805820575755,0.0159997008401263,0.403611940311385,0.204318373104232,0.215293268047278,0.0988824903234688,"Potential 1","Goodenia",0.387612239471258," small"," small","Canopy","Canopy","Canopy small_Canopy small"," small small","within"
"615","Subcanopy small","Canopy small",-0.0995250567194249,-0.21130646519778,0.0122563517589307,-0.101643448511081,-0.0974066649277684,0.0570323788396486,"Potential 1","Goodenia",0.223562816956711," small"," small","Subcanopy","Canopy","Subcanopy small_Canopy small"," small small","between"
"95","Subcanopy small","Subcanopy small",0.311910124502294,0.04019508313707,0.583625165867518,0.305001922585819,0.31881832641877,0.138632670553376,"Potential 1","Goodenia",0.543430082730448," small"," small","Subcanopy","Subcanopy","Subcanopy small_Subcanopy small"," small small","within"
"135","Canopy large","Canopy large",-0.260239325794349,-0.530518980625789,0.010040329037091,-0.268430990536942,-0.252047661051757,0.137900317027951,"Potential 1","Candelo",0.54055930966288," large"," large","Canopy","Canopy","Canopy large_Canopy large"," large large","within"
"219","Canopy small","Canopy large",0.0263860285476078,-0.084702895330687,0.137474952425902,0.0237699503099355,0.02900210678528,0.0566790638779845,"Potential 1","Candelo",0.222177847756589," small"," large","Canopy","Canopy","Canopy small_Canopy large","small large","within"
"413","Canopy small","Canopy small",0.403268640668308,0.280627103741193,0.525910177595424,0.391848905756326,0.414688375580291,0.0625733625181362,"Potential 1","Candelo",0.245283073854231," small"," small","Canopy","Canopy","Canopy small_Canopy small"," small small","within"
"136","Canopy large","Canopy large",-0.25576771342721,-0.609232291516837,0.0976968646624164,-0.264037049146248,-0.247498377708173,0.180342384287523,"Potential 1","ANU101",0.706929156179253," large"," large","Canopy","Canopy","Canopy large_Canopy large"," large large","within"
"220","Canopy small","Canopy large",-0.159620475206212,-0.278134191943778,-0.0411067584686464,-0.162526774374646,-0.156714176037779,0.0604672931096626,"Potential 1","ANU101",0.237027433475131," small"," large","Canopy","Canopy","Canopy small_Canopy large","small large","within"
"316","Subcanopy large","Canopy large",0.0536865136338681,-0.231751975902153,0.339125003169889,0.049498388329597,0.0578746389381392,0.145634558485525,"Potential 1","ANU101",0.570876979072042," large"," large","Subcanopy","Canopy","Subcanopy large_Canopy large"," large large","between"
"414","Subcanopy small","Canopy large",-0.0412055620317606,-0.162599610384412,0.0801884863208911,-0.0442916670368116,-0.0381194570267095,0.061936877060085,"Potential 1","ANU101",0.242788096705303," small"," large","Subcanopy","Canopy","Subcanopy small_Canopy large","small large","between"
"616","Canopy small","Canopy small",-0.00998833555280763,-0.206910306732262,0.186933635626647,-0.0166289937831326,-0.00334767732248266,0.100472239659887,"Potential 1","ANU101",0.393843942358909," small"," small","Canopy","Canopy","Canopy small_Canopy small"," small small","within"
"710","Subcanopy large","Canopy small",-0.0911779755575214,-0.269846038955455,0.0874900878404119,-0.0935175204058599,-0.0888384307091829,0.0911588502682928,"Potential 1","ANU101",0.357336126795866," large"," small","Subcanopy","Canopy","Subcanopy large_Canopy small","small large","between"
"810","Subcanopy small","Canopy small",-0.0695082706660823,-0.155125625168141,0.0161090838359766,-0.07180062386817,-0.0672159174639946,0.0436831264132391,"Potential 1","ANU101",0.171234709004118," small"," small","Subcanopy","Canopy","Subcanopy small_Canopy small"," small small","between"
"1114","Subcanopy large","Subcanopy large",0.138732872339412,-0.307538881191622,0.585004625870446,0.133680794184978,0.143784950493846,0.227693854096896,"Potential 1","ANU101",0.892543507062068," large"," large","Subcanopy","Subcanopy","Subcanopy large_Subcanopy large"," large large","within"
"1211","Subcanopy small","Subcanopy large",0.0501081843258414,-0.111626459743652,0.211842828395335,0.0470754948461007,0.053140873805582,0.0825191918551747,"Potential 1","ANU101",0.323469288138987," small"," large","Subcanopy","Subcanopy","Subcanopy small_Subcanopy large","small large","within"
"1610","Subcanopy small","Subcanopy small",0.218649690163463,0.0719126927181806,0.365386687608745,0.210810373612672,0.226489006714253,0.0748671907253016,"Potential 1","ANU101",0.293473994890564," small"," small","Subcanopy","Subcanopy","Subcanopy small_Subcanopy small"," small small","within"
"137","Canopy large","Canopy large",-0.687512941438592,-1.10663469428838,-0.268391188588805,-0.702738124186631,-0.672287758690553,0.213841558393811,"Potential 1","Ada Tree",0.838243505699576," large"," large","Canopy","Canopy","Canopy large_Canopy large"," large large","within"
"221","Canopy small","Canopy large",-0.286326064258624,-0.523672882571197,-0.04897924594605,-0.292924325058036,-0.279727803459212,0.121097540661326,"Potential 1","Ada Tree",0.474693636625148," small"," large","Canopy","Canopy","Canopy small_Canopy large","small large","within"
"317","Subcanopy large","Canopy large",0.197321751074256,-0.0515890030720602,0.446232505220573,0.192000145963276,0.202643356185237,0.126997616338715,"Potential 1","Ada Tree",0.497821508292633," large"," large","Subcanopy","Canopy","Subcanopy large_Canopy large"," large large","between"
"415","Subcanopy small","Canopy large",0.0228289881701449,-0.100050013317668,0.145707989657958,0.0190593497346391,0.0265986266056507,0.0626945201325466,"Potential 1","Ada Tree",0.245758002975625," small"," large","Subcanopy","Canopy","Subcanopy small_Canopy large","small large","between"
"617","Canopy small","Canopy small",-0.280927995547479,-0.565341654719798,0.00348566362483921,-0.290278201075231,-0.271577790019727,0.145111676242899,"Potential 1","Ada Tree",0.568827318344637," small"," small","Canopy","Canopy","Canopy small_Canopy small"," small small","within"
"711","Subcanopy large","Canopy small",0.141490386836725,-0.0390583118295059,0.322039085502955,0.137239381997475,0.145741391675975,0.0921183756897452,"Potential 1","Ada Tree",0.361097397332461," large"," small","Subcanopy","Canopy","Subcanopy large_Canopy small","small large","between"
"811","Subcanopy small","Canopy small",0.0953922578523795,-0.029023411235421,0.21980792694018,0.0914055324471023,0.0993789832576568,0.0634785486208805,"Potential 1","Ada Tree",0.248831338175601," small"," small","Subcanopy","Canopy","Subcanopy small_Canopy small"," small small","between"
"1115","Subcanopy large","Subcanopy large",0.0483527279022103,-0.160517692523948,0.257223148328369,0.0435622738501725,0.053143181954248,0.106568499254936,"Potential 1","Ada Tree",0.417740840852317," large"," large","Subcanopy","Subcanopy","Subcanopy large_Subcanopy large"," large large","within"
"1212","Subcanopy small","Subcanopy large",-0.07482142210648,-0.165582485527719,0.0159396413147592,-0.0770849695582416,-0.0725578746547184,0.0463075159223082,"Potential 1","Ada Tree",0.181522126842478," small"," large","Subcanopy","Subcanopy","Subcanopy small_Subcanopy large","small large","within"
"1611","Subcanopy small","Subcanopy small",0.17117183902081,0.0224382619547642,0.319905416086855,0.161268204271279,0.18107547377034,0.0758858725156366,"Potential 1","Ada Tree",0.297467154132091," small"," small","Subcanopy","Subcanopy","Subcanopy small_Subcanopy small"," small small","within"
"138","Canopy large","Canopy large",-0.478051340521709,-0.748419000225546,-0.207683680817872,-0.492193989331497,-0.463908691711921,0.137945218298123,"Potential 1","Weeaproinah",0.540735319407674," large"," large","Canopy","Canopy","Canopy large_Canopy large"," large large","within"
"222","Canopy small","Canopy large",-0.11823728485325,-0.253854061886982,0.0173794921804825,-0.122666613113197,-0.113807956593303,0.0691935046273605,"Potential 1","Weeaproinah",0.271233554067464," small"," large","Canopy","Canopy","Canopy small_Canopy large","small large","within"
"318","Subcanopy large","Canopy large",-0.020773871118847,-0.177057683481823,0.135509941244129,-0.025907523577904,-0.01564021865979,0.079738104167078,"Potential 1","Weeaproinah",0.312567624725952," large"," large","Subcanopy","Canopy","Subcanopy large_Canopy large"," large large","between"
"416","Subcanopy small","Canopy large",0.0326338747694076,-0.0378566216393603,0.103124371178176,0.0302277930552189,0.0350399564835964,0.0359651998530524,"Potential 1","Weeaproinah",0.140980992817536," small"," large","Subcanopy","Canopy","Subcanopy small_Canopy large","small large","between"
"618","Canopy small","Canopy small",-0.11359286124874,-0.304320838281287,0.0771351157838075,-0.123566679371415,-0.103619043126065,0.097311980494022,"Potential 1","Weeaproinah",0.381455954065095," small"," small","Canopy","Canopy","Canopy small_Canopy small"," small small","within"
"712","Subcanopy large","Canopy small",0.0666175876162516,-0.0587301452992476,0.191965320531751,0.0619142731967633,0.0713209020357399,0.0639541001284851,"Potential 1","Weeaproinah",0.250695465830998," large"," small","Subcanopy","Canopy","Subcanopy large_Canopy small","small large","between"
"812","Subcanopy small","Canopy small",-0.0160205490505966,-0.0703760342973635,0.0383349361961703,-0.0185018207233694,-0.0135392773778238,0.02773290003057,"Potential 1","Weeaproinah",0.108710970493534," small"," small","Subcanopy","Canopy","Subcanopy small_Canopy small"," small small","between"
"1116","Subcanopy large","Subcanopy large",-0.22108998492126,-0.438580714714337,-0.00359925512818302,-0.231893072313646,-0.210286897528874,0.110966697096792,"Potential 1","Weeaproinah",0.434981459586154," large"," large","Subcanopy","Subcanopy","Subcanopy large_Subcanopy large"," large large","within"
"1213","Subcanopy small","Subcanopy large",-0.00406566153970735,-0.0626815766200704,0.0545502535406557,-0.0068902676118415,-0.0012410554675732,0.029906628663954,"Potential 1","Weeaproinah",0.117231830160726," small"," large","Subcanopy","Subcanopy","Subcanopy small_Subcanopy large","small large","within"
"1612","Subcanopy small","Subcanopy small",0.340387650588875,0.230188820984792,0.450586480192958,0.325356653295186,0.355418647882564,0.0562249258013501,"Potential 1","Weeaproinah",0.220397659208166," small"," small","Subcanopy","Subcanopy","Subcanopy small_Subcanopy small"," small small","within"
"139","Canopy large","Canopy large",-0.684239771117626,-1.10161702913191,-0.266862513103343,-0.704679900972662,-0.66379964126259,0.212951493653201,"Potential 1","ANU363",0.834754516028566," large"," large","Canopy","Canopy","Canopy large_Canopy large"," large large","within"
"223","Canopy small","Canopy large",-0.252839049084669,-0.394452830876715,-0.111225267292624,-0.25876720008888,-0.246910898080459,0.0722532571562932,"Potential 1","ANU363",0.283227563584091," small"," large","Canopy","Canopy","Canopy small_Canopy large","small large","within"
"417","Canopy small","Canopy small",-0.00205723263606902,-0.183306447456622,0.179191982184484,-0.00695019692273511,0.00283573165059706,0.0924757884584738,"Potential 1","ANU363",0.362498429641107," small"," small","Canopy","Canopy","Canopy small_Canopy small"," small small","within"
"140","Canopy large","Canopy large",-0.452012721798497,-0.856501888113688,-0.0475235554833054,-0.468368865248153,-0.435656578348841,0.206375815834245,"Potential 1","ANU589",0.808978332630383," large"," large","Canopy","Canopy","Canopy large_Canopy large"," large large","within"
"224","Canopy small","Canopy large",-0.0727071313193989,-0.272115602755305,0.126701340116507,-0.0777782978654267,-0.067635964773371,0.101740885551375,"Potential 1","ANU589",0.398816942871812," small"," large","Canopy","Canopy","Canopy small_Canopy large","small large","within"
"319","Subcanopy large","Canopy large",-0.116039168406697,-0.454400129465596,0.222321792652202,-0.120785351924627,-0.111292984888767,0.172636315630209,"Potential 1","ANU589",0.676721922117798," large"," large","Subcanopy","Canopy","Subcanopy large_Canopy large"," large large","between"
"418","Subcanopy small","Canopy large",-0.0670474907290289,-0.156847542107592,0.0227525606495339,-0.0703979162688315,-0.0636970651892262,0.045817194645868,"Potential 1","ANU589",0.179600102757125," small"," large","Subcanopy","Canopy","Subcanopy small_Canopy large","small large","between"
"619","Canopy small","Canopy small",-0.0511281579459218,-0.295621817360966,0.193365501469122,-0.059059379937356,-0.0431969359544876,0.124743955166309,"Potential 1","ANU589",0.488987318830088," small"," small","Canopy","Canopy","Canopy small_Canopy small"," small small","within"
"713","Subcanopy large","Canopy small",0.298603264012546,-0.0535844435850916,0.650790971610183,0.292022030503578,0.305184497521513,0.17969090777976,"Potential 1","ANU589",0.704375415195275," large"," small","Subcanopy","Canopy","Subcanopy large_Canopy small","small large","between"
"813","Subcanopy small","Canopy small",-0.125662474584886,-0.207121653647854,-0.0442032955219191,-0.128204470621437,-0.123120478548336,0.0415615693479609,"Potential 1","ANU589",0.162918358125935," small"," small","Subcanopy","Canopy","Subcanopy small_Canopy small"," small small","between"
"1117","Subcanopy large","Subcanopy large",-0.438244931483588,-1.31341467781472,0.436924814847539,-0.448582911522061,-0.427906951445115,0.446523381671477,"Potential 1","ANU589",1.75033949266225," large"," large","Subcanopy","Subcanopy","Subcanopy large_Subcanopy large"," large large","within"
"1214","Subcanopy small","Subcanopy large",0.096214425875837,-0.0793438695517437,0.271772721303418,0.0929977430915534,0.0994311086601205,0.0895722048019056,"Potential 1","ANU589",0.351116590855161," small"," large","Subcanopy","Subcanopy","Subcanopy small_Subcanopy large","small large","within"
"1613","Subcanopy small","Subcanopy small",0.265592811324655,0.126676271345861,0.404509351303448,0.255894479541699,0.275291143107611,0.0708770880865922,"Potential 1","ANU589",0.277833079957587," small"," small","Subcanopy","Subcanopy","Subcanopy small_Subcanopy small"," small small","within"
"141","Canopy large","Canopy large",-1.2594372389308,-2.15180900403322,-0.36706547382839,-1.27463145996257,-1.24424301789904,0.455300083134858,"Potential 1","Turtons",1.78474353020483," large"," large","Canopy","Canopy","Canopy large_Canopy large"," large large","within"
"225","Canopy small","Canopy large",0.317475863857809,-0.213735296773352,0.848687024488969,0.308645516038387,0.326306211677231,0.271031082622582,"Potential 1","Turtons",1.06242232126232," small"," large","Canopy","Canopy","Canopy small_Canopy large","small large","within"
"320","Subcanopy large","Canopy large",0.212632150782768,-0.176986030219496,0.602250331785033,0.205726685560568,0.219537616004969,0.198788439009861,"Potential 1","Turtons",0.779236362004529," large"," large","Subcanopy","Canopy","Subcanopy large_Canopy large"," large large","between"
"419","Subcanopy small","Canopy large",0.00477563219092301,-0.105933952414018,0.115485216795864,0.00227184768997227,0.00727941669187375,0.0564855198759796,"Potential 1","Turtons",0.221419169209883," small"," large","Subcanopy","Canopy","Subcanopy small_Canopy large","small large","between"
"620","Canopy small","Canopy small",-0.420158321640733,-0.959024735387585,0.118708092106118,-0.427143281943582,-0.413173361337884,0.274936895778372,"Potential 1","Turtons",1.0777328274937," small"," small","Canopy","Canopy","Canopy small_Canopy small"," small small","within"
"714","Subcanopy large","Canopy small",-0.0320912975938679,-0.206763439036507,0.142580843848771,-0.0353123506027269,-0.028870244585009,0.0891200771138812,"Potential 1","Turtons",0.349344282885279," large"," small","Subcanopy","Canopy","Subcanopy large_Canopy small","small large","between"
"814","Subcanopy small","Canopy small",0.0133284278868849,-0.102492796070681,0.129149651844451,0.0104283883345228,0.016228467439247,0.0590935470606344,"Potential 1","Turtons",0.231642447915132," small"," small","Subcanopy","Canopy","Subcanopy small_Canopy small"," small small","between"
"1118","Subcanopy large","Subcanopy large",0.0290968692196804,-0.170424408931012,0.228618147370373,0.0206041451579213,0.0375895932814394,0.10179844105529,"Potential 1","Turtons",0.399042556301384," large"," large","Subcanopy","Subcanopy","Subcanopy large_Subcanopy large"," large large","within"
"1215","Subcanopy small","Subcanopy large",0.0696894231991342,-0.0236469345158609,0.163025780914129,0.0655249555265466,0.0738538908717219,0.0476214657265238,"Potential 1","Turtons",0.18667271542999," small"," large","Subcanopy","Subcanopy","Subcanopy small_Subcanopy large","small large","within"
"1614","Subcanopy small","Subcanopy small",0.109269437225909,-0.0295478073115567,0.248086681763374,0.0984040321357551,0.120134842316063,0.0708264262162154,"Potential 1","Turtons",0.277634489074931," small"," small","Subcanopy","Subcanopy","Subcanopy small_Subcanopy small"," small small","within"
"142","Canopy large","Canopy large",-0.169312765891347,-0.449895464277419,0.111269932494726,-0.174738334909436,-0.163887196873258,0.143157068496806,"Potential 1","Lardner",0.561165396772145," large"," large","Canopy","Canopy","Canopy large_Canopy large"," large large","within"
"226","Canopy small","Canopy large",-0.0703158017474977,-0.216806142786852,0.0761745392918564,-0.0731769922349848,-0.0674546112600106,0.0747413433077604,"Potential 1","Lardner",0.292980682078708," small"," large","Canopy","Canopy","Canopy small_Canopy large","small large","within"
"321","Subcanopy large","Canopy large",0.0276698827805643,-0.125382234661757,0.180722000222886,0.0242339941248831,0.0311057714362456,0.0780892499298851,"Potential 1","Lardner",0.306104234884643," large"," large","Subcanopy","Canopy","Subcanopy large_Canopy large"," large large","between"
"420","Subcanopy small","Canopy large",0.0207702744508889,-0.100287466675282,0.141828015577059,0.0174295878139105,0.0241109610878673,0.0617652885874734,"Potential 1","Lardner",0.242115482252341," small"," large","Subcanopy","Canopy","Subcanopy small_Canopy large","small large","between"
"621","Canopy small","Canopy small",0.0727739893753487,-0.132121086309504,0.277669065060202,0.0669507152154796,0.0785972635352178,0.104540224872007,"Potential 1","Lardner",0.409790151369706," small"," small","Canopy","Canopy","Canopy small_Canopy small"," small small","within"
"715","Subcanopy large","Canopy small",0.124333179537773,-0.0106286566078855,0.259295015683431,0.120441294719926,0.12822506435562,0.0688593449727751,"Potential 1","Lardner",0.269923672291317," large"," small","Subcanopy","Canopy","Subcanopy large_Canopy small","small large","between"
"815","Subcanopy small","Canopy small",-0.0361868116677503,-0.128773823620784,0.0564002002852839,-0.0391382642630136,-0.0332353590724869,0.0472391394348819,"Potential 1","Lardner",0.185174023906068," small"," small","Subcanopy","Canopy","Subcanopy small_Canopy small"," small small","between"
"1119","Subcanopy large","Subcanopy large",-0.131245610071048,-0.374551705537429,0.112060485395332,-0.140802262551779,-0.121688957590317,0.124138044058742,"Potential 1","Lardner",0.486612190932761," large"," large","Subcanopy","Subcanopy","Subcanopy large_Subcanopy large"," large large","within"
"1216","Subcanopy small","Subcanopy large",-0.0621945230545427,-0.165410408105355,0.0410213619962691,-0.0663770086463039,-0.0580120374627815,0.0526621335213124,"Potential 1","Lardner",0.206431770101624," small"," large","Subcanopy","Subcanopy","Subcanopy small_Subcanopy large","small large","within"
"1615","Subcanopy small","Subcanopy small",-0.171897012758207,-0.378837559485928,0.0350435339695138,-0.184986713445184,-0.15880731207123,0.105583851723828,"Potential 1","Lardner",0.413881093455442," small"," small","Subcanopy","Subcanopy","Subcanopy small_Subcanopy small"," small small","within"
"143","Canopy large","Canopy large",-1.09936153616624,-2.01604289813469,-0.182680174197791,-1.12515315784652,-1.07356991448597,0.467703166588323,"Potential 1","HardyCreek",1.8333627239369," large"," large","Canopy","Canopy","Canopy large_Canopy large"," large large","within"
"227","Canopy small","Canopy large",-0.0351225646274372,-0.287729015887641,0.217483886632766,-0.0406444197731056,-0.0296007094817688,0.128883210738938,"Potential 1","HardyCreek",0.505212902520407," small"," large","Canopy","Canopy","Canopy small_Canopy large","small large","within"
"322","Subcanopy large","Canopy large",-0.564767062423844,-1.21696561266932,0.08743148782163,-0.574994275960457,-0.554539848887231,0.332760476921991,"Potential 1","HardyCreek",1.30439710049095," large"," large","Subcanopy","Canopy","Subcanopy large_Canopy large"," large large","between"
"421","Subcanopy small","Canopy large",0.483349031713067,0.0738575026060768,0.892840560820058,0.475991525928894,0.490706537497241,0.20892808864704,"Potential 1","HardyCreek",0.818983058213981," small"," large","Subcanopy","Canopy","Subcanopy small_Canopy large","small large","between"
"622","Canopy small","Canopy small",0.101790675482429,-0.0803967527604678,0.283978103725325,0.0958043615497868,0.107776989415071,0.0929544775720206,"Potential 1","HardyCreek",0.364374856485793," small"," small","Canopy","Canopy","Canopy small_Canopy small"," small small","within"
"716","Subcanopy large","Canopy small",0.00917119665490213,-0.242913480630364,0.261255873940169,0.00589719607022353,0.0124451972395807,0.128616994635452,"Potential 1","HardyCreek",0.504169354570533," large"," small","Subcanopy","Canopy","Subcanopy large_Canopy small","small large","between"
"816","Subcanopy small","Canopy small",0.0362080833697417,-0.122686669570742,0.195102836310225,0.032884762888644,0.0395314038508394,0.0810702411849529,"Potential 1","HardyCreek",0.317789505880967," small"," small","Subcanopy","Canopy","Subcanopy small_Canopy small"," small small","between"
"1120","Subcanopy large","Subcanopy large",-0.417696792369743,-1.10471814217578,0.269324557436292,-0.424236862143351,-0.411156722596134,0.350527537865579,"Potential 1","HardyCreek",1.37404269961207," large"," large","Subcanopy","Subcanopy","Subcanopy large_Subcanopy large"," large large","within"
"1217","Subcanopy small","Subcanopy large",0.298981290099813,-0.123583320375207,0.721545900574832,0.293755011763035,0.304207568436591,0.21559815068448,"Potential 1","HardyCreek",0.845129220950039," small"," large","Subcanopy","Subcanopy","Subcanopy small_Subcanopy large","small large","within"
"1616","Subcanopy small","Subcanopy small",-0.060943468899884,-0.396153007198716,0.274266069398947,-0.0671927611888667,-0.0546941766109014,0.171028417329564,"Potential 1","HardyCreek",0.670419076597663," small"," small","Subcanopy","Subcanopy","Subcanopy small_Subcanopy small"," small small","within"
"144","Canopy large","Canopy large",-0.289961699049178,-0.741657461590101,0.161734063491746,-0.29615977308348,-0.283763625014876,0.230461256484222,"Potential 1","MinesRd",0.903391525081848," large"," large","Canopy","Canopy","Canopy large_Canopy large"," large large","within"
"228","Canopy small","Canopy large",-0.06806713378247,-0.304660533217464,0.168526265652524,-0.0712474532315303,-0.0648868143334098,0.120713136211284,"Potential 1","MinesRd",0.473186798869988," small"," large","Canopy","Canopy","Canopy small_Canopy large","small large","within"
"323","Subcanopy large","Canopy large",0.0316910932275394,-0.177692266198472,0.241074452653551,0.0288550526122872,0.0345271338427916,0.106830207635243,"Potential 1","MinesRd",0.418766718852023," large"," large","Subcanopy","Canopy","Subcanopy large_Canopy large"," large large","between"
"422","Subcanopy small","Canopy large",0.000197709669182426,-0.108430491416931,0.108825910755295,-0.00160586681575352,0.00200128615411837,0.0554235699956522,"Potential 1","MinesRd",0.217256402172226," small"," large","Subcanopy","Canopy","Subcanopy small_Canopy large","small large","between"
"623","Canopy small","Canopy small",0.206629245222256,-0.0210732530361466,0.434331743480658,0.200208595934694,0.213049894509817,0.116176878786799,"Potential 1","MinesRd",0.455404996516804," small"," small","Canopy","Canopy","Canopy small_Canopy small"," small small","within"
"717","Subcanopy large","Canopy small",0.0941375969611045,-0.0706295368983134,0.258904730820522,0.0907901222667338,0.0974850716554753,0.0840664089539808,"Potential 1","MinesRd",0.329534267718836," large"," small","Subcanopy","Canopy","Subcanopy large_Canopy small","small large","between"
"817","Subcanopy small","Canopy small",0.00746066585171529,-0.0704814193422616,0.0854027510456922,0.0052496719843323,0.00967165971909828,0.0397671007267348,"Potential 1","MinesRd",0.155884170387954," small"," small","Subcanopy","Canopy","Subcanopy small_Canopy small"," small small","between"
"1121","Subcanopy large","Subcanopy large",-0.0356573152451058,-0.255933407701483,0.184618777211271,-0.0399516615198154,-0.0313629689703963,0.112387826610023,"Potential 1","MinesRd",0.440552184912755," large"," large","Subcanopy","Subcanopy","Subcanopy large_Subcanopy large"," large large","within"
"1218","Subcanopy small","Subcanopy large",-0.0216655993882634,-0.106056845645023,0.0627256468684961,-0.0235305300237776,-0.0198006687527492,0.043057549486841,"Potential 1","MinesRd",0.168782492513519," small"," large","Subcanopy","Subcanopy","Subcanopy small_Subcanopy large","small large","within"
"1617","Subcanopy small","Subcanopy small",0.336927492515031,0.21136101036994,0.462493974660123,0.328931648893083,0.344923336136979,0.064065708929115,"Potential 1","MinesRd",0.251132964290183," small"," small","Subcanopy","Subcanopy","Subcanopy small_Subcanopy small"," small small","within"
"145","Canopy large","Canopy large",-0.209040192686033,-0.759204549613252,0.341124164241185,-0.216455168970534,-0.201625216401533,0.280701258424565,"Potential 1","Tinebank",1.10032871385444," large"," large","Canopy","Canopy","Canopy large_Canopy large"," large large","within"
"229","Canopy small","Canopy large",0.0283496853559015,-0.220260859266652,0.276960229978455,0.0241688565081056,0.0325305142036974,0.126844445399794,"Potential 1","Tinebank",0.497221089245106," small"," large","Canopy","Canopy","Canopy small_Canopy large","small large","within"
"324","Subcanopy large","Canopy large",-0.0490666001514903,-0.198599164311326,0.100465964008346,-0.0514179744523358,-0.0467152258506447,0.0762935264827975,"Potential 1","Tinebank",0.299065128319672," large"," large","Subcanopy","Canopy","Subcanopy large_Canopy large"," large large","between"
"423","Subcanopy small","Canopy large",0.100154303158213,-0.0554594293446968,0.255768035661122,0.0961856035802075,0.104123002736218,0.0793962204052578,"Potential 1","Tinebank",0.311227465005819," small"," large","Subcanopy","Canopy","Subcanopy small_Canopy large","small large","between"
"56","Unid tree large","Canopy large",0.00361623866553279,-0.240307704867557,0.247540182198622,6.10424172368474e-05,0.00717143491382873,0.124453278456712,"Potential 1","Tinebank",0.487847887066179," tree large"," large","Unid","Canopy","Unid tree large_Canopy large"," tree large large","between"
"624","Unid tree small","Canopy large",-0.105598995278001,-0.324458114134151,0.113260123578149,-0.109270511632425,-0.101927478923577,0.11166486761108,"Potential 1","Tinebank",0.437718237712301," tree small"," large","Unid","Canopy","Unid tree small_Canopy large"," tree small large","between"
"818","Canopy small","Canopy small",-0.112200883557833,-0.421177007291642,0.196775240175977,-0.120429537175209,-0.103972229940456,0.157643776197407,"Potential 1","Tinebank",0.61795224746762," small"," small","Canopy","Canopy","Canopy small_Canopy small"," small small","within"
"96","Subcanopy large","Canopy small",-0.0075164557785265,-0.156791106436104,0.141758194879051,-0.0103584345356108,-0.00467447702144217,0.0761619355432228,"Potential 1","Tinebank",0.298549301315155," large"," small","Subcanopy","Canopy","Subcanopy large_Canopy small","small large","between"
"10","Subcanopy small","Canopy small",-0.140899822629013,-0.254007328230957,-0.0277923170270698,-0.144122621932974,-0.137677023325053,0.0577089714372924,"Potential 1","Tinebank",0.226215011203887," small"," small","Subcanopy","Canopy","Subcanopy small_Canopy small"," small small","between"
"1122","Unid tree large","Canopy small",-0.0206288296177467,-0.199057018492984,0.157799359257491,-0.0239020210468855,-0.017355638188608,0.0910364630588399,"Potential 1","Tinebank",0.356856377750474," tree large"," small","Unid","Canopy","Unid tree large_Canopy small"," tree large small","between"
"1219","Unid tree small","Canopy small",0.0127783855172198,-0.149538979659482,0.175095750693922,0.00870504843044084,0.0168517226039987,0.0828165040057067,"Potential 1","Tinebank",0.324634730353404," tree small"," small","Unid","Canopy","Unid tree small_Canopy small"," tree small small","between"
"151","Subcanopy large","Subcanopy large",0.111805903915047,-0.0566101712821124,0.280221979112205,0.107088202829763,0.11652360500033,0.085928147928025,"Potential 1","Tinebank",0.336832150394318," large"," large","Subcanopy","Subcanopy","Subcanopy large_Subcanopy large"," large large","within"
"1618","Subcanopy small","Subcanopy large",0.0319646701962458,-0.0648554270862463,0.128784767478738,0.0294293877041549,0.0344999526883367,0.0493989165342816,"Potential 1","Tinebank",0.193640194564984," small"," large","Subcanopy","Subcanopy","Subcanopy small_Subcanopy large","small large","within"
"171","Unid tree large","Subcanopy large",-0.0809054167923303,-0.194667051171342,0.0328562175866818,-0.0830672568831138,-0.0787435767015468,0.0580427167419143,"Potential 1","Tinebank",0.227523268758024," tree large"," large","Unid","Subcanopy","Unid tree large_Subcanopy large"," tree large large","between"
"181","Unid tree small","Subcanopy large",0.0455302429171695,-0.0728937118694117,0.163954197703751,0.0426346949391016,0.0484257908952375,0.0604214953543505,"Potential 1","Tinebank",0.236847909573162," tree small"," large","Unid","Subcanopy","Unid tree small_Subcanopy large"," tree small large","between"
"2210","Subcanopy small","Subcanopy small",-0.00216094858577915,-0.178219349721361,0.173897452549803,-0.0129160639942477,0.00859416682268937,0.0898273654640128,"Potential 1","Tinebank",0.352116802271164," small"," small","Subcanopy","Subcanopy","Subcanopy small_Subcanopy small"," small small","within"
"231","Unid tree large","Subcanopy small",0.00321801580465485,-0.0981157297725124,0.104551761381822,0.00022036401535562,0.00621566759395407,0.0517018406340499,"Potential 1","Tinebank",0.202667491154335," tree large"," small","Unid","Subcanopy","Unid tree large_Subcanopy small"," tree large small","between"
"241","Unid tree small","Subcanopy small",-0.0976363213528848,-0.193033292917579,-0.00223934978819011,-0.10069608094127,-0.0945765617644995,0.0486728186421658,"Potential 1","Tinebank",0.190793943129389," tree small"," small","Unid","Subcanopy","Unid tree small_Subcanopy small"," tree small small","between"
"291","Unid tree large","Unid tree large",0.274297914943169,0.0853653435240149,0.463230486362323,0.269153003237825,0.279442826648512,0.0963959403894306,"Potential 1","Tinebank",0.377865142838308," tree large"," tree large","Unid","Unid","Unid tree large_Unid tree large"," tree large tree large","between"
"30","Unid tree small","Unid tree large",0.0772912553431877,-0.0519731330688384,0.206555643755214,0.0742570850923824,0.0803254255939929,0.065952430468951,"Potential 1","Tinebank",0.258528776824052," tree small"," tree large","Unid","Unid","Unid tree small_Unid tree large"," tree small tree large","between"
"361","Unid tree small","Unid tree small",0.0626682653843531,-0.140314744436194,0.2656512752049,0.0560168945222051,0.069319636246501,0.103564663137512,"Potential 1","Tinebank",0.405966019641093," tree small"," tree small","Unid","Unid","Unid tree small_Unid tree small"," tree small tree small","between"
"146","Canopy large","Canopy large",-0.0191490340431835,-0.2363061443298,0.198008076243433,-0.0241057099313859,-0.014192358154981,0.110796479935103,"Potential 1","Lorne",0.434314220573233," large"," large","Canopy","Canopy","Canopy large_Canopy large"," large large","within"
"230","Canopy small","Canopy large",0.0214436477696655,-0.0607833777773325,0.103670673316664,0.0190220293939552,0.0238652661453759,0.0419533349569657,"Potential 1","Lorne",0.164454051093996," small"," large","Canopy","Canopy","Canopy small_Canopy large","small large","within"
"325","Subcanopy large","Canopy large",-0.067024098171555,-0.178980362759715,0.0449321664166049,-0.0695014813656167,-0.0645467149774933,0.0571215927798963,"Potential 1","Lorne",0.22391252917632," large"," large","Subcanopy","Canopy","Subcanopy large_Canopy large"," large large","between"
"424","Subcanopy small","Canopy large",0.0324591686685489,-0.0862232150106646,0.151141552347762,0.0291865024829081,0.0357318348541898,0.0605533492530297,"Potential 1","Lorne",0.237364767358427," small"," large","Subcanopy","Canopy","Subcanopy small_Canopy large","small large","between"
"625","Canopy small","Canopy small",0.293696296957799,0.157823758711692,0.429568835203906,0.285016264023271,0.302376329892327,0.0693239974396736,"Potential 1","Lorne",0.271745076492214," small"," small","Canopy","Canopy","Canopy small_Canopy small"," small small","within"
"718","Subcanopy large","Canopy small",-0.00747232517538888,-0.0755077708079635,0.0605631204571857,-0.010064158551664,-0.00488049179911379,0.0347125999096053,"Potential 1","Lorne",0.136070891265149," large"," small","Subcanopy","Canopy","Subcanopy large_Canopy small","small large","between"
"819","Subcanopy small","Canopy small",-0.0723818924119158,-0.144991327417695,0.000227542593863816,-0.0751582337040768,-0.0696055511197548,0.0370463108396448,"Potential 1","Lorne",0.145218870011559," small"," small","Subcanopy","Canopy","Subcanopy small_Canopy small"," small small","between"
"1123","Subcanopy large","Subcanopy large",0.231852666659432,0.0794032117622205,0.384302121556643,0.226254396079366,0.237450937239498,0.0777817633893852,"Potential 1","Lorne",0.304898909794422," large"," large","Subcanopy","Subcanopy","Subcanopy large_Subcanopy large"," large large","within"
"1220","Subcanopy small","Subcanopy large",-0.00843294140582694,-0.12781351104723,0.110947628235576,-0.0120155031819335,-0.00485037962972035,0.0609095731263744,"Potential 1","Lorne",0.238761139282805," small"," large","Subcanopy","Subcanopy","Subcanopy small_Subcanopy large","small large","within"
"1619","Subcanopy small","Subcanopy small",-0.0181343617761517,-0.236592580981186,0.200323857428882,-0.0280526798819055,-0.00821604367039796,0.111460323214204,"Potential 1","Lorne",0.436916438410068," small"," small","Subcanopy","Subcanopy","Subcanopy small_Subcanopy small"," small small","within"
"147","Canopy large","Canopy large",-0.0825872174965156,-0.325803577159528,0.160629142166496,-0.0889581275246886,-0.0762163074683427,0.124092259644295,"Potential 1","BirdTree",0.486432719326024," large"," large","Canopy","Canopy","Canopy large_Canopy large"," large large","within"
"232","Canopy small","Canopy large",0.0120999339245826,-0.14197793380779,0.166177801656955,0.0088683340968888,0.0153315337522764,0.0786126015313135,"Potential 1","BirdTree",0.308155735464745," small"," large","Canopy","Canopy","Canopy small_Canopy large","small large","within"
"326","Subcanopy large","Canopy large",-0.0285466806515039,-0.169155604930389,0.112062243627381,-0.0320160451193345,-0.0250773161836732,0.0717405653307867,"Potential 1","BirdTree",0.281217848557769," large"," large","Subcanopy","Canopy","Subcanopy large_Canopy large"," large large","between"
"425","Subcanopy small","Canopy large",-0.0392441296970265,-0.119203951326067,0.0407156919320136,-0.0420186981276107,-0.0364695612664424,0.0407965770084313,"Potential 1","BirdTree",0.15991964325808," small"," large","Subcanopy","Canopy","Subcanopy small_Canopy large","small large","between"
"626","Canopy small","Canopy small",0.0638460267485478,-0.148729073738377,0.276421127235473,0.0581142970621186,0.069577756434977,0.10845867687554,"Potential 1","BirdTree",0.42515020097385," small"," small","Canopy","Canopy","Canopy small_Canopy small"," small small","within"
"719","Subcanopy large","Canopy small",-0.0790705321501129,-0.2085706849658,0.0504296206655739,-0.0824797588937339,-0.0756613054064919,0.0660727206403625,"Potential 1","BirdTree",0.259000305631373," large"," small","Subcanopy","Canopy","Subcanopy large_Canopy small","small large","between"
"820","Subcanopy small","Canopy small",0.0662919890899131,-0.0175367186773946,0.150120696857221,0.0629438940463029,0.0696400841335233,0.0427705347794847,"Potential 1","BirdTree",0.167657415534615," small"," small","Subcanopy","Canopy","Subcanopy small_Canopy small"," small small","between"
"1124","Subcanopy large","Subcanopy large",0.0535262177674168,-0.126245566227137,0.23329800176197,0.0462837952023455,0.0607686403324881,0.0917219833693733,"Potential 1","BirdTree",0.359543567989107," large"," large","Subcanopy","Subcanopy","Subcanopy large_Subcanopy large"," large large","within"
"1221","Subcanopy small","Subcanopy large",-0.0229521807213988,-0.110791147366294,0.0648867859234963,-0.0270060766196945,-0.0188982848231031,0.0448166228245813,"Potential 1","BirdTree",0.17567793328979," small"," large","Subcanopy","Subcanopy","Subcanopy small_Subcanopy large","small large","within"
"1620","Subcanopy small","Subcanopy small",0.122811232098632,-0.0169150912421722,0.262537555439437,0.105763376251083,0.139859087946182,0.0712902504550838,"Potential 1","BirdTree",0.279452646681609," small"," small","Subcanopy","Subcanopy","Subcanopy small_Subcanopy small"," small small","within"
"148","Canopy large","Canopy large",-0.215219614713682,-0.450183487379413,0.0197442579520486,-0.224742573083919,-0.205696656343446,0.119881729725187,"Potential 1","A-Tree",0.469927745331462," large"," large","Canopy","Canopy","Canopy large_Canopy large"," large large","within"
"233","Canopy small","Canopy large",-0.0397600342117219,-0.0956312039268495,0.0161111355034058,-0.0411612713447133,-0.0383587970787304,0.0285062226427793,"Potential 1","A-Tree",0.111742339430255," small"," large","Canopy","Canopy","Canopy small_Canopy large","small large","within"
"327","Subcanopy large","Canopy large",-0.0300224148264904,-0.175781537973155,0.115736708320175,-0.0333435765739226,-0.0267012530790581,0.0743682660989663,"Potential 1","A-Tree",0.29151824629333," large"," large","Subcanopy","Canopy","Subcanopy large_Canopy large"," large large","between"
"426","Subcanopy small","Canopy large",-0.0471274181989534,-0.152470168314047,0.0582153319161404,-0.0508400090359844,-0.0434148273619224,0.053747288698172,"Potential 1","A-Tree",0.210685500230188," small"," large","Subcanopy","Canopy","Subcanopy small_Canopy large","small large","between"
"627","Canopy small","Canopy small",0.429036377635478,0.327732641230758,0.530340114040198,0.419945235011759,0.438127520259197,0.0516865295504359,"Potential 1","A-Tree",0.202607472809439," small"," small","Canopy","Canopy","Canopy small_Canopy small"," small small","within"
"720","Subcanopy large","Canopy small",-0.0159185301708002,-0.0697583014504148,0.0379212411088143,-0.0168808837865574,-0.0149561765550431,0.0274697758246048,"Potential 1","A-Tree",0.107679542559229," large"," small","Subcanopy","Canopy","Subcanopy large_Canopy small","small large","between"
"821","Subcanopy small","Canopy small",-0.00637183504607141,-0.0449170852153775,0.0321734151232347,-0.00830353475021502,-0.0044401353419278,0.0196663053369073,"Potential 1","A-Tree",0.0770905003386122," small"," small","Subcanopy","Canopy","Subcanopy small_Canopy small"," small small","between"
"1125","Subcanopy large","Subcanopy large",-0.0156212125077877,-0.25999424632807,0.228751821312494,-0.0201104877471551,-0.0111319372684203,0.124682410364612,"Potential 1","A-Tree",0.488746067640564," large"," large","Subcanopy","Subcanopy","Subcanopy large_Subcanopy large"," large large","within"
"1222","Subcanopy small","Subcanopy large",0.0355697421472971,-0.0737552835555508,0.144894767850145,0.032510873605453,0.0386286106891412,0.0557790992922267,"Potential 1","A-Tree",0.218650051405696," small"," large","Subcanopy","Subcanopy","Subcanopy small_Subcanopy large","small large","within"
"1621","Subcanopy small","Subcanopy small",0.205632683050332,0.0671888027599378,0.344076563340727,0.196805707252323,0.214459658848342,0.0706359307530252,"Potential 1","A-Tree",0.276887760580789," small"," small","Subcanopy","Subcanopy","Subcanopy small_Subcanopy small"," small small","within"
"149","Canopy large","Canopy large",-0.180251631302135,-0.466623573658456,0.106120311054185,-0.19030355639359,-0.170199706210681,0.146110818675846,"Potential 1","BlackBull",0.572743884712641," large"," large","Canopy","Canopy","Canopy large_Canopy large"," large large","within"
"234","Canopy small","Canopy large",-0.16081695469226,-0.29492641566033,-0.0267074937241908,-0.16442525269268,-0.157208656691841,0.0684244516868208,"Potential 1","BlackBull",0.268218921936139," small"," large","Canopy","Canopy","Canopy small_Canopy large","small large","within"
"328","Subcanopy large","Canopy large",0.0982478481832852,-0.0836403987788047,0.280136095145375,0.0944455543007649,0.102050142065805,0.0928018312564931,"Potential 1","BlackBull",0.36377649392418," large"," large","Subcanopy","Canopy","Subcanopy large_Canopy large"," large large","between"
"427","Subcanopy small","Canopy large",-0.114639554129496,-0.205049875230799,-0.0242292330281933,-0.118175864149583,-0.111103244109409,0.0461285624707636,"Potential 1","BlackBull",0.180820642202605," small"," large","Subcanopy","Canopy","Subcanopy small_Canopy large","small large","between"
"628","Canopy small","Canopy small",0.225441137784361,0.0654534840913238,0.385428791477397,0.218621767443694,0.232260508125027,0.0816278538559887,"Potential 1","BlackBull",0.319975307386074," small"," small","Canopy","Canopy","Canopy small_Canopy small"," small small","within"
"721","Subcanopy large","Canopy small",0.0822828096380103,-0.025496272446868,0.190061891722889,0.0791723225427974,0.0853932967332232,0.0549903380546918,"Potential 1","BlackBull",0.215558164169757," large"," small","Subcanopy","Canopy","Subcanopy large_Canopy small","small large","between"
"822","Subcanopy small","Canopy small",-0.0462845642082702,-0.120374126639649,0.0278049982231087,-0.0489202998517288,-0.0436488285648116,0.0378014917701488,"Potential 1","BlackBull",0.148179124862758," small"," small","Subcanopy","Canopy","Subcanopy small_Canopy small"," small small","between"
"1126","Subcanopy large","Subcanopy large",0.206647272643796,0.0130314827818176,0.400263062505774,0.200382104088877,0.212912441198715,0.0987853814606773,"Potential 1","BlackBull",0.387231579723956," large"," large","Subcanopy","Subcanopy","Subcanopy large_Subcanopy large"," large large","within"
"1223","Subcanopy small","Subcanopy large",0.0463303831210181,-0.0390962806686267,0.131757046910663,0.0435946237631275,0.0490661424789087,0.0435858334456549,"Potential 1","BlackBull",0.17085332757929," small"," large","Subcanopy","Subcanopy","Subcanopy small_Subcanopy large","small large","within"
"1622","Subcanopy small","Subcanopy small",0.139098472270363,-0.0381250980555053,0.316322042596231,0.128675242566381,0.149521701974344,0.0904218504644907,"Potential 1","BlackBull",0.354447140651736," small"," small","Subcanopy","Subcanopy","Subcanopy small_Subcanopy small"," small small","within"
"150","Canopy large","Canopy large",-0.0761089495091374,-0.327900605402616,0.175682706384341,-0.0839537355002242,-0.0682641635180507,0.128467491178195,"Potential 1","Bruxner",0.503583311786957," large"," large","Canopy","Canopy","Canopy large_Canopy large"," large large","within"
"235","Canopy small","Canopy large",0.174187896740318,0.0275499870734936,0.320825806407143,0.169886313198426,0.178489480282211,0.0748166348073158,"Potential 1","Bruxner",0.29327581933365," small"," large","Canopy","Canopy","Canopy small_Canopy large","small large","within"
"329","Subcanopy large","Canopy large",-0.140724013264544,-0.263471149330981,-0.0179768771981076,-0.144159584619502,-0.137288441909586,0.0626272406200575,"Potential 1","Bruxner",0.245494272132873," large"," large","Subcanopy","Canopy","Subcanopy large_Canopy large"," large large","between"
"428","Subcanopy small","Canopy large",0.0841802402093237,-0.0228219748067665,0.191182455225414,0.0804049753450845,0.0879555050735628,0.0545939700219545,"Potential 1","Bruxner",0.21400443003218," small"," large","Subcanopy","Canopy","Subcanopy small_Canopy large","small large","between"
"57","Unid tree large","Canopy large",-0.233060317481676,-0.491617986518327,0.0254973515549751,-0.238541382302,-0.227579252661352,0.13191960213357,"Potential 1","Bruxner",0.517115338073303," tree large"," large","Unid","Canopy","Unid tree large_Canopy large"," tree large large","between"
"629","Unid tree small","Canopy large",0.0442486254907995,-0.107762048367283,0.196259299348882,0.0401438600837525,0.0483533908978466,0.0775578913985785,"Potential 1","Bruxner",0.304021347716165," tree small"," large","Unid","Canopy","Unid tree small_Canopy large"," tree small large","between"
"823","Canopy small","Canopy small",0.215787282284242,0.06519099688216,0.366383567686324,0.207040135426624,0.22453442914186,0.076836251375008,"Potential 1","Bruxner",0.301192570804164," small"," small","Canopy","Canopy","Canopy small_Canopy small"," small small","within"
"97","Subcanopy large","Canopy small",0.00731473999005531,-0.0723387943198362,0.0869682742999469,0.00469259076013455,0.00993688921997607,0.0406403050965163,"Potential 1","Bruxner",0.159307068619783," large"," small","Subcanopy","Canopy","Subcanopy large_Canopy small","small large","between"
"101","Subcanopy small","Canopy small",-0.0393404703164997,-0.0999092493800184,0.021228308747019,-0.0423452905372445,-0.0363356500957549,0.0309030061477035,"Potential 1","Bruxner",0.121137558127037," small"," small","Subcanopy","Canopy","Subcanopy small_Canopy small"," small small","between"
"1127","Unid tree large","Canopy small",-0.0344685971778255,-0.16806808085306,0.0991308864974093,-0.0372352156204019,-0.0317019787352491,0.0681642544092904,"Potential 1","Bruxner",0.26719896735047," tree large"," small","Unid","Canopy","Unid tree large_Canopy small"," tree large small","between"
"1224","Unid tree small","Canopy small",-0.0593823771049321,-0.15485972505202,0.0360949708421558,-0.0624081226704407,-0.0563566315394236,0.0487138277540818,"Potential 1","Bruxner",0.190954695894176," tree small"," small","Unid","Canopy","Unid tree small_Canopy small"," tree small small","between"
"152","Subcanopy large","Subcanopy large",0.214727010449518,0.0655649629425502,0.363889057956486,0.205720853095092,0.223733167803943,0.0761044839004894,"Potential 1","Bruxner",0.298324095013935," large"," large","Subcanopy","Subcanopy","Subcanopy large_Subcanopy large"," large large","within"
"1623","Subcanopy small","Subcanopy large",0.0171139520995013,-0.048899941314651,0.0831278455136537,0.0141540806163751,0.0200738235826275,0.0336811767638903,"Potential 1","Bruxner",0.132027786828305," small"," large","Subcanopy","Subcanopy","Subcanopy small_Subcanopy large","small large","within"
"172","Unid tree large","Subcanopy large",-0.155217505044092,-0.312295306039912,0.00186029595172857,-0.158404054475314,-0.15203095561287,0.0801432078522004,"Potential 1","Bruxner",0.314155601991641," tree large"," large","Unid","Subcanopy","Unid tree large_Subcanopy large"," tree large large","between"
"182","Unid tree small","Subcanopy large",-0.0428975884361339,-0.139694644418263,0.0538994675459948,-0.0458815217202034,-0.0399136551520644,0.0493871605527711,"Potential 1","Bruxner",0.193594111964257," tree small"," large","Unid","Subcanopy","Unid tree small_Subcanopy large"," tree small large","between"
"2211","Subcanopy small","Subcanopy small",0.0701981156753604,-0.0699035086666517,0.210299740017372,0.0522328430363536,0.0881633883143671,0.0714817340762972,"Potential 1","Bruxner",0.280203248684024," small"," small","Subcanopy","Subcanopy","Subcanopy small_Subcanopy small"," small small","within"
"236","Unid tree large","Subcanopy small",0.0566757068698995,-0.0367700357841639,0.150121449523963,0.0541726157346658,0.0591787980051332,0.0476772753944213,"Potential 1","Bruxner",0.186891485308127," tree large"," small","Unid","Subcanopy","Unid tree large_Subcanopy small"," tree large small","between"
"242","Unid tree small","Subcanopy small",-0.045657620923584,-0.114228014571869,0.022912772724701,-0.0488803371076558,-0.0424349047395123,0.0349855375859759,"Potential 1","Bruxner",0.13714078729657," tree small"," small","Unid","Subcanopy","Unid tree small_Subcanopy small"," tree small small","between"
"292","Unid tree large","Unid tree large",-0.104986907730985,-0.480119933580741,0.27014611811877,-0.11176396292497,-0.0982098525370007,0.19139791792541,"Potential 1","Bruxner",0.750266051699512," tree large"," tree large","Unid","Unid","Unid tree large_Unid tree large"," tree large tree large","between"
"301","Unid tree small","Unid tree large",0.0782810698942266,-0.0859093018179994,0.242471441606453,0.0744977042501749,0.0820644355382784,0.0837721371450387,"Potential 1","Bruxner",0.328380743424452," tree small"," tree large","Unid","Unid","Unid tree small_Unid tree large"," tree small tree large","between"
"362","Unid tree small","Unid tree small",-0.0990912692976902,-0.320419585257888,0.122237046662508,-0.108395841834476,-0.0897866967609042,0.112924685201365,"Potential 1","Bruxner",0.442656631920396," tree small"," tree small","Unid","Unid","Unid tree small_Unid tree small"," tree small tree small","between"
"153","Canopy large","Canopy large",-0.494233786686996,-0.828426347081073,-0.160041226292918,-0.509578021635054,-0.478889551738938,0.170509541517164,"Potential 1","Osullivans",0.668385120788155," large"," large","Canopy","Canopy","Canopy large_Canopy large"," large large","within"
"237","Canopy small","Canopy large",0.114880115640967,-0.0423029052744539,0.272063136556389,0.109448755058152,0.120311476223783,0.0801968924711173,"Potential 1","Osullivans",0.314366041830842," small"," large","Canopy","Canopy","Canopy small_Canopy large","small large","within"
"330","Subcanopy large","Canopy large",0.0186519702947546,-0.13312129052744,0.17042523111695,0.0143804133963518,0.0229235271931574,0.0774367600728193,"Potential 1","Osullivans",0.30354652164439," large"," large","Subcanopy","Canopy","Subcanopy large_Canopy large"," large large","between"
"429","Subcanopy small","Canopy large",0.0386886913520155,-0.112694426915573,0.190071809619604,0.034769998948346,0.0426073837556851,0.0772377040913399,"Potential 1","Osullivans",0.302766236535176," small"," large","Subcanopy","Canopy","Subcanopy small_Canopy large","small large","between"
"58","Unid tree large","Canopy large",-0.158072439324504,-0.323697942804809,0.00755306415580057,-0.161898303302088,-0.15424657534692,0.0845043606855725,"Potential 1","Osullivans",0.331251006960609," tree large"," large","Unid","Canopy","Unid tree large_Canopy large"," tree large large","between"
"630","Unid tree small","Canopy large",-0.233967883380402,-0.482446788963891,0.0145110222030859,-0.240943475239936,-0.226992291520869,0.126777281390606,"Potential 1","Osullivans",0.496957811166977," tree small"," large","Unid","Canopy","Unid tree small_Canopy large"," tree small large","between"
"824","Canopy small","Canopy small",0.0617484226375063,-0.156028503312671,0.279525348587684,0.0522066744309312,0.0712901708440813,0.111112718227464,"Potential 1","Osullivans",0.435553851900355," small"," small","Canopy","Canopy","Canopy small_Canopy small"," small small","within"
"98","Subcanopy large","Canopy small",-0.0768757348116514,-0.192011440094302,0.0382599704709989,-0.0798034630171806,-0.0739480066061221,0.0587437862077191,"Potential 1","Osullivans",0.2302714105653," large"," small","Subcanopy","Canopy","Subcanopy large_Canopy small","small large","between"
"102","Subcanopy small","Canopy small",-0.120753865659945,-0.208799630900443,-0.032708100419448,-0.123196297545084,-0.118311433774807,0.0449221342509307,"Potential 1","Osullivans",0.176091530480995," small"," small","Subcanopy","Canopy","Subcanopy small_Canopy small"," small small","between"
"1128","Unid tree large","Canopy small",-0.0437934813463695,-0.165877925546375,0.0782909628536355,-0.0470889974879016,-0.0404979652048374,0.0622891263120096,"Potential 1","Osullivans",0.24416888840001," tree large"," small","Unid","Canopy","Unid tree large_Canopy small"," tree large small","between"
"1225","Unid tree small","Canopy small",0.165226934018645,-0.0161082445424741,0.346562112579764,0.160772040774964,0.169681827262327,0.0925196483157181,"Potential 1","Osullivans",0.362670357122238," tree small"," small","Unid","Canopy","Unid tree small_Canopy small"," tree small small","between"
"154","Subcanopy large","Subcanopy large",-0.0129938189050485,-0.293937293443877,0.26794965563378,-0.0220726545337935,-0.0039149832763036,0.143341141344879,"Potential 1","Osullivans",0.561886949077656," large"," large","Subcanopy","Subcanopy","Subcanopy large_Subcanopy large"," large large","within"
"1624","Subcanopy small","Subcanopy large",0.00108988127018432,-0.107390863535262,0.109570626075631,-0.00181618267976635,0.00399594522013499,0.055348335816948,"Potential 1","Osullivans",0.216961489610893," small"," large","Subcanopy","Subcanopy","Subcanopy small_Subcanopy large","small large","within"
"173","Unid tree large","Subcanopy large",0.061335019343126,-0.0843326478250933,0.207002686511345,0.0583619224951136,0.0643081161911384,0.0743216040280471,"Potential 1","Osullivans",0.291335334336439," tree large"," large","Unid","Subcanopy","Unid tree large_Subcanopy large"," tree large large","between"
"183","Unid tree small","Subcanopy large",-0.223731629701262,-0.444603751565072,-0.00285950783745154,-0.228685009667282,-0.218778249735241,0.112691928834418,"Potential 1","Osullivans",0.44174424372762," tree small"," large","Unid","Subcanopy","Unid tree small_Subcanopy large"," tree small large","between"
"2212","Subcanopy small","Subcanopy small",-0.0626347939416765,-0.232817647022275,0.107548059138922,-0.0700033696937513,-0.0552662181896017,0.0868295817795529,"Potential 1","Osullivans",0.340365706161198," small"," small","Subcanopy","Subcanopy","Subcanopy small_Subcanopy small"," small small","within"
"238","Unid tree large","Subcanopy small",-0.0674317425445445,-0.175201912604215,0.0403384275151263,-0.0697277521421273,-0.0651357329469617,0.0549857910195025,"Potential 1","Osullivans",0.215540340119342," tree large"," small","Unid","Subcanopy","Unid tree large_Subcanopy small"," tree large small","between"
"243","Unid tree small","Subcanopy small",0.0860363653654094,-0.131151209023618,0.303223939754436,0.0818642024520147,0.0902085282788041,0.110812023130106,"Potential 1","Osullivans",0.434375148778054," tree small"," small","Unid","Subcanopy","Unid tree small_Subcanopy small"," tree small small","between"
"293","Unid tree large","Unid tree large",0.0401364206560711,-0.20204678606324,0.282319627375383,0.032511250016403,0.0477615912957392,0.123565131109358,"Potential 1","Osullivans",0.484366413438623," tree large"," tree large","Unid","Unid","Unid tree large_Unid tree large"," tree large tree large","between"
"302","Unid tree small","Unid tree large",0.238497064714453,-0.0331393593748983,0.510133488803804,0.230779246643005,0.246214882785901,0.138592558961279,"Potential 1","Osullivans",0.543272848178703," tree small"," tree large","Unid","Unid","Unid tree small_Unid tree large"," tree small tree large","between"
"363","Unid tree small","Unid tree small",-0.691916939973939,-1.34728016663369,-0.0365537133141866,-0.709449377925113,-0.674384502022766,0.334375137415368,"Potential 1","Osullivans",1.31072645331951," tree small"," tree small","Unid","Unid","Unid tree small_Unid tree small"," tree small tree small","between"
"155","Canopy large","Canopy large",-0.433889736897363,-0.791194231432859,-0.076585242361868,-0.450582071341369,-0.417197402453357,0.182301561331671,"Potential 1","Herberton",0.714608989070991," large"," large","Canopy","Canopy","Canopy large_Canopy large"," large large","within"
"239","Canopy small","Canopy large",-0.170172601252835,-0.303557678682198,-0.0367875238234725,-0.174901978308404,-0.165443224197267,0.0680548614573978,"Potential 1","Herberton",0.266770154858725," small"," large","Canopy","Canopy","Canopy small_Canopy large","small large","within"
"331","Subcanopy small","Canopy large",0.0376868868674657,-0.139232070880726,0.214605844615657,0.0338618819895474,0.041511891745384,0.0902664330282117,"Potential 1","Herberton",0.353837915496383," small"," large","Subcanopy","Canopy","Subcanopy small_Canopy large","small large","between"
"59","Canopy small","Canopy small",0.0671420679903968,-0.126822054869168,0.261106190849962,0.0592946762077144,0.0749894597730792,0.0989631056435368,"Potential 1","Herberton",0.387928245719129," small"," small","Canopy","Canopy","Canopy small_Canopy small"," small small","within"
"631","Subcanopy small","Canopy small",0.0709971705323848,-0.0403781835605566,0.182372524625326,0.0681658275568621,0.0738285135079075,0.056825204427967,"Potential 1","Herberton",0.222750708185883," small"," small","Subcanopy","Canopy","Subcanopy small_Canopy small"," small small","between"
"99","Subcanopy small","Subcanopy small",0.390228798694777,0.185333003885601,0.595124593503953,0.38301463304726,0.397442964342294,0.104540591778914,"Potential 1","Herberton",0.409791589618352," small"," small","Subcanopy","Subcanopy","Subcanopy small_Subcanopy small"," small small","within"
"156","Canopy large","Canopy large",-0.0440161268553916,-0.362321484411973,0.274289230701189,-0.0486757784119715,-0.0393564752988117,0.162403676836581,"Potential 1","Lamb Range",0.636610715113162," large"," large","Canopy","Canopy","Canopy large_Canopy large"," large large","within"
"240","Canopy small","Canopy large",0.0103199348571456,-0.128331461541232,0.148971331255523,0.00744780676561132,0.0131920629486798,0.0707418082638468,"Potential 1","Lamb Range",0.277302792796755," small"," large","Canopy","Canopy","Canopy small_Canopy large","small large","within"
"332","Subcanopy large","Canopy large",-0.0745656486216889,-0.232009288699726,0.0828779914563484,-0.0771649373985946,-0.0719663598447833,0.0803298638750165,"Potential 1","Lamb Range",0.314887280156075," large"," large","Subcanopy","Canopy","Subcanopy large_Canopy large"," large large","between"
"430","Subcanopy small","Canopy large",0.0205334212920153,-0.124931237231938,0.165998079815968,0.017871583366946,0.0231952592170846,0.0742180262858703,"Potential 1","Lamb Range",0.290929317047906," small"," large","Subcanopy","Canopy","Subcanopy small_Canopy large","small large","between"
"632","Canopy small","Canopy small",0.274002564659692,0.109982911809938,0.438022217509445,0.266292474424569,0.281712654894815,0.0836850340840545,"Potential 1","Lamb Range",0.328039305699507," small"," small","Canopy","Canopy","Canopy small_Canopy small"," small small","within"
"722","Subcanopy large","Canopy small",-0.0611614071902241,-0.165329444068295,0.0430066296878464,-0.0636964761005549,-0.0586263382798934,0.0531479341966152,"Potential 1","Lamb Range",0.208336073756141," large"," small","Subcanopy","Canopy","Subcanopy large_Canopy small","small large","between"
"825","Subcanopy small","Canopy small",-0.10727164225603,-0.205489932470608,-0.00905335204145155,-0.110162047175774,-0.104381237336286,0.0501122933836089,"Potential 1","Lamb Range",0.196436580429157," small"," small","Subcanopy","Canopy","Subcanopy small_Canopy small"," small small","between"
"1129","Subcanopy large","Subcanopy large",0.0682356432980138,-0.119253767751733,0.25572505434776,0.0638941304573067,0.0725771561387208,0.0956596205484587,"Potential 1","Lamb Range",0.374978822099493," large"," large","Subcanopy","Subcanopy","Subcanopy large_Subcanopy large"," large large","within"
"1226","Subcanopy small","Subcanopy large",0.0776039889587867,-0.0399813857737277,0.195189363691301,0.074824806091723,0.0803831718258504,0.059993640526057,"Potential 1","Lamb Range",0.235170749465029," small"," large","Subcanopy","Subcanopy","Subcanopy small_Subcanopy large","small large","within"
"1625","Subcanopy small","Subcanopy small",0.0533168129565393,-0.155725889198929,0.262359515112008,0.0464402688676692,0.0601933570454094,0.106656399711612,"Potential 1","Lamb Range",0.418085404310937," small"," small","Subcanopy","Subcanopy","Subcanopy small_Subcanopy small"," small small","within"
"157","Canopy large","Canopy large",-0.0836699185838638,-0.399621854117787,0.23228201695006,-0.0897224885306183,-0.0776173486371094,0.161202929250799,"Potential 1","Baldy",0.631903871067847," large"," large","Canopy","Canopy","Canopy large_Canopy large"," large large","within"
"244","Canopy small","Canopy large",-0.0439090699719531,-0.19180557610528,0.103987436161373,-0.0464605385464265,-0.0413576013974797,0.0754587876613628,"Potential 1","Baldy",0.295793012266653," small"," large","Canopy","Canopy","Canopy small_Canopy large","small large","within"
"333","Subcanopy large","Canopy large",0.289379743438366,-0.180638150398315,0.759397637275046,0.280704276642922,0.29805521023381,0.239809454430858,"Potential 1","Baldy",0.940035787673361," large"," large","Subcanopy","Canopy","Subcanopy large_Canopy large"," large large","between"
"431","Subcanopy small","Canopy large",-0.170811174859348,-0.385508838133552,0.0438864884148569,-0.174752959501422,-0.166869390217274,0.109541636972777,"Potential 1","Baldy",0.429395326548409," small"," large","Subcanopy","Canopy","Subcanopy small_Canopy large","small large","between"
"633","Canopy small","Canopy small",0.177053578280431,0.00684240510832501,0.347264751452536,0.172120180586961,0.1819869759739,0.0868440310713409,"Potential 1","Baldy",0.340422346344211," small"," small","Canopy","Canopy","Canopy small_Canopy small"," small small","within"
"723","Subcanopy large","Canopy small",-0.126521146581441,-0.40183806113136,0.148795767968477,-0.132193909672832,-0.12084838349005,0.140470394722343,"Potential 1","Baldy",0.550633829099837," large"," small","Subcanopy","Canopy","Subcanopy large_Canopy small","small large","between"
"826","Subcanopy small","Canopy small",0.0983732381912326,-0.0419055726963762,0.238652049078841,0.09532808282668,0.101418393555785,0.0715721370362467,"Potential 1","Baldy",0.280557621775218," small"," small","Subcanopy","Canopy","Subcanopy small_Canopy small"," small small","between"
"1130","Subcanopy large","Subcanopy large",-1.10350748078207,-2.25720529530019,0.0501903337360403,-1.12622359608686,-1.08079136547729,0.588632150191705,"Potential 1","Baldy",2.30739562903623," large"," large","Subcanopy","Subcanopy","Subcanopy large_Subcanopy large"," large large","within"
"1227","Subcanopy small","Subcanopy large",0.694576020967497,0.135668133747806,1.25348390818719,0.684035149506336,0.705116892428658,0.285162325240813,"Potential 1","Baldy",1.11781577443938," small"," large","Subcanopy","Subcanopy","Subcanopy small_Subcanopy large","small large","within"
"1626","Subcanopy small","Subcanopy small",0.06323131762375,-0.213353816018974,0.339816451266474,0.0552970737240908,0.0711655615234092,0.141117457169822,"Potential 1","Baldy",0.553170267285449," small"," small","Subcanopy","Subcanopy","Subcanopy small_Subcanopy small"," small small","within"
"158","Canopy large","Canopy large",0.038034406807381,-0.210299658524537,0.286368472139299,0.0318691805739608,0.0441996330408012,0.126703381945151,"Potential 1","Koombooloomba",0.496668130663836," large"," large","Canopy","Canopy","Canopy large_Canopy large"," large large","within"
"245","Canopy small","Canopy large",0.0456065706263346,-0.0564091301647681,0.147622271417437,0.0425692083274672,0.048643932925202,0.0520497833612197,"Potential 1","Koombooloomba",0.204031401582205," small"," large","Canopy","Canopy","Canopy small_Canopy large","small large","within"
"334","Subcanopy large","Canopy large",-0.147428424982805,-0.277252805073493,-0.0176040448921165,-0.150175656693384,-0.144681193272226,0.0662381457591702,"Potential 1","Koombooloomba",0.259648760181376," large"," large","Subcanopy","Canopy","Subcanopy large_Canopy large"," large large","between"
"432","Subcanopy small","Canopy large",-0.0309128723245233,-0.0996034311320549,0.0377776864830083,-0.0329850582335274,-0.0288406864155192,0.0350468474672769,"Potential 1","Koombooloomba",0.137381117615063," small"," large","Subcanopy","Canopy","Subcanopy small_Canopy large","small large","between"
"634","Canopy small","Canopy small",0.354240202835134,0.21325247952706,0.495227926143207,0.347112478216562,0.361367927453705,0.0719338336929489,"Potential 1","Koombooloomba",0.281975446616147," small"," small","Canopy","Canopy","Canopy small_Canopy small"," small small","within"
"724","Subcanopy large","Canopy small",0.0453668020334673,-0.047942317985076,0.138675922052011,0.0426303567335925,0.048103247333342,0.0476075686872584,"Potential 1","Koombooloomba",0.186618240037087," large"," small","Subcanopy","Canopy","Subcanopy large_Canopy small","small large","between"
"827","Subcanopy small","Canopy small",0.0236562712887972,-0.040112409187305,0.0874249517648995,0.0208896909545314,0.026422851623063,0.0325356389092358,"Potential 1","Koombooloomba",0.127537360952205," small"," small","Subcanopy","Canopy","Subcanopy small_Canopy small"," small small","between"
"1131","Subcanopy large","Subcanopy large",0.256081446481754,0.0987916674941942,0.413371225469315,0.250378675939029,0.26178421702448,0.0802513618761579,"Potential 1","Koombooloomba",0.31457955797512," large"," large","Subcanopy","Subcanopy","Subcanopy large_Subcanopy large"," large large","within"
"1228","Subcanopy small","Subcanopy large",0.0373018750391564,-0.0337182427667374,0.10832199284505,0.0342355725984594,0.0403681774798534,0.0362354198169413,"Potential 1","Koombooloomba",0.142040235611788," small"," large","Subcanopy","Subcanopy","Subcanopy small_Subcanopy large","small large","within"
"1627","Subcanopy small","Subcanopy small",0.338819957596055,0.236051560947541,0.441588354244568,0.327189874741528,0.350450040450582,0.052433818916642,"Potential 1","Koombooloomba",0.205536793297027," small"," small","Subcanopy","Subcanopy","Subcanopy small_Subcanopy small"," small small","within"
"159","Canopy large","Canopy large",-0.304691990989695,-0.556147867599158,-0.0532361143802322,-0.314169148537309,-0.295214833442081,0.128296172068933,"Potential 1","BlackRiver",0.502911753218926," large"," large","Canopy","Canopy","Canopy large_Canopy large"," large large","within"
"246","Canopy small","Canopy large",-0.0897549602658126,-0.195144934285689,0.0156350137540637,-0.0927889570697464,-0.0867209634618789,0.0537713829698806,"Potential 1","BlackRiver",0.210779948039753," small"," large","Canopy","Canopy","Canopy small_Canopy large","small large","within"
"335","Subcanopy large","Canopy large",-0.0908153741811498,-0.225856919276163,0.0442261709138633,-0.0944266280249011,-0.0872041203373986,0.0689000135513732,"Potential 1","BlackRiver",0.270083090190026," large"," large","Subcanopy","Canopy","Subcanopy large_Canopy large"," large large","between"
"433","Subcanopy small","Canopy large",-0.0258953205385681,-0.11895991989065,0.067169278813514,-0.0291633493708724,-0.0226272917062639,0.0474828109527338,"Potential 1","BlackRiver",0.186129198704164," small"," large","Subcanopy","Canopy","Subcanopy small_Canopy large","small large","between"
"635","Canopy small","Canopy small",0.0841843160010661,-0.0700285840313813,0.238397216033513,0.077001161996729,0.0913674700054032,0.0786814968279311,"Potential 1","BlackRiver",0.308425800064895," small"," small","Canopy","Canopy","Canopy small_Canopy small"," small small","within"
"725","Subcanopy large","Canopy small",-0.123051894768574,-0.215927241684463,-0.0301765478526843,-0.125924803686321,-0.120178985850827,0.0473862518130325,"Potential 1","BlackRiver",0.185750693831779," large"," small","Subcanopy","Canopy","Subcanopy large_Canopy small","small large","between"
"828","Subcanopy small","Canopy small",0.021333237745697,-0.0528727914699315,0.0955392669613255,0.0183077581817205,0.0243587173096735,0.0378609146907577,"Potential 1","BlackRiver",0.148412058431257," small"," small","Subcanopy","Canopy","Subcanopy small_Canopy small"," small small","between"
"1132","Subcanopy large","Subcanopy large",-0.0100473988403058,-0.242914443505244,0.222819645824633,-0.0174239471616677,-0.00267085051894386,0.118811899862326,"Potential 1","BlackRiver",0.465734089329877," large"," large","Subcanopy","Subcanopy","Subcanopy large_Subcanopy large"," large large","within"
"1229","Subcanopy small","Subcanopy large",0.110876955746017,0.0122209968681039,0.209532914623931,0.107064254616649,0.114689656875386,0.0503355978253167,"Potential 1","BlackRiver",0.197311917755827," small"," large","Subcanopy","Subcanopy","Subcanopy small_Subcanopy large","small large","within"
"1628","Subcanopy small","Subcanopy small",0.0376235960185953,-0.114773657598873,0.190020849636063,0.0268438613659995,0.0484033306711911,0.0777551295939915,"Potential 1","BlackRiver",0.304794507234936," small"," small","Subcanopy","Subcanopy","Subcanopy small_Subcanopy small"," small small","within"
"160","Canopy large","Canopy large",-0.17419363456028,-0.475821473686875,0.127434204566316,-0.180630991572779,-0.16775627754778,0.153894582505494,"Potential 1","BondTier",0.603255678253192," large"," large","Canopy","Canopy","Canopy large_Canopy large"," large large","within"
"247","Canopy small","Canopy large",0.0790148135190518,-0.0875113982056347,0.245541025243738,0.076420678071495,0.0816089489666085,0.0849639141526192,"Potential 1","BondTier",0.333052423449373," small"," large","Canopy","Canopy","Canopy small_Canopy large","small large","within"
"336","Subcanopy large","Canopy large",-0.0512173024504753,-0.1815610824636,0.0791264775626496,-0.0541320071225521,-0.0483025977783984,0.0665031505891231,"Potential 1","BondTier",0.26068756002625," large"," large","Subcanopy","Canopy","Subcanopy large_Canopy large"," large large","between"
"434","Subcanopy small","Canopy large",-0.0854494358043957,-0.160071784038784,-0.0108270875700075,-0.0873915337443115,-0.0835073378644798,0.0380733262565025,"Potential 1","BondTier",0.149244696468776," small"," large","Subcanopy","Canopy","Subcanopy small_Canopy large","small large","between"
"636","Canopy small","Canopy small",0.317397139649602,0.146751755912013,0.488042523387192,0.311605556056527,0.323188723242678,0.0870655711449897,"Potential 1","BondTier",0.341290767475179," small"," small","Canopy","Canopy","Canopy small_Canopy small"," small small","within"
"726","Subcanopy large","Canopy small",-0.0393187511276449,-0.128466982017229,0.0498294797619394,-0.0416988042651485,-0.0369386979901414,0.045484627060892,"Potential 1","BondTier",0.178296461779169," large"," small","Subcanopy","Canopy","Subcanopy large_Canopy small","small large","between"
"829","Subcanopy small","Canopy small",0.0438934110638724,-0.0129212942603308,0.100708116388076,0.0415806459614852,0.0462061761662596,0.0289876272076173,"Potential 1","BondTier",0.113629410648406," small"," small","Subcanopy","Canopy","Subcanopy small_Canopy small"," small small","between"
"1133","Subcanopy large","Subcanopy large",0.0991024915409008,-0.0613021468352939,0.259507129917096,0.0916172004394556,0.106587782642346,0.0818406050526673,"Potential 1","BondTier",0.320809276752389," large"," large","Subcanopy","Subcanopy","Subcanopy large_Subcanopy large"," large large","within"
"1230","Subcanopy small","Subcanopy large",-0.0139169129538663,-0.0705035192709465,0.0426696933632139,-0.0166775957586321,-0.0111562301491006,0.028871248024672,"Potential 1","BondTier",0.11317321263416," small"," large","Subcanopy","Subcanopy","Subcanopy small_Subcanopy large","small large","within"
"1629","Subcanopy small","Subcanopy small",0.236530527670931,0.113989494864375,0.359071560477486,0.223360585230943,0.249700470110919,0.0625220839633501,"Potential 1","BondTier",0.245082065613111," small"," small","Subcanopy","Subcanopy","Subcanopy small_Subcanopy small"," small small","within"
"170","Canopy large","Canopy large",-0.120849418158482,-0.435869424575288,0.194170588258324,-0.126731018462207,-0.114967817854757,0.160727446474345,"Potential 1","Supersite",0.630040012833612," large"," large","Canopy","Canopy","Canopy large_Canopy large"," large large","within"
"248","Canopy small","Canopy large",0.00136716026561618,-0.149889796704897,0.15262411723613,-0.00178103237885848,0.00451535291009085,0.0771733348998294,"Potential 1","Supersite",0.302513913941027," small"," large","Canopy","Canopy","Canopy small_Canopy large","small large","within"
"337","Subcanopy large","Canopy large",-0.102709273305272,-0.232821579887613,0.0274030332770685,-0.105821423986509,-0.0995971226240361,0.0663850497298166,"Potential 1","Supersite",0.260224613164682," large"," large","Subcanopy","Canopy","Subcanopy large_Canopy large"," large large","between"
"435","Subcanopy small","Canopy large",0.0681229978170799,-0.0372382278124286,0.173484223446588,0.065207797313769,0.0710381983203908,0.0537567151542499,"Potential 1","Supersite",0.210722451259017," small"," large","Subcanopy","Canopy","Subcanopy small_Canopy large","small large","between"
"637","Canopy small","Canopy small",0.224530115453012,0.0698218031926739,0.379238427713351,0.218254037320304,0.230806193585721,0.0789342628133261,"Potential 1","Supersite",0.309416624520677," small"," small","Canopy","Canopy","Canopy small_Canopy small"," small small","within"
"727","Subcanopy large","Canopy small",-0.058345062227365,-0.146470222198584,0.0297800977438545,-0.0611154198077465,-0.0555747046469835,0.044962642510954,"Potential 1","Supersite",0.176250319942439," large"," small","Subcanopy","Canopy","Subcanopy large_Canopy small","small large","between"
"830","Subcanopy small","Canopy small",0.0415444738698583,-0.0242622072386225,0.107351154978339,0.0389241429254543,0.0441648048142624,0.0335754542570963,"Potential 1","Supersite",0.131613362216962," small"," small","Subcanopy","Canopy","Subcanopy small_Canopy small"," small small","between"
"1134","Subcanopy large","Subcanopy large",0.071046569763995,-0.120057909722753,0.262151049250743,0.0621259849372573,0.0799671545907326,0.0975040771127204,"Potential 1","Supersite",0.382208958973496," large"," large","Subcanopy","Subcanopy","Subcanopy large_Subcanopy large"," large large","within"
"1231","Subcanopy small","Subcanopy large",0.0429789458616585,-0.0227174108516799,0.108675302574997,0.0396097455864117,0.0463481461369052,0.0335191652660676,"Potential 1","Supersite",0.131392713426677," small"," large","Subcanopy","Subcanopy","Subcanopy small_Subcanopy large","small large","within"
"1630","Subcanopy small","Subcanopy small",0.433949921619398,0.34962224835695,0.518277594881846,0.42361392183941,0.444285921399386,0.0430251136896465,"Potential 1","Supersite",0.168655346524897," small"," small","Subcanopy","Subcanopy","Subcanopy small_Subcanopy small"," small small","within"
"174","Canopy large","Canopy large",-0.292603275608568,-0.581540660087529,-0.00366589112960636,-0.301557270735702,-0.283649280481434,0.147419741769779,"Potential 1","Mackenzie",0.577874768957922," large"," large","Canopy","Canopy","Canopy large_Canopy large"," large large","within"
"249","Canopy small","Canopy large",0.024598364573128,-0.0723607690767488,0.121557498223005,0.0221666418350473,0.0270300873112086,0.0494698547599232,"Potential 1","Mackenzie",0.193918267299753," small"," large","Canopy","Canopy","Canopy small_Canopy large","small large","within"
"338","Subcanopy large","Canopy large",-0.352060474334551,-0.53690045875012,-0.167220489918983,-0.357837264656079,-0.346283684013024,0.0943078474265665,"Potential 1","Mackenzie",0.369679968831138," large"," large","Subcanopy","Canopy","Subcanopy large_Canopy large"," large large","between"
"436","Subcanopy small","Canopy large",0.229963293055115,0.0743864174874114,0.38554016862282,0.225266509866097,0.234660076244134,0.0793774155009351,"Potential 1","Mackenzie",0.311153751135408," small"," large","Subcanopy","Canopy","Subcanopy small_Canopy large","small large","between"
"638","Canopy small","Canopy small",0.230557528905532,0.0896191333718442,0.371495924439219,0.222271213795136,0.238843844015927,0.0719086659986568,"Potential 1","Mackenzie",0.281876791067375," small"," small","Canopy","Canopy","Canopy small_Canopy small"," small small","within"
"728","Subcanopy large","Canopy small",-0.0377711993090942,-0.132540843252571,0.0569984446343822,-0.0405963383475937,-0.0349460602705948,0.0483527476479197,"Potential 1","Mackenzie",0.189539287886953," large"," small","Subcanopy","Canopy","Subcanopy large_Canopy small","small large","between"
"831","Subcanopy small","Canopy small",-0.0416591757135226,-0.116314636035428,0.0329962846083825,-0.0444911419589039,-0.0388272094681413,0.0380902204891405,"Potential 1","Mackenzie",0.14931092064381," small"," small","Subcanopy","Canopy","Subcanopy small_Canopy small"," small small","between"
"1135","Subcanopy large","Subcanopy large",-0.109752787176552,-0.376161121277893,0.156655546924788,-0.118681361101198,-0.100824213251906,0.135925117095383,"Potential 1","Mackenzie",0.53281666820268," large"," large","Subcanopy","Subcanopy","Subcanopy large_Subcanopy large"," large large","within"
"1232","Subcanopy small","Subcanopy large",0.244682447013161,0.0898930299317002,0.399471864094621,0.23919893227156,0.250165961754762,0.078975643584484,"Potential 1","Mackenzie",0.309578834162921," small"," large","Subcanopy","Subcanopy","Subcanopy small_Subcanopy large","small large","within"
"1631","Subcanopy small","Subcanopy small",0.307460296115447,0.169371290468831,0.445549301762064,0.294614996382416,0.320305595848479,0.0704548689342482,"Potential 1","Mackenzie",0.276178011293233," small"," small","Subcanopy","Subcanopy","Subcanopy small_Subcanopy small"," small small","within"
"175","Canopy large","Canopy large",-0.219805104408434,-0.463162396951168,0.0235521881343002,-0.232603527834449,-0.207006680982418,0.124164165496053,"Potential 1","MtMaurice",0.486714585085468," large"," large","Canopy","Canopy","Canopy large_Canopy large"," large large","within"
"250","Canopy small","Canopy large",0.00941828908189447,-0.0823736986159608,0.10121027677975,0.00529677026675868,0.0135398078970303,0.0468335073613081,"Potential 1","MtMaurice",0.183583975395711," small"," large","Canopy","Canopy","Canopy small_Canopy large","small large","within"
"339","Subcanopy large","Canopy large",-0.0926651708662935,-0.271799189381726,0.0864688476491392,-0.0964675158921436,-0.0888628258404434,0.0913965868395639,"Potential 1","MtMaurice",0.358268037030865," large"," large","Subcanopy","Canopy","Subcanopy large_Canopy large"," large large","between"
"437","Subcanopy small","Canopy large",-0.00498125555570696,-0.139300762212507,0.129338251101093,-0.00846684149994875,-0.00149566961146517,0.0685316198237801,"Potential 1","MtMaurice",0.2686390133136," small"," large","Subcanopy","Canopy","Subcanopy small_Canopy large","small large","between"
"639","Canopy small","Canopy small",0.272375768481628,0.135579087497633,0.409172449465623,0.261248409286883,0.283503127676373,0.0697955075006633,"Potential 1","MtMaurice",0.27359336196799," small"," small","Canopy","Canopy","Canopy small_Canopy small"," small small","within"
"729","Subcanopy large","Canopy small",0.0589397063749577,-0.091407608092008,0.209287020841923,0.0546594942669242,0.0632199184829912,0.0767092230535286,"Potential 1","MtMaurice",0.300694628933931," large"," small","Subcanopy","Canopy","Subcanopy large_Canopy small","small large","between"
"832","Subcanopy small","Canopy small",0.141468032929517,-0.000772380016095087,0.283708445875128,0.137516349852282,0.145419716006751,0.0725729728033709,"Potential 1","MtMaurice",0.284480825891223," small"," small","Subcanopy","Canopy","Subcanopy small_Canopy small"," small small","between"
"1136","Subcanopy large","Subcanopy large",0.0311813750899397,-0.485516735181581,0.547879485361461,0.0229411509734165,0.0394215992064629,0.263626329028069,"Potential 1","MtMaurice",1.03339622054304," large"," large","Subcanopy","Subcanopy","Subcanopy large_Subcanopy large"," large large","within"
"1233","Subcanopy small","Subcanopy large",0.0952536976918286,-0.216161769469834,0.406669164853491,0.0893655151304204,0.101141880253237,0.158888362040358,"Potential 1","MtMaurice",0.622830934323325," small"," large","Subcanopy","Subcanopy","Subcanopy small_Subcanopy large","small large","within"
"1632","Subcanopy small","Subcanopy small",0.0193301741765607,-0.273989251616897,0.312649599970018,0.0132508099120634,0.025409538441058,0.149655518217235,"Potential 1","MtMaurice",0.586638851586915," small"," small","Subcanopy","Subcanopy","Subcanopy small_Subcanopy small"," small small","within"
"176","Canopy large","Canopy large",-0.28601707168017,-0.513740895774658,-0.058293247585682,-0.297469178332843,-0.274564965027497,0.116187759515351,"Potential 1","BenRidge",0.455447648188976," large"," large","Canopy","Canopy","Canopy large_Canopy large"," large large","within"
"251","Canopy small","Canopy large",-0.00975947967947725,-0.0814617313505885,0.0619427719916341,-0.0122475599118634,-0.00727139944709113,0.0365834536943992,"Potential 1","BenRidge",0.143404503342223," small"," large","Canopy","Canopy","Canopy small_Canopy large","small large","within"
"340","Subcanopy large","Canopy large",0.00911329317994359,-0.129880297772691,0.148106884132579,0.00479947308259104,0.0134271132772961,0.0709164005303153,"Potential 1","BenRidge",0.27798718190527," large"," large","Subcanopy","Canopy","Subcanopy large_Canopy large"," large large","between"
"438","Subcanopy small","Canopy large",0.0312758858627568,-0.0488389602058776,0.111390731931391,0.0283749342059941,0.0341768375195196,0.0408756725636645,"Potential 1","BenRidge",0.160229692137269," small"," large","Subcanopy","Canopy","Subcanopy small_Canopy large","small large","between"
"640","Canopy small","Canopy small",0.368717032529878,0.250554124540596,0.48687994051916,0.3595278724662,0.377906192593556,0.0602883057654816,"Potential 1","BenRidge",0.236325815978565," small"," small","Canopy","Canopy","Canopy small_Canopy small"," small small","within"
"730","Subcanopy large","Canopy small",0.0175536314709499,-0.0396063716217493,0.074713634563649,0.0155676411804662,0.0195396217614335,0.0291638027757499,"Potential 1","BenRidge",0.114320006185398," large"," small","Subcanopy","Canopy","Subcanopy large_Canopy small","small large","between"
"833","Subcanopy small","Canopy small",-0.0330697313787842,-0.0594601405979516,-0.00667932215961675,-0.0348021485808555,-0.0313373141767129,0.0134647419173677,"Potential 1","BenRidge",0.0527808184383349," small"," small","Subcanopy","Canopy","Subcanopy small_Canopy small"," small small","between"
"1137","Subcanopy large","Subcanopy large",0.0340968621269728,-0.186544328768291,0.254738053022237,0.0261745887789161,0.0420191354750295,0.112574104746645,"Potential 1","BenRidge",0.441282381790528," large"," large","Subcanopy","Subcanopy","Subcanopy large_Subcanopy large"," large large","within"
"1234","Subcanopy small","Subcanopy large",-0.105889282255863,-0.175951725843977,-0.0358268386677485,-0.108073115282524,-0.103705449229202,0.0357468015436804,"Potential 1","BenRidge",0.140124887176229," small"," large","Subcanopy","Subcanopy","Subcanopy small_Subcanopy large","small large","within"
"1633","Subcanopy small","Subcanopy small",0.373875656690135,0.260438380227221,0.487312933153049,0.362781999979638,0.384969313400633,0.057877224968261,"Potential 1","BenRidge",0.226874552925828," small"," small","Subcanopy","Subcanopy","Subcanopy small_Subcanopy small"," small small","within"
"177","Canopy large","Canopy large",-0.51673471243865,-0.863263523197547,-0.170205901679753,-0.530903982847222,-0.502565442030079,0.176803662461286,"Potential 1","MtField",0.693057621517794," large"," large","Canopy","Canopy","Canopy large_Canopy large"," large large","within"
"252","Canopy small","Canopy large",0.22188183633703,0.0262669879199867,0.417496684754074,0.214476524976074,0.229287147697987,0.0998053280366521,"Potential 1","MtField",0.391229696834088," small"," large","Canopy","Canopy","Canopy small_Canopy large","small large","within"
"341","Subcanopy large","Canopy large",0.0388919157201108,-0.0985404102406024,0.176324241680824,0.0350967106332463,0.0426871208069753,0.0701198221216114,"Potential 1","MtField",0.274864651921426," large"," large","Subcanopy","Canopy","Subcanopy large_Canopy large"," large large","between"
"439","Subcanopy small","Canopy large",-0.0666156084676852,-0.179338247668457,0.0461070307330871,-0.0708800150213147,-0.0623512019140556,0.0575126074202965,"Potential 1","MtField",0.225445278401545," small"," large","Subcanopy","Canopy","Subcanopy small_Canopy large","small large","between"
"641","Canopy small","Canopy small",-0.0432026099466397,-0.223929599968157,0.137524380074878,-0.0520761707608164,-0.0343290491324629,0.0922093423384658,"Potential 1","MtField",0.361453980043035," small"," small","Canopy","Canopy","Canopy small_Canopy small"," small small","within"
"731","Subcanopy large","Canopy small",-0.0670910415373093,-0.166723039895448,0.0325409568208297,-0.0704135242331873,-0.0637685588414314,0.0508335863026176,"Potential 1","MtField",0.199263996716278," large"," small","Subcanopy","Canopy","Subcanopy large_Canopy small","small large","between"
"834","Subcanopy small","Canopy small",0.0437765071450472,-0.049613438959444,0.137166453249538,0.039274174951897,0.0482788393381974,0.0476488072439796,"Potential 1","MtField",0.186779892208982," small"," small","Subcanopy","Canopy","Subcanopy small_Canopy small"," small small","between"
"1138","Subcanopy large","Subcanopy large",0.0573417448667356,-0.0995100705287056,0.214193560262177,0.0503448899296376,0.0643385998038335,0.0800279069578158,"Potential 1","MtField",0.313703630790882," large"," large","Subcanopy","Subcanopy","Subcanopy large_Subcanopy large"," large large","within"
"1235","Subcanopy small","Subcanopy large",-0.0168574331468726,-0.0815256463819729,0.0478107800882277,-0.0195191744312225,-0.0141956918625227,0.0329945926278212,"Potential 1","MtField",0.129336426470201," small"," large","Subcanopy","Subcanopy","Subcanopy small_Subcanopy large","small large","within"
"1634","Subcanopy small","Subcanopy small",0.161379637010983,0.0290395535491718,0.293719720472794,0.150604210052509,0.172155063969457,0.0675216914727478,"Potential 1","MtField",0.264680166923622," small"," small","Subcanopy","Subcanopy","Subcanopy small_Subcanopy small"," small small","within"
"178","Canopy large","Canopy large",-0.14174626857663,-0.406596360307961,0.123103823154701,-0.149815022894039,-0.133677514259221,0.135130080869054,"Potential 1","Caveside",0.529700183462662," large"," large","Canopy","Canopy","Canopy large_Canopy large"," large large","within"
"253","Canopy small","Canopy large",0.0461011690179057,-0.0436135850606055,0.135815923096417,0.0438211729513168,0.0483811650844946,0.0457736748155424,"Potential 1","Caveside",0.179429508157022," small"," large","Canopy","Canopy","Canopy small_Canopy large","small large","within"
"342","Subcanopy large","Canopy large",0.00159691929471178,-0.0777854572562728,0.0809792958456963,-0.00132717281772623,0.00452101140714978,0.0405019567589724,"Potential 1","Caveside",0.158764753101969," large"," large","Subcanopy","Canopy","Subcanopy large_Canopy large"," large large","between"
"440","Subcanopy small","Canopy large",-0.00487137441924065,-0.0283462332597119,0.0186034844212306,-0.00568293533895741,-0.0040598134995239,0.0119771888798151,"Potential 1","Caveside",0.0469497176809424," small"," large","Subcanopy","Canopy","Subcanopy small_Canopy large","small large","between"
"642","Canopy small","Canopy small",0.119825103847286,-0.0578169988863877,0.297467206580959,0.110580772773918,0.129069434920654,0.0906353913311121,"Potential 1","Caveside",0.355284205467347," small"," small","Canopy","Canopy","Canopy small_Canopy small"," small small","within"
"732","Subcanopy large","Canopy small",-0.0381910424235356,-0.0781593969219265,0.0017773120748553,-0.0401594138054137,-0.0362226710416575,0.0203923923162141,"Potential 1","Caveside",0.0799367089967818," large"," small","Subcanopy","Canopy","Subcanopy large_Canopy small","small large","between"
"835","Subcanopy small","Canopy small",-0.0263485234952549,-0.0380168663086306,-0.0146801806818792,-0.0270163788921513,-0.0256806680983586,0.00595334552339437,"Potential 1","Caveside",0.0233366856267514," small"," small","Subcanopy","Canopy","Subcanopy small_Canopy small"," small small","between"
"1139","Subcanopy large","Subcanopy large",0.0108605003520181,-0.142837138776433,0.16455813948047,-0.00560296753996007,0.0273239682439963,0.0784186037808852,"Potential 1","Caveside",0.307395278256903," large"," large","Subcanopy","Subcanopy","Subcanopy large_Subcanopy large"," large large","within"
"1236","Subcanopy small","Subcanopy large",-0.0636424777079788,-0.0819391638910248,-0.0453457915249328,-0.0661320410551584,-0.0611529143607992,0.00933521550771744,"Potential 1","Caveside",0.0365933723660919," small"," large","Subcanopy","Subcanopy","Subcanopy small_Subcanopy large","small large","within"
"1635","Subcanopy small","Subcanopy small",0.408396377719865,0.303160130675889,0.513632624763842,0.379677303034633,0.437115452405098,0.053692949398084,"Potential 1","Caveside",0.210472494087953," small"," small","Subcanopy","Subcanopy","Subcanopy small_Subcanopy small"," small small","within"
