"","site","from","to","alpha","lo","hi","lo_numerical","hi_numerical","Potential","class_from","class_to","species_from","species_to","range_ci","region","sig"
"1","Frankland","Eucalyptus Co/dominant","Eucalyptus Co/dominant",-0.0899338429517202,-0.551228736306741,0.371361050403301,-0.0954957106177148,-0.0843719752857256,"Potential 1","Co/dominant","Co/dominant","Eucalyptus","Eucalyptus",0.922589786710042,"WA",NA
"2","Frankland","Eucalyptus Suppressed","Eucalyptus Co/dominant",-0.0833767244674509,-0.241912376020631,0.0751589270857291,-0.0861355960347006,-0.0806178529002011,"Potential 1","Suppressed","Co/dominant","Eucalyptus","Eucalyptus",0.31707130310636,"WA",NA
"3","Frankland","Non-euc Suppressed","Eucalyptus Co/dominant",-0.0651444958788633,-0.506929915465773,0.376640923708047,-0.0698975795106025,-0.060391412247124,"Potential 1","Suppressed","Co/dominant","Non-euc","Eucalyptus",0.88357083917382,"WA",NA
"5","Frankland","Eucalyptus Suppressed","Eucalyptus Suppressed",0.186530647935263,0.0412820746808023,0.331779221189725,0.177682003465104,0.195379292405423,"Potential 1","Suppressed","Suppressed","Eucalyptus","Eucalyptus",0.290497146508922,"WA",1
"6","Frankland","Non-euc Suppressed","Eucalyptus Suppressed",0.206922352671017,0.0364210167076132,0.37742368863442,0.20267383615541,0.211170869186623,"Potential 1","Suppressed","Suppressed","Non-euc","Eucalyptus",0.341002671926807,"WA",1
"9","Frankland","Non-euc Suppressed","Non-euc Suppressed",-0.128465411518344,-0.745919118564627,0.48898829552794,-0.13664230367902,-0.120288519357667,"Potential 1","Suppressed","Suppressed","Non-euc","Non-euc",1.23490741409257,"WA",NA
"14","Clare","Eucalyptus Co/dominant","Eucalyptus Co/dominant",-0.422920214142316,-1.1469026081531,0.301062179868466,-0.431639463916036,-0.414200964368596,"Potential 1","Co/dominant","Co/dominant","Eucalyptus","Eucalyptus",1.44796478802156,"WA",NA
"22","Clare","Eucalyptus Suppressed","Eucalyptus Co/dominant",-0.0807631388831846,-0.645895023793417,0.484368746027048,-0.0863894005075829,-0.0751368772587864,"Potential 1","Suppressed","Co/dominant","Eucalyptus","Eucalyptus",1.13026376982047,"WA",NA
"32","Clare","Non-euc Suppressed","Eucalyptus Co/dominant",-0.132693761391763,-0.370902551895831,0.105515029112305,-0.136248969982567,-0.129138552800959,"Potential 1","Suppressed","Co/dominant","Non-euc","Eucalyptus",0.476417581008136,"WA",NA
"51","Clare","Eucalyptus Suppressed","Eucalyptus Suppressed",0.336807596510533,-0.471474415527119,1.14508960854818,0.326257393836439,0.347357799184627,"Potential 1","Suppressed","Suppressed","Eucalyptus","Eucalyptus",1.6165640240753,"WA",NA
"62","Clare","Non-euc Suppressed","Eucalyptus Suppressed",-0.0892864096902854,-0.291565587644877,0.112992768264306,-0.0929982283645079,-0.0855745910160628,"Potential 1","Suppressed","Suppressed","Non-euc","Eucalyptus",0.404558355909183,"WA",NA
"91","Clare","Non-euc Suppressed","Non-euc Suppressed",0.187674972133884,0.0274632015953202,0.347886742672448,0.181253407655947,0.194096536611821,"Potential 1","Suppressed","Suppressed","Non-euc","Non-euc",0.320423541077127,"WA",1
"15","Sutton","Eucalyptus Co/dominant","Eucalyptus Co/dominant",-0.209444207010715,-0.438538528870116,0.0196501148486868,-0.216333500129181,-0.202554913892249,"Potential 1","Co/dominant","Co/dominant","Eucalyptus","Eucalyptus",0.458188643718803,"WA",NA
"23","Sutton","Eucalyptus Intermediate","Eucalyptus Co/dominant",0.148928621760617,-0.0803878469888713,0.378245090510105,0.144433717053705,0.15342352646753,"Potential 1","Intermediate","Co/dominant","Eucalyptus","Eucalyptus",0.458632937498977,"WA",NA
"33","Sutton","Eucalyptus Suppressed","Eucalyptus Co/dominant",-0.0541094718053972,-0.130360643772452,0.0221417001616576,-0.0561575276834813,-0.0520614159273131,"Potential 1","Suppressed","Co/dominant","Eucalyptus","Eucalyptus",0.15250234393411,"WA",NA
"41","Sutton","Non-euc Suppressed","Eucalyptus Co/dominant",-0.150099486959707,-0.311836482129074,0.0116375082096612,-0.15456066432145,-0.145638309597963,"Potential 1","Suppressed","Co/dominant","Non-euc","Eucalyptus",0.323473990338736,"WA",NA
"63","Sutton","Eucalyptus Intermediate","Eucalyptus Intermediate",0.00118181711074766,-0.432989618468346,0.435353252689842,-0.0046565963162599,0.00702023053775521,"Potential 1","Intermediate","Intermediate","Eucalyptus","Eucalyptus",0.868342871158188,"WA",NA
"71","Sutton","Eucalyptus Suppressed","Eucalyptus Intermediate",-0.0436454105473747,-0.124707589401828,0.0374167683070785,-0.0454328541858755,-0.0418579669088739,"Potential 1","Suppressed","Intermediate","Eucalyptus","Eucalyptus",0.162124357708906,"WA",NA
"81","Sutton","Non-euc Suppressed","Eucalyptus Intermediate",-0.0754579153252055,-0.304369193770728,0.153453363120317,-0.0793856340974756,-0.0715301965529353,"Potential 1","Suppressed","Intermediate","Non-euc","Eucalyptus",0.457822556891044,"WA",NA
"111","Sutton","Eucalyptus Suppressed","Eucalyptus Suppressed",0.357561440418242,0.263731316635455,0.45139156420103,0.347964910643733,0.367157970192752,"Potential 1","Suppressed","Suppressed","Eucalyptus","Eucalyptus",0.187660247565575,"WA",1
"121","Sutton","Non-euc Suppressed","Eucalyptus Suppressed",-0.0288955690310322,-0.0949401770884284,0.0371490390263639,-0.0310925451010952,-0.0266985929609693,"Potential 1","Suppressed","Suppressed","Non-euc","Eucalyptus",0.132089216114792,"WA",NA
"161","Sutton","Non-euc Suppressed","Non-euc Suppressed",0.414417426462344,0.248090326987052,0.580744525937636,0.399077825260359,0.429757027664329,"Potential 1","Suppressed","Suppressed","Non-euc","Non-euc",0.332654198950585,"WA",1
"17","Giants","Eucalyptus Co/dominant","Eucalyptus Co/dominant",-0.221080347343584,-0.616100445837604,0.173939751150436,-0.233657223524597,-0.208503471162571,"Potential 1","Co/dominant","Co/dominant","Eucalyptus","Eucalyptus",0.790040196988039,"WA",NA
"24","Giants","Eucalyptus Intermediate","Eucalyptus Co/dominant",0.119934731540616,-0.10294661934016,0.342816082421393,0.111847552349802,0.12802191073143,"Potential 1","Intermediate","Co/dominant","Eucalyptus","Eucalyptus",0.445762701761553,"WA",NA
"34","Giants","Eucalyptus Suppressed","Eucalyptus Co/dominant",0.161351781413386,-0.0225791429065064,0.345282705733279,0.154729248660177,0.167974314166595,"Potential 1","Suppressed","Co/dominant","Eucalyptus","Eucalyptus",0.367861848639785,"WA",NA
"42","Giants","Non-euc Suppressed","Eucalyptus Co/dominant",-0.0915626228209988,-0.234391971183369,0.0512667255413713,-0.0951199922018593,-0.0880052534401383,"Potential 1","Suppressed","Co/dominant","Non-euc","Eucalyptus",0.28565869672474,"WA",NA
"64","Giants","Eucalyptus Intermediate","Eucalyptus Intermediate",0.256041191968816,0.044637590851445,0.467444793086187,0.24372915108541,0.268353232852222,"Potential 1","Intermediate","Intermediate","Eucalyptus","Eucalyptus",0.422807202234742,"WA",1
"72","Giants","Eucalyptus Suppressed","Eucalyptus Intermediate",0.0960249761244519,-0.0336154413140198,0.225665393562924,0.090381395951998,0.101668556296906,"Potential 1","Suppressed","Intermediate","Eucalyptus","Eucalyptus",0.259280834876943,"WA",NA
"82","Giants","Non-euc Suppressed","Eucalyptus Intermediate",-0.183017492553073,-0.362920585222508,-0.0031143998836389,-0.188648139910176,-0.177386845195971,"Potential 1","Suppressed","Intermediate","Non-euc","Eucalyptus",0.359806185338869,"WA",1
"112","Giants","Eucalyptus Suppressed","Eucalyptus Suppressed",0.292300610999654,0.114429911835767,0.47017131016354,0.281592224264867,0.303008997734441,"Potential 1","Suppressed","Suppressed","Eucalyptus","Eucalyptus",0.355741398327773,"WA",1
"122","Giants","Non-euc Suppressed","Eucalyptus Suppressed",0.00340112438321968,-0.0967781822494386,0.103580431015878,0.000307241642017769,0.00649500712442158,"Potential 1","Suppressed","Suppressed","Non-euc","Eucalyptus",0.200358613265316,"WA",NA
"162","Giants","Non-euc Suppressed","Non-euc Suppressed",0.166682918820297,0.0041373246969208,0.329228512943673,0.158789004214122,0.174576833426471,"Potential 1","Suppressed","Suppressed","Non-euc","Non-euc",0.325091188246752,"WA",1
"18","Warren","Eucalyptus Co/dominant","Eucalyptus Co/dominant",-0.180361564156491,-0.480126612961744,0.119403484648762,-0.187563513576495,-0.173159614736487,"Potential 1","Co/dominant","Co/dominant","Eucalyptus","Eucalyptus",0.599530097610506,"WA",NA
"25","Warren","Eucalyptus Intermediate","Eucalyptus Co/dominant",-0.0730816578095891,-0.342287767523269,0.196124451904091,-0.0762055159137859,-0.0699577997053922,"Potential 1","Intermediate","Co/dominant","Eucalyptus","Eucalyptus",0.538412219427359,"WA",NA
"35","Warren","Eucalyptus Suppressed","Eucalyptus Co/dominant",-0.340081269062603,-0.557930571735368,-0.122231966389838,-0.345482765400026,-0.33467977272518,"Potential 1","Suppressed","Co/dominant","Eucalyptus","Eucalyptus",0.43569860534553,"WA",1
"43","Warren","Non-euc Suppressed","Eucalyptus Co/dominant",-0.064789873544639,-0.19825768435983,0.0686779372705516,-0.0683675133930272,-0.0612122336962509,"Potential 1","Suppressed","Co/dominant","Non-euc","Eucalyptus",0.266935621630381,"WA",NA
"65","Warren","Eucalyptus Intermediate","Eucalyptus Intermediate",0.199557587649248,-0.352267508691988,0.751382683990484,0.194114530324508,0.205000644973987,"Potential 1","Intermediate","Intermediate","Eucalyptus","Eucalyptus",1.10365019268247,"WA",NA
"73","Warren","Eucalyptus Suppressed","Eucalyptus Intermediate",-0.00682052296904697,-0.332403526054451,0.318762480116357,-0.0110521144203693,-0.00258893151772458,"Potential 1","Suppressed","Intermediate","Eucalyptus","Eucalyptus",0.651166006170808,"WA",NA
"83","Warren","Non-euc Suppressed","Eucalyptus Intermediate",-0.0303150074287608,-0.267887848260292,0.207257833402771,-0.0346211291277126,-0.026008885729809,"Potential 1","Suppressed","Intermediate","Non-euc","Eucalyptus",0.475145681663063,"WA",NA
"113","Warren","Eucalyptus Suppressed","Eucalyptus Suppressed",-0.125009520390871,-0.502144088008877,0.252125047227134,-0.134232048928663,-0.11578699185308,"Potential 1","Suppressed","Suppressed","Eucalyptus","Eucalyptus",0.754269135236012,"WA",NA
"123","Warren","Non-euc Suppressed","Eucalyptus Suppressed",-0.136766657703179,-0.3047823914673,0.0312490760609412,-0.140661504291665,-0.132871811114693,"Potential 1","Suppressed","Suppressed","Non-euc","Eucalyptus",0.336031467528241,"WA",NA
"163","Warren","Non-euc Suppressed","Non-euc Suppressed",0.367181089452434,0.217982700690852,0.516379478214017,0.355428114321342,0.378934064583527,"Potential 1","Suppressed","Suppressed","Non-euc","Non-euc",0.298396777523165,"WA",1
"19","Dawson","Eucalyptus Co/dominant","Eucalyptus Co/dominant",-0.199110864381034,-0.520817203436242,0.122595474674174,-0.20416177457759,-0.194059954184477,"Potential 1","Co/dominant","Co/dominant","Eucalyptus","Eucalyptus",0.643412678110416,"WA",NA
"26","Dawson","Eucalyptus Suppressed","Eucalyptus Co/dominant",0.117988095585412,-0.0899394420704625,0.325915633241286,0.115003945476855,0.120972245693969,"Potential 1","Suppressed","Co/dominant","Eucalyptus","Eucalyptus",0.415855075311749,"WA",NA
"36","Dawson","Non-euc Suppressed","Eucalyptus Co/dominant",-0.089383491419782,-0.244265409258238,0.0654984264186739,-0.0928844211176069,-0.0858825617219571,"Potential 1","Suppressed","Co/dominant","Non-euc","Eucalyptus",0.309763835676912,"WA",NA
"52","Dawson","Eucalyptus Suppressed","Eucalyptus Suppressed",0.121438001025753,-0.118402592225822,0.361278594277328,0.116956629127182,0.125919372924324,"Potential 1","Suppressed","Suppressed","Eucalyptus","Eucalyptus",0.479681186503151,"WA",NA
"66","Dawson","Non-euc Suppressed","Eucalyptus Suppressed",-0.00834302358163515,-0.158241703379362,0.141555656216092,-0.0114550537732438,-0.00523099339002654,"Potential 1","Suppressed","Suppressed","Non-euc","Eucalyptus",0.299797359595454,"WA",NA
"92","Dawson","Non-euc Suppressed","Non-euc Suppressed",0.244320080348182,0.130464950082152,0.358175210614213,0.236305778823661,0.252334381872704,"Potential 1","Suppressed","Suppressed","Non-euc","Non-euc",0.22771026053206,"WA",1
"110","Carey","Eucalyptus Co/dominant","Eucalyptus Co/dominant",-0.0668915717970258,-0.359093039066424,0.225309895472373,-0.0711473115179512,-0.0626358320761004,"Potential 1","Co/dominant","Co/dominant","Eucalyptus","Eucalyptus",0.584402934538797,"WA",NA
"27","Carey","Eucalyptus Intermediate","Eucalyptus Co/dominant",0.120032634253663,-0.464744900729738,0.704810169237063,0.113775565283817,0.126289703223509,"Potential 1","Intermediate","Co/dominant","Eucalyptus","Eucalyptus",1.1695550699668,"WA",NA
"37","Carey","Eucalyptus Suppressed","Eucalyptus Co/dominant",0.0260280739258009,-0.208740228964183,0.260796376815784,0.0230427769013518,0.02901337095025,"Potential 1","Suppressed","Co/dominant","Eucalyptus","Eucalyptus",0.469536605779967,"WA",NA
"44","Carey","Non-euc Suppressed","Eucalyptus Co/dominant",-0.0311225098403603,-0.196936718590646,0.134691698909926,-0.0335488415340886,-0.028696178146632,"Potential 1","Suppressed","Co/dominant","Non-euc","Eucalyptus",0.331628417500572,"WA",NA
"67","Carey","Eucalyptus Intermediate","Eucalyptus Intermediate",-0.647592355074812,-2.44361192953216,1.14842721938253,-0.66314076524516,-0.632043944904464,"Potential 1","Intermediate","Intermediate","Eucalyptus","Eucalyptus",3.59203914891469,"WA",NA
"74","Carey","Eucalyptus Suppressed","Eucalyptus Intermediate",-0.406602231509149,-1.12012262059183,0.306918157573536,-0.412871466303816,-0.400332996714483,"Potential 1","Suppressed","Intermediate","Eucalyptus","Eucalyptus",1.42704077816537,"WA",NA
"84","Carey","Non-euc Suppressed","Eucalyptus Intermediate",-0.372279233156133,-0.862204043159922,0.117645576847655,-0.378060773310142,-0.366497693002124,"Potential 1","Suppressed","Intermediate","Non-euc","Eucalyptus",0.979849620007577,"WA",NA
"114","Carey","Eucalyptus Suppressed","Eucalyptus Suppressed",0.111367733124393,-0.345860638721934,0.56859610497072,0.106056232963655,0.116679233285131,"Potential 1","Suppressed","Suppressed","Eucalyptus","Eucalyptus",0.914456743692654,"WA",NA
"124","Carey","Non-euc Suppressed","Eucalyptus Suppressed",-0.104948193591261,-0.306930199941955,0.0970338127594329,-0.107731332360045,-0.102165054822477,"Potential 1","Suppressed","Suppressed","Non-euc","Eucalyptus",0.403964012701388,"WA",NA
"164","Carey","Non-euc Suppressed","Non-euc Suppressed",0.194309583347874,-0.0197662021526437,0.408385368848392,0.188566706550385,0.200052460145363,"Potential 1","Suppressed","Suppressed","Non-euc","Non-euc",0.428151571001036,"WA",NA
"115","Dombakup","Eucalyptus Co/dominant","Eucalyptus Co/dominant",-0.119136614529507,-0.518746423280902,0.280473194221887,-0.124777967247541,-0.113495261811474,"Potential 1","Co/dominant","Co/dominant","Eucalyptus","Eucalyptus",0.799219617502789,"WA",NA
"28","Dombakup","Eucalyptus Suppressed","Eucalyptus Co/dominant",0.0238907797773241,-0.17932164476886,0.227103204323508,0.0207537278500785,0.0270278317045697,"Potential 1","Suppressed","Co/dominant","Eucalyptus","Eucalyptus",0.406424849092368,"WA",NA
"38","Dombakup","Non-euc Suppressed","Eucalyptus Co/dominant",-0.00583218991513133,-0.110978478924207,0.0993140990939447,-0.00888523759992219,-0.00277914223034046,"Potential 1","Suppressed","Co/dominant","Non-euc","Eucalyptus",0.210292578018152,"WA",NA
"53","Dombakup","Eucalyptus Suppressed","Eucalyptus Suppressed",0.179593869420359,-0.0877994471657078,0.446987186006426,0.174453173926807,0.184734564913911,"Potential 1","Suppressed","Suppressed","Eucalyptus","Eucalyptus",0.534786633172133,"WA",NA
"68","Dombakup","Non-euc Suppressed","Eucalyptus Suppressed",-0.0281145766906284,-0.0970681037533659,0.0408389503721091,-0.0302979884614779,-0.0259311649197789,"Potential 1","Suppressed","Suppressed","Non-euc","Eucalyptus",0.137907054125475,"WA",NA
"93","Dombakup","Non-euc Suppressed","Non-euc Suppressed",0.258714925593643,0.150259581679243,0.367170269508043,0.248071749233009,0.269358101954277,"Potential 1","Suppressed","Suppressed","Non-euc","Non-euc",0.216910687828801,"WA",1
"116","Weld","Eucalyptus Co/dominant","Eucalyptus Co/dominant",0.0871043073989144,-0.132365338777534,0.306573953575363,0.0800870221119931,0.0941215926858356,"Potential 1","Co/dominant","Co/dominant","Eucalyptus","Eucalyptus",0.438939292352897,"S_TAS",NA
"210","Weld","Eucalyptus Intermediate","Eucalyptus Co/dominant",-0.00677768662543831,-0.365734553862,0.352179180611123,-0.0138960594123459,0.000340686161469327,"Potential 1","Intermediate","Co/dominant","Eucalyptus","Eucalyptus",0.717913734473123,"S_TAS",NA
"39","Weld","Eucalyptus Suppressed","Eucalyptus Co/dominant",0.308448859280812,0.0725246482026667,0.544373070358957,0.301308607868438,0.315589110693186,"Potential 1","Suppressed","Co/dominant","Eucalyptus","Eucalyptus",0.47184842215629,"S_TAS",1
"45","Weld","Non-euc Co/dominant","Eucalyptus Co/dominant",-0.128870821259819,-0.324187714164807,0.0664460716451686,-0.133949935411506,-0.123791707108133,"Potential 1","Co/dominant","Co/dominant","Non-euc","Eucalyptus",0.390633785809976,"S_TAS",NA
"54","Weld","Non-euc Intermediate","Eucalyptus Co/dominant",0.17797189920671,-0.271670051665682,0.627613850079102,0.171067634969966,0.184876163443454,"Potential 1","Intermediate","Co/dominant","Non-euc","Eucalyptus",0.899283901744784,"S_TAS",NA
"69","Weld","Non-euc Suppressed","Eucalyptus Co/dominant",0.229887285286772,0.081848510450968,0.377926060122575,0.225077717554436,0.234696853019107,"Potential 1","Suppressed","Co/dominant","Non-euc","Eucalyptus",0.296077549671607,"S_TAS",1
"85","Weld","Eucalyptus Intermediate","Eucalyptus Intermediate",0.110260877168609,-0.871925711904388,1.09244746624161,0.0923548623275247,0.128166892009694,"Potential 1","Intermediate","Intermediate","Eucalyptus","Eucalyptus",1.964373178146,"S_TAS",NA
"94","Weld","Eucalyptus Suppressed","Eucalyptus Intermediate",0.167936481174333,-0.289716881018671,0.625589843367337,0.16028749274301,0.175585469605656,"Potential 1","Suppressed","Intermediate","Eucalyptus","Eucalyptus",0.915306724386008,"S_TAS",NA
"10","Weld","Non-euc Co/dominant","Eucalyptus Intermediate",-1.2662836556505,-3.1320857111453,0.599518399844301,-1.295249786312,-1.237317524989,"Potential 1","Co/dominant","Intermediate","Non-euc","Eucalyptus",3.7316041109896,"S_TAS",NA
"117","Weld","Non-euc Intermediate","Eucalyptus Intermediate",0.100623602243861,-0.748254281126515,0.949501485614237,0.0908593097115119,0.11038789477621,"Potential 1","Intermediate","Intermediate","Non-euc","Eucalyptus",1.69775576674075,"S_TAS",NA
"125","Weld","Non-euc Suppressed","Eucalyptus Intermediate",0.188495260952128,-0.140415061272797,0.517405583177053,0.180176609668444,0.196813912235812,"Potential 1","Suppressed","Intermediate","Non-euc","Eucalyptus",0.657820644449849,"S_TAS",NA
"151","Weld","Eucalyptus Suppressed","Eucalyptus Suppressed",0.0965202600384175,-0.237558880113563,0.430599400190398,0.087832765884133,0.105207754192702,"Potential 1","Suppressed","Suppressed","Eucalyptus","Eucalyptus",0.668158280303961,"S_TAS",NA
"165","Weld","Non-euc Co/dominant","Eucalyptus Suppressed",-0.0644914416365713,-0.422638937890418,0.293656054617276,-0.0711306591827819,-0.0578522240903608,"Potential 1","Co/dominant","Suppressed","Non-euc","Eucalyptus",0.716294992507694,"S_TAS",NA
"171","Weld","Non-euc Intermediate","Eucalyptus Suppressed",-0.365816985921384,-0.934417048975291,0.202783077132523,-0.372929284081795,-0.358704687760974,"Potential 1","Intermediate","Suppressed","Non-euc","Eucalyptus",1.13720012610781,"S_TAS",NA
"181","Weld","Non-euc Suppressed","Eucalyptus Suppressed",-0.208643731533878,-0.372050369304598,-0.0452370937631569,-0.212865808681301,-0.204421654386454,"Potential 1","Suppressed","Suppressed","Non-euc","Eucalyptus",0.326813275541441,"S_TAS",1
"221","Weld","Non-euc Co/dominant","Non-euc Co/dominant",0.390253760377224,0.197463977521909,0.583043543232539,0.379471071298126,0.401036449456323,"Potential 1","Co/dominant","Co/dominant","Non-euc","Non-euc",0.38557956571063,"S_TAS",1
"231","Weld","Non-euc Intermediate","Non-euc Co/dominant",-0.263724807238993,-0.963398609121075,0.435948994643088,-0.272813927092327,-0.25463568738566,"Potential 1","Intermediate","Co/dominant","Non-euc","Non-euc",1.39934760376416,"S_TAS",NA
"241","Weld","Non-euc Suppressed","Non-euc Co/dominant",0.0870782898137312,-0.0224684525936178,0.19662503222108,0.0827567547078399,0.0913998249196226,"Potential 1","Suppressed","Co/dominant","Non-euc","Non-euc",0.219093484814698,"S_TAS",NA
"29","Weld","Non-euc Intermediate","Non-euc Intermediate",-0.74475399264011,-2.10284048822024,0.613332502940024,-0.756716663101836,-0.732791322178383,"Potential 1","Intermediate","Intermediate","Non-euc","Non-euc",2.71617299116027,"S_TAS",NA
"30","Weld","Non-euc Suppressed","Non-euc Intermediate",-0.0808718626220894,-0.411021070430494,0.249277345186315,-0.0866975877243167,-0.0750461375198622,"Potential 1","Suppressed","Intermediate","Non-euc","Non-euc",0.660298415616808,"S_TAS",NA
"361","Weld","Non-euc Suppressed","Non-euc Suppressed",0.121184832237719,-0.0522135381252142,0.294583202600652,0.111681352486355,0.130688311989082,"Potential 1","Suppressed","Suppressed","Non-euc","Non-euc",0.346796740725866,"S_TAS",NA
"118","ZigZag","Eucalyptus Co/dominant","Eucalyptus Co/dominant",-0.39936861167138,-0.658212239267874,-0.140524984074886,-0.411118008973499,-0.387619214369262,"Potential 1","Co/dominant","Co/dominant","Eucalyptus","Eucalyptus",0.517687255192987,"S_TAS",1
"211","ZigZag","Eucalyptus Intermediate","Eucalyptus Co/dominant",0.178955881091479,-0.0273626139357948,0.385274376118752,0.174112696509983,0.183799065672975,"Potential 1","Intermediate","Co/dominant","Eucalyptus","Eucalyptus",0.412636990054547,"S_TAS",NA
"310","ZigZag","Eucalyptus Suppressed","Eucalyptus Co/dominant",-0.00874588479449533,-0.131291483399999,0.113799713811008,-0.0121996325789628,-0.00529213701002791,"Potential 1","Suppressed","Co/dominant","Eucalyptus","Eucalyptus",0.245091197211007,"S_TAS",NA
"46","ZigZag","Non-euc Suppressed","Eucalyptus Co/dominant",-0.0432324230775606,-0.0975810818512085,0.0111162356960873,-0.0463699912301192,-0.040094854925002,"Potential 1","Suppressed","Co/dominant","Non-euc","Eucalyptus",0.108697317547296,"S_TAS",NA
"610","ZigZag","Eucalyptus Intermediate","Eucalyptus Intermediate",-0.0655609606143771,-0.393222295061486,0.262100373832731,-0.0726025011465429,-0.0585194200822112,"Potential 1","Intermediate","Intermediate","Eucalyptus","Eucalyptus",0.655322668894217,"S_TAS",NA
"75","ZigZag","Eucalyptus Suppressed","Eucalyptus Intermediate",0.0792819438612511,-0.079701945725727,0.238265833448229,0.0757324577294525,0.0828314299930497,"Potential 1","Suppressed","Intermediate","Eucalyptus","Eucalyptus",0.317967779173956,"S_TAS",NA
"86","ZigZag","Non-euc Suppressed","Eucalyptus Intermediate",0.0104633564599607,-0.0441265460585564,0.0650532589784777,0.0088399312266429,0.0120867816932784,"Potential 1","Suppressed","Intermediate","Non-euc","Eucalyptus",0.109179805037034,"S_TAS",NA
"119","ZigZag","Eucalyptus Suppressed","Eucalyptus Suppressed",0.181937410380423,0.0197898467722961,0.34408497398855,0.175958980385474,0.187915840375372,"Potential 1","Suppressed","Suppressed","Eucalyptus","Eucalyptus",0.324295127216253,"S_TAS",1
"126","ZigZag","Non-euc Suppressed","Eucalyptus Suppressed",0.0116161529135039,-0.0377632325614056,0.0609955383884135,0.00940304940465879,0.0138292564223491,"Potential 1","Suppressed","Suppressed","Non-euc","Eucalyptus",0.098758770949819,"S_TAS",NA
"166","ZigZag","Non-euc Suppressed","Non-euc Suppressed",0.0386697157020461,-0.0878323375459349,0.165171768950027,0.00873130691195997,0.0686081244921322,"Potential 1","Suppressed","Suppressed","Non-euc","Non-euc",0.253004106495962,"S_TAS",NA
"120","NorthStyx","Eucalyptus Co/dominant","Eucalyptus Co/dominant",-0.0083440662466998,-0.194694481276346,0.178006348782946,-0.0159726325984672,-0.00071549989493244,"Potential 1","Co/dominant","Co/dominant","Eucalyptus","Eucalyptus",0.372700830059292,"S_TAS",NA
"212","NorthStyx","Eucalyptus Intermediate","Eucalyptus Co/dominant",0.0573044948517352,-0.0573389523141724,0.171947942017643,0.0537536497303164,0.0608553399731539,"Potential 1","Intermediate","Co/dominant","Eucalyptus","Eucalyptus",0.229286894331815,"S_TAS",NA
"311","NorthStyx","Eucalyptus Suppressed","Eucalyptus Co/dominant",0.0669227573241347,-0.0149117266343165,0.148757241282586,0.0638814849075792,0.0699640297406902,"Potential 1","Suppressed","Co/dominant","Eucalyptus","Eucalyptus",0.163668967916902,"S_TAS",NA
"47","NorthStyx","Non-euc Suppressed","Eucalyptus Co/dominant",-0.0823947473240546,-0.159134304428319,-0.00565519021979019,-0.0857520896392033,-0.0790374050089058,"Potential 1","Suppressed","Co/dominant","Non-euc","Eucalyptus",0.153479114208529,"S_TAS",1
"611","NorthStyx","Eucalyptus Intermediate","Eucalyptus Intermediate",0.328028106057896,0.108784213022162,0.547271999093629,0.317276077436206,0.338780134679585,"Potential 1","Intermediate","Intermediate","Eucalyptus","Eucalyptus",0.438487786071466,"S_TAS",1
"76","NorthStyx","Eucalyptus Suppressed","Eucalyptus Intermediate",0.076194248026432,-0.0239532998745414,0.176341795927406,0.0717198936722681,0.080668602380596,"Potential 1","Suppressed","Intermediate","Eucalyptus","Eucalyptus",0.200295095801947,"S_TAS",NA
"87","NorthStyx","Non-euc Suppressed","Eucalyptus Intermediate",0.00805101885624272,-0.0896841872580295,0.105786224970515,0.00327447952926924,0.0128275581832162,"Potential 1","Suppressed","Intermediate","Non-euc","Eucalyptus",0.195470412228544,"S_TAS",NA
"1110","NorthStyx","Eucalyptus Suppressed","Eucalyptus Suppressed",0.269286507015184,0.148553860959888,0.390019153070479,0.262052561186853,0.276520452843514,"Potential 1","Suppressed","Suppressed","Eucalyptus","Eucalyptus",0.241465292110591,"S_TAS",1
"127","NorthStyx","Non-euc Suppressed","Eucalyptus Suppressed",0.0967821842979576,0.0295333315117617,0.164031037084153,0.0927071103655358,0.100857258230379,"Potential 1","Suppressed","Suppressed","Non-euc","Eucalyptus",0.134497705572392,"S_TAS",1
"167","NorthStyx","Non-euc Suppressed","Non-euc Suppressed",0.32348156177112,0.197460452208411,0.44950267133383,0.313604791352085,0.333358332190155,"Potential 1","Suppressed","Suppressed","Non-euc","Non-euc",0.252042219125419,"S_TAS",1
"128","Newline","Eucalyptus Co/dominant","Eucalyptus Co/dominant",-0.291559966092696,-0.560513356500088,-0.0226065756853031,-0.301346284683343,-0.281773647502048,"Potential 1","Co/dominant","Co/dominant","Eucalyptus","Eucalyptus",0.537906780814785,"SE_NSW",1
"213","Newline","Eucalyptus Intermediate","Eucalyptus Co/dominant",-0.00820982101430717,-0.195907291776199,0.179487649747584,-0.0117964746057657,-0.00462316742284864,"Potential 1","Intermediate","Co/dominant","Eucalyptus","Eucalyptus",0.375394941523783,"SE_NSW",NA
"312","Newline","Eucalyptus Suppressed","Eucalyptus Co/dominant",-0.0208501486350153,-0.104312607704899,0.0626123104348687,-0.023489915450922,-0.0182103818191086,"Potential 1","Suppressed","Co/dominant","Eucalyptus","Eucalyptus",0.166924918139768,"SE_NSW",NA
"55","Newline","Eucalyptus Intermediate","Eucalyptus Intermediate",0.0578970162971427,-0.302064490053997,0.417858522648282,0.0528974631848207,0.0628965694094646,"Potential 1","Intermediate","Intermediate","Eucalyptus","Eucalyptus",0.719923012702279,"SE_NSW",NA
"612","Newline","Eucalyptus Suppressed","Eucalyptus Intermediate",-0.0070996154866487,-0.0859718375763925,0.0717726066030951,-0.00882572720290609,-0.0053735037703913,"Potential 1","Suppressed","Intermediate","Eucalyptus","Eucalyptus",0.157744444179488,"SE_NSW",NA
"95","Newline","Eucalyptus Suppressed","Eucalyptus Suppressed",0.241530565795547,0.13713610655099,0.345925025040104,0.233834790819295,0.249226340771799,"Potential 1","Suppressed","Suppressed","Eucalyptus","Eucalyptus",0.208788918489114,"SE_NSW",1
"129","WaratahMix","Eucalyptus Co/dominant","Eucalyptus Co/dominant",-0.485672956670403,-0.861909357982846,-0.10943655535796,-0.496881274951778,-0.474464638389027,"Potential 1","Co/dominant","Co/dominant","Eucalyptus","Eucalyptus",0.752472802624886,"SE_NSW",1
"214","WaratahMix","Eucalyptus Intermediate","Eucalyptus Co/dominant",0.175668943907798,-0.163894084337862,0.515231972153459,0.169234383678015,0.182103504137582,"Potential 1","Intermediate","Co/dominant","Eucalyptus","Eucalyptus",0.679126056491321,"SE_NSW",NA
"313","WaratahMix","Eucalyptus Suppressed","Eucalyptus Co/dominant",-0.124240449177539,-0.220081613170938,-0.0283992851841409,-0.127377170719039,-0.121103727636039,"Potential 1","Suppressed","Co/dominant","Eucalyptus","Eucalyptus",0.191682327986797,"SE_NSW",1
"56","WaratahMix","Eucalyptus Intermediate","Eucalyptus Intermediate",-0.400042462953081,-1.23554400857283,0.435459082666669,-0.40841013029538,-0.391674795610782,"Potential 1","Intermediate","Intermediate","Eucalyptus","Eucalyptus",1.6710030912395,"SE_NSW",NA
"613","WaratahMix","Eucalyptus Suppressed","Eucalyptus Intermediate",0.063060493848403,-0.114481689308121,0.240602677004927,0.0603072769754323,0.0658137107213737,"Potential 1","Suppressed","Intermediate","Eucalyptus","Eucalyptus",0.355084366313048,"SE_NSW",NA
"96","WaratahMix","Eucalyptus Suppressed","Eucalyptus Suppressed",0.0795317470113158,-0.066739633928401,0.225803127951033,0.07008120201372,0.0889822920089116,"Potential 1","Suppressed","Suppressed","Eucalyptus","Eucalyptus",0.292542761879434,"SE_NSW",NA
"130","WogWay","Eucalyptus Co/dominant","Eucalyptus Co/dominant",-0.585216219248457,-1.12722947148222,-0.0432029670146908,-0.597018353630924,-0.57341408486599,"Potential 1","Co/dominant","Co/dominant","Eucalyptus","Eucalyptus",1.08402650446753,"SE_NSW",1
"215","WogWay","Eucalyptus Intermediate","Eucalyptus Co/dominant",0.191014601540729,-0.360599165868474,0.742628368949932,0.183785799682982,0.198243403398476,"Potential 1","Intermediate","Co/dominant","Eucalyptus","Eucalyptus",1.10322753481841,"SE_NSW",NA
"314","WogWay","Eucalyptus Suppressed","Eucalyptus Co/dominant",0.0581780366107453,-0.0613212756156164,0.177677348837107,0.0559699945737814,0.0603860786477091,"Potential 1","Suppressed","Co/dominant","Eucalyptus","Eucalyptus",0.238998624452723,"SE_NSW",NA
"48","WogWay","Non-euc Suppressed","Eucalyptus Co/dominant",0.195229906491914,-0.189126317622697,0.579586130606526,0.188667740559045,0.201792072424783,"Potential 1","Suppressed","Co/dominant","Non-euc","Eucalyptus",0.768712448229223,"SE_NSW",NA
"614","WogWay","Eucalyptus Intermediate","Eucalyptus Intermediate",-0.214884169594272,-1.02335887163103,0.593590532442486,-0.221204107842302,-0.208564231346242,"Potential 1","Intermediate","Intermediate","Eucalyptus","Eucalyptus",1.61694940407352,"SE_NSW",NA
"77","WogWay","Eucalyptus Suppressed","Eucalyptus Intermediate",-0.0743392513966138,-0.204721511515888,0.0560430087226606,-0.0761125063779381,-0.0725659964152894,"Potential 1","Suppressed","Intermediate","Eucalyptus","Eucalyptus",0.260764520238549,"SE_NSW",NA
"88","WogWay","Non-euc Suppressed","Eucalyptus Intermediate",-0.0695313226197135,-0.505314324904481,0.366251679665054,-0.0741031674017889,-0.0649594778376381,"Potential 1","Suppressed","Intermediate","Non-euc","Eucalyptus",0.871566004569534,"SE_NSW",NA
"1111","WogWay","Eucalyptus Suppressed","Eucalyptus Suppressed",0.342796138172571,0.246742080077948,0.438850196267195,0.335307354749458,0.350284921595684,"Potential 1","Suppressed","Suppressed","Eucalyptus","Eucalyptus",0.192108116189247,"SE_NSW",1
"1210","WogWay","Non-euc Suppressed","Eucalyptus Suppressed",-0.153201525926664,-0.282327564391662,-0.0240754874616669,-0.155902871626711,-0.150500180226618,"Potential 1","Suppressed","Suppressed","Non-euc","Eucalyptus",0.258252076929995,"SE_NSW",1
"168","WogWay","Non-euc Suppressed","Non-euc Suppressed",0.348353722293261,-0.0136322256197689,0.710339670206291,0.339451614194232,0.35725583039229,"Potential 1","Suppressed","Suppressed","Non-euc","Non-euc",0.723971895826059,"SE_NSW",NA
"131","Goodenia","Eucalyptus Co/dominant","Eucalyptus Co/dominant",-0.818192296629723,-1.45983883220018,-0.176545761059267,-0.833270092710257,-0.803114500549189,"Potential 1","Co/dominant","Co/dominant","Eucalyptus","Eucalyptus",1.28329307114091,"SE_NSW",1
"216","Goodenia","Eucalyptus Intermediate","Eucalyptus Co/dominant",0.401099566560565,-0.0521644296293344,0.854363562750465,0.394081581877897,0.408117551243234,"Potential 1","Intermediate","Co/dominant","Eucalyptus","Eucalyptus",0.906527992379799,"SE_NSW",NA
"315","Goodenia","Eucalyptus Suppressed","Eucalyptus Co/dominant",-0.165082609697005,-0.407979451391428,0.0778142319974185,-0.169854684678377,-0.160310534715633,"Potential 1","Suppressed","Co/dominant","Eucalyptus","Eucalyptus",0.485793683388847,"SE_NSW",NA
"49","Goodenia","Non-euc Suppressed","Eucalyptus Co/dominant",0.0943839358149047,-0.139914309675908,0.328682181305717,0.089417912484864,0.0993499591449453,"Potential 1","Suppressed","Co/dominant","Non-euc","Eucalyptus",0.468596490981626,"SE_NSW",NA
"615","Goodenia","Eucalyptus Intermediate","Eucalyptus Intermediate",0.106476026888644,-0.34302558300565,0.555977636782938,0.100438637826659,0.11251341595063,"Potential 1","Intermediate","Intermediate","Eucalyptus","Eucalyptus",0.899003219788588,"SE_NSW",NA
"78","Goodenia","Eucalyptus Suppressed","Eucalyptus Intermediate",0.0837265570600407,-0.158178961146187,0.325632075266269,0.0803572815503523,0.087095832569729,"Potential 1","Suppressed","Intermediate","Eucalyptus","Eucalyptus",0.483811036412456,"SE_NSW",NA
"89","Goodenia","Non-euc Suppressed","Eucalyptus Intermediate",-0.23558205940875,-0.480974749328929,0.00981063051142919,-0.238926344341258,-0.232237774476242,"Potential 1","Suppressed","Intermediate","Non-euc","Eucalyptus",0.490785379840358,"SE_NSW",NA
"1112","Goodenia","Eucalyptus Suppressed","Eucalyptus Suppressed",0.192373322351038,-0.0370703822332769,0.421817026935353,0.186233231938573,0.198513412763503,"Potential 1","Suppressed","Suppressed","Eucalyptus","Eucalyptus",0.45888740916863,"SE_NSW",NA
"1211","Goodenia","Non-euc Suppressed","Eucalyptus Suppressed",-0.106993604606254,-0.267678232157882,0.0536910229453747,-0.109538654620341,-0.104448554592166,"Potential 1","Suppressed","Suppressed","Non-euc","Eucalyptus",0.321369255103257,"SE_NSW",NA
"169","Goodenia","Non-euc Suppressed","Non-euc Suppressed",0.209007829201037,-0.0027145118222679,0.420730170224342,0.202600623264964,0.21541503513711,"Potential 1","Suppressed","Suppressed","Non-euc","Non-euc",0.42344468204661,"SE_NSW",NA
"132","Candelo","Eucalyptus Co/dominant","Eucalyptus Co/dominant",-0.320066855023036,-0.634954302423045,-0.00517940762302788,-0.328969050917386,-0.311164659128687,"Potential 1","Co/dominant","Co/dominant","Eucalyptus","Eucalyptus",0.629774894800017,"SE_NSW",1
"217","Candelo","Eucalyptus Intermediate","Eucalyptus Co/dominant",-0.0335869272669378,-0.309062742471686,0.24188888793781,-0.0381377461099245,-0.0290361084239511,"Potential 1","Intermediate","Co/dominant","Eucalyptus","Eucalyptus",0.550951630409496,"SE_NSW",NA
"316","Candelo","Eucalyptus Suppressed","Eucalyptus Co/dominant",0.0096599261400087,-0.141117731664627,0.160437583944644,0.00608237723974817,0.0132374750402692,"Potential 1","Suppressed","Co/dominant","Eucalyptus","Eucalyptus",0.301555315609272,"SE_NSW",NA
"57","Candelo","Eucalyptus Intermediate","Eucalyptus Intermediate",0.257833068941341,-0.0238594400047999,0.539525577887483,0.24681597338866,0.268850164494022,"Potential 1","Intermediate","Intermediate","Eucalyptus","Eucalyptus",0.563385017892283,"SE_NSW",NA
"616","Candelo","Eucalyptus Suppressed","Eucalyptus Intermediate",0.10286843892352,-0.0516899445464124,0.257426822393453,0.0964100294536755,0.109326848393365,"Potential 1","Suppressed","Intermediate","Eucalyptus","Eucalyptus",0.309116766939866,"SE_NSW",NA
"97","Candelo","Eucalyptus Suppressed","Eucalyptus Suppressed",0.289168437250589,0.169460422322705,0.408876452178473,0.280213465607448,0.29812340889373,"Potential 1","Suppressed","Suppressed","Eucalyptus","Eucalyptus",0.239416029855767,"SE_NSW",1
"133","ANU101","Eucalyptus Co/dominant","Eucalyptus Co/dominant",-0.422674910520763,-0.711724445207952,-0.133625375833574,-0.435670555702625,-0.409679265338902,"Potential 1","Co/dominant","Co/dominant","Eucalyptus","Eucalyptus",0.578099069374378,"SE_VIC",1
"218","ANU101","Eucalyptus Intermediate","Eucalyptus Co/dominant",-0.0756903794237709,-0.236523294642256,0.0851425357947147,-0.0803540739265474,-0.0710266849209943,"Potential 1","Intermediate","Co/dominant","Eucalyptus","Eucalyptus",0.321665830436971,"SE_VIC",NA
"317","ANU101","Non-euc Suppressed","Eucalyptus Co/dominant",-0.0700539571532682,-0.188728834198759,0.0486209198922224,-0.0742035125005802,-0.0659044018059562,"Potential 1","Suppressed","Co/dominant","Non-euc","Eucalyptus",0.237349754090981,"SE_VIC",NA
"58","ANU101","Eucalyptus Intermediate","Eucalyptus Intermediate",0.0490278567456975,-0.189196023828346,0.287251737319741,0.0426591987296879,0.055396514761707,"Potential 1","Intermediate","Intermediate","Eucalyptus","Eucalyptus",0.476447761148087,"SE_VIC",NA
"617","ANU101","Non-euc Suppressed","Eucalyptus Intermediate",-0.132326463822128,-0.238197837069571,-0.026455090574685,-0.134971279829243,-0.129681647815013,"Potential 1","Suppressed","Intermediate","Non-euc","Eucalyptus",0.211742746494886,"SE_VIC",1
"98","ANU101","Non-euc Suppressed","Non-euc Suppressed",0.173666372774506,0.0354339497052994,0.311898795843713,0.165607698508369,0.181725047040644,"Potential 1","Suppressed","Suppressed","Non-euc","Non-euc",0.276464846138414,"SE_VIC",1
"134","Ada Tree","Eucalyptus Co/dominant","Eucalyptus Co/dominant",-0.638677111775298,-1.01227262403113,-0.265081599519465,-0.65053744689247,-0.626816776658126,"Potential 1","Co/dominant","Co/dominant","Eucalyptus","Eucalyptus",0.747191024511666,"SE_VIC",1
"219","Ada Tree","Eucalyptus Intermediate","Eucalyptus Co/dominant",-0.0958417558130769,-0.353313944972163,0.16163043334601,-0.101591235280909,-0.0900922763452443,"Potential 1","Intermediate","Co/dominant","Eucalyptus","Eucalyptus",0.514944378318173,"SE_VIC",NA
"318","Ada Tree","Eucalyptus Suppressed","Eucalyptus Co/dominant",-0.130292154630633,-0.419044118273757,0.158459809012491,-0.136479832934397,-0.124104476326868,"Potential 1","Suppressed","Co/dominant","Eucalyptus","Eucalyptus",0.577503927286248,"SE_VIC",NA
"410","Ada Tree","Non-euc Suppressed","Eucalyptus Co/dominant",0.122217321022311,-0.01944244166357,0.263877083708193,0.117231838572868,0.127202803471754,"Potential 1","Suppressed","Co/dominant","Non-euc","Eucalyptus",0.283319525371763,"SE_VIC",NA
"618","Ada Tree","Eucalyptus Intermediate","Eucalyptus Intermediate",-0.230498569734095,-0.534736095356334,0.0737389558881447,-0.236739573204209,-0.224257566263981,"Potential 1","Intermediate","Intermediate","Eucalyptus","Eucalyptus",0.608475051244479,"SE_VIC",NA
"79","Ada Tree","Eucalyptus Suppressed","Eucalyptus Intermediate",-0.253033889469624,-0.515447035971461,0.00937925703221348,-0.257235612909208,-0.24883216603004,"Potential 1","Suppressed","Intermediate","Eucalyptus","Eucalyptus",0.524826293003675,"SE_VIC",NA
"810","Ada Tree","Non-euc Suppressed","Eucalyptus Intermediate",0.0387083665973715,-0.0825781298880212,0.159994863082764,0.0356889864914994,0.0417277467032436,"Potential 1","Suppressed","Intermediate","Non-euc","Eucalyptus",0.242572992970785,"SE_VIC",NA
"1113","Ada Tree","Eucalyptus Suppressed","Eucalyptus Suppressed",-0.242489727919945,-0.68007782751427,0.195098371674381,-0.249297281205073,-0.235682174634816,"Potential 1","Suppressed","Suppressed","Eucalyptus","Eucalyptus",0.875176199188651,"SE_VIC",NA
"1212","Ada Tree","Non-euc Suppressed","Eucalyptus Suppressed",0.0977626418587474,-0.0490863092407637,0.244611592958258,0.0943527056947273,0.101172578022767,"Potential 1","Suppressed","Suppressed","Non-euc","Eucalyptus",0.293697902199022,"SE_VIC",NA
"1610","Ada Tree","Non-euc Suppressed","Non-euc Suppressed",-0.0141448119649928,-0.177988928304747,0.149699304374761,-0.0260302055862049,-0.00225941834378073,"Potential 1","Suppressed","Suppressed","Non-euc","Non-euc",0.327688232679508,"SE_VIC",NA
"135","Weeaproinah","Eucalyptus Co/dominant","Eucalyptus Co/dominant",-0.78652966092614,-1.12866549167327,-0.444393830179016,-0.809402845487402,-0.763656476364879,"Potential 1","Co/dominant","Co/dominant","Eucalyptus","Eucalyptus",0.684271661494249,"SE_VIC",1
"220","Weeaproinah","Eucalyptus Intermediate","Eucalyptus Co/dominant",-0.0857989296722041,-0.349398484773231,0.177800625428823,-0.0961553232917595,-0.0754425360526488,"Potential 1","Intermediate","Co/dominant","Eucalyptus","Eucalyptus",0.527199110202054,"SE_VIC",NA
"319","Weeaproinah","Eucalyptus Suppressed","Eucalyptus Co/dominant",0.0480425207321344,-0.122897311830351,0.21898235329462,0.0438267925076319,0.0522582489566369,"Potential 1","Suppressed","Co/dominant","Eucalyptus","Eucalyptus",0.341879665124971,"SE_VIC",NA
"411","Weeaproinah","Non-euc Suppressed","Eucalyptus Co/dominant",0.0448702109268813,-0.0391790085592927,0.128919430413055,0.0407423668670839,0.0489980549866787,"Potential 1","Suppressed","Co/dominant","Non-euc","Eucalyptus",0.168098438972348,"SE_VIC",NA
"619","Weeaproinah","Eucalyptus Intermediate","Eucalyptus Intermediate",-0.424260437491495,-0.824265291754137,-0.0242555832288534,-0.436400549685128,-0.412120325297862,"Potential 1","Intermediate","Intermediate","Eucalyptus","Eucalyptus",0.800009708525284,"SE_VIC",1
"710","Weeaproinah","Eucalyptus Suppressed","Eucalyptus Intermediate",-0.0784140396872255,-0.257125283490488,0.100297204116037,-0.0817851904115512,-0.0750428889628999,"Potential 1","Suppressed","Intermediate","Eucalyptus","Eucalyptus",0.357422487606524,"SE_VIC",NA
"811","Weeaproinah","Non-euc Suppressed","Eucalyptus Intermediate",0.0187517531922326,-0.0568738902026283,0.0943773965870936,0.0163699769526825,0.0211335294317827,"Potential 1","Suppressed","Intermediate","Non-euc","Eucalyptus",0.151251286789722,"SE_VIC",NA
"1114","Weeaproinah","Eucalyptus Suppressed","Eucalyptus Suppressed",0.157208112394738,-0.00691951561266821,0.321335740402144,0.151491535043831,0.162924689745644,"Potential 1","Suppressed","Suppressed","Eucalyptus","Eucalyptus",0.328255256014812,"SE_VIC",NA
"1213","Weeaproinah","Non-euc Suppressed","Eucalyptus Suppressed",0.00172849682737099,-0.0382928253376304,0.0417498189923724,0.000134642081588234,0.00332235157315374,"Potential 1","Suppressed","Suppressed","Non-euc","Eucalyptus",0.0800426443300028,"SE_VIC",NA
"1611","Weeaproinah","Non-euc Suppressed","Non-euc Suppressed",0.189741152585106,0.0880264679356262,0.291455837234586,0.172689797130139,0.206792508040073,"Potential 1","Suppressed","Suppressed","Non-euc","Non-euc",0.20342936929896,"SE_VIC",1
"136","ANU363","Eucalyptus Co/dominant","Eucalyptus Co/dominant",-0.695238362221204,-1.04146407115784,-0.349012653284568,-0.713118051300543,-0.677358673141865,"Potential 1","Co/dominant","Co/dominant","Eucalyptus","Eucalyptus",0.692451417873272,"SE_VIC",1
"222","ANU363","Eucalyptus Intermediate","Eucalyptus Co/dominant",-0.162554540067798,-0.350748949064306,0.025639868928711,-0.167383194456229,-0.157725885679366,"Potential 1","Intermediate","Co/dominant","Eucalyptus","Eucalyptus",0.376388817993017,"SE_VIC",NA
"412","ANU363","Eucalyptus Intermediate","Eucalyptus Intermediate",0.174047427774345,-0.0913250309904015,0.439419886539092,0.169485105003371,0.178609750545319,"Potential 1","Intermediate","Intermediate","Eucalyptus","Eucalyptus",0.530744917529493,"SE_VIC",NA
"137","ANU589","Eucalyptus Co/dominant","Eucalyptus Co/dominant",-0.506715808148658,-0.852147641920006,-0.16128397437731,-0.520093162468869,-0.493338453828447,"Potential 1","Co/dominant","Co/dominant","Eucalyptus","Eucalyptus",0.690863667542697,"SE_VIC",1
"223","ANU589","Eucalyptus Intermediate","Eucalyptus Co/dominant",-0.136669419462577,-0.386523003310435,0.113184164385281,-0.143449709063749,-0.129889129861405,"Potential 1","Intermediate","Co/dominant","Eucalyptus","Eucalyptus",0.499707167695716,"SE_VIC",NA
"320","ANU589","Eucalyptus Suppressed","Eucalyptus Co/dominant",0.191695041193113,-0.132180112837471,0.515570195223696,0.185940379579913,0.197449702806313,"Potential 1","Suppressed","Co/dominant","Eucalyptus","Eucalyptus",0.647750308061166,"SE_VIC",NA
"413","ANU589","Non-euc Suppressed","Eucalyptus Co/dominant",-0.0552404741164223,-0.153849694572938,0.0433687463400938,-0.0585005791264902,-0.0519803691063543,"Potential 1","Suppressed","Co/dominant","Non-euc","Eucalyptus",0.197218440913032,"SE_VIC",NA
"620","ANU589","Eucalyptus Intermediate","Eucalyptus Intermediate",-0.413358763263777,-0.929240042287784,0.10252251576023,-0.423374246757581,-0.403343279769973,"Potential 1","Intermediate","Intermediate","Eucalyptus","Eucalyptus",1.03176255804801,"SE_VIC",NA
"711","ANU589","Eucalyptus Suppressed","Eucalyptus Intermediate",0.422515062580814,-0.0527658082440181,0.897795933405647,0.416167485049883,0.428862640111746,"Potential 1","Suppressed","Intermediate","Eucalyptus","Eucalyptus",0.950561741649665,"SE_VIC",NA
"812","ANU589","Non-euc Suppressed","Eucalyptus Intermediate",-0.25063248374432,-0.433869426176889,-0.067395541311751,-0.255084017522936,-0.246180949965704,"Potential 1","Suppressed","Intermediate","Non-euc","Eucalyptus",0.366473884865138,"SE_VIC",1
"1115","ANU589","Eucalyptus Suppressed","Eucalyptus Suppressed",-0.484750262903781,-1.21187878368246,0.2423782578749,-0.492753634717306,-0.476746891090255,"Potential 1","Suppressed","Suppressed","Eucalyptus","Eucalyptus",1.45425704155736,"SE_VIC",NA
"1214","ANU589","Non-euc Suppressed","Eucalyptus Suppressed",0.0113961109937515,-0.159530939480223,0.182323161467726,0.00853954640238565,0.0142526755851174,"Potential 1","Suppressed","Suppressed","Non-euc","Eucalyptus",0.341854100947948,"SE_VIC",NA
"1612","ANU589","Non-euc Suppressed","Non-euc Suppressed",0.183813139929976,0.0401817542465377,0.327444525613415,0.174425366289611,0.193200913570342,"Potential 1","Suppressed","Suppressed","Non-euc","Non-euc",0.287262771366877,"SE_VIC",1
"138","Turtons","Eucalyptus Co/dominant","Eucalyptus Co/dominant",-0.398775731466317,-0.833420967212263,0.0358695042796291,-0.406618807861066,-0.390932655071567,"Potential 1","Co/dominant","Co/dominant","Eucalyptus","Eucalyptus",0.869290471491892,"SE_VIC",NA
"224","Turtons","Eucalyptus Intermediate","Eucalyptus Co/dominant",-0.138138711243631,-0.637922311064314,0.361644888577052,-0.144897396129105,-0.131380026358156,"Potential 1","Intermediate","Co/dominant","Eucalyptus","Eucalyptus",0.999567199641366,"SE_VIC",NA
"321","Turtons","Non-euc Suppressed","Eucalyptus Co/dominant",0.0443893159678933,-0.0411279703370891,0.129906602272876,0.0416451568114232,0.0471334751243635,"Potential 1","Suppressed","Co/dominant","Non-euc","Eucalyptus",0.171034572609965,"SE_VIC",NA
"59","Turtons","Eucalyptus Intermediate","Eucalyptus Intermediate",-0.849773114928701,-1.83808074002839,0.138534510170991,-0.855514573494693,-0.844031656362709,"Potential 1","Intermediate","Intermediate","Eucalyptus","Eucalyptus",1.97661525019938,"SE_VIC",NA
"621","Turtons","Non-euc Suppressed","Eucalyptus Intermediate",0.0160957918354323,-0.108126003905867,0.140317587576732,0.0132704663034988,0.0189211173673658,"Potential 1","Suppressed","Intermediate","Non-euc","Eucalyptus",0.248443591482598,"SE_VIC",NA
"99","Turtons","Non-euc Suppressed","Non-euc Suppressed",0.145911771625596,0.035273987891156,0.256549555360037,0.132106988231966,0.159716555019227,"Potential 1","Suppressed","Suppressed","Non-euc","Non-euc",0.221275567468881,"SE_VIC",1
"139","Lardner","Eucalyptus Co/dominant","Eucalyptus Co/dominant",-0.220237523456121,-0.415441077085522,-0.0250339698267204,-0.227826179920545,-0.212648866991697,"Potential 1","Co/dominant","Co/dominant","Eucalyptus","Eucalyptus",0.390407107258802,"SE_VIC",1
"225","Lardner","Eucalyptus Intermediate","Eucalyptus Co/dominant",0.0308318543490183,-0.169650559359606,0.231314268057643,0.0267660244371554,0.0348976842608811,"Potential 1","Intermediate","Co/dominant","Eucalyptus","Eucalyptus",0.400964827417249,"SE_VIC",NA
"322","Lardner","Non-euc Suppressed","Eucalyptus Co/dominant",-0.0322792081611291,-0.120652372444133,0.0560939561218749,-0.0363883603999061,-0.0281700559223522,"Potential 1","Suppressed","Co/dominant","Non-euc","Eucalyptus",0.176746328566008,"SE_VIC",NA
"510","Lardner","Eucalyptus Intermediate","Eucalyptus Intermediate",-0.0896854734373966,-0.682898882775508,0.503527935900715,-0.0960203120603489,-0.0833506348144442,"Potential 1","Intermediate","Intermediate","Eucalyptus","Eucalyptus",1.18642681867622,"SE_VIC",NA
"622","Lardner","Non-euc Suppressed","Eucalyptus Intermediate",0.0450290948129452,-0.0925253883743667,0.182583578000257,0.0414941101526094,0.048564079473281,"Potential 1","Suppressed","Intermediate","Non-euc","Eucalyptus",0.275108966374624,"SE_VIC",NA
"910","Lardner","Non-euc Suppressed","Non-euc Suppressed",-0.181424571370769,-0.352202849642501,-0.0106462930990381,-0.197898093327265,-0.164951049414273,"Potential 1","Suppressed","Suppressed","Non-euc","Non-euc",0.341556556543463,"SE_VIC",1
"140","HardyCreek","Eucalyptus Co/dominant","Eucalyptus Co/dominant",-0.287169580399304,-0.549354371140971,-0.0249847896576379,-0.295978192498779,-0.27836096829983,"Potential 1","Co/dominant","Co/dominant","Eucalyptus","Eucalyptus",0.524369581483333,"SE_VIC",1
"226","HardyCreek","Eucalyptus Intermediate","Eucalyptus Co/dominant",-0.121914420368847,-0.291650201922837,0.047821361185143,-0.125598435846878,-0.118230404890817,"Potential 1","Intermediate","Co/dominant","Eucalyptus","Eucalyptus",0.33947156310798,"SE_VIC",NA
"323","HardyCreek","Eucalyptus Suppressed","Eucalyptus Co/dominant",-0.0959841254191754,-0.325178259128109,0.133210008289759,-0.0997110547590912,-0.0922571960792597,"Potential 1","Suppressed","Co/dominant","Eucalyptus","Eucalyptus",0.458388267417868,"SE_VIC",NA
"414","HardyCreek","Non-euc Suppressed","Eucalyptus Co/dominant",0.0152850812654587,-0.163188687427078,0.193758849957995,0.0114550707104393,0.0191150918204781,"Potential 1","Suppressed","Co/dominant","Non-euc","Eucalyptus",0.356947537385073,"SE_VIC",NA
"623","HardyCreek","Eucalyptus Intermediate","Eucalyptus Intermediate",0.145695761309751,-0.136230273668293,0.427621796287796,0.139815216351812,0.15157630626769,"Potential 1","Intermediate","Intermediate","Eucalyptus","Eucalyptus",0.563852069956089,"SE_VIC",NA
"712","HardyCreek","Eucalyptus Suppressed","Eucalyptus Intermediate",0.124796429441354,-0.0982858954635124,0.34787875434622,0.120839309438018,0.12875354944469,"Potential 1","Suppressed","Intermediate","Eucalyptus","Eucalyptus",0.446164649809732,"SE_VIC",NA
"813","HardyCreek","Non-euc Suppressed","Eucalyptus Intermediate",0.0828085435038986,-0.0915419198764372,0.257159006884234,0.0791633438004221,0.0864537432073751,"Potential 1","Suppressed","Intermediate","Non-euc","Eucalyptus",0.348700926760672,"SE_VIC",NA
"1116","HardyCreek","Eucalyptus Suppressed","Eucalyptus Suppressed",0.125001049343606,-0.238076010544592,0.488078109231805,0.119152204705777,0.130849893981435,"Potential 1","Suppressed","Suppressed","Eucalyptus","Eucalyptus",0.726154119776397,"SE_VIC",NA
"1215","HardyCreek","Non-euc Suppressed","Eucalyptus Suppressed",0.0836025327126786,-0.132686861837822,0.299891927263179,0.0791649728433446,0.0880400925820126,"Potential 1","Suppressed","Suppressed","Non-euc","Eucalyptus",0.432578789101001,"SE_VIC",NA
"1613","HardyCreek","Non-euc Suppressed","Non-euc Suppressed",-0.0574630375292621,-0.355588072175422,0.240661997116898,-0.0635238597188231,-0.0514022153397011,"Potential 1","Suppressed","Suppressed","Non-euc","Non-euc",0.596250069292321,"SE_VIC",NA
"141","MinesRd","Eucalyptus Co/dominant","Eucalyptus Co/dominant",-0.151394494896075,-0.533198069034928,0.230409079242777,-0.156866047679831,-0.14592294211232,"Potential 1","Co/dominant","Co/dominant","Eucalyptus","Eucalyptus",0.763607148277705,"N_NSW",NA
"227","MinesRd","Eucalyptus Intermediate","Eucalyptus Co/dominant",-0.627173794628423,-1.11123910131756,-0.143108487939284,-0.633968236185689,-0.620379353071158,"Potential 1","Intermediate","Co/dominant","Eucalyptus","Eucalyptus",0.968130613378278,"N_NSW",1
"324","MinesRd","Eucalyptus Suppressed","Eucalyptus Co/dominant",-0.0198678364774716,-0.253185233590093,0.21344956063515,-0.0235711435782917,-0.0161645293766515,"Potential 1","Suppressed","Co/dominant","Eucalyptus","Eucalyptus",0.466634794225244,"N_NSW",NA
"415","MinesRd","Non-euc Suppressed","Eucalyptus Co/dominant",-0.0573011685378082,-0.177881458529761,0.0632791214541451,-0.0598400013476507,-0.0547623357279656,"Potential 1","Suppressed","Co/dominant","Non-euc","Eucalyptus",0.241160579983906,"N_NSW",NA
"624","MinesRd","Eucalyptus Intermediate","Eucalyptus Intermediate",-0.331498042485313,-1.2785211721182,0.615525087147571,-0.347690378111197,-0.31530570685943,"Potential 1","Intermediate","Intermediate","Eucalyptus","Eucalyptus",1.89404625926577,"N_NSW",NA
"713","MinesRd","Eucalyptus Suppressed","Eucalyptus Intermediate",-0.129523269317189,-0.47071917882827,0.211672640193893,-0.135039702538267,-0.124006836096111,"Potential 1","Suppressed","Intermediate","Eucalyptus","Eucalyptus",0.682391819022163,"N_NSW",NA
"814","MinesRd","Non-euc Suppressed","Eucalyptus Intermediate",0.0130404805831194,-0.136238570590161,0.1623195317564,0.00943363520107171,0.016647325965167,"Potential 1","Suppressed","Intermediate","Non-euc","Eucalyptus",0.298558102346561,"N_NSW",NA
"1117","MinesRd","Eucalyptus Suppressed","Eucalyptus Suppressed",0.243812142260147,0.049272171725883,0.438352112794412,0.237057568731833,0.250566715788462,"Potential 1","Suppressed","Suppressed","Eucalyptus","Eucalyptus",0.389079941068529,"N_NSW",1
"1216","MinesRd","Non-euc Suppressed","Eucalyptus Suppressed",0.0402450688321099,-0.0531788962457551,0.133669033909975,0.0369843022324901,0.0435058354317298,"Potential 1","Suppressed","Suppressed","Non-euc","Eucalyptus",0.18684793015573,"N_NSW",NA
"1614","MinesRd","Non-euc Suppressed","Non-euc Suppressed",0.179617609571111,0.0506125943137768,0.308622624828444,0.171309363601096,0.187925855541126,"Potential 1","Suppressed","Suppressed","Non-euc","Non-euc",0.258010030514668,"N_NSW",1
"142","Tinebank","Eucalyptus Co/dominant","Eucalyptus Co/dominant",-0.761301177508097,-1.87456304136294,0.351960686346747,-0.773580571448719,-0.749021783567476,"Potential 1","Co/dominant","Co/dominant","Eucalyptus","Eucalyptus",2.22652372770969,"N_NSW",NA
"228","Tinebank","Eucalyptus Suppressed","Eucalyptus Co/dominant",-0.0756698688434432,-0.386890941873832,0.235551204186945,-0.0799284527836231,-0.0714112849032633,"Potential 1","Suppressed","Co/dominant","Eucalyptus","Eucalyptus",0.622442146060777,"N_NSW",NA
"325","Tinebank","Non-euc Suppressed","Eucalyptus Co/dominant",0.0551041069682451,-0.0436108144619506,0.153819028398441,0.0529826178569323,0.0572255960795579,"Potential 1","Suppressed","Co/dominant","Non-euc","Eucalyptus",0.197429842860391,"N_NSW",NA
"511","Tinebank","Eucalyptus Suppressed","Eucalyptus Suppressed",-0.0917666277391203,-0.367127098235042,0.183593842756801,-0.101065466807398,-0.0824677886708429,"Potential 1","Suppressed","Suppressed","Eucalyptus","Eucalyptus",0.550720940991843,"N_NSW",NA
"625","Tinebank","Non-euc Suppressed","Eucalyptus Suppressed",-0.0827365556440749,-0.144881480051921,-0.0205916312362289,-0.0853416743350769,-0.0801314369530729,"Potential 1","Suppressed","Suppressed","Non-euc","Eucalyptus",0.124289848815692,"N_NSW",1
"911","Tinebank","Non-euc Suppressed","Non-euc Suppressed",-0.0461998974031704,-0.173795446871825,0.0813956520654842,-0.0599966343223165,-0.0324031604840242,"Potential 1","Suppressed","Suppressed","Non-euc","Non-euc",0.255191098937309,"N_NSW",NA
"143","Lorne","Eucalyptus Co/dominant","Eucalyptus Co/dominant",-0.0317396911407005,-0.327308996815276,0.263829614533875,-0.0372059629298858,-0.0262734193515152,"Potential 1","Co/dominant","Co/dominant","Eucalyptus","Eucalyptus",0.591138611349152,"N_NSW",NA
"229","Lorne","Eucalyptus Intermediate","Eucalyptus Co/dominant",-0.589981778399268,-1.20319239368598,0.0232288368874423,-0.597518719677439,-0.582444837121097,"Potential 1","Intermediate","Co/dominant","Eucalyptus","Eucalyptus",1.22642123057342,"N_NSW",NA
"326","Lorne","Eucalyptus Suppressed","Eucalyptus Co/dominant",0.0800219431334964,-0.0358659978808614,0.195909884147854,0.0768662052858997,0.0831776809810932,"Potential 1","Suppressed","Co/dominant","Eucalyptus","Eucalyptus",0.231775882028716,"N_NSW",NA
"416","Lorne","Non-euc Suppressed","Eucalyptus Co/dominant",0.0384904946675004,-0.0824155514680861,0.159396540803087,0.0355647275126268,0.041416261822374,"Potential 1","Suppressed","Co/dominant","Non-euc","Eucalyptus",0.241812092271173,"N_NSW",NA
"626","Lorne","Eucalyptus Intermediate","Eucalyptus Intermediate",-0.957290942116843,-2.94446210743351,1.02988022319983,-0.973170652075285,-0.941411232158401,"Potential 1","Intermediate","Intermediate","Eucalyptus","Eucalyptus",3.97434233063334,"N_NSW",NA
"714","Lorne","Eucalyptus Suppressed","Eucalyptus Intermediate",0.0904550285232951,-0.113857226368136,0.294767283414726,0.0867099874002695,0.0942000696463208,"Potential 1","Suppressed","Intermediate","Eucalyptus","Eucalyptus",0.408624509782863,"N_NSW",NA
"815","Lorne","Non-euc Suppressed","Eucalyptus Intermediate",0.120736312601855,-0.135480738797504,0.376953364001213,0.115879073481361,0.125593551722348,"Potential 1","Suppressed","Intermediate","Non-euc","Eucalyptus",0.512434102798717,"N_NSW",NA
"1118","Lorne","Eucalyptus Suppressed","Eucalyptus Suppressed",0.192434331534415,0.0628806832632831,0.321987979805546,0.183062718034079,0.20180594503475,"Potential 1","Suppressed","Suppressed","Eucalyptus","Eucalyptus",0.259107296542263,"N_NSW",1
"1217","Lorne","Non-euc Suppressed","Eucalyptus Suppressed",-0.0847917893506963,-0.141891740695972,-0.0276918380054206,-0.0876490593019256,-0.081934519399467,"Potential 1","Suppressed","Suppressed","Non-euc","Eucalyptus",0.114199902690552,"N_NSW",1
"1615","Lorne","Non-euc Suppressed","Non-euc Suppressed",-0.002617192891619,-0.163341037720099,0.158106651936861,-0.0132956479042124,0.00806126212097439,"Potential 1","Suppressed","Suppressed","Non-euc","Non-euc",0.321447689656959,"N_NSW",NA
"145","A-Tree","Eucalyptus Co/dominant","Eucalyptus Co/dominant",0.000151272802360957,-0.189178292934667,0.189480838539389,-0.00540837694561509,0.00571092255033701,"Potential 1","Co/dominant","Co/dominant","Eucalyptus","Eucalyptus",0.378659131474057,"N_NSW",NA
"232","A-Tree","Eucalyptus Intermediate","Eucalyptus Co/dominant",-0.144870843148369,-0.300460799992832,0.0107191136960935,-0.148068854834773,-0.141672831461965,"Potential 1","Intermediate","Co/dominant","Eucalyptus","Eucalyptus",0.311179913688926,"N_NSW",NA
"328","A-Tree","Eucalyptus Suppressed","Eucalyptus Co/dominant",-0.00662137121800363,-0.0876473856281644,0.0744046431921571,-0.00851029008442781,-0.00473245235157945,"Potential 1","Suppressed","Co/dominant","Eucalyptus","Eucalyptus",0.162052028820321,"N_NSW",NA
"418","A-Tree","Non-euc Suppressed","Eucalyptus Co/dominant",-0.0268446360381561,-0.104410897817132,0.0507216257408202,-0.0295205113071991,-0.0241687607691131,"Potential 1","Suppressed","Co/dominant","Non-euc","Eucalyptus",0.155132523557953,"N_NSW",NA
"628","A-Tree","Eucalyptus Intermediate","Eucalyptus Intermediate",-0.0478761994252563,-0.311695084290047,0.215942685439535,-0.0552586436028797,-0.0404937552476329,"Potential 1","Intermediate","Intermediate","Eucalyptus","Eucalyptus",0.527637769729582,"N_NSW",NA
"716","A-Tree","Eucalyptus Suppressed","Eucalyptus Intermediate",0.128038193627163,0.0149292125770485,0.241147174677278,0.123940876463658,0.132135510790668,"Potential 1","Suppressed","Intermediate","Eucalyptus","Eucalyptus",0.226217962100229,"N_NSW",1
"817","A-Tree","Non-euc Suppressed","Eucalyptus Intermediate",-0.00570491682313793,-0.0962420598869565,0.0848322262406807,-0.00869883947632153,-0.00271099416995432,"Potential 1","Suppressed","Intermediate","Non-euc","Eucalyptus",0.181074286127637,"N_NSW",NA
"1120","A-Tree","Eucalyptus Suppressed","Eucalyptus Suppressed",0.356588506745995,0.243981118804723,0.469195894687266,0.346895582651898,0.366281430840091,"Potential 1","Suppressed","Suppressed","Eucalyptus","Eucalyptus",0.225214775882543,"N_NSW",1
"1219","A-Tree","Non-euc Suppressed","Eucalyptus Suppressed",-0.0189049309104874,-0.0703062723217738,0.0324964105007989,-0.0214248446448553,-0.0163850171761196,"Potential 1","Suppressed","Suppressed","Non-euc","Eucalyptus",0.102802682822573,"N_NSW",NA
"1617","A-Tree","Non-euc Suppressed","Non-euc Suppressed",0.156804015731889,0.0380105870376038,0.275597444426173,0.14695862594113,0.166649405522647,"Potential 1","Suppressed","Suppressed","Non-euc","Non-euc",0.237586857388569,"N_NSW",1
"146","BlackBull","Eucalyptus Co/dominant","Eucalyptus Co/dominant",-0.247757097199341,-0.634214838315961,0.138700643917279,-0.254724526272365,-0.240789668126317,"Potential 1","Co/dominant","Co/dominant","Eucalyptus","Eucalyptus",0.77291548223324,"N_NSW",NA
"233","BlackBull","Eucalyptus Intermediate","Eucalyptus Co/dominant",0.17428436662841,-0.350275551118587,0.698844284375406,0.166614029596977,0.181954703659843,"Potential 1","Intermediate","Co/dominant","Eucalyptus","Eucalyptus",1.04911983549399,"N_NSW",NA
"329","BlackBull","Eucalyptus Suppressed","Eucalyptus Co/dominant",-0.0794945643880729,-0.225504745721809,0.0665156169456636,-0.0824384685222956,-0.0765506602538503,"Potential 1","Suppressed","Co/dominant","Eucalyptus","Eucalyptus",0.292020362667473,"N_NSW",NA
"419","BlackBull","Non-euc Suppressed","Eucalyptus Co/dominant",-0.0462208496451161,-0.155228482385312,0.0627867830950795,-0.049489912414594,-0.0429517868756382,"Potential 1","Suppressed","Co/dominant","Non-euc","Eucalyptus",0.218015265480391,"N_NSW",NA
"629","BlackBull","Eucalyptus Intermediate","Eucalyptus Intermediate",-1.39834468118255,-3.34489657394649,0.548207211581386,-1.4177674504173,-1.37892191194781,"Potential 1","Intermediate","Intermediate","Eucalyptus","Eucalyptus",3.89310378552788,"N_NSW",NA
"717","BlackBull","Eucalyptus Suppressed","Eucalyptus Intermediate",0.0645599907553089,-0.199476865305203,0.328596846815821,0.0607121474992833,0.0684078340113344,"Potential 1","Suppressed","Intermediate","Eucalyptus","Eucalyptus",0.528073712121023,"N_NSW",NA
"818","BlackBull","Non-euc Suppressed","Eucalyptus Intermediate",-0.137266141762774,-0.382090808353897,0.107558524828349,-0.142547237169901,-0.131985046355647,"Potential 1","Suppressed","Intermediate","Non-euc","Eucalyptus",0.489649333182246,"N_NSW",NA
"1121","BlackBull","Eucalyptus Suppressed","Eucalyptus Suppressed",0.18510499744553,0.0371235697070461,0.333086425184015,0.178129701988551,0.19208029290251,"Potential 1","Suppressed","Suppressed","Eucalyptus","Eucalyptus",0.295962855476968,"N_NSW",1
"1220","BlackBull","Non-euc Suppressed","Eucalyptus Suppressed",-0.00222444494788174,-0.0616385482989885,0.057189658403225,-0.00481382082101428,0.000364930925250811,"Potential 1","Suppressed","Suppressed","Non-euc","Eucalyptus",0.118828206702214,"N_NSW",NA
"1618","BlackBull","Non-euc Suppressed","Non-euc Suppressed",0.16960109368435,0.0446774752761682,0.294524712092532,0.158773932164638,0.180428255204062,"Potential 1","Suppressed","Suppressed","Non-euc","Non-euc",0.249847236816363,"N_NSW",1
"147","Bruxner","Eucalyptus Co/dominant","Eucalyptus Co/dominant",-0.051281975274675,-0.283207912262607,0.180643961713257,-0.0594125892055954,-0.0431513613437546,"Potential 1","Co/dominant","Co/dominant","Eucalyptus","Eucalyptus",0.463851873975864,"N_NSW",NA
"234","Bruxner","Eucalyptus Intermediate","Eucalyptus Co/dominant",0.217552557416592,-0.0700175646419827,0.505122679475167,0.211310534787884,0.2237945800453,"Potential 1","Intermediate","Co/dominant","Eucalyptus","Eucalyptus",0.57514024411715,"N_NSW",NA
"330","Bruxner","Eucalyptus Suppressed","Eucalyptus Co/dominant",0.0737223471839866,-0.0997829186981174,0.247227613066091,0.0683923185660395,0.0790523758019338,"Potential 1","Suppressed","Co/dominant","Eucalyptus","Eucalyptus",0.347010531764208,"N_NSW",NA
"420","Bruxner","Non-euc Suppressed","Eucalyptus Co/dominant",-0.00257046084814811,-0.0703205009884314,0.0651795792921352,-0.00542249780217466,0.000281576105878438,"Potential 1","Suppressed","Co/dominant","Non-euc","Eucalyptus",0.135500080280567,"N_NSW",NA
"630","Bruxner","Eucalyptus Intermediate","Eucalyptus Intermediate",-0.223794955300566,-0.760116379975032,0.3125264693739,-0.2327044647023,-0.214885445898833,"Potential 1","Intermediate","Intermediate","Eucalyptus","Eucalyptus",1.07264284934893,"N_NSW",NA
"718","Bruxner","Eucalyptus Suppressed","Eucalyptus Intermediate",0.291236520676265,0.02161898049202,0.56085406086051,0.28497052720019,0.29750251415234,"Potential 1","Suppressed","Intermediate","Eucalyptus","Eucalyptus",0.53923508036849,"N_NSW",1
"819","Bruxner","Non-euc Suppressed","Eucalyptus Intermediate",-0.0411038137042059,-0.114515823051288,0.0323081956428764,-0.0430179867598398,-0.039189640648572,"Potential 1","Suppressed","Intermediate","Non-euc","Eucalyptus",0.146824018694165,"N_NSW",NA
"1122","Bruxner","Eucalyptus Suppressed","Eucalyptus Suppressed",0.0717362445733655,-0.156537108779371,0.300009597926102,0.0633149958861448,0.0801574932605862,"Potential 1","Suppressed","Suppressed","Eucalyptus","Eucalyptus",0.456546706705474,"N_NSW",NA
"1221","Bruxner","Non-euc Suppressed","Eucalyptus Suppressed",-0.000615978064789899,-0.057807723454821,0.0565757673252412,-0.00322273606758017,0.00199077993800037,"Potential 1","Suppressed","Suppressed","Non-euc","Eucalyptus",0.114383490780062,"N_NSW",NA
"1619","Bruxner","Non-euc Suppressed","Non-euc Suppressed",0.0359139255396404,-0.0896129401329881,0.161440791212269,0.0108477830449643,0.0609800680343164,"Potential 1","Suppressed","Suppressed","Non-euc","Non-euc",0.251053731345257,"N_NSW",NA
"148","Osullivans","Eucalyptus Co/dominant","Eucalyptus Co/dominant",-0.915182249047091,-1.48439257651754,-0.345971921576643,-0.932743678325535,-0.897620819768647,"Potential 1","Co/dominant","Co/dominant","Eucalyptus","Eucalyptus",1.1384206549409,"N_NSW",1
"235","Osullivans","Eucalyptus Intermediate","Eucalyptus Co/dominant",0.762491580941457,0.141714619537093,1.38326854234582,0.745606788490196,0.779376373392718,"Potential 1","Intermediate","Co/dominant","Eucalyptus","Eucalyptus",1.24155392280873,"N_NSW",1
"331","Osullivans","Eucalyptus Suppressed","Eucalyptus Co/dominant",0.220679542985765,-0.00578002059810684,0.447139106569637,0.2147856579853,0.22657342798623,"Potential 1","Suppressed","Co/dominant","Eucalyptus","Eucalyptus",0.452919127167744,"N_NSW",NA
"421","Osullivans","Non-euc Intermediate","Eucalyptus Co/dominant",-1.08332353205803,-1.91187536549183,-0.254771698624243,-1.0991532893123,-1.06749377480377,"Potential 1","Intermediate","Co/dominant","Non-euc","Eucalyptus",1.65710366686758,"N_NSW",1
"512","Osullivans","Non-euc Suppressed","Eucalyptus Co/dominant",-0.115666082142339,-0.269778938173767,0.0384467738890882,-0.121096894759467,-0.110235269525212,"Potential 1","Suppressed","Co/dominant","Non-euc","Eucalyptus",0.308225712062855,"N_NSW",NA
"719","Osullivans","Eucalyptus Intermediate","Eucalyptus Intermediate",-0.80262298624028,-2.55300282578282,0.947756853302264,-0.833042897500463,-0.772203074980096,"Potential 1","Intermediate","Intermediate","Eucalyptus","Eucalyptus",3.50075967908509,"N_NSW",NA
"820","Osullivans","Eucalyptus Suppressed","Eucalyptus Intermediate",-0.401662177951996,-0.708500228058362,-0.0948241278456301,-0.408906228190275,-0.394418127713717,"Potential 1","Suppressed","Intermediate","Eucalyptus","Eucalyptus",0.613676100212732,"N_NSW",1
"912","Osullivans","Non-euc Intermediate","Eucalyptus Intermediate",1.09266743670277,0.0479490503545437,2.13738582305099,1.06872619782384,1.11660867558169,"Potential 1","Intermediate","Intermediate","Non-euc","Eucalyptus",2.08943677269645,"N_NSW",1
"101","Osullivans","Non-euc Suppressed","Eucalyptus Intermediate",-0.0350511267485344,-0.216796338683767,0.146694085186699,-0.0394892759820366,-0.0306129775150322,"Potential 1","Suppressed","Intermediate","Non-euc","Eucalyptus",0.363490423870466,"N_NSW",NA
"1310","Osullivans","Eucalyptus Suppressed","Eucalyptus Suppressed",0.121762216500353,-0.0594267359220286,0.302951168922734,0.112752557069414,0.130771875931291,"Potential 1","Suppressed","Suppressed","Eucalyptus","Eucalyptus",0.362377904844763,"N_NSW",NA
"149","Osullivans","Non-euc Intermediate","Eucalyptus Suppressed",0.381274940447996,-0.035171506770303,0.797721387666294,0.372500735919183,0.390049144976808,"Potential 1","Intermediate","Suppressed","Non-euc","Eucalyptus",0.832892894436597,"N_NSW",NA
"152","Osullivans","Non-euc Suppressed","Eucalyptus Suppressed",-0.042901709921545,-0.102068296727289,0.0162648768841991,-0.045433685848277,-0.040369733994813,"Potential 1","Suppressed","Suppressed","Non-euc","Eucalyptus",0.118333173611488,"N_NSW",NA
"191","Osullivans","Non-euc Intermediate","Non-euc Intermediate",-1.05940715919509,-2.70876050861105,0.589946190220863,-1.08597861378702,-1.03283570460317,"Potential 1","Intermediate","Intermediate","Non-euc","Non-euc",3.29870669883191,"N_NSW",NA
"20","Osullivans","Non-euc Suppressed","Non-euc Intermediate",0.0941517771279377,-0.153090486815657,0.341394041071533,0.087565131757399,0.100738422498476,"Potential 1","Suppressed","Intermediate","Non-euc","Non-euc",0.49448452788719,"N_NSW",NA
"251","Osullivans","Non-euc Suppressed","Non-euc Suppressed",-0.175562815860457,-0.347910062734667,-0.00321556898624631,-0.192457470228699,-0.158668161492214,"Potential 1","Suppressed","Suppressed","Non-euc","Non-euc",0.344694493748421,"N_NSW",1
"150","Herberton","Eucalyptus Co/dominant","Eucalyptus Co/dominant",-0.625400345399385,-1.06573854394705,-0.185062146851719,-0.640667092427871,-0.610133598370899,"Potential 1","Co/dominant","Co/dominant","Eucalyptus","Eucalyptus",0.880676397095331,"QLD",1
"236","Herberton","Eucalyptus Intermediate","Eucalyptus Co/dominant",-0.0938647181042604,-0.305729814724099,0.118000378515578,-0.0984940417908289,-0.089235394417692,"Potential 1","Intermediate","Co/dominant","Eucalyptus","Eucalyptus",0.423730193239677,"QLD",NA
"332","Herberton","Eucalyptus Suppressed","Eucalyptus Co/dominant",-0.0579078419814521,-0.288603099386929,0.172787415424025,-0.0637213614262666,-0.0520943225366375,"Potential 1","Suppressed","Co/dominant","Eucalyptus","Eucalyptus",0.461390514810954,"QLD",NA
"422","Herberton","Non-euc Intermediate","Eucalyptus Co/dominant",-0.0977819907310988,-0.692854119543449,0.497290138081251,-0.106688704888059,-0.0888752765741389,"Potential 1","Intermediate","Co/dominant","Non-euc","Eucalyptus",1.1901442576247,"QLD",NA
"513","Herberton","Non-euc Suppressed","Eucalyptus Co/dominant",0.00228920476027104,-0.280157100319671,0.284735509840213,-0.00343857786977578,0.00801698739031786,"Potential 1","Suppressed","Co/dominant","Non-euc","Eucalyptus",0.564892610159883,"QLD",NA
"720","Herberton","Eucalyptus Intermediate","Eucalyptus Intermediate",0.104643157056818,-0.126212168901723,0.335498483015359,0.0992534714946004,0.110032842619035,"Potential 1","Intermediate","Intermediate","Eucalyptus","Eucalyptus",0.461710651917081,"QLD",NA
"821","Herberton","Eucalyptus Suppressed","Eucalyptus Intermediate",0.0480138953424783,-0.116582012074111,0.212609802759068,0.0442338721397008,0.0517939185452558,"Potential 1","Suppressed","Intermediate","Eucalyptus","Eucalyptus",0.329191814833179,"QLD",NA
"913","Herberton","Non-euc Intermediate","Eucalyptus Intermediate",0.09520995290052,-0.29515312253108,0.48557302833212,0.0884222793532962,0.101997626447744,"Potential 1","Intermediate","Intermediate","Non-euc","Eucalyptus",0.7807261508632,"QLD",NA
"102","Herberton","Non-euc Suppressed","Eucalyptus Intermediate",-0.160497524172349,-0.369913801970026,0.0489187536253276,-0.164554979230275,-0.156440069114424,"Potential 1","Suppressed","Intermediate","Non-euc","Eucalyptus",0.418832555595354,"QLD",NA
"1311","Herberton","Eucalyptus Suppressed","Eucalyptus Suppressed",0.0358650402758047,-0.225003763362705,0.296733843914315,0.0281893776054715,0.0435407029461378,"Potential 1","Suppressed","Suppressed","Eucalyptus","Eucalyptus",0.52173760727702,"QLD",NA
"1410","Herberton","Non-euc Intermediate","Eucalyptus Suppressed",0.200757560270624,-0.220022705431599,0.621537825972847,0.191116499028354,0.210398621512893,"Potential 1","Intermediate","Suppressed","Non-euc","Eucalyptus",0.841560531404446,"QLD",NA
"153","Herberton","Non-euc Suppressed","Eucalyptus Suppressed",0.0952297912085887,-0.105713772805603,0.296173355222781,0.0899629588105739,0.100496623606603,"Potential 1","Suppressed","Suppressed","Non-euc","Eucalyptus",0.401887128028384,"QLD",NA
"192","Herberton","Non-euc Intermediate","Non-euc Intermediate",-0.188271120991408,-1.42341870546934,1.04687646348653,-0.20860938664916,-0.167932855333656,"Potential 1","Intermediate","Intermediate","Non-euc","Non-euc",2.47029516895587,"QLD",NA
"201","Herberton","Non-euc Suppressed","Non-euc Intermediate",0.317686469712137,-0.112498190883922,0.747871130308196,0.307111124122544,0.32826181530173,"Potential 1","Suppressed","Intermediate","Non-euc","Non-euc",0.860369321192118,"QLD",NA
"252","Herberton","Non-euc Suppressed","Non-euc Suppressed",0.285608311677502,-0.0357916050329921,0.607008228387995,0.276896890908189,0.294319732446814,"Potential 1","Suppressed","Suppressed","Non-euc","Non-euc",0.642799833420987,"QLD",NA
"154","Lamb Range","Eucalyptus Co/dominant","Eucalyptus Co/dominant",0.0845141498203433,-0.127475672348446,0.296503971989132,0.0787400677726039,0.0902882318680828,"Potential 1","Co/dominant","Co/dominant","Eucalyptus","Eucalyptus",0.423979644337578,"QLD",NA
"237","Lamb Range","Eucalyptus Intermediate","Eucalyptus Co/dominant",0.0377272266054832,-0.344378844392255,0.419833297603221,0.0309768227555661,0.0444776304554003,"Potential 1","Intermediate","Co/dominant","Eucalyptus","Eucalyptus",0.764212141995476,"QLD",NA
"333","Lamb Range","Eucalyptus Suppressed","Eucalyptus Co/dominant",0.0641396950032717,-0.13415064200477,0.262430032011313,0.0600193566321396,0.0682600333744038,"Potential 1","Suppressed","Co/dominant","Eucalyptus","Eucalyptus",0.396580674016083,"QLD",NA
"423","Lamb Range","Non-euc Intermediate","Eucalyptus Co/dominant",-0.182729794757779,-0.415382577859124,0.0499229883435657,-0.186255030744854,-0.179204558770704,"Potential 1","Intermediate","Co/dominant","Non-euc","Eucalyptus",0.465305566202689,"QLD",NA
"514","Lamb Range","Non-euc Suppressed","Eucalyptus Co/dominant",-0.0401982359733952,-0.154361102139127,0.073964630192337,-0.0437551138260798,-0.0366413581207106,"Potential 1","Suppressed","Co/dominant","Non-euc","Eucalyptus",0.228325732331464,"QLD",NA
"721","Lamb Range","Eucalyptus Intermediate","Eucalyptus Intermediate",0.357113064078287,-0.792255620093848,1.50648174825042,0.34031106370632,0.373915064450254,"Potential 1","Intermediate","Intermediate","Eucalyptus","Eucalyptus",2.29873736834427,"QLD",NA
"822","Lamb Range","Eucalyptus Suppressed","Eucalyptus Intermediate",0.365800174269653,-0.191695579928258,0.923295928467564,0.357192368568681,0.374407979970624,"Potential 1","Suppressed","Intermediate","Eucalyptus","Eucalyptus",1.11499150839582,"QLD",NA
"914","Lamb Range","Non-euc Intermediate","Eucalyptus Intermediate",0.0129837798799138,-0.760318513203533,0.786286072963361,0.00489493780116199,0.0210726219586656,"Potential 1","Intermediate","Intermediate","Non-euc","Eucalyptus",1.54660458616689,"QLD",NA
"103","Lamb Range","Non-euc Suppressed","Eucalyptus Intermediate",0.0447739408353207,-0.209811641314669,0.299359522985311,0.0393980147337483,0.0501498669368932,"Potential 1","Suppressed","Intermediate","Non-euc","Eucalyptus",0.50917116429998,"QLD",NA
"1312","Lamb Range","Eucalyptus Suppressed","Eucalyptus Suppressed",0.0264350598418622,-0.353508987134608,0.406379106818333,0.0188071793176032,0.0340629403661211,"Potential 1","Suppressed","Suppressed","Eucalyptus","Eucalyptus",0.759888093952941,"QLD",NA
"1411","Lamb Range","Non-euc Intermediate","Eucalyptus Suppressed",-0.156118607422875,-0.513932965676745,0.201695750830994,-0.159947819636951,-0.152289395208799,"Potential 1","Intermediate","Suppressed","Non-euc","Eucalyptus",0.715628716507739,"QLD",NA
"155","Lamb Range","Non-euc Suppressed","Eucalyptus Suppressed",-0.145988142511247,-0.296292484744156,0.00431619972166256,-0.149125301703807,-0.142850983318686,"Potential 1","Suppressed","Suppressed","Non-euc","Eucalyptus",0.300608684465818,"QLD",NA
"193","Lamb Range","Non-euc Intermediate","Non-euc Intermediate",-0.0190903298020354,-0.446425439981285,0.408244780377214,-0.0244107127863108,-0.01376994681776,"Potential 1","Intermediate","Intermediate","Non-euc","Non-euc",0.854670220358498,"QLD",NA
"202","Lamb Range","Non-euc Suppressed","Non-euc Intermediate",0.0581960092948739,-0.0961705182747619,0.21256253686451,0.0545858558463508,0.061806162743397,"Potential 1","Suppressed","Intermediate","Non-euc","Non-euc",0.308733055139272,"QLD",NA
"253","Lamb Range","Non-euc Suppressed","Non-euc Suppressed",0.101595495476214,-0.0614456206791605,0.264636611631588,0.0937738665104192,0.109417124442009,"Potential 1","Suppressed","Suppressed","Non-euc","Non-euc",0.326082232310749,"QLD",NA
"156","Baldy","Eucalyptus Co/dominant","Eucalyptus Co/dominant",-0.16619321974029,-0.557005120866053,0.224618681385474,-0.173041863311705,-0.159344576168874,"Potential 1","Co/dominant","Co/dominant","Eucalyptus","Eucalyptus",0.781623802251527,"QLD",NA
"238","Baldy","Eucalyptus Intermediate","Eucalyptus Co/dominant",0.0885858770918655,-0.314904624889647,0.492076379073378,0.0830608845681943,0.0941108696155366,"Potential 1","Intermediate","Co/dominant","Eucalyptus","Eucalyptus",0.806981003963025,"QLD",NA
"334","Baldy","Eucalyptus Suppressed","Eucalyptus Co/dominant",0.0355529452551022,-0.183642464748152,0.254748355258356,0.0320203819463149,0.0390855085638896,"Potential 1","Suppressed","Co/dominant","Eucalyptus","Eucalyptus",0.438390820006508,"QLD",NA
"424","Baldy","Non-euc Intermediate","Eucalyptus Co/dominant",-0.292192181722011,-0.658866861649312,0.0744824982052906,-0.296956239898675,-0.287428123545346,"Potential 1","Intermediate","Co/dominant","Non-euc","Eucalyptus",0.733349359854603,"QLD",NA
"515","Baldy","Non-euc Suppressed","Eucalyptus Co/dominant",-0.00778299037432107,-0.153416178754591,0.137850198005949,-0.0109567931186717,-0.00460918762997048,"Potential 1","Suppressed","Co/dominant","Non-euc","Eucalyptus",0.29126637676054,"QLD",NA
"722","Baldy","Eucalyptus Intermediate","Eucalyptus Intermediate",-0.196213985690767,-1.05909263445852,0.666664663076982,-0.205952148727967,-0.186475822653566,"Potential 1","Intermediate","Intermediate","Eucalyptus","Eucalyptus",1.7257572975355,"QLD",NA
"823","Baldy","Eucalyptus Suppressed","Eucalyptus Intermediate",0.146898275272931,-0.198613218937934,0.492409769483797,0.141932024302467,0.151864526243396,"Potential 1","Suppressed","Intermediate","Eucalyptus","Eucalyptus",0.691022988421731,"QLD",NA
"915","Baldy","Non-euc Intermediate","Eucalyptus Intermediate",0.187204947957765,-0.307258290629541,0.681668186545071,0.180203304259812,0.194206591655718,"Potential 1","Intermediate","Intermediate","Non-euc","Eucalyptus",0.988926477174612,"QLD",NA
"104","Baldy","Non-euc Suppressed","Eucalyptus Intermediate",0.127019723038491,-0.0790238599917865,0.333063306068769,0.122044917149365,0.131994528927617,"Potential 1","Suppressed","Intermediate","Non-euc","Eucalyptus",0.412087166060556,"QLD",NA
"1313","Baldy","Eucalyptus Suppressed","Eucalyptus Suppressed",0.189009277437303,-0.0531434795016759,0.431162034376282,0.183731229220802,0.194287325653804,"Potential 1","Suppressed","Suppressed","Eucalyptus","Eucalyptus",0.484305513877958,"QLD",NA
"1412","Baldy","Non-euc Intermediate","Eucalyptus Suppressed",-0.195472221158058,-0.572015787459406,0.181071345143289,-0.200092733668156,-0.190851708647961,"Potential 1","Intermediate","Suppressed","Non-euc","Eucalyptus",0.753087132602695,"QLD",NA
"157","Baldy","Non-euc Suppressed","Eucalyptus Suppressed",-0.0660214410030397,-0.203399303932957,0.0713564219268774,-0.0692646065894296,-0.0627782754166498,"Potential 1","Suppressed","Suppressed","Non-euc","Eucalyptus",0.274755725859834,"QLD",NA
"194","Baldy","Non-euc Intermediate","Non-euc Intermediate",0.197630887234203,-0.310352143125725,0.70561391759413,0.188389878030018,0.206871896438387,"Potential 1","Intermediate","Intermediate","Non-euc","Non-euc",1.01596606071985,"QLD",NA
"203","Baldy","Non-euc Suppressed","Non-euc Intermediate",0.0547374876510508,-0.124448846331069,0.23392382163317,0.0480961076352093,0.0613788676668923,"Potential 1","Suppressed","Intermediate","Non-euc","Non-euc",0.358372667964239,"QLD",NA
"254","Baldy","Non-euc Suppressed","Non-euc Suppressed",0.331734756071352,0.241172230672408,0.422297281470297,0.322552885855753,0.340916626286952,"Potential 1","Suppressed","Suppressed","Non-euc","Non-euc",0.181125050797889,"QLD",1
"158","Koombooloomba","Eucalyptus Co/dominant","Eucalyptus Co/dominant",-0.397161011145104,-0.847805779562084,0.0534837572718759,-0.406512735634556,-0.387809286655652,"Potential 1","Co/dominant","Co/dominant","Eucalyptus","Eucalyptus",0.90128953683396,"QLD",NA
"239","Koombooloomba","Eucalyptus Intermediate","Eucalyptus Co/dominant",-0.191150361047397,-0.444566133299693,0.0622654112048982,-0.196213454456336,-0.186087267638459,"Potential 1","Intermediate","Co/dominant","Eucalyptus","Eucalyptus",0.506831544504591,"QLD",NA
"335","Koombooloomba","Eucalyptus Suppressed","Eucalyptus Co/dominant",0.473976022986884,-0.0734798343991465,1.02143188037291,0.465005981911528,0.48294606406224,"Potential 1","Suppressed","Co/dominant","Eucalyptus","Eucalyptus",1.09491171477206,"QLD",NA
"425","Koombooloomba","Non-euc Intermediate","Eucalyptus Co/dominant",-0.0778035303319943,-0.178348345122981,0.0227412844589918,-0.0801725799606175,-0.0754344807033711,"Potential 1","Intermediate","Co/dominant","Non-euc","Eucalyptus",0.201089629581972,"QLD",NA
"516","Koombooloomba","Non-euc Suppressed","Eucalyptus Co/dominant",0.0471709043965248,-0.115850670698947,0.210192479491997,0.0425212581247691,0.0518205506682804,"Potential 1","Suppressed","Co/dominant","Non-euc","Eucalyptus",0.326043150190944,"QLD",NA
"723","Koombooloomba","Eucalyptus Intermediate","Eucalyptus Intermediate",0.118544199704049,-0.173931957993224,0.411020357401321,0.111006420863959,0.126081978544138,"Potential 1","Intermediate","Intermediate","Eucalyptus","Eucalyptus",0.584952315394544,"QLD",NA
"824","Koombooloomba","Eucalyptus Suppressed","Eucalyptus Intermediate",0.534860903119214,0.0603906046341984,1.00933120160423,0.524510245462027,0.545211560776402,"Potential 1","Suppressed","Intermediate","Eucalyptus","Eucalyptus",0.948940596970032,"QLD",1
"916","Koombooloomba","Non-euc Intermediate","Eucalyptus Intermediate",-0.0200171349842224,-0.0903927527531835,0.0503584827847388,-0.0226260829198275,-0.0174081870486173,"Potential 1","Intermediate","Intermediate","Non-euc","Eucalyptus",0.140751235537922,"QLD",NA
"105","Koombooloomba","Non-euc Suppressed","Eucalyptus Intermediate",0.00107222848931833,-0.140093414412075,0.142237871390712,-0.0037128461617815,0.00585730314041816,"Potential 1","Suppressed","Intermediate","Non-euc","Eucalyptus",0.282331285802787,"QLD",NA
"1314","Koombooloomba","Eucalyptus Suppressed","Eucalyptus Suppressed",-0.689177093847573,-2.02198962035945,0.6436354326643,-0.71054080138464,-0.667813386310505,"Potential 1","Suppressed","Suppressed","Eucalyptus","Eucalyptus",2.66562505302375,"QLD",NA
"1413","Koombooloomba","Non-euc Intermediate","Eucalyptus Suppressed",0.0401044474548667,-0.192228171688514,0.272437066598248,0.0363317697778059,0.0438771251319274,"Potential 1","Intermediate","Suppressed","Non-euc","Eucalyptus",0.464665238286762,"QLD",NA
"159","Koombooloomba","Non-euc Suppressed","Eucalyptus Suppressed",0.0965013705628182,-0.309722992062987,0.502725733188623,0.0879875452930305,0.105015195832606,"Potential 1","Suppressed","Suppressed","Non-euc","Eucalyptus",0.81244872525161,"QLD",NA
"195","Koombooloomba","Non-euc Intermediate","Non-euc Intermediate",0.267904834566872,0.169848519250612,0.365961149883131,0.260344726232777,0.275464942900966,"Potential 1","Intermediate","Intermediate","Non-euc","Non-euc",0.19611263063252,"QLD",1
"204","Koombooloomba","Non-euc Suppressed","Non-euc Intermediate",0.0227969685118005,-0.0307620376167054,0.0763559746403064,0.0198471816833345,0.0257467553402665,"Potential 1","Suppressed","Intermediate","Non-euc","Non-euc",0.107118012257012,"QLD",NA
"255","Koombooloomba","Non-euc Suppressed","Non-euc Suppressed",0.273676301089099,0.11699985085507,0.430352751323128,0.264715382890565,0.282637219287632,"Potential 1","Suppressed","Suppressed","Non-euc","Non-euc",0.313352900468058,"QLD",1
"160","BlackRiver","Eucalyptus Co/dominant","Eucalyptus Co/dominant",-0.609663068712961,-0.985563654195769,-0.233762483230154,-0.621710358081853,-0.59761577934407,"Potential 1","Co/dominant","Co/dominant","Eucalyptus","Eucalyptus",0.751801170965616,"King_TAS",1
"240","BlackRiver","Eucalyptus Intermediate","Eucalyptus Co/dominant",-0.145767926785282,-0.321259895255887,0.029724041685324,-0.149997608336935,-0.141538245233629,"Potential 1","Intermediate","Co/dominant","Eucalyptus","Eucalyptus",0.350983936941211,"King_TAS",NA
"336","BlackRiver","Eucalyptus Suppressed","Eucalyptus Co/dominant",0.232186472938106,0.0209045043832028,0.44346844149301,0.226241908587239,0.238131037288974,"Potential 1","Suppressed","Co/dominant","Eucalyptus","Eucalyptus",0.422563937109807,"King_TAS",1
"426","BlackRiver","Non-euc Suppressed","Eucalyptus Co/dominant",-0.0305510422635617,-0.107931309171776,0.0468292246446523,-0.033507298519879,-0.0275947860072445,"Potential 1","Suppressed","Co/dominant","Non-euc","Eucalyptus",0.154760533816428,"King_TAS",NA
"631","BlackRiver","Eucalyptus Intermediate","Eucalyptus Intermediate",0.0173376496904754,-0.181213007940931,0.215888307321881,0.0127672398614037,0.0219080595195471,"Potential 1","Intermediate","Intermediate","Eucalyptus","Eucalyptus",0.397101315262812,"King_TAS",NA
"724","BlackRiver","Eucalyptus Suppressed","Eucalyptus Intermediate",-0.00228976673137116,-0.150168248802473,0.145588715339731,-0.00516857959629083,0.00058904613354852,"Potential 1","Suppressed","Intermediate","Eucalyptus","Eucalyptus",0.295756964142204,"King_TAS",NA
"825","BlackRiver","Non-euc Suppressed","Eucalyptus Intermediate",0.0143717122488547,-0.0480281706805119,0.0767715951782213,0.0121096124486063,0.0166338120491031,"Potential 1","Suppressed","Intermediate","Non-euc","Eucalyptus",0.124799765858733,"King_TAS",NA
"1123","BlackRiver","Eucalyptus Suppressed","Eucalyptus Suppressed",0.173411152593407,-0.0133216308846,0.360143936071413,0.167808694953359,0.179013610233454,"Potential 1","Suppressed","Suppressed","Eucalyptus","Eucalyptus",0.373465566956013,"King_TAS",NA
"1222","BlackRiver","Non-euc Suppressed","Eucalyptus Suppressed",-0.0351682452727684,-0.0966055483550831,0.0262690578095463,-0.0371946742368139,-0.033141816308723,"Potential 1","Suppressed","Suppressed","Non-euc","Eucalyptus",0.122874606164629,"King_TAS",NA
"1620","BlackRiver","Non-euc Suppressed","Non-euc Suppressed",0.10317014637383,-0.0119753874645658,0.218315680212225,0.0909254764588339,0.115414816288825,"Potential 1","Suppressed","Suppressed","Non-euc","Non-euc",0.230291067676791,"King_TAS",NA
"170","BondTier","Eucalyptus Co/dominant","Eucalyptus Co/dominant",-0.0778982596017097,-0.339843362063551,0.184046842860131,-0.0829261441186754,-0.072870375084744,"Potential 1","Co/dominant","Co/dominant","Eucalyptus","Eucalyptus",0.523890204923682,"King_TAS",NA
"242","BondTier","Eucalyptus Intermediate","Eucalyptus Co/dominant",-0.00622121888770399,-0.489362160975235,0.476919723199828,-0.013536551913956,0.00109411413854806,"Potential 1","Intermediate","Co/dominant","Eucalyptus","Eucalyptus",0.966281884175063,"King_TAS",NA
"337","BondTier","Eucalyptus Suppressed","Eucalyptus Co/dominant",0.208825431925274,-0.342438144096317,0.760089007946865,0.197861070549764,0.219789793300784,"Potential 1","Suppressed","Co/dominant","Eucalyptus","Eucalyptus",1.10252715204318,"King_TAS",NA
"427","BondTier","Non-euc Suppressed","Eucalyptus Co/dominant",-0.0158167065281124,-0.0797297681030985,0.0480963550468737,-0.0178918243553327,-0.013741588700892,"Potential 1","Suppressed","Co/dominant","Non-euc","Eucalyptus",0.127826123149972,"King_TAS",NA
"632","BondTier","Eucalyptus Intermediate","Eucalyptus Intermediate",-0.970129621437463,-2.88146999037053,0.941210747495606,-1.00327848961534,-0.93698075325958,"Potential 1","Intermediate","Intermediate","Eucalyptus","Eucalyptus",3.82268073786614,"King_TAS",NA
"725","BondTier","Eucalyptus Suppressed","Eucalyptus Intermediate",1.30449864956072,-0.277279707226479,2.88627700634793,1.27551249512725,1.3334848039942,"Potential 1","Suppressed","Intermediate","Eucalyptus","Eucalyptus",3.1635567135744,"King_TAS",NA
"826","BondTier","Non-euc Suppressed","Eucalyptus Intermediate",-0.0377536012133493,-0.18629901811753,0.110791815690831,-0.0415184140488063,-0.0339887883778923,"Potential 1","Suppressed","Intermediate","Non-euc","Eucalyptus",0.297090833808361,"King_TAS",NA
"1124","BondTier","Eucalyptus Suppressed","Eucalyptus Suppressed",-1.09351325712339,-2.91796920247431,0.730942688227528,-1.1288638553467,-1.05816265890009,"Potential 1","Suppressed","Suppressed","Eucalyptus","Eucalyptus",3.64891189070184,"King_TAS",NA
"1223","BondTier","Non-euc Suppressed","Eucalyptus Suppressed",0.177242522108952,-0.0623160094557613,0.416801053673665,0.171979304862606,0.182505739355298,"Potential 1","Suppressed","Suppressed","Non-euc","Eucalyptus",0.479117063129426,"King_TAS",NA
"1621","BondTier","Non-euc Suppressed","Non-euc Suppressed",0.187338819893002,0.0806673243759421,0.294010315410061,0.172114200942705,0.202563438843298,"Potential 1","Suppressed","Suppressed","Non-euc","Non-euc",0.213342991034119,"King_TAS",1
"172","Supersite","Eucalyptus Co/dominant","Eucalyptus Co/dominant",-0.183192536118778,-0.515579057276984,0.149193985039428,-0.191650374978872,-0.174734697258684,"Potential 1","Co/dominant","Co/dominant","Eucalyptus","Eucalyptus",0.664773042316412,"S_TAS",NA
"243","Supersite","Eucalyptus Intermediate","Eucalyptus Co/dominant",0.123105844000047,-0.145342724861993,0.391554412862087,0.116895191657896,0.129316496342198,"Potential 1","Intermediate","Co/dominant","Eucalyptus","Eucalyptus",0.53689713772408,"S_TAS",NA
"338","Supersite","Eucalyptus Suppressed","Eucalyptus Co/dominant",0.414771845739936,-0.0659990233223138,0.895542714802185,0.403052630399815,0.426491061080056,"Potential 1","Suppressed","Co/dominant","Eucalyptus","Eucalyptus",0.961541738124499,"S_TAS",NA
"428","Supersite","Non-euc Co/dominant","Eucalyptus Co/dominant",-0.148717786135092,-0.352866793333741,0.0554312210635561,-0.153059063302478,-0.144376508967706,"Potential 1","Co/dominant","Co/dominant","Non-euc","Eucalyptus",0.408298014397297,"S_TAS",NA
"517","Supersite","Non-euc Intermediate","Eucalyptus Co/dominant",0.077939332277878,-0.0516276903579891,0.207506354913745,0.0732774483256137,0.0826012162301422,"Potential 1","Intermediate","Co/dominant","Non-euc","Eucalyptus",0.259134045271734,"S_TAS",NA
"633","Supersite","Non-euc Suppressed","Eucalyptus Co/dominant",0.0969039820288106,-0.0321986901039939,0.226006654161615,0.0923428589347495,0.101465105122872,"Potential 1","Suppressed","Co/dominant","Non-euc","Eucalyptus",0.258205344265609,"S_TAS",NA
"827","Supersite","Eucalyptus Intermediate","Eucalyptus Intermediate",-0.043127882132673,-0.475090392122675,0.388834627857329,-0.0496081355711395,-0.0366476286942066,"Potential 1","Intermediate","Intermediate","Eucalyptus","Eucalyptus",0.863925019980003,"S_TAS",NA
"917","Supersite","Eucalyptus Suppressed","Eucalyptus Intermediate",-0.0981408247534881,-0.586030367536177,0.389748718029201,-0.106383863668149,-0.0898977858388276,"Potential 1","Suppressed","Intermediate","Eucalyptus","Eucalyptus",0.975779085565378,"S_TAS",NA
"106","Supersite","Non-euc Co/dominant","Eucalyptus Intermediate",-0.241434729851195,-0.471855627560207,-0.0110138321421835,-0.244667865312757,-0.238201594389634,"Potential 1","Co/dominant","Intermediate","Non-euc","Eucalyptus",0.460841795418024,"S_TAS",1
"1125","Supersite","Non-euc Intermediate","Eucalyptus Intermediate",0.0451230245018127,-0.0948643679603047,0.18511041696393,0.0409007838357225,0.049345265167903,"Potential 1","Intermediate","Intermediate","Non-euc","Eucalyptus",0.279974784924235,"S_TAS",NA
"1224","Supersite","Non-euc Suppressed","Eucalyptus Intermediate",0.0307493384482654,-0.12090061316389,0.18239929006042,0.0263208192067915,0.0351778576897394,"Potential 1","Suppressed","Intermediate","Non-euc","Eucalyptus",0.30329990322431,"S_TAS",NA
"1510","Supersite","Eucalyptus Suppressed","Eucalyptus Suppressed",-0.272064398677714,-1.15950991513477,0.615381117779345,-0.288300483389774,-0.255828313965653,"Potential 1","Suppressed","Suppressed","Eucalyptus","Eucalyptus",1.77489103291412,"S_TAS",NA
"1622","Supersite","Non-euc Co/dominant","Eucalyptus Suppressed",-0.204903000632709,-0.649852995948545,0.240046994683127,-0.211518250417471,-0.198287750847947,"Potential 1","Co/dominant","Suppressed","Non-euc","Eucalyptus",0.889899990631672,"S_TAS",NA
"173","Supersite","Non-euc Intermediate","Eucalyptus Suppressed",-0.190307496270995,-0.417399393020755,0.0367844004787644,-0.19579405305087,-0.18482093949112,"Potential 1","Intermediate","Suppressed","Non-euc","Eucalyptus",0.454183793499519,"S_TAS",NA
"182","Supersite","Non-euc Suppressed","Eucalyptus Suppressed",0.163482989267445,-0.0630191556190013,0.389985134153892,0.156358666982668,0.170607311552223,"Potential 1","Suppressed","Suppressed","Non-euc","Eucalyptus",0.453004289772894,"S_TAS",NA
"2210","Supersite","Non-euc Co/dominant","Non-euc Co/dominant",0.231440376990914,-0.0318769159464829,0.494757669928311,0.222929857006912,0.239950896974916,"Potential 1","Co/dominant","Co/dominant","Non-euc","Non-euc",0.526634585874794,"S_TAS",NA
"2310","Supersite","Non-euc Intermediate","Non-euc Co/dominant",-0.0527010212265142,-0.165767617349157,0.0603655748961287,-0.0563542521512649,-0.0490477903017634,"Potential 1","Intermediate","Co/dominant","Non-euc","Non-euc",0.226133192245286,"S_TAS",NA
"244","Supersite","Non-euc Suppressed","Non-euc Co/dominant",0.0739034901494864,-0.0295868959075045,0.177393876206477,0.0697173391514634,0.0780896411475095,"Potential 1","Suppressed","Co/dominant","Non-euc","Non-euc",0.206980772113982,"S_TAS",NA
"291","Supersite","Non-euc Intermediate","Non-euc Intermediate",0.219067886442361,0.0975920009225642,0.340543771962158,0.209878739526456,0.228257033358266,"Potential 1","Intermediate","Intermediate","Non-euc","Non-euc",0.242951771039594,"S_TAS",1
"301","Supersite","Non-euc Suppressed","Non-euc Intermediate",0.0557774675135382,-0.0182256135980238,0.1297805486251,0.051581642229738,0.0599732927973384,"Potential 1","Suppressed","Intermediate","Non-euc","Non-euc",0.148006162223124,"S_TAS",NA
"362","Supersite","Non-euc Suppressed","Non-euc Suppressed",0.292150676701609,0.190497025592018,0.3938043278112,0.28274927482701,0.301552078576208,"Potential 1","Suppressed","Suppressed","Non-euc","Non-euc",0.203307302219182,"S_TAS",1
"174","Mackenzie","Eucalyptus Co/dominant","Eucalyptus Co/dominant",-0.133472081594974,-0.43211235765109,0.165168194461142,-0.139212201362303,-0.127731961827646,"Potential 1","Co/dominant","Co/dominant","Eucalyptus","Eucalyptus",0.597280552112232,"N_TAS",NA
"245","Mackenzie","Eucalyptus Intermediate","Eucalyptus Co/dominant",0.0260647741207354,-0.214092060799172,0.266221609040643,0.0219551862530267,0.0301743619884442,"Potential 1","Intermediate","Co/dominant","Eucalyptus","Eucalyptus",0.480313669839814,"N_TAS",NA
"339","Mackenzie","Eucalyptus Suppressed","Eucalyptus Co/dominant",0.0969764074315106,-0.0318089076689689,0.22576172253199,0.0937485708875787,0.100204243975442,"Potential 1","Suppressed","Co/dominant","Eucalyptus","Eucalyptus",0.257570630200959,"N_TAS",NA
"429","Mackenzie","Non-euc Intermediate","Eucalyptus Co/dominant",0.050559164102659,-0.2952912733472,0.396409601552518,0.044869272792989,0.056249055412329,"Potential 1","Intermediate","Co/dominant","Non-euc","Eucalyptus",0.691700874899719,"N_TAS",NA
"518","Mackenzie","Non-euc Suppressed","Eucalyptus Co/dominant",0.0673544737180406,-0.0287041272052304,0.163413074641312,0.0645148833478126,0.0701940640882686,"Potential 1","Suppressed","Co/dominant","Non-euc","Eucalyptus",0.192117201846542,"N_TAS",NA
"726","Mackenzie","Eucalyptus Intermediate","Eucalyptus Intermediate",-0.239490508403502,-0.603519747777657,0.124538730970653,-0.246646073515553,-0.23233494329145,"Potential 1","Intermediate","Intermediate","Eucalyptus","Eucalyptus",0.72805847874831,"N_TAS",NA
"828","Mackenzie","Eucalyptus Suppressed","Eucalyptus Intermediate",-0.0188631339857248,-0.134781983156584,0.0970557151851348,-0.0215316582128078,-0.0161946097586419,"Potential 1","Suppressed","Intermediate","Eucalyptus","Eucalyptus",0.231837698341719,"N_TAS",NA
"918","Mackenzie","Non-euc Intermediate","Eucalyptus Intermediate",-0.340801671919713,-0.735015012254265,0.0534116684148397,-0.346558270828378,-0.335045073011047,"Potential 1","Intermediate","Intermediate","Non-euc","Eucalyptus",0.788426680669105,"N_TAS",NA
"107","Mackenzie","Non-euc Suppressed","Eucalyptus Intermediate",-0.0157237960207968,-0.115203740490482,0.0837561484488886,-0.0184893002899671,-0.0129582917516265,"Potential 1","Suppressed","Intermediate","Non-euc","Eucalyptus",0.198959888939371,"N_TAS",NA
"1315","Mackenzie","Eucalyptus Suppressed","Eucalyptus Suppressed",0.21504671024468,0.0686855026036081,0.361407917885752,0.206025637838888,0.224067782650472,"Potential 1","Suppressed","Suppressed","Eucalyptus","Eucalyptus",0.292722415282143,"N_TAS",1
"1414","Mackenzie","Non-euc Intermediate","Eucalyptus Suppressed",-0.0764264734583696,-0.242360365940962,0.0895074190242226,-0.0794056808418973,-0.0734472660748419,"Potential 1","Intermediate","Suppressed","Non-euc","Eucalyptus",0.331867784965184,"N_TAS",NA
"1511","Mackenzie","Non-euc Suppressed","Eucalyptus Suppressed",-0.0682800171930585,-0.1219570465481,-0.014602987838017,-0.071250395009964,-0.065309639376153,"Potential 1","Suppressed","Suppressed","Non-euc","Eucalyptus",0.107354058710083,"N_TAS",1
"196","Mackenzie","Non-euc Intermediate","Non-euc Intermediate",-0.243272016418505,-1.04115632940294,0.554612296565929,-0.252406926721022,-0.234137106115989,"Potential 1","Intermediate","Intermediate","Non-euc","Non-euc",1.59576862596887,"N_TAS",NA
"205","Mackenzie","Non-euc Suppressed","Non-euc Intermediate",0.0412176915850955,-0.0896121910008044,0.172047574170995,0.0377327709670405,0.0447026122031505,"Potential 1","Suppressed","Intermediate","Non-euc","Non-euc",0.2616597651718,"N_TAS",NA
"256","Mackenzie","Non-euc Suppressed","Non-euc Suppressed",0.293501435878037,0.190620634752868,0.396382237003207,0.282830879069003,0.304171992687071,"Potential 1","Suppressed","Suppressed","Non-euc","Non-euc",0.205761602250339,"N_TAS",1
"175","MtMaurice","Eucalyptus Co/dominant","Eucalyptus Co/dominant",-0.283953607550256,-0.545867088457514,-0.0220401266429991,-0.293020183886763,-0.274887031213749,"Potential 1","Co/dominant","Co/dominant","Eucalyptus","Eucalyptus",0.523826961814515,"Ben_TAS",1
"246","MtMaurice","Eucalyptus Intermediate","Eucalyptus Co/dominant",-0.112532579546478,-0.292855630536317,0.0677904714433611,-0.116345906892623,-0.108719252200333,"Potential 1","Intermediate","Co/dominant","Eucalyptus","Eucalyptus",0.360646101979678,"Ben_TAS",NA
"340","MtMaurice","Eucalyptus Suppressed","Eucalyptus Co/dominant",0.00149625922577679,-0.10464605468704,0.107638573138594,-0.00233131708854349,0.00532383554009707,"Potential 1","Suppressed","Co/dominant","Eucalyptus","Eucalyptus",0.212284627825634,"Ben_TAS",NA
"430","MtMaurice","Non-euc Suppressed","Eucalyptus Co/dominant",-0.0387169171406876,-0.18419098782623,0.106757153544855,-0.0425418470223088,-0.0348919872590665,"Potential 1","Suppressed","Co/dominant","Non-euc","Eucalyptus",0.290948141371085,"Ben_TAS",NA
"634","MtMaurice","Eucalyptus Intermediate","Eucalyptus Intermediate",-0.0681269427317575,-0.38862861639983,0.252374730936315,-0.0738396907044032,-0.0624141947591117,"Potential 1","Intermediate","Intermediate","Eucalyptus","Eucalyptus",0.641003347336144,"Ben_TAS",NA
"727","MtMaurice","Eucalyptus Suppressed","Eucalyptus Intermediate",-0.0158369377506774,-0.123307038879666,0.0916331633783115,-0.0190229858404275,-0.0126508896609274,"Potential 1","Suppressed","Intermediate","Eucalyptus","Eucalyptus",0.214940202257978,"Ben_TAS",NA
"829","MtMaurice","Non-euc Suppressed","Eucalyptus Intermediate",0.0883288013663781,-0.0945945648518601,0.271252167584616,0.0838952036729818,0.0927623990597745,"Potential 1","Suppressed","Intermediate","Non-euc","Eucalyptus",0.365846732436476,"Ben_TAS",NA
"1126","MtMaurice","Eucalyptus Suppressed","Eucalyptus Suppressed",0.242252438583756,0.12285828800943,0.361646589158081,0.231597306270839,0.252907570896672,"Potential 1","Suppressed","Suppressed","Eucalyptus","Eucalyptus",0.238788301148651,"Ben_TAS",1
"1225","MtMaurice","Non-euc Suppressed","Eucalyptus Suppressed",0.118554439826945,0.0152111016910734,0.221897777962817,0.11332119605791,0.123787683595981,"Potential 1","Suppressed","Suppressed","Non-euc","Eucalyptus",0.206686676271744,"Ben_TAS",1
"1623","MtMaurice","Non-euc Suppressed","Non-euc Suppressed",0.194953106991776,0.00951209048372753,0.380394123499824,0.186936301377806,0.202969912605746,"Potential 1","Suppressed","Suppressed","Non-euc","Non-euc",0.370882033016096,"Ben_TAS",1
"176","BenRidge","Eucalyptus Co/dominant","Eucalyptus Co/dominant",-0.379759376311015,-0.701852476933474,-0.0576662756885564,-0.390128960399689,-0.369389792222341,"Potential 1","Co/dominant","Co/dominant","Eucalyptus","Eucalyptus",0.644186201244918,"Ben_TAS",1
"247","BenRidge","Eucalyptus Intermediate","Eucalyptus Co/dominant",0.174493676894031,-0.0699215102445121,0.418908864032575,0.168687616402489,0.180299737385573,"Potential 1","Intermediate","Co/dominant","Eucalyptus","Eucalyptus",0.488830374277087,"Ben_TAS",NA
"341","BenRidge","Eucalyptus Suppressed","Eucalyptus Co/dominant",-0.12194197190565,-0.216820727766288,-0.0270632160450109,-0.124909489110646,-0.118974454700653,"Potential 1","Suppressed","Co/dominant","Eucalyptus","Eucalyptus",0.189757511721277,"Ben_TAS",1
"431","BenRidge","Non-euc Intermediate","Eucalyptus Co/dominant",-0.247825248372795,-0.552853268739925,0.0572027719943346,-0.253391639221667,-0.242258857523924,"Potential 1","Intermediate","Co/dominant","Non-euc","Eucalyptus",0.610056040734259,"Ben_TAS",NA
"519","BenRidge","Non-euc Suppressed","Eucalyptus Co/dominant",0.051034088094507,-0.0448706841107876,0.146938860299802,0.0485575756227379,0.053510600566276,"Potential 1","Suppressed","Co/dominant","Non-euc","Eucalyptus",0.191809544410589,"Ben_TAS",NA
"728","BenRidge","Eucalyptus Intermediate","Eucalyptus Intermediate",-0.22493876766178,-0.715325451830737,0.265447916507177,-0.233648177386788,-0.216229357936772,"Potential 1","Intermediate","Intermediate","Eucalyptus","Eucalyptus",0.980773368337913,"Ben_TAS",NA
"830","BenRidge","Eucalyptus Suppressed","Eucalyptus Intermediate",0.0879025946744052,-0.0322237618547369,0.208028951203547,0.0849208615568451,0.0908843277919653,"Potential 1","Suppressed","Intermediate","Eucalyptus","Eucalyptus",0.240252713058284,"Ben_TAS",NA
"919","BenRidge","Non-euc Intermediate","Eucalyptus Intermediate",0.183881078705703,-0.254128347411772,0.621890504823179,0.175427442650822,0.192334714760585,"Potential 1","Intermediate","Intermediate","Non-euc","Eucalyptus",0.876018852234951,"Ben_TAS",NA
"108","BenRidge","Non-euc Suppressed","Eucalyptus Intermediate",-0.0753893544658635,-0.163614996978358,0.0128362880466312,-0.0774937926153064,-0.0732849163164207,"Potential 1","Suppressed","Intermediate","Non-euc","Eucalyptus",0.176451285024989,"Ben_TAS",NA
"1316","BenRidge","Eucalyptus Suppressed","Eucalyptus Suppressed",0.249626837206912,0.134725116976827,0.364528557436996,0.239819579785954,0.259434094627869,"Potential 1","Suppressed","Suppressed","Eucalyptus","Eucalyptus",0.229803440460169,"Ben_TAS",1
"1415","BenRidge","Non-euc Intermediate","Eucalyptus Suppressed",-0.0367264931920541,-0.153251203486397,0.0797982171022887,-0.0398101485590477,-0.0336428378250605,"Potential 1","Intermediate","Suppressed","Non-euc","Eucalyptus",0.233049420588686,"Ben_TAS",NA
"1512","BenRidge","Non-euc Suppressed","Eucalyptus Suppressed",-0.0170215253104325,-0.0544505776820015,0.0204075270611366,-0.0192591878016219,-0.014783862819243,"Potential 1","Suppressed","Suppressed","Non-euc","Eucalyptus",0.074858104743138,"Ben_TAS",NA
"197","BenRidge","Non-euc Intermediate","Non-euc Intermediate",0.371980302237486,-0.139340752811524,0.883301357286495,0.356923703203529,0.387036901271442,"Potential 1","Intermediate","Intermediate","Non-euc","Non-euc",1.02264211009802,"Ben_TAS",NA
"206","BenRidge","Non-euc Suppressed","Non-euc Intermediate",-0.114844201338282,-0.289874453166382,0.0601860504898168,-0.119047064106204,-0.110641338570361,"Potential 1","Suppressed","Intermediate","Non-euc","Non-euc",0.350060503656198,"Ben_TAS",NA
"257","BenRidge","Non-euc Suppressed","Non-euc Suppressed",0.270615520880214,0.164394868970422,0.376836172790006,0.259317452359929,0.281913589400499,"Potential 1","Suppressed","Suppressed","Non-euc","Non-euc",0.212441303819584,"Ben_TAS",1
"177","MtField","Eucalyptus Co/dominant","Eucalyptus Co/dominant",-0.641077859402793,-1.11301445381594,-0.169141264989649,-0.660198366444601,-0.621957352360985,"Potential 1","Co/dominant","Co/dominant","Eucalyptus","Eucalyptus",0.943873188826288,"S_TAS",1
"248","MtField","Eucalyptus Intermediate","Eucalyptus Co/dominant",0.0385017636607897,-0.198585046462397,0.275588573783977,0.0325530050566552,0.0444505222649242,"Potential 1","Intermediate","Co/dominant","Eucalyptus","Eucalyptus",0.474173620246374,"S_TAS",NA
"342","MtField","Eucalyptus Suppressed","Eucalyptus Co/dominant",0.221936740375401,-0.0102393447280749,0.454112825478878,0.214422987110642,0.229450493640161,"Potential 1","Suppressed","Co/dominant","Eucalyptus","Eucalyptus",0.464352170206953,"S_TAS",NA
"432","MtField","Non-euc Suppressed","Eucalyptus Co/dominant",-0.0201404479487638,-0.13637371043821,0.096092814540682,-0.0250489660668912,-0.0152319298306364,"Potential 1","Suppressed","Co/dominant","Non-euc","Eucalyptus",0.232466524978892,"S_TAS",NA
"635","MtField","Eucalyptus Intermediate","Eucalyptus Intermediate",0.174179771428003,-0.0743573690383424,0.422716911894349,0.169044617703187,0.179314925152819,"Potential 1","Intermediate","Intermediate","Eucalyptus","Eucalyptus",0.497074280932691,"S_TAS",NA
"729","MtField","Eucalyptus Suppressed","Eucalyptus Intermediate",-0.0017009886481527,-0.153975853453396,0.150573876157091,-0.00606294019128609,0.0026609628949807,"Potential 1","Suppressed","Intermediate","Eucalyptus","Eucalyptus",0.304549729610488,"S_TAS",NA
"831","MtField","Non-euc Suppressed","Eucalyptus Intermediate",0.0620419764087434,-0.0243584756313492,0.148442428448836,0.059031139862441,0.0650528129550457,"Potential 1","Suppressed","Intermediate","Non-euc","Eucalyptus",0.172800904080185,"S_TAS",NA
"1127","MtField","Eucalyptus Suppressed","Eucalyptus Suppressed",0.0242644216407206,-0.148193522514005,0.196722365795446,0.0157896484468424,0.0327391948345988,"Potential 1","Suppressed","Suppressed","Eucalyptus","Eucalyptus",0.344915888309452,"S_TAS",NA
"1226","MtField","Non-euc Suppressed","Eucalyptus Suppressed",-0.0173389655836379,-0.0905904200144381,0.0559124888471624,-0.0214309466726585,-0.0132469844946173,"Potential 1","Suppressed","Suppressed","Non-euc","Eucalyptus",0.146502908861601,"S_TAS",NA
"1624","MtField","Non-euc Suppressed","Non-euc Suppressed",0.145461860456193,0.0189972575137098,0.271926463398677,0.130663894367957,0.160259826544429,"Potential 1","Suppressed","Suppressed","Non-euc","Non-euc",0.252929205884967,"S_TAS",1
"178","Caveside","Eucalyptus Co/dominant","Eucalyptus Co/dominant",-0.292500427545384,-0.635442721897229,0.0504418668064602,-0.299880490443063,-0.285120364647706,"Potential 1","Co/dominant","Co/dominant","Eucalyptus","Eucalyptus",0.685884588703689,"N_TAS",NA
"249","Caveside","Eucalyptus Intermediate","Eucalyptus Co/dominant",-0.235299930007988,-0.479226256214631,0.00862639619865507,-0.238884121917776,-0.2317157380982,"Potential 1","Intermediate","Co/dominant","Eucalyptus","Eucalyptus",0.487852652413286,"N_TAS",NA
"343","Caveside","Eucalyptus Suppressed","Eucalyptus Co/dominant",0.139320031653096,-0.00741468441333359,0.286054747719525,0.136518745470118,0.142121317836074,"Potential 1","Suppressed","Co/dominant","Eucalyptus","Eucalyptus",0.293469432132859,"N_TAS",NA
"433","Caveside","Non-euc Suppressed","Eucalyptus Co/dominant",0.00936068706018304,-0.0181085772870535,0.0368299514074196,0.00858758942946865,0.0101337846908974,"Potential 1","Suppressed","Co/dominant","Non-euc","Eucalyptus",0.054938528694473,"N_TAS",NA
"636","Caveside","Eucalyptus Intermediate","Eucalyptus Intermediate",0.0544634090231409,-0.229339509606745,0.338266327653027,0.04840052321242,0.0605262948338618,"Potential 1","Intermediate","Intermediate","Eucalyptus","Eucalyptus",0.567605837259772,"N_TAS",NA
"730","Caveside","Eucalyptus Suppressed","Eucalyptus Intermediate",0.10868851616882,-0.00624702917794738,0.223624061515588,0.10618996199231,0.11118707034533,"Potential 1","Suppressed","Intermediate","Eucalyptus","Eucalyptus",0.229871090693535,"N_TAS",NA
"832","Caveside","Non-euc Suppressed","Eucalyptus Intermediate",-0.0030074482684974,-0.0277369938680006,0.0217220973310058,-0.00371533413858995,-0.00229956239840485,"Potential 1","Suppressed","Intermediate","Non-euc","Eucalyptus",0.0494590911990063,"N_TAS",NA
"1128","Caveside","Eucalyptus Suppressed","Eucalyptus Suppressed",0.0415024226317891,-0.158280740901258,0.241285586164836,0.0316963446675675,0.0513085005960107,"Potential 1","Suppressed","Suppressed","Eucalyptus","Eucalyptus",0.399566327066095,"N_TAS",NA
"1227","Caveside","Non-euc Suppressed","Eucalyptus Suppressed",-0.0385011339466315,-0.0558322778213728,-0.0211699900718902,-0.0394386806605156,-0.0375635872327474,"Potential 1","Suppressed","Suppressed","Non-euc","Eucalyptus",0.0346622877494826,"N_TAS",1
"1625","Caveside","Non-euc Suppressed","Non-euc Suppressed",0.203913588008026,0.0953650018314884,0.312462174184564,0.167718864260105,0.240108311755947,"Potential 1","Suppressed","Suppressed","Non-euc","Non-euc",0.217097172353075,"N_TAS",1
"12","BirdTree","Eucalyptus Co/dominant","Eucalyptus Co/dominant",-0.117523789650205,-0.353166299792168,0.118118720491758,-0.123474281648882,-0.111573297651529,"Potential 1","Co/dominant","Co/dominant","Eucalyptus","Eucalyptus",0.471285020283926,"N_NSW",NA
"230","BirdTree","Eucalyptus Suppressed","Eucalyptus Co/dominant",-0.0248404002087728,-0.157104908030222,0.107424107612676,-0.0269205068208689,-0.0227602935966767,"Potential 1","Suppressed","Co/dominant","Eucalyptus","Eucalyptus",0.264529015642897,"N_NSW",NA
"327","BirdTree","Non-euc Suppressed","Eucalyptus Co/dominant",-0.00737651279575819,-0.0761332536525796,0.0613802280610632,-0.0101119717660675,-0.00464105382544893,"Potential 1","Suppressed","Co/dominant","Non-euc","Eucalyptus",0.137513481713643,"N_NSW",NA
"520","BirdTree","Eucalyptus Suppressed","Eucalyptus Suppressed",0.328836443810121,0.139610708493687,0.518062179126555,0.320113116061774,0.337559771558468,"Potential 1","Suppressed","Suppressed","Eucalyptus","Eucalyptus",0.378451470632867,"N_NSW",1
"627","BirdTree","Non-euc Suppressed","Eucalyptus Suppressed",-0.0439291945744159,-0.110301192259381,0.0224428031105486,-0.0462438126780638,-0.0416145764707681,"Potential 1","Suppressed","Suppressed","Non-euc","Eucalyptus",0.132743995369929,"N_NSW",NA
"920","BirdTree","Non-euc Suppressed","Non-euc Suppressed",-0.0482298645504212,-0.188070304083591,0.0916105749827492,-0.0679135185059319,-0.0285462105949105,"Potential 1","Suppressed","Suppressed","Non-euc","Non-euc",0.279680879066341,"N_NSW",NA
"11","Collins","Eucalyptus Co/dominant","Eucalyptus Co/dominant",-0.262717544361574,-0.680106130892618,0.15467104216947,-0.268235014230318,-0.25720007449283,"Potential 1","Co/dominant","Co/dominant","Eucalyptus","Eucalyptus",0.834777173062087,"WA",NA
"21","Collins","Eucalyptus Suppressed","Eucalyptus Co/dominant",0.029707793346104,-0.208634734338115,0.268050321030324,0.0264387519088309,0.0329768347833772,"Potential 1","Suppressed","Co/dominant","Eucalyptus","Eucalyptus",0.476685055368439,"WA",NA
"31","Collins","Non-euc Suppressed","Eucalyptus Co/dominant",-0.21548095668108,-0.442389716642651,0.0114278032804913,-0.219257522056373,-0.211704391305787,"Potential 1","Suppressed","Co/dominant","Non-euc","Eucalyptus",0.453817519923142,"WA",NA
"5110","Collins","Eucalyptus Suppressed","Eucalyptus Suppressed",0.246308460200243,0.0688174795592937,0.423799440841192,0.239349814321673,0.253267106078812,"Potential 1","Suppressed","Suppressed","Eucalyptus","Eucalyptus",0.354981961281898,"WA",1
"61","Collins","Non-euc Suppressed","Eucalyptus Suppressed",-0.0448377750223776,-0.149265265649507,0.0595897156047519,-0.0475083425904976,-0.0421672074542577,"Potential 1","Suppressed","Suppressed","Non-euc","Eucalyptus",0.208854981254259,"WA",NA
"9110","Collins","Non-euc Suppressed","Non-euc Suppressed",0.348035236213351,0.244154335700152,0.45191613672655,0.335722780803616,0.360347691623085,"Potential 1","Suppressed","Suppressed","Non-euc","Non-euc",0.207761801026398,"WA",1
