"","...1","from","to","alpha","mean_effect","quan_0","quan_25","quan_50","quan_75","quan_100","site","class_from","class_to","class_int","species_from","species_to","which_species","group","int","se","sig","lo","hi","range_ci"
"1",1,"Eucalyptus diversicolor large","Eucalyptus guilfoylei large",-0.24328568160347,0.511763689332429,0.261636446970835,0.353366501076416,0.495976809703543,0.651157774463203,0.946086207435091,"Frankland","large","large","large_large","Eucalyptus diversicolor","Eucalyptus guilfoylei","between","between_species_large_large","Eucalyptus diversicolor large_Eucalyptus guilfoylei large",0.12482218432671,1,-0.490410809800955,-0.00111683829701303,0.489293971503942
"2",2,"Eucalyptus guilfoylei large","Eucalyptus guilfoylei large",-0.212736501771973,0.360276044410781,0.206777498043784,0.285663996786086,0.348264700444157,0.395763192213844,0.666474756323586,"Frankland","large","large","large_large","Eucalyptus guilfoylei","Eucalyptus guilfoylei","within","within_species_large_large","Eucalyptus guilfoylei large_Eucalyptus guilfoylei large",0.186287651476697,NA,-0.576629040343704,0.153605134974047,0.730234175317751
"3",3,"Allocasuarina decussata small","Allocasuarina decussata small",-0.0831653491457285,0.376765738486892,0.253574350654662,0.30727997658234,0.332765626586212,0.486135308812982,0.538546208718764,"Frankland","small","small","small_small","Allocasuarina decussata","Allocasuarina decussata","within","within_species_small_small","Allocasuarina decussata small_Allocasuarina decussata small",0.338676448538945,NA,-0.743450061385624,0.584137221710905,1.32758728309653
"4",4,"Eucalyptus diversicolor large","Eucalyptus guilfoylei small",-0.0743099777104835,0.821133119375873,0.620803498824982,0.758505185485282,0.809055022254913,0.864292190777212,0.967769441004311,"Frankland","large","small","large_small","Eucalyptus diversicolor","Eucalyptus guilfoylei","between","between_species_large_small","Eucalyptus diversicolor large_Eucalyptus guilfoylei small",0.102580409255624,NA,-0.273970846968645,0.12813696835216,0.402107815320805
"5",5,"Eucalyptus diversicolor large","Eucalyptus diversicolor small",-0.0641709025743467,0.825695020698242,0.686169993067975,0.792498793444788,0.825876598521426,0.846983699487983,0.927459889580945,"Frankland","large","small","large_small","Eucalyptus diversicolor","Eucalyptus diversicolor","within","within_species_large_small","Eucalyptus diversicolor large_Eucalyptus diversicolor small",0.0728688731169441,NA,-0.206306799774883,0.0793339340315756,0.285640733806459
"6",6,"Eucalyptus diversicolor large","Eucalyptus diversicolor large",-0.0519451038694297,1.18337536016682,1.02701915750294,1.07079386155836,1.17358254494499,1.28419632509322,1.46215067116278,"Frankland","large","large","large_large","Eucalyptus diversicolor","Eucalyptus diversicolor","within","within_species_large_large","Eucalyptus diversicolor large_Eucalyptus diversicolor large",0.207279463045073,NA,-0.456259205694157,0.356261358912132,0.812520564606289
"7",7,"Eucalyptus diversicolor small","Eucalyptus guilfoylei small",-0.0420453653634718,0.884045859749671,0.712071704571493,0.832728449154855,0.901774203905605,0.957877020550033,0.984983431684095,"Frankland","small","small","small_small","Eucalyptus diversicolor","Eucalyptus guilfoylei","between","between_species_small_small","Eucalyptus diversicolor small_Eucalyptus guilfoylei small",0.0511110407870085,NA,-0.142115169054332,0.0582364292554562,0.200351598309789
"8",8,"Eucalyptus diversicolor small","Eucalyptus guilfoylei large",-0.0334997894937243,0.89679148292737,0.706220683836682,0.835459257766025,0.936154561601301,0.970206411134872,0.994209715612801,"Frankland","small","large","large_small","Eucalyptus diversicolor","Eucalyptus guilfoylei","between","between_species_large_small","Eucalyptus diversicolor small_Eucalyptus guilfoylei large",0.0768863198366218,NA,-0.18418263419083,0.117206201376382,0.301388835567212
"9",9,"Eucalyptus guilfoylei large","Allocasuarina decussata small",0.0867968458907721,1.65883678133358,1.25451800132138,1.50215891461747,1.68608584347583,1.87321465979036,1.9375206706534,"Frankland","large","small","large_small","Eucalyptus guilfoylei","Allocasuarina decussata","between","between_species_large_small","Eucalyptus guilfoylei large_Allocasuarina decussata small",0.244564285206987,NA,-0.385739252069923,0.57293512975103,0.958674381820953
"10",10,"Eucalyptus diversicolor small","Allocasuarina decussata small",0.10268649000422,1.87033919156753,1.0633543142948,1.30841880991999,1.92956199438864,2.23784077108797,2.67879678495532,"Frankland","small","small","small_small","Eucalyptus diversicolor","Allocasuarina decussata","between","between_species_small_small","Eucalyptus diversicolor small_Allocasuarina decussata small",0.0970952248825887,NA,-0.0906528716263054,0.289953416055077,0.380606287681382
"11",11,"Eucalyptus guilfoylei small","Eucalyptus guilfoylei large",0.132141153595825,2.73896080311127,1.10987199760145,1.63121090586481,2.91311498600099,3.69329836581541,4.42386421957125,"Frankland","small","large","large_small","Eucalyptus guilfoylei","Eucalyptus guilfoylei","within","within_species_large_small","Eucalyptus guilfoylei small_Eucalyptus guilfoylei large",0.10790300112222,NA,-0.0842424742011874,0.338729517845486,0.422971992046673
"12",12,"Eucalyptus guilfoylei small","Eucalyptus guilfoylei small",0.2361603338553,2.8471093159047,1.03281446039171,2.07117583086846,2.4885782388325,3.28365554123445,6.8457853090491,"Frankland","small","small","small_small","Eucalyptus guilfoylei","Eucalyptus guilfoylei","within","within_species_small_small","Eucalyptus guilfoylei small_Eucalyptus guilfoylei small",0.0960019614038845,1,0.0559964386476664,0.432317212241302,0.376320773593636
"13",13,"Eucalyptus diversicolor large","Allocasuarina decussata small",0.236185315076866,2.96619458096318,1.57820144293479,2.32458495973168,3.0663166828742,3.47286765676635,4.16098757059414,"Frankland","large","small","large_small","Eucalyptus diversicolor","Allocasuarina decussata","between","between_species_large_small","Eucalyptus diversicolor large_Allocasuarina decussata small",0.273417440335172,NA,-0.302715045475833,0.769061626128298,1.07177667160413
"14",14,"Eucalyptus guilfoylei small","Allocasuarina decussata small",0.312916028315277,33.5666855040554,6.63549835198175,15.177366315852,36.1632676754937,43.4924247158517,83.6766448513009,"Frankland","small","small","small_small","Eucalyptus guilfoylei","Allocasuarina decussata","between","between_species_small_small","Eucalyptus guilfoylei small_Allocasuarina decussata small",0.1598470233454,NA,-0.00635211747099751,0.620236700114837,0.626588817585834
"15",15,"Eucalyptus diversicolor small","Eucalyptus diversicolor small",0.409647305729852,17.1294936842366,2.5039827156441,8.57102827364025,14.2756805710923,25.1821664839509,37.19505844313,"Frankland","small","small","small_small","Eucalyptus diversicolor","Eucalyptus diversicolor","within","within_species_small_small","Eucalyptus diversicolor small_Eucalyptus diversicolor small",0.0897812302494977,1,0.229019226025152,0.580955181578579,0.351935955553427
"16",16,"Eucalyptus diversicolor large","Eucalyptus diversicolor large",-0.398008979882339,0.251061195860237,0.100721957865607,0.193239720171355,0.250086347841899,0.313947196156133,0.491695689334453,"Collins","large","large","large_large","Eucalyptus diversicolor","Eucalyptus diversicolor","within","within_species_large_large","Eucalyptus diversicolor large_Eucalyptus diversicolor large",0.213853937737893,NA,-0.810779647697897,0.0275123841387861,0.838292031836683
"17",17,"Eucalyptus diversicolor large","Eucalyptus diversicolor small",-0.041326951891652,0.854014712521211,0.813024384235619,0.833615311057335,0.853987889063172,0.868456854518647,0.915596772507612,"Collins","large","small","large_small","Eucalyptus diversicolor","Eucalyptus diversicolor","within","within_species_large_small","Eucalyptus diversicolor large_Eucalyptus diversicolor small",0.0910398849175153,NA,-0.218717012780864,0.138152778409139,0.356869791190003
"18",18,"Eucalyptus diversicolor small","Eucalyptus diversicolor small",0.332072714513985,8.2900090020842,1.92814040332839,5.125429072315,6.9492059856295,9.43020616778928,23.1457162404858,"Collins","small","small","small_small","Eucalyptus diversicolor","Eucalyptus diversicolor","within","within_species_small_small","Eucalyptus diversicolor small_Eucalyptus diversicolor small",0.0735058272583785,1,0.185598328065147,0.473735876225636,0.288137548160489
"19",19,"Allocasuarina decussata large","Allocasuarina decussata large",0.00380271292745793,0.976825603080948,0.966453978287216,0.971376739757,0.977321800636819,0.981640640960698,0.990320828246833,"Clare","large","large","large_large","Allocasuarina decussata","Allocasuarina decussata","within","within_species_large_large","Allocasuarina decussata large_Allocasuarina decussata large",0.231218545855233,NA,-0.450795319365647,0.455564725502312,0.906360044867959
"20",20,"Allocasuarina decussata small","Allocasuarina decussata large",0.0430755086427046,1.29070800986017,1.11589624539429,1.17487514972365,1.28972537355304,1.38376956184615,1.53374732673409,"Clare","small","large","large_small","Allocasuarina decussata","Allocasuarina decussata","within","within_species_large_small","Allocasuarina decussata small_Allocasuarina decussata large",0.107407434708118,NA,-0.165281169660277,0.255748237739222,0.421029407399499
"21",21,"Allocasuarina decussata small","Allocasuarina decussata small",0.210973176478871,2.984259406273,1.18773746124686,1.85544582761624,2.14727327167302,3.69038796544094,6.8763782837893,"Clare","small","small","small_small","Allocasuarina decussata","Allocasuarina decussata","within","within_species_small_small","Allocasuarina decussata small_Allocasuarina decussata small",0.0719011203444135,1,0.0743476432984941,0.356194855944755,0.281847212646261
"22",22,"Acacia melanoxylon small","Eucalyptus diversicolor small",-0.114760931033025,0.868950884952713,0.353025376235479,0.832725365831873,0.911409553965121,0.940470651834509,0.973744241561532,"Sutton","small","small","small_small","Acacia melanoxylon","Eucalyptus diversicolor","between","between_species_small_small","Acacia melanoxylon small_Eucalyptus diversicolor small",0.062962182597976,NA,-0.236784093247114,0.0100231273130214,0.246807220560135
"23",23,"Corymbia calophylla small","Eucalyptus diversicolor small",-0.0757617876496136,0.846573476748766,0.224629120347747,0.825022886480507,0.928591528153812,0.970921881609349,0.99536990538026,"Sutton","small","small","small_small","Corymbia calophylla","Eucalyptus diversicolor","between","between_species_small_small","Corymbia calophylla small_Eucalyptus diversicolor small",0.0241625159275575,1,-0.122374901717941,-0.0276595797301648,0.0947153219877763
"24",24,"Eucalyptus diversicolor large","Eucalyptus diversicolor small",-0.0607190055211925,0.767342864736873,0.561582184931639,0.709467719738101,0.756572027383112,0.833501910976301,0.948934577876852,"Sutton","large","small","large_small","Eucalyptus diversicolor","Eucalyptus diversicolor","within","within_species_large_small","Eucalyptus diversicolor large_Eucalyptus diversicolor small",0.0527257165334342,NA,-0.165930339086918,0.04075067184228,0.206681010929198
"25",25,"Acacia melanoxylon small","Eucalyptus diversicolor large",-0.0564463139029906,0.920408790429691,0.471524801547859,0.912856934861083,0.965575695533126,0.979440673134514,0.99115168738297,"Sutton","small","large","large_small","Acacia melanoxylon","Eucalyptus diversicolor","between","between_species_large_small","Acacia melanoxylon small_Eucalyptus diversicolor large",0.0652043888656778,NA,-0.184187822227261,0.0714086853940853,0.255596507621346
"26",26,"Eucalyptus diversicolor large","Eucalyptus diversicolor large",-0.050304101607365,1.16315302333302,0.924749945852146,1.08558066933946,1.1748255970945,1.24703376093191,1.4503727236303,"Sutton","large","large","large_large","Eucalyptus diversicolor","Eucalyptus diversicolor","within","within_species_large_large","Eucalyptus diversicolor large_Eucalyptus diversicolor large",0.111748611656709,NA,-0.273101626325993,0.164944882013013,0.438046508339006
"27",27,"Corymbia calophylla small","Eucalyptus diversicolor large",-0.00947444697529575,0.962992127136418,0.846492352998003,0.956144517139254,0.983435562533332,0.992017883225689,0.998356670669028,"Sutton","small","large","large_small","Corymbia calophylla","Eucalyptus diversicolor","between","between_species_large_small","Corymbia calophylla small_Eucalyptus diversicolor large",0.0306618258157668,NA,-0.0708653998701071,0.0493267487281797,0.120192148598287
"28",28,"Eucalyptus diversicolor small","Eucalyptus diversicolor small",-0.00290552294289511,1.75531606528723,1.13942829356213,1.3912364923687,1.69772755525762,2.00730857763569,2.84456030569741,"Sutton","small","small","small_small","Eucalyptus diversicolor","Eucalyptus diversicolor","within","within_species_small_small","Eucalyptus diversicolor small_Eucalyptus diversicolor small",0.105921310668572,NA,-0.209858802616272,0.205345105595088,0.41520390821136
"29",29,"Corymbia calophylla small","Acacia melanoxylon small",0.00223037795366417,1.00585463962751,1.00057988039022,1.00257033266481,1.00277402216846,1.00325227690806,1.04961831813732,"Sutton","small","small","small_small","Corymbia calophylla","Acacia melanoxylon","between","between_species_small_small","Corymbia calophylla small_Acacia melanoxylon small",0.0522808344928509,NA,-0.0976774837361481,0.107259621639226,0.204937105375374
"30",30,"Acacia melanoxylon small","Acacia melanoxylon small",0.443188910607368,48.9748039927307,1.13397778576307,5.06235877254478,54.8777120964719,70.4475423401576,117.05994895224,"Sutton","small","small","small_small","Acacia melanoxylon","Acacia melanoxylon","within","within_species_small_small","Acacia melanoxylon small_Acacia melanoxylon small",0.130603186745744,1,0.197820295876571,0.709775380452206,0.511955084575634
"31",31,"Corymbia calophylla small","Corymbia calophylla small",0.483143092008051,63.5039980474447,1.33826225581566,36.589178734857,56.1407155119697,96.6768695328932,142.385345377217,"Sutton","small","small","small_small","Corymbia calophylla","Corymbia calophylla","within","within_species_small_small","Corymbia calophylla small_Corymbia calophylla small",0.0705888061635489,1,0.349378651334844,0.626081686919314,0.27670303558447
"32",32,"Eucalyptus jacksonii large","Eucalyptus jacksonii large",-0.505854333481529,0.0406700631498072,4.06732152460837e-05,0.00019407748441918,0.00207878097368684,0.0220298042388604,0.850955476597154,"Giants","large","large","large_large","Eucalyptus jacksonii","Eucalyptus jacksonii","within","within_species_large_large","Eucalyptus jacksonii large_Eucalyptus jacksonii large",0.245351470944924,1,-0.983074486100563,-0.0213143928886108,0.961760093211953
"33",33,"Allocasuarina decussata large","Eucalyptus jacksonii large",-0.271894138199814,0.651624779271543,0.0945833304737533,0.523250486988408,0.730997333471332,0.824251501291075,0.925229603722558,"Giants","large","large","large_large","Allocasuarina decussata","Eucalyptus jacksonii","between","between_species_large_large","Allocasuarina decussata large_Eucalyptus jacksonii large",0.140138344633543,1,-0.550083898680286,-0.00075168201067477,0.549332216669612
"34",34,"Allocasuarina decussata large","Allocasuarina decussata large",-0.143419899386828,0.94992624915718,0.660154783953242,0.744334028737723,0.942206113283287,1.0756396881599,1.48623765368246,"Giants","large","large","large_large","Allocasuarina decussata","Allocasuarina decussata","within","within_species_large_large","Allocasuarina decussata large_Allocasuarina decussata large",0.194955307786595,NA,-0.536213132985784,0.227997630727511,0.764210763713295
"35",35,"Allocasuarina decussata small","Eucalyptus jacksonii small",-0.0273265602300306,0.93279935227087,0.721010778131397,0.93155344136394,0.953359651933848,0.964958110356922,0.981553961553958,"Giants","small","small","small_small","Allocasuarina decussata","Eucalyptus jacksonii","between","between_species_small_small","Allocasuarina decussata small_Eucalyptus jacksonii small",0.0497118709639424,NA,-0.124357796135715,0.0705091572511445,0.194866953386859
"36",36,"Allocasuarina decussata small","Eucalyptus jacksonii large",-0.0179303539150118,0.945275760787589,0.769313057505452,0.929771329146988,0.959468670391293,0.975390972007856,0.988807427709886,"Giants","small","large","large_small","Allocasuarina decussata","Eucalyptus jacksonii","between","between_species_large_small","Allocasuarina decussata small_Eucalyptus jacksonii large",0.0865326293965333,NA,-0.189020142937315,0.150181531272199,0.339201674209514
"37",37,"Allocasuarina decussata large","Allocasuarina decussata small",-0.0169710766263507,0.939613394020632,0.855596553056209,0.923758647870906,0.939812414252052,0.958058252800836,0.994939659687523,"Giants","large","small","large_small","Allocasuarina decussata","Allocasuarina decussata","within","within_species_large_small","Allocasuarina decussata large_Allocasuarina decussata small",0.0567804666168006,NA,-0.129163176417425,0.0934121627711912,0.222575339188616
"38",38,"Allocasuarina decussata large","Eucalyptus jacksonii small",-0.0106247387032988,0.985035214282252,0.916125690565474,0.983720489070295,0.989490022170925,0.993444799029163,0.997358650838329,"Giants","large","small","large_small","Allocasuarina decussata","Eucalyptus jacksonii","between","between_species_large_small","Allocasuarina decussata large_Eucalyptus jacksonii small",0.0889391959305096,NA,-0.186341229626677,0.162294012048823,0.3486352416755
"39",39,"Allocasuarina decussata small","Allocasuarina decussata small",0.326730882698992,9.85762122702542,1.48081165439941,4.15662933989407,9.28005344198525,13.2287769387036,23.1560914784685,"Giants","small","small","small_small","Allocasuarina decussata","Allocasuarina decussata","within","within_species_small_small","Allocasuarina decussata small_Allocasuarina decussata small",0.0697821194177214,1,0.192294744769462,0.465835626416676,0.273540881647214
"40",40,"Eucalyptus jacksonii small","Eucalyptus jacksonii small",0.336678256405725,0.696621759337177,0.110808568795762,0.263659853575419,0.41688469640437,0.725678926306651,3.61511442948039,"Giants","small","small","small_small","Eucalyptus jacksonii","Eucalyptus jacksonii","within","within_species_small_small","Eucalyptus jacksonii small_Eucalyptus jacksonii small",0.0838313681837761,1,0.171106948507998,0.499719873337834,0.328612924829836
"41",41,"Eucalyptus jacksonii small","Eucalyptus jacksonii large",0.369955659268524,21.1857443786766,1.19467420925839,4.36200809630914,17.942118127666,35.2816390711923,80.1939166072216,"Giants","small","large","large_small","Eucalyptus jacksonii","Eucalyptus jacksonii","within","within_species_large_small","Eucalyptus jacksonii small_Eucalyptus jacksonii large",0.136696500515524,1,0.0987669041886224,0.634607339834799,0.535840435646177
"42",42,"Eucalyptus diversicolor large","Eucalyptus diversicolor small",-0.23354325692365,0.422651308116253,0.153547598472861,0.327814295301153,0.432693512558897,0.500359180315734,0.666830564695342,"Warren","large","small","large_small","Eucalyptus diversicolor","Eucalyptus diversicolor","within","within_species_large_small","Eucalyptus diversicolor large_Eucalyptus diversicolor small",0.0726904582182054,1,-0.37751463887552,-0.0925732786207282,0.284941360254792
"43",43,"Eucalyptus diversicolor large","Eucalyptus diversicolor large",-0.139972988340396,1.08704252559228,0.664407222694466,0.917576821900507,1.10333915043077,1.24414745734921,1.59293005884664,"Warren","large","large","large_large","Eucalyptus diversicolor","Eucalyptus diversicolor","within","within_species_large_large","Eucalyptus diversicolor large_Eucalyptus diversicolor large",0.122387409492607,NA,-0.381202185446107,0.0985476440872224,0.479749829533329
"44",44,"Trymalium odoratissimum small","Eucalyptus diversicolor small",-0.0912002977255596,0.758441203005215,0.490906556471994,0.666385300650807,0.781920654541311,0.855571454178208,0.957866934427209,"Warren","small","small","small_small","Trymalium odoratissimum","Eucalyptus diversicolor","between","between_species_small_small","Trymalium odoratissimum small_Eucalyptus diversicolor small",0.0584831307061161,NA,-0.202374484949508,0.0268751748247641,0.229249659774272
"45",45,"Trymalium odoratissimum small","Eucalyptus diversicolor large",-0.045023610942484,0.856836773519282,0.676838372811061,0.810178344863946,0.852716453204291,0.914012438330885,0.978023495090019,"Warren","small","large","large_small","Trymalium odoratissimum","Eucalyptus diversicolor","between","between_species_large_small","Trymalium odoratissimum small_Eucalyptus diversicolor large",0.0518923566456665,NA,-0.146788946563449,0.0566253536333784,0.203414300196828
"46",46,"Eucalyptus diversicolor small","Eucalyptus diversicolor small",0.0364162978028879,2.66970509706465,1.5672448720799,2.06637843368616,2.49116622091398,3.17929756088911,4.12662703625879,"Warren","small","small","small_small","Eucalyptus diversicolor","Eucalyptus diversicolor","within","within_species_small_small","Eucalyptus diversicolor small_Eucalyptus diversicolor small",0.126421877518304,NA,-0.21553841137248,0.280026242215138,0.495564653587618
"47",47,"Trymalium odoratissimum small","Trymalium odoratissimum small",0.36807901376287,16.0132188140878,1.34460554839995,5.83983096135055,11.556403041912,25.2703375315284,45.9709424153064,"Warren","small","small","small_small","Trymalium odoratissimum","Trymalium odoratissimum","within","within_species_small_small","Trymalium odoratissimum small_Trymalium odoratissimum small",0.0728883816164248,1,0.224767330283925,0.510484536003133,0.285717205719208
"48",48,"Allocasuarina decussata large","Eucalyptus diversicolor large",-0.169847565952193,0.726178610643925,0.421403490977136,0.679575695618552,0.728642565350761,0.784141765125692,0.922307012007369,"Dawson","large","large","large_large","Allocasuarina decussata","Eucalyptus diversicolor","between","between_species_large_large","Allocasuarina decussata large_Eucalyptus diversicolor large",0.142318740242852,NA,-0.448006774330791,0.109872436071412,0.557879210402203
"49",49,"Eucalyptus diversicolor large","Eucalyptus diversicolor large",-0.147534255919264,0.572008217524912,0.410379148880917,0.497335715112858,0.555954228040257,0.637404300107027,0.829952734525343,"Dawson","large","large","large_large","Eucalyptus diversicolor","Eucalyptus diversicolor","within","within_species_large_large","Eucalyptus diversicolor large_Eucalyptus diversicolor large",0.151591883612701,NA,-0.445300961050096,0.148928303408866,0.594229264458963
"50",50,"Eucalyptus diversicolor small","Allocasuarina decussata small",-0.027390415931791,0.89650039288132,0.809834078829433,0.865584441357188,0.897928840433446,0.925286093575863,0.979958206513764,"Dawson","small","small","small_small","Eucalyptus diversicolor","Allocasuarina decussata","between","between_species_small_small","Eucalyptus diversicolor small_Allocasuarina decussata small",0.0682193188440422,NA,-0.16031673367052,0.107098082297835,0.267414815968355
"51",51,"Eucalyptus diversicolor large","Allocasuarina decussata small",-0.0126084360454543,0.953010486452812,0.916874181946866,0.940166640777012,0.953478831820811,0.963202809804109,0.989695445402236,"Dawson","large","small","large_small","Eucalyptus diversicolor","Allocasuarina decussata","between","between_species_large_small","Eucalyptus diversicolor large_Allocasuarina decussata small",0.0861675996769731,NA,-0.184089468432204,0.15368131557006,0.337770784002265
"52",52,"Allocasuarina decussata large","Eucalyptus diversicolor small",-0.00764578505647712,0.984564653237745,0.950202005004195,0.982835585655825,0.986098769279415,0.987595489385713,0.997310473431623,"Dawson","large","small","large_small","Allocasuarina decussata","Eucalyptus diversicolor","between","between_species_large_small","Allocasuarina decussata large_Eucalyptus diversicolor small",0.106605807629528,NA,-0.215791608883486,0.202095478109875,0.417887086993361
"53",53,"Eucalyptus diversicolor small","Eucalyptus diversicolor large",0.0614624640338005,1.33598467749336,1.05392680183515,1.17028245685156,1.28185152824355,1.49478634246942,1.891492700657,"Dawson","small","large","large_small","Eucalyptus diversicolor","Eucalyptus diversicolor","within","within_species_large_small","Eucalyptus diversicolor small_Eucalyptus diversicolor large",0.0919777293264301,NA,-0.117218800797801,0.243327272921352,0.360546073719153
"54",54,"Allocasuarina decussata small","Allocasuarina decussata large",0.0779923841309225,1.77953525253167,1.22969982463153,1.58288270557863,1.71798985652285,2.01005659279246,2.54679979104612,"Dawson","small","large","large_small","Allocasuarina decussata","Allocasuarina decussata","within","within_species_large_small","Allocasuarina decussata small_Allocasuarina decussata large",0.116319820069641,NA,-0.150203248576322,0.305762067473027,0.45596531604935
"55",55,"Eucalyptus diversicolor small","Eucalyptus diversicolor small",0.182106393208751,2.33989623652234,1.23390402189208,1.88835653059457,2.27361574035944,2.68975210528501,3.97979229956591,"Dawson","small","small","small_small","Eucalyptus diversicolor","Eucalyptus diversicolor","within","within_species_small_small","Eucalyptus diversicolor small_Eucalyptus diversicolor small",0.0956490557212562,NA,-0.00476275606835935,0.370174652669494,0.374937408737854
"56",56,"Allocasuarina decussata small","Allocasuarina decussata small",0.222068452791509,4.15018099217054,1.54964296201365,2.79975099563164,4.01693108278547,4.52920766426845,9.06056461375076,"Dawson","small","small","small_small","Allocasuarina decussata","Allocasuarina decussata","within","within_species_small_small","Allocasuarina decussata small_Allocasuarina decussata small",0.0954932446426662,1,0.0424625683156758,0.416789208848672,0.374326640532996
"57",57,"Allocasuarina decussata large","Allocasuarina decussata large",0.222190798507734,2.447108404892,1.36863243485391,1.5340903160854,1.70727769431929,2.91952093739372,4.87045419234474,"Dawson","large","large","large_large","Allocasuarina decussata","Allocasuarina decussata","within","within_species_large_large","Allocasuarina decussata large_Allocasuarina decussata large",0.193127407939507,NA,-0.163128911008035,0.593916616969983,0.757045527978018
"58",58,"Eucalyptus diversicolor large","Eucalyptus diversicolor large",-0.979408234333753,0.0718373072183748,0.0152416228930301,0.0290429211783547,0.0489113135926211,0.110081251075463,0.229982827050089,"Carey","large","large","large_large","Eucalyptus diversicolor","Eucalyptus diversicolor","within","within_species_large_large","Eucalyptus diversicolor large_Eucalyptus diversicolor large",0.492074355819616,1,-1.94326243714227,-0.0143664068978823,1.92889603024439
"59",59,"Eucalyptus diversicolor small","Trymalium odoratissimum small",-0.0715947448715478,0.82078415824751,0.519818719870108,0.743117197013855,0.845705826848447,0.899628944416516,0.972750767388164,"Carey","small","small","small_small","Eucalyptus diversicolor","Trymalium odoratissimum","between","between_species_small_small","Eucalyptus diversicolor small_Trymalium odoratissimum small",0.0651390455721653,NA,-0.199439231668527,0.0559011349489879,0.255340366617514
"60",60,"Eucalyptus diversicolor large","Trymalium odoratissimum small",-0.0240420385928749,0.933340024610488,0.883970776205431,0.922796713973431,0.934426461605859,0.939489177718767,0.97654977221795,"Carey","large","small","large_small","Eucalyptus diversicolor","Trymalium odoratissimum","between","between_species_large_small","Eucalyptus diversicolor large_Trymalium odoratissimum small",0.16615830188634,NA,-0.35049150406822,0.300837070790901,0.65132857485912
"61",61,"Eucalyptus diversicolor small","Eucalyptus diversicolor large",0.134884784256098,1.70653055012154,1.08970533514372,1.37336635267528,1.48689628203138,1.80012455434118,2.97844801174629,"Carey","small","large","large_small","Eucalyptus diversicolor","Eucalyptus diversicolor","within","within_species_large_small","Eucalyptus diversicolor small_Eucalyptus diversicolor large",0.177851647635413,NA,-0.214402363761598,0.482763284151438,0.697165647913037
"62",62,"Eucalyptus diversicolor small","Eucalyptus diversicolor small",0.218380684946571,2.62569862689207,1.05746276927781,1.85727513595145,2.41039648312144,3.5738919420459,4.86523896731228,"Carey","small","small","small_small","Eucalyptus diversicolor","Eucalyptus diversicolor","within","within_species_small_small","Eucalyptus diversicolor small_Eucalyptus diversicolor small",0.100861967922669,1,0.0188695273724723,0.414241176449004,0.395371649076531
"63",63,"Trymalium odoratissimum small","Trymalium odoratissimum small",0.218818593396351,3.68481183697057,1.63433785884556,2.52381927178174,3.72969582087638,4.74293967659802,6.46967422638611,"Carey","small","small","small_small","Trymalium odoratissimum","Trymalium odoratissimum","within","within_species_small_small","Trymalium odoratissimum small_Trymalium odoratissimum small",0.0925375977018673,1,0.0381218615446466,0.400862578967679,0.362740717423033
"64",64,"Eucalyptus diversicolor large","Eucalyptus diversicolor large",-0.347624081820736,0.112513925638811,0.0249219489392796,0.0435013965330345,0.0899047962062432,0.16233996601781,0.45775648413758,"Dombakup","large","large","large_large","Eucalyptus diversicolor","Eucalyptus diversicolor","within","within_species_large_large","Eucalyptus diversicolor large_Eucalyptus diversicolor large",0.263661027510614,NA,-0.861133136604274,0.172399099490979,1.03353223609525
"65",65,"Allocasuarina decussata large","Trymalium odoratissimum small",-0.176873528551703,0.537270067995091,0.260192532115138,0.455138116918183,0.529326425288103,0.62602013172416,0.761852740690985,"Dombakup","large","small","large_small","Allocasuarina decussata","Trymalium odoratissimum","between","between_species_large_small","Allocasuarina decussata large_Trymalium odoratissimum small",0.0885085249889506,1,-0.350313603252415,-0.00336656064620208,0.346947042606213
"66",66,"Allocasuarina decussata large","Allocasuarina decussata large",-0.162311686833757,0.720719683836744,0.495786256892029,0.613841098287152,0.677828772012153,0.834990971555551,1.18957639493909,"Dombakup","large","large","large_large","Allocasuarina decussata","Allocasuarina decussata","within","within_species_large_large","Allocasuarina decussata large_Allocasuarina decussata large",0.165827290334584,NA,-0.489869904520425,0.160161128898879,0.650031033419304
"67",67,"Eucalyptus diversicolor small","Allocasuarina decussata large",-0.147462056604344,0.568816534902426,0.309400090299733,0.462243346985594,0.557539665285342,0.650759655536467,0.939747365186858,"Dombakup","small","large","large_small","Eucalyptus diversicolor","Allocasuarina decussata","between","between_species_large_small","Eucalyptus diversicolor small_Allocasuarina decussata large",0.10512868000596,NA,-0.352940726497417,0.0591561266104194,0.412096853107836
"68",68,"Eucalyptus diversicolor small","Trymalium odoratissimum small",-0.0970022892705521,0.739300337199547,0.445852468074893,0.643917632037699,0.700025630054353,0.87516622168188,0.961833989066413,"Dombakup","small","small","small_small","Eucalyptus diversicolor","Trymalium odoratissimum","between","between_species_small_small","Eucalyptus diversicolor small_Trymalium odoratissimum small",0.0710777869679426,NA,-0.233113584582285,0.0455062205336705,0.278619805115956
"69",69,"Allocasuarina decussata large","Allocasuarina decussata small",-0.0160523005598971,0.937844291672168,0.886485226490598,0.923595896852272,0.935652995812833,0.95836381581785,0.974419027191043,"Dombakup","large","small","large_small","Allocasuarina decussata","Allocasuarina decussata","within","within_species_large_small","Allocasuarina decussata large_Allocasuarina decussata small",0.0575568278689925,NA,-0.12775423821203,0.0978643811631629,0.225618619375193
"70",70,"Trymalium odoratissimum small","Allocasuarina decussata small",-0.00995579761484722,0.954749683650024,0.883765872120221,0.944485548310275,0.961882178169269,0.970840831452995,0.990091530926864,"Dombakup","small","small","small_small","Trymalium odoratissimum","Allocasuarina decussata","between","between_species_small_small","Trymalium odoratissimum small_Allocasuarina decussata small",0.0329529431421104,NA,-0.0748935231591066,0.0542796403271584,0.129173163486265
"71",71,"Eucalyptus diversicolor small","Eucalyptus diversicolor small",-0.00724095954952532,1.08888312864837,0.993860315788196,1.06038824651283,1.09165752822588,1.11861991151382,1.19468453971199,"Dombakup","small","small","small_small","Eucalyptus diversicolor","Eucalyptus diversicolor","within","within_species_small_small","Eucalyptus diversicolor small_Eucalyptus diversicolor small",0.155405043165508,NA,-0.306909639419252,0.302266935821326,0.609176575240577
"72",72,"Allocasuarina decussata small","Eucalyptus diversicolor large",0.00656827718945555,1.04543029834514,1.01214578878512,1.03112622440729,1.04200331661647,1.05972251237775,1.10370537610483,"Dombakup","small","large","large_small","Allocasuarina decussata","Eucalyptus diversicolor","between","between_species_large_small","Allocasuarina decussata small_Eucalyptus diversicolor large",0.09828113715152,NA,-0.187740614912829,0.197514363440413,0.385254978353241
"73",73,"Allocasuarina decussata small","Eucalyptus diversicolor small",0.0261025017727714,1.18893132961399,1.04691535088439,1.124153605603,1.17143197739866,1.22863849352776,1.52122296406548,"Dombakup","small","small","small_small","Allocasuarina decussata","Eucalyptus diversicolor","between","between_species_small_small","Allocasuarina decussata small_Eucalyptus diversicolor small",0.0496848518177005,NA,-0.0718885213360644,0.12287251894374,0.194761040279805
"74",74,"Trymalium odoratissimum small","Eucalyptus diversicolor large",0.0812870409529025,1.5996457189026,1.12677624025717,1.34359680126671,1.46159210313216,1.86788932580774,2.53603063925241,"Dombakup","small","large","large_small","Trymalium odoratissimum","Eucalyptus diversicolor","between","between_species_large_small","Trymalium odoratissimum small_Eucalyptus diversicolor large",0.0766074822557991,NA,-0.0739752818949667,0.226320530440348,0.300295812335315
"75",75,"Eucalyptus diversicolor small","Eucalyptus diversicolor large",0.192308448201416,2.69598692653536,1.05007649947342,1.83162542879354,2.52702496865678,3.39766856066458,4.92975067818861,"Dombakup","small","large","large_small","Eucalyptus diversicolor","Eucalyptus diversicolor","within","within_species_large_small","Eucalyptus diversicolor small_Eucalyptus diversicolor large",0.158912620859528,NA,-0.121605339417568,0.501320687729519,0.622926027147087
"76",76,"Allocasuarina decussata large","Eucalyptus diversicolor large",0.226375868473812,3.57587917805119,1.53788296592972,2.64914365489523,3.47853864054754,4.45506632902959,5.7573059856876,"Dombakup","large","large","large_large","Allocasuarina decussata","Eucalyptus diversicolor","between","between_species_large_large","Allocasuarina decussata large_Eucalyptus diversicolor large",0.158845002298069,NA,-0.0882752153683533,0.53438575188844,0.622660967256793
"77",77,"Trymalium odoratissimum small","Trymalium odoratissimum small",0.371945188039386,35.9207909264309,2.8812866914285,13.0523059290106,25.1052087352739,58.6452012623911,86.3593682834664,"Dombakup","small","small","small_small","Trymalium odoratissimum","Trymalium odoratissimum","within","within_species_small_small","Trymalium odoratissimum small_Trymalium odoratissimum small",0.108875971824284,1,0.164464843482742,0.59125081059753,0.426785967114789
"78",78,"Allocasuarina decussata small","Allocasuarina decussata small",0.401038106408037,19.0760180099759,1.86758536074447,7.88951500725603,11.5246492335384,20.9392605493276,71.1131227998596,"Dombakup","small","small","small_small","Allocasuarina decussata","Allocasuarina decussata","within","within_species_small_small","Allocasuarina decussata small_Allocasuarina decussata small",0.0602253762792498,1,0.284073408819408,0.520152545744813,0.236079136925405
"79",79,"Eucalyptus obliqua large","Eucalyptus obliqua large",-0.47679618164423,0.138093667516341,0.0368051050597924,0.0556047515786976,0.108177045843012,0.2030103416216,0.372358714021062,"Dip","large","large","large_large","Eucalyptus obliqua","Eucalyptus obliqua","within","within_species_large_large","Eucalyptus obliqua large_Eucalyptus obliqua large",0.493951930013407,NA,-1.445295334658,0.490960651182654,1.93625598584065
"80",80,"Acacia melanoxylon large","Eucalyptus obliqua small",-0.428107108779815,0.360829522521535,0.123678277092393,0.289505438019442,0.357791822596198,0.459481168963664,0.639178321463773,"Dip","large","small","large_small","Acacia melanoxylon","Eucalyptus obliqua","between","between_species_large_small","Acacia melanoxylon large_Eucalyptus obliqua small",0.246940967071307,NA,-0.91533459271127,0.0526562108232366,0.967990803534507
"81",81,"Acacia melanoxylon large","Acacia melanoxylon large",-0.384927043520823,0.386531324782913,0.0881265073813106,0.254140609155124,0.378020818115425,0.493242579400503,0.858675888455079,"Dip","large","large","large_large","Acacia melanoxylon","Acacia melanoxylon","within","within_species_large_large","Acacia melanoxylon large_Acacia melanoxylon large",0.349424554073842,NA,-1.07011136191849,0.299607720678905,1.3697190825974
"82",82,"Acacia melanoxylon large","Eucalyptus obliqua large",-0.349314418927509,0.361743891417386,0.222528928905255,0.298084347508633,0.349364049844633,0.41848368311217,0.538123261932478,"Dip","large","large","large_large","Acacia melanoxylon","Eucalyptus obliqua","between","between_species_large_large","Acacia melanoxylon large_Eucalyptus obliqua large",0.299178000003492,NA,-0.933620972989119,0.239135236958018,1.17275620994714
"83",83,"Acacia melanoxylon small","Acacia melanoxylon small",-0.307500480305955,0.436239994636935,0.2201795829934,0.312634385912952,0.406948213276647,0.509252551546047,1.03280486922667,"Dip","small","small","small_small","Acacia melanoxylon","Acacia melanoxylon","within","within_species_small_small","Acacia melanoxylon small_Acacia melanoxylon small",0.233470704994463,NA,-0.76404106646151,0.151147280007138,0.915188346468648
"84",84,"Acacia melanoxylon small","Pomaderris apetala large",-0.269924792908698,0.523781847370481,0.242234260921527,0.402134517733694,0.499193593230214,0.647254185788456,0.863897454866477,"Dip","small","large","large_small","Acacia melanoxylon","Pomaderris apetala","between","between_species_large_small","Acacia melanoxylon small_Pomaderris apetala large",0.131614414016549,1,-0.526148477364042,-0.0102294547264816,0.515919022637561
"85",85,"Eucalyptus obliqua small","Eucalyptus obliqua small",-0.141934395641451,0.855580661872292,0.557704979780108,0.68053637467725,0.856949931384011,0.999988370282345,1.1628406669234,"Dip","small","small","small_small","Eucalyptus obliqua","Eucalyptus obliqua","within","within_species_small_small","Eucalyptus obliqua small_Eucalyptus obliqua small",0.217622770186683,NA,-0.575313560579993,0.277752022983478,0.853065583563471
"86",86,"Acacia melanoxylon large","Pomaderris apetala small",-0.0492194017256405,0.914344860011805,0.756198902099507,0.897634302539881,0.91608232284261,0.937925633632236,0.970133738074584,"Dip","large","small","large_small","Acacia melanoxylon","Pomaderris apetala","between","between_species_large_small","Acacia melanoxylon large_Pomaderris apetala small",0.050179171530649,NA,-0.148840014133784,0.0478587238144748,0.196698737948259
"87",87,"Eucalyptus obliqua small","Pomaderris apetala small",-0.0267072429379333,0.94485847343538,0.86087016877697,0.935632365901655,0.948489152127083,0.957266500286006,0.977155083374446,"Dip","small","small","small_small","Eucalyptus obliqua","Pomaderris apetala","between","between_species_small_small","Eucalyptus obliqua small_Pomaderris apetala small",0.0343728364912289,NA,-0.0958750154743411,0.0388640276642444,0.134739043138586
"88",88,"Eucalyptus obliqua large","Eucalyptus obliqua small",-0.00191700747050167,0.993966857977291,0.988834845491221,0.992399778358036,0.993891645534112,0.995394580911841,0.998635532023757,"Dip","large","small","large_small","Eucalyptus obliqua","Eucalyptus obliqua","within","within_species_large_small","Eucalyptus obliqua large_Eucalyptus obliqua small",0.239146022578062,NA,-0.466426405744993,0.471008776853016,0.937435182598009
"89",89,"Pomaderris apetala small","Acacia melanoxylon small",0.00151742184331222,1.03462339847329,1.00774168059181,1.01775741426809,1.03625783082175,1.04871719287825,1.06578270186491,"Dip","small","small","small_small","Pomaderris apetala","Acacia melanoxylon","between","between_species_small_small","Pomaderris apetala small_Acacia melanoxylon small",0.0403673871158357,NA,-0.0778068334755569,0.0804304163184915,0.158237249794048
"90",90,"Pomaderris apetala small","Eucalyptus obliqua large",0.00426418969836811,1.13376081228117,1.03413244414525,1.09369795390698,1.14501972549643,1.16690640454612,1.22853638009295,"Dip","small","large","large_small","Pomaderris apetala","Eucalyptus obliqua","between","between_species_large_small","Pomaderris apetala small_Eucalyptus obliqua large",0.0534101285482376,NA,-0.0998787363946041,0.109485120333797,0.209363856728401
"91",91,"Pomaderris apetala large","Pomaderris apetala large",0.0501456945441051,0.0897350879779831,0.0124745880058837,0.0235316372644518,0.0482353863237834,0.122816241575491,0.66654952644501,"Dip","large","large","large_large","Pomaderris apetala","Pomaderris apetala","within","within_species_large_large","Pomaderris apetala large_Pomaderris apetala large",0.121174372357864,NA,-0.180328834444379,0.294665976896938,0.474994811341317
"92",92,"Pomaderris apetala large","Eucalyptus obliqua small",0.0519826971074758,1.58262669934271,1.15767253577627,1.34972608168107,1.48507017557368,1.82363440177639,2.31868288757143,"Dip","large","small","large_small","Pomaderris apetala","Eucalyptus obliqua","between","between_species_large_small","Pomaderris apetala large_Eucalyptus obliqua small",0.121046241682891,NA,-0.180948005335579,0.293544542989216,0.474492548324795
"93",93,"Acacia melanoxylon small","Eucalyptus obliqua small",0.0543595523128526,1.23352684118418,1.03595981278422,1.14463059778976,1.23920693289327,1.32888607481899,1.49355516654108,"Dip","small","small","small_small","Acacia melanoxylon","Eucalyptus obliqua","between","between_species_small_small","Acacia melanoxylon small_Eucalyptus obliqua small",0.165822727712958,NA,-0.26919993500034,0.380813213270841,0.650013148271181
"94",94,"Pomaderris apetala small","Pomaderris apetala large",0.10747134631941,4.93217607553823,1.97702147646917,3.30260657466955,4.3974454593824,5.59557007203382,11.0132174749837,"Dip","small","large","large_small","Pomaderris apetala","Pomaderris apetala","within","within_species_large_small","Pomaderris apetala small_Pomaderris apetala large",0.0336151660573082,1,0.0423110526861077,0.174080082299422,0.131769029613315
"95",95,"Pomaderris apetala large","Eucalyptus obliqua large",0.154480592773847,5.64188967270457,1.62926998127396,3.52696076954242,5.18450072557402,8.14557084578646,12.3253648931439,"Dip","large","large","large_large","Pomaderris apetala","Eucalyptus obliqua","between","between_species_large_large","Pomaderris apetala large_Eucalyptus obliqua large",0.168291602503517,NA,-0.174677358809817,0.485013600805031,0.659690959614849
"96",96,"Pomaderris apetala large","Acacia melanoxylon large",0.193530793219955,7.27937045879326,2.092408718914,4.27590014632377,5.34563808494432,9.51129286438712,16.6468735271261,"Dip","large","large","large_large","Pomaderris apetala","Acacia melanoxylon","between","between_species_large_large","Pomaderris apetala large_Acacia melanoxylon large",0.153371387812708,NA,-0.104821896491706,0.496382896251961,0.601204792743667
"97",97,"Acacia melanoxylon small","Acacia melanoxylon large",0.314715415629175,4.70805468603239,1.42441425138837,1.97620409411218,4.6440729307582,6.17189183731172,10.3790654515726,"Dip","small","large","large_small","Acacia melanoxylon","Acacia melanoxylon","within","within_species_large_small","Acacia melanoxylon small_Acacia melanoxylon large",0.261795809828471,NA,-0.201285358866803,0.824935358267795,1.0262207171346
"98",98,"Acacia melanoxylon small","Eucalyptus obliqua large",0.346994305422091,4.90772296989261,1.41408333030567,2.98755025221598,4.5651032927943,6.22849378622555,12.4692760428386,"Dip","small","large","large_small","Acacia melanoxylon","Eucalyptus obliqua","between","between_species_large_small","Acacia melanoxylon small_Eucalyptus obliqua large",0.262257099182201,NA,-0.164270204234749,0.863758733939377,1.02802893817413
"99",99,"Pomaderris apetala small","Pomaderris apetala small",0.541394301775547,48.6559850691443,2.70239750728865,26.1423997558416,42.2065561717406,63.095026816529,180.234438458914,"Dip","small","small","small_small","Pomaderris apetala","Pomaderris apetala","within","within_species_small_small","Pomaderris apetala small_Pomaderris apetala small",0.0472323675389361,1,0.420573055787224,0.605720534348971,0.185147478561747
"100",100,"Eucalyptus regnans small","Acacia melanoxylon large",-0.23441814127491,0.490661094947876,0.140358356247598,0.312391176632575,0.479270754946504,0.666098244878209,0.91133384026837,"Weld","small","large","large_small","Eucalyptus regnans","Acacia melanoxylon","between","between_species_large_small","Eucalyptus regnans small_Acacia melanoxylon large",0.155412263433176,NA,-0.5337111625177,0.0754937156520533,0.609204878169753
"101",101,"Eucalyptus regnans small","Eucalyptus regnans small",-0.21676731414456,0.240816668698734,0.0802206468681111,0.10703194574918,0.245636423906374,0.326020651795218,0.527408026466468,"Weld","small","small","small_small","Eucalyptus regnans","Eucalyptus regnans","within","within_species_small_small","Eucalyptus regnans small_Eucalyptus regnans small",0.325363222791329,NA,-0.853964437139589,0.421435959990185,1.27540039712977
"102",102,"Eucalyptus regnans large","Eucalyptus regnans large",-0.198067521476567,0.186657816048565,0.0876346453053675,0.11901134748415,0.185103739624621,0.234183455328191,0.336231934927838,"Weld","large","large","large_large","Eucalyptus regnans","Eucalyptus regnans","within","within_species_large_large","Eucalyptus regnans large_Eucalyptus regnans large",0.313493939976301,NA,-0.825735455692469,0.403138207757752,1.22887366345022
"103",103,"Eucalyptus obliqua small","Acacia melanoxylon small",-0.130648695274798,0.822925975890671,0.539291594883795,0.736777994259183,0.864397674490062,0.917354580026741,0.987431238005506,"Weld","small","small","small_small","Eucalyptus obliqua","Acacia melanoxylon","between","between_species_small_small","Eucalyptus obliqua small_Acacia melanoxylon small",0.0958112651647956,NA,-0.319528672071369,0.0560445860010638,0.375573258072433
"104",104,"Eucalyptus obliqua small","Pomaderris apetala small",-0.0798087169135696,0.923953371384794,0.6332287495573,0.924775903110551,0.9617736529914,0.972425525948569,0.991961207524721,"Weld","small","small","small_small","Eucalyptus obliqua","Pomaderris apetala","between","between_species_small_small","Eucalyptus obliqua small_Pomaderris apetala small",0.205324521119881,NA,-0.474338348241398,0.330518984834404,0.804857333075803
"105",105,"Acacia melanoxylon large","Acacia melanoxylon large",-0.0599274425341232,0.765323594029288,0.511982220063913,0.648449656543672,0.775852385465244,0.87366517001712,1.05080343406304,"Weld","large","large","large_large","Acacia melanoxylon","Acacia melanoxylon","within","within_species_large_large","Acacia melanoxylon large_Acacia melanoxylon large",0.140378154552513,NA,-0.336370444789862,0.213901809488383,0.550272254278245
"106",106,"Eucalyptus regnans large","Acacia melanoxylon large",-0.0434768721902934,0.853107115959302,0.714340439639621,0.807743030787058,0.870465570728461,0.903272214276753,0.968568983678056,"Weld","large","large","large_large","Eucalyptus regnans","Acacia melanoxylon","between","between_species_large_large","Eucalyptus regnans large_Acacia melanoxylon large",0.140426110394315,NA,-0.319604134552284,0.230856103171521,0.550460237723805
"107",107,"Pomaderris apetala small","Acacia melanoxylon small",-0.0324458252972445,0.947598308250058,0.725252021145663,0.932885236024094,0.973809922976115,0.994701083956965,0.999645078099234,"Weld","small","small","small_small","Pomaderris apetala","Acacia melanoxylon","between","between_species_small_small","Pomaderris apetala small_Acacia melanoxylon small",0.0366132550601239,NA,-0.10316125600374,0.0403600665455033,0.143521322549243
"108",108,"Eucalyptus obliqua small","Eucalyptus obliqua small",-0.0312305811424172,0.437127437039498,0.271824783502037,0.283192600985161,0.303537700679306,0.661985190271472,0.749189783129641,"Weld","small","small","small_small","Eucalyptus obliqua","Eucalyptus obliqua","within","within_species_small_small","Eucalyptus obliqua small_Eucalyptus obliqua small",0.517861822447484,NA,-1.04735091967662,0.982630122254067,2.02998104193069
"109",109,"Acacia melanoxylon small","Eucalyptus regnans small",0.00327180208299516,1.02135338365677,1.00132807769076,1.01114368063956,1.02224034715917,1.02998809372942,1.0460224135489,"Weld","small","small","small_small","Acacia melanoxylon","Eucalyptus regnans","between","between_species_small_small","Acacia melanoxylon small_Eucalyptus regnans small",0.0814194321370306,NA,-0.157593856540896,0.161564452719671,0.319158309260566
"110",110,"Acacia melanoxylon large","Pomaderris apetala small",0.0314708697336303,1.14766884685876,1.08510949824089,1.12022775235285,1.14449577831808,1.16802889882288,1.24268243519584,"Weld","large","small","large_small","Acacia melanoxylon","Pomaderris apetala","between","between_species_large_small","Acacia melanoxylon large_Pomaderris apetala small",0.065238224122419,NA,-0.096033697031272,0.159695442359315,0.255729139390587
"111",111,"Eucalyptus regnans large","Pomaderris apetala small",0.0559159925292263,1.21540708199565,1.05084782404567,1.16770074943805,1.21724987066884,1.26458543852894,1.34629818774332,"Weld","large","small","large_small","Eucalyptus regnans","Pomaderris apetala","between","between_species_large_small","Eucalyptus regnans large_Pomaderris apetala small",0.100015153331903,NA,-0.136519012673417,0.255533184204146,0.392052196877564
"112",112,"Acacia melanoxylon small","Acacia melanoxylon large",0.0601780514993923,1.56132202307822,1.05561263079209,1.43721522727908,1.57395917476485,1.71434648506042,2.00704097848158,"Weld","small","large","large_small","Acacia melanoxylon","Acacia melanoxylon","within","within_species_large_small","Acacia melanoxylon small_Acacia melanoxylon large",0.0622097062687846,NA,-0.061506207987969,0.182351359563298,0.243857567551267
"113",113,"Eucalyptus regnans small","Pomaderris apetala small",0.0828906122316871,1.30280391076536,1.03976127586574,1.14797147028298,1.21726462951484,1.46264592832624,1.69936808528555,"Weld","small","small","small_small","Eucalyptus regnans","Pomaderris apetala","between","between_species_small_small","Eucalyptus regnans small_Pomaderris apetala small",0.0930716535119359,NA,-0.100042906649717,0.264791271080253,0.36483417772997
"114",114,"Acacia melanoxylon small","Eucalyptus regnans large",0.0829721733243457,1.99984599841034,1.09245822059836,1.51172328406569,1.95144732207289,2.31885182748322,3.3426788580819,"Weld","small","large","large_small","Acacia melanoxylon","Eucalyptus regnans","between","between_species_large_small","Acacia melanoxylon small_Eucalyptus regnans large",0.0822785411198886,NA,-0.078912442356383,0.243613512234576,0.322525954590959
"115",115,"Acacia melanoxylon large","Eucalyptus obliqua small",0.170481891636337,2.52810788853452,1.54749626181022,1.9109506181758,2.34653040355784,2.58892131082408,4.63444154904955,"Weld","large","small","large_small","Acacia melanoxylon","Eucalyptus obliqua","between","between_species_large_small","Acacia melanoxylon large_Eucalyptus obliqua small",0.220788531507694,NA,-0.269174214513776,0.596300925395358,0.865475139909134
"116",116,"Eucalyptus regnans small","Eucalyptus regnans large",0.195477442081292,2.90412553815769,1.47543766535586,2.14492647807959,2.79396191354879,3.62760893090497,5.44133495570862,"Weld","small","large","large_small","Eucalyptus regnans","Eucalyptus regnans","within","within_species_large_small","Eucalyptus regnans small_Eucalyptus regnans large",0.204118351180511,NA,-0.202101118044024,0.598028115750978,0.800129233795001
"117",117,"Eucalyptus regnans large","Eucalyptus obliqua small",0.28128478668117,6.30516442957871,2.80409279275063,4.75859497963932,6.01867791722327,7.84832899464889,9.78117807406439,"Weld","large","small","large_small","Eucalyptus regnans","Eucalyptus obliqua","between","between_species_large_small","Eucalyptus regnans large_Eucalyptus obliqua small",0.336595146126165,NA,-0.376257227725779,0.94317149983078,1.31942872755656
"118",118,"Acacia melanoxylon small","Acacia melanoxylon small",0.335541403894689,7.74024537912962,2.12172228566901,5.71229052959831,7.60987917784037,9.6099383095564,14.2700781955019,"Weld","small","small","small_small","Acacia melanoxylon","Acacia melanoxylon","within","within_species_small_small","Acacia melanoxylon small_Acacia melanoxylon small",0.0773120483475215,1,0.191428134532492,0.494485795196815,0.303057660664323
"119",119,"Eucalyptus regnans small","Eucalyptus obliqua small",0.454380071134938,28.4232842205464,12.5534295298648,16.8421128818273,22.8929653637058,32.8182584363464,69.2354693080887,"Weld","small","small","small_small","Eucalyptus regnans","Eucalyptus obliqua","between","between_species_small_small","Eucalyptus regnans small_Eucalyptus obliqua small",0.422326502421096,NA,-0.377424725710336,1.27806474321389,1.65548946892423
"120",120,"Pomaderris apetala small","Pomaderris apetala small",0.597739231977407,120.081197600067,1.3042115955101,14.0453731153152,99.4274796832416,163.765044864168,334.715014185685,"Weld","small","small","small_small","Pomaderris apetala","Pomaderris apetala","within","within_species_small_small","Pomaderris apetala small_Pomaderris apetala small",0.113373870863695,1,0.39714850745825,0.841565914819725,0.444417407361476
"121",121,"Eucalyptus obliqua large","Eucalyptus obliqua large",-0.573020020453977,0.0038283687460049,4.36162112012996e-05,0.00026755984303057,0.00082604140173442,0.00215649281520434,0.164351289378122,"ZigZag","large","large","large_large","Eucalyptus obliqua","Eucalyptus obliqua","within","within_species_large_large","Eucalyptus obliqua large_Eucalyptus obliqua large",0.205578336371164,1,-0.976852663544652,-0.171000392966367,0.805852270578286
"122",122,"Nematolepis squamea large","Nematolepis squamea large",-0.391896847749874,0.36671679256299,0.143239132325567,0.252295730402218,0.317964595868164,0.400867496720008,0.951132211544638,"ZigZag","large","large","large_large","Nematolepis squamea","Nematolepis squamea","within","within_species_large_large","Nematolepis squamea large_Nematolepis squamea large",0.190008715177073,1,-0.774025524317952,-0.0292050473263655,0.744820476991586
"123",123,"Pomaderris apetala large","Eucalyptus obliqua large",-0.211820198674333,0.572465617796379,0.122419373732822,0.43029410114245,0.596924768357784,0.76204516330824,0.885930442020732,"ZigZag","large","large","large_large","Pomaderris apetala","Eucalyptus obliqua","between","between_species_large_large","Pomaderris apetala large_Eucalyptus obliqua large",0.10524830106799,1,-0.418961364502329,-0.00639560544775297,0.412565759054576
"124",124,"Eucalyptus obliqua large","Eucalyptus obliqua small",-0.127501088797774,0.502552723814113,0.318972164718704,0.459335711509873,0.498135803056926,0.541367590378327,0.696558820906299,"ZigZag","large","small","large_small","Eucalyptus obliqua","Eucalyptus obliqua","within","within_species_large_small","Eucalyptus obliqua large_Eucalyptus obliqua small",0.0976756306042066,NA,-0.311479465354862,0.0714019709481045,0.382881436302966
"125",125,"Nematolepis squamea small","Pomaderris apetala small",-0.1116533838138,0.580822408140177,0.135004076960444,0.505434667819876,0.589077509215701,0.660730852201056,0.916651122677103,"ZigZag","small","small","small_small","Nematolepis squamea","Pomaderris apetala","between","between_species_small_small","Nematolepis squamea small_Pomaderris apetala small",0.0250401542627048,1,-0.157378418022119,-0.0592228169776621,0.0981556010444572
"126",126,"Nematolepis squamea large","Nematolepis squamea small",-0.100010173721405,0.702986330326361,0.538705196680405,0.662851601759583,0.701597412539846,0.740935184254508,0.861963568893808,"ZigZag","large","small","large_small","Nematolepis squamea","Nematolepis squamea","within","within_species_large_small","Nematolepis squamea large_Nematolepis squamea small",0.0761118157868754,NA,-0.253921199463664,0.0444316360167814,0.298352835480446
"127",127,"Pomaderris apetala large","Eucalyptus obliqua small",-0.0925879142707233,0.777725928197003,0.4365695726426,0.719292359924974,0.818226532723643,0.874951927034952,0.951833606900499,"ZigZag","large","small","large_small","Pomaderris apetala","Eucalyptus obliqua","between","between_species_large_small","Pomaderris apetala large_Eucalyptus obliqua small",0.0651108407493839,NA,-0.217459452022949,0.0377703537208813,0.255229805743831
"128",128,"Nematolepis squamea large","Pomaderris apetala small",-0.0909364180995763,0.762924646211552,0.638824947750687,0.719865359916845,0.76097321848769,0.793178514801415,0.90412052183961,"ZigZag","large","small","large_small","Nematolepis squamea","Pomaderris apetala","between","between_species_large_small","Nematolepis squamea large_Pomaderris apetala small",0.0566087986037862,NA,-0.206165375237482,0.0157370377055222,0.221902412943004
"129",129,"Pomaderris apetala large","Pomaderris apetala large",-0.0520757071387495,0.777317083771869,0.406979290201241,0.497466716066929,0.678851680386797,0.967894144203207,1.49669038467025,"ZigZag","large","large","large_large","Pomaderris apetala","Pomaderris apetala","within","within_species_large_large","Pomaderris apetala large_Pomaderris apetala large",0.162667458257919,NA,-0.380960809660232,0.256683909624157,0.637644719284388
"130",130,"Pomaderris apetala large","Nematolepis squamea small",-0.0495743147351307,0.904837167719908,0.590902799505117,0.884226306957732,0.923196938350125,0.953101201613472,0.974198229869351,"ZigZag","large","small","large_small","Pomaderris apetala","Nematolepis squamea","between","between_species_large_small","Pomaderris apetala large_Nematolepis squamea small",0.0560827657342277,NA,-0.16352142106355,0.0563189809214166,0.219840401984967
"131",131,"Pomaderris apetala small","Pomaderris apetala large",0.0593264258602475,3.82461919213624,1.47923419496949,2.63957447692872,3.84821798797993,4.98530080389164,6.56273264127862,"ZigZag","small","large","large_small","Pomaderris apetala","Pomaderris apetala","within","within_species_large_small","Pomaderris apetala small_Pomaderris apetala large",0.0324797077284274,NA,-0.0047273973578045,0.122590717394405,0.12731811475221
"132",132,"Pomaderris apetala small","Eucalyptus obliqua small",0.0601262337491507,2.08999919509012,1.25936924317445,1.68827638313677,1.97975263906898,2.31834171470062,4.8034255455726,"ZigZag","small","small","small_small","Pomaderris apetala","Eucalyptus obliqua","between","between_species_small_small","Pomaderris apetala small_Eucalyptus obliqua small",0.0323575466465269,NA,-0.0052074505427789,0.121631801567756,0.126839252110535
"133",133,"Pomaderris apetala large","Nematolepis squamea large",0.0658344222064597,1.33135022997513,1.04544411914316,1.11793052188265,1.29161363397712,1.43324103824604,2.05339068592964,"ZigZag","large","large","large_large","Pomaderris apetala","Nematolepis squamea","between","between_species_large_large","Pomaderris apetala large_Nematolepis squamea large",0.118150484178513,NA,-0.163143150801297,0.299998236690414,0.463141387491711
"134",134,"Pomaderris apetala small","Eucalyptus obliqua large",0.0784705969770089,3.55563248651158,1.35377569057139,2.03143695267411,3.26042626516318,3.81262509316445,13.3408485995191,"ZigZag","small","large","large_small","Pomaderris apetala","Eucalyptus obliqua","between","between_species_large_small","Pomaderris apetala small_Eucalyptus obliqua large",0.0500277672446534,NA,-0.0228462212217194,0.173259022831227,0.196105244052947
"135",135,"Eucalyptus obliqua small","Eucalyptus obliqua small",0.106845990869302,0.0639194391309969,0.007044286131183,0.0148192189968327,0.034472087615801,0.084826673378896,0.362341320675736,"ZigZag","small","small","small_small","Eucalyptus obliqua","Eucalyptus obliqua","within","within_species_small_small","Eucalyptus obliqua small_Eucalyptus obliqua small",0.0850906534003912,NA,-0.0507397717209653,0.28280946045053,0.333549232171495
"136",136,"Nematolepis squamea small","Eucalyptus obliqua small",0.119412438261155,2.86073915654704,1.26083093394582,2.07041761507878,2.53430100245967,3.15016601986779,7.04970010681697,"ZigZag","small","small","small_small","Nematolepis squamea","Eucalyptus obliqua","between","between_species_small_small","Nematolepis squamea small_Eucalyptus obliqua small",0.0498092445001684,1,0.0173339577839445,0.212582608418904,0.19524865063496
"137",137,"Nematolepis squamea small","Eucalyptus obliqua large",0.156907521153872,5.37704794736684,1.21706077040788,2.88672220473941,4.24276228158768,7.14793187856877,14.3851138717925,"ZigZag","small","large","large_small","Nematolepis squamea","Eucalyptus obliqua","between","between_species_large_small","Nematolepis squamea small_Eucalyptus obliqua large",0.0671448451044631,1,0.0173865145998208,0.280589470904357,0.263202956304536
"138",138,"Eucalyptus obliqua small","Nematolepis squamea large",0.166635307159542,5.81418067448323,1.5773347710255,4.10206581220498,5.28830440445589,7.08080253648585,13.2458454935651,"ZigZag","small","large","large_small","Eucalyptus obliqua","Nematolepis squamea","between","between_species_large_small","Eucalyptus obliqua small_Nematolepis squamea large",0.103034319422849,NA,-0.0303722191606504,0.373514891320107,0.403887110480758
"139",139,"Nematolepis squamea small","Nematolepis squamea small",0.187826075617582,29.8613978029762,2.21522584963041,3.99081920946149,8.99560757881576,35.8426019750137,167.768965499689,"ZigZag","small","small","small_small","Nematolepis squamea","Nematolepis squamea","within","within_species_small_small","Nematolepis squamea small_Nematolepis squamea small",0.081842589778274,1,0.0331437354208163,0.353960792154622,0.320817056733806
"140",140,"Eucalyptus obliqua large","Nematolepis squamea large",0.248808576095749,7.51600726290796,2.09428082240913,5.7486007468396,7.3235787464416,8.82628986499877,17.8956660283343,"ZigZag","large","large","large_large","Eucalyptus obliqua","Nematolepis squamea","between","between_species_large_large","Eucalyptus obliqua large_Nematolepis squamea large",0.188490529606151,NA,-0.112814189084351,0.626055109825523,0.738869298909874
"141",141,"Pomaderris apetala small","Pomaderris apetala small",0.310839432681539,28.0586888322673,4.10061387223409,13.2857387770515,22.5462332452403,32.9073546959327,150.124132278472,"ZigZag","small","small","small_small","Pomaderris apetala","Pomaderris apetala","within","within_species_small_small","Pomaderris apetala small_Pomaderris apetala small",0.0552274030355593,1,0.205006097923299,0.421493539742048,0.216487441818748
"142",142,"Nothofagus cunninghamii small","Eucalyptus delegatensis small",-0.340909846773473,0.65027004442104,0.109130036997911,0.551772798651942,0.715268228008278,0.819175188963217,0.876259266296267,"NorthStyx","small","small","small_small","Nothofagus cunninghamii","Eucalyptus delegatensis","between","between_species_small_small","Nothofagus cunninghamii small_Eucalyptus delegatensis small",0.163949695012057,1,-0.651654389472849,-0.00898339447293522,0.642670994999914
"143",143,"Phyllocladus aspleniifolius small","Eucalyptus regnans large",-0.313705381525137,0.736261400343277,0.0909346807157829,0.620500159822908,0.783742443482561,0.889169367900215,0.985339963640376,"NorthStyx","small","large","large_small","Phyllocladus aspleniifolius","Eucalyptus regnans","between","between_species_large_small","Phyllocladus aspleniifolius small_Eucalyptus regnans large",0.14392755433491,1,-0.581328715503196,-0.0171430697444847,0.564185645758711
"144",144,"Eucalyptus delegatensis large","Eucalyptus delegatensis large",-0.297485337834692,0.0618708099448477,0.00665185673824944,0.0110253939693727,0.0202801073245373,0.0506381903719205,0.607715532512928,"NorthStyx","large","large","large_large","Eucalyptus delegatensis","Eucalyptus delegatensis","within","within_species_large_large","Eucalyptus delegatensis large_Eucalyptus delegatensis large",0.328299862714637,NA,-0.937103200838798,0.349808613261465,1.28691181410026
"145",145,"Eucalyptus delegatensis small","Eucalyptus regnans large",-0.297482779291611,0.726842638419555,0.0545427809445959,0.622231155850888,0.786400308484484,0.867633347762479,0.979331367351637,"NorthStyx","small","large","large_small","Eucalyptus delegatensis","Eucalyptus regnans","between","between_species_large_small","Eucalyptus delegatensis small_Eucalyptus regnans large",0.096100304446086,1,-0.472454115738226,-0.0957478445029003,0.376706271235326
"146",146,"Phyllocladus aspleniifolius small","Nothofagus cunninghamii small",-0.286484072192014,0.721183401439604,0.204257625830403,0.452183235582915,0.861024655197518,0.95715148971835,0.976608428040065,"NorthStyx","small","small","small_small","Phyllocladus aspleniifolius","Nothofagus cunninghamii","between","between_species_small_small","Phyllocladus aspleniifolius small_Nothofagus cunninghamii small",0.363866648285571,NA,-1.00977010346848,0.41656094816156,1.42633105163004
"147",147,"Eucalyptus delegatensis large","Eucalyptus regnans small",-0.242134049901724,0.596780299110985,0.18432544387909,0.452056535910567,0.59627589882448,0.752060166974556,0.941282952584691,"NorthStyx","large","small","large_small","Eucalyptus delegatensis","Eucalyptus regnans","between","between_species_large_small","Eucalyptus delegatensis large_Eucalyptus regnans small",0.115074317952383,1,-0.468349358397624,-0.0172663209332621,0.451083037464362
"148",148,"Nothofagus cunninghamii small","Eucalyptus regnans large",-0.198470094224122,0.681421029266543,0.340034422405113,0.583838213451776,0.711543523668244,0.820001524965958,0.918385152624531,"NorthStyx","small","large","large_small","Nothofagus cunninghamii","Eucalyptus regnans","between","between_species_large_small","Nothofagus cunninghamii small_Eucalyptus regnans large",0.103634078166667,1,-0.408949546137835,-0.00271142458248097,0.406238121555354
"149",149,"Nothofagus cunninghamii small","Nothofagus cunninghamii small",-0.178617807782765,0.786410627468507,0.555995146685423,0.690200212202631,0.75592929516899,0.877340450936478,1.1224908814599,"NorthStyx","small","small","small_small","Nothofagus cunninghamii","Nothofagus cunninghamii","within","within_species_small_small","Nothofagus cunninghamii small_Nothofagus cunninghamii small",0.347670548595682,NA,-0.869459629690356,0.493383877775281,1.36284350746564
"150",150,"Phyllocladus aspleniifolius small","Eucalyptus delegatensis small",-0.171574464000387,0.561489299076714,0.230073862554073,0.496059623144043,0.584231918207583,0.638957457362645,0.988498373398833,"NorthStyx","small","small","small_small","Phyllocladus aspleniifolius","Eucalyptus delegatensis","between","between_species_small_small","Phyllocladus aspleniifolius small_Eucalyptus delegatensis small",0.164040714804799,NA,-0.4734572134557,0.169570572575526,0.643027786031225
"151",151,"Eucalyptus regnans large","Eucalyptus regnans large",-0.159686855971461,0.142735869703391,0.0422956667531925,0.0670056709835862,0.107485183099107,0.18026851482899,0.656905780889816,"NorthStyx","large","large","large_large","Eucalyptus regnans","Eucalyptus regnans","within","within_species_large_large","Eucalyptus regnans large_Eucalyptus regnans large",0.127717063880962,NA,-0.404800806350295,0.0958408844854793,0.500641690835774
"152",152,"Monotoca glauca small","Eucalyptus regnans large",-0.10678798436899,0.800570295772811,0.290090669509768,0.735361309928447,0.84348203205402,0.924226705302069,0.988044258858883,"NorthStyx","small","large","large_small","Monotoca glauca","Eucalyptus regnans","between","between_species_large_small","Monotoca glauca small_Eucalyptus regnans large",0.0923241759512254,NA,-0.297993845886837,0.0639102736466447,0.361904119533481
"153",153,"Eucalyptus delegatensis small","Eucalyptus delegatensis small",-0.0376214491665049,0.219047856600151,0.0375282322379343,0.04658196952153,0.0735994227962918,0.150479969923334,1.19433961684084,"NorthStyx","small","small","small_small","Eucalyptus delegatensis","Eucalyptus delegatensis","within","within_species_small_small","Eucalyptus delegatensis small_Eucalyptus delegatensis small",0.196267353987691,NA,-0.36734345466411,0.402010435649585,0.769353890313695
"154",154,"Eucalyptus delegatensis small","Monotoca glauca small",-0.0102804038663586,0.95242014319757,0.869049482843009,0.942065357702846,0.9645356506915,0.979917635673685,0.991358827717055,"NorthStyx","small","small","small_small","Eucalyptus delegatensis","Monotoca glauca","between","between_species_small_small","Eucalyptus delegatensis small_Monotoca glauca small",0.10224049887338,NA,-0.226230836436944,0.174544554669521,0.400775391106465
"155",155,"Phyllocladus aspleniifolius small","Monotoca glauca small",-0.00723667278413127,0.972632521970201,0.932481766051785,0.967072694048987,0.976249910541822,0.979839606749545,0.99864544350113,"NorthStyx","small","small","small_small","Phyllocladus aspleniifolius","Monotoca glauca","between","between_species_small_small","Phyllocladus aspleniifolius small_Monotoca glauca small",0.133629294121967,NA,-0.269516531089141,0.254300676427989,0.523817207517131
"156",156,"Nothofagus cunninghamii small","Eucalyptus regnans small",-0.00109059712838153,0.998276656648012,0.994235107212662,0.998060688322887,0.998746629869615,0.99911199704237,0.999448366194492,"NorthStyx","small","small","small_small","Nothofagus cunninghamii","Eucalyptus regnans","between","between_species_small_small","Nothofagus cunninghamii small_Eucalyptus regnans small",0.109079377810231,NA,-0.209001235784166,0.218582068144014,0.42758330392818
"157",157,"Phyllocladus aspleniifolius small","Phyllocladus aspleniifolius small",0.0138782215761327,0.343759370676665,0.153094552711294,0.178817825226138,0.191428083517938,0.361530190031976,1.23880460926367,"NorthStyx","small","small","small_small","Phyllocladus aspleniifolius","Phyllocladus aspleniifolius","within","within_species_small_small","Phyllocladus aspleniifolius small_Phyllocladus aspleniifolius small",0.253648700953657,NA,-0.469460523637847,0.524824113551228,0.994284637189075
"158",158,"Eucalyptus regnans small","Eucalyptus delegatensis small",0.126217717275426,3.9592432733634,1.55803371564521,2.29571932289252,2.71960041676531,3.80051095251835,18.4631136703597,"NorthStyx","small","small","small_small","Eucalyptus regnans","Eucalyptus delegatensis","between","between_species_small_small","Eucalyptus regnans small_Eucalyptus delegatensis small",0.0875298875662569,NA,-0.0551063417769267,0.288004512624481,0.343110854401408
"159",159,"Monotoca glauca small","Eucalyptus delegatensis large",0.171157289436162,2.96691919409962,1.10238337294342,1.69871704134125,2.02199972635163,3.55186646807117,9.27706098243145,"NorthStyx","small","large","large_small","Monotoca glauca","Eucalyptus delegatensis","between","between_species_large_small","Monotoca glauca small_Eucalyptus delegatensis large",0.147605236500294,NA,-0.0630275327255364,0.51557436221465,0.578601894940187
"160",160,"Eucalyptus regnans small","Monotoca glauca small",0.184490457806311,8.16018824773684,2.20309958700149,3.99598327232486,6.85627653130628,12.1921593381646,18.2068484527667,"NorthStyx","small","small","small_small","Eucalyptus regnans","Monotoca glauca","between","between_species_small_small","Eucalyptus regnans small_Monotoca glauca small",0.0825789784801725,1,0.0331767621037597,0.356880409506252,0.323703647402492
"161",161,"Eucalyptus delegatensis large","Phyllocladus aspleniifolius small",0.187904646351406,2.36116753237346,1.04925161287789,1.45282684342659,1.88173756724709,3.06521234306254,5.16016782023481,"NorthStyx","large","small","large_small","Eucalyptus delegatensis","Phyllocladus aspleniifolius","between","between_species_large_small","Eucalyptus delegatensis large_Phyllocladus aspleniifolius small",0.320797640650893,NA,-0.460500311642328,0.797003332360017,1.25750364400234
"162",162,"Eucalyptus regnans small","Eucalyptus regnans large",0.192511195258152,4.93028498372894,1.20178455372139,2.18329196834648,2.85417356122708,4.20708577550863,85.6756481762098,"NorthStyx","small","large","large_small","Eucalyptus regnans","Eucalyptus regnans","within","within_species_large_small","Eucalyptus regnans small_Eucalyptus regnans large",0.0811182030113528,1,0.0291778472034907,0.347155359989211,0.31797751278572
"163",163,"Monotoca glauca small","Nothofagus cunninghamii small",0.203949540857651,3.78749104732841,1.02037305463184,1.14843307425578,1.50150846688434,3.8402872749468,23.3831923207714,"NorthStyx","small","small","small_small","Monotoca glauca","Nothofagus cunninghamii","between","between_species_small_small","Monotoca glauca small_Nothofagus cunninghamii small",0.19850358876841,NA,-0.194952256121682,0.583167513454386,0.778119769576068
"164",164,"Eucalyptus regnans small","Eucalyptus regnans small",0.221782133908031,0.328378397541507,0.040123547500425,0.107053820834301,0.177068930054703,0.491968431193155,1.40528289845589,"NorthStyx","small","small","small_small","Eucalyptus regnans","Eucalyptus regnans","within","within_species_small_small","Eucalyptus regnans small_Eucalyptus regnans small",0.0828540472223738,1,0.0654760246396646,0.390257921698132,0.324781897058467
"165",165,"Eucalyptus regnans small","Phyllocladus aspleniifolius small",0.226660716625305,39.0128197971649,1.62189935727807,17.2541396321576,34.5774819052493,54.9386723470227,89.2318670862945,"NorthStyx","small","small","small_small","Eucalyptus regnans","Phyllocladus aspleniifolius","between","between_species_small_small","Eucalyptus regnans small_Phyllocladus aspleniifolius small",0.118053472683397,NA,-0.0220498247773845,0.440711284641297,0.462761109418682
"166",166,"Eucalyptus regnans large","Eucalyptus delegatensis large",0.333997993129981,40.8107634558811,1.28297546506772,2.36418468133148,19.0877190343186,45.6622457485969,215.614585762927,"NorthStyx","large","large","large_large","Eucalyptus regnans","Eucalyptus delegatensis","between","between_species_large_large","Eucalyptus regnans large_Eucalyptus delegatensis large",0.147514678617369,1,0.0487070138235182,0.626953928385605,0.578246914562087
"167",167,"Monotoca glauca small","Monotoca glauca small",0.354240174975788,0.630528481041697,0.151828448088187,0.331329647490398,0.450174683498706,0.952994795155471,1.26021059580405,"NorthStyx","small","small","small_small","Monotoca glauca","Monotoca glauca","within","within_species_small_small","Monotoca glauca small_Monotoca glauca small",0.119013116580213,1,0.119129707913012,0.585652552283182,0.46652284437017
"168",168,"Eucalyptus delegatensis large","Nothofagus cunninghamii small",0.354615065967407,5.95391734622641,1.06635178077684,1.63821421071008,2.82682013026748,10.6808591233647,17.7030968613364,"NorthStyx","large","small","large_small","Eucalyptus delegatensis","Nothofagus cunninghamii","between","between_species_large_small","Eucalyptus delegatensis large_Nothofagus cunninghamii small",0.236573976621243,NA,-0.102457907015815,0.824895040698298,0.927352947714113
"169",169,"Eucalyptus delegatensis small","Eucalyptus delegatensis large",0.521486722909112,1046.27177970665,1.21054636115075,2.70594214509965,4.96284697136383,985.138534264262,10519.8927332426,"NorthStyx","small","large","large_small","Eucalyptus delegatensis","Eucalyptus delegatensis","within","within_species_large_small","Eucalyptus delegatensis small_Eucalyptus delegatensis large",0.21083098117335,1,0.0628784529016194,0.889320712751634,0.826442259850015
"170",170,"Eucalyptus obliqua large","Eucalyptus fastigata large",-0.395323082242367,0.684868911445853,0.0766260293954088,0.505949099401972,0.741530136663193,0.915778977174533,0.982623415221636,"Newline","large","large","large_large","Eucalyptus obliqua","Eucalyptus fastigata","between","between_species_large_large","Eucalyptus obliqua large_Eucalyptus fastigata large",0.167697547001255,1,-0.72182684583287,-0.0644645409965243,0.657362304836346
"171",171,"Eucalyptus obliqua large","Eucalyptus obliqua large",-0.302112413982108,0.331418960669741,0.0982350979829901,0.152687370642967,0.30578949837119,0.48612385103723,1.00482624743031,"Newline","large","large","large_large","Eucalyptus obliqua","Eucalyptus obliqua","within","within_species_large_large","Eucalyptus obliqua large_Eucalyptus obliqua large",0.3361118461425,NA,-0.954686192217743,0.362848034215394,1.31753422643314
"172",172,"Eucalyptus obliqua large","Eucalyptus cypellocarpa large",-0.285851246663203,0.51268209385095,0.12752718232556,0.340899526449753,0.470237811433057,0.676749972589647,0.966439483891651,"Newline","large","large","large_large","Eucalyptus obliqua","Eucalyptus cypellocarpa","between","between_species_large_large","Eucalyptus obliqua large_Eucalyptus cypellocarpa large",0.196941592532499,NA,-0.665213852810653,0.106783004032667,0.77199685684332
"173",173,"Eucalyptus cypellocarpa large","Eucalyptus cypellocarpa large",-0.274209534932957,0.223464150297299,0.0448417659326102,0.0773736930575311,0.158175662870238,0.319955971067784,0.719852749042491,"Newline","large","large","large_large","Eucalyptus cypellocarpa","Eucalyptus cypellocarpa","within","within_species_large_large","Eucalyptus cypellocarpa large_Eucalyptus cypellocarpa large",0.272192045720781,NA,-0.80365934442426,0.263313868557762,1.06697321298202
"174",174,"Eucalyptus cypellocarpa large","Eucalyptus fastigata large",-0.229335963656504,0.580909673575939,0.222032482430029,0.467219306358121,0.573536553532596,0.723619156776069,0.884530178394719,"Newline","large","large","large_large","Eucalyptus cypellocarpa","Eucalyptus fastigata","between","between_species_large_large","Eucalyptus cypellocarpa large_Eucalyptus fastigata large",0.11386189464287,1,-0.449544706268371,-0.0032142808453339,0.446330425423037
"175",175,"Eucalyptus fastigata large","Eucalyptus fastigata large",-0.132464107936153,0.721438623699372,0.41024155624739,0.557476420695446,0.679332262175315,0.821263221084137,1.23092181466465,"Newline","large","large","large_large","Eucalyptus fastigata","Eucalyptus fastigata","within","within_species_large_large","Eucalyptus fastigata large_Eucalyptus fastigata large",0.151462004441929,NA,-0.429271056361813,0.164449091103039,0.593720147464853
"176",176,"Eucalyptus obliqua small","Eucalyptus cypellocarpa small",-0.104307503331474,0.664419608094008,0.378113483591036,0.55435306383969,0.67902119134058,0.784010144524054,0.927106964802367,"Newline","small","small","small_small","Eucalyptus obliqua","Eucalyptus cypellocarpa","between","between_species_small_small","Eucalyptus obliqua small_Eucalyptus cypellocarpa small",0.0861151604598729,NA,-0.272739283214213,0.0648259428342642,0.337565226048477
"177",177,"Eucalyptus obliqua small","Eucalyptus fastigata large",-0.0286566367202332,0.922874996139291,0.735644674402626,0.892303837206078,0.936132002370327,0.969656090679222,0.992892941528978,"Newline","small","large","large_small","Eucalyptus obliqua","Eucalyptus fastigata","between","between_species_large_small","Eucalyptus obliqua small_Eucalyptus fastigata large",0.0718278191410736,NA,-0.170844922957914,0.110714954251208,0.281559877209122
"178",178,"Eucalyptus obliqua small","Eucalyptus fastigata small",-0.0274584632922143,0.903231325874586,0.787998496140253,0.873552813498672,0.904430129767736,0.94078060062882,0.981585725695741,"Newline","small","small","small_small","Eucalyptus obliqua","Eucalyptus fastigata","between","between_species_small_small","Eucalyptus obliqua small_Eucalyptus fastigata small",0.0715237301008139,NA,-0.167951551051093,0.112416319024024,0.280367870075117
"179",179,"Eucalyptus cypellocarpa small","Eucalyptus fastigata large",-0.0218598708821642,0.928701934091112,0.757501326801534,0.888429014913771,0.937362942984365,0.984414172808753,0.997050466456633,"Newline","small","large","large_small","Eucalyptus cypellocarpa","Eucalyptus fastigata","between","between_species_large_small","Eucalyptus cypellocarpa small_Eucalyptus fastigata large",0.0802921932856858,NA,-0.177884926332581,0.136854687826765,0.314739614159346
"180",180,"Eucalyptus cypellocarpa large","Eucalyptus cypellocarpa small",-0.00713297730485717,0.974110557819882,0.948596435644471,0.968467062382338,0.977572888543756,0.981765573409451,0.98669827035554,"Newline","large","small","large_small","Eucalyptus cypellocarpa","Eucalyptus cypellocarpa","within","within_species_large_small","Eucalyptus cypellocarpa large_Eucalyptus cypellocarpa small",0.113278368047456,NA,-0.228741070016581,0.215301973184394,0.444043043200974
"181",181,"Eucalyptus fastigata small","Eucalyptus obliqua large",0.0670744753540376,1.75124738046698,1.14236355106056,1.34863163336705,1.62118999068217,2.08631929889276,2.81915986252914,"Newline","small","large","large_small","Eucalyptus fastigata","Eucalyptus obliqua","between","between_species_large_small","Eucalyptus fastigata small_Eucalyptus obliqua large",0.112129839565783,NA,-0.156584037409958,0.282956856872418,0.439540894282376
"182",182,"Eucalyptus fastigata small","Eucalyptus cypellocarpa small",0.0773414023926944,1.67227497464782,1.13751695383782,1.47375269378959,1.67815662005972,1.82723172050092,2.50508493535814,"Newline","small","small","small_small","Eucalyptus fastigata","Eucalyptus cypellocarpa","between","between_species_small_small","Eucalyptus fastigata small_Eucalyptus cypellocarpa small",0.0692107326170708,NA,-0.0549147011684913,0.216386385377689,0.271301086546181
"183",183,"Eucalyptus fastigata small","Eucalyptus fastigata large",0.0872908934991668,1.61209685144807,1.06872764558375,1.2703737006792,1.39109069726233,1.9388886556298,3.14005070191547,"Newline","small","large","large_small","Eucalyptus fastigata","Eucalyptus fastigata","within","within_species_large_small","Eucalyptus fastigata small_Eucalyptus fastigata large",0.0753738581932601,NA,-0.0620460211326075,0.233414073736631,0.295460094869238
"184",184,"Eucalyptus obliqua small","Eucalyptus obliqua large",0.170785101978322,3.35597415781345,1.36487797133747,2.35770585158148,2.90904911414283,4.64679578460626,5.53316113215887,"Newline","small","large","large_small","Eucalyptus obliqua","Eucalyptus obliqua","within","within_species_large_small","Eucalyptus obliqua small_Eucalyptus obliqua large",0.147348798575674,NA,-0.123208869937792,0.454387806809344,0.577596676747136
"185",185,"Eucalyptus obliqua small","Eucalyptus cypellocarpa large",0.195233337795523,3.42427586429679,1.12868942835788,1.81227564262673,3.30152755266003,4.72370651779783,9.29228047710187,"Newline","small","large","large_small","Eucalyptus obliqua","Eucalyptus cypellocarpa","between","between_species_large_small","Eucalyptus obliqua small_Eucalyptus cypellocarpa large",0.133983702191992,NA,-0.0703166873623711,0.454889774260916,0.525206461623287
"186",186,"Eucalyptus fastigata small","Eucalyptus cypellocarpa large",0.199586724580499,5.20764837415568,1.50118269979822,2.82187881025042,4.46537839218043,7.51489794088884,10.1129230321804,"Newline","small","large","large_small","Eucalyptus fastigata","Eucalyptus cypellocarpa","between","between_species_large_small","Eucalyptus fastigata small_Eucalyptus cypellocarpa large",0.124746537015371,NA,-0.0500197920033026,0.438977647489137,0.48899743949244
"187",187,"Eucalyptus cypellocarpa small","Eucalyptus obliqua large",0.200592254295333,4.71671623598065,1.59520671475844,2.59246051793969,3.76651213507104,6.02964888639052,12.1127991693817,"Newline","small","large","large_small","Eucalyptus cypellocarpa","Eucalyptus obliqua","between","between_species_large_small","Eucalyptus cypellocarpa small_Eucalyptus obliqua large",0.143889873919743,NA,-0.0795793114041112,0.484458629841301,0.564037941245412
"188",188,"Eucalyptus cypellocarpa small","Eucalyptus cypellocarpa small",0.210886417243451,2.21348462976229,1.35659020789692,1.77259850947887,2.08569645563058,2.67165275884878,3.36227313253639,"Newline","small","small","small_small","Eucalyptus cypellocarpa","Eucalyptus cypellocarpa","within","within_species_small_small","Eucalyptus cypellocarpa small_Eucalyptus cypellocarpa small",0.11678192773566,NA,-0.0199344157402622,0.437842329073843,0.457776744814105
"189",189,"Eucalyptus obliqua small","Eucalyptus obliqua small",0.231807084463586,3.17699547062593,1.83268442541667,2.56100684079002,3.07546749206528,4.07308880911402,4.71005961450023,"Newline","small","small","small_small","Eucalyptus obliqua","Eucalyptus obliqua","within","within_species_small_small","Eucalyptus obliqua small_Eucalyptus obliqua small",0.11363282630623,1,0.0160772139101041,0.461509707953518,0.445432494043414
"190",190,"Eucalyptus fastigata small","Eucalyptus fastigata small",0.252060016402275,1.38416040793959,0.647149640088904,0.956925780727632,1.30631782341536,1.65153705937339,2.62093978868468,"Newline","small","small","small_small","Eucalyptus fastigata","Eucalyptus fastigata","within","within_species_small_small","Eucalyptus fastigata small_Eucalyptus fastigata small",0.091293048678204,1,0.0701624477252963,0.42802462262158,0.357862174896284
"191",191,"Eucalyptus fastigata small","Eucalyptus viminalis large",-0.086605014830057,0.816308794046794,0.346696162746615,0.779071042730683,0.85470329249505,0.907495689279988,0.971691393709663,"WogWay","small","large","large_small","Eucalyptus fastigata","Eucalyptus viminalis","between","between_species_large_small","Eucalyptus fastigata small_Eucalyptus viminalis large",0.0746728461144811,NA,-0.231489228851722,0.0612229491632473,0.292712178014969
"192",192,"Eucalyptus fastigata large","Eucalyptus viminalis small",-0.0593723239499188,0.908508221292308,0.629336514514673,0.864732770540337,0.943948486674004,0.966959125428721,0.985877101653364,"WogWay","large","small","large_small","Eucalyptus fastigata","Eucalyptus viminalis","between","between_species_large_small","Eucalyptus fastigata large_Eucalyptus viminalis small",0.0416325182398132,NA,-0.141545098148187,0.0216513745232945,0.163196472671482
"193",193,"Eucalyptus fastigata small","Eucalyptus viminalis small",-0.0294331919371843,0.948360260067195,0.834793180096116,0.912051416117989,0.963972457032606,0.983949878115733,0.993617341349457,"WogWay","small","small","small_small","Eucalyptus fastigata","Eucalyptus viminalis","between","between_species_small_small","Eucalyptus fastigata small_Eucalyptus viminalis small",0.0389588752409917,NA,-0.106962024499738,0.0457539602013279,0.152715984701066
"194",194,"Eucalyptus fastigata large","Eucalyptus viminalis large",-0.0268084235323795,0.935263937930749,0.79784215635743,0.908636567716596,0.961820385127659,0.972860835967411,0.984558630415544,"WogWay","large","large","large_large","Eucalyptus fastigata","Eucalyptus viminalis","between","between_species_large_large","Eucalyptus fastigata large_Eucalyptus viminalis large",0.0691763855042486,NA,-0.164232769147561,0.106933679190411,0.271166448337972
"195",195,"Eucalyptus viminalis large","Eucalyptus viminalis small",-0.0156545816792897,0.945054576955058,0.895914478796451,0.92150134776415,0.9453737797435,0.970092522285276,0.986448471119674,"WogWay","large","small","large_small","Eucalyptus viminalis","Eucalyptus viminalis","within","within_species_large_small","Eucalyptus viminalis large_Eucalyptus viminalis small",0.021317454904662,NA,-0.0577259328816309,0.0258369548287576,0.0835628877103885
"196",196,"Eucalyptus fastigata small","Eucalyptus fastigata large",0.111564975597029,2.31836572479889,1.10918651257218,1.42696346535496,1.66976472787377,3.18559602887011,5.69464227239148,"WogWay","small","large","large_small","Eucalyptus fastigata","Eucalyptus fastigata","within","within_species_large_small","Eucalyptus fastigata small_Eucalyptus fastigata large",0.0951494342415917,NA,-0.072248928207639,0.300730000318125,0.372978928525764
"197",197,"Eucalyptus viminalis large","Eucalyptus viminalis large",0.176122512062708,3.20066701056768,1.43111650506948,2.34129884882128,3.13811040689281,3.82145451542615,5.74454316224824,"WogWay","large","large","large_large","Eucalyptus viminalis","Eucalyptus viminalis","within","within_species_large_large","Eucalyptus viminalis large_Eucalyptus viminalis large",0.0887871123743984,1,0.00233826178186927,0.350377346872132,0.348039085090263
"198",198,"Eucalyptus fastigata large","Eucalyptus fastigata large",0.215942234830787,3.2009252004201,1.08236349183648,2.05100040655384,3.16270632266099,4.29178667672808,5.38434557605042,"WogWay","large","large","large_large","Eucalyptus fastigata","Eucalyptus fastigata","within","within_species_large_large","Eucalyptus fastigata large_Eucalyptus fastigata large",0.172737786354388,NA,-0.12146788878209,0.55565179126546,0.67711968004755
"199",199,"Eucalyptus fastigata small","Eucalyptus fastigata small",0.425386455477473,19.7417259855339,1.68673605829971,5.37640061510723,16.2451626133593,30.8673182973428,61.8799670330275,"WogWay","small","small","small_small","Eucalyptus fastigata","Eucalyptus fastigata","within","within_species_small_small","Eucalyptus fastigata small_Eucalyptus fastigata small",0.09006577852987,1,0.247240168712966,0.600291533029178,0.353051364316212
"200",200,"Eucalyptus viminalis small","Eucalyptus viminalis small",0.508067519133222,59.1170535360789,3.18717050138988,32.7538486679339,55.7736048256262,81.1187920553356,125.208342616728,"WogWay","small","small","small_small","Eucalyptus viminalis","Eucalyptus viminalis","within","within_species_small_small","Eucalyptus viminalis small_Eucalyptus viminalis small",0.0616179487279597,1,0.38403014902717,0.625568069643243,0.241537920616073
"201",201,"Eucalyptus fastigata large","Eucalyptus fastigata large",-0.241258831419982,0.422868952540289,0.251861990208352,0.329773627436503,0.403152254261948,0.500160753529853,0.712020576644424,"Goodenia","large","large","large_large","Eucalyptus fastigata","Eucalyptus fastigata","within","within_species_large_large","Eucalyptus fastigata large_Eucalyptus fastigata large",0.197603029952846,NA,-0.631963001947911,0.142626641939222,0.774589643887134
"202",202,"Eucalyptus fastigata large","Eucalyptus fastigata small",-0.0261094787516479,0.905454168933218,0.857276777884753,0.876585599124716,0.900220457308099,0.932020201067281,0.957264788275733,"Goodenia","large","small","large_small","Eucalyptus fastigata","Eucalyptus fastigata","within","within_species_large_small","Eucalyptus fastigata large_Eucalyptus fastigata small",0.0834389856660669,NA,-0.191034059706389,0.136040753917701,0.32707481362409
"203",203,"Eucalyptus fastigata small","Eucalyptus fastigata small",0.291889917933146,5.70456862069009,2.28835413599296,3.67020328342653,5.56084529155815,7.64624883126237,10.6235330027458,"Goodenia","small","small","small_small","Eucalyptus fastigata","Eucalyptus fastigata","within","within_species_small_small","Eucalyptus fastigata small_Eucalyptus fastigata small",0.095767645490019,1,0.105442816217177,0.48084508830645,0.375402272089274
"204",204,"Eucalyptus obliqua large","Eucalyptus obliqua large",-0.0958677862299386,0.690493633387686,0.539460040841339,0.634774662955362,0.702759530203858,0.737225147340335,0.860350190358231,"Candelo","large","large","large_large","Eucalyptus obliqua","Eucalyptus obliqua","within","within_species_large_large","Eucalyptus obliqua large_Eucalyptus obliqua large",0.129156837374246,NA,-0.346571904714613,0.159713594506626,0.506285499221239
"205",205,"Eucalyptus obliqua large","Eucalyptus obliqua small",-0.0291827261279682,0.875805071739761,0.773360487842383,0.832677712249461,0.882610925844029,0.91187479454067,0.958625265852238,"Candelo","large","small","large_small","Eucalyptus obliqua","Eucalyptus obliqua","within","within_species_large_small","Eucalyptus obliqua large_Eucalyptus obliqua small",0.0526493612919241,NA,-0.130534118610519,0.0758475852718981,0.206381703882417
"206",206,"Eucalyptus obliqua small","Eucalyptus obliqua small",0.333173673847974,12.0263536072423,1.50020088145874,4.3289185054704,8.15363038943505,18.1673682441674,37.1559407755708,"Candelo","small","small","small_small","Eucalyptus obliqua","Eucalyptus obliqua","within","within_species_small_small","Eucalyptus obliqua small_Eucalyptus obliqua small",0.0431965397070946,1,0.246132629193513,0.415459953358832,0.16932732416532
"207",207,"Eucalyptus regnans large","Eucalyptus regnans large",-0.27685969665233,0.606034257478823,0.203517142637042,0.494546060479324,0.585376114701634,0.715690222517541,1.05751771098487,"ANU101","large","large","large_large","Eucalyptus regnans","Eucalyptus regnans","within","within_species_large_large","Eucalyptus regnans large_Eucalyptus regnans large",0.171469364660574,NA,-0.597673477070141,0.0744740813032407,0.672147558373382
"208",208,"Eucalyptus regnans large","Eucalyptus regnans small",-0.17118316548667,0.548220070008118,0.206067431319999,0.447185144229982,0.551585926528405,0.66618946028307,0.790266354907701,"ANU101","large","small","large_small","Eucalyptus regnans","Eucalyptus regnans","within","within_species_large_small","Eucalyptus regnans large_Eucalyptus regnans small",0.0581378885988314,1,-0.295067667506805,-0.0671713319249819,0.227896335581823
"209",209,"Eucalyptus regnans small","Pomaderris aspera small",-0.0872473160226821,0.688162325720919,0.438076840581678,0.595443933685241,0.709386993056882,0.785439534347181,0.889311823038627,"ANU101","small","small","small_small","Eucalyptus regnans","Pomaderris aspera","between","between_species_small_small","Eucalyptus regnans small_Pomaderris aspera small",0.0424847846858379,NA,-0.166536958466211,3.37284151386008e-07,0.166537295750362
"210",210,"Eucalyptus regnans large","Pomaderris aspera small",-0.0292684488297125,0.891775833261085,0.789177333427368,0.876297194040023,0.893543654690062,0.914431007019455,0.95036683468786,"ANU101","large","small","large_small","Eucalyptus regnans","Pomaderris aspera","between","between_species_large_small","Eucalyptus regnans large_Pomaderris aspera small",0.0667881639130072,NA,-0.152266655911085,0.109538135815018,0.261804791726104
"211",211,"Eucalyptus regnans small","Eucalyptus regnans small",-0.0147951733779782,2.31191498768929,1.39278448633814,1.8101237646491,2.18239880514332,2.76650690198868,3.87689322968875,"ANU101","small","small","small_small","Eucalyptus regnans","Eucalyptus regnans","within","within_species_small_small","Eucalyptus regnans small_Eucalyptus regnans small",0.10347104017731,NA,-0.22222457209889,0.18337445228196,0.40559902438085
"212",212,"Pomaderris aspera small","Pomaderris aspera small",0.209708312394539,6.74700885159101,2.23128922592522,4.61450319779611,6.18956369267305,8.50465445951254,14.8919714484796,"ANU101","small","small","small_small","Pomaderris aspera","Pomaderris aspera","within","within_species_small_small","Pomaderris aspera small_Pomaderris aspera small",0.0759565815092072,1,0.0605927578603184,0.358337086153972,0.297744328293654
"213",213,"Eucalyptus regnans large","Eucalyptus regnans large",-0.728832106419383,0.109094359053446,0.0106090561316689,0.0469280661638496,0.0747279359419636,0.143114885778427,0.610111320557508,"Ada Tree","large","large","large_large","Eucalyptus regnans","Eucalyptus regnans","within","within_species_large_large","Eucalyptus regnans large_Eucalyptus regnans large",0.221418043803861,1,-1.16558602776433,-0.297643244998569,0.867942782765761
"214",214,"Eucalyptus regnans small","Eucalyptus regnans small",-0.271011687281097,0.141197331819763,0.0409835081364596,0.0849178223413928,0.125382819953024,0.169739212113112,0.623388456669869,"Ada Tree","small","small","small_small","Eucalyptus regnans","Eucalyptus regnans","within","within_species_small_small","Eucalyptus regnans small_Eucalyptus regnans small",0.142012699013784,NA,-0.550550305356216,0.00612924547246974,0.556679550828686
"215",215,"Eucalyptus regnans large","Eucalyptus regnans small",-0.216599579783781,0.367851165233779,0.190552489320854,0.316714420008801,0.374135252535155,0.412419914383818,0.577977769762942,"Ada Tree","large","small","large_small","Eucalyptus regnans","Eucalyptus regnans","within","within_species_large_small","Eucalyptus regnans large_Eucalyptus regnans small",0.119178419352494,NA,-0.455762613932658,0.0114082053979415,0.4671708193306
"216",216,"Eucalyptus regnans large","Acacia melanoxylon small",-0.0608976851415107,0.769432656476812,0.622337490411878,0.749129963877997,0.777010266173993,0.802220281675663,0.860406180036275,"Ada Tree","large","small","large_small","Eucalyptus regnans","Acacia melanoxylon","between","between_species_large_small","Eucalyptus regnans large_Acacia melanoxylon small",0.0641180411656918,NA,-0.177491406573619,0.0738466963144059,0.251338102888025
"217",217,"Acacia melanoxylon large","Acacia melanoxylon small",-0.0231575371982622,0.913287454612857,0.84206096075874,0.893337812050959,0.910531456024087,0.935912957343051,0.975596449961299,"Ada Tree","large","small","large_small","Acacia melanoxylon","Acacia melanoxylon","within","within_species_large_small","Acacia melanoxylon large_Acacia melanoxylon small",0.0434728375346791,NA,-0.109833570744375,0.0605768210030892,0.170410391747464
"218",218,"Acacia melanoxylon large","Acacia melanoxylon large",0.0859483731019781,0.483700850278817,0.251361712702864,0.373604910602803,0.481194119040397,0.566503283959362,0.783313178601512,"Ada Tree","large","large","large_large","Acacia melanoxylon","Acacia melanoxylon","within","within_species_large_large","Acacia melanoxylon large_Acacia melanoxylon large",0.095546133013778,NA,-0.0977398974491263,0.27679406168903,0.374533959138156
"219",219,"Eucalyptus regnans small","Acacia melanoxylon large",0.0883586756074439,1.91313607667123,1.36275439907019,1.72439351276338,1.89554009266478,2.12929892528727,2.76388034126636,"Ada Tree","small","large","large_small","Eucalyptus regnans","Acacia melanoxylon","between","between_species_large_small","Eucalyptus regnans small_Acacia melanoxylon large",0.0861349412350646,NA,-0.0809346048804155,0.256708160381986,0.337642765262401
"220",220,"Acacia melanoxylon small","Eucalyptus regnans small",0.0949019876226172,2.2177285745398,1.29920285650582,1.77963540261629,2.10246930799817,2.49434484603452,3.67970382983647,"Ada Tree","small","small","small_small","Acacia melanoxylon","Eucalyptus regnans","between","between_species_small_small","Acacia melanoxylon small_Eucalyptus regnans small",0.0634597557722194,NA,-0.0180095512964435,0.230748120266072,0.248757671562515
"221",221,"Acacia melanoxylon small","Acacia melanoxylon small",0.166176817517695,2.27381457960885,1.2150617145621,1.97564154734155,2.25595292364517,2.5372425708259,3.50187097319389,"Ada Tree","small","small","small_small","Acacia melanoxylon","Acacia melanoxylon","within","within_species_small_small","Acacia melanoxylon small_Acacia melanoxylon small",0.0733399080882647,1,0.0311487756460758,0.318635932611029,0.287487156964953
"222",222,"Eucalyptus regnans large","Acacia melanoxylon large",0.199126069923892,3.29437423778992,2.06238983513242,2.80041045946698,3.17266084858777,3.74365636052493,5.80783284310611,"Ada Tree","large","large","large_large","Eucalyptus regnans","Acacia melanoxylon","between","between_species_large_large","Eucalyptus regnans large_Acacia melanoxylon large",0.128520486195722,NA,-0.0604798250657691,0.443311223372616,0.503791048438385
"223",223,"Eucalyptus regnans large","Eucalyptus regnans large",-0.476037045902743,0.163005035818233,0.0379560292188828,0.0908665576553216,0.137834168308942,0.221062682712682,0.482778774576921,"Weeaproinah","large","large","large_large","Eucalyptus regnans","Eucalyptus regnans","within","within_species_large_large","Eucalyptus regnans large_Eucalyptus regnans large",0.140573250858844,1,-0.759893681754467,-0.208856664008372,0.551037017746095
"224",224,"Acacia melanoxylon large","Acacia melanoxylon large",-0.245868306615154,0.166164894687141,0.0820379946343067,0.114067947514662,0.15471341833902,0.19690821192713,0.372997148064615,"Weeaproinah","large","large","large_large","Acacia melanoxylon","Acacia melanoxylon","within","within_species_large_large","Acacia melanoxylon large_Acacia melanoxylon large",0.182841583095707,NA,-0.600345763250371,0.116380072237376,0.716725835487747
"225",225,"Eucalyptus regnans small","Eucalyptus regnans small",-0.204490455569584,0.308423789125359,0.150626566186206,0.218827551773762,0.268843271514299,0.362982201694732,0.739584794975218,"Weeaproinah","small","small","small_small","Eucalyptus regnans","Eucalyptus regnans","within","within_species_small_small","Eucalyptus regnans small_Eucalyptus regnans small",0.115946277734933,NA,-0.445495832938839,0.00900522406505405,0.454501057003893
"226",226,"Acacia melanoxylon large","Nematolepis squamea subsp squamea large",-0.174815193867713,0.452725672716338,0.282519879718935,0.382180010499108,0.437269176872479,0.521797822838493,0.645058587443564,"Weeaproinah","large","large","large_large","Acacia melanoxylon","Nematolepis squamea","between","between_species_large_large","Acacia melanoxylon large_Nematolepis squamea subsp squamea large",0.102851809696237,NA,-0.390851983525829,0.0123197019729556,0.403171685498784
"227",227,"Eucalyptus regnans large","Eucalyptus regnans small",-0.128108557005696,0.50594168990269,0.295747909205649,0.462794404141744,0.512310910174799,0.552463475990351,0.716351129184872,"Weeaproinah","large","small","large_small","Eucalyptus regnans","Eucalyptus regnans","within","within_species_large_small","Eucalyptus regnans large_Eucalyptus regnans small",0.0774101273874608,NA,-0.271921647549404,0.031520475886758,0.303442123436162
"228",228,"Nematolepis squamea subsp squamea large","Acacia melanoxylon small",-0.119745694009519,0.62539638549304,0.432873397014747,0.544602921441474,0.625313718067084,0.691000769462488,0.892035998911949,"Weeaproinah","large","small","large_small","Nematolepis squamea","Acacia melanoxylon","between","between_species_large_small","Nematolepis squamea subsp squamea large_Acacia melanoxylon small",0.0674974374914311,NA,-0.255588133775681,0.00899695928821545,0.264585093063897
"229",229,"Acacia melanoxylon large","Eucalyptus regnans large",-0.0660448667106311,0.755213914263252,0.604672621477011,0.697549640595986,0.744986437942605,0.819537166856368,0.902282135209974,"Weeaproinah","large","large","large_large","Acacia melanoxylon","Eucalyptus regnans","between","between_species_large_large","Acacia melanoxylon large_Eucalyptus regnans large",0.102241836580545,NA,-0.28878817462165,0.111992460200545,0.400780634822195
"230",230,"Nematolepis squamea subsp squamea large","Nematolepis squamea subsp squamea large",-0.0201848665722577,1.03642909508226,0.753119166368706,0.888314000871814,1.07380703062746,1.14259979335811,1.39849389883647,"Weeaproinah","large","large","large_large","Nematolepis squamea","Nematolepis squamea","within","within_species_large_large","Nematolepis squamea subsp squamea large_Nematolepis squamea subsp squamea large",0.130264105149584,NA,-0.28339346284203,0.227232446301017,0.510625909143047
"231",231,"Eucalyptus regnans small","Nematolepis squamea subsp squamea small",-0.0154452164233314,0.918131550499458,0.869256570364085,0.907385968086602,0.918388229539313,0.93073019446166,0.95753401440649,"Weeaproinah","small","small","small_small","Eucalyptus regnans","Nematolepis squamea","between","between_species_small_small","Eucalyptus regnans small_Nematolepis squamea subsp squamea small",0.0374956912241313,NA,-0.0912676415091464,0.0557127672403173,0.146980408749464
"232",232,"Acacia melanoxylon small","Acacia melanoxylon large",0.00373924718506037,1.03020353439528,1.01019451557039,1.02212795242459,1.03027066666339,1.03717180796529,1.05211552274364,"Weeaproinah","small","large","large_small","Acacia melanoxylon","Acacia melanoxylon","within","within_species_large_small","Acacia melanoxylon small_Acacia melanoxylon large",0.0813376957184767,NA,-0.152471243404405,0.166366664982979,0.318837908387384
"233",233,"Nematolepis squamea subsp squamea small","Nematolepis squamea subsp squamea large",0.0063616235203366,1.08987447315719,1.02400402279473,1.06654555702275,1.08615595362528,1.11694113740079,1.16120987196478,"Weeaproinah","small","large","large_small","Nematolepis squamea","Nematolepis squamea","within","within_species_large_small","Nematolepis squamea subsp squamea small_Nematolepis squamea subsp squamea large",0.0379970197536984,NA,-0.0634747202716616,0.0854708602025503,0.148945580474212
"234",234,"Eucalyptus regnans small","Acacia melanoxylon small",0.0102204814860799,1.07103311018768,1.03363579467009,1.06037458064449,1.0708958900746,1.08172078850634,1.10496754810182,"Weeaproinah","small","small","small_small","Eucalyptus regnans","Acacia melanoxylon","between","between_species_small_small","Eucalyptus regnans small_Acacia melanoxylon small",0.0586770153691606,NA,-0.105080137445046,0.124929536242669,0.230009673687716
"235",235,"Nematolepis squamea subsp squamea small","Eucalyptus regnans large",0.017888389928801,1.21991300826416,1.05734756419622,1.17062821135203,1.21803971612497,1.25872991693879,1.48528981021016,"Weeaproinah","small","large","large_small","Nematolepis squamea","Eucalyptus regnans","between","between_species_large_small","Nematolepis squamea subsp squamea small_Eucalyptus regnans large",0.0420557147830654,NA,-0.0605881315888813,0.104267241048913,0.164855372637794
"236",236,"Nematolepis squamea subsp squamea small","Acacia melanoxylon large",0.0324804038808858,1.64188166603092,1.20753414669975,1.42270226556855,1.61212515183297,1.80967011758305,2.33880928882051,"Weeaproinah","small","large","large_small","Nematolepis squamea","Acacia melanoxylon","between","between_species_large_small","Nematolepis squamea subsp squamea small_Acacia melanoxylon large",0.0414053592915079,NA,-0.0528747092624371,0.109431316694156,0.162306025956593
"237",237,"Acacia melanoxylon small","Eucalyptus regnans large",0.0359716245752234,1.27051032534219,1.08344178616755,1.19494185769521,1.26445072788396,1.33266777490968,1.57859652387168,"Weeaproinah","small","large","large_small","Acacia melanoxylon","Eucalyptus regnans","between","between_species_large_small","Acacia melanoxylon small_Eucalyptus regnans large",0.0694249017345465,NA,-0.10077965828087,0.171360955779016,0.272140614059887
"238",238,"Eucalyptus regnans large","Nematolepis squamea subsp squamea large",0.0368764266996777,1.30318160163617,1.11166934929718,1.25576067494861,1.2868823532509,1.33267798791809,1.60419759624364,"Weeaproinah","large","large","large_large","Eucalyptus regnans","Nematolepis squamea","between","between_species_large_large","Eucalyptus regnans large_Nematolepis squamea subsp squamea large",0.0893531507441898,NA,-0.149414343737979,0.200843570989602,0.350257914727581
"239",239,"Nematolepis squamea subsp squamea small","Acacia melanoxylon small",0.0724046197892741,2.22075314917782,1.32244017265888,1.89138837880801,2.14466015210487,2.57127465704946,3.08612995892422,"Weeaproinah","small","small","small_small","Nematolepis squamea","Acacia melanoxylon","between","between_species_small_small","Nematolepis squamea subsp squamea small_Acacia melanoxylon small",0.0340802378480832,1,0.0119854242269722,0.145577501760576,0.133592077533604
"240",240,"Eucalyptus regnans small","Nematolepis squamea subsp squamea large",0.103131855892912,2.50874005162677,1.53934764515698,2.15981286105619,2.41040451969167,2.80164246657069,3.96905622229219,"Weeaproinah","small","large","large_small","Eucalyptus regnans","Nematolepis squamea","between","between_species_large_small","Eucalyptus regnans small_Nematolepis squamea subsp squamea large",0.0766002753460859,NA,-0.0368337672671429,0.263433794501217,0.30026756176836
"241",241,"Eucalyptus regnans small","Acacia melanoxylon large",0.136499273640148,3.57510434404267,1.80475978436935,2.76123675631263,3.4694676780172,4.34373014425878,6.18410256955378,"Weeaproinah","small","large","large_small","Eucalyptus regnans","Acacia melanoxylon","between","between_species_large_small","Eucalyptus regnans small_Acacia melanoxylon large",0.0930848071206188,NA,-0.0442802309648907,0.32060550796365,0.364885738928541
"242",242,"Acacia melanoxylon small","Acacia melanoxylon small",0.209482489974684,1.14225226551994,0.485020852839517,0.825939158172707,1.04062759362962,1.22952087965727,3.13464928964176,"Weeaproinah","small","small","small_small","Acacia melanoxylon","Acacia melanoxylon","within","within_species_small_small","Acacia melanoxylon small_Acacia melanoxylon small",0.0859209467101953,1,0.040295213033115,0.377099135172251,0.336803922139136
"243",243,"Nematolepis squamea subsp squamea small","Nematolepis squamea subsp squamea small",0.322961293394674,5.66972596430198,1.83062835084846,4.48379233755332,5.59555497087719,6.7154763727519,12.5632809326531,"Weeaproinah","small","small","small_small","Nematolepis squamea","Nematolepis squamea","within","within_species_small_small","Nematolepis squamea subsp squamea small_Nematolepis squamea subsp squamea small",0.0588229267170822,1,0.21837404454559,0.44895568020703,0.23058163566144
"244",244,"Eucalyptus regnans large","Eucalyptus regnans large",-0.685125889049308,0.153232640428221,0.0332523342810614,0.080379489723892,0.136647745833783,0.185183783028706,0.569493662441,"ANU363","large","large","large_large","Eucalyptus regnans","Eucalyptus regnans","within","within_species_large_large","Eucalyptus regnans large_Eucalyptus regnans large",0.212343452963774,1,-1.10019347490749,-0.267822434583747,0.832371040323743
"245",245,"Eucalyptus regnans large","Eucalyptus regnans small",-0.252896842304419,0.411832871602749,0.194258175669212,0.318487305384497,0.407455139841464,0.475589025287662,0.759681194140622,"ANU363","large","small","large_small","Eucalyptus regnans","Eucalyptus regnans","within","within_species_large_small","Eucalyptus regnans large_Eucalyptus regnans small",0.0730128136996332,1,-0.39723806631277,-0.111033095790343,0.286204970522427
"246",246,"Eucalyptus regnans small","Eucalyptus regnans small",-0.00240736338154936,2.06525643029622,1.33931285454901,1.66856698574107,1.9822388407606,2.43065358668086,2.99073966197365,"ANU363","small","small","small_small","Eucalyptus regnans","Eucalyptus regnans","within","within_species_small_small","Eucalyptus regnans small_Eucalyptus regnans small",0.0929946954317853,NA,-0.181200711564518,0.183331796034624,0.364532507599141
"247",247,"Eucalyptus regnans large","Eucalyptus regnans large",-0.413890468333465,0.294390625281701,0.0750014342704695,0.204461719209334,0.274743853132831,0.384693740556725,0.675836739374185,"ANU589","large","large","large_large","Eucalyptus regnans","Eucalyptus regnans","within","within_species_large_large","Eucalyptus regnans large_Eucalyptus regnans large",0.198151943205593,1,-0.793170242132084,-0.0164288978329064,0.776741344299178
"248",248,"Eucalyptus regnans large","Eucalyptus regnans small",-0.0998576571765176,0.633436899498552,0.421739586081957,0.592865009464429,0.633461462911449,0.679415726101241,0.775829974353292,"ANU589","large","small","large_small","Eucalyptus regnans","Eucalyptus regnans","within","within_species_large_small","Eucalyptus regnans large_Eucalyptus regnans small",0.0692228207046817,NA,-0.236980408404225,0.0343680625746746,0.271348470978899
"249",249,"Pomaderris aspera small","Eucalyptus regnans large",-0.0635136876800253,0.747982789726553,0.388912292835342,0.673132972854325,0.791322717243365,0.839182702286577,0.916209493200128,"ANU589","small","large","large_small","Pomaderris aspera","Eucalyptus regnans","between","between_species_large_small","Pomaderris aspera small_Eucalyptus regnans large",0.049693657460027,NA,-0.159526385064199,0.0352691726992478,0.194795557763446
"250",250,"Pomaderris aspera small","Eucalyptus regnans small",-0.049173450019855,0.834658254933476,0.474660582748569,0.832382892179372,0.864008521948847,0.8895639795087,0.926462075747103,"ANU589","small","small","small_small","Pomaderris aspera","Eucalyptus regnans","between","between_species_small_small","Pomaderris aspera small_Eucalyptus regnans small",0.0345690699517017,NA,-0.119474651232873,0.0160336129358898,0.135508264168762
"251",251,"Eucalyptus regnans small","Eucalyptus regnans small",0.114631245986823,3.69270028707992,1.81697418417982,3.08388076916152,3.82611314124158,4.30299893863049,5.29761304265712,"ANU589","small","small","small_small","Eucalyptus regnans","Eucalyptus regnans","within","within_species_small_small","Eucalyptus regnans small_Eucalyptus regnans small",0.0920294773414656,NA,-0.0694327799421636,0.291316142268472,0.360748922210635
"252",252,"Pomaderris aspera small","Pomaderris aspera small",0.37515046878275,28.5938531403838,2.36564656927271,5.71462495960008,28.062425255112,44.1466802770467,75.0901237902285,"ANU589","small","small","small_small","Pomaderris aspera","Pomaderris aspera","within","within_species_small_small","Pomaderris aspera small_Pomaderris aspera small",0.0611573261995457,1,0.243515437823093,0.483247751306847,0.239732313483755
"253",253,"Eucalyptus regnans large","Eucalyptus regnans large",-3.30373893471522,0.00029207611757408,2.35387634000155e-09,2.16617695151928e-08,4.86859471818354e-07,4.81221066592838e-06,0.00545408458721199,"Turtons","large","large","large_large","Eucalyptus regnans","Eucalyptus regnans","within","within_species_large_large","Eucalyptus regnans large_Eucalyptus regnans large",1.2382373997916,1,-5.73412278116794,-0.880321365363828,4.85380141580411
"254",254,"Acacia melanoxylon large","Acacia melanoxylon large",-1.19528412545973,0.0104036829112783,3.6802078044103e-06,7.76164304212842e-05,0.00058041321112592,0.00430939378742278,0.181186041419959,"Turtons","large","large","large_large","Acacia melanoxylon","Acacia melanoxylon","within","within_species_large_large","Acacia melanoxylon large_Acacia melanoxylon large",1.09293502170259,NA,-3.31673611941,0.96749044054915,4.28422655995915
"255",255,"Eucalyptus regnans small","Eucalyptus regnans small",-0.728645185338418,0.0203427980383392,0.00058871531127549,0.00195990987293472,0.00785231851454262,0.0313443296947533,0.139398119711216,"Turtons","small","small","small_small","Eucalyptus regnans","Eucalyptus regnans","within","within_species_small_small","Eucalyptus regnans small_Eucalyptus regnans small",0.454658511395068,NA,-1.5951431807689,0.187085434428955,1.78222861519785
"256",256,"Olearia argophylla large","Eucalyptus regnans large",-0.700664772176557,0.322484814012241,0.00931751648729064,0.106976734242153,0.366582750035737,0.494590733872518,0.744212784616536,"Turtons","large","large","large_large","Olearia argophylla","Eucalyptus regnans","between","between_species_large_large","Olearia argophylla large_Eucalyptus regnans large",0.464626037304003,NA,-1.61330592259077,0.207994676200048,1.82130059879082
"257",257,"Hedycarya angustifolia large","Olearia argophylla large",-0.535292801841463,0.526720305364843,0.0698411663219295,0.293406371614459,0.55046450577862,0.781278430730397,0.893354054507368,"Turtons","large","large","large_large","Hedycarya angustifolia","Olearia argophylla","between","between_species_large_large","Hedycarya angustifolia large_Olearia argophylla large",0.328961563285041,NA,-1.18685116317182,0.102654469501523,1.28950563267335
"258",258,"Hedycarya angustifolia large","Acacia melanoxylon large",-0.471339924191295,0.437208452228578,0.0220520470243134,0.173092009887219,0.464069974669739,0.590331942854087,0.980320393821884,"Turtons","large","large","large_large","Hedycarya angustifolia","Acacia melanoxylon","between","between_species_large_large","Hedycarya angustifolia large_Acacia melanoxylon large",0.476879222052947,NA,-1.39921799485458,0.470114205543925,1.86933220039851
"259",259,"Hedycarya angustifolia large","Hedycarya angustifolia large",-0.386580821948106,0.198670145926514,0.0521396112729463,0.0806641481836443,0.183906524966637,0.207768077688604,0.767730443884619,"Turtons","large","large","large_large","Hedycarya angustifolia","Hedycarya angustifolia","within","within_species_large_large","Hedycarya angustifolia large_Hedycarya angustifolia large",0.396318217453256,NA,-1.16232196949046,0.391216895760533,1.55353886525099
"260",260,"Olearia argophylla large","Olearia argophylla large",-0.341480522156305,0.292617759137919,0.060453231270392,0.0977515779641962,0.157945142175772,0.296751902936196,1.08840664104587,"Turtons","large","large","large_large","Olearia argophylla","Olearia argophylla","within","within_species_large_large","Olearia argophylla large_Olearia argophylla large",0.300966721646304,NA,-0.938556782925442,0.241211087018251,1.17976786994369
"261",261,"Hedycarya angustifolia large","Nematolepis squamea subsp squamea small",-0.34112538612156,0.701603346732978,0.196694556378089,0.558647826665328,0.772383443585006,0.905538808470255,0.987356055090252,"Turtons","large","small","large_small","Hedycarya angustifolia","Nematolepis squamea","between","between_species_large_small","Hedycarya angustifolia large_Nematolepis squamea subsp squamea small",0.216059207679263,NA,-0.768478611247238,0.0784579199119927,0.84693653115923
"262",262,"Eucalyptus regnans large","Hedycarya angustifolia small",-0.296327359907964,0.437355687530515,0.22722120459421,0.352738866809567,0.4413617202948,0.504859173577387,0.747774631540129,"Turtons","large","small","large_small","Eucalyptus regnans","Hedycarya angustifolia","between","between_species_large_small","Eucalyptus regnans large_Hedycarya angustifolia small",0.214454446769795,NA,-0.704662654106102,0.135983329880418,0.840645983986519
"263",263,"Olearia argophylla large","Nematolepis squamea subsp squamea small",-0.283530343798656,0.658239404065737,0.108119857376531,0.58650642099313,0.752888043655131,0.792371157547906,0.91568667325843,"Turtons","large","small","large_small","Olearia argophylla","Nematolepis squamea","between","between_species_large_small","Olearia argophylla large_Nematolepis squamea subsp squamea small",0.158112521596077,NA,-0.593377007960246,0.0264126877059994,0.619789695666245
"264",264,"Hedycarya angustifolia large","Nematolepis squamea subsp squamea large",-0.217051072042546,0.785298710361778,0.338669820252087,0.636184129737524,0.850470694821009,0.941825734884951,0.984622093669109,"Turtons","large","large","large_large","Hedycarya angustifolia","Nematolepis squamea","between","between_species_large_large","Hedycarya angustifolia large_Nematolepis squamea subsp squamea large",0.340276278757248,NA,-0.8786605570721,0.455197945242937,1.33385850231504
"265",265,"Nematolepis squamea subsp squamea large","Acacia melanoxylon large",-0.193548753409666,0.615828002444032,0.177466822093495,0.515869581327114,0.651118886129741,0.735559179309324,0.888834989125209,"Turtons","large","large","large_large","Nematolepis squamea","Acacia melanoxylon","between","between_species_large_large","Nematolepis squamea subsp squamea large_Acacia melanoxylon large",0.345254916876926,NA,-0.875566564276844,0.477807840851448,1.35337440512829
"266",266,"Eucalyptus regnans small","Olearia argophylla small",-0.190256203026341,0.456487122907277,0.229798097873748,0.410570117168755,0.471112685542438,0.510064129762598,0.687452018562602,"Turtons","small","small","small_small","Eucalyptus regnans","Olearia argophylla","between","between_species_small_small","Eucalyptus regnans small_Olearia argophylla small",0.178959896357795,NA,-0.534198149884017,0.16731175319258,0.701509903076597
"267",267,"Hedycarya angustifolia large","Acacia melanoxylon small",-0.178962690814816,0.705374568921976,0.341152921711709,0.543627476490802,0.709236965655093,0.881756751275485,0.990879209764147,"Turtons","large","small","large_small","Hedycarya angustifolia","Acacia melanoxylon","between","between_species_large_small","Hedycarya angustifolia large_Acacia melanoxylon small",0.187204681848326,NA,-0.551264928425701,0.182563939894296,0.733828868319997
"268",268,"Nematolepis squamea subsp squamea large","Olearia argophylla small",-0.178491051826482,0.635880656537976,0.197519614970089,0.549288734708464,0.665814324424003,0.745886070832063,0.876252499041232,"Turtons","large","small","large_small","Nematolepis squamea","Olearia argophylla","between","between_species_large_small","Nematolepis squamea subsp squamea large_Olearia argophylla small",0.151743793026514,NA,-0.470820431606994,0.124004306811941,0.594824738418935
"269",269,"Nematolepis squamea subsp squamea large","Nematolepis squamea subsp squamea large",-0.177889279649398,0.271402720913193,0.0246946587144908,0.0349045710170188,0.0994275073811409,0.623604033962614,0.77888322275351,"Turtons","large","large","large_large","Nematolepis squamea","Nematolepis squamea","within","within_species_large_large","Nematolepis squamea subsp squamea large_Nematolepis squamea subsp squamea large",0.222390705096456,NA,-0.625818080845573,0.245937464125472,0.871755544971045
"270",270,"Olearia argophylla small","Hedycarya angustifolia small",-0.166885704005976,0.538647688234214,0.224090751939597,0.444654772437917,0.538116409505416,0.660908616601611,0.856286582462941,"Turtons","small","small","small_small","Olearia argophylla","Hedycarya angustifolia","between","between_species_small_small","Olearia argophylla small_Hedycarya angustifolia small",0.112816733095957,NA,-0.38855984230301,0.0536736251400782,0.442233467443088
"271",271,"Acacia melanoxylon large","Eucalyptus regnans small",-0.154723014970278,0.574123269410823,0.30506160715146,0.512080104854939,0.571498979115616,0.648812806041659,0.762778903068562,"Turtons","large","small","large_small","Acacia melanoxylon","Eucalyptus regnans","between","between_species_large_small","Acacia melanoxylon large_Eucalyptus regnans small",0.348459075804209,NA,-0.841816896682469,0.524117580642253,1.36593447732472
"272",272,"Olearia argophylla large","Acacia melanoxylon small",-0.154371355311977,0.741533894878733,0.355023056443986,0.57393080284076,0.827444353499086,0.876692469299465,0.932319283442839,"Turtons","large","small","large_small","Olearia argophylla","Acacia melanoxylon","between","between_species_large_small","Olearia argophylla large_Acacia melanoxylon small",0.166627416713868,NA,-0.489270717217381,0.163896753974878,0.653167471192259
"273",273,"Acacia melanoxylon large","Acacia melanoxylon small",-0.129108217958795,0.629424368111736,0.410318863907594,0.552551872975164,0.635470441298283,0.701579016113451,0.801560533863856,"Turtons","large","small","large_small","Acacia melanoxylon","Acacia melanoxylon","within","within_species_large_small","Acacia melanoxylon large_Acacia melanoxylon small",0.261005520223045,NA,-0.632372218753334,0.390750620053282,1.02312283880662
"274",274,"Nematolepis squamea subsp squamea large","Hedycarya angustifolia small",-0.067037541205787,0.89286051620152,0.686706633085753,0.859328157879328,0.908403436638285,0.933399800939146,0.960078449152475,"Turtons","large","small","large_small","Nematolepis squamea","Hedycarya angustifolia","between","between_species_large_small","Nematolepis squamea subsp squamea large_Hedycarya angustifolia small",0.136651131070018,NA,-0.336636925447643,0.19902566524015,0.535662590687793
"275",275,"Nematolepis squamea subsp squamea large","Eucalyptus regnans small",-0.0661464699603266,0.824780325619428,0.50602888776202,0.802610971622014,0.861328905475893,0.904713753533444,0.958897115623367,"Turtons","large","small","large_small","Nematolepis squamea","Eucalyptus regnans","between","between_species_large_small","Nematolepis squamea subsp squamea large_Eucalyptus regnans small",0.228499673201207,NA,-0.513894927901128,0.381807332005949,0.895702259907077
"276",276,"Acacia melanoxylon small","Nematolepis squamea subsp squamea small",-0.0649737681144147,0.79230327357818,0.572434687460553,0.751131147706068,0.77535090732047,0.858306014132616,0.917974375608079,"Turtons","small","small","small_small","Acacia melanoxylon","Nematolepis squamea","between","between_species_small_small","Acacia melanoxylon small_Nematolepis squamea subsp squamea small",0.107259189064017,NA,-0.268984873671253,0.151463421481639,0.420448295152892
"277",277,"Hedycarya angustifolia large","Eucalyptus regnans small",-0.0491284153372673,0.907582296966513,0.732171828063908,0.846241027194335,0.91239431606687,0.975101034682305,0.995916818387371,"Turtons","large","small","large_small","Hedycarya angustifolia","Eucalyptus regnans","between","between_species_large_small","Hedycarya angustifolia large_Eucalyptus regnans small",0.239478696458039,NA,-0.522164230304844,0.416575009939867,0.938739240244712
"278",278,"Nematolepis squamea subsp squamea large","Acacia melanoxylon small",-0.0379641450808091,0.908326032313149,0.761188089149592,0.867637408804817,0.921681543856372,0.955278239956396,0.980444572124132,"Turtons","large","small","large_small","Nematolepis squamea","Acacia melanoxylon","between","between_species_large_small","Nematolepis squamea subsp squamea large_Acacia melanoxylon small",0.167197796387849,NA,-0.369404807982711,0.28599851044658,0.655403318429291
"279",279,"Eucalyptus regnans large","Nematolepis squamea subsp squamea small",-0.0260509486685508,0.920076741373219,0.877492553254263,0.908408612531583,0.919270257807619,0.933035523717176,0.963621177191455,"Turtons","large","small","large_small","Eucalyptus regnans","Nematolepis squamea","between","between_species_large_small","Eucalyptus regnans large_Nematolepis squamea subsp squamea small",0.280343334966662,NA,-0.570330307418722,0.528595372262289,1.09892567968101
"280",280,"Eucalyptus regnans small","Acacia melanoxylon small",-0.0119250464902255,0.949595638581509,0.919603389397071,0.936017882688533,0.950737197296041,0.962171322439394,0.981830028695314,"Turtons","small","small","small_small","Eucalyptus regnans","Acacia melanoxylon","between","between_species_small_small","Eucalyptus regnans small_Acacia melanoxylon small",0.175566415243725,NA,-0.356276119010696,0.331931582534313,0.688207701545009
"281",281,"Hedycarya angustifolia small","Hedycarya angustifolia small",0.0179721711279618,0.214457088068925,0.0863552113328512,0.126327629428189,0.167366642416734,0.248758454546818,0.601070854761093,"Turtons","small","small","small_small","Hedycarya angustifolia","Hedycarya angustifolia","within","within_species_small_small","Hedycarya angustifolia small_Hedycarya angustifolia small",0.118944700425576,NA,-0.214386478330425,0.251868179641643,0.466254657972069
"282",282,"Nematolepis squamea subsp squamea small","Acacia melanoxylon large",0.0196102503130572,1.14789543042717,1.05975153155397,1.09082909456743,1.12868962347101,1.17584721509086,1.37357951453089,"Turtons","small","large","large_small","Nematolepis squamea","Acacia melanoxylon","between","between_species_large_small","Nematolepis squamea subsp squamea small_Acacia melanoxylon large",0.179171526963885,NA,-0.328854424933164,0.37348505487536,0.702339479808524
"283",283,"Acacia melanoxylon small","Eucalyptus regnans large",0.0599172425340095,1.37983870214756,1.09876107466739,1.28286218988839,1.33720873080027,1.45776296978643,1.93646076095081,"Turtons","small","large","large_small","Acacia melanoxylon","Eucalyptus regnans","between","between_species_large_small","Acacia melanoxylon small_Eucalyptus regnans large",0.419394943506837,NA,-0.781047366247802,0.862950602895421,1.64399796914322
"284",284,"Hedycarya angustifolia small","Olearia argophylla large",0.0633913902010984,1.78429104704118,1.13873360963289,1.40597811679466,1.75069196992969,2.12042387978162,2.52027439371123,"Turtons","small","large","large_small","Hedycarya angustifolia","Olearia argophylla","between","between_species_large_small","Hedycarya angustifolia small_Olearia argophylla large",0.150058298049234,NA,-0.223187580485193,0.365030139030559,0.588217719515752
"285",285,"Hedycarya angustifolia small","Nematolepis squamea subsp squamea small",0.0860466322698542,1.6332188016611,1.02565024012033,1.10451063583526,1.50284498844585,2.00830413725097,3.07053763132947,"Turtons","small","small","small_small","Hedycarya angustifolia","Nematolepis squamea","between","between_species_small_small","Hedycarya angustifolia small_Nematolepis squamea subsp squamea small",0.0971338455093477,NA,-0.103971358132667,0.276786319623731,0.380757677756398
"286",286,"Nematolepis squamea subsp squamea small","Eucalyptus regnans small",0.0925423580600787,1.95067935606715,1.19679949794056,1.4644051754002,1.81518565401596,2.2270121799826,3.84147615985525,"Turtons","small","small","small_small","Nematolepis squamea","Eucalyptus regnans","between","between_species_small_small","Nematolepis squamea subsp squamea small_Eucalyptus regnans small",0.15198798848024,NA,-0.208023248618985,0.387758718388934,0.59578196700792
"287",287,"Hedycarya angustifolia small","Eucalyptus regnans small",0.0947206900187566,2.16961210902719,1.0659473369428,1.64426751702567,2.14271022726014,2.6734528122795,3.53017358913753,"Turtons","small","small","small_small","Hedycarya angustifolia","Eucalyptus regnans","between","between_species_small_small","Hedycarya angustifolia small_Eucalyptus regnans small",0.135029998067426,NA,-0.169142572897044,0.360165293192291,0.529307866089335
"288",288,"Nematolepis squamea subsp squamea large","Olearia argophylla large",0.101678310557194,1.40648385944646,1.10630947875925,1.19822564504498,1.26965074412546,1.3411247719009,2.74380620553333,"Turtons","large","large","large_large","Nematolepis squamea","Olearia argophylla","between","between_species_large_large","Nematolepis squamea subsp squamea large_Olearia argophylla large",0.226024741021712,NA,-0.342972819566769,0.543027884468327,0.886000704035096
"289",289,"Acacia melanoxylon small","Acacia melanoxylon small",0.104577152638604,1.15331753440226,0.726654783274126,1.01246134187271,1.10585812881701,1.28399900490046,1.77215228517138,"Turtons","small","small","small_small","Acacia melanoxylon","Acacia melanoxylon","within","within_species_small_small","Acacia melanoxylon small_Acacia melanoxylon small",0.13841295223408,NA,-0.165057770463534,0.377511032281787,0.54256880274532
"290",290,"Hedycarya angustifolia small","Acacia melanoxylon small",0.135428857839955,3.07514600945367,1.05633796983846,2.0976703375207,3.21980676550972,3.8349520907095,5.32892770017486,"Turtons","small","small","small_small","Hedycarya angustifolia","Acacia melanoxylon","between","between_species_small_small","Hedycarya angustifolia small_Acacia melanoxylon small",0.0972635520510967,NA,-0.0526510253034372,0.328615092753736,0.381266118057173
"291",291,"Acacia melanoxylon large","Olearia argophylla large",0.135853290090568,1.85140404579888,1.35447512156163,1.60087734831958,1.81052920020453,2.07904512095305,2.58294720263985,"Turtons","large","large","large_large","Acacia melanoxylon","Olearia argophylla","between","between_species_large_large","Acacia melanoxylon large_Olearia argophylla large",0.387046593438066,NA,-0.631946425209785,0.885248341745268,1.51719476695505
"292",292,"Nematolepis squamea subsp squamea small","Nematolepis squamea subsp squamea small",0.136636355405524,0.700224989267921,0.178118808611537,0.279589761528106,0.631448352323768,1.06589482938608,1.56935947119604,"Turtons","small","small","small_small","Nematolepis squamea","Nematolepis squamea","within","within_species_small_small","Nematolepis squamea subsp squamea small_Nematolepis squamea subsp squamea small",0.105010232832658,NA,-0.0732811802849849,0.338351368435365,0.411632548720349
"293",293,"Olearia argophylla small","Acacia melanoxylon small",0.14376679566126,2.36985845346983,1.15924945200455,1.64841900563537,2.2739647713862,2.90169022766367,4.97354988772152,"Turtons","small","small","small_small","Olearia argophylla","Acacia melanoxylon","between","between_species_small_small","Olearia argophylla small_Acacia melanoxylon small",0.108608239168995,NA,-0.0633818480661302,0.362354626324954,0.425736474391084
"294",294,"Olearia argophylla small","Olearia argophylla small",0.149691454513967,0.459860948794823,0.167676662970193,0.295095067682215,0.413509638813737,0.525406723608617,1.01239885500883,"Turtons","small","small","small_small","Olearia argophylla","Olearia argophylla","within","within_species_small_small","Olearia argophylla small_Olearia argophylla small",0.145831329960983,NA,-0.143178686456785,0.428469622625422,0.571648309082207
"295",295,"Olearia argophylla small","Acacia melanoxylon large",0.164675298380016,2.99934261999792,1.28452173006677,2.28283955794211,2.70608215365289,3.16918640989812,6.64998798620352,"Turtons","small","large","large_small","Olearia argophylla","Acacia melanoxylon","between","between_species_large_small","Olearia argophylla small_Acacia melanoxylon large",0.213663075263421,NA,-0.251452473928119,0.586091390756631,0.83754386468475
"296",296,"Nematolepis squamea subsp squamea small","Olearia argophylla small",0.179282806615324,3.5886827606417,1.36629212843765,2.1649696276421,2.85402821408627,4.42708563814615,11.6880469884385,"Turtons","small","small","small_small","Nematolepis squamea","Olearia argophylla","between","between_species_small_small","Nematolepis squamea subsp squamea small_Olearia argophylla small",0.107975248208979,NA,-0.0327653238763297,0.390489871546416,0.423255195422745
"297",297,"Olearia argophylla small","Hedycarya angustifolia large",0.194713587373798,3.51463744547528,1.44517677163599,2.82453853346131,3.38804652457832,4.37900391039172,6.10831063575159,"Turtons","small","large","large_small","Olearia argophylla","Hedycarya angustifolia","between","between_species_large_small","Olearia argophylla small_Hedycarya angustifolia large",0.207552990252395,NA,-0.209745977833703,0.60384679372287,0.813592771556573
"298",298,"Nematolepis squamea subsp squamea small","Nematolepis squamea subsp squamea large",0.302451245789071,20.0716011382663,3.27837734366908,11.8791464274641,15.2169014518131,33.0340919615937,49.80332453248,"Turtons","small","large","large_small","Nematolepis squamea","Nematolepis squamea","within","within_species_large_small","Nematolepis squamea subsp squamea small_Nematolepis squamea subsp squamea large",0.137575228802163,1,0.040561116065184,0.579846103299377,0.539284987234193
"299",299,"Eucalyptus regnans small","Olearia argophylla large",0.355584817708591,8.05783572982746,2.44277511638948,4.86636730888047,6.14487427179298,9.16976756705031,23.986830275035,"Turtons","small","large","large_small","Eucalyptus regnans","Olearia argophylla","between","between_species_large_small","Eucalyptus regnans small_Olearia argophylla large",0.249420000926545,NA,-0.14210729564622,0.83560114203373,0.97770843767995
"300",300,"Hedycarya angustifolia small","Hedycarya angustifolia large",0.362307046379513,138.551027896121,14.9005913819745,61.6405174156726,102.96110155221,214.107619183411,362.287076683026,"Turtons","small","large","large_small","Hedycarya angustifolia","Hedycarya angustifolia","within","within_species_large_small","Hedycarya angustifolia small_Hedycarya angustifolia large",0.201272722763536,NA,-0.0265698433446848,0.762404732029005,0.78897457537369
"301",301,"Olearia argophylla small","Olearia argophylla large",0.389657329699233,24.0324912169708,2.22432722237121,10.2354802678133,17.1136933435919,35.249486816101,67.2647909687508,"Turtons","small","large","large_small","Olearia argophylla","Olearia argophylla","within","within_species_large_small","Olearia argophylla small_Olearia argophylla large",0.187636600332979,1,0.0321527100712614,0.767674667739613,0.735521957668351
"302",302,"Nematolepis squamea subsp squamea large","Eucalyptus regnans large",0.395156607371591,9.23847115630883,1.2824093346172,1.742039615918,2.21297876816672,6.36902203107118,93.8172641253275,"Turtons","large","large","large_large","Nematolepis squamea","Eucalyptus regnans","between","between_species_large_large","Nematolepis squamea subsp squamea large_Eucalyptus regnans large",0.498206054820963,NA,-0.584013191821196,1.36891865683655,1.95293184865775
"303",303,"Hedycarya angustifolia small","Acacia melanoxylon large",0.476325448325099,228.732537409523,1.2281011190937,20.1638882224375,131.54658103782,234.6492794645,1591.4383761773,"Turtons","small","large","large_small","Hedycarya angustifolia","Acacia melanoxylon","between","between_species_large_small","Hedycarya angustifolia small_Acacia melanoxylon large",0.262025274084925,NA,-0.0508850907949733,0.976235109696404,1.02712020049138
"304",304,"Olearia argophylla small","Eucalyptus regnans large",0.556366556284763,56.3662483716986,4.20100287565805,9.99899729740894,27.4523865256574,72.9527311512853,478.487066592079,"Turtons","small","large","large_small","Olearia argophylla","Eucalyptus regnans","between","between_species_large_small","Olearia argophylla small_Eucalyptus regnans large",0.375192406354049,NA,-0.175153995720975,1.29557321173273,1.47072720745371
"305",305,"Eucalyptus regnans large","Hedycarya angustifolia large",0.580030208378857,15.9528074274572,6.50760267842082,9.0465825816543,14.6403087337324,20.0447071856296,33.6674172326505,"Turtons","large","large","large_large","Eucalyptus regnans","Hedycarya angustifolia","between","between_species_large_large","Eucalyptus regnans large_Hedycarya angustifolia large",0.455533181629737,NA,-0.310030482085245,1.47562677742921,1.78565725951445
"306",306,"Acacia melanoxylon large","Eucalyptus regnans large",0.883406621781542,106.752149780109,5.33570336517042,13.9034584044164,28.6814213366563,64.1406628287262,1276.00579755782,"Turtons","large","large","large_large","Acacia melanoxylon","Eucalyptus regnans","between","between_species_large_large","Acacia melanoxylon large_Eucalyptus regnans large",0.682404223336696,NA,-0.475776167746878,2.19919923352903,2.6749754012759
"307",307,"Eucalyptus regnans small","Eucalyptus regnans large",0.912096810892333,207.569552655966,6.27099127896678,35.0670150476785,88.2119513897579,194.451367725793,2045.23452622865,"Turtons","small","large","large_small","Eucalyptus regnans","Eucalyptus regnans","within","within_species_large_small","Eucalyptus regnans small_Eucalyptus regnans large",0.524230522615412,NA,-0.129712459334098,1.92523342851154,2.05494588784563
"308",308,"Eucalyptus regnans large","Eucalyptus regnans large",-0.668476118067305,0.0352654426777462,0.00469408926254862,0.0123531326481695,0.0204074614048867,0.0309157356472041,0.205663217928604,"HardyCreek","large","large","large_large","Eucalyptus regnans","Eucalyptus regnans","within","within_species_large_large","Eucalyptus regnans large_Eucalyptus regnans large",0.375010429466684,NA,-1.45049159303592,0.0195222781272749,1.4700138711632
"309",309,"Acacia melanoxylon small","Acacia melanoxylon small",-0.186056027875663,0.125470696767975,0.0247829553272544,0.0458960627356816,0.116814563688594,0.160287524687851,0.391638383396322,"HardyCreek","small","small","small_small","Acacia melanoxylon","Acacia melanoxylon","within","within_species_small_small","Acacia melanoxylon small_Acacia melanoxylon small",0.220344207880572,NA,-0.583630016014011,0.280103407281846,0.863733423295857
"310",310,"Eucalyptus regnans large","Eucalyptus regnans small",-0.0623738053620112,0.765579410954119,0.671128501277532,0.735503506592644,0.769483104277204,0.794302607977874,0.859573970993594,"HardyCreek","large","small","large_small","Eucalyptus regnans","Eucalyptus regnans","within","within_species_large_small","Eucalyptus regnans large_Eucalyptus regnans small",0.118780358979905,NA,-0.281737931776415,0.183872519566292,0.465610451342706
"311",311,"Eucalyptus regnans small","Acacia melanoxylon small",0.0475288840161961,1.40803897369484,1.15948283388185,1.31856266580541,1.4224281344694,1.50791152236597,1.64744855793148,"HardyCreek","small","small","small_small","Eucalyptus regnans","Acacia melanoxylon","between","between_species_small_small","Eucalyptus regnans small_Acacia melanoxylon small",0.0905252499282681,NA,-0.137361307201942,0.217491151899843,0.354852459101785
"312",312,"Eucalyptus regnans small","Eucalyptus regnans small",0.109666410914616,2.11139160676448,1.20479208329957,1.91995143572408,2.14838256658596,2.3901127222205,2.79960720672224,"HardyCreek","small","small","small_small","Eucalyptus regnans","Eucalyptus regnans","within","within_species_small_small","Eucalyptus regnans small_Eucalyptus regnans small",0.0916713089014189,NA,-0.0746973412300645,0.28464758649479,0.359344927724854
"313",313,"Eucalyptus regnans large","Acacia melanoxylon small",0.420806012726363,12.0673085571777,2.4472480796749,8.1934267872319,10.8236364244253,13.6585278879623,32.1584048260934,"HardyCreek","large","small","large_small","Eucalyptus regnans","Acacia melanoxylon","between","between_species_large_small","Eucalyptus regnans large_Acacia melanoxylon small",0.194021007680557,1,0.00906396969549006,0.769612344291611,0.760548374596121
"314",314,"Eucalyptus pilularis large","Eucalyptus pilularis small",-0.148513641018499,0.604535557685018,0.418780085944272,0.516074612158697,0.598252290719876,0.683255539924185,0.874974279795017,"MinesRd","large","small","large_small","Eucalyptus pilularis","Eucalyptus pilularis","within","within_species_large_small","Eucalyptus pilularis large_Eucalyptus pilularis small",0.123570948912038,NA,-0.39185071854597,0.0925385002600962,0.484389218806066
"315",315,"Eucalyptus pilularis large","Eucalyptus pilularis large",-0.0557419280121257,0.911563704423321,0.808490299238364,0.879845298330874,0.90709597545369,0.932632469178611,1.07403885249107,"MinesRd","large","large","large_large","Eucalyptus pilularis","Eucalyptus pilularis","within","within_species_large_large","Eucalyptus pilularis large_Eucalyptus pilularis large",0.189875754316339,NA,-0.431677426610605,0.312621853384197,0.744299279994802
"316",316,"Eucalyptus pilularis small","Allocasuarina torulosa small",-0.0485511755240581,0.864732911231474,0.665167847883819,0.829676101599327,0.87177965854035,0.917860618238,0.962733465784442,"MinesRd","small","small","small_small","Eucalyptus pilularis","Allocasuarina torulosa","between","between_species_small_small","Eucalyptus pilularis small_Allocasuarina torulosa small",0.0259595269845087,NA,-0.0978955574391671,0.00386391845149847,0.101759475890666
"317",317,"Allocasuarina torulosa large","Allocasuarina torulosa small",-0.0149651634966882,0.942819934127764,0.891408937491582,0.928691522265669,0.941564857871526,0.958509986722808,0.975037244186118,"MinesRd","large","small","large_small","Allocasuarina torulosa","Allocasuarina torulosa","within","within_species_large_small","Allocasuarina torulosa large_Allocasuarina torulosa small",0.0352422029549639,NA,-0.0847755170781804,0.0533713799769801,0.13814689705516
"318",318,"Eucalyptus pilularis large","Allocasuarina torulosa small",-0.00883567642684261,0.973364835124877,0.94722460127375,0.968694651584925,0.975838628974513,0.979869869764092,0.988686807289757,"MinesRd","large","small","large_small","Eucalyptus pilularis","Allocasuarina torulosa","between","between_species_large_small","Eucalyptus pilularis large_Allocasuarina torulosa small",0.0404326689505763,NA,-0.0874976060489093,0.0709955438350117,0.158493149883921
"319",319,"Allocasuarina torulosa large","Eucalyptus pilularis large",0.0532666157202624,1.36145693697108,1.13209466663988,1.27009798904042,1.38359436990477,1.45659157036597,1.67042051860713,"MinesRd","large","large","large_large","Allocasuarina torulosa","Eucalyptus pilularis","between","between_species_large_large","Allocasuarina torulosa large_Eucalyptus pilularis large",0.0970776234181968,NA,-0.134587721206188,0.245949570002627,0.380537291208816
"320",320,"Allocasuarina torulosa large","Eucalyptus pilularis small",0.0573091021846705,1.39596152186513,1.06338394948469,1.22876536025586,1.38699380288099,1.55927848167059,1.81036406731921,"MinesRd","large","small","large_small","Allocasuarina torulosa","Eucalyptus pilularis","between","between_species_large_small","Allocasuarina torulosa large_Eucalyptus pilularis small",0.068980593390692,NA,-0.0806430454815098,0.189755911874406,0.270398957355916
"321",321,"Allocasuarina torulosa large","Allocasuarina torulosa large",0.0936046478788485,1.36288941933723,1.01667854769107,1.24876584700407,1.36287561799068,1.4477109204342,1.75819371214984,"MinesRd","large","large","large_large","Allocasuarina torulosa","Allocasuarina torulosa","within","within_species_large_large","Allocasuarina torulosa large_Allocasuarina torulosa large",0.097682920867788,NA,-0.0991103555997252,0.283799658011356,0.382910013611081
"322",322,"Eucalyptus pilularis small","Eucalyptus pilularis small",0.187589143615193,3.56461295826034,1.5761992214239,2.60799570275128,3.26964833080631,3.96232991342239,7.22472326214604,"MinesRd","small","small","small_small","Eucalyptus pilularis","Eucalyptus pilularis","within","within_species_small_small","Eucalyptus pilularis small_Eucalyptus pilularis small",0.132658980602032,NA,-0.0651516862794717,0.454861962132088,0.52001364841156
"323",323,"Allocasuarina torulosa small","Allocasuarina torulosa small",0.428024941851943,28.6820738448259,2.18905765079043,14.5554206805938,26.2801388685977,40.6016009757751,70.3144479591916,"MinesRd","small","small","small_small","Allocasuarina torulosa","Allocasuarina torulosa","within","within_species_small_small","Allocasuarina torulosa small_Allocasuarina torulosa small",0.0608326486068865,1,0.31015157503504,0.548611175742396,0.238459600707357
"324",324,"Syncarpia glomulifera subsp glabra large","Syncarpia glomulifera subsp glabra large",-0.896941319670113,0.0918790698343034,0.00501574979448594,0.0147201330076106,0.0223901079806237,0.0695430079140884,0.52633746503905,"Tinebank","large","large","large_large","Syncarpia glomulifera","Syncarpia glomulifera","within","within_species_large_large","Syncarpia glomulifera subsp glabra large_Syncarpia glomulifera subsp glabra large",0.713703315385881,NA,-2.27949651550375,0.518169072102571,2.79766558760632
"325",325,"Cryptocarya rigida large","Cryptocarya rigida large",-0.68798965695729,0.0884788652329815,0.00436935274090055,0.00891112594258872,0.0460524402484236,0.0873161653296377,0.419252047235572,"Tinebank","large","large","large_large","Cryptocarya rigida","Cryptocarya rigida","within","within_species_large_large","Cryptocarya rigida large_Cryptocarya rigida large",0.559628751252562,NA,-1.79657364666483,0.397130747671465,2.19370439433629
"326",326,"Synoum glandulosum subsp glandulsoum small","Synoum glandulosum subsp glandulsoum small",-0.580003638370284,0.139944460144326,0.00421800999530737,0.0160298738630724,0.0465504448078295,0.200520567913628,0.66525735386431,"Tinebank","small","small","small_small","Synoum glandulosum","Synoum glandulosum","within","within_species_small_small","Synoum glandulosum subsp glandulsoum small_Synoum glandulosum subsp glandulsoum small",0.45885789180509,NA,-1.48571600765807,0.312973876261831,1.7986898839199
"327",327,"Allocasuarina torulosa small","Syncarpia glomulifera subsp glabra large",-0.371919520832429,0.454209827196758,0.0291941409190641,0.232325219474155,0.48817864017412,0.651846002663846,0.928186159587736,"Tinebank","small","large","large_small","Allocasuarina torulosa","Syncarpia glomulifera","between","between_species_large_small","Allocasuarina torulosa small_Syncarpia glomulifera subsp glabra large",0.232631627135037,NA,-0.821512420159527,0.090386801539719,0.911899221699246
"328",328,"Synoum glandulosum subsp glandulsoum small","Cryptocarya rigida small",-0.210708775796175,0.71539664854418,0.270875209730093,0.657237074910814,0.74416927672175,0.839959854326844,0.933915164432396,"Tinebank","small","small","small_small","Synoum glandulosum","Cryptocarya rigida","between","between_species_small_small","Synoum glandulosum subsp glandulsoum small_Cryptocarya rigida small",0.0998804467664626,1,-0.40598110780208,-0.0144569509580064,0.391524156844073
"329",329,"Cryptocarya rigida large","Syncarpia glomulifera subsp glabra small",-0.169265948424499,0.751764178333527,0.293502466621636,0.662007765883457,0.784339636049004,0.908046321766058,0.973965524359544,"Tinebank","large","small","large_small","Cryptocarya rigida","Syncarpia glomulifera","between","between_species_large_small","Cryptocarya rigida large_Syncarpia glomulifera subsp glabra small",0.271135413802339,NA,-0.700477153846217,0.362354138125679,1.0628312919719
"330",330,"Syncarpia glomulifera subsp glabra small","Cryptocarya rigida small",-0.13069989514881,0.73707041819961,0.366623521086133,0.678796692997386,0.732719410227654,0.804931749235375,0.925606782854576,"Tinebank","small","small","small_small","Syncarpia glomulifera","Cryptocarya rigida","between","between_species_small_small","Syncarpia glomulifera subsp glabra small_Cryptocarya rigida small",0.0555326407790206,1,-0.24323230017291,-0.0255483483863487,0.217683951786561
"331",331,"Cryptocarya rigida large","Allocasuarina torulosa small",-0.0418931148799077,0.921035693642101,0.78933383040863,0.903496558403238,0.921985268947188,0.952378161114507,0.988994622861738,"Tinebank","large","small","large_small","Cryptocarya rigida","Allocasuarina torulosa","between","between_species_large_small","Cryptocarya rigida large_Allocasuarina torulosa small",0.190297286685052,NA,-0.416825064021766,0.329126592495025,0.745951656516791
"332",332,"Syncarpia glomulifera subsp glabra small","Syncarpia glomulifera subsp glabra small",-0.0251496379087878,1.58054441238715,1.17695544019939,1.36103732915754,1.5070079672002,1.78713550206208,2.15036869097579,"Tinebank","small","small","small_small","Syncarpia glomulifera","Syncarpia glomulifera","within","within_species_small_small","Syncarpia glomulifera subsp glabra small_Syncarpia glomulifera subsp glabra small",0.169102631930573,NA,-0.364870907111386,0.297999229438327,0.662870136549713
"333",333,"Syncarpia glomulifera subsp glabra small","Syncarpia glomulifera subsp glabra large",0.0249802769472462,1.09882541637015,1.01656295826703,1.06426040180385,1.08417868307988,1.11532411238005,1.28816334765644,"Tinebank","small","large","large_small","Syncarpia glomulifera","Syncarpia glomulifera","within","within_species_large_small","Syncarpia glomulifera subsp glabra small_Syncarpia glomulifera subsp glabra large",0.178849565506657,NA,-0.32414431885277,0.376933095234598,0.701077414087368
"334",334,"Syncarpia glomulifera subsp glabra small","Synoum glandulosum subsp glandulsoum small",0.0525061956165782,1.22630607905797,1.08320045575991,1.14997806386464,1.18989134865189,1.24807412282326,1.60283086130053,"Tinebank","small","small","small_small","Syncarpia glomulifera","Synoum glandulosum","between","between_species_small_small","Syncarpia glomulifera subsp glabra small_Synoum glandulosum subsp glandulsoum small",0.204402487225855,NA,-0.346944332057327,0.454298694568842,0.801243026626169
"335",335,"Syncarpia glomulifera subsp glabra small","Allocasuarina torulosa small",0.0907430237443376,1.48671364974412,1.10637873133025,1.29650041772728,1.40502858601745,1.46607803894792,2.35505980471849,"Tinebank","small","small","small_small","Syncarpia glomulifera","Allocasuarina torulosa","between","between_species_small_small","Syncarpia glomulifera subsp glabra small_Allocasuarina torulosa small",0.0981507481910755,NA,-0.0974586613632717,0.287285201657064,0.384743863020335
"336",336,"Cryptocarya rigida small","Allocasuarina torulosa small",0.0932395998448221,2.86484593860101,1.60311537781576,1.91128660487043,2.97893530303454,3.38621001496041,4.72724977470023,"Tinebank","small","small","small_small","Cryptocarya rigida","Allocasuarina torulosa","between","between_species_small_small","Cryptocarya rigida small_Allocasuarina torulosa small",0.0635400132770985,NA,-0.0320820714850365,0.216990203715583,0.24907227520062
"337",337,"Cryptocarya rigida small","Cryptocarya rigida large",0.0936483293388023,3.70144961921663,1.9638986876364,2.91605497120572,3.44308402684431,4.18437787568949,5.96577383024792,"Tinebank","small","large","large_small","Cryptocarya rigida","Cryptocarya rigida","within","within_species_large_small","Cryptocarya rigida small_Cryptocarya rigida large",0.0957809685873227,NA,-0.0912165580775567,0.284237939593473,0.375454497671029
"338",338,"Cryptocarya rigida small","Syncarpia glomulifera subsp glabra large",0.102496575635387,3.73956474998577,1.4784409596798,2.58897746141832,3.10970729253026,4.1760121011816,7.96787547449978,"Tinebank","small","large","large_small","Cryptocarya rigida","Syncarpia glomulifera","between","between_species_large_small","Cryptocarya rigida small_Syncarpia glomulifera subsp glabra large",0.140393499540273,NA,-0.176913746120397,0.373418659404556,0.550332405524952
"339",339,"Cryptocarya rigida small","Cryptocarya rigida small",0.116152071981391,2.41138487787219,1.66248012478772,2.00590495689432,2.25814177107606,2.63765324794311,4.44487658920829,"Tinebank","small","small","small_small","Cryptocarya rigida","Cryptocarya rigida","within","within_species_small_small","Cryptocarya rigida small_Cryptocarya rigida small",0.0906947333123005,NA,-0.0724836946293268,0.283033127129821,0.355516821759148
"340",340,"Syncarpia glomulifera subsp glabra large","Cryptocarya rigida large",0.131547823271362,1.77142954505415,1.17897842479981,1.41000870325696,1.79805161970646,2.1121703509693,2.22277093572264,"Tinebank","large","large","large_large","Syncarpia glomulifera","Cryptocarya rigida","between","between_species_large_large","Syncarpia glomulifera subsp glabra large_Cryptocarya rigida large",0.434961695037745,NA,-0.716763568553709,0.988254945303241,1.70501851385695
"341",341,"Allocasuarina torulosa small","Synoum glandulosum subsp glandulsoum small",0.164853660203329,1.88372763006579,1.0845321337705,1.2671874135251,1.56483729247709,2.44601588409414,3.76998742740986,"Tinebank","small","small","small_small","Allocasuarina torulosa","Synoum glandulosum","between","between_species_small_small","Allocasuarina torulosa small_Synoum glandulosum subsp glandulsoum small",0.183547542826083,NA,-0.196128953450589,0.523364193329301,0.71949314677989
"342",342,"Allocasuarina torulosa small","Allocasuarina torulosa small",0.241092360587106,1.54889480893762,0.766330174362698,1.16304275394228,1.56686016884067,1.78760671752708,2.56525217805319,"Tinebank","small","small","small_small","Allocasuarina torulosa","Allocasuarina torulosa","within","within_species_small_small","Allocasuarina torulosa small_Allocasuarina torulosa small",0.103237489907613,1,0.0373880048558807,0.442071529002359,0.404683524146479
"343",343,"Synoum glandulosum subsp glandulsoum small","Syncarpia glomulifera subsp glabra large",0.463278398344246,10.7600791463539,1.34524077837482,1.66124474719978,3.90773174726818,12.6498282289652,61.4307484838962,"Tinebank","small","large","large_small","Synoum glandulosum","Syncarpia glomulifera","between","between_species_large_small","Synoum glandulosum subsp glandulsoum small_Syncarpia glomulifera subsp glabra large",0.424370715101861,NA,-0.379378827317259,1.28412380806905,1.66350263538631
"344",344,"Synoum glandulosum subsp glandulsoum small","Cryptocarya rigida large",0.851521133876767,351.62345900912,2.2459674799336,4.04862853952489,113.083204317807,369.552305869576,2369.53313747472,"Tinebank","small","large","large_small","Synoum glandulosum","Cryptocarya rigida","between","between_species_large_small","Synoum glandulosum subsp glandulsoum small_Cryptocarya rigida large",0.480164699093078,NA,-0.0751510811690512,1.80705995257084,1.88221103373989
"345",345,"Eucalyptus pilularis large","Eucalyptus pilularis large",-0.498495534831212,0.172784093809681,0.0385013795427481,0.0628140293954855,0.105200916543782,0.277955722631138,0.42561914012939,"Lorne","large","large","large_large","Eucalyptus pilularis","Eucalyptus pilularis","within","within_species_large_large","Eucalyptus pilularis large_Eucalyptus pilularis large",0.536610742324657,NA,-1.5459149683525,0.557560488994762,2.10347545734726
"346",346,"Cryptocarya glaucescens small","Cryptocarya glaucescens small",-0.438579054044805,0.168600784569946,0.0572612236571974,0.0995609847952853,0.146677943545159,0.205541936000563,0.596733947199049,"Lorne","small","small","small_small","Cryptocarya glaucescens","Cryptocarya glaucescens","within","within_species_small_small","Cryptocarya glaucescens small_Cryptocarya glaucescens small",0.408754528642301,NA,-1.25323655799186,0.349051751321253,1.60228830931311
"347",347,"Eucalyptus microcorys large","Eucalyptus microcorys large",-0.415079249111302,0.14746707960299,0.019826155166009,0.0682045784699591,0.114820755534055,0.178306969184832,0.53060706294933,"Lorne","large","large","large_large","Eucalyptus microcorys","Eucalyptus microcorys","within","within_species_large_large","Eucalyptus microcorys large_Eucalyptus microcorys large",0.267880836736082,NA,-0.947514932324651,0.102558651977699,1.05007358430235
"348",348,"Eucalyptus pilularis small","Allocasuarina torulosa large",-0.366858151361978,0.405489000145248,0.142997822975053,0.324842324062987,0.412574397533645,0.485588359016026,0.674509179052267,"Lorne","small","large","large_small","Eucalyptus pilularis","Allocasuarina torulosa","between","between_species_large_small","Eucalyptus pilularis small_Allocasuarina torulosa large",0.170877068416823,1,-0.699562693572262,-0.0297368938107434,0.669825799761519
"349",349,"Eucalyptus pilularis small","Eucalyptus microcorys large",-0.284658390690977,0.503425987063029,0.203483418667708,0.368662018004458,0.500035638036283,0.629531493891018,0.800014992854221,"Lorne","small","large","large_small","Eucalyptus pilularis","Eucalyptus microcorys","between","between_species_large_small","Eucalyptus pilularis small_Eucalyptus microcorys large",0.190792028279382,NA,-0.657980207375961,0.0899108005539105,0.747891007929871
"350",350,"Cryptocarya glaucescens small","Eucalyptus microcorys large",-0.189695540486023,0.519653342131574,0.269753592437403,0.41179187177501,0.478691736941982,0.630286046090365,0.874707911833922,"Lorne","small","large","large_small","Cryptocarya glaucescens","Eucalyptus microcorys","between","between_species_large_small","Cryptocarya glaucescens small_Eucalyptus microcorys large",0.24378118380693,NA,-0.676477778289327,0.279126902450919,0.955604680740245
"351",351,"Eucalyptus microcorys large","Allocasuarina torulosa small",-0.186134116046265,0.454682207262561,0.221589806262695,0.348961423743676,0.481050390709053,0.559539148333972,0.661875278352438,"Lorne","large","small","large_small","Eucalyptus microcorys","Allocasuarina torulosa","between","between_species_large_small","Eucalyptus microcorys large_Allocasuarina torulosa small",0.1147076449973,NA,-0.412275365932323,0.037370339959904,0.449645705892227
"352",352,"Cryptocarya rigida small","Eucalyptus microcorys small",-0.183993565824018,0.598895731775843,0.203869332488838,0.542085130175152,0.607159571395751,0.698085321915829,0.93117753392474,"Lorne","small","small","small_small","Cryptocarya rigida","Eucalyptus microcorys","between","between_species_small_small","Cryptocarya rigida small_Eucalyptus microcorys small",0.106168137558832,NA,-0.392445192761751,0.0237262590802606,0.416171451842012
"353",353,"Eucalyptus pilularis large","Eucalyptus microcorys small",-0.170214638334376,0.724693585153126,0.403186903242437,0.638841215171545,0.71633272346521,0.867308269334725,0.949977830879263,"Lorne","large","small","large_small","Eucalyptus pilularis","Eucalyptus microcorys","between","between_species_large_small","Eucalyptus pilularis large_Eucalyptus microcorys small",0.183022590233496,NA,-0.529927490895836,0.187507879533932,0.717435370429767
"354",354,"Allocasuarina torulosa large","Eucalyptus microcorys large",-0.158608687168565,0.587831432388446,0.238179754833917,0.51163715505029,0.634444350933655,0.711586634618491,0.789736480500493,"Lorne","large","large","large_large","Allocasuarina torulosa","Eucalyptus microcorys","between","between_species_large_large","Allocasuarina torulosa large_Eucalyptus microcorys large",0.112281590793982,NA,-0.382365339531699,0.0577704086344397,0.440135748166139
"355",355,"Eucalyptus pilularis small","Eucalyptus pilularis small",-0.148352695178969,0.771205183739507,0.624197752306991,0.695812571387142,0.754698782131465,0.838501031763031,0.957636169164117,"Lorne","small","small","small_small","Eucalyptus pilularis","Eucalyptus pilularis","within","within_species_small_small","Eucalyptus pilularis small_Eucalyptus pilularis small",0.31786840688277,NA,-0.766352267160824,0.479668991465881,1.2460212586267
"356",356,"Eucalyptus pilularis small","Allocasuarina torulosa small",-0.10202544427483,0.758250408066798,0.627602278118515,0.704358130738549,0.740952714241069,0.818429215775857,0.927085647526969,"Lorne","small","small","small_small","Eucalyptus pilularis","Allocasuarina torulosa","between","between_species_small_small","Eucalyptus pilularis small_Allocasuarina torulosa small",0.123478417000631,NA,-0.345406597928352,0.138619902450157,0.484026500378509
"357",357,"Cryptocarya glaucescens small","Allocasuarina torulosa small",-0.0628540862266509,0.797474061181785,0.66356900735393,0.75831768861629,0.786735736635292,0.837623030572043,0.949697935010755,"Lorne","small","small","small_small","Cryptocarya glaucescens","Allocasuarina torulosa","between","between_species_small_small","Cryptocarya glaucescens small_Allocasuarina torulosa small",0.11930340665491,NA,-0.296840990269736,0.170819770283385,0.467660760553121
"358",358,"Allocasuarina torulosa large","Allocasuarina torulosa small",-0.0601150901311706,0.804992398752523,0.631646330288874,0.744535694819832,0.810461727049226,0.863066437879661,0.92666943107428,"Lorne","large","small","large_small","Allocasuarina torulosa","Allocasuarina torulosa","within","within_species_large_small","Allocasuarina torulosa large_Allocasuarina torulosa small",0.0928785409574671,NA,-0.244694567435961,0.119382622990566,0.364077190426527
"359",359,"Eucalyptus pilularis large","Cryptocarya rigida small",-0.0586210068332214,0.864329192899815,0.732121298737081,0.827163775873626,0.881955210175597,0.906057479356969,0.947338422126414,"Lorne","large","small","large_small","Eucalyptus pilularis","Cryptocarya rigida","between","between_species_large_small","Eucalyptus pilularis large_Cryptocarya rigida small",0.211239886439447,NA,-0.476411468908501,0.351633670130793,0.828045139039294
"360",360,"Cryptocarya rigida small","Cryptocarya glaucescens small",-0.0428653448365635,0.851464182328256,0.690173248859778,0.802058804446039,0.865045807124762,0.893989922592537,0.979664133488312,"Lorne","small","small","small_small","Cryptocarya rigida","Cryptocarya glaucescens","between","between_species_small_small","Cryptocarya rigida small_Cryptocarya glaucescens small",0.145394608405818,NA,-0.328815732927953,0.241120659115463,0.569936392043416
"361",361,"Cryptocarya rigida small","Cryptocarya rigida small",-0.0316584825004255,0.588114833940026,0.371490798645537,0.425892363577132,0.560583052731819,0.759416236224011,0.898057377982977,"Lorne","small","small","small_small","Cryptocarya rigida","Cryptocarya rigida","within","within_species_small_small","Cryptocarya rigida small_Cryptocarya rigida small",0.187377614548894,NA,-0.394623393185464,0.339883358864256,0.73450675204972
"362",362,"Eucalyptus microcorys small","Allocasuarina torulosa large",0.0454777076427958,1.34573612678931,1.06279912636462,1.17829281058771,1.28520893742303,1.52774328773749,1.78287713281635,"Lorne","small","large","large_small","Eucalyptus microcorys","Allocasuarina torulosa","between","between_species_large_small","Eucalyptus microcorys small_Allocasuarina torulosa large",0.0770579736563278,NA,-0.102405869051249,0.199655837124828,0.302061706176077
"363",363,"Eucalyptus microcorys small","Eucalyptus pilularis small",0.0474250978847173,1.38937562701618,1.14212411937504,1.22308474796421,1.33560377503122,1.50086006599526,1.73711408008266,"Lorne","small","small","small_small","Eucalyptus microcorys","Eucalyptus pilularis","between","between_species_small_small","Eucalyptus microcorys small_Eucalyptus pilularis small",0.129525642409655,NA,-0.207197489258041,0.300533699136634,0.507731188394676
"364",364,"Allocasuarina torulosa small","Cryptocarya rigida small",0.0605655578114596,1.40841152556356,1.14057088929139,1.25472199115333,1.39475949380909,1.55411514389383,1.79934586300507,"Lorne","small","small","small_small","Allocasuarina torulosa","Cryptocarya rigida","between","between_species_small_small","Allocasuarina torulosa small_Cryptocarya rigida small",0.100290030268889,NA,-0.134100173155282,0.259029521515628,0.39312969467091
"365",365,"Eucalyptus microcorys small","Allocasuarina torulosa small",0.0760850720252573,1.57061434187498,1.11938325325903,1.30449488448036,1.44763747982552,1.854054789721,2.82595497201705,"Lorne","small","small","small_small","Eucalyptus microcorys","Allocasuarina torulosa","between","between_species_small_small","Eucalyptus microcorys small_Allocasuarina torulosa small",0.0722387025826273,NA,-0.0639665553999573,0.219203955303743,0.2831705107037
"366",366,"Allocasuarina torulosa small","Allocasuarina torulosa small",0.0954534264522945,2.34456118284358,1.45623534201991,1.98763093824901,2.39117319043748,2.72482619578467,3.19855804819196,"Lorne","small","small","small_small","Allocasuarina torulosa","Allocasuarina torulosa","within","within_species_small_small","Allocasuarina torulosa small_Allocasuarina torulosa small",0.128442592791293,NA,-0.150998818965255,0.352486892938499,0.503485711903755
"367",367,"Cryptocarya glaucescens small","Eucalyptus pilularis large",0.0954603840972439,1.61898752840231,1.29447642727951,1.52777479221266,1.57442586353311,1.69163488986492,2.14957051708025,"Lorne","small","large","large_small","Cryptocarya glaucescens","Eucalyptus pilularis","between","between_species_large_small","Cryptocarya glaucescens small_Eucalyptus pilularis large",0.236196248937583,NA,-0.363012320377129,0.56285996202511,0.925872282402238
"368",368,"Cryptocarya glaucescens small","Eucalyptus pilularis small",0.108555667485553,1.63739516493325,1.19720236172489,1.49349249544215,1.67888329933249,1.77595894998181,2.02951910677499,"Lorne","small","small","small_small","Cryptocarya glaucescens","Eucalyptus pilularis","between","between_species_small_small","Cryptocarya glaucescens small_Eucalyptus pilularis small",0.227962567177368,NA,-0.343446765292722,0.550150077689147,0.893596842981869
"369",369,"Allocasuarina torulosa large","Cryptocarya glaucescens small",0.112759886523691,1.66922670933583,1.19608899190366,1.37649328338216,1.55186849351951,1.86138872094085,2.70011415991342,"Lorne","large","small","large_small","Allocasuarina torulosa","Cryptocarya glaucescens","between","between_species_large_small","Allocasuarina torulosa large_Cryptocarya glaucescens small",0.158677911769256,NA,-0.199408557305537,0.422597427113996,0.622005984419533
"370",370,"Allocasuarina torulosa large","Allocasuarina torulosa large",0.115508539429183,2.01112519720934,1.39803793336487,1.66769416941506,1.94104364195435,2.25247963736819,3.02469837283113,"Lorne","large","large","large_large","Allocasuarina torulosa","Allocasuarina torulosa","within","within_species_large_large","Allocasuarina torulosa large_Allocasuarina torulosa large",0.134029421464516,NA,-0.146285623902607,0.379100053975776,0.525385677878383
"371",371,"Allocasuarina torulosa small","Eucalyptus pilularis large",0.121567416092447,2.41183643540824,1.43654042388295,1.79424782931522,2.15197353274364,3.00073051186862,4.16925414015007,"Lorne","small","large","large_small","Allocasuarina torulosa","Eucalyptus pilularis","between","between_species_large_small","Allocasuarina torulosa small_Eucalyptus pilularis large",0.183238938271437,NA,-0.237526925887465,0.480756513267284,0.718283439154749
"372",372,"Eucalyptus microcorys small","Cryptocarya glaucescens small",0.131785391923705,2.5661790133886,1.31454308520595,1.94793765638647,2.31748309023801,2.82123992501701,6.92808466506238,"Lorne","small","small","small_small","Eucalyptus microcorys","Cryptocarya glaucescens","between","between_species_small_small","Eucalyptus microcorys small_Cryptocarya glaucescens small",0.140272405098788,NA,-0.141853199826447,0.408004524210428,0.549857724036875
"373",373,"Allocasuarina torulosa large","Cryptocarya rigida small",0.13426452705753,1.83363186490127,1.30082514729257,1.47043072209442,1.74604719146965,2.08341892525748,2.96679083530034,"Lorne","large","small","large_small","Allocasuarina torulosa","Cryptocarya rigida","between","between_species_large_small","Allocasuarina torulosa large_Cryptocarya rigida small",0.134128001962665,NA,-0.126991436754496,0.398780669575784,0.52577210633028
"374",374,"Eucalyptus microcorys large","Cryptocarya rigida small",0.177025519279243,2.88122823598267,1.32090055426357,1.76575721556261,2.51783192058939,3.32752208714199,7.46601084923253,"Lorne","large","small","large_small","Eucalyptus microcorys","Cryptocarya rigida","between","between_species_large_small","Eucalyptus microcorys large_Cryptocarya rigida small",0.134772229634138,NA,-0.0836131925701813,0.444684239827963,0.528297432398144
"375",375,"Eucalyptus microcorys small","Eucalyptus microcorys small",0.191569656090334,1.07490480227099,0.546004984423538,0.862101917363966,0.940701930185181,1.11273174604518,1.99714728864844,"Lorne","small","small","small_small","Eucalyptus microcorys","Eucalyptus microcorys","within","within_species_small_small","Eucalyptus microcorys small_Eucalyptus microcorys small",0.111360208560186,NA,-0.0240813795265704,0.412442616651095,0.436523996177666
"376",376,"Cryptocarya rigida small","Eucalyptus pilularis small",0.210054141452514,3.19222385144369,1.088111053353,1.6850053447497,2.45877299657348,4.49643911403424,8.62619653413602,"Lorne","small","small","small_small","Cryptocarya rigida","Eucalyptus pilularis","between","between_species_small_small","Cryptocarya rigida small_Eucalyptus pilularis small",0.191765945648826,NA,-0.165321887974851,0.586386805891078,0.751708693865929
"377",377,"Allocasuarina torulosa large","Eucalyptus pilularis large",0.211243010673057,3.37031743845262,1.65732587707433,1.94031533239735,2.14913699995432,4.94364402546224,6.83450881057559,"Lorne","large","large","large_large","Allocasuarina torulosa","Eucalyptus pilularis","between","between_species_large_large","Allocasuarina torulosa large_Eucalyptus pilularis large",0.2216719955732,NA,-0.220621842853661,0.648316412555529,0.868938255409189
"378",378,"Eucalyptus microcorys small","Eucalyptus microcorys large",0.264739425992101,8.20279151698063,1.75084487891862,3.26147512601054,4.70792292260523,8.54178268709899,49.5894852226275,"Lorne","small","large","large_small","Eucalyptus microcorys","Eucalyptus microcorys","within","within_species_large_small","Eucalyptus microcorys small_Eucalyptus microcorys large",0.118752728551382,1,0.0360099107966835,0.501512052849824,0.465502142053141
"379",379,"Eucalyptus pilularis small","Eucalyptus pilularis large",0.360651755634688,4.88696812895755,1.66363284519785,3.00282188392314,3.69352513687269,6.16942124284265,11.9698322573203,"Lorne","small","large","large_small","Eucalyptus pilularis","Eucalyptus pilularis","within","within_species_large_small","Eucalyptus pilularis small_Eucalyptus pilularis large",0.298997855309792,NA,-0.223613559818121,0.9484364959057,1.17205005572382
"380",380,"Eucalyptus microcorys large","Eucalyptus pilularis large",0.420102617586556,28.2601096346451,3.81706579546151,8.03438550463902,11.21013167182,34.4684817346507,135.477651783892,"Lorne","large","large","large_large","Eucalyptus microcorys","Eucalyptus pilularis","between","between_species_large_large","Eucalyptus microcorys large_Eucalyptus pilularis large",0.223792518789288,NA,-0.0145765207948292,0.862674032878187,0.877250553673016
"381",381,"Eucalyptus pilularis large","Eucalyptus pilularis large",-2.19938067375063,0.00186305261330044,3.51509726221055e-08,9.33738545332644e-07,1.57767630749091e-05,0.00070645926462799,0.0400930261453398,"BirdTree","large","large","large_large","Eucalyptus pilularis","Eucalyptus pilularis","within","within_species_large_large","Eucalyptus pilularis large_Eucalyptus pilularis large",0.951569788610378,1,-4.03492237899063,-0.304837350085159,3.73008502890547
"382",382,"Schizomeria ovata large","Syncarpia glomulifera subsp glabra small",-1.0355656969781,0.163260836126063,0.00918679219619871,0.0419293425127513,0.105654627402359,0.277563510900736,0.46903356295269,"BirdTree","large","small","large_small","Schizomeria ovata","Syncarpia glomulifera","between","between_species_large_small","Schizomeria ovata large_Syncarpia glomulifera subsp glabra small",0.757675580363104,NA,-2.51556421977936,0.454469479174974,2.97003369895433
"383",383,"Schizomeria ovata large","Schizomeria ovata large",-0.992480293454828,0.09523446414922,0.00086991818252539,0.00140389287373007,0.0153953868591933,0.134363417264028,0.414528557712422,"BirdTree","large","large","large_large","Schizomeria ovata","Schizomeria ovata","within","within_species_large_large","Schizomeria ovata large_Schizomeria ovata large",0.6421934778216,NA,-2.24555001289369,0.271802162380027,2.51735217527372
"384",384,"Syncarpia glomulifera subsp glabra small","Syncarpia glomulifera subsp glabra small",-0.90783374894893,0.0785354772385633,0.00145396435357292,0.0050122234902708,0.0182280362876109,0.0639617833788465,0.66597030763522,"BirdTree","small","small","small_small","Syncarpia glomulifera","Syncarpia glomulifera","within","within_species_small_small","Syncarpia glomulifera subsp glabra small_Syncarpia glomulifera subsp glabra small",0.836885739002964,NA,-2.54655555411312,0.733976261128869,3.28053181524199
"385",385,"Schizomeria ovata large","Eucalyptus pilularis small",-0.435592116652735,0.463992196137926,0.038482935512501,0.342652698575167,0.449912395437542,0.601897464523228,0.81619568373601,"BirdTree","large","small","large_small","Schizomeria ovata","Eucalyptus pilularis","between","between_species_large_small","Schizomeria ovata large_Eucalyptus pilularis small",0.343038205647477,NA,-1.10334871767558,0.24133633910502,1.3446850567806
"386",386,"Allocasuarina torulosa small","Eucalyptus pilularis large",-0.343865028307442,0.479984213528053,0.0506886501780938,0.283625036234109,0.483239653548844,0.692245900248937,0.937922963503844,"BirdTree","small","large","large_small","Allocasuarina torulosa","Eucalyptus pilularis","between","between_species_large_small","Allocasuarina torulosa small_Eucalyptus pilularis large",0.306290756757123,NA,-0.937832071400728,0.262805632682231,1.20063770408296
"387",387,"Eucalyptus pilularis small","Eucalyptus pilularis small",-0.316955728428309,0.060436214848052,0.0165692599023358,0.0279804417477098,0.0448591484602692,0.0688827019056738,0.266713733900633,"BirdTree","small","small","small_small","Eucalyptus pilularis","Eucalyptus pilularis","within","within_species_small_small","Eucalyptus pilularis small_Eucalyptus pilularis small",0.312825350489799,NA,-0.924716329322631,0.301536511499621,1.22625284082225
"388",388,"Syncarpia glomulifera subsp glabra small","Synoum glandulosum subsp glandulsoum small",-0.274036677129538,0.636966686081876,0.320973056899694,0.548015271373063,0.675309914146227,0.745371985053223,0.842594259149253,"BirdTree","small","small","small_small","Syncarpia glomulifera","Synoum glandulosum","between","between_species_small_small","Syncarpia glomulifera subsp glabra small_Synoum glandulosum subsp glandulsoum small",0.258962904535493,NA,-0.779493135702355,0.235622796740546,1.0151159324429
"389",389,"Eucalyptus pilularis large","Archontophoenix cunninghamiana small",-0.270754991100729,0.564033876550547,0.224163448309721,0.433750327119884,0.56996217486937,0.69686585869439,0.899764819065213,"BirdTree","large","small","large_small","Eucalyptus pilularis","Archontophoenix cunninghamiana","between","between_species_large_small","Eucalyptus pilularis large_Archontophoenix cunninghamiana small",0.166247720960584,NA,-0.595641003364127,0.0560380878250919,0.651679091189219
"390",390,"Eucalyptus pilularis large","Schizomeria ovata small",-0.241936404358504,0.501505268195956,0.199364601520428,0.35853128077763,0.495819761979811,0.65083527372449,0.890731480085635,"BirdTree","large","small","large_small","Eucalyptus pilularis","Schizomeria ovata","between","between_species_large_small","Eucalyptus pilularis large_Schizomeria ovata small",0.195127133061824,NA,-0.613111740763443,0.151772565652014,0.764884306415458
"391",391,"Schizomeria ovata large","Cryptocarya rigida small",-0.194171393954093,0.723779584577782,0.447888823120189,0.620796071181021,0.721865916218325,0.816260821320729,0.957362637180676,"BirdTree","large","small","large_small","Schizomeria ovata","Cryptocarya rigida","between","between_species_large_small","Schizomeria ovata large_Cryptocarya rigida small",0.197002877597348,NA,-0.572659806606525,0.199577283276582,0.772237089883108
"392",392,"Schizomeria ovata large","Allocasuarina torulosa small",-0.171957790636345,0.767754477605938,0.443032526716778,0.670511484444129,0.800608672135268,0.888971149868337,0.949286711323801,"BirdTree","large","small","large_small","Schizomeria ovata","Allocasuarina torulosa","between","between_species_large_small","Schizomeria ovata large_Allocasuarina torulosa small",0.28345130587725,NA,-0.730809495432213,0.380299206348298,1.11110870178051
"393",393,"Schizomeria ovata small","Synoum glandulosum subsp glandulsoum small",-0.154651089313824,0.592586253314941,0.188748704174201,0.457115019515012,0.645961902239632,0.73728250244087,0.899981564254814,"BirdTree","small","small","small_small","Schizomeria ovata","Synoum glandulosum","between","between_species_small_small","Schizomeria ovata small_Synoum glandulosum subsp glandulsoum small",0.107844824022906,NA,-0.362957786914902,0.0597861550930091,0.422743942007911
"394",394,"Allocasuarina torulosa small","Archontophoenix cunninghamiana small",-0.0995686199083529,0.819335197277451,0.472867604363227,0.757614451820567,0.8580097187741,0.920252865706142,0.984872315575344,"BirdTree","small","small","small_small","Allocasuarina torulosa","Archontophoenix cunninghamiana","between","between_species_small_small","Allocasuarina torulosa small_Archontophoenix cunninghamiana small",0.0555994994827911,NA,-0.205279634250342,0.0126663988391058,0.217946033089448
"395",395,"Schizomeria ovata small","Cryptocarya rigida small",-0.0695681145994166,0.773462643224007,0.482061329008462,0.712820558160368,0.791166682213813,0.854929857583738,0.941099589178013,"BirdTree","small","small","small_small","Schizomeria ovata","Cryptocarya rigida","between","between_species_small_small","Schizomeria ovata small_Cryptocarya rigida small",0.083552317357375,NA,-0.234963569748204,0.0925554959424278,0.327519065690632
"396",396,"Schizomeria ovata small","Archontophoenix cunninghamiana small",-0.0372098028049676,0.873828847976426,0.657018125825172,0.845779301347178,0.875599046345661,0.909723822147787,0.964507090827572,"BirdTree","small","small","small_small","Schizomeria ovata","Archontophoenix cunninghamiana","between","between_species_small_small","Schizomeria ovata small_Archontophoenix cunninghamiana small",0.0556186381464831,NA,-0.143855310835243,0.0741657444373021,0.218021055272545
"397",397,"Allocasuarina torulosa small","Cryptocarya rigida small",-0.0370037957399487,0.915257231314213,0.76781708160452,0.872307973850692,0.930103585460982,0.964638160941405,0.993836114176381,"BirdTree","small","small","small_small","Allocasuarina torulosa","Cryptocarya rigida","between","between_species_small_small","Allocasuarina torulosa small_Cryptocarya rigida small",0.0904216077063858,NA,-0.212710612491488,0.141735576565963,0.354446189057451
"398",398,"Cryptocarya rigida small","Archontophoenix cunninghamiana small",-0.0312224567653555,0.841729465166278,0.709452881511348,0.805936148417784,0.846490907898155,0.881519100079796,0.929295941122301,"BirdTree","small","small","small_small","Cryptocarya rigida","Archontophoenix cunninghamiana","between","between_species_small_small","Cryptocarya rigida small_Archontophoenix cunninghamiana small",0.0510377271796861,NA,-0.13241610002819,0.0676481142217412,0.200064214249932
"399",399,"Cryptocarya rigida small","Cryptocarya rigida small",-0.0251780971323296,0.959617123115921,0.674171153349175,0.823463064224763,0.981721678941702,1.07285207504203,1.23385108378913,"BirdTree","small","small","small_small","Cryptocarya rigida","Cryptocarya rigida","within","within_species_small_small","Cryptocarya rigida small_Cryptocarya rigida small",0.1324690201681,NA,-0.276282226045283,0.24298679114829,0.519269017193573
"400",400,"Schizomeria ovata large","Archontophoenix cunninghamiana small",-0.00563722003995034,0.991653069346322,0.97158284044893,0.989230043366741,0.992388492789896,0.995201633946166,0.998833940991834,"BirdTree","large","small","large_small","Schizomeria ovata","Archontophoenix cunninghamiana","between","between_species_large_small","Schizomeria ovata large_Archontophoenix cunninghamiana small",0.124080855340603,NA,-0.247745632570477,0.238642382706534,0.486388015277011
"401",401,"Cryptocarya rigida small","Eucalyptus pilularis small",0.0138336830755705,1.12473112828949,1.05071451651187,1.10511288581605,1.12479939707763,1.14865553550962,1.1862516284347,"BirdTree","small","small","small_small","Cryptocarya rigida","Eucalyptus pilularis","between","between_species_small_small","Cryptocarya rigida small_Eucalyptus pilularis small",0.144628036655773,NA,-0.274702036568989,0.292229449431118,0.566931486000107
"402",402,"Eucalyptus pilularis small","Allocasuarina torulosa small",0.0148118400866267,1.07297382132653,1.04493705007942,1.05394645116538,1.0733463089453,1.08354530439161,1.11987079229099,"BirdTree","small","small","small_small","Eucalyptus pilularis","Allocasuarina torulosa","between","between_species_small_small","Eucalyptus pilularis small_Allocasuarina torulosa small",0.187483160991151,NA,-0.353942695017728,0.380977791483034,0.734920486500761
"403",403,"Schizomeria ovata small","Allocasuarina torulosa small",0.031341886633403,1.16921547293648,1.03928876410242,1.07924551163872,1.09256598684857,1.21213218657306,1.56209072074897,"BirdTree","small","small","small_small","Schizomeria ovata","Allocasuarina torulosa","between","between_species_small_small","Schizomeria ovata small_Allocasuarina torulosa small",0.109646028795078,NA,-0.183920749597223,0.245883785375167,0.42980453497239
"404",404,"Cryptocarya rigida small","Synoum glandulosum subsp glandulsoum small",0.0552603132019976,1.46186530602867,1.16992040181072,1.37011818250485,1.44144349479554,1.56828512918782,1.76433302240633,"BirdTree","small","small","small_small","Cryptocarya rigida","Synoum glandulosum","between","between_species_small_small","Cryptocarya rigida small_Synoum glandulosum subsp glandulsoum small",0.0825557682868577,NA,-0.108251669463678,0.215360995652872,0.32361266511655
"405",405,"Schizomeria ovata small","Schizomeria ovata small",0.0666749490045957,1.822596843028,1.12024801416335,1.68226525225515,1.84074173833028,1.99619330766235,2.30282264768579,"BirdTree","small","small","small_small","Schizomeria ovata","Schizomeria ovata","within","within_species_small_small","Schizomeria ovata small_Schizomeria ovata small",0.126298407516195,NA,-0.170027230231853,0.325053429841159,0.495080660073012
"406",406,"Archontophoenix cunninghamiana small","Eucalyptus pilularis small",0.0672669011904028,1.84290551376859,1.23190863313249,1.50266669830676,1.63492938377969,1.86189738985269,3.31212228073622,"BirdTree","small","small","small_small","Archontophoenix cunninghamiana","Eucalyptus pilularis","between","between_species_small_small","Archontophoenix cunninghamiana small_Eucalyptus pilularis small",0.0989042195406127,NA,-0.129701867368347,0.25799554906894,0.387697416437287
"407",407,"Archontophoenix cunninghamiana small","Syncarpia glomulifera subsp glabra small",0.0720102911188138,2.14989864062731,1.39719254972468,1.61299050284571,1.90607559548379,2.11615654667799,4.52672607887426,"BirdTree","small","small","small_small","Archontophoenix cunninghamiana","Syncarpia glomulifera","between","between_species_small_small","Archontophoenix cunninghamiana small_Syncarpia glomulifera subsp glabra small",0.145033011965333,NA,-0.213320439261188,0.355198520781648,0.568518960042837
"408",408,"Archontophoenix cunninghamiana small","Synoum glandulosum subsp glandulsoum small",0.0752146247953439,1.7890495179399,1.25477050132442,1.38428056658891,1.54302238096552,1.75930262653323,3.90949911484034,"BirdTree","small","small","small_small","Archontophoenix cunninghamiana","Synoum glandulosum","between","between_species_small_small","Archontophoenix cunninghamiana small_Synoum glandulosum subsp glandulsoum small",0.06626693718661,NA,-0.0554658717492583,0.204295748753809,0.259761620503067
"409",409,"Eucalyptus pilularis small","Syncarpia glomulifera subsp glabra small",0.0809444033695931,1.62090178610695,1.21509046345318,1.46937517854141,1.55009716380551,1.79674016527654,1.96615604153735,"BirdTree","small","small","small_small","Eucalyptus pilularis","Syncarpia glomulifera","between","between_species_small_small","Eucalyptus pilularis small_Syncarpia glomulifera subsp glabra small",0.335582230365535,NA,-0.570040731292054,0.745417439444091,1.31545817073615
"410",410,"Cryptocarya rigida small","Eucalyptus pilularis large",0.0886758364329285,2.24499156028582,1.72102649619642,2.02137345374371,2.25003549425098,2.42437444470043,3.03046583651015,"BirdTree","small","large","large_small","Cryptocarya rigida","Eucalyptus pilularis","between","between_species_large_small","Cryptocarya rigida small_Eucalyptus pilularis large",0.232634878214048,NA,-0.376539061722084,0.535372903972707,0.91191196569479
"411",411,"Synoum glandulosum subsp glandulsoum small","Synoum glandulosum subsp glandulsoum small",0.105612375260021,0.393692621559267,0.106328379136767,0.152009512121473,0.281051712945377,0.593429831863926,1.01262855964764,"BirdTree","small","small","small_small","Synoum glandulosum","Synoum glandulosum","within","within_species_small_small","Synoum glandulosum subsp glandulsoum small_Synoum glandulosum subsp glandulsoum small",0.124569527582706,NA,-0.127360530336722,0.360943044929822,0.488303575266544
"412",412,"Allocasuarina torulosa small","Syncarpia glomulifera subsp glabra small",0.1069412110636,1.51179003033436,1.01495844202646,1.18181064728456,1.23741871220724,1.63216605466621,2.68902290737084,"BirdTree","small","small","small_small","Allocasuarina torulosa","Syncarpia glomulifera","between","between_species_small_small","Allocasuarina torulosa small_Syncarpia glomulifera subsp glabra small",0.310264061812685,NA,-0.508199022050758,0.708013751649186,1.21621277369994
"413",413,"Synoum glandulosum subsp glandulsoum small","Schizomeria ovata large",0.11467786049588,2.79632325160435,1.39240260348154,2.09048873076145,2.48228469759888,3.07948303838052,5.28066225808117,"BirdTree","small","large","large_small","Synoum glandulosum","Schizomeria ovata","between","between_species_large_small","Synoum glandulosum subsp glandulsoum small_Schizomeria ovata large",0.24182155626245,NA,-0.364052105864017,0.583870976055639,0.947923081919656
"414",414,"Cryptocarya rigida small","Syncarpia glomulifera subsp glabra small",0.120278411811616,3.62078505055163,2.17361024607427,3.25894765786579,3.70955296491485,4.14853925777174,5.22419840089771,"BirdTree","small","small","small_small","Cryptocarya rigida","Syncarpia glomulifera","between","between_species_small_small","Cryptocarya rigida small_Syncarpia glomulifera subsp glabra small",0.200067261974073,NA,-0.264693900867421,0.519555355042025,0.784249255909446
"415",415,"Allocasuarina torulosa small","Allocasuarina torulosa small",0.17070525878789,2.77254695532916,1.45323539251301,2.32606390208788,2.86769807804412,3.32019577140051,3.62704887981509,"BirdTree","small","small","small_small","Allocasuarina torulosa","Allocasuarina torulosa","within","within_species_small_small","Allocasuarina torulosa small_Allocasuarina torulosa small",0.174133562999997,NA,-0.164685430062811,0.517905593896449,0.68259102395926
"416",416,"Schizomeria ovata small","Eucalyptus pilularis small",0.174798123581466,3.0221197486198,1.31326590026784,1.87050390368396,2.60328973703316,3.82248018233992,9.11178655229622,"BirdTree","small","small","small_small","Schizomeria ovata","Eucalyptus pilularis","between","between_species_small_small","Schizomeria ovata small_Eucalyptus pilularis small",0.12990684075413,NA,-0.0817465374191299,0.42747892102782,0.50922545844695
"417",417,"Synoum glandulosum subsp glandulsoum small","Allocasuarina torulosa small",0.183969286565157,4.34462992218013,2.07092625535368,2.63437809495744,3.53833590950193,5.14563993467323,12.6123711580381,"BirdTree","small","small","small_small","Synoum glandulosum","Allocasuarina torulosa","between","between_species_small_small","Synoum glandulosum subsp glandulsoum small_Allocasuarina torulosa small",0.129289031476691,NA,-0.074471962922322,0.432331727658438,0.50680369058076
"418",418,"Synoum glandulosum subsp glandulsoum small","Eucalyptus pilularis small",0.198733866417379,4.66225641709899,1.40088546115603,2.28488598437434,3.20949269588024,6.07606399469824,17.0036184497171,"BirdTree","small","small","small_small","Synoum glandulosum","Eucalyptus pilularis","between","between_species_small_small","Synoum glandulosum subsp glandulsoum small_Eucalyptus pilularis small",0.140518345074579,NA,-0.0755693095260969,0.475252481500596,0.550821791026693
"419",419,"Schizomeria ovata small","Syncarpia glomulifera subsp glabra small",0.259057030560554,10.1013416012157,2.03264875722031,3.52450454245948,7.43723014911691,12.1677093771702,38.9115751551296,"BirdTree","small","small","small_small","Schizomeria ovata","Syncarpia glomulifera","between","between_species_small_small","Schizomeria ovata small_Syncarpia glomulifera subsp glabra small",0.266749937105892,NA,-0.265224880863256,0.780415658348489,1.04564053921175
"420",420,"Archontophoenix cunninghamiana small","Archontophoenix cunninghamiana small",0.310901499258771,14.7769504286246,3.02174065920379,8.84239101582997,13.2841847992726,19.7830127508484,30.4698255829932,"BirdTree","small","small","small_small","Archontophoenix cunninghamiana","Archontophoenix cunninghamiana","within","within_species_small_small","Archontophoenix cunninghamiana small_Archontophoenix cunninghamiana small",0.0799813692006906,1,0.149044590860876,0.462565796995985,0.313521206135109
"421",421,"Synoum glandulosum subsp glandulsoum small","Eucalyptus pilularis large",0.321418540375684,15.9026282810854,2.41285207520516,3.98681317048331,7.57119365821229,19.6547764230872,102.288343588798,"BirdTree","small","large","large_small","Synoum glandulosum","Eucalyptus pilularis","between","between_species_large_small","Synoum glandulosum subsp glandulsoum small_Eucalyptus pilularis large",0.268594654902067,NA,-0.204167897249026,0.848703802847005,1.05287170009603
"422",422,"Schizomeria ovata small","Schizomeria ovata large",0.354351992880621,21.3831998635087,3.13812026062164,7.7178407169576,13.1038426982974,15.7715760609563,169.000929822615,"BirdTree","small","large","large_small","Schizomeria ovata","Schizomeria ovata","within","within_species_large_small","Schizomeria ovata small_Schizomeria ovata large",0.234186102987303,NA,-0.111974777616208,0.806017877453597,0.917992655069805
"423",423,"Eucalyptus pilularis small","Eucalyptus pilularis large",0.407333001143118,8.06466692804249,2.7155639791992,5.35060661486317,7.14661091208755,10.0394528966875,21.1398623416911,"BirdTree","small","large","large_small","Eucalyptus pilularis","Eucalyptus pilularis","within","within_species_large_small","Eucalyptus pilularis small_Eucalyptus pilularis large",0.36698746460816,NA,-0.322631985702524,1.1159324411168,1.43856442681932
"424",424,"Eucalyptus pilularis large","Syncarpia glomulifera subsp glabra small",1.14941806292304,898.185339332081,7.02250527854454,30.605220143433,101.244103633097,841.805566814158,5838.73428062321,"BirdTree","large","small","large_small","Eucalyptus pilularis","Syncarpia glomulifera","between","between_species_large_small","Eucalyptus pilularis large_Syncarpia glomulifera subsp glabra small",0.761707615460447,NA,-0.360458995859033,2.62537999024569,2.98583898610472
"425",425,"Eucalyptus pilularis large","Schizomeria ovata large",1.42626511235344,10370.4533936134,54.2753157631901,514.136715767196,5506.75200641386,9032.38414622251,48734.9516728967,"BirdTree","large","large","large_large","Eucalyptus pilularis","Schizomeria ovata","between","between_species_large_large","Eucalyptus pilularis large_Schizomeria ovata large",0.613430773531848,1,0.212836399222422,2.61744084548436,2.40460444626194
"426",426,"Eucalyptus microcorys large","Eucalyptus microcorys large",-0.70278455593694,0.119088876556146,0.0187625315966545,0.0275253500775962,0.0558791109401827,0.0849436130339798,0.605795345820223,"A-Tree","large","large","large_large","Eucalyptus microcorys","Eucalyptus microcorys","within","within_species_large_large","Eucalyptus microcorys large_Eucalyptus microcorys large",0.603046434340531,NA,-1.89007237912902,0.473826205496458,2.36389858462548
"427",427,"Eucalyptus pilularis large","Eucalyptus pilularis large",-0.130085000723125,0.947345419332021,0.567382426542117,0.786745414764646,0.88755137925905,1.11100051489986,1.57241660469298,"A-Tree","large","large","large_large","Eucalyptus pilularis","Eucalyptus pilularis","within","within_species_large_large","Eucalyptus pilularis large_Eucalyptus pilularis large",0.127173772823164,NA,-0.38413091762562,0.114381111397339,0.498512029022959
"428",428,"Eucalyptus pilularis large","Eucalyptus pilularis small",-0.0838174593180727,0.722153546923026,0.353911581904838,0.713300769084067,0.750963411220802,0.78206867519646,0.826624835496221,"A-Tree","large","small","large_small","Eucalyptus pilularis","Eucalyptus pilularis","within","within_species_large_small","Eucalyptus pilularis large_Eucalyptus pilularis small",0.042283805616583,1,-0.166268751447021,-0.00051927917143106,0.16574947227559
"429",429,"Eucalyptus microcorys small","Allocasuarina torulosa large",-0.0728080819058087,0.797756851005687,0.515566753989897,0.742664037912394,0.808717814528376,0.858476223509805,0.965257332003746,"A-Tree","small","large","large_small","Eucalyptus microcorys","Allocasuarina torulosa","between","between_species_large_small","Eucalyptus microcorys small_Allocasuarina torulosa large",0.0989214654335322,NA,-0.26356118558676,0.124203833508533,0.387765019095294
"430",430,"Eucalyptus pilularis large","Allocasuarina torulosa small",-0.045323658122119,0.828546353564628,0.694118525985433,0.797875213510773,0.834457878882233,0.867425630033429,0.946865213270722,"A-Tree","large","small","large_small","Eucalyptus pilularis","Allocasuarina torulosa","between","between_species_large_small","Eucalyptus pilularis large_Allocasuarina torulosa small",0.0535622920008614,NA,-0.157844800927115,0.0521155255750974,0.209960326502212
"431",431,"Eucalyptus microcorys large","Allocasuarina torulosa large",-0.0354022024483661,0.937504259631032,0.862451661063175,0.906414300269813,0.947051391954225,0.971205064889744,0.989235132809833,"A-Tree","large","large","large_large","Eucalyptus microcorys","Allocasuarina torulosa","between","between_species_large_large","Eucalyptus microcorys large_Allocasuarina torulosa large",0.214701703733912,NA,-0.462193891963712,0.379421321511999,0.841615213475711
"432",432,"Eucalyptus microcorys small","Eucalyptus pilularis large",-0.0310248875151545,0.912737093779494,0.7980380954135,0.878803341246531,0.920764680870825,0.949086184421629,0.990978842881195,"A-Tree","small","large","large_small","Eucalyptus microcorys","Eucalyptus pilularis","between","between_species_large_small","Eucalyptus microcorys small_Eucalyptus pilularis large",0.0901617834732644,NA,-0.209531357998213,0.143896338780781,0.353427696778994
"433",433,"Eucalyptus microcorys small","Allocasuarina torulosa small",-0.0233078123108022,0.941206518768638,0.847249199958383,0.922874415847947,0.943848005043167,0.962128606520264,0.99283421948082,"A-Tree","small","small","small_small","Eucalyptus microcorys","Allocasuarina torulosa","between","between_species_small_small","Eucalyptus microcorys small_Allocasuarina torulosa small",0.0527290506178154,NA,-0.12998197605637,0.0767121042434454,0.206694080299815
"434",434,"Allocasuarina torulosa large","Allocasuarina torulosa large",-0.0162410086565125,0.59425807475083,0.401345364805438,0.48718199836428,0.596221733202765,0.714302330032513,0.83662313560389,"A-Tree","large","large","large_large","Allocasuarina torulosa","Allocasuarina torulosa","within","within_species_large_large","Allocasuarina torulosa large_Allocasuarina torulosa large",0.126810681364646,NA,-0.269471183303558,0.227617553355822,0.49708873665938
"435",435,"Eucalyptus pilularis small","Allocasuarina torulosa small",-0.00662082876652425,0.972332405196683,0.924120891431259,0.961828415437931,0.97822170676078,0.98659875614556,0.997612793678936,"A-Tree","small","small","small_small","Eucalyptus pilularis","Allocasuarina torulosa","between","between_species_small_small","Eucalyptus pilularis small_Allocasuarina torulosa small",0.030195862230037,NA,-0.0679585010663972,0.0504071038396143,0.118365604906012
"436",436,"Eucalyptus pilularis small","Eucalyptus microcorys small",0.00342068995524337,1.0295807516168,1.00383688605233,1.01125646991001,1.02139480979957,1.0485137082942,1.06525099112206,"A-Tree","small","small","small_small","Eucalyptus pilularis","Eucalyptus microcorys","between","between_species_small_small","Eucalyptus pilularis small_Eucalyptus microcorys small",0.0446535045435594,NA,-0.0838043909043332,0.0912341304734107,0.175038521377744
"437",437,"Eucalyptus pilularis small","Allocasuarina torulosa large",0.00747294036174719,1.0458883114242,1.00544802188787,1.01762997752217,1.03138339631913,1.06667761713613,1.13932011546583,"A-Tree","small","large","large_small","Eucalyptus pilularis","Allocasuarina torulosa","between","between_species_large_small","Eucalyptus pilularis small_Allocasuarina torulosa large",0.044722599183455,NA,-0.0780320347322703,0.0972773326569143,0.175309367389185
"438",438,"Allocasuarina torulosa small","Allocasuarina torulosa large",0.0341423292984447,1.41938018288459,1.15272884348004,1.33936074523447,1.41422013345537,1.50454327394879,1.66954221383364,"A-Tree","small","large","large_small","Allocasuarina torulosa","Allocasuarina torulosa","within","within_species_large_small","Allocasuarina torulosa small_Allocasuarina torulosa large",0.058327173884382,NA,-0.0851071882524789,0.143531132014309,0.228638320266788
"439",439,"Eucalyptus pilularis large","Allocasuarina torulosa large",0.0496480006776109,1.33338823839218,1.10300688435034,1.24979898410826,1.33322722073841,1.41243591276885,1.64786779358836,"A-Tree","large","large","large_large","Eucalyptus pilularis","Allocasuarina torulosa","between","between_species_large_large","Eucalyptus pilularis large_Allocasuarina torulosa large",0.0885987439724957,NA,-0.118821328054405,0.228479366468748,0.347300694523154
"440",440,"Eucalyptus microcorys small","Eucalyptus microcorys small",0.082352466762511,1.61531824399582,1.20399117354114,1.47395679165046,1.57038496542901,1.65849898064018,2.17720396708635,"A-Tree","small","small","small_small","Eucalyptus microcorys","Eucalyptus microcorys","within","within_species_small_small","Eucalyptus microcorys small_Eucalyptus microcorys small",0.157578838631498,NA,-0.232374274408561,0.385323422478209,0.61769769688677
"441",441,"Allocasuarina torulosa small","Eucalyptus microcorys large",0.123995664822138,10.0579216419544,4.41084784421761,6.35023824876136,9.83694171732886,12.5142677511089,19.4304094485662,"A-Tree","small","large","large_small","Allocasuarina torulosa","Eucalyptus microcorys","between","between_species_large_small","Allocasuarina torulosa small_Eucalyptus microcorys large",0.145517566209793,NA,-0.156675981091956,0.413742396686279,0.570418377778235
"442",442,"Eucalyptus pilularis small","Eucalyptus microcorys large",0.133228978470158,7.01156194584694,1.14121735739305,2.53733789462277,5.54888018758872,9.4416632734459,20.8522571703956,"A-Tree","small","large","large_small","Eucalyptus pilularis","Eucalyptus microcorys","between","between_species_large_small","Eucalyptus pilularis small_Eucalyptus microcorys large",0.101037651474249,NA,-0.062828732628423,0.333231583315655,0.396060315944078
"443",443,"Eucalyptus pilularis large","Eucalyptus microcorys large",0.14471381002658,3.63556952367646,2.27209394457789,2.71437279328225,3.24452133577095,4.04525541840568,7.71504827759352,"A-Tree","large","large","large_large","Eucalyptus pilularis","Eucalyptus microcorys","between","between_species_large_large","Eucalyptus pilularis large_Eucalyptus microcorys large",0.183465015233061,NA,-0.209616627814538,0.509553016745245,0.719169644559783
"444",444,"Allocasuarina torulosa small","Allocasuarina torulosa small",0.211730099522591,4.87168667370828,1.73979167925059,3.91498029151947,4.83485300815245,5.67824778797677,9.11242667122781,"A-Tree","small","small","small_small","Allocasuarina torulosa","Allocasuarina torulosa","within","within_species_small_small","Allocasuarina torulosa small_Allocasuarina torulosa small",0.0700745790016368,1,0.0655494462380912,0.340236748388121,0.27468730215003
"445",445,"Eucalyptus microcorys small","Eucalyptus microcorys large",0.339110940153353,10.541289501919,1.25279324425214,3.83759523736064,6.78279072920364,12.3088877835132,37.7449157623461,"A-Tree","small","large","large_small","Eucalyptus microcorys","Eucalyptus microcorys","within","within_species_large_small","Eucalyptus microcorys small_Eucalyptus microcorys large",0.268258525708175,NA,-0.184108071563833,0.867446026303836,1.05155409786767
"446",446,"Eucalyptus pilularis small","Eucalyptus pilularis small",0.423596471747002,35.4961145321143,1.87842904331671,13.9299520259126,33.7228657210228,52.8195340949701,91.3483599224118,"A-Tree","small","small","small_small","Eucalyptus pilularis","Eucalyptus pilularis","within","within_species_small_small","Eucalyptus pilularis small_Eucalyptus pilularis small",0.0547421147832455,1,0.318879103139693,0.533464249965131,0.214585146825438
"447",447,"Syncarpia glomulifera subsp glomulifera large","Syncarpia glomulifera subsp glomulifera large",-0.704052029878961,0.229087753282359,0.0464258133790498,0.111586323781893,0.189000203524117,0.294621389536537,0.666762793439738,"BlackBull","large","large","large_large","Syncarpia glomulifera","Syncarpia glomulifera","within","within_species_large_large","Syncarpia glomulifera subsp glomulifera large_Syncarpia glomulifera subsp glomulifera large",0.635018982766218,NA,-1.87933533784622,0.609893333595874,2.4892286714421
"448",448,"Syncarpia glomulifera subsp glomulifera large","Eucalyptus pilularis large",-0.488422962337686,0.399535078441278,0.126804862881423,0.254290688363972,0.37567976011574,0.563129911084195,0.690157029018474,"BlackBull","large","large","large_large","Syncarpia glomulifera","Eucalyptus pilularis","between","between_species_large_large","Syncarpia glomulifera subsp glomulifera large_Eucalyptus pilularis large",0.411907898105941,NA,-1.27812103129989,0.336528259170592,1.61464929047048
"449",449,"Eucalyptus pilularis large","Eucalyptus pilularis large",-0.45078434436312,0.341281146237666,0.178434869264247,0.221122907213286,0.282316087462465,0.441971574840709,0.781428131050084,"BlackBull","large","large","large_large","Eucalyptus pilularis","Eucalyptus pilularis","within","within_species_large_large","Eucalyptus pilularis large_Eucalyptus pilularis large",0.423773278666649,NA,-1.27602537313016,0.385135354464015,1.66116072759418
"450",450,"Eucalyptus pilularis large","Allocasuarina torulosa small",-0.171944484764707,0.697305705740464,0.458151805935286,0.627956248045245,0.710081302936294,0.772410393489703,0.911324275773557,"BlackBull","large","small","large_small","Eucalyptus pilularis","Allocasuarina torulosa","between","between_species_large_small","Eucalyptus pilularis large_Allocasuarina torulosa small",0.106281019233631,NA,-0.379683567357274,0.0369303725189763,0.41661393987625
"451",451,"Syncarpia glomulifera subsp glomulifera large","Allocasuarina torulosa small",-0.124907679385516,0.821735818960141,0.608122704235634,0.766547717312018,0.821895195414507,0.889665538438377,0.945497386538361,"BlackBull","large","small","large_small","Syncarpia glomulifera","Allocasuarina torulosa","between","between_species_large_small","Syncarpia glomulifera subsp glomulifera large_Allocasuarina torulosa small",0.140264973471048,NA,-0.389951353725584,0.159877238865857,0.54982859259144
"452",452,"Eucalyptus pilularis small","Allocasuarina torulosa large",-0.124121875165999,0.683462354323546,0.479412786482072,0.610420761253259,0.672045125437171,0.763528264528478,0.95085808974196,"BlackBull","small","large","large_small","Eucalyptus pilularis","Allocasuarina torulosa","between","between_species_large_small","Eucalyptus pilularis small_Allocasuarina torulosa large",0.136634897297217,NA,-0.37003139599215,0.165567559475599,0.535598955467749
"453",453,"Eucalyptus pilularis small","Eucalyptus pilularis small",-0.0881141699358273,0.549054743646504,0.375392187031304,0.453965541805591,0.532076976075799,0.633015704251089,0.863384117982573,"BlackBull","small","small","small_small","Eucalyptus pilularis","Eucalyptus pilularis","within","within_species_small_small","Eucalyptus pilularis small_Eucalyptus pilularis small",0.25405857008407,NA,-0.559515893167668,0.436375401489375,0.995891294657044
"454",454,"Syncarpia glomulifera subsp glomulifera large","Syncarpia glomulifera subsp glomulifera small",-0.0783340298183039,0.863516257137188,0.778492114021397,0.8135650436176,0.85771609112656,0.901253919669074,0.959846763043395,"BlackBull","large","small","large_small","Syncarpia glomulifera","Syncarpia glomulifera","within","within_species_large_small","Syncarpia glomulifera subsp glomulifera large_Syncarpia glomulifera subsp glomulifera small",0.196468690941101,NA,-0.45381061731088,0.316332499357699,0.770143116668579
"455",455,"Eucalyptus pilularis small","Allocasuarina torulosa small",-0.0138764156905946,0.964370262667033,0.925254071369787,0.956617044542515,0.967724843661248,0.973858193733914,0.995315242754402,"BlackBull","small","small","small_small","Eucalyptus pilularis","Allocasuarina torulosa","between","between_species_small_small","Eucalyptus pilularis small_Allocasuarina torulosa small",0.0926603152457255,NA,-0.195243985499597,0.167977775855902,0.363221761355499
"456",456,"Allocasuarina torulosa small","Syncarpia glomulifera subsp glomulifera small",0.0499537461776541,1.5727540920267,1.31335800166313,1.39405332925303,1.54414195656504,1.68305146110238,2.09268480517328,"BlackBull","small","small","small_small","Allocasuarina torulosa","Syncarpia glomulifera","between","between_species_small_small","Allocasuarina torulosa small_Syncarpia glomulifera subsp glomulifera small",0.0616160883218034,NA,-0.0801620612145857,0.161368566743362,0.241530627957947
"457",457,"Allocasuarina torulosa large","Syncarpia glomulifera subsp glomulifera small",0.0541014019077658,1.35989740415284,1.0982869543567,1.24537391338565,1.34353094148057,1.45244051379294,1.70535213890367,"BlackBull","large","small","large_small","Allocasuarina torulosa","Syncarpia glomulifera","between","between_species_large_small","Allocasuarina torulosa large_Syncarpia glomulifera subsp glomulifera small",0.0898773281264737,NA,-0.126629888822077,0.225682763487077,0.352312652309154
"458",458,"Allocasuarina torulosa small","Allocasuarina torulosa small",0.0817549790843547,1.52537268225073,1.16345572134866,1.39476312737924,1.49200052913394,1.65176453022,2.04236307976531,"BlackBull","small","small","small_small","Allocasuarina torulosa","Allocasuarina torulosa","within","within_species_small_small","Allocasuarina torulosa small_Allocasuarina torulosa small",0.107914658972886,NA,-0.12866601820987,0.294351671771687,0.423017689981557
"459",459,"Syncarpia glomulifera subsp glomulifera small","Eucalyptus pilularis large",0.0848426327335561,1.64414644671659,1.19389795990197,1.39151654497534,1.46179357399096,1.90901726802403,2.56214538415674,"BlackBull","small","large","large_small","Syncarpia glomulifera","Eucalyptus pilularis","between","between_species_large_small","Syncarpia glomulifera subsp glomulifera small_Eucalyptus pilularis large",0.158542759270886,NA,-0.218998879279517,0.402477317081562,0.621476196361079
"460",460,"Allocasuarina torulosa small","Allocasuarina torulosa large",0.0966507113845286,2.35031324831785,1.5999517336088,1.99710244087158,2.22849119008324,2.56983279360777,3.5936752261619,"BlackBull","small","large","large_small","Allocasuarina torulosa","Allocasuarina torulosa","within","within_species_large_small","Allocasuarina torulosa small_Allocasuarina torulosa large",0.0708676815398903,NA,-0.0413968611571056,0.236399345814973,0.277796206972078
"461",461,"Eucalyptus pilularis small","Eucalyptus pilularis large",0.0985736903323916,1.46454318020353,1.17211883302075,1.27940562882038,1.42865812980169,1.64403863871852,1.86735313165757,"BlackBull","small","large","large_small","Eucalyptus pilularis","Eucalyptus pilularis","within","within_species_large_small","Eucalyptus pilularis small_Eucalyptus pilularis large",0.23520749889668,NA,-0.373917044216723,0.54807940924575,0.921996453462473
"462",462,"Allocasuarina torulosa large","Allocasuarina torulosa large",0.112127360288341,0.535488952403612,0.241370841852656,0.397011144694035,0.487607871141473,0.664891269111374,1.00240119475876,"BlackBull","large","large","large_large","Allocasuarina torulosa","Allocasuarina torulosa","within","within_species_large_large","Allocasuarina torulosa large_Allocasuarina torulosa large",0.125291168668297,NA,-0.155813311699618,0.335319044641974,0.491132356341592
"463",463,"Syncarpia glomulifera subsp glomulifera small","Eucalyptus pilularis small",0.131573020958796,2.1642095942656,1.26160180192355,1.69719811994834,2.08353402446481,2.42535103502975,3.7876584864192,"BlackBull","small","small","small_small","Syncarpia glomulifera","Eucalyptus pilularis","between","between_species_small_small","Syncarpia glomulifera subsp glomulifera small_Eucalyptus pilularis small",0.11784309304738,NA,-0.129838509764582,0.332097926634753,0.461936436399335
"464",464,"Allocasuarina torulosa large","Eucalyptus pilularis large",0.173050377914635,3.53707948501997,1.49206214981446,2.07661369895897,3.0331194240954,4.31742475248071,8.60082146534242,"BlackBull","large","large","large_large","Allocasuarina torulosa","Eucalyptus pilularis","between","between_species_large_large","Allocasuarina torulosa large_Eucalyptus pilularis large",0.180135189680392,NA,-0.189122411796971,0.516994556446748,0.706116968243718
"465",465,"Syncarpia glomulifera subsp glomulifera small","Syncarpia glomulifera subsp glomulifera small",0.297608076913856,2.60232201108916,0.797874793438353,1.70709577850833,2.09302375075214,3.34161239594541,6.83387048209584,"BlackBull","small","small","small_small","Syncarpia glomulifera","Syncarpia glomulifera","within","within_species_small_small","Syncarpia glomulifera subsp glomulifera small_Syncarpia glomulifera subsp glomulifera small",0.0911667247875303,1,0.130151691738282,0.48751868608235,0.357366994344069
"466",466,"Allocasuarina torulosa large","Syncarpia glomulifera subsp glomulifera large",0.347682789533594,25.4126297458071,2.58522116505291,9.61347738043457,18.8942647675254,36.1320537475058,64.8831071387691,"BlackBull","large","large","large_large","Allocasuarina torulosa","Syncarpia glomulifera","between","between_species_large_large","Allocasuarina torulosa large_Syncarpia glomulifera subsp glomulifera large",0.206434394365056,NA,-0.0797263207887849,0.729481635462912,0.809207956251697
"467",467,"Eucalyptus pilularis small","Syncarpia glomulifera subsp glomulifera large",0.375645269113126,7.31748695099854,1.89171765601691,2.9727203756855,6.26530486765474,10.7369729851317,17.2585460920108,"BlackBull","small","large","large_small","Eucalyptus pilularis","Syncarpia glomulifera","between","between_species_large_small","Eucalyptus pilularis small_Syncarpia glomulifera subsp glomulifera large",0.276374593776532,NA,-0.189470715835436,0.893897784252344,1.08336850008778
"468",468,"Geissois benthamii small","Allocasuarina torulosa small",-0.998129657062395,0.487335743117096,0.00348591237671949,0.188857280496344,0.618347674179341,0.697248667162791,0.848024213453211,"Bruxner","small","small","small_small","Geissois benthamii","Allocasuarina torulosa","between","between_species_small_small","Geissois benthamii small_Allocasuarina torulosa small",0.702271582045576,NA,-2.37956595435921,0.373288061991379,2.75285401635059
"469",469,"Eucalyptus grandis large","Eucalyptus grandis large",-0.770586954448333,0.0146996383001548,0.00030252669960049,0.00062650254700942,0.00114227088011774,0.00313629074881218,0.573277384718649,"Bruxner","large","large","large_large","Eucalyptus grandis","Eucalyptus grandis","within","within_species_large_large","Eucalyptus grandis large_Eucalyptus grandis large",0.331130775364878,1,-1.40825564545373,-0.110246857677765,1.29800878777597
"470",470,"Syncarpia glomulifera subsp glabra small","Geissois benthamii small",-0.537290522872017,0.659889008734429,0.27953906449016,0.483273290996009,0.69880236292106,0.842749989008348,0.95341935954076,"Bruxner","small","small","small_small","Syncarpia glomulifera","Geissois benthamii","between","between_species_small_small","Syncarpia glomulifera subsp glabra small_Geissois benthamii small",0.683009438905738,NA,-1.84759520747518,0.829752595237132,2.67734780271231
"471",471,"Schizomeria ovata small","Schizomeria ovata small",-0.477462947114273,0.135653775865072,0.0392039270477066,0.0576885299690571,0.113861826525544,0.186041763893866,0.555227946165248,"Bruxner","small","small","small_small","Schizomeria ovata","Schizomeria ovata","within","within_species_small_small","Schizomeria ovata small_Schizomeria ovata small",0.490662463028197,NA,-1.45349684869552,0.469864663506447,1.92336151220197
"472",472,"Syncarpia glomulifera subsp glabra small","Schizomeria ovata small",-0.278293061540017,0.602494980176256,0.185864965935377,0.312681654813375,0.690340977314726,0.79253363620534,0.940833674778971,"Bruxner","small","small","small_small","Syncarpia glomulifera","Schizomeria ovata","between","between_species_small_small","Syncarpia glomulifera subsp glabra small_Schizomeria ovata small",0.402957031047621,NA,-1.07378869320109,0.505773843139956,1.57956253634105
"473",473,"Eucalyptus grandis large","Archontophoenix cunninghamiana small",-0.261588323179864,0.403926801262044,0.146808023740286,0.269612686289789,0.378941431545127,0.55316347067994,0.740057012754699,"Bruxner","large","small","large_small","Eucalyptus grandis","Archontophoenix cunninghamiana","between","between_species_large_small","Eucalyptus grandis large_Archontophoenix cunninghamiana small",0.115050281638918,1,-0.48197398333941,-0.0309851664924722,0.450988816846938
"474",474,"Schizomeria ovata small","Eucalyptus grandis small",-0.202055793329207,0.644082635553518,0.362354269525045,0.535964509551158,0.659979105962705,0.752197915684713,0.903479082588111,"Bruxner","small","small","small_small","Schizomeria ovata","Eucalyptus grandis","between","between_species_small_small","Schizomeria ovata small_Eucalyptus grandis small",0.209858980530002,NA,-0.611090732349184,0.211541354993007,0.822632087342191
"475",475,"Syncarpia glomulifera subsp glabra small","Eucalyptus grandis small",-0.159693281750529,0.804512593132343,0.295856475304446,0.723618012410126,0.875049858747605,0.946244629243173,0.986742983537775,"Bruxner","small","small","small_small","Syncarpia glomulifera","Eucalyptus grandis","between","between_species_small_small","Syncarpia glomulifera subsp glabra small_Eucalyptus grandis small",0.20047716797741,NA,-0.559744855425319,0.226111202491301,0.78585605791662
"476",476,"Lophostemon sp. small","Eucalyptus grandis large",-0.154510166988003,0.570325140018121,0.165887929819117,0.452363489228233,0.607673887371333,0.700597723274326,0.917234052905971,"Bruxner","small","large","large_small","Lophostemon sp","Eucalyptus grandis","between","between_species_large_small","Lophostemon sp. small_Eucalyptus grandis large",0.12296276503933,NA,-0.391435632863244,0.0905695489698525,0.482005181833096
"477",477,"Syncarpia glomulifera subsp glabra small","Ceratopetalum apetalum small",-0.128519476264937,0.881434807636799,0.429194765328138,0.865339929035428,0.921910677553011,0.962812015374799,0.993382599899533,"Bruxner","small","small","small_small","Syncarpia glomulifera","Ceratopetalum apetalum","between","between_species_small_small","Syncarpia glomulifera subsp glabra small_Ceratopetalum apetalum small",0.19291259609707,NA,-0.510716530425029,0.245486950603728,0.756203481028757
"478",478,"Caldcluvia paniculosa small","Ceratopetalum apetalum small",-0.122460791590039,0.82257147367406,0.383641364662344,0.73375715730178,0.864926061312094,0.923950593003631,0.96996253843052,"Bruxner","small","small","small_small","Caldcluvia paniculosa","Ceratopetalum apetalum","between","between_species_small_small","Caldcluvia paniculosa small_Ceratopetalum apetalum small",0.0925807415205739,NA,-0.303681224380137,0.0592286137045369,0.362909838084674
"479",479,"Allocasuarina torulosa small","Caldcluvia paniculosa small",-0.120432308338081,0.712788840877071,0.354566569927245,0.640412720789205,0.717593286423464,0.828205082881584,0.91879586267465,"Bruxner","small","small","small_small","Allocasuarina torulosa","Caldcluvia paniculosa","between","between_species_small_small","Allocasuarina torulosa small_Caldcluvia paniculosa small",0.135128430397955,NA,-0.392112671266483,0.137581042468356,0.529693713734838
"480",480,"Geissois benthamii small","Geissois benthamii small",-0.113761018237235,0.0781242465097789,0.00916082285195157,0.0147175497211077,0.0562748332962797,0.13695944768042,0.241452715621122,"Bruxner","small","small","small_small","Geissois benthamii","Geissois benthamii","within","within_species_small_small","Geissois benthamii small_Geissois benthamii small",0.310675677049346,NA,-0.724536091996301,0.493290183782328,1.21782627577863
"481",481,"Syncarpia glomulifera subsp glabra small","Syncarpia glomulifera subsp glabra small",-0.102568775863596,0.47653564222615,0.338764854672057,0.385443092182174,0.415303230282179,0.455720331857002,1.03035880586855,"Bruxner","small","small","small_small","Syncarpia glomulifera","Syncarpia glomulifera","within","within_species_small_small","Syncarpia glomulifera subsp glabra small_Syncarpia glomulifera subsp glabra small",0.381507444482901,NA,-0.850630835829567,0.644850866211232,1.4954817020408
"482",482,"Schizomeria ovata small","Ceratopetalum apetalum small",-0.087443279106991,0.816842614442007,0.639695021018221,0.766913959976169,0.812592337848583,0.874509371621034,0.953544024323491,"Bruxner","small","small","small_small","Schizomeria ovata","Ceratopetalum apetalum","between","between_species_small_small","Schizomeria ovata small_Ceratopetalum apetalum small",0.14284460412356,NA,-0.373597819775761,0.186342739160358,0.559940558936118
"483",483,"Lophostemon sp. small","Archontophoenix cunninghamiana small",-0.0824443420671113,0.795032915392393,0.514885433898331,0.735784825800097,0.798117182759711,0.869011126078391,0.960546488504885,"Bruxner","small","small","small_small","Lophostemon sp","Archontophoenix cunninghamiana","between","between_species_small_small","Lophostemon sp. small_Archontophoenix cunninghamiana small",0.0568510293009123,NA,-0.190478787558248,0.0323731522693909,0.222851939827639
"484",484,"Lophostemon sp. small","Ceratopetalum apetalum small",-0.0782917052660189,0.774342116176586,0.435771529942122,0.685242687522826,0.819080812778572,0.855829995692348,0.960091676251882,"Bruxner","small","small","small_small","Lophostemon sp","Ceratopetalum apetalum","between","between_species_small_small","Lophostemon sp. small_Ceratopetalum apetalum small",0.0630272888837919,NA,-0.204605153938663,0.0424572785722046,0.247062432510868
"485",485,"Caldcluvia paniculosa small","Lophostemon sp. small",-0.0557959734400611,0.870201973082481,0.48727346407374,0.843730351490857,0.923382735186115,0.951624630568193,0.982885902103029,"Bruxner","small","small","small_small","Caldcluvia paniculosa","Lophostemon sp","between","between_species_small_small","Caldcluvia paniculosa small_Lophostemon sp. small",0.0739537673400807,NA,-0.204204599928605,0.0856888410866204,0.289893441015225
"486",486,"Eucalyptus grandis small","Archontophoenix cunninghamiana small",-0.0537832931566601,0.799968849029912,0.566247485241683,0.738359149608824,0.809566251783408,0.874150529567889,0.963210657725509,"Bruxner","small","small","small_small","Eucalyptus grandis","Archontophoenix cunninghamiana","between","between_species_small_small","Eucalyptus grandis small_Archontophoenix cunninghamiana small",0.0701332449728044,NA,-0.189950050076475,0.0849672184547676,0.274917268531243
"487",487,"Geissois benthamii small","Caldcluvia paniculosa small",-0.0497748466256659,0.924525134041421,0.650651604125908,0.885749170463771,0.967348193428083,0.984976932854688,0.994032442952933,"Bruxner","small","small","small_small","Geissois benthamii","Caldcluvia paniculosa","between","between_species_small_small","Geissois benthamii small_Caldcluvia paniculosa small",0.21516950734212,NA,-0.473380592676855,0.37006837724671,0.843448969923565
"488",488,"Lophostemon sp. small","Allocasuarina torulosa small",0.00381940847630111,1.01894697032815,1.00319380575462,1.00872812011901,1.01412340947152,1.02091366779569,1.0609265988202,"Bruxner","small","small","small_small","Lophostemon sp","Allocasuarina torulosa","between","between_species_small_small","Lophostemon sp. small_Allocasuarina torulosa small",0.125870420618756,NA,-0.24794078077266,0.245462201490679,0.49340298226334
"489",489,"Caldcluvia paniculosa small","Syncarpia glomulifera subsp glabra small",0.0172528767450887,1.1063740018334,1.0113139873288,1.05178174489219,1.08555687374579,1.14357698177221,1.26387464646496,"Bruxner","small","small","small_small","Caldcluvia paniculosa","Syncarpia glomulifera","between","between_species_small_small","Caldcluvia paniculosa small_Syncarpia glomulifera subsp glabra small",0.132505953808384,NA,-0.235153730383089,0.284260064020032,0.519413794403121
"490",490,"Eucalyptus grandis large","Caldcluvia paniculosa small",0.0181865015755039,1.10544785108999,1.04264489135309,1.07851142039961,1.09387860768931,1.10283637677699,1.21451081192889,"Bruxner","large","small","large_small","Eucalyptus grandis","Caldcluvia paniculosa","between","between_species_large_small","Eucalyptus grandis large_Caldcluvia paniculosa small",0.147716645823063,NA,-0.273674547770503,0.305364063690023,0.579038611460526
"491",491,"Ceratopetalum apetalum small","Allocasuarina torulosa small",0.0209974444590382,1.13525575250158,1.03190548580139,1.05228743742023,1.08898163824683,1.16611251815708,1.55554091789077,"Bruxner","small","small","small_small","Ceratopetalum apetalum","Allocasuarina torulosa","between","between_species_small_small","Ceratopetalum apetalum small_Allocasuarina torulosa small",0.183629593562045,NA,-0.335805682515781,0.38400909723889,0.719814779754671
"492",492,"Archontophoenix cunninghamiana small","Syncarpia glomulifera subsp glabra small",0.0229261857179854,1.35046124515275,1.18127059545411,1.32789102463014,1.37804197823989,1.38509909611163,1.44259839740779,"Bruxner","small","small","small_small","Archontophoenix cunninghamiana","Syncarpia glomulifera","between","between_species_small_small","Archontophoenix cunninghamiana small_Syncarpia glomulifera subsp glabra small",0.104808503890853,NA,-0.184013943069969,0.226827842729226,0.410841785799195
"493",493,"Archontophoenix cunninghamiana small","Caldcluvia paniculosa small",0.0335332121463151,1.38887537170151,1.19335339676442,1.25191752992413,1.37355419876916,1.47118618655442,1.71774488157799,"Bruxner","small","small","small_small","Archontophoenix cunninghamiana","Caldcluvia paniculosa","between","between_species_small_small","Archontophoenix cunninghamiana small_Caldcluvia paniculosa small",0.055680596007771,NA,-0.0753054546952736,0.142958470930638,0.218263925625912
"494",494,"Eucalyptus grandis small","Eucalyptus grandis small",0.0375636010927309,0.153258565891657,0.02376851079557,0.0511840540245874,0.0926388307074883,0.197193701025971,0.657372951931751,"Bruxner","small","small","small_small","Eucalyptus grandis","Eucalyptus grandis","within","within_species_small_small","Eucalyptus grandis small_Eucalyptus grandis small",0.133864887383776,NA,-0.223341873637083,0.301398842496337,0.524740716133421
"495",495,"Archontophoenix cunninghamiana small","Geissois benthamii small",0.0384448962564722,1.42124814216185,1.14642360586121,1.3585278240905,1.43540853171994,1.51556555308482,1.64111092182328,"Bruxner","small","small","small_small","Archontophoenix cunninghamiana","Geissois benthamii","between","between_species_small_small","Archontophoenix cunninghamiana small_Geissois benthamii small",0.123533012948317,NA,-0.210957691865456,0.273282820695385,0.484240512560841
"496",496,"Archontophoenix cunninghamiana small","Allocasuarina torulosa small",0.0433508931051666,1.63307014596524,1.38705935970623,1.49619191645036,1.55618599475479,1.77256956419506,2.15577132983625,"Bruxner","small","small","small_small","Archontophoenix cunninghamiana","Allocasuarina torulosa","between","between_species_small_small","Archontophoenix cunninghamiana small_Allocasuarina torulosa small",0.0947501962688769,NA,-0.146119914886776,0.225294029543425,0.3714139444302
"497",497,"Ceratopetalum apetalum small","Eucalyptus grandis small",0.0487594492892159,1.3747729055428,1.07662052640528,1.22051599281339,1.35516446387396,1.47929854265362,1.89090111027657,"Bruxner","small","small","small_small","Ceratopetalum apetalum","Eucalyptus grandis","between","between_species_small_small","Ceratopetalum apetalum small_Eucalyptus grandis small",0.0752340766341807,NA,-0.0964474282820173,0.198464732944224,0.294912161226241
"498",498,"Eucalyptus grandis large","Schizomeria ovata small",0.0531475623855804,1.46078970042104,1.11455085131493,1.31299178153443,1.50359726839659,1.60919989807782,1.6923031460576,"Bruxner","large","small","large_small","Eucalyptus grandis","Schizomeria ovata","between","between_species_large_small","Eucalyptus grandis large_Schizomeria ovata small",0.288853708650537,NA,-0.515593286827618,0.616692444684137,1.13228573151175
"499",499,"Caldcluvia paniculosa small","Schizomeria ovata small",0.0603884270327495,1.2403818816519,1.03585906544269,1.14405739397992,1.22885252942747,1.33455213481112,1.87576458163991,"Bruxner","small","small","small_small","Caldcluvia paniculosa","Schizomeria ovata","between","between_species_small_small","Caldcluvia paniculosa small_Schizomeria ovata small",0.136810969347348,NA,-0.2051727420578,0.33111640316383,0.53628914522163
"500",500,"Archontophoenix cunninghamiana small","Ceratopetalum apetalum small",0.0739095248743861,1.6280669283658,1.22652607304127,1.429578858057,1.54218181376996,1.68086316951541,3.3586626249873,"Bruxner","small","small","small_small","Archontophoenix cunninghamiana","Ceratopetalum apetalum","between","between_species_small_small","Archontophoenix cunninghamiana small_Ceratopetalum apetalum small",0.0560697341129485,NA,-0.0361962561748927,0.183593062793339,0.219789318968232
"501",501,"Archontophoenix cunninghamiana small","Schizomeria ovata small",0.0819467325113498,2.95397554587015,1.82395905306131,2.43365933389031,2.89926875278887,3.24639859210605,4.66215801196238,"Bruxner","small","small","small_small","Archontophoenix cunninghamiana","Schizomeria ovata","between","between_species_small_small","Archontophoenix cunninghamiana small_Schizomeria ovata small",0.131919941665532,NA,-0.17443133397239,0.342685335041747,0.517116669014137
"502",502,"Allocasuarina torulosa small","Allocasuarina torulosa small",0.0842277733355594,0.422044177612908,0.225618743499209,0.253397762874374,0.266405073430307,0.639679931598044,0.902394586305426,"Bruxner","small","small","small_small","Allocasuarina torulosa","Allocasuarina torulosa","within","within_species_small_small","Allocasuarina torulosa small_Allocasuarina torulosa small",0.207810500471289,NA,-0.327850678542023,0.486751514523919,0.814602193065942
"503",503,"Lophostemon sp. small","Schizomeria ovata small",0.0993689942934411,1.79427892032701,1.17352484309083,1.37590961516297,1.61581546170238,1.84862032322578,3.16806675804162,"Bruxner","small","small","small_small","Lophostemon sp","Schizomeria ovata","between","between_species_small_small","Lophostemon sp. small_Schizomeria ovata small",0.130914015810856,NA,-0.154504058434485,0.358669453687085,0.51317351212157
"504",504,"Allocasuarina torulosa small","Syncarpia glomulifera subsp glabra small",0.100637090030967,1.80132525132996,1.13127392352338,1.41861051301859,1.47554550134157,2.19766435842334,3.20772664043982,"Bruxner","small","small","small_small","Allocasuarina torulosa","Syncarpia glomulifera","between","between_species_small_small","Allocasuarina torulosa small_Syncarpia glomulifera subsp glabra small",0.210689701709663,NA,-0.300275592511588,0.525612862017265,0.825888454528853
"505",505,"Eucalyptus grandis small","Caldcluvia paniculosa small",0.104523337061038,2.21761032241087,1.25335973862068,1.61974598603363,1.9141020965969,2.09530810605695,5.38843682389982,"Bruxner","small","small","small_small","Eucalyptus grandis","Caldcluvia paniculosa","between","between_species_small_small","Eucalyptus grandis small_Caldcluvia paniculosa small",0.0894797929690985,NA,-0.0691710995498628,0.281583243577204,0.350754343127067
"506",506,"Eucalyptus grandis large","Geissois benthamii small",0.120790355000846,2.45416520937554,1.82158085226126,2.24318038414021,2.46939748108226,2.69188137772699,3.23940212324196,"Bruxner","large","small","large_small","Eucalyptus grandis","Geissois benthamii","between","between_species_large_small","Eucalyptus grandis large_Geissois benthamii small",0.228660666369112,NA,-0.326120363445362,0.570212978083416,0.896333341528778
"507",507,"Eucalyptus grandis small","Geissois benthamii small",0.132149670201329,3.56033996325649,2.2594326648019,2.7340867894398,3.05782544748189,4.04693169781839,6.68741478962147,"Bruxner","small","small","small_small","Eucalyptus grandis","Geissois benthamii","between","between_species_small_small","Eucalyptus grandis small_Geissois benthamii small",0.151998390494312,NA,-0.165713631780751,0.430109110373062,0.595822742153813
"508",508,"Eucalyptus grandis small","Lophostemon sp. small",0.132702160427203,2.73463027598189,1.192560243097,2.1678904538215,2.78039210379811,3.28637801458124,5.07930834258471,"Bruxner","small","small","small_small","Eucalyptus grandis","Lophostemon sp","between","between_species_small_small","Eucalyptus grandis small_Lophostemon sp. small",0.079313149224185,NA,-0.0181468523556947,0.292754979604012,0.310901831959707
"509",509,"Eucalyptus grandis small","Allocasuarina torulosa small",0.141131345805864,3.18726790576771,1.40749502983516,1.92876317599041,2.41497246505239,3.76665401154432,7.70475357622536,"Bruxner","small","small","small_small","Eucalyptus grandis","Allocasuarina torulosa","between","between_species_small_small","Eucalyptus grandis small_Allocasuarina torulosa small",0.159478636905964,NA,-0.169279660262126,0.455865109016334,0.62514476927846
"510",510,"Ceratopetalum apetalum small","Geissois benthamii small",0.163386096831972,5.96805504917888,2.73473664460356,4.50518515758249,5.50397826067794,7.35458823959786,10.1714808860575,"Bruxner","small","small","small_small","Ceratopetalum apetalum","Geissois benthamii","between","between_species_small_small","Ceratopetalum apetalum small_Geissois benthamii small",0.156686222035568,NA,-0.140710874122148,0.47348783000457,0.614198704126718
"511",511,"Lophostemon sp. small","Geissois benthamii small",0.164185932518539,2.93027565745827,1.18071511339524,1.61907961627728,1.90551038953176,3.59022694638955,8.23516534966695,"Bruxner","small","small","small_small","Lophostemon sp","Geissois benthamii","between","between_species_small_small","Lophostemon sp. small_Geissois benthamii small",0.153862497734667,NA,-0.143932153361002,0.459197754901645,0.603129908262647
"512",512,"Lophostemon sp. small","Lophostemon sp. small",0.19832373062107,3.80929639793338,1.44129555777645,2.69851787405665,3.12912248683877,5.35038614707295,7.64601487438654,"Bruxner","small","small","small_small","Lophostemon sp","Lophostemon sp","within","within_species_small_small","Lophostemon sp. small_Lophostemon sp. small",0.114268225603114,NA,-0.0302412156513894,0.417681997867412,0.447923213518801
"513",513,"Eucalyptus grandis large","Allocasuarina torulosa small",0.220513063361357,4.94891825567038,1.82863993825147,2.95557996535648,4.57552858001807,5.4901953430414,13.9850363798779,"Bruxner","large","small","large_small","Eucalyptus grandis","Allocasuarina torulosa","between","between_species_large_small","Eucalyptus grandis large_Allocasuarina torulosa small",0.231607087668854,NA,-0.233261283370348,0.674621817419982,0.90788310079033
"514",514,"Archontophoenix cunninghamiana small","Archontophoenix cunninghamiana small",0.230027072518279,12.238104565904,2.69426125391581,7.81368121806855,10.9934381144457,15.7045207198301,29.9432452383764,"Bruxner","small","small","small_small","Archontophoenix cunninghamiana","Archontophoenix cunninghamiana","within","within_species_small_small","Archontophoenix cunninghamiana small_Archontophoenix cunninghamiana small",0.0720793379533801,1,0.0930234729328554,0.375569285769088,0.282545812836232
"515",515,"Ceratopetalum apetalum small","Eucalyptus grandis large",0.230821493431563,6.91973963512331,1.08779898604044,3.25916293549721,5.02008037556017,8.200783675025,28.8498272965079,"Bruxner","small","large","large_small","Ceratopetalum apetalum","Eucalyptus grandis","between","between_species_large_small","Ceratopetalum apetalum small_Eucalyptus grandis large",0.139503773677457,NA,-0.0456434874678167,0.50120125676267,0.546844744230486
"516",516,"Lophostemon sp. small","Syncarpia glomulifera subsp glabra small",0.232016319528853,7.77481735818816,1.46154300815424,2.26534708295074,3.23192449183014,4.9316739054191,59.0232760322275,"Bruxner","small","small","small_small","Lophostemon sp","Syncarpia glomulifera","between","between_species_small_small","Lophostemon sp. small_Syncarpia glomulifera subsp glabra small",0.174622695175735,NA,-0.108076562051604,0.576431824803909,0.684508386855513
"517",517,"Ceratopetalum apetalum small","Ceratopetalum apetalum small",0.255728391645224,0.876094318873422,0.189197059569834,0.522543689483816,0.826164473515323,1.17037229403982,1.83147646192228,"Bruxner","small","small","small_small","Ceratopetalum apetalum","Ceratopetalum apetalum","within","within_species_small_small","Ceratopetalum apetalum small_Ceratopetalum apetalum small",0.0928405674379794,1,0.0691135215034445,0.433041858468848,0.363928336965403
"518",518,"Caldcluvia paniculosa small","Caldcluvia paniculosa small",0.330171607223583,7.47741467968855,1.09722244204297,3.28127156676972,5.27832594943746,12.2081693386819,16.0035538521354,"Bruxner","small","small","small_small","Caldcluvia paniculosa","Caldcluvia paniculosa","within","within_species_small_small","Caldcluvia paniculosa small_Caldcluvia paniculosa small",0.0914944977925312,1,0.146017476742487,0.504669317656368,0.358651840913881
"519",519,"Eucalyptus grandis small","Eucalyptus grandis large",0.373551378195684,19.5028373031017,1.26310770600139,7.92265441182536,14.0356779838858,22.7094967877672,99.7831152474573,"Bruxner","small","large","large_small","Eucalyptus grandis","Eucalyptus grandis","within","within_species_large_small","Eucalyptus grandis small_Eucalyptus grandis large",0.163314993507275,1,0.0515595119795753,0.691742522798877,0.640183010819302
"520",520,"Allocasuarina torulosa small","Schizomeria ovata small",0.439467623144765,9.56150047877301,1.24981120757492,1.58316714320196,2.93069616011552,10.3700708892762,71.4487831088833,"Bruxner","small","small","small_small","Allocasuarina torulosa","Schizomeria ovata","between","between_species_small_small","Allocasuarina torulosa small_Schizomeria ovata small",0.302572575463081,NA,-0.151413935398537,1.0346487658358,1.18606270123433
"521",521,"Eucalyptus grandis large","Syncarpia glomulifera subsp glabra small",0.441408717450174,43.0909923350336,6.0342272387865,19.0429503692661,27.9495230516784,44.4660515220517,168.52598326319,"Bruxner","large","small","large_small","Eucalyptus grandis","Syncarpia glomulifera","between","between_species_large_small","Eucalyptus grandis large_Syncarpia glomulifera subsp glabra small",0.326321176988835,NA,-0.199936582638124,1.07921892594355,1.27915550858167
"522",522,"Geissois benthamii small","Schizomeria ovata small",0.537940105195979,38.7495843489443,1.06368322096893,1.17210301844729,8.41689705605607,24.5724256201559,246.135715176404,"Bruxner","small","small","small_small","Geissois benthamii","Schizomeria ovata","between","between_species_small_small","Geissois benthamii small_Schizomeria ovata small",0.355564503495176,NA,-0.147690692524554,1.24609654953827,1.39378724206282
"523",523,"Eucalyptus grandis large","Eucalyptus grandis large",-0.907152274397123,0.0655150928531955,0.00681001162545816,0.0123830612189305,0.026145342604214,0.0593248436109897,0.371029076410914,"Osullivans","large","large","large_large","Eucalyptus grandis","Eucalyptus grandis","within","within_species_large_large","Eucalyptus grandis large_Eucalyptus grandis large",0.352690174076302,1,-1.59692414874006,-0.214404070958634,1.38252007778143
"524",524,"Syncarpia glomulifera subsp glomulifera large","Syncarpia glomulifera subsp glomulifera large",-0.515145624188593,0.308155334259017,0.0672025049493642,0.15396017905425,0.201070655150909,0.508066999830716,0.77178336300488,"Osullivans","large","large","large_large","Syncarpia glomulifera","Syncarpia glomulifera","within","within_species_large_large","Syncarpia glomulifera subsp glomulifera large_Syncarpia glomulifera subsp glomulifera large",0.567670879231424,NA,-1.61768759932511,0.60754135740645,2.22522895673156
"525",525,"Allocasuarina torulosa small","Syncarpia glomulifera subsp glomulifera large",-0.340828380378049,0.688491762165086,0.0909786370356386,0.585500820650837,0.727540323422427,0.908300597953899,0.961462866782303,"Osullivans","small","large","large_small","Allocasuarina torulosa","Syncarpia glomulifera","between","between_species_large_small","Allocasuarina torulosa small_Syncarpia glomulifera subsp glomulifera large",0.272981024820733,NA,-0.875553768183566,0.194512186039378,1.07006595422294
"526",526,"Cryptocarya glaucescens small","Cryptocarya glaucescens small",-0.271131969234294,0.134452871030616,0.025697961851751,0.0415476808752557,0.0710796201890127,0.122068642596416,0.611146950873941,"Osullivans","small","small","small_small","Cryptocarya glaucescens","Cryptocarya glaucescens","within","within_species_small_small","Cryptocarya glaucescens small_Cryptocarya glaucescens small",0.358822343518821,NA,-0.966453872851047,0.440103867439251,1.4065577402903
"527",527,"Cryptocarya microneura large","Syncarpia glomulifera subsp glomulifera large",-0.244292356141129,0.573070036995547,0.0898357409680668,0.273246753787118,0.602322806698531,0.874715057423377,0.906669910891745,"Osullivans","large","large","large_large","Cryptocarya microneura","Syncarpia glomulifera","between","between_species_large_large","Cryptocarya microneura large_Syncarpia glomulifera subsp glomulifera large",0.235841901866264,NA,-0.702421193335589,0.222062074071025,0.924483267406614
"528",528,"Allocasuarina torulosa small","Cryptocarya glaucescens small",-0.229540322322233,0.774537314557467,0.159183558228682,0.768413544833409,0.827126505949985,0.911675084706506,0.971910428871662,"Osullivans","small","small","small_small","Allocasuarina torulosa","Cryptocarya glaucescens","between","between_species_small_small","Allocasuarina torulosa small_Cryptocarya glaucescens small",0.332832231635387,NA,-0.881066264141379,0.423612109657522,1.3046783737989
"529",529,"Eucalyptus grandis large","Syncarpia glomulifera subsp glomulifera small",-0.199642058322917,0.51091626981002,0.245294990681745,0.37317951731501,0.54014079369047,0.64008194384251,0.741500804350432,"Osullivans","large","small","large_small","Eucalyptus grandis","Syncarpia glomulifera","between","between_species_large_small","Eucalyptus grandis large_Syncarpia glomulifera subsp glomulifera small",0.0964521001099072,1,-0.389382565183159,-0.0112972802858195,0.37808528489734
"530",530,"Syncarpia glomulifera subsp glomulifera large","Cryptocarya microneura small",-0.188074487836174,0.670539441686803,0.330065072541308,0.609518278337314,0.670791720340851,0.785843655895254,0.884503451726556,"Osullivans","large","small","large_small","Syncarpia glomulifera","Cryptocarya microneura","between","between_species_large_small","Syncarpia glomulifera subsp glomulifera large_Cryptocarya microneura small",0.18281495231794,NA,-0.542899525382557,0.173721919374584,0.716621444757141
"531",531,"Allocasuarina torulosa small","Cryptocarya microneura small",-0.151091453675777,0.834950012221439,0.286098283083034,0.801409183908746,0.841437423673518,0.956746993197951,0.991857172481788,"Osullivans","small","small","small_small","Allocasuarina torulosa","Cryptocarya microneura","between","between_species_small_small","Allocasuarina torulosa small_Cryptocarya microneura small",0.118193921953181,NA,-0.382563289771953,0.0807483706675927,0.463311660439546
"532",532,"Syncarpia glomulifera subsp glomulifera large","Syncarpia glomulifera subsp glomulifera small",-0.141198845023417,0.760753962978977,0.509731175068286,0.703638933449332,0.805205104622046,0.843285011389403,0.916171512645969,"Osullivans","large","small","large_small","Syncarpia glomulifera","Syncarpia glomulifera","within","within_species_large_small","Syncarpia glomulifera subsp glomulifera large_Syncarpia glomulifera subsp glomulifera small",0.125196714581458,NA,-0.383916792946749,0.106845310178047,0.490762103124796
"533",533,"Cryptocarya microneura large","Syncarpia glomulifera subsp glomulifera small",-0.109849192096219,0.819987512128398,0.385517887302193,0.750009494262981,0.855574869305834,0.923962224210117,0.969750513193641,"Osullivans","large","small","large_small","Cryptocarya microneura","Syncarpia glomulifera","between","between_species_large_small","Cryptocarya microneura large_Syncarpia glomulifera subsp glomulifera small",0.0863035475680298,NA,-0.277761147358176,0.0605425425845798,0.338303689942756
"534",534,"Cryptocarya microneura large","Eucalyptus grandis large",-0.102037718138159,0.763197421898336,0.495891739691277,0.684261726633129,0.76082947252298,0.873190102420273,0.964961822413949,"Osullivans","large","large","large_large","Cryptocarya microneura","Eucalyptus grandis","between","between_species_large_large","Cryptocarya microneura large_Eucalyptus grandis large",0.145847887837229,NA,-0.384639023494389,0.187074191270022,0.571713214764412
"535",535,"Eucalyptus grandis large","Cryptocarya microneura small",-0.0838710202754603,0.705142850482417,0.550346472883116,0.651051008206984,0.697318363010162,0.778137898613941,0.874197584547887,"Osullivans","large","small","large_small","Eucalyptus grandis","Cryptocarya microneura","between","between_species_large_small","Eucalyptus grandis large_Cryptocarya microneura small",0.14741535856692,NA,-0.366199144143336,0.211658442975106,0.577857587118442
"536",536,"Allocasuarina torulosa small","Eucalyptus grandis large",-0.0685490240257825,0.904024468610869,0.635285293420947,0.884852499830504,0.938831942122281,0.968679344897009,0.994932464945702,"Osullivans","small","large","large_small","Allocasuarina torulosa","Eucalyptus grandis","between","between_species_large_small","Allocasuarina torulosa small_Eucalyptus grandis large",0.152526549926873,NA,-0.372508776910948,0.225384312174693,0.597893089085641
"537",537,"Allocasuarina torulosa small","Syncarpia glomulifera subsp glomulifera small",-0.0243818581986273,0.957665887491078,0.826133703036213,0.952117888439498,0.969339452329428,0.985307268257869,0.998149450803908,"Osullivans","small","small","small_small","Allocasuarina torulosa","Syncarpia glomulifera","between","between_species_small_small","Allocasuarina torulosa small_Syncarpia glomulifera subsp glomulifera small",0.0663231086897019,NA,-0.153038487408026,0.106943321341076,0.259981808749102
"538",538,"Cryptocarya microneura large","Eucalyptus grandis small",-0.014210499855616,0.965080254951643,0.893146384984603,0.953065605158183,0.973608572431395,0.986788890494186,0.997335208418232,"Osullivans","large","small","large_small","Cryptocarya microneura","Eucalyptus grandis","between","between_species_large_small","Cryptocarya microneura large_Eucalyptus grandis small",0.0728703803203801,NA,-0.15727447587104,0.128372166064322,0.285646641935363
"539",539,"Allocasuarina torulosa small","Eucalyptus grandis small",-0.0139440064356198,0.983852516299008,0.896946654060058,0.981048271545774,0.991891131271909,0.996129072618133,0.998938621354738,"Osullivans","small","small","small_small","Allocasuarina torulosa","Eucalyptus grandis","between","between_species_small_small","Allocasuarina torulosa small_Eucalyptus grandis small",0.0908539400342105,NA,-0.192626164511967,0.163514736129261,0.356140900641229
"540",540,"Allocasuarina torulosa small","Cryptocarya microneura large",-0.00588429088600473,0.989940407841115,0.949765880312456,0.987956641868954,0.993895595235132,0.996548537832905,0.999331716263785,"Osullivans","small","large","large_small","Allocasuarina torulosa","Cryptocarya microneura","between","between_species_large_small","Allocasuarina torulosa small_Cryptocarya microneura large",0.147123390498595,NA,-0.291320475188028,0.28539261813331,0.576713093321338
"541",541,"Eucalyptus grandis large","Eucalyptus grandis small",-0.00229203200947509,0.99091395281142,0.985516849826127,0.988839795036202,0.99102320940269,0.992768734616522,0.996670426843793,"Osullivans","large","small","large_small","Eucalyptus grandis","Eucalyptus grandis","within","within_species_large_small","Eucalyptus grandis large_Eucalyptus grandis small",0.11256054363965,NA,-0.223885353860967,0.217343869366958,0.441229223227925
"542",542,"Eucalyptus grandis small","Cryptocarya microneura small",0.0080903492767007,1.04576264827043,1.00828699585091,1.03078162900788,1.0446872623085,1.05836226699823,1.09350259994211,"Osullivans","small","small","small_small","Eucalyptus grandis","Cryptocarya microneura","between","between_species_small_small","Eucalyptus grandis small_Cryptocarya microneura small",0.0632739855613734,NA,-0.117566533540467,0.130462932176731,0.248029465717198
"543",543,"Syncarpia glomulifera subsp glomulifera small","Cryptocarya microneura small",0.0159244351801927,1.08615814314019,1.02066529305146,1.04652477183203,1.06856303060899,1.12995788077347,1.17909963913443,"Osullivans","small","small","small_small","Syncarpia glomulifera","Cryptocarya microneura","between","between_species_small_small","Syncarpia glomulifera subsp glomulifera small_Cryptocarya microneura small",0.0705402062710722,NA,-0.120083470020801,0.156429057485855,0.276512527506656
"544",544,"Syncarpia glomulifera subsp glomulifera small","Cryptocarya glaucescens small",0.0188258588975451,1.12739228418969,1.03727777386326,1.07399080555363,1.12357703733296,1.18592478218235,1.26688529112828,"Osullivans","small","small","small_small","Syncarpia glomulifera","Cryptocarya glaucescens","between","between_species_small_small","Syncarpia glomulifera subsp glomulifera small_Cryptocarya glaucescens small",0.123461075289164,NA,-0.222952801119322,0.261005720999378,0.4839585221187
"545",545,"Eucalyptus grandis small","Syncarpia glomulifera subsp glomulifera small",0.0564919213517559,1.33734726401698,1.0316139811476,1.17661004679479,1.27040526762386,1.47020187272351,1.87141669568421,"Osullivans","small","small","small_small","Eucalyptus grandis","Syncarpia glomulifera","between","between_species_small_small","Eucalyptus grandis small_Syncarpia glomulifera subsp glomulifera small",0.0530658683033151,NA,-0.0466266154443052,0.161387765921381,0.208014381365686
"546",546,"Cryptocarya microneura small","Cryptocarya microneura large",0.0638081976200759,1.50143749286423,1.15460361936585,1.3212166943323,1.53160698622166,1.63043165572842,1.90598242584143,"Osullivans","small","large","large_small","Cryptocarya microneura","Cryptocarya microneura","within","within_species_large_small","Cryptocarya microneura small_Cryptocarya microneura large",0.101855826569258,NA,-0.134537918854375,0.264729584528232,0.399267503382607
"547",547,"Eucalyptus grandis small","Syncarpia glomulifera subsp glomulifera large",0.0707639505770816,1.76751539571558,1.12146613157392,1.42654447246451,1.74612520881776,1.96684687006614,2.77490018018611,"Osullivans","small","large","large_small","Eucalyptus grandis","Syncarpia glomulifera","between","between_species_large_small","Eucalyptus grandis small_Syncarpia glomulifera subsp glomulifera large",0.145635267692297,NA,-0.215181002157626,0.355698756953877,0.570879759111503
"548",548,"Eucalyptus grandis small","Cryptocarya glaucescens small",0.0774717870036177,1.98109806043295,1.09654457123188,1.63215517456325,1.8829670922334,2.36629736059386,2.90293508099851,"Osullivans","small","small","small_small","Eucalyptus grandis","Cryptocarya glaucescens","between","between_species_small_small","Eucalyptus grandis small_Cryptocarya glaucescens small",0.109633801772257,NA,-0.135531373532063,0.294225232391591,0.429756605923654
"549",549,"Cryptocarya microneura small","Cryptocarya microneura small",0.088953142067937,1.99363057052088,1.15455211249287,1.71481582461313,2.05083636005316,2.2415919458563,2.72086244277104,"Osullivans","small","small","small_small","Cryptocarya microneura","Cryptocarya microneura","within","within_species_small_small","Cryptocarya microneura small_Cryptocarya microneura small",0.117354530345337,NA,-0.14125494700836,0.318766358790588,0.460021305798948
"550",550,"Cryptocarya microneura small","Cryptocarya glaucescens small",0.0984359307202528,1.93281842117664,1.40094735943422,1.68005023527671,1.86914325869373,2.02213998297068,2.76742560957512,"Osullivans","small","small","small_small","Cryptocarya microneura","Cryptocarya glaucescens","between","between_species_small_small","Cryptocarya microneura small_Cryptocarya glaucescens small",0.17431842713476,NA,-0.243086905296352,0.440228772755248,0.6833156780516
"551",551,"Syncarpia glomulifera subsp glomulifera large","Cryptocarya glaucescens small",0.116969417346916,1.49020621979911,1.12507682949167,1.3578002388987,1.47681578685057,1.62011106255288,1.8607789731473,"Osullivans","large","small","large_small","Syncarpia glomulifera","Cryptocarya glaucescens","between","between_species_large_small","Syncarpia glomulifera subsp glomulifera large_Cryptocarya glaucescens small",0.337968099488742,NA,-0.553908607760907,0.77090199808186,1.32481060584277
"552",552,"Cryptocarya microneura large","Cryptocarya microneura large",0.122714196001508,2.0594710337748,1.18674128261506,1.6912108890292,2.09664749868059,2.48357793804939,2.77517939897042,"Osullivans","large","large","large_large","Cryptocarya microneura","Cryptocarya microneura","within","within_species_large_large","Cryptocarya microneura large_Cryptocarya microneura large",0.181306383561335,NA,-0.231818448941176,0.478889514953669,0.710707963894845
"553",553,"Syncarpia glomulifera subsp glomulifera small","Syncarpia glomulifera subsp glomulifera small",0.127508867079759,3.5211616655029,1.32425235412216,2.71445013312622,3.52744360123216,4.24997733790753,5.46169304305821,"Osullivans","small","small","small_small","Syncarpia glomulifera","Syncarpia glomulifera","within","within_species_small_small","Syncarpia glomulifera subsp glomulifera small_Syncarpia glomulifera subsp glomulifera small",0.112840909320475,NA,-0.0846762729259476,0.357651963575816,0.442328236501764
"554",554,"Allocasuarina torulosa small","Allocasuarina torulosa small",0.131554793974086,2.91338139452708,1.20008311908362,2.00057356649908,2.94968703593399,3.77869615273905,4.70637871587201,"Osullivans","small","small","small_small","Allocasuarina torulosa","Allocasuarina torulosa","within","within_species_small_small","Allocasuarina torulosa small_Allocasuarina torulosa small",0.168309397483615,NA,-0.200082327357215,0.459678387297827,0.659760714655042
"555",555,"Eucalyptus grandis large","Syncarpia glomulifera subsp glomulifera large",0.136887255934748,2.30044318173112,1.33795236936757,1.89819512701925,2.21130924468959,2.61621280953499,3.66009753308894,"Osullivans","large","large","large_large","Eucalyptus grandis","Syncarpia glomulifera","between","between_species_large_large","Eucalyptus grandis large_Syncarpia glomulifera subsp glomulifera large",0.293325844994166,NA,-0.433019627749244,0.716796556097442,1.14981618384669
"556",556,"Cryptocarya microneura large","Cryptocarya glaucescens small",0.220512443213021,3.03303447968683,1.20275776379375,1.50752041149331,2.01803459176342,2.84463566055472,8.03476939140698,"Osullivans","large","small","large_small","Cryptocarya microneura","Cryptocarya glaucescens","between","between_species_large_small","Cryptocarya microneura large_Cryptocarya glaucescens small",0.199874623479595,NA,-0.173922437855947,0.609571689031072,0.783494126887019
"557",557,"Eucalyptus grandis small","Eucalyptus grandis small",0.279590358152083,3.34444097893047,1.22725237081587,2.58004279656512,3.30731783601072,4.15453500835768,5.97325081539656,"Osullivans","small","small","small_small","Eucalyptus grandis","Eucalyptus grandis","within","within_species_small_small","Eucalyptus grandis small_Eucalyptus grandis small",0.0855459344796341,1,0.11353801706611,0.448871918273922,0.335333901207812
"558",558,"Eucalyptus grandis large","Cryptocarya glaucescens small",0.454463652607528,21.3653978468494,3.25530477432405,10.8727729952121,17.027427175678,28.3300792698749,50.9695984592699,"Osullivans","large","small","large_small","Eucalyptus grandis","Cryptocarya glaucescens","between","between_species_large_small","Eucalyptus grandis large_Cryptocarya glaucescens small",0.274400205039129,NA,-0.0926651468322806,0.982963891621917,1.0756290384542
"559",559,"Eucalyptus grandis large","Eucalyptus grandis large",-0.627487648062615,0.314140433781784,0.0627276084046531,0.148182997314316,0.257490020665771,0.440303833344461,1.15152398022826,"Herberton","large","large","large_large","Eucalyptus grandis","Eucalyptus grandis","within","within_species_large_large","Eucalyptus grandis large_Eucalyptus grandis large",0.339488902818308,NA,-1.29840178454266,0.0323702608071412,1.3307720453498
"560",560,"Corymbia intermedia large","Eucalyptus grandis large",-0.398630218486253,0.450673153016474,0.0482822663938649,0.217828385427128,0.372081238823027,0.655821774872243,0.876848973039306,"Herberton","large","large","large_large","Corymbia intermedia","Eucalyptus grandis","between","between_species_large_large","Corymbia intermedia large_Eucalyptus grandis large",0.199863216615042,1,-0.803289230397532,-0.0198398175979149,0.783449412799617
"561",561,"Eucalyptus grandis small","Corymbia intermedia small",-0.231898309309993,0.648374230768454,0.0931923822272824,0.485074540862191,0.670673366194128,0.849522304957491,0.961734055534288,"Herberton","small","small","small_small","Eucalyptus grandis","Corymbia intermedia","between","between_species_small_small","Eucalyptus grandis small_Corymbia intermedia small",0.0667710282096366,1,-0.362527729505772,-0.10079010850258,0.261737621003191
"562",562,"Eucalyptus grandis large","Corymbia intermedia small",-0.175958008469417,0.717657526795721,0.460607316843599,0.624668411541061,0.728136663336544,0.815712558649425,0.933364340774316,"Herberton","large","small","large_small","Eucalyptus grandis","Corymbia intermedia","between","between_species_large_small","Eucalyptus grandis large_Corymbia intermedia small",0.10289401999345,NA,-0.3844462614868,0.0188908853366107,0.403337146823411
"563",563,"Eucalyptus grandis large","Eucalyptus grandis small",-0.134607870713088,0.660062579371211,0.459932323989275,0.613389883165852,0.658588602633431,0.713428882511989,0.822564504011078,"Herberton","large","small","large_small","Eucalyptus grandis","Eucalyptus grandis","within","within_species_large_small","Eucalyptus grandis large_Eucalyptus grandis small",0.125860851579497,NA,-0.398515293320596,0.0948501789981159,0.493365472318712
"564",564,"Corymbia intermedia large","Eucalyptus grandis small",-0.0356966238918192,0.928373105595212,0.797535792003358,0.898294419561877,0.941290165862853,0.980024134010896,0.990929097829882,"Herberton","large","small","large_small","Corymbia intermedia","Eucalyptus grandis","between","between_species_large_small","Corymbia intermedia large_Eucalyptus grandis small",0.0974697385130611,NA,-0.227005365645859,0.155068988490414,0.382074354136273
"565",565,"Corymbia intermedia large","Corymbia intermedia large",-0.012781435475574,1.1075154945114,1.00854370013949,1.05158302672927,1.11356361599319,1.1617041372657,1.20132376563765,"Herberton","large","large","large_large","Corymbia intermedia","Corymbia intermedia","within","within_species_large_large","Corymbia intermedia large_Corymbia intermedia large",0.190559518858475,NA,-0.389649067282972,0.357330520464812,0.746979587747784
"566",566,"Eucalyptus grandis small","Eucalyptus grandis small",-0.00973811618207539,1.89810755494852,1.28732567042038,1.60226045774141,1.92195821564516,2.11923145767771,2.75897965019442,"Herberton","small","small","small_small","Eucalyptus grandis","Eucalyptus grandis","within","within_species_small_small","Eucalyptus grandis small_Eucalyptus grandis small",0.138821502466791,NA,-0.271539811917153,0.272630478312142,0.544170290229295
"567",567,"Corymbia intermedia large","Corymbia intermedia small",-0.00184525177110051,0.994380636638743,0.989593327277663,0.992792150268501,0.994761471899352,0.996207231940686,0.99853662801974,"Herberton","large","small","large_small","Corymbia intermedia","Corymbia intermedia","within","within_species_large_small","Corymbia intermedia large_Corymbia intermedia small",0.0801467238521336,NA,-0.159551939148409,0.15461744530971,0.314169384458118
"568",568,"Corymbia intermedia small","Corymbia intermedia small",0.0260324492465513,1.50739323849374,1.14682504829388,1.26498714890081,1.43229376664647,1.73409422672322,2.12884135441282,"Herberton","small","small","small_small","Corymbia intermedia","Corymbia intermedia","within","within_species_small_small","Corymbia intermedia small_Corymbia intermedia small",0.124206767855474,NA,-0.220879546462623,0.266002036803089,0.486881583265712
"569",569,"Acacia melanoxylon small","Corymbia intermedia large",0.0956780329272343,1.67240326051738,1.13992815828333,1.35653126967277,1.67362468662132,1.97802240251998,2.32678114614486,"Herberton","small","large","large_small","Acacia melanoxylon","Corymbia intermedia","between","between_species_large_small","Acacia melanoxylon small_Corymbia intermedia large",0.0976033383166552,NA,-0.0961772960215175,0.286420759721527,0.382598055743045
"570",570,"Eucalyptus grandis small","Acacia melanoxylon small",0.100192831140835,1.54469181076109,1.04086467694026,1.22450024399994,1.27708151653927,1.7524858209226,2.87162414137651,"Herberton","small","small","small_small","Eucalyptus grandis","Acacia melanoxylon","between","between_species_small_small","Eucalyptus grandis small_Acacia melanoxylon small",0.0809920787873944,NA,-0.0616350924657291,0.255848022446918,0.317483114912647
"571",571,"Corymbia intermedia small","Acacia melanoxylon small",0.121219145099956,2.99105584081128,1.39582046444451,1.84904528531912,2.56020937108726,4.360807042033,5.87640118823537,"Herberton","small","small","small_small","Corymbia intermedia","Acacia melanoxylon","between","between_species_small_small","Corymbia intermedia small_Acacia melanoxylon small",0.0783225285815909,NA,-0.0316384399172031,0.275380230478851,0.307018670396054
"572",572,"Acacia melanoxylon small","Eucalyptus grandis large",0.162423352855921,2.11964893218559,1.05732755422654,1.25365138611748,1.81076240594005,2.67438489655173,4.79165143845077,"Herberton","small","large","large_small","Acacia melanoxylon","Eucalyptus grandis","between","between_species_large_small","Acacia melanoxylon small_Eucalyptus grandis large",0.174752010214446,NA,-0.177574767023507,0.507440525469074,0.685015292492581
"573",573,"Acacia melanoxylon small","Acacia melanoxylon small",0.383225277576206,2.76029064657758,0.965315554616139,1.91241300531556,2.26728329609329,3.32252520654283,7.26202045664535,"Herberton","small","small","small_small","Acacia melanoxylon","Acacia melanoxylon","within","within_species_small_small","Acacia melanoxylon small_Acacia melanoxylon small",0.102790993029573,1,0.180788336787902,0.583721625334043,0.40293328854614
"574",574,"Eucalyptus grandis large","Allocasuarina torulosa large",-0.0836127156852506,0.739400752992619,0.564222688467841,0.68571815374246,0.744168430191287,0.803841362587565,0.889554604397073,"Lamb Range","large","large","large_large","Eucalyptus grandis","Allocasuarina torulosa","between","between_species_large_large","Eucalyptus grandis large_Allocasuarina torulosa large",0.091786204830269,NA,-0.264561064929669,0.0952342465602186,0.359795311489887
"575",575,"Eucalyptus grandis small","Allocasuarina torulosa large",-0.070356860097818,0.745128757330539,0.533828008616657,0.680106111437925,0.742082725872237,0.820886259569217,0.906570024963216,"Lamb Range","small","large","large_small","Eucalyptus grandis","Allocasuarina torulosa","between","between_species_large_small","Eucalyptus grandis small_Allocasuarina torulosa large",0.0593521617917832,NA,-0.187428662048655,0.0452275369843235,0.232656199032979
"576",576,"Eucalyptus grandis small","Allocasuarina torulosa small",-0.0473619419990667,0.831705271516766,0.652483484013065,0.78930169217165,0.842751239854492,0.88003433390036,0.96066371028819,"Lamb Range","small","small","small_small","Eucalyptus grandis","Allocasuarina torulosa","between","between_species_small_small","Eucalyptus grandis small_Allocasuarina torulosa small",0.0488498986070494,NA,-0.142785134669213,0.048702949167287,0.1914880838365
"577",577,"Allocasuarina torulosa small","Eucalyptus grandis large",0.00367882320187838,1.02688654548025,1.00687956589867,1.01974489559806,1.02536704498094,1.03305153568021,1.04587591060891,"Lamb Range","small","large","large_small","Allocasuarina torulosa","Eucalyptus grandis","between","between_species_large_small","Allocasuarina torulosa small_Eucalyptus grandis large",0.0732679610590586,NA,-0.135230011131325,0.151975118661551,0.287205129792876
"578",578,"Allocasuarina torulosa large","Allocasuarina torulosa large",0.014566746032792,1.1026261738969,0.98367812861049,1.05790510641319,1.09373210436625,1.11566231380524,1.26919415249882,"Lamb Range","large","large","large_large","Allocasuarina torulosa","Allocasuarina torulosa","within","within_species_large_large","Allocasuarina torulosa large_Allocasuarina torulosa large",0.10982530527564,NA,-0.203121994809561,0.227385291053181,0.430507285862742
"579",579,"Eucalyptus grandis large","Eucalyptus grandis large",0.0147229745609378,1.24057600933373,1.0454728425567,1.16514560156538,1.22783909648943,1.30992739054744,1.43398568716757,"Lamb Range","large","large","large_large","Eucalyptus grandis","Eucalyptus grandis","within","within_species_large_large","Eucalyptus grandis large_Eucalyptus grandis large",0.165620311010982,NA,-0.315121522435561,0.334098166944136,0.649219689379696
"580",580,"Eucalyptus grandis small","Eucalyptus grandis large",0.0361294644834951,1.20653347039098,1.03169681524681,1.16216343523951,1.22032207750704,1.25848232986238,1.42607520931127,"Lamb Range","small","large","large_small","Eucalyptus grandis","Eucalyptus grandis","within","within_species_large_small","Eucalyptus grandis small_Eucalyptus grandis large",0.0648099467329049,NA,-0.0924792182727956,0.16157110460011,0.254050322872906
"581",581,"Allocasuarina torulosa small","Allocasuarina torulosa large",0.0746336234903267,1.67874309298016,1.12174440078605,1.43594169490107,1.62662424384421,1.90073081109206,2.2505668007047,"Lamb Range","small","large","large_small","Allocasuarina torulosa","Allocasuarina torulosa","within","within_species_large_small","Allocasuarina torulosa small_Allocasuarina torulosa large",0.0591960383045634,NA,-0.0409974313080599,0.191046774900736,0.232044206208795
"582",582,"Allocasuarina torulosa small","Allocasuarina torulosa small",0.17941263595506,2.56084325766256,1.11687287651781,2.33612596014521,2.58366320074152,2.86374333953014,3.57727382111847,"Lamb Range","small","small","small_small","Allocasuarina torulosa","Allocasuarina torulosa","within","within_species_small_small","Allocasuarina torulosa small_Allocasuarina torulosa small",0.0887519099933608,1,0.00182140463516745,0.349722498927423,0.347901094292255
"583",583,"Eucalyptus grandis small","Eucalyptus grandis small",0.360122823425987,17.5169767723458,2.27234355397642,8.20089258574551,15.4374412913376,26.2983724250426,41.2052555552043,"Lamb Range","small","small","small_small","Eucalyptus grandis","Eucalyptus grandis","within","within_species_small_small","Eucalyptus grandis small_Eucalyptus grandis small",0.0724411321791465,1,0.212665814094358,0.496629834235223,0.283964020140865
"584",584,"Eucalyptus grandis small","Eucalyptus grandis small",-0.150783943146051,0.399610966693294,0.175947942509565,0.24932140596803,0.349062059066268,0.535175350254674,0.903822834540667,"Baldy","small","small","small_small","Eucalyptus grandis","Eucalyptus grandis","within","within_species_small_small","Eucalyptus grandis small_Eucalyptus grandis small",0.26810658743216,NA,-0.686840089980441,0.364118420789505,1.05095851076995
"585",585,"Allocasuarina torulosa small","Eucalyptus grandis large",-0.118099954446636,0.758039041966768,0.294886523351853,0.493566573761642,0.873360937398071,0.960774756391067,0.979096348076154,"Baldy","small","large","large_small","Allocasuarina torulosa","Eucalyptus grandis","between","between_species_large_small","Allocasuarina torulosa small_Eucalyptus grandis large",0.126528301888547,NA,-0.364911683450703,0.131070146002425,0.495981829453128
"586",586,"Eucalyptus grandis large","Eucalyptus grandis small",-0.10386642874026,0.726871308958022,0.522341917946696,0.660644796570918,0.712267378660819,0.810144423480964,0.953519960523936,"Baldy","large","small","large_small","Eucalyptus grandis","Eucalyptus grandis","within","within_species_large_small","Eucalyptus grandis large_Eucalyptus grandis small",0.153116833643964,NA,-0.402995410906708,0.197211547831253,0.600206958737961
"587",587,"Eucalyptus grandis large","Eucalyptus grandis large",-0.072317108062955,0.780572040181188,0.695181322153799,0.735669829663532,0.76271421706632,0.825144182266064,0.923392168678601,"Baldy","large","large","large_large","Eucalyptus grandis","Eucalyptus grandis","within","within_species_large_large","Eucalyptus grandis large_Eucalyptus grandis large",0.199599323862504,NA,-0.464631677588987,0.317783294629122,0.782414972218109
"588",588,"Allocasuarina torulosa small","Corymbia intermedia small",0.139732008578303,2.00661864116536,1.07958632649672,1.18663136441687,2.152435396749,2.59361245523341,3.69231131080897,"Baldy","small","small","small_small","Allocasuarina torulosa","Corymbia intermedia","between","between_species_small_small","Allocasuarina torulosa small_Corymbia intermedia small",0.12601258572628,NA,-0.110500787850311,0.383459471394238,0.493960259244549
"589",589,"Eucalyptus grandis small","Allocasuarina torulosa small",0.150135850824099,2.08468458097796,1.3510327086669,1.85137909455752,2.09018268488262,2.34300225590681,2.7465551434722,"Baldy","small","small","small_small","Eucalyptus grandis","Allocasuarina torulosa","between","between_species_small_small","Eucalyptus grandis small_Allocasuarina torulosa small",0.15197424001866,NA,-0.144212616966233,0.451515457062606,0.59572807402884
"590",590,"Eucalyptus grandis small","Corymbia intermedia small",0.160811458534683,2.24288409597497,1.10709449793164,1.99319839221579,2.11830653819906,2.31540091227716,3.43939027457781,"Baldy","small","small","small_small","Eucalyptus grandis","Corymbia intermedia","between","between_species_small_small","Eucalyptus grandis small_Corymbia intermedia small",0.181006028509956,NA,-0.192167179268659,0.517363414459628,0.709530593728287
"591",591,"Corymbia intermedia small","Corymbia intermedia small",0.191071274449958,1.1824558736794,0.777620872384819,1.00148430755471,1.16424165215159,1.25363917747983,1.80494127915372,"Baldy","small","small","small_small","Corymbia intermedia","Corymbia intermedia","within","within_species_small_small","Corymbia intermedia small_Corymbia intermedia small",0.196017258273885,NA,-0.187140216995158,0.581233316135044,0.768373533130202
"592",592,"Corymbia intermedia small","Eucalyptus grandis large",0.202945050331594,2.35619559065251,1.05669118807708,1.15670031884604,1.67469648021573,3.16274127457276,6.51203494986628,"Baldy","small","large","large_small","Corymbia intermedia","Eucalyptus grandis","between","between_species_large_small","Corymbia intermedia small_Eucalyptus grandis large",0.162116641356474,NA,-0.116717622524266,0.518767934182306,0.635485556706572
"593",593,"Allocasuarina torulosa small","Allocasuarina torulosa small",0.252827086000093,2.09014387244591,0.984615117593093,1.6868809899321,1.94453247348194,2.59493846639136,3.00768162985091,"Baldy","small","small","small_small","Allocasuarina torulosa","Allocasuarina torulosa","within","within_species_small_small","Allocasuarina torulosa small_Allocasuarina torulosa small",0.134398259709738,NA,-0.0119350041026331,0.514896493129262,0.526831497231895
"594",594,"Eucalyptus grandis large","Eucalyptus grandis large",-1.12000247592503,0.0555441236451646,0.00491297393368554,0.018945930603175,0.0402367559574945,0.0858924744817904,0.198960052108318,"Koombooloomba","large","large","large_large","Eucalyptus grandis","Eucalyptus grandis","within","within_species_large_large","Eucalyptus grandis large_Eucalyptus grandis large",0.786429237864388,NA,-2.67770777631066,0.405038188896306,3.08274596520697
"595",595,"Eucalyptus grandis large","Eucalyptus grandis small",-0.204064152695135,0.584789682933487,0.338985594493142,0.497327970975345,0.62185653448682,0.676714674384628,0.839899368872639,"Koombooloomba","large","small","large_small","Eucalyptus grandis","Eucalyptus grandis","within","within_species_large_small","Eucalyptus grandis large_Eucalyptus grandis small",0.148574652065237,NA,-0.495136166502803,0.087265767624064,0.582401934126867
"596",596,"Eucalyptus grandis large","Acacia melanoxylon small",-0.188284446924115,0.674181422408736,0.389649714407015,0.576810322846561,0.661917162168352,0.763613415900073,0.933540741662973,"Koombooloomba","large","small","large_small","Eucalyptus grandis","Acacia melanoxylon","between","between_species_large_small","Eucalyptus grandis large_Acacia melanoxylon small",0.110910816762402,NA,-0.409104232592017,0.0256581801084414,0.434762412700459
"597",597,"Sloanea langii small","Eucalyptus grandis large",-0.166203570494142,0.610975377319605,0.286185720854856,0.453784106214215,0.55869152429253,0.762808353025398,0.956849292231757,"Koombooloomba","small","large","large_small","Sloanea langii","Eucalyptus grandis","between","between_species_large_small","Sloanea langii small_Eucalyptus grandis large",0.215333625378147,NA,-0.587982489232996,0.256109811570219,0.844092300803215
"598",598,"Syncarpia glomulifera small","Polyscias elegans small",-0.116441043242691,0.773650465221011,0.42450120885885,0.622324912440214,0.84686856082425,0.909336762125087,0.970695972961032,"Koombooloomba","small","small","small_small","Syncarpia glomulifera","Polyscias elegans","between","between_species_small_small","Syncarpia glomulifera small_Polyscias elegans small",0.136639378563753,NA,-0.385064507701068,0.150552014008713,0.535616521709781
"599",599,"Sloanea langii small","Acacia melanoxylon large",-0.104405485389424,0.761457258020254,0.476302173508809,0.690044275071827,0.790593905475225,0.859067007073977,0.978629039845243,"Koombooloomba","small","large","large_small","Sloanea langii","Acacia melanoxylon","between","between_species_large_small","Sloanea langii small_Acacia melanoxylon large",0.110668020813747,NA,-0.320737304860567,0.113073365209978,0.433810670070544
"600",600,"Syncarpia glomulifera small","Acacia melanoxylon large",-0.0767110439328801,0.885696039195206,0.59651330951238,0.798200371005746,0.953774491298486,0.97826053400717,0.991834357946773,"Koombooloomba","small","large","large_small","Syncarpia glomulifera","Acacia melanoxylon","between","between_species_large_small","Syncarpia glomulifera small_Acacia melanoxylon large",0.123235204348717,NA,-0.321386059769357,0.161687064532483,0.483073124301839
"601",601,"Eucalyptus grandis large","Acacia melanoxylon large",-0.0697349444318441,0.823225483166601,0.6736780524766,0.759527845820759,0.832336999655868,0.900630074786053,0.9428299122361,"Koombooloomba","large","large","large_large","Eucalyptus grandis","Acacia melanoxylon","between","between_species_large_large","Eucalyptus grandis large_Acacia melanoxylon large",0.187414073634182,NA,-0.435172270385388,0.299477398652479,0.734649669037868
"602",602,"Sloanea langii small","Eucalyptus grandis small",-0.0365549268849643,0.911578620707155,0.752537965213099,0.880148445147174,0.914350805725499,0.954722878744957,0.983437314321697,"Koombooloomba","small","small","small_small","Sloanea langii","Eucalyptus grandis","between","between_species_small_small","Sloanea langii small_Eucalyptus grandis small",0.099436216522473,NA,-0.234751932892269,0.155030873393679,0.389782806285947
"603",603,"Eucalyptus grandis small","Acacia melanoxylon small",-0.0103338740086558,0.973899472377824,0.913861387955474,0.959511292732138,0.98132555387559,0.990768481340773,0.99759191887537,"Koombooloomba","small","small","small_small","Eucalyptus grandis","Acacia melanoxylon","between","between_species_small_small","Eucalyptus grandis small_Acacia melanoxylon small",0.0318832268285163,NA,-0.0730589992980742,0.0519209532915521,0.124979952589626
"604",604,"Polyscias elegans small","Acacia melanoxylon small",-0.00591989159487862,0.986112358198051,0.944210259078604,0.981783002548363,0.987433833919692,0.993675497453601,0.998916136295508,"Koombooloomba","small","small","small_small","Polyscias elegans","Acacia melanoxylon","between","between_species_small_small","Polyscias elegans small_Acacia melanoxylon small",0.0592188522488442,NA,-0.121132822249881,0.111000812977186,0.232133635227067
"605",605,"Eucalyptus grandis small","Syncarpia glomulifera small",0.0172345592246049,1.06663687647671,1.00878327634586,1.01866048081848,1.07590455391422,1.08613335322488,1.20250727830598,"Koombooloomba","small","small","small_small","Eucalyptus grandis","Syncarpia glomulifera","between","between_species_small_small","Eucalyptus grandis small_Syncarpia glomulifera small",0.0974076078302054,NA,-0.17301086613988,0.208819940194929,0.381830806334809
"606",606,"Acacia melanoxylon small","Sloanea langii small",0.0196101493709826,1.27402798081754,1.08833814749503,1.24657492402029,1.26697674047019,1.3009978230805,1.39416150183887,"Koombooloomba","small","small","small_small","Acacia melanoxylon","Sloanea langii","between","between_species_small_small","Acacia melanoxylon small_Sloanea langii small",0.0697541498922174,NA,-0.117275172866451,0.156156070255458,0.273431243121909
"607",607,"Sloanea langii small","Syncarpia glomulifera small",0.0366731718065854,1.15579972958011,1.05314668918216,1.1195405035143,1.13010664238852,1.15023518574724,1.34991209798449,"Koombooloomba","small","small","small_small","Sloanea langii","Syncarpia glomulifera","between","between_species_small_small","Sloanea langii small_Syncarpia glomulifera small",0.105621453233652,NA,-0.174581987058489,0.239446501606991,0.414028488665481
"608",608,"Acacia melanoxylon small","Syncarpia glomulifera small",0.045305446437482,1.88384163979254,1.4495705341936,1.53332904379216,1.86700281742276,2.07371066469411,2.65077372407456,"Koombooloomba","small","small","small_small","Acacia melanoxylon","Syncarpia glomulifera","between","between_species_small_small","Acacia melanoxylon small_Syncarpia glomulifera small",0.0595803002534643,NA,-0.0699866259198754,0.16356385944987,0.233550485369745
"609",609,"Acacia melanoxylon small","Acacia melanoxylon large",0.0470295473058452,1.82783673601822,1.09354986951096,1.43458827918213,1.79311836637454,2.10406135776759,2.64392465892716,"Koombooloomba","small","large","large_small","Acacia melanoxylon","Acacia melanoxylon","within","within_species_large_small","Acacia melanoxylon small_Acacia melanoxylon large",0.0522499325087768,NA,-0.0561028500294623,0.14871312179424,0.204815971823702
"610",610,"Eucalyptus grandis small","Polyscias elegans small",0.0575873594253625,1.29002505972556,1.05652663751092,1.17672959669991,1.2774337046339,1.35469819064536,1.89130743464274,"Koombooloomba","small","small","small_small","Eucalyptus grandis","Polyscias elegans","between","between_species_small_small","Eucalyptus grandis small_Polyscias elegans small",0.091433048289482,NA,-0.119504625637676,0.238906337650517,0.358410963288193
"611",611,"Acacia melanoxylon large","Eucalyptus grandis small",0.0594525419017373,1.31246784527151,1.06543439181791,1.13836401536324,1.28673756084871,1.50308054086383,1.61581181359554,"Koombooloomba","large","small","large_small","Acacia melanoxylon","Eucalyptus grandis","between","between_species_large_small","Acacia melanoxylon large_Eucalyptus grandis small",0.0710007607935422,NA,-0.0776291050692064,0.200688762991366,0.278317868060572
"612",612,"Acacia melanoxylon large","Polyscias elegans small",0.100940882078332,1.57854382130522,1.12469935969986,1.28583612571306,1.57459524938706,1.87764552904177,2.30404669061998,"Koombooloomba","large","small","large_small","Acacia melanoxylon","Polyscias elegans","between","between_species_large_small","Acacia melanoxylon large_Polyscias elegans small",0.102118257435659,NA,-0.100852645224812,0.299443568250952,0.400296213475764
"613",613,"Polyscias elegans small","Sloanea langii small",0.17487968684911,3.23780327997576,1.17210730529602,1.4701052216423,2.02721106978407,4.06783125920471,8.79072853403597,"Koombooloomba","small","small","small_small","Polyscias elegans","Sloanea langii","between","between_species_small_small","Polyscias elegans small_Sloanea langii small",0.10313730482192,NA,-0.0288952019595006,0.375395603867484,0.404290805826985
"614",614,"Acacia melanoxylon large","Acacia melanoxylon large",0.23916241779783,2.41570100658665,0.934012688552953,1.94746661949537,2.23753235850281,2.69301046942958,4.67851980025983,"Koombooloomba","large","large","large_large","Acacia melanoxylon","Acacia melanoxylon","within","within_species_large_large","Acacia melanoxylon large_Acacia melanoxylon large",0.131410586587138,NA,-0.0210088164273806,0.494111217368765,0.515120033796146
"615",615,"Polyscias elegans small","Polyscias elegans small",0.29970130396521,1.11994339144866,0.570626160141348,0.905606999657631,1.17361301531198,1.40281788519694,1.62704293494261,"Koombooloomba","small","small","small_small","Polyscias elegans","Polyscias elegans","within","within_species_small_small","Polyscias elegans small_Polyscias elegans small",0.122310880718915,1,0.065758307822603,0.545208150075498,0.479449842252895
"616",616,"Sloanea langii small","Sloanea langii small",0.304987753847703,7.56384489326093,1.22337619036368,3.17256071012758,8.08735990158239,10.3703721525115,17.867121415194,"Koombooloomba","small","small","small_small","Sloanea langii","Sloanea langii","within","within_species_small_small","Sloanea langii small_Sloanea langii small",0.104524382992222,1,0.106263178776376,0.515991231118428,0.409728052342052
"617",617,"Eucalyptus grandis small","Eucalyptus grandis small",0.347790622897701,11.2726683346697,1.2205869612033,4.05330020087828,7.79436977900584,16.4647654717319,30.3307028797839,"Koombooloomba","small","small","small_small","Eucalyptus grandis","Eucalyptus grandis","within","within_species_small_small","Eucalyptus grandis small_Eucalyptus grandis small",0.0773692802946095,1,0.181340263405114,0.484622269179552,0.303282005774438
"618",618,"Acacia melanoxylon small","Acacia melanoxylon small",0.354054984128828,18.2919808309879,2.77202574447712,9.48829429283745,15.7430701503362,24.9737576403337,46.8333620581131,"Koombooloomba","small","small","small_small","Acacia melanoxylon","Acacia melanoxylon","within","within_species_small_small","Acacia melanoxylon small_Acacia melanoxylon small",0.0546838832234767,1,0.243463290301467,0.457820173607084,0.214356883305617
"619",619,"Syncarpia glomulifera small","Syncarpia glomulifera small",0.362940644317523,6.2001272776005,0.940783538719772,2.91975706751878,5.93301438617524,7.923747541455,11.8781375351917,"Koombooloomba","small","small","small_small","Syncarpia glomulifera","Syncarpia glomulifera","within","within_species_small_small","Syncarpia glomulifera small_Syncarpia glomulifera small",0.147677377874663,1,0.0677298293461408,0.646614513277443,0.578884683931302
"620",620,"Eucalyptus grandis large","Syncarpia glomulifera small",0.438587963656295,11.222938538432,2.89978416713312,6.79112862022008,11.6051370116898,12.5951999910549,23.8486610852904,"Koombooloomba","large","small","large_small","Eucalyptus grandis","Syncarpia glomulifera","between","between_species_large_small","Eucalyptus grandis large_Syncarpia glomulifera small",0.346911938798216,NA,-0.234396354124781,1.12547345757815,1.35986981170293
"621",621,"Polyscias elegans small","Eucalyptus grandis large",0.493193807456353,19.4583799241837,1.42896643395667,1.86236955313121,4.36328867975281,16.0914420435743,150.597767329681,"Koombooloomba","small","large","large_small","Polyscias elegans","Eucalyptus grandis","between","between_species_large_small","Polyscias elegans small_Eucalyptus grandis large",0.304403000028559,NA,-0.10256232762183,1.09067550606201,1.19323783368384
"622",622,"Eucalyptus ovata large","Eucalyptus ovata large",-1.43110410226765,0.0361743410011359,0.00140698115495985,0.00350299818603569,0.00959902064642608,0.0401445790477304,0.246640313559918,"BlackRiver","large","large","large_large","Eucalyptus ovata","Eucalyptus ovata","within","within_species_large_large","Eucalyptus ovata large_Eucalyptus ovata large",1.07335381004031,NA,-3.53600235348867,0.671467267207027,4.20746962069569
"623",623,"Zieria arborescens small","Zieria arborescens small",-1.19112926456377,0.0276343836206582,0.00097700805370267,0.00439341916256352,0.0220187407516941,0.0364295163619378,0.109465948460938,"BlackRiver","small","small","small_small","Zieria arborescens","Zieria arborescens","within","within_species_small_small","Zieria arborescens small_Zieria arborescens small",0.586269972337339,1,-2.33993235982825,-0.0417962978312936,2.29813606199696
"624",624,"Monotoca glauca large","Monotoca glauca large",-1.08009590779746,0.0925642948736658,0.00610544324667026,0.0282093249548795,0.0415442207988564,0.0919560505958192,0.696266035678067,"BlackRiver","large","large","large_large","Monotoca glauca","Monotoca glauca","within","within_species_large_large","Monotoca glauca large_Monotoca glauca large",1.13983860560554,NA,-3.30931110524476,1.15877412510569,4.46808523035044
"625",625,"Eucalyptus obliqua large","Eucalyptus obliqua large",-0.988645355354047,0.0212526969944335,0.00013702511110156,0.00074487430721249,0.00269944460382759,0.0105411510304274,0.394066519300215,"BlackRiver","large","large","large_large","Eucalyptus obliqua","Eucalyptus obliqua","within","within_species_large_large","Eucalyptus obliqua large_Eucalyptus obliqua large",0.384256266893815,1,-1.73623457844863,-0.229977690557255,1.50625688789138
"626",626,"Zieria arborescens small","Nematolepis squamea subsp squamea large",-0.724498342162586,0.472253412833546,0.0568143591459534,0.296700110912634,0.479905915563987,0.640984031030717,0.900599212173861,"BlackRiver","small","large","large_small","Zieria arborescens","Nematolepis squamea","between","between_species_large_small","Zieria arborescens small_Nematolepis squamea subsp squamea large",0.47618129747065,NA,-1.65716926385179,0.209427122456268,1.86659638630806
"627",627,"Monotoca glauca large","Eucalyptus obliqua large",-0.604980570320524,0.310502858799349,0.0669087576077256,0.193581218505809,0.288871679571356,0.438677379546079,0.653849725061899,"BlackRiver","large","large","large_large","Monotoca glauca","Eucalyptus obliqua","between","between_species_large_large","Monotoca glauca large_Eucalyptus obliqua large",0.356911700602718,NA,-1.30343883375486,0.0956293239296828,1.39906815768454
"628",628,"Eucalyptus ovata small","Eucalyptus ovata small",-0.597682338003639,0.0417986546669812,0.00014842722970912,0.00070676711412124,0.00230990735499346,0.00781806630350198,0.730051848761244,"BlackRiver","small","small","small_small","Eucalyptus ovata","Eucalyptus ovata","within","within_species_small_small","Eucalyptus ovata small_Eucalyptus ovata small",0.36841728737934,NA,-1.31225171329815,0.131917515792753,1.4441692290909
"629",629,"Eucalyptus ovata large","Eucalyptus obliqua large",-0.59511382093702,0.342518334534744,0.0979611704711861,0.227791485887633,0.302758474189344,0.425011485167894,0.848755057230715,"BlackRiver","large","large","large_large","Eucalyptus ovata","Eucalyptus obliqua","between","between_species_large_large","Eucalyptus ovata large_Eucalyptus obliqua large",0.361396291008732,NA,-1.29774833802422,0.11889909102272,1.41664742904694
"630",630,"Zieria arborescens small","Monotoca glauca small",-0.51329106292601,0.561741427819959,0.0813295849143345,0.355969355059114,0.537000854032027,0.78309857597803,0.96445078950519,"BlackRiver","small","small","small_small","Zieria arborescens","Monotoca glauca","between","between_species_small_small","Zieria arborescens small_Monotoca glauca small",0.266285957497666,NA,-1.02740731058809,0.0164144619802891,1.04382177256838
"631",631,"Eucalyptus ovata large","Eucalyptus ovata small",-0.505763636925081,0.345942870249791,0.168931610994892,0.240813667162616,0.344895596419417,0.428488390807608,0.690243455851667,"BlackRiver","large","small","large_small","Eucalyptus ovata","Eucalyptus ovata","within","within_species_large_small","Eucalyptus ovata large_Eucalyptus ovata small",0.44766331643674,NA,-1.37594709348466,0.378860861346871,1.75480795483153
"632",632,"Eucalyptus ovata small","Eucalyptus obliqua large",-0.502369082860197,0.389686179142083,0.0110351725118589,0.141769917254676,0.425636024600836,0.616973969497363,0.828114780004807,"BlackRiver","small","large","large_small","Eucalyptus ovata","Eucalyptus obliqua","between","between_species_large_small","Eucalyptus ovata small_Eucalyptus obliqua large",0.282102212023988,NA,-1.06474410898004,0.0410762420721551,1.1058203510522
"633",633,"Zieria arborescens small","Acacia mucronata small",-0.337482887997312,0.62029425559381,0.324417836087329,0.482676150349413,0.581300702852389,0.776355294754715,0.923567339541375,"BlackRiver","small","small","small_small","Zieria arborescens","Acacia mucronata","between","between_species_small_small","Zieria arborescens small_Acacia mucronata small",0.358239818900913,NA,-1.04341682598311,0.36085745976477,1.40427428574788
"634",634,"Monotoca glauca large","Nematolepis squamea subsp squamea small",-0.290557206861033,0.619359838315548,0.286394890275255,0.557259430705187,0.626528505211496,0.689897218552999,0.874976023800872,"BlackRiver","large","small","large_small","Monotoca glauca","Nematolepis squamea","between","between_species_large_small","Monotoca glauca large_Nematolepis squamea subsp squamea small",0.220423591915151,NA,-0.724176890875811,0.139867712117489,0.8640446029933
"635",635,"Monotoca glauca large","Eucalyptus obliqua small",-0.220696428744594,0.670426342139059,0.347130137574244,0.59718844278223,0.689825415013545,0.758382792884793,0.884195533468487,"BlackRiver","large","small","large_small","Monotoca glauca","Eucalyptus obliqua","between","between_species_large_small","Monotoca glauca large_Eucalyptus obliqua small",0.241580914718732,NA,-0.680184714377606,0.266795070024309,0.946979784401914
"636",636,"Nematolepis squamea subsp squamea large","Eucalyptus obliqua small",-0.215219706437682,0.705403069506658,0.335754566507041,0.570158203460087,0.73533081471793,0.824785760868359,0.976180709007447,"BlackRiver","large","small","large_small","Nematolepis squamea","Eucalyptus obliqua","between","between_species_large_small","Nematolepis squamea subsp squamea large_Eucalyptus obliqua small",0.144948969030436,NA,-0.499119990543454,0.0690695272482769,0.568189517791731
"637",637,"Nematolepis squamea subsp squamea large","Nematolepis squamea subsp squamea large",-0.204620997986948,0.277905131503174,0.0896579936043828,0.10020786088362,0.234797646979708,0.368599245918504,0.813524849920983,"BlackRiver","large","large","large_large","Nematolepis squamea","Nematolepis squamea","within","within_species_large_large","Nematolepis squamea subsp squamea large_Nematolepis squamea subsp squamea large",0.294923218036406,NA,-0.769198918123443,0.386878852988575,1.15607777111202
"638",638,"Nematolepis squamea subsp squamea large","Eucalyptus ovata small",-0.203903137341545,0.665075927802417,0.227346855281529,0.584208010264708,0.688842044464335,0.772609376960506,0.870066354857764,"BlackRiver","large","small","large_small","Nematolepis squamea","Eucalyptus ovata","between","between_species_large_small","Nematolepis squamea subsp squamea large_Eucalyptus ovata small",0.30885801063726,NA,-0.807857458988336,0.402843695383103,1.21070115437144
"639",639,"Acacia mucronata small","Monotoca glauca small",-0.181266349094368,0.752942538905126,0.241731853380156,0.652775349846693,0.802359104436615,0.876564260755508,0.993886764024736,"BlackRiver","small","small","small_small","Acacia mucronata","Monotoca glauca","between","between_species_small_small","Acacia mucronata small_Monotoca glauca small",0.149122314370986,NA,-0.47847498174482,0.106073749171966,0.584548730916785
"640",640,"Zieria arborescens small","Leptospermum scoparium small",-0.176272918170636,0.73560221295751,0.368222085784819,0.633698611045298,0.740049305947658,0.849820941924727,0.973904733123834,"BlackRiver","small","small","small_small","Zieria arborescens","Leptospermum scoparium","between","between_species_small_small","Zieria arborescens small_Leptospermum scoparium small",0.332973247444512,NA,-0.841003611813672,0.464227533799502,1.30523114561317
"641",641,"Acacia mucronata small","Leptospermum scoparium small",-0.147568088485918,0.710793238265405,0.262923599851396,0.593382393643474,0.724013236644984,0.886915643720139,0.969056274527878,"BlackRiver","small","small","small_small","Acacia mucronata","Leptospermum scoparium","between","between_species_small_small","Acacia mucronata small_Leptospermum scoparium small",0.190374879421059,NA,-0.520797113951937,0.225458700500925,0.746255814452861
"642",642,"Nematolepis squamea subsp squamea large","Monotoca glauca small",-0.127992583215939,0.772460371807497,0.481979029257039,0.667786068905661,0.786179435697503,0.877053712515895,0.990182327046808,"BlackRiver","large","small","large_small","Nematolepis squamea","Monotoca glauca","between","between_species_large_small","Nematolepis squamea subsp squamea large_Monotoca glauca small",0.164425583266822,NA,-0.449695596451118,0.194840846228806,0.644536442679924
"643",643,"Eucalyptus obliqua large","Nematolepis squamea subsp squamea small",-0.112687507421369,0.688393448217558,0.383932719907084,0.637634843936718,0.697174635997307,0.758205608978508,0.903237407643651,"BlackRiver","large","small","large_small","Eucalyptus obliqua","Nematolepis squamea","between","between_species_large_small","Eucalyptus obliqua large_Nematolepis squamea subsp squamea small",0.127627366885443,NA,-0.356449429352898,0.143840655721398,0.500290085074296
"644",644,"Nematolepis squamea subsp squamea large","Leptospermum scoparium small",-0.0991651230546709,0.787617785890083,0.484710919000487,0.716247134115844,0.80089957142314,0.869555939278259,0.963405261316077,"BlackRiver","large","small","large_small","Nematolepis squamea","Leptospermum scoparium","between","between_species_large_small","Nematolepis squamea subsp squamea large_Leptospermum scoparium small",0.204792608074011,NA,-0.501800189883356,0.300972082366822,0.802772272250178
"645",645,"Eucalyptus ovata small","Monotoca glauca small",-0.0944360011555175,0.782632258405301,0.413529614182645,0.710299295096719,0.830504225733353,0.886240596802937,0.979277284392665,"BlackRiver","small","small","small_small","Eucalyptus ovata","Monotoca glauca","between","between_species_small_small","Eucalyptus ovata small_Monotoca glauca small",0.16261833010299,NA,-0.40732066357051,0.230131476885302,0.637452140455811
"646",646,"Monotoca glauca large","Acacia mucronata small",-0.0778651463794756,0.83318504130819,0.733960613935318,0.775841700579672,0.841635035683925,0.848439804327762,0.951212978437468,"BlackRiver","large","small","large_small","Monotoca glauca","Acacia mucronata","between","between_species_large_small","Monotoca glauca large_Acacia mucronata small",0.328815203359896,NA,-0.718887750958694,0.570044161350525,1.28893191230922
"647",647,"Monotoca glauca small","Monotoca glauca small",-0.0778386803044393,0.300272420292832,0.136202381610376,0.22129832164163,0.268464345807623,0.330350644023515,0.899077924962812,"BlackRiver","small","small","small_small","Monotoca glauca","Monotoca glauca","within","within_species_small_small","Monotoca glauca small_Monotoca glauca small",0.149420301601274,NA,-0.364048362089005,0.221668457306214,0.58571681939522
"648",648,"Zieria arborescens small","Nematolepis squamea subsp squamea small",-0.0709239667187446,0.920404203791594,0.689504741297382,0.889374292627646,0.928824383352988,0.965424527528386,0.993442978820842,"BlackRiver","small","small","small_small","Zieria arborescens","Nematolepis squamea","between","between_species_small_small","Zieria arborescens small_Nematolepis squamea subsp squamea small",0.21138155028528,NA,-0.4915934149122,0.337007036198584,0.828600451110784
"649",649,"Zieria arborescens small","Eucalyptus obliqua small",-0.043946892681895,0.927770821055188,0.789599806911491,0.897429167182363,0.934256488065114,0.965884229942398,0.993372367442921,"BlackRiver","small","small","small_small","Zieria arborescens","Eucalyptus obliqua","between","between_species_small_small","Zieria arborescens small_Eucalyptus obliqua small",0.153812926646157,NA,-0.349511605500028,0.253423987666308,0.602935593166336
"650",650,"Acacia mucronata small","Eucalyptus obliqua small",-0.0224984475692174,0.956491714298843,0.843902583336505,0.940268698407509,0.961458842665818,0.984079107233208,0.998834526133551,"BlackRiver","small","small","small_small","Acacia mucronata","Eucalyptus obliqua","between","between_species_small_small","Acacia mucronata small_Eucalyptus obliqua small",0.127192341237377,NA,-0.271022602716724,0.22756221315245,0.498584815869174
"651",651,"Leptospermum scoparium small","Leptospermum scoparium small",-0.0195660441429732,0.0437297054405167,0.00189214602722767,0.00647582265530514,0.0279780654059997,0.0691312150201166,0.194935125106126,"BlackRiver","small","small","small_small","Leptospermum scoparium","Leptospermum scoparium","within","within_species_small_small","Leptospermum scoparium small_Leptospermum scoparium small",0.222653923546174,NA,-0.450787881558542,0.42199946077553,0.872787342334072
"652",652,"Leptospermum scoparium small","Eucalyptus obliqua small",-0.0150254488860394,0.947257157603763,0.874470698108806,0.935977881910344,0.947418033852723,0.961993575522904,0.990109456595842,"BlackRiver","small","small","small_small","Leptospermum scoparium","Eucalyptus obliqua","between","between_species_small_small","Leptospermum scoparium small_Eucalyptus obliqua small",0.11440939092601,NA,-0.241005685912359,0.207470885503927,0.448476571416285
"653",653,"Eucalyptus ovata large","Nematolepis squamea subsp squamea small",-0.0149424036802482,0.973007342456835,0.938831791999137,0.966919931267385,0.971979767119278,0.979535202434974,0.994683041784407,"BlackRiver","large","small","large_small","Eucalyptus ovata","Nematolepis squamea","between","between_species_large_small","Eucalyptus ovata large_Nematolepis squamea subsp squamea small",0.210330980040337,NA,-0.428350874605229,0.396131416818918,0.824482291424148
"654",654,"Acacia mucronata small","Nematolepis squamea subsp squamea small",-0.0147463996980258,0.963857621896961,0.886546966290356,0.95777809761742,0.968617070950259,0.976336940956615,0.995848216118914,"BlackRiver","small","small","small_small","Acacia mucronata","Nematolepis squamea","between","between_species_small_small","Acacia mucronata small_Nematolepis squamea subsp squamea small",0.0976569457246515,NA,-0.200837713508209,0.181970479412791,0.382808192921
"655",655,"Eucalyptus obliqua small","Nematolepis squamea subsp squamea small",-0.0144379075692056,0.929591122321465,0.84288499702614,0.914163245828067,0.935357797023902,0.943735611263668,0.974636548374593,"BlackRiver","small","small","small_small","Eucalyptus obliqua","Nematolepis squamea","between","between_species_small_small","Eucalyptus obliqua small_Nematolepis squamea subsp squamea small",0.081971096610724,NA,-0.17351155605327,0.147809238207274,0.321320794260545
"656",656,"Nematolepis squamea subsp squamea small","Monotoca glauca small",0.0187866369790223,1.10997945757226,1.00521600899989,1.06021873388112,1.10020170433136,1.1365294976086,1.28471422364929,"BlackRiver","small","small","small_small","Nematolepis squamea","Monotoca glauca","between","between_species_small_small","Nematolepis squamea subsp squamea small_Monotoca glauca small",0.0928689804712234,NA,-0.162542656586647,0.201497057422456,0.364039714009103
"657",657,"Nematolepis squamea subsp squamea small","Leptospermum scoparium small",0.0285331029131617,1.26317449011285,1.04674498741971,1.15284695586854,1.24343247381381,1.39345247071814,1.48018715378636,"BlackRiver","small","small","small_small","Nematolepis squamea","Leptospermum scoparium","between","between_species_small_small","Nematolepis squamea subsp squamea small_Leptospermum scoparium small",0.117998621772611,NA,-0.204300417483017,0.258245680316346,0.462546097799363
"658",658,"Eucalyptus obliqua small","Eucalyptus obliqua large",0.02963227868919,1.21326520257144,1.06253817770464,1.12930685239775,1.19846393100042,1.27393601460401,1.516223507589,"BlackRiver","small","large","large_small","Eucalyptus obliqua","Eucalyptus obliqua","within","within_species_large_small","Eucalyptus obliqua small_Eucalyptus obliqua large",0.185150783054949,NA,-0.334184977984626,0.391592755009551,0.725777732994178
"659",659,"Eucalyptus obliqua small","Eucalyptus ovata small",0.0372781033252232,1.29971555004378,1.10986091960247,1.21609054216114,1.28965961115437,1.34354949621395,1.63318555711307,"BlackRiver","small","small","small_small","Eucalyptus obliqua","Eucalyptus ovata","between","between_species_small_small","Eucalyptus obliqua small_Eucalyptus ovata small",0.153042493526369,NA,-0.265966958593828,0.333948592237949,0.599915550831777
"660",660,"Acacia mucronata small","Acacia mucronata small",0.0522248954871803,0.851436670073533,0.719604702798368,0.761199901996996,0.82255952933548,0.88513561904238,1.09718910139496,"BlackRiver","small","small","small_small","Acacia mucronata","Acacia mucronata","within","within_species_small_small","Acacia mucronata small_Acacia mucronata small",0.188354438772433,NA,-0.318817777871402,0.419518054773043,0.738335832644445
"661",661,"Monotoca glauca small","Eucalyptus obliqua small",0.0526024786746443,1.37073444715614,1.11650591638627,1.24838782533844,1.34042136485836,1.45344234568547,1.82590877155314,"BlackRiver","small","small","small_small","Monotoca glauca","Eucalyptus obliqua","between","between_species_small_small","Monotoca glauca small_Eucalyptus obliqua small",0.0837155240183269,NA,-0.113832397252507,0.21432642679313,0.328158824045637
"662",662,"Monotoca glauca small","Eucalyptus obliqua large",0.0618663653565027,1.52291489138426,1.15984587449099,1.36930189508244,1.49538269860884,1.67700949775669,2.28665266436878,"BlackRiver","small","large","large_small","Monotoca glauca","Eucalyptus obliqua","between","between_species_large_small","Monotoca glauca small_Eucalyptus obliqua large",0.157247066172477,NA,-0.24954805993403,0.366849112811255,0.616397172745285
"663",663,"Leptospermum scoparium small","Monotoca glauca large",0.0701927750182832,1.45806918617625,1.05838868962557,1.39867242036674,1.45560219513398,1.55308841594086,1.75760404773971,"BlackRiver","small","large","large_small","Leptospermum scoparium","Monotoca glauca","between","between_species_large_small","Leptospermum scoparium small_Monotoca glauca large",0.354143300649971,NA,-0.629074305752071,0.759141923528094,1.38821622928017
"664",664,"Monotoca glauca large","Eucalyptus ovata large",0.0840632058247549,1.29908556448986,1.10468258139892,1.2172991197708,1.3050644658628,1.3760661472021,1.50399056673003,"BlackRiver","large","large","large_large","Monotoca glauca","Eucalyptus ovata","between","between_species_large_large","Monotoca glauca large_Eucalyptus ovata large",0.630039991694235,NA,-1.18854895846244,1.28116242661878,2.46971138508123
"665",665,"Eucalyptus obliqua small","Eucalyptus obliqua small",0.0906839562154861,1.31339141300765,0.868888432938991,1.09003447049649,1.27240266377116,1.52251505700413,1.83188441362774,"BlackRiver","small","small","small_small","Eucalyptus obliqua","Eucalyptus obliqua","within","within_species_small_small","Eucalyptus obliqua small_Eucalyptus obliqua small",0.108466320757734,NA,-0.111413583972091,0.313766580469366,0.425180164441456
"666",666,"Monotoca glauca small","Eucalyptus ovata large",0.114338510236918,3.59305211530882,1.76227412031535,2.44184016199001,3.65205941794855,4.17690537791458,6.29316117002789,"BlackRiver","small","large","large_small","Monotoca glauca","Eucalyptus ovata","between","between_species_large_small","Monotoca glauca small_Eucalyptus ovata large",0.229093893841178,NA,-0.32392586977189,0.574105692241613,0.898031562013504
"667",667,"Monotoca glauca small","Leptospermum scoparium small",0.148568884521356,3.68525078074942,1.65187899741646,2.28304661238118,3.23141017102152,4.53721328205065,8.39873992509749,"BlackRiver","small","small","small_small","Monotoca glauca","Leptospermum scoparium","between","between_species_small_small","Monotoca glauca small_Leptospermum scoparium small",0.140788860350018,NA,-0.136915449744585,0.414966741676363,0.551882191420948
"668",668,"Eucalyptus obliqua large","Acacia mucronata small",0.192286007835242,2.72516126537303,1.3146010135179,2.0748609083839,2.49052935454191,3.29985803312001,4.59115308464796,"BlackRiver","large","small","large_small","Eucalyptus obliqua","Acacia mucronata","between","between_species_large_small","Eucalyptus obliqua large_Acacia mucronata small",0.238458234409889,NA,-0.271110048513055,0.663629054007728,0.934739102520782
"669",669,"Acacia mucronata small","Nematolepis squamea subsp squamea large",0.220941311496403,2.65633999526767,1.20637285387546,1.30578698692615,1.78950823126193,2.51044607113999,10.8674518045973,"BlackRiver","small","large","large_small","Acacia mucronata","Nematolepis squamea","between","between_species_large_small","Acacia mucronata small_Nematolepis squamea subsp squamea large",0.220487964163779,NA,-0.206956656353439,0.657340281217693,0.864296937571131
"670",670,"Nematolepis squamea subsp squamea small","Eucalyptus ovata small",0.229066630427593,9.87542526925214,1.85621920013678,5.11801266742165,9.53748750024452,12.454503772072,29.7585207976918,"BlackRiver","small","small","small_small","Nematolepis squamea","Eucalyptus ovata","between","between_species_small_small","Nematolepis squamea subsp squamea small_Eucalyptus ovata small",0.137838636687154,NA,-0.0376734988705716,0.502644028299275,0.540317527169846
"671",671,"Nematolepis squamea subsp squamea small","Nematolepis squamea subsp squamea large",0.24212371198196,21.7564199679777,5.68177488706863,8.77908918337846,10.4192222291148,31.5437042462803,69.2076431084424,"BlackRiver","small","large","large_small","Nematolepis squamea","Nematolepis squamea","within","within_species_large_small","Nematolepis squamea subsp squamea small_Nematolepis squamea subsp squamea large",0.149803927430899,NA,-0.0507094101427596,0.536511194871669,0.587220605014428
"672",672,"Nematolepis squamea subsp squamea large","Monotoca glauca large",0.264715567382566,2.70401796020383,1.02580158382032,1.36401207355046,1.96253128311528,3.75944954357681,10.0771458902488,"BlackRiver","large","large","large_large","Nematolepis squamea","Monotoca glauca","between","between_species_large_large","Nematolepis squamea subsp squamea large_Monotoca glauca large",0.420026077267533,NA,-0.548183797625007,1.098288170399,1.64647196802401
"673",673,"Nematolepis squamea subsp squamea small","Nematolepis squamea subsp squamea small",0.28681054663624,4.79358787329423,1.62414184374392,3.21750899940656,4.59688246207774,6.11552697017515,9.7644752407898,"BlackRiver","small","small","small_small","Nematolepis squamea","Nematolepis squamea","within","within_species_small_small","Nematolepis squamea subsp squamea small_Nematolepis squamea subsp squamea small",0.092784969087625,1,0.112942789386072,0.476653184822886,0.363710395436814
"674",674,"Eucalyptus ovata small","Monotoca glauca large",0.287484984835806,5.1402972101714,1.13942867991616,1.90512314951428,2.94829498163917,6.1802817732447,18.0184260852743,"BlackRiver","small","large","large_small","Eucalyptus ovata","Monotoca glauca","between","between_species_large_small","Eucalyptus ovata small_Monotoca glauca large",0.405593954098616,NA,-0.505513833185583,1.08438525157538,1.58989908476096
"675",675,"Eucalyptus ovata small","Acacia mucronata small",0.327050350604225,8.66347670310594,1.35720124243877,3.3266618097395,7.69484491636772,12.7904618983402,24.5657731614411,"BlackRiver","small","small","small_small","Eucalyptus ovata","Acacia mucronata","between","between_species_small_small","Eucalyptus ovata small_Acacia mucronata small",0.225335932870307,NA,-0.115316395765127,0.767984229931947,0.883300625697074
"676",676,"Eucalyptus obliqua small","Eucalyptus ovata large",0.354309295022378,65.0775858467168,5.47358206331041,24.362060501181,34.0558720132719,77.7903431386075,221.719874907411,"BlackRiver","small","large","large_small","Eucalyptus obliqua","Eucalyptus ovata","between","between_species_large_small","Eucalyptus obliqua small_Eucalyptus ovata large",0.297111950015001,NA,-0.239006433447586,0.925651009364146,1.16465744281173
"677",677,"Nematolepis squamea subsp squamea large","Eucalyptus ovata large",0.384857553142724,5.06389584314427,1.06685257407188,1.81198811154092,2.51601880536995,5.49343132525145,25.9525356004556,"BlackRiver","large","large","large_large","Nematolepis squamea","Eucalyptus ovata","between","between_species_large_large","Nematolepis squamea subsp squamea large_Eucalyptus ovata large",0.491819489172802,NA,-0.582765089314813,1.34513188203235,1.92789697134716
"678",678,"Leptospermum scoparium small","Eucalyptus ovata large",0.393564037776141,12.630103894036,2.16924004661097,7.2480919193102,12.2082950014358,17.4351082465757,25.8948217491387,"BlackRiver","small","large","large_small","Leptospermum scoparium","Eucalyptus ovata","between","between_species_large_small","Leptospermum scoparium small_Eucalyptus ovata large",0.391665885368022,NA,-0.384377310870883,1.15092474771775,1.53530205858863
"679",679,"Acacia mucronata small","Eucalyptus ovata large",0.407570100760821,8.21402225682594,1.05900346056811,1.75719953694586,3.66689964873423,8.29710621050434,43.8791794459886,"BlackRiver","small","large","large_small","Acacia mucronata","Eucalyptus ovata","between","between_species_large_small","Acacia mucronata small_Eucalyptus ovata large",0.421894750307286,NA,-0.405680694214094,1.2481163375235,1.6537970317376
"680",680,"Monotoca glauca small","Monotoca glauca large",0.416983622742954,270.869613068792,4.75935436894933,30.0883189384863,105.457547791263,314.730008662593,1184.5932129704,"BlackRiver","small","large","large_small","Monotoca glauca","Monotoca glauca","within","within_species_large_small","Monotoca glauca small_Monotoca glauca large",0.315965800726921,NA,-0.206037156221685,1.03252602332056,1.23856317954225
"681",681,"Eucalyptus obliqua large","Leptospermum scoparium small",0.441177360802857,18.4102501049537,2.31143013196731,5.28731151140449,8.65616726843044,18.0649759290519,91.3522265524849,"BlackRiver","large","small","large_small","Eucalyptus obliqua","Leptospermum scoparium","between","between_species_large_small","Eucalyptus obliqua large_Leptospermum scoparium small",0.249472500665226,NA,-0.0480274119319768,0.929886820941997,0.977914232873974
"682",682,"Leptospermum scoparium small","Eucalyptus ovata small",0.559538956713953,29.8418205542472,2.08890937532313,6.82702772645371,14.8389632291238,28.5224028416405,186.723934845954,"BlackRiver","small","small","small_small","Leptospermum scoparium","Eucalyptus ovata","between","between_species_small_small","Leptospermum scoparium small_Eucalyptus ovata small",0.24553437346232,1,0.0684072068317029,1.03088426473721,0.962477057905507
"683",683,"Eucalyptus ovata small","Zieria arborescens small",0.59002656874098,298.447411967936,1.61912215042514,2.96130422871542,11.25191362997,107.515454575271,3488.0128369211,"BlackRiver","small","small","small_small","Eucalyptus ovata","Zieria arborescens","between","between_species_small_small","Eucalyptus ovata small_Zieria arborescens small",0.506633195996206,NA,-0.383710300009978,1.60225533503999,1.98596563504997
"684",684,"Eucalyptus obliqua large","Nematolepis squamea subsp squamea large",0.66443770245149,279.971649073669,6.76514692799526,22.151890865194,147.874050835977,332.525232540345,1386.02930828942,"BlackRiver","large","large","large_large","Eucalyptus obliqua","Nematolepis squamea","between","between_species_large_large","Eucalyptus obliqua large_Nematolepis squamea subsp squamea large",0.341855946040132,NA,-0.00664102340315686,1.3334096608759,1.34005068427905
"685",685,"Zieria arborescens small","Monotoca glauca large",0.696906289871254,9.65352355410205,1.16600508825367,1.50831043995831,4.79694384363251,12.7379899638975,59.0853446243534,"BlackRiver","small","large","large_small","Zieria arborescens","Monotoca glauca","between","between_species_large_small","Zieria arborescens small_Monotoca glauca large",0.589064194335455,NA,-0.466506483597519,1.84258272736167,2.30908921095919
"686",686,"Eucalyptus ovata large","Zieria arborescens small",0.837167999415337,19.4311946791883,1.96459855979274,5.71778034869401,9.56441613229265,16.783622035339,91.5038882805389,"BlackRiver","large","small","large_small","Eucalyptus ovata","Zieria arborescens","between","between_species_large_small","Eucalyptus ovata large_Zieria arborescens small",0.688183983954649,NA,-0.503197996241975,2.19443365033483,2.6976316465768
"687",687,"Eucalyptus obliqua large","Zieria arborescens small",0.992971006354515,15060.3589836336,20.2361686944477,635.163709338354,3398.6234603165,19517.090109636,56914.7022154383,"BlackRiver","large","small","large_small","Eucalyptus obliqua","Zieria arborescens","between","between_species_large_small","Eucalyptus obliqua large_Zieria arborescens small",0.47827820242877,1,0.0491070810648142,1.92392318376671,1.87481610270189
"688",688,"Acacia melanoxylon small","Acacia melanoxylon small",-1.24391293128846,0.0121609895632294,7.37332364743651e-05,0.00038296131169411,0.00404888740166784,0.00634944756555938,0.14485721406606,"BondTier","small","small","small_small","Acacia melanoxylon","Acacia melanoxylon","within","within_species_small_small","Acacia melanoxylon small_Acacia melanoxylon small",0.680711012151688,NA,-2.49585983459496,0.172478300799275,2.66833813539423
"689",689,"Nothofagus cunninghamii large","Nothofagus cunninghamii large",-0.899892039113121,0.137161474556369,0.0151155150814336,0.0459368342920607,0.0889968415537666,0.155575284550319,0.630288669420455,"BondTier","large","large","large_large","Nothofagus cunninghamii","Nothofagus cunninghamii","within","within_species_large_large","Nothofagus cunninghamii large_Nothofagus cunninghamii large",0.568018098507088,NA,-2.04520439384231,0.18138563743932,2.22659003128163
"690",690,"Acacia melanoxylon small","Nothofagus cunninghamii large",-0.873141881852896,0.23428711619862,0.00105492734296783,0.0140579364731157,0.0506450366803413,0.534119597655034,0.775048720475032,"BondTier","small","large","large_small","Acacia melanoxylon","Nothofagus cunninghamii","between","between_species_large_small","Acacia melanoxylon small_Nothofagus cunninghamii large",0.588314818494734,NA,-2.09286545238173,0.213286259260067,2.3061517116418
"691",691,"Nothofagus cunninghamii large","Eucalyptus obliqua large",-0.63104532598226,0.330169434836698,0.0453357830247032,0.155849985432327,0.286461226574863,0.424826348349284,0.806274175395606,"BondTier","large","large","large_large","Nothofagus cunninghamii","Eucalyptus obliqua","between","between_species_large_large","Nothofagus cunninghamii large_Eucalyptus obliqua large",0.36325223839561,NA,-1.41006001865357,0.0138625904643392,1.42392260911791
"692",692,"Acacia melanoxylon small","Pomaderris apetala large",-0.614920675385539,0.32165029736438,0.0303447334113899,0.0782216629063677,0.129015920973063,0.690729688776556,0.817227112181833,"BondTier","small","large","large_small","Acacia melanoxylon","Pomaderris apetala","between","between_species_large_small","Acacia melanoxylon small_Pomaderris apetala large",0.405663462113245,NA,-1.35168518611023,0.238486365061347,1.59017155117158
"693",693,"Eucalyptus obliqua large","Eucalyptus obliqua large",-0.452969833922215,0.198549638940937,0.0663289542601931,0.104913804205873,0.166576345738854,0.24490093450271,0.655008141889984,"BondTier","large","large","large_large","Eucalyptus obliqua","Eucalyptus obliqua","within","within_species_large_large","Eucalyptus obliqua large_Eucalyptus obliqua large",0.279605756635869,NA,-1.00552287252334,0.090511553229407,1.09603442575275
"694",694,"Acacia melanoxylon large","Nothofagus cunninghamii large",-0.375107679325064,0.454918845205529,0.091931521023481,0.334841959489,0.467449712220579,0.594679403706617,0.799144467217465,"BondTier","large","large","large_large","Acacia melanoxylon","Nothofagus cunninghamii","between","between_species_large_large","Acacia melanoxylon large_Nothofagus cunninghamii large",0.365673828431874,NA,-1.07879048620543,0.354624581425278,1.4334150676307
"695",695,"Acacia melanoxylon large","Pittosporum bicolor small",-0.318130393754836,0.555865327801361,0.25718689419773,0.434040390082817,0.550454272759996,0.670637494232244,0.950086195425081,"BondTier","large","small","large_small","Acacia melanoxylon","Pittosporum bicolor","between","between_species_large_small","Acacia melanoxylon large_Pittosporum bicolor small",0.172503786342556,NA,-0.639336765369076,0.0368656514873287,0.676202416856405
"696",696,"Nothofagus cunninghamii large","Pomaderris apetala small",-0.278198913984433,0.683051337271686,0.263691635040263,0.616851728783359,0.726223230714819,0.767060246463296,0.935113134581345,"BondTier","large","small","large_small","Nothofagus cunninghamii","Pomaderris apetala","between","between_species_large_small","Nothofagus cunninghamii large_Pomaderris apetala small",0.113778232592077,1,-0.491442247487384,-0.0454397712772008,0.446002476210183
"697",697,"Nothofagus cunninghamii small","Pittosporum bicolor small",-0.244893659274274,0.437815104376253,0.093285490542197,0.404985117337955,0.492995032227657,0.542363802203896,0.65550452611965,"BondTier","small","small","small_small","Nothofagus cunninghamii","Pittosporum bicolor","between","between_species_small_small","Nothofagus cunninghamii small_Pittosporum bicolor small",0.137451443490131,NA,-0.515958591811057,0.0228411659163424,0.5387997577274
"698",698,"Nothofagus cunninghamii small","Olearia argophylla small",-0.177920319371294,0.504996401401171,0.242334107319285,0.398950892571428,0.53426110624855,0.617597527318511,0.819958009282442,"BondTier","small","small","small_small","Nothofagus cunninghamii","Olearia argophylla","between","between_species_small_small","Nothofagus cunninghamii small_Olearia argophylla small",0.13799754320904,NA,-0.460995337048139,0.0799450922413174,0.540940429289457
"699",699,"Eucalyptus obliqua small","Olearia argophylla small",-0.158440433051862,0.578998975609643,0.179283367796374,0.467014660599822,0.609465420930172,0.676610814425441,0.826243674136165,"BondTier","small","small","small_small","Eucalyptus obliqua","Olearia argophylla","between","between_species_small_small","Eucalyptus obliqua small_Olearia argophylla small",0.135325246584823,NA,-0.429427993334415,0.101037225676094,0.530465219010509
"700",700,"Acacia melanoxylon small","Pomaderris apetala small",-0.156822311096099,0.807799321147091,0.401197835737975,0.736344159143701,0.844005485815738,0.90733934245658,0.959767379102557,"BondTier","small","small","small_small","Acacia melanoxylon","Pomaderris apetala","between","between_species_small_small","Acacia melanoxylon small_Pomaderris apetala small",0.120689494793035,NA,-0.376083223420206,0.0970109027931606,0.473094126213367
"701",701,"Acacia melanoxylon large","Acacia melanoxylon large",-0.141685785225988,0.742262142376145,0.542197097629343,0.584575705938229,0.679430564162251,0.808977360190698,1.14502979774389,"BondTier","large","large","large_large","Acacia melanoxylon","Acacia melanoxylon","within","within_species_large_large","Acacia melanoxylon large_Acacia melanoxylon large",0.255069588338685,NA,-0.622895322693092,0.376959090697468,0.99985441339056
"702",702,"Acacia melanoxylon large","Pomaderris apetala small",-0.135113431835063,0.865525130298556,0.449072162918832,0.837790997915417,0.892844184988498,0.937542629245264,0.978763183870547,"BondTier","large","small","large_small","Acacia melanoxylon","Pomaderris apetala","between","between_species_large_small","Acacia melanoxylon large_Pomaderris apetala small",0.080536465172823,NA,-0.280159030857405,0.0355381115043895,0.315697142361795
"703",703,"Pittosporum bicolor small","Pomaderris apetala small",-0.11725015984433,0.787544115344503,0.275122766419846,0.769180061385227,0.828136317703296,0.856863730911818,0.923835949270387,"BondTier","small","small","small_small","Pittosporum bicolor","Pomaderris apetala","between","between_species_small_small","Pittosporum bicolor small_Pomaderris apetala small",0.046224845207151,1,-0.201442266262468,-0.0202442026685578,0.18119806359391
"704",704,"Nothofagus cunninghamii small","Pomaderris apetala small",-0.112055785924005,0.78004366666761,0.412628266716962,0.742068544553606,0.81412951635077,0.845964220358387,0.900250555279529,"BondTier","small","small","small_small","Nothofagus cunninghamii","Pomaderris apetala","between","between_species_small_small","Nothofagus cunninghamii small_Pomaderris apetala small",0.0722615138605081,NA,-0.247495604949794,0.0357643243200814,0.283259929269876
"705",705,"Acacia melanoxylon large","Acacia melanoxylon small",-0.10799766108291,0.752136867248677,0.479955427552703,0.688926264422922,0.776648738673371,0.837527038586426,0.962448861423084,"BondTier","large","small","large_small","Acacia melanoxylon","Acacia melanoxylon","within","within_species_large_small","Acacia melanoxylon large_Acacia melanoxylon small",0.309800004222356,NA,-0.657954239266261,0.556439462106088,1.21439370137235
"706",706,"Nothofagus cunninghamii large","Pittosporum bicolor small",-0.0932677984421302,0.820175115589501,0.573719897037544,0.777189246644767,0.828352971064617,0.873104073819578,0.94864018762202,"BondTier","large","small","large_small","Nothofagus cunninghamii","Pittosporum bicolor","between","between_species_large_small","Nothofagus cunninghamii large_Pittosporum bicolor small",0.226555269783612,NA,-0.493900044158083,0.394180294409186,0.888080338567269
"707",707,"Pomaderris apetala large","Pomaderris apetala large",-0.0840048562048952,0.126155292154424,0.0152187171867348,0.024202682701477,0.0839675387589674,0.180463646343717,0.421902230196931,"BondTier","large","large","large_large","Pomaderris apetala","Pomaderris apetala","within","within_species_large_large","Pomaderris apetala large_Pomaderris apetala large",0.243207261818634,NA,-0.551651480631553,0.401703467254699,0.953354947886253
"708",708,"Eucalyptus obliqua large","Eucalyptus obliqua small",-0.0789180220493986,0.764694620273209,0.537576140321007,0.723694481973143,0.789759032382226,0.827360623525089,0.870238570689365,"BondTier","large","small","large_small","Eucalyptus obliqua","Eucalyptus obliqua","within","within_species_large_small","Eucalyptus obliqua large_Eucalyptus obliqua small",0.164015627882923,NA,-0.346829375643757,0.296100071460747,0.642929447104504
"709",709,"Eucalyptus obliqua large","Pomaderris apetala small",-0.0314525840531776,0.931782382457288,0.816222996695692,0.920248867181284,0.938745299286752,0.957908996610818,0.982609249751667,"BondTier","large","small","large_small","Eucalyptus obliqua","Pomaderris apetala","between","between_species_large_small","Eucalyptus obliqua large_Pomaderris apetala small",0.0705545349578677,NA,-0.184121740884834,0.0924469540419522,0.276568694926786
"710",710,"Nothofagus cunninghamii small","Nothofagus cunninghamii small",-0.0180821552381846,0.766295738180961,0.461665435356284,0.596472900923446,0.778910564948083,0.88878766613233,1.39592866515336,"BondTier","small","small","small_small","Nothofagus cunninghamii","Nothofagus cunninghamii","within","within_species_small_small","Nothofagus cunninghamii small_Nothofagus cunninghamii small",0.185698721867366,NA,-0.388540327435436,0.339385286234878,0.727925613670314
"711",711,"Pomaderris apetala large","Eucalyptus obliqua small",-0.00814163219046986,0.97195867565728,0.951825743863647,0.963813259230682,0.972512726030573,0.979698804149577,0.994052462747884,"BondTier","large","small","large_small","Pomaderris apetala","Eucalyptus obliqua","between","between_species_large_small","Pomaderris apetala large_Eucalyptus obliqua small",0.142604158743589,NA,-0.284367434643917,0.274630595722219,0.558998030366135
"712",712,"Pittosporum bicolor small","Eucalyptus obliqua large",0.00049364706162917,1.00253088810831,1.00049495878946,1.00161084863897,1.00222449637151,1.00303931150376,1.00684414934225,"BondTier","small","large","large_small","Pittosporum bicolor","Eucalyptus obliqua","between","between_species_large_small","Pittosporum bicolor small_Eucalyptus obliqua large",0.158495080510609,NA,-0.273446770092108,0.347842528963033,0.621289299055141
"713",713,"Olearia argophylla small","Pomaderris apetala large",0.0093700169924259,1.04807990881492,1.01929858471148,1.03400335543342,1.03925064280315,1.06842789503437,1.08484679903371,"BondTier","small","large","large_small","Olearia argophylla","Pomaderris apetala","between","between_species_large_small","Olearia argophylla small_Pomaderris apetala large",0.198375977655006,NA,-0.369561368372486,0.408058174830983,0.777619543203469
"714",714,"Pomaderris apetala small","Olearia argophylla small",0.0133257250586005,1.0986867480569,1.01784943812907,1.0474611255444,1.05996492870916,1.10629999040924,1.54082313518232,"BondTier","small","small","small_small","Pomaderris apetala","Olearia argophylla","between","between_species_small_small","Pomaderris apetala small_Olearia argophylla small",0.0619063270630049,NA,-0.109848021037341,0.132820321879952,0.242668342917294
"715",715,"Eucalyptus obliqua small","Nothofagus cunninghamii small",0.0276226147730231,1.12812239157401,1.03311076491387,1.07638312791656,1.11316143742014,1.17843396937681,1.29368040529112,"BondTier","small","small","small_small","Eucalyptus obliqua","Nothofagus cunninghamii","between","between_species_small_small","Eucalyptus obliqua small_Nothofagus cunninghamii small",0.133662457111671,NA,-0.240085010456946,0.283862193591063,0.523947204048009
"716",716,"Nothofagus cunninghamii small","Acacia melanoxylon large",0.0286231395895515,1.18224726485397,1.07513170165372,1.11922497077795,1.17494976244526,1.22401459074589,1.34374787282583,"BondTier","small","large","large_small","Nothofagus cunninghamii","Acacia melanoxylon","between","between_species_large_small","Nothofagus cunninghamii small_Acacia melanoxylon large",0.173233764083915,NA,-0.308650378084836,0.370413498936726,0.679063877021562
"717",717,"Pittosporum bicolor small","Pittosporum bicolor small",0.0320556859152254,1.11005914637282,0.596964574967746,0.716379821028538,0.982532593168155,1.50786780574697,1.98222772348169,"BondTier","small","small","small_small","Pittosporum bicolor","Pittosporum bicolor","within","within_species_small_small","Pittosporum bicolor small_Pittosporum bicolor small",0.164085240718252,NA,-0.269913762407956,0.373288561996764,0.643202324404719
"718",718,"Olearia argophylla small","Olearia argophylla small",0.0395413698312724,0.541391117033705,0.301203957133009,0.384274251090386,0.505236886484463,0.707147527488265,0.921492587664274,"BondTier","small","small","small_small","Olearia argophylla","Olearia argophylla","within","within_species_small_small","Olearia argophylla small_Olearia argophylla small",0.179836044374944,NA,-0.324480815135202,0.380463525058873,0.704944340194075
"719",719,"Olearia argophylla small","Pittosporum bicolor small",0.0421703935469616,1.21303217664521,1.05625488692947,1.16220723221468,1.19816292766325,1.26010995808997,1.43625414335562,"BondTier","small","small","small_small","Olearia argophylla","Pittosporum bicolor","between","between_species_small_small","Olearia argophylla small_Pittosporum bicolor small",0.135204762051004,NA,-0.237886007110523,0.292106921206029,0.529992928316552
"720",720,"Eucalyptus obliqua large","Acacia melanoxylon large",0.0457315802268894,1.25468662892705,1.096820560022,1.22577918487331,1.25051270170839,1.28840937148544,1.39236651465514,"BondTier","large","large","large_large","Eucalyptus obliqua","Acacia melanoxylon","between","between_species_large_large","Eucalyptus obliqua large_Acacia melanoxylon large",0.22587718473591,NA,-0.419808974642191,0.465613319381178,0.885422294023369
"721",721,"Pittosporum bicolor small","Eucalyptus obliqua small",0.0655192576957324,1.38290948535325,1.0752037881081,1.1852252788291,1.23970640182861,1.45099563399346,2.03775434149541,"BondTier","small","small","small_small","Pittosporum bicolor","Eucalyptus obliqua","between","between_species_small_small","Pittosporum bicolor small_Eucalyptus obliqua small",0.105876785851243,NA,-0.149285462243522,0.265743911891072,0.415029374134594
"722",722,"Eucalyptus obliqua small","Acacia melanoxylon large",0.0690866087770547,1.39863947184123,1.17896594677637,1.26495037685308,1.36571753979901,1.5205698481306,1.87992336755754,"BondTier","small","large","large_small","Eucalyptus obliqua","Acacia melanoxylon","between","between_species_large_small","Eucalyptus obliqua small_Acacia melanoxylon large",0.170893896774983,NA,-0.287784256158212,0.382107509555132,0.669891765713344
"723",723,"Nothofagus cunninghamii small","Eucalyptus obliqua large",0.074343018935871,1.45050922079073,1.13972389177336,1.24659080273068,1.30707775033475,1.63898628174877,2.28525313165345,"BondTier","small","large","large_small","Nothofagus cunninghamii","Eucalyptus obliqua","between","between_species_large_small","Nothofagus cunninghamii small_Eucalyptus obliqua large",0.186751070219204,NA,-0.250727032002226,0.481323711405675,0.732050743407902
"724",724,"Eucalyptus obliqua large","Pomaderris apetala large",0.0874600587233492,1.40438001561072,1.07382546634299,1.14710975261752,1.39833830116434,1.50037731330259,2.04681496216176,"BondTier","large","large","large_large","Eucalyptus obliqua","Pomaderris apetala","between","between_species_large_large","Eucalyptus obliqua large_Pomaderris apetala large",0.249475356457985,NA,-0.43323447777828,0.544690949597607,0.977925427375887
"725",725,"Olearia argophylla small","Eucalyptus obliqua large",0.098183852369031,1.69552380899441,1.14802288403764,1.47196649828149,1.65957404905435,1.85246993528164,2.66963675921305,"BondTier","small","large","large_small","Olearia argophylla","Eucalyptus obliqua","between","between_species_large_small","Olearia argophylla small_Eucalyptus obliqua large",0.21253634641975,NA,-0.292345043940932,0.540782124835944,0.833127168776876
"726",726,"Pomaderris apetala small","Eucalyptus obliqua small",0.108230233810785,3.41091573791814,1.16809513017356,1.42057950655192,1.9215882371088,3.68675713834791,17.697488672978,"BondTier","small","small","small_small","Pomaderris apetala","Eucalyptus obliqua","between","between_species_small_small","Pomaderris apetala small_Eucalyptus obliqua small",0.0516268837460091,1,0.00265933961898694,0.205033005171415,0.202373665552428
"727",727,"Eucalyptus obliqua large","Acacia melanoxylon small",0.180847556118642,2.39710984467748,1.26659452781107,1.76932950119582,2.28305820919102,2.75577705264946,4.26434239720351,"BondTier","large","small","large_small","Eucalyptus obliqua","Acacia melanoxylon","between","between_species_large_small","Eucalyptus obliqua large_Acacia melanoxylon small",0.406398780018443,NA,-0.800174489517004,0.792879454877325,1.59305394439433
"728",728,"Pomaderris apetala small","Pomaderris apetala large",0.183595282267531,43.5634351431929,1.86842239911342,3.27355795037766,8.44908290373804,60.5575423391758,236.679435182914,"BondTier","small","large","large_small","Pomaderris apetala","Pomaderris apetala","within","within_species_large_small","Pomaderris apetala small_Pomaderris apetala large",0.0819662781310259,1,0.0170048440248648,0.338306750192072,0.321301906167208
"729",729,"Eucalyptus obliqua small","Eucalyptus obliqua small",0.210591919614738,0.545707348660999,0.158167683497143,0.201466428138755,0.404403026807796,0.857487332163832,1.26736988048724,"BondTier","small","small","small_small","Eucalyptus obliqua","Eucalyptus obliqua","within","within_species_small_small","Eucalyptus obliqua small_Eucalyptus obliqua small",0.120740613837519,NA,-0.0347581270579197,0.438536382127671,0.473294509185591
"730",730,"Eucalyptus obliqua small","Nothofagus cunninghamii large",0.229905872181192,4.3200331003767,1.22802385100161,1.5337147514304,2.03632422386916,6.18767266280258,14.5816689170002,"BondTier","small","large","large_small","Eucalyptus obliqua","Nothofagus cunninghamii","between","between_species_large_small","Eucalyptus obliqua small_Nothofagus cunninghamii large",0.249931015282757,NA,-0.244952386390267,0.7347591907572,0.979711577147467
"731",731,"Pomaderris apetala large","Acacia melanoxylon large",0.234315090100487,2.60115047667941,1.21454439314121,2.05876165974544,2.36744967948578,2.91900430946096,5.13648405914434,"BondTier","large","large","large_large","Pomaderris apetala","Acacia melanoxylon","between","between_species_large_large","Pomaderris apetala large_Acacia melanoxylon large",0.264276775857256,NA,-0.300968964558519,0.734976960702655,1.03594592526117
"732",732,"Olearia argophylla small","Acacia melanoxylon small",0.255474961563639,4.85294330306685,1.44287812097123,2.81142279710619,3.82189227091273,6.40493287405997,12.2669447346895,"BondTier","small","small","small_small","Olearia argophylla","Acacia melanoxylon","between","between_species_small_small","Olearia argophylla small_Acacia melanoxylon small",0.262064180185369,NA,-0.207573143668614,0.819699565934061,1.02727270960268
"733",733,"Olearia argophylla small","Acacia melanoxylon large",0.276186008333955,7.36652752588611,2.66784673211057,4.05989329605378,6.94692002823489,9.11584345976408,14.4509525122583,"BondTier","small","large","large_small","Olearia argophylla","Acacia melanoxylon","between","between_species_large_small","Olearia argophylla small_Acacia melanoxylon large",0.215570599201004,NA,-0.151864002451519,0.693157218667853,0.845021221119372
"734",734,"Nothofagus cunninghamii small","Nothofagus cunninghamii large",0.278908359109879,7.54386016598484,1.87151037809337,2.40361498111911,4.03168978058966,7.70199121280395,33.1923601575916,"BondTier","small","large","large_small","Nothofagus cunninghamii","Nothofagus cunninghamii","within","within_species_large_small","Nothofagus cunninghamii small_Nothofagus cunninghamii large",0.29520838376371,NA,-0.26216232275742,0.895033277464881,1.1571956002223
"735",735,"Pomaderris apetala small","Pomaderris apetala small",0.311719520535715,14.350153774795,1.94754086425163,9.06860450825671,11.604122554205,14.9765532369675,44.9512315413825,"BondTier","small","small","small_small","Pomaderris apetala","Pomaderris apetala","within","within_species_small_small","Pomaderris apetala small_Pomaderris apetala small",0.0724215056246619,1,0.18425818506833,0.468145270529335,0.283887085461005
"736",736,"Nothofagus cunninghamii small","Pomaderris apetala large",0.351776459446136,9.36750464197755,2.08597529221816,2.79512392192534,3.7004806934883,14.9260913233249,44.6725016526719,"BondTier","small","large","large_small","Nothofagus cunninghamii","Pomaderris apetala","between","between_species_large_small","Nothofagus cunninghamii small_Pomaderris apetala large",0.184829527352852,NA,-0.0285822472189935,0.695936186563307,0.7245184337823
"737",737,"Pittosporum bicolor small","Acacia melanoxylon small",0.362740523708998,19.2853016398957,2.86387526539462,4.80011629999135,7.24948713742595,21.5082018650689,142.724841577955,"BondTier","small","small","small_small","Pittosporum bicolor","Acacia melanoxylon","between","between_species_small_small","Pittosporum bicolor small_Acacia melanoxylon small",0.21875077267162,NA,-0.0683904477882261,0.789096824265142,0.857487272053368
"738",738,"Pittosporum bicolor small","Pomaderris apetala large",0.36907110951668,14.5176017291178,1.48705303752813,2.13761784981863,4.16776832968002,7.15389363143673,109.375353917462,"BondTier","small","large","large_small","Pittosporum bicolor","Pomaderris apetala","between","between_species_large_small","Pittosporum bicolor small_Pomaderris apetala large",0.1730448186567,1,0.0124070238228106,0.690730248379604,0.678323224556793
"739",739,"Olearia argophylla small","Nothofagus cunninghamii large",0.431474627962341,28.5278791250401,4.0816030807419,6.61420529855985,13.0009915490186,29.9976049503403,138.310041094698,"BondTier","small","large","large_small","Olearia argophylla","Nothofagus cunninghamii","between","between_species_large_small","Olearia argophylla small_Nothofagus cunninghamii large",0.326022322712902,NA,-0.186589841846623,1.09139417950014,1.27798402134676
"740",740,"Nothofagus cunninghamii small","Acacia melanoxylon small",0.443330140262217,20.5347237801402,2.49405251151421,4.52843577427248,9.03483379132261,15.0894351134495,101.17679160368,"BondTier","small","small","small_small","Nothofagus cunninghamii","Acacia melanoxylon","between","between_species_small_small","Nothofagus cunninghamii small_Acacia melanoxylon small",0.293987072035196,NA,-0.108632224540298,1.04377592167844,1.15240814621873
"741",741,"Eucalyptus obliqua small","Acacia melanoxylon small",0.481138248182604,30.0102978355708,2.66669227356155,5.25644236037625,12.3618861369439,39.912184779145,130.670303659637,"BondTier","small","small","small_small","Eucalyptus obliqua","Acacia melanoxylon","between","between_species_small_small","Eucalyptus obliqua small_Acacia melanoxylon small",0.247078621070199,NA,-0.0178644162168671,0.950665981077951,0.968530397294818
"742",742,"Pomaderris apetala large","Nothofagus cunninghamii large",0.486305918421229,13.2988390236289,1.25144604997106,6.33946055149977,8.81095498316316,10.4253956899797,66.641704441946,"BondTier","large","large","large_large","Pomaderris apetala","Nothofagus cunninghamii","between","between_species_large_large","Pomaderris apetala large_Nothofagus cunninghamii large",0.350610344499294,NA,-0.238437581378175,1.13592971427342,1.37436729565159
"743",743,"Nothofagus cunninghamii large","Eucalyptus obliqua large",-0.63231249828177,0.322000306399215,0.00477701081799778,0.0612858534568288,0.17067114803246,0.592555716891007,0.938313640612875,"Supersite","large","large","large_large","Nothofagus cunninghamii","Eucalyptus obliqua","between","between_species_large_large","Nothofagus cunninghamii large_Eucalyptus obliqua large",0.325990141429037,NA,-1.27537114511949,0.00248672791257576,1.27785787303206
"744",744,"Acacia melanoxylon small","Acacia melanoxylon small",-0.547496003474032,0.0170866192790465,0.00069182310579287,0.00230435904205283,0.0060992036321819,0.0155857635246114,0.168614373822429,"Supersite","small","small","small_small","Acacia melanoxylon","Acacia melanoxylon","within","within_species_small_small","Acacia melanoxylon small_Acacia melanoxylon small",0.486355758373376,NA,-1.4931096062037,0.413369933967267,1.90647954017096
"745",745,"Acacia melanoxylon large","Acacia melanoxylon large",-0.525488959658597,0.151678714439677,0.037255189131567,0.0690194891250906,0.12860736322471,0.20878771633903,0.453867418487567,"Supersite","large","large","large_large","Acacia melanoxylon","Acacia melanoxylon","within","within_species_large_large","Acacia melanoxylon large_Acacia melanoxylon large",0.365024136502254,NA,-1.24825543530884,0.182612886755658,1.4308683220645
"746",746,"Pomaderris apetala large","Pomaderris apetala large",-0.519543169349116,0.179349267090543,0.0608195028604964,0.10816768918374,0.170426767811825,0.215001472713068,0.376517672837712,"Supersite","large","large","large_large","Pomaderris apetala","Pomaderris apetala","within","within_species_large_large","Pomaderris apetala large_Pomaderris apetala large",0.486767007445858,NA,-1.46820135282963,0.439890254082816,1.90809160691244
"747",747,"Nothofagus cunninghamii small","Acacia melanoxylon small",-0.399680074729493,0.418612667418085,0.00111301027679351,0.0870499430579341,0.341162139636018,0.745771662829708,0.961774282352328,"Supersite","small","small","small_small","Nothofagus cunninghamii","Acacia melanoxylon","between","between_species_small_small","Nothofagus cunninghamii small_Acacia melanoxylon small",0.185623050848298,1,-0.758091234693719,-0.0304622459674959,0.727628988726223
"748",748,"Pomaderris apetala large","Eucalyptus obliqua small",-0.356635207906228,0.657949243037174,0.141531047422479,0.402409015334216,0.826971889261807,0.886523054319625,0.952922122630315,"Supersite","large","small","large_small","Pomaderris apetala","Eucalyptus obliqua","between","between_species_large_small","Pomaderris apetala large_Eucalyptus obliqua small",0.223503162752024,NA,-0.794339691985516,0.0817766068640061,0.876116298849522
"749",749,"Eucalyptus obliqua large","Eucalyptus obliqua large",-0.32817136064072,0.0989767573187532,0.0281772381416111,0.0586205311057403,0.078079884523567,0.131522955930563,0.262503854619353,"Supersite","large","large","large_large","Eucalyptus obliqua","Eucalyptus obliqua","within","within_species_large_large","Eucalyptus obliqua large_Eucalyptus obliqua large",0.228934560376705,NA,-0.776182946641255,0.121224039668448,0.897406986309703
"750",750,"Nothofagus cunninghamii large","Nothofagus cunninghamii large",-0.285657115574993,0.0699221014623467,0.00030592280021515,0.00102623278302932,0.00723742035612222,0.074952190887723,0.371343297077605,"Supersite","large","large","large_large","Nothofagus cunninghamii","Nothofagus cunninghamii","within","within_species_large_large","Nothofagus cunninghamii large_Nothofagus cunninghamii large",0.323637331203043,NA,-0.928963428525036,0.339671597896215,1.26863502642125
"751",751,"Acacia melanoxylon large","Eucalyptus obliqua small",-0.243906215444641,0.607829010410932,0.249016814941021,0.438395788922217,0.636626793114688,0.779869486492314,0.882254174163434,"Supersite","large","small","large_small","Acacia melanoxylon","Eucalyptus obliqua","between","between_species_large_small","Acacia melanoxylon large_Eucalyptus obliqua small",0.166664688712186,NA,-0.5718726041847,0.0814409705562269,0.653313574740927
"752",752,"Nothofagus cunninghamii large","Pomaderris apetala small",-0.221333062123449,0.76855568509939,0.154428371554966,0.700777118295925,0.855898460301838,0.916614615210163,0.979166688696599,"Supersite","large","small","large_small","Nothofagus cunninghamii","Pomaderris apetala","between","between_species_large_small","Nothofagus cunninghamii large_Pomaderris apetala small",0.132970297685382,NA,-0.483691510667207,0.037542478286628,0.521233988953835
"753",753,"Acacia melanoxylon large","Nothofagus cunninghamii small",-0.205016472294191,0.750808322653444,0.379672595899191,0.659317109285945,0.812509777323286,0.86434302184244,0.899858381016623,"Supersite","large","small","large_small","Acacia melanoxylon","Nothofagus cunninghamii","between","between_species_large_small","Acacia melanoxylon large_Nothofagus cunninghamii small",0.256691623956113,NA,-0.7144778329783,0.29173484319586,1.00621267617416
"754",754,"Pomaderris apetala large","Nothofagus cunninghamii small",-0.182881403925587,0.874418049374233,0.528136997962403,0.820521253633193,0.930274939130208,0.957854052262768,0.974373872095574,"Supersite","large","small","large_small","Pomaderris apetala","Nothofagus cunninghamii","between","between_species_large_small","Pomaderris apetala large_Nothofagus cunninghamii small",0.271577244877022,NA,-0.71693023787378,0.347633000085378,1.06456323795916
"755",755,"Pomaderris apetala large","Acacia melanoxylon large",-0.071187983740678,0.814341515668436,0.667067128680196,0.760073342567923,0.814057622409448,0.857132663863062,0.959751613429007,"Supersite","large","large","large_large","Pomaderris apetala","Acacia melanoxylon","between","between_species_large_large","Pomaderris apetala large_Acacia melanoxylon large",0.287596898254764,NA,-0.631017032880072,0.496342092409464,1.12735912528954
"756",756,"Pomaderris apetala small","Pomaderris apetala large",0.00228823719878897,1.02625262132305,1.01168583575008,1.01603890555158,1.02022854422279,1.03979577205312,1.05125559125564,"Supersite","small","large","large_small","Pomaderris apetala","Pomaderris apetala","within","within_species_large_small","Pomaderris apetala small_Pomaderris apetala large",0.0930813997957011,NA,-0.177584220781967,0.187288161678329,0.364872382460296
"757",757,"Eucalyptus obliqua large","Acacia melanoxylon large",0.00431256885491455,1.02155960589669,1.01033379623656,1.01457662689913,1.02172233877686,1.02630975898594,1.03485327075797,"Supersite","large","large","large_large","Eucalyptus obliqua","Acacia melanoxylon","between","between_species_large_large","Eucalyptus obliqua large_Acacia melanoxylon large",0.252598128323145,NA,-0.489942982325608,0.500223485825575,0.990166468151183
"758",758,"Pomaderris apetala small","Eucalyptus obliqua large",0.0132180631974056,1.09523588348582,1.00296799054859,1.03694016190774,1.09314029915379,1.13411642838091,1.26088917793059,"Supersite","small","large","large_small","Pomaderris apetala","Eucalyptus obliqua","between","between_species_large_small","Pomaderris apetala small_Eucalyptus obliqua large",0.0757467898473709,NA,-0.129463367337722,0.167458592753021,0.296921960090742
"759",759,"Pomaderris apetala small","Nothofagus cunninghamii small",0.0380914425337729,1.116780879225,1.00956594637934,1.03579887542443,1.05893730286249,1.13186273530721,1.59900816106696,"Supersite","small","small","small_small","Pomaderris apetala","Nothofagus cunninghamii","between","between_species_small_small","Pomaderris apetala small_Nothofagus cunninghamii small",0.0645017485669156,NA,-0.0873822382289351,0.16545997003309,0.252842208262025
"760",760,"Pomaderris apetala small","Eucalyptus obliqua small",0.0403242981294434,1.27207970118928,1.01072567685967,1.04066953217217,1.14774986359962,1.33637927937601,2.36872927906043,"Supersite","small","small","small_small","Pomaderris apetala","Eucalyptus obliqua","between","between_species_small_small","Pomaderris apetala small_Eucalyptus obliqua small",0.0534179279449317,NA,-0.0645291378569065,0.144865291944737,0.209394429801644
"761",761,"Eucalyptus obliqua small","Eucalyptus obliqua small",0.0410099192860248,0.534684137461395,0.236365451048422,0.30371134742906,0.458503491051348,0.835776787561136,0.973990156544325,"Supersite","small","small","small_small","Eucalyptus obliqua","Eucalyptus obliqua","within","within_species_small_small","Eucalyptus obliqua small_Eucalyptus obliqua small",0.123134347097829,NA,-0.197759325767461,0.284918445375738,0.482677771143199
"762",762,"Pomaderris apetala small","Acacia melanoxylon large",0.0560295987500964,1.69241036370315,1.10005697143321,1.29266240063217,1.43139000341622,1.88449128731172,3.08494214289456,"Supersite","small","large","large_small","Pomaderris apetala","Acacia melanoxylon","between","between_species_large_small","Pomaderris apetala small_Acacia melanoxylon large",0.0834618321014325,NA,-0.106622316328298,0.220542053676775,0.327164370005073
"763",763,"Nothofagus cunninghamii small","Eucalyptus obliqua small",0.0608191009299256,1.49012421968516,1.00718981118983,1.16421430070228,1.45504575200411,1.79038285457199,2.15691006280864,"Supersite","small","small","small_small","Nothofagus cunninghamii","Eucalyptus obliqua","between","between_species_small_small","Nothofagus cunninghamii small_Eucalyptus obliqua small",0.126772421542723,NA,-0.188029502451553,0.308909258461782,0.496938760913335
"764",764,"Eucalyptus obliqua small","Nothofagus cunninghamii large",0.0711002445411419,1.62477678421656,1.10954899436371,1.31444545552328,1.62348748888018,1.90275901966771,2.13667549342051,"Supersite","small","large","large_small","Eucalyptus obliqua","Nothofagus cunninghamii","between","between_species_large_small","Eucalyptus obliqua small_Nothofagus cunninghamii large",0.19198945968338,NA,-0.30936005829558,0.443224794485879,0.752584852781459
"765",765,"Pomaderris apetala small","Acacia melanoxylon small",0.0816512456863509,1.95524192450266,1.01956590654281,1.33015786936368,1.75004180479263,2.35119714193058,4.05776988563515,"Supersite","small","small","small_small","Pomaderris apetala","Acacia melanoxylon","between","between_species_small_small","Pomaderris apetala small_Acacia melanoxylon small",0.0917978694705515,NA,-0.0970114002005652,0.262829635839015,0.35984103603958
"766",766,"Nothofagus cunninghamii large","Pomaderris apetala large",0.0954735754838382,1.30786750862438,1.01321824704457,1.13758849335146,1.2090838776094,1.35759286656459,2.54361312288936,"Supersite","large","large","large_large","Nothofagus cunninghamii","Pomaderris apetala","between","between_species_large_large","Nothofagus cunninghamii large_Pomaderris apetala large",0.380158839014647,NA,-0.643705600986945,0.846489664759592,1.49019526574654
"767",767,"Eucalyptus obliqua small","Eucalyptus obliqua large",0.116796866756506,2.0444068408641,1.24731245783369,1.5112225982134,1.76629865788953,2.47631043101215,4.21923069899682,"Supersite","small","large","large_small","Eucalyptus obliqua","Eucalyptus obliqua","within","within_species_large_small","Eucalyptus obliqua small_Eucalyptus obliqua large",0.148302242205707,NA,-0.181119549261079,0.400214557838362,0.581334107099441
"768",768,"Nothofagus cunninghamii small","Nothofagus cunninghamii small",0.125694939816284,0.567914949850462,0.0661924652441314,0.140921720306628,0.22779870033242,0.741601549139197,2.31555895047761,"Supersite","small","small","small_small","Nothofagus cunninghamii","Nothofagus cunninghamii","within","within_species_small_small","Nothofagus cunninghamii small_Nothofagus cunninghamii small",0.156232933869711,NA,-0.179280096594933,0.43314175057239,0.612421847167324
"769",769,"Eucalyptus obliqua large","Pomaderris apetala large",0.189074513968299,3.12841107429775,2.10478697077155,2.75376518540847,2.98447669216076,3.27364475248506,5.31285057978504,"Supersite","large","large","large_large","Eucalyptus obliqua","Pomaderris apetala","between","between_species_large_large","Eucalyptus obliqua large_Pomaderris apetala large",0.261535449803351,NA,-0.329455754987118,0.695744369602984,1.0252001245901
"770",770,"Acacia melanoxylon small","Acacia melanoxylon large",0.223006227444161,4.18767358298972,1.96298128467628,3.59677042152482,4.11196413252396,4.60503228632664,7.85626989785794,"Supersite","small","large","large_small","Acacia melanoxylon","Acacia melanoxylon","within","within_species_large_small","Acacia melanoxylon small_Acacia melanoxylon large",0.267521884306207,NA,-0.298017409581426,0.750649107051486,1.04866651663291
"771",771,"Acacia melanoxylon small","Eucalyptus obliqua large",0.223530481398767,3.19053861355878,1.34716952190815,2.18616484182508,3.16108320349573,4.19013694395532,5.55367742778979,"Supersite","small","large","large_small","Acacia melanoxylon","Eucalyptus obliqua","between","between_species_large_small","Acacia melanoxylon small_Eucalyptus obliqua large",0.244790792886863,NA,-0.25473179325536,0.704830482355149,0.959562275610508
"772",772,"Nothofagus cunninghamii large","Acacia melanoxylon large",0.232432940475393,2.65156094564138,1.05854417510151,1.18177891436063,1.71745015696399,2.85382704896694,9.81582876311262,"Supersite","large","large","large_large","Nothofagus cunninghamii","Acacia melanoxylon","between","between_species_large_large","Nothofagus cunninghamii large_Acacia melanoxylon large",0.403635141836604,NA,-0.547512691392403,1.03470799039652,1.58222068178892
"773",773,"Eucalyptus obliqua small","Acacia melanoxylon small",0.236039104084378,4.19754604590856,1.6891305594389,2.09205211205007,2.84369038377364,4.61171444773179,17.5515954444666,"Supersite","small","small","small_small","Eucalyptus obliqua","Acacia melanoxylon","between","between_species_small_small","Eucalyptus obliqua small_Acacia melanoxylon small",0.171523448404993,NA,-0.0992468199393357,0.573112742816464,0.6723595627558
"774",774,"Acacia melanoxylon small","Pomaderris apetala large",0.314523079443991,11.0779819230167,6.04970589897645,8.4370071670906,10.0164338005213,11.5073650511092,25.8394403043053,"Supersite","small","large","large_small","Acacia melanoxylon","Pomaderris apetala","between","between_species_large_small","Acacia melanoxylon small_Pomaderris apetala large",0.309640963570864,NA,-0.297813648181451,0.915956625292893,1.21377027347434
"775",775,"Nothofagus cunninghamii small","Eucalyptus obliqua large",0.339734940321123,30.7223991688123,1.02805663633818,1.23161368023256,3.63829334770426,37.2789058285752,300.133644187584,"Supersite","small","large","large_small","Nothofagus cunninghamii","Eucalyptus obliqua","between","between_species_large_small","Nothofagus cunninghamii small_Eucalyptus obliqua large",0.219288467741784,NA,-0.0822394433925657,0.777355554605175,0.859594997997741
"776",776,"Pomaderris apetala small","Pomaderris apetala small",0.482509175172793,35.1550891266325,2.74388586225719,13.7228878249261,25.1182697277678,38.1758987242765,207.259914281334,"Supersite","small","small","small_small","Pomaderris apetala","Pomaderris apetala","within","within_species_small_small","Pomaderris apetala small_Pomaderris apetala small",0.0685160828652728,1,0.351472396239062,0.620050505794456,0.268578109555393
"777",777,"Nothofagus cunninghamii small","Nothofagus cunninghamii large",0.526591624559387,369.36825860531,2.61551579973724,22.0428624065946,81.3466522802252,768.596758964245,1633.0552008948,"Supersite","small","large","large_small","Nothofagus cunninghamii","Nothofagus cunninghamii","within","within_species_large_small","Nothofagus cunninghamii small_Nothofagus cunninghamii large",0.214966948753954,1,0.113330279930569,0.955985234779005,0.842654954848436
"778",778,"Acacia melanoxylon small","Nothofagus cunninghamii large",0.549583545567121,17.9597764070425,2.55473114187008,6.80863433519824,11.5036457027156,22.3432333289872,117.121451104099,"Supersite","small","large","large_small","Acacia melanoxylon","Nothofagus cunninghamii","between","between_species_large_small","Acacia melanoxylon small_Nothofagus cunninghamii large",0.253204318673492,1,0.0473624385979081,1.039905129258,0.992542690660092
"779",779,"Acacia dealbata large","Acacia dealbata large",-0.429435148451128,0.521869748418325,0.175417535037227,0.293563667328139,0.476732186154753,0.614353857379417,1.35923450837325,"Mackenzie","large","large","large_large","Acacia dealbata","Acacia dealbata","within","within_species_large_large","Acacia dealbata large_Acacia dealbata large",0.430312084426955,NA,-1.27265175000822,0.414140625170157,1.68679237517838
"780",780,"Leptospermum lanigerum large","Acacia dealbata small",-0.275435695909092,0.635840543001303,0.179329372386819,0.44711225467756,0.663801192646669,0.792150775590091,0.924485944928963,"Mackenzie","large","small","large_small","Leptospermum lanigerum","Acacia dealbata","between","between_species_large_small","Leptospermum lanigerum large_Acacia dealbata small",0.15676802161714,NA,-0.575789224641123,0.0387301279532585,0.614519352594382
"781",781,"Leptospermum lanigerum large","Acacia dealbata large",-0.230067067117661,0.593827771014005,0.232694329420194,0.438085670018969,0.626345352759688,0.741283632691118,0.875525522225093,"Mackenzie","large","large","large_large","Leptospermum lanigerum","Acacia dealbata","between","between_species_large_large","Leptospermum lanigerum large_Acacia dealbata large",0.176793699451315,NA,-0.579671254914507,0.113347312321846,0.693018567236353
"782",782,"Acacia dealbata large","Eucalyptus delegatensis large",-0.151050029960811,0.739864853746496,0.475823547744036,0.670657442240832,0.773904261679335,0.804967201476658,0.884736732614695,"Mackenzie","large","large","large_large","Acacia dealbata","Eucalyptus delegatensis","between","between_species_large_large","Acacia dealbata large_Eucalyptus delegatensis large",0.101756257485133,NA,-0.350126595382993,0.0487506043618961,0.398877199744889
"783",783,"Leptospermum lanigerum large","Eucalyptus delegatensis large",-0.140143262997567,0.790419677438124,0.572949140094068,0.709456676117955,0.792895083213948,0.875977762830827,0.972031250748717,"Mackenzie","large","large","large_large","Leptospermum lanigerum","Eucalyptus delegatensis","between","between_species_large_large","Leptospermum lanigerum large_Eucalyptus delegatensis large",0.0755657600258874,NA,-0.290537575195537,0.00567476103473438,0.296212336230271
"784",784,"Acacia dealbata large","Eucalyptus delegatensis small",-0.130793900412904,0.781840904325884,0.495262617076113,0.736109301340552,0.799962640160684,0.835250543162785,0.915212050128401,"Mackenzie","large","small","large_small","Acacia dealbata","Eucalyptus delegatensis","between","between_species_large_small","Acacia dealbata large_Eucalyptus delegatensis small",0.07281291239501,NA,-0.274709450968809,0.0107119208385702,0.285421371807379
"785",785,"Eucalyptus delegatensis large","Eucalyptus delegatensis large",-0.112930461544075,0.706727879195648,0.394877182422448,0.622514438916485,0.701315024542054,0.796084565491649,1.05593707580722,"Mackenzie","large","large","large_large","Eucalyptus delegatensis","Eucalyptus delegatensis","within","within_species_large_large","Eucalyptus delegatensis large_Eucalyptus delegatensis large",0.116541440234712,NA,-0.343954157173832,0.112879893959095,0.456834051132927
"786",786,"Acacia dealbata small","Eucalyptus delegatensis large",-0.111391278319821,0.678288840493885,0.424611864862646,0.635169839488037,0.682536094104973,0.738828043820313,0.874288553970815,"Mackenzie","small","large","large_small","Acacia dealbata","Eucalyptus delegatensis","between","between_species_large_small","Acacia dealbata small_Eucalyptus delegatensis large",0.0945652159306592,NA,-0.302253637707372,0.0684351971213189,0.370688834828691
"787",787,"Acacia dealbata small","Acacia dealbata small",-0.082742899226287,0.635332679850804,0.404822085051878,0.507347295618193,0.661024411292515,0.7571756659599,0.850602403600616,"Mackenzie","small","small","small_small","Acacia dealbata","Acacia dealbata","within","within_species_small_small","Acacia dealbata small_Acacia dealbata small",0.187722631341697,NA,-0.446018976594723,0.28984021643091,0.735859193025633
"788",788,"Nematolepis squamea subsp squamea small","Eucalyptus delegatensis small",-0.0596138331127241,0.833417429803484,0.562169241239523,0.786139960079564,0.861379612034743,0.89268423091341,0.944640777798674,"Mackenzie","small","small","small_small","Nematolepis squamea","Eucalyptus delegatensis","between","between_species_small_small","Nematolepis squamea subsp squamea small_Eucalyptus delegatensis small",0.0442431702915851,NA,-0.146867558326189,0.0265624823405697,0.173430040666759
"789",789,"Leptospermum lanigerum large","Eucalyptus delegatensis small",-0.0491518974373373,0.920378091307422,0.723464143929325,0.885355220189144,0.932711691445846,0.967585585264562,0.990470106781673,"Mackenzie","large","small","large_small","Leptospermum lanigerum","Eucalyptus delegatensis","between","between_species_large_small","Leptospermum lanigerum large_Eucalyptus delegatensis small",0.0623087074373116,NA,-0.175541072244556,0.0687045727561915,0.244245645000748
"790",790,"Leptospermum lanigerum small","Eucalyptus delegatensis small",-0.0464974052905583,0.884457802644147,0.656977916099666,0.862866842262563,0.900735938753975,0.926490804864826,0.965590861975826,"Mackenzie","small","small","small_small","Leptospermum lanigerum","Eucalyptus delegatensis","between","between_species_small_small","Leptospermum lanigerum small_Eucalyptus delegatensis small",0.0444155348873865,NA,-0.131686682165853,0.0424190153008666,0.17410569746672
"791",791,"Leptospermum lanigerum small","Nematolepis squamea subsp squamea small",-0.0438217095458033,0.874891723616324,0.60338719878088,0.830162146059029,0.911223871226204,0.939547022632187,0.95735385111171,"Mackenzie","small","small","small_small","Leptospermum lanigerum","Nematolepis squamea","between","between_species_small_small","Leptospermum lanigerum small_Nematolepis squamea subsp squamea small",0.0535492554537888,NA,-0.149959628632553,0.0599495955441693,0.209909224176722
"792",792,"Acacia dealbata large","Nematolepis squamea subsp squamea small",-0.0228710349919709,0.944516777667482,0.885080929028524,0.927404767642649,0.946885834369693,0.974020684447151,0.980206934399973,"Mackenzie","large","small","large_small","Acacia dealbata","Nematolepis squamea","between","between_species_large_small","Acacia dealbata large_Nematolepis squamea subsp squamea small",0.116880642697165,NA,-0.253199856827889,0.204963843524786,0.458163700352675
"793",793,"Leptospermum lanigerum small","Eucalyptus delegatensis large",-0.016430306658264,0.953582775671057,0.83374572813209,0.950752037517886,0.964809842846719,0.976537929568451,0.984860589996277,"Mackenzie","small","large","large_small","Leptospermum lanigerum","Eucalyptus delegatensis","between","between_species_large_small","Leptospermum lanigerum small_Eucalyptus delegatensis large",0.0536767800814266,NA,-0.119605705271377,0.0908034062599688,0.210409111531346
"794",794,"Eucalyptus delegatensis small","Eucalyptus delegatensis large",0.0167329243116695,1.11920374711541,1.01449468671952,1.08715750616507,1.11019303982247,1.14089983010485,1.28770882491507,"Mackenzie","small","large","large_small","Eucalyptus delegatensis","Eucalyptus delegatensis","within","within_species_large_small","Eucalyptus delegatensis small_Eucalyptus delegatensis large",0.0472775015035049,NA,-0.0735246220935766,0.111799778358239,0.185324400451816
"795",795,"Acacia dealbata small","Leptospermum lanigerum small",0.0227912794396305,1.1015912875527,1.03595889269163,1.07004650178492,1.10945154503018,1.12811990305725,1.2030022860177,"Mackenzie","small","small","small_small","Acacia dealbata","Leptospermum lanigerum","between","between_species_small_small","Acacia dealbata small_Leptospermum lanigerum small",0.0807588921549979,NA,-0.137551443594492,0.179017596515808,0.3165690401103
"796",796,"Nematolepis squamea subsp squamea small","Leptospermum lanigerum large",0.03292907856212,1.15737917557733,1.03231489840489,1.06113640927211,1.11806306085254,1.16749294668015,1.44626633174179,"Mackenzie","small","large","large_small","Nematolepis squamea","Leptospermum lanigerum","between","between_species_large_small","Nematolepis squamea subsp squamea small_Leptospermum lanigerum large",0.101523777587432,NA,-0.167895563703671,0.230070331587972,0.397965895291643
"797",797,"Eucalyptus delegatensis small","Acacia dealbata small",0.045211979298373,1.49644482336823,1.10228070616279,1.36853107341355,1.48151344538231,1.61840197420434,1.9183623836783,"Mackenzie","small","small","small_small","Eucalyptus delegatensis","Acacia dealbata","between","between_species_small_small","Eucalyptus delegatensis small_Acacia dealbata small",0.0726438170080375,NA,-0.0958517629190938,0.188906767151449,0.284758530070543
"798",798,"Leptospermum lanigerum large","Leptospermum lanigerum large",0.0687015335239542,2.73402793484266,1.75659136057484,2.52901576111905,2.82776278058744,3.01051864086417,3.36523623884548,"Mackenzie","large","large","large_large","Leptospermum lanigerum","Leptospermum lanigerum","within","within_species_large_large","Leptospermum lanigerum large_Leptospermum lanigerum large",0.157015138509169,NA,-0.239230658213082,0.376257374797996,0.615488033011078
"799",799,"Acacia dealbata small","Acacia dealbata large",0.0939925207177953,1.70485581039323,1.34285828169862,1.50755139189734,1.61705384742657,1.80221164298743,2.43350828772618,"Mackenzie","small","large","large_small","Acacia dealbata","Acacia dealbata","within","within_species_large_small","Acacia dealbata small_Acacia dealbata large",0.16733353335802,NA,-0.233216595197265,0.422718802377835,0.6559353975751
"800",800,"Eucalyptus delegatensis large","Nematolepis squamea subsp squamea small",0.112553779674836,2.55579451175178,1.51512355804962,2.18707917499933,2.46081524469186,2.82164967227012,4.45541610741138,"Mackenzie","large","small","large_small","Eucalyptus delegatensis","Nematolepis squamea","between","between_species_large_small","Eucalyptus delegatensis large_Nematolepis squamea subsp squamea small",0.0709330666614539,NA,-0.0230385381649011,0.255013973773956,0.278052511938857
"801",801,"Leptospermum lanigerum small","Leptospermum lanigerum large",0.126721052762376,2.39017128894939,1.43430722519576,1.69830496277232,1.746378135194,2.08020668438474,5.75374865977861,"Mackenzie","small","large","large_small","Leptospermum lanigerum","Leptospermum lanigerum","within","within_species_large_small","Leptospermum lanigerum small_Leptospermum lanigerum large",0.0818677168758583,NA,-0.0346930120570707,0.286222541089338,0.320915553146408
"802",802,"Leptospermum lanigerum small","Acacia dealbata large",0.147187866095585,2.800295845784,1.18924650736611,1.34638235190718,1.68703795639789,3.55213870682252,8.79700035109291,"Mackenzie","small","large","large_small","Leptospermum lanigerum","Acacia dealbata","between","between_species_large_small","Leptospermum lanigerum small_Acacia dealbata large",0.137735104352811,NA,-0.125064258235839,0.414847429640912,0.539911687876751
"803",803,"Eucalyptus delegatensis small","Eucalyptus delegatensis small",0.206089096268782,5.43352693528872,2.05683471734224,4.18518259975603,5.10304045544105,6.49020745618074,10.4415247489157,"Mackenzie","small","small","small_small","Eucalyptus delegatensis","Eucalyptus delegatensis","within","within_species_small_small","Eucalyptus delegatensis small_Eucalyptus delegatensis small",0.0773215730158581,1,0.0457214634425089,0.348816460120641,0.303094996678132
"804",804,"Nematolepis squamea subsp squamea small","Acacia dealbata small",0.217026460006291,3.90993083439187,1.28306798809693,1.83955495258477,2.33518077925877,3.52245823761331,15.4258600871047,"Mackenzie","small","small","small_small","Nematolepis squamea","Acacia dealbata","between","between_species_small_small","Nematolepis squamea subsp squamea small_Acacia dealbata small",0.0999512833635034,1,0.0220670083821735,0.413868839584222,0.391801831202048
"805",805,"Leptospermum lanigerum small","Leptospermum lanigerum small",0.309781664434441,7.48877407245304,1.20466647471336,2.68221609279261,4.45160538963249,11.0827240917521,21.3621398382232,"Mackenzie","small","small","small_small","Leptospermum lanigerum","Leptospermum lanigerum","within","within_species_small_small","Leptospermum lanigerum small_Leptospermum lanigerum small",0.0696769448453115,1,0.178304961301719,0.451433566200907,0.273128604899188
"806",806,"Nematolepis squamea subsp squamea small","Nematolepis squamea subsp squamea small",0.343551735217155,3.1922268732663,0.906715424775494,1.81624164709,2.60265567000961,4.13864050224799,7.58384932356851,"Mackenzie","small","small","small_small","Nematolepis squamea","Nematolepis squamea","within","within_species_small_small","Nematolepis squamea subsp squamea small_Nematolepis squamea subsp squamea small",0.0985333199326235,1,0.15328580944228,0.539529326132489,0.386243516690209
"807",807,"Eucalyptus delegatensis large","Eucalyptus delegatensis large",-0.406681850400738,0.0153370378762717,0.00114057957424911,0.00406306825608226,0.00820758586415934,0.0153165636424712,0.206612193967352,"MtMaurice","large","large","large_large","Eucalyptus delegatensis","Eucalyptus delegatensis","within","within_species_large_large","Eucalyptus delegatensis large_Eucalyptus delegatensis large",0.187164802098227,1,-0.751217170888211,-0.0175446283160283,0.733672542572183
"808",808,"Eucalyptus dalrympleana large","Eucalyptus delegatensis small",-0.274103500502448,0.697087177001194,0.157352522244354,0.566583977354,0.760578977141309,0.875940980181311,0.96669070262627,"MtMaurice","large","small","large_small","Eucalyptus dalrympleana","Eucalyptus delegatensis","between","between_species_large_small","Eucalyptus dalrympleana large_Eucalyptus delegatensis small",0.0803685710921883,1,-0.418781586314894,-0.103742576655622,0.315039009659272
"809",809,"Eucalyptus dalrympleana large","Eucalyptus dalrympleana large",-0.211426761391514,0.426586308534296,0.21647021096142,0.281936015549131,0.37482898246991,0.480626638952412,1.23605047822712,"MtMaurice","large","large","large_large","Eucalyptus dalrympleana","Eucalyptus dalrympleana","within","within_species_large_large","Eucalyptus dalrympleana large_Eucalyptus dalrympleana large",0.205614289155705,NA,-0.593386155928325,0.212607046975648,0.805993202903972
"810",810,"Acacia dealbata small","Eucalyptus dalrympleana large",-0.114808310085344,0.807114101501748,0.365874387798227,0.766287680773542,0.798737447110858,0.893495981014856,0.984860058841116,"MtMaurice","small","large","large_small","Acacia dealbata","Eucalyptus dalrympleana","between","between_species_large_small","Acacia dealbata small_Eucalyptus dalrympleana large",0.146053079130298,NA,-0.402028036274061,0.170489513579063,0.572517549853124
"811",811,"Acacia dealbata small","Eucalyptus delegatensis small",-0.036393018802242,0.928711802055813,0.789185279187795,0.899588686844488,0.940469613630894,0.961308386835674,0.993357317211313,"MtMaurice","small","small","small_small","Acacia dealbata","Eucalyptus delegatensis","between","between_species_small_small","Acacia dealbata small_Eucalyptus delegatensis small",0.0620757795778728,NA,-0.158599639084536,0.0847329454852192,0.243332584569755
"812",812,"Eucalyptus dalrympleana small","Eucalyptus delegatensis small",-0.00585672062426298,0.981341774146954,0.945775827890319,0.973817320050086,0.983464159265175,0.990331531531448,0.997971479557472,"MtMaurice","small","small","small_small","Eucalyptus dalrympleana","Eucalyptus delegatensis","between","between_species_small_small","Eucalyptus dalrympleana small_Eucalyptus delegatensis small",0.0499985539585019,NA,-0.107248626856898,0.0887421032185948,0.195990730075493
"813",813,"Eucalyptus delegatensis large","Eucalyptus dalrympleana small",0.00429756398440597,1.03786333024178,1.01878798031608,1.03273085913547,1.0378572622787,1.04189300910726,1.05818862102657,"MtMaurice","large","small","large_small","Eucalyptus delegatensis","Eucalyptus dalrympleana","between","between_species_large_small","Eucalyptus delegatensis large_Eucalyptus dalrympleana small",0.0875777607778335,NA,-0.167464381614223,0.175834132328213,0.343298513942436
"814",814,"Eucalyptus dalrympleana small","Acacia dealbata small",0.00512511109974854,1.02895601728034,1.01412542906817,1.0220596129951,1.03056440258926,1.03892083330399,1.04581051827688,"MtMaurice","small","small","small_small","Eucalyptus dalrympleana","Acacia dealbata","between","between_species_small_small","Eucalyptus dalrympleana small_Acacia dealbata small",0.0885808312155688,NA,-0.167729499792299,0.179500978013973,0.347230477806273
"815",815,"Eucalyptus dalrympleana small","Eucalyptus dalrympleana large",0.0186311236368991,1.09681902623656,1.04176579375053,1.06197634113995,1.0816959715234,1.1288631608695,1.16582300481121,"MtMaurice","small","large","large_small","Eucalyptus dalrympleana","Eucalyptus dalrympleana","within","within_species_large_small","Eucalyptus dalrympleana small_Eucalyptus dalrympleana large",0.106716527894254,NA,-0.194717943151471,0.223603159304331,0.418321102455802
"816",816,"Eucalyptus delegatensis small","Eucalyptus delegatensis large",0.156400516413204,3.34547811642361,1.26009843907478,2.27447419978181,3.03361730664177,3.97785845975227,10.9411748991619,"MtMaurice","small","large","large_small","Eucalyptus delegatensis","Eucalyptus delegatensis","within","within_species_large_small","Eucalyptus delegatensis small_Eucalyptus delegatensis large",0.0778475845688956,NA,-0.00765371267427203,0.297503211402671,0.305156924076943
"817",817,"Eucalyptus delegatensis large","Acacia dealbata small",0.163380344468546,7.30375337092261,3.35642663077485,4.93660659502392,6.82005464655964,9.11383170494559,13.3974052864149,"MtMaurice","large","small","large_small","Eucalyptus delegatensis","Acacia dealbata","between","between_species_large_small","Eucalyptus delegatensis large_Acacia dealbata small",0.122808016192461,NA,-0.0765308135667168,0.404867763933355,0.481398577500072
"818",818,"Eucalyptus delegatensis small","Eucalyptus delegatensis small",0.190138617691667,1.60729419613505,0.680151655815704,1.23831749173995,1.58062692696828,1.8943140712647,2.8172851370628,"MtMaurice","small","small","small_small","Eucalyptus delegatensis","Eucalyptus delegatensis","within","within_species_small_small","Eucalyptus delegatensis small_Eucalyptus delegatensis small",0.0780171554525919,1,0.0596133861223608,0.365435015849046,0.305821629726685
"819",819,"Eucalyptus dalrympleana small","Eucalyptus dalrympleana small",0.215041528659241,3.02498062435355,1.5417715587279,2.37737508867424,2.88974314362924,3.69209115996074,5.02701999815579,"MtMaurice","small","small","small_small","Eucalyptus dalrympleana","Eucalyptus dalrympleana","within","within_species_small_small","Eucalyptus dalrympleana small_Eucalyptus dalrympleana small",0.0959313870305816,1,0.0196264739241033,0.395670601057929,0.376044127133825
"820",820,"Eucalyptus delegatensis large","Eucalyptus dalrympleana large",0.225965021904322,9.84137451432867,3.06208432632369,6.45543891245468,7.61328581098924,9.57802327994184,38.6212320367014,"MtMaurice","large","large","large_large","Eucalyptus delegatensis","Eucalyptus dalrympleana","between","between_species_large_large","Eucalyptus delegatensis large_Eucalyptus dalrympleana large",0.136764932933002,NA,-0.0515805775878576,0.484528108205583,0.536108685793441
"821",821,"Acacia dealbata small","Acacia dealbata small",0.280929512306478,2.38216211973656,1.07235333060932,1.2903400179795,2.14465636149843,2.78633369528119,5.0275164572077,"MtMaurice","small","small","small_small","Acacia dealbata","Acacia dealbata","within","within_species_small_small","Acacia dealbata small_Acacia dealbata small",0.151860967627083,NA,-0.0181010561524259,0.577182998260547,0.595284054412973
"822",822,"Eucalyptus delegatensis large","Eucalyptus delegatensis large",-0.35308768553818,0.0782657036281711,0.020564286654842,0.0427782775455487,0.060845715225812,0.103577903884016,0.261321787601299,"BenRidge","large","large","large_large","Eucalyptus delegatensis","Eucalyptus delegatensis","within","within_species_large_large","Eucalyptus delegatensis large_Eucalyptus delegatensis large",0.128494908287095,1,-0.597372654462421,-0.0936818695834558,0.503690784878965
"823",823,"Tasmannia lanceolata small","Acacia dealbata small",-0.127154363957044,0.694001341394051,0.188981702329088,0.631232958643956,0.736089089615361,0.794936880267158,0.927184152361748,"BenRidge","small","small","small_small","Tasmannia lanceolata","Acacia dealbata","between","between_species_small_small","Tasmannia lanceolata small_Acacia dealbata small",0.0444592766396335,1,-0.21333768207523,-0.0390605200904605,0.174277161984769
"824",824,"Acacia dealbata large","Tasmannia lanceolata small",-0.110324179136011,0.826149447434847,0.41922233294242,0.818941067521409,0.883147075093441,0.896057317252699,0.913260237425857,"BenRidge","large","small","large_small","Acacia dealbata","Tasmannia lanceolata","between","between_species_large_small","Acacia dealbata large_Tasmannia lanceolata small",0.0656048961621872,NA,-0.241623618847986,0.0155428485267678,0.257166467374754
"825",825,"Acacia dealbata large","Eucalyptus delegatensis large",-0.0686140788695042,0.832749451500185,0.586036086541276,0.781160657280003,0.839091486981316,0.899628728482014,0.954007355905197,"BenRidge","large","large","large_large","Acacia dealbata","Eucalyptus delegatensis","between","between_species_large_large","Acacia dealbata large_Eucalyptus delegatensis large",0.09019090710866,NA,-0.243564345406179,0.109977513925764,0.353541859331942
"826",826,"Acacia dealbata large","Acacia dealbata large",-0.0404562650519227,1.65619270152664,1.18900774866121,1.43252429433928,1.55499953983557,1.86114381335299,2.40308474500759,"BenRidge","large","large","large_large","Acacia dealbata","Acacia dealbata","within","within_species_large_large","Acacia dealbata large_Acacia dealbata large",0.173700050571958,NA,-0.385719775125606,0.295171911342041,0.680891686467647
"827",827,"Eucalyptus delegatensis large","Eucalyptus delegatensis small",-0.0366063900027068,0.801879946925436,0.720969332515702,0.778918946176425,0.804534332974612,0.824745537214168,0.896755325541913,"BenRidge","large","small","large_small","Eucalyptus delegatensis","Eucalyptus delegatensis","within","within_species_large_small","Eucalyptus delegatensis large_Eucalyptus delegatensis small",0.0372172184768284,NA,-0.112571552919359,0.0333172627193259,0.145888815638685
"828",828,"Acacia dealbata large","Acacia dealbata small",-0.00952860908546682,0.967513273722,0.927283314988814,0.961182860286748,0.971308656466314,0.977668404745863,0.991900182176036,"BenRidge","large","small","large_small","Acacia dealbata","Acacia dealbata","within","within_species_large_small","Acacia dealbata large_Acacia dealbata small",0.0791414644574951,NA,-0.162444148759552,0.147784691281342,0.310228840040894
"829",829,"Acacia dealbata large","Eucalyptus delegatensis small",-0.00371806036390416,0.989944421276156,0.974824630826946,0.987380206045563,0.99019417075992,0.993087452360065,0.997313501849057,"BenRidge","large","small","large_small","Acacia dealbata","Eucalyptus delegatensis","between","between_species_large_small","Acacia dealbata large_Eucalyptus delegatensis small",0.0297235673245218,NA,-0.0634960078617418,0.0530182350344869,0.116514242896229
"830",830,"Tasmannia lanceolata small","Eucalyptus delegatensis small",-0.0016760905969067,0.994449356872789,0.966029387366513,0.993824716971212,0.996135563696235,0.997119832562581,0.998990695043963,"BenRidge","small","small","small_small","Tasmannia lanceolata","Eucalyptus delegatensis","between","between_species_small_small","Tasmannia lanceolata small_Eucalyptus delegatensis small",0.0140686166417093,NA,-0.0301425610347051,0.025005402825397,0.055147963860102
"831",831,"Eucalyptus delegatensis small","Acacia dealbata small",0.00582786150182013,1.05599988132273,1.01590015527352,1.03582061297826,1.05278491885769,1.0772403373257,1.11900198587073,"BenRidge","small","small","small_small","Eucalyptus delegatensis","Acacia dealbata","between","between_species_small_small","Eucalyptus delegatensis small_Acacia dealbata small",0.0272910119543869,NA,-0.0466779791715482,0.0603008218929526,0.106978801064501
"832",832,"Eucalyptus delegatensis large","Tasmannia lanceolata small",0.045615865406734,1.3964287012488,1.22832550299461,1.28992955104615,1.31791780639842,1.47675827171903,2.20633141560052,"BenRidge","large","small","large_small","Eucalyptus delegatensis","Tasmannia lanceolata","between","between_species_large_small","Eucalyptus delegatensis large_Tasmannia lanceolata small",0.0449848333455245,NA,-0.0431753788798755,0.133161927535653,0.176337306415529
"833",833,"Eucalyptus delegatensis large","Acacia dealbata small",0.136170334917426,3.14784853837177,1.76296564626685,2.68849942117633,2.96847482422363,3.44401935903011,5.85452725808038,"BenRidge","large","small","large_small","Eucalyptus delegatensis","Acacia dealbata","between","between_species_large_small","Eucalyptus delegatensis large_Acacia dealbata small",0.0704120686123634,NA,-0.0003131417115442,0.275697095402847,0.276010237114391
"834",834,"Acacia dealbata small","Acacia dealbata small",0.207539833888927,1.5325895036171,0.625328551865581,1.14063267056735,1.46311578644358,1.90693206639136,2.76409745174846,"BenRidge","small","small","small_small","Acacia dealbata","Acacia dealbata","within","within_species_small_small","Acacia dealbata small_Acacia dealbata small",0.0854231383803726,1,0.0367116708175631,0.371564220161386,0.334852549343823
"835",835,"Eucalyptus delegatensis small","Eucalyptus delegatensis small",0.386963259883773,29.8914448699649,2.91086089861693,21.3488821047477,29.4036194449933,37.4955846025342,63.6298273252665,"BenRidge","small","small","small_small","Eucalyptus delegatensis","Eucalyptus delegatensis","within","within_species_small_small","Eucalyptus delegatensis small_Eucalyptus delegatensis small",0.0601366433883967,1,0.266510016126558,0.502241326511331,0.235731310384773
"836",836,"Tasmannia lanceolata small","Tasmannia lanceolata small",0.514103559185116,77.612163022322,2.22452978317446,20.3397855551982,86.2396992411192,108.205792893496,198.989875859534,"BenRidge","small","small","small_small","Tasmannia lanceolata","Tasmannia lanceolata","within","within_species_small_small","Tasmannia lanceolata small_Tasmannia lanceolata small",0.0528672097202898,1,0.401779074700069,0.609014728729857,0.207235654029788
"837",837,"Monotoca glauca small","Nothofagus cunninghamii small",-0.258277213674683,0.714188850509961,0.311868383701825,0.560519712318644,0.765822911542742,0.884982420086275,0.955658541500497,"Bird","small","small","small_small","Monotoca glauca","Nothofagus cunninghamii","between","between_species_small_small","Monotoca glauca small_Nothofagus cunninghamii small",0.0829071497554343,1,-0.421467012334811,-0.0964769571717711,0.32499005516304
"838",838,"Nothofagus cunninghamii large","Nothofagus cunninghamii large",-0.171244076242308,0.314530650791447,0.149957935480041,0.234173813128973,0.283913403124913,0.390148398860083,0.587555579743235,"Bird","large","large","large_large","Nothofagus cunninghamii","Nothofagus cunninghamii","within","within_species_large_large","Nothofagus cunninghamii large_Nothofagus cunninghamii large",0.171161891365004,NA,-0.499664922080624,0.171277363121708,0.670942285202332
"839",839,"Acacia melanoxylon small","Eucalyptus obliqua small",-0.0917640351804756,0.738272177760553,0.493920899900304,0.679734769085535,0.762479656697421,0.807223353001247,0.918151182853566,"Bird","small","small","small_small","Acacia melanoxylon","Eucalyptus obliqua","between","between_species_small_small","Acacia melanoxylon small_Eucalyptus obliqua small",0.0977970785634455,NA,-0.282708896190069,0.100648607365106,0.383357503555175
"840",840,"Monotoca glauca small","Nothofagus cunninghamii large",-0.0776384669377069,0.844536338209456,0.638446554738201,0.779700881494616,0.8419544723025,0.921454720558097,0.972175343952654,"Bird","small","large","large_small","Monotoca glauca","Nothofagus cunninghamii","between","between_species_large_small","Monotoca glauca small_Nothofagus cunninghamii large",0.163319437858869,NA,-0.394241063265133,0.245959369092288,0.640200432357421
"841",841,"Nothofagus cunninghamii large","Eucalyptus obliqua large",-0.0714065401557927,0.740688214288533,0.615446945606261,0.682267884925309,0.747667306204447,0.798221438878799,0.892215905972895,"Bird","large","large","large_large","Nothofagus cunninghamii","Eucalyptus obliqua","between","between_species_large_large","Nothofagus cunninghamii large_Eucalyptus obliqua large",0.108092014108464,NA,-0.282037675313913,0.141675234024057,0.42371290933797
"842",842,"Monotoca glauca small","Monotoca glauca small",-0.0703983487027651,0.870993924195863,0.794052024683481,0.813090598748585,0.857123549664732,0.931533799377614,0.995680804835708,"Bird","small","small","small_small","Monotoca glauca","Monotoca glauca","within","within_species_small_small","Monotoca glauca small_Monotoca glauca small",0.314744240834393,NA,-0.687125458123108,0.546649294630513,1.23377475275362
"843",843,"Eucalyptus obliqua large","Eucalyptus obliqua large",-0.0584613698342512,0.301420785079004,0.156926792678565,0.200001691420096,0.287593854314043,0.380551691269918,0.670662053382806,"Bird","large","large","large_large","Eucalyptus obliqua","Eucalyptus obliqua","within","within_species_large_large","Eucalyptus obliqua large_Eucalyptus obliqua large",0.129362223910655,NA,-0.307011720200877,0.200078879448902,0.507090599649778
"844",844,"Monotoca glauca small","Eucalyptus obliqua large",-0.0547796765288587,0.885240478127405,0.719881143711441,0.841735742305282,0.890550821699965,0.939115319896488,0.989914694261312,"Bird","small","large","large_small","Monotoca glauca","Eucalyptus obliqua","between","between_species_large_small","Monotoca glauca small_Eucalyptus obliqua large",0.141683655169161,NA,-0.329658790882457,0.225730931776638,0.555389722659095
"845",845,"Eucalyptus obliqua small","Eucalyptus obliqua small",-0.0256439477522969,0.186773671346462,0.0627882060715425,0.0983328699302447,0.167814720652508,0.249330529183698,0.512018175044875,"Bird","small","small","small_small","Eucalyptus obliqua","Eucalyptus obliqua","within","within_species_small_small","Eucalyptus obliqua small_Eucalyptus obliqua small",0.13917542199489,NA,-0.301007231129673,0.244550398156625,0.545557629286298
"846",846,"Nothofagus cunninghamii small","Eucalyptus obliqua large",0.0109927626123171,1.09200605765594,1.01390546638835,1.05791786456677,1.08154368508406,1.10790968474844,1.23308153602156,"Bird","small","large","large_small","Nothofagus cunninghamii","Eucalyptus obliqua","between","between_species_large_small","Nothofagus cunninghamii small_Eucalyptus obliqua large",0.0449254834464231,NA,-0.076033477130818,0.100071181955261,0.176104659086079
"847",847,"Nothofagus cunninghamii large","Acacia melanoxylon small",0.0160582645138349,1.08554219833946,1.04144574792037,1.06225836000104,1.08601621106382,1.10145581802778,1.13715537408095,"Bird","large","small","large_small","Nothofagus cunninghamii","Acacia melanoxylon","between","between_species_large_small","Nothofagus cunninghamii large_Acacia melanoxylon small",0.105889590472784,NA,-0.195737559081619,0.219342008247087,0.415079567328706
"848",848,"Nothofagus cunninghamii small","Nothofagus cunninghamii large",0.0206591102526669,1.21208024106923,1.05486474819799,1.12799128911657,1.2132553220199,1.25985560245294,1.46577019769171,"Bird","small","large","large_small","Nothofagus cunninghamii","Nothofagus cunninghamii","within","within_species_large_small","Nothofagus cunninghamii small_Nothofagus cunninghamii large",0.0556609445529279,NA,-0.087495654647355,0.130691238691084,0.218186893338439
"849",849,"Nothofagus cunninghamii small","Acacia melanoxylon small",0.0226885596492118,1.24270818548762,1.0857335365772,1.15830753225297,1.22636821224707,1.25201122015558,1.67501028556611,"Bird","small","small","small_small","Nothofagus cunninghamii","Acacia melanoxylon","between","between_species_small_small","Nothofagus cunninghamii small_Acacia melanoxylon small",0.0484818699952637,NA,-0.0730626627026888,0.116982775485051,0.19004543818774
"850",850,"Nothofagus cunninghamii small","Eucalyptus obliqua small",0.0669004763421654,1.70800613493578,1.06702507424676,1.36578380705495,1.57811462070722,1.82073428346532,3.0661057917686,"Bird","small","small","small_small","Nothofagus cunninghamii","Eucalyptus obliqua","between","between_species_small_small","Nothofagus cunninghamii small_Eucalyptus obliqua small",0.0540206796367259,NA,-0.04072899766082,0.171028175355898,0.211757173016718
"851",851,"Eucalyptus obliqua small","Eucalyptus obliqua large",0.122512915688405,2.15736337055253,1.42055494906478,1.84783773002289,2.01760467086296,2.32626300473233,4.05054216935325,"Bird","small","large","large_small","Eucalyptus obliqua","Eucalyptus obliqua","within","within_species_large_small","Eucalyptus obliqua small_Eucalyptus obliqua large",0.0986902646406141,NA,-0.0727915476452246,0.314067180995436,0.386858728640661
"852",852,"Acacia melanoxylon small","Acacia melanoxylon small",0.132153987545231,0.851638860996166,0.518614342335094,0.762257962174496,0.812934327940753,0.921237967725559,1.32415172814601,"Bird","small","small","small_small","Acacia melanoxylon","Acacia melanoxylon","within","within_species_small_small","Acacia melanoxylon small_Acacia melanoxylon small",0.142266991051685,NA,-0.144256320407917,0.413420036892453,0.557676357300369
"853",853,"Eucalyptus obliqua small","Nothofagus cunninghamii large",0.141749988767721,2.71564940504127,1.43463711018566,2.17906240819614,2.50469842357647,2.86891694707081,5.43903479730807,"Bird","small","large","large_small","Eucalyptus obliqua","Nothofagus cunninghamii","between","between_species_large_small","Eucalyptus obliqua small_Nothofagus cunninghamii large",0.11436248671732,NA,-0.0848963282067685,0.363396382090004,0.448292710296773
"854",854,"Eucalyptus obliqua large","Acacia melanoxylon small",0.180836406910326,3.64005725554297,1.72479977008786,3.14187999310848,3.4340312605524,4.38865614029221,6.15150400538588,"Bird","large","small","large_small","Eucalyptus obliqua","Acacia melanoxylon","between","between_species_large_small","Eucalyptus obliqua large_Acacia melanoxylon small",0.102479924628049,NA,-0.0239792106815036,0.377734712137207,0.401713922818711
"855",855,"Acacia melanoxylon small","Monotoca glauca small",0.215712366312337,4.52893867821655,1.65753757787761,2.46660447392847,3.07361064548259,3.53183398253347,12.3220333277382,"Bird","small","small","small_small","Acacia melanoxylon","Monotoca glauca","between","between_species_small_small","Acacia melanoxylon small_Monotoca glauca small",0.136874619920279,NA,-0.0511814276660271,0.485357223216683,0.53653865088271
"856",856,"Eucalyptus obliqua small","Monotoca glauca small",0.219063029105776,8.75466489054427,3.56480919486403,4.52386533464798,8.76610343230545,10.224070168233,24.2614780549073,"Bird","small","small","small_small","Eucalyptus obliqua","Monotoca glauca","between","between_species_small_small","Eucalyptus obliqua small_Monotoca glauca small",0.146223929651759,NA,-0.0680812252304069,0.505106046360325,0.573187271590732
"857",857,"Nothofagus cunninghamii small","Nothofagus cunninghamii small",0.408878402452766,19.4656295368898,2.26172617470771,11.6664012433946,18.3792386875175,23.4514507175558,61.524033218948,"Bird","small","small","small_small","Nothofagus cunninghamii","Nothofagus cunninghamii","within","within_species_small_small","Nothofagus cunninghamii small_Nothofagus cunninghamii small",0.0616620175461827,1,0.288566517283603,0.530277184492793,0.24171066720919
"858",858,"Eucalyptus delegatensis large","Eucalyptus delegatensis large",-0.977425914578478,0.00146248269685889,1.92652839592199e-05,0.00012557930097528,0.00049188319850639,0.00109222490185953,0.0177956501347479,"Caveside","large","large","large_large","Eucalyptus delegatensis","Eucalyptus delegatensis","within","within_species_large_large","Eucalyptus delegatensis large_Eucalyptus delegatensis large",0.638355324236669,NA,-2.19596890604691,0.30633798363961,2.50230688968652
"859",859,"Eucalyptus obliqua large","Eucalyptus delegatensis large",-0.553856289432303,0.258894165682981,0.00662589988369559,0.0525034258313688,0.208615661076815,0.458357622600826,0.774801937918333,"Caveside","large","large","large_large","Eucalyptus obliqua","Eucalyptus delegatensis","between","between_species_large_large","Eucalyptus obliqua large_Eucalyptus delegatensis large",0.524131754294392,NA,-1.58978721944497,0.464771503696643,2.05455872314161
"860",860,"Eucalyptus obliqua large","Eucalyptus obliqua large",-0.46326872879268,0.0110589357183047,4.39152670585827e-06,6.13997301940408e-05,0.0002504037773147,0.0009397453436651,0.169350239366447,"Caveside","large","large","large_large","Eucalyptus obliqua","Eucalyptus obliqua","within","within_species_large_large","Eucalyptus obliqua large_Eucalyptus obliqua large",0.570618319708509,NA,-1.59404271002747,0.642740001067409,2.23678271109488
"861",861,"Bedfordia salicina large","Nothofagus cunninghamii small",-0.247333128001681,0.896020812137154,0.220629051557478,0.914955142209915,0.944662909742382,0.969109445828352,0.990407726154872,"Caveside","large","small","large_small","Bedfordia salicina","Nothofagus cunninghamii","between","between_species_large_small","Bedfordia salicina large_Nothofagus cunninghamii small",0.241564459695384,NA,-0.698493088047253,0.248422193848408,0.946915281895661
"862",862,"Eucalyptus obliqua large","Eucalyptus delegatensis small",-0.204907155465351,0.528346761665016,0.150968317991139,0.381086244662042,0.568281924707831,0.667512022004002,0.849728321850006,"Caveside","large","small","large_small","Eucalyptus obliqua","Eucalyptus delegatensis","between","between_species_large_small","Eucalyptus obliqua large_Eucalyptus delegatensis small",0.165039638620581,NA,-0.531632247390617,0.115311248045071,0.646943495435688
"863",863,"Bedfordia salicina large","Nothofagus cunninghamii large",-0.193051317333121,0.896263753492951,0.381620669497292,0.853812257281123,0.941227769568891,0.966161060071254,0.99211657503159,"Caveside","large","large","large_large","Bedfordia salicina","Nothofagus cunninghamii","between","between_species_large_large","Bedfordia salicina large_Nothofagus cunninghamii large",0.475557905163133,NA,-1.14424645736741,0.719906275998699,1.86415273336611
"864",864,"Nothofagus cunninghamii large","Pomaderris apetala large",-0.171151598847213,0.765473622847211,0.095914674961504,0.664247613475199,0.866713048188066,0.950853387697436,0.991036016775083,"Caveside","large","large","large_large","Nothofagus cunninghamii","Pomaderris apetala","between","between_species_large_large","Nothofagus cunninghamii large_Pomaderris apetala large",0.11862880361097,NA,-0.397843060038002,0.0671733051751508,0.465016365213153
"865",865,"Bedfordia salicina large","Bedfordia salicina large",-0.154452068843988,0.387976082682827,0.0653566392974052,0.0918070757883366,0.318668217237939,0.605981955639236,1.01736918113448,"Caveside","large","large","large_large","Bedfordia salicina","Bedfordia salicina","within","within_species_large_large","Bedfordia salicina large_Bedfordia salicina large",0.433408043378463,NA,-0.986694100035128,0.712234211228392,1.69892831126352
"866",866,"Eucalyptus obliqua large","Bedfordia salicina small",-0.128847977628139,0.758333515390214,0.310100485441963,0.628748181594242,0.799935262498789,0.869512071138096,0.960684936719966,"Caveside","large","small","large_small","Eucalyptus obliqua","Bedfordia salicina","between","between_species_large_small","Eucalyptus obliqua large_Bedfordia salicina small",0.0658079561156935,1,-0.260275274297668,-0.00231282653176454,0.257962447765903
"867",867,"Eucalyptus delegatensis large","Bedfordia salicina small",-0.104169680161882,0.771246278329355,0.516831480800328,0.732265860541381,0.775156646609155,0.826505720729857,0.902465856191139,"Caveside","large","small","large_small","Eucalyptus delegatensis","Bedfordia salicina","between","between_species_large_small","Eucalyptus delegatensis large_Bedfordia salicina small",0.108640327722284,NA,-0.315127759480509,0.110734499728101,0.42586225920861
"868",868,"Nothofagus cunninghamii large","Nothofagus cunninghamii large",-0.0931662004093799,2.4024497430037,0.796447855867793,1.11525039955941,1.89116384251824,3.25539400165865,7.82370018238902,"Caveside","large","large","large_large","Nothofagus cunninghamii","Nothofagus cunninghamii","within","within_species_large_large","Nothofagus cunninghamii large_Nothofagus cunninghamii large",0.156561709094104,NA,-0.398263735171774,0.215446887193189,0.613710622364963
"869",869,"Eucalyptus delegatensis large","Pomaderris apetala large",-0.0827241364671401,0.771301130966919,0.607274336656215,0.719972018008233,0.783816772736631,0.814314532518548,0.916331767684575,"Caveside","large","large","large_large","Eucalyptus delegatensis","Pomaderris apetala","between","between_species_large_large","Eucalyptus delegatensis large_Pomaderris apetala large",0.1345909981431,NA,-0.340626807512171,0.186960210495377,0.527587018007548
"870",870,"Bedfordia salicina large","Pomaderris apetala small",-0.0697902294012174,0.876037315164882,0.624452231030117,0.826237249363787,0.873911624199216,0.935423220815641,0.998107845511544,"Caveside","large","small","large_small","Bedfordia salicina","Pomaderris apetala","between","between_species_large_small","Bedfordia salicina large_Pomaderris apetala small",0.0483228820580815,NA,-0.16575951809155,0.0236626988344828,0.189422216926033
"871",871,"Nothofagus cunninghamii large","Eucalyptus delegatensis small",-0.0629655500322783,0.751004751475617,0.391378000251721,0.542164816299446,0.815852362046277,0.940507522467509,0.99115786320492,"Caveside","large","small","large_small","Nothofagus cunninghamii","Eucalyptus delegatensis","between","between_species_large_small","Nothofagus cunninghamii large_Eucalyptus delegatensis small",0.109545411109196,NA,-0.26448345000372,0.164926670887595,0.429410120891315
"872",872,"Bedfordia salicina large","Eucalyptus delegatensis small",-0.0613576630963008,0.886217567016534,0.69513420786744,0.794469513509475,0.898349604947325,0.979478972596122,0.996098099899109,"Caveside","large","small","large_small","Bedfordia salicina","Eucalyptus delegatensis","between","between_species_large_small","Bedfordia salicina large_Eucalyptus delegatensis small",0.210403676094892,NA,-0.396446185762255,0.428321068959384,0.824767254721639
"873",873,"Eucalyptus obliqua small","Pomaderris apetala large",-0.0580449529758533,0.869494300989512,0.581323775847161,0.819791114884338,0.929218660489858,0.971442427606405,0.991544213904062,"Caveside","small","large","large_small","Eucalyptus obliqua","Pomaderris apetala","between","between_species_large_small","Eucalyptus obliqua small_Pomaderris apetala large",0.056160485880263,NA,-0.163514079398228,0.0566309799609429,0.220145059359171
"874",874,"Eucalyptus obliqua small","Pomaderris apetala small",-0.0557930708324122,0.881190927238944,0.669120329788126,0.817363887079118,0.899988144977902,0.947476716026112,0.991190505163112,"Caveside","small","small","small_small","Eucalyptus obliqua","Pomaderris apetala","between","between_species_small_small","Eucalyptus obliqua small_Pomaderris apetala small",0.034002810533013,NA,-0.124094011834711,0.00919455620097816,0.133288568035689
"875",875,"Nothofagus cunninghamii small","Pomaderris apetala small",-0.0549704790387313,0.868180629823323,0.364284134401888,0.811133604785371,0.894621210610263,0.950598867238101,0.99683201269188,"Caveside","small","small","small_small","Nothofagus cunninghamii","Pomaderris apetala","between","between_species_small_small","Nothofagus cunninghamii small_Pomaderris apetala small",0.0170123931463712,1,-0.0880842437870712,-0.0213968880716241,0.066687355715447
"876",876,"Nothofagus cunninghamii large","Pomaderris apetala small",-0.0480534617123764,0.901161908604852,0.643328391410921,0.849703872566564,0.920980180980203,0.963151778883708,0.997278565226584,"Caveside","large","small","large_small","Nothofagus cunninghamii","Pomaderris apetala","between","between_species_large_small","Nothofagus cunninghamii large_Pomaderris apetala small",0.0332655269364866,NA,-0.113389815989597,0.017008653454924,0.130398469444521
"877",877,"Eucalyptus delegatensis small","Bedfordia salicina small",-0.0382708142655839,0.912618266531159,0.661722331440926,0.888236588478443,0.926455370008975,0.952330821259309,0.973549820724043,"Caveside","small","small","small_small","Eucalyptus delegatensis","Bedfordia salicina","between","between_species_small_small","Eucalyptus delegatensis small_Bedfordia salicina small",0.0317048822740288,NA,-0.105569646903194,0.0187112078791632,0.124280854782358
"878",878,"Eucalyptus obliqua small","Nothofagus cunninghamii large",-0.0338870294356287,0.909208621177289,0.73336238564406,0.887021320459433,0.928660031194484,0.955930865872889,0.990314358046991,"Caveside","small","large","large_small","Eucalyptus obliqua","Nothofagus cunninghamii","between","between_species_large_small","Eucalyptus obliqua small_Nothofagus cunninghamii large",0.109286472787542,NA,-0.252215259534465,0.176179841787533,0.428395101321998
"879",879,"Pomaderris apetala large","Bedfordia salicina small",-0.0286832002546736,0.876091730086406,0.6746639464299,0.852120403150422,0.876722683310263,0.911757548144214,0.980052144569408,"Caveside","large","small","large_small","Pomaderris apetala","Bedfordia salicina","between","between_species_large_small","Pomaderris apetala large_Bedfordia salicina small",0.0310355652108307,NA,-0.0935226322936217,0.0281345478125231,0.121657180106145
"880",880,"Eucalyptus obliqua small","Eucalyptus delegatensis large",-0.0271315048106198,0.915222082357294,0.717205637292548,0.879269279152485,0.930321452116414,0.979387241163411,0.994720929920321,"Caveside","small","large","large_small","Eucalyptus obliqua","Eucalyptus delegatensis","between","between_species_large_small","Eucalyptus obliqua small_Eucalyptus delegatensis large",0.182874606600023,NA,-0.38128388222991,0.335571403016042,0.716855285245952
"881",881,"Eucalyptus obliqua large","Pomaderris apetala large",-0.0246699473723978,0.929993247677231,0.833084367581321,0.893241716598012,0.940927797324482,0.967725696472277,0.992140298019156,"Caveside","large","large","large_large","Eucalyptus obliqua","Pomaderris apetala","between","between_species_large_large","Eucalyptus obliqua large_Pomaderris apetala large",0.0971721051941347,NA,-0.222141875657124,0.15876577730776,0.380907652964883
"882",882,"Nothofagus cunninghamii large","Bedfordia salicina small",-0.0236098470515161,0.953961221535245,0.706367534949106,0.945445629906001,0.967274504525969,0.9776828553635,0.998766204638245,"Caveside","large","small","large_small","Nothofagus cunninghamii","Bedfordia salicina","between","between_species_large_small","Nothofagus cunninghamii large_Bedfordia salicina small",0.0468084191566742,NA,-0.111855535443756,0.0716300959969162,0.183485631440672
"883",883,"Eucalyptus obliqua large","Nothofagus cunninghamii small",-0.0218875757109741,0.954446291224755,0.87827678284027,0.944473096290732,0.958981308670262,0.972696210793795,0.988019624124588,"Caveside","large","small","large_small","Eucalyptus obliqua","Nothofagus cunninghamii","between","between_species_large_small","Eucalyptus obliqua large_Nothofagus cunninghamii small",0.0981250569150738,NA,-0.212963938911425,0.17167921615755,0.384643155068975
"884",884,"Eucalyptus obliqua small","Nothofagus cunninghamii small",-0.00999395488739294,0.974806560543257,0.911105031542201,0.97299244641277,0.979234992981013,0.984918270030217,0.997921652863895,"Caveside","small","small","small_small","Eucalyptus obliqua","Nothofagus cunninghamii","between","between_species_small_small","Eucalyptus obliqua small_Nothofagus cunninghamii small",0.0558054252376257,NA,-0.119052652385177,0.0997005948302008,0.218753247215378
"885",885,"Bedfordia salicina small","Pomaderris apetala small",-0.00229014092757458,0.987823868436423,0.957178410882429,0.985038211951136,0.987677599700875,0.991907395372469,0.999116321861496,"Caveside","small","small","small_small","Bedfordia salicina","Pomaderris apetala","between","between_species_small_small","Bedfordia salicina small_Pomaderris apetala small",0.021287500371976,NA,-0.04242567887948,0.0410197892204318,0.0834454680999118
"886",886,"Bedfordia salicina small","Eucalyptus obliqua small",0.00225615997407647,1.02095502043761,1.00314275525241,1.01015764302862,1.01225128746196,1.01827903021683,1.10950728637056,"Caveside","small","small","small_small","Bedfordia salicina","Eucalyptus obliqua","between","between_species_small_small","Bedfordia salicina small_Eucalyptus obliqua small",0.0288872388217025,NA,-0.0520236624880764,0.061212232918612,0.113235895406688
"887",887,"Nothofagus cunninghamii small","Nothofagus cunninghamii large",0.012890883786288,1.12862481937948,1.02329851617964,1.09977000479396,1.1378458002569,1.15971030755129,1.20409492517564,"Caveside","small","large","large_small","Nothofagus cunninghamii","Nothofagus cunninghamii","within","within_species_large_small","Nothofagus cunninghamii small_Nothofagus cunninghamii large",0.0741918530818325,NA,-0.130032138542691,0.160794581430666,0.290826719973357
"888",888,"Bedfordia salicina small","Nothofagus cunninghamii small",0.0167932992592799,1.09301553544932,1.00793084041193,1.0256523018588,1.04402728400316,1.06410022294207,2.36187344153353,"Caveside","small","small","small_small","Bedfordia salicina","Nothofagus cunninghamii","between","between_species_small_small","Bedfordia salicina small_Nothofagus cunninghamii small",0.0272294424079947,NA,-0.0383768553038097,0.0683605975737446,0.106737452877554
"889",889,"Pomaderris apetala small","Pomaderris apetala large",0.0217526534779352,1.46861744683955,1.20649376665982,1.28148085714222,1.39896621718292,1.56308352036507,2.67897794687823,"Caveside","small","large","large_small","Pomaderris apetala","Pomaderris apetala","within","within_species_large_small","Pomaderris apetala small_Pomaderris apetala large",0.0268787349488145,NA,-0.0293010931727996,0.0760616117265493,0.105362704899349
"890",890,"Pomaderris apetala small","Eucalyptus delegatensis small",0.0309500607945132,2.26610688973469,1.29832294038618,1.5003155396795,2.15900605786328,2.57884178418961,5.53919810184757,"Caveside","small","small","small_small","Pomaderris apetala","Eucalyptus delegatensis","between","between_species_small_small","Pomaderris apetala small_Eucalyptus delegatensis small",0.031047834396037,NA,-0.0284364388369424,0.0932688355914505,0.121705274428393
"891",891,"Pomaderris apetala large","Eucalyptus delegatensis small",0.0370724618422046,1.30742853102181,1.03581573766074,1.10844105225432,1.2887143052363,1.39297767469517,1.84903428166941,"Caveside","large","small","large_small","Pomaderris apetala","Eucalyptus delegatensis","between","between_species_large_small","Pomaderris apetala large_Eucalyptus delegatensis small",0.0766036772327807,NA,-0.125637013534601,0.174643883384561,0.300280896919162
"892",892,"Nothofagus cunninghamii small","Eucalyptus delegatensis large",0.0401389560562446,1.59258084405352,1.00304071978627,1.0418376572465,1.33714264771362,2.17099165569545,3.34938794511051,"Caveside","small","large","large_small","Nothofagus cunninghamii","Eucalyptus delegatensis","between","between_species_large_small","Nothofagus cunninghamii small_Eucalyptus delegatensis large",0.103054106981022,NA,-0.162612996085485,0.241351680197996,0.403964676283481
"893",893,"Nothofagus cunninghamii small","Pomaderris apetala large",0.0489459374497285,1.20711965414345,1.00264153555481,1.0160628479461,1.0491998265552,1.22213876026966,2.99546756738093,"Caveside","small","large","large_small","Nothofagus cunninghamii","Pomaderris apetala","between","between_species_large_small","Nothofagus cunninghamii small_Pomaderris apetala large",0.0556583100225556,NA,-0.0619237845915704,0.156252781577577,0.218176566169148
"894",894,"Eucalyptus obliqua small","Bedfordia salicina large",0.0525048975359464,1.17330084892222,1.00642568910868,1.0219239235762,1.03989000688766,1.18523310034887,2.00887700092895,"Caveside","small","large","large_small","Eucalyptus obliqua","Bedfordia salicina","between","between_species_large_small","Eucalyptus obliqua small_Bedfordia salicina large",0.184514171298552,NA,-0.321296891286914,0.401985369477918,0.723282260764831
"895",895,"Nothofagus cunninghamii small","Eucalyptus delegatensis small",0.0580578906714908,1.78783544107394,1.00802410751252,1.04729109713022,1.41600674041544,2.29342804862735,4.69152198303617,"Caveside","small","small","small_small","Nothofagus cunninghamii","Eucalyptus delegatensis","between","between_species_small_small","Nothofagus cunninghamii small_Eucalyptus delegatensis small",0.0598989471137756,NA,-0.0572360550519287,0.177563503057811,0.234799558109739
"896",896,"Eucalyptus obliqua small","Eucalyptus obliqua small",0.0690632471484845,5.00633925525537,1.73928808043809,3.65067624889968,4.4724298918216,6.29234363415169,9.10485580725961,"Caveside","small","small","small_small","Eucalyptus obliqua","Eucalyptus obliqua","within","within_species_small_small","Eucalyptus obliqua small_Eucalyptus obliqua small",0.187901737776051,NA,-0.301837176974575,0.434724100372523,0.736561277347098
"897",897,"Eucalyptus delegatensis small","Eucalyptus obliqua small",0.0715078078768314,1.46883186929077,1.2302972581993,1.34095751607977,1.44794155785314,1.54592300791349,2.04452825610705,"Caveside","small","small","small_small","Eucalyptus delegatensis","Eucalyptus obliqua","between","between_species_small_small","Eucalyptus delegatensis small_Eucalyptus obliqua small",0.0862445704047639,NA,-0.0880816050407008,0.249990898670232,0.338072503710932
"898",898,"Bedfordia salicina small","Bedfordia salicina large",0.103047458701575,25.194321923401,1.56312204527264,2.29175584665596,5.89432351154082,21.6589975001811,149.020923273231,"Caveside","small","large","large_small","Bedfordia salicina","Bedfordia salicina","within","within_species_large_small","Bedfordia salicina small_Bedfordia salicina large",0.159565576448312,NA,-0.194258948350814,0.431226617671313,0.625485566022127
"899",899,"Pomaderris apetala large","Bedfordia salicina large",0.103304127623225,3.3793499212077,1.44025841540846,2.71885274780397,3.22015984710531,3.86722922469011,6.63056144708931,"Caveside","large","large","large_large","Pomaderris apetala","Bedfordia salicina","between","between_species_large_large","Pomaderris apetala large_Bedfordia salicina large",0.256011182946628,NA,-0.37782687704686,0.625718519382912,1.00354539642977
"900",900,"Pomaderris apetala small","Eucalyptus delegatensis large",0.139434771523029,390.318809022832,2.67514953694699,19.3027898991893,69.190662486034,254.45026273686,3341.99347387358,"Caveside","small","large","large_small","Pomaderris apetala","Eucalyptus delegatensis","between","between_species_large_small","Pomaderris apetala small_Eucalyptus delegatensis large",0.0857964502717736,NA,-0.0303508221175214,0.305965082950594,0.336315905068116
"901",901,"Eucalyptus delegatensis small","Eucalyptus delegatensis small",0.15025288535151,0.630142057916388,0.349503418067261,0.47494958327135,0.522508720917877,0.762255552965136,1.13182910187936,"Caveside","small","small","small_small","Eucalyptus delegatensis","Eucalyptus delegatensis","within","within_species_small_small","Eucalyptus delegatensis small_Eucalyptus delegatensis small",0.13486927468221,NA,-0.118790160486287,0.409887681510056,0.528677841996343
"902",902,"Eucalyptus delegatensis small","Eucalyptus delegatensis large",0.17391258074207,2.84817388458853,1.38743926331436,2.16595096770805,2.60599687400216,3.37824982442122,4.92037756498981,"Caveside","small","large","large_small","Eucalyptus delegatensis","Eucalyptus delegatensis","within","within_species_large_small","Eucalyptus delegatensis small_Eucalyptus delegatensis large",0.197697143026257,NA,-0.226385240048458,0.548573320307398,0.774958560355856
"903",903,"Pomaderris apetala small","Eucalyptus obliqua large",0.188336862848374,7538.01947989745,11.3142002894325,96.9981037410313,491.687954985562,7998.40223592942,67314.2714549623,"Caveside","small","large","large_small","Pomaderris apetala","Eucalyptus obliqua","between","between_species_large_small","Pomaderris apetala small_Eucalyptus obliqua large",0.0775866621013579,1,0.0383344403233199,0.342468567122,0.30413412679868
"904",904,"Nothofagus cunninghamii large","Eucalyptus delegatensis large",0.208952241720399,5.83064578256507,1.01581992168651,1.25041994610557,2.45846058437191,8.20673255164789,22.7187062719281,"Caveside","large","large","large_large","Nothofagus cunninghamii","Eucalyptus delegatensis","between","between_species_large_large","Nothofagus cunninghamii large_Eucalyptus delegatensis large",0.315998067316732,NA,-0.417558066466113,0.821131595784004,1.23868966225012
"905",905,"Nothofagus cunninghamii large","Eucalyptus obliqua large",0.229462356322264,5.69931854627513,1.1629094681367,1.27045568483995,1.98894587287299,6.72579124243053,52.3464290482316,"Caveside","large","large","large_large","Nothofagus cunninghamii","Eucalyptus obliqua","between","between_species_large_large","Nothofagus cunninghamii large_Eucalyptus obliqua large",0.226535820882719,NA,-0.212596109817756,0.675407990458937,0.888004100276693
"906",906,"Eucalyptus obliqua large","Bedfordia salicina large",0.247690551996822,3.07497418619768,1.06963877138463,1.43901354477525,1.64658432453344,3.45183188897956,15.5351781055025,"Caveside","large","large","large_large","Eucalyptus obliqua","Bedfordia salicina","between","between_species_large_large","Eucalyptus obliqua large_Bedfordia salicina large",0.279161727073694,NA,-0.271206902407249,0.823086959445632,1.09429386185288
"907",907,"Nothofagus cunninghamii small","Nothofagus cunninghamii small",0.295667241701129,31.2948884390721,3.46278988773538,20.21800707106,29.0736503773186,40.5108877024032,76.5771163771305,"Caveside","small","small","small_small","Nothofagus cunninghamii","Nothofagus cunninghamii","within","within_species_small_small","Nothofagus cunninghamii small_Nothofagus cunninghamii small",0.0919121133800751,1,0.120700015372527,0.480988879308345,0.360288863935818
"908",908,"Pomaderris apetala large","Pomaderris apetala large",0.300859627986387,6.40461716284463,2.36458866071125,4.0766851148474,5.92482622991088,7.82960914988396,16.8425107939291,"Caveside","large","large","large_large","Pomaderris apetala","Pomaderris apetala","within","within_species_large_large","Pomaderris apetala large_Pomaderris apetala large",0.103030665568186,1,0.0947489081620674,0.498621695795738,0.403872787633671
"909",909,"Eucalyptus delegatensis large","Bedfordia salicina large",0.358852896172042,5.44031041503035,1.47057129606536,2.39659797078503,3.44962679612891,8.03442284160314,13.7877630139847,"Caveside","large","large","large_large","Eucalyptus delegatensis","Bedfordia salicina","between","between_species_large_large","Eucalyptus delegatensis large_Bedfordia salicina large",0.347846516065181,NA,-0.339341520351749,1.02419176691923,1.36353328727098
"910",910,"Eucalyptus obliqua small","Eucalyptus obliqua large",0.377529176339023,13.6004497527052,1.16123461187633,2.75725395940769,7.26239437146312,18.9217756664293,61.0364958259041,"Caveside","small","large","large_small","Eucalyptus obliqua","Eucalyptus obliqua","within","within_species_large_small","Eucalyptus obliqua small_Eucalyptus obliqua large",0.215327409538939,NA,-0.0382794132374089,0.805788521923843,0.844067935161252
"911",911,"Pomaderris apetala small","Pomaderris apetala small",0.429917129789797,28.963498986421,3.64835684130446,14.199311685217,20.6422027485812,35.1625796499699,160.134235218155,"Caveside","small","small","small_small","Pomaderris apetala","Pomaderris apetala","within","within_species_small_small","Pomaderris apetala small_Pomaderris apetala small",0.0563127660833498,1,0.319452272307145,0.540194259093534,0.220741986786389
"912",912,"Bedfordia salicina small","Bedfordia salicina small",0.490899879313469,155.890129339342,3.3439543246353,77.5222264141768,119.439821584628,189.072213390696,694.628065414485,"Caveside","small","small","small_small","Bedfordia salicina","Bedfordia salicina","within","within_species_small_small","Bedfordia salicina small_Bedfordia salicina small",0.046147582845391,1,0.394321065794891,0.57521626649598,0.18089520070109
"913",913,"Nematolepis squamea large","Nematolepis squamea large",-1.21087920278998,0.095237176202464,0.00099976464847308,0.00433861723505631,0.0370313735749533,0.117472465616392,0.507994894785277,"Flowerdale","large","large","large_large","Nematolepis squamea","Nematolepis squamea","within","within_species_large_large","Nematolepis squamea large_Nematolepis squamea large",NA,NA,NA,NA,NA
"914",914,"Eucalyptus obliqua large","Eucalyptus obliqua large",-0.344506333358944,0.124920709332471,0.0463031516148343,0.0873268918604237,0.119230389806058,0.155911211355178,0.334973671817034,"Flowerdale","large","large","large_large","Eucalyptus obliqua","Eucalyptus obliqua","within","within_species_large_large","Eucalyptus obliqua large_Eucalyptus obliqua large",0.129362223910655,NA,-0.307011720200877,0.200078879448902,0.507090599649778
"915",915,"Nematolepis squamea large","Pomaderris apetala small",-0.222898684416767,0.707113147412357,0.376916876541662,0.57436973843094,0.761395241662948,0.826754530479739,0.918762160006895,"Flowerdale","large","small","large_small","Nematolepis squamea","Pomaderris apetala","between","between_species_large_small","Nematolepis squamea large_Pomaderris apetala small",NA,NA,NA,NA,NA
"916",916,"Acacia melanoxylon small","Nematolepis squamea small",-0.124460957439317,0.810649619053582,0.502312634384519,0.709528080860315,0.845706312036089,0.950285015610831,0.983044112388219,"Flowerdale","small","small","small_small","Acacia melanoxylon","Nematolepis squamea","between","between_species_small_small","Acacia melanoxylon small_Nematolepis squamea small",NA,NA,NA,NA,NA
"917",917,"Nematolepis squamea large","Eucalyptus obliqua small",-0.116707412494983,0.809043190895665,0.549441865910427,0.759081511833684,0.828748313660485,0.871153789911252,0.934041729569154,"Flowerdale","large","small","large_small","Nematolepis squamea","Eucalyptus obliqua","between","between_species_large_small","Nematolepis squamea large_Eucalyptus obliqua small",NA,NA,NA,NA,NA
"918",918,"Pomaderris apetala small","Eucalyptus obliqua small",-0.111691015037215,0.797733250282188,0.35721015240337,0.756316989169279,0.822248199470291,0.909903891201001,0.982354399124653,"Flowerdale","small","small","small_small","Pomaderris apetala","Eucalyptus obliqua","between","between_species_small_small","Pomaderris apetala small_Eucalyptus obliqua small",NA,NA,NA,NA,NA
"919",919,"Pomaderris apetala small","Eucalyptus obliqua large",-0.0223959470555394,0.943148771161982,0.809834736941151,0.922897493210943,0.952891806108231,0.977045764040876,0.994114190328877,"Flowerdale","small","large","large_small","Pomaderris apetala","Eucalyptus obliqua","between","between_species_large_small","Pomaderris apetala small_Eucalyptus obliqua large",NA,NA,NA,NA,NA
"920",920,"Nematolepis squamea small","Eucalyptus obliqua small",-0.0171634905631746,0.932973331270789,0.809296589281761,0.911531173165596,0.94508941348403,0.961836190983653,0.989380779648167,"Flowerdale","small","small","small_small","Nematolepis squamea","Eucalyptus obliqua","between","between_species_small_small","Nematolepis squamea small_Eucalyptus obliqua small",NA,NA,NA,NA,NA
"921",921,"Nematolepis squamea small","Eucalyptus obliqua large",-0.00730643054313292,0.965671985744608,0.903729752608734,0.950759804183991,0.974152833690489,0.983490098110746,0.995943330894088,"Flowerdale","small","large","large_small","Nematolepis squamea","Eucalyptus obliqua","between","between_species_large_small","Nematolepis squamea small_Eucalyptus obliqua large",NA,NA,NA,NA,NA
"922",922,"Eucalyptus obliqua small","Eucalyptus obliqua large",0.018130039603761,1.12913239991664,1.0699477246113,1.10233534606076,1.1186771174545,1.15334733964784,1.22490180565437,"Flowerdale","small","large","large_small","Eucalyptus obliqua","Eucalyptus obliqua","within","within_species_large_small","Eucalyptus obliqua small_Eucalyptus obliqua large",0.0986902646406141,NA,-0.0727915476452246,0.314067180995436,0.386858728640661
"923",923,"Eucalyptus obliqua small","Eucalyptus obliqua small",0.0220552550949126,1.44754325081671,1.08437473694375,1.33366693182945,1.45945468605205,1.57554452177418,1.73525054003736,"Flowerdale","small","small","small_small","Eucalyptus obliqua","Eucalyptus obliqua","within","within_species_small_small","Eucalyptus obliqua small_Eucalyptus obliqua small",0.13917542199489,NA,-0.301007231129673,0.244550398156625,0.545557629286298
"924",924,"Eucalyptus obliqua small","Acacia melanoxylon small",0.0480278235416311,1.57119048783648,1.23208162480288,1.41362049692847,1.58051398802173,1.71161863531545,1.86563940926699,"Flowerdale","small","small","small_small","Eucalyptus obliqua","Acacia melanoxylon","between","between_species_small_small","Eucalyptus obliqua small_Acacia melanoxylon small",0.0977970785634455,NA,-0.282708896190069,0.100648607365106,0.383357503555175
"925",925,"Nematolepis squamea small","Pomaderris apetala small",0.0496156228869233,1.25754217945539,1.05443057963068,1.14008908962644,1.15152881828609,1.35184154027608,1.83135175828331,"Flowerdale","small","small","small_small","Nematolepis squamea","Pomaderris apetala","between","between_species_small_small","Nematolepis squamea small_Pomaderris apetala small",NA,NA,NA,NA,NA
"926",926,"Pomaderris apetala small","Acacia melanoxylon small",0.0952816052141619,1.5605322827403,1.082195929093,1.16419813613676,1.45241784759166,1.63570256923615,2.83572384699844,"Flowerdale","small","small","small_small","Pomaderris apetala","Acacia melanoxylon","between","between_species_small_small","Pomaderris apetala small_Acacia melanoxylon small",NA,NA,NA,NA,NA
"927",927,"Eucalyptus obliqua large","Acacia melanoxylon small",0.117223857663727,2.4944085962872,1.38292335760673,2.23263409918895,2.30697044231384,3.07124356732905,3.33994486225989,"Flowerdale","large","small","large_small","Eucalyptus obliqua","Acacia melanoxylon","between","between_species_large_small","Eucalyptus obliqua large_Acacia melanoxylon small",0.102479924628049,NA,-0.0239792106815036,0.377734712137207,0.401713922818711
"928",928,"Eucalyptus obliqua large","Nematolepis squamea large",0.154757778799437,3.62227081999683,1.85931764556267,2.85798705871993,3.44767046425825,4.12670381752617,6.728747425905,"Flowerdale","large","large","large_large","Eucalyptus obliqua","Nematolepis squamea","between","between_species_large_large","Eucalyptus obliqua large_Nematolepis squamea large",NA,NA,NA,NA,NA
"929",929,"Acacia melanoxylon small","Nematolepis squamea large",0.205554871020368,2.16055329511604,1.02601441891676,1.22845665659952,1.62869621778332,2.31988721627511,7.16755348746948,"Flowerdale","small","large","large_small","Acacia melanoxylon","Nematolepis squamea","between","between_species_large_small","Acacia melanoxylon small_Nematolepis squamea large",NA,NA,NA,NA,NA
"930",930,"Acacia melanoxylon small","Acacia melanoxylon small",0.284491285311523,3.98377105417861,1.01127032783526,1.28872549520738,2.42576166507957,6.75971777923711,9.95181426818474,"Flowerdale","small","small","small_small","Acacia melanoxylon","Acacia melanoxylon","within","within_species_small_small","Acacia melanoxylon small_Acacia melanoxylon small",0.142266991051685,NA,-0.144256320407917,0.413420036892453,0.557676357300369
"931",931,"Nematolepis squamea small","Nematolepis squamea small",0.301922740498881,5.37451368141292,1.70865008241668,3.01869167218867,4.37590839073263,7.01821827586826,13.0394298749302,"Flowerdale","small","small","small_small","Nematolepis squamea","Nematolepis squamea","within","within_species_small_small","Nematolepis squamea small_Nematolepis squamea small",NA,NA,NA,NA,NA
"932",932,"Pomaderris apetala small","Pomaderris apetala small",0.367416327910429,40.1616931567535,2.53107081223673,9.96111198954996,27.2979125946914,42.0159305900326,142.18744293645,"Flowerdale","small","small","small_small","Pomaderris apetala","Pomaderris apetala","within","within_species_small_small","Pomaderris apetala small_Pomaderris apetala small",NA,NA,NA,NA,NA
"933",933,"Nematolepis squamea small","Nematolepis squamea large",0.410234007995957,218.823313826226,1.42097960085313,7.08060958822821,52.2035911426145,316.84314311181,1396.16169869054,"Flowerdale","small","large","large_small","Nematolepis squamea","Nematolepis squamea","within","within_species_large_small","Nematolepis squamea small_Nematolepis squamea large",NA,NA,NA,NA,NA
"934",934,"Eucalyptus regnans large","Eucalyptus regnans large",-0.406323803032346,0.153679566713277,0.0385081876278741,0.082967507635408,0.143194740175189,0.19016963568706,0.542744255822098,"Lardner","large","large","large_large","Eucalyptus regnans","Eucalyptus regnans","within","within_species_large_large","Eucalyptus regnans large_Eucalyptus regnans large",0.226507242648574,NA,-0.844893166214958,0.0429989094424016,0.88789207565736
"935",935,"Nematolepis squamea subsp squamea large","Olearia argophylla large",-0.246858284819304,0.710184975933645,0.189762381175358,0.66015298873022,0.73376838336472,0.868696363325098,0.961050319805345,"Lardner","large","large","large_large","Nematolepis squamea","Olearia argophylla","between","between_species_large_large","Nematolepis squamea subsp squamea large_Olearia argophylla large",0.169341564455824,NA,-0.578364876576696,0.0854418582614696,0.663806734838166
"936",936,"Acacia melanoxylon small","Hedycarya angustifolia small",-0.197607917419643,0.50620700751283,0.21844991276972,0.370278321942815,0.47843524671638,0.650532530889766,0.843768481231671,"Lardner","small","small","small_small","Acacia melanoxylon","Hedycarya angustifolia","between","between_species_small_small","Acacia melanoxylon small_Hedycarya angustifolia small",0.109913287916636,NA,-0.426865062731583,0.00398710874639377,0.430852171477977
"937",937,"Olearia argophylla large","Acacia melanoxylon small",-0.183206114088256,0.693039840011735,0.201132441504097,0.57404799295349,0.755811080213807,0.88721706150068,0.950519484384698,"Lardner","large","small","large_small","Olearia argophylla","Acacia melanoxylon","between","between_species_large_small","Olearia argophylla large_Acacia melanoxylon small",0.112158573230012,NA,-0.411901083991248,0.0277524441851942,0.439653528176442
"938",938,"Nematolepis squamea subsp squamea large","Acacia melanoxylon small",-0.166275830414443,0.804829631769488,0.311113840609139,0.694642381181366,0.901695905589002,0.967863171190767,0.994931925747049,"Lardner","large","small","large_small","Nematolepis squamea","Acacia melanoxylon","between","between_species_large_small","Nematolepis squamea subsp squamea large_Acacia melanoxylon small",0.150562607959628,NA,-0.476280043245685,0.113914534792906,0.59019457803859
"939",939,"Olearia argophylla large","Hedycarya angustifolia small",-0.140260482644525,0.697893593813897,0.316302211565262,0.603862501194861,0.691846575018637,0.827598833227247,0.974358095920938,"Lardner","large","small","large_small","Olearia argophylla","Hedycarya angustifolia","between","between_species_large_small","Olearia argophylla large_Hedycarya angustifolia small",0.116976207402522,NA,-0.37793370238165,0.0806046047324133,0.458538307114063
"940",940,"Eucalyptus regnans large","Olearia argophylla small",-0.127392935554226,0.590849548022984,0.389107339942767,0.542755716037494,0.592952579791003,0.638879978102342,0.800702625503128,"Lardner","large","small","large_small","Eucalyptus regnans","Olearia argophylla","between","between_species_large_small","Eucalyptus regnans large_Olearia argophylla small",0.0904158395799313,NA,-0.305442719337761,0.0489808590794721,0.354423578417233
"941",941,"Nematolepis squamea subsp squamea small","Hedycarya angustifolia small",-0.117524438796423,0.695925557974203,0.317346810676189,0.557425195819383,0.70510936555833,0.819967496755996,0.966478043409783,"Lardner","small","small","small_small","Nematolepis squamea","Hedycarya angustifolia","between","between_species_small_small","Nematolepis squamea subsp squamea small_Hedycarya angustifolia small",0.0834016721199996,NA,-0.280553561463769,0.0463749857474666,0.326928547211235
"942",942,"Eucalyptus regnans large","Eucalyptus regnans small",-0.110362668657802,0.613849436547585,0.429609060803895,0.564233253695389,0.610097769810865,0.679580460440752,0.76677480223393,"Lardner","large","small","large_small","Eucalyptus regnans","Eucalyptus regnans","within","within_species_large_small","Eucalyptus regnans large_Eucalyptus regnans small",0.112935734271737,NA,-0.339484454011551,0.103215489468831,0.442699943480382
"943",943,"Olearia argophylla large","Nematolepis squamea subsp squamea small",-0.107597756402434,0.815386735787502,0.421774912947156,0.733289103118056,0.860119988856337,0.945302954818596,0.987188608408579,"Lardner","large","small","large_small","Olearia argophylla","Nematolepis squamea","between","between_species_large_small","Olearia argophylla large_Nematolepis squamea subsp squamea small",0.0892694690517024,NA,-0.285238740891747,0.0646911476289528,0.349929888520699
"944",944,"Nematolepis squamea subsp squamea large","Olearia argophylla small",-0.0978889870834272,0.886921779841281,0.574899677466045,0.83729424856293,0.920109483248481,0.968576949475666,0.998058850013142,"Lardner","large","small","large_small","Nematolepis squamea","Olearia argophylla","between","between_species_large_small","Nematolepis squamea subsp squamea large_Olearia argophylla small",0.0831419773998785,NA,-0.258646349836614,0.0672642127777959,0.32591056261441
"945",945,"Acacia melanoxylon small","Nematolepis squamea subsp squamea small",-0.075154005784957,0.776471236319537,0.567289719167423,0.692574077808266,0.804673355433787,0.8595422563147,0.927830673305882,"Lardner","small","small","small_small","Acacia melanoxylon","Nematolepis squamea","between","between_species_small_small","Acacia melanoxylon small_Nematolepis squamea subsp squamea small",0.0690832117575449,NA,-0.211837610510035,0.0589636034522488,0.270801213962284
"946",946,"Nematolepis squamea subsp squamea large","Hedycarya angustifolia small",-0.0554187766041082,0.914402330566255,0.721068663603437,0.856350710944113,0.956189833671286,0.987009672580501,0.997810127119582,"Lardner","large","small","large_small","Nematolepis squamea","Hedycarya angustifolia","between","between_species_large_small","Nematolepis squamea subsp squamea large_Hedycarya angustifolia small",0.154936215080719,NA,-0.368122256562256,0.239216546356064,0.60733880291832
"947",947,"Eucalyptus regnans small","Eucalyptus regnans small",-0.046182738979114,0.453286080312483,0.308205072691882,0.357758623119189,0.404974679804723,0.51888232165692,0.818252773104296,"Lardner","small","small","small_small","Eucalyptus regnans","Eucalyptus regnans","within","within_species_small_small","Eucalyptus regnans small_Eucalyptus regnans small",0.149963175464897,NA,-0.335965924476455,0.251878921360461,0.587844845836916
"948",948,"Nematolepis squamea subsp squamea small","Eucalyptus regnans large",-0.0413829189459442,0.867821527865464,0.603397490624971,0.816116051936809,0.885273068751387,0.945381360922642,0.99195589696255,"Lardner","small","large","large_small","Nematolepis squamea","Eucalyptus regnans","between","between_species_large_small","Nematolepis squamea subsp squamea small_Eucalyptus regnans large",0.0948570610561492,NA,-0.226465903082664,0.145366943616074,0.371832846698739
"949",949,"Eucalyptus regnans small","Olearia argophylla small",-0.0354444988298297,0.83453848080774,0.739990834000136,0.79858347586455,0.834504674439303,0.864007877635357,0.955599497909881,"Lardner","small","small","small_small","Eucalyptus regnans","Olearia argophylla","between","between_species_small_small","Eucalyptus regnans small_Olearia argophylla small",0.0622804586681952,NA,-0.160412830182543,0.0837220816780534,0.244134911860596
"950",950,"Nematolepis squamea subsp squamea large","Nematolepis squamea subsp squamea small",-0.0174287589994739,0.958185461192798,0.897566650216133,0.935374946967886,0.96010015851223,0.984999852862793,0.993333334656878,"Lardner","large","small","large_small","Nematolepis squamea","Nematolepis squamea","within","within_species_large_small","Nematolepis squamea subsp squamea large_Nematolepis squamea subsp squamea small",0.0917230842963118,NA,-0.196854399742558,0.162693483800847,0.359547883543405
"951",951,"Nematolepis squamea subsp squamea small","Olearia argophylla small",-0.0168273220734064,0.953282883302962,0.838635977243502,0.936800773987362,0.958617687301134,0.97641210197975,0.997551082068496,"Lardner","small","small","small_small","Nematolepis squamea","Olearia argophylla","between","between_species_small_small","Nematolepis squamea subsp squamea small_Olearia argophylla small",0.0492551343120449,NA,-0.114260554599961,0.0788160240106213,0.193076578610582
"952",952,"Hedycarya angustifolia small","Hedycarya angustifolia small",-0.0147681281568581,0.622363102513777,0.463810434765086,0.529324931323245,0.575514073965467,0.69107159930676,1.00943086237341,"Lardner","small","small","small_small","Hedycarya angustifolia","Hedycarya angustifolia","within","within_species_small_small","Hedycarya angustifolia small_Hedycarya angustifolia small",0.155398686344547,NA,-0.330703868228202,0.278447788732095,0.609151656960296
"953",953,"Olearia argophylla small","Acacia melanoxylon small",0.0132619790370566,1.1076317975954,1.03155135036996,1.07531864767274,1.09490453234579,1.14833613785774,1.20329070385083,"Lardner","small","small","small_small","Olearia argophylla","Acacia melanoxylon","between","between_species_small_small","Olearia argophylla small_Acacia melanoxylon small",0.0566553688865531,NA,-0.0963319043254112,0.125753060771539,0.22208496509695
"954",954,"Olearia argophylla small","Olearia argophylla large",0.0324088627449985,1.37189403054601,1.18838277599131,1.26184349980185,1.38290630330819,1.4717824641687,1.6315460750953,"Lardner","small","large","large_small","Olearia argophylla","Olearia argophylla","within","within_species_large_small","Olearia argophylla small_Olearia argophylla large",0.0557663453431191,NA,-0.0755399156977409,0.143060141146132,0.218600056843873
"955",955,"Eucalyptus regnans small","Hedycarya angustifolia small",0.0367429983264102,1.25904256162033,1.07226245953348,1.20208960373682,1.25733256185329,1.3034470578858,1.46016294273169,"Lardner","small","small","small_small","Eucalyptus regnans","Hedycarya angustifolia","between","between_species_small_small","Eucalyptus regnans small_Hedycarya angustifolia small",0.115289061242693,NA,-0.183467031596526,0.268457784097697,0.451924815694223
"956",956,"Eucalyptus regnans small","Nematolepis squamea subsp squamea small",0.0542424164699733,1.4686509141334,1.087745671311,1.32172042611903,1.4619451357457,1.59237327072849,1.98511568439252,"Lardner","small","small","small_small","Eucalyptus regnans","Nematolepis squamea","between","between_species_small_small","Eucalyptus regnans small_Nematolepis squamea subsp squamea small",0.0716906343471044,NA,-0.0861249492480661,0.194897173450244,0.28102212269831
"957",957,"Acacia melanoxylon small","Acacia melanoxylon small",0.0649330527338539,1.32485772705778,1.10403952484039,1.25117207558905,1.33610606823532,1.39709104394266,1.51654959203439,"Lardner","small","small","small_small","Acacia melanoxylon","Acacia melanoxylon","within","within_species_small_small","Acacia melanoxylon small_Acacia melanoxylon small",0.138378095354587,NA,-0.221611471669683,0.320820694618796,0.542432166288479
"958",958,"Olearia argophylla small","Hedycarya angustifolia small",0.0709229723940227,1.7257413517444,1.11133640244728,1.4420503751198,1.67566015679246,1.8940422346345,2.45073885434834,"Lardner","small","small","small_small","Olearia argophylla","Hedycarya angustifolia","between","between_species_small_small","Olearia argophylla small_Hedycarya angustifolia small",0.0676925377255494,NA,-0.0593558530259323,0.205994018902459,0.265349871928391
"959",959,"Eucalyptus regnans small","Acacia melanoxylon small",0.0732226067271231,1.64769955349831,1.16223078127785,1.477432578115,1.58568172264832,1.87512439863592,2.34515013667573,"Lardner","small","small","small_small","Eucalyptus regnans","Acacia melanoxylon","between","between_species_small_small","Eucalyptus regnans small_Acacia melanoxylon small",0.0952203552147717,NA,-0.105143994460988,0.268112939171138,0.373256933632127
"960",960,"Nematolepis squamea subsp squamea large","Nematolepis squamea subsp squamea large",0.0919858970718452,1.28576312418842,1.02810443282209,1.11652883581009,1.29931891737647,1.39908109565895,1.52955346636499,"Lardner","large","large","large_large","Nematolepis squamea","Nematolepis squamea","within","within_species_large_large","Nematolepis squamea subsp squamea large_Nematolepis squamea subsp squamea large",0.223074006429249,NA,-0.363437766817315,0.510996270159452,0.874434036976767
"961",961,"Eucalyptus regnans large","Olearia argophylla large",0.137566541522596,2.26924888088431,1.63206951295816,1.88135291146596,2.12093871316282,2.73828505737475,3.31208946154808,"Lardner","large","large","large_large","Eucalyptus regnans","Olearia argophylla","between","between_species_large_large","Eucalyptus regnans large_Olearia argophylla large",0.123249786491128,NA,-0.094594594777426,0.388535690472299,0.483130285249725
"962",962,"Olearia argophylla small","Olearia argophylla small",0.148557847851772,4.65676874965385,1.81817175450904,3.28156021949028,4.5124824121375,5.89358337191263,8.77423320649298,"Lardner","small","small","small_small","Olearia argophylla","Olearia argophylla","within","within_species_small_small","Olearia argophylla small_Olearia argophylla small",0.0781994656699208,NA,-0.00512826056274285,0.301408012083899,0.306536272646642
"963",963,"Olearia argophylla large","Olearia argophylla large",0.168782482981568,1.08439056915723,0.738173376171934,0.868716167109413,0.95961766245655,1.29344389921321,1.82310626622089,"Lardner","large","large","large_large","Olearia argophylla","Olearia argophylla","within","within_species_large_large","Olearia argophylla large_Olearia argophylla large",0.163445332309522,NA,-0.16160029731765,0.479093632218036,0.640693929535686
"964",964,"Eucalyptus regnans large","Nematolepis squamea subsp squamea large",0.183767558473029,3.7863548193215,2.39467248693082,2.96103637808713,3.54959125260337,4.27443940598332,8.10602749799086,"Lardner","large","large","large_large","Eucalyptus regnans","Nematolepis squamea","between","between_species_large_large","Eucalyptus regnans large_Nematolepis squamea subsp squamea large",0.159985086174391,NA,-0.125842069214712,0.501287944715976,0.627130013930688
"965",965,"Eucalyptus regnans large","Hedycarya angustifolia small",0.197553050056227,2.88006844737362,1.79799413802677,2.34264236648866,2.88768517867018,3.28385376298505,4.54404944354237,"Lardner","large","small","large_small","Eucalyptus regnans","Hedycarya angustifolia","between","between_species_large_small","Eucalyptus regnans large_Hedycarya angustifolia small",0.14439058684747,NA,-0.0752979529036311,0.490702746951659,0.56600069985529
"966",966,"Eucalyptus regnans small","Nematolepis squamea subsp squamea large",0.211847428899106,9.3511906792555,2.70953213556571,5.71110775674958,8.58578983403323,12.017755301696,19.4031834172738,"Lardner","small","large","large_small","Eucalyptus regnans","Nematolepis squamea","between","between_species_large_small","Eucalyptus regnans small_Nematolepis squamea subsp squamea large",0.132761065419632,NA,-0.0484127644076816,0.472001049135607,0.520413813543289
"967",967,"Eucalyptus regnans large","Acacia melanoxylon small",0.215032296186678,3.71442122443451,1.89083029567227,2.48416258755208,3.42896030916701,4.74740292108999,7.14055342735191,"Lardner","large","small","large_small","Eucalyptus regnans","Acacia melanoxylon","between","between_species_large_small","Eucalyptus regnans large_Acacia melanoxylon small",0.1284336883994,NA,-0.0161751431373622,0.487275664191564,0.503450807328926
"968",968,"Nematolepis squamea subsp squamea small","Nematolepis squamea subsp squamea small",0.221091990008137,6.44819864274915,1.82955208650392,4.03115283297792,5.86408829909147,8.5790263822758,13.5068605604065,"Lardner","small","small","small_small","Nematolepis squamea","Nematolepis squamea","within","within_species_small_small","Nematolepis squamea subsp squamea small_Nematolepis squamea subsp squamea small",0.10354032341816,1,0.0139294446780645,0.419800054372512,0.405870609694447
"969",969,"Eucalyptus regnans small","Olearia argophylla large",0.231486349508999,8.14649446714594,3.87566060118944,5.95912824565365,7.56675383766958,9.42342877137635,16.1776972126036,"Lardner","small","large","large_small","Eucalyptus regnans","Olearia argophylla","between","between_species_large_small","Eucalyptus regnans small_Olearia argophylla large",0.11485771582429,1,0.00646319980720722,0.456697172531496,0.450233972724289
"970",970,"Eucalyptus coccifera small","Eucalyptus coccifera small",-1.38882761579078,0.0734034564950186,0.00054689511079658,0.00117826637207527,0.00361405439734413,0.0238723264646403,0.803373271465338,"MtField","small","small","small_small","Eucalyptus coccifera","Eucalyptus coccifera","within","within_species_small_small","Eucalyptus coccifera small_Eucalyptus coccifera small",0.737662304646314,NA,-2.87941577778842,0.0121673219307552,2.89158309971918
"971",971,"Eucalyptus coccifera large","Eucalyptus delegatensis large",-1.02511062744195,0.413789454691746,0.000753524705598,0.121662860259071,0.328818905809886,0.761582254142096,0.929605265959456,"MtField","large","large","large_large","Eucalyptus coccifera","Eucalyptus delegatensis","between","between_species_large_large","Eucalyptus coccifera large_Eucalyptus delegatensis large",0.509220585239687,1,-2.01017876166021,-0.0140707471478175,1.99610801451239
"972",972,"Phyllocladus aspleniifolius large","Phyllocladus aspleniifolius large",-0.895002985522693,0.0105051507707644,4.10253594940786e-05,0.00011353473311656,0.00047978861743534,0.0101540078537654,0.0951610107903217,"MtField","large","large","large_large","Phyllocladus aspleniifolius","Phyllocladus aspleniifolius","within","within_species_large_large","Phyllocladus aspleniifolius large_Phyllocladus aspleniifolius large",0.429978693397334,1,-1.7333978120285,-0.0479123056717666,1.68548550635673
"973",973,"Leptospermum lanigerum large","Leptospermum lanigerum large",-0.828228530484669,0.0605614913973521,0.00357259024276775,0.0133801434869356,0.0325582123755838,0.0558482525142405,0.670729891982882,"MtField","large","large","large_large","Leptospermum lanigerum","Leptospermum lanigerum","within","within_species_large_large","Leptospermum lanigerum large_Leptospermum lanigerum large",0.452683875969779,NA,-1.67380941796705,0.100678768598479,1.77448818656553
"974",974,"Eucalyptus delegatensis large","Eucalyptus delegatensis large",-0.821429865022636,0.00523966051886545,4.07610818469124e-06,1.208730382503e-05,6.24710408896031e-05,0.00052090183591862,0.126354078413252,"MtField","large","large","large_large","Eucalyptus delegatensis","Eucalyptus delegatensis","within","within_species_large_large","Eucalyptus delegatensis large_Eucalyptus delegatensis large",0.406573313203431,1,-1.61132469795033,-0.0175865960426377,1.5937381019077
"975",975,"Eucalyptus subcrenulata large","Eucalyptus subcrenulata large",-0.76058414291292,0.00791583521112387,0.00039332548805616,0.00136466344914584,0.00338969090095646,0.00866437647160845,0.0504224862718851,"MtField","large","large","large_large","Eucalyptus subcrenulata","Eucalyptus subcrenulata","within","within_species_large_large","Eucalyptus subcrenulata large_Eucalyptus subcrenulata large",0.433473061471416,NA,-1.58779265558202,0.111390521922565,1.69918317750458
"976",976,"Eucalyptus coccifera large","Eucalyptus coccifera large",-0.732734333273485,0.0347203158532354,0.00021874118041125,0.00116653701421383,0.00444435425198592,0.0212873839960503,0.467737762969328,"MtField","large","large","large_large","Eucalyptus coccifera","Eucalyptus coccifera","within","within_species_large_large","Eucalyptus coccifera large_Eucalyptus coccifera large",0.524651149455893,NA,-1.75568287291298,0.300911841849202,2.05659471476218
"977",977,"Leptospermum lanigerum large","Eucalyptus coccifera small",-0.722619478821599,0.222427397224727,0.00761546769359736,0.0470940811795101,0.186804568269383,0.343469078017063,0.683384679281461,"MtField","large","small","large_small","Leptospermum lanigerum","Eucalyptus coccifera","between","between_species_large_small","Leptospermum lanigerum large_Eucalyptus coccifera small",0.461270753334907,NA,-1.62652052136376,0.181627605952391,1.80814812731615
"978",978,"Phyllocladus aspleniifolius large","Leptospermum lanigerum small",-0.554506157249585,0.261352075831214,0.0209112639670016,0.118986384574375,0.263510791900411,0.374236950050926,0.585252799770837,"MtField","large","small","large_small","Phyllocladus aspleniifolius","Leptospermum lanigerum","between","between_species_large_small","Phyllocladus aspleniifolius large_Leptospermum lanigerum small",0.231042736199739,1,-1.00066324996258,-0.0949923662804285,0.905670883682154
"979",979,"Leptospermum lanigerum large","Eucalyptus delegatensis small",-0.464620006975451,0.346125859786753,0.0515293216285785,0.24908780157874,0.363752929008526,0.454021673490109,0.741268049400245,"MtField","large","small","large_small","Leptospermum lanigerum","Eucalyptus delegatensis","between","between_species_large_small","Leptospermum lanigerum large_Eucalyptus delegatensis small",0.247829462190421,NA,-0.928627202540829,0.0428464378614842,0.971473640402313
"980",980,"Pittosporum bicolor small","Eucalyptus coccifera small",-0.44028282247005,0.450594068359958,0.0166364379784417,0.223391144616605,0.406609046155803,0.762968840738886,0.92928392731353,"MtField","small","small","small_small","Pittosporum bicolor","Eucalyptus coccifera","between","between_species_small_small","Pittosporum bicolor small_Eucalyptus coccifera small",0.361283246526872,NA,-1.14370324348972,0.27250105933103,1.41620430282075
"981",981,"Eucalyptus coccifera small","Eucalyptus subcrenulata small",-0.426123528134512,0.438427188264378,0.0752314815328071,0.144068703396979,0.514325774574495,0.650747557993918,0.813730224994716,"MtField","small","small","small_small","Eucalyptus coccifera","Eucalyptus subcrenulata","between","between_species_small_small","Eucalyptus coccifera small_Eucalyptus subcrenulata small",0.241066407590819,NA,-0.907251467436419,0.0377114860844952,0.944962953520915
"982",982,"Eucalyptus delegatensis small","Eucalyptus delegatensis small",-0.361709478443425,0.0184867735498525,4.18176871819373e-05,0.00020412352110015,0.00088216475416689,0.0083551974696726,0.64626801942398,"MtField","small","small","small_small","Eucalyptus delegatensis","Eucalyptus delegatensis","within","within_species_small_small","Eucalyptus delegatensis small_Eucalyptus delegatensis small",0.240071875393101,NA,-0.821374120303139,0.11969033863979,0.941064458942929
"983",983,"Atherosperma moschatum small","Leptospermum lanigerum large",-0.321654708449825,0.493532684216287,0.124475306523877,0.25109101313088,0.544334772218249,0.706978784491255,0.828280339411181,"MtField","small","large","large_small","Atherosperma moschatum","Leptospermum lanigerum","between","between_species_large_small","Atherosperma moschatum small_Leptospermum lanigerum large",0.332175352215676,NA,-0.945328076798332,0.356775376990934,1.30210345378927
"984",984,"Eucalyptus coccifera large","Eucalyptus delegatensis small",-0.295678719548872,0.712933098098518,0.129295028636589,0.612079763476226,0.785205957809317,0.890100818014392,0.96963882188103,"MtField","large","small","large_small","Eucalyptus coccifera","Eucalyptus delegatensis","between","between_species_large_small","Eucalyptus coccifera large_Eucalyptus delegatensis small",0.280258684000162,NA,-0.84564820768784,0.252945646301979,1.09859385398982
"985",985,"Leptospermum lanigerum large","Eucalyptus subcrenulata small",-0.287375215367336,0.53464152862563,0.124531127305604,0.40146954052544,0.558238145174357,0.662994898666031,0.875301392710417,"MtField","large","small","large_small","Leptospermum lanigerum","Eucalyptus subcrenulata","between","between_species_large_small","Leptospermum lanigerum large_Eucalyptus subcrenulata small",0.216916434634649,NA,-0.709121956383642,0.141174842693855,0.850296799077497
"986",986,"Atherosperma moschatum small","Eucalyptus delegatensis small",-0.263721910131586,0.587805943602649,0.257787534796203,0.45112766930711,0.593198708218225,0.713278580280903,0.851908764567871,"MtField","small","small","small_small","Atherosperma moschatum","Eucalyptus delegatensis","between","between_species_small_small","Atherosperma moschatum small_Eucalyptus delegatensis small",0.19916398157441,NA,-0.647488691197774,0.133219770609112,0.780708461806885
"987",987,"Eucalyptus subcrenulata large","Leptospermum lanigerum small",-0.239093272123055,0.435820800223846,0.191700783466635,0.380151809790924,0.423140116295817,0.470474097154346,0.715092047964695,"MtField","large","small","large_small","Eucalyptus subcrenulata","Leptospermum lanigerum","between","between_species_large_small","Eucalyptus subcrenulata large_Leptospermum lanigerum small",0.183069581652745,NA,-0.58799106354695,0.12962850986144,0.71761957340839
"988",988,"Eucalyptus delegatensis small","Phyllocladus aspleniifolius small",-0.231108739281942,0.483172722926993,0.0961114700501384,0.329151186157361,0.446119290900171,0.672164584774838,0.864918015064964,"MtField","small","small","small_small","Eucalyptus delegatensis","Phyllocladus aspleniifolius","between","between_species_small_small","Eucalyptus delegatensis small_Phyllocladus aspleniifolius small",0.093634749579159,1,-0.410934289041874,-0.0438928152887172,0.367041473753157
"989",989,"Pittosporum bicolor small","Phyllocladus aspleniifolius large",-0.217300205181616,0.484448009304448,0.157820234057607,0.323347790717681,0.444587057984045,0.63424244796866,0.923585345480676,"MtField","small","large","large_small","Pittosporum bicolor","Phyllocladus aspleniifolius","between","between_species_large_small","Pittosporum bicolor small_Phyllocladus aspleniifolius large",0.218033328633462,NA,-0.659140215278521,0.19553472782342,0.854674943101941
"990",990,"Eucalyptus subcrenulata small","Eucalyptus subcrenulata small",-0.209612652400377,0.171528649191101,0.0344224141595326,0.0589275215472012,0.11837248849003,0.23920394785764,0.631483089043431,"MtField","small","small","small_small","Eucalyptus subcrenulata","Eucalyptus subcrenulata","within","within_species_small_small","Eucalyptus subcrenulata small_Eucalyptus subcrenulata small",0.206153687263411,NA,-0.615637064024693,0.192470540608145,0.808107604632838
"991",991,"Leptospermum lanigerum large","Phyllocladus aspleniifolius large",-0.194959058785886,0.605465142745454,0.30101650777609,0.517702572523605,0.622402224017002,0.696993623393391,0.902613817299379,"MtField","large","large","large_large","Leptospermum lanigerum","Phyllocladus aspleniifolius","between","between_species_large_large","Leptospermum lanigerum large_Phyllocladus aspleniifolius large",0.372699379205671,NA,-0.934660708137225,0.526294012469879,1.4609547206071
"992",992,"Atherosperma moschatum small","Phyllocladus aspleniifolius small",-0.169938768806453,0.749656843936416,0.427598559006978,0.672569058008834,0.787172646194326,0.859729815790975,0.910309176830286,"MtField","small","small","small_small","Atherosperma moschatum","Phyllocladus aspleniifolius","between","between_species_small_small","Atherosperma moschatum small_Phyllocladus aspleniifolius small",0.102841945158948,NA,-0.381076847863724,0.0220561693594383,0.403133017223162
"993",993,"Pittosporum bicolor small","Eucalyptus delegatensis large",-0.159568958695099,0.627510573434925,0.318153878269842,0.45594762732554,0.63177892030598,0.804068307876814,0.972537584807301,"MtField","small","large","large_small","Pittosporum bicolor","Eucalyptus delegatensis","between","between_species_large_small","Pittosporum bicolor small_Eucalyptus delegatensis large",0.235936857076007,NA,-0.615128053413207,0.309727431575888,0.924855484989095
"994",994,"Eucalyptus subcrenulata large","Eucalyptus subcrenulata small",-0.157809896478029,0.563410419380717,0.304432915724107,0.500610589108103,0.56106297280774,0.612692790898615,0.866152543046452,"MtField","large","small","large_small","Eucalyptus subcrenulata","Eucalyptus subcrenulata","within","within_species_large_small","Eucalyptus subcrenulata large_Eucalyptus subcrenulata small",0.192768487876907,NA,-0.53780035843445,0.217838228751518,0.755638587185968
"995",995,"Eucalyptus coccifera small","Leptospermum lanigerum small",-0.148466371762865,0.74200424263818,0.409302239958645,0.649230432936768,0.756697570736956,0.850791289772491,0.930689024444808,"MtField","small","small","small_small","Eucalyptus coccifera","Leptospermum lanigerum","between","between_species_small_small","Eucalyptus coccifera small_Leptospermum lanigerum small",0.201629209829378,NA,-0.55567613391185,0.234695845081852,0.790371978993701
"996",996,"Leptospermum lanigerum large","Phyllocladus aspleniifolius small",-0.130289121475301,0.743039226065902,0.460085924051038,0.679340084248054,0.75890919527015,0.821119682487032,0.934239486181908,"MtField","large","small","large_small","Leptospermum lanigerum","Phyllocladus aspleniifolius","between","between_species_large_small","Leptospermum lanigerum large_Phyllocladus aspleniifolius small",0.129305164436138,NA,-0.365262408690534,0.141604521929186,0.50686693061972
"997",997,"Eucalyptus coccifera large","Phyllocladus aspleniifolius small",-0.129506071500192,0.760430640383817,0.374446683838756,0.685962285373403,0.777484599712987,0.856786137109171,0.988686013938732,"MtField","large","small","large_small","Eucalyptus coccifera","Phyllocladus aspleniifolius","between","between_species_large_small","Eucalyptus coccifera large_Phyllocladus aspleniifolius small",0.134152726166076,NA,-0.390892647371162,0.134976376055586,0.525869023426748
"998",998,"Eucalyptus coccifera small","Phyllocladus aspleniifolius large",-0.121290982540759,0.699156247870982,0.479029538406883,0.567075767869511,0.687632332099605,0.858539245259894,0.911931581165057,"MtField","small","large","large_small","Eucalyptus coccifera","Phyllocladus aspleniifolius","between","between_species_large_small","Eucalyptus coccifera small_Phyllocladus aspleniifolius large",0.418363672084233,NA,-0.948113391278278,0.691842068171766,1.63995545945004
"999",999,"Pittosporum bicolor small","Pittosporum bicolor small",-0.0792144640013586,0.0686306801946274,0.0192092160361135,0.0341135320279491,0.0433027793804027,0.0708234394744905,0.293244156583283,"MtField","small","small","small_small","Pittosporum bicolor","Pittosporum bicolor","within","within_species_small_small","Pittosporum bicolor small_Pittosporum bicolor small",0.202550895671207,NA,-0.477645395188899,0.31633952591489,0.793984921103789
"1000",1000,"Pittosporum bicolor small","Leptospermum lanigerum small",-0.0779588533769288,0.794147458749765,0.608005853092807,0.692472218545924,0.776438985556396,0.902692336210938,0.969401749193673,"MtField","small","small","small_small","Pittosporum bicolor","Leptospermum lanigerum","between","between_species_small_small","Pittosporum bicolor small_Leptospermum lanigerum small",0.141837219908311,NA,-0.351752106170038,0.204239579205115,0.555991685375154
"1001",1001,"Eucalyptus coccifera large","Pittosporum bicolor small",-0.0596154022793388,0.869841762650278,0.590323671518391,0.795089392693394,0.904801465385455,0.952102566167322,0.984521068734605,"MtField","large","small","large_small","Eucalyptus coccifera","Pittosporum bicolor","between","between_species_large_small","Eucalyptus coccifera large_Pittosporum bicolor small",0.319950765657549,NA,-0.691350786666768,0.562833168362855,1.25418395502962
"1002",1002,"Eucalyptus coccifera small","Eucalyptus delegatensis small",-0.0581286162062711,0.893335677993962,0.700091299193893,0.846386158090626,0.925004755800748,0.946889140799912,0.963905189241864,"MtField","small","small","small_small","Eucalyptus coccifera","Eucalyptus delegatensis","between","between_species_small_small","Eucalyptus coccifera small_Eucalyptus delegatensis small",0.264737069050804,NA,-0.568097634528453,0.469652606896087,1.03775024142454
"1003",1003,"Phyllocladus aspleniifolius large","Eucalyptus subcrenulata small",-0.0564461079261418,0.80938313664524,0.637022441564959,0.750808010550689,0.815102214946473,0.870824543769991,0.934752100356519,"MtField","large","small","large_small","Phyllocladus aspleniifolius","Eucalyptus subcrenulata","between","between_species_large_small","Phyllocladus aspleniifolius large_Eucalyptus subcrenulata small",0.185777696295812,NA,-0.41988081159138,0.308354376149841,0.728235187741222
"1004",1004,"Atherosperma moschatum small","Atherosperma moschatum small",-0.0488562955559503,1.18264016564049,1.06105672130447,1.10506120624443,1.15213957311249,1.24753831818279,1.40510997108432,"MtField","small","small","small_small","Atherosperma moschatum","Atherosperma moschatum","within","within_species_small_small","Atherosperma moschatum small_Atherosperma moschatum small",0.28483680480637,NA,-0.618657177023513,0.497882580760388,1.1165397577839
"1005",1005,"Eucalyptus subcrenulata small","Phyllocladus aspleniifolius small",-0.0369826991810251,0.855184145680168,0.688615031313868,0.833995877508072,0.854319638431079,0.881698297217944,0.974958465390219,"MtField","small","small","small_small","Eucalyptus subcrenulata","Phyllocladus aspleniifolius","between","between_species_small_small","Eucalyptus subcrenulata small_Phyllocladus aspleniifolius small",0.0790833065078891,NA,-0.196125131237428,0.113875733830181,0.310000865067609
"1006",1006,"Eucalyptus coccifera small","Eucalyptus subcrenulata large",-0.0367831101599834,0.902982833475777,0.797335037712308,0.868241759505961,0.913108209042173,0.949511195157591,0.972245336341176,"MtField","small","large","large_small","Eucalyptus coccifera","Eucalyptus subcrenulata","between","between_species_large_small","Eucalyptus coccifera small_Eucalyptus subcrenulata large",0.400480408631323,NA,-0.833831642512104,0.73602271235045,1.56985435486255
"1007",1007,"Eucalyptus subcrenulata large","Eucalyptus delegatensis large",-0.0346924777728632,0.870936086467834,0.77913977033827,0.849540740628721,0.868867918296467,0.886202439173597,0.961909833270216,"MtField","large","large","large_large","Eucalyptus subcrenulata","Eucalyptus delegatensis","between","between_species_large_large","Eucalyptus subcrenulata large_Eucalyptus delegatensis large",0.245578407050576,NA,-0.504679562113121,0.457970104286573,0.962649666399694
"1008",1008,"Atherosperma moschatum small","Leptospermum lanigerum small",-0.0262513572087882,0.948827995308993,0.885909699962203,0.930818422846823,0.955572896472986,0.970170149920971,0.986412169703955,"MtField","small","small","small_small","Atherosperma moschatum","Leptospermum lanigerum","between","between_species_small_small","Atherosperma moschatum small_Leptospermum lanigerum small",0.149637872432951,NA,-0.327831833582089,0.258737847801479,0.586569681383567
"1009",1009,"Leptospermum lanigerum large","Pittosporum bicolor small",-0.00620793341739053,0.980581811903466,0.961213334752495,0.975150933023381,0.982634727130741,0.985351611829634,0.996206341011221,"MtField","large","small","large_small","Leptospermum lanigerum","Pittosporum bicolor","between","between_species_large_small","Leptospermum lanigerum large_Pittosporum bicolor small",0.253604572266761,NA,-0.527537483418521,0.466574172496552,0.994111655915073
"1010",1010,"Atherosperma moschatum small","Eucalyptus subcrenulata small",-0.00300755846987771,0.992585331475434,0.984558881957415,0.988573682670934,0.99347872334039,0.996917241225787,0.997831179627523,"MtField","small","small","small_small","Atherosperma moschatum","Eucalyptus subcrenulata","between","between_species_small_small","Atherosperma moschatum small_Eucalyptus subcrenulata small",0.171648028768766,NA,-0.345261875498428,0.327586033309723,0.672847908808151
"1011",1011,"Eucalyptus coccifera small","Atherosperma moschatum small",0.0117047662265222,1.04663459122991,1.0142534242934,1.01822661000116,1.04615871133564,1.07307238200966,1.0889355943234,"MtField","small","small","small_small","Eucalyptus coccifera","Atherosperma moschatum","between","between_species_small_small","Eucalyptus coccifera small_Atherosperma moschatum small",0.327612322358566,NA,-0.63513247894678,0.649084226481853,1.28421670542863
"1012",1012,"Eucalyptus subcrenulata large","Phyllocladus aspleniifolius large",0.0124614574943684,1.05755188326116,1.01474924210586,1.04366673738648,1.05770628363957,1.06829627607806,1.09986076354363,"MtField","large","large","large_large","Eucalyptus subcrenulata","Phyllocladus aspleniifolius","between","between_species_large_large","Eucalyptus subcrenulata large_Phyllocladus aspleniifolius large",0.307495348172396,NA,-0.568986584085706,0.636373031577297,1.205359615663
"1013",1013,"Phyllocladus aspleniifolius large","Atherosperma moschatum small",0.0224652774831529,1.10930491208497,1.0432173165282,1.08411831589771,1.10014199351234,1.12314686094278,1.2147314097826,"MtField","large","small","large_small","Phyllocladus aspleniifolius","Atherosperma moschatum","between","between_species_large_small","Phyllocladus aspleniifolius large_Atherosperma moschatum small",0.26392720281582,NA,-0.482771113633981,0.55180451048483,1.03457562411881
"1014",1014,"Leptospermum lanigerum small","Eucalyptus subcrenulata small",0.0313121790782445,1.19075231593645,1.02564705855857,1.09047982953271,1.20200199844138,1.25997236587319,1.43312083048324,"MtField","small","small","small_small","Leptospermum lanigerum","Eucalyptus subcrenulata","between","between_species_small_small","Leptospermum lanigerum small_Eucalyptus subcrenulata small",0.101157191395,NA,-0.178593553012656,0.217935350810192,0.396528903822849
"1015",1015,"Phyllocladus aspleniifolius small","Eucalyptus subcrenulata large",0.039263104389916,1.49184061186074,1.12803282377892,1.26827171243832,1.44465618017845,1.67250290138678,2.10558836994495,"MtField","small","large","large_small","Phyllocladus aspleniifolius","Eucalyptus subcrenulata","between","between_species_large_small","Phyllocladus aspleniifolius small_Eucalyptus subcrenulata large",0.126704590494823,NA,-0.22839637173814,0.268276496353356,0.496672868091497
"1016",1016,"Eucalyptus subcrenulata large","Atherosperma moschatum small",0.0468268929786471,1.24362339613183,1.08655874711598,1.20265284731147,1.2377874404081,1.28534353764093,1.40941775672844,"MtField","large","small","large_small","Eucalyptus subcrenulata","Atherosperma moschatum","between","between_species_large_small","Eucalyptus subcrenulata large_Atherosperma moschatum small",0.241137105742026,NA,-0.444231093282915,0.501008991898278,0.945240085181193
"1017",1017,"Phyllocladus aspleniifolius small","Eucalyptus delegatensis large",0.0729395999265084,1.91319770979339,1.16019534933543,1.32474951782213,1.52537980970512,2.42949777050813,4.41024954741511,"MtField","small","large","large_small","Phyllocladus aspleniifolius","Eucalyptus delegatensis","between","between_species_large_small","Phyllocladus aspleniifolius small_Eucalyptus delegatensis large",0.151596443672499,NA,-0.230862686470299,0.363384453094607,0.594247139564906
"1018",1018,"Eucalyptus subcrenulata small","Eucalyptus delegatensis large",0.0908780420768265,1.66602306394483,1.11319480127114,1.47901665697016,1.65057645363642,1.86731659783448,2.34953719634109,"MtField","small","large","large_small","Eucalyptus subcrenulata","Eucalyptus delegatensis","between","between_species_large_small","Eucalyptus subcrenulata small_Eucalyptus delegatensis large",0.174996344980628,NA,-0.2428489771864,0.443124089989957,0.685973067176356
"1019",1019,"Eucalyptus coccifera large","Atherosperma moschatum small",0.101289437155979,1.52724202213234,1.01313375798695,1.02568828499667,1.43177666906244,1.87578566279986,2.55300337726994,"MtField","large","small","large_small","Eucalyptus coccifera","Atherosperma moschatum","between","between_species_large_small","Eucalyptus coccifera large_Atherosperma moschatum small",0.260762829864169,NA,-0.40553390767288,0.616637602408153,1.02217151008103
"1020",1020,"Leptospermum lanigerum small","Leptospermum lanigerum large",0.118413440005662,2.63519178076419,1.26581282839439,2.1121181057394,2.54607448719021,2.85726350232306,4.78587658988166,"MtField","small","large","large_small","Leptospermum lanigerum","Leptospermum lanigerum","within","within_species_large_small","Leptospermum lanigerum small_Leptospermum lanigerum large",0.168510650576959,NA,-0.228568343976244,0.431981268308263,0.660549612284506
"1021",1021,"Phyllocladus aspleniifolius small","Leptospermum lanigerum small",0.118786436235332,2.67766112181912,1.23462884534406,1.52224728448284,1.85081971491734,3.17376898852768,11.1042406637528,"MtField","small","small","small_small","Phyllocladus aspleniifolius","Leptospermum lanigerum","between","between_species_small_small","Phyllocladus aspleniifolius small_Leptospermum lanigerum small",0.074232922210323,NA,-0.0263915155314119,0.264596192467381,0.290987707998793
"1022",1022,"Eucalyptus subcrenulata small","Pittosporum bicolor small",0.13268269134091,2.76833325299762,1.23146523160442,2.04885208200887,2.50396911005497,3.38629633019197,4.16823630368902,"MtField","small","small","small_small","Eucalyptus subcrenulata","Pittosporum bicolor","between","between_species_small_small","Eucalyptus subcrenulata small_Pittosporum bicolor small",0.149993820068091,NA,-0.159599000278078,0.428365970195999,0.587964970474078
"1023",1023,"Eucalyptus delegatensis small","Pittosporum bicolor small",0.142920634032273,3.12891829194213,1.14281534409976,1.49918996625151,2.91859193109411,4.21571090616163,7.03057494204248,"MtField","small","small","small_small","Eucalyptus delegatensis","Pittosporum bicolor","between","between_species_small_small","Eucalyptus delegatensis small_Pittosporum bicolor small",0.146586217640141,NA,-0.146180668034662,0.428426746374589,0.574607414409251
"1024",1024,"Leptospermum lanigerum small","Leptospermum lanigerum small",0.149117097687106,1.04113321486601,0.216138778850047,0.471987237235859,0.755405300719829,1.72092910609621,2.47686475763008,"MtField","small","small","small_small","Leptospermum lanigerum","Leptospermum lanigerum","within","within_species_small_small","Leptospermum lanigerum small_Leptospermum lanigerum small",0.120845329212179,NA,-0.0846890483089857,0.389015937602527,0.473704985911513
"1025",1025,"Phyllocladus aspleniifolius small","Eucalyptus coccifera small",0.16045759274792,9.68960798358385,1.55603700012336,2.52731841582372,3.35697616488845,7.08843797800944,67.2787894163719,"MtField","small","small","small_small","Phyllocladus aspleniifolius","Eucalyptus coccifera","between","between_species_small_small","Phyllocladus aspleniifolius small_Eucalyptus coccifera small",0.149444908102335,NA,-0.131676369110092,0.454136905996857,0.585813275106948
"1026",1026,"Leptospermum lanigerum small","Eucalyptus coccifera large",0.172094293483002,2.98506075844678,1.19246752309727,1.38091570046379,1.57438812071452,3.64247521226116,12.1194747015691,"MtField","small","large","large_small","Leptospermum lanigerum","Eucalyptus coccifera","between","between_species_large_small","Leptospermum lanigerum small_Eucalyptus coccifera large",0.211826868455218,NA,-0.240499503419147,0.589846562841116,0.830346066260263
"1027",1027,"Eucalyptus delegatensis large","Phyllocladus aspleniifolius large",0.173264692068464,2.47126690498231,1.16330000538881,1.67155540187899,2.18505356309701,3.15108332435756,4.55433314299992,"MtField","large","large","large_large","Eucalyptus delegatensis","Phyllocladus aspleniifolius","between","between_species_large_large","Eucalyptus delegatensis large_Phyllocladus aspleniifolius large",0.287879762256688,NA,-0.399385260653909,0.729082671148216,1.12846793180212
"1028",1028,"Leptospermum lanigerum small","Eucalyptus delegatensis large",0.184265731260092,3.53726018034673,1.4731833908412,2.47187590119411,3.4037075482641,4.39062525477919,7.13053341974516,"MtField","small","large","large_small","Leptospermum lanigerum","Eucalyptus delegatensis","between","between_species_large_small","Leptospermum lanigerum small_Eucalyptus delegatensis large",0.163236855821519,NA,-0.14592944698827,0.4939472697312,0.639876716719469
"1029",1029,"Eucalyptus delegatensis small","Eucalyptus subcrenulata small",0.231856545429425,4.30993613268835,1.27607571648953,1.84607944988371,3.31751469155313,5.52874583502176,14.4789321321614,"MtField","small","small","small_small","Eucalyptus delegatensis","Eucalyptus subcrenulata","between","between_species_small_small","Eucalyptus delegatensis small_Eucalyptus subcrenulata small",0.150212918607394,NA,-0.0634049969551719,0.525418824011107,0.588823820966279
"1030",1030,"Leptospermum lanigerum small","Eucalyptus delegatensis small",0.233667890441877,4.5405103323353,1.91141653599605,3.02095792128456,4.25672109307877,5.18249789794776,11.1065395507539,"MtField","small","small","small_small","Leptospermum lanigerum","Eucalyptus delegatensis","between","between_species_small_small","Leptospermum lanigerum small_Eucalyptus delegatensis small",0.12210278588951,NA,-0.00491287728937798,0.473721248221513,0.478634125510891
"1031",1031,"Phyllocladus aspleniifolius small","Pittosporum bicolor small",0.241723862400534,24.4175127248439,2.00580278251387,5.50985920503313,15.152740964378,27.9565296341829,99.8270777183995,"MtField","small","small","small_small","Phyllocladus aspleniifolius","Pittosporum bicolor","between","between_species_small_small","Phyllocladus aspleniifolius small_Pittosporum bicolor small",0.110534753696728,1,0.0355036757191786,0.468791948290363,0.433288272571185
"1032",1032,"Phyllocladus aspleniifolius small","Phyllocladus aspleniifolius small",0.247148100384763,1.76844137638655,0.512638801149685,1.02637890853406,1.55699469494593,2.26251274720346,4.51447200531522,"MtField","small","small","small_small","Phyllocladus aspleniifolius","Phyllocladus aspleniifolius","within","within_species_small_small","Phyllocladus aspleniifolius small_Phyllocladus aspleniifolius small",0.0922019927661599,1,0.0441103587488894,0.405535528997881,0.361425170248992
"1033",1033,"Eucalyptus delegatensis large","Atherosperma moschatum small",0.267447600522978,5.57114262412478,1.43842101283362,2.41023336793941,3.28128634314827,7.35920354458844,16.3734344636122,"MtField","large","small","large_small","Eucalyptus delegatensis","Atherosperma moschatum","between","between_species_large_small","Eucalyptus delegatensis large_Atherosperma moschatum small",0.278727113424161,NA,-0.281056764276545,0.811533443375786,1.09259020765233
"1034",1034,"Eucalyptus subcrenulata large","Eucalyptus coccifera large",0.27308859183583,3.77792333096856,1.25939461201963,2.28621465279875,2.98658286419524,4.8576836540554,9.79865586703399,"MtField","large","large","large_large","Eucalyptus subcrenulata","Eucalyptus coccifera","between","between_species_large_large","Eucalyptus subcrenulata large_Eucalyptus coccifera large",0.346264199777322,NA,-0.395739069207807,0.961591652190458,1.35733072139826
"1035",1035,"Eucalyptus subcrenulata large","Pittosporum bicolor small",0.308723990228566,5.22423565611183,1.76156808855955,3.66933545178582,4.80400889184364,6.35762918539007,9.59543271067565,"MtField","large","small","large_small","Eucalyptus subcrenulata","Pittosporum bicolor","between","between_species_large_small","Eucalyptus subcrenulata large_Pittosporum bicolor small",0.307498834565312,NA,-0.274646952708062,0.930726329364042,1.2053732820721
"1036",1036,"Pittosporum bicolor small","Atherosperma moschatum small",0.33474566933404,5.09875316395046,1.18631217453131,1.71528386801104,4.05952564614978,5.41569401032223,16.212615191563,"MtField","small","small","small_small","Pittosporum bicolor","Atherosperma moschatum","between","between_species_small_small","Pittosporum bicolor small_Atherosperma moschatum small",0.233683338809603,NA,-0.10792071458533,0.808101141122456,0.916021855707785
"1037",1037,"Phyllocladus aspleniifolius small","Phyllocladus aspleniifolius large",0.335343689382698,80.20854088752,3.06601354343072,9.4439622810656,28.4921167425775,104.863874315793,542.041886977307,"MtField","small","large","large_small","Phyllocladus aspleniifolius","Phyllocladus aspleniifolius","within","within_species_large_small","Phyllocladus aspleniifolius small_Phyllocladus aspleniifolius large",0.147269378058256,1,0.049308956710318,0.626594310749907,0.577285354039589
"1038",1038,"Eucalyptus delegatensis small","Eucalyptus delegatensis large",0.347629910453115,11.1640312804416,1.5982256991661,3.68290227648282,7.61407521795156,10.2121194854203,52.0908787327888,"MtField","small","large","large_small","Eucalyptus delegatensis","Eucalyptus delegatensis","within","within_species_large_small","Eucalyptus delegatensis small_Eucalyptus delegatensis large",0.223561450374784,NA,-0.093537750573108,0.782807031559121,0.876344782132229
"1039",1039,"Phyllocladus aspleniifolius large","Eucalyptus coccifera large",0.389540376008148,8.18552883772151,2.32253714172094,3.28796814735205,6.31020500216885,10.2092877358813,24.0415282649833,"MtField","large","large","large_large","Phyllocladus aspleniifolius","Eucalyptus coccifera","between","between_species_large_large","Phyllocladus aspleniifolius large_Eucalyptus coccifera large",0.303958524532919,NA,-0.217165297707542,0.97433022404937,1.19149552175691
"1040",1040,"Eucalyptus delegatensis small","Eucalyptus subcrenulata large",0.441303799115066,47.3788237634359,1.62060014141112,3.03531593314332,17.8821507783052,52.1083843765818,400.849987962224,"MtField","small","large","large_small","Eucalyptus delegatensis","Eucalyptus subcrenulata","between","between_species_large_small","Eucalyptus delegatensis small_Eucalyptus subcrenulata large",0.221930693571732,NA,-0.0159892162427895,0.853963116686389,0.869952332929178
"1041",1041,"Eucalyptus subcrenulata small","Eucalyptus coccifera large",0.545189848107124,236.366309973775,2.687709155773,9.14551338374624,31.9091263729995,71.988610041372,4496.21153301398,"MtField","small","large","large_small","Eucalyptus subcrenulata","Eucalyptus coccifera","between","between_species_large_small","Eucalyptus subcrenulata small_Eucalyptus coccifera large",0.224066148326155,1,0.110717435925573,0.98904059767332,0.878323161747746
"1042",1042,"Eucalyptus delegatensis small","Phyllocladus aspleniifolius large",0.564927648309342,325.692201057157,1.5299572897236,4.06988891839845,27.6836932673012,74.8906573700464,4622.75728397295,"MtField","small","large","large_small","Eucalyptus delegatensis","Phyllocladus aspleniifolius","between","between_species_large_small","Eucalyptus delegatensis small_Phyllocladus aspleniifolius large",0.242426843930705,1,0.0804805284040165,1.03077629438381,0.950295765979789
"1043",1043,"Eucalyptus delegatensis large","Eucalyptus coccifera small",0.590862045950011,42.3387425518022,1.71383714094748,3.49509028034542,12.5283154199427,51.3631431653493,305.953690175764,"MtField","large","small","large_small","Eucalyptus delegatensis","Eucalyptus coccifera","between","between_species_large_small","Eucalyptus delegatensis large_Eucalyptus coccifera small",0.374953601544674,NA,-0.139597722823931,1.33019338697835,1.46979110980229
"1044",1044,"Eucalyptus subcrenulata large","Leptospermum lanigerum large",0.651710000102781,47.5355001957837,3.26674049981699,8.65955585506314,19.5339192663353,55.4902640565756,192.662775055941,"MtField","large","large","large_large","Eucalyptus subcrenulata","Leptospermum lanigerum","between","between_species_large_large","Eucalyptus subcrenulata large_Leptospermum lanigerum large",0.38140786746689,NA,-0.1280374279219,1.36705393938876,1.49509136731066
"1045",1045,"Leptospermum lanigerum large","Eucalyptus coccifera large",0.691821049104074,28.9742246567242,1.32930771125134,3.11204914107967,4.91789295684503,22.2564019156095,161.243266116165,"MtField","large","large","large_large","Leptospermum lanigerum","Eucalyptus coccifera","between","between_species_large_large","Leptospermum lanigerum large_Eucalyptus coccifera large",0.464867174717311,NA,-0.225665621234139,1.5965802188475,1.82224584008164
"1046",1046,"Eucalyptus delegatensis large","Leptospermum lanigerum large",0.833705974657166,400.363976121611,3.70842750031852,39.0952891048158,190.497617642982,506.943187838772,1639.42639079571,"MtField","large","large","large_large","Eucalyptus delegatensis","Leptospermum lanigerum","between","between_species_large_large","Eucalyptus delegatensis large_Leptospermum lanigerum large",0.425401965318398,NA,-0.00544799144481933,1.66209707050842,1.66754506195324
"1047",1047,"Eucalyptus coccifera large","Eucalyptus coccifera small",0.849116701881464,130.70123857208,1.07163361511238,2.64807510482692,31.1436391235824,143.571713284721,1351.43691992248,"MtField","large","small","large_small","Eucalyptus coccifera","Eucalyptus coccifera","within","within_species_large_small","Eucalyptus coccifera large_Eucalyptus coccifera small",0.497187358634113,NA,-0.0980019253589954,1.85093670762393,1.94893863298292
"1048",1048,"Eucalyptus fastigata large","Eucalyptus radiata small",-0.191338907341403,0.760237795631795,0.252725733758707,0.65108984585576,0.845777938623731,0.932411220116269,0.972391707467223,"WaratahMix","large","small","large_small","Eucalyptus fastigata","Eucalyptus radiata","between","between_species_large_small","Eucalyptus fastigata large_Eucalyptus radiata small",0.0831675231651122,1,-0.356254640736425,-0.0302439405623836,0.326010700174041
"1049",1049,"Eucalyptus fastigata large","Eucalyptus radiata large",-0.182322625358318,0.622423822140244,0.263150708316375,0.461217146056536,0.650387112396658,0.782774231473933,0.919876672424991,"WaratahMix","large","large","large_large","Eucalyptus fastigata","Eucalyptus radiata","between","between_species_large_large","Eucalyptus fastigata large_Eucalyptus radiata large",0.106779582669438,NA,-0.392621715458911,0.0259465571737203,0.418568272632632
"1050",1050,"Eucalyptus fastigata large","Eucalyptus fastigata large",-0.139912324544388,0.815330685394132,0.614643530586858,0.705786973336321,0.758443231648947,0.952682681202684,1.15965262035219,"WaratahMix","large","large","large_large","Eucalyptus fastigata","Eucalyptus fastigata","within","within_species_large_large","Eucalyptus fastigata large_Eucalyptus fastigata large",0.20192116500844,NA,-0.542408401678039,0.249108020587784,0.791516422265823
"1051",1051,"Eucalyptus fastigata large","Eucalyptus obliqua small",-0.117946562213886,0.731785294912174,0.430498765851019,0.528668371350273,0.739697069610113,0.935008467582868,0.980872223344814,"WaratahMix","large","small","large_small","Eucalyptus fastigata","Eucalyptus obliqua","between","between_species_large_small","Eucalyptus fastigata large_Eucalyptus obliqua small",0.106645619338756,NA,-0.328220781999762,0.0898223640260978,0.41804314602586
"1052",1052,"Eucalyptus obliqua small","Eucalyptus radiata large",-0.111715397731952,0.688797963843998,0.430467242998107,0.634849261921934,0.69238965176443,0.738864552256196,0.879581790204555,"WaratahMix","small","large","large_small","Eucalyptus obliqua","Eucalyptus radiata","between","between_species_large_small","Eucalyptus obliqua small_Eucalyptus radiata large",0.089835268172217,NA,-0.286820034071832,0.065327746246253,0.352147780318085
"1053",1053,"Eucalyptus cypellocarpa small","Eucalyptus fastigata small",-0.076072711501297,0.824538844411904,0.658916908814321,0.746233387704191,0.825786886020027,0.904545031695186,0.974706114257856,"WaratahMix","small","small","small_small","Eucalyptus cypellocarpa","Eucalyptus fastigata","between","between_species_small_small","Eucalyptus cypellocarpa small_Eucalyptus fastigata small",0.113660833313247,NA,-0.301299627931543,0.144242651562004,0.445542279493547
"1054",1054,"Eucalyptus radiata large","Eucalyptus radiata small",-0.0652274410033522,0.821419052090264,0.62061531192751,0.741888550299719,0.841725690515735,0.885822319818653,0.958375376956113,"WaratahMix","large","small","large_small","Eucalyptus radiata","Eucalyptus radiata","within","within_species_large_small","Eucalyptus radiata large_Eucalyptus radiata small",0.0527269310871527,NA,-0.168554970278083,0.0381308016142062,0.206685771892289
"1055",1055,"Eucalyptus obliqua large","Eucalyptus fastigata small",-0.0559301006959669,0.859816428384028,0.673304528646462,0.822856831497679,0.858983865326493,0.91272466196768,0.966584826500408,"WaratahMix","large","small","large_small","Eucalyptus obliqua","Eucalyptus fastigata","between","between_species_large_small","Eucalyptus obliqua large_Eucalyptus fastigata small",0.11071839652465,NA,-0.271611193462499,0.162396945766176,0.434008139228676
"1056",1056,"Eucalyptus obliqua small","Eucalyptus radiata small",-0.0482947066310643,0.861185976627123,0.716672244519251,0.830165243232042,0.871851633092872,0.909332864805864,0.955113385871632,"WaratahMix","small","small","small_small","Eucalyptus obliqua","Eucalyptus radiata","between","between_species_small_small","Eucalyptus obliqua small_Eucalyptus radiata small",0.0562698737419597,NA,-0.158537360249159,0.0620364916485548,0.220573851897714
"1057",1057,"Eucalyptus cypellocarpa small","Eucalyptus obliqua small",-0.0361717230452329,0.903564423181135,0.784453601286624,0.876784121602556,0.911608645104612,0.933679091520005,0.97741242745483,"WaratahMix","small","small","small_small","Eucalyptus cypellocarpa","Eucalyptus obliqua","between","between_species_small_small","Eucalyptus cypellocarpa small_Eucalyptus obliqua small",0.106195939201884,NA,-0.242635225234828,0.17364520704537,0.416280432280198
"1058",1058,"Eucalyptus obliqua large","Eucalyptus radiata small",-0.0329530657047539,0.929055002779184,0.854944848116009,0.919314507357556,0.934596488079543,0.94919848576466,0.97697941766282,"WaratahMix","large","small","large_small","Eucalyptus obliqua","Eucalyptus radiata","between","between_species_large_small","Eucalyptus obliqua large_Eucalyptus radiata small",0.0685401679822073,NA,-0.16735368802045,0.101318833458454,0.268672521478903
"1059",1059,"Eucalyptus cypellocarpa small","Eucalyptus obliqua large",-0.0283749782046745,0.916201320533763,0.847556820498451,0.905688843226513,0.925344920488356,0.939725006897751,0.952092721338679,"WaratahMix","small","large","large_small","Eucalyptus cypellocarpa","Eucalyptus obliqua","between","between_species_large_small","Eucalyptus cypellocarpa small_Eucalyptus obliqua large",0.158124050134161,NA,-0.337392216554968,0.282442670150154,0.619834886705122
"1060",1060,"Eucalyptus cypellocarpa small","Eucalyptus radiata large",-0.02016839533679,0.948437329292634,0.876700906476001,0.930766052693286,0.956998879975564,0.963253326500808,0.993942291253137,"WaratahMix","small","large","large_small","Eucalyptus cypellocarpa","Eucalyptus radiata","between","between_species_large_small","Eucalyptus cypellocarpa small_Eucalyptus radiata large",0.108585631464334,NA,-0.234696240456724,0.190951613360545,0.425647853817269
"1061",1061,"Eucalyptus obliqua large","Eucalyptus radiata large",-0.016451425571791,0.9553188837853,0.88247088546881,0.946123244320152,0.956881626973149,0.970582921164532,0.988718624083946,"WaratahMix","large","large","large_large","Eucalyptus obliqua","Eucalyptus radiata","between","between_species_large_large","Eucalyptus obliqua large_Eucalyptus radiata large",0.113615640154744,NA,-0.239162482583317,0.206202642984207,0.445365125567524
"1062",1062,"Eucalyptus obliqua large","Eucalyptus fastigata large",-0.0141622315278324,0.960220628959602,0.913681625542422,0.945540073309849,0.967208242747262,0.97979525612284,0.989531536414662,"WaratahMix","large","large","large_large","Eucalyptus obliqua","Eucalyptus fastigata","between","between_species_large_large","Eucalyptus obliqua large_Eucalyptus fastigata large",0.135469530700244,NA,-0.277929823433994,0.253100978916048,0.531030802350042
"1063",1063,"Eucalyptus cypellocarpa small","Eucalyptus fastigata large",-0.00460851374302842,0.986816619479889,0.974231064946791,0.981466757734722,0.986208307467524,0.991457883321827,0.997949706459272,"WaratahMix","small","large","large_small","Eucalyptus cypellocarpa","Eucalyptus fastigata","between","between_species_large_small","Eucalyptus cypellocarpa small_Eucalyptus fastigata large",0.147960989574427,NA,-0.293469471551578,0.286526949813987,0.579996421365565
"1064",1064,"Eucalyptus radiata small","Eucalyptus cypellocarpa small",0.0102190344618041,1.05790527178376,1.01197555943702,1.02351160186685,1.03798117378514,1.07437873839433,1.19192645567056,"WaratahMix","small","small","small_small","Eucalyptus radiata","Eucalyptus cypellocarpa","between","between_species_small_small","Eucalyptus radiata small_Eucalyptus cypellocarpa small",0.0712436561858519,NA,-0.128822544320721,0.150447456181727,0.279270000502448
"1065",1065,"Eucalyptus fastigata small","Eucalyptus obliqua small",0.0360448223032509,1.16586241596435,1.02759705880761,1.07375390557015,1.12799159014886,1.23820229643281,1.4345690687695,"WaratahMix","small","small","small_small","Eucalyptus fastigata","Eucalyptus obliqua","between","between_species_small_small","Eucalyptus fastigata small_Eucalyptus obliqua small",0.0877266167997236,NA,-0.136339675618328,0.207542343207681,0.343882018826009
"1066",1066,"Eucalyptus radiata small","Eucalyptus fastigata small",0.0625101958396825,1.41090199945731,1.06152845201611,1.1732786951525,1.23896405933972,1.47150406032251,2.23802341790039,"WaratahMix","small","small","small_small","Eucalyptus radiata","Eucalyptus fastigata","between","between_species_small_small","Eucalyptus radiata small_Eucalyptus fastigata small",0.0626819581655404,NA,-0.057961072670377,0.187747688299434,0.245708760969811
"1067",1067,"Eucalyptus obliqua small","Eucalyptus obliqua large",0.100850075689837,1.66811486184657,1.17253495730532,1.39401226885255,1.58762742487021,1.85554544957209,2.93340959096748,"WaratahMix","small","large","large_small","Eucalyptus obliqua","Eucalyptus obliqua","within","within_species_large_small","Eucalyptus obliqua small_Eucalyptus obliqua large",0.127916492792545,NA,-0.148923056919508,0.352500380884624,0.501423437804132
"1068",1068,"Eucalyptus obliqua small","Eucalyptus obliqua small",0.109144908187618,2.09373588551321,1.22774834167198,1.6977615838582,2.03182559527144,2.42026707118298,2.97416020031351,"WaratahMix","small","small","small_small","Eucalyptus obliqua","Eucalyptus obliqua","within","within_species_small_small","Eucalyptus obliqua small_Eucalyptus obliqua small",0.148082150163153,NA,-0.180631215320473,0.39984014682559,0.580471362146063
"1069",1069,"Eucalyptus fastigata small","Eucalyptus radiata large",0.109611326448001,1.65819781899068,1.06176290723419,1.26996941113727,1.67488847730031,1.99445008352583,2.29783212712543,"WaratahMix","small","large","large_small","Eucalyptus fastigata","Eucalyptus radiata","between","between_species_large_small","Eucalyptus fastigata small_Eucalyptus radiata large",0.0877470311326422,NA,-0.0618480487013579,0.282113992839229,0.343962041540587
"1070",1070,"Eucalyptus radiata large","Eucalyptus radiata large",0.117397492271736,2.43573950269795,1.36824753835233,2.04672555041825,2.38989590455555,2.81659623304455,3.68240568810414,"WaratahMix","large","large","large_large","Eucalyptus radiata","Eucalyptus radiata","within","within_species_large_large","Eucalyptus radiata large_Eucalyptus radiata large",0.121493971421457,NA,-0.11903612993456,0.357211486715027,0.476247616649587
"1071",1071,"Eucalyptus fastigata small","Eucalyptus fastigata large",0.14994499692031,2.01854634578114,1.14877491188534,1.55337070458827,1.77572444441673,2.15119386288438,3.93391045758976,"WaratahMix","small","large","large_small","Eucalyptus fastigata","Eucalyptus fastigata","within","within_species_large_small","Eucalyptus fastigata small_Eucalyptus fastigata large",0.120316630217834,NA,-0.0821977118150651,0.389434812121289,0.471632523936354
"1072",1072,"Eucalyptus cypellocarpa small","Eucalyptus cypellocarpa small",0.161819131790677,2.21517050986916,1.18230874738156,1.86415777398919,2.01659223440164,2.96859575548714,3.23003768354471,"WaratahMix","small","small","small_small","Eucalyptus cypellocarpa","Eucalyptus cypellocarpa","within","within_species_small_small","Eucalyptus cypellocarpa small_Eucalyptus cypellocarpa small",0.191778315103149,NA,-0.212603248491191,0.539153932744702,0.751757181235893
"1073",1073,"Eucalyptus obliqua large","Eucalyptus obliqua large",0.180561024645328,2.21019909143935,1.0742724644883,1.7498952384175,2.17670684444072,2.81842990748815,3.25664263162598,"WaratahMix","large","large","large_large","Eucalyptus obliqua","Eucalyptus obliqua","within","within_species_large_large","Eucalyptus obliqua large_Eucalyptus obliqua large",0.217341678858003,NA,-0.251534460946943,0.600429264855371,0.851963725802314
"1074",1074,"Eucalyptus fastigata small","Eucalyptus fastigata small",0.192937263006907,1.47871429147986,1.00798574461693,1.31567131316812,1.44278390564471,1.66011768107029,2.06249144343772,"WaratahMix","small","small","small_small","Eucalyptus fastigata","Eucalyptus fastigata","within","within_species_small_small","Eucalyptus fastigata small_Eucalyptus fastigata small",0.114066602699613,NA,-0.0378533124111042,0.409279553849057,0.447132866260161
"1075",1075,"Eucalyptus radiata small","Eucalyptus radiata small",0.301718800150831,10.153121008355,1.52683943292259,4.66110856873165,9.80960729983406,14.8324695937007,23.6188648194798,"WaratahMix","small","small","small_small","Eucalyptus radiata","Eucalyptus radiata","within","within_species_small_small","Eucalyptus radiata small_Eucalyptus radiata small",0.0763861102850686,1,0.15511213433824,0.454540184493918,0.299428050155678
