,from,to,alpha,lo,hi,lo_numerical,hi_numerical,se,site,range_ci,size_from,size_to,species_from,species_to,size_int,georegion,region,sig,class_from,class_to,class_int,group
1,Allocasuarina decussata small,Allocasuarina decussata small,-0.07965642,-0.743450061,0.584137222,-0.088532034,-0.070780805,0.338676449,Frankland,1.327587283,small,small,Allocasuarina decussata,Allocasuarina decussata,small_small,S_WA,WA,NA,Subcanopy,Subcanopy,Subcanopy_Subcanopy,Subcanopy.small_Subcanopy.small
2,Eucalyptus diversicolor large,Allocasuarina decussata small,0.23317329,-0.302715045,0.769061626,0.22682595,0.23952063,0.27341744,Frankland,1.071776672,large,small,Eucalyptus diversicolor,Allocasuarina decussata,large_small,S_WA,WA,NA,Canopy,Subcanopy,Canopy_Subcanopy,Canopy.large_Subcanopy.small
3,Eucalyptus diversicolor small,Allocasuarina decussata small,0.099650272,-0.090652872,0.289953416,0.096611902,0.102688642,0.097095225,Frankland,0.380606288,small,small,Eucalyptus diversicolor,Allocasuarina decussata,small_small,S_WA,WA,NA,Canopy,Subcanopy,Canopy_Subcanopy,Canopy.small_Subcanopy.small
4,Eucalyptus guilfoylei large,Allocasuarina decussata small,0.093597939,-0.385739252,0.57293513,0.087684276,0.099511602,0.244564285,Frankland,0.958674382,large,small,Eucalyptus guilfoylei,Allocasuarina decussata,large_small,S_WA,WA,NA,Canopy,Subcanopy,Canopy_Subcanopy,Canopy.large_Subcanopy.small
5,Eucalyptus guilfoylei small,Allocasuarina decussata small,0.306942291,-0.006352117,0.6202367,0.298702715,0.315181868,0.159847023,Frankland,0.626588818,small,small,Eucalyptus guilfoylei,Allocasuarina decussata,small_small,S_WA,WA,NA,Canopy,Subcanopy,Canopy_Subcanopy,Canopy.small_Subcanopy.small
6,Eucalyptus diversicolor large,Eucalyptus diversicolor large,-0.049998923,-0.456259206,0.356261359,-0.055928985,-0.044068862,0.207279463,Frankland,0.812520565,large,large,Eucalyptus diversicolor,Eucalyptus diversicolor,large_large,S_WA,WA,NA,Canopy,Canopy,Canopy_Canopy,Canopy.large_Canopy.large
7,Eucalyptus diversicolor small,Eucalyptus diversicolor large,-0.063486433,-0.2063068,0.079333934,-0.065348245,-0.061624621,0.072868873,Frankland,0.285640734,small,large,Eucalyptus diversicolor,Eucalyptus diversicolor,small_large,S_WA,WA,NA,Canopy,Canopy,Canopy_Canopy,Canopy.large_Canopy.small
8,Eucalyptus guilfoylei large,Eucalyptus diversicolor large,-0.245763824,-0.49041081,-0.001116838,-0.249265736,-0.242261912,0.124822184,Frankland,0.489293972,large,large,Eucalyptus guilfoylei,Eucalyptus diversicolor,large_large,S_WA,WA,1,Canopy,Canopy,Canopy_Canopy,Canopy.large_Canopy.large
9,Eucalyptus guilfoylei small,Eucalyptus diversicolor large,-0.072916939,-0.273970847,0.128136968,-0.076257842,-0.069576036,0.102580409,Frankland,0.402107815,small,large,Eucalyptus guilfoylei,Eucalyptus diversicolor,small_large,S_WA,WA,NA,Canopy,Canopy,Canopy_Canopy,Canopy.large_Canopy.small
10,Eucalyptus diversicolor small,Eucalyptus diversicolor small,0.404987204,0.229019226,0.580955182,0.398381418,0.411592989,0.08978123,Frankland,0.351935956,small,small,Eucalyptus diversicolor,Eucalyptus diversicolor,small_small,S_WA,WA,1,Canopy,Canopy,Canopy_Canopy,Canopy.small_Canopy.small
11,Eucalyptus guilfoylei large,Eucalyptus diversicolor small,-0.033488216,-0.184182634,0.117206201,-0.035423041,-0.031553392,0.07688632,Frankland,0.301388836,large,small,Eucalyptus guilfoylei,Eucalyptus diversicolor,large_small,S_WA,WA,NA,Canopy,Canopy,Canopy_Canopy,Canopy.large_Canopy.small
12,Eucalyptus guilfoylei small,Eucalyptus diversicolor small,-0.04193937,-0.142115169,0.058236429,-0.044437491,-0.039441248,0.051111041,Frankland,0.200351598,small,small,Eucalyptus guilfoylei,Eucalyptus diversicolor,small_small,S_WA,WA,NA,Canopy,Canopy,Canopy_Canopy,Canopy.small_Canopy.small
13,Eucalyptus guilfoylei large,Eucalyptus guilfoylei large,-0.211511953,-0.57662904,0.153605135,-0.217634601,-0.205389304,0.186287651,Frankland,0.730234175,large,large,Eucalyptus guilfoylei,Eucalyptus guilfoylei,large_large,S_WA,WA,NA,Canopy,Canopy,Canopy_Canopy,Canopy.large_Canopy.large
14,Eucalyptus guilfoylei small,Eucalyptus guilfoylei large,0.127243522,-0.084242474,0.338729518,0.123421917,0.131065127,0.107903001,Frankland,0.422971992,small,large,Eucalyptus guilfoylei,Eucalyptus guilfoylei,small_large,S_WA,WA,NA,Canopy,Canopy,Canopy_Canopy,Canopy.large_Canopy.small
15,Eucalyptus guilfoylei small,Eucalyptus guilfoylei small,0.244156825,0.055996439,0.432317212,0.237258604,0.251055046,0.096001961,Frankland,0.376320774,small,small,Eucalyptus guilfoylei,Eucalyptus guilfoylei,small_small,S_WA,WA,1,Canopy,Canopy,Canopy_Canopy,Canopy.small_Canopy.small
16,Eucalyptus diversicolor large,Eucalyptus diversicolor large,-0.391633632,-0.810779648,0.027512384,-0.398495945,-0.384771318,0.213853938,Collins,0.838292032,large,large,Eucalyptus diversicolor,Eucalyptus diversicolor,large_large,N_WA,WA,NA,Canopy,Canopy,Canopy_Canopy,Canopy.large_Canopy.large
17,Eucalyptus diversicolor small,Eucalyptus diversicolor large,-0.040282117,-0.218717013,0.138152778,-0.042520959,-0.038043276,0.091039885,Collins,0.356869791,small,large,Eucalyptus diversicolor,Eucalyptus diversicolor,small_large,N_WA,WA,NA,Canopy,Canopy,Canopy_Canopy,Canopy.large_Canopy.small
18,Eucalyptus diversicolor small,Eucalyptus diversicolor small,0.329667102,0.185598328,0.473735876,0.323279491,0.336054713,0.073505827,Collins,0.288137548,small,small,Eucalyptus diversicolor,Eucalyptus diversicolor,small_small,N_WA,WA,1,Canopy,Canopy,Canopy_Canopy,Canopy.small_Canopy.small
19,Allocasuarina decussata large,Allocasuarina decussata large,0.002384703,-0.450795319,0.455564726,-0.001049344,0.00581875,0.231218546,Clare,0.906360045,large,large,Allocasuarina decussata,Allocasuarina decussata,large_large,S_WA,WA,NA,Subcanopy,Subcanopy,Subcanopy_Subcanopy,Subcanopy.large_Subcanopy.large
20,Allocasuarina decussata small,Allocasuarina decussata large,0.045233534,-0.16528117,0.255748238,0.042675367,0.047791701,0.107407435,Clare,0.421029407,small,large,Allocasuarina decussata,Allocasuarina decussata,small_large,S_WA,WA,NA,Subcanopy,Subcanopy,Subcanopy_Subcanopy,Subcanopy.large_Subcanopy.small
21,Allocasuarina decussata small,Allocasuarina decussata small,0.21527125,0.074347643,0.356194856,0.209812238,0.220730262,0.07190112,Clare,0.281847213,small,small,Allocasuarina decussata,Allocasuarina decussata,small_small,S_WA,WA,1,Subcanopy,Subcanopy,Subcanopy_Subcanopy,Subcanopy.small_Subcanopy.small
22,Acacia melanoxylon small,Acacia melanoxylon small,0.453797838,0.197820296,0.70977538,0.439634603,0.467961073,0.130603187,Sutton,0.511955085,small,small,Acacia melanoxylon,Acacia melanoxylon,small_small,N_WA,WA,1,Subcanopy,Subcanopy,Subcanopy_Subcanopy,Subcanopy.small_Subcanopy.small
23,Corymbia calophylla small,Acacia melanoxylon small,0.004791069,-0.097677484,0.107259622,0.002127016,0.007455122,0.052280834,Sutton,0.204937105,small,small,Corymbia calophylla,Acacia melanoxylon,small_small,N_WA,WA,NA,Canopy,Subcanopy,Canopy_Subcanopy,Canopy.small_Subcanopy.small
24,Eucalyptus diversicolor large,Acacia melanoxylon small,-0.056389568,-0.184187822,0.071408685,-0.059096834,-0.053682303,0.065204389,Sutton,0.255596508,large,small,Eucalyptus diversicolor,Acacia melanoxylon,large_small,N_WA,WA,NA,Canopy,Subcanopy,Canopy_Subcanopy,Canopy.large_Subcanopy.small
25,Eucalyptus diversicolor small,Acacia melanoxylon small,-0.113380483,-0.236784093,0.010023127,-0.117042546,-0.10971842,0.062962183,Sutton,0.246807221,small,small,Eucalyptus diversicolor,Acacia melanoxylon,small_small,N_WA,WA,NA,Canopy,Subcanopy,Canopy_Subcanopy,Canopy.small_Subcanopy.small
26,Corymbia calophylla small,Corymbia calophylla small,0.487730169,0.349378651,0.626081687,0.477991995,0.497468344,0.070588806,Sutton,0.276703036,small,small,Corymbia calophylla,Corymbia calophylla,small_small,N_WA,WA,1,Canopy,Canopy,Canopy_Canopy,Canopy.small_Canopy.small
27,Eucalyptus diversicolor large,Corymbia calophylla small,-0.010769326,-0.0708654,0.049326749,-0.012158129,-0.009380522,0.030661826,Sutton,0.120192149,large,small,Eucalyptus diversicolor,Corymbia calophylla,large_small,N_WA,WA,NA,Canopy,Canopy,Canopy_Canopy,Canopy.large_Canopy.small
28,Eucalyptus diversicolor small,Corymbia calophylla small,-0.075017241,-0.122374902,-0.02765958,-0.077176045,-0.072858436,0.024162516,Sutton,0.094715322,small,small,Eucalyptus diversicolor,Corymbia calophylla,small_small,N_WA,WA,1,Canopy,Canopy,Canopy_Canopy,Canopy.small_Canopy.small
29,Eucalyptus diversicolor large,Eucalyptus diversicolor large,-0.054078372,-0.273101626,0.164944882,-0.059092486,-0.049064258,0.111748612,Sutton,0.438046508,large,large,Eucalyptus diversicolor,Eucalyptus diversicolor,large_large,N_WA,WA,NA,Canopy,Canopy,Canopy_Canopy,Canopy.large_Canopy.large
30,Eucalyptus diversicolor small,Eucalyptus diversicolor large,-0.062589834,-0.165930339,0.040750672,-0.064978111,-0.060201556,0.052725717,Sutton,0.206681011,small,large,Eucalyptus diversicolor,Eucalyptus diversicolor,small_large,N_WA,WA,NA,Canopy,Canopy,Canopy_Canopy,Canopy.large_Canopy.small
31,Eucalyptus diversicolor small,Eucalyptus diversicolor small,-0.002256849,-0.209858803,0.205345106,-0.009826525,0.005312828,0.105921311,Sutton,0.415203908,small,small,Eucalyptus diversicolor,Eucalyptus diversicolor,small_small,N_WA,WA,NA,Canopy,Canopy,Canopy_Canopy,Canopy.small_Canopy.small
32,Allocasuarina decussata large,Allocasuarina decussata large,-0.154107751,-0.536213133,0.227997631,-0.162630447,-0.145585055,0.194955308,Giants,0.764210764,large,large,Allocasuarina decussata,Allocasuarina decussata,large_large,S_WA,WA,NA,Subcanopy,Subcanopy,Subcanopy_Subcanopy,Subcanopy.large_Subcanopy.large
33,Allocasuarina decussata small,Allocasuarina decussata large,-0.017875507,-0.129163176,0.093412163,-0.020098062,-0.015652952,0.056780467,Giants,0.222575339,small,large,Allocasuarina decussata,Allocasuarina decussata,small_large,S_WA,WA,NA,Subcanopy,Subcanopy,Subcanopy_Subcanopy,Subcanopy.large_Subcanopy.small
34,Eucalyptus jacksonii large,Allocasuarina decussata large,-0.27541779,-0.550083899,-0.000751682,-0.282023007,-0.268812574,0.140138345,Giants,0.549332217,large,large,Eucalyptus jacksonii,Allocasuarina decussata,large_large,S_WA,WA,1,Canopy,Subcanopy,Canopy_Subcanopy,Canopy.large_Subcanopy.large
35,Eucalyptus jacksonii small,Allocasuarina decussata large,-0.012023609,-0.18634123,0.162294012,-0.016585354,-0.007461864,0.088939196,Giants,0.348635242,small,large,Eucalyptus jacksonii,Allocasuarina decussata,small_large,S_WA,WA,NA,Canopy,Subcanopy,Canopy_Subcanopy,Canopy.small_Subcanopy.large
36,Allocasuarina decussata small,Allocasuarina decussata small,0.329065186,0.192294745,0.465835626,0.321646971,0.3364834,0.069782119,Giants,0.273540882,small,small,Allocasuarina decussata,Allocasuarina decussata,small_small,S_WA,WA,1,Subcanopy,Subcanopy,Subcanopy_Subcanopy,Subcanopy.small_Subcanopy.small
37,Eucalyptus jacksonii large,Allocasuarina decussata small,-0.019419306,-0.189020143,0.150181531,-0.022331717,-0.016506895,0.086532629,Giants,0.339201674,large,small,Eucalyptus jacksonii,Allocasuarina decussata,large_small,S_WA,WA,NA,Canopy,Subcanopy,Canopy_Subcanopy,Canopy.large_Subcanopy.small
38,Eucalyptus jacksonii small,Allocasuarina decussata small,-0.026924319,-0.124357796,0.070509157,-0.029090931,-0.024757708,0.049711871,Giants,0.194866953,small,small,Eucalyptus jacksonii,Allocasuarina decussata,small_small,S_WA,WA,NA,Canopy,Subcanopy,Canopy_Subcanopy,Canopy.small_Subcanopy.small
39,Eucalyptus jacksonii large,Eucalyptus jacksonii large,-0.502194439,-0.983074486,-0.021314393,-0.522143007,-0.482245872,0.245351471,Giants,0.961760093,large,large,Eucalyptus jacksonii,Eucalyptus jacksonii,large_large,S_WA,WA,1,Canopy,Canopy,Canopy_Canopy,Canopy.large_Canopy.large
40,Eucalyptus jacksonii small,Eucalyptus jacksonii large,0.366687122,0.098766904,0.63460734,0.354254255,0.379119989,0.136696501,Giants,0.535840436,small,large,Eucalyptus jacksonii,Eucalyptus jacksonii,small_large,S_WA,WA,1,Canopy,Canopy,Canopy_Canopy,Canopy.large_Canopy.small
41,Eucalyptus jacksonii small,Eucalyptus jacksonii small,0.335413411,0.171106949,0.499719873,0.32389394,0.346932882,0.083831368,Giants,0.328612925,small,small,Eucalyptus jacksonii,Eucalyptus jacksonii,small_small,S_WA,WA,1,Canopy,Canopy,Canopy_Canopy,Canopy.small_Canopy.small
42,Eucalyptus diversicolor large,Eucalyptus diversicolor large,-0.141327271,-0.381202185,0.098547644,-0.14715898,-0.135495562,0.122387409,Warren,0.47974983,large,large,Eucalyptus diversicolor,Eucalyptus diversicolor,large_large,N_WA,WA,NA,Canopy,Canopy,Canopy_Canopy,Canopy.large_Canopy.large
43,Eucalyptus diversicolor small,Eucalyptus diversicolor large,-0.235043959,-0.377514639,-0.092573279,-0.238541343,-0.231546574,0.072690458,Warren,0.28494136,small,large,Eucalyptus diversicolor,Eucalyptus diversicolor,small_large,N_WA,WA,1,Canopy,Canopy,Canopy_Canopy,Canopy.large_Canopy.small
44,Trymalium odoratissimum small,Eucalyptus diversicolor large,-0.045081796,-0.146788947,0.056625354,-0.047792946,-0.042370647,0.051892357,Warren,0.2034143,small,large,Trymalium odoratissimum,Eucalyptus diversicolor,small_large,N_WA,WA,NA,Subcanopy,Canopy,Subcanopy_Canopy,Canopy.large_Subcanopy.small
45,Eucalyptus diversicolor small,Eucalyptus diversicolor small,0.032243915,-0.215538411,0.280026242,0.025536937,0.038950894,0.126421878,Warren,0.495564654,small,small,Eucalyptus diversicolor,Eucalyptus diversicolor,small_small,N_WA,WA,NA,Canopy,Canopy,Canopy_Canopy,Canopy.small_Canopy.small
46,Trymalium odoratissimum small,Eucalyptus diversicolor small,-0.087749655,-0.202374485,0.026875175,-0.090662402,-0.084836908,0.058483131,Warren,0.22924966,small,small,Trymalium odoratissimum,Eucalyptus diversicolor,small_small,N_WA,WA,NA,Subcanopy,Canopy,Subcanopy_Canopy,Canopy.small_Subcanopy.small
47,Trymalium odoratissimum small,Trymalium odoratissimum small,0.367625933,0.22476733,0.510484536,0.359155335,0.376096531,0.072888382,Warren,0.285717206,small,small,Trymalium odoratissimum,Trymalium odoratissimum,small_small,N_WA,WA,1,Subcanopy,Subcanopy,Subcanopy_Subcanopy,Subcanopy.small_Subcanopy.small
48,Allocasuarina decussata large,Allocasuarina decussata large,0.215393853,-0.163128911,0.593916617,0.205523949,0.225263757,0.193127408,Dawson,0.757045528,large,large,Allocasuarina decussata,Allocasuarina decussata,large_large,S_WA,WA,NA,Subcanopy,Subcanopy,Subcanopy_Subcanopy,Subcanopy.large_Subcanopy.large
49,Allocasuarina decussata small,Allocasuarina decussata large,0.077779409,-0.150203249,0.305762067,0.073568295,0.081990524,0.11631982,Dawson,0.455965316,small,large,Allocasuarina decussata,Allocasuarina decussata,small_large,S_WA,WA,NA,Subcanopy,Subcanopy,Subcanopy_Subcanopy,Subcanopy.large_Subcanopy.small
50,Eucalyptus diversicolor large,Allocasuarina decussata large,-0.169067169,-0.448006774,0.109872436,-0.172047398,-0.16608694,0.14231874,Dawson,0.55787921,large,large,Eucalyptus diversicolor,Allocasuarina decussata,large_large,S_WA,WA,NA,Canopy,Subcanopy,Canopy_Subcanopy,Canopy.large_Subcanopy.large
51,Eucalyptus diversicolor small,Allocasuarina decussata large,-0.006848065,-0.215791609,0.202095478,-0.009194535,-0.004501596,0.106605808,Dawson,0.417887087,small,large,Eucalyptus diversicolor,Allocasuarina decussata,small_large,S_WA,WA,NA,Canopy,Subcanopy,Canopy_Subcanopy,Canopy.small_Subcanopy.large
52,Allocasuarina decussata small,Allocasuarina decussata small,0.229625889,0.042462568,0.416789209,0.223748562,0.235503215,0.095493245,Dawson,0.374326641,small,small,Allocasuarina decussata,Allocasuarina decussata,small_small,S_WA,WA,1,Subcanopy,Subcanopy,Subcanopy_Subcanopy,Subcanopy.small_Subcanopy.small
53,Eucalyptus diversicolor large,Allocasuarina decussata small,-0.015204076,-0.184089468,0.153681316,-0.018248611,-0.012159542,0.0861676,Dawson,0.337770784,large,small,Eucalyptus diversicolor,Allocasuarina decussata,large_small,S_WA,WA,NA,Canopy,Subcanopy,Canopy_Subcanopy,Canopy.large_Subcanopy.small
54,Eucalyptus diversicolor small,Allocasuarina decussata small,-0.026609326,-0.160316734,0.107098082,-0.029221707,-0.023996944,0.068219319,Dawson,0.267414816,small,small,Eucalyptus diversicolor,Allocasuarina decussata,small_small,S_WA,WA,NA,Canopy,Subcanopy,Canopy_Subcanopy,Canopy.small_Subcanopy.small
55,Eucalyptus diversicolor large,Eucalyptus diversicolor large,-0.148186329,-0.445300961,0.148928303,-0.152274922,-0.144097735,0.151591884,Dawson,0.594229264,large,large,Eucalyptus diversicolor,Eucalyptus diversicolor,large_large,S_WA,WA,NA,Canopy,Canopy,Canopy_Canopy,Canopy.large_Canopy.large
56,Eucalyptus diversicolor small,Eucalyptus diversicolor large,0.063054236,-0.117218801,0.243327273,0.060696966,0.065411506,0.091977729,Dawson,0.360546074,small,large,Eucalyptus diversicolor,Eucalyptus diversicolor,small_large,S_WA,WA,NA,Canopy,Canopy,Canopy_Canopy,Canopy.large_Canopy.small
57,Eucalyptus diversicolor small,Eucalyptus diversicolor small,0.182705948,-0.004762756,0.370174653,0.178266212,0.187145685,0.095649056,Dawson,0.374937409,small,small,Eucalyptus diversicolor,Eucalyptus diversicolor,small_small,S_WA,WA,NA,Canopy,Canopy,Canopy_Canopy,Canopy.small_Canopy.small
58,Eucalyptus diversicolor large,Eucalyptus diversicolor large,-0.978814422,-1.943262437,-0.014366407,-0.994236054,-0.96339279,0.492074356,Carey,1.92889603,large,large,Eucalyptus diversicolor,Eucalyptus diversicolor,large_large,N_WA,WA,1,Canopy,Canopy,Canopy_Canopy,Canopy.large_Canopy.large
59,Eucalyptus diversicolor small,Eucalyptus diversicolor large,0.13418046,-0.214402364,0.482763284,0.130479836,0.137881084,0.177851648,Carey,0.697165648,small,large,Eucalyptus diversicolor,Eucalyptus diversicolor,small_large,N_WA,WA,NA,Canopy,Canopy,Canopy_Canopy,Canopy.large_Canopy.small
60,Trymalium odoratissimum small,Eucalyptus diversicolor large,-0.024827217,-0.350491504,0.300837071,-0.029257874,-0.02039656,0.166158302,Carey,0.651328575,small,large,Trymalium odoratissimum,Eucalyptus diversicolor,small_large,N_WA,WA,NA,Subcanopy,Canopy,Subcanopy_Canopy,Canopy.large_Subcanopy.small
61,Eucalyptus diversicolor small,Eucalyptus diversicolor small,0.216555352,0.018869527,0.414241176,0.211297734,0.22181297,0.100861968,Carey,0.395371649,small,small,Eucalyptus diversicolor,Eucalyptus diversicolor,small_small,N_WA,WA,1,Canopy,Canopy,Canopy_Canopy,Canopy.small_Canopy.small
62,Trymalium odoratissimum small,Eucalyptus diversicolor small,-0.071769048,-0.199439232,0.055901135,-0.073538989,-0.069999108,0.065139046,Carey,0.255340367,small,small,Trymalium odoratissimum,Eucalyptus diversicolor,small_small,N_WA,WA,NA,Subcanopy,Canopy,Subcanopy_Canopy,Canopy.small_Subcanopy.small
63,Trymalium odoratissimum small,Trymalium odoratissimum small,0.21949222,0.038121862,0.400862579,0.214854104,0.224130336,0.092537598,Carey,0.362740717,small,small,Trymalium odoratissimum,Trymalium odoratissimum,small_small,N_WA,WA,1,Subcanopy,Subcanopy,Subcanopy_Subcanopy,Subcanopy.small_Subcanopy.small
64,Allocasuarina decussata large,Allocasuarina decussata large,-0.164854388,-0.489869905,0.160161129,-0.171828635,-0.15788014,0.16582729,Dombakup,0.650031033,large,large,Allocasuarina decussata,Allocasuarina decussata,large_large,N_WA,WA,NA,Subcanopy,Subcanopy,Subcanopy_Subcanopy,Subcanopy.large_Subcanopy.large
65,Allocasuarina decussata small,Allocasuarina decussata large,-0.014944929,-0.127754238,0.097864381,-0.017591832,-0.012298025,0.057556828,Dombakup,0.225618619,small,large,Allocasuarina decussata,Allocasuarina decussata,small_large,N_WA,WA,NA,Subcanopy,Subcanopy,Subcanopy_Subcanopy,Subcanopy.large_Subcanopy.small
66,Eucalyptus diversicolor large,Allocasuarina decussata large,0.223055268,-0.088275215,0.534385752,0.21848716,0.227623376,0.158845002,Dombakup,0.622660967,large,large,Eucalyptus diversicolor,Allocasuarina decussata,large_large,N_WA,WA,NA,Canopy,Subcanopy,Canopy_Subcanopy,Canopy.large_Subcanopy.large
67,Eucalyptus diversicolor small,Allocasuarina decussata large,-0.1468923,-0.352940726,0.059156127,-0.150226979,-0.143557621,0.10512868,Dombakup,0.412096853,small,large,Eucalyptus diversicolor,Allocasuarina decussata,small_large,N_WA,WA,NA,Canopy,Subcanopy,Canopy_Subcanopy,Canopy.small_Subcanopy.large
68,Trymalium odoratissimum small,Allocasuarina decussata large,-0.176840082,-0.350313603,-0.003366561,-0.18045664,-0.173223524,0.088508525,Dombakup,0.346947043,small,large,Trymalium odoratissimum,Allocasuarina decussata,small_large,N_WA,WA,1,Subcanopy,Subcanopy,Subcanopy_Subcanopy,Subcanopy.large_Subcanopy.small
69,Allocasuarina decussata small,Allocasuarina decussata small,0.402112977,0.284073409,0.520152546,0.392615113,0.411610842,0.060225376,Dombakup,0.236079137,small,small,Allocasuarina decussata,Allocasuarina decussata,small_small,N_WA,WA,1,Subcanopy,Subcanopy,Subcanopy_Subcanopy,Subcanopy.small_Subcanopy.small
70,Eucalyptus diversicolor large,Allocasuarina decussata small,0.004886874,-0.187740615,0.197514363,0.001580425,0.008193324,0.098281137,Dombakup,0.385254978,large,small,Eucalyptus diversicolor,Allocasuarina decussata,large_small,N_WA,WA,NA,Canopy,Subcanopy,Canopy_Subcanopy,Canopy.large_Subcanopy.small
71,Eucalyptus diversicolor small,Allocasuarina decussata small,0.025491999,-0.071888521,0.122872519,0.022760922,0.028223076,0.049684852,Dombakup,0.19476104,small,small,Eucalyptus diversicolor,Allocasuarina decussata,small_small,N_WA,WA,NA,Canopy,Subcanopy,Canopy_Subcanopy,Canopy.small_Subcanopy.small
72,Trymalium odoratissimum small,Allocasuarina decussata small,-0.010306941,-0.074893523,0.05427964,-0.013895159,-0.006718724,0.032952943,Dombakup,0.129173163,small,small,Trymalium odoratissimum,Allocasuarina decussata,small_small,N_WA,WA,NA,Subcanopy,Subcanopy,Subcanopy_Subcanopy,Subcanopy.small_Subcanopy.small
73,Eucalyptus diversicolor large,Eucalyptus diversicolor large,-0.344367019,-0.861133137,0.172399099,-0.350934368,-0.337799669,0.263661028,Dombakup,1.033532236,large,large,Eucalyptus diversicolor,Eucalyptus diversicolor,large_large,N_WA,WA,NA,Canopy,Canopy,Canopy_Canopy,Canopy.large_Canopy.large
74,Eucalyptus diversicolor small,Eucalyptus diversicolor large,0.189857674,-0.121605339,0.501320688,0.185877767,0.193837581,0.158912621,Dombakup,0.622926027,small,large,Eucalyptus diversicolor,Eucalyptus diversicolor,small_large,N_WA,WA,NA,Canopy,Canopy,Canopy_Canopy,Canopy.large_Canopy.small
75,Trymalium odoratissimum small,Eucalyptus diversicolor large,0.076172624,-0.073975282,0.22632053,0.07287434,0.079470909,0.076607482,Dombakup,0.300295812,small,large,Trymalium odoratissimum,Eucalyptus diversicolor,small_large,N_WA,WA,NA,Subcanopy,Canopy,Subcanopy_Canopy,Canopy.large_Subcanopy.small
76,Eucalyptus diversicolor small,Eucalyptus diversicolor small,-0.002321352,-0.306909639,0.302266936,-0.007676212,0.003033508,0.155405043,Dombakup,0.609176575,small,small,Eucalyptus diversicolor,Eucalyptus diversicolor,small_small,N_WA,WA,NA,Canopy,Canopy,Canopy_Canopy,Canopy.small_Canopy.small
77,Trymalium odoratissimum small,Eucalyptus diversicolor small,-0.093803682,-0.233113585,0.045506221,-0.097056048,-0.090551316,0.071077787,Dombakup,0.278619805,small,small,Trymalium odoratissimum,Eucalyptus diversicolor,small_small,N_WA,WA,NA,Subcanopy,Canopy,Subcanopy_Canopy,Canopy.small_Subcanopy.small
78,Trymalium odoratissimum small,Trymalium odoratissimum small,0.377857827,0.164464843,0.591250811,0.368533476,0.387182178,0.108875972,Dombakup,0.426785967,small,small,Trymalium odoratissimum,Trymalium odoratissimum,small_small,N_WA,WA,1,Subcanopy,Subcanopy,Subcanopy_Subcanopy,Subcanopy.small_Subcanopy.small
79,Acacia melanoxylon large,Acacia melanoxylon large,-0.385251821,-1.070111362,0.299607721,-0.393991431,-0.37651221,0.349424554,Dip,1.369719083,large,large,Acacia melanoxylon,Acacia melanoxylon,large_large,o_TAS,TAS,NA,Subcanopy,Subcanopy,Subcanopy_Subcanopy,Subcanopy.large_Subcanopy.large
80,Acacia melanoxylon small,Acacia melanoxylon large,0.311825,-0.201285359,0.824935358,0.306389604,0.317260395,0.26179581,Dip,1.026220717,small,large,Acacia melanoxylon,Acacia melanoxylon,small_large,o_TAS,TAS,NA,Subcanopy,Subcanopy,Subcanopy_Subcanopy,Subcanopy.large_Subcanopy.small
81,Eucalyptus obliqua large,Acacia melanoxylon large,-0.347242868,-0.933620973,0.239135237,-0.353818924,-0.340666812,0.299178,Dip,1.17275621,large,large,Eucalyptus obliqua,Acacia melanoxylon,large_large,o_TAS,TAS,NA,Canopy,Subcanopy,Canopy_Subcanopy,Canopy.large_Subcanopy.large
82,Eucalyptus obliqua small,Acacia melanoxylon large,-0.431339191,-0.915334593,0.052656211,-0.437497287,-0.425181095,0.246940967,Dip,0.967990804,small,large,Eucalyptus obliqua,Acacia melanoxylon,small_large,o_TAS,TAS,NA,Canopy,Subcanopy,Canopy_Subcanopy,Canopy.small_Subcanopy.large
83,Pomaderris apetala large,Acacia melanoxylon large,0.1957805,-0.104821896,0.496382896,0.189266101,0.202294898,0.153371388,Dip,0.601204793,large,large,Pomaderris apetala,Acacia melanoxylon,large_large,o_TAS,TAS,NA,Subcanopy,Subcanopy,Subcanopy_Subcanopy,Subcanopy.large_Subcanopy.large
84,Pomaderris apetala small,Acacia melanoxylon large,-0.050490645,-0.148840014,0.047858724,-0.052899603,-0.048081687,0.050179172,Dip,0.196698738,small,large,Pomaderris apetala,Acacia melanoxylon,small_large,o_TAS,TAS,NA,Subcanopy,Subcanopy,Subcanopy_Subcanopy,Subcanopy.large_Subcanopy.small
85,Acacia melanoxylon small,Acacia melanoxylon small,-0.306446893,-0.764041066,0.15114728,-0.312610275,-0.300283511,0.233470705,Dip,0.915188346,small,small,Acacia melanoxylon,Acacia melanoxylon,small_small,o_TAS,TAS,NA,Subcanopy,Subcanopy,Subcanopy_Subcanopy,Subcanopy.small_Subcanopy.small
86,Eucalyptus obliqua large,Acacia melanoxylon small,0.349744265,-0.164270204,0.863758734,0.343310431,0.356178098,0.262257099,Dip,1.028028938,large,small,Eucalyptus obliqua,Acacia melanoxylon,large_small,o_TAS,TAS,NA,Canopy,Subcanopy,Canopy_Subcanopy,Canopy.large_Subcanopy.small
87,Eucalyptus obliqua small,Acacia melanoxylon small,0.055806639,-0.269199935,0.380813213,0.051966497,0.059646781,0.165822728,Dip,0.650013148,small,small,Eucalyptus obliqua,Acacia melanoxylon,small_small,o_TAS,TAS,NA,Canopy,Subcanopy,Canopy_Subcanopy,Canopy.small_Subcanopy.small
88,Pomaderris apetala large,Acacia melanoxylon small,-0.268188966,-0.526148477,-0.010229455,-0.272457457,-0.263920475,0.131614414,Dip,0.515919023,large,small,Pomaderris apetala,Acacia melanoxylon,large_small,o_TAS,TAS,1,Subcanopy,Subcanopy,Subcanopy_Subcanopy,Subcanopy.large_Subcanopy.small
89,Pomaderris apetala small,Acacia melanoxylon small,0.001311791,-0.077806833,0.080430416,-0.000405692,0.003029275,0.040367387,Dip,0.15823725,small,small,Pomaderris apetala,Acacia melanoxylon,small_small,o_TAS,TAS,NA,Subcanopy,Subcanopy,Subcanopy_Subcanopy,Subcanopy.small_Subcanopy.small
90,Eucalyptus obliqua large,Eucalyptus obliqua large,-0.477167342,-1.445295335,0.490960651,-0.487099378,-0.467235306,0.49395193,Dip,1.936255986,large,large,Eucalyptus obliqua,Eucalyptus obliqua,large_large,o_TAS,TAS,NA,Canopy,Canopy,Canopy_Canopy,Canopy.large_Canopy.large
91,Eucalyptus obliqua small,Eucalyptus obliqua large,0.002291186,-0.466426406,0.471008777,-0.002733938,0.007316309,0.239146023,Dip,0.937435183,small,large,Eucalyptus obliqua,Eucalyptus obliqua,small_large,o_TAS,TAS,NA,Canopy,Canopy,Canopy_Canopy,Canopy.large_Canopy.small
92,Pomaderris apetala large,Eucalyptus obliqua large,0.155168121,-0.174677359,0.485013601,0.148487848,0.161848394,0.168291603,Dip,0.65969096,large,large,Pomaderris apetala,Eucalyptus obliqua,large_large,o_TAS,TAS,NA,Subcanopy,Canopy,Subcanopy_Canopy,Canopy.large_Subcanopy.large
93,Pomaderris apetala small,Eucalyptus obliqua large,0.004803192,-0.099878736,0.10948512,0.002729209,0.006877175,0.053410129,Dip,0.209363857,small,large,Pomaderris apetala,Eucalyptus obliqua,small_large,o_TAS,TAS,NA,Subcanopy,Canopy,Subcanopy_Canopy,Canopy.large_Subcanopy.small
94,Eucalyptus obliqua small,Eucalyptus obliqua small,-0.148780769,-0.575313561,0.277752023,-0.154903311,-0.142658226,0.21762277,Dip,0.853065584,small,small,Eucalyptus obliqua,Eucalyptus obliqua,small_small,o_TAS,TAS,NA,Canopy,Canopy,Canopy_Canopy,Canopy.small_Canopy.small
95,Pomaderris apetala large,Eucalyptus obliqua small,0.056298269,-0.180948005,0.293544543,0.051638565,0.060957972,0.121046242,Dip,0.474492548,large,small,Pomaderris apetala,Eucalyptus obliqua,large_small,o_TAS,TAS,NA,Subcanopy,Canopy,Subcanopy_Canopy,Canopy.small_Subcanopy.large
96,Pomaderris apetala small,Eucalyptus obliqua small,-0.028505494,-0.095875015,0.038864028,-0.030162342,-0.026848646,0.034372836,Dip,0.134739043,small,small,Pomaderris apetala,Eucalyptus obliqua,small_small,o_TAS,TAS,NA,Subcanopy,Canopy,Subcanopy_Canopy,Canopy.small_Subcanopy.small
97,Pomaderris apetala large,Pomaderris apetala large,0.057168571,-0.180328834,0.294665977,0.049316529,0.065020613,0.121174372,Dip,0.474994811,large,large,Pomaderris apetala,Pomaderris apetala,large_large,o_TAS,TAS,NA,Subcanopy,Subcanopy,Subcanopy_Subcanopy,Subcanopy.large_Subcanopy.large
98,Pomaderris apetala small,Pomaderris apetala large,0.108195567,0.042311053,0.174080082,0.105015465,0.11137567,0.033615166,Dip,0.13176903,small,large,Pomaderris apetala,Pomaderris apetala,small_large,o_TAS,TAS,1,Subcanopy,Subcanopy,Subcanopy_Subcanopy,Subcanopy.large_Subcanopy.small
99,Pomaderris apetala small,Pomaderris apetala small,0.513146795,0.420573056,0.605720534,0.494484762,0.531808828,0.047232368,Dip,0.185147479,small,small,Pomaderris apetala,Pomaderris apetala,small_small,o_TAS,TAS,1,Subcanopy,Subcanopy,Subcanopy_Subcanopy,Subcanopy.small_Subcanopy.small
100,Acacia melanoxylon large,Acacia melanoxylon large,-0.061234318,-0.336370445,0.213901809,-0.066538779,-0.055929856,0.140378155,Weld,0.550272254,large,large,Acacia melanoxylon,Acacia melanoxylon,large_large,o_TAS,TAS,NA,Subcanopy,Subcanopy,Subcanopy_Subcanopy,Subcanopy.large_Subcanopy.large
101,Acacia melanoxylon small,Acacia melanoxylon large,0.060422576,-0.061506208,0.18235136,0.057327182,0.06351797,0.062209706,Weld,0.243857568,small,large,Acacia melanoxylon,Acacia melanoxylon,small_large,o_TAS,TAS,NA,Subcanopy,Subcanopy,Subcanopy_Subcanopy,Subcanopy.large_Subcanopy.small
102,Eucalyptus obliqua small,Acacia melanoxylon large,0.163563355,-0.269174215,0.596300925,0.157827367,0.169299344,0.220788532,Weld,0.86547514,small,large,Eucalyptus obliqua,Acacia melanoxylon,small_large,o_TAS,TAS,NA,Canopy,Subcanopy,Canopy_Subcanopy,Canopy.small_Subcanopy.large
103,Eucalyptus regnans large,Acacia melanoxylon large,-0.044374016,-0.319604135,0.230856103,-0.048308045,-0.040439987,0.14042611,Weld,0.550460238,large,large,Eucalyptus regnans,Acacia melanoxylon,large_large,o_TAS,TAS,NA,Canopy,Subcanopy,Canopy_Subcanopy,Canopy.large_Subcanopy.large
104,Eucalyptus regnans small,Acacia melanoxylon large,-0.229108723,-0.533711163,0.075493716,-0.233389912,-0.224827535,0.155412263,Weld,0.609204878,small,large,Eucalyptus regnans,Acacia melanoxylon,small_large,o_TAS,TAS,NA,Canopy,Subcanopy,Canopy_Subcanopy,Canopy.small_Subcanopy.large
105,Pomaderris apetala small,Acacia melanoxylon large,0.031830873,-0.096033697,0.159695442,0.028625937,0.035035809,0.065238224,Weld,0.255729139,small,large,Pomaderris apetala,Acacia melanoxylon,small_large,o_TAS,TAS,NA,Subcanopy,Subcanopy,Subcanopy_Subcanopy,Subcanopy.large_Subcanopy.small
106,Acacia melanoxylon small,Acacia melanoxylon small,0.342956965,0.191428135,0.494485795,0.335671041,0.350242889,0.077312048,Weld,0.303057661,small,small,Acacia melanoxylon,Acacia melanoxylon,small_small,o_TAS,TAS,1,Subcanopy,Subcanopy,Subcanopy_Subcanopy,Subcanopy.small_Subcanopy.small
107,Eucalyptus obliqua small,Acacia melanoxylon small,-0.131742043,-0.319528672,0.056044586,-0.135391311,-0.128092775,0.095811265,Weld,0.375573258,small,small,Eucalyptus obliqua,Acacia melanoxylon,small_small,o_TAS,TAS,NA,Canopy,Subcanopy,Canopy_Subcanopy,Canopy.small_Subcanopy.small
108,Eucalyptus regnans large,Acacia melanoxylon small,0.082350535,-0.078912442,0.243613512,0.079160886,0.085540184,0.082278541,Weld,0.322525955,large,small,Eucalyptus regnans,Acacia melanoxylon,large_small,o_TAS,TAS,NA,Canopy,Subcanopy,Canopy_Subcanopy,Canopy.large_Subcanopy.small
109,Eucalyptus regnans small,Acacia melanoxylon small,0.001985298,-0.157593857,0.161564453,-0.000879928,0.004850524,0.081419432,Weld,0.319158309,small,small,Eucalyptus regnans,Acacia melanoxylon,small_small,o_TAS,TAS,NA,Canopy,Subcanopy,Canopy_Subcanopy,Canopy.small_Subcanopy.small
110,Pomaderris apetala small,Acacia melanoxylon small,-0.031400595,-0.103161256,0.040360067,-0.03558816,-0.027213029,0.036613255,Weld,0.143521323,small,small,Pomaderris apetala,Acacia melanoxylon,small_small,o_TAS,TAS,NA,Subcanopy,Subcanopy,Subcanopy_Subcanopy,Subcanopy.small_Subcanopy.small
111,Eucalyptus obliqua small,Eucalyptus obliqua small,-0.032360399,-1.04735092,0.982630122,-0.045018158,-0.01970264,0.517861822,Weld,2.029981042,small,small,Eucalyptus obliqua,Eucalyptus obliqua,small_small,o_TAS,TAS,NA,Canopy,Canopy,Canopy_Canopy,Canopy.small_Canopy.small
112,Eucalyptus regnans large,Eucalyptus obliqua small,0.283457136,-0.376257228,0.9431715,0.276502112,0.29041216,0.336595146,Weld,1.319428728,large,small,Eucalyptus regnans,Eucalyptus obliqua,large_small,o_TAS,TAS,NA,Canopy,Canopy,Canopy_Canopy,Canopy.large_Canopy.small
113,Eucalyptus regnans small,Eucalyptus obliqua small,0.450320009,-0.377424726,1.278064743,0.438593511,0.462046506,0.422326502,Weld,1.655489469,small,small,Eucalyptus regnans,Eucalyptus obliqua,small_small,o_TAS,TAS,NA,Canopy,Canopy,Canopy_Canopy,Canopy.small_Canopy.small
114,Pomaderris apetala small,Eucalyptus obliqua small,-0.071909682,-0.474338348,0.330518985,-0.076812802,-0.067006561,0.205324521,Weld,0.804857333,small,small,Pomaderris apetala,Eucalyptus obliqua,small_small,o_TAS,TAS,NA,Subcanopy,Canopy,Subcanopy_Canopy,Canopy.small_Subcanopy.small
115,Eucalyptus regnans large,Eucalyptus regnans large,-0.211298624,-0.825735456,0.403138208,-0.218279083,-0.204318165,0.31349394,Weld,1.228873663,large,large,Eucalyptus regnans,Eucalyptus regnans,large_large,o_TAS,TAS,NA,Canopy,Canopy,Canopy_Canopy,Canopy.large_Canopy.large
116,Eucalyptus regnans small,Eucalyptus regnans large,0.197963499,-0.202101118,0.598028116,0.191717815,0.204209183,0.204118351,Weld,0.800129234,small,large,Eucalyptus regnans,Eucalyptus regnans,small_large,o_TAS,TAS,NA,Canopy,Canopy,Canopy_Canopy,Canopy.large_Canopy.small
117,Pomaderris apetala small,Eucalyptus regnans large,0.059507086,-0.136519013,0.255533184,0.057019403,0.061994769,0.100015153,Weld,0.392052197,small,large,Pomaderris apetala,Eucalyptus regnans,small_large,o_TAS,TAS,NA,Subcanopy,Canopy,Subcanopy_Canopy,Canopy.large_Subcanopy.small
118,Eucalyptus regnans small,Eucalyptus regnans small,-0.216264239,-0.853964437,0.42143596,-0.225598864,-0.206929613,0.325363223,Weld,1.275400397,small,small,Eucalyptus regnans,Eucalyptus regnans,small_small,o_TAS,TAS,NA,Canopy,Canopy,Canopy_Canopy,Canopy.small_Canopy.small
119,Pomaderris apetala small,Eucalyptus regnans small,0.082374182,-0.100042907,0.264791271,0.078624736,0.086123628,0.093071654,Weld,0.364834178,small,small,Pomaderris apetala,Eucalyptus regnans,small_small,o_TAS,TAS,NA,Subcanopy,Canopy,Subcanopy_Canopy,Canopy.small_Subcanopy.small
120,Pomaderris apetala small,Pomaderris apetala small,0.619357211,0.397148507,0.841565915,0.607068024,0.631646398,0.113373871,Weld,0.444417407,small,small,Pomaderris apetala,Pomaderris apetala,small_small,o_TAS,TAS,1,Subcanopy,Subcanopy,Subcanopy_Subcanopy,Subcanopy.small_Subcanopy.small
121,Eucalyptus obliqua large,Eucalyptus obliqua large,-0.573926528,-0.976852664,-0.171000393,-0.587840996,-0.560012061,0.205578336,ZigZag,0.805852271,large,large,Eucalyptus obliqua,Eucalyptus obliqua,large_large,o_TAS,TAS,1,Canopy,Canopy,Canopy_Canopy,Canopy.large_Canopy.large
122,Eucalyptus obliqua small,Eucalyptus obliqua large,-0.120038747,-0.311479465,0.071401971,-0.125447198,-0.114630296,0.097675631,ZigZag,0.382881436,small,large,Eucalyptus obliqua,Eucalyptus obliqua,small_large,o_TAS,TAS,NA,Canopy,Canopy,Canopy_Canopy,Canopy.large_Canopy.small
123,Nematolepis squamea large,Eucalyptus obliqua large,0.25662046,-0.112814189,0.62605511,0.248809533,0.264431388,0.18849053,ZigZag,0.738869299,large,large,Nematolepis squamea,Eucalyptus obliqua,large_large,o_TAS,TAS,NA,Subcanopy,Canopy,Subcanopy_Canopy,Canopy.large_Subcanopy.large
124,Nematolepis squamea small,Eucalyptus obliqua large,0.148987993,0.017386515,0.280589471,0.143735444,0.154240541,0.067144845,ZigZag,0.263202956,small,large,Nematolepis squamea,Eucalyptus obliqua,small_large,o_TAS,TAS,1,Subcanopy,Canopy,Subcanopy_Canopy,Canopy.large_Subcanopy.small
125,Pomaderris apetala large,Eucalyptus obliqua large,-0.212678485,-0.418961365,-0.006395605,-0.218795231,-0.206561739,0.105248301,ZigZag,0.412565759,large,large,Pomaderris apetala,Eucalyptus obliqua,large_large,o_TAS,TAS,1,Subcanopy,Canopy,Subcanopy_Canopy,Canopy.large_Subcanopy.large
126,Pomaderris apetala small,Eucalyptus obliqua large,0.075206401,-0.022846221,0.173259023,0.072086433,0.078326369,0.050027767,ZigZag,0.196105244,small,large,Pomaderris apetala,Eucalyptus obliqua,small_large,o_TAS,TAS,NA,Subcanopy,Canopy,Subcanopy_Canopy,Canopy.large_Subcanopy.small
127,Eucalyptus obliqua small,Eucalyptus obliqua small,0.116034844,-0.050739772,0.28280946,0.108007485,0.124062204,0.085090653,ZigZag,0.333549232,small,small,Eucalyptus obliqua,Eucalyptus obliqua,small_small,o_TAS,TAS,NA,Canopy,Canopy,Canopy_Canopy,Canopy.small_Canopy.small
128,Nematolepis squamea large,Eucalyptus obliqua small,0.171571336,-0.030372219,0.373514891,0.166556527,0.176586145,0.103034319,ZigZag,0.40388711,large,small,Nematolepis squamea,Eucalyptus obliqua,large_small,o_TAS,TAS,NA,Subcanopy,Canopy,Subcanopy_Canopy,Canopy.small_Subcanopy.large
129,Nematolepis squamea small,Eucalyptus obliqua small,0.114958283,0.017333958,0.212582608,0.110190611,0.119725956,0.049809245,ZigZag,0.195248651,small,small,Nematolepis squamea,Eucalyptus obliqua,small_small,o_TAS,TAS,1,Subcanopy,Canopy,Subcanopy_Canopy,Canopy.small_Subcanopy.small
130,Pomaderris apetala large,Eucalyptus obliqua small,-0.089844549,-0.217459452,0.037770354,-0.093623347,-0.086065751,0.065110841,ZigZag,0.255229806,large,small,Pomaderris apetala,Eucalyptus obliqua,large_small,o_TAS,TAS,NA,Subcanopy,Canopy,Subcanopy_Canopy,Canopy.small_Subcanopy.large
131,Pomaderris apetala small,Eucalyptus obliqua small,0.058212176,-0.005207451,0.121631802,0.055202199,0.061222152,0.032357547,ZigZag,0.126839252,small,small,Pomaderris apetala,Eucalyptus obliqua,small_small,o_TAS,TAS,NA,Subcanopy,Canopy,Subcanopy_Canopy,Canopy.small_Subcanopy.small
132,Nematolepis squamea large,Nematolepis squamea large,-0.401615286,-0.774025524,-0.029205047,-0.408797881,-0.394432691,0.190008715,ZigZag,0.744820477,large,large,Nematolepis squamea,Nematolepis squamea,large_large,o_TAS,TAS,1,Subcanopy,Subcanopy,Subcanopy_Subcanopy,Subcanopy.large_Subcanopy.large
133,Nematolepis squamea small,Nematolepis squamea large,-0.104744782,-0.253921199,0.044431636,-0.10886139,-0.100628173,0.076111816,ZigZag,0.298352835,small,large,Nematolepis squamea,Nematolepis squamea,small_large,o_TAS,TAS,NA,Subcanopy,Subcanopy,Subcanopy_Subcanopy,Subcanopy.large_Subcanopy.small
134,Pomaderris apetala large,Nematolepis squamea large,0.068427543,-0.163143151,0.299998237,0.063423048,0.073432038,0.118150484,ZigZag,0.463141387,large,large,Pomaderris apetala,Nematolepis squamea,large_large,o_TAS,TAS,NA,Subcanopy,Subcanopy,Subcanopy_Subcanopy,Subcanopy.large_Subcanopy.large
135,Pomaderris apetala small,Nematolepis squamea large,-0.095214169,-0.206165375,0.015737038,-0.098201327,-0.092227011,0.056608799,ZigZag,0.221902413,small,large,Pomaderris apetala,Nematolepis squamea,small_large,o_TAS,TAS,NA,Subcanopy,Subcanopy,Subcanopy_Subcanopy,Subcanopy.large_Subcanopy.small
136,Nematolepis squamea small,Nematolepis squamea small,0.193552264,0.033143735,0.353960792,0.177223784,0.209880743,0.08184259,ZigZag,0.320817057,small,small,Nematolepis squamea,Nematolepis squamea,small_small,o_TAS,TAS,1,Subcanopy,Subcanopy,Subcanopy_Subcanopy,Subcanopy.small_Subcanopy.small
137,Pomaderris apetala large,Nematolepis squamea small,-0.05360122,-0.163521421,0.056318981,-0.057623767,-0.049578673,0.056082766,ZigZag,0.219840402,large,small,Pomaderris apetala,Nematolepis squamea,large_small,o_TAS,TAS,NA,Subcanopy,Subcanopy,Subcanopy_Subcanopy,Subcanopy.large_Subcanopy.small
138,Pomaderris apetala small,Nematolepis squamea small,-0.108300617,-0.157378418,-0.059222817,-0.11175216,-0.104849075,0.025040154,ZigZag,0.098155601,small,small,Pomaderris apetala,Nematolepis squamea,small_small,o_TAS,TAS,1,Subcanopy,Subcanopy,Subcanopy_Subcanopy,Subcanopy.small_Subcanopy.small
139,Pomaderris apetala large,Pomaderris apetala large,-0.06213845,-0.38096081,0.25668391,-0.07406752,-0.05020938,0.162667458,ZigZag,0.637644719,large,large,Pomaderris apetala,Pomaderris apetala,large_large,o_TAS,TAS,NA,Subcanopy,Subcanopy,Subcanopy_Subcanopy,Subcanopy.large_Subcanopy.large
140,Pomaderris apetala small,Pomaderris apetala large,0.05893166,-0.004727397,0.122590717,0.05635591,0.06150741,0.032479708,ZigZag,0.127318115,small,large,Pomaderris apetala,Pomaderris apetala,small_large,o_TAS,TAS,NA,Subcanopy,Subcanopy,Subcanopy_Subcanopy,Subcanopy.large_Subcanopy.small
141,Pomaderris apetala small,Pomaderris apetala small,0.313249819,0.205006098,0.42149354,0.294619724,0.331879914,0.055227403,ZigZag,0.216487442,small,small,Pomaderris apetala,Pomaderris apetala,small_small,o_TAS,TAS,1,Subcanopy,Subcanopy,Subcanopy_Subcanopy,Subcanopy.small_Subcanopy.small
142,Eucalyptus delegatensis large,Eucalyptus delegatensis large,-0.293647294,-0.937103201,0.349808613,-0.306207421,-0.281087166,0.328299863,NorthStyx,1.286911814,large,large,Eucalyptus delegatensis,Eucalyptus delegatensis,large_large,d_TAS,TAS,NA,Canopy,Canopy,Canopy_Canopy,Canopy.large_Canopy.large
143,Eucalyptus delegatensis small,Eucalyptus delegatensis large,0.476099583,0.062878453,0.889320713,0.465116757,0.487082408,0.210830981,NorthStyx,0.82644226,small,large,Eucalyptus delegatensis,Eucalyptus delegatensis,small_large,d_TAS,TAS,1,Canopy,Canopy,Canopy_Canopy,Canopy.large_Canopy.small
144,Eucalyptus regnans large,Eucalyptus delegatensis large,0.337830471,0.048707014,0.626953928,0.331194184,0.344466758,0.147514679,NorthStyx,0.578246915,large,large,Eucalyptus regnans,Eucalyptus delegatensis,large_large,d_TAS,TAS,1,Canopy,Canopy,Canopy_Canopy,Canopy.large_Canopy.large
145,Eucalyptus regnans small,Eucalyptus delegatensis large,-0.24280784,-0.468349358,-0.017266321,-0.248982786,-0.236632893,0.115074318,NorthStyx,0.451083037,small,large,Eucalyptus regnans,Eucalyptus delegatensis,small_large,d_TAS,TAS,1,Canopy,Canopy,Canopy_Canopy,Canopy.large_Canopy.small
146,Monotoca glauca small,Eucalyptus delegatensis large,0.226273415,-0.063027533,0.515574362,0.217187387,0.235359442,0.147605237,NorthStyx,0.578601895,small,large,Monotoca glauca,Eucalyptus delegatensis,small_large,d_TAS,TAS,NA,Subcanopy,Canopy,Subcanopy_Canopy,Canopy.large_Subcanopy.small
147,Nothofagus cunninghamii small,Eucalyptus delegatensis large,0.361218567,-0.102457907,0.824895041,0.35253378,0.369903354,0.236573977,NorthStyx,0.927352948,small,large,Nothofagus cunninghamii,Eucalyptus delegatensis,small_large,d_TAS,TAS,NA,Subcanopy,Canopy,Subcanopy_Canopy,Canopy.large_Subcanopy.small
148,Phyllocladus aspleniifolius small,Eucalyptus delegatensis large,0.16825151,-0.460500312,0.797003332,0.152281332,0.184221689,0.320797641,NorthStyx,1.257503644,small,large,Phyllocladus aspleniifolius,Eucalyptus delegatensis,small_large,d_TAS,TAS,NA,Subcanopy,Canopy,Subcanopy_Canopy,Canopy.large_Subcanopy.small
149,Eucalyptus delegatensis small,Eucalyptus delegatensis small,0.01733349,-0.367343455,0.402010436,0.002342402,0.032324579,0.196267354,NorthStyx,0.76935389,small,small,Eucalyptus delegatensis,Eucalyptus delegatensis,small_small,d_TAS,TAS,NA,Canopy,Canopy,Canopy_Canopy,Canopy.small_Canopy.small
150,Eucalyptus regnans large,Eucalyptus delegatensis small,-0.28410098,-0.472454116,-0.095747845,-0.289939394,-0.278262566,0.096100304,NorthStyx,0.376706271,large,small,Eucalyptus regnans,Eucalyptus delegatensis,large_small,d_TAS,TAS,1,Canopy,Canopy,Canopy_Canopy,Canopy.large_Canopy.small
151,Eucalyptus regnans small,Eucalyptus delegatensis small,0.116449085,-0.055106342,0.288004513,0.111040895,0.121857276,0.087529888,NorthStyx,0.343110854,small,small,Eucalyptus regnans,Eucalyptus delegatensis,small_small,d_TAS,TAS,NA,Canopy,Canopy,Canopy_Canopy,Canopy.small_Canopy.small
152,Monotoca glauca small,Eucalyptus delegatensis small,-0.025843141,-0.226230836,0.174544555,-0.033002744,-0.018683538,0.102240499,NorthStyx,0.400775391,small,small,Monotoca glauca,Eucalyptus delegatensis,small_small,d_TAS,TAS,NA,Subcanopy,Canopy,Subcanopy_Canopy,Canopy.small_Subcanopy.small
153,Nothofagus cunninghamii small,Eucalyptus delegatensis small,-0.330318892,-0.651654389,-0.008983394,-0.338462153,-0.322175631,0.163949695,NorthStyx,0.642670995,small,small,Nothofagus cunninghamii,Eucalyptus delegatensis,small_small,d_TAS,TAS,1,Subcanopy,Canopy,Subcanopy_Canopy,Canopy.small_Subcanopy.small
154,Phyllocladus aspleniifolius small,Eucalyptus delegatensis small,-0.15194332,-0.473457213,0.169570573,-0.161603461,-0.142283179,0.164040715,NorthStyx,0.643027786,small,small,Phyllocladus aspleniifolius,Eucalyptus delegatensis,small_small,d_TAS,TAS,NA,Subcanopy,Canopy,Subcanopy_Canopy,Canopy.small_Subcanopy.small
155,Eucalyptus regnans large,Eucalyptus regnans large,-0.154479961,-0.404800806,0.095840884,-0.162169252,-0.14679067,0.127717064,NorthStyx,0.500641691,large,large,Eucalyptus regnans,Eucalyptus regnans,large_large,d_TAS,TAS,NA,Canopy,Canopy,Canopy_Canopy,Canopy.large_Canopy.large
156,Eucalyptus regnans small,Eucalyptus regnans large,0.188166604,0.029177847,0.34715536,0.183337443,0.192995764,0.081118203,NorthStyx,0.317977513,small,large,Eucalyptus regnans,Eucalyptus regnans,small_large,d_TAS,TAS,1,Canopy,Canopy,Canopy_Canopy,Canopy.large_Canopy.small
157,Monotoca glauca small,Eucalyptus regnans large,-0.117041786,-0.297993846,0.063910274,-0.12230263,-0.111780943,0.092324176,NorthStyx,0.36190412,small,large,Monotoca glauca,Eucalyptus regnans,small_large,d_TAS,TAS,NA,Subcanopy,Canopy,Subcanopy_Canopy,Canopy.large_Subcanopy.small
158,Nothofagus cunninghamii small,Eucalyptus regnans large,-0.205830485,-0.408949546,-0.002711425,-0.210458564,-0.201202407,0.103634078,NorthStyx,0.406238122,small,large,Nothofagus cunninghamii,Eucalyptus regnans,small_large,d_TAS,TAS,1,Subcanopy,Canopy,Subcanopy_Canopy,Canopy.large_Subcanopy.small
159,Phyllocladus aspleniifolius small,Eucalyptus regnans large,-0.299235893,-0.581328716,-0.01714307,-0.308432639,-0.290039146,0.143927554,NorthStyx,0.564185646,small,large,Phyllocladus aspleniifolius,Eucalyptus regnans,small_large,d_TAS,TAS,1,Subcanopy,Canopy,Subcanopy_Canopy,Canopy.large_Subcanopy.small
160,Eucalyptus regnans small,Eucalyptus regnans small,0.227866973,0.065476025,0.390257922,0.218691106,0.23704284,0.082854047,NorthStyx,0.324781897,small,small,Eucalyptus regnans,Eucalyptus regnans,small_small,d_TAS,TAS,1,Canopy,Canopy,Canopy_Canopy,Canopy.small_Canopy.small
161,Monotoca glauca small,Eucalyptus regnans small,0.195028586,0.033176762,0.35688041,0.187437322,0.20261985,0.082578978,NorthStyx,0.323703647,small,small,Monotoca glauca,Eucalyptus regnans,small_small,d_TAS,TAS,1,Subcanopy,Canopy,Subcanopy_Canopy,Canopy.small_Subcanopy.small
162,Nothofagus cunninghamii small,Eucalyptus regnans small,0.004790416,-0.209001236,0.218582068,0.000215525,0.009365308,0.109079378,NorthStyx,0.427583304,small,small,Nothofagus cunninghamii,Eucalyptus regnans,small_small,d_TAS,TAS,NA,Subcanopy,Canopy,Subcanopy_Canopy,Canopy.small_Subcanopy.small
163,Phyllocladus aspleniifolius small,Eucalyptus regnans small,0.20933073,-0.022049825,0.440711285,0.198673634,0.219987826,0.118053473,NorthStyx,0.462761109,small,small,Phyllocladus aspleniifolius,Eucalyptus regnans,small_small,d_TAS,TAS,NA,Subcanopy,Canopy,Subcanopy_Canopy,Canopy.small_Subcanopy.small
164,Monotoca glauca small,Monotoca glauca small,0.35239113,0.119129708,0.585652552,0.337627767,0.367154493,0.119013117,NorthStyx,0.466522844,small,small,Monotoca glauca,Monotoca glauca,small_small,d_TAS,TAS,1,Subcanopy,Subcanopy,Subcanopy_Subcanopy,Subcanopy.small_Subcanopy.small
165,Nothofagus cunninghamii small,Monotoca glauca small,0.194107629,-0.194952256,0.583167513,0.184532483,0.203682774,0.198503589,NorthStyx,0.77811977,small,small,Nothofagus cunninghamii,Monotoca glauca,small_small,d_TAS,TAS,NA,Subcanopy,Subcanopy,Subcanopy_Subcanopy,Subcanopy.small_Subcanopy.small
166,Phyllocladus aspleniifolius small,Monotoca glauca small,-0.007607927,-0.269516531,0.254300676,-0.018050807,0.002834952,0.133629294,NorthStyx,0.523817208,small,small,Phyllocladus aspleniifolius,Monotoca glauca,small_small,d_TAS,TAS,NA,Subcanopy,Subcanopy,Subcanopy_Subcanopy,Subcanopy.small_Subcanopy.small
167,Nothofagus cunninghamii small,Nothofagus cunninghamii small,-0.188037876,-0.86945963,0.493383878,-0.198507195,-0.177568557,0.347670549,NorthStyx,1.362843507,small,small,Nothofagus cunninghamii,Nothofagus cunninghamii,small_small,d_TAS,TAS,NA,Subcanopy,Subcanopy,Subcanopy_Subcanopy,Subcanopy.small_Subcanopy.small
168,Phyllocladus aspleniifolius small,Nothofagus cunninghamii small,-0.296604578,-1.009770103,0.416560948,-0.31029302,-0.282916135,0.363866648,NorthStyx,1.426331052,small,small,Phyllocladus aspleniifolius,Nothofagus cunninghamii,small_small,d_TAS,TAS,NA,Subcanopy,Subcanopy,Subcanopy_Subcanopy,Subcanopy.small_Subcanopy.small
169,Phyllocladus aspleniifolius small,Phyllocladus aspleniifolius small,0.027681795,-0.469460524,0.524824114,0.009110147,0.046253443,0.253648701,NorthStyx,0.994284637,small,small,Phyllocladus aspleniifolius,Phyllocladus aspleniifolius,small_small,d_TAS,TAS,NA,Subcanopy,Subcanopy,Subcanopy_Subcanopy,Subcanopy.small_Subcanopy.small
170,Eucalyptus cypellocarpa large,Eucalyptus cypellocarpa large,-0.270172738,-0.803659344,0.263313869,-0.277804263,-0.262541213,0.272192046,Newline,1.066973213,large,large,Eucalyptus cypellocarpa,Eucalyptus cypellocarpa,large_large,S_NSW,SE_AUS,NA,Canopy,Canopy,Canopy_Canopy,Canopy.large_Canopy.large
171,Eucalyptus cypellocarpa small,Eucalyptus cypellocarpa large,-0.006719548,-0.22874107,0.215301973,-0.0108576,-0.002581497,0.113278368,Newline,0.444043043,small,large,Eucalyptus cypellocarpa,Eucalyptus cypellocarpa,small_large,S_NSW,SE_AUS,NA,Canopy,Canopy,Canopy_Canopy,Canopy.large_Canopy.small
172,Eucalyptus fastigata large,Eucalyptus cypellocarpa large,-0.226379494,-0.449544706,-0.003214281,-0.230170038,-0.222588949,0.113861895,Newline,0.446330425,large,large,Eucalyptus fastigata,Eucalyptus cypellocarpa,large_large,S_NSW,SE_AUS,1,Canopy,Canopy,Canopy_Canopy,Canopy.large_Canopy.large
173,Eucalyptus fastigata small,Eucalyptus cypellocarpa large,0.194478928,-0.050019792,0.438977647,0.190085997,0.198871858,0.124746537,Newline,0.488997439,small,large,Eucalyptus fastigata,Eucalyptus cypellocarpa,small_large,S_NSW,SE_AUS,NA,Canopy,Canopy,Canopy_Canopy,Canopy.large_Canopy.small
174,Eucalyptus obliqua large,Eucalyptus cypellocarpa large,-0.279215424,-0.665213853,0.106783004,-0.284920434,-0.273510415,0.196941593,Newline,0.771996857,large,large,Eucalyptus obliqua,Eucalyptus cypellocarpa,large_large,S_NSW,SE_AUS,NA,Canopy,Canopy,Canopy_Canopy,Canopy.large_Canopy.large
175,Eucalyptus obliqua small,Eucalyptus cypellocarpa large,0.192286543,-0.070316687,0.454889774,0.187930397,0.19664269,0.133983702,Newline,0.525206462,small,large,Eucalyptus obliqua,Eucalyptus cypellocarpa,small_large,S_NSW,SE_AUS,NA,Canopy,Canopy,Canopy_Canopy,Canopy.large_Canopy.small
176,Eucalyptus cypellocarpa small,Eucalyptus cypellocarpa small,0.208953957,-0.019934416,0.437842329,0.202555476,0.215352438,0.116781928,Newline,0.457776745,small,small,Eucalyptus cypellocarpa,Eucalyptus cypellocarpa,small_small,S_NSW,SE_AUS,NA,Canopy,Canopy,Canopy_Canopy,Canopy.small_Canopy.small
177,Eucalyptus fastigata large,Eucalyptus cypellocarpa small,-0.020515119,-0.177884926,0.136854688,-0.023576768,-0.017453471,0.080292193,Newline,0.314739614,large,small,Eucalyptus fastigata,Eucalyptus cypellocarpa,large_small,S_NSW,SE_AUS,NA,Canopy,Canopy,Canopy_Canopy,Canopy.large_Canopy.small
178,Eucalyptus fastigata small,Eucalyptus cypellocarpa small,0.080735842,-0.054914701,0.216386385,0.076894528,0.084577156,0.069210733,Newline,0.271301087,small,small,Eucalyptus fastigata,Eucalyptus cypellocarpa,small_small,S_NSW,SE_AUS,NA,Canopy,Canopy,Canopy_Canopy,Canopy.small_Canopy.small
179,Eucalyptus obliqua large,Eucalyptus cypellocarpa small,0.202439659,-0.079579311,0.48445863,0.197754443,0.207124875,0.143889874,Newline,0.564037941,large,small,Eucalyptus obliqua,Eucalyptus cypellocarpa,large_small,S_NSW,SE_AUS,NA,Canopy,Canopy,Canopy_Canopy,Canopy.large_Canopy.small
180,Eucalyptus obliqua small,Eucalyptus cypellocarpa small,-0.10395667,-0.272739283,0.064825943,-0.107579307,-0.100334033,0.08611516,Newline,0.337565226,small,small,Eucalyptus obliqua,Eucalyptus cypellocarpa,small_small,S_NSW,SE_AUS,NA,Canopy,Canopy,Canopy_Canopy,Canopy.small_Canopy.small
181,Eucalyptus fastigata large,Eucalyptus fastigata large,-0.132410983,-0.429271056,0.164449091,-0.14125436,-0.123567606,0.151462004,Newline,0.593720147,large,large,Eucalyptus fastigata,Eucalyptus fastigata,large_large,S_NSW,SE_AUS,NA,Canopy,Canopy,Canopy_Canopy,Canopy.large_Canopy.large
182,Eucalyptus fastigata small,Eucalyptus fastigata large,0.085684026,-0.062046021,0.233414074,0.08263515,0.088732903,0.075373858,Newline,0.295460095,small,large,Eucalyptus fastigata,Eucalyptus fastigata,small_large,S_NSW,SE_AUS,NA,Canopy,Canopy,Canopy_Canopy,Canopy.large_Canopy.small
183,Eucalyptus obliqua large,Eucalyptus fastigata large,-0.393145693,-0.721826846,-0.064464541,-0.39846945,-0.387821936,0.167697547,Newline,0.657362305,large,large,Eucalyptus obliqua,Eucalyptus fastigata,large_large,S_NSW,SE_AUS,1,Canopy,Canopy,Canopy_Canopy,Canopy.large_Canopy.large
184,Eucalyptus obliqua small,Eucalyptus fastigata large,-0.030064984,-0.170844923,0.110714954,-0.032997565,-0.027132404,0.071827819,Newline,0.281559877,small,large,Eucalyptus obliqua,Eucalyptus fastigata,small_large,S_NSW,SE_AUS,NA,Canopy,Canopy,Canopy_Canopy,Canopy.large_Canopy.small
185,Eucalyptus fastigata small,Eucalyptus fastigata small,0.249093535,0.070162448,0.428024623,0.243031925,0.255155146,0.091293049,Newline,0.357862175,small,small,Eucalyptus fastigata,Eucalyptus fastigata,small_small,S_NSW,SE_AUS,1,Canopy,Canopy,Canopy_Canopy,Canopy.small_Canopy.small
186,Eucalyptus obliqua large,Eucalyptus fastigata small,0.06318641,-0.156584037,0.282956857,0.059410579,0.066962241,0.11212984,Newline,0.439540894,large,small,Eucalyptus obliqua,Eucalyptus fastigata,large_small,S_NSW,SE_AUS,NA,Canopy,Canopy,Canopy_Canopy,Canopy.large_Canopy.small
187,Eucalyptus obliqua small,Eucalyptus fastigata small,-0.027767616,-0.167951551,0.112416319,-0.031109109,-0.024426123,0.07152373,Newline,0.28036787,small,small,Eucalyptus obliqua,Eucalyptus fastigata,small_small,S_NSW,SE_AUS,NA,Canopy,Canopy,Canopy_Canopy,Canopy.small_Canopy.small
188,Eucalyptus obliqua large,Eucalyptus obliqua large,-0.295919079,-0.954686192,0.362848034,-0.305484082,-0.286354076,0.336111846,Newline,1.317534226,large,large,Eucalyptus obliqua,Eucalyptus obliqua,large_large,S_NSW,SE_AUS,NA,Canopy,Canopy,Canopy_Canopy,Canopy.large_Canopy.large
189,Eucalyptus obliqua small,Eucalyptus obliqua large,0.165589468,-0.12320887,0.454387807,0.159206019,0.171972918,0.147348799,Newline,0.577596677,small,large,Eucalyptus obliqua,Eucalyptus obliqua,small_large,S_NSW,SE_AUS,NA,Canopy,Canopy,Canopy_Canopy,Canopy.large_Canopy.small
190,Eucalyptus obliqua small,Eucalyptus obliqua small,0.238793461,0.016077214,0.461509708,0.230311038,0.247275883,0.113632826,Newline,0.445432494,small,small,Eucalyptus obliqua,Eucalyptus obliqua,small_small,S_NSW,SE_AUS,1,Canopy,Canopy,Canopy_Canopy,Canopy.small_Canopy.small
191,Eucalyptus fastigata large,Eucalyptus fastigata large,0.217091951,-0.121467889,0.555651791,0.209905431,0.224278471,0.172737786,WogWay,0.67711968,large,large,Eucalyptus fastigata,Eucalyptus fastigata,large_large,S_NSW,SE_AUS,NA,Canopy,Canopy,Canopy_Canopy,Canopy.large_Canopy.large
192,Eucalyptus fastigata small,Eucalyptus fastigata large,0.114240536,-0.072248928,0.30073,0.110113418,0.118367654,0.095149434,WogWay,0.372978929,small,large,Eucalyptus fastigata,Eucalyptus fastigata,small_large,S_NSW,SE_AUS,NA,Canopy,Canopy,Canopy_Canopy,Canopy.large_Canopy.small
193,Eucalyptus viminalis large,Eucalyptus fastigata large,-0.028649545,-0.164232769,0.106933679,-0.031094436,-0.026204654,0.069176386,WogWay,0.271166448,large,large,Eucalyptus viminalis,Eucalyptus fastigata,large_large,S_NSW,SE_AUS,NA,Canopy,Canopy,Canopy_Canopy,Canopy.large_Canopy.large
194,Eucalyptus viminalis small,Eucalyptus fastigata large,-0.059946862,-0.141545098,0.021651375,-0.061883311,-0.058010412,0.041632518,WogWay,0.163196473,small,large,Eucalyptus viminalis,Eucalyptus fastigata,small_large,S_NSW,SE_AUS,NA,Canopy,Canopy,Canopy_Canopy,Canopy.large_Canopy.small
195,Eucalyptus fastigata small,Eucalyptus fastigata small,0.423765851,0.247240169,0.600291533,0.4121281,0.435403602,0.090065779,WogWay,0.353051364,small,small,Eucalyptus fastigata,Eucalyptus fastigata,small_small,S_NSW,SE_AUS,1,Canopy,Canopy,Canopy_Canopy,Canopy.small_Canopy.small
196,Eucalyptus viminalis large,Eucalyptus fastigata small,-0.08513314,-0.231489229,0.061222949,-0.087942935,-0.082323344,0.074672846,WogWay,0.292712178,large,small,Eucalyptus viminalis,Eucalyptus fastigata,large_small,S_NSW,SE_AUS,NA,Canopy,Canopy,Canopy_Canopy,Canopy.large_Canopy.small
197,Eucalyptus viminalis small,Eucalyptus fastigata small,-0.030604032,-0.106962024,0.04575396,-0.033085753,-0.028122311,0.038958875,WogWay,0.152715985,small,small,Eucalyptus viminalis,Eucalyptus fastigata,small_small,S_NSW,SE_AUS,NA,Canopy,Canopy,Canopy_Canopy,Canopy.small_Canopy.small
198,Eucalyptus viminalis large,Eucalyptus viminalis large,0.176357804,0.002338262,0.350377347,0.172092462,0.180623146,0.088787112,WogWay,0.348039085,large,large,Eucalyptus viminalis,Eucalyptus viminalis,large_large,S_NSW,SE_AUS,1,Canopy,Canopy,Canopy_Canopy,Canopy.large_Canopy.large
199,Eucalyptus viminalis small,Eucalyptus viminalis large,-0.015944489,-0.057725933,0.025836955,-0.017310091,-0.014578887,0.021317455,WogWay,0.083562888,small,large,Eucalyptus viminalis,Eucalyptus viminalis,small_large,S_NSW,SE_AUS,NA,Canopy,Canopy,Canopy_Canopy,Canopy.large_Canopy.small
200,Eucalyptus viminalis small,Eucalyptus viminalis small,0.504799109,0.384030149,0.62556807,0.494789585,0.514808634,0.061617949,WogWay,0.241537921,small,small,Eucalyptus viminalis,Eucalyptus viminalis,small_small,S_NSW,SE_AUS,1,Canopy,Canopy,Canopy_Canopy,Canopy.small_Canopy.small
201,Eucalyptus fastigata large,Eucalyptus fastigata large,-0.24466818,-0.631963002,0.142626642,-0.250162795,-0.239173565,0.19760303,Goodenia,0.774589644,large,large,Eucalyptus fastigata,Eucalyptus fastigata,large_large,S_NSW,SE_AUS,NA,Canopy,Canopy,Canopy_Canopy,Canopy.large_Canopy.large
202,Eucalyptus fastigata small,Eucalyptus fastigata large,-0.027496653,-0.19103406,0.136040754,-0.029888168,-0.025105138,0.083438986,Goodenia,0.327074814,small,large,Eucalyptus fastigata,Eucalyptus fastigata,small_large,S_NSW,SE_AUS,NA,Canopy,Canopy,Canopy_Canopy,Canopy.large_Canopy.small
203,Eucalyptus fastigata small,Eucalyptus fastigata small,0.293143952,0.105442816,0.480845088,0.287367688,0.298920216,0.095767645,Goodenia,0.375402272,small,small,Eucalyptus fastigata,Eucalyptus fastigata,small_small,S_NSW,SE_AUS,1,Canopy,Canopy,Canopy_Canopy,Canopy.small_Canopy.small
204,Eucalyptus obliqua large,Eucalyptus obliqua large,-0.093429155,-0.346571905,0.159713595,-0.099011668,-0.087846642,0.129156837,Candelo,0.506285499,large,large,Eucalyptus obliqua,Eucalyptus obliqua,large_large,S_NSW,SE_AUS,NA,Canopy,Canopy,Canopy_Canopy,Canopy.large_Canopy.large
205,Eucalyptus obliqua small,Eucalyptus obliqua large,-0.027343267,-0.130534119,0.075847585,-0.029590349,-0.025096185,0.052649361,Candelo,0.206381704,small,large,Eucalyptus obliqua,Eucalyptus obliqua,small_large,S_NSW,SE_AUS,NA,Canopy,Canopy,Canopy_Canopy,Canopy.large_Canopy.small
206,Eucalyptus obliqua small,Eucalyptus obliqua small,0.330796291,0.246132629,0.415459953,0.32190097,0.339691613,0.04319654,Candelo,0.169327324,small,small,Eucalyptus obliqua,Eucalyptus obliqua,small_small,S_NSW,SE_AUS,1,Canopy,Canopy,Canopy_Canopy,Canopy.small_Canopy.small
207,Eucalyptus regnans large,Eucalyptus regnans large,-0.261599698,-0.597673477,0.074474081,-0.270035936,-0.25316346,0.171469365,ANU101,0.672147558,large,large,Eucalyptus regnans,Eucalyptus regnans,large_large,N_VIC,SE_AUS,NA,Canopy,Canopy,Canopy_Canopy,Canopy.large_Canopy.large
208,Eucalyptus regnans small,Eucalyptus regnans large,-0.1811195,-0.295067668,-0.067171332,-0.184244069,-0.17799493,0.058137889,ANU101,0.227896336,small,large,Eucalyptus regnans,Eucalyptus regnans,small_large,N_VIC,SE_AUS,1,Canopy,Canopy,Canopy_Canopy,Canopy.large_Canopy.small
209,Pomaderris aspera small,Eucalyptus regnans large,-0.02136426,-0.152266656,0.109538136,-0.024662038,-0.018066482,0.066788164,ANU101,0.261804792,small,large,Pomaderris aspera,Eucalyptus regnans,small_large,N_VIC,SE_AUS,NA,Subcanopy,Canopy,Subcanopy_Canopy,Canopy.large_Subcanopy.small
210,Eucalyptus regnans small,Eucalyptus regnans small,-0.01942506,-0.222224572,0.183374452,-0.026373455,-0.012476665,0.10347104,ANU101,0.405599024,small,small,Eucalyptus regnans,Eucalyptus regnans,small_small,N_VIC,SE_AUS,NA,Canopy,Canopy,Canopy_Canopy,Canopy.small_Canopy.small
211,Pomaderris aspera small,Eucalyptus regnans small,-0.083268311,-0.166536958,3.37E-07,-0.085600852,-0.080935769,0.042484785,ANU101,0.166537296,small,small,Pomaderris aspera,Eucalyptus regnans,small_small,N_VIC,SE_AUS,NA,Subcanopy,Canopy,Subcanopy_Canopy,Canopy.small_Subcanopy.small
212,Pomaderris aspera small,Pomaderris aspera small,0.209464922,0.060592758,0.358337086,0.202240501,0.216689343,0.075956582,ANU101,0.297744328,small,small,Pomaderris aspera,Pomaderris aspera,small_small,N_VIC,SE_AUS,1,Subcanopy,Subcanopy,Subcanopy_Subcanopy,Subcanopy.small_Subcanopy.small
213,Acacia melanoxylon large,Acacia melanoxylon large,0.089527082,-0.097739897,0.276794062,0.085302496,0.093751668,0.095546133,Ada Tree,0.374533959,large,large,Acacia melanoxylon,Acacia melanoxylon,large_large,N_VIC,SE_AUS,NA,Subcanopy,Subcanopy,Subcanopy_Subcanopy,Subcanopy.large_Subcanopy.large
214,Acacia melanoxylon small,Acacia melanoxylon large,-0.024628375,-0.109833571,0.060576821,-0.026595311,-0.022661438,0.043472838,Ada Tree,0.170410392,small,large,Acacia melanoxylon,Acacia melanoxylon,small_large,N_VIC,SE_AUS,NA,Subcanopy,Subcanopy,Subcanopy_Subcanopy,Subcanopy.large_Subcanopy.small
215,Eucalyptus regnans large,Acacia melanoxylon large,0.191415699,-0.060479825,0.443311223,0.185688017,0.197143381,0.128520486,Ada Tree,0.503791048,large,large,Eucalyptus regnans,Acacia melanoxylon,large_large,N_VIC,SE_AUS,NA,Canopy,Subcanopy,Canopy_Subcanopy,Canopy.large_Subcanopy.large
216,Eucalyptus regnans small,Acacia melanoxylon large,0.087886778,-0.080934605,0.25670816,0.084148915,0.09162464,0.086134941,Ada Tree,0.337642765,small,large,Eucalyptus regnans,Acacia melanoxylon,small_large,N_VIC,SE_AUS,NA,Canopy,Subcanopy,Canopy_Subcanopy,Canopy.small_Subcanopy.large
217,Acacia melanoxylon small,Acacia melanoxylon small,0.174892354,0.031148776,0.318635933,0.165601638,0.18418307,0.073339908,Ada Tree,0.287487157,small,small,Acacia melanoxylon,Acacia melanoxylon,small_small,N_VIC,SE_AUS,1,Subcanopy,Subcanopy,Subcanopy_Subcanopy,Subcanopy.small_Subcanopy.small
218,Eucalyptus regnans large,Acacia melanoxylon small,-0.051822355,-0.177491407,0.073846696,-0.055941513,-0.047703197,0.064118041,Ada Tree,0.251338103,large,small,Eucalyptus regnans,Acacia melanoxylon,large_small,N_VIC,SE_AUS,NA,Canopy,Subcanopy,Canopy_Subcanopy,Canopy.large_Subcanopy.small
219,Eucalyptus regnans small,Acacia melanoxylon small,0.106369284,-0.018009551,0.23074812,0.102547436,0.110191133,0.063459756,Ada Tree,0.248757672,small,small,Eucalyptus regnans,Acacia melanoxylon,small_small,N_VIC,SE_AUS,NA,Canopy,Subcanopy,Canopy_Subcanopy,Canopy.small_Subcanopy.small
220,Eucalyptus regnans large,Eucalyptus regnans large,-0.731614636,-1.165586028,-0.297643245,-0.749099601,-0.714129672,0.221418044,Ada Tree,0.867942783,large,large,Eucalyptus regnans,Eucalyptus regnans,large_large,N_VIC,SE_AUS,1,Canopy,Canopy,Canopy_Canopy,Canopy.large_Canopy.large
221,Eucalyptus regnans small,Eucalyptus regnans large,-0.222177204,-0.455762614,0.011408205,-0.229102957,-0.215251452,0.119178419,Ada Tree,0.467170819,small,large,Eucalyptus regnans,Eucalyptus regnans,small_large,N_VIC,SE_AUS,NA,Canopy,Canopy,Canopy_Canopy,Canopy.large_Canopy.small
222,Eucalyptus regnans small,Eucalyptus regnans small,-0.27221053,-0.550550305,0.006129245,-0.280811055,-0.263610005,0.142012699,Ada Tree,0.556679551,small,small,Eucalyptus regnans,Eucalyptus regnans,small_small,N_VIC,SE_AUS,NA,Canopy,Canopy,Canopy_Canopy,Canopy.small_Canopy.small
223,Acacia melanoxylon large,Acacia melanoxylon large,-0.241982846,-0.600345763,0.116380072,-0.249216022,-0.234749669,0.182841583,Weeaproinah,0.716725835,large,large,Acacia melanoxylon,Acacia melanoxylon,large_large,S_VIC,SE_AUS,NA,Subcanopy,Subcanopy,Subcanopy_Subcanopy,Subcanopy.large_Subcanopy.large
224,Acacia melanoxylon small,Acacia melanoxylon large,0.006947711,-0.152471243,0.166366665,0.003110554,0.010784868,0.081337696,Weeaproinah,0.318837908,small,large,Acacia melanoxylon,Acacia melanoxylon,small_large,S_VIC,SE_AUS,NA,Subcanopy,Subcanopy,Subcanopy_Subcanopy,Subcanopy.large_Subcanopy.small
225,Eucalyptus regnans large,Acacia melanoxylon large,-0.088397857,-0.288788175,0.11199246,-0.093417403,-0.083378312,0.102241837,Weeaproinah,0.400780635,large,large,Eucalyptus regnans,Acacia melanoxylon,large_large,S_VIC,SE_AUS,NA,Canopy,Subcanopy,Canopy_Subcanopy,Canopy.large_Subcanopy.large
226,Eucalyptus regnans small,Acacia melanoxylon large,0.138162638,-0.044280231,0.320605508,0.133863994,0.142461283,0.093084807,Weeaproinah,0.364885739,small,large,Eucalyptus regnans,Acacia melanoxylon,small_large,S_VIC,SE_AUS,NA,Canopy,Subcanopy,Canopy_Subcanopy,Canopy.small_Subcanopy.large
227,Nematolepis squamea subsp squamea large,Acacia melanoxylon large,-0.189266141,-0.390851984,0.012319702,-0.193292922,-0.18523936,0.10285181,Weeaproinah,0.403171685,large,large,Nematolepis squamea,Acacia melanoxylon,large_large,S_VIC,SE_AUS,NA,Subcanopy,Subcanopy,Subcanopy_Subcanopy,Subcanopy.large_Subcanopy.large
228,Nematolepis squamea subsp squamea small,Acacia melanoxylon large,0.028278304,-0.052874709,0.109431317,0.025950764,0.030605843,0.041405359,Weeaproinah,0.162306026,small,large,Nematolepis squamea,Acacia melanoxylon,small_large,S_VIC,SE_AUS,NA,Subcanopy,Subcanopy,Subcanopy_Subcanopy,Subcanopy.large_Subcanopy.small
229,Acacia melanoxylon small,Acacia melanoxylon small,0.208697174,0.040295213,0.377099135,0.200741728,0.21665262,0.085920947,Weeaproinah,0.336803922,small,small,Acacia melanoxylon,Acacia melanoxylon,small_small,S_VIC,SE_AUS,1,Subcanopy,Subcanopy,Subcanopy_Subcanopy,Subcanopy.small_Subcanopy.small
230,Eucalyptus regnans large,Acacia melanoxylon small,0.035290649,-0.100779658,0.171360956,0.031527696,0.039053601,0.069424902,Weeaproinah,0.272140614,large,small,Eucalyptus regnans,Acacia melanoxylon,large_small,S_VIC,SE_AUS,NA,Canopy,Subcanopy,Canopy_Subcanopy,Canopy.large_Subcanopy.small
231,Eucalyptus regnans small,Acacia melanoxylon small,0.009924699,-0.105080137,0.124929536,0.006404564,0.013444835,0.058677015,Weeaproinah,0.230009674,small,small,Eucalyptus regnans,Acacia melanoxylon,small_small,S_VIC,SE_AUS,NA,Canopy,Subcanopy,Canopy_Subcanopy,Canopy.small_Subcanopy.small
232,Nematolepis squamea subsp squamea large,Acacia melanoxylon small,-0.123295587,-0.255588134,0.008996959,-0.126806887,-0.119784288,0.067497437,Weeaproinah,0.264585093,large,small,Nematolepis squamea,Acacia melanoxylon,large_small,S_VIC,SE_AUS,NA,Subcanopy,Subcanopy,Subcanopy_Subcanopy,Subcanopy.large_Subcanopy.small
233,Nematolepis squamea subsp squamea small,Acacia melanoxylon small,0.078781463,0.011985424,0.145577502,0.075030763,0.082532163,0.034080238,Weeaproinah,0.133592078,small,small,Nematolepis squamea,Acacia melanoxylon,small_small,S_VIC,SE_AUS,1,Subcanopy,Subcanopy,Subcanopy_Subcanopy,Subcanopy.small_Subcanopy.small
234,Eucalyptus regnans large,Eucalyptus regnans large,-0.484375173,-0.759893682,-0.208856664,-0.498609879,-0.470140467,0.140573251,Weeaproinah,0.551037018,large,large,Eucalyptus regnans,Eucalyptus regnans,large_large,S_VIC,SE_AUS,1,Canopy,Canopy,Canopy_Canopy,Canopy.large_Canopy.large
235,Eucalyptus regnans small,Eucalyptus regnans large,-0.120200586,-0.271921648,0.031520476,-0.125084057,-0.115317114,0.077410127,Weeaproinah,0.303442123,small,large,Eucalyptus regnans,Eucalyptus regnans,small_large,S_VIC,SE_AUS,NA,Canopy,Canopy,Canopy_Canopy,Canopy.large_Canopy.small
236,Nematolepis squamea subsp squamea large,Eucalyptus regnans large,0.025714614,-0.149414344,0.200843571,0.02180775,0.029621477,0.089353151,Weeaproinah,0.350257915,large,large,Nematolepis squamea,Eucalyptus regnans,large_large,S_VIC,SE_AUS,NA,Subcanopy,Canopy,Subcanopy_Canopy,Canopy.large_Subcanopy.large
237,Nematolepis squamea subsp squamea small,Eucalyptus regnans large,0.021839555,-0.060588132,0.104267241,0.01883734,0.024841769,0.042055715,Weeaproinah,0.164855373,small,large,Nematolepis squamea,Eucalyptus regnans,small_large,S_VIC,SE_AUS,NA,Subcanopy,Canopy,Subcanopy_Canopy,Canopy.large_Subcanopy.small
238,Eucalyptus regnans small,Eucalyptus regnans small,-0.218245304,-0.445495833,0.009005224,-0.228604954,-0.207885655,0.115946278,Weeaproinah,0.454501057,small,small,Eucalyptus regnans,Eucalyptus regnans,small_small,S_VIC,SE_AUS,NA,Canopy,Canopy,Canopy_Canopy,Canopy.small_Canopy.small
239,Nematolepis squamea subsp squamea large,Eucalyptus regnans small,0.113300014,-0.036833767,0.263433795,0.109395494,0.117204533,0.076600275,Weeaproinah,0.300267562,large,small,Nematolepis squamea,Eucalyptus regnans,large_small,S_VIC,SE_AUS,NA,Subcanopy,Canopy,Subcanopy_Canopy,Canopy.small_Subcanopy.large
240,Nematolepis squamea subsp squamea small,Eucalyptus regnans small,-0.017777437,-0.091267642,0.055712767,-0.020860036,-0.014694838,0.037495691,Weeaproinah,0.146980409,small,small,Nematolepis squamea,Eucalyptus regnans,small_small,S_VIC,SE_AUS,NA,Subcanopy,Canopy,Subcanopy_Canopy,Canopy.small_Subcanopy.small
241,Nematolepis squamea subsp squamea large,Nematolepis squamea subsp squamea large,-0.028080508,-0.283393463,0.227232446,-0.035108118,-0.021052898,0.130264105,Weeaproinah,0.510625909,large,large,Nematolepis squamea,Nematolepis squamea,large_large,S_VIC,SE_AUS,NA,Subcanopy,Subcanopy,Subcanopy_Subcanopy,Subcanopy.large_Subcanopy.large
242,Nematolepis squamea subsp squamea small,Nematolepis squamea subsp squamea large,0.01099807,-0.06347472,0.08547086,0.008438361,0.013557779,0.03799702,Weeaproinah,0.14894558,small,large,Nematolepis squamea,Nematolepis squamea,small_large,S_VIC,SE_AUS,NA,Subcanopy,Subcanopy,Subcanopy_Subcanopy,Subcanopy.large_Subcanopy.small
243,Nematolepis squamea subsp squamea small,Nematolepis squamea subsp squamea small,0.333664862,0.218374045,0.44895568,0.320734034,0.346595691,0.058822927,Weeaproinah,0.230581636,small,small,Nematolepis squamea,Nematolepis squamea,small_small,S_VIC,SE_AUS,1,Subcanopy,Subcanopy,Subcanopy_Subcanopy,Subcanopy.small_Subcanopy.small
244,Eucalyptus regnans large,Eucalyptus regnans large,-0.684007955,-1.100193475,-0.267822435,-0.702601115,-0.665414794,0.212343453,ANU363,0.83237104,large,large,Eucalyptus regnans,Eucalyptus regnans,large_large,N_VIC,SE_AUS,1,Canopy,Canopy,Canopy_Canopy,Canopy.large_Canopy.large
245,Eucalyptus regnans small,Eucalyptus regnans large,-0.254135581,-0.397238066,-0.111033096,-0.259307603,-0.248963559,0.073012814,ANU363,0.286204971,small,large,Eucalyptus regnans,Eucalyptus regnans,small_large,N_VIC,SE_AUS,1,Canopy,Canopy,Canopy_Canopy,Canopy.large_Canopy.small
246,Eucalyptus regnans small,Eucalyptus regnans small,0.001065542,-0.181200712,0.183331796,-0.004082337,0.006213421,0.092994695,ANU363,0.364532508,small,small,Eucalyptus regnans,Eucalyptus regnans,small_small,N_VIC,SE_AUS,NA,Canopy,Canopy,Canopy_Canopy,Canopy.small_Canopy.small
247,Eucalyptus regnans large,Eucalyptus regnans large,-0.40479957,-0.793170242,-0.016428898,-0.41802459,-0.39157455,0.198151943,ANU589,0.776741344,large,large,Eucalyptus regnans,Eucalyptus regnans,large_large,N_VIC,SE_AUS,1,Canopy,Canopy,Canopy_Canopy,Canopy.large_Canopy.large
248,Eucalyptus regnans small,Eucalyptus regnans large,-0.101306173,-0.236980408,0.034368063,-0.105513005,-0.097099341,0.069222821,ANU589,0.271348471,small,large,Eucalyptus regnans,Eucalyptus regnans,small_large,N_VIC,SE_AUS,NA,Canopy,Canopy,Canopy_Canopy,Canopy.large_Canopy.small
249,Pomaderris aspera small,Eucalyptus regnans large,-0.062128606,-0.159526385,0.035269173,-0.065737416,-0.058519796,0.049693657,ANU589,0.194795558,small,large,Pomaderris aspera,Eucalyptus regnans,small_large,N_VIC,SE_AUS,NA,Subcanopy,Canopy,Subcanopy_Canopy,Canopy.large_Subcanopy.small
250,Eucalyptus regnans small,Eucalyptus regnans small,0.110941681,-0.06943278,0.291316142,0.104506407,0.117376956,0.092029477,ANU589,0.360748922,small,small,Eucalyptus regnans,Eucalyptus regnans,small_small,N_VIC,SE_AUS,NA,Canopy,Canopy,Canopy_Canopy,Canopy.small_Canopy.small
251,Pomaderris aspera small,Eucalyptus regnans small,-0.051720519,-0.119474651,0.016033613,-0.054241504,-0.049199534,0.03456907,ANU589,0.135508264,small,small,Pomaderris aspera,Eucalyptus regnans,small_small,N_VIC,SE_AUS,NA,Subcanopy,Canopy,Subcanopy_Canopy,Canopy.small_Subcanopy.small
252,Pomaderris aspera small,Pomaderris aspera small,0.363381595,0.243515438,0.483247751,0.351505573,0.375257617,0.061157326,ANU589,0.239732313,small,small,Pomaderris aspera,Pomaderris aspera,small_small,N_VIC,SE_AUS,1,Subcanopy,Subcanopy,Subcanopy_Subcanopy,Subcanopy.small_Subcanopy.small
253,Acacia melanoxylon large,Acacia melanoxylon large,-1.174622839,-3.316736119,0.967490441,-1.194821912,-1.154423767,1.092935022,Turtons,4.28422656,large,large,Acacia melanoxylon,Acacia melanoxylon,large_large,S_VIC,SE_AUS,NA,Subcanopy,Subcanopy,Subcanopy_Subcanopy,Subcanopy.large_Subcanopy.large
254,Acacia melanoxylon small,Acacia melanoxylon large,-0.120810799,-0.632372219,0.39075062,-0.128732625,-0.112888974,0.26100552,Turtons,1.023122839,small,large,Acacia melanoxylon,Acacia melanoxylon,small_large,S_VIC,SE_AUS,NA,Subcanopy,Subcanopy,Subcanopy_Subcanopy,Subcanopy.large_Subcanopy.small
255,Eucalyptus regnans large,Acacia melanoxylon large,0.861711533,-0.475776168,2.199199234,0.838753429,0.884669637,0.682404223,Turtons,2.674975401,large,large,Eucalyptus regnans,Acacia melanoxylon,large_large,S_VIC,SE_AUS,NA,Canopy,Subcanopy,Canopy_Subcanopy,Canopy.large_Subcanopy.large
256,Eucalyptus regnans small,Acacia melanoxylon large,-0.158849658,-0.841816897,0.524117581,-0.167852196,-0.14984712,0.348459076,Turtons,1.365934477,small,large,Eucalyptus regnans,Acacia melanoxylon,small_large,S_VIC,SE_AUS,NA,Canopy,Subcanopy,Canopy_Subcanopy,Canopy.small_Subcanopy.large
257,Hedycarya angustifolia large,Acacia melanoxylon large,-0.464551895,-1.399217995,0.470114206,-0.477081238,-0.452022552,0.476879222,Turtons,1.8693322,large,large,Hedycarya angustifolia,Acacia melanoxylon,large_large,S_VIC,SE_AUS,NA,Subcanopy,Subcanopy,Subcanopy_Subcanopy,Subcanopy.large_Subcanopy.large
258,Hedycarya angustifolia small,Acacia melanoxylon large,0.462675009,-0.050885091,0.97623511,0.453841923,0.471508096,0.262025274,Turtons,1.0271202,small,large,Hedycarya angustifolia,Acacia melanoxylon,small_large,S_VIC,SE_AUS,NA,Subcanopy,Subcanopy,Subcanopy_Subcanopy,Subcanopy.large_Subcanopy.small
259,Nematolepis squamea subsp squamea large,Acacia melanoxylon large,-0.198879362,-0.875566564,0.477807841,-0.209537197,-0.188221527,0.345254917,Turtons,1.353374405,large,large,Nematolepis squamea,Acacia melanoxylon,large_large,S_VIC,SE_AUS,NA,Subcanopy,Subcanopy,Subcanopy_Subcanopy,Subcanopy.large_Subcanopy.large
260,Nematolepis squamea subsp squamea small,Acacia melanoxylon large,0.022315315,-0.328854425,0.373485055,0.015079329,0.029551301,0.179171527,Turtons,0.70233948,small,large,Nematolepis squamea,Acacia melanoxylon,small_large,S_VIC,SE_AUS,NA,Subcanopy,Subcanopy,Subcanopy_Subcanopy,Subcanopy.large_Subcanopy.small
261,Olearia argophylla large,Acacia melanoxylon large,0.126650958,-0.631946425,0.885248342,0.117962043,0.135339873,0.387046593,Turtons,1.517194767,large,large,Olearia argophylla,Acacia melanoxylon,large_large,S_VIC,SE_AUS,NA,Subcanopy,Subcanopy,Subcanopy_Subcanopy,Subcanopy.large_Subcanopy.large
262,Olearia argophylla small,Acacia melanoxylon large,0.167319458,-0.251452474,0.586091391,0.15962506,0.175013857,0.213663075,Turtons,0.837543865,small,large,Olearia argophylla,Acacia melanoxylon,small_large,S_VIC,SE_AUS,NA,Subcanopy,Subcanopy,Subcanopy_Subcanopy,Subcanopy.large_Subcanopy.small
263,Acacia melanoxylon small,Acacia melanoxylon small,0.106226631,-0.16505777,0.377511032,0.099093339,0.113359923,0.138412952,Turtons,0.542568803,small,small,Acacia melanoxylon,Acacia melanoxylon,small_small,S_VIC,SE_AUS,NA,Subcanopy,Subcanopy,Subcanopy_Subcanopy,Subcanopy.small_Subcanopy.small
264,Eucalyptus regnans large,Acacia melanoxylon small,0.040951618,-0.781047366,0.862950603,0.029089487,0.05281375,0.419394944,Turtons,1.643997969,large,small,Eucalyptus regnans,Acacia melanoxylon,large_small,S_VIC,SE_AUS,NA,Canopy,Subcanopy,Canopy_Subcanopy,Canopy.large_Subcanopy.small
265,Eucalyptus regnans small,Acacia melanoxylon small,-0.012172268,-0.356276119,0.331931583,-0.017650404,-0.006694132,0.175566415,Turtons,0.688207702,small,small,Eucalyptus regnans,Acacia melanoxylon,small_small,S_VIC,SE_AUS,NA,Canopy,Subcanopy,Canopy_Subcanopy,Canopy.small_Subcanopy.small
266,Hedycarya angustifolia large,Acacia melanoxylon small,-0.184350494,-0.551264928,0.18256394,-0.190852836,-0.177848153,0.187204682,Turtons,0.733828868,large,small,Hedycarya angustifolia,Acacia melanoxylon,large_small,S_VIC,SE_AUS,NA,Subcanopy,Subcanopy,Subcanopy_Subcanopy,Subcanopy.large_Subcanopy.small
267,Hedycarya angustifolia small,Acacia melanoxylon small,0.137982034,-0.052651025,0.328615093,0.133663999,0.142300068,0.097263552,Turtons,0.381266118,small,small,Hedycarya angustifolia,Acacia melanoxylon,small_small,S_VIC,SE_AUS,NA,Subcanopy,Subcanopy,Subcanopy_Subcanopy,Subcanopy.small_Subcanopy.small
268,Nematolepis squamea subsp squamea large,Acacia melanoxylon small,-0.041703149,-0.369404808,0.28599851,-0.048072582,-0.035333716,0.167197796,Turtons,0.655403318,large,small,Nematolepis squamea,Acacia melanoxylon,large_small,S_VIC,SE_AUS,NA,Subcanopy,Subcanopy,Subcanopy_Subcanopy,Subcanopy.large_Subcanopy.small
269,Nematolepis squamea subsp squamea small,Acacia melanoxylon small,-0.058760726,-0.268984874,0.151463421,-0.063150515,-0.054370938,0.107259189,Turtons,0.420448295,small,small,Nematolepis squamea,Acacia melanoxylon,small_small,S_VIC,SE_AUS,NA,Subcanopy,Subcanopy,Subcanopy_Subcanopy,Subcanopy.small_Subcanopy.small
270,Olearia argophylla large,Acacia melanoxylon small,-0.162686982,-0.489270717,0.163896754,-0.168615706,-0.156758257,0.166627417,Turtons,0.653167471,large,small,Olearia argophylla,Acacia melanoxylon,large_small,S_VIC,SE_AUS,NA,Subcanopy,Subcanopy,Subcanopy_Subcanopy,Subcanopy.large_Subcanopy.small
271,Olearia argophylla small,Acacia melanoxylon small,0.149486389,-0.063381848,0.362354626,0.143661452,0.155311326,0.108608239,Turtons,0.425736474,small,small,Olearia argophylla,Acacia melanoxylon,small_small,S_VIC,SE_AUS,NA,Subcanopy,Subcanopy,Subcanopy_Subcanopy,Subcanopy.small_Subcanopy.small
272,Eucalyptus regnans large,Eucalyptus regnans large,-3.307222073,-5.734122781,-0.880321365,-3.356841267,-3.25760288,1.2382374,Turtons,4.853801416,large,large,Eucalyptus regnans,Eucalyptus regnans,large_large,S_VIC,SE_AUS,1,Canopy,Canopy,Canopy_Canopy,Canopy.large_Canopy.large
273,Eucalyptus regnans small,Eucalyptus regnans large,0.897760485,-0.129712459,1.925233429,0.877979777,0.917541192,0.524230523,Turtons,2.054945888,small,large,Eucalyptus regnans,Eucalyptus regnans,small_large,S_VIC,SE_AUS,NA,Canopy,Canopy,Canopy_Canopy,Canopy.large_Canopy.small
274,Hedycarya angustifolia large,Eucalyptus regnans large,0.582798148,-0.310030482,1.475626777,0.567821137,0.597775158,0.455533182,Turtons,1.78565726,large,large,Hedycarya angustifolia,Eucalyptus regnans,large_large,S_VIC,SE_AUS,NA,Subcanopy,Canopy,Subcanopy_Canopy,Canopy.large_Subcanopy.large
275,Hedycarya angustifolia small,Eucalyptus regnans large,-0.284339662,-0.704662654,0.13598333,-0.293403654,-0.27527567,0.214454447,Turtons,0.840645984,small,large,Hedycarya angustifolia,Eucalyptus regnans,small_large,S_VIC,SE_AUS,NA,Subcanopy,Canopy,Subcanopy_Canopy,Canopy.large_Subcanopy.small
276,Nematolepis squamea subsp squamea large,Eucalyptus regnans large,0.392452733,-0.584013192,1.368918657,0.377296467,0.407608998,0.498206055,Turtons,1.952931849,large,large,Nematolepis squamea,Eucalyptus regnans,large_large,S_VIC,SE_AUS,NA,Subcanopy,Canopy,Subcanopy_Canopy,Canopy.large_Subcanopy.large
277,Nematolepis squamea subsp squamea small,Eucalyptus regnans large,-0.020867468,-0.570330307,0.528595372,-0.031862117,-0.009872818,0.280343335,Turtons,1.09892568,small,large,Nematolepis squamea,Eucalyptus regnans,small_large,S_VIC,SE_AUS,NA,Subcanopy,Canopy,Subcanopy_Canopy,Canopy.large_Subcanopy.small
278,Olearia argophylla large,Eucalyptus regnans large,-0.702655623,-1.613305923,0.207994676,-0.718526472,-0.686784775,0.464626037,Turtons,1.821300599,large,large,Olearia argophylla,Eucalyptus regnans,large_large,S_VIC,SE_AUS,NA,Subcanopy,Canopy,Subcanopy_Canopy,Canopy.large_Subcanopy.large
279,Olearia argophylla small,Eucalyptus regnans large,0.560209608,-0.175153996,1.295573212,0.542356164,0.578063052,0.375192406,Turtons,1.470727207,small,large,Olearia argophylla,Eucalyptus regnans,small_large,S_VIC,SE_AUS,NA,Subcanopy,Canopy,Subcanopy_Canopy,Canopy.large_Subcanopy.small
280,Eucalyptus regnans small,Eucalyptus regnans small,-0.704028873,-1.595143181,0.187085434,-0.716222377,-0.691835369,0.454658511,Turtons,1.782228615,small,small,Eucalyptus regnans,Eucalyptus regnans,small_small,S_VIC,SE_AUS,NA,Canopy,Canopy,Canopy_Canopy,Canopy.small_Canopy.small
281,Hedycarya angustifolia large,Eucalyptus regnans small,-0.05279461,-0.52216423,0.41657501,-0.060107804,-0.045481417,0.239478696,Turtons,0.93873924,large,small,Hedycarya angustifolia,Eucalyptus regnans,large_small,S_VIC,SE_AUS,NA,Subcanopy,Canopy,Subcanopy_Canopy,Canopy.small_Subcanopy.large
282,Hedycarya angustifolia small,Eucalyptus regnans small,0.09551136,-0.169142573,0.360165293,0.090858348,0.100164372,0.135029998,Turtons,0.529307866,small,small,Hedycarya angustifolia,Eucalyptus regnans,small_small,S_VIC,SE_AUS,NA,Subcanopy,Canopy,Subcanopy_Canopy,Canopy.small_Subcanopy.small
283,Nematolepis squamea subsp squamea large,Eucalyptus regnans small,-0.066043798,-0.513894928,0.381807332,-0.073952211,-0.058135385,0.228499673,Turtons,0.89570226,large,small,Nematolepis squamea,Eucalyptus regnans,large_small,S_VIC,SE_AUS,NA,Subcanopy,Canopy,Subcanopy_Canopy,Canopy.small_Subcanopy.large
284,Nematolepis squamea subsp squamea small,Eucalyptus regnans small,0.089867735,-0.208023249,0.387758718,0.083488774,0.096246696,0.151987988,Turtons,0.595781967,small,small,Nematolepis squamea,Eucalyptus regnans,small_small,S_VIC,SE_AUS,NA,Subcanopy,Canopy,Subcanopy_Canopy,Canopy.small_Subcanopy.small
285,Olearia argophylla large,Eucalyptus regnans small,0.346746923,-0.142107296,0.835601142,0.338427944,0.355065902,0.249420001,Turtons,0.977708438,large,small,Olearia argophylla,Eucalyptus regnans,large_small,S_VIC,SE_AUS,NA,Subcanopy,Canopy,Subcanopy_Canopy,Canopy.small_Subcanopy.large
286,Olearia argophylla small,Eucalyptus regnans small,-0.183443198,-0.53419815,0.167311753,-0.190292935,-0.176593461,0.178959896,Turtons,0.701509903,small,small,Olearia argophylla,Eucalyptus regnans,small_small,S_VIC,SE_AUS,NA,Subcanopy,Canopy,Subcanopy_Canopy,Canopy.small_Subcanopy.small
287,Hedycarya angustifolia large,Hedycarya angustifolia large,-0.385552537,-1.162321969,0.391216896,-0.396634515,-0.374470559,0.396318217,Turtons,1.553538865,large,large,Hedycarya angustifolia,Hedycarya angustifolia,large_large,S_VIC,SE_AUS,NA,Subcanopy,Subcanopy,Subcanopy_Subcanopy,Subcanopy.large_Subcanopy.large
288,Hedycarya angustifolia small,Hedycarya angustifolia large,0.367917444,-0.026569843,0.762404732,0.359641886,0.376193003,0.201272723,Turtons,0.788974575,small,large,Hedycarya angustifolia,Hedycarya angustifolia,small_large,S_VIC,SE_AUS,NA,Subcanopy,Subcanopy,Subcanopy_Subcanopy,Subcanopy.large_Subcanopy.small
289,Nematolepis squamea subsp squamea large,Hedycarya angustifolia large,-0.211731306,-0.878660557,0.455197945,-0.221014819,-0.202447793,0.340276279,Turtons,1.333858502,large,large,Nematolepis squamea,Hedycarya angustifolia,large_large,S_VIC,SE_AUS,NA,Subcanopy,Subcanopy,Subcanopy_Subcanopy,Subcanopy.large_Subcanopy.large
290,Nematolepis squamea subsp squamea small,Hedycarya angustifolia large,-0.345010346,-0.768478611,0.07845792,-0.352052627,-0.337968064,0.216059208,Turtons,0.846936531,small,large,Nematolepis squamea,Hedycarya angustifolia,small_large,S_VIC,SE_AUS,NA,Subcanopy,Subcanopy,Subcanopy_Subcanopy,Subcanopy.large_Subcanopy.small
291,Olearia argophylla large,Hedycarya angustifolia large,-0.542098347,-1.186851163,0.10265447,-0.551833184,-0.532363509,0.328961563,Turtons,1.289505633,large,large,Olearia argophylla,Hedycarya angustifolia,large_large,S_VIC,SE_AUS,NA,Subcanopy,Subcanopy,Subcanopy_Subcanopy,Subcanopy.large_Subcanopy.large
292,Olearia argophylla small,Hedycarya angustifolia large,0.197050408,-0.209745978,0.603846794,0.188914363,0.205186453,0.20755299,Turtons,0.813592772,small,large,Olearia argophylla,Hedycarya angustifolia,small_large,S_VIC,SE_AUS,NA,Subcanopy,Subcanopy,Subcanopy_Subcanopy,Subcanopy.large_Subcanopy.small
293,Hedycarya angustifolia small,Hedycarya angustifolia small,0.018740851,-0.214386478,0.25186818,0.009922833,0.027558869,0.1189447,Turtons,0.466254658,small,small,Hedycarya angustifolia,Hedycarya angustifolia,small_small,S_VIC,SE_AUS,NA,Subcanopy,Subcanopy,Subcanopy_Subcanopy,Subcanopy.small_Subcanopy.small
294,Nematolepis squamea subsp squamea large,Hedycarya angustifolia small,-0.06880563,-0.336636925,0.199025665,-0.073059589,-0.064551671,0.136651131,Turtons,0.535662591,large,small,Nematolepis squamea,Hedycarya angustifolia,large_small,S_VIC,SE_AUS,NA,Subcanopy,Subcanopy,Subcanopy_Subcanopy,Subcanopy.large_Subcanopy.small
295,Nematolepis squamea subsp squamea small,Hedycarya angustifolia small,0.086407481,-0.103971358,0.27678632,0.082619237,0.090195724,0.097133846,Turtons,0.380757678,small,small,Nematolepis squamea,Hedycarya angustifolia,small_small,S_VIC,SE_AUS,NA,Subcanopy,Subcanopy,Subcanopy_Subcanopy,Subcanopy.small_Subcanopy.small
296,Olearia argophylla large,Hedycarya angustifolia small,0.070921279,-0.22318758,0.365030139,0.065880048,0.07596251,0.150058298,Turtons,0.58821772,large,small,Olearia argophylla,Hedycarya angustifolia,large_small,S_VIC,SE_AUS,NA,Subcanopy,Subcanopy,Subcanopy_Subcanopy,Subcanopy.large_Subcanopy.small
297,Olearia argophylla small,Hedycarya angustifolia small,-0.167443109,-0.388559842,0.053673625,-0.172000884,-0.162885333,0.112816733,Turtons,0.442233467,small,small,Olearia argophylla,Hedycarya angustifolia,small_small,S_VIC,SE_AUS,NA,Subcanopy,Subcanopy,Subcanopy_Subcanopy,Subcanopy.small_Subcanopy.small
298,Nematolepis squamea subsp squamea large,Nematolepis squamea subsp squamea large,-0.189940308,-0.625818081,0.245937464,-0.199993599,-0.179887018,0.222390705,Turtons,0.871755545,large,large,Nematolepis squamea,Nematolepis squamea,large_large,S_VIC,SE_AUS,NA,Subcanopy,Subcanopy,Subcanopy_Subcanopy,Subcanopy.large_Subcanopy.large
299,Nematolepis squamea subsp squamea small,Nematolepis squamea subsp squamea large,0.31020361,0.040561116,0.579846103,0.30209877,0.318308449,0.137575229,Turtons,0.539284987,small,large,Nematolepis squamea,Nematolepis squamea,small_large,S_VIC,SE_AUS,1,Subcanopy,Subcanopy,Subcanopy_Subcanopy,Subcanopy.large_Subcanopy.small
300,Olearia argophylla large,Nematolepis squamea subsp squamea large,0.100027532,-0.34297282,0.543027884,0.093748502,0.106306563,0.226024741,Turtons,0.886000704,large,large,Olearia argophylla,Nematolepis squamea,large_large,S_VIC,SE_AUS,NA,Subcanopy,Subcanopy,Subcanopy_Subcanopy,Subcanopy.large_Subcanopy.large
301,Olearia argophylla small,Nematolepis squamea subsp squamea large,-0.173408062,-0.470820432,0.124004307,-0.179673108,-0.167143017,0.151743793,Turtons,0.594824738,small,large,Olearia argophylla,Nematolepis squamea,small_large,S_VIC,SE_AUS,NA,Subcanopy,Subcanopy,Subcanopy_Subcanopy,Subcanopy.large_Subcanopy.small
302,Nematolepis squamea subsp squamea small,Nematolepis squamea subsp squamea small,0.132535094,-0.07328118,0.338351368,0.122939615,0.142130573,0.105010233,Turtons,0.411632549,small,small,Nematolepis squamea,Nematolepis squamea,small_small,S_VIC,SE_AUS,NA,Subcanopy,Subcanopy,Subcanopy_Subcanopy,Subcanopy.small_Subcanopy.small
303,Olearia argophylla large,Nematolepis squamea subsp squamea small,-0.28348216,-0.593377008,0.026412688,-0.289031767,-0.277932553,0.158112522,Turtons,0.619789696,large,small,Olearia argophylla,Nematolepis squamea,large_small,S_VIC,SE_AUS,NA,Subcanopy,Subcanopy,Subcanopy_Subcanopy,Subcanopy.large_Subcanopy.small
304,Olearia argophylla small,Nematolepis squamea subsp squamea small,0.178862274,-0.032765324,0.390489872,0.173839648,0.183884899,0.107975248,Turtons,0.423255195,small,small,Olearia argophylla,Nematolepis squamea,small_small,S_VIC,SE_AUS,NA,Subcanopy,Subcanopy,Subcanopy_Subcanopy,Subcanopy.small_Subcanopy.small
305,Olearia argophylla large,Olearia argophylla large,-0.348672848,-0.938556783,0.241211087,-0.359381709,-0.337963987,0.300966722,Turtons,1.17976787,large,large,Olearia argophylla,Olearia argophylla,large_large,S_VIC,SE_AUS,NA,Subcanopy,Subcanopy,Subcanopy_Subcanopy,Subcanopy.large_Subcanopy.large
306,Olearia argophylla small,Olearia argophylla large,0.399913689,0.03215271,0.767674668,0.391091624,0.408735754,0.1876366,Turtons,0.735521958,small,large,Olearia argophylla,Olearia argophylla,small_large,S_VIC,SE_AUS,1,Subcanopy,Subcanopy,Subcanopy_Subcanopy,Subcanopy.large_Subcanopy.small
307,Olearia argophylla small,Olearia argophylla small,0.142645468,-0.143178686,0.428469623,0.134696776,0.15059416,0.14583133,Turtons,0.571648309,small,small,Olearia argophylla,Olearia argophylla,small_small,S_VIC,SE_AUS,NA,Subcanopy,Subcanopy,Subcanopy_Subcanopy,Subcanopy.small_Subcanopy.small
308,Acacia melanoxylon small,Acacia melanoxylon small,-0.151763304,-0.583630016,0.280103407,-0.157901688,-0.14562492,0.220344208,HardyCreek,0.863733423,small,small,Acacia melanoxylon,Acacia melanoxylon,small_small,N_VIC,SE_AUS,NA,Subcanopy,Subcanopy,Subcanopy_Subcanopy,Subcanopy.small_Subcanopy.small
309,Eucalyptus regnans large,Acacia melanoxylon small,0.389338157,0.00906397,0.769612344,0.383879889,0.394796425,0.194021008,HardyCreek,0.760548375,large,small,Eucalyptus regnans,Acacia melanoxylon,large_small,N_VIC,SE_AUS,1,Canopy,Subcanopy,Canopy_Subcanopy,Canopy.large_Subcanopy.small
310,Eucalyptus regnans small,Acacia melanoxylon small,0.040064922,-0.137361307,0.217491152,0.036404323,0.043725521,0.09052525,HardyCreek,0.354852459,small,small,Eucalyptus regnans,Acacia melanoxylon,small_small,N_VIC,SE_AUS,NA,Canopy,Subcanopy,Canopy_Subcanopy,Canopy.small_Subcanopy.small
311,Eucalyptus regnans large,Eucalyptus regnans large,-0.715484657,-1.450491593,0.019522278,-0.727585409,-0.703383906,0.375010429,HardyCreek,1.470013871,large,large,Eucalyptus regnans,Eucalyptus regnans,large_large,N_VIC,SE_AUS,NA,Canopy,Canopy,Canopy_Canopy,Canopy.large_Canopy.large
312,Eucalyptus regnans small,Eucalyptus regnans large,-0.048932706,-0.281737932,0.18387252,-0.053167951,-0.044697461,0.118780359,HardyCreek,0.465610451,small,large,Eucalyptus regnans,Eucalyptus regnans,small_large,N_VIC,SE_AUS,NA,Canopy,Canopy,Canopy_Canopy,Canopy.large_Canopy.small
313,Eucalyptus regnans small,Eucalyptus regnans small,0.104975123,-0.074697341,0.284647586,0.099162003,0.110788243,0.091671309,HardyCreek,0.359344928,small,small,Eucalyptus regnans,Eucalyptus regnans,small_small,N_VIC,SE_AUS,NA,Canopy,Canopy,Canopy_Canopy,Canopy.small_Canopy.small
314,Allocasuarina torulosa large,Allocasuarina torulosa large,0.092344651,-0.099110356,0.283799658,0.088310311,0.096378992,0.097682921,MinesRd,0.382910014,large,large,Allocasuarina torulosa,Allocasuarina torulosa,large_large,N_NSW,N_AUS,NA,Subcanopy,Subcanopy,Subcanopy_Subcanopy,Subcanopy.large_Subcanopy.large
315,Allocasuarina torulosa small,Allocasuarina torulosa large,-0.015702069,-0.084775517,0.05337138,-0.017378757,-0.01402538,0.035242203,MinesRd,0.138146897,small,large,Allocasuarina torulosa,Allocasuarina torulosa,small_large,N_NSW,N_AUS,NA,Subcanopy,Subcanopy,Subcanopy_Subcanopy,Subcanopy.large_Subcanopy.small
316,Eucalyptus pilularis large,Allocasuarina torulosa large,0.055680924,-0.134587721,0.24594957,0.05305201,0.058309839,0.097077623,MinesRd,0.380537291,large,large,Eucalyptus pilularis,Allocasuarina torulosa,large_large,N_NSW,N_AUS,NA,Canopy,Subcanopy,Canopy_Subcanopy,Canopy.large_Subcanopy.large
317,Eucalyptus pilularis small,Allocasuarina torulosa large,0.054556433,-0.080643045,0.189755912,0.051471439,0.057641427,0.068980593,MinesRd,0.270398957,small,large,Eucalyptus pilularis,Allocasuarina torulosa,small_large,N_NSW,N_AUS,NA,Canopy,Subcanopy,Canopy_Subcanopy,Canopy.small_Subcanopy.large
318,Allocasuarina torulosa small,Allocasuarina torulosa small,0.429381375,0.310151575,0.548611176,0.420356983,0.438405767,0.060832649,MinesRd,0.238459601,small,small,Allocasuarina torulosa,Allocasuarina torulosa,small_small,N_NSW,N_AUS,1,Subcanopy,Subcanopy,Subcanopy_Subcanopy,Subcanopy.small_Subcanopy.small
319,Eucalyptus pilularis large,Allocasuarina torulosa small,-0.008251031,-0.087497606,0.070995544,-0.009725564,-0.006776498,0.040432669,MinesRd,0.15849315,large,small,Eucalyptus pilularis,Allocasuarina torulosa,large_small,N_NSW,N_AUS,NA,Canopy,Subcanopy,Canopy_Subcanopy,Canopy.large_Subcanopy.small
320,Eucalyptus pilularis small,Allocasuarina torulosa small,-0.047015819,-0.097895557,0.003863918,-0.04918145,-0.044850189,0.025959527,MinesRd,0.101759476,small,small,Eucalyptus pilularis,Allocasuarina torulosa,small_small,N_NSW,N_AUS,NA,Canopy,Subcanopy,Canopy_Subcanopy,Canopy.small_Subcanopy.small
321,Eucalyptus pilularis large,Eucalyptus pilularis large,-0.059527787,-0.431677427,0.312621853,-0.064463916,-0.054591657,0.189875754,MinesRd,0.74429928,large,large,Eucalyptus pilularis,Eucalyptus pilularis,large_large,N_NSW,N_AUS,NA,Canopy,Canopy,Canopy_Canopy,Canopy.large_Canopy.large
322,Eucalyptus pilularis small,Eucalyptus pilularis large,-0.149656109,-0.391850719,0.0925385,-0.152986325,-0.146325893,0.123570949,MinesRd,0.484389219,small,large,Eucalyptus pilularis,Eucalyptus pilularis,small_large,N_NSW,N_AUS,NA,Canopy,Canopy,Canopy_Canopy,Canopy.large_Canopy.small
323,Eucalyptus pilularis small,Eucalyptus pilularis small,0.194855138,-0.065151686,0.454861962,0.188154069,0.201556207,0.132658981,MinesRd,0.520013648,small,small,Eucalyptus pilularis,Eucalyptus pilularis,small_small,N_NSW,N_AUS,NA,Canopy,Canopy,Canopy_Canopy,Canopy.small_Canopy.small
324,Allocasuarina torulosa small,Allocasuarina torulosa small,0.239729767,0.037388005,0.442071529,0.233745084,0.24571445,0.10323749,Tinebank,0.404683524,small,small,Allocasuarina torulosa,Allocasuarina torulosa,small_small,N_NSW,N_AUS,1,Subcanopy,Subcanopy,Subcanopy_Subcanopy,Subcanopy.small_Subcanopy.small
325,Cryptocarya rigida large,Allocasuarina torulosa small,-0.043849236,-0.416825064,0.329126592,-0.04838543,-0.039313042,0.190297287,Tinebank,0.745951657,large,small,Cryptocarya rigida,Allocasuarina torulosa,large_small,N_NSW,N_AUS,NA,Subcanopy,Subcanopy,Subcanopy_Subcanopy,Subcanopy.large_Subcanopy.small
326,Cryptocarya rigida small,Allocasuarina torulosa small,0.092454066,-0.032082071,0.216990204,0.089299836,0.095608297,0.063540013,Tinebank,0.249072275,small,small,Cryptocarya rigida,Allocasuarina torulosa,small_small,N_NSW,N_AUS,NA,Subcanopy,Subcanopy,Subcanopy_Subcanopy,Subcanopy.small_Subcanopy.small
327,Syncarpia glomulifera subsp glabra large,Allocasuarina torulosa small,-0.365562809,-0.82151242,0.090386802,-0.370714994,-0.360410624,0.232631627,Tinebank,0.911899222,large,small,Syncarpia glomulifera,Allocasuarina torulosa,large_small,N_NSW,N_AUS,NA,Canopy,Subcanopy,Canopy_Subcanopy,Canopy.large_Subcanopy.small
328,Syncarpia glomulifera subsp glabra small,Allocasuarina torulosa small,0.09491327,-0.097458661,0.287285202,0.092006537,0.097820004,0.098150748,Tinebank,0.384743863,small,small,Syncarpia glomulifera,Allocasuarina torulosa,small_small,N_NSW,N_AUS,NA,Canopy,Subcanopy,Canopy_Subcanopy,Canopy.small_Subcanopy.small
329,Synoum glandulosum subsp glandulsoum small,Allocasuarina torulosa small,0.16361762,-0.196128953,0.523364193,0.158984877,0.168250362,0.183547543,Tinebank,0.719493147,small,small,Synoum glandulosum,Allocasuarina torulosa,small_small,N_NSW,N_AUS,NA,Subcanopy,Subcanopy,Subcanopy_Subcanopy,Subcanopy.small_Subcanopy.small
330,Cryptocarya rigida large,Cryptocarya rigida large,-0.699721449,-1.796573647,0.397130748,-0.720413474,-0.679029425,0.559628751,Tinebank,2.193704394,large,large,Cryptocarya rigida,Cryptocarya rigida,large_large,N_NSW,N_AUS,NA,Subcanopy,Subcanopy,Subcanopy_Subcanopy,Subcanopy.large_Subcanopy.large
331,Cryptocarya rigida small,Cryptocarya rigida large,0.096510691,-0.091216558,0.28423794,0.092816559,0.100204823,0.095780969,Tinebank,0.375454498,small,large,Cryptocarya rigida,Cryptocarya rigida,small_large,N_NSW,N_AUS,NA,Subcanopy,Subcanopy,Subcanopy_Subcanopy,Subcanopy.large_Subcanopy.small
332,Syncarpia glomulifera subsp glabra large,Cryptocarya rigida large,0.135745688,-0.716763569,0.988254945,0.127005408,0.144485969,0.434961695,Tinebank,1.705018514,large,large,Syncarpia glomulifera,Cryptocarya rigida,large_large,N_NSW,N_AUS,NA,Canopy,Subcanopy,Canopy_Subcanopy,Canopy.large_Subcanopy.large
333,Syncarpia glomulifera subsp glabra small,Cryptocarya rigida large,-0.169061508,-0.700477154,0.362354138,-0.17457297,-0.163550045,0.271135414,Tinebank,1.062831292,small,large,Syncarpia glomulifera,Cryptocarya rigida,small_large,N_NSW,N_AUS,NA,Canopy,Subcanopy,Canopy_Subcanopy,Canopy.small_Subcanopy.large
334,Synoum glandulosum subsp glandulsoum small,Cryptocarya rigida large,0.865954436,-0.075151081,1.807059953,0.847162858,0.884746013,0.480164699,Tinebank,1.882211034,small,large,Synoum glandulosum,Cryptocarya rigida,small_large,N_NSW,N_AUS,NA,Subcanopy,Subcanopy,Subcanopy_Subcanopy,Subcanopy.large_Subcanopy.small
335,Cryptocarya rigida small,Cryptocarya rigida small,0.105274716,-0.072483695,0.283033127,0.096153706,0.114395726,0.090694733,Tinebank,0.355516822,small,small,Cryptocarya rigida,Cryptocarya rigida,small_small,N_NSW,N_AUS,NA,Subcanopy,Subcanopy,Subcanopy_Subcanopy,Subcanopy.small_Subcanopy.small
336,Syncarpia glomulifera subsp glabra large,Cryptocarya rigida small,0.098252457,-0.176913746,0.373418659,0.094124389,0.102380524,0.1403935,Tinebank,0.550332406,large,small,Syncarpia glomulifera,Cryptocarya rigida,large_small,N_NSW,N_AUS,NA,Canopy,Subcanopy,Canopy_Subcanopy,Canopy.large_Subcanopy.small
337,Syncarpia glomulifera subsp glabra small,Cryptocarya rigida small,-0.134390324,-0.2432323,-0.025548348,-0.136796081,-0.131984567,0.055532641,Tinebank,0.217683952,small,small,Syncarpia glomulifera,Cryptocarya rigida,small_small,N_NSW,N_AUS,1,Canopy,Subcanopy,Canopy_Subcanopy,Canopy.small_Subcanopy.small
338,Synoum glandulosum subsp glandulsoum small,Cryptocarya rigida small,-0.210219029,-0.405981108,-0.014456951,-0.21395169,-0.206486368,0.099880447,Tinebank,0.391524157,small,small,Synoum glandulosum,Cryptocarya rigida,small_small,N_NSW,N_AUS,1,Subcanopy,Subcanopy,Subcanopy_Subcanopy,Subcanopy.small_Subcanopy.small
339,Syncarpia glomulifera subsp glabra large,Syncarpia glomulifera subsp glabra large,-0.880663722,-2.279496516,0.518169072,-0.892509058,-0.868818385,0.713703315,Tinebank,2.797665588,large,large,Syncarpia glomulifera,Syncarpia glomulifera,large_large,N_NSW,N_AUS,NA,Canopy,Canopy,Canopy_Canopy,Canopy.large_Canopy.large
340,Syncarpia glomulifera subsp glabra small,Syncarpia glomulifera subsp glabra large,0.026394388,-0.324144319,0.376933095,0.021741444,0.031047333,0.178849566,Tinebank,0.701077414,small,large,Syncarpia glomulifera,Syncarpia glomulifera,small_large,N_NSW,N_AUS,NA,Canopy,Canopy,Canopy_Canopy,Canopy.large_Canopy.small
341,Synoum glandulosum subsp glandulsoum small,Syncarpia glomulifera subsp glabra large,0.45237249,-0.379378827,1.284123808,0.443169275,0.461575706,0.424370715,Tinebank,1.663502635,small,large,Synoum glandulosum,Syncarpia glomulifera,small_large,N_NSW,N_AUS,NA,Subcanopy,Canopy,Subcanopy_Canopy,Canopy.large_Subcanopy.small
342,Syncarpia glomulifera subsp glabra small,Syncarpia glomulifera subsp glabra small,-0.033435839,-0.364870907,0.297999229,-0.040409141,-0.026462536,0.169102632,Tinebank,0.662870137,small,small,Syncarpia glomulifera,Syncarpia glomulifera,small_small,N_NSW,N_AUS,NA,Canopy,Canopy,Canopy_Canopy,Canopy.small_Canopy.small
343,Synoum glandulosum subsp glandulsoum small,Syncarpia glomulifera subsp glabra small,0.053677181,-0.346944332,0.454298695,0.048487641,0.058866722,0.204402487,Tinebank,0.801243027,small,small,Synoum glandulosum,Syncarpia glomulifera,small_small,N_NSW,N_AUS,NA,Subcanopy,Canopy,Subcanopy_Canopy,Canopy.small_Subcanopy.small
344,Synoum glandulosum subsp glandulsoum small,Synoum glandulosum subsp glandulsoum small,-0.586371066,-1.485716008,0.312973876,-0.602822396,-0.569919735,0.458857892,Tinebank,1.798689884,small,small,Synoum glandulosum,Synoum glandulosum,small_small,N_NSW,N_AUS,NA,Subcanopy,Subcanopy,Subcanopy_Subcanopy,Subcanopy.small_Subcanopy.small
345,Allocasuarina torulosa large,Allocasuarina torulosa large,0.116407215,-0.146285624,0.379100054,0.110236615,0.122577815,0.134029421,Lorne,0.525385678,large,large,Allocasuarina torulosa,Allocasuarina torulosa,large_large,N_NSW,N_AUS,NA,Subcanopy,Subcanopy,Subcanopy_Subcanopy,Subcanopy.large_Subcanopy.large
346,Allocasuarina torulosa small,Allocasuarina torulosa large,-0.062655972,-0.244694567,0.119382623,-0.065680949,-0.059630995,0.092878541,Lorne,0.36407719,small,large,Allocasuarina torulosa,Allocasuarina torulosa,small_large,N_NSW,N_AUS,NA,Subcanopy,Subcanopy,Subcanopy_Subcanopy,Subcanopy.large_Subcanopy.small
347,Cryptocarya glaucescens small,Allocasuarina torulosa large,0.111594435,-0.199408557,0.422597427,0.107252345,0.115936524,0.158677912,Lorne,0.622005984,small,large,Cryptocarya glaucescens,Allocasuarina torulosa,small_large,N_NSW,N_AUS,NA,Subcanopy,Subcanopy,Subcanopy_Subcanopy,Subcanopy.large_Subcanopy.small
348,Cryptocarya rigida small,Allocasuarina torulosa large,0.135894616,-0.126991437,0.39878067,0.131448219,0.140341013,0.134128002,Lorne,0.525772106,small,large,Cryptocarya rigida,Allocasuarina torulosa,small_large,N_NSW,N_AUS,NA,Subcanopy,Subcanopy,Subcanopy_Subcanopy,Subcanopy.large_Subcanopy.small
349,Eucalyptus microcorys large,Allocasuarina torulosa large,-0.162297465,-0.38236534,0.057770409,-0.165871742,-0.158723189,0.112281591,Lorne,0.440135748,large,large,Eucalyptus microcorys,Allocasuarina torulosa,large_large,N_NSW,N_AUS,NA,Canopy,Subcanopy,Canopy_Subcanopy,Canopy.large_Subcanopy.large
350,Eucalyptus microcorys small,Allocasuarina torulosa large,0.048624984,-0.102405869,0.199655837,0.045355541,0.051894428,0.077057974,Lorne,0.302061706,small,large,Eucalyptus microcorys,Allocasuarina torulosa,small_large,N_NSW,N_AUS,NA,Canopy,Subcanopy,Canopy_Subcanopy,Canopy.small_Subcanopy.large
351,Eucalyptus pilularis large,Allocasuarina torulosa large,0.213847285,-0.220621843,0.648316413,0.208018659,0.219675911,0.221671996,Lorne,0.868938255,large,large,Eucalyptus pilularis,Allocasuarina torulosa,large_large,N_NSW,N_AUS,NA,Canopy,Subcanopy,Canopy_Subcanopy,Canopy.large_Subcanopy.large
352,Eucalyptus pilularis small,Allocasuarina torulosa large,-0.364649794,-0.699562694,-0.029736894,-0.369797126,-0.359502462,0.170877068,Lorne,0.6698258,small,large,Eucalyptus pilularis,Allocasuarina torulosa,small_large,N_NSW,N_AUS,1,Canopy,Subcanopy,Canopy_Subcanopy,Canopy.small_Subcanopy.large
353,Allocasuarina torulosa small,Allocasuarina torulosa small,0.100744037,-0.150998819,0.352486893,0.095012379,0.106475695,0.128442593,Lorne,0.503485712,small,small,Allocasuarina torulosa,Allocasuarina torulosa,small_small,N_NSW,N_AUS,NA,Subcanopy,Subcanopy,Subcanopy_Subcanopy,Subcanopy.small_Subcanopy.small
354,Cryptocarya glaucescens small,Allocasuarina torulosa small,-0.06301061,-0.29684099,0.17081977,-0.066260353,-0.059760867,0.119303407,Lorne,0.467660761,small,small,Cryptocarya glaucescens,Allocasuarina torulosa,small_small,N_NSW,N_AUS,NA,Subcanopy,Subcanopy,Subcanopy_Subcanopy,Subcanopy.small_Subcanopy.small
355,Cryptocarya rigida small,Allocasuarina torulosa small,0.062464674,-0.134100173,0.259029522,0.05930088,0.065628469,0.10029003,Lorne,0.393129695,small,small,Cryptocarya rigida,Allocasuarina torulosa,small_small,N_NSW,N_AUS,NA,Subcanopy,Subcanopy,Subcanopy_Subcanopy,Subcanopy.small_Subcanopy.small
356,Eucalyptus microcorys large,Allocasuarina torulosa small,-0.187452513,-0.412275366,0.03737034,-0.191456122,-0.183448904,0.114707645,Lorne,0.449645706,large,small,Eucalyptus microcorys,Allocasuarina torulosa,large_small,N_NSW,N_AUS,NA,Canopy,Subcanopy,Canopy_Subcanopy,Canopy.large_Subcanopy.small
357,Eucalyptus microcorys small,Allocasuarina torulosa small,0.0776187,-0.063966555,0.219203955,0.074652188,0.080585212,0.072238703,Lorne,0.283170511,small,small,Eucalyptus microcorys,Allocasuarina torulosa,small_small,N_NSW,N_AUS,NA,Canopy,Subcanopy,Canopy_Subcanopy,Canopy.small_Subcanopy.small
358,Eucalyptus pilularis large,Allocasuarina torulosa small,0.121614794,-0.237526926,0.480756513,0.117083281,0.126146306,0.183238938,Lorne,0.718283439,large,small,Eucalyptus pilularis,Allocasuarina torulosa,large_small,N_NSW,N_AUS,NA,Canopy,Subcanopy,Canopy_Subcanopy,Canopy.large_Subcanopy.small
359,Eucalyptus pilularis small,Allocasuarina torulosa small,-0.103393348,-0.345406598,0.138619902,-0.106983633,-0.099803062,0.123478417,Lorne,0.4840265,small,small,Eucalyptus pilularis,Allocasuarina torulosa,small_small,N_NSW,N_AUS,NA,Canopy,Subcanopy,Canopy_Subcanopy,Canopy.small_Subcanopy.small
360,Cryptocarya glaucescens small,Cryptocarya glaucescens small,-0.452092403,-1.253236558,0.349051751,-0.461960936,-0.442223871,0.408754529,Lorne,1.602288309,small,small,Cryptocarya glaucescens,Cryptocarya glaucescens,small_small,N_NSW,N_AUS,NA,Subcanopy,Subcanopy,Subcanopy_Subcanopy,Subcanopy.small_Subcanopy.small
361,Cryptocarya rigida small,Cryptocarya glaucescens small,-0.043847537,-0.328815733,0.241120659,-0.047837281,-0.039857793,0.145394608,Lorne,0.569936392,small,small,Cryptocarya rigida,Cryptocarya glaucescens,small_small,N_NSW,N_AUS,NA,Subcanopy,Subcanopy,Subcanopy_Subcanopy,Subcanopy.small_Subcanopy.small
362,Eucalyptus microcorys large,Cryptocarya glaucescens small,-0.198675438,-0.676477778,0.279126902,-0.205128644,-0.192222232,0.243781184,Lorne,0.955604681,large,small,Eucalyptus microcorys,Cryptocarya glaucescens,large_small,N_NSW,N_AUS,NA,Canopy,Subcanopy,Canopy_Subcanopy,Canopy.large_Subcanopy.small
363,Eucalyptus microcorys small,Cryptocarya glaucescens small,0.133075662,-0.1418532,0.408004524,0.128191487,0.137959837,0.140272405,Lorne,0.549857724,small,small,Eucalyptus microcorys,Cryptocarya glaucescens,small_small,N_NSW,N_AUS,NA,Canopy,Subcanopy,Canopy_Subcanopy,Canopy.small_Subcanopy.small
364,Eucalyptus pilularis large,Cryptocarya glaucescens small,0.099923821,-0.36301232,0.562859962,0.094063197,0.105784445,0.236196249,Lorne,0.925872282,large,small,Eucalyptus pilularis,Cryptocarya glaucescens,large_small,N_NSW,N_AUS,NA,Canopy,Subcanopy,Canopy_Subcanopy,Canopy.large_Subcanopy.small
365,Eucalyptus pilularis small,Cryptocarya glaucescens small,0.103351656,-0.343446765,0.550150078,0.096994386,0.109708927,0.227962567,Lorne,0.893596843,small,small,Eucalyptus pilularis,Cryptocarya glaucescens,small_small,N_NSW,N_AUS,NA,Canopy,Subcanopy,Canopy_Subcanopy,Canopy.small_Subcanopy.small
366,Cryptocarya rigida small,Cryptocarya rigida small,-0.027370017,-0.394623393,0.339883359,-0.032699388,-0.022040646,0.187377615,Lorne,0.734506752,small,small,Cryptocarya rigida,Cryptocarya rigida,small_small,N_NSW,N_AUS,NA,Subcanopy,Subcanopy,Subcanopy_Subcanopy,Subcanopy.small_Subcanopy.small
367,Eucalyptus microcorys large,Cryptocarya rigida small,0.180535524,-0.083613193,0.44468424,0.176421495,0.184649552,0.13477223,Lorne,0.528297432,large,small,Eucalyptus microcorys,Cryptocarya rigida,large_small,N_NSW,N_AUS,NA,Canopy,Subcanopy,Canopy_Subcanopy,Canopy.large_Subcanopy.small
368,Eucalyptus microcorys small,Cryptocarya rigida small,-0.184359467,-0.392445193,0.023726259,-0.187724119,-0.180994814,0.106168138,Lorne,0.416171452,small,small,Eucalyptus microcorys,Cryptocarya rigida,small_small,N_NSW,N_AUS,NA,Canopy,Subcanopy,Canopy_Subcanopy,Canopy.small_Subcanopy.small
369,Eucalyptus pilularis large,Cryptocarya rigida small,-0.062388899,-0.476411469,0.35163367,-0.067293994,-0.057483805,0.211239886,Lorne,0.828045139,large,small,Eucalyptus pilularis,Cryptocarya rigida,large_small,N_NSW,N_AUS,NA,Canopy,Subcanopy,Canopy_Subcanopy,Canopy.large_Subcanopy.small
370,Eucalyptus pilularis small,Cryptocarya rigida small,0.210532459,-0.165321888,0.586386806,0.205613492,0.215451426,0.191765946,Lorne,0.751708694,small,small,Eucalyptus pilularis,Cryptocarya rigida,small_small,N_NSW,N_AUS,NA,Canopy,Subcanopy,Canopy_Subcanopy,Canopy.small_Subcanopy.small
371,Eucalyptus microcorys large,Eucalyptus microcorys large,-0.42247814,-0.947514932,0.102558652,-0.431427152,-0.413529128,0.267880837,Lorne,1.050073584,large,large,Eucalyptus microcorys,Eucalyptus microcorys,large_large,N_NSW,N_AUS,NA,Canopy,Canopy,Canopy_Canopy,Canopy.large_Canopy.large
372,Eucalyptus microcorys small,Eucalyptus microcorys large,0.268760982,0.036009911,0.501512053,0.263908791,0.273613173,0.118752729,Lorne,0.465502142,small,large,Eucalyptus microcorys,Eucalyptus microcorys,small_large,N_NSW,N_AUS,1,Canopy,Canopy,Canopy_Canopy,Canopy.large_Canopy.small
373,Eucalyptus pilularis large,Eucalyptus microcorys large,0.424048756,-0.014576521,0.862674033,0.417087119,0.431010393,0.223792519,Lorne,0.877250554,large,large,Eucalyptus pilularis,Eucalyptus microcorys,large_large,N_NSW,N_AUS,NA,Canopy,Canopy,Canopy_Canopy,Canopy.large_Canopy.large
374,Eucalyptus pilularis small,Eucalyptus microcorys large,-0.284034703,-0.657980207,0.089910801,-0.289204844,-0.278864563,0.190792028,Lorne,0.747891008,small,large,Eucalyptus pilularis,Eucalyptus microcorys,small_large,N_NSW,N_AUS,NA,Canopy,Canopy,Canopy_Canopy,Canopy.large_Canopy.small
375,Eucalyptus microcorys small,Eucalyptus microcorys small,0.194180619,-0.02408138,0.412442617,0.186357854,0.202003383,0.111360209,Lorne,0.436523996,small,small,Eucalyptus microcorys,Eucalyptus microcorys,small_small,N_NSW,N_AUS,NA,Canopy,Canopy,Canopy_Canopy,Canopy.small_Canopy.small
376,Eucalyptus pilularis large,Eucalyptus microcorys small,-0.171209806,-0.529927491,0.18750788,-0.175390054,-0.167029557,0.18302259,Lorne,0.71743537,large,small,Eucalyptus pilularis,Eucalyptus microcorys,large_small,N_NSW,N_AUS,NA,Canopy,Canopy,Canopy_Canopy,Canopy.large_Canopy.small
377,Eucalyptus pilularis small,Eucalyptus microcorys small,0.046668105,-0.207197489,0.300533699,0.042608211,0.050727998,0.129525642,Lorne,0.507731188,small,small,Eucalyptus pilularis,Eucalyptus microcorys,small_small,N_NSW,N_AUS,NA,Canopy,Canopy,Canopy_Canopy,Canopy.small_Canopy.small
378,Eucalyptus pilularis large,Eucalyptus pilularis large,-0.49417724,-1.545914968,0.557560489,-0.504288123,-0.484066356,0.536610742,Lorne,2.103475457,large,large,Eucalyptus pilularis,Eucalyptus pilularis,large_large,N_NSW,N_AUS,NA,Canopy,Canopy,Canopy_Canopy,Canopy.large_Canopy.large
379,Eucalyptus pilularis small,Eucalyptus pilularis large,0.362411468,-0.22361356,0.948436496,0.355926977,0.36889596,0.298997855,Lorne,1.172050056,small,large,Eucalyptus pilularis,Eucalyptus pilularis,small_large,N_NSW,N_AUS,NA,Canopy,Canopy,Canopy_Canopy,Canopy.large_Canopy.small
380,Eucalyptus pilularis small,Eucalyptus pilularis small,-0.143341638,-0.766352267,0.479668991,-0.151226603,-0.135456673,0.317868407,Lorne,1.246021259,small,small,Eucalyptus pilularis,Eucalyptus pilularis,small_small,N_NSW,N_AUS,NA,Canopy,Canopy,Canopy_Canopy,Canopy.small_Canopy.small
381,Allocasuarina torulosa small,Allocasuarina torulosa small,0.176610082,-0.16468543,0.517905594,0.16870347,0.184516694,0.174133563,BirdTree,0.682591024,small,small,Allocasuarina torulosa,Allocasuarina torulosa,small_small,N_NSW,N_AUS,NA,Subcanopy,Subcanopy,Subcanopy_Subcanopy,Subcanopy.small_Subcanopy.small
382,Archontophoenix cunninghamiana small,Allocasuarina torulosa small,-0.096306618,-0.205279634,0.012666399,-0.098763106,-0.093850129,0.055599499,BirdTree,0.217946033,small,small,Archontophoenix cunninghamiana,Allocasuarina torulosa,small_small,N_NSW,N_AUS,NA,Subcanopy,Subcanopy,Subcanopy_Subcanopy,Subcanopy.small_Subcanopy.small
383,Cryptocarya rigida small,Allocasuarina torulosa small,-0.035487518,-0.212710612,0.141735577,-0.039609371,-0.031365664,0.090421608,BirdTree,0.354446189,small,small,Cryptocarya rigida,Allocasuarina torulosa,small_small,N_NSW,N_AUS,NA,Subcanopy,Subcanopy,Subcanopy_Subcanopy,Subcanopy.small_Subcanopy.small
384,Eucalyptus pilularis large,Allocasuarina torulosa small,-0.337513219,-0.937832071,0.262805633,-0.348097942,-0.326928497,0.306290757,BirdTree,1.200637704,large,small,Eucalyptus pilularis,Allocasuarina torulosa,large_small,N_NSW,N_AUS,NA,Canopy,Subcanopy,Canopy_Subcanopy,Canopy.large_Subcanopy.small
385,Eucalyptus pilularis small,Allocasuarina torulosa small,0.013517548,-0.353942695,0.380977791,0.008058081,0.018977016,0.187483161,BirdTree,0.734920487,small,small,Eucalyptus pilularis,Allocasuarina torulosa,small_small,N_NSW,N_AUS,NA,Canopy,Subcanopy,Canopy_Subcanopy,Canopy.small_Subcanopy.small
386,Schizomeria ovata large,Allocasuarina torulosa small,-0.175255145,-0.730809495,0.380299206,-0.18494363,-0.165566659,0.283451306,BirdTree,1.111108702,large,small,Schizomeria ovata,Allocasuarina torulosa,large_small,N_NSW,N_AUS,NA,Subcanopy,Subcanopy,Subcanopy_Subcanopy,Subcanopy.large_Subcanopy.small
387,Schizomeria ovata small,Allocasuarina torulosa small,0.030981518,-0.18392075,0.245883785,0.027702192,0.034260843,0.109646029,BirdTree,0.429804535,small,small,Schizomeria ovata,Allocasuarina torulosa,small_small,N_NSW,N_AUS,NA,Subcanopy,Subcanopy,Subcanopy_Subcanopy,Subcanopy.small_Subcanopy.small
388,Syncarpia glomulifera subsp glabra small,Allocasuarina torulosa small,0.099907365,-0.508199022,0.708013752,0.091848927,0.107965803,0.310264062,BirdTree,1.216212774,small,small,Syncarpia glomulifera,Allocasuarina torulosa,small_small,N_NSW,N_AUS,NA,Canopy,Subcanopy,Canopy_Subcanopy,Canopy.small_Subcanopy.small
389,Synoum glandulosum subsp glandulsoum small,Allocasuarina torulosa small,0.178929882,-0.074471963,0.432331728,0.173499065,0.184360699,0.129289031,BirdTree,0.506803691,small,small,Synoum glandulosum,Allocasuarina torulosa,small_small,N_NSW,N_AUS,NA,Subcanopy,Subcanopy,Subcanopy_Subcanopy,Subcanopy.small_Subcanopy.small
390,Archontophoenix cunninghamiana small,Archontophoenix cunninghamiana small,0.305805194,0.149044591,0.462565797,0.294366003,0.317244385,0.079981369,BirdTree,0.313521206,small,small,Archontophoenix cunninghamiana,Archontophoenix cunninghamiana,small_small,N_NSW,N_AUS,1,Subcanopy,Subcanopy,Subcanopy_Subcanopy,Subcanopy.small_Subcanopy.small
391,Cryptocarya rigida small,Archontophoenix cunninghamiana small,-0.032383993,-0.1324161,0.067648114,-0.035667506,-0.029100479,0.051037727,BirdTree,0.200064214,small,small,Cryptocarya rigida,Archontophoenix cunninghamiana,small_small,N_NSW,N_AUS,NA,Subcanopy,Subcanopy,Subcanopy_Subcanopy,Subcanopy.small_Subcanopy.small
392,Eucalyptus pilularis large,Archontophoenix cunninghamiana small,-0.269801458,-0.595641003,0.056038088,-0.275367565,-0.264235351,0.166247721,BirdTree,0.651679091,large,small,Eucalyptus pilularis,Archontophoenix cunninghamiana,large_small,N_NSW,N_AUS,NA,Canopy,Subcanopy,Canopy_Subcanopy,Canopy.large_Subcanopy.small
393,Eucalyptus pilularis small,Archontophoenix cunninghamiana small,0.064146841,-0.129701867,0.257995549,0.061066611,0.067227071,0.09890422,BirdTree,0.387697416,small,small,Eucalyptus pilularis,Archontophoenix cunninghamiana,small_small,N_NSW,N_AUS,NA,Canopy,Subcanopy,Canopy_Subcanopy,Canopy.small_Subcanopy.small
394,Schizomeria ovata large,Archontophoenix cunninghamiana small,-0.004551625,-0.247745633,0.238642383,-0.009308272,0.000205022,0.124080855,BirdTree,0.486388015,large,small,Schizomeria ovata,Archontophoenix cunninghamiana,large_small,N_NSW,N_AUS,NA,Subcanopy,Subcanopy,Subcanopy_Subcanopy,Subcanopy.large_Subcanopy.small
395,Schizomeria ovata small,Archontophoenix cunninghamiana small,-0.034844783,-0.143855311,0.074165744,-0.037798477,-0.031891089,0.055618638,BirdTree,0.218021055,small,small,Schizomeria ovata,Archontophoenix cunninghamiana,small_small,N_NSW,N_AUS,NA,Subcanopy,Subcanopy,Subcanopy_Subcanopy,Subcanopy.small_Subcanopy.small
396,Syncarpia glomulifera subsp glabra small,Archontophoenix cunninghamiana small,0.070939041,-0.213320439,0.355198521,0.066497264,0.075380818,0.145033012,BirdTree,0.56851896,small,small,Syncarpia glomulifera,Archontophoenix cunninghamiana,small_small,N_NSW,N_AUS,NA,Canopy,Subcanopy,Canopy_Subcanopy,Canopy.small_Subcanopy.small
397,Synoum glandulosum subsp glandulsoum small,Archontophoenix cunninghamiana small,0.074414939,-0.055465872,0.204295749,0.07201146,0.076818417,0.066266937,BirdTree,0.259761621,small,small,Synoum glandulosum,Archontophoenix cunninghamiana,small_small,N_NSW,N_AUS,NA,Subcanopy,Subcanopy,Subcanopy_Subcanopy,Subcanopy.small_Subcanopy.small
398,Cryptocarya rigida small,Cryptocarya rigida small,-0.016647717,-0.276282226,0.242986791,-0.025457296,-0.007838139,0.13246902,BirdTree,0.519269017,small,small,Cryptocarya rigida,Cryptocarya rigida,small_small,N_NSW,N_AUS,NA,Subcanopy,Subcanopy,Subcanopy_Subcanopy,Subcanopy.small_Subcanopy.small
399,Eucalyptus pilularis large,Cryptocarya rigida small,0.079416921,-0.376539062,0.535372904,0.068936051,0.089897791,0.232634878,BirdTree,0.911911966,large,small,Eucalyptus pilularis,Cryptocarya rigida,large_small,N_NSW,N_AUS,NA,Canopy,Subcanopy,Canopy_Subcanopy,Canopy.large_Subcanopy.small
400,Eucalyptus pilularis small,Cryptocarya rigida small,0.008763706,-0.274702037,0.292229449,0.00326259,0.014264823,0.144628037,BirdTree,0.566931486,small,small,Eucalyptus pilularis,Cryptocarya rigida,small_small,N_NSW,N_AUS,NA,Canopy,Subcanopy,Canopy_Subcanopy,Canopy.small_Subcanopy.small
401,Schizomeria ovata large,Cryptocarya rigida small,-0.186541262,-0.572659807,0.199577283,-0.193942074,-0.179140449,0.197002878,BirdTree,0.77223709,large,small,Schizomeria ovata,Cryptocarya rigida,large_small,N_NSW,N_AUS,NA,Subcanopy,Subcanopy,Subcanopy_Subcanopy,Subcanopy.large_Subcanopy.small
402,Schizomeria ovata small,Cryptocarya rigida small,-0.071204037,-0.23496357,0.092555496,-0.074751306,-0.067656768,0.083552317,BirdTree,0.327519066,small,small,Schizomeria ovata,Cryptocarya rigida,small_small,N_NSW,N_AUS,NA,Subcanopy,Subcanopy,Subcanopy_Subcanopy,Subcanopy.small_Subcanopy.small
403,Syncarpia glomulifera subsp glabra small,Cryptocarya rigida small,0.127430727,-0.264693901,0.519555355,0.120550177,0.134311277,0.200067262,BirdTree,0.784249256,small,small,Syncarpia glomulifera,Cryptocarya rigida,small_small,N_NSW,N_AUS,NA,Canopy,Subcanopy,Canopy_Subcanopy,Canopy.small_Subcanopy.small
404,Synoum glandulosum subsp glandulsoum small,Cryptocarya rigida small,0.053554663,-0.108251669,0.215360996,0.04943343,0.057675896,0.082555768,BirdTree,0.323612665,small,small,Synoum glandulosum,Cryptocarya rigida,small_small,N_NSW,N_AUS,NA,Subcanopy,Subcanopy,Subcanopy_Subcanopy,Subcanopy.small_Subcanopy.small
405,Eucalyptus pilularis large,Eucalyptus pilularis large,-2.169879865,-4.034922379,-0.30483735,-2.206972047,-2.132787682,0.951569789,BirdTree,3.730085029,large,large,Eucalyptus pilularis,Eucalyptus pilularis,large_large,N_NSW,N_AUS,1,Canopy,Canopy,Canopy_Canopy,Canopy.large_Canopy.large
406,Eucalyptus pilularis small,Eucalyptus pilularis large,0.396650228,-0.322631986,1.115932441,0.384382534,0.408917922,0.366987465,BirdTree,1.438564427,small,large,Eucalyptus pilularis,Eucalyptus pilularis,small_large,N_NSW,N_AUS,NA,Canopy,Canopy,Canopy_Canopy,Canopy.large_Canopy.small
407,Schizomeria ovata large,Eucalyptus pilularis large,1.415138622,0.212836399,2.617440845,1.378766087,1.451511158,0.613430774,BirdTree,2.404604446,large,large,Schizomeria ovata,Eucalyptus pilularis,large_large,N_NSW,N_AUS,1,Subcanopy,Canopy,Subcanopy_Canopy,Canopy.large_Subcanopy.large
408,Schizomeria ovata small,Eucalyptus pilularis large,-0.230669588,-0.613111741,0.151772566,-0.23923442,-0.222104755,0.195127133,BirdTree,0.764884306,small,large,Schizomeria ovata,Eucalyptus pilularis,small_large,N_NSW,N_AUS,NA,Subcanopy,Canopy,Subcanopy_Canopy,Canopy.large_Subcanopy.small
409,Syncarpia glomulifera subsp glabra small,Eucalyptus pilularis large,1.132460497,-0.360458996,2.62537999,1.106550853,1.158370141,0.761707615,BirdTree,2.985838986,small,large,Syncarpia glomulifera,Eucalyptus pilularis,small_large,N_NSW,N_AUS,NA,Canopy,Canopy,Canopy_Canopy,Canopy.large_Canopy.small
410,Synoum glandulosum subsp glandulsoum small,Eucalyptus pilularis large,0.322267953,-0.204167897,0.848703803,0.312885504,0.331650402,0.268594655,BirdTree,1.0528717,small,large,Synoum glandulosum,Eucalyptus pilularis,small_large,N_NSW,N_AUS,NA,Subcanopy,Canopy,Subcanopy_Canopy,Canopy.large_Subcanopy.small
411,Eucalyptus pilularis small,Eucalyptus pilularis small,-0.311589909,-0.924716329,0.301536511,-0.320494982,-0.302684836,0.31282535,BirdTree,1.226252841,small,small,Eucalyptus pilularis,Eucalyptus pilularis,small_small,N_NSW,N_AUS,NA,Canopy,Canopy,Canopy_Canopy,Canopy.small_Canopy.small
412,Schizomeria ovata large,Eucalyptus pilularis small,-0.431006189,-1.103348718,0.241336339,-0.441320634,-0.420691744,0.343038206,BirdTree,1.344685057,large,small,Schizomeria ovata,Eucalyptus pilularis,large_small,N_NSW,N_AUS,NA,Subcanopy,Canopy,Subcanopy_Canopy,Canopy.small_Subcanopy.large
413,Schizomeria ovata small,Eucalyptus pilularis small,0.172866192,-0.081746537,0.427478921,0.168438906,0.177293477,0.129906841,BirdTree,0.509225458,small,small,Schizomeria ovata,Eucalyptus pilularis,small_small,N_NSW,N_AUS,NA,Subcanopy,Canopy,Subcanopy_Canopy,Canopy.small_Subcanopy.small
414,Syncarpia glomulifera subsp glabra small,Eucalyptus pilularis small,0.087688354,-0.570040731,0.745417439,0.079409925,0.095966783,0.33558223,BirdTree,1.315458171,small,small,Syncarpia glomulifera,Eucalyptus pilularis,small_small,N_NSW,N_AUS,NA,Canopy,Canopy,Canopy_Canopy,Canopy.small_Canopy.small
415,Synoum glandulosum subsp glandulsoum small,Eucalyptus pilularis small,0.199841586,-0.07556931,0.475252482,0.194799482,0.20488369,0.140518345,BirdTree,0.550821791,small,small,Synoum glandulosum,Eucalyptus pilularis,small_small,N_NSW,N_AUS,NA,Subcanopy,Canopy,Subcanopy_Canopy,Canopy.small_Subcanopy.small
416,Schizomeria ovata large,Schizomeria ovata large,-0.986873925,-2.245550013,0.271802162,-1.016971854,-0.956775996,0.642193478,BirdTree,2.517352175,large,large,Schizomeria ovata,Schizomeria ovata,large_large,N_NSW,N_AUS,NA,Subcanopy,Subcanopy,Subcanopy_Subcanopy,Subcanopy.large_Subcanopy.large
417,Schizomeria ovata small,Schizomeria ovata large,0.34702155,-0.111974778,0.806017877,0.339282853,0.354760247,0.234186103,BirdTree,0.917992655,small,large,Schizomeria ovata,Schizomeria ovata,small_large,N_NSW,N_AUS,NA,Subcanopy,Subcanopy,Subcanopy_Subcanopy,Subcanopy.large_Subcanopy.small
418,Syncarpia glomulifera subsp glabra small,Schizomeria ovata large,-1.03054737,-2.51556422,0.454469479,-1.054603623,-1.006491117,0.75767558,BirdTree,2.970033699,small,large,Syncarpia glomulifera,Schizomeria ovata,small_large,N_NSW,N_AUS,NA,Canopy,Subcanopy,Canopy_Subcanopy,Canopy.small_Subcanopy.large
419,Synoum glandulosum subsp glandulsoum small,Schizomeria ovata large,0.109909435,-0.364052106,0.583870976,0.102263462,0.117555408,0.241821556,BirdTree,0.947923082,small,large,Synoum glandulosum,Schizomeria ovata,small_large,N_NSW,N_AUS,NA,Subcanopy,Subcanopy,Subcanopy_Subcanopy,Subcanopy.large_Subcanopy.small
420,Schizomeria ovata small,Schizomeria ovata small,0.0775131,-0.17002723,0.32505343,0.070655369,0.08437083,0.126298408,BirdTree,0.49508066,small,small,Schizomeria ovata,Schizomeria ovata,small_small,N_NSW,N_AUS,NA,Subcanopy,Subcanopy,Subcanopy_Subcanopy,Subcanopy.small_Subcanopy.small
421,Syncarpia glomulifera subsp glabra small,Schizomeria ovata small,0.257595389,-0.265224881,0.780415658,0.250568011,0.264622766,0.266749937,BirdTree,1.045640539,small,small,Syncarpia glomulifera,Schizomeria ovata,small_small,N_NSW,N_AUS,NA,Canopy,Subcanopy,Canopy_Subcanopy,Canopy.small_Subcanopy.small
422,Synoum glandulosum subsp glandulsoum small,Schizomeria ovata small,-0.151585816,-0.362957787,0.059786155,-0.154800982,-0.14837065,0.107844824,BirdTree,0.422743942,small,small,Synoum glandulosum,Schizomeria ovata,small_small,N_NSW,N_AUS,NA,Subcanopy,Subcanopy,Subcanopy_Subcanopy,Subcanopy.small_Subcanopy.small
423,Syncarpia glomulifera subsp glabra small,Syncarpia glomulifera subsp glabra small,-0.906289646,-2.546555554,0.733976261,-0.924900314,-0.887678979,0.836885739,BirdTree,3.280531815,small,small,Syncarpia glomulifera,Syncarpia glomulifera,small_small,N_NSW,N_AUS,NA,Canopy,Canopy,Canopy_Canopy,Canopy.small_Canopy.small
424,Synoum glandulosum subsp glandulsoum small,Syncarpia glomulifera subsp glabra small,-0.271935169,-0.779493136,0.235622797,-0.279153186,-0.264717153,0.258962905,BirdTree,1.015115932,small,small,Synoum glandulosum,Syncarpia glomulifera,small_small,N_NSW,N_AUS,NA,Subcanopy,Canopy,Subcanopy_Canopy,Canopy.small_Subcanopy.small
425,Synoum glandulosum subsp glandulsoum small,Synoum glandulosum subsp glandulsoum small,0.116791257,-0.12736053,0.360943045,0.109260441,0.124322074,0.124569528,BirdTree,0.488303575,small,small,Synoum glandulosum,Synoum glandulosum,small_small,N_NSW,N_AUS,NA,Subcanopy,Subcanopy,Subcanopy_Subcanopy,Subcanopy.small_Subcanopy.small
426,Allocasuarina torulosa large,Allocasuarina torulosa large,-0.020926815,-0.269471183,0.227617553,-0.025246957,-0.016606673,0.126810681,A-Tree,0.497088737,large,large,Allocasuarina torulosa,Allocasuarina torulosa,large_large,N_NSW,N_AUS,NA,Subcanopy,Subcanopy,Subcanopy_Subcanopy,Subcanopy.large_Subcanopy.large
427,Allocasuarina torulosa small,Allocasuarina torulosa large,0.029211972,-0.085107188,0.143531132,0.025954144,0.032469799,0.058327174,A-Tree,0.22863832,small,large,Allocasuarina torulosa,Allocasuarina torulosa,small_large,N_NSW,N_AUS,NA,Subcanopy,Subcanopy,Subcanopy_Subcanopy,Subcanopy.large_Subcanopy.small
428,Eucalyptus microcorys large,Allocasuarina torulosa large,-0.041386285,-0.462193892,0.379421322,-0.046208486,-0.036564085,0.214701704,A-Tree,0.841615213,large,large,Eucalyptus microcorys,Allocasuarina torulosa,large_large,N_NSW,N_AUS,NA,Canopy,Subcanopy,Canopy_Subcanopy,Canopy.large_Subcanopy.large
429,Eucalyptus microcorys small,Allocasuarina torulosa large,-0.069678676,-0.263561186,0.124203834,-0.072417946,-0.066939406,0.098921465,A-Tree,0.387765019,small,large,Eucalyptus microcorys,Allocasuarina torulosa,small_large,N_NSW,N_AUS,NA,Canopy,Subcanopy,Canopy_Subcanopy,Canopy.small_Subcanopy.large
430,Eucalyptus pilularis large,Allocasuarina torulosa large,0.054829019,-0.118821328,0.228479366,0.051222167,0.058435872,0.088598744,A-Tree,0.347300695,large,large,Eucalyptus pilularis,Allocasuarina torulosa,large_large,N_NSW,N_AUS,NA,Canopy,Subcanopy,Canopy_Subcanopy,Canopy.large_Subcanopy.large
431,Eucalyptus pilularis small,Allocasuarina torulosa large,0.009622649,-0.078032035,0.097277333,0.007837477,0.01140782,0.044722599,A-Tree,0.175309367,small,large,Eucalyptus pilularis,Allocasuarina torulosa,small_large,N_NSW,N_AUS,NA,Canopy,Subcanopy,Canopy_Subcanopy,Canopy.small_Subcanopy.large
432,Allocasuarina torulosa small,Allocasuarina torulosa small,0.202893097,0.065549446,0.340236748,0.193678116,0.212108079,0.070074579,A-Tree,0.274687302,small,small,Allocasuarina torulosa,Allocasuarina torulosa,small_small,N_NSW,N_AUS,1,Subcanopy,Subcanopy,Subcanopy_Subcanopy,Subcanopy.small_Subcanopy.small
433,Eucalyptus microcorys large,Allocasuarina torulosa small,0.128533208,-0.156675981,0.413742397,0.122928625,0.13413779,0.145517566,A-Tree,0.570418378,large,small,Eucalyptus microcorys,Allocasuarina torulosa,large_small,N_NSW,N_AUS,NA,Canopy,Subcanopy,Canopy_Subcanopy,Canopy.large_Subcanopy.small
434,Eucalyptus microcorys small,Allocasuarina torulosa small,-0.026634936,-0.129981976,0.076712104,-0.029352049,-0.023917823,0.052729051,A-Tree,0.20669408,small,small,Eucalyptus microcorys,Allocasuarina torulosa,small_small,N_NSW,N_AUS,NA,Canopy,Subcanopy,Canopy_Subcanopy,Canopy.small_Subcanopy.small
435,Eucalyptus pilularis large,Allocasuarina torulosa small,-0.052864638,-0.157844801,0.052115526,-0.056010947,-0.049718329,0.053562292,A-Tree,0.209960327,large,small,Eucalyptus pilularis,Allocasuarina torulosa,large_small,N_NSW,N_AUS,NA,Canopy,Subcanopy,Canopy_Subcanopy,Canopy.large_Subcanopy.small
436,Eucalyptus pilularis small,Allocasuarina torulosa small,-0.008775699,-0.067958501,0.050407104,-0.011588398,-0.005962999,0.030195862,A-Tree,0.118365605,small,small,Eucalyptus pilularis,Allocasuarina torulosa,small_small,N_NSW,N_AUS,NA,Canopy,Subcanopy,Canopy_Subcanopy,Canopy.small_Subcanopy.small
437,Eucalyptus microcorys large,Eucalyptus microcorys large,-0.708123087,-1.890072379,0.473826205,-0.723332113,-0.692914061,0.603046434,A-Tree,2.363898585,large,large,Eucalyptus microcorys,Eucalyptus microcorys,large_large,N_NSW,N_AUS,NA,Canopy,Canopy,Canopy_Canopy,Canopy.large_Canopy.large
438,Eucalyptus microcorys small,Eucalyptus microcorys large,0.341668977,-0.184108072,0.867446026,0.33527493,0.348063025,0.268258526,A-Tree,1.051554098,small,large,Eucalyptus microcorys,Eucalyptus microcorys,small_large,N_NSW,N_AUS,NA,Canopy,Canopy,Canopy_Canopy,Canopy.large_Canopy.small
439,Eucalyptus pilularis large,Eucalyptus microcorys large,0.149968194,-0.209616628,0.509553017,0.144811787,0.155124601,0.183465015,A-Tree,0.719169645,large,large,Eucalyptus pilularis,Eucalyptus microcorys,large_large,N_NSW,N_AUS,NA,Canopy,Canopy,Canopy_Canopy,Canopy.large_Canopy.large
440,Eucalyptus pilularis small,Eucalyptus microcorys large,0.135201425,-0.062828733,0.333231583,0.131382596,0.139020255,0.101037651,A-Tree,0.396060316,small,large,Eucalyptus pilularis,Eucalyptus microcorys,small_large,N_NSW,N_AUS,NA,Canopy,Canopy,Canopy_Canopy,Canopy.large_Canopy.small
441,Eucalyptus microcorys small,Eucalyptus microcorys small,0.076474574,-0.232374274,0.385323422,0.070176881,0.082772267,0.157578839,A-Tree,0.617697697,small,small,Eucalyptus microcorys,Eucalyptus microcorys,small_small,N_NSW,N_AUS,NA,Canopy,Canopy,Canopy_Canopy,Canopy.small_Canopy.small
442,Eucalyptus pilularis large,Eucalyptus microcorys small,-0.03281751,-0.209531358,0.143896339,-0.035675034,-0.029959986,0.090161783,A-Tree,0.353427697,large,small,Eucalyptus pilularis,Eucalyptus microcorys,large_small,N_NSW,N_AUS,NA,Canopy,Canopy,Canopy_Canopy,Canopy.large_Canopy.small
443,Eucalyptus pilularis small,Eucalyptus microcorys small,0.00371487,-0.083804391,0.09123413,0.001748541,0.005681198,0.044653505,A-Tree,0.175038521,small,small,Eucalyptus pilularis,Eucalyptus microcorys,small_small,N_NSW,N_AUS,NA,Canopy,Canopy,Canopy_Canopy,Canopy.small_Canopy.small
444,Eucalyptus pilularis large,Eucalyptus pilularis large,-0.134874903,-0.384130918,0.114381111,-0.1411245,-0.128625306,0.127173773,A-Tree,0.498512029,large,large,Eucalyptus pilularis,Eucalyptus pilularis,large_large,N_NSW,N_AUS,NA,Canopy,Canopy,Canopy_Canopy,Canopy.large_Canopy.large
445,Eucalyptus pilularis small,Eucalyptus pilularis large,-0.083394015,-0.166268751,-0.000519279,-0.085368872,-0.081419158,0.042283806,A-Tree,0.165749472,small,large,Eucalyptus pilularis,Eucalyptus pilularis,small_large,N_NSW,N_AUS,1,Canopy,Canopy,Canopy_Canopy,Canopy.large_Canopy.small
446,Eucalyptus pilularis small,Eucalyptus pilularis small,0.426171677,0.318879103,0.53346425,0.414056432,0.438286921,0.054742115,A-Tree,0.214585147,small,small,Eucalyptus pilularis,Eucalyptus pilularis,small_small,N_NSW,N_AUS,1,Canopy,Canopy,Canopy_Canopy,Canopy.small_Canopy.small
447,Allocasuarina torulosa large,Allocasuarina torulosa large,0.089752866,-0.155813312,0.335319045,0.083518193,0.09598754,0.125291169,BlackBull,0.491132356,large,large,Allocasuarina torulosa,Allocasuarina torulosa,large_large,N_NSW,N_AUS,NA,Subcanopy,Subcanopy,Subcanopy_Subcanopy,Subcanopy.large_Subcanopy.large
448,Allocasuarina torulosa small,Allocasuarina torulosa large,0.097501242,-0.041396861,0.236399346,0.093860083,0.101142402,0.070867682,BlackBull,0.277796207,small,large,Allocasuarina torulosa,Allocasuarina torulosa,small_large,N_NSW,N_AUS,NA,Subcanopy,Subcanopy,Subcanopy_Subcanopy,Subcanopy.large_Subcanopy.small
449,Eucalyptus pilularis large,Allocasuarina torulosa large,0.163936072,-0.189122412,0.516994556,0.158603073,0.169269072,0.18013519,BlackBull,0.706116968,large,large,Eucalyptus pilularis,Allocasuarina torulosa,large_large,N_NSW,N_AUS,NA,Canopy,Subcanopy,Canopy_Subcanopy,Canopy.large_Subcanopy.large
450,Eucalyptus pilularis small,Allocasuarina torulosa large,-0.102231918,-0.370031396,0.165567559,-0.106431833,-0.098032004,0.136634897,BlackBull,0.535598955,small,large,Eucalyptus pilularis,Allocasuarina torulosa,small_large,N_NSW,N_AUS,NA,Canopy,Subcanopy,Canopy_Subcanopy,Canopy.small_Subcanopy.large
451,Syncarpia glomulifera subsp glomulifera large,Allocasuarina torulosa large,0.324877657,-0.079726321,0.729481635,0.31885398,0.330901334,0.206434394,BlackBull,0.809207956,large,large,Syncarpia glomulifera,Allocasuarina torulosa,large_large,N_NSW,N_AUS,NA,Canopy,Subcanopy,Canopy_Subcanopy,Canopy.large_Subcanopy.large
452,Syncarpia glomulifera subsp glomulifera small,Allocasuarina torulosa large,0.049526437,-0.126629889,0.225682763,0.045632749,0.053420126,0.089877328,BlackBull,0.352312652,small,large,Syncarpia glomulifera,Allocasuarina torulosa,small_large,N_NSW,N_AUS,NA,Canopy,Subcanopy,Canopy_Subcanopy,Canopy.small_Subcanopy.large
453,Allocasuarina torulosa small,Allocasuarina torulosa small,0.082842827,-0.128666018,0.294351672,0.073440373,0.092245281,0.107914659,BlackBull,0.42301769,small,small,Allocasuarina torulosa,Allocasuarina torulosa,small_small,N_NSW,N_AUS,NA,Subcanopy,Subcanopy,Subcanopy_Subcanopy,Subcanopy.small_Subcanopy.small
454,Eucalyptus pilularis large,Allocasuarina torulosa small,-0.171376597,-0.379683567,0.036930373,-0.176147792,-0.166605403,0.106281019,BlackBull,0.41661394,large,small,Eucalyptus pilularis,Allocasuarina torulosa,large_small,N_NSW,N_AUS,NA,Canopy,Subcanopy,Canopy_Subcanopy,Canopy.large_Subcanopy.small
455,Eucalyptus pilularis small,Allocasuarina torulosa small,-0.013633105,-0.195243985,0.167977776,-0.017174996,-0.010091214,0.092660315,BlackBull,0.363221761,small,small,Eucalyptus pilularis,Allocasuarina torulosa,small_small,N_NSW,N_AUS,NA,Canopy,Subcanopy,Canopy_Subcanopy,Canopy.small_Subcanopy.small
456,Syncarpia glomulifera subsp glomulifera large,Allocasuarina torulosa small,-0.115037057,-0.389951354,0.159877239,-0.119706448,-0.110367667,0.140264973,BlackBull,0.549828593,large,small,Syncarpia glomulifera,Allocasuarina torulosa,large_small,N_NSW,N_AUS,NA,Canopy,Subcanopy,Canopy_Subcanopy,Canopy.large_Subcanopy.small
457,Syncarpia glomulifera subsp glomulifera small,Allocasuarina torulosa small,0.040603253,-0.080162061,0.161368567,0.03726225,0.043944255,0.061616088,BlackBull,0.241530628,small,small,Syncarpia glomulifera,Allocasuarina torulosa,small_small,N_NSW,N_AUS,NA,Canopy,Subcanopy,Canopy_Subcanopy,Canopy.small_Subcanopy.small
458,Eucalyptus pilularis large,Eucalyptus pilularis large,-0.445445009,-1.276025373,0.385135354,-0.457413829,-0.43347619,0.423773279,BlackBull,1.661160728,large,large,Eucalyptus pilularis,Eucalyptus pilularis,large_large,N_NSW,N_AUS,NA,Canopy,Canopy,Canopy_Canopy,Canopy.large_Canopy.large
459,Eucalyptus pilularis small,Eucalyptus pilularis large,0.087081183,-0.373917044,0.548079409,0.081022973,0.093139392,0.235207499,BlackBull,0.921996453,small,large,Eucalyptus pilularis,Eucalyptus pilularis,small_large,N_NSW,N_AUS,NA,Canopy,Canopy,Canopy_Canopy,Canopy.large_Canopy.small
460,Syncarpia glomulifera subsp glomulifera large,Eucalyptus pilularis large,-0.470796386,-1.278121031,0.336528259,-0.479084338,-0.462508434,0.411907898,BlackBull,1.61464929,large,large,Syncarpia glomulifera,Eucalyptus pilularis,large_large,N_NSW,N_AUS,NA,Canopy,Canopy,Canopy_Canopy,Canopy.large_Canopy.large
461,Syncarpia glomulifera subsp glomulifera small,Eucalyptus pilularis large,0.091739219,-0.218998879,0.402477317,0.085576755,0.097901683,0.158542759,BlackBull,0.621476196,small,large,Syncarpia glomulifera,Eucalyptus pilularis,small_large,N_NSW,N_AUS,NA,Canopy,Canopy,Canopy_Canopy,Canopy.large_Canopy.small
462,Eucalyptus pilularis small,Eucalyptus pilularis small,-0.061570246,-0.559515893,0.436375401,-0.067926285,-0.055214207,0.25405857,BlackBull,0.995891295,small,small,Eucalyptus pilularis,Eucalyptus pilularis,small_small,N_NSW,N_AUS,NA,Canopy,Canopy,Canopy_Canopy,Canopy.small_Canopy.small
463,Syncarpia glomulifera subsp glomulifera large,Eucalyptus pilularis small,0.352213534,-0.189470716,0.893897784,0.345502822,0.358924247,0.276374594,BlackBull,1.0833685,large,small,Syncarpia glomulifera,Eucalyptus pilularis,large_small,N_NSW,N_AUS,NA,Canopy,Canopy,Canopy_Canopy,Canopy.large_Canopy.small
464,Syncarpia glomulifera subsp glomulifera small,Eucalyptus pilularis small,0.101129708,-0.12983851,0.332097927,0.096694735,0.105564682,0.117843093,BlackBull,0.461936436,small,small,Syncarpia glomulifera,Eucalyptus pilularis,small_small,N_NSW,N_AUS,NA,Canopy,Canopy,Canopy_Canopy,Canopy.small_Canopy.small
465,Syncarpia glomulifera subsp glomulifera large,Syncarpia glomulifera subsp glomulifera large,-0.634721002,-1.879335338,0.609893334,-0.644655504,-0.6247865,0.635018983,BlackBull,2.489228671,large,large,Syncarpia glomulifera,Syncarpia glomulifera,large_large,N_NSW,N_AUS,NA,Canopy,Canopy,Canopy_Canopy,Canopy.large_Canopy.large
466,Syncarpia glomulifera subsp glomulifera small,Syncarpia glomulifera subsp glomulifera large,-0.068739059,-0.453810617,0.316332499,-0.073222878,-0.06425524,0.196468691,BlackBull,0.770143117,small,large,Syncarpia glomulifera,Syncarpia glomulifera,small_large,N_NSW,N_AUS,NA,Canopy,Canopy,Canopy_Canopy,Canopy.large_Canopy.small
467,Syncarpia glomulifera subsp glomulifera small,Syncarpia glomulifera subsp glomulifera small,0.308835189,0.130151692,0.487518686,0.300185901,0.317484477,0.091166725,BlackBull,0.357366994,small,small,Syncarpia glomulifera,Syncarpia glomulifera,small_small,N_NSW,N_AUS,1,Canopy,Canopy,Canopy_Canopy,Canopy.small_Canopy.small
468,Allocasuarina torulosa small,Allocasuarina torulosa small,0.079450418,-0.327850679,0.486751515,0.067619594,0.091281242,0.2078105,Bruxner,0.814602193,small,small,Allocasuarina torulosa,Allocasuarina torulosa,small_small,N_NSW,N_AUS,NA,Subcanopy,Subcanopy,Subcanopy_Subcanopy,Subcanopy.small_Subcanopy.small
469,Archontophoenix cunninghamiana small,Allocasuarina torulosa small,0.039587057,-0.146119915,0.22529403,0.034542148,0.044631966,0.094750196,Bruxner,0.371413944,small,small,Archontophoenix cunninghamiana,Allocasuarina torulosa,small_small,N_NSW,N_AUS,NA,Subcanopy,Subcanopy,Subcanopy_Subcanopy,Subcanopy.small_Subcanopy.small
470,Caldcluvia paniculosa small,Allocasuarina torulosa small,-0.127265814,-0.392112671,0.137581042,-0.13367066,-0.120860969,0.13512843,Bruxner,0.529693714,small,small,Caldcluvia paniculosa,Allocasuarina torulosa,small_small,N_NSW,N_AUS,NA,Subcanopy,Subcanopy,Subcanopy_Subcanopy,Subcanopy.small_Subcanopy.small
471,Ceratopetalum apetalum small,Allocasuarina torulosa small,0.024101707,-0.335805683,0.384009097,0.017650475,0.030552939,0.183629594,Bruxner,0.71981478,small,small,Ceratopetalum apetalum,Allocasuarina torulosa,small_small,N_NSW,N_AUS,NA,Subcanopy,Subcanopy,Subcanopy_Subcanopy,Subcanopy.small_Subcanopy.small
472,Eucalyptus grandis large,Allocasuarina torulosa small,0.220680267,-0.233261283,0.674621817,0.212553487,0.228807047,0.231607088,Bruxner,0.907883101,large,small,Eucalyptus grandis,Allocasuarina torulosa,large_small,N_NSW,N_AUS,NA,Canopy,Subcanopy,Canopy_Subcanopy,Canopy.large_Subcanopy.small
473,Eucalyptus grandis small,Allocasuarina torulosa small,0.143292724,-0.16927966,0.455865109,0.136274307,0.150311142,0.159478637,Bruxner,0.625144769,small,small,Eucalyptus grandis,Allocasuarina torulosa,small_small,N_NSW,N_AUS,NA,Canopy,Subcanopy,Canopy_Subcanopy,Canopy.small_Subcanopy.small
474,Geissois benthamii small,Allocasuarina torulosa small,-1.003138946,-2.379565954,0.373288062,-1.021997792,-0.9842801,0.702271582,Bruxner,2.752854016,small,small,Geissois benthamii,Allocasuarina torulosa,small_small,N_NSW,N_AUS,NA,Subcanopy,Subcanopy,Subcanopy_Subcanopy,Subcanopy.small_Subcanopy.small
475,Lophostemon sp. small,Allocasuarina torulosa small,-0.00123929,-0.247940781,0.245462201,-0.005367228,0.002888649,0.125870421,Bruxner,0.493402982,small,small,Lophostemon sp,Allocasuarina torulosa,small_small,N_NSW,N_AUS,NA,Canopy,Subcanopy,Canopy_Subcanopy,Canopy.small_Subcanopy.small
476,Schizomeria ovata small,Allocasuarina torulosa small,0.441617415,-0.151413935,1.034648766,0.432031929,0.451202901,0.302572575,Bruxner,1.186062701,small,small,Schizomeria ovata,Allocasuarina torulosa,small_small,N_NSW,N_AUS,NA,Subcanopy,Subcanopy,Subcanopy_Subcanopy,Subcanopy.small_Subcanopy.small
477,Syncarpia glomulifera subsp glabra small,Allocasuarina torulosa small,0.112668635,-0.300275593,0.525612862,0.103344413,0.121992856,0.210689702,Bruxner,0.825888455,small,small,Syncarpia glomulifera,Allocasuarina torulosa,small_small,N_NSW,N_AUS,NA,Canopy,Subcanopy,Canopy_Subcanopy,Canopy.small_Subcanopy.small
478,Archontophoenix cunninghamiana small,Archontophoenix cunninghamiana small,0.234296379,0.093023473,0.375569286,0.223014965,0.245577794,0.072079338,Bruxner,0.282545813,small,small,Archontophoenix cunninghamiana,Archontophoenix cunninghamiana,small_small,N_NSW,N_AUS,1,Subcanopy,Subcanopy,Subcanopy_Subcanopy,Subcanopy.small_Subcanopy.small
479,Caldcluvia paniculosa small,Archontophoenix cunninghamiana small,0.033826508,-0.075305455,0.142958471,0.030177767,0.037475249,0.055680596,Bruxner,0.218263926,small,small,Caldcluvia paniculosa,Archontophoenix cunninghamiana,small_small,N_NSW,N_AUS,NA,Subcanopy,Subcanopy,Subcanopy_Subcanopy,Subcanopy.small_Subcanopy.small
480,Ceratopetalum apetalum small,Archontophoenix cunninghamiana small,0.073698403,-0.036196256,0.183593063,0.069074238,0.078322568,0.056069734,Bruxner,0.219789319,small,small,Ceratopetalum apetalum,Archontophoenix cunninghamiana,small_small,N_NSW,N_AUS,NA,Subcanopy,Subcanopy,Subcanopy_Subcanopy,Subcanopy.small_Subcanopy.small
481,Eucalyptus grandis large,Archontophoenix cunninghamiana small,-0.256479575,-0.481973983,-0.030985166,-0.262846375,-0.250112774,0.115050282,Bruxner,0.450988817,large,small,Eucalyptus grandis,Archontophoenix cunninghamiana,large_small,N_NSW,N_AUS,1,Canopy,Subcanopy,Canopy_Subcanopy,Canopy.large_Subcanopy.small
482,Eucalyptus grandis small,Archontophoenix cunninghamiana small,-0.052491416,-0.18995005,0.084967218,-0.056703437,-0.048279395,0.070133245,Bruxner,0.274917269,small,small,Eucalyptus grandis,Archontophoenix cunninghamiana,small_small,N_NSW,N_AUS,NA,Canopy,Subcanopy,Canopy_Subcanopy,Canopy.small_Subcanopy.small
483,Geissois benthamii small,Archontophoenix cunninghamiana small,0.031162564,-0.210957692,0.273282821,0.024998658,0.037326471,0.123533013,Bruxner,0.484240513,small,small,Geissois benthamii,Archontophoenix cunninghamiana,small_small,N_NSW,N_AUS,NA,Subcanopy,Subcanopy,Subcanopy_Subcanopy,Subcanopy.small_Subcanopy.small
484,Lophostemon sp. small,Archontophoenix cunninghamiana small,-0.079052818,-0.190478788,0.032373152,-0.081926973,-0.076178662,0.056851029,Bruxner,0.22285194,small,small,Lophostemon sp,Archontophoenix cunninghamiana,small_small,N_NSW,N_AUS,NA,Canopy,Subcanopy,Canopy_Subcanopy,Canopy.small_Subcanopy.small
485,Schizomeria ovata small,Archontophoenix cunninghamiana small,0.084127001,-0.174431334,0.342685335,0.078987268,0.089266733,0.131919942,Bruxner,0.517116669,small,small,Schizomeria ovata,Archontophoenix cunninghamiana,small_small,N_NSW,N_AUS,NA,Subcanopy,Subcanopy,Subcanopy_Subcanopy,Subcanopy.small_Subcanopy.small
486,Syncarpia glomulifera subsp glabra small,Archontophoenix cunninghamiana small,0.02140695,-0.184013943,0.226827843,0.015960626,0.026853274,0.104808504,Bruxner,0.410841786,small,small,Syncarpia glomulifera,Archontophoenix cunninghamiana,small_small,N_NSW,N_AUS,NA,Canopy,Subcanopy,Canopy_Subcanopy,Canopy.small_Subcanopy.small
487,Caldcluvia paniculosa small,Caldcluvia paniculosa small,0.325343397,0.146017477,0.504669318,0.313123569,0.337563226,0.091494498,Bruxner,0.358651841,small,small,Caldcluvia paniculosa,Caldcluvia paniculosa,small_small,N_NSW,N_AUS,1,Subcanopy,Subcanopy,Subcanopy_Subcanopy,Subcanopy.small_Subcanopy.small
488,Ceratopetalum apetalum small,Caldcluvia paniculosa small,-0.122226305,-0.303681224,0.059228614,-0.125814048,-0.118638563,0.092580742,Bruxner,0.362909838,small,small,Ceratopetalum apetalum,Caldcluvia paniculosa,small_small,N_NSW,N_AUS,NA,Subcanopy,Subcanopy,Subcanopy_Subcanopy,Subcanopy.small_Subcanopy.small
489,Eucalyptus grandis large,Caldcluvia paniculosa small,0.015844758,-0.273674548,0.305364064,0.010002223,0.021687293,0.147716646,Bruxner,0.579038611,large,small,Eucalyptus grandis,Caldcluvia paniculosa,large_small,N_NSW,N_AUS,NA,Canopy,Subcanopy,Canopy_Subcanopy,Canopy.large_Subcanopy.small
490,Eucalyptus grandis small,Caldcluvia paniculosa small,0.106206072,-0.0691711,0.281583244,0.101305759,0.111106385,0.089479793,Bruxner,0.350754343,small,small,Eucalyptus grandis,Caldcluvia paniculosa,small_small,N_NSW,N_AUS,NA,Canopy,Subcanopy,Canopy_Subcanopy,Canopy.small_Subcanopy.small
491,Geissois benthamii small,Caldcluvia paniculosa small,-0.051656108,-0.473380593,0.370068377,-0.058808284,-0.044503931,0.215169507,Bruxner,0.84344897,small,small,Geissois benthamii,Caldcluvia paniculosa,small_small,N_NSW,N_AUS,NA,Subcanopy,Subcanopy,Subcanopy_Subcanopy,Subcanopy.small_Subcanopy.small
492,Lophostemon sp. small,Caldcluvia paniculosa small,-0.059257879,-0.2042046,0.085688841,-0.062397427,-0.056118331,0.073953767,Bruxner,0.289893441,small,small,Lophostemon sp,Caldcluvia paniculosa,small_small,N_NSW,N_AUS,NA,Canopy,Subcanopy,Canopy_Subcanopy,Canopy.small_Subcanopy.small
493,Schizomeria ovata small,Caldcluvia paniculosa small,0.062971831,-0.205172742,0.331116403,0.058547989,0.067395672,0.136810969,Bruxner,0.536289145,small,small,Schizomeria ovata,Caldcluvia paniculosa,small_small,N_NSW,N_AUS,NA,Subcanopy,Subcanopy,Subcanopy_Subcanopy,Subcanopy.small_Subcanopy.small
494,Syncarpia glomulifera subsp glabra small,Caldcluvia paniculosa small,0.024553167,-0.23515373,0.284260064,0.017296799,0.031809535,0.132505954,Bruxner,0.519413794,small,small,Syncarpia glomulifera,Caldcluvia paniculosa,small_small,N_NSW,N_AUS,NA,Canopy,Subcanopy,Canopy_Subcanopy,Canopy.small_Subcanopy.small
495,Ceratopetalum apetalum small,Ceratopetalum apetalum small,0.25107769,0.069113522,0.433041858,0.239392458,0.262762922,0.092840567,Bruxner,0.363928337,small,small,Ceratopetalum apetalum,Ceratopetalum apetalum,small_small,N_NSW,N_AUS,1,Subcanopy,Subcanopy,Subcanopy_Subcanopy,Subcanopy.small_Subcanopy.small
496,Eucalyptus grandis large,Ceratopetalum apetalum small,0.227778885,-0.045643487,0.501201257,0.220513511,0.235044258,0.139503774,Bruxner,0.546844744,large,small,Eucalyptus grandis,Ceratopetalum apetalum,large_small,N_NSW,N_AUS,NA,Canopy,Subcanopy,Canopy_Subcanopy,Canopy.large_Subcanopy.small
497,Eucalyptus grandis small,Ceratopetalum apetalum small,0.051008652,-0.096447428,0.198464733,0.045671776,0.056345529,0.075234077,Bruxner,0.294912161,small,small,Eucalyptus grandis,Ceratopetalum apetalum,small_small,N_NSW,N_AUS,NA,Canopy,Subcanopy,Canopy_Subcanopy,Canopy.small_Subcanopy.small
498,Geissois benthamii small,Ceratopetalum apetalum small,0.166388478,-0.140710874,0.47348783,0.158868658,0.173908298,0.156686222,Bruxner,0.614198704,small,small,Geissois benthamii,Ceratopetalum apetalum,small_small,N_NSW,N_AUS,NA,Subcanopy,Subcanopy,Subcanopy_Subcanopy,Subcanopy.small_Subcanopy.small
499,Lophostemon sp. small,Ceratopetalum apetalum small,-0.081073938,-0.204605154,0.042457279,-0.08440324,-0.077744635,0.063027289,Bruxner,0.247062433,small,small,Lophostemon sp,Ceratopetalum apetalum,small_small,N_NSW,N_AUS,NA,Canopy,Subcanopy,Canopy_Subcanopy,Canopy.small_Subcanopy.small
500,Schizomeria ovata small,Ceratopetalum apetalum small,-0.09362754,-0.37359782,0.186342739,-0.09897508,-0.08828,0.142844604,Bruxner,0.559940559,small,small,Schizomeria ovata,Ceratopetalum apetalum,small_small,N_NSW,N_AUS,NA,Subcanopy,Subcanopy,Subcanopy_Subcanopy,Subcanopy.small_Subcanopy.small
501,Syncarpia glomulifera subsp glabra small,Ceratopetalum apetalum small,-0.13261479,-0.51071653,0.245486951,-0.140404905,-0.124824675,0.192912596,Bruxner,0.756203481,small,small,Syncarpia glomulifera,Ceratopetalum apetalum,small_small,N_NSW,N_AUS,NA,Canopy,Subcanopy,Canopy_Subcanopy,Canopy.small_Subcanopy.small
502,Eucalyptus grandis large,Eucalyptus grandis large,-0.759251252,-1.408255645,-0.110246858,-0.776579107,-0.741923396,0.331130775,Bruxner,1.298008788,large,large,Eucalyptus grandis,Eucalyptus grandis,large_large,N_NSW,N_AUS,1,Canopy,Canopy,Canopy_Canopy,Canopy.large_Canopy.large
503,Eucalyptus grandis small,Eucalyptus grandis large,0.371651017,0.051559512,0.691742523,0.362356821,0.380945214,0.163314994,Bruxner,0.640183011,small,large,Eucalyptus grandis,Eucalyptus grandis,small_large,N_NSW,N_AUS,1,Canopy,Canopy,Canopy_Canopy,Canopy.large_Canopy.small
504,Geissois benthamii small,Eucalyptus grandis large,0.122046307,-0.326120363,0.570212978,0.110298141,0.133794474,0.228660666,Bruxner,0.896333342,small,large,Geissois benthamii,Eucalyptus grandis,small_large,N_NSW,N_AUS,NA,Subcanopy,Canopy,Subcanopy_Canopy,Canopy.large_Subcanopy.small
505,Lophostemon sp. small,Eucalyptus grandis large,-0.150433042,-0.391435633,0.090569549,-0.15548103,-0.145385053,0.122962765,Bruxner,0.482005182,small,large,Lophostemon sp,Eucalyptus grandis,small_large,N_NSW,N_AUS,NA,Canopy,Canopy,Canopy_Canopy,Canopy.large_Canopy.small
506,Schizomeria ovata small,Eucalyptus grandis large,0.050549579,-0.515593287,0.616692445,0.041399991,0.059699167,0.288853709,Bruxner,1.132285732,small,large,Schizomeria ovata,Eucalyptus grandis,small_large,N_NSW,N_AUS,NA,Subcanopy,Canopy,Subcanopy_Canopy,Canopy.large_Subcanopy.small
507,Syncarpia glomulifera subsp glabra small,Eucalyptus grandis large,0.439641172,-0.199936583,1.079218926,0.426919517,0.452362826,0.326321177,Bruxner,1.279155509,small,large,Syncarpia glomulifera,Eucalyptus grandis,small_large,N_NSW,N_AUS,NA,Canopy,Canopy,Canopy_Canopy,Canopy.large_Canopy.small
508,Eucalyptus grandis small,Eucalyptus grandis small,0.039028484,-0.223341874,0.301398842,0.029060794,0.048996174,0.133864887,Bruxner,0.524740716,small,small,Eucalyptus grandis,Eucalyptus grandis,small_small,N_NSW,N_AUS,NA,Canopy,Canopy,Canopy_Canopy,Canopy.small_Canopy.small
509,Geissois benthamii small,Eucalyptus grandis small,0.132197739,-0.165713632,0.43010911,0.125032631,0.139362847,0.15199839,Bruxner,0.595822742,small,small,Geissois benthamii,Eucalyptus grandis,small_small,N_NSW,N_AUS,NA,Subcanopy,Canopy,Subcanopy_Canopy,Canopy.small_Subcanopy.small
510,Lophostemon sp. small,Eucalyptus grandis small,0.137304064,-0.018146852,0.29275498,0.132826009,0.141782119,0.079313149,Bruxner,0.310901832,small,small,Lophostemon sp,Eucalyptus grandis,small_small,N_NSW,N_AUS,NA,Canopy,Canopy,Canopy_Canopy,Canopy.small_Canopy.small
511,Schizomeria ovata small,Eucalyptus grandis small,-0.199774689,-0.611090732,0.211541355,-0.206561161,-0.192988216,0.209858981,Bruxner,0.822632087,small,small,Schizomeria ovata,Eucalyptus grandis,small_small,N_NSW,N_AUS,NA,Subcanopy,Canopy,Subcanopy_Canopy,Canopy.small_Subcanopy.small
512,Syncarpia glomulifera subsp glabra small,Eucalyptus grandis small,-0.166816826,-0.559744855,0.226111202,-0.17590269,-0.157730963,0.200477168,Bruxner,0.785856058,small,small,Syncarpia glomulifera,Eucalyptus grandis,small_small,N_NSW,N_AUS,NA,Canopy,Canopy,Canopy_Canopy,Canopy.small_Canopy.small
513,Geissois benthamii small,Geissois benthamii small,-0.115622954,-0.724536092,0.493290184,-0.127079484,-0.104166424,0.310675677,Bruxner,1.217826276,small,small,Geissois benthamii,Geissois benthamii,small_small,N_NSW,N_AUS,NA,Subcanopy,Subcanopy,Subcanopy_Subcanopy,Subcanopy.small_Subcanopy.small
514,Lophostemon sp. small,Geissois benthamii small,0.157632801,-0.143932153,0.459197755,0.152156668,0.163108934,0.153862498,Bruxner,0.603129908,small,small,Lophostemon sp,Geissois benthamii,small_small,N_NSW,N_AUS,NA,Canopy,Subcanopy,Canopy_Subcanopy,Canopy.small_Subcanopy.small
515,Schizomeria ovata small,Geissois benthamii small,0.549202929,-0.147690693,1.24609655,0.538506961,0.559898896,0.355564503,Bruxner,1.393787242,small,small,Schizomeria ovata,Geissois benthamii,small_small,N_NSW,N_AUS,NA,Subcanopy,Subcanopy,Subcanopy_Subcanopy,Subcanopy.small_Subcanopy.small
516,Syncarpia glomulifera subsp glabra small,Geissois benthamii small,-0.508921306,-1.847595207,0.829752595,-0.526930069,-0.490912543,0.683009439,Bruxner,2.677347803,small,small,Syncarpia glomulifera,Geissois benthamii,small_small,N_NSW,N_AUS,NA,Canopy,Subcanopy,Canopy_Subcanopy,Canopy.small_Subcanopy.small
517,Lophostemon sp. small,Lophostemon sp. small,0.193720391,-0.030241216,0.417681998,0.186386736,0.201054047,0.114268226,Bruxner,0.447923214,small,small,Lophostemon sp,Lophostemon sp,small_small,N_NSW,N_AUS,NA,Canopy,Canopy,Canopy_Canopy,Canopy.small_Canopy.small
518,Schizomeria ovata small,Lophostemon sp. small,0.102082698,-0.154504058,0.358669454,0.098207674,0.105957722,0.130914016,Bruxner,0.513173512,small,small,Schizomeria ovata,Lophostemon sp,small_small,N_NSW,N_AUS,NA,Subcanopy,Canopy,Subcanopy_Canopy,Canopy.small_Subcanopy.small
519,Syncarpia glomulifera subsp glabra small,Lophostemon sp. small,0.234177631,-0.108076562,0.576431825,0.228422905,0.239932358,0.174622695,Bruxner,0.684508387,small,small,Syncarpia glomulifera,Lophostemon sp,small_small,N_NSW,N_AUS,NA,Canopy,Canopy,Canopy_Canopy,Canopy.small_Canopy.small
520,Schizomeria ovata small,Schizomeria ovata small,-0.491816093,-1.453496849,0.469864664,-0.503776511,-0.479855675,0.490662463,Bruxner,1.923361512,small,small,Schizomeria ovata,Schizomeria ovata,small_small,N_NSW,N_AUS,NA,Subcanopy,Subcanopy,Subcanopy_Subcanopy,Subcanopy.small_Subcanopy.small
521,Syncarpia glomulifera subsp glabra small,Schizomeria ovata small,-0.284007425,-1.073788693,0.505773843,-0.295117678,-0.272897172,0.402957031,Bruxner,1.579562536,small,small,Syncarpia glomulifera,Schizomeria ovata,small_small,N_NSW,N_AUS,NA,Canopy,Subcanopy,Canopy_Subcanopy,Canopy.small_Subcanopy.small
522,Syncarpia glomulifera subsp glabra small,Syncarpia glomulifera subsp glabra small,-0.102889985,-0.850630836,0.644850866,-0.114377692,-0.091402278,0.381507444,Bruxner,1.495481702,small,small,Syncarpia glomulifera,Syncarpia glomulifera,small_small,N_NSW,N_AUS,NA,Canopy,Canopy,Canopy_Canopy,Canopy.small_Canopy.small
523,Allocasuarina torulosa small,Allocasuarina torulosa small,0.12979803,-0.200082327,0.459678387,0.121096509,0.138499551,0.168309397,Osullivans,0.659760715,small,small,Allocasuarina torulosa,Allocasuarina torulosa,small_small,N_NSW,N_AUS,NA,Subcanopy,Subcanopy,Subcanopy_Subcanopy,Subcanopy.small_Subcanopy.small
524,Cryptocarya glaucescens small,Allocasuarina torulosa small,-0.228727077,-0.881066264,0.42361211,-0.235550583,-0.221903571,0.332832232,Osullivans,1.304678374,small,small,Cryptocarya glaucescens,Allocasuarina torulosa,small_small,N_NSW,N_AUS,NA,Subcanopy,Subcanopy,Subcanopy_Subcanopy,Subcanopy.small_Subcanopy.small
525,Cryptocarya microneura large,Allocasuarina torulosa small,-0.002963929,-0.291320475,0.285392618,-0.007020704,0.001092847,0.14712339,Osullivans,0.576713093,large,small,Cryptocarya microneura,Allocasuarina torulosa,large_small,N_NSW,N_AUS,NA,Subcanopy,Subcanopy,Subcanopy_Subcanopy,Subcanopy.large_Subcanopy.small
526,Cryptocarya microneura small,Allocasuarina torulosa small,-0.15090746,-0.38256329,0.080748371,-0.15414787,-0.147667049,0.118193922,Osullivans,0.46331166,small,small,Cryptocarya microneura,Allocasuarina torulosa,small_small,N_NSW,N_AUS,NA,Subcanopy,Subcanopy,Subcanopy_Subcanopy,Subcanopy.small_Subcanopy.small
527,Eucalyptus grandis large,Allocasuarina torulosa small,-0.073562232,-0.372508777,0.225384312,-0.080429378,-0.066695087,0.15252655,Osullivans,0.597893089,large,small,Eucalyptus grandis,Allocasuarina torulosa,large_small,N_NSW,N_AUS,NA,Canopy,Subcanopy,Canopy_Subcanopy,Canopy.large_Subcanopy.small
528,Eucalyptus grandis small,Allocasuarina torulosa small,-0.014555714,-0.192626165,0.163514736,-0.017349531,-0.011761897,0.09085394,Osullivans,0.356140901,small,small,Eucalyptus grandis,Allocasuarina torulosa,small_small,N_NSW,N_AUS,NA,Canopy,Subcanopy,Canopy_Subcanopy,Canopy.small_Subcanopy.small
529,Syncarpia glomulifera subsp glomulifera large,Allocasuarina torulosa small,-0.340520791,-0.875553768,0.194512186,-0.347545123,-0.333496459,0.272981025,Osullivans,1.070065954,large,small,Syncarpia glomulifera,Allocasuarina torulosa,large_small,N_NSW,N_AUS,NA,Canopy,Subcanopy,Canopy_Subcanopy,Canopy.large_Subcanopy.small
530,Syncarpia glomulifera subsp glomulifera small,Allocasuarina torulosa small,-0.023047583,-0.153038487,0.106943321,-0.026215465,-0.019879701,0.066323109,Osullivans,0.259981809,small,small,Syncarpia glomulifera,Allocasuarina torulosa,small_small,N_NSW,N_AUS,NA,Canopy,Subcanopy,Canopy_Subcanopy,Canopy.small_Subcanopy.small
531,Cryptocarya glaucescens small,Cryptocarya glaucescens small,-0.263175003,-0.966453873,0.440103867,-0.272520831,-0.253829175,0.358822344,Osullivans,1.40655774,small,small,Cryptocarya glaucescens,Cryptocarya glaucescens,small_small,N_NSW,N_AUS,NA,Subcanopy,Subcanopy,Subcanopy_Subcanopy,Subcanopy.small_Subcanopy.small
532,Cryptocarya microneura large,Cryptocarya glaucescens small,0.217824626,-0.173922438,0.609571689,0.212245841,0.22340341,0.199874623,Osullivans,0.783494127,large,small,Cryptocarya microneura,Cryptocarya glaucescens,large_small,N_NSW,N_AUS,NA,Subcanopy,Subcanopy,Subcanopy_Subcanopy,Subcanopy.large_Subcanopy.small
533,Cryptocarya microneura small,Cryptocarya glaucescens small,0.098570934,-0.243086905,0.440228773,0.093482017,0.103659851,0.174318427,Osullivans,0.683315678,small,small,Cryptocarya microneura,Cryptocarya glaucescens,small_small,N_NSW,N_AUS,NA,Subcanopy,Subcanopy,Subcanopy_Subcanopy,Subcanopy.small_Subcanopy.small
534,Eucalyptus grandis large,Cryptocarya glaucescens small,0.445149372,-0.092665147,0.982963892,0.437012647,0.453286098,0.274400205,Osullivans,1.075629038,large,small,Eucalyptus grandis,Cryptocarya glaucescens,large_small,N_NSW,N_AUS,NA,Canopy,Subcanopy,Canopy_Subcanopy,Canopy.large_Subcanopy.small
535,Eucalyptus grandis small,Cryptocarya glaucescens small,0.079346929,-0.135531374,0.294225232,0.075597635,0.083096224,0.109633802,Osullivans,0.429756606,small,small,Eucalyptus grandis,Cryptocarya glaucescens,small_small,N_NSW,N_AUS,NA,Canopy,Subcanopy,Canopy_Subcanopy,Canopy.small_Subcanopy.small
536,Syncarpia glomulifera subsp glomulifera large,Cryptocarya glaucescens small,0.108496695,-0.553908608,0.770901998,0.100113556,0.116879834,0.337968099,Osullivans,1.324810606,large,small,Syncarpia glomulifera,Cryptocarya glaucescens,large_small,N_NSW,N_AUS,NA,Canopy,Subcanopy,Canopy_Subcanopy,Canopy.large_Subcanopy.small
537,Syncarpia glomulifera subsp glomulifera small,Cryptocarya glaucescens small,0.01902646,-0.222952801,0.261005721,0.015063794,0.022989126,0.123461075,Osullivans,0.483958522,small,small,Syncarpia glomulifera,Cryptocarya glaucescens,small_small,N_NSW,N_AUS,NA,Canopy,Subcanopy,Canopy_Subcanopy,Canopy.small_Subcanopy.small
538,Cryptocarya microneura large,Cryptocarya microneura large,0.123535533,-0.231818449,0.478889515,0.116528847,0.130542219,0.181306384,Osullivans,0.710707964,large,large,Cryptocarya microneura,Cryptocarya microneura,large_large,N_NSW,N_AUS,NA,Subcanopy,Subcanopy,Subcanopy_Subcanopy,Subcanopy.large_Subcanopy.large
539,Cryptocarya microneura small,Cryptocarya microneura large,0.065095833,-0.134537919,0.264729585,0.061133426,0.069058239,0.101855827,Osullivans,0.399267503,small,large,Cryptocarya microneura,Cryptocarya microneura,small_large,N_NSW,N_AUS,NA,Subcanopy,Subcanopy,Subcanopy_Subcanopy,Subcanopy.large_Subcanopy.small
540,Eucalyptus grandis large,Cryptocarya microneura large,-0.098782416,-0.384639023,0.187074191,-0.105291476,-0.092273356,0.145847888,Osullivans,0.571713215,large,large,Eucalyptus grandis,Cryptocarya microneura,large_large,N_NSW,N_AUS,NA,Canopy,Subcanopy,Canopy_Subcanopy,Canopy.large_Subcanopy.large
541,Eucalyptus grandis small,Cryptocarya microneura large,-0.014451155,-0.157274476,0.128372166,-0.017340863,-0.011561447,0.07287038,Osullivans,0.285646642,small,large,Eucalyptus grandis,Cryptocarya microneura,small_large,N_NSW,N_AUS,NA,Canopy,Subcanopy,Canopy_Subcanopy,Canopy.small_Subcanopy.large
542,Syncarpia glomulifera subsp glomulifera large,Cryptocarya microneura large,-0.24017956,-0.702421193,0.222062074,-0.246605818,-0.233753301,0.235841902,Osullivans,0.924483267,large,large,Syncarpia glomulifera,Cryptocarya microneura,large_large,N_NSW,N_AUS,NA,Canopy,Subcanopy,Canopy_Subcanopy,Canopy.large_Subcanopy.large
543,Syncarpia glomulifera subsp glomulifera small,Cryptocarya microneura large,-0.108609302,-0.277761147,0.060542543,-0.111612299,-0.105606306,0.086303548,Osullivans,0.33830369,small,large,Syncarpia glomulifera,Cryptocarya microneura,small_large,N_NSW,N_AUS,NA,Canopy,Subcanopy,Canopy_Subcanopy,Canopy.small_Subcanopy.large
544,Cryptocarya microneura small,Cryptocarya microneura small,0.088755706,-0.141254947,0.318766359,0.083068195,0.094443217,0.11735453,Osullivans,0.460021306,small,small,Cryptocarya microneura,Cryptocarya microneura,small_small,N_NSW,N_AUS,NA,Subcanopy,Subcanopy,Subcanopy_Subcanopy,Subcanopy.small_Subcanopy.small
545,Eucalyptus grandis large,Cryptocarya microneura small,-0.077270351,-0.366199144,0.211658443,-0.083369617,-0.071171084,0.147415359,Osullivans,0.577857587,large,small,Eucalyptus grandis,Cryptocarya microneura,large_small,N_NSW,N_AUS,NA,Canopy,Subcanopy,Canopy_Subcanopy,Canopy.large_Subcanopy.small
546,Eucalyptus grandis small,Cryptocarya microneura small,0.006448199,-0.117566534,0.130462932,0.003542009,0.00935439,0.063273986,Osullivans,0.248029466,small,small,Eucalyptus grandis,Cryptocarya microneura,small_small,N_NSW,N_AUS,NA,Canopy,Subcanopy,Canopy_Subcanopy,Canopy.small_Subcanopy.small
547,Syncarpia glomulifera subsp glomulifera large,Cryptocarya microneura small,-0.184588803,-0.542899525,0.173721919,-0.189353638,-0.179823968,0.182814952,Osullivans,0.716621445,large,small,Syncarpia glomulifera,Cryptocarya microneura,large_small,N_NSW,N_AUS,NA,Canopy,Subcanopy,Canopy_Subcanopy,Canopy.large_Subcanopy.small
548,Syncarpia glomulifera subsp glomulifera small,Cryptocarya microneura small,0.018172794,-0.12008347,0.156429057,0.015129767,0.021215821,0.070540206,Osullivans,0.276512528,small,small,Syncarpia glomulifera,Cryptocarya microneura,small_small,N_NSW,N_AUS,NA,Canopy,Subcanopy,Canopy_Subcanopy,Canopy.small_Subcanopy.small
549,Eucalyptus grandis large,Eucalyptus grandis large,-0.90566411,-1.596924149,-0.214404071,-0.922215861,-0.889112358,0.352690174,Osullivans,1.382520078,large,large,Eucalyptus grandis,Eucalyptus grandis,large_large,N_NSW,N_AUS,1,Canopy,Canopy,Canopy_Canopy,Canopy.large_Canopy.large
550,Eucalyptus grandis small,Eucalyptus grandis large,-0.003270742,-0.223885354,0.217343869,-0.007299747,0.000758262,0.112560544,Osullivans,0.441229223,small,large,Eucalyptus grandis,Eucalyptus grandis,small_large,N_NSW,N_AUS,NA,Canopy,Canopy,Canopy_Canopy,Canopy.large_Canopy.small
551,Syncarpia glomulifera subsp glomulifera large,Eucalyptus grandis large,0.141888464,-0.433019628,0.716796556,0.132265549,0.151511379,0.293325845,Osullivans,1.149816184,large,large,Syncarpia glomulifera,Eucalyptus grandis,large_large,N_NSW,N_AUS,NA,Canopy,Canopy,Canopy_Canopy,Canopy.large_Canopy.large
552,Syncarpia glomulifera subsp glomulifera small,Eucalyptus grandis large,-0.200339923,-0.389382565,-0.01129728,-0.206301925,-0.194377921,0.0964521,Osullivans,0.378085285,small,large,Syncarpia glomulifera,Eucalyptus grandis,small_large,N_NSW,N_AUS,1,Canopy,Canopy,Canopy_Canopy,Canopy.large_Canopy.small
553,Eucalyptus grandis small,Eucalyptus grandis small,0.281204968,0.113538017,0.448871918,0.274975857,0.287434078,0.085545934,Osullivans,0.335333901,small,small,Eucalyptus grandis,Eucalyptus grandis,small_small,N_NSW,N_AUS,1,Canopy,Canopy,Canopy_Canopy,Canopy.small_Canopy.small
554,Syncarpia glomulifera subsp glomulifera large,Eucalyptus grandis small,0.070258877,-0.215181002,0.355698757,0.06590594,0.074611815,0.145635268,Osullivans,0.570879759,large,small,Syncarpia glomulifera,Eucalyptus grandis,large_small,N_NSW,N_AUS,NA,Canopy,Canopy,Canopy_Canopy,Canopy.large_Canopy.small
555,Syncarpia glomulifera subsp glomulifera small,Eucalyptus grandis small,0.057380575,-0.046626615,0.161387766,0.054614334,0.060146816,0.053065868,Osullivans,0.208014381,small,small,Syncarpia glomulifera,Eucalyptus grandis,small_small,N_NSW,N_AUS,NA,Canopy,Canopy,Canopy_Canopy,Canopy.small_Canopy.small
556,Syncarpia glomulifera subsp glomulifera large,Syncarpia glomulifera subsp glomulifera large,-0.505073121,-1.617687599,0.607541357,-0.518886494,-0.491259748,0.567670879,Osullivans,2.225228957,large,large,Syncarpia glomulifera,Syncarpia glomulifera,large_large,N_NSW,N_AUS,NA,Canopy,Canopy,Canopy_Canopy,Canopy.large_Canopy.large
557,Syncarpia glomulifera subsp glomulifera small,Syncarpia glomulifera subsp glomulifera large,-0.138535741,-0.383916793,0.10684531,-0.142768947,-0.134302536,0.125196715,Osullivans,0.490762103,small,large,Syncarpia glomulifera,Syncarpia glomulifera,small_large,N_NSW,N_AUS,NA,Canopy,Canopy,Canopy_Canopy,Canopy.large_Canopy.small
558,Syncarpia glomulifera subsp glomulifera small,Syncarpia glomulifera subsp glomulifera small,0.136487845,-0.084676273,0.357651964,0.128517565,0.144458126,0.112840909,Osullivans,0.442328237,small,small,Syncarpia glomulifera,Syncarpia glomulifera,small_small,N_NSW,N_AUS,NA,Canopy,Canopy,Canopy_Canopy,Canopy.small_Canopy.small
559,Acacia melanoxylon small,Acacia melanoxylon small,0.382254981,0.180788337,0.583721625,0.375040991,0.389468971,0.102790993,Herberton,0.402933289,small,small,Acacia melanoxylon,Acacia melanoxylon,small_small,QLD,N_AUS,1,Subcanopy,Subcanopy,Subcanopy_Subcanopy,Subcanopy.small_Subcanopy.small
560,Corymbia intermedia large,Acacia melanoxylon small,0.095121732,-0.096177296,0.28642076,0.091421883,0.098821581,0.097603338,Herberton,0.382598056,large,small,Corymbia intermedia,Acacia melanoxylon,large_small,QLD,N_AUS,NA,Subcanopy,Subcanopy,Subcanopy_Subcanopy,Subcanopy.large_Subcanopy.small
561,Corymbia intermedia small,Acacia melanoxylon small,0.121870895,-0.03163844,0.27538023,0.118309538,0.125432253,0.078322529,Herberton,0.30701867,small,small,Corymbia intermedia,Acacia melanoxylon,small_small,QLD,N_AUS,NA,Subcanopy,Subcanopy,Subcanopy_Subcanopy,Subcanopy.small_Subcanopy.small
562,Eucalyptus grandis large,Acacia melanoxylon small,0.164932879,-0.177574767,0.507440525,0.159551925,0.170313834,0.17475201,Herberton,0.685015292,large,small,Eucalyptus grandis,Acacia melanoxylon,large_small,QLD,N_AUS,NA,Canopy,Subcanopy,Canopy_Subcanopy,Canopy.large_Subcanopy.small
563,Eucalyptus grandis small,Acacia melanoxylon small,0.097106465,-0.061635092,0.255848022,0.093509485,0.100703445,0.080992079,Herberton,0.317483115,small,small,Eucalyptus grandis,Acacia melanoxylon,small_small,QLD,N_AUS,NA,Canopy,Subcanopy,Canopy_Subcanopy,Canopy.small_Subcanopy.small
564,Corymbia intermedia large,Corymbia intermedia large,-0.016159273,-0.389649067,0.35733052,-0.022324789,-0.009993758,0.190559519,Herberton,0.746979588,large,large,Corymbia intermedia,Corymbia intermedia,large_large,QLD,N_AUS,NA,Subcanopy,Subcanopy,Subcanopy_Subcanopy,Subcanopy.large_Subcanopy.large
565,Corymbia intermedia small,Corymbia intermedia large,-0.002467247,-0.159551939,0.154617445,-0.005716048,0.000781554,0.080146724,Herberton,0.314169384,small,large,Corymbia intermedia,Corymbia intermedia,small_large,QLD,N_AUS,NA,Subcanopy,Subcanopy,Subcanopy_Subcanopy,Subcanopy.large_Subcanopy.small
566,Eucalyptus grandis large,Corymbia intermedia large,-0.411564524,-0.80328923,-0.019839818,-0.419670238,-0.40345881,0.199863217,Herberton,0.783449413,large,large,Eucalyptus grandis,Corymbia intermedia,large_large,QLD,N_AUS,1,Canopy,Subcanopy,Canopy_Subcanopy,Canopy.large_Subcanopy.large
567,Eucalyptus grandis small,Corymbia intermedia large,-0.035968189,-0.227005366,0.155068988,-0.038991572,-0.032944805,0.097469739,Herberton,0.382074354,small,large,Eucalyptus grandis,Corymbia intermedia,small_large,QLD,N_AUS,NA,Canopy,Subcanopy,Canopy_Subcanopy,Canopy.small_Subcanopy.large
568,Corymbia intermedia small,Corymbia intermedia small,0.022561245,-0.220879546,0.266002037,0.012863961,0.032258529,0.124206768,Herberton,0.486881583,small,small,Corymbia intermedia,Corymbia intermedia,small_small,QLD,N_AUS,NA,Subcanopy,Subcanopy,Subcanopy_Subcanopy,Subcanopy.small_Subcanopy.small
569,Eucalyptus grandis large,Corymbia intermedia small,-0.182777688,-0.384446261,0.018890885,-0.188167481,-0.177387896,0.10289402,Herberton,0.403337147,large,small,Eucalyptus grandis,Corymbia intermedia,large_small,QLD,N_AUS,NA,Canopy,Subcanopy,Canopy_Subcanopy,Canopy.large_Subcanopy.small
570,Eucalyptus grandis small,Corymbia intermedia small,-0.231658919,-0.36252773,-0.100790109,-0.235055518,-0.22826232,0.066771028,Herberton,0.261737621,small,small,Eucalyptus grandis,Corymbia intermedia,small_small,QLD,N_AUS,1,Canopy,Subcanopy,Canopy_Subcanopy,Canopy.small_Subcanopy.small
571,Eucalyptus grandis large,Eucalyptus grandis large,-0.633015762,-1.298401785,0.032370261,-0.65369995,-0.612331574,0.339488903,Herberton,1.330772045,large,large,Eucalyptus grandis,Eucalyptus grandis,large_large,QLD,N_AUS,NA,Canopy,Canopy,Canopy_Canopy,Canopy.large_Canopy.large
572,Eucalyptus grandis small,Eucalyptus grandis large,-0.151832557,-0.398515293,0.094850179,-0.159344256,-0.144320858,0.125860852,Herberton,0.493365472,small,large,Eucalyptus grandis,Eucalyptus grandis,small_large,QLD,N_AUS,NA,Canopy,Canopy,Canopy_Canopy,Canopy.large_Canopy.small
573,Eucalyptus grandis small,Eucalyptus grandis small,0.000545333,-0.271539812,0.272630478,-0.006833187,0.007923853,0.138821502,Herberton,0.54417029,small,small,Eucalyptus grandis,Eucalyptus grandis,small_small,QLD,N_AUS,NA,Canopy,Canopy,Canopy_Canopy,Canopy.small_Canopy.small
574,Allocasuarina torulosa large,Allocasuarina torulosa large,0.012131648,-0.203121995,0.227385291,0.007716,0.016547296,0.109825305,Lamb Range,0.430507286,large,large,Allocasuarina torulosa,Allocasuarina torulosa,large_large,QLD,N_AUS,NA,Subcanopy,Subcanopy,Subcanopy_Subcanopy,Subcanopy.large_Subcanopy.large
575,Allocasuarina torulosa small,Allocasuarina torulosa large,0.075024672,-0.040997431,0.191046775,0.072447094,0.077602249,0.059196038,Lamb Range,0.232044206,small,large,Allocasuarina torulosa,Allocasuarina torulosa,small_large,QLD,N_AUS,NA,Subcanopy,Subcanopy,Subcanopy_Subcanopy,Subcanopy.large_Subcanopy.small
576,Eucalyptus grandis large,Allocasuarina torulosa large,-0.084663409,-0.264561065,0.095234247,-0.087549624,-0.081777194,0.091786205,Lamb Range,0.359795311,large,large,Eucalyptus grandis,Allocasuarina torulosa,large_large,QLD,N_AUS,NA,Canopy,Subcanopy,Canopy_Subcanopy,Canopy.large_Subcanopy.large
577,Eucalyptus grandis small,Allocasuarina torulosa large,-0.071100563,-0.187428662,0.045227537,-0.07373757,-0.068463555,0.059352162,Lamb Range,0.232656199,small,large,Eucalyptus grandis,Allocasuarina torulosa,small_large,QLD,N_AUS,NA,Canopy,Subcanopy,Canopy_Subcanopy,Canopy.small_Subcanopy.large
578,Allocasuarina torulosa small,Allocasuarina torulosa small,0.175771952,0.001821405,0.349722499,0.170163125,0.181380779,0.08875191,Lamb Range,0.347901094,small,small,Allocasuarina torulosa,Allocasuarina torulosa,small_small,QLD,N_AUS,1,Subcanopy,Subcanopy,Subcanopy_Subcanopy,Subcanopy.small_Subcanopy.small
579,Eucalyptus grandis large,Allocasuarina torulosa small,0.008372554,-0.135230011,0.151975119,0.005633649,0.011111459,0.073267961,Lamb Range,0.28720513,large,small,Eucalyptus grandis,Allocasuarina torulosa,large_small,QLD,N_AUS,NA,Canopy,Subcanopy,Canopy_Subcanopy,Canopy.large_Subcanopy.small
580,Eucalyptus grandis small,Allocasuarina torulosa small,-0.047041093,-0.142785135,0.048702949,-0.04987375,-0.044208436,0.048849899,Lamb Range,0.191488084,small,small,Eucalyptus grandis,Allocasuarina torulosa,small_small,QLD,N_AUS,NA,Canopy,Subcanopy,Canopy_Subcanopy,Canopy.small_Subcanopy.small
581,Eucalyptus grandis large,Eucalyptus grandis large,0.009488322,-0.315121522,0.334098167,0.004353956,0.014622689,0.165620311,Lamb Range,0.649219689,large,large,Eucalyptus grandis,Eucalyptus grandis,large_large,QLD,N_AUS,NA,Canopy,Canopy,Canopy_Canopy,Canopy.large_Canopy.large
582,Eucalyptus grandis small,Eucalyptus grandis large,0.034545943,-0.092479218,0.161571105,0.03171188,0.037380006,0.064809947,Lamb Range,0.254050323,small,large,Eucalyptus grandis,Eucalyptus grandis,small_large,QLD,N_AUS,NA,Canopy,Canopy,Canopy_Canopy,Canopy.large_Canopy.small
583,Eucalyptus grandis small,Eucalyptus grandis small,0.354647824,0.212665814,0.496629834,0.347078361,0.362217288,0.072441132,Lamb Range,0.28396402,small,small,Eucalyptus grandis,Eucalyptus grandis,small_small,QLD,N_AUS,1,Canopy,Canopy,Canopy_Canopy,Canopy.small_Canopy.small
584,Allocasuarina torulosa small,Allocasuarina torulosa small,0.251480745,-0.011935004,0.514896493,0.24680222,0.256159269,0.13439826,Baldy,0.526831497,small,small,Allocasuarina torulosa,Allocasuarina torulosa,small_small,QLD,N_AUS,NA,Subcanopy,Subcanopy,Subcanopy_Subcanopy,Subcanopy.small_Subcanopy.small
585,Corymbia intermedia small,Allocasuarina torulosa small,0.136479342,-0.110500788,0.383459471,0.132381123,0.14057756,0.126012586,Baldy,0.493960259,small,small,Corymbia intermedia,Allocasuarina torulosa,small_small,QLD,N_AUS,NA,Subcanopy,Subcanopy,Subcanopy_Subcanopy,Subcanopy.small_Subcanopy.small
586,Eucalyptus grandis large,Allocasuarina torulosa small,-0.116920769,-0.364911683,0.131070146,-0.119860297,-0.113981241,0.126528302,Baldy,0.495981829,large,small,Eucalyptus grandis,Allocasuarina torulosa,large_small,QLD,N_AUS,NA,Canopy,Subcanopy,Canopy_Subcanopy,Canopy.large_Subcanopy.small
587,Eucalyptus grandis small,Allocasuarina torulosa small,0.15365142,-0.144212617,0.451515457,0.149135316,0.158167524,0.15197424,Baldy,0.595728074,small,small,Eucalyptus grandis,Allocasuarina torulosa,small_small,QLD,N_AUS,NA,Canopy,Subcanopy,Canopy_Subcanopy,Canopy.small_Subcanopy.small
588,Corymbia intermedia small,Corymbia intermedia small,0.19704655,-0.187140217,0.581233316,0.189842244,0.204250855,0.196017258,Baldy,0.768373533,small,small,Corymbia intermedia,Corymbia intermedia,small_small,QLD,N_AUS,NA,Subcanopy,Subcanopy,Subcanopy_Subcanopy,Subcanopy.small_Subcanopy.small
589,Eucalyptus grandis large,Corymbia intermedia small,0.201025156,-0.116717623,0.518767934,0.196870713,0.205179599,0.162116641,Baldy,0.635485557,large,small,Eucalyptus grandis,Corymbia intermedia,large_small,QLD,N_AUS,NA,Canopy,Subcanopy,Canopy_Subcanopy,Canopy.large_Subcanopy.small
590,Eucalyptus grandis small,Corymbia intermedia small,0.162598118,-0.192167179,0.517363414,0.156693921,0.168502314,0.181006029,Baldy,0.709530594,small,small,Eucalyptus grandis,Corymbia intermedia,small_small,QLD,N_AUS,NA,Canopy,Subcanopy,Canopy_Subcanopy,Canopy.small_Subcanopy.small
591,Eucalyptus grandis large,Eucalyptus grandis large,-0.073424191,-0.464631678,0.317783295,-0.077789163,-0.06905922,0.199599324,Baldy,0.782414972,large,large,Eucalyptus grandis,Eucalyptus grandis,large_large,QLD,N_AUS,NA,Canopy,Canopy,Canopy_Canopy,Canopy.large_Canopy.large
592,Eucalyptus grandis small,Eucalyptus grandis large,-0.102891932,-0.402995411,0.197211548,-0.106519143,-0.09926472,0.153116834,Baldy,0.600206959,small,large,Eucalyptus grandis,Eucalyptus grandis,small_large,QLD,N_AUS,NA,Canopy,Canopy,Canopy_Canopy,Canopy.large_Canopy.small
593,Eucalyptus grandis small,Eucalyptus grandis small,-0.161360835,-0.68684009,0.364118421,-0.169275122,-0.153446547,0.268106587,Baldy,1.050958511,small,small,Eucalyptus grandis,Eucalyptus grandis,small_small,QLD,N_AUS,NA,Canopy,Canopy,Canopy_Canopy,Canopy.small_Canopy.small
594,Acacia melanoxylon large,Acacia melanoxylon large,0.2365512,-0.021008816,0.494111217,0.230103489,0.242998912,0.131410587,Koombooloomba,0.515120034,large,large,Acacia melanoxylon,Acacia melanoxylon,large_large,QLD,N_AUS,NA,Subcanopy,Subcanopy,Subcanopy_Subcanopy,Subcanopy.large_Subcanopy.large
595,Acacia melanoxylon small,Acacia melanoxylon large,0.046305136,-0.05610285,0.148713122,0.043069551,0.049540721,0.052249933,Koombooloomba,0.204815972,small,large,Acacia melanoxylon,Acacia melanoxylon,small_large,QLD,N_AUS,NA,Subcanopy,Subcanopy,Subcanopy_Subcanopy,Subcanopy.large_Subcanopy.small
596,Eucalyptus grandis large,Acacia melanoxylon large,-0.067847436,-0.43517227,0.299477399,-0.073811802,-0.061883069,0.187414074,Koombooloomba,0.734649669,large,large,Eucalyptus grandis,Acacia melanoxylon,large_large,QLD,N_AUS,NA,Canopy,Subcanopy,Canopy_Subcanopy,Canopy.large_Subcanopy.large
597,Eucalyptus grandis small,Acacia melanoxylon large,0.061529829,-0.077629105,0.200688763,0.057574396,0.065485262,0.071000761,Koombooloomba,0.278317868,small,large,Eucalyptus grandis,Acacia melanoxylon,small_large,QLD,N_AUS,NA,Canopy,Subcanopy,Canopy_Subcanopy,Canopy.small_Subcanopy.large
598,Polyscias elegans small,Acacia melanoxylon large,0.099295462,-0.100852645,0.299443568,0.095038628,0.103552295,0.102118257,Koombooloomba,0.400296213,small,large,Polyscias elegans,Acacia melanoxylon,small_large,QLD,N_AUS,NA,Subcanopy,Subcanopy,Subcanopy_Subcanopy,Subcanopy.large_Subcanopy.small
599,Sloanea langii small,Acacia melanoxylon large,-0.10383197,-0.320737305,0.113073365,-0.107873132,-0.099790807,0.110668021,Koombooloomba,0.43381067,small,large,Sloanea langii,Acacia melanoxylon,small_large,QLD,N_AUS,NA,Subcanopy,Subcanopy,Subcanopy_Subcanopy,Subcanopy.large_Subcanopy.small
600,Syncarpia glomulifera small,Acacia melanoxylon large,-0.079849498,-0.32138606,0.161687065,-0.084623133,-0.075075862,0.123235204,Koombooloomba,0.483073124,small,large,Syncarpia glomulifera,Acacia melanoxylon,small_large,QLD,N_AUS,NA,Canopy,Subcanopy,Canopy_Subcanopy,Canopy.small_Subcanopy.large
601,Acacia melanoxylon small,Acacia melanoxylon small,0.350641732,0.24346329,0.457820174,0.338776934,0.36250653,0.054683883,Koombooloomba,0.214356883,small,small,Acacia melanoxylon,Acacia melanoxylon,small_small,QLD,N_AUS,1,Subcanopy,Subcanopy,Subcanopy_Subcanopy,Subcanopy.small_Subcanopy.small
602,Eucalyptus grandis large,Acacia melanoxylon small,-0.191723026,-0.409104233,0.02565818,-0.195892752,-0.1875533,0.110910817,Koombooloomba,0.434762413,large,small,Eucalyptus grandis,Acacia melanoxylon,large_small,QLD,N_AUS,NA,Canopy,Subcanopy,Canopy_Subcanopy,Canopy.large_Subcanopy.small
603,Eucalyptus grandis small,Acacia melanoxylon small,-0.010569023,-0.073058999,0.051920953,-0.013796641,-0.007341405,0.031883227,Koombooloomba,0.124979953,small,small,Eucalyptus grandis,Acacia melanoxylon,small_small,QLD,N_AUS,NA,Canopy,Subcanopy,Canopy_Subcanopy,Canopy.small_Subcanopy.small
604,Polyscias elegans small,Acacia melanoxylon small,-0.005066005,-0.121132822,0.111000813,-0.008330251,-0.001801758,0.059218852,Koombooloomba,0.232133635,small,small,Polyscias elegans,Acacia melanoxylon,small_small,QLD,N_AUS,NA,Subcanopy,Subcanopy,Subcanopy_Subcanopy,Subcanopy.small_Subcanopy.small
605,Sloanea langii small,Acacia melanoxylon small,0.019440449,-0.117275173,0.15615607,0.015720435,0.023160463,0.06975415,Koombooloomba,0.273431243,small,small,Sloanea langii,Acacia melanoxylon,small_small,QLD,N_AUS,NA,Subcanopy,Subcanopy,Subcanopy_Subcanopy,Subcanopy.small_Subcanopy.small
606,Syncarpia glomulifera small,Acacia melanoxylon small,0.046788617,-0.069986626,0.163563859,0.043693414,0.049883819,0.0595803,Koombooloomba,0.233550485,small,small,Syncarpia glomulifera,Acacia melanoxylon,small_small,QLD,N_AUS,NA,Canopy,Subcanopy,Canopy_Subcanopy,Canopy.small_Subcanopy.small
607,Eucalyptus grandis large,Eucalyptus grandis large,-1.136334794,-2.677707776,0.405038189,-1.156229856,-1.116439732,0.786429238,Koombooloomba,3.082745965,large,large,Eucalyptus grandis,Eucalyptus grandis,large_large,QLD,N_AUS,NA,Canopy,Canopy,Canopy_Canopy,Canopy.large_Canopy.large
608,Eucalyptus grandis small,Eucalyptus grandis large,-0.203935199,-0.495136167,0.087265768,-0.209371594,-0.198498805,0.148574652,Koombooloomba,0.582401934,small,large,Eucalyptus grandis,Eucalyptus grandis,small_large,QLD,N_AUS,NA,Canopy,Canopy,Canopy_Canopy,Canopy.large_Canopy.small
609,Polyscias elegans small,Eucalyptus grandis large,0.494056589,-0.102562328,1.090675506,0.485575719,0.50253746,0.304403,Koombooloomba,1.193237834,small,large,Polyscias elegans,Eucalyptus grandis,small_large,QLD,N_AUS,NA,Subcanopy,Canopy,Subcanopy_Canopy,Canopy.large_Subcanopy.small
610,Sloanea langii small,Eucalyptus grandis large,-0.165936339,-0.587982489,0.256109812,-0.171607633,-0.160265045,0.215333625,Koombooloomba,0.844092301,small,large,Sloanea langii,Eucalyptus grandis,small_large,QLD,N_AUS,NA,Subcanopy,Canopy,Subcanopy_Canopy,Canopy.large_Subcanopy.small
611,Syncarpia glomulifera small,Eucalyptus grandis large,0.445538552,-0.234396354,1.125473458,0.438024822,0.453052282,0.346911939,Koombooloomba,1.359869812,small,large,Syncarpia glomulifera,Eucalyptus grandis,small_large,QLD,N_AUS,NA,Canopy,Canopy,Canopy_Canopy,Canopy.large_Canopy.small
612,Eucalyptus grandis small,Eucalyptus grandis small,0.332981266,0.181340263,0.484622269,0.32442342,0.341539112,0.07736928,Koombooloomba,0.303282006,small,small,Eucalyptus grandis,Eucalyptus grandis,small_small,QLD,N_AUS,1,Canopy,Canopy,Canopy_Canopy,Canopy.small_Canopy.small
613,Polyscias elegans small,Eucalyptus grandis small,0.059700856,-0.119504626,0.238906338,0.056028559,0.063373153,0.091433048,Koombooloomba,0.358410963,small,small,Polyscias elegans,Eucalyptus grandis,small_small,QLD,N_AUS,NA,Subcanopy,Canopy,Subcanopy_Canopy,Canopy.small_Subcanopy.small
614,Sloanea langii small,Eucalyptus grandis small,-0.03986053,-0.234751933,0.155030873,-0.043450395,-0.036270665,0.099436217,Koombooloomba,0.389782806,small,small,Sloanea langii,Eucalyptus grandis,small_small,QLD,N_AUS,NA,Subcanopy,Canopy,Subcanopy_Canopy,Canopy.small_Subcanopy.small
615,Syncarpia glomulifera small,Eucalyptus grandis small,0.017904537,-0.173010866,0.20881994,0.014336325,0.021472749,0.097407608,Koombooloomba,0.381830806,small,small,Syncarpia glomulifera,Eucalyptus grandis,small_small,QLD,N_AUS,NA,Canopy,Canopy,Canopy_Canopy,Canopy.small_Canopy.small
616,Polyscias elegans small,Polyscias elegans small,0.305483229,0.065758308,0.54520815,0.297923939,0.313042519,0.122310881,Koombooloomba,0.479449842,small,small,Polyscias elegans,Polyscias elegans,small_small,QLD,N_AUS,1,Subcanopy,Subcanopy,Subcanopy_Subcanopy,Subcanopy.small_Subcanopy.small
617,Sloanea langii small,Polyscias elegans small,0.173250201,-0.028895202,0.375395604,0.168684328,0.177816074,0.103137305,Koombooloomba,0.404290806,small,small,Sloanea langii,Polyscias elegans,small_small,QLD,N_AUS,NA,Subcanopy,Subcanopy,Subcanopy_Subcanopy,Subcanopy.small_Subcanopy.small
618,Syncarpia glomulifera small,Polyscias elegans small,-0.117256247,-0.385064508,0.150552014,-0.122088336,-0.112424158,0.136639379,Koombooloomba,0.535616522,small,small,Syncarpia glomulifera,Polyscias elegans,small_small,QLD,N_AUS,NA,Canopy,Subcanopy,Canopy_Subcanopy,Canopy.small_Subcanopy.small
619,Sloanea langii small,Sloanea langii small,0.311127205,0.106263179,0.515991231,0.302509703,0.319744706,0.104524383,Koombooloomba,0.409728052,small,small,Sloanea langii,Sloanea langii,small_small,QLD,N_AUS,1,Subcanopy,Subcanopy,Subcanopy_Subcanopy,Subcanopy.small_Subcanopy.small
620,Syncarpia glomulifera small,Sloanea langii small,0.032432257,-0.174581987,0.239446502,0.02827743,0.036587084,0.105621453,Koombooloomba,0.414028489,small,small,Syncarpia glomulifera,Sloanea langii,small_small,QLD,N_AUS,NA,Canopy,Subcanopy,Canopy_Subcanopy,Canopy.small_Subcanopy.small
621,Syncarpia glomulifera small,Syncarpia glomulifera small,0.357172171,0.067729829,0.646614513,0.346913357,0.367430985,0.147677378,Koombooloomba,0.578884684,small,small,Syncarpia glomulifera,Syncarpia glomulifera,small_small,QLD,N_AUS,1,Canopy,Canopy,Canopy_Canopy,Canopy.small_Canopy.small
622,Acacia mucronata small,Acacia mucronata small,0.050350138,-0.318817778,0.419518055,0.040178936,0.060521341,0.188354439,BlackRiver,0.738335833,small,small,Acacia mucronata,Acacia mucronata,small_small,o_TAS,TAS,NA,Subcanopy,Subcanopy,Subcanopy_Subcanopy,Subcanopy.small_Subcanopy.small
623,Eucalyptus obliqua large,Acacia mucronata small,0.196259503,-0.271110049,0.663629054,0.1886187,0.203900306,0.238458234,BlackRiver,0.934739103,large,small,Eucalyptus obliqua,Acacia mucronata,large_small,o_TAS,TAS,NA,Canopy,Subcanopy,Canopy_Subcanopy,Canopy.large_Subcanopy.small
624,Eucalyptus obliqua small,Acacia mucronata small,-0.021730195,-0.271022603,0.227562213,-0.026470605,-0.016989785,0.127192341,BlackRiver,0.498584816,small,small,Eucalyptus obliqua,Acacia mucronata,small_small,o_TAS,TAS,NA,Canopy,Subcanopy,Canopy_Subcanopy,Canopy.small_Subcanopy.small
625,Eucalyptus ovata large,Acacia mucronata small,0.421217822,-0.405680694,1.248116338,0.41041291,0.432022733,0.42189475,BlackRiver,1.653797032,large,small,Eucalyptus ovata,Acacia mucronata,large_small,o_TAS,TAS,NA,Canopy,Subcanopy,Canopy_Subcanopy,Canopy.large_Subcanopy.small
626,Eucalyptus ovata small,Acacia mucronata small,0.326333917,-0.115316396,0.76798423,0.31504758,0.337620254,0.225335933,BlackRiver,0.883300626,small,small,Eucalyptus ovata,Acacia mucronata,small_small,o_TAS,TAS,NA,Canopy,Subcanopy,Canopy_Subcanopy,Canopy.small_Subcanopy.small
627,Leptospermum scoparium small,Acacia mucronata small,-0.147669207,-0.520797114,0.225458701,-0.155233015,-0.140105398,0.190374879,BlackRiver,0.746255814,small,small,Leptospermum scoparium,Acacia mucronata,small_small,o_TAS,TAS,NA,Subcanopy,Subcanopy,Subcanopy_Subcanopy,Subcanopy.small_Subcanopy.small
628,Monotoca glauca large,Acacia mucronata small,-0.074421795,-0.718887751,0.570044161,-0.085016549,-0.06382704,0.328815203,BlackRiver,1.288931912,large,small,Monotoca glauca,Acacia mucronata,large_small,o_TAS,TAS,NA,Subcanopy,Subcanopy,Subcanopy_Subcanopy,Subcanopy.large_Subcanopy.small
629,Monotoca glauca small,Acacia mucronata small,-0.186200616,-0.478474982,0.106073749,-0.191500288,-0.180900945,0.149122314,BlackRiver,0.584548731,small,small,Monotoca glauca,Acacia mucronata,small_small,o_TAS,TAS,NA,Subcanopy,Subcanopy,Subcanopy_Subcanopy,Subcanopy.small_Subcanopy.small
630,Nematolepis squamea subsp squamea large,Acacia mucronata small,0.225191812,-0.206956656,0.657340281,0.217200638,0.233182987,0.220487964,BlackRiver,0.864296938,large,small,Nematolepis squamea,Acacia mucronata,large_small,o_TAS,TAS,NA,Subcanopy,Subcanopy,Subcanopy_Subcanopy,Subcanopy.large_Subcanopy.small
631,Nematolepis squamea subsp squamea small,Acacia mucronata small,-0.009433617,-0.200837714,0.181970479,-0.016595727,-0.002271508,0.097656946,BlackRiver,0.382808193,small,small,Nematolepis squamea,Acacia mucronata,small_small,o_TAS,TAS,NA,Subcanopy,Subcanopy,Subcanopy_Subcanopy,Subcanopy.small_Subcanopy.small
632,Zieria arborescens small,Acacia mucronata small,-0.341279683,-1.043416826,0.36085746,-0.350750598,-0.331808768,0.358239819,BlackRiver,1.404274286,small,small,Zieria arborescens,Acacia mucronata,small_small,o_TAS,TAS,NA,Subcanopy,Subcanopy,Subcanopy_Subcanopy,Subcanopy.small_Subcanopy.small
633,Eucalyptus obliqua large,Eucalyptus obliqua large,-0.983106135,-1.736234578,-0.229977691,-1.002406217,-0.963806052,0.384256267,BlackRiver,1.506256888,large,large,Eucalyptus obliqua,Eucalyptus obliqua,large_large,o_TAS,TAS,1,Canopy,Canopy,Canopy_Canopy,Canopy.large_Canopy.large
634,Eucalyptus obliqua small,Eucalyptus obliqua large,0.028703889,-0.334184978,0.391592755,0.022521236,0.034886541,0.185150783,BlackRiver,0.725777733,small,large,Eucalyptus obliqua,Eucalyptus obliqua,small_large,o_TAS,TAS,NA,Canopy,Canopy,Canopy_Canopy,Canopy.large_Canopy.small
635,Eucalyptus ovata large,Eucalyptus obliqua large,-0.589424624,-1.297748338,0.118899091,-0.601069811,-0.577779436,0.361396291,BlackRiver,1.416647429,large,large,Eucalyptus ovata,Eucalyptus obliqua,large_large,o_TAS,TAS,NA,Canopy,Canopy,Canopy_Canopy,Canopy.large_Canopy.large
636,Eucalyptus ovata small,Eucalyptus obliqua large,-0.511833933,-1.064744109,0.041076242,-0.522145638,-0.501522229,0.282102212,BlackRiver,1.105820351,small,large,Eucalyptus ovata,Eucalyptus obliqua,small_large,o_TAS,TAS,NA,Canopy,Canopy,Canopy_Canopy,Canopy.large_Canopy.small
637,Leptospermum scoparium small,Eucalyptus obliqua large,0.440929705,-0.048027412,0.929886821,0.430515013,0.451344396,0.249472501,BlackRiver,0.977914233,small,large,Leptospermum scoparium,Eucalyptus obliqua,small_large,o_TAS,TAS,NA,Subcanopy,Canopy,Subcanopy_Canopy,Canopy.large_Subcanopy.small
638,Monotoca glauca large,Eucalyptus obliqua large,-0.603904755,-1.303438834,0.095629324,-0.61649942,-0.59131009,0.356911701,BlackRiver,1.399068158,large,large,Monotoca glauca,Eucalyptus obliqua,large_large,o_TAS,TAS,NA,Subcanopy,Canopy,Subcanopy_Canopy,Canopy.large_Subcanopy.large
639,Monotoca glauca small,Eucalyptus obliqua large,0.058650526,-0.24954806,0.366849113,0.051855119,0.065445934,0.157247066,BlackRiver,0.616397173,small,large,Monotoca glauca,Eucalyptus obliqua,small_large,o_TAS,TAS,NA,Subcanopy,Canopy,Subcanopy_Canopy,Canopy.large_Subcanopy.small
640,Nematolepis squamea subsp squamea large,Eucalyptus obliqua large,0.663384319,-0.006641023,1.333409661,0.653654209,0.673114429,0.341855946,BlackRiver,1.340050684,large,large,Nematolepis squamea,Eucalyptus obliqua,large_large,o_TAS,TAS,NA,Subcanopy,Canopy,Subcanopy_Canopy,Canopy.large_Subcanopy.large
641,Nematolepis squamea subsp squamea small,Eucalyptus obliqua large,-0.106304387,-0.356449429,0.143840656,-0.112635311,-0.099973463,0.127627367,BlackRiver,0.500290085,small,large,Nematolepis squamea,Eucalyptus obliqua,small_large,o_TAS,TAS,NA,Subcanopy,Canopy,Subcanopy_Canopy,Canopy.large_Subcanopy.small
642,Zieria arborescens small,Eucalyptus obliqua large,0.986515132,0.049107081,1.923923184,0.971257434,1.001772831,0.478278202,BlackRiver,1.874816103,small,large,Zieria arborescens,Eucalyptus obliqua,small_large,o_TAS,TAS,1,Subcanopy,Canopy,Subcanopy_Canopy,Canopy.large_Subcanopy.small
643,Eucalyptus obliqua small,Eucalyptus obliqua small,0.101176498,-0.111413584,0.31376658,0.094362561,0.107990436,0.108466321,BlackRiver,0.425180164,small,small,Eucalyptus obliqua,Eucalyptus obliqua,small_small,o_TAS,TAS,NA,Canopy,Canopy,Canopy_Canopy,Canopy.small_Canopy.small
644,Eucalyptus ovata large,Eucalyptus obliqua small,0.343322288,-0.239006433,0.925651009,0.33518438,0.351460196,0.29711195,BlackRiver,1.164657443,large,small,Eucalyptus ovata,Eucalyptus obliqua,large_small,o_TAS,TAS,NA,Canopy,Canopy,Canopy_Canopy,Canopy.large_Canopy.small
645,Eucalyptus ovata small,Eucalyptus obliqua small,0.033990817,-0.265966959,0.333948592,0.027215492,0.040766142,0.153042494,BlackRiver,0.599915551,small,small,Eucalyptus ovata,Eucalyptus obliqua,small_small,o_TAS,TAS,NA,Canopy,Canopy,Canopy_Canopy,Canopy.small_Canopy.small
646,Leptospermum scoparium small,Eucalyptus obliqua small,-0.0167674,-0.241005686,0.207470886,-0.021778763,-0.011756038,0.114409391,BlackRiver,0.448476571,small,small,Leptospermum scoparium,Eucalyptus obliqua,small_small,o_TAS,TAS,NA,Subcanopy,Canopy,Subcanopy_Canopy,Canopy.small_Subcanopy.small
647,Monotoca glauca large,Eucalyptus obliqua small,-0.206694822,-0.680184714,0.26679507,-0.213466024,-0.199923621,0.241580915,BlackRiver,0.946979784,large,small,Monotoca glauca,Eucalyptus obliqua,large_small,o_TAS,TAS,NA,Subcanopy,Canopy,Subcanopy_Canopy,Canopy.small_Subcanopy.large
648,Monotoca glauca small,Eucalyptus obliqua small,0.050247015,-0.113832397,0.214326427,0.046261306,0.054232724,0.083715524,BlackRiver,0.328158824,small,small,Monotoca glauca,Eucalyptus obliqua,small_small,o_TAS,TAS,NA,Subcanopy,Canopy,Subcanopy_Canopy,Canopy.small_Subcanopy.small
649,Nematolepis squamea subsp squamea large,Eucalyptus obliqua small,-0.215025232,-0.499119991,0.069069527,-0.219806979,-0.210243484,0.144948969,BlackRiver,0.568189518,large,small,Nematolepis squamea,Eucalyptus obliqua,large_small,o_TAS,TAS,NA,Subcanopy,Canopy,Subcanopy_Canopy,Canopy.small_Subcanopy.large
650,Nematolepis squamea subsp squamea small,Eucalyptus obliqua small,-0.012851159,-0.173511556,0.147809238,-0.017559012,-0.008143306,0.081971097,BlackRiver,0.321320794,small,small,Nematolepis squamea,Eucalyptus obliqua,small_small,o_TAS,TAS,NA,Subcanopy,Canopy,Subcanopy_Canopy,Canopy.small_Subcanopy.small
651,Zieria arborescens small,Eucalyptus obliqua small,-0.048043809,-0.349511606,0.253423988,-0.054446508,-0.04164111,0.153812927,BlackRiver,0.602935593,small,small,Zieria arborescens,Eucalyptus obliqua,small_small,o_TAS,TAS,NA,Subcanopy,Canopy,Subcanopy_Canopy,Canopy.small_Subcanopy.small
652,Eucalyptus ovata large,Eucalyptus ovata large,-1.432267543,-3.536002353,0.671467267,-1.452843103,-1.411691983,1.07335381,BlackRiver,4.207469621,large,large,Eucalyptus ovata,Eucalyptus ovata,large_large,o_TAS,TAS,NA,Canopy,Canopy,Canopy_Canopy,Canopy.large_Canopy.large
653,Eucalyptus ovata small,Eucalyptus ovata large,-0.498543116,-1.375947093,0.378860861,-0.511911402,-0.48517483,0.447663316,BlackRiver,1.754807955,small,large,Eucalyptus ovata,Eucalyptus ovata,small_large,o_TAS,TAS,NA,Canopy,Canopy,Canopy_Canopy,Canopy.large_Canopy.small
654,Leptospermum scoparium small,Eucalyptus ovata large,0.383273718,-0.384377311,1.150924748,0.37189991,0.394647526,0.391665885,BlackRiver,1.535302059,small,large,Leptospermum scoparium,Eucalyptus ovata,small_large,o_TAS,TAS,NA,Subcanopy,Canopy,Subcanopy_Canopy,Canopy.large_Subcanopy.small
655,Monotoca glauca large,Eucalyptus ovata large,0.046306734,-1.188548958,1.281162427,0.031972497,0.060640971,0.630039992,BlackRiver,2.469711385,large,large,Monotoca glauca,Eucalyptus ovata,large_large,o_TAS,TAS,NA,Subcanopy,Canopy,Subcanopy_Canopy,Canopy.large_Subcanopy.large
656,Monotoca glauca small,Eucalyptus ovata large,0.125089911,-0.32392587,0.574105692,0.117955211,0.132224611,0.229093894,BlackRiver,0.898031562,small,large,Monotoca glauca,Eucalyptus ovata,small_large,o_TAS,TAS,NA,Subcanopy,Canopy,Subcanopy_Canopy,Canopy.large_Subcanopy.small
657,Nematolepis squamea subsp squamea large,Eucalyptus ovata large,0.381183396,-0.582765089,1.345131882,0.36953214,0.392834653,0.491819489,BlackRiver,1.927896971,large,large,Nematolepis squamea,Eucalyptus ovata,large_large,o_TAS,TAS,NA,Subcanopy,Canopy,Subcanopy_Canopy,Canopy.large_Subcanopy.large
658,Nematolepis squamea subsp squamea small,Eucalyptus ovata large,-0.016109729,-0.428350875,0.396131417,-0.024562137,-0.007657321,0.21033098,BlackRiver,0.824482291,small,large,Nematolepis squamea,Eucalyptus ovata,small_large,o_TAS,TAS,NA,Subcanopy,Canopy,Subcanopy_Canopy,Canopy.large_Subcanopy.small
659,Zieria arborescens small,Eucalyptus ovata large,0.845617827,-0.503197996,2.19443365,0.829748843,0.861486811,0.688183984,BlackRiver,2.697631647,small,large,Zieria arborescens,Eucalyptus ovata,small_large,o_TAS,TAS,NA,Subcanopy,Canopy,Subcanopy_Canopy,Canopy.large_Subcanopy.small
660,Eucalyptus ovata small,Eucalyptus ovata small,-0.590167099,-1.312251713,0.131917516,-0.608497354,-0.571836844,0.368417287,BlackRiver,1.444169229,small,small,Eucalyptus ovata,Eucalyptus ovata,small_small,o_TAS,TAS,NA,Canopy,Canopy,Canopy_Canopy,Canopy.small_Canopy.small
661,Leptospermum scoparium small,Eucalyptus ovata small,0.549645736,0.068407207,1.030884265,0.535340274,0.563951198,0.245534373,BlackRiver,0.962477058,small,small,Leptospermum scoparium,Eucalyptus ovata,small_small,o_TAS,TAS,1,Subcanopy,Canopy,Subcanopy_Canopy,Canopy.small_Subcanopy.small
662,Monotoca glauca large,Eucalyptus ovata small,0.289435709,-0.505513833,1.084385252,0.274420341,0.304451078,0.405593954,BlackRiver,1.589899085,large,small,Monotoca glauca,Eucalyptus ovata,large_small,o_TAS,TAS,NA,Subcanopy,Canopy,Subcanopy_Canopy,Canopy.small_Subcanopy.large
663,Monotoca glauca small,Eucalyptus ovata small,-0.088594593,-0.407320664,0.230131477,-0.095625597,-0.08156359,0.16261833,BlackRiver,0.63745214,small,small,Monotoca glauca,Eucalyptus ovata,small_small,o_TAS,TAS,NA,Subcanopy,Canopy,Subcanopy_Canopy,Canopy.small_Subcanopy.small
664,Nematolepis squamea subsp squamea large,Eucalyptus ovata small,-0.202506882,-0.807857459,0.402843695,-0.212810626,-0.192203137,0.308858011,BlackRiver,1.210701154,large,small,Nematolepis squamea,Eucalyptus ovata,large_small,o_TAS,TAS,NA,Subcanopy,Canopy,Subcanopy_Canopy,Canopy.small_Subcanopy.large
665,Nematolepis squamea subsp squamea small,Eucalyptus ovata small,0.232485265,-0.037673499,0.502644028,0.223459777,0.241510752,0.137838637,BlackRiver,0.540317527,small,small,Nematolepis squamea,Eucalyptus ovata,small_small,o_TAS,TAS,NA,Subcanopy,Canopy,Subcanopy_Canopy,Canopy.small_Subcanopy.small
666,Zieria arborescens small,Eucalyptus ovata small,0.609272518,-0.3837103,1.602255335,0.595229229,0.623315806,0.506633196,BlackRiver,1.985965635,small,small,Zieria arborescens,Eucalyptus ovata,small_small,o_TAS,TAS,NA,Subcanopy,Canopy,Subcanopy_Canopy,Canopy.small_Subcanopy.small
667,Leptospermum scoparium small,Leptospermum scoparium small,-0.01439421,-0.450787882,0.421999461,-0.023756819,-0.005031602,0.222653924,BlackRiver,0.872787342,small,small,Leptospermum scoparium,Leptospermum scoparium,small_small,o_TAS,TAS,NA,Subcanopy,Subcanopy,Subcanopy_Subcanopy,Subcanopy.small_Subcanopy.small
668,Monotoca glauca large,Leptospermum scoparium small,0.065033809,-0.629074306,0.759141924,0.053713745,0.076353873,0.354143301,BlackRiver,1.388216229,large,small,Monotoca glauca,Leptospermum scoparium,large_small,o_TAS,TAS,NA,Subcanopy,Subcanopy,Subcanopy_Subcanopy,Subcanopy.large_Subcanopy.small
669,Monotoca glauca small,Leptospermum scoparium small,0.139025646,-0.13691545,0.414966742,0.132617573,0.145433719,0.14078886,BlackRiver,0.551882191,small,small,Monotoca glauca,Leptospermum scoparium,small_small,o_TAS,TAS,NA,Subcanopy,Subcanopy,Subcanopy_Subcanopy,Subcanopy.small_Subcanopy.small
670,Nematolepis squamea subsp squamea large,Leptospermum scoparium small,-0.100414054,-0.50180019,0.300972082,-0.108179517,-0.09264859,0.204792608,BlackRiver,0.802772272,large,small,Nematolepis squamea,Leptospermum scoparium,large_small,o_TAS,TAS,NA,Subcanopy,Subcanopy,Subcanopy_Subcanopy,Subcanopy.large_Subcanopy.small
671,Nematolepis squamea subsp squamea small,Leptospermum scoparium small,0.026972631,-0.204300417,0.25824568,0.019386788,0.034558475,0.117998622,BlackRiver,0.462546098,small,small,Nematolepis squamea,Leptospermum scoparium,small_small,o_TAS,TAS,NA,Subcanopy,Subcanopy,Subcanopy_Subcanopy,Subcanopy.small_Subcanopy.small
672,Zieria arborescens small,Leptospermum scoparium small,-0.188388039,-0.841003612,0.464227534,-0.199207652,-0.177568426,0.332973247,BlackRiver,1.305231146,small,small,Zieria arborescens,Leptospermum scoparium,small_small,o_TAS,TAS,NA,Subcanopy,Subcanopy,Subcanopy_Subcanopy,Subcanopy.small_Subcanopy.small
673,Monotoca glauca large,Monotoca glauca large,-1.07526849,-3.309311105,1.158774125,-1.098384428,-1.052152552,1.139838606,BlackRiver,4.46808523,large,large,Monotoca glauca,Monotoca glauca,large_large,o_TAS,TAS,NA,Subcanopy,Subcanopy,Subcanopy_Subcanopy,Subcanopy.large_Subcanopy.large
674,Monotoca glauca small,Monotoca glauca large,0.413244434,-0.206037156,1.032526023,0.403135469,0.423353398,0.315965801,BlackRiver,1.23856318,small,large,Monotoca glauca,Monotoca glauca,small_large,o_TAS,TAS,NA,Subcanopy,Subcanopy,Subcanopy_Subcanopy,Subcanopy.large_Subcanopy.small
675,Nematolepis squamea subsp squamea large,Monotoca glauca large,0.275052186,-0.548183798,1.09828817,0.265223482,0.284880891,0.420026077,BlackRiver,1.646471968,large,large,Nematolepis squamea,Monotoca glauca,large_large,o_TAS,TAS,NA,Subcanopy,Subcanopy,Subcanopy_Subcanopy,Subcanopy.large_Subcanopy.large
676,Nematolepis squamea subsp squamea small,Monotoca glauca large,-0.292154589,-0.724176891,0.139867712,-0.300487624,-0.283821555,0.220423592,BlackRiver,0.864044603,small,large,Nematolepis squamea,Monotoca glauca,small_large,o_TAS,TAS,NA,Subcanopy,Subcanopy,Subcanopy_Subcanopy,Subcanopy.large_Subcanopy.small
677,Zieria arborescens small,Monotoca glauca large,0.688038122,-0.466506484,1.842582727,0.671804901,0.704271343,0.589064194,BlackRiver,2.309089211,small,large,Zieria arborescens,Monotoca glauca,small_large,o_TAS,TAS,NA,Subcanopy,Subcanopy,Subcanopy_Subcanopy,Subcanopy.large_Subcanopy.small
678,Monotoca glauca small,Monotoca glauca small,-0.071189952,-0.364048362,0.221668457,-0.080636604,-0.061743301,0.149420302,BlackRiver,0.585716819,small,small,Monotoca glauca,Monotoca glauca,small_small,o_TAS,TAS,NA,Subcanopy,Subcanopy,Subcanopy_Subcanopy,Subcanopy.small_Subcanopy.small
679,Nematolepis squamea subsp squamea large,Monotoca glauca small,-0.127427375,-0.449695596,0.194840846,-0.132818333,-0.122036418,0.164425583,BlackRiver,0.644536443,large,small,Nematolepis squamea,Monotoca glauca,large_small,o_TAS,TAS,NA,Subcanopy,Subcanopy,Subcanopy_Subcanopy,Subcanopy.large_Subcanopy.small
680,Nematolepis squamea subsp squamea small,Monotoca glauca small,0.0194772,-0.162542657,0.201497057,0.014423446,0.024530955,0.09286898,BlackRiver,0.364039714,small,small,Nematolepis squamea,Monotoca glauca,small_small,o_TAS,TAS,NA,Subcanopy,Subcanopy,Subcanopy_Subcanopy,Subcanopy.small_Subcanopy.small
681,Zieria arborescens small,Monotoca glauca small,-0.505496424,-1.027407311,0.016414462,-0.513065645,-0.497927203,0.266285957,BlackRiver,1.043821773,small,small,Zieria arborescens,Monotoca glauca,small_small,o_TAS,TAS,NA,Subcanopy,Subcanopy,Subcanopy_Subcanopy,Subcanopy.small_Subcanopy.small
682,Nematolepis squamea subsp squamea large,Nematolepis squamea subsp squamea large,-0.191160033,-0.769198918,0.386878853,-0.202096173,-0.180223892,0.294923218,BlackRiver,1.156077771,large,large,Nematolepis squamea,Nematolepis squamea,large_large,o_TAS,TAS,NA,Subcanopy,Subcanopy,Subcanopy_Subcanopy,Subcanopy.large_Subcanopy.large
683,Nematolepis squamea subsp squamea small,Nematolepis squamea subsp squamea large,0.242900892,-0.05070941,0.536511195,0.236033413,0.249768372,0.149803927,BlackRiver,0.587220605,small,large,Nematolepis squamea,Nematolepis squamea,small_large,o_TAS,TAS,NA,Subcanopy,Subcanopy,Subcanopy_Subcanopy,Subcanopy.large_Subcanopy.small
684,Zieria arborescens small,Nematolepis squamea subsp squamea large,-0.723871071,-1.657169264,0.209427122,-0.735010705,-0.712731436,0.476181297,BlackRiver,1.866596386,small,large,Zieria arborescens,Nematolepis squamea,small_large,o_TAS,TAS,NA,Subcanopy,Subcanopy,Subcanopy_Subcanopy,Subcanopy.large_Subcanopy.small
685,Nematolepis squamea subsp squamea small,Nematolepis squamea subsp squamea small,0.294797987,0.112942789,0.476653185,0.283364023,0.306231952,0.092784969,BlackRiver,0.363710395,small,small,Nematolepis squamea,Nematolepis squamea,small_small,o_TAS,TAS,1,Subcanopy,Subcanopy,Subcanopy_Subcanopy,Subcanopy.small_Subcanopy.small
686,Zieria arborescens small,Nematolepis squamea subsp squamea small,-0.077293189,-0.491593415,0.337007036,-0.085583012,-0.069003367,0.21138155,BlackRiver,0.828600451,small,small,Zieria arborescens,Nematolepis squamea,small_small,o_TAS,TAS,NA,Subcanopy,Subcanopy,Subcanopy_Subcanopy,Subcanopy.small_Subcanopy.small
687,Zieria arborescens small,Zieria arborescens small,-1.190864329,-2.33993236,-0.041796298,-1.208872716,-1.172855941,0.586269972,BlackRiver,2.298136062,small,small,Zieria arborescens,Zieria arborescens,small_small,o_TAS,TAS,1,Subcanopy,Subcanopy,Subcanopy_Subcanopy,Subcanopy.small_Subcanopy.small
688,Acacia melanoxylon large,Acacia melanoxylon large,-0.122968116,-0.622895323,0.376959091,-0.129643355,-0.116292877,0.255069588,BondTier,0.999854413,large,large,Acacia melanoxylon,Acacia melanoxylon,large_large,o_TAS,TAS,NA,Subcanopy,Subcanopy,Subcanopy_Subcanopy,Subcanopy.large_Subcanopy.large
689,Acacia melanoxylon small,Acacia melanoxylon large,-0.050757389,-0.657954239,0.556439462,-0.058436145,-0.043078632,0.309800004,BondTier,1.214393701,small,large,Acacia melanoxylon,Acacia melanoxylon,small_large,o_TAS,TAS,NA,Subcanopy,Subcanopy,Subcanopy_Subcanopy,Subcanopy.large_Subcanopy.small
690,Eucalyptus obliqua large,Acacia melanoxylon large,0.022902172,-0.419808975,0.465613319,0.017152355,0.02865199,0.225877185,BondTier,0.885422294,large,large,Eucalyptus obliqua,Acacia melanoxylon,large_large,o_TAS,TAS,NA,Canopy,Subcanopy,Canopy_Subcanopy,Canopy.large_Subcanopy.large
691,Eucalyptus obliqua small,Acacia melanoxylon large,0.047161627,-0.287784256,0.38210751,0.042337515,0.051985738,0.170893897,BondTier,0.669891766,small,large,Eucalyptus obliqua,Acacia melanoxylon,small_large,o_TAS,TAS,NA,Canopy,Subcanopy,Canopy_Subcanopy,Canopy.small_Subcanopy.large
692,Nothofagus cunninghamii large,Acacia melanoxylon large,-0.362082952,-1.078790486,0.354624581,-0.370302875,-0.35386303,0.365673828,BondTier,1.433415068,large,large,Nothofagus cunninghamii,Acacia melanoxylon,large_large,o_TAS,TAS,NA,Subcanopy,Subcanopy,Subcanopy_Subcanopy,Subcanopy.large_Subcanopy.large
693,Nothofagus cunninghamii small,Acacia melanoxylon large,0.03088156,-0.308650378,0.370413499,0.02605435,0.035708771,0.173233764,BondTier,0.679063877,small,large,Nothofagus cunninghamii,Acacia melanoxylon,small_large,o_TAS,TAS,NA,Subcanopy,Subcanopy,Subcanopy_Subcanopy,Subcanopy.large_Subcanopy.small
694,Olearia argophylla small,Acacia melanoxylon large,0.270646608,-0.151864002,0.693157219,0.263207158,0.278086059,0.215570599,BondTier,0.845021221,small,large,Olearia argophylla,Acacia melanoxylon,small_large,o_TAS,TAS,NA,Subcanopy,Subcanopy,Subcanopy_Subcanopy,Subcanopy.large_Subcanopy.small
695,Pittosporum bicolor small,Acacia melanoxylon large,-0.301235557,-0.639336765,0.036865651,-0.306959851,-0.295511263,0.172503786,BondTier,0.676202417,small,large,Pittosporum bicolor,Acacia melanoxylon,small_large,o_TAS,TAS,NA,Subcanopy,Subcanopy,Subcanopy_Subcanopy,Subcanopy.large_Subcanopy.small
696,Pomaderris apetala large,Acacia melanoxylon large,0.217003998,-0.300968965,0.734976961,0.2093389,0.224669096,0.264276776,BondTier,1.035945925,large,large,Pomaderris apetala,Acacia melanoxylon,large_large,o_TAS,TAS,NA,Subcanopy,Subcanopy,Subcanopy_Subcanopy,Subcanopy.large_Subcanopy.large
697,Pomaderris apetala small,Acacia melanoxylon large,-0.12231046,-0.280159031,0.035538112,-0.125166292,-0.119454627,0.080536465,BondTier,0.315697142,small,large,Pomaderris apetala,Acacia melanoxylon,small_large,o_TAS,TAS,NA,Subcanopy,Subcanopy,Subcanopy_Subcanopy,Subcanopy.large_Subcanopy.small
698,Acacia melanoxylon small,Acacia melanoxylon small,-1.161690767,-2.495859835,0.172478301,-1.177635853,-1.14574568,0.680711012,BondTier,2.668338135,small,small,Acacia melanoxylon,Acacia melanoxylon,small_small,o_TAS,TAS,NA,Subcanopy,Subcanopy,Subcanopy_Subcanopy,Subcanopy.small_Subcanopy.small
699,Eucalyptus obliqua large,Acacia melanoxylon small,-0.003647517,-0.80017449,0.792879455,-0.01190582,0.004610786,0.40639878,BondTier,1.593053944,large,small,Eucalyptus obliqua,Acacia melanoxylon,large_small,o_TAS,TAS,NA,Canopy,Subcanopy,Canopy_Subcanopy,Canopy.large_Subcanopy.small
700,Eucalyptus obliqua small,Acacia melanoxylon small,0.466400782,-0.017864416,0.950665981,0.458187365,0.4746142,0.247078621,BondTier,0.968530397,small,small,Eucalyptus obliqua,Acacia melanoxylon,small_small,o_TAS,TAS,NA,Canopy,Subcanopy,Canopy_Subcanopy,Canopy.small_Subcanopy.small
701,Nothofagus cunninghamii large,Acacia melanoxylon small,-0.939789597,-2.092865452,0.213286259,-0.956482681,-0.923096512,0.588314818,BondTier,2.306151712,large,small,Nothofagus cunninghamii,Acacia melanoxylon,large_small,o_TAS,TAS,NA,Subcanopy,Subcanopy,Subcanopy_Subcanopy,Subcanopy.large_Subcanopy.small
702,Nothofagus cunninghamii small,Acacia melanoxylon small,0.467571849,-0.108632225,1.043775922,0.459230892,0.475912805,0.293987072,BondTier,1.152408146,small,small,Nothofagus cunninghamii,Acacia melanoxylon,small_small,o_TAS,TAS,NA,Subcanopy,Subcanopy,Subcanopy_Subcanopy,Subcanopy.small_Subcanopy.small
703,Olearia argophylla small,Acacia melanoxylon small,0.306063211,-0.207573144,0.819699566,0.298157236,0.313969187,0.26206418,BondTier,1.02727271,small,small,Olearia argophylla,Acacia melanoxylon,small_small,o_TAS,TAS,NA,Subcanopy,Subcanopy,Subcanopy_Subcanopy,Subcanopy.small_Subcanopy.small
704,Pittosporum bicolor small,Acacia melanoxylon small,0.360353188,-0.068390448,0.789096824,0.352769179,0.367937198,0.218750773,BondTier,0.857487272,small,small,Pittosporum bicolor,Acacia melanoxylon,small_small,o_TAS,TAS,NA,Subcanopy,Subcanopy,Subcanopy_Subcanopy,Subcanopy.small_Subcanopy.small
705,Pomaderris apetala large,Acacia melanoxylon small,-0.556599411,-1.351685186,0.238486365,-0.566361872,-0.546836949,0.405663462,BondTier,1.590171551,large,small,Pomaderris apetala,Acacia melanoxylon,large_small,o_TAS,TAS,NA,Subcanopy,Subcanopy,Subcanopy_Subcanopy,Subcanopy.large_Subcanopy.small
706,Pomaderris apetala small,Acacia melanoxylon small,-0.13953616,-0.376083223,0.097010903,-0.143247985,-0.135824336,0.120689495,BondTier,0.473094126,small,small,Pomaderris apetala,Acacia melanoxylon,small_small,o_TAS,TAS,NA,Subcanopy,Subcanopy,Subcanopy_Subcanopy,Subcanopy.small_Subcanopy.small
707,Eucalyptus obliqua large,Eucalyptus obliqua large,-0.45750566,-1.005522873,0.090511553,-0.466912312,-0.448099007,0.279605757,BondTier,1.096034426,large,large,Eucalyptus obliqua,Eucalyptus obliqua,large_large,o_TAS,TAS,NA,Canopy,Canopy,Canopy_Canopy,Canopy.large_Canopy.large
708,Eucalyptus obliqua small,Eucalyptus obliqua large,-0.025364652,-0.346829376,0.296100071,-0.029939193,-0.020790111,0.164015628,BondTier,0.642929447,small,large,Eucalyptus obliqua,Eucalyptus obliqua,small_large,o_TAS,TAS,NA,Canopy,Canopy,Canopy_Canopy,Canopy.large_Canopy.small
709,Nothofagus cunninghamii large,Eucalyptus obliqua large,-0.698098714,-1.410060019,0.01386259,-0.708663213,-0.687534215,0.363252238,BondTier,1.423922609,large,large,Nothofagus cunninghamii,Eucalyptus obliqua,large_large,o_TAS,TAS,NA,Subcanopy,Canopy,Subcanopy_Canopy,Canopy.large_Subcanopy.large
710,Nothofagus cunninghamii small,Eucalyptus obliqua large,0.11529834,-0.250727032,0.481323711,0.110437751,0.120158929,0.18675107,BondTier,0.732050743,small,large,Nothofagus cunninghamii,Eucalyptus obliqua,small_large,o_TAS,TAS,NA,Subcanopy,Canopy,Subcanopy_Canopy,Canopy.large_Subcanopy.small
711,Olearia argophylla small,Eucalyptus obliqua large,0.12421854,-0.292345044,0.540782125,0.11807336,0.130363721,0.212536346,BondTier,0.833127169,small,large,Olearia argophylla,Eucalyptus obliqua,small_large,o_TAS,TAS,NA,Subcanopy,Canopy,Subcanopy_Canopy,Canopy.large_Subcanopy.small
712,Pittosporum bicolor small,Eucalyptus obliqua large,0.037197879,-0.27344677,0.347842529,0.032403311,0.041992448,0.158495081,BondTier,0.621289299,small,large,Pittosporum bicolor,Eucalyptus obliqua,small_large,o_TAS,TAS,NA,Subcanopy,Canopy,Subcanopy_Canopy,Canopy.large_Subcanopy.small
713,Pomaderris apetala large,Eucalyptus obliqua large,0.055728236,-0.433234478,0.54469095,0.049181507,0.062274965,0.249475356,BondTier,0.977925427,large,large,Pomaderris apetala,Eucalyptus obliqua,large_large,o_TAS,TAS,NA,Subcanopy,Canopy,Subcanopy_Canopy,Canopy.large_Subcanopy.large
714,Pomaderris apetala small,Eucalyptus obliqua large,-0.045837393,-0.184121741,0.092446954,-0.048536905,-0.043137882,0.070554535,BondTier,0.276568695,small,large,Pomaderris apetala,Eucalyptus obliqua,small_large,o_TAS,TAS,NA,Subcanopy,Canopy,Subcanopy_Canopy,Canopy.large_Subcanopy.small
715,Eucalyptus obliqua small,Eucalyptus obliqua small,0.201889128,-0.034758127,0.438536382,0.196391615,0.20738664,0.120740614,BondTier,0.473294509,small,small,Eucalyptus obliqua,Eucalyptus obliqua,small_small,o_TAS,TAS,NA,Canopy,Canopy,Canopy_Canopy,Canopy.small_Canopy.small
716,Nothofagus cunninghamii large,Eucalyptus obliqua small,0.244903402,-0.244952386,0.734759191,0.237929038,0.251877766,0.249931015,BondTier,0.979711577,large,small,Nothofagus cunninghamii,Eucalyptus obliqua,large_small,o_TAS,TAS,NA,Subcanopy,Canopy,Subcanopy_Canopy,Canopy.small_Subcanopy.large
717,Nothofagus cunninghamii small,Eucalyptus obliqua small,0.021888592,-0.24008501,0.283862194,0.017051172,0.026726011,0.133662457,BondTier,0.523947204,small,small,Nothofagus cunninghamii,Eucalyptus obliqua,small_small,o_TAS,TAS,NA,Subcanopy,Canopy,Subcanopy_Canopy,Canopy.small_Subcanopy.small
718,Olearia argophylla small,Eucalyptus obliqua small,-0.164195384,-0.429427993,0.101037226,-0.168851374,-0.159539393,0.135325247,BondTier,0.530465219,small,small,Olearia argophylla,Eucalyptus obliqua,small_small,o_TAS,TAS,NA,Subcanopy,Canopy,Subcanopy_Canopy,Canopy.small_Subcanopy.small
719,Pittosporum bicolor small,Eucalyptus obliqua small,0.058229225,-0.149285462,0.265743912,0.053755287,0.062703162,0.105876786,BondTier,0.415029374,small,small,Pittosporum bicolor,Eucalyptus obliqua,small_small,o_TAS,TAS,NA,Subcanopy,Canopy,Subcanopy_Canopy,Canopy.small_Subcanopy.small
720,Pomaderris apetala large,Eucalyptus obliqua small,-0.004868419,-0.284367435,0.274630596,-0.010547209,0.00081037,0.142604159,BondTier,0.55899803,large,small,Pomaderris apetala,Eucalyptus obliqua,large_small,o_TAS,TAS,NA,Subcanopy,Canopy,Subcanopy_Canopy,Canopy.small_Subcanopy.large
721,Pomaderris apetala small,Eucalyptus obliqua small,0.103846172,0.00265934,0.205033005,0.100910439,0.106781906,0.051626884,BondTier,0.202373666,small,small,Pomaderris apetala,Eucalyptus obliqua,small_small,o_TAS,TAS,1,Subcanopy,Canopy,Subcanopy_Canopy,Canopy.small_Subcanopy.small
722,Nothofagus cunninghamii large,Nothofagus cunninghamii large,-0.931909378,-2.045204394,0.181385637,-0.950788431,-0.913030325,0.568018099,BondTier,2.226590031,large,large,Nothofagus cunninghamii,Nothofagus cunninghamii,large_large,o_TAS,TAS,NA,Subcanopy,Subcanopy,Subcanopy_Subcanopy,Subcanopy.large_Subcanopy.large
723,Nothofagus cunninghamii small,Nothofagus cunninghamii large,0.316435477,-0.262162323,0.895033277,0.308439604,0.32443135,0.295208384,BondTier,1.1571956,small,large,Nothofagus cunninghamii,Nothofagus cunninghamii,small_large,o_TAS,TAS,NA,Subcanopy,Subcanopy,Subcanopy_Subcanopy,Subcanopy.large_Subcanopy.small
724,Olearia argophylla small,Nothofagus cunninghamii large,0.452402169,-0.186589842,1.09139418,0.442738304,0.462066034,0.326022323,BondTier,1.277984021,small,large,Olearia argophylla,Nothofagus cunninghamii,small_large,o_TAS,TAS,NA,Subcanopy,Subcanopy,Subcanopy_Subcanopy,Subcanopy.large_Subcanopy.small
725,Pittosporum bicolor small,Nothofagus cunninghamii large,-0.049859875,-0.493900044,0.394180294,-0.057194322,-0.042525428,0.22655527,BondTier,0.888080339,small,large,Pittosporum bicolor,Nothofagus cunninghamii,small_large,o_TAS,TAS,NA,Subcanopy,Subcanopy,Subcanopy_Subcanopy,Subcanopy.large_Subcanopy.small
726,Pomaderris apetala large,Nothofagus cunninghamii large,0.448746066,-0.238437581,1.135929714,0.435830043,0.46166209,0.350610344,BondTier,1.374367296,large,large,Pomaderris apetala,Nothofagus cunninghamii,large_large,o_TAS,TAS,NA,Subcanopy,Subcanopy,Subcanopy_Subcanopy,Subcanopy.large_Subcanopy.large
727,Pomaderris apetala small,Nothofagus cunninghamii large,-0.268441009,-0.491442247,-0.045439771,-0.274499822,-0.262382197,0.113778233,BondTier,0.446002476,small,large,Pomaderris apetala,Nothofagus cunninghamii,small_large,o_TAS,TAS,1,Subcanopy,Subcanopy,Subcanopy_Subcanopy,Subcanopy.large_Subcanopy.small
728,Nothofagus cunninghamii small,Nothofagus cunninghamii small,-0.024577521,-0.388540327,0.339385286,-0.032919259,-0.016235782,0.185698722,BondTier,0.727925614,small,small,Nothofagus cunninghamii,Nothofagus cunninghamii,small_small,o_TAS,TAS,NA,Subcanopy,Subcanopy,Subcanopy_Subcanopy,Subcanopy.small_Subcanopy.small
729,Olearia argophylla small,Nothofagus cunninghamii small,-0.190525122,-0.460995337,0.079945092,-0.195047399,-0.186002846,0.137997543,BondTier,0.540940429,small,small,Olearia argophylla,Nothofagus cunninghamii,small_small,o_TAS,TAS,NA,Subcanopy,Subcanopy,Subcanopy_Subcanopy,Subcanopy.small_Subcanopy.small
730,Pittosporum bicolor small,Nothofagus cunninghamii small,-0.246558713,-0.515958592,0.022841166,-0.251562642,-0.241554784,0.137451443,BondTier,0.538799758,small,small,Pittosporum bicolor,Nothofagus cunninghamii,small_small,o_TAS,TAS,NA,Subcanopy,Subcanopy,Subcanopy_Subcanopy,Subcanopy.small_Subcanopy.small
731,Pomaderris apetala large,Nothofagus cunninghamii small,0.33367697,-0.028582247,0.695936187,0.327377292,0.339976647,0.184829527,BondTier,0.724518434,large,small,Pomaderris apetala,Nothofagus cunninghamii,large_small,o_TAS,TAS,NA,Subcanopy,Subcanopy,Subcanopy_Subcanopy,Subcanopy.large_Subcanopy.small
732,Pomaderris apetala small,Nothofagus cunninghamii small,-0.10586564,-0.247495605,0.035764324,-0.10865983,-0.103071451,0.072261514,BondTier,0.283259929,small,small,Pomaderris apetala,Nothofagus cunninghamii,small_small,o_TAS,TAS,NA,Subcanopy,Subcanopy,Subcanopy_Subcanopy,Subcanopy.small_Subcanopy.small
733,Olearia argophylla small,Olearia argophylla small,0.027991355,-0.324480815,0.380463525,0.019816573,0.036166137,0.179836044,BondTier,0.70494434,small,small,Olearia argophylla,Olearia argophylla,small_small,o_TAS,TAS,NA,Subcanopy,Subcanopy,Subcanopy_Subcanopy,Subcanopy.small_Subcanopy.small
734,Pittosporum bicolor small,Olearia argophylla small,0.027110457,-0.237886007,0.292106921,0.021708643,0.032512271,0.135204762,BondTier,0.529992928,small,small,Pittosporum bicolor,Olearia argophylla,small_small,o_TAS,TAS,NA,Subcanopy,Subcanopy,Subcanopy_Subcanopy,Subcanopy.small_Subcanopy.small
735,Pomaderris apetala large,Olearia argophylla small,0.019248403,-0.369561368,0.408058175,0.013007141,0.025489666,0.198375978,BondTier,0.777619543,large,small,Pomaderris apetala,Olearia argophylla,large_small,o_TAS,TAS,NA,Subcanopy,Subcanopy,Subcanopy_Subcanopy,Subcanopy.large_Subcanopy.small
736,Pomaderris apetala small,Olearia argophylla small,0.01148615,-0.109848021,0.132820322,0.009310864,0.013661437,0.061906327,BondTier,0.242668343,small,small,Pomaderris apetala,Olearia argophylla,small_small,o_TAS,TAS,NA,Subcanopy,Subcanopy,Subcanopy_Subcanopy,Subcanopy.small_Subcanopy.small
737,Pittosporum bicolor small,Pittosporum bicolor small,0.0516874,-0.269913762,0.373288562,0.041041276,0.062333524,0.164085241,BondTier,0.643202324,small,small,Pittosporum bicolor,Pittosporum bicolor,small_small,o_TAS,TAS,NA,Subcanopy,Subcanopy,Subcanopy_Subcanopy,Subcanopy.small_Subcanopy.small
738,Pomaderris apetala large,Pittosporum bicolor small,0.351568636,0.012407024,0.690730248,0.344516545,0.358620727,0.173044819,BondTier,0.678323225,large,small,Pomaderris apetala,Pittosporum bicolor,large_small,o_TAS,TAS,1,Subcanopy,Subcanopy,Subcanopy_Subcanopy,Subcanopy.large_Subcanopy.small
739,Pomaderris apetala small,Pittosporum bicolor small,-0.110843234,-0.201442266,-0.020244203,-0.113249839,-0.10843663,0.046224845,BondTier,0.181198064,small,small,Pomaderris apetala,Pittosporum bicolor,small_small,o_TAS,TAS,1,Subcanopy,Subcanopy,Subcanopy_Subcanopy,Subcanopy.small_Subcanopy.small
740,Pomaderris apetala large,Pomaderris apetala large,-0.074974007,-0.551651481,0.401703467,-0.087400813,-0.0625472,0.243207262,BondTier,0.953354948,large,large,Pomaderris apetala,Pomaderris apetala,large_large,o_TAS,TAS,NA,Subcanopy,Subcanopy,Subcanopy_Subcanopy,Subcanopy.large_Subcanopy.large
741,Pomaderris apetala small,Pomaderris apetala large,0.177655797,0.017004844,0.33830675,0.17284135,0.182470244,0.081966278,BondTier,0.321301906,small,large,Pomaderris apetala,Pomaderris apetala,small_large,o_TAS,TAS,1,Subcanopy,Subcanopy,Subcanopy_Subcanopy,Subcanopy.large_Subcanopy.small
742,Pomaderris apetala small,Pomaderris apetala small,0.326201728,0.184258185,0.468145271,0.312677947,0.339725508,0.072421506,BondTier,0.283887085,small,small,Pomaderris apetala,Pomaderris apetala,small_small,o_TAS,TAS,1,Subcanopy,Subcanopy,Subcanopy_Subcanopy,Subcanopy.small_Subcanopy.small
743,Acacia melanoxylon large,Acacia melanoxylon large,-0.532821274,-1.248255435,0.182612887,-0.544193762,-0.521448787,0.365024137,Supersite,1.430868322,large,large,Acacia melanoxylon,Acacia melanoxylon,large_large,o_TAS,TAS,NA,Subcanopy,Subcanopy,Subcanopy_Subcanopy,Subcanopy.large_Subcanopy.large
744,Acacia melanoxylon small,Acacia melanoxylon large,0.226315849,-0.29801741,0.750649107,0.217634999,0.234996698,0.267521884,Supersite,1.048666517,small,large,Acacia melanoxylon,Acacia melanoxylon,small_large,o_TAS,TAS,NA,Subcanopy,Subcanopy,Subcanopy_Subcanopy,Subcanopy.large_Subcanopy.small
745,Eucalyptus obliqua large,Acacia melanoxylon large,0.005140252,-0.489942982,0.500223486,-0.002376439,0.012656942,0.252598128,Supersite,0.990166468,large,large,Eucalyptus obliqua,Acacia melanoxylon,large_large,o_TAS,TAS,NA,Canopy,Subcanopy,Canopy_Subcanopy,Canopy.large_Subcanopy.large
746,Eucalyptus obliqua small,Acacia melanoxylon large,-0.245215817,-0.571872604,0.081440971,-0.250516164,-0.23991547,0.166664689,Supersite,0.653313575,small,large,Eucalyptus obliqua,Acacia melanoxylon,small_large,o_TAS,TAS,NA,Canopy,Subcanopy,Canopy_Subcanopy,Canopy.small_Subcanopy.large
747,Nothofagus cunninghamii large,Acacia melanoxylon large,0.24359765,-0.547512691,1.03470799,0.227174213,0.260021086,0.403635142,Supersite,1.582220682,large,large,Nothofagus cunninghamii,Acacia melanoxylon,large_large,o_TAS,TAS,NA,Subcanopy,Subcanopy,Subcanopy_Subcanopy,Subcanopy.large_Subcanopy.large
748,Nothofagus cunninghamii small,Acacia melanoxylon large,-0.211371495,-0.714477833,0.291734843,-0.222111044,-0.200631946,0.256691624,Supersite,1.006212676,small,large,Nothofagus cunninghamii,Acacia melanoxylon,small_large,o_TAS,TAS,NA,Subcanopy,Subcanopy,Subcanopy_Subcanopy,Subcanopy.large_Subcanopy.small
749,Pomaderris apetala large,Acacia melanoxylon large,-0.06733747,-0.631017033,0.496342092,-0.07417065,-0.06050429,0.287596898,Supersite,1.127359125,large,large,Pomaderris apetala,Acacia melanoxylon,large_large,o_TAS,TAS,NA,Subcanopy,Subcanopy,Subcanopy_Subcanopy,Subcanopy.large_Subcanopy.large
750,Pomaderris apetala small,Acacia melanoxylon large,0.056959869,-0.106622316,0.220542054,0.053195826,0.060723912,0.083461832,Supersite,0.32716437,small,large,Pomaderris apetala,Acacia melanoxylon,small_large,o_TAS,TAS,NA,Subcanopy,Subcanopy,Subcanopy_Subcanopy,Subcanopy.large_Subcanopy.small
751,Acacia melanoxylon small,Acacia melanoxylon small,-0.539869836,-1.493109606,0.413369934,-0.55350896,-0.526230713,0.486355758,Supersite,1.90647954,small,small,Acacia melanoxylon,Acacia melanoxylon,small_small,o_TAS,TAS,NA,Subcanopy,Subcanopy,Subcanopy_Subcanopy,Subcanopy.small_Subcanopy.small
752,Eucalyptus obliqua large,Acacia melanoxylon small,0.225049345,-0.254731793,0.704830482,0.2169394,0.233159289,0.244790793,Supersite,0.959562276,large,small,Eucalyptus obliqua,Acacia melanoxylon,large_small,o_TAS,TAS,NA,Canopy,Subcanopy,Canopy_Subcanopy,Canopy.large_Subcanopy.small
753,Eucalyptus obliqua small,Acacia melanoxylon small,0.236932961,-0.09924682,0.573112743,0.230701951,0.243163972,0.171523448,Supersite,0.672359563,small,small,Eucalyptus obliqua,Acacia melanoxylon,small_small,o_TAS,TAS,NA,Canopy,Subcanopy,Canopy_Subcanopy,Canopy.small_Subcanopy.small
754,Nothofagus cunninghamii large,Acacia melanoxylon small,0.543633784,0.047362439,1.039905129,0.529325055,0.557942513,0.253204319,Supersite,0.992542691,large,small,Nothofagus cunninghamii,Acacia melanoxylon,large_small,o_TAS,TAS,1,Subcanopy,Subcanopy,Subcanopy_Subcanopy,Subcanopy.large_Subcanopy.small
755,Nothofagus cunninghamii small,Acacia melanoxylon small,-0.39427674,-0.758091235,-0.030462246,-0.403888948,-0.384664533,0.185623051,Supersite,0.727628989,small,small,Nothofagus cunninghamii,Acacia melanoxylon,small_small,o_TAS,TAS,1,Subcanopy,Subcanopy,Subcanopy_Subcanopy,Subcanopy.small_Subcanopy.small
756,Pomaderris apetala large,Acacia melanoxylon small,0.309071489,-0.297813648,0.915956625,0.301544622,0.316598355,0.309640964,Supersite,1.213770273,large,small,Pomaderris apetala,Acacia melanoxylon,large_small,o_TAS,TAS,NA,Subcanopy,Subcanopy,Subcanopy_Subcanopy,Subcanopy.large_Subcanopy.small
757,Pomaderris apetala small,Acacia melanoxylon small,0.082909118,-0.0970114,0.262829636,0.079456892,0.086361344,0.091797869,Supersite,0.359841036,small,small,Pomaderris apetala,Acacia melanoxylon,small_small,o_TAS,TAS,NA,Subcanopy,Subcanopy,Subcanopy_Subcanopy,Subcanopy.small_Subcanopy.small
758,Eucalyptus obliqua large,Eucalyptus obliqua large,-0.327479453,-0.776182947,0.12122404,-0.334595573,-0.320363334,0.22893456,Supersite,0.897406986,large,large,Eucalyptus obliqua,Eucalyptus obliqua,large_large,o_TAS,TAS,NA,Canopy,Canopy,Canopy_Canopy,Canopy.large_Canopy.large
759,Eucalyptus obliqua small,Eucalyptus obliqua large,0.109547504,-0.181119549,0.400214558,0.104341588,0.114753421,0.148302242,Supersite,0.581334107,small,large,Eucalyptus obliqua,Eucalyptus obliqua,small_large,o_TAS,TAS,NA,Canopy,Canopy,Canopy_Canopy,Canopy.large_Canopy.small
760,Nothofagus cunninghamii large,Eucalyptus obliqua large,-0.636442209,-1.275371145,0.002486728,-0.648917834,-0.623966583,0.325990141,Supersite,1.277857873,large,large,Nothofagus cunninghamii,Eucalyptus obliqua,large_large,o_TAS,TAS,NA,Subcanopy,Canopy,Subcanopy_Canopy,Canopy.large_Subcanopy.large
761,Nothofagus cunninghamii small,Eucalyptus obliqua large,0.347558056,-0.082239443,0.777355555,0.338500742,0.356615369,0.219288468,Supersite,0.859594998,small,large,Nothofagus cunninghamii,Eucalyptus obliqua,small_large,o_TAS,TAS,NA,Subcanopy,Canopy,Subcanopy_Canopy,Canopy.large_Subcanopy.small
762,Pomaderris apetala large,Eucalyptus obliqua large,0.183144307,-0.329455755,0.69574437,0.175476504,0.19081211,0.26153545,Supersite,1.025200125,large,large,Pomaderris apetala,Eucalyptus obliqua,large_large,o_TAS,TAS,NA,Subcanopy,Canopy,Subcanopy_Canopy,Canopy.large_Subcanopy.large
763,Pomaderris apetala small,Eucalyptus obliqua large,0.018997613,-0.129463367,0.167458593,0.015602369,0.022392857,0.07574679,Supersite,0.29692196,small,large,Pomaderris apetala,Eucalyptus obliqua,small_large,o_TAS,TAS,NA,Subcanopy,Canopy,Subcanopy_Canopy,Canopy.large_Subcanopy.small
764,Eucalyptus obliqua small,Eucalyptus obliqua small,0.04357956,-0.197759326,0.284918445,0.036592728,0.050566392,0.123134347,Supersite,0.482677771,small,small,Eucalyptus obliqua,Eucalyptus obliqua,small_small,o_TAS,TAS,NA,Canopy,Canopy,Canopy_Canopy,Canopy.small_Canopy.small
765,Nothofagus cunninghamii large,Eucalyptus obliqua small,0.066932368,-0.309360058,0.443224794,0.058499157,0.07536558,0.19198946,Supersite,0.752584853,large,small,Nothofagus cunninghamii,Eucalyptus obliqua,large_small,o_TAS,TAS,NA,Subcanopy,Canopy,Subcanopy_Canopy,Canopy.small_Subcanopy.large
766,Nothofagus cunninghamii small,Eucalyptus obliqua small,0.060439878,-0.188029502,0.308909258,0.054067089,0.066812667,0.126772422,Supersite,0.496938761,small,small,Nothofagus cunninghamii,Eucalyptus obliqua,small_small,o_TAS,TAS,NA,Subcanopy,Canopy,Subcanopy_Canopy,Canopy.small_Subcanopy.small
767,Pomaderris apetala large,Eucalyptus obliqua small,-0.356281543,-0.794339692,0.081776607,-0.362317771,-0.350245314,0.223503163,Supersite,0.876116299,large,small,Pomaderris apetala,Eucalyptus obliqua,large_small,o_TAS,TAS,NA,Subcanopy,Canopy,Subcanopy_Canopy,Canopy.small_Subcanopy.large
768,Pomaderris apetala small,Eucalyptus obliqua small,0.040168077,-0.064529138,0.144865292,0.037344202,0.042991952,0.053417928,Supersite,0.20939443,small,small,Pomaderris apetala,Eucalyptus obliqua,small_small,o_TAS,TAS,NA,Subcanopy,Canopy,Subcanopy_Canopy,Canopy.small_Subcanopy.small
769,Nothofagus cunninghamii large,Nothofagus cunninghamii large,-0.294645915,-0.928963429,0.339671598,-0.313599788,-0.275692043,0.323637331,Supersite,1.268635026,large,large,Nothofagus cunninghamii,Nothofagus cunninghamii,large_large,o_TAS,TAS,NA,Subcanopy,Subcanopy,Subcanopy_Subcanopy,Subcanopy.large_Subcanopy.large
770,Nothofagus cunninghamii small,Nothofagus cunninghamii large,0.534657757,0.11333028,0.955985235,0.516965448,0.552350067,0.214966949,Supersite,0.842654955,small,large,Nothofagus cunninghamii,Nothofagus cunninghamii,small_large,o_TAS,TAS,1,Subcanopy,Subcanopy,Subcanopy_Subcanopy,Subcanopy.large_Subcanopy.small
771,Pomaderris apetala large,Nothofagus cunninghamii large,0.101392032,-0.643705601,0.846489665,0.089424045,0.113360019,0.380158839,Supersite,1.490195266,large,large,Pomaderris apetala,Nothofagus cunninghamii,large_large,o_TAS,TAS,NA,Subcanopy,Subcanopy,Subcanopy_Subcanopy,Subcanopy.large_Subcanopy.large
772,Pomaderris apetala small,Nothofagus cunninghamii large,-0.223074516,-0.483691511,0.037542478,-0.22875701,-0.217392022,0.132970298,Supersite,0.521233989,small,large,Pomaderris apetala,Nothofagus cunninghamii,small_large,o_TAS,TAS,NA,Subcanopy,Subcanopy,Subcanopy_Subcanopy,Subcanopy.large_Subcanopy.small
773,Nothofagus cunninghamii small,Nothofagus cunninghamii small,0.126930827,-0.179280097,0.433141751,0.110731434,0.14313022,0.156232934,Supersite,0.612421847,small,small,Nothofagus cunninghamii,Nothofagus cunninghamii,small_small,o_TAS,TAS,NA,Subcanopy,Subcanopy,Subcanopy_Subcanopy,Subcanopy.small_Subcanopy.small
774,Pomaderris apetala large,Nothofagus cunninghamii small,-0.184648619,-0.716930238,0.347633,-0.194204993,-0.175092245,0.271577245,Supersite,1.064563238,large,small,Pomaderris apetala,Nothofagus cunninghamii,large_small,o_TAS,TAS,NA,Subcanopy,Subcanopy,Subcanopy_Subcanopy,Subcanopy.large_Subcanopy.small
775,Pomaderris apetala small,Nothofagus cunninghamii small,0.039038866,-0.087382238,0.16545997,0.035485765,0.042591966,0.064501749,Supersite,0.252842208,small,small,Pomaderris apetala,Nothofagus cunninghamii,small_small,o_TAS,TAS,NA,Subcanopy,Subcanopy,Subcanopy_Subcanopy,Subcanopy.small_Subcanopy.small
776,Pomaderris apetala large,Pomaderris apetala large,-0.514155549,-1.468201353,0.439890254,-0.523018789,-0.505292309,0.486767007,Supersite,1.908091607,large,large,Pomaderris apetala,Pomaderris apetala,large_large,o_TAS,TAS,NA,Subcanopy,Subcanopy,Subcanopy_Subcanopy,Subcanopy.large_Subcanopy.large
777,Pomaderris apetala small,Pomaderris apetala large,0.00485197,-0.177584221,0.187288162,0.000537627,0.009166314,0.0930814,Supersite,0.364872382,small,large,Pomaderris apetala,Pomaderris apetala,small_large,o_TAS,TAS,NA,Subcanopy,Subcanopy,Subcanopy_Subcanopy,Subcanopy.large_Subcanopy.small
778,Pomaderris apetala small,Pomaderris apetala small,0.485761451,0.351472396,0.620050506,0.473062958,0.498459944,0.068516083,Supersite,0.26857811,small,small,Pomaderris apetala,Pomaderris apetala,small_small,o_TAS,TAS,1,Subcanopy,Subcanopy,Subcanopy_Subcanopy,Subcanopy.small_Subcanopy.small
779,Acacia dealbata large,Acacia dealbata large,-0.429255562,-1.27265175,0.414140625,-0.443998864,-0.414512261,0.430312084,Mackenzie,1.686792375,large,large,Acacia dealbata,Acacia dealbata,large_large,d_TAS,TAS,NA,Subcanopy,Subcanopy,Subcanopy_Subcanopy,Subcanopy.large_Subcanopy.large
780,Acacia dealbata small,Acacia dealbata large,0.094751104,-0.233216595,0.422718802,0.088234657,0.10126755,0.167333533,Mackenzie,0.655935398,small,large,Acacia dealbata,Acacia dealbata,small_large,d_TAS,TAS,NA,Subcanopy,Subcanopy,Subcanopy_Subcanopy,Subcanopy.large_Subcanopy.small
781,Eucalyptus delegatensis large,Acacia dealbata large,-0.150687996,-0.350126595,0.048750604,-0.155246043,-0.146129948,0.101756257,Mackenzie,0.3988772,large,large,Eucalyptus delegatensis,Acacia dealbata,large_large,d_TAS,TAS,NA,Canopy,Subcanopy,Canopy_Subcanopy,Canopy.large_Subcanopy.large
782,Eucalyptus delegatensis small,Acacia dealbata large,-0.131998765,-0.274709451,0.010711921,-0.135301873,-0.128695658,0.072812912,Mackenzie,0.285421372,small,large,Eucalyptus delegatensis,Acacia dealbata,small_large,d_TAS,TAS,NA,Canopy,Subcanopy,Canopy_Subcanopy,Canopy.small_Subcanopy.large
783,Leptospermum lanigerum large,Acacia dealbata large,-0.233161971,-0.579671255,0.113347312,-0.239621824,-0.226702118,0.176793699,Mackenzie,0.693018567,large,large,Leptospermum lanigerum,Acacia dealbata,large_large,d_TAS,TAS,NA,Subcanopy,Subcanopy,Subcanopy_Subcanopy,Subcanopy.large_Subcanopy.large
784,Leptospermum lanigerum small,Acacia dealbata large,0.144891586,-0.125064258,0.41484743,0.141656426,0.148126745,0.137735104,Mackenzie,0.539911688,small,large,Leptospermum lanigerum,Acacia dealbata,small_large,d_TAS,TAS,NA,Subcanopy,Subcanopy,Subcanopy_Subcanopy,Subcanopy.large_Subcanopy.small
785,Nematolepis squamea subsp squamea small,Acacia dealbata large,-0.024118007,-0.253199857,0.204963844,-0.028328226,-0.019907787,0.116880643,Mackenzie,0.4581637,small,large,Nematolepis squamea,Acacia dealbata,small_large,d_TAS,TAS,NA,Subcanopy,Subcanopy,Subcanopy_Subcanopy,Subcanopy.large_Subcanopy.small
786,Acacia dealbata small,Acacia dealbata small,-0.07808938,-0.446018977,0.289840216,-0.085602435,-0.070576326,0.187722631,Mackenzie,0.735859193,small,small,Acacia dealbata,Acacia dealbata,small_small,d_TAS,TAS,NA,Subcanopy,Subcanopy,Subcanopy_Subcanopy,Subcanopy.small_Subcanopy.small
787,Eucalyptus delegatensis large,Acacia dealbata small,-0.11690922,-0.302253638,0.068435197,-0.120928441,-0.11289,0.094565216,Mackenzie,0.370688835,large,small,Eucalyptus delegatensis,Acacia dealbata,large_small,d_TAS,TAS,NA,Canopy,Subcanopy,Canopy_Subcanopy,Canopy.large_Subcanopy.small
788,Eucalyptus delegatensis small,Acacia dealbata small,0.046527502,-0.095851763,0.188906767,0.042835228,0.050219776,0.072643817,Mackenzie,0.28475853,small,small,Eucalyptus delegatensis,Acacia dealbata,small_small,d_TAS,TAS,NA,Canopy,Subcanopy,Canopy_Subcanopy,Canopy.small_Subcanopy.small
789,Leptospermum lanigerum large,Acacia dealbata small,-0.268529548,-0.575789225,0.038730128,-0.273370517,-0.26368858,0.156768022,Mackenzie,0.614519353,large,small,Leptospermum lanigerum,Acacia dealbata,large_small,d_TAS,TAS,NA,Subcanopy,Subcanopy,Subcanopy_Subcanopy,Subcanopy.large_Subcanopy.small
790,Leptospermum lanigerum small,Acacia dealbata small,0.020733076,-0.137551444,0.179017597,0.017842614,0.023623539,0.080758892,Mackenzie,0.31656904,small,small,Leptospermum lanigerum,Acacia dealbata,small_small,d_TAS,TAS,NA,Subcanopy,Subcanopy,Subcanopy_Subcanopy,Subcanopy.small_Subcanopy.small
791,Nematolepis squamea subsp squamea small,Acacia dealbata small,0.217967924,0.022067008,0.41386884,0.213440233,0.222495615,0.099951283,Mackenzie,0.391801831,small,small,Nematolepis squamea,Acacia dealbata,small_small,d_TAS,TAS,1,Subcanopy,Subcanopy,Subcanopy_Subcanopy,Subcanopy.small_Subcanopy.small
792,Eucalyptus delegatensis large,Eucalyptus delegatensis large,-0.115537132,-0.343954157,0.112879894,-0.122631865,-0.108442398,0.11654144,Mackenzie,0.456834051,large,large,Eucalyptus delegatensis,Eucalyptus delegatensis,large_large,d_TAS,TAS,NA,Canopy,Canopy,Canopy_Canopy,Canopy.large_Canopy.large
793,Eucalyptus delegatensis small,Eucalyptus delegatensis large,0.019137578,-0.073524622,0.111799778,0.016588946,0.02168621,0.047277502,Mackenzie,0.1853244,small,large,Eucalyptus delegatensis,Eucalyptus delegatensis,small_large,d_TAS,TAS,NA,Canopy,Canopy,Canopy_Canopy,Canopy.large_Canopy.small
794,Leptospermum lanigerum large,Eucalyptus delegatensis large,-0.142431407,-0.290537575,0.005674761,-0.145787,-0.139075814,0.07556576,Mackenzie,0.296212336,large,large,Leptospermum lanigerum,Eucalyptus delegatensis,large_large,d_TAS,TAS,NA,Subcanopy,Canopy,Subcanopy_Canopy,Canopy.large_Subcanopy.large
795,Leptospermum lanigerum small,Eucalyptus delegatensis large,-0.01440115,-0.119605705,0.090803406,-0.016975379,-0.01182692,0.05367678,Mackenzie,0.210409112,small,large,Leptospermum lanigerum,Eucalyptus delegatensis,small_large,d_TAS,TAS,NA,Subcanopy,Canopy,Subcanopy_Canopy,Canopy.large_Subcanopy.small
796,Nematolepis squamea subsp squamea small,Eucalyptus delegatensis large,0.115987718,-0.023038538,0.255013974,0.112834023,0.119141413,0.070933067,Mackenzie,0.278052512,small,large,Nematolepis squamea,Eucalyptus delegatensis,small_large,d_TAS,TAS,NA,Subcanopy,Canopy,Subcanopy_Canopy,Canopy.large_Subcanopy.small
797,Eucalyptus delegatensis small,Eucalyptus delegatensis small,0.197268962,0.045721463,0.34881646,0.188605502,0.205932422,0.077321573,Mackenzie,0.303094997,small,small,Eucalyptus delegatensis,Eucalyptus delegatensis,small_small,d_TAS,TAS,1,Canopy,Canopy,Canopy_Canopy,Canopy.small_Canopy.small
798,Leptospermum lanigerum large,Eucalyptus delegatensis small,-0.05341825,-0.175541072,0.068704573,-0.056150567,-0.050685933,0.062308707,Mackenzie,0.244245645,large,small,Leptospermum lanigerum,Eucalyptus delegatensis,large_small,d_TAS,TAS,NA,Subcanopy,Canopy,Subcanopy_Canopy,Canopy.small_Subcanopy.large
799,Leptospermum lanigerum small,Eucalyptus delegatensis small,-0.044633833,-0.131686682,0.042419015,-0.046825599,-0.042442067,0.044415535,Mackenzie,0.174105697,small,small,Leptospermum lanigerum,Eucalyptus delegatensis,small_small,d_TAS,TAS,NA,Subcanopy,Canopy,Subcanopy_Canopy,Canopy.small_Subcanopy.small
800,Nematolepis squamea subsp squamea small,Eucalyptus delegatensis small,-0.060152538,-0.146867558,0.026562482,-0.062596711,-0.057708365,0.04424317,Mackenzie,0.173430041,small,small,Nematolepis squamea,Eucalyptus delegatensis,small_small,d_TAS,TAS,NA,Subcanopy,Canopy,Subcanopy_Canopy,Canopy.small_Subcanopy.small
801,Leptospermum lanigerum large,Leptospermum lanigerum large,0.068513358,-0.239230658,0.376257375,0.061343725,0.075682992,0.157015139,Mackenzie,0.615488033,large,large,Leptospermum lanigerum,Leptospermum lanigerum,large_large,d_TAS,TAS,NA,Subcanopy,Subcanopy,Subcanopy_Subcanopy,Subcanopy.large_Subcanopy.large
802,Leptospermum lanigerum small,Leptospermum lanigerum large,0.125764765,-0.034693012,0.286222541,0.122917089,0.12861244,0.081867717,Mackenzie,0.320915553,small,large,Leptospermum lanigerum,Leptospermum lanigerum,small_large,d_TAS,TAS,NA,Subcanopy,Subcanopy,Subcanopy_Subcanopy,Subcanopy.large_Subcanopy.small
803,Nematolepis squamea subsp squamea small,Leptospermum lanigerum large,0.031087384,-0.167895564,0.230070332,0.027618203,0.034556565,0.101523778,Mackenzie,0.397965895,small,large,Nematolepis squamea,Leptospermum lanigerum,small_large,d_TAS,TAS,NA,Subcanopy,Subcanopy,Subcanopy_Subcanopy,Subcanopy.large_Subcanopy.small
804,Leptospermum lanigerum small,Leptospermum lanigerum small,0.314869264,0.178304961,0.451433566,0.304477066,0.325261462,0.069676945,Mackenzie,0.273128605,small,small,Leptospermum lanigerum,Leptospermum lanigerum,small_small,d_TAS,TAS,1,Subcanopy,Subcanopy,Subcanopy_Subcanopy,Subcanopy.small_Subcanopy.small
805,Nematolepis squamea subsp squamea small,Leptospermum lanigerum small,-0.045005017,-0.149959629,0.059949596,-0.047170991,-0.042839042,0.053549255,Mackenzie,0.209909224,small,small,Nematolepis squamea,Leptospermum lanigerum,small_small,d_TAS,TAS,NA,Subcanopy,Subcanopy,Subcanopy_Subcanopy,Subcanopy.small_Subcanopy.small
806,Nematolepis squamea subsp squamea small,Nematolepis squamea subsp squamea small,0.346407568,0.153285809,0.539529326,0.334284106,0.358531029,0.09853332,Mackenzie,0.386243517,small,small,Nematolepis squamea,Nematolepis squamea,small_small,d_TAS,TAS,1,Subcanopy,Subcanopy,Subcanopy_Subcanopy,Subcanopy.small_Subcanopy.small
807,Acacia dealbata small,Acacia dealbata small,0.279540971,-0.018101056,0.577182998,0.272497933,0.286584009,0.151860968,MtMaurice,0.595284054,small,small,Acacia dealbata,Acacia dealbata,small_small,d_TAS,TAS,NA,Subcanopy,Subcanopy,Subcanopy_Subcanopy,Subcanopy.small_Subcanopy.small
808,Eucalyptus dalrympleana large,Acacia dealbata small,-0.115769261,-0.402028036,0.170489514,-0.120542213,-0.11099631,0.146053079,MtMaurice,0.57251755,large,small,Eucalyptus dalrympleana,Acacia dealbata,large_small,d_TAS,TAS,NA,Canopy,Subcanopy,Canopy_Subcanopy,Canopy.large_Subcanopy.small
809,Eucalyptus dalrympleana small,Acacia dealbata small,0.005885739,-0.1677295,0.179500978,0.002826993,0.008944485,0.088580831,MtMaurice,0.347230478,small,small,Eucalyptus dalrympleana,Acacia dealbata,small_small,d_TAS,TAS,NA,Canopy,Subcanopy,Canopy_Subcanopy,Canopy.small_Subcanopy.small
810,Eucalyptus delegatensis large,Acacia dealbata small,0.164168475,-0.076530814,0.404867764,0.158897097,0.169439854,0.122808016,MtMaurice,0.481398578,large,small,Eucalyptus delegatensis,Acacia dealbata,large_small,d_TAS,TAS,NA,Canopy,Subcanopy,Canopy_Subcanopy,Canopy.large_Subcanopy.small
811,Eucalyptus delegatensis small,Acacia dealbata small,-0.036933347,-0.158599639,0.084732945,-0.040019639,-0.033847055,0.06207578,MtMaurice,0.243332585,small,small,Eucalyptus delegatensis,Acacia dealbata,small_small,d_TAS,TAS,NA,Canopy,Subcanopy,Canopy_Subcanopy,Canopy.small_Subcanopy.small
812,Eucalyptus dalrympleana large,Eucalyptus dalrympleana large,-0.190389554,-0.593386156,0.212607047,-0.19841199,-0.182367119,0.205614289,MtMaurice,0.805993203,large,large,Eucalyptus dalrympleana,Eucalyptus dalrympleana,large_large,d_TAS,TAS,NA,Canopy,Canopy,Canopy_Canopy,Canopy.large_Canopy.large
813,Eucalyptus dalrympleana small,Eucalyptus dalrympleana large,0.014442608,-0.194717943,0.223603159,0.011209069,0.017676148,0.106716528,MtMaurice,0.418321102,small,large,Eucalyptus dalrympleana,Eucalyptus dalrympleana,small_large,d_TAS,TAS,NA,Canopy,Canopy,Canopy_Canopy,Canopy.large_Canopy.small
814,Eucalyptus delegatensis large,Eucalyptus dalrympleana large,0.216473765,-0.051580578,0.484528108,0.209706754,0.223240777,0.136764933,MtMaurice,0.536108686,large,large,Eucalyptus delegatensis,Eucalyptus dalrympleana,large_large,d_TAS,TAS,NA,Canopy,Canopy,Canopy_Canopy,Canopy.large_Canopy.large
815,Eucalyptus delegatensis small,Eucalyptus dalrympleana large,-0.261262081,-0.418781586,-0.103742577,-0.265326807,-0.257197356,0.080368571,MtMaurice,0.31503901,small,large,Eucalyptus delegatensis,Eucalyptus dalrympleana,small_large,d_TAS,TAS,1,Canopy,Canopy,Canopy_Canopy,Canopy.large_Canopy.small
816,Eucalyptus dalrympleana small,Eucalyptus dalrympleana small,0.207648537,0.019626474,0.395670601,0.20291283,0.212384245,0.095931387,MtMaurice,0.376044127,small,small,Eucalyptus dalrympleana,Eucalyptus dalrympleana,small_small,d_TAS,TAS,1,Canopy,Canopy,Canopy_Canopy,Canopy.small_Canopy.small
817,Eucalyptus delegatensis large,Eucalyptus dalrympleana small,0.004184875,-0.167464382,0.175834132,0.000439791,0.007929959,0.087577761,MtMaurice,0.343298514,large,small,Eucalyptus delegatensis,Eucalyptus dalrympleana,large_small,d_TAS,TAS,NA,Canopy,Canopy,Canopy_Canopy,Canopy.large_Canopy.small
818,Eucalyptus delegatensis small,Eucalyptus dalrympleana small,-0.009253262,-0.107248627,0.088742103,-0.011448899,-0.007057624,0.049998554,MtMaurice,0.19599073,small,small,Eucalyptus delegatensis,Eucalyptus dalrympleana,small_small,d_TAS,TAS,NA,Canopy,Canopy,Canopy_Canopy,Canopy.small_Canopy.small
819,Eucalyptus delegatensis large,Eucalyptus delegatensis large,-0.3843809,-0.751217171,-0.017544628,-0.396153763,-0.372608036,0.187164802,MtMaurice,0.733672543,large,large,Eucalyptus delegatensis,Eucalyptus delegatensis,large_large,d_TAS,TAS,1,Canopy,Canopy,Canopy_Canopy,Canopy.large_Canopy.large
820,Eucalyptus delegatensis small,Eucalyptus delegatensis large,0.144924749,-0.007653713,0.297503211,0.139973521,0.149875978,0.077847585,MtMaurice,0.305156924,small,large,Eucalyptus delegatensis,Eucalyptus delegatensis,small_large,d_TAS,TAS,NA,Canopy,Canopy,Canopy_Canopy,Canopy.large_Canopy.small
821,Eucalyptus delegatensis small,Eucalyptus delegatensis small,0.212524201,0.059613386,0.365435016,0.202204733,0.222843669,0.078017155,MtMaurice,0.30582163,small,small,Eucalyptus delegatensis,Eucalyptus delegatensis,small_small,d_TAS,TAS,1,Canopy,Canopy,Canopy_Canopy,Canopy.small_Canopy.small
822,Acacia dealbata large,Acacia dealbata large,-0.045273932,-0.385719775,0.295171911,-0.052223428,-0.038324436,0.173700051,BenRidge,0.680891686,large,large,Acacia dealbata,Acacia dealbata,large_large,d_TAS,TAS,NA,Subcanopy,Subcanopy,Subcanopy_Subcanopy,Subcanopy.large_Subcanopy.large
823,Acacia dealbata small,Acacia dealbata large,-0.007329729,-0.162444149,0.147784691,-0.011024831,-0.003634627,0.079141464,BenRidge,0.31022884,small,large,Acacia dealbata,Acacia dealbata,small_large,d_TAS,TAS,NA,Subcanopy,Subcanopy,Subcanopy_Subcanopy,Subcanopy.large_Subcanopy.small
824,Eucalyptus delegatensis large,Acacia dealbata large,-0.066793416,-0.243564345,0.109977514,-0.071492464,-0.062094367,0.090190907,BenRidge,0.353541859,large,large,Eucalyptus delegatensis,Acacia dealbata,large_large,d_TAS,TAS,NA,Canopy,Subcanopy,Canopy_Subcanopy,Canopy.large_Subcanopy.large
825,Eucalyptus delegatensis small,Acacia dealbata large,-0.005238886,-0.063496008,0.053018235,-0.006760104,-0.003717669,0.029723567,BenRidge,0.116514243,small,large,Eucalyptus delegatensis,Acacia dealbata,small_large,d_TAS,TAS,NA,Canopy,Subcanopy,Canopy_Subcanopy,Canopy.small_Subcanopy.large
826,Tasmannia lanceolata small,Acacia dealbata large,-0.113040385,-0.241623619,0.015542849,-0.116064175,-0.110016596,0.065604896,BenRidge,0.257166467,small,large,Tasmannia lanceolata,Acacia dealbata,small_large,d_TAS,TAS,NA,Subcanopy,Subcanopy,Subcanopy_Subcanopy,Subcanopy.large_Subcanopy.small
827,Acacia dealbata small,Acacia dealbata small,0.204137945,0.036711671,0.37156422,0.197317572,0.210958319,0.085423138,BenRidge,0.334852549,small,small,Acacia dealbata,Acacia dealbata,small_small,d_TAS,TAS,1,Subcanopy,Subcanopy,Subcanopy_Subcanopy,Subcanopy.small_Subcanopy.small
828,Eucalyptus delegatensis large,Acacia dealbata small,0.137691977,-0.000313142,0.275697095,0.133224266,0.142159688,0.070412069,BenRidge,0.276010237,large,small,Eucalyptus delegatensis,Acacia dealbata,large_small,d_TAS,TAS,NA,Canopy,Subcanopy,Canopy_Subcanopy,Canopy.large_Subcanopy.small
829,Eucalyptus delegatensis small,Acacia dealbata small,0.006811421,-0.046677979,0.060300822,0.00475045,0.008872392,0.027291012,BenRidge,0.106978801,small,small,Eucalyptus delegatensis,Acacia dealbata,small_small,d_TAS,TAS,NA,Canopy,Subcanopy,Canopy_Subcanopy,Canopy.small_Subcanopy.small
830,Tasmannia lanceolata small,Acacia dealbata small,-0.126199101,-0.213337682,-0.03906052,-0.129058062,-0.123340141,0.044459277,BenRidge,0.174277162,small,small,Tasmannia lanceolata,Acacia dealbata,small_small,d_TAS,TAS,1,Subcanopy,Subcanopy,Subcanopy_Subcanopy,Subcanopy.small_Subcanopy.small
831,Eucalyptus delegatensis large,Eucalyptus delegatensis large,-0.345527262,-0.597372654,-0.09368187,-0.358745573,-0.332308951,0.128494908,BenRidge,0.503690785,large,large,Eucalyptus delegatensis,Eucalyptus delegatensis,large_large,d_TAS,TAS,1,Canopy,Canopy,Canopy_Canopy,Canopy.large_Canopy.large
832,Eucalyptus delegatensis small,Eucalyptus delegatensis large,-0.039627145,-0.112571553,0.033317263,-0.042434943,-0.036819347,0.037217218,BenRidge,0.145888816,small,large,Eucalyptus delegatensis,Eucalyptus delegatensis,small_large,d_TAS,TAS,NA,Canopy,Canopy,Canopy_Canopy,Canopy.large_Canopy.small
833,Tasmannia lanceolata small,Eucalyptus delegatensis large,0.044993274,-0.043175379,0.133161928,0.041785806,0.048200743,0.044984833,BenRidge,0.176337306,small,large,Tasmannia lanceolata,Eucalyptus delegatensis,small_large,d_TAS,TAS,NA,Subcanopy,Canopy,Subcanopy_Canopy,Canopy.large_Subcanopy.small
834,Eucalyptus delegatensis small,Eucalyptus delegatensis small,0.384375671,0.266510016,0.502241327,0.373780634,0.394970709,0.060136643,BenRidge,0.23573131,small,small,Eucalyptus delegatensis,Eucalyptus delegatensis,small_small,d_TAS,TAS,1,Canopy,Canopy,Canopy_Canopy,Canopy.small_Canopy.small
835,Tasmannia lanceolata small,Eucalyptus delegatensis small,-0.002568579,-0.030142561,0.025005403,-0.004647975,-0.000489183,0.014068617,BenRidge,0.055147964,small,small,Tasmannia lanceolata,Eucalyptus delegatensis,small_small,d_TAS,TAS,NA,Subcanopy,Canopy,Subcanopy_Canopy,Canopy.small_Subcanopy.small
836,Tasmannia lanceolata small,Tasmannia lanceolata small,0.505396902,0.401779075,0.609014729,0.490208143,0.52058566,0.05286721,BenRidge,0.207235654,small,small,Tasmannia lanceolata,Tasmannia lanceolata,small_small,d_TAS,TAS,1,Subcanopy,Subcanopy,Subcanopy_Subcanopy,Subcanopy.small_Subcanopy.small
837,Acacia melanoxylon small,Acacia melanoxylon small,0.134581858,-0.14425632,0.413420037,0.129568079,0.139595637,0.142266991,Bird,0.557676357,small,small,Acacia melanoxylon,Acacia melanoxylon,small_small,o_TAS,TAS,NA,Subcanopy,Subcanopy,Subcanopy_Subcanopy,Subcanopy.small_Subcanopy.small
838,Eucalyptus obliqua large,Acacia melanoxylon small,0.176877751,-0.023979211,0.377734712,0.173580022,0.18017548,0.102479925,Bird,0.401713923,large,small,Eucalyptus obliqua,Acacia melanoxylon,large_small,o_TAS,TAS,NA,Canopy,Subcanopy,Canopy_Subcanopy,Canopy.large_Subcanopy.small
839,Eucalyptus obliqua small,Acacia melanoxylon small,-0.091030144,-0.282708896,0.100648607,-0.094135633,-0.087924656,0.097797079,Bird,0.383357504,small,small,Eucalyptus obliqua,Acacia melanoxylon,small_small,o_TAS,TAS,NA,Canopy,Subcanopy,Canopy_Subcanopy,Canopy.small_Subcanopy.small
840,Monotoca glauca small,Acacia melanoxylon small,0.217087898,-0.051181428,0.485357223,0.212797454,0.221378342,0.13687462,Bird,0.536538651,small,small,Monotoca glauca,Acacia melanoxylon,small_small,o_TAS,TAS,NA,Subcanopy,Subcanopy,Subcanopy_Subcanopy,Subcanopy.small_Subcanopy.small
841,Nothofagus cunninghamii large,Acacia melanoxylon small,0.011802225,-0.195737559,0.219342008,0.008991538,0.014612911,0.10588959,Bird,0.415079567,large,small,Nothofagus cunninghamii,Acacia melanoxylon,large_small,o_TAS,TAS,NA,Subcanopy,Subcanopy,Subcanopy_Subcanopy,Subcanopy.large_Subcanopy.small
842,Nothofagus cunninghamii small,Acacia melanoxylon small,0.021960056,-0.073062663,0.116982775,0.019746052,0.024174061,0.04848187,Bird,0.190045438,small,small,Nothofagus cunninghamii,Acacia melanoxylon,small_small,o_TAS,TAS,NA,Subcanopy,Subcanopy,Subcanopy_Subcanopy,Subcanopy.small_Subcanopy.small
843,Eucalyptus obliqua large,Eucalyptus obliqua large,-0.05346642,-0.30701172,0.200078879,-0.058723806,-0.048209035,0.129362224,Bird,0.5070906,large,large,Eucalyptus obliqua,Eucalyptus obliqua,large_large,o_TAS,TAS,NA,Canopy,Canopy,Canopy_Canopy,Canopy.large_Canopy.large
844,Eucalyptus obliqua small,Eucalyptus obliqua large,0.120637817,-0.072791548,0.314067181,0.11663932,0.124636313,0.098690265,Bird,0.386858729,small,large,Eucalyptus obliqua,Eucalyptus obliqua,small_large,o_TAS,TAS,NA,Canopy,Canopy,Canopy_Canopy,Canopy.large_Canopy.small
845,Monotoca glauca small,Eucalyptus obliqua large,-0.05196393,-0.329658791,0.225730932,-0.056387085,-0.047540774,0.141683655,Bird,0.555389723,small,large,Monotoca glauca,Eucalyptus obliqua,small_large,o_TAS,TAS,NA,Subcanopy,Canopy,Subcanopy_Canopy,Canopy.large_Subcanopy.small
846,Nothofagus cunninghamii large,Eucalyptus obliqua large,-0.070181221,-0.282037675,0.141675234,-0.073725338,-0.066637104,0.108092014,Bird,0.423712909,large,large,Nothofagus cunninghamii,Eucalyptus obliqua,large_large,o_TAS,TAS,NA,Subcanopy,Canopy,Subcanopy_Canopy,Canopy.large_Subcanopy.large
847,Nothofagus cunninghamii small,Eucalyptus obliqua large,0.012018852,-0.076033477,0.100071182,0.009599412,0.014438293,0.044925483,Bird,0.176104659,small,large,Nothofagus cunninghamii,Eucalyptus obliqua,small_large,o_TAS,TAS,NA,Subcanopy,Canopy,Subcanopy_Canopy,Canopy.large_Subcanopy.small
848,Eucalyptus obliqua small,Eucalyptus obliqua small,-0.028228416,-0.301007231,0.244550398,-0.035105914,-0.021350919,0.139175422,Bird,0.545557629,small,small,Eucalyptus obliqua,Eucalyptus obliqua,small_small,o_TAS,TAS,NA,Canopy,Canopy,Canopy_Canopy,Canopy.small_Canopy.small
849,Monotoca glauca small,Eucalyptus obliqua small,0.218512411,-0.068081225,0.505106046,0.21252846,0.224496361,0.14622393,Bird,0.573187272,small,small,Monotoca glauca,Eucalyptus obliqua,small_small,o_TAS,TAS,NA,Subcanopy,Canopy,Subcanopy_Canopy,Canopy.small_Subcanopy.small
850,Nothofagus cunninghamii large,Eucalyptus obliqua small,0.139250027,-0.084896328,0.363396382,0.13500322,0.143496834,0.114362487,Bird,0.44829271,large,small,Nothofagus cunninghamii,Eucalyptus obliqua,large_small,o_TAS,TAS,NA,Subcanopy,Canopy,Subcanopy_Canopy,Canopy.small_Subcanopy.large
851,Nothofagus cunninghamii small,Eucalyptus obliqua small,0.065149589,-0.040728998,0.171028175,0.062379049,0.067920128,0.05402068,Bird,0.211757173,small,small,Nothofagus cunninghamii,Eucalyptus obliqua,small_small,o_TAS,TAS,NA,Subcanopy,Canopy,Subcanopy_Canopy,Canopy.small_Subcanopy.small
852,Monotoca glauca small,Monotoca glauca small,-0.070238082,-0.687125458,0.546649295,-0.079188237,-0.061287927,0.314744241,Bird,1.233774753,small,small,Monotoca glauca,Monotoca glauca,small_small,o_TAS,TAS,NA,Subcanopy,Subcanopy,Subcanopy_Subcanopy,Subcanopy.small_Subcanopy.small
853,Nothofagus cunninghamii large,Monotoca glauca small,-0.074140847,-0.394241063,0.245959369,-0.079108048,-0.069173646,0.163319438,Bird,0.640200432,large,small,Nothofagus cunninghamii,Monotoca glauca,large_small,o_TAS,TAS,NA,Subcanopy,Subcanopy,Subcanopy_Subcanopy,Subcanopy.large_Subcanopy.small
854,Nothofagus cunninghamii small,Monotoca glauca small,-0.258971985,-0.421467012,-0.096476957,-0.263881781,-0.254062188,0.08290715,Bird,0.324990055,small,small,Nothofagus cunninghamii,Monotoca glauca,small_small,o_TAS,TAS,1,Subcanopy,Subcanopy,Subcanopy_Subcanopy,Subcanopy.small_Subcanopy.small
855,Nothofagus cunninghamii large,Nothofagus cunninghamii large,-0.164193779,-0.499664922,0.171277363,-0.169425876,-0.158961683,0.171161891,Bird,0.670942285,large,large,Nothofagus cunninghamii,Nothofagus cunninghamii,large_large,o_TAS,TAS,NA,Subcanopy,Subcanopy,Subcanopy_Subcanopy,Subcanopy.large_Subcanopy.large
856,Nothofagus cunninghamii small,Nothofagus cunninghamii large,0.021597792,-0.087495655,0.130691239,0.018776108,0.024419476,0.055660945,Bird,0.218186893,small,large,Nothofagus cunninghamii,Nothofagus cunninghamii,small_large,o_TAS,TAS,NA,Subcanopy,Subcanopy,Subcanopy_Subcanopy,Subcanopy.large_Subcanopy.small
857,Nothofagus cunninghamii small,Nothofagus cunninghamii small,0.409421851,0.288566517,0.530277184,0.39837934,0.420464362,0.061662018,Bird,0.241710667,small,small,Nothofagus cunninghamii,Nothofagus cunninghamii,small_small,o_TAS,TAS,1,Subcanopy,Subcanopy,Subcanopy_Subcanopy,Subcanopy.small_Subcanopy.small
858,Acacia melanoxylon small,Acacia melanoxylon small,0.134581858,-0.14425632,0.413420037,0.129568079,0.139595637,0.142266991,Flowerdale,0.557676357,small,small,Acacia melanoxylon,Acacia melanoxylon,small_small,o_TAS,TAS,NA,Subcanopy,Subcanopy,Subcanopy_Subcanopy,Subcanopy.small_Subcanopy.small
859,Eucalyptus obliqua large,Acacia melanoxylon small,0.176877751,-0.023979211,0.377734712,0.173580022,0.18017548,0.102479925,Flowerdale,0.401713923,large,small,Eucalyptus obliqua,Acacia melanoxylon,large_small,o_TAS,TAS,NA,Canopy,Subcanopy,Canopy_Subcanopy,Canopy.large_Subcanopy.small
860,Eucalyptus obliqua small,Acacia melanoxylon small,-0.091030144,-0.282708896,0.100648607,-0.094135633,-0.087924656,0.097797079,Flowerdale,0.383357504,small,small,Eucalyptus obliqua,Acacia melanoxylon,small_small,o_TAS,TAS,NA,Canopy,Subcanopy,Canopy_Subcanopy,Canopy.small_Subcanopy.small
861,Monotoca glauca small,Acacia melanoxylon small,0.217087898,-0.051181428,0.485357223,0.212797454,0.221378342,0.13687462,Flowerdale,0.536538651,small,small,Monotoca glauca,Acacia melanoxylon,small_small,o_TAS,TAS,NA,Subcanopy,Subcanopy,Subcanopy_Subcanopy,Subcanopy.small_Subcanopy.small
862,Nothofagus cunninghamii large,Acacia melanoxylon small,0.011802225,-0.195737559,0.219342008,0.008991538,0.014612911,0.10588959,Flowerdale,0.415079567,large,small,Nothofagus cunninghamii,Acacia melanoxylon,large_small,o_TAS,TAS,NA,Subcanopy,Subcanopy,Subcanopy_Subcanopy,Subcanopy.large_Subcanopy.small
863,Nothofagus cunninghamii small,Acacia melanoxylon small,0.021960056,-0.073062663,0.116982775,0.019746052,0.024174061,0.04848187,Flowerdale,0.190045438,small,small,Nothofagus cunninghamii,Acacia melanoxylon,small_small,o_TAS,TAS,NA,Subcanopy,Subcanopy,Subcanopy_Subcanopy,Subcanopy.small_Subcanopy.small
864,Eucalyptus obliqua large,Eucalyptus obliqua large,-0.05346642,-0.30701172,0.200078879,-0.058723806,-0.048209035,0.129362224,Flowerdale,0.5070906,large,large,Eucalyptus obliqua,Eucalyptus obliqua,large_large,o_TAS,TAS,NA,Canopy,Canopy,Canopy_Canopy,Canopy.large_Canopy.large
865,Eucalyptus obliqua small,Eucalyptus obliqua large,0.120637817,-0.072791548,0.314067181,0.11663932,0.124636313,0.098690265,Flowerdale,0.386858729,small,large,Eucalyptus obliqua,Eucalyptus obliqua,small_large,o_TAS,TAS,NA,Canopy,Canopy,Canopy_Canopy,Canopy.large_Canopy.small
866,Monotoca glauca small,Eucalyptus obliqua large,-0.05196393,-0.329658791,0.225730932,-0.056387085,-0.047540774,0.141683655,Flowerdale,0.555389723,small,large,Monotoca glauca,Eucalyptus obliqua,small_large,o_TAS,TAS,NA,Subcanopy,Canopy,Subcanopy_Canopy,Canopy.large_Subcanopy.small
867,Nothofagus cunninghamii large,Eucalyptus obliqua large,-0.070181221,-0.282037675,0.141675234,-0.073725338,-0.066637104,0.108092014,Flowerdale,0.423712909,large,large,Nothofagus cunninghamii,Eucalyptus obliqua,large_large,o_TAS,TAS,NA,Subcanopy,Canopy,Subcanopy_Canopy,Canopy.large_Subcanopy.large
868,Nothofagus cunninghamii small,Eucalyptus obliqua large,0.012018852,-0.076033477,0.100071182,0.009599412,0.014438293,0.044925483,Flowerdale,0.176104659,small,large,Nothofagus cunninghamii,Eucalyptus obliqua,small_large,o_TAS,TAS,NA,Subcanopy,Canopy,Subcanopy_Canopy,Canopy.large_Subcanopy.small
869,Eucalyptus obliqua small,Eucalyptus obliqua small,-0.028228416,-0.301007231,0.244550398,-0.035105914,-0.021350919,0.139175422,Flowerdale,0.545557629,small,small,Eucalyptus obliqua,Eucalyptus obliqua,small_small,o_TAS,TAS,NA,Canopy,Canopy,Canopy_Canopy,Canopy.small_Canopy.small
870,Monotoca glauca small,Eucalyptus obliqua small,0.218512411,-0.068081225,0.505106046,0.21252846,0.224496361,0.14622393,Flowerdale,0.573187272,small,small,Monotoca glauca,Eucalyptus obliqua,small_small,o_TAS,TAS,NA,Subcanopy,Canopy,Subcanopy_Canopy,Canopy.small_Subcanopy.small
871,Nothofagus cunninghamii large,Eucalyptus obliqua small,0.139250027,-0.084896328,0.363396382,0.13500322,0.143496834,0.114362487,Flowerdale,0.44829271,large,small,Nothofagus cunninghamii,Eucalyptus obliqua,large_small,o_TAS,TAS,NA,Subcanopy,Canopy,Subcanopy_Canopy,Canopy.small_Subcanopy.large
872,Nothofagus cunninghamii small,Eucalyptus obliqua small,0.065149589,-0.040728998,0.171028175,0.062379049,0.067920128,0.05402068,Flowerdale,0.211757173,small,small,Nothofagus cunninghamii,Eucalyptus obliqua,small_small,o_TAS,TAS,NA,Subcanopy,Canopy,Subcanopy_Canopy,Canopy.small_Subcanopy.small
873,Monotoca glauca small,Monotoca glauca small,-0.070238082,-0.687125458,0.546649295,-0.079188237,-0.061287927,0.314744241,Flowerdale,1.233774753,small,small,Monotoca glauca,Monotoca glauca,small_small,o_TAS,TAS,NA,Subcanopy,Subcanopy,Subcanopy_Subcanopy,Subcanopy.small_Subcanopy.small
874,Nothofagus cunninghamii large,Monotoca glauca small,-0.074140847,-0.394241063,0.245959369,-0.079108048,-0.069173646,0.163319438,Flowerdale,0.640200432,large,small,Nothofagus cunninghamii,Monotoca glauca,large_small,o_TAS,TAS,NA,Subcanopy,Subcanopy,Subcanopy_Subcanopy,Subcanopy.large_Subcanopy.small
875,Nothofagus cunninghamii small,Monotoca glauca small,-0.258971985,-0.421467012,-0.096476957,-0.263881781,-0.254062188,0.08290715,Flowerdale,0.324990055,small,small,Nothofagus cunninghamii,Monotoca glauca,small_small,o_TAS,TAS,1,Subcanopy,Subcanopy,Subcanopy_Subcanopy,Subcanopy.small_Subcanopy.small
876,Nothofagus cunninghamii large,Nothofagus cunninghamii large,-0.164193779,-0.499664922,0.171277363,-0.169425876,-0.158961683,0.171161891,Flowerdale,0.670942285,large,large,Nothofagus cunninghamii,Nothofagus cunninghamii,large_large,o_TAS,TAS,NA,Subcanopy,Subcanopy,Subcanopy_Subcanopy,Subcanopy.large_Subcanopy.large
877,Nothofagus cunninghamii small,Nothofagus cunninghamii large,0.021597792,-0.087495655,0.130691239,0.018776108,0.024419476,0.055660945,Flowerdale,0.218186893,small,large,Nothofagus cunninghamii,Nothofagus cunninghamii,small_large,o_TAS,TAS,NA,Subcanopy,Subcanopy,Subcanopy_Subcanopy,Subcanopy.large_Subcanopy.small
878,Nothofagus cunninghamii small,Nothofagus cunninghamii small,0.409421851,0.288566517,0.530277184,0.39837934,0.420464362,0.061662018,Flowerdale,0.241710667,small,small,Nothofagus cunninghamii,Nothofagus cunninghamii,small_small,o_TAS,TAS,1,Subcanopy,Subcanopy,Subcanopy_Subcanopy,Subcanopy.small_Subcanopy.small
879,Acacia melanoxylon small,Acacia melanoxylon small,0.049604611,-0.221611472,0.320820695,0.044014517,0.055194706,0.138378095,Lardner,0.542432166,small,small,Acacia melanoxylon,Acacia melanoxylon,small_small,S_VIC,SE_AUS,NA,Subcanopy,Subcanopy,Subcanopy_Subcanopy,Subcanopy.small_Subcanopy.small
880,Eucalyptus regnans large,Acacia melanoxylon small,0.235550261,-0.016175143,0.487275664,0.231140295,0.239960226,0.128433688,Lardner,0.503450807,large,small,Eucalyptus regnans,Acacia melanoxylon,large_small,S_VIC,SE_AUS,NA,Canopy,Subcanopy,Canopy_Subcanopy,Canopy.large_Subcanopy.small
881,Eucalyptus regnans small,Acacia melanoxylon small,0.081484472,-0.105143994,0.268112939,0.077941133,0.085027811,0.095220355,Lardner,0.373256934,small,small,Eucalyptus regnans,Acacia melanoxylon,small_small,S_VIC,SE_AUS,NA,Canopy,Subcanopy,Canopy_Subcanopy,Canopy.small_Subcanopy.small
882,Hedycarya angustifolia small,Acacia melanoxylon small,-0.211438977,-0.426865063,0.003987109,-0.215033087,-0.207844867,0.109913288,Lardner,0.430852171,small,small,Hedycarya angustifolia,Acacia melanoxylon,small_small,S_VIC,SE_AUS,NA,Subcanopy,Subcanopy,Subcanopy_Subcanopy,Subcanopy.small_Subcanopy.small
883,Nematolepis squamea subsp squamea large,Acacia melanoxylon small,-0.181182754,-0.476280043,0.113914535,-0.185794777,-0.176570731,0.150562608,Lardner,0.590194578,large,small,Nematolepis squamea,Acacia melanoxylon,large_small,S_VIC,SE_AUS,NA,Subcanopy,Subcanopy,Subcanopy_Subcanopy,Subcanopy.large_Subcanopy.small
884,Nematolepis squamea subsp squamea small,Acacia melanoxylon small,-0.076437004,-0.211837611,0.058963603,-0.078989721,-0.073884286,0.069083212,Lardner,0.270801214,small,small,Nematolepis squamea,Acacia melanoxylon,small_small,S_VIC,SE_AUS,NA,Subcanopy,Subcanopy,Subcanopy_Subcanopy,Subcanopy.small_Subcanopy.small
885,Olearia argophylla large,Acacia melanoxylon small,-0.19207432,-0.411901084,0.027752444,-0.195091576,-0.189057063,0.112158573,Lardner,0.439653528,large,small,Olearia argophylla,Acacia melanoxylon,large_small,S_VIC,SE_AUS,NA,Subcanopy,Subcanopy,Subcanopy_Subcanopy,Subcanopy.large_Subcanopy.small
886,Olearia argophylla small,Acacia melanoxylon small,0.014710578,-0.096331904,0.125753061,0.012496785,0.016924371,0.056655369,Lardner,0.222084965,small,small,Olearia argophylla,Acacia melanoxylon,small_small,S_VIC,SE_AUS,NA,Subcanopy,Subcanopy,Subcanopy_Subcanopy,Subcanopy.small_Subcanopy.small
887,Eucalyptus regnans large,Eucalyptus regnans large,-0.400947128,-0.844893166,0.042998909,-0.40866112,-0.393233136,0.226507243,Lardner,0.887892076,large,large,Eucalyptus regnans,Eucalyptus regnans,large_large,S_VIC,SE_AUS,NA,Canopy,Canopy,Canopy_Canopy,Canopy.large_Canopy.large
888,Eucalyptus regnans small,Eucalyptus regnans large,-0.118134482,-0.339484454,0.103215489,-0.122609496,-0.113659468,0.112935734,Lardner,0.442699943,small,large,Eucalyptus regnans,Eucalyptus regnans,small_large,S_VIC,SE_AUS,NA,Canopy,Canopy,Canopy_Canopy,Canopy.large_Canopy.small
889,Hedycarya angustifolia small,Eucalyptus regnans large,0.207702397,-0.075297953,0.490702747,0.20256774,0.212837054,0.144390587,Lardner,0.5660007,small,large,Hedycarya angustifolia,Eucalyptus regnans,small_large,S_VIC,SE_AUS,NA,Subcanopy,Canopy,Subcanopy_Canopy,Canopy.large_Subcanopy.small
890,Nematolepis squamea subsp squamea large,Eucalyptus regnans large,0.187722938,-0.125842069,0.501287945,0.182163516,0.193282359,0.159985086,Lardner,0.627130014,large,large,Nematolepis squamea,Eucalyptus regnans,large_large,S_VIC,SE_AUS,NA,Subcanopy,Canopy,Subcanopy_Canopy,Canopy.large_Subcanopy.large
891,Nematolepis squamea subsp squamea small,Eucalyptus regnans large,-0.04054948,-0.226465903,0.145366944,-0.04399701,-0.037101949,0.094857061,Lardner,0.371832847,small,large,Nematolepis squamea,Eucalyptus regnans,small_large,S_VIC,SE_AUS,NA,Subcanopy,Canopy,Subcanopy_Canopy,Canopy.large_Subcanopy.small
892,Olearia argophylla large,Eucalyptus regnans large,0.146970548,-0.094594595,0.38853569,0.143103334,0.150837762,0.123249786,Lardner,0.483130285,large,large,Olearia argophylla,Eucalyptus regnans,large_large,S_VIC,SE_AUS,NA,Subcanopy,Canopy,Subcanopy_Canopy,Canopy.large_Subcanopy.large
893,Olearia argophylla small,Eucalyptus regnans large,-0.12823093,-0.305442719,0.048980859,-0.131402104,-0.125059756,0.09041584,Lardner,0.354423578,small,large,Olearia argophylla,Eucalyptus regnans,small_large,S_VIC,SE_AUS,NA,Subcanopy,Canopy,Subcanopy_Canopy,Canopy.large_Subcanopy.small
894,Eucalyptus regnans small,Eucalyptus regnans small,-0.042043502,-0.335965924,0.251878921,-0.049864973,-0.03422203,0.149963175,Lardner,0.587844846,small,small,Eucalyptus regnans,Eucalyptus regnans,small_small,S_VIC,SE_AUS,NA,Canopy,Canopy,Canopy_Canopy,Canopy.small_Canopy.small
895,Hedycarya angustifolia small,Eucalyptus regnans small,0.042495376,-0.183467032,0.268457784,0.038079132,0.04691162,0.115289061,Lardner,0.451924816,small,small,Hedycarya angustifolia,Eucalyptus regnans,small_small,S_VIC,SE_AUS,NA,Subcanopy,Canopy,Subcanopy_Canopy,Canopy.small_Subcanopy.small
896,Nematolepis squamea subsp squamea large,Eucalyptus regnans small,0.211794142,-0.048412764,0.472001049,0.205641788,0.217946496,0.132761065,Lardner,0.520413814,large,small,Nematolepis squamea,Eucalyptus regnans,large_small,S_VIC,SE_AUS,NA,Subcanopy,Canopy,Subcanopy_Canopy,Canopy.small_Subcanopy.large
897,Nematolepis squamea subsp squamea small,Eucalyptus regnans small,0.054386112,-0.086124949,0.194897173,0.050947755,0.057824469,0.071690634,Lardner,0.281022123,small,small,Nematolepis squamea,Eucalyptus regnans,small_small,S_VIC,SE_AUS,NA,Subcanopy,Canopy,Subcanopy_Canopy,Canopy.small_Subcanopy.small
898,Olearia argophylla large,Eucalyptus regnans small,0.231580186,0.0064632,0.456697173,0.226422872,0.2367375,0.114857716,Lardner,0.450233973,large,small,Olearia argophylla,Eucalyptus regnans,large_small,S_VIC,SE_AUS,1,Subcanopy,Canopy,Subcanopy_Canopy,Canopy.small_Subcanopy.large
899,Olearia argophylla small,Eucalyptus regnans small,-0.038345374,-0.16041283,0.083722082,-0.041452352,-0.035238397,0.062280459,Lardner,0.244134912,small,small,Olearia argophylla,Eucalyptus regnans,small_small,S_VIC,SE_AUS,NA,Subcanopy,Canopy,Subcanopy_Canopy,Canopy.small_Subcanopy.small
900,Hedycarya angustifolia small,Hedycarya angustifolia small,-0.02612804,-0.330703868,0.278447789,-0.032081086,-0.020174993,0.155398686,Lardner,0.609151657,small,small,Hedycarya angustifolia,Hedycarya angustifolia,small_small,S_VIC,SE_AUS,NA,Subcanopy,Subcanopy,Subcanopy_Subcanopy,Subcanopy.small_Subcanopy.small
901,Nematolepis squamea subsp squamea large,Hedycarya angustifolia small,-0.064452855,-0.368122257,0.239216546,-0.068751316,-0.060154394,0.154936215,Lardner,0.607338803,large,small,Nematolepis squamea,Hedycarya angustifolia,large_small,S_VIC,SE_AUS,NA,Subcanopy,Subcanopy,Subcanopy_Subcanopy,Subcanopy.large_Subcanopy.small
902,Nematolepis squamea subsp squamea small,Hedycarya angustifolia small,-0.117089288,-0.280553561,0.046374986,-0.119867184,-0.114311392,0.083401672,Lardner,0.326928547,small,small,Nematolepis squamea,Hedycarya angustifolia,small_small,S_VIC,SE_AUS,NA,Subcanopy,Subcanopy,Subcanopy_Subcanopy,Subcanopy.small_Subcanopy.small
903,Olearia argophylla large,Hedycarya angustifolia small,-0.148664549,-0.377933702,0.080604605,-0.152344846,-0.144984252,0.116976207,Lardner,0.458538307,large,small,Olearia argophylla,Hedycarya angustifolia,large_small,S_VIC,SE_AUS,NA,Subcanopy,Subcanopy,Subcanopy_Subcanopy,Subcanopy.large_Subcanopy.small
904,Olearia argophylla small,Hedycarya angustifolia small,0.073319083,-0.059355853,0.205994019,0.070378352,0.076259814,0.067692538,Lardner,0.265349872,small,small,Olearia argophylla,Hedycarya angustifolia,small_small,S_VIC,SE_AUS,NA,Subcanopy,Subcanopy,Subcanopy_Subcanopy,Subcanopy.small_Subcanopy.small
905,Nematolepis squamea subsp squamea large,Nematolepis squamea subsp squamea large,0.073779252,-0.363437767,0.51099627,0.065828087,0.081730416,0.223074006,Lardner,0.874434037,large,large,Nematolepis squamea,Nematolepis squamea,large_large,S_VIC,SE_AUS,NA,Subcanopy,Subcanopy,Subcanopy_Subcanopy,Subcanopy.large_Subcanopy.large
906,Nematolepis squamea subsp squamea small,Nematolepis squamea subsp squamea large,-0.017080458,-0.1968544,0.162693484,-0.020465731,-0.013695185,0.091723084,Lardner,0.359547884,small,large,Nematolepis squamea,Nematolepis squamea,small_large,S_VIC,SE_AUS,NA,Subcanopy,Subcanopy,Subcanopy_Subcanopy,Subcanopy.large_Subcanopy.small
907,Olearia argophylla large,Nematolepis squamea subsp squamea large,-0.246461509,-0.578364877,0.085441858,-0.251551365,-0.241371653,0.169341564,Lardner,0.663806735,large,large,Olearia argophylla,Nematolepis squamea,large_large,S_VIC,SE_AUS,NA,Subcanopy,Subcanopy,Subcanopy_Subcanopy,Subcanopy.large_Subcanopy.large
908,Olearia argophylla small,Nematolepis squamea subsp squamea large,-0.095691069,-0.25864635,0.067264213,-0.098205913,-0.093176224,0.083141977,Lardner,0.325910563,small,large,Olearia argophylla,Nematolepis squamea,small_large,S_VIC,SE_AUS,NA,Subcanopy,Subcanopy,Subcanopy_Subcanopy,Subcanopy.large_Subcanopy.small
909,Nematolepis squamea subsp squamea small,Nematolepis squamea subsp squamea small,0.21686475,0.013929445,0.419800054,0.209764485,0.223965014,0.103540323,Lardner,0.40587061,small,small,Nematolepis squamea,Nematolepis squamea,small_small,S_VIC,SE_AUS,1,Subcanopy,Subcanopy,Subcanopy_Subcanopy,Subcanopy.small_Subcanopy.small
910,Olearia argophylla large,Nematolepis squamea subsp squamea small,-0.110273797,-0.285238741,0.064691148,-0.113248359,-0.107299234,0.089269469,Lardner,0.349929889,large,small,Olearia argophylla,Nematolepis squamea,large_small,S_VIC,SE_AUS,NA,Subcanopy,Subcanopy,Subcanopy_Subcanopy,Subcanopy.large_Subcanopy.small
911,Olearia argophylla small,Nematolepis squamea subsp squamea small,-0.017722265,-0.114260555,0.078816024,-0.019848365,-0.015596166,0.049255134,Lardner,0.193076579,small,small,Olearia argophylla,Nematolepis squamea,small_small,S_VIC,SE_AUS,NA,Subcanopy,Subcanopy,Subcanopy_Subcanopy,Subcanopy.small_Subcanopy.small
912,Olearia argophylla large,Olearia argophylla large,0.158746667,-0.161600297,0.479093632,0.152470834,0.1650225,0.163445332,Lardner,0.64069393,large,large,Olearia argophylla,Olearia argophylla,large_large,S_VIC,SE_AUS,NA,Subcanopy,Subcanopy,Subcanopy_Subcanopy,Subcanopy.large_Subcanopy.large
913,Olearia argophylla small,Olearia argophylla large,0.033760113,-0.075539916,0.143060141,0.031423811,0.036096414,0.055766345,Lardner,0.218600057,small,large,Olearia argophylla,Olearia argophylla,small_large,S_VIC,SE_AUS,NA,Subcanopy,Subcanopy,Subcanopy_Subcanopy,Subcanopy.large_Subcanopy.small
914,Olearia argophylla small,Olearia argophylla small,0.148139876,-0.005128261,0.301408012,0.142452637,0.153827115,0.078199466,Lardner,0.306536273,small,small,Olearia argophylla,Olearia argophylla,small_small,S_VIC,SE_AUS,NA,Subcanopy,Subcanopy,Subcanopy_Subcanopy,Subcanopy.small_Subcanopy.small
915,Atherosperma moschatum small,Atherosperma moschatum small,-0.060387298,-0.618657177,0.497882581,-0.069666343,-0.051108254,0.284836805,MtField,1.116539758,small,small,Atherosperma moschatum,Atherosperma moschatum,small_small,d_TAS,TAS,NA,Subcanopy,Subcanopy,Subcanopy_Subcanopy,Subcanopy.small_Subcanopy.small
916,Eucalyptus coccifera large,Atherosperma moschatum small,0.105551847,-0.405533908,0.616637602,0.096590128,0.114513567,0.26076283,MtField,1.02217151,large,small,Eucalyptus coccifera,Atherosperma moschatum,large_small,d_TAS,TAS,NA,Canopy,Subcanopy,Canopy_Subcanopy,Canopy.large_Subcanopy.small
917,Eucalyptus coccifera small,Atherosperma moschatum small,0.006975874,-0.635132479,0.649084226,-0.007223771,0.021175518,0.327612322,MtField,1.284216705,small,small,Eucalyptus coccifera,Atherosperma moschatum,small_small,d_TAS,TAS,NA,Canopy,Subcanopy,Canopy_Subcanopy,Canopy.small_Subcanopy.small
918,Eucalyptus delegatensis large,Atherosperma moschatum small,0.26523834,-0.281056764,0.811533443,0.256676875,0.273799804,0.278727113,MtField,1.092590208,large,small,Eucalyptus delegatensis,Atherosperma moschatum,large_small,d_TAS,TAS,NA,Canopy,Subcanopy,Canopy_Subcanopy,Canopy.large_Subcanopy.small
919,Eucalyptus delegatensis small,Atherosperma moschatum small,-0.25713446,-0.647488691,0.133219771,-0.264133175,-0.250135745,0.199163982,MtField,0.780708462,small,small,Eucalyptus delegatensis,Atherosperma moschatum,small_small,d_TAS,TAS,NA,Canopy,Subcanopy,Canopy_Subcanopy,Canopy.small_Subcanopy.small
920,Eucalyptus subcrenulata large,Atherosperma moschatum small,0.028388949,-0.444231093,0.501008992,0.020729113,0.036048786,0.241137106,MtField,0.945240085,large,small,Eucalyptus subcrenulata,Atherosperma moschatum,large_small,d_TAS,TAS,NA,Canopy,Subcanopy,Canopy_Subcanopy,Canopy.large_Subcanopy.small
921,Eucalyptus subcrenulata small,Atherosperma moschatum small,-0.008837921,-0.345261875,0.327586033,-0.014381244,-0.003294598,0.171648029,MtField,0.672847909,small,small,Eucalyptus subcrenulata,Atherosperma moschatum,small_small,d_TAS,TAS,NA,Canopy,Subcanopy,Canopy_Subcanopy,Canopy.small_Subcanopy.small
922,Leptospermum lanigerum large,Atherosperma moschatum small,-0.29427635,-0.945328077,0.356775377,-0.302507484,-0.286045216,0.332175352,MtField,1.302103454,large,small,Leptospermum lanigerum,Atherosperma moschatum,large_small,d_TAS,TAS,NA,Subcanopy,Subcanopy,Subcanopy_Subcanopy,Subcanopy.large_Subcanopy.small
923,Leptospermum lanigerum small,Atherosperma moschatum small,-0.034546993,-0.327831834,0.258737848,-0.040476021,-0.028617965,0.149637872,MtField,0.586569681,small,small,Leptospermum lanigerum,Atherosperma moschatum,small_small,d_TAS,TAS,NA,Subcanopy,Subcanopy,Subcanopy_Subcanopy,Subcanopy.small_Subcanopy.small
924,Phyllocladus aspleniifolius large,Atherosperma moschatum small,0.034516698,-0.482771114,0.55180451,0.026362328,0.042671069,0.263927203,MtField,1.034575624,large,small,Phyllocladus aspleniifolius,Atherosperma moschatum,large_small,d_TAS,TAS,NA,Subcanopy,Subcanopy,Subcanopy_Subcanopy,Subcanopy.large_Subcanopy.small
925,Phyllocladus aspleniifolius small,Atherosperma moschatum small,-0.179510339,-0.381076848,0.022056169,-0.183766264,-0.175254414,0.102841945,MtField,0.403133017,small,small,Phyllocladus aspleniifolius,Atherosperma moschatum,small_small,d_TAS,TAS,NA,Subcanopy,Subcanopy,Subcanopy_Subcanopy,Subcanopy.small_Subcanopy.small
926,Pittosporum bicolor small,Atherosperma moschatum small,0.350090213,-0.107920715,0.808101141,0.340437687,0.35974274,0.233683339,MtField,0.916021856,small,small,Pittosporum bicolor,Atherosperma moschatum,small_small,d_TAS,TAS,NA,Subcanopy,Subcanopy,Subcanopy_Subcanopy,Subcanopy.small_Subcanopy.small
927,Eucalyptus coccifera large,Eucalyptus coccifera large,-0.727385516,-1.755682873,0.300911842,-0.743288272,-0.711482759,0.524651149,MtField,2.056594715,large,large,Eucalyptus coccifera,Eucalyptus coccifera,large_large,d_TAS,TAS,NA,Canopy,Canopy,Canopy_Canopy,Canopy.large_Canopy.large
928,Eucalyptus coccifera small,Eucalyptus coccifera large,0.876467391,-0.098001925,1.850936708,0.858741952,0.89419283,0.497187359,MtField,1.948938633,small,large,Eucalyptus coccifera,Eucalyptus coccifera,small_large,d_TAS,TAS,NA,Canopy,Canopy,Canopy_Canopy,Canopy.large_Canopy.small
929,Eucalyptus delegatensis large,Eucalyptus coccifera large,-1.012124754,-2.010178762,-0.014070747,-1.026699925,-0.997549584,0.509220585,MtField,1.996108015,large,large,Eucalyptus delegatensis,Eucalyptus coccifera,large_large,d_TAS,TAS,1,Canopy,Canopy,Canopy_Canopy,Canopy.large_Canopy.large
930,Eucalyptus delegatensis small,Eucalyptus coccifera large,-0.296351281,-0.845648208,0.252945646,-0.305558218,-0.287144343,0.280258684,MtField,1.098593854,small,large,Eucalyptus delegatensis,Eucalyptus coccifera,small_large,d_TAS,TAS,NA,Canopy,Canopy,Canopy_Canopy,Canopy.large_Canopy.small
931,Eucalyptus subcrenulata large,Eucalyptus coccifera large,0.282926291,-0.395739069,0.961591652,0.273093636,0.292758947,0.3462642,MtField,1.357330721,large,large,Eucalyptus subcrenulata,Eucalyptus coccifera,large_large,d_TAS,TAS,NA,Canopy,Canopy,Canopy_Canopy,Canopy.large_Canopy.large
932,Eucalyptus subcrenulata small,Eucalyptus coccifera large,0.549879017,0.110717436,0.989040598,0.541220414,0.558537619,0.224066148,MtField,0.878323162,small,large,Eucalyptus subcrenulata,Eucalyptus coccifera,small_large,d_TAS,TAS,1,Canopy,Canopy,Canopy_Canopy,Canopy.large_Canopy.small
933,Leptospermum lanigerum large,Eucalyptus coccifera large,0.685457299,-0.225665621,1.596580219,0.672630325,0.698284273,0.464867175,MtField,1.82224584,large,large,Leptospermum lanigerum,Eucalyptus coccifera,large_large,d_TAS,TAS,NA,Subcanopy,Canopy,Subcanopy_Canopy,Canopy.large_Subcanopy.large
934,Leptospermum lanigerum small,Eucalyptus coccifera large,0.17467353,-0.240499503,0.589846563,0.166385931,0.182961128,0.211826868,MtField,0.830346066,small,large,Leptospermum lanigerum,Eucalyptus coccifera,small_large,d_TAS,TAS,NA,Subcanopy,Canopy,Subcanopy_Canopy,Canopy.large_Subcanopy.small
935,Phyllocladus aspleniifolius large,Eucalyptus coccifera large,0.378582463,-0.217165298,0.974330224,0.367217838,0.389947088,0.303958525,MtField,1.191495522,large,large,Phyllocladus aspleniifolius,Eucalyptus coccifera,large_large,d_TAS,TAS,NA,Subcanopy,Canopy,Subcanopy_Canopy,Canopy.large_Subcanopy.large
936,Phyllocladus aspleniifolius small,Eucalyptus coccifera large,-0.127958136,-0.390892647,0.134976376,-0.133107262,-0.12280901,0.134152726,MtField,0.525869023,small,large,Phyllocladus aspleniifolius,Eucalyptus coccifera,small_large,d_TAS,TAS,NA,Subcanopy,Canopy,Subcanopy_Canopy,Canopy.large_Subcanopy.small
937,Pittosporum bicolor small,Eucalyptus coccifera large,-0.064258809,-0.691350787,0.562833168,-0.073688546,-0.054829072,0.319950766,MtField,1.254183955,small,large,Pittosporum bicolor,Eucalyptus coccifera,small_large,d_TAS,TAS,NA,Subcanopy,Canopy,Subcanopy_Canopy,Canopy.large_Subcanopy.small
938,Eucalyptus coccifera small,Eucalyptus coccifera small,-1.433624228,-2.879415778,0.012167322,-1.467055272,-1.400193184,0.737662305,MtField,2.8915831,small,small,Eucalyptus coccifera,Eucalyptus coccifera,small_small,d_TAS,TAS,NA,Canopy,Canopy,Canopy_Canopy,Canopy.small_Canopy.small
939,Eucalyptus delegatensis large,Eucalyptus coccifera small,0.595297832,-0.139597723,1.330193387,0.581352291,0.609243373,0.374953602,MtField,1.46979111,large,small,Eucalyptus delegatensis,Eucalyptus coccifera,large_small,d_TAS,TAS,NA,Canopy,Canopy,Canopy_Canopy,Canopy.large_Canopy.small
940,Eucalyptus delegatensis small,Eucalyptus coccifera small,-0.049222514,-0.568097635,0.469652607,-0.059191437,-0.039253591,0.264737069,MtField,1.037750241,small,small,Eucalyptus delegatensis,Eucalyptus coccifera,small_small,d_TAS,TAS,NA,Canopy,Canopy,Canopy_Canopy,Canopy.small_Canopy.small
941,Eucalyptus subcrenulata large,Eucalyptus coccifera small,-0.048904465,-0.833831643,0.736022712,-0.061742435,-0.036066495,0.400480409,MtField,1.569854355,large,small,Eucalyptus subcrenulata,Eucalyptus coccifera,large_small,d_TAS,TAS,NA,Canopy,Canopy,Canopy_Canopy,Canopy.large_Canopy.small
942,Eucalyptus subcrenulata small,Eucalyptus coccifera small,-0.434769991,-0.907251467,0.037711486,-0.445597625,-0.423942357,0.241066408,MtField,0.944962954,small,small,Eucalyptus subcrenulata,Eucalyptus coccifera,small_small,d_TAS,TAS,NA,Canopy,Canopy,Canopy_Canopy,Canopy.small_Canopy.small
943,Leptospermum lanigerum large,Eucalyptus coccifera small,-0.722446458,-1.626520521,0.181627606,-0.740088268,-0.704804647,0.461270753,MtField,1.808148127,large,small,Leptospermum lanigerum,Eucalyptus coccifera,large_small,d_TAS,TAS,NA,Subcanopy,Canopy,Subcanopy_Canopy,Canopy.small_Subcanopy.large
944,Leptospermum lanigerum small,Eucalyptus coccifera small,-0.160490144,-0.555676134,0.234695845,-0.170760224,-0.150220065,0.20162921,MtField,0.790371979,small,small,Leptospermum lanigerum,Eucalyptus coccifera,small_small,d_TAS,TAS,NA,Subcanopy,Canopy,Subcanopy_Canopy,Canopy.small_Subcanopy.small
945,Phyllocladus aspleniifolius large,Eucalyptus coccifera small,-0.128135662,-0.948113391,0.691842068,-0.141410883,-0.11486044,0.418363672,MtField,1.639955459,large,small,Phyllocladus aspleniifolius,Eucalyptus coccifera,large_small,d_TAS,TAS,NA,Subcanopy,Canopy,Subcanopy_Canopy,Canopy.small_Subcanopy.large
946,Phyllocladus aspleniifolius small,Eucalyptus coccifera small,0.161230268,-0.131676369,0.454136906,0.155894242,0.166566295,0.149444908,MtField,0.585813275,small,small,Phyllocladus aspleniifolius,Eucalyptus coccifera,small_small,d_TAS,TAS,NA,Subcanopy,Canopy,Subcanopy_Canopy,Canopy.small_Subcanopy.small
947,Pittosporum bicolor small,Eucalyptus coccifera small,-0.435601092,-1.143703243,0.272501059,-0.447159677,-0.424042507,0.361283247,MtField,1.416204303,small,small,Pittosporum bicolor,Eucalyptus coccifera,small_small,d_TAS,TAS,NA,Subcanopy,Canopy,Subcanopy_Canopy,Canopy.small_Subcanopy.small
948,Eucalyptus delegatensis large,Eucalyptus delegatensis large,-0.814455647,-1.611324698,-0.017586596,-0.829331881,-0.799579413,0.406573313,MtField,1.593738102,large,large,Eucalyptus delegatensis,Eucalyptus delegatensis,large_large,d_TAS,TAS,1,Canopy,Canopy,Canopy_Canopy,Canopy.large_Canopy.large
949,Eucalyptus delegatensis small,Eucalyptus delegatensis large,0.34463464,-0.093537751,0.782807032,0.33475106,0.354518221,0.22356145,MtField,0.876344782,small,large,Eucalyptus delegatensis,Eucalyptus delegatensis,small_large,d_TAS,TAS,NA,Canopy,Canopy,Canopy_Canopy,Canopy.large_Canopy.small
950,Eucalyptus subcrenulata large,Eucalyptus delegatensis large,-0.023354729,-0.504679562,0.457970104,-0.033655531,-0.013053926,0.245578407,MtField,0.962649666,large,large,Eucalyptus subcrenulata,Eucalyptus delegatensis,large_large,d_TAS,TAS,NA,Canopy,Canopy,Canopy_Canopy,Canopy.large_Canopy.large
951,Eucalyptus subcrenulata small,Eucalyptus delegatensis large,0.100137556,-0.242848977,0.44312409,0.092625522,0.107649591,0.174996345,MtField,0.685973067,small,large,Eucalyptus subcrenulata,Eucalyptus delegatensis,small_large,d_TAS,TAS,NA,Canopy,Canopy,Canopy_Canopy,Canopy.large_Canopy.small
952,Leptospermum lanigerum large,Eucalyptus delegatensis large,0.82832454,-0.005447991,1.662097071,0.815365577,0.841283502,0.425401965,MtField,1.667545062,large,large,Leptospermum lanigerum,Eucalyptus delegatensis,large_large,d_TAS,TAS,NA,Subcanopy,Canopy,Subcanopy_Canopy,Canopy.large_Subcanopy.large
953,Leptospermum lanigerum small,Eucalyptus delegatensis large,0.174008911,-0.145929447,0.49394727,0.165924756,0.182093067,0.163236856,MtField,0.639876717,small,large,Leptospermum lanigerum,Eucalyptus delegatensis,small_large,d_TAS,TAS,NA,Subcanopy,Canopy,Subcanopy_Canopy,Canopy.large_Subcanopy.small
954,Phyllocladus aspleniifolius large,Eucalyptus delegatensis large,0.164848705,-0.399385261,0.729082671,0.15274816,0.176949251,0.287879762,MtField,1.128467932,large,large,Phyllocladus aspleniifolius,Eucalyptus delegatensis,large_large,d_TAS,TAS,NA,Subcanopy,Canopy,Subcanopy_Canopy,Canopy.large_Subcanopy.large
955,Phyllocladus aspleniifolius small,Eucalyptus delegatensis large,0.066260883,-0.230862686,0.363384453,0.06148032,0.071041447,0.151596444,MtField,0.59424714,small,large,Phyllocladus aspleniifolius,Eucalyptus delegatensis,small_large,d_TAS,TAS,NA,Subcanopy,Canopy,Subcanopy_Canopy,Canopy.large_Subcanopy.small
956,Pittosporum bicolor small,Eucalyptus delegatensis large,-0.152700311,-0.615128053,0.309727432,-0.161546131,-0.14385449,0.235936857,MtField,0.924855485,small,large,Pittosporum bicolor,Eucalyptus delegatensis,small_large,d_TAS,TAS,NA,Subcanopy,Canopy,Subcanopy_Canopy,Canopy.large_Subcanopy.small
957,Eucalyptus delegatensis small,Eucalyptus delegatensis small,-0.350841891,-0.82137412,0.119690339,-0.361051862,-0.34063192,0.240071875,MtField,0.941064459,small,small,Eucalyptus delegatensis,Eucalyptus delegatensis,small_small,d_TAS,TAS,NA,Canopy,Canopy,Canopy_Canopy,Canopy.small_Canopy.small
958,Eucalyptus subcrenulata large,Eucalyptus delegatensis small,0.41898695,-0.015989216,0.853963117,0.410498245,0.427475655,0.221930694,MtField,0.869952333,large,small,Eucalyptus subcrenulata,Eucalyptus delegatensis,large_small,d_TAS,TAS,NA,Canopy,Canopy,Canopy_Canopy,Canopy.large_Canopy.small
959,Eucalyptus subcrenulata small,Eucalyptus delegatensis small,0.231006914,-0.063404997,0.525418824,0.224601712,0.237412115,0.150212919,MtField,0.588823821,small,small,Eucalyptus subcrenulata,Eucalyptus delegatensis,small_small,d_TAS,TAS,NA,Canopy,Canopy,Canopy_Canopy,Canopy.small_Canopy.small
960,Leptospermum lanigerum large,Eucalyptus delegatensis small,-0.442890382,-0.928627203,0.042846438,-0.451502957,-0.434277808,0.247829462,MtField,0.97147364,large,small,Leptospermum lanigerum,Eucalyptus delegatensis,large_small,d_TAS,TAS,NA,Subcanopy,Canopy,Subcanopy_Canopy,Canopy.small_Subcanopy.large
961,Leptospermum lanigerum small,Eucalyptus delegatensis small,0.234404185,-0.004912877,0.473721248,0.226657902,0.242150469,0.122102786,MtField,0.478634126,small,small,Leptospermum lanigerum,Eucalyptus delegatensis,small_small,d_TAS,TAS,NA,Subcanopy,Canopy,Subcanopy_Canopy,Canopy.small_Subcanopy.small
962,Phyllocladus aspleniifolius large,Eucalyptus delegatensis small,0.555628411,0.080480528,1.030776294,0.544724274,0.566532549,0.242426844,MtField,0.950295766,large,small,Phyllocladus aspleniifolius,Eucalyptus delegatensis,large_small,d_TAS,TAS,1,Subcanopy,Canopy,Subcanopy_Canopy,Canopy.small_Subcanopy.large
963,Phyllocladus aspleniifolius small,Eucalyptus delegatensis small,-0.227413552,-0.410934289,-0.043892815,-0.231909564,-0.222917541,0.09363475,MtField,0.367041474,small,small,Phyllocladus aspleniifolius,Eucalyptus delegatensis,small_small,d_TAS,TAS,1,Subcanopy,Canopy,Subcanopy_Canopy,Canopy.small_Subcanopy.small
964,Pittosporum bicolor small,Eucalyptus delegatensis small,0.141123039,-0.146180668,0.428426746,0.133805163,0.148440915,0.146586218,MtField,0.574607414,small,small,Pittosporum bicolor,Eucalyptus delegatensis,small_small,d_TAS,TAS,NA,Subcanopy,Canopy,Subcanopy_Canopy,Canopy.small_Subcanopy.small
965,Eucalyptus subcrenulata large,Eucalyptus subcrenulata large,-0.738201067,-1.587792656,0.111390522,-0.750314938,-0.726087196,0.433473061,MtField,1.699183178,large,large,Eucalyptus subcrenulata,Eucalyptus subcrenulata,large_large,d_TAS,TAS,NA,Canopy,Canopy,Canopy_Canopy,Canopy.large_Canopy.large
966,Eucalyptus subcrenulata small,Eucalyptus subcrenulata large,-0.159981065,-0.537800358,0.217838229,-0.166389374,-0.153572755,0.192768488,MtField,0.755638587,small,large,Eucalyptus subcrenulata,Eucalyptus subcrenulata,small_large,d_TAS,TAS,NA,Canopy,Canopy,Canopy_Canopy,Canopy.large_Canopy.small
967,Leptospermum lanigerum large,Eucalyptus subcrenulata large,0.619508256,-0.128037428,1.367053939,0.608899464,0.630117047,0.381407867,MtField,1.495091367,large,large,Leptospermum lanigerum,Eucalyptus subcrenulata,large_large,d_TAS,TAS,NA,Subcanopy,Canopy,Subcanopy_Canopy,Canopy.large_Subcanopy.large
968,Leptospermum lanigerum small,Eucalyptus subcrenulata large,-0.229181277,-0.587991064,0.12962851,-0.236369228,-0.221993326,0.183069582,MtField,0.717619573,small,large,Leptospermum lanigerum,Eucalyptus subcrenulata,small_large,d_TAS,TAS,NA,Subcanopy,Canopy,Subcanopy_Canopy,Canopy.large_Subcanopy.small
969,Phyllocladus aspleniifolius large,Eucalyptus subcrenulata large,0.033693224,-0.568986584,0.636373032,0.023949138,0.04343731,0.307495348,MtField,1.205359616,large,large,Phyllocladus aspleniifolius,Eucalyptus subcrenulata,large_large,d_TAS,TAS,NA,Subcanopy,Canopy,Subcanopy_Canopy,Canopy.large_Subcanopy.large
970,Phyllocladus aspleniifolius small,Eucalyptus subcrenulata large,0.019940062,-0.228396372,0.268276496,0.01532662,0.024553505,0.12670459,MtField,0.496672868,small,large,Phyllocladus aspleniifolius,Eucalyptus subcrenulata,small_large,d_TAS,TAS,NA,Subcanopy,Canopy,Subcanopy_Canopy,Canopy.large_Subcanopy.small
971,Pittosporum bicolor small,Eucalyptus subcrenulata large,0.328039688,-0.274646953,0.930726329,0.318706577,0.337372799,0.307498835,MtField,1.205373282,small,large,Pittosporum bicolor,Eucalyptus subcrenulata,small_large,d_TAS,TAS,NA,Subcanopy,Canopy,Subcanopy_Canopy,Canopy.large_Subcanopy.small
972,Eucalyptus subcrenulata small,Eucalyptus subcrenulata small,-0.211583262,-0.615637064,0.192470541,-0.220898597,-0.202267926,0.206153687,MtField,0.808107605,small,small,Eucalyptus subcrenulata,Eucalyptus subcrenulata,small_small,d_TAS,TAS,NA,Canopy,Canopy,Canopy_Canopy,Canopy.small_Canopy.small
973,Leptospermum lanigerum large,Eucalyptus subcrenulata small,-0.283973557,-0.709121956,0.141174843,-0.290512474,-0.27743464,0.216916435,MtField,0.850296799,large,small,Leptospermum lanigerum,Eucalyptus subcrenulata,large_small,d_TAS,TAS,NA,Subcanopy,Canopy,Subcanopy_Canopy,Canopy.small_Subcanopy.large
974,Leptospermum lanigerum small,Eucalyptus subcrenulata small,0.019670899,-0.178593553,0.217935351,0.013631484,0.025710313,0.101157191,MtField,0.396528904,small,small,Leptospermum lanigerum,Eucalyptus subcrenulata,small_small,d_TAS,TAS,NA,Subcanopy,Canopy,Subcanopy_Canopy,Canopy.small_Subcanopy.small
975,Phyllocladus aspleniifolius large,Eucalyptus subcrenulata small,-0.055763218,-0.419880812,0.308354376,-0.062887579,-0.048638856,0.185777696,MtField,0.728235188,large,small,Phyllocladus aspleniifolius,Eucalyptus subcrenulata,large_small,d_TAS,TAS,NA,Subcanopy,Canopy,Subcanopy_Canopy,Canopy.small_Subcanopy.large
976,Phyllocladus aspleniifolius small,Eucalyptus subcrenulata small,-0.041124699,-0.196125131,0.113875734,-0.044632086,-0.037617312,0.079083307,MtField,0.310000865,small,small,Phyllocladus aspleniifolius,Eucalyptus subcrenulata,small_small,d_TAS,TAS,NA,Subcanopy,Canopy,Subcanopy_Canopy,Canopy.small_Subcanopy.small
977,Pittosporum bicolor small,Eucalyptus subcrenulata small,0.134383485,-0.159599,0.42836597,0.128056648,0.140710322,0.14999382,MtField,0.58796497,small,small,Pittosporum bicolor,Eucalyptus subcrenulata,small_small,d_TAS,TAS,NA,Subcanopy,Canopy,Subcanopy_Canopy,Canopy.small_Subcanopy.small
978,Leptospermum lanigerum large,Leptospermum lanigerum large,-0.786565325,-1.673809418,0.100678769,-0.800989819,-0.77214083,0.452683876,MtField,1.774488187,large,large,Leptospermum lanigerum,Leptospermum lanigerum,large_large,d_TAS,TAS,NA,Subcanopy,Subcanopy,Subcanopy_Subcanopy,Subcanopy.large_Subcanopy.large
979,Leptospermum lanigerum small,Leptospermum lanigerum large,0.101706462,-0.228568344,0.431981268,0.094795565,0.108617359,0.168510651,MtField,0.660549612,small,large,Leptospermum lanigerum,Leptospermum lanigerum,small_large,d_TAS,TAS,NA,Subcanopy,Subcanopy,Subcanopy_Subcanopy,Subcanopy.large_Subcanopy.small
980,Phyllocladus aspleniifolius large,Leptospermum lanigerum large,-0.204183348,-0.934660708,0.526294012,-0.215074991,-0.193291705,0.372699379,MtField,1.460954721,large,large,Phyllocladus aspleniifolius,Leptospermum lanigerum,large_large,d_TAS,TAS,NA,Subcanopy,Subcanopy,Subcanopy_Subcanopy,Subcanopy.large_Subcanopy.large
981,Phyllocladus aspleniifolius small,Leptospermum lanigerum large,-0.111828943,-0.365262409,0.141604522,-0.116188922,-0.107468965,0.129305164,MtField,0.506866931,small,large,Phyllocladus aspleniifolius,Leptospermum lanigerum,small_large,d_TAS,TAS,NA,Subcanopy,Subcanopy,Subcanopy_Subcanopy,Subcanopy.large_Subcanopy.small
982,Pittosporum bicolor small,Leptospermum lanigerum large,-0.030481655,-0.527537483,0.466574172,-0.038926274,-0.022037036,0.253604572,MtField,0.994111656,small,large,Pittosporum bicolor,Leptospermum lanigerum,small_large,d_TAS,TAS,NA,Subcanopy,Subcanopy,Subcanopy_Subcanopy,Subcanopy.large_Subcanopy.small
983,Leptospermum lanigerum small,Leptospermum lanigerum small,0.152163445,-0.084689048,0.389015938,0.142998192,0.161328698,0.120845329,MtField,0.473704986,small,small,Leptospermum lanigerum,Leptospermum lanigerum,small_small,d_TAS,TAS,NA,Subcanopy,Subcanopy,Subcanopy_Subcanopy,Subcanopy.small_Subcanopy.small
984,Phyllocladus aspleniifolius large,Leptospermum lanigerum small,-0.547827808,-1.00066325,-0.094992366,-0.557365976,-0.53828964,0.231042736,MtField,0.905670884,large,small,Phyllocladus aspleniifolius,Leptospermum lanigerum,large_small,d_TAS,TAS,1,Subcanopy,Subcanopy,Subcanopy_Subcanopy,Subcanopy.large_Subcanopy.small
985,Phyllocladus aspleniifolius small,Leptospermum lanigerum small,0.119102338,-0.026391516,0.264596192,0.11476944,0.123435236,0.074232922,MtField,0.290987708,small,small,Phyllocladus aspleniifolius,Leptospermum lanigerum,small_small,d_TAS,TAS,NA,Subcanopy,Subcanopy,Subcanopy_Subcanopy,Subcanopy.small_Subcanopy.small
986,Pittosporum bicolor small,Leptospermum lanigerum small,-0.073756263,-0.351752106,0.204239579,-0.080985328,-0.066527199,0.14183722,MtField,0.555991685,small,small,Pittosporum bicolor,Leptospermum lanigerum,small_small,d_TAS,TAS,NA,Subcanopy,Subcanopy,Subcanopy_Subcanopy,Subcanopy.small_Subcanopy.small
987,Phyllocladus aspleniifolius large,Phyllocladus aspleniifolius large,-0.890655059,-1.733397812,-0.047912306,-0.906747919,-0.874562199,0.429978693,MtField,1.685485506,large,large,Phyllocladus aspleniifolius,Phyllocladus aspleniifolius,large_large,d_TAS,TAS,1,Subcanopy,Subcanopy,Subcanopy_Subcanopy,Subcanopy.large_Subcanopy.large
988,Phyllocladus aspleniifolius small,Phyllocladus aspleniifolius large,0.337951634,0.049308957,0.626594311,0.331816695,0.344086573,0.147269378,MtField,0.577285354,small,large,Phyllocladus aspleniifolius,Phyllocladus aspleniifolius,small_large,d_TAS,TAS,1,Subcanopy,Subcanopy,Subcanopy_Subcanopy,Subcanopy.large_Subcanopy.small
989,Pittosporum bicolor small,Phyllocladus aspleniifolius large,-0.231802744,-0.659140215,0.195534728,-0.241089491,-0.222515997,0.218033329,MtField,0.854674943,small,large,Pittosporum bicolor,Phyllocladus aspleniifolius,small_large,d_TAS,TAS,NA,Subcanopy,Subcanopy,Subcanopy_Subcanopy,Subcanopy.large_Subcanopy.small
990,Phyllocladus aspleniifolius small,Phyllocladus aspleniifolius small,0.224822944,0.044110359,0.405535529,0.213990414,0.235655474,0.092201993,MtField,0.36142517,small,small,Phyllocladus aspleniifolius,Phyllocladus aspleniifolius,small_small,d_TAS,TAS,1,Subcanopy,Subcanopy,Subcanopy_Subcanopy,Subcanopy.small_Subcanopy.small
991,Pittosporum bicolor small,Phyllocladus aspleniifolius small,0.252147812,0.035503676,0.468791948,0.246771511,0.257524113,0.110534754,MtField,0.433288273,small,small,Pittosporum bicolor,Phyllocladus aspleniifolius,small_small,d_TAS,TAS,1,Subcanopy,Subcanopy,Subcanopy_Subcanopy,Subcanopy.small_Subcanopy.small
992,Pittosporum bicolor small,Pittosporum bicolor small,-0.080652935,-0.477645395,0.316339526,-0.089342313,-0.071963556,0.202550896,MtField,0.793984921,small,small,Pittosporum bicolor,Pittosporum bicolor,small_small,d_TAS,TAS,NA,Subcanopy,Subcanopy,Subcanopy_Subcanopy,Subcanopy.small_Subcanopy.small
993,Eucalyptus cypellocarpa small,Eucalyptus cypellocarpa small,0.163275342,-0.212603248,0.539153933,0.158227623,0.168323061,0.191778315,WaratahMix,0.751757181,small,small,Eucalyptus cypellocarpa,Eucalyptus cypellocarpa,small_small,S_NSW,SE_AUS,NA,Canopy,Canopy,Canopy_Canopy,Canopy.small_Canopy.small
994,Eucalyptus fastigata large,Eucalyptus cypellocarpa small,-0.003471261,-0.293469472,0.28652695,-0.007259394,0.000316872,0.14796099,WaratahMix,0.579996421,large,small,Eucalyptus fastigata,Eucalyptus cypellocarpa,large_small,S_NSW,SE_AUS,NA,Canopy,Canopy,Canopy_Canopy,Canopy.large_Canopy.small
995,Eucalyptus fastigata small,Eucalyptus cypellocarpa small,-0.078528488,-0.301299628,0.144242652,-0.081497216,-0.07555976,0.113660833,WaratahMix,0.445542279,small,small,Eucalyptus fastigata,Eucalyptus cypellocarpa,small_small,S_NSW,SE_AUS,NA,Canopy,Canopy,Canopy_Canopy,Canopy.small_Canopy.small
996,Eucalyptus obliqua large,Eucalyptus cypellocarpa small,-0.027474773,-0.337392217,0.28244267,-0.030907959,-0.024041587,0.15812405,WaratahMix,0.619834887,large,small,Eucalyptus obliqua,Eucalyptus cypellocarpa,large_small,S_NSW,SE_AUS,NA,Canopy,Canopy,Canopy_Canopy,Canopy.large_Canopy.small
997,Eucalyptus obliqua small,Eucalyptus cypellocarpa small,-0.034495009,-0.242635225,0.173645207,-0.03701437,-0.031975648,0.106195939,WaratahMix,0.416280432,small,small,Eucalyptus obliqua,Eucalyptus cypellocarpa,small_small,S_NSW,SE_AUS,NA,Canopy,Canopy,Canopy_Canopy,Canopy.small_Canopy.small
998,Eucalyptus radiata large,Eucalyptus cypellocarpa small,-0.021872314,-0.23469624,0.190951613,-0.024373931,-0.019370696,0.108585631,WaratahMix,0.425647854,large,small,Eucalyptus radiata,Eucalyptus cypellocarpa,large_small,S_NSW,SE_AUS,NA,Canopy,Canopy,Canopy_Canopy,Canopy.large_Canopy.small
999,Eucalyptus radiata small,Eucalyptus cypellocarpa small,0.010812456,-0.128822544,0.150447456,0.008581658,0.013043254,0.071243656,WaratahMix,0.279270001,small,small,Eucalyptus radiata,Eucalyptus cypellocarpa,small_small,S_NSW,SE_AUS,NA,Canopy,Canopy,Canopy_Canopy,Canopy.small_Canopy.small
1000,Eucalyptus fastigata large,Eucalyptus fastigata large,-0.146650191,-0.542408402,0.249108021,-0.153135609,-0.140164772,0.201921165,WaratahMix,0.791516422,large,large,Eucalyptus fastigata,Eucalyptus fastigata,large_large,S_NSW,SE_AUS,NA,Canopy,Canopy,Canopy_Canopy,Canopy.large_Canopy.large
1001,Eucalyptus fastigata small,Eucalyptus fastigata large,0.15361855,-0.082197712,0.389434812,0.150260463,0.156976637,0.12031663,WaratahMix,0.471632524,small,large,Eucalyptus fastigata,Eucalyptus fastigata,small_large,S_NSW,SE_AUS,NA,Canopy,Canopy,Canopy_Canopy,Canopy.large_Canopy.small
1002,Eucalyptus obliqua large,Eucalyptus fastigata large,-0.012414422,-0.277929823,0.253100979,-0.015766114,-0.00906273,0.135469531,WaratahMix,0.531030802,large,large,Eucalyptus obliqua,Eucalyptus fastigata,large_large,S_NSW,SE_AUS,NA,Canopy,Canopy,Canopy_Canopy,Canopy.large_Canopy.large
1003,Eucalyptus obliqua small,Eucalyptus fastigata large,-0.119199209,-0.328220782,0.089822364,-0.121786051,-0.116612367,0.106645619,WaratahMix,0.418043146,small,large,Eucalyptus obliqua,Eucalyptus fastigata,small_large,S_NSW,SE_AUS,NA,Canopy,Canopy,Canopy_Canopy,Canopy.large_Canopy.small
1004,Eucalyptus radiata large,Eucalyptus fastigata large,-0.183337579,-0.392621715,0.025946557,-0.18641306,-0.180262098,0.106779583,WaratahMix,0.418568273,large,large,Eucalyptus radiata,Eucalyptus fastigata,large_large,S_NSW,SE_AUS,NA,Canopy,Canopy,Canopy_Canopy,Canopy.large_Canopy.large
1005,Eucalyptus radiata small,Eucalyptus fastigata large,-0.193249291,-0.356254641,-0.030243941,-0.19673362,-0.189764961,0.083167523,WaratahMix,0.3260107,small,large,Eucalyptus radiata,Eucalyptus fastigata,small_large,S_NSW,SE_AUS,1,Canopy,Canopy,Canopy_Canopy,Canopy.large_Canopy.small
1006,Eucalyptus fastigata small,Eucalyptus fastigata small,0.185713121,-0.037853312,0.409279554,0.180688755,0.190737487,0.114066603,WaratahMix,0.447132866,small,small,Eucalyptus fastigata,Eucalyptus fastigata,small_small,S_NSW,SE_AUS,NA,Canopy,Canopy,Canopy_Canopy,Canopy.small_Canopy.small
1007,Eucalyptus obliqua large,Eucalyptus fastigata small,-0.054607124,-0.271611193,0.162396946,-0.057563443,-0.051650804,0.110718397,WaratahMix,0.434008139,large,small,Eucalyptus obliqua,Eucalyptus fastigata,large_small,S_NSW,SE_AUS,NA,Canopy,Canopy,Canopy_Canopy,Canopy.large_Canopy.small
1008,Eucalyptus obliqua small,Eucalyptus fastigata small,0.035601334,-0.136339676,0.207542343,0.033036288,0.03816638,0.087726617,WaratahMix,0.343882019,small,small,Eucalyptus obliqua,Eucalyptus fastigata,small_small,S_NSW,SE_AUS,NA,Canopy,Canopy,Canopy_Canopy,Canopy.small_Canopy.small
1009,Eucalyptus radiata large,Eucalyptus fastigata small,0.110132972,-0.061848049,0.282113993,0.107403282,0.112862662,0.087747031,WaratahMix,0.343962042,large,small,Eucalyptus radiata,Eucalyptus fastigata,large_small,S_NSW,SE_AUS,NA,Canopy,Canopy,Canopy_Canopy,Canopy.large_Canopy.small
1010,Eucalyptus radiata small,Eucalyptus fastigata small,0.064893308,-0.057961073,0.187747688,0.062413462,0.067373153,0.062681958,WaratahMix,0.245708761,small,small,Eucalyptus radiata,Eucalyptus fastigata,small_small,S_NSW,SE_AUS,NA,Canopy,Canopy,Canopy_Canopy,Canopy.small_Canopy.small
1011,Eucalyptus obliqua large,Eucalyptus obliqua large,0.174447402,-0.251534461,0.600429265,0.168625705,0.180269099,0.217341679,WaratahMix,0.851963726,large,large,Eucalyptus obliqua,Eucalyptus obliqua,large_large,S_NSW,SE_AUS,NA,Canopy,Canopy,Canopy_Canopy,Canopy.large_Canopy.large
1012,Eucalyptus obliqua small,Eucalyptus obliqua large,0.101788662,-0.148923057,0.352500381,0.098461198,0.105116126,0.127916493,WaratahMix,0.501423438,small,large,Eucalyptus obliqua,Eucalyptus obliqua,small_large,S_NSW,SE_AUS,NA,Canopy,Canopy,Canopy_Canopy,Canopy.large_Canopy.small
1013,Eucalyptus radiata large,Eucalyptus obliqua large,-0.01647992,-0.239162483,0.206202643,-0.019280729,-0.01367911,0.11361564,WaratahMix,0.445365126,large,large,Eucalyptus radiata,Eucalyptus obliqua,large_large,S_NSW,SE_AUS,NA,Canopy,Canopy,Canopy_Canopy,Canopy.large_Canopy.large
1014,Eucalyptus radiata small,Eucalyptus obliqua large,-0.033017427,-0.167353688,0.101318833,-0.03510719,-0.030927664,0.068540168,WaratahMix,0.268672521,small,large,Eucalyptus radiata,Eucalyptus obliqua,small_large,S_NSW,SE_AUS,NA,Canopy,Canopy,Canopy_Canopy,Canopy.large_Canopy.small
1015,Eucalyptus obliqua small,Eucalyptus obliqua small,0.109604466,-0.180631215,0.399840147,0.104537794,0.114671138,0.14808215,WaratahMix,0.580471362,small,small,Eucalyptus obliqua,Eucalyptus obliqua,small_small,S_NSW,SE_AUS,NA,Canopy,Canopy,Canopy_Canopy,Canopy.small_Canopy.small
1016,Eucalyptus radiata large,Eucalyptus obliqua small,-0.110746144,-0.286820034,0.065327746,-0.112992391,-0.108499897,0.089835268,WaratahMix,0.35214778,large,small,Eucalyptus radiata,Eucalyptus obliqua,large_small,S_NSW,SE_AUS,NA,Canopy,Canopy,Canopy_Canopy,Canopy.large_Canopy.small
1017,Eucalyptus radiata small,Eucalyptus obliqua small,-0.048250434,-0.15853736,0.062036492,-0.05015251,-0.046348358,0.056269874,WaratahMix,0.220573852,small,small,Eucalyptus radiata,Eucalyptus obliqua,small_small,S_NSW,SE_AUS,NA,Canopy,Canopy,Canopy_Canopy,Canopy.small_Canopy.small
1018,Eucalyptus radiata large,Eucalyptus radiata large,0.119087678,-0.11903613,0.357211487,0.113728667,0.12444669,0.121493971,WaratahMix,0.476247617,large,large,Eucalyptus radiata,Eucalyptus radiata,large_large,S_NSW,SE_AUS,NA,Canopy,Canopy,Canopy_Canopy,Canopy.large_Canopy.large
1019,Eucalyptus radiata small,Eucalyptus radiata large,-0.065212084,-0.16855497,0.038130802,-0.067000894,-0.063423274,0.052726931,WaratahMix,0.206685772,small,large,Eucalyptus radiata,Eucalyptus radiata,small_large,S_NSW,SE_AUS,NA,Canopy,Canopy,Canopy_Canopy,Canopy.large_Canopy.small
1020,Eucalyptus radiata small,Eucalyptus radiata small,0.304826159,0.155112134,0.454540184,0.294538774,0.315113545,0.07638611,WaratahMix,0.29942805,small,small,Eucalyptus radiata,Eucalyptus radiata,small_small,S_NSW,SE_AUS,1,Canopy,Canopy,Canopy_Canopy,Canopy.small_Canopy.small
1021,Bedfordia salicina large,Bedfordia salicina large,-0.137229944,-0.9866941,0.712234211,-0.152130793,-0.122329096,0.433408043,Caveside,1.698928311,large,large,Bedfordia salicina,Bedfordia salicina,large_large,d_TAS,TAS,NA,Subcanopy,Subcanopy,Subcanopy_Subcanopy,Subcanopy.large_Subcanopy.large
1022,Bedfordia salicina small,Bedfordia salicina large,0.118483835,-0.194258948,0.431226618,0.114700045,0.122267624,0.159565576,Caveside,0.625485566,small,large,Bedfordia salicina,Bedfordia salicina,small_large,d_TAS,TAS,NA,Subcanopy,Subcanopy,Subcanopy_Subcanopy,Subcanopy.small_Subcanopy.large
1023,Eucalyptus delegatensis large,Bedfordia salicina large,0.342425123,-0.33934152,1.024191767,0.330263367,0.35458688,0.347846516,Caveside,1.363533287,large,large,Eucalyptus delegatensis,Bedfordia salicina,large_large,d_TAS,TAS,NA,Canopy,Subcanopy,Canopy_Subcanopy,Canopy.large_Subcanopy.large
1024,Eucalyptus delegatensis small,Bedfordia salicina large,0.015937442,-0.396446186,0.428321069,0.006052032,0.025822851,0.210403676,Caveside,0.824767255,small,large,Eucalyptus delegatensis,Bedfordia salicina,small_large,d_TAS,TAS,NA,Canopy,Subcanopy,Canopy_Subcanopy,Canopy.small_Subcanopy.large
1025,Eucalyptus obliqua large,Bedfordia salicina large,0.275940029,-0.271206902,0.823086959,0.264021393,0.287858664,0.279161727,Caveside,1.094293862,large,large,Eucalyptus obliqua,Bedfordia salicina,large_large,d_TAS,TAS,NA,Canopy,Subcanopy,Canopy_Subcanopy,Canopy.large_Subcanopy.large
1026,Eucalyptus obliqua small,Bedfordia salicina large,0.040344239,-0.321296891,0.401985369,0.033778654,0.046909825,0.184514171,Caveside,0.723282261,small,large,Eucalyptus obliqua,Bedfordia salicina,small_large,d_TAS,TAS,NA,Canopy,Subcanopy,Canopy_Subcanopy,Canopy.small_Subcanopy.large
1027,Nothofagus cunninghamii large,Bedfordia salicina large,-0.212170091,-1.144246457,0.719906276,-0.226885083,-0.197455098,0.475557905,Caveside,1.864152733,large,large,Nothofagus cunninghamii,Bedfordia salicina,large_large,d_TAS,TAS,NA,Subcanopy,Subcanopy,Subcanopy_Subcanopy,Subcanopy.large_Subcanopy.large
1028,Nothofagus cunninghamii small,Bedfordia salicina large,-0.225035447,-0.698493088,0.248422194,-0.237277209,-0.212793685,0.24156446,Caveside,0.946915282,small,large,Nothofagus cunninghamii,Bedfordia salicina,small_large,d_TAS,TAS,NA,Subcanopy,Subcanopy,Subcanopy_Subcanopy,Subcanopy.small_Subcanopy.large
1029,Pomaderris apetala large,Bedfordia salicina large,0.123945821,-0.377826877,0.625718519,0.114022023,0.133869619,0.256011183,Caveside,1.003545396,large,large,Pomaderris apetala,Bedfordia salicina,large_large,d_TAS,TAS,NA,Subcanopy,Subcanopy,Subcanopy_Subcanopy,Subcanopy.large_Subcanopy.large
1030,Pomaderris apetala small,Bedfordia salicina large,-0.07104841,-0.165759518,0.023662699,-0.07377073,-0.068326089,0.048322882,Caveside,0.189422217,small,large,Pomaderris apetala,Bedfordia salicina,small_large,d_TAS,TAS,NA,Subcanopy,Subcanopy,Subcanopy_Subcanopy,Subcanopy.small_Subcanopy.large
1031,Bedfordia salicina small,Bedfordia salicina small,0.484768666,0.394321066,0.575216266,0.46964913,0.499888202,0.046147583,Caveside,0.180895201,small,small,Bedfordia salicina,Bedfordia salicina,small_small,d_TAS,TAS,1,Subcanopy,Subcanopy,Subcanopy_Subcanopy,Subcanopy.small_Subcanopy.small
1032,Eucalyptus delegatensis large,Bedfordia salicina small,-0.10219663,-0.315127759,0.1107345,-0.104658353,-0.099734907,0.108640328,Caveside,0.425862259,large,small,Eucalyptus delegatensis,Bedfordia salicina,large_small,d_TAS,TAS,NA,Canopy,Subcanopy,Canopy_Subcanopy,Canopy.large_Subcanopy.small
1033,Eucalyptus delegatensis small,Bedfordia salicina small,-0.04342922,-0.105569647,0.018711208,-0.045523501,-0.041334938,0.031704882,Caveside,0.124280855,small,small,Eucalyptus delegatensis,Bedfordia salicina,small_small,d_TAS,TAS,NA,Canopy,Subcanopy,Canopy_Subcanopy,Canopy.small_Subcanopy.small
1034,Eucalyptus obliqua large,Bedfordia salicina small,-0.13129405,-0.260275274,-0.002312827,-0.134602175,-0.127985926,0.065807956,Caveside,0.257962448,large,small,Eucalyptus obliqua,Bedfordia salicina,large_small,d_TAS,TAS,1,Canopy,Subcanopy,Canopy_Subcanopy,Canopy.large_Subcanopy.small
1035,Eucalyptus obliqua small,Bedfordia salicina small,0.004594285,-0.052023662,0.061212233,0.002991631,0.00619694,0.028887239,Caveside,0.113235895,small,small,Eucalyptus obliqua,Bedfordia salicina,small_small,d_TAS,TAS,NA,Canopy,Subcanopy,Canopy_Subcanopy,Canopy.small_Subcanopy.small
1036,Nothofagus cunninghamii large,Bedfordia salicina small,-0.02011272,-0.111855535,0.071630096,-0.022302229,-0.017923211,0.046808419,Caveside,0.183485631,large,small,Nothofagus cunninghamii,Bedfordia salicina,large_small,d_TAS,TAS,NA,Subcanopy,Subcanopy,Subcanopy_Subcanopy,Subcanopy.large_Subcanopy.small
1037,Nothofagus cunninghamii small,Bedfordia salicina small,0.014991871,-0.038376855,0.068360598,0.013121944,0.016861798,0.027229442,Caveside,0.106737453,small,small,Nothofagus cunninghamii,Bedfordia salicina,small_small,d_TAS,TAS,NA,Subcanopy,Subcanopy,Subcanopy_Subcanopy,Subcanopy.small_Subcanopy.small
1038,Pomaderris apetala large,Bedfordia salicina small,-0.032694042,-0.093522632,0.028134548,-0.034709087,-0.030678997,0.031035565,Caveside,0.12165718,large,small,Pomaderris apetala,Bedfordia salicina,large_small,d_TAS,TAS,NA,Subcanopy,Subcanopy,Subcanopy_Subcanopy,Subcanopy.large_Subcanopy.small
1039,Pomaderris apetala small,Bedfordia salicina small,-0.000702945,-0.042425679,0.041019789,-0.003195951,0.001790062,0.0212875,Caveside,0.083445468,small,small,Pomaderris apetala,Bedfordia salicina,small_small,d_TAS,TAS,NA,Subcanopy,Subcanopy,Subcanopy_Subcanopy,Subcanopy.small_Subcanopy.small
1040,Eucalyptus delegatensis large,Eucalyptus delegatensis large,-0.944815461,-2.195968906,0.306337984,-0.959173431,-0.930457492,0.638355324,Caveside,2.50230689,large,large,Eucalyptus delegatensis,Eucalyptus delegatensis,large_large,d_TAS,TAS,NA,Canopy,Canopy,Canopy_Canopy,Canopy.large_Canopy.large
1041,Eucalyptus delegatensis small,Eucalyptus delegatensis large,0.16109404,-0.22638524,0.54857332,0.153219353,0.168968727,0.197697143,Caveside,0.77495856,small,large,Eucalyptus delegatensis,Eucalyptus delegatensis,small_large,d_TAS,TAS,NA,Canopy,Canopy,Canopy_Canopy,Canopy.small_Canopy.large
1042,Eucalyptus obliqua large,Eucalyptus delegatensis large,-0.562507858,-1.589787219,0.464771504,-0.57641821,-0.548597506,0.524131754,Caveside,2.054558723,large,large,Eucalyptus obliqua,Eucalyptus delegatensis,large_large,d_TAS,TAS,NA,Canopy,Canopy,Canopy_Canopy,Canopy.large_Canopy.large
1043,Eucalyptus obliqua small,Eucalyptus delegatensis large,-0.02285624,-0.381283882,0.335571403,-0.027946268,-0.017766211,0.182874607,Caveside,0.716855285,small,large,Eucalyptus obliqua,Eucalyptus delegatensis,small_large,d_TAS,TAS,NA,Canopy,Canopy,Canopy_Canopy,Canopy.small_Canopy.large
1044,Nothofagus cunninghamii large,Eucalyptus delegatensis large,0.201786765,-0.417558066,0.821131596,0.191181564,0.212391965,0.315998067,Caveside,1.238689662,large,large,Nothofagus cunninghamii,Eucalyptus delegatensis,large_large,d_TAS,TAS,NA,Subcanopy,Canopy,Subcanopy_Canopy,Subcanopy.large_Canopy.large
1045,Nothofagus cunninghamii small,Eucalyptus delegatensis large,0.039369342,-0.162612996,0.24135168,0.034517663,0.044221021,0.103054107,Caveside,0.403964676,small,large,Nothofagus cunninghamii,Eucalyptus delegatensis,small_large,d_TAS,TAS,NA,Subcanopy,Canopy,Subcanopy_Canopy,Subcanopy.small_Canopy.large
1046,Pomaderris apetala large,Eucalyptus delegatensis large,-0.076833299,-0.340626808,0.18696021,-0.08285383,-0.070812767,0.134590998,Caveside,0.527587018,large,large,Pomaderris apetala,Eucalyptus delegatensis,large_large,d_TAS,TAS,NA,Subcanopy,Canopy,Subcanopy_Canopy,Subcanopy.large_Canopy.large
1047,Pomaderris apetala small,Eucalyptus delegatensis large,0.13780713,-0.030350822,0.305965083,0.134977758,0.140636503,0.08579645,Caveside,0.336315905,small,large,Pomaderris apetala,Eucalyptus delegatensis,small_large,d_TAS,TAS,NA,Subcanopy,Canopy,Subcanopy_Canopy,Subcanopy.small_Canopy.large
1048,Eucalyptus delegatensis small,Eucalyptus delegatensis small,0.145548761,-0.11879016,0.409887682,0.137134829,0.153962692,0.134869275,Caveside,0.528677842,small,small,Eucalyptus delegatensis,Eucalyptus delegatensis,small_small,d_TAS,TAS,NA,Canopy,Canopy,Canopy_Canopy,Canopy.small_Canopy.small
1049,Eucalyptus obliqua large,Eucalyptus delegatensis small,-0.2081605,-0.531632247,0.115311248,-0.216508747,-0.199812253,0.165039639,Caveside,0.646943495,large,small,Eucalyptus obliqua,Eucalyptus delegatensis,large_small,d_TAS,TAS,NA,Canopy,Canopy,Canopy_Canopy,Canopy.large_Canopy.small
1050,Eucalyptus obliqua small,Eucalyptus delegatensis small,0.080954647,-0.088081605,0.249990899,0.076229646,0.085679647,0.08624457,Caveside,0.338072504,small,small,Eucalyptus obliqua,Eucalyptus delegatensis,small_small,d_TAS,TAS,NA,Canopy,Canopy,Canopy_Canopy,Canopy.small_Canopy.small
1051,Nothofagus cunninghamii large,Eucalyptus delegatensis small,-0.04977839,-0.26448345,0.164926671,-0.057719791,-0.041836989,0.109545411,Caveside,0.429410121,large,small,Nothofagus cunninghamii,Eucalyptus delegatensis,large_small,d_TAS,TAS,NA,Subcanopy,Canopy,Subcanopy_Canopy,Subcanopy.large_Canopy.small
1052,Nothofagus cunninghamii small,Eucalyptus delegatensis small,0.060163724,-0.057236055,0.177563503,0.054970717,0.065356731,0.059898947,Caveside,0.234799558,small,small,Nothofagus cunninghamii,Eucalyptus delegatensis,small_small,d_TAS,TAS,NA,Subcanopy,Canopy,Subcanopy_Canopy,Subcanopy.small_Canopy.small
1053,Pomaderris apetala large,Eucalyptus delegatensis small,0.024503435,-0.125637014,0.174643883,0.018617303,0.030389567,0.076603677,Caveside,0.300280897,large,small,Pomaderris apetala,Eucalyptus delegatensis,large_small,d_TAS,TAS,NA,Subcanopy,Canopy,Subcanopy_Canopy,Subcanopy.large_Canopy.small
1054,Pomaderris apetala small,Eucalyptus delegatensis small,0.032416198,-0.028436439,0.093268836,0.030054841,0.034777555,0.031047834,Caveside,0.121705274,small,small,Pomaderris apetala,Eucalyptus delegatensis,small_small,d_TAS,TAS,NA,Subcanopy,Canopy,Subcanopy_Canopy,Subcanopy.small_Canopy.small
1055,Eucalyptus obliqua large,Eucalyptus obliqua large,-0.475651354,-1.59404271,0.642740001,-0.491776834,-0.459525875,0.57061832,Caveside,2.236782711,large,large,Eucalyptus obliqua,Eucalyptus obliqua,large_large,d_TAS,TAS,NA,Canopy,Canopy,Canopy_Canopy,Canopy.large_Canopy.large
1056,Eucalyptus obliqua small,Eucalyptus obliqua large,0.383754554,-0.038279413,0.805788522,0.375295942,0.392213167,0.21532741,Caveside,0.844067935,small,large,Eucalyptus obliqua,Eucalyptus obliqua,small_large,d_TAS,TAS,NA,Canopy,Canopy,Canopy_Canopy,Canopy.small_Canopy.large
1057,Nothofagus cunninghamii large,Eucalyptus obliqua large,0.23140594,-0.21259611,0.67540799,0.22232615,0.240485731,0.226535821,Caveside,0.8880041,large,large,Nothofagus cunninghamii,Eucalyptus obliqua,large_large,d_TAS,TAS,NA,Subcanopy,Canopy,Subcanopy_Canopy,Subcanopy.large_Canopy.large
1058,Nothofagus cunninghamii small,Eucalyptus obliqua large,-0.020642361,-0.212963939,0.171679216,-0.02510729,-0.016177433,0.098125057,Caveside,0.384643155,small,large,Nothofagus cunninghamii,Eucalyptus obliqua,small_large,d_TAS,TAS,NA,Subcanopy,Canopy,Subcanopy_Canopy,Subcanopy.small_Canopy.large
1059,Pomaderris apetala large,Eucalyptus obliqua large,-0.031688049,-0.222141876,0.158765777,-0.037790276,-0.025585822,0.097172105,Caveside,0.380907653,large,large,Pomaderris apetala,Eucalyptus obliqua,large_large,d_TAS,TAS,NA,Subcanopy,Canopy,Subcanopy_Canopy,Subcanopy.large_Canopy.large
1060,Pomaderris apetala small,Eucalyptus obliqua large,0.190401504,0.03833444,0.342468567,0.18658222,0.194220788,0.077586662,Caveside,0.304134127,small,large,Pomaderris apetala,Eucalyptus obliqua,small_large,d_TAS,TAS,1,Subcanopy,Canopy,Subcanopy_Canopy,Subcanopy.small_Canopy.large
1061,Eucalyptus obliqua small,Eucalyptus obliqua small,0.066443462,-0.301837177,0.4347241,0.054244558,0.078642366,0.187901738,Caveside,0.736561277,small,small,Eucalyptus obliqua,Eucalyptus obliqua,small_small,d_TAS,TAS,NA,Canopy,Canopy,Canopy_Canopy,Canopy.small_Canopy.small
1062,Nothofagus cunninghamii large,Eucalyptus obliqua small,-0.038017709,-0.25221526,0.176179842,-0.043169001,-0.032866417,0.109286473,Caveside,0.428395101,large,small,Nothofagus cunninghamii,Eucalyptus obliqua,large_small,d_TAS,TAS,NA,Subcanopy,Canopy,Subcanopy_Canopy,Subcanopy.large_Canopy.small
1063,Nothofagus cunninghamii small,Eucalyptus obliqua small,-0.009676029,-0.119052652,0.099700595,-0.01286257,-0.006489488,0.055805425,Caveside,0.218753247,small,small,Nothofagus cunninghamii,Eucalyptus obliqua,small_small,d_TAS,TAS,NA,Subcanopy,Canopy,Subcanopy_Canopy,Subcanopy.small_Canopy.small
1064,Pomaderris apetala large,Eucalyptus obliqua small,-0.05344155,-0.163514079,0.05663098,-0.057722125,-0.049160974,0.056160486,Caveside,0.220145059,large,small,Pomaderris apetala,Eucalyptus obliqua,large_small,d_TAS,TAS,NA,Subcanopy,Canopy,Subcanopy_Canopy,Subcanopy.large_Canopy.small
1065,Pomaderris apetala small,Eucalyptus obliqua small,-0.057449728,-0.124094012,0.009194556,-0.059135933,-0.055763522,0.034002811,Caveside,0.133288568,small,small,Pomaderris apetala,Eucalyptus obliqua,small_small,d_TAS,TAS,NA,Subcanopy,Canopy,Subcanopy_Canopy,Subcanopy.small_Canopy.small
1066,Nothofagus cunninghamii large,Nothofagus cunninghamii large,-0.091408424,-0.398263735,0.215446887,-0.106392945,-0.076423903,0.156561709,Caveside,0.613710622,large,large,Nothofagus cunninghamii,Nothofagus cunninghamii,large_large,d_TAS,TAS,NA,Subcanopy,Subcanopy,Subcanopy_Subcanopy,Subcanopy.large_Subcanopy.large
1067,Nothofagus cunninghamii small,Nothofagus cunninghamii large,0.015381221,-0.130032139,0.160794581,0.005926851,0.024835592,0.074191853,Caveside,0.29082672,small,large,Nothofagus cunninghamii,Nothofagus cunninghamii,small_large,d_TAS,TAS,NA,Subcanopy,Subcanopy,Subcanopy_Subcanopy,Subcanopy.small_Subcanopy.large
1068,Pomaderris apetala large,Nothofagus cunninghamii large,-0.165334877,-0.39784306,0.067173305,-0.172137242,-0.158532513,0.118628804,Caveside,0.465016365,large,large,Pomaderris apetala,Nothofagus cunninghamii,large_large,d_TAS,TAS,NA,Subcanopy,Subcanopy,Subcanopy_Subcanopy,Subcanopy.large_Subcanopy.large
1069,Pomaderris apetala small,Nothofagus cunninghamii large,-0.048190581,-0.113389816,0.017008653,-0.050709055,-0.045672108,0.033265527,Caveside,0.130398469,small,large,Pomaderris apetala,Nothofagus cunninghamii,small_large,d_TAS,TAS,NA,Subcanopy,Subcanopy,Subcanopy_Subcanopy,Subcanopy.small_Subcanopy.large
1070,Nothofagus cunninghamii small,Nothofagus cunninghamii small,0.300844447,0.120700015,0.480988879,0.278140529,0.323548365,0.091912113,Caveside,0.360288864,small,small,Nothofagus cunninghamii,Nothofagus cunninghamii,small_small,d_TAS,TAS,1,Subcanopy,Subcanopy,Subcanopy_Subcanopy,Subcanopy.small_Subcanopy.small
1071,Pomaderris apetala large,Nothofagus cunninghamii small,0.047164498,-0.061923785,0.156252782,0.043488833,0.050840164,0.05565831,Caveside,0.218176566,large,small,Pomaderris apetala,Nothofagus cunninghamii,large_small,d_TAS,TAS,NA,Subcanopy,Subcanopy,Subcanopy_Subcanopy,Subcanopy.large_Subcanopy.small
1072,Pomaderris apetala small,Nothofagus cunninghamii small,-0.054740566,-0.088084244,-0.021396888,-0.057014333,-0.052466799,0.017012393,Caveside,0.066687356,small,small,Pomaderris apetala,Nothofagus cunninghamii,small_small,d_TAS,TAS,1,Subcanopy,Subcanopy,Subcanopy_Subcanopy,Subcanopy.small_Subcanopy.small
1073,Pomaderris apetala large,Pomaderris apetala large,0.296685302,0.094748908,0.498621696,0.28337223,0.309998374,0.103030666,Caveside,0.403872788,large,large,Pomaderris apetala,Pomaderris apetala,large_large,d_TAS,TAS,1,Subcanopy,Subcanopy,Subcanopy_Subcanopy,Subcanopy.large_Subcanopy.large
1074,Pomaderris apetala small,Pomaderris apetala large,0.023380259,-0.029301093,0.076061612,0.020779866,0.025980652,0.026878735,Caveside,0.105362705,small,large,Pomaderris apetala,Pomaderris apetala,small_large,d_TAS,TAS,NA,Subcanopy,Subcanopy,Subcanopy_Subcanopy,Subcanopy.small_Subcanopy.large
1075,Pomaderris apetala small,Pomaderris apetala small,0.429823266,0.319452272,0.540194259,0.408332108,0.451314423,0.056312766,Caveside,0.220741987,small,small,Pomaderris apetala,Pomaderris apetala,small_small,d_TAS,TAS,1,Subcanopy,Subcanopy,Subcanopy_Subcanopy,Subcanopy.small_Subcanopy.small
