"","from","to","alpha","lo","hi","lo_numerical","hi_numerical","se","site","range_ci","size_from","size_to","species_from","species_to","size_int","georegion","sig","class_from","class_to","class_int","group"
"1","Allocasuarina decussata small","Allocasuarina decussata small",-0.0836300666395186,-0.747501197633462,0.580241064354425,-0.0920864449290818,-0.0751736883499554,0.3387159846969,"Frankland",1.32774226198789,"small","small","Allocasuarina decussata","Allocasuarina decussata","small_small","S_WA",NA,"Subcanopy","Subcanopy","Subcanopy_Subcanopy","Subcanopy.small_Subcanopy.small"
"2","Eucalyptus diversicolor large","Allocasuarina decussata small",0.23640934337406,-0.298721937259374,0.771540624007495,0.230289871217669,0.242528815530451,0.273031180600502,"Frankland",1.07026256126687,"large","small","Eucalyptus diversicolor","Allocasuarina decussata","large_small","S_WA",NA,"Canopy","Subcanopy","Subcanopy_Canopy","Canopy.large_Subcanopy.small"
"3","Eucalyptus diversicolor small","Allocasuarina decussata small",0.102771378940512,-0.0893308459440212,0.294873603825046,0.0999163608947903,0.105626396986234,0.0980131402412551,"Frankland",0.384204449769067,"small","small","Eucalyptus diversicolor","Allocasuarina decussata","small_small","S_WA",NA,"Canopy","Subcanopy","Subcanopy_Canopy","Canopy.small_Subcanopy.small"
"4","Eucalyptus guilfoylei large","Allocasuarina decussata small",0.0867080690505198,-0.395511783963514,0.568927922064553,0.0805648299629811,0.0928513081380585,0.246035058203989,"Frankland",0.964439706028067,"large","small","Eucalyptus guilfoylei","Allocasuarina decussata","large_small","S_WA",NA,"Canopy","Subcanopy","Subcanopy_Canopy","Canopy.large_Subcanopy.small"
"5","Eucalyptus guilfoylei small","Allocasuarina decussata small",0.313841830407595,-0.00552152986964577,0.633205190684835,0.305398325082752,0.322285335732438,0.162943484062125,"Frankland",0.638726720554481,"small","small","Eucalyptus guilfoylei","Allocasuarina decussata","small_small","S_WA",NA,"Canopy","Subcanopy","Subcanopy_Canopy","Canopy.small_Subcanopy.small"
"6","Eucalyptus diversicolor large","Eucalyptus diversicolor large",-0.0519035694877273,-0.460763752392123,0.356956613416669,-0.0579258453894928,-0.0458812935859619,0.208605967318498,"Frankland",0.817720365808792,"large","large","Eucalyptus diversicolor","Eucalyptus diversicolor","large_large","S_WA",NA,"Canopy","Canopy","Canopy_Canopy","Canopy.large_Canopy.large"
"7","Eucalyptus diversicolor small","Eucalyptus diversicolor large",-0.0641044153187429,-0.206583861824031,0.0783750311865458,-0.0659025705125173,-0.0623062601249684,0.0726949309421746,"Frankland",0.284958893010577,"small","large","Eucalyptus diversicolor","Eucalyptus diversicolor","small_large","S_WA",NA,"Canopy","Canopy","Canopy_Canopy","Canopy.large_Canopy.small"
"8","Eucalyptus guilfoylei large","Eucalyptus diversicolor large",-0.24296334075241,-0.487385137256465,0.00145845575164608,-0.246374648758605,-0.239552032746214,0.124707289742069,"Frankland",0.488843593008111,"large","large","Eucalyptus guilfoylei","Eucalyptus diversicolor","large_large","S_WA",NA,"Canopy","Canopy","Canopy_Canopy","Canopy.large_Canopy.large"
"9","Eucalyptus guilfoylei small","Eucalyptus diversicolor large",-0.0747573695793941,-0.273758080352386,0.124243341193598,-0.0781381052296213,-0.0713766339291668,0.101532840573951,"Frankland",0.398001421545984,"small","large","Eucalyptus guilfoylei","Eucalyptus diversicolor","small_large","S_WA",NA,"Canopy","Canopy","Canopy_Canopy","Canopy.large_Canopy.small"
"10","Eucalyptus diversicolor small","Eucalyptus diversicolor small",0.409841107199646,0.232290616425401,0.587391597973892,0.402608331586919,0.417073882812373,0.0905886496765969,"Frankland",0.355100981548492,"small","small","Eucalyptus diversicolor","Eucalyptus diversicolor","small_small","S_WA",1,"Canopy","Canopy","Canopy_Canopy","Canopy.small_Canopy.small"
"11","Eucalyptus guilfoylei large","Eucalyptus diversicolor small",-0.033616877803951,-0.184722420168779,0.117488664560877,-0.0355933146384188,-0.0316404409694833,0.0770960811304337,"Frankland",0.302211084729656,"large","small","Eucalyptus guilfoylei","Eucalyptus diversicolor","large_small","S_WA",NA,"Canopy","Canopy","Canopy_Canopy","Canopy.large_Canopy.small"
"12","Eucalyptus guilfoylei small","Eucalyptus diversicolor small",-0.0422184319801097,-0.143522748236282,0.0590858842760627,-0.0448932513629601,-0.0395436125972594,0.0516868253984502,"Frankland",0.202608632512345,"small","small","Eucalyptus guilfoylei","Eucalyptus diversicolor","small_small","S_WA",NA,"Canopy","Canopy","Canopy_Canopy","Canopy.small_Canopy.small"
"13","Eucalyptus guilfoylei large","Eucalyptus guilfoylei large",-0.213327987098003,-0.576305704072263,0.149649729876258,-0.219308040252819,-0.207347933943186,0.185196115764056,"Frankland",0.725955433948521,"large","large","Eucalyptus guilfoylei","Eucalyptus guilfoylei","large_large","S_WA",NA,"Canopy","Canopy","Canopy_Canopy","Canopy.large_Canopy.large"
"14","Eucalyptus guilfoylei small","Eucalyptus guilfoylei large",0.131918310286605,-0.0821893986492531,0.346026019222463,0.128102645705132,0.135733974868078,0.109240634330382,"Frankland",0.428215417871716,"small","large","Eucalyptus guilfoylei","Eucalyptus guilfoylei","small_large","S_WA",NA,"Canopy","Canopy","Canopy_Canopy","Canopy.large_Canopy.small"
"15","Eucalyptus guilfoylei small","Eucalyptus guilfoylei small",0.235990032557878,0.0481743506669718,0.423805714448784,0.22951840989812,0.242461655217636,0.0958260883222204,"Frankland",0.375631363781812,"small","small","Eucalyptus guilfoylei","Eucalyptus guilfoylei","small_small","S_WA",1,"Canopy","Canopy","Canopy_Canopy","Canopy.small_Canopy.small"
"16","Eucalyptus diversicolor large","Eucalyptus diversicolor large",-0.500278190220759,-0.984147662876925,-0.0164087175645919,-0.510460919094998,-0.49009546134652,0.246876716344212,"Collins",0.967738945312334,"large","large","Eucalyptus diversicolor","Eucalyptus diversicolor","large_large","N_WA",1,"Canopy","Canopy","Canopy_Canopy","Canopy.large_Canopy.large"
"17","Eucalyptus diversicolor small","Eucalyptus diversicolor large",-0.0221710875460677,-0.231978331194061,0.187636156101925,-0.0244765208702697,-0.0198656542218657,0.107046479069476,"Collins",0.419614487295986,"small","large","Eucalyptus diversicolor","Eucalyptus diversicolor","small_large","N_WA",NA,"Canopy","Canopy","Canopy_Canopy","Canopy.large_Canopy.small"
"18","Misc_small","Eucalyptus diversicolor large",-0.163590260744205,-0.391585076884265,0.0644045553958545,-0.167297606071338,-0.159882915417073,0.116326023303721,"Collins",0.45598963228012,"small","large","Misc","Eucalyptus diversicolor","small_large","N_WA",NA,"Misc","Canopy","Misc_Canopy","Misc.small_Canopy.large"
"19","Eucalyptus diversicolor small","Eucalyptus diversicolor small",0.335906902665525,0.190326291224814,0.481487514106235,0.33024197466033,0.34157183067072,0.0742771870243698,"Collins",0.291161222881421,"small","small","Eucalyptus diversicolor","Eucalyptus diversicolor","small_small","N_WA",1,"Canopy","Canopy","Canopy_Canopy","Canopy.small_Canopy.small"
"20","Misc_small","Eucalyptus diversicolor small",-0.00684380544041188,-0.0943319929515497,0.080644382070726,-0.00938624234789103,-0.00430136853293274,0.04463765059013,"Collins",0.174976375022276,"small","small","Misc","Eucalyptus diversicolor","small_small","N_WA",NA,"Misc","Canopy","Misc_Canopy","Misc.small_Canopy.small"
"21","Misc_small","Misc_small",0.332339424647653,0.208158029355585,0.45652081993972,0.325793975434038,0.338884873861267,0.0633590189776927,"Collins",0.248362790584135,"small","small","Misc","Misc","small_small","N_WA",1,"Misc","Misc","Misc_Misc","Misc.small_Misc.small"
"22","Allocasuarina decussata large","Allocasuarina decussata large",-0.27356080648578,-0.982479278592625,0.435357665621064,-0.27939652157507,-0.267725091396491,0.361699744331377,"Clare",1.41783694421369,"large","large","Allocasuarina decussata","Allocasuarina decussata","large_large","S_WA",NA,"Subcanopy","Subcanopy","Subcanopy_Subcanopy","Subcanopy.large_Subcanopy.large"
"23","Allocasuarina decussata small","Allocasuarina decussata large",0.0203486195609268,-0.237244191588233,0.277941430710087,0.0174464414173007,0.0232507977045529,0.131427318655353,"Clare",0.51518562229832,"small","large","Allocasuarina decussata","Allocasuarina decussata","small_large","S_WA",NA,"Subcanopy","Subcanopy","Subcanopy_Subcanopy","Subcanopy.large_Subcanopy.small"
"24","Eucalyptus jacksonii small","Allocasuarina decussata large",0.63224469570812,-0.239791269603705,1.50428066101994,0.623531563082667,0.640957828333572,0.444924484424374,"Clare",1.74407193062365,"small","large","Eucalyptus jacksonii","Allocasuarina decussata","small_large","S_WA",NA,"Canopy","Subcanopy","Subcanopy_Canopy","Canopy.small_Subcanopy.large"
"25","Misc_large","Allocasuarina decussata large",-0.10333048743091,-0.667010032979396,0.460349058117576,-0.107692494181609,-0.0989684806802108,0.287596889532011,"Clare",1.12735909109697,"large","large","Misc","Allocasuarina decussata","large_large","S_WA",NA,"Misc","Subcanopy","Misc_Subcanopy","Misc.large_Subcanopy.large"
"26","Allocasuarina decussata small","Allocasuarina decussata small",0.153792971057197,-0.0296230185457448,0.337208960660139,0.147996608389289,0.159589333725105,0.0935813061105733,"Clare",0.366831979205884,"small","small","Allocasuarina decussata","Allocasuarina decussata","small_small","S_WA",NA,"Subcanopy","Subcanopy","Subcanopy_Subcanopy","Subcanopy.small_Subcanopy.small"
"27","Eucalyptus jacksonii small","Allocasuarina decussata small",-0.00593327036092051,-0.378666076611116,0.366799535889275,-0.00977039709241515,-0.00209614362942587,0.190173293586139,"Clare",0.74546561250039,"small","small","Eucalyptus jacksonii","Allocasuarina decussata","small_small","S_WA",NA,"Canopy","Subcanopy","Subcanopy_Canopy","Canopy.small_Subcanopy.small"
"28","Misc_large","Allocasuarina decussata small",-0.310971328658458,-0.653931500006994,0.0319888426900778,-0.315511088479954,-0.306431568836963,0.174982894611208,"Clare",0.685920342697072,"large","small","Misc","Allocasuarina decussata","large_small","S_WA",NA,"Misc","Subcanopy","Misc_Subcanopy","Misc.large_Subcanopy.small"
"29","Eucalyptus jacksonii small","Eucalyptus jacksonii small",-1.04475419118883,-2.50885913658979,0.419350754212124,-1.05753018278244,-1.03197819959522,0.747006045493503,"Clare",2.92820989080191,"small","small","Eucalyptus jacksonii","Eucalyptus jacksonii","small_small","S_WA",NA,"Canopy","Canopy","Canopy_Canopy","Canopy.small_Canopy.small"
"30","Misc_large","Eucalyptus jacksonii small",0.187621927487087,-0.612563091581497,0.987806946555672,0.180273016254634,0.194970838719541,0.408265164758303,"Clare",1.60037003813717,"large","small","Misc","Eucalyptus jacksonii","large_small","S_WA",NA,"Misc","Canopy","Misc_Canopy","Misc.large_Canopy.small"
"31","Misc_large","Misc_large",-0.556740134658049,-1.29570733621144,0.182227066895345,-0.566712044171984,-0.546768225144114,0.377031010458495,"Clare",1.47793440310679,"large","large","Misc","Misc","large_large","S_WA",NA,"Misc","Misc","Misc_Misc","Misc.large_Misc.large"
"32","Acacia melanoxylon small","Acacia melanoxylon small",0.455914166167053,0.201170981439048,0.710657350895058,0.440601314849546,0.47122701748456,0.129973400908071,"Sutton",0.509486369456011,"small","small","Acacia melanoxylon","Acacia melanoxylon","small_small","N_WA",1,"Subcanopy","Subcanopy","Subcanopy_Subcanopy","Subcanopy.small_Subcanopy.small"
"33","Corymbia calophylla large","Acacia melanoxylon small",0.0535340093498144,-0.311243168681468,0.418311187381097,0.0458090901643377,0.0612589285352911,0.186114225010561,"Sutton",0.729554356062565,"large","small","Corymbia calophylla","Acacia melanoxylon","large_small","N_WA",NA,"Canopy","Subcanopy","Subcanopy_Canopy","Canopy.large_Subcanopy.small"
"34","Corymbia calophylla small","Acacia melanoxylon small",-0.00391123931321547,-0.143916064184971,0.13609358555854,-0.00725111533368527,-0.000571363292745664,0.0714323456839492,"Sutton",0.280009649743511,"small","small","Corymbia calophylla","Acacia melanoxylon","small_small","N_WA",NA,"Canopy","Subcanopy","Subcanopy_Canopy","Canopy.small_Subcanopy.small"
"35","Eucalyptus diversicolor large","Acacia melanoxylon small",-0.0577361289819685,-0.190488770992465,0.0750165130285279,-0.0605305539480194,-0.0549417040159177,0.0677321843960564,"Sutton",0.265505284020993,"large","small","Eucalyptus diversicolor","Acacia melanoxylon","large_small","N_WA",NA,"Canopy","Subcanopy","Subcanopy_Canopy","Canopy.large_Subcanopy.small"
"36","Eucalyptus diversicolor small","Acacia melanoxylon small",-0.11053933034003,-0.233039174131671,0.0119605134516109,-0.114127655934326,-0.106951004745734,0.0625010687736632,"Sutton",0.244999687583282,"small","small","Eucalyptus diversicolor","Acacia melanoxylon","small_small","N_WA",NA,"Canopy","Subcanopy","Subcanopy_Canopy","Canopy.small_Subcanopy.small"
"37","Corymbia calophylla large","Corymbia calophylla large",-0.836542257940031,-2.35939765199368,0.686313136113612,-0.860807131048649,-0.812277384831413,0.776981314996466,"Sutton",3.04571078810729,"large","large","Corymbia calophylla","Corymbia calophylla","large_large","N_WA",NA,"Canopy","Canopy","Canopy_Canopy","Canopy.large_Canopy.large"
"38","Corymbia calophylla small","Corymbia calophylla large",0.518710500641297,-0.170303814377838,1.20772481566043,0.508267146625438,0.529153854657155,0.351544375536486,"Sutton",1.37802863003827,"small","large","Corymbia calophylla","Corymbia calophylla","small_large","N_WA",NA,"Canopy","Canopy","Canopy_Canopy","Canopy.large_Canopy.small"
"39","Eucalyptus diversicolor large","Corymbia calophylla large",-0.544799775343356,-1.17124612325933,0.0816465725726225,-0.55579740702436,-0.533802143662352,0.319621356748036,"Sutton",1.25289269583196,"large","large","Eucalyptus diversicolor","Corymbia calophylla","large_large","N_WA",NA,"Canopy","Canopy","Canopy_Canopy","Canopy.large_Canopy.large"
"40","Eucalyptus diversicolor small","Corymbia calophylla large",-0.0217267311696298,-0.272665520158697,0.229212057819438,-0.0280291526163001,-0.0154243097229594,0.128032347006598,"Sutton",0.501877577978135,"small","large","Eucalyptus diversicolor","Corymbia calophylla","small_large","N_WA",NA,"Canopy","Canopy","Canopy_Canopy","Canopy.large_Canopy.small"
"41","Corymbia calophylla small","Corymbia calophylla small",0.34357772979393,0.0628136500865592,0.624341809501302,0.332690153526919,0.354465306060942,0.143249611687767,"Sutton",0.561528159414742,"small","small","Corymbia calophylla","Corymbia calophylla","small_small","N_WA",1,"Canopy","Canopy","Canopy_Canopy","Canopy.small_Canopy.small"
"42","Eucalyptus diversicolor large","Corymbia calophylla small",0.162324956042022,-0.0637839636220164,0.388433875706061,0.158423029846872,0.166226882237173,0.115363813543288,"Sutton",0.452217839328077,"large","small","Eucalyptus diversicolor","Corymbia calophylla","large_small","N_WA",NA,"Canopy","Canopy","Canopy_Canopy","Canopy.large_Canopy.small"
"43","Eucalyptus diversicolor small","Corymbia calophylla small",-0.0636423712708413,-0.159919880141225,0.0326351375995425,-0.0665557278684168,-0.0607290146732657,0.0491220806248526,"Sutton",0.192555017740768,"small","small","Eucalyptus diversicolor","Corymbia calophylla","small_small","N_WA",NA,"Canopy","Canopy","Canopy_Canopy","Canopy.small_Canopy.small"
"44","Eucalyptus diversicolor large","Eucalyptus diversicolor large",-0.129681407106541,-0.373496544668509,0.114133730455427,-0.135365711979654,-0.123997102233428,0.124397764186052,"Sutton",0.487630275123936,"large","large","Eucalyptus diversicolor","Eucalyptus diversicolor","large_large","N_WA",NA,"Canopy","Canopy","Canopy_Canopy","Canopy.large_Canopy.large"
"45","Eucalyptus diversicolor small","Eucalyptus diversicolor large",-0.0621267306196274,-0.170430752985028,0.0461772917457732,-0.0647363685831231,-0.0595170926561317,0.0552581696498961,"Sutton",0.216608044730801,"small","large","Eucalyptus diversicolor","Eucalyptus diversicolor","small_large","N_WA",NA,"Canopy","Canopy","Canopy_Canopy","Canopy.large_Canopy.small"
"46","Eucalyptus diversicolor small","Eucalyptus diversicolor small",-0.00413861942033272,-0.212415258627114,0.204138019786449,-0.0115474469571154,0.00327020811644992,0.106265544086341,"Sutton",0.416553278413562,"small","small","Eucalyptus diversicolor","Eucalyptus diversicolor","small_small","N_WA",NA,"Canopy","Canopy","Canopy_Canopy","Canopy.small_Canopy.small"
"47","Allocasuarina decussata large","Allocasuarina decussata large",-0.144017557769461,-0.517784771386264,0.229749655847341,-0.151576261129978,-0.136458854408944,0.190701062144524,"Giants",0.747534427233605,"large","large","Allocasuarina decussata","Allocasuarina decussata","large_large","S_WA",NA,"Subcanopy","Subcanopy","Subcanopy_Subcanopy","Subcanopy.large_Subcanopy.large"
"48","Allocasuarina decussata small","Allocasuarina decussata large",-0.0171476671962712,-0.129011128919621,0.0947157945270781,-0.0193571939592216,-0.0149381404333208,0.0570742435094288,"Giants",0.223726923446699,"small","large","Allocasuarina decussata","Allocasuarina decussata","small_large","S_WA",NA,"Subcanopy","Subcanopy","Subcanopy_Subcanopy","Subcanopy.large_Subcanopy.small"
"49","Eucalyptus jacksonii large","Allocasuarina decussata large",-0.274016437526834,-0.547925170305105,-0.000107704748562476,-0.280417967761827,-0.267614907291841,0.139751921432653,"Giants",0.547817465556543,"large","large","Eucalyptus jacksonii","Allocasuarina decussata","large_large","S_WA",1,"Canopy","Subcanopy","Subcanopy_Canopy","Canopy.large_Subcanopy.large"
"50","Eucalyptus jacksonii small","Allocasuarina decussata large",-0.00940671318820946,-0.183825368142584,0.165011941766165,-0.0139846091357539,-0.00482881724066505,0.0889907448964201,"Giants",0.34883730990875,"small","large","Eucalyptus jacksonii","Allocasuarina decussata","small_large","S_WA",NA,"Canopy","Subcanopy","Subcanopy_Canopy","Canopy.small_Subcanopy.large"
"51","Allocasuarina decussata small","Allocasuarina decussata small",0.327276579900018,0.191267491360568,0.463285668439468,0.319764443367486,0.33478871643255,0.0693936672368842,"Giants",0.2720181770789,"small","small","Allocasuarina decussata","Allocasuarina decussata","small_small","S_WA",1,"Subcanopy","Subcanopy","Subcanopy_Subcanopy","Subcanopy.small_Subcanopy.small"
"52","Eucalyptus jacksonii large","Allocasuarina decussata small",-0.0177342794572475,-0.187845568848917,0.152377009934422,-0.020577834569891,-0.014890724344604,0.0867930690224339,"Giants",0.340222578783339,"large","small","Eucalyptus jacksonii","Allocasuarina decussata","large_small","S_WA",NA,"Canopy","Subcanopy","Subcanopy_Canopy","Canopy.large_Subcanopy.small"
"53","Eucalyptus jacksonii small","Allocasuarina decussata small",-0.0275229785075493,-0.125054093643077,0.0700081366279787,-0.02961406069237,-0.0254318963227287,0.0497616874110142,"Giants",0.195062230271056,"small","small","Eucalyptus jacksonii","Allocasuarina decussata","small_small","S_WA",NA,"Canopy","Subcanopy","Subcanopy_Canopy","Canopy.small_Subcanopy.small"
"54","Eucalyptus jacksonii large","Eucalyptus jacksonii large",-0.508496516723107,-0.994149598158121,-0.0228434352880932,-0.533171367269355,-0.48382166617686,0.247786737545069,"Giants",0.971306162870028,"large","large","Eucalyptus jacksonii","Eucalyptus jacksonii","large_large","S_WA",1,"Canopy","Canopy","Canopy_Canopy","Canopy.large_Canopy.large"
"55","Eucalyptus jacksonii small","Eucalyptus jacksonii large",0.370239282412033,0.0998630934181441,0.640615471405922,0.354649456535593,0.385829108288473,0.137949570056686,"Giants",0.540752377987778,"small","large","Eucalyptus jacksonii","Eucalyptus jacksonii","small_large","S_WA",1,"Canopy","Canopy","Canopy_Canopy","Canopy.large_Canopy.small"
"56","Eucalyptus jacksonii small","Eucalyptus jacksonii small",0.337272855913338,0.171818500287407,0.502727211539269,0.325563780324612,0.348981931502064,0.0844170387471475,"Giants",0.330908711251863,"small","small","Eucalyptus jacksonii","Eucalyptus jacksonii","small_small","S_WA",1,"Canopy","Canopy","Canopy_Canopy","Canopy.small_Canopy.small"
"57","Eucalyptus diversicolor large","Eucalyptus diversicolor large",-0.141183720438501,-0.38007413039263,0.0977066895156284,-0.147352800473398,-0.135014640403604,0.121885101888844,"Warren",0.477780819908259,"large","large","Eucalyptus diversicolor","Eucalyptus diversicolor","large_large","N_WA",NA,"Canopy","Canopy","Canopy_Canopy","Canopy.large_Canopy.large"
"58","Eucalyptus diversicolor small","Eucalyptus diversicolor large",-0.234314201229734,-0.376984708828808,-0.0916436936306596,-0.237826980841942,-0.230801421617525,0.0727924128833188,"Warren",0.285341015198148,"small","large","Eucalyptus diversicolor","Eucalyptus diversicolor","small_large","N_WA",1,"Canopy","Canopy","Canopy_Canopy","Canopy.large_Canopy.small"
"59","Trymalium odoratissimum small","Eucalyptus diversicolor large",-0.0452510071928384,-0.146572538279974,0.0560705238942973,-0.0478632578181462,-0.0426387565675307,0.0516956086368663,"Warren",0.202643062174271,"small","large","Trymalium odoratissimum","Eucalyptus diversicolor","small_large","N_WA",NA,"Subcanopy","Canopy","Subcanopy_Canopy","Canopy.large_Subcanopy.small"
"60","Eucalyptus diversicolor small","Eucalyptus diversicolor small",0.036160623532601,-0.210822534010367,0.283143781075569,0.0295023798684483,0.0428188671967537,0.126014130612164,"Warren",0.493966315085936,"small","small","Eucalyptus diversicolor","Eucalyptus diversicolor","small_small","N_WA",NA,"Canopy","Canopy","Canopy_Canopy","Canopy.small_Canopy.small"
"61","Trymalium odoratissimum small","Eucalyptus diversicolor small",-0.0908928247534787,-0.20447450237436,0.0226888528674029,-0.0937101957529613,-0.0880754537539961,0.0579509003822516,"Warren",0.227163355241763,"small","small","Trymalium odoratissimum","Eucalyptus diversicolor","small_small","N_WA",NA,"Subcanopy","Canopy","Subcanopy_Canopy","Canopy.small_Subcanopy.small"
"62","Trymalium odoratissimum small","Trymalium odoratissimum small",0.36815364238597,0.224960026190908,0.511347258581032,0.360794681886651,0.375512602885289,0.0730593099284245,"Warren",0.286387232390123,"small","small","Trymalium odoratissimum","Trymalium odoratissimum","small_small","N_WA",1,"Subcanopy","Subcanopy","Subcanopy_Subcanopy","Subcanopy.small_Subcanopy.small"
"63","Allocasuarina decussata large","Allocasuarina decussata large",0.222214713015274,-0.159953969081455,0.604383395112002,0.212480199661109,0.231949226369438,0.194987604420911,"Dawson",0.764337364193457,"large","large","Allocasuarina decussata","Allocasuarina decussata","large_large","S_WA",NA,"Subcanopy","Subcanopy","Subcanopy_Subcanopy","Subcanopy.large_Subcanopy.large"
"64","Allocasuarina decussata small","Allocasuarina decussata large",0.0779923286352611,-0.151594265514224,0.307578922784746,0.0740929162338566,0.0818917410366656,0.117138169864566,"Dawson",0.45917318829897,"small","large","Allocasuarina decussata","Allocasuarina decussata","small_large","S_WA",NA,"Subcanopy","Subcanopy","Subcanopy_Subcanopy","Subcanopy.large_Subcanopy.small"
"65","Eucalyptus diversicolor large","Allocasuarina decussata large",-0.170343336591992,-0.450184954619295,0.109498281435312,-0.173417203871619,-0.167269469312364,0.142778959325099,"Dawson",0.559683236054607,"large","large","Eucalyptus diversicolor","Allocasuarina decussata","large_large","S_WA",NA,"Canopy","Subcanopy","Subcanopy_Canopy","Canopy.large_Subcanopy.large"
"66","Eucalyptus diversicolor small","Allocasuarina decussata large",-0.00725347857923248,-0.215138687987543,0.200631730829078,-0.00962881606539636,-0.0048781410930686,0.10606583133572,"Dawson",0.415770418816621,"small","large","Eucalyptus diversicolor","Allocasuarina decussata","small_large","S_WA",NA,"Canopy","Subcanopy","Subcanopy_Canopy","Canopy.small_Subcanopy.large"
"67","Allocasuarina decussata small","Allocasuarina decussata small",0.221826427931,0.0374155175500637,0.406237338311935,0.215681514733073,0.227971341128927,0.0940889280800799,"Dawson",0.368821820761872,"small","small","Allocasuarina decussata","Allocasuarina decussata","small_small","S_WA",1,"Subcanopy","Subcanopy","Subcanopy_Subcanopy","Subcanopy.small_Subcanopy.small"
"68","Eucalyptus diversicolor large","Allocasuarina decussata small",-0.0125638902508215,-0.181548724909412,0.156420944407769,-0.0155901416279398,-0.00953763887370315,0.0862183366590007,"Dawson",0.337969669317181,"large","small","Eucalyptus diversicolor","Allocasuarina decussata","large_small","S_WA",NA,"Canopy","Subcanopy","Subcanopy_Canopy","Canopy.large_Subcanopy.small"
"69","Eucalyptus diversicolor small","Allocasuarina decussata small",-0.0275060965839556,-0.161507680877728,0.106495487709817,-0.0300370580785393,-0.024975135089372,0.068369411555906,"Dawson",0.268003168587545,"small","small","Eucalyptus diversicolor","Allocasuarina decussata","small_small","S_WA",NA,"Canopy","Subcanopy","Subcanopy_Canopy","Canopy.small_Subcanopy.small"
"70","Eucalyptus diversicolor large","Eucalyptus diversicolor large",-0.14862956470796,-0.447881926352095,0.150622796936176,-0.152620364370458,-0.144638765045461,0.152682581927321,"Dawson",0.598504723288271,"large","large","Eucalyptus diversicolor","Eucalyptus diversicolor","large_large","S_WA",NA,"Canopy","Canopy","Canopy_Canopy","Canopy.large_Canopy.large"
"71","Eucalyptus diversicolor small","Eucalyptus diversicolor large",0.0616739689585398,-0.11908837502801,0.242436312945089,0.0594166036324123,0.0639313342846673,0.0922273804071808,"Dawson",0.361524687973099,"small","large","Eucalyptus diversicolor","Eucalyptus diversicolor","small_large","S_WA",NA,"Canopy","Canopy","Canopy_Canopy","Canopy.large_Canopy.small"
"72","Eucalyptus diversicolor small","Eucalyptus diversicolor small",0.181481212610488,-0.00523967137101644,0.368202096591992,0.177041476142056,0.185920949078919,0.0952675076962306,"Dawson",0.373441767963009,"small","small","Eucalyptus diversicolor","Eucalyptus diversicolor","small_small","S_WA",NA,"Canopy","Canopy","Canopy_Canopy","Canopy.small_Canopy.small"
"73","Eucalyptus diversicolor large","Eucalyptus diversicolor large",-0.980626901899626,-1.95097694863669,-0.0102768551625603,-0.996380059832536,-0.964873743966717,0.495085651772718,"Carey",1.94070009347413,"large","large","Eucalyptus diversicolor","Eucalyptus diversicolor","large_large","N_WA",1,"Canopy","Canopy","Canopy_Canopy","Canopy.large_Canopy.large"
"74","Eucalyptus diversicolor small","Eucalyptus diversicolor large",0.135543235572672,-0.215364359519627,0.486450830664972,0.132006839098744,0.139079632046601,0.179037777153159,"Carey",0.701815190184599,"small","large","Eucalyptus diversicolor","Eucalyptus diversicolor","small_large","N_WA",NA,"Canopy","Canopy","Canopy_Canopy","Canopy.large_Canopy.small"
"75","Trymalium odoratissimum small","Eucalyptus diversicolor large",-0.023317272968105,-0.346739765395728,0.300105219459518,-0.0274401814694827,-0.0191943644667274,0.165014507908685,"Carey",0.646844984855246,"small","large","Trymalium odoratissimum","Eucalyptus diversicolor","small_large","N_WA",NA,"Subcanopy","Canopy","Subcanopy_Canopy","Canopy.large_Subcanopy.small"
"76","Eucalyptus diversicolor small","Eucalyptus diversicolor small",0.218306723238079,0.0194388161116277,0.41717463036453,0.213732010465125,0.222881436011032,0.101465082366358,"Carey",0.397735814252902,"small","small","Eucalyptus diversicolor","Eucalyptus diversicolor","small_small","N_WA",1,"Canopy","Canopy","Canopy_Canopy","Canopy.small_Canopy.small"
"77","Trymalium odoratissimum small","Eucalyptus diversicolor small",-0.0718960193915109,-0.199779678276689,0.0559876394936672,-0.0735862199444313,-0.0702058188385905,0.06524796368398,"Carey",0.255767317770356,"small","small","Trymalium odoratissimum","Eucalyptus diversicolor","small_small","N_WA",NA,"Subcanopy","Canopy","Subcanopy_Canopy","Canopy.small_Subcanopy.small"
"78","Trymalium odoratissimum small","Trymalium odoratissimum small",0.218885522699548,0.0378266366490808,0.399944408750016,0.214410393940919,0.223360651458177,0.0923786801587361,"Carey",0.362117772100935,"small","small","Trymalium odoratissimum","Trymalium odoratissimum","small_small","N_WA",1,"Subcanopy","Subcanopy","Subcanopy_Subcanopy","Subcanopy.small_Subcanopy.small"
"79","Allocasuarina decussata large","Allocasuarina decussata large",-0.162926241592868,-0.488692660633347,0.162840177447611,-0.170336776805256,-0.15551570638048,0.166210410808608,"Dombakup",0.651532838080957,"large","large","Allocasuarina decussata","Allocasuarina decussata","large_large","N_WA",NA,"Subcanopy","Subcanopy","Subcanopy_Subcanopy","Subcanopy.large_Subcanopy.large"
"80","Allocasuarina decussata small","Allocasuarina decussata large",-0.015914009650806,-0.128639316673968,0.0968112973723563,-0.0185039364074767,-0.0133240828941354,0.0575139685791806,"Dombakup",0.225450614046325,"small","large","Allocasuarina decussata","Allocasuarina decussata","small_large","N_WA",NA,"Subcanopy","Subcanopy","Subcanopy_Subcanopy","Subcanopy.large_Subcanopy.small"
"81","Eucalyptus diversicolor large","Allocasuarina decussata large",0.226953183627041,-0.0867399432620986,0.54064631051618,0.222331668574895,0.231574698679187,0.160050454683612,"Dombakup",0.627386253778279,"large","large","Eucalyptus diversicolor","Allocasuarina decussata","large_large","N_WA",NA,"Canopy","Subcanopy","Subcanopy_Canopy","Canopy.large_Subcanopy.large"
"82","Eucalyptus diversicolor small","Allocasuarina decussata large",-0.147466360006771,-0.355254194514245,0.0603214745007021,-0.150873794844702,-0.144058925168841,0.106016149350946,"Dombakup",0.415575669014947,"small","large","Eucalyptus diversicolor","Allocasuarina decussata","small_large","N_WA",NA,"Canopy","Subcanopy","Subcanopy_Canopy","Canopy.small_Subcanopy.large"
"83","Trymalium odoratissimum small","Allocasuarina decussata large",-0.177198971642335,-0.351250937031291,-0.00314700625337838,-0.180645722706815,-0.173752220577855,0.0888036549456297,"Dombakup",0.348103930777913,"small","large","Trymalium odoratissimum","Allocasuarina decussata","small_large","N_WA",1,"Subcanopy","Subcanopy","Subcanopy_Subcanopy","Subcanopy.large_Subcanopy.small"
"84","Allocasuarina decussata small","Allocasuarina decussata small",0.401501730199646,0.283524548560572,0.51947891183872,0.391588439735551,0.411415020663741,0.0601935456823,"Dombakup",0.235954363278149,"small","small","Allocasuarina decussata","Allocasuarina decussata","small_small","N_WA",1,"Subcanopy","Subcanopy","Subcanopy_Subcanopy","Subcanopy.small_Subcanopy.small"
"85","Eucalyptus diversicolor large","Allocasuarina decussata small",0.00670194985585431,-0.185974174769291,0.199378074481,0.00367752719180622,0.00972637251990241,0.0983059516118408,"Dombakup",0.38535224925029,"large","small","Eucalyptus diversicolor","Allocasuarina decussata","large_small","N_WA",NA,"Canopy","Subcanopy","Subcanopy_Canopy","Canopy.large_Subcanopy.small"
"86","Eucalyptus diversicolor small","Allocasuarina decussata small",0.0261082951722651,-0.0714109507903471,0.123627541134877,0.0233214809410204,0.0288951094035097,0.04975563159927,"Dombakup",0.195038491925224,"small","small","Eucalyptus diversicolor","Allocasuarina decussata","small_small","N_WA",NA,"Canopy","Subcanopy","Subcanopy_Canopy","Canopy.small_Subcanopy.small"
"87","Trymalium odoratissimum small","Allocasuarina decussata small",-0.0101141634949645,-0.0750594378105449,0.0548311108206158,-0.0135708692234985,-0.00665745776643063,0.0331359529194722,"Dombakup",0.129890548631161,"small","small","Trymalium odoratissimum","Allocasuarina decussata","small_small","N_WA",NA,"Subcanopy","Subcanopy","Subcanopy_Subcanopy","Subcanopy.small_Subcanopy.small"
"88","Eucalyptus diversicolor large","Eucalyptus diversicolor large",-0.348045184893985,-0.863934899202846,0.167844529414876,-0.353988397789066,-0.342101971998903,0.263213874529396,"Dombakup",1.03177942861772,"large","large","Eucalyptus diversicolor","Eucalyptus diversicolor","large_large","N_WA",NA,"Canopy","Canopy","Canopy_Canopy","Canopy.large_Canopy.large"
"89","Eucalyptus diversicolor small","Eucalyptus diversicolor large",0.192081696127607,-0.116893471068619,0.501056863323833,0.188205753342602,0.195957638912612,0.157643288159059,"Dombakup",0.617950334392452,"small","large","Eucalyptus diversicolor","Eucalyptus diversicolor","small_large","N_WA",NA,"Canopy","Canopy","Canopy_Canopy","Canopy.large_Canopy.small"
"90","Trymalium odoratissimum small","Eucalyptus diversicolor large",0.0811545915692617,-0.0690475532887874,0.231356736427311,0.0778582179046277,0.0844509652338956,0.0766351555655229,"Dombakup",0.300404289716098,"small","large","Trymalium odoratissimum","Eucalyptus diversicolor","small_large","N_WA",NA,"Subcanopy","Canopy","Subcanopy_Canopy","Canopy.large_Subcanopy.small"
"91","Eucalyptus diversicolor small","Eucalyptus diversicolor small",-0.00675214898548921,-0.313272822202343,0.299768524231365,-0.0126098253085844,-0.000894472662394043,0.156390972300843,"Dombakup",0.613041346433708,"small","small","Eucalyptus diversicolor","Eucalyptus diversicolor","small_small","N_WA",NA,"Canopy","Canopy","Canopy_Canopy","Canopy.small_Canopy.small"
"92","Trymalium odoratissimum small","Eucalyptus diversicolor small",-0.0969499131884817,-0.237376532842272,0.0434767064653089,-0.100602214063842,-0.0932976123131214,0.0716475510578041,"Dombakup",0.280853239307581,"small","small","Trymalium odoratissimum","Eucalyptus diversicolor","small_small","N_WA",NA,"Subcanopy","Canopy","Subcanopy_Canopy","Canopy.small_Subcanopy.small"
"93","Trymalium odoratissimum small","Trymalium odoratissimum small",0.37223034751192,0.161764877321049,0.58269581770279,0.362924296443254,0.381536398580586,0.107382315109357,"Dombakup",0.420930940381741,"small","small","Trymalium odoratissimum","Trymalium odoratissimum","small_small","N_WA",1,"Subcanopy","Subcanopy","Subcanopy_Subcanopy","Subcanopy.small_Subcanopy.small"
"94","Acacia melanoxylon large","Acacia melanoxylon large",-0.443228948547226,-1.20613279819539,0.319674901100939,-0.452004684781891,-0.434453212312561,0.389243810430117,"Dip",1.52580769929633,"large","large","Acacia melanoxylon","Acacia melanoxylon","large_large","o_TAS",NA,"Subcanopy","Subcanopy","Subcanopy_Subcanopy","Subcanopy.large_Subcanopy.large"
"95","Acacia melanoxylon small","Acacia melanoxylon large",0.328150785849028,-0.233820822781606,0.890122394479662,0.322503481322782,0.333798090375274,0.286725477132944,"Dip",1.12394321726127,"small","large","Acacia melanoxylon","Acacia melanoxylon","small_large","o_TAS",NA,"Subcanopy","Subcanopy","Subcanopy_Subcanopy","Subcanopy.large_Subcanopy.small"
"96","Eucalyptus obliqua large","Acacia melanoxylon large",-0.489696862043954,-1.24607314557065,0.266679421482745,-0.497609230324611,-0.481784493763296,0.385913358353979,"Dip",1.5127525670534,"large","large","Eucalyptus obliqua","Acacia melanoxylon","large_large","o_TAS",NA,"Canopy","Subcanopy","Subcanopy_Canopy","Canopy.large_Subcanopy.large"
"97","Eucalyptus obliqua small","Acacia melanoxylon large",-0.462367549755785,-0.965578921475751,0.0408438219641817,-0.46818817579123,-0.456546923720339,0.256745213529041,"Dip",1.00642274343993,"small","large","Eucalyptus obliqua","Acacia melanoxylon","small_large","o_TAS",NA,"Canopy","Subcanopy","Subcanopy_Canopy","Canopy.small_Subcanopy.large"
"98","Misc_small","Acacia melanoxylon large",0.184107278698704,-0.264785190498899,0.632999747896307,0.178457845354683,0.189756712042725,0.229030978496753,"Dip",0.897784938395205,"small","large","Misc","Acacia melanoxylon","small_large","o_TAS",NA,"Misc","Subcanopy","Misc_Subcanopy","Misc.small_Subcanopy.large"
"99","Pomaderris apetala large","Acacia melanoxylon large",0.177423812836706,-0.146368906689245,0.501216532362658,0.170492730475996,0.184354895197417,0.165203402756371,"Dip",0.647585439051903,"large","large","Pomaderris apetala","Acacia melanoxylon","large_large","o_TAS",NA,"Subcanopy","Subcanopy","Subcanopy_Subcanopy","Subcanopy.large_Subcanopy.large"
"100","Pomaderris apetala small","Acacia melanoxylon large",-0.0321871593168116,-0.150998542817653,0.0866242241840296,-0.0349355056043144,-0.0294388130293089,0.060619166697965,"Dip",0.237622767001682,"small","large","Pomaderris apetala","Acacia melanoxylon","small_large","o_TAS",NA,"Subcanopy","Subcanopy","Subcanopy_Subcanopy","Subcanopy.large_Subcanopy.small"
"101","Acacia melanoxylon small","Acacia melanoxylon small",-0.309656999731969,-0.789396893615616,0.170082894151678,-0.316471221099234,-0.302842778364703,0.244769749683042,"Dip",0.959479787767294,"small","small","Acacia melanoxylon","Acacia melanoxylon","small_small","o_TAS",NA,"Subcanopy","Subcanopy","Subcanopy_Subcanopy","Subcanopy.small_Subcanopy.small"
"102","Eucalyptus obliqua large","Acacia melanoxylon small",0.37492564704636,-0.253080733205863,1.00293202729858,0.367497431365952,0.382353862726769,0.320417306239225,"Dip",1.25601276050445,"large","small","Eucalyptus obliqua","Acacia melanoxylon","large_small","o_TAS",NA,"Canopy","Subcanopy","Subcanopy_Canopy","Canopy.large_Subcanopy.small"
"103","Eucalyptus obliqua small","Acacia melanoxylon small",0.0689870598763158,-0.27074432847407,0.408718448226701,0.0650510500066993,0.0729230697459322,0.173335526076062,"Dip",0.679462776700771,"small","small","Eucalyptus obliqua","Acacia melanoxylon","small_small","o_TAS",NA,"Canopy","Subcanopy","Subcanopy_Canopy","Canopy.small_Subcanopy.small"
"104","Misc_small","Acacia melanoxylon small",-0.0373368476092722,-0.399503728984279,0.324830033765735,-0.0421828354571893,-0.0324908597613552,0.184782416529963,"Dip",0.724333762750014,"small","small","Misc","Acacia melanoxylon","small_small","o_TAS",NA,"Misc","Subcanopy","Misc_Subcanopy","Misc.small_Subcanopy.small"
"105","Pomaderris apetala large","Acacia melanoxylon small",-0.264883607981834,-0.537375609444509,0.00760839348084003,-0.269772698599213,-0.259994517364456,0.139029086050589,"Dip",0.544984002925349,"large","small","Pomaderris apetala","Acacia melanoxylon","large_small","o_TAS",NA,"Subcanopy","Subcanopy","Subcanopy_Subcanopy","Subcanopy.large_Subcanopy.small"
"106","Pomaderris apetala small","Acacia melanoxylon small",-0.00277789166277246,-0.091250952706144,0.0856951693805991,-0.00470133108289861,-0.000854452242646321,0.0451401463196445,"Dip",0.176946122086743,"small","small","Pomaderris apetala","Acacia melanoxylon","small_small","o_TAS",NA,"Subcanopy","Subcanopy","Subcanopy_Subcanopy","Subcanopy.small_Subcanopy.small"
"107","Eucalyptus obliqua large","Eucalyptus obliqua large",-0.755400606174795,-2.10521778901247,0.594416576662883,-0.769165193372698,-0.741636018976891,0.688694891071909,"Dip",2.69963436567535,"large","large","Eucalyptus obliqua","Eucalyptus obliqua","large_large","o_TAS",NA,"Canopy","Canopy","Canopy_Canopy","Canopy.large_Canopy.large"
"108","Eucalyptus obliqua small","Eucalyptus obliqua large",-0.0709999387101222,-0.621975798378112,0.479975920957867,-0.0766151789081759,-0.0653846985120685,0.281115298043238,"Dip",1.10195171933598,"small","large","Eucalyptus obliqua","Eucalyptus obliqua","small_large","o_TAS",NA,"Canopy","Canopy","Canopy_Canopy","Canopy.large_Canopy.small"
"109","Misc_small","Eucalyptus obliqua large",0.436441529230011,-0.24731617821481,1.12019923667483,0.428498454687799,0.444384603772224,0.348862383614298,"Dip",1.36751541488964,"small","large","Misc","Eucalyptus obliqua","small_large","o_TAS",NA,"Misc","Canopy","Misc_Canopy","Misc.small_Canopy.large"
"110","Pomaderris apetala large","Eucalyptus obliqua large",0.130977047315979,-0.287639478996884,0.549593573628842,0.123555323415216,0.138398771216742,0.213583785015876,"Dip",0.837233052625725,"large","large","Pomaderris apetala","Eucalyptus obliqua","large_large","o_TAS",NA,"Subcanopy","Canopy","Subcanopy_Canopy","Canopy.large_Subcanopy.large"
"111","Pomaderris apetala small","Eucalyptus obliqua large",0.0514123488164777,-0.0815369748227665,0.184361672455722,0.0488078150817622,0.0540168825511931,0.0678325340097734,"Dip",0.265898647278488,"small","large","Pomaderris apetala","Eucalyptus obliqua","small_large","o_TAS",NA,"Subcanopy","Canopy","Subcanopy_Canopy","Canopy.large_Subcanopy.small"
"112","Eucalyptus obliqua small","Eucalyptus obliqua small",-0.150419155894557,-0.574867125876269,0.274028814087154,-0.15616148962198,-0.144676822167135,0.216559066049021,"Dip",0.848895939963423,"small","small","Eucalyptus obliqua","Eucalyptus obliqua","small_small","o_TAS",NA,"Canopy","Canopy","Canopy_Canopy","Canopy.small_Canopy.small"
"113","Misc_small","Eucalyptus obliqua small",0.0493427654070891,-0.311793886929108,0.410479417743286,0.0446244281794477,0.0540611026347305,0.184256779810648,"Dip",0.722273304672394,"small","small","Misc","Eucalyptus obliqua","small_small","o_TAS",NA,"Misc","Canopy","Misc_Canopy","Misc.small_Canopy.small"
"114","Pomaderris apetala large","Eucalyptus obliqua small",0.0491899167578425,-0.19394951123063,0.292329344746315,0.0444868285664425,0.0538930049492424,0.124053008068682,"Dip",0.486278855976945,"large","small","Pomaderris apetala","Eucalyptus obliqua","large_small","o_TAS",NA,"Subcanopy","Canopy","Subcanopy_Canopy","Canopy.small_Subcanopy.large"
"115","Pomaderris apetala small","Eucalyptus obliqua small",-0.0195339294157591,-0.098434986333486,0.0593671275019679,-0.0213851992847573,-0.0176826595467608,0.0402563810050023,"Dip",0.157802113835454,"small","small","Pomaderris apetala","Eucalyptus obliqua","small_small","o_TAS",NA,"Subcanopy","Canopy","Subcanopy_Canopy","Canopy.small_Subcanopy.small"
"116","Misc_small","Misc_small",-0.131458077211469,-0.745016241005876,0.482100086582938,-0.140771296111502,-0.122144858311436,0.313045631773888,"Dip",1.22711632758881,"small","small","Misc","Misc","small_small","o_TAS",NA,"Misc","Misc","Misc_Misc","Misc.small_Misc.small"
"117","Pomaderris apetala large","Misc_small",0.0172794206225652,-0.23382324709524,0.26838208834037,0.0117486086570418,0.0228102325880886,0.128115960139304,"Dip",0.50220533543561,"large","small","Pomaderris apetala","Misc","large_small","o_TAS",NA,"Subcanopy","Misc","Misc_Subcanopy","Misc.small_Subcanopy.large"
"118","Pomaderris apetala small","Misc_small",-0.0745343520307062,-0.162269327595237,0.0132006235338244,-0.0770378611994663,-0.0720308428619461,0.0447635651759792,"Dip",0.175469951129061,"small","small","Pomaderris apetala","Misc","small_small","o_TAS",NA,"Subcanopy","Misc","Misc_Subcanopy","Misc.small_Subcanopy.small"
"119","Pomaderris apetala large","Pomaderris apetala large",0.0660112845655753,-0.17162627735416,0.303648846485311,0.0583403194237369,0.0736822497074137,0.121245881962215,"Dip",0.475275123839471,"large","large","Pomaderris apetala","Pomaderris apetala","large_large","o_TAS",NA,"Subcanopy","Subcanopy","Subcanopy_Subcanopy","Subcanopy.large_Subcanopy.large"
"120","Pomaderris apetala small","Pomaderris apetala large",0.105564673190755,0.0338963956085776,0.177232950772932,0.102152052185268,0.108977294196242,0.0365661196570383,"Dip",0.143336555164354,"small","large","Pomaderris apetala","Pomaderris apetala","small_large","o_TAS",1,"Subcanopy","Subcanopy","Subcanopy_Subcanopy","Subcanopy.large_Subcanopy.small"
"121","Pomaderris apetala small","Pomaderris apetala small",0.512550875632649,0.416882356482226,0.608219394783072,0.494407859363681,0.530693891901617,0.0488113658745998,"Dip",0.191337038300846,"small","small","Pomaderris apetala","Pomaderris apetala","small_small","o_TAS",1,"Subcanopy","Subcanopy","Subcanopy_Subcanopy","Subcanopy.small_Subcanopy.small"
"122","Eucalyptus obliqua large","Eucalyptus obliqua large",-0.63646017881464,-1.05776816330632,-0.21515219432296,-0.650888170434859,-0.622032187194422,0.214957003197459,"ZigZag",0.84261596898336,"large","large","Eucalyptus obliqua","Eucalyptus obliqua","large_large","o_TAS",1,"Canopy","Canopy","Canopy_Canopy","Canopy.large_Canopy.large"
"123","Eucalyptus obliqua small","Eucalyptus obliqua large",-0.102718495729133,-0.289032765441885,0.0835957739836196,-0.108174485701636,-0.0972625057566295,0.0950600476245358,"ZigZag",0.372628539425505,"small","large","Eucalyptus obliqua","Eucalyptus obliqua","small_large","o_TAS",NA,"Canopy","Canopy","Canopy_Canopy","Canopy.large_Canopy.small"
"124","Misc_small","Eucalyptus obliqua large",-0.254516022909853,-0.575823174795841,0.0667911289761348,-0.260752593889449,-0.248279451930258,0.163935232698365,"ZigZag",0.642614303771976,"small","large","Misc","Eucalyptus obliqua","small_large","o_TAS",NA,"Misc","Canopy","Misc_Canopy","Misc.small_Canopy.large"
"125","Nematolepis squamea large","Eucalyptus obliqua large",0.216525737091431,-0.175743400982831,0.608794875165693,0.208561253056152,0.22449022112671,0.200140992981724,"ZigZag",0.784538276148524,"large","large","Nematolepis squamea","Eucalyptus obliqua","large_large","o_TAS",NA,"Subcanopy","Canopy","Subcanopy_Canopy","Canopy.large_Subcanopy.large"
"126","Nematolepis squamea small","Eucalyptus obliqua large",0.17076266328177,0.0340820490802481,0.307443277483292,0.165079432486454,0.176445894077085,0.0697362886663434,"ZigZag",0.273361228403044,"small","large","Nematolepis squamea","Eucalyptus obliqua","small_large","o_TAS",1,"Subcanopy","Canopy","Subcanopy_Canopy","Canopy.large_Subcanopy.small"
"127","Pomaderris apetala large","Eucalyptus obliqua large",-0.046814058668554,-0.361059965305725,0.267431847968617,-0.0543077951627952,-0.0393203221743129,0.160332490349773,"ZigZag",0.628491813274343,"large","large","Pomaderris apetala","Eucalyptus obliqua","large_large","o_TAS",NA,"Subcanopy","Canopy","Subcanopy_Canopy","Canopy.large_Subcanopy.large"
"128","Pomaderris apetala small","Eucalyptus obliqua large",0.0644818587949958,-0.0407348610864485,0.16969857867644,0.0612260325011651,0.0677376850888264,0.0536829863769846,"ZigZag",0.210433439762889,"small","large","Pomaderris apetala","Eucalyptus obliqua","small_large","o_TAS",NA,"Subcanopy","Canopy","Subcanopy_Canopy","Canopy.large_Subcanopy.small"
"129","Eucalyptus obliqua small","Eucalyptus obliqua small",0.0979833882613871,-0.071549364672564,0.267516141195338,0.0901198379547506,0.105846938568024,0.0864978919363845,"ZigZag",0.339065505867902,"small","small","Eucalyptus obliqua","Eucalyptus obliqua","small_small","o_TAS",NA,"Canopy","Canopy","Canopy_Canopy","Canopy.small_Canopy.small"
"130","Misc_small","Eucalyptus obliqua small",0.0599606290733808,-0.125523791199811,0.245445049346572,0.0558919377669731,0.0640293203797885,0.0946366472732505,"ZigZag",0.370968840546383,"small","small","Misc","Eucalyptus obliqua","small_small","o_TAS",NA,"Misc","Canopy","Misc_Canopy","Misc.small_Canopy.small"
"131","Nematolepis squamea large","Eucalyptus obliqua small",0.17873689343963,-0.0271810863441272,0.384654873223387,0.173746475212092,0.183727311667168,0.105062124308412,"ZigZag",0.411835959567514,"large","small","Nematolepis squamea","Eucalyptus obliqua","large_small","o_TAS",NA,"Subcanopy","Canopy","Subcanopy_Canopy","Canopy.small_Subcanopy.large"
"132","Nematolepis squamea small","Eucalyptus obliqua small",0.11317187917711,0.0127967295048533,0.213547028849367,0.108307822587182,0.118035935767038,0.0512127521036116,"ZigZag",0.200750299344513,"small","small","Nematolepis squamea","Eucalyptus obliqua","small_small","o_TAS",1,"Subcanopy","Canopy","Subcanopy_Canopy","Canopy.small_Subcanopy.small"
"133","Pomaderris apetala large","Eucalyptus obliqua small",-0.139225389332845,-0.318162813439197,0.0397120347735071,-0.143716289291963,-0.134734489373726,0.0912962817264947,"ZigZag",0.357874848212704,"large","small","Pomaderris apetala","Eucalyptus obliqua","large_small","o_TAS",NA,"Subcanopy","Canopy","Subcanopy_Canopy","Canopy.small_Subcanopy.large"
"134","Pomaderris apetala small","Eucalyptus obliqua small",0.0653481744889004,-0.00283059407590869,0.133526943053709,0.0622209852744129,0.0684753637033879,0.0347857251983172,"ZigZag",0.136357537129618,"small","small","Pomaderris apetala","Eucalyptus obliqua","small_small","o_TAS",NA,"Subcanopy","Canopy","Subcanopy_Canopy","Canopy.small_Subcanopy.small"
"135","Misc_small","Misc_small",0.0522439814745932,-0.319307037574187,0.423795000523373,0.0438285186350434,0.0606594443141429,0.189570329852756,"ZigZag",0.74310203809756,"small","small","Misc","Misc","small_small","o_TAS",NA,"Misc","Misc","Misc_Misc","Misc.small_Misc.small"
"136","Nematolepis squamea large","Misc_small",-0.134918155544528,-0.472262622185548,0.202426311096493,-0.140272840147028,-0.129563470942027,0.172117686499319,"ZigZag",0.674688933282041,"large","small","Nematolepis squamea","Misc","large_small","o_TAS",NA,"Subcanopy","Misc","Misc_Subcanopy","Misc.small_Subcanopy.large"
"137","Nematolepis squamea small","Misc_small",0.0830839730959431,-0.0366983770110729,0.202866323202959,0.080050943587153,0.0861170026047333,0.0611145669266599,"ZigZag",0.239564700214032,"small","small","Nematolepis squamea","Misc","small_small","o_TAS",NA,"Subcanopy","Misc","Misc_Subcanopy","Misc.small_Subcanopy.small"
"138","Pomaderris apetala large","Misc_small",0.286811632790361,-0.0515581692602015,0.625181434840923,0.277841349416636,0.295781916164086,0.172640826423128,"ZigZag",0.676739604101124,"large","small","Pomaderris apetala","Misc","large_small","o_TAS",NA,"Subcanopy","Misc","Misc_Subcanopy","Misc.small_Subcanopy.large"
"139","Pomaderris apetala small","Misc_small",-0.045550881710785,-0.116772318282878,0.0256705548613078,-0.0476046972226796,-0.0434970661988904,0.0363381353605875,"ZigZag",0.142442873144186,"small","small","Pomaderris apetala","Misc","small_small","o_TAS",NA,"Subcanopy","Misc","Misc_Subcanopy","Misc.small_Subcanopy.small"
"140","Nematolepis squamea large","Nematolepis squamea large",-0.444691568373714,-0.864569173806532,-0.0248139629408955,-0.452176802852716,-0.437206333894711,0.214227204553124,"ZigZag",0.839755210865637,"large","large","Nematolepis squamea","Nematolepis squamea","large_large","o_TAS",1,"Subcanopy","Subcanopy","Subcanopy_Subcanopy","Subcanopy.large_Subcanopy.large"
"141","Nematolepis squamea small","Nematolepis squamea large",-0.0802600195688884,-0.242480366140798,0.0819603270030208,-0.0842420507206913,-0.0762779884170855,0.0827670038079692,"ZigZag",0.324440693143818,"small","large","Nematolepis squamea","Nematolepis squamea","small_large","o_TAS",NA,"Subcanopy","Subcanopy","Subcanopy_Subcanopy","Subcanopy.large_Subcanopy.small"
"142","Pomaderris apetala large","Nematolepis squamea large",0.152627467922218,-0.172332796535741,0.477587732380176,0.145506010400194,0.159748925444241,0.165799099892245,"ZigZag",0.649920528915917,"large","large","Pomaderris apetala","Nematolepis squamea","large_large","o_TAS",NA,"Subcanopy","Subcanopy","Subcanopy_Subcanopy","Subcanopy.large_Subcanopy.large"
"143","Pomaderris apetala small","Nematolepis squamea large",-0.0963198380725118,-0.211643850968716,0.0190041748236926,-0.099328681342543,-0.0933109948024805,0.0588398632861958,"ZigZag",0.230648025792409,"small","large","Pomaderris apetala","Nematolepis squamea","small_large","o_TAS",NA,"Subcanopy","Subcanopy","Subcanopy_Subcanopy","Subcanopy.large_Subcanopy.small"
"144","Nematolepis squamea small","Nematolepis squamea small",0.173499039360719,0.0135493233448968,0.33344875537654,0.158102681595142,0.188895397126295,0.0816084975425491,"ZigZag",0.319899432031644,"small","small","Nematolepis squamea","Nematolepis squamea","small_small","o_TAS",1,"Subcanopy","Subcanopy","Subcanopy_Subcanopy","Subcanopy.small_Subcanopy.small"
"145","Pomaderris apetala large","Nematolepis squamea small",-0.0979807218793884,-0.239814104935145,0.0438526611763682,-0.102039236384107,-0.0939222073746698,0.0723653006761962,"ZigZag",0.283666766111513,"large","small","Pomaderris apetala","Nematolepis squamea","large_small","o_TAS",NA,"Subcanopy","Subcanopy","Subcanopy_Subcanopy","Subcanopy.large_Subcanopy.small"
"146","Pomaderris apetala small","Nematolepis squamea small",-0.110279137568519,-0.162629673636132,-0.0579286015009062,-0.113805039187501,-0.106753235949537,0.0267099479789157,"ZigZag",0.104701072135226,"small","small","Pomaderris apetala","Nematolepis squamea","small_small","o_TAS",1,"Subcanopy","Subcanopy","Subcanopy_Subcanopy","Subcanopy.small_Subcanopy.small"
"147","Pomaderris apetala large","Pomaderris apetala large",-0.184048907269766,-0.598468294265961,0.23037047972643,-0.195705289525403,-0.172392525014129,0.211442348055925,"ZigZag",0.828838773992391,"large","large","Pomaderris apetala","Pomaderris apetala","large_large","o_TAS",NA,"Subcanopy","Subcanopy","Subcanopy_Subcanopy","Subcanopy.large_Subcanopy.large"
"148","Pomaderris apetala small","Pomaderris apetala large",0.0840035140030817,-0.00684903466962883,0.174856062675792,0.0808894124057255,0.0871176156004379,0.046354192928719,"ZigZag",0.181705097345421,"small","large","Pomaderris apetala","Pomaderris apetala","small_large","o_TAS",NA,"Subcanopy","Subcanopy","Subcanopy_Subcanopy","Subcanopy.large_Subcanopy.small"
"149","Pomaderris apetala small","Pomaderris apetala small",0.279101444368639,0.167390736747133,0.390812151990144,0.261167269014155,0.297035619723122,0.0569963063110677,"ZigZag",0.223421415243011,"small","small","Pomaderris apetala","Pomaderris apetala","small_small","o_TAS",1,"Subcanopy","Subcanopy","Subcanopy_Subcanopy","Subcanopy.small_Subcanopy.small"
"150","Eucalyptus cypellocarpa large","Eucalyptus cypellocarpa large",-0.291525348878898,-0.853636266602996,0.270585568845201,-0.29964063135455,-0.283410066403246,0.286796554507102,"Newline",1.1242218354482,"large","large","Eucalyptus cypellocarpa","Eucalyptus cypellocarpa","large_large","S_NSW",NA,"Canopy","Canopy","Canopy_Canopy","Canopy.large_Canopy.large"
"151","Eucalyptus cypellocarpa small","Eucalyptus cypellocarpa large",-0.00751276968181845,-0.254266166728377,0.23924062736474,-0.0120657842197507,-0.00295975514388616,0.125896903715026,"Newline",0.493506794093117,"small","large","Eucalyptus cypellocarpa","Eucalyptus cypellocarpa","small_large","S_NSW",NA,"Canopy","Canopy","Canopy_Canopy","Canopy.large_Canopy.small"
"152","Eucalyptus fastigata large","Eucalyptus cypellocarpa large",-0.225695622176518,-0.458440712276466,0.00704946792343031,-0.229752023162111,-0.221639221190924,0.118749677002135,"Newline",0.465490180199896,"large","large","Eucalyptus fastigata","Eucalyptus cypellocarpa","large_large","S_NSW",NA,"Canopy","Canopy","Canopy_Canopy","Canopy.large_Canopy.large"
"153","Eucalyptus fastigata small","Eucalyptus cypellocarpa large",0.19295752674683,-0.0584408831535795,0.444355936647239,0.188026251044654,0.197888802449006,0.128266851780649,"Newline",0.502796819800818,"small","large","Eucalyptus fastigata","Eucalyptus cypellocarpa","small_large","S_NSW",NA,"Canopy","Canopy","Canopy_Canopy","Canopy.large_Canopy.small"
"154","Eucalyptus obliqua large","Eucalyptus cypellocarpa large",-0.304430572856588,-0.730961701525851,0.122100555812674,-0.310977593795564,-0.297883551917613,0.217621921644319,"Newline",0.853062257338524,"large","large","Eucalyptus obliqua","Eucalyptus cypellocarpa","large_large","S_NSW",NA,"Canopy","Canopy","Canopy_Canopy","Canopy.large_Canopy.large"
"155","Eucalyptus obliqua small","Eucalyptus cypellocarpa large",0.21744637900479,-0.0938737090051494,0.528766467014729,0.212047181380152,0.222845576629427,0.158839698313639,"Newline",0.622640176019879,"small","large","Eucalyptus obliqua","Eucalyptus cypellocarpa","small_large","S_NSW",NA,"Canopy","Canopy","Canopy_Canopy","Canopy.large_Canopy.small"
"156","Misc_small","Eucalyptus cypellocarpa large",-0.0558844575189123,-0.474130294105423,0.362361379067598,-0.0619490210208983,-0.0498198940169264,0.213394654129148,"Newline",0.836491673173021,"small","large","Misc","Eucalyptus cypellocarpa","small_large","S_NSW",NA,"Misc","Canopy","Misc_Canopy","Misc.small_Canopy.large"
"157","Eucalyptus cypellocarpa small","Eucalyptus cypellocarpa small",0.17304543883355,-0.0766356133818641,0.422726491048964,0.166013380799292,0.180077496867808,0.127390632779412,"Newline",0.499362104430828,"small","small","Eucalyptus cypellocarpa","Eucalyptus cypellocarpa","small_small","S_NSW",NA,"Canopy","Canopy","Canopy_Canopy","Canopy.small_Canopy.small"
"158","Eucalyptus fastigata large","Eucalyptus cypellocarpa small",-0.0115681699132122,-0.178454327094232,0.155317987267808,-0.0149535834153125,-0.00818275641111184,0.0851475631681995,"Newline",0.33377231436204,"large","small","Eucalyptus fastigata","Eucalyptus cypellocarpa","large_small","S_NSW",NA,"Canopy","Canopy","Canopy_Canopy","Canopy.large_Canopy.small"
"159","Eucalyptus fastigata small","Eucalyptus cypellocarpa small",0.0483825823449129,-0.0996343284219643,0.19639949311179,0.0439540425981585,0.0528111220916673,0.0755202197256765,"Newline",0.296033821533754,"small","small","Eucalyptus fastigata","Eucalyptus cypellocarpa","small_small","S_NSW",NA,"Canopy","Canopy","Canopy_Canopy","Canopy.small_Canopy.small"
"160","Eucalyptus obliqua large","Eucalyptus cypellocarpa small",0.161113726014339,-0.143367197538876,0.465594649567554,0.155906041209198,0.166321410819479,0.155350264573697,"Newline",0.608961847106429,"large","small","Eucalyptus obliqua","Eucalyptus cypellocarpa","large_small","S_NSW",NA,"Canopy","Canopy","Canopy_Canopy","Canopy.large_Canopy.small"
"161","Eucalyptus obliqua small","Eucalyptus cypellocarpa small",-0.0401638749697719,-0.246137018735891,0.165809268796347,-0.0447248327967301,-0.0356029171428138,0.10509026971455,"Newline",0.411946287532238,"small","small","Eucalyptus obliqua","Eucalyptus cypellocarpa","small_small","S_NSW",NA,"Canopy","Canopy","Canopy_Canopy","Canopy.small_Canopy.small"
"162","Misc_small","Eucalyptus cypellocarpa small",-0.215940923290867,-0.586415841084861,0.154533994503128,-0.22162810338658,-0.210253743195153,0.189021288511551,"Newline",0.740949835587989,"small","small","Misc","Eucalyptus cypellocarpa","small_small","S_NSW",NA,"Misc","Canopy","Misc_Canopy","Misc.small_Canopy.small"
"163","Eucalyptus fastigata large","Eucalyptus fastigata large",-0.140811524747553,-0.438198329893383,0.156575280398276,-0.149059085790511,-0.132563963704595,0.151730749897232,"Newline",0.59477361029166,"large","large","Eucalyptus fastigata","Eucalyptus fastigata","large_large","S_NSW",NA,"Canopy","Canopy","Canopy_Canopy","Canopy.large_Canopy.large"
"164","Eucalyptus fastigata small","Eucalyptus fastigata large",0.101573596992403,-0.0573732046372041,0.260520398622011,0.098165602464697,0.10498159152011,0.0810967971265593,"Newline",0.317893603259215,"small","large","Eucalyptus fastigata","Eucalyptus fastigata","small_large","S_NSW",NA,"Canopy","Canopy","Canopy_Canopy","Canopy.large_Canopy.small"
"165","Eucalyptus obliqua large","Eucalyptus fastigata large",-0.3728280301509,-0.708826732195839,-0.0368293281059616,-0.378194977232718,-0.367461083069083,0.171431059292545,"Newline",0.671997404089878,"large","large","Eucalyptus obliqua","Eucalyptus fastigata","large_large","S_NSW",1,"Canopy","Canopy","Canopy_Canopy","Canopy.large_Canopy.large"
"166","Eucalyptus obliqua small","Eucalyptus fastigata large",-0.0710670676581377,-0.258981838946988,0.116847703630713,-0.0747644013860986,-0.0673697339301768,0.0958766450664901,"Newline",0.375829542577701,"small","large","Eucalyptus obliqua","Eucalyptus fastigata","small_large","S_NSW",NA,"Canopy","Canopy","Canopy_Canopy","Canopy.large_Canopy.small"
"167","Misc_small","Eucalyptus fastigata large",0.0146534498458928,-0.237999807236721,0.267306706928507,0.00997769397667547,0.0193292057151101,0.128907091699394,"Newline",0.505306514165228,"small","large","Misc","Eucalyptus fastigata","small_large","S_NSW",NA,"Misc","Canopy","Misc_Canopy","Misc.small_Canopy.large"
"168","Eucalyptus fastigata small","Eucalyptus fastigata small",0.229794211922235,0.034944982593971,0.424643441250499,0.222582275181778,0.237006148662691,0.0994146988746782,"Newline",0.389698458656528,"small","small","Eucalyptus fastigata","Eucalyptus fastigata","small_small","S_NSW",1,"Canopy","Canopy","Canopy_Canopy","Canopy.small_Canopy.small"
"169","Eucalyptus obliqua large","Eucalyptus fastigata small",0.0507774779798526,-0.188324969130537,0.289879925090242,0.0463578849723038,0.0551970709874013,0.121993286099336,"Newline",0.478204894220779,"large","small","Eucalyptus obliqua","Eucalyptus fastigata","large_small","S_NSW",NA,"Canopy","Canopy","Canopy_Canopy","Canopy.large_Canopy.small"
"170","Eucalyptus obliqua small","Eucalyptus fastigata small",0.0160336691336804,-0.157131950204974,0.189199288472335,0.011778464098128,0.0202888741692328,0.0883514292632738,"Newline",0.34633123867731,"small","small","Eucalyptus obliqua","Eucalyptus fastigata","small_small","S_NSW",NA,"Canopy","Canopy","Canopy_Canopy","Canopy.small_Canopy.small"
"171","Misc_small","Eucalyptus fastigata small",-0.155713960423259,-0.412076289542642,0.100648368696123,-0.160263371654526,-0.151164549191993,0.130799510165256,"Newline",0.512724658238765,"small","small","Misc","Eucalyptus fastigata","small_small","S_NSW",NA,"Misc","Canopy","Misc_Canopy","Misc.small_Canopy.small"
"172","Eucalyptus obliqua large","Eucalyptus obliqua large",-0.416362885182922,-1.13410947994307,0.301383709577222,-0.427831638906045,-0.404894131459799,0.366203971308472,"Newline",1.43549318952029,"large","large","Eucalyptus obliqua","Eucalyptus obliqua","large_large","S_NSW",NA,"Canopy","Canopy","Canopy_Canopy","Canopy.large_Canopy.large"
"173","Eucalyptus obliqua small","Eucalyptus obliqua large",0.294757372963903,-0.104239263455319,0.693754009383125,0.285934193535544,0.303580552392262,0.203573453168761,"Newline",0.797993272838444,"small","large","Eucalyptus obliqua","Eucalyptus obliqua","small_large","S_NSW",NA,"Canopy","Canopy","Canopy_Canopy","Canopy.large_Canopy.small"
"174","Misc_small","Eucalyptus obliqua large",-0.236733625886912,-0.821160486550632,0.347693234776808,-0.245719057420537,-0.227748194353288,0.29818244889886,"Newline",1.16885372132744,"small","large","Misc","Eucalyptus obliqua","small_large","S_NSW",NA,"Misc","Canopy","Misc_Canopy","Misc.small_Canopy.large"
"175","Eucalyptus obliqua small","Eucalyptus obliqua small",0.154358656713981,-0.126339017457689,0.43505633088565,0.145457429570098,0.163259883857863,0.143215730689838,"Newline",0.561395348343339,"small","small","Eucalyptus obliqua","Eucalyptus obliqua","small_small","S_NSW",NA,"Canopy","Canopy","Canopy_Canopy","Canopy.small_Canopy.small"
"176","Misc_small","Eucalyptus obliqua small",0.337483236391694,-0.0407373404679208,0.715703813251309,0.329597574553576,0.345368898229812,0.192973227999581,"Newline",0.75644115371923,"small","small","Misc","Eucalyptus obliqua","small_small","S_NSW",NA,"Misc","Canopy","Misc_Canopy","Misc.small_Canopy.small"
"177","Misc_small","Misc_small",-0.026938919452579,-0.558880257394452,0.505002418489294,-0.0358881254339905,-0.0179897134711676,0.271403628912449,"Newline",1.06388267588375,"small","small","Misc","Misc","small_small","S_NSW",NA,"Misc","Misc","Misc_Misc","Misc.small_Misc.small"
"178","Eucalyptus fastigata large","Eucalyptus fastigata large",-0.0067215804454978,-0.595692330332594,0.582249169441599,-0.0158764098873518,0.00243324899635617,0.300500802327401,"WogWay",1.17794149977419,"large","large","Eucalyptus fastigata","Eucalyptus fastigata","large_large","S_NSW",NA,"Canopy","Canopy","Canopy_Canopy","Canopy.large_Canopy.large"
"179","Eucalyptus fastigata small","Eucalyptus fastigata large",0.337006063070363,-0.120660858184861,0.794672984325587,0.328544306974241,0.345467819166485,0.233507822013691,"WogWay",0.915333842510449,"small","large","Eucalyptus fastigata","Eucalyptus fastigata","small_large","S_NSW",NA,"Canopy","Canopy","Canopy_Canopy","Canopy.large_Canopy.small"
"180","Eucalyptus viminalis large","Eucalyptus fastigata large",0.124788715965712,-0.105347084920646,0.35492451685207,0.120859074342819,0.128718357588606,0.117418382532353,"WogWay",0.460271601772717,"large","large","Eucalyptus viminalis","Eucalyptus fastigata","large_large","S_NSW",NA,"Canopy","Canopy","Canopy_Canopy","Canopy.large_Canopy.large"
"181","Eucalyptus viminalis small","Eucalyptus fastigata large",-0.104013936529628,-0.211797319457635,0.00376944639837927,-0.106422842793236,-0.10160503026602,0.0549925324027322,"WogWay",0.215566765856014,"small","large","Eucalyptus viminalis","Eucalyptus fastigata","small_large","S_NSW",NA,"Canopy","Canopy","Canopy_Canopy","Canopy.large_Canopy.small"
"182","Misc_small","Eucalyptus fastigata large",0.513215173627162,-0.0915653987014163,1.11799574595574,0.503074181823198,0.523356165431125,0.308567186488635,"WogWay",1.20956114465716,"small","large","Misc","Eucalyptus fastigata","small_large","S_NSW",NA,"Misc","Canopy","Misc_Canopy","Misc.small_Canopy.large"
"183","Eucalyptus fastigata small","Eucalyptus fastigata small",0.20603344603964,-0.154143380533817,0.566210272613096,0.192246726497941,0.219820165581339,0.183767063790195,"WogWay",0.720353653146913,"small","small","Eucalyptus fastigata","Eucalyptus fastigata","small_small","S_NSW",NA,"Canopy","Canopy","Canopy_Canopy","Canopy.small_Canopy.small"
"184","Eucalyptus viminalis large","Eucalyptus fastigata small",-0.16508571445949,-0.338287571758395,0.00811614283941448,-0.168318524887897,-0.161852904031084,0.0883699183582447,"WogWay",0.346403714597809,"large","small","Eucalyptus viminalis","Eucalyptus fastigata","large_small","S_NSW",NA,"Canopy","Canopy","Canopy_Canopy","Canopy.large_Canopy.small"
"185","Eucalyptus viminalis small","Eucalyptus fastigata small",9.07597859315911e-05,-0.093150056742098,0.0933315763139612,-0.00225158904974623,0.00243310862160941,0.0475727193272434,"WogWay",0.186481633056059,"small","small","Eucalyptus viminalis","Eucalyptus fastigata","small_small","S_NSW",NA,"Canopy","Canopy","Canopy_Canopy","Canopy.small_Canopy.small"
"186","Misc_small","Eucalyptus fastigata small",-0.382514774267462,-0.788624265125624,0.0235947165906997,-0.39023274589202,-0.374796802642904,0.207202527220654,"WogWay",0.812218981716323,"small","small","Misc","Eucalyptus fastigata","small_small","S_NSW",NA,"Misc","Canopy","Misc_Canopy","Misc.small_Canopy.small"
"187","Eucalyptus viminalis large","Eucalyptus viminalis large",0.123600816489258,-0.0704816784218214,0.317683311400337,0.118741359525926,0.12846027345259,0.0990235006571434,"WogWay",0.388164989822159,"large","large","Eucalyptus viminalis","Eucalyptus viminalis","large_large","S_NSW",NA,"Canopy","Canopy","Canopy_Canopy","Canopy.large_Canopy.large"
"188","Eucalyptus viminalis small","Eucalyptus viminalis large",0.0051528105907667,-0.0447014494713423,0.0550070706528757,0.00379739318858123,0.00650822799295217,0.0254363143687094,"WogWay",0.0997085201242181,"small","large","Eucalyptus viminalis","Eucalyptus viminalis","small_large","S_NSW",NA,"Canopy","Canopy","Canopy_Canopy","Canopy.large_Canopy.small"
"189","Misc_small","Eucalyptus viminalis large",-0.284409178689514,-0.504491419594061,-0.0643269377849677,-0.287913376130495,-0.280904981248534,0.112288920939633,"WogWay",0.440164481809093,"small","large","Misc","Eucalyptus viminalis","small_large","S_NSW",1,"Misc","Canopy","Misc_Canopy","Misc.small_Canopy.large"
"190","Eucalyptus viminalis small","Eucalyptus viminalis small",0.513028768416263,0.390441217037626,0.635616319794899,0.503839781488684,0.522217755343842,0.0625458183648227,"WogWay",0.245175102757273,"small","small","Eucalyptus viminalis","Eucalyptus viminalis","small_small","S_NSW",1,"Canopy","Canopy","Canopy_Canopy","Canopy.small_Canopy.small"
"191","Misc_small","Eucalyptus viminalis small",0.0314840812888349,-0.0870602140916482,0.150028376669318,0.0296685802275936,0.0332995823500762,0.0604828947447736,"WogWay",0.237088590760966,"small","small","Misc","Eucalyptus viminalis","small_small","S_NSW",NA,"Misc","Canopy","Misc_Canopy","Misc.small_Canopy.small"
"192","Misc_small","Misc_small",-0.5416514924315,-1.41078241147851,0.327479426615515,-0.556077353596303,-0.527225631266696,0.443442290727079,"WogWay",1.73826183809403,"small","small","Misc","Misc","small_small","S_NSW",NA,"Misc","Misc","Misc_Misc","Misc.small_Misc.small"
"193","Eucalyptus fastigata large","Eucalyptus fastigata large",-0.237684792317181,-0.611146540832875,0.135776956198514,-0.244057798546051,-0.23131178608831,0.190545209739318,"Goodenia",0.746923497031389,"large","large","Eucalyptus fastigata","Eucalyptus fastigata","large_large","S_NSW",NA,"Canopy","Canopy","Canopy_Canopy","Canopy.large_Canopy.large"
"194","Eucalyptus fastigata small","Eucalyptus fastigata large",-0.0524041568513221,-0.22578080484677,0.120972491144125,-0.0554294578201941,-0.0493788558824502,0.0884590989237662,"Goodenia",0.346753295990895,"small","large","Eucalyptus fastigata","Eucalyptus fastigata","small_large","S_NSW",NA,"Canopy","Canopy","Canopy_Canopy","Canopy.large_Canopy.small"
"195","Misc_large","Eucalyptus fastigata large",-0.104000228106836,-0.418980722126321,0.210980265912649,-0.107846033893484,-0.100154422320188,0.160707286717517,"Goodenia",0.62996098803897,"large","large","Misc","Eucalyptus fastigata","large_large","S_NSW",NA,"Misc","Canopy","Misc_Canopy","Misc.large_Canopy.large"
"196","Misc_small","Eucalyptus fastigata large",-0.0586953161531015,-0.215930301625617,0.0985396693194142,-0.0608880948689872,-0.0565025374372158,0.08022340548743,"Goodenia",0.314469970945031,"small","large","Misc","Eucalyptus fastigata","small_large","S_NSW",NA,"Misc","Canopy","Misc_Canopy","Misc.small_Canopy.large"
"197","Eucalyptus fastigata small","Eucalyptus fastigata small",0.232534555625526,0.0263427322941015,0.438726378956951,0.226048943853165,0.239020167397888,0.105201842971524,"Goodenia",0.41238364666285,"small","small","Eucalyptus fastigata","Eucalyptus fastigata","small_small","S_NSW",1,"Canopy","Canopy","Canopy_Canopy","Canopy.small_Canopy.small"
"198","Misc_large","Eucalyptus fastigata small",-0.0726425733292256,-0.252366478921898,0.107081332263447,-0.0752963744910765,-0.0699887721673746,0.0916975551644376,"Goodenia",0.359447811185345,"large","small","Misc","Eucalyptus fastigata","large_small","S_NSW",NA,"Misc","Canopy","Misc_Canopy","Misc.large_Canopy.small"
"199","Misc_small","Eucalyptus fastigata small",-0.087307930620164,-0.176994675603397,0.00237881436306941,-0.0890534366440245,-0.0855624245963035,0.0457593841982154,"Goodenia",0.179373489966467,"small","small","Misc","Eucalyptus fastigata","small_small","S_NSW",NA,"Misc","Canopy","Misc_Canopy","Misc.small_Canopy.small"
"200","Misc_large","Misc_large",0.131407362409952,-0.381464941781505,0.644279666601409,0.12391841494314,0.138896309876763,0.261674351282436,"Goodenia",1.02574460838291,"large","large","Misc","Misc","large_large","S_NSW",NA,"Misc","Misc","Misc_Misc","Misc.large_Misc.large"
"201","Misc_small","Misc_large",0.0150262152909624,-0.20505271088129,0.235105141463215,0.0116035276548905,0.0184489029270343,0.11228722971861,"Goodenia",0.440157852344504,"small","large","Misc","Misc","small_large","S_NSW",NA,"Misc","Misc","Misc_Misc","Misc.small_Misc.large"
"202","Misc_small","Misc_small",0.160936900130269,-0.0616706326386456,0.383544432899183,0.156106308949687,0.165767491310851,0.113577358831496,"Goodenia",0.445215065537829,"small","small","Misc","Misc","small_small","S_NSW",NA,"Misc","Misc","Misc_Misc","Misc.small_Misc.small"
"203","Eucalyptus obliqua large","Eucalyptus obliqua large",-0.0952637972007167,-0.351369894350246,0.160842299948812,-0.100621268911713,-0.0899063254897203,0.130668777166143,"Candelo",0.512212194299058,"large","large","Eucalyptus obliqua","Eucalyptus obliqua","large_large","S_NSW",NA,"Canopy","Canopy","Canopy_Canopy","Canopy.large_Canopy.large"
"204","Eucalyptus obliqua small","Eucalyptus obliqua large",-0.0301399174122789,-0.135690173010255,0.0754103381856974,-0.0323715479758825,-0.0279082868486754,0.0538531607879243,"Candelo",0.211100511195953,"small","large","Eucalyptus obliqua","Eucalyptus obliqua","small_large","S_NSW",NA,"Canopy","Canopy","Canopy_Canopy","Canopy.large_Canopy.small"
"205","Misc_small","Eucalyptus obliqua large",-0.00918870582759711,-0.218117838901719,0.199740427246525,-0.0114688494317843,-0.00690856222340995,0.106598455238019,"Candelo",0.417858266148244,"small","large","Misc","Eucalyptus obliqua","small_large","S_NSW",NA,"Misc","Canopy","Misc_Canopy","Misc.small_Canopy.large"
"206","Eucalyptus obliqua small","Eucalyptus obliqua small",0.327793481787661,0.235638665169932,0.419948298405391,0.31995903174556,0.335627931829763,0.0470186275587895,"Candelo",0.18430963323546,"small","small","Eucalyptus obliqua","Eucalyptus obliqua","small_small","S_NSW",1,"Canopy","Canopy","Canopy_Canopy","Canopy.small_Canopy.small"
"207","Misc_small","Eucalyptus obliqua small",0.0837628911574654,-0.0599441574339507,0.227469939748881,0.0806279894925127,0.0868977928224181,0.0733212700462656,"Candelo",0.287414097182832,"small","small","Misc","Eucalyptus obliqua","small_small","S_NSW",NA,"Misc","Canopy","Misc_Canopy","Misc.small_Canopy.small"
"208","Misc_small","Misc_small",0.0745323141909953,-0.301205264899358,0.450269893281349,0.0707046182544832,0.0783600101275075,0.19170636912419,"Candelo",0.751475158180707,"small","small","Misc","Misc","small_small","S_NSW",NA,"Misc","Misc","Misc_Misc","Misc.small_Misc.small"
"209","Eucalyptus regnans large","Eucalyptus regnans large",-0.279510722000409,-0.640079098293738,0.0810576542929194,-0.287830397777764,-0.271191046223054,0.183966837726329,"ANU101",0.721136752586658,"large","large","Eucalyptus regnans","Eucalyptus regnans","large_large","N_VIC",NA,"Canopy","Canopy","Canopy_Canopy","Canopy.large_Canopy.large"
"210","Eucalyptus regnans small","Eucalyptus regnans large",-0.161828346534084,-0.277125490350948,-0.0465312027172194,-0.164701637983913,-0.158955055084254,0.0588261543203413,"ANU101",0.230594287633729,"small","large","Eucalyptus regnans","Eucalyptus regnans","small_large","N_VIC",1,"Canopy","Canopy","Canopy_Canopy","Canopy.large_Canopy.small"
"211","Misc_small","Eucalyptus regnans large",0.0389881152081712,-0.288764575945543,0.366740806361885,0.0342541893259063,0.043722041090436,0.167223833569895,"ANU101",0.655505382307428,"small","large","Misc","Eucalyptus regnans","small_large","N_VIC",NA,"Misc","Canopy","Misc_Canopy","Misc.small_Canopy.large"
"212","Pomaderris aspera small","Eucalyptus regnans large",-0.0375718591722627,-0.194125520178632,0.118981801834107,-0.0413135122930895,-0.033830206051436,0.0798757845762701,"ANU101",0.313107322012739,"small","large","Pomaderris aspera","Eucalyptus regnans","small_large","N_VIC",NA,"Subcanopy","Canopy","Subcanopy_Canopy","Canopy.large_Subcanopy.small"
"213","Eucalyptus regnans small","Eucalyptus regnans small",0.0066232417978991,-0.189062228826148,0.202308712421946,0.000129797455033254,0.0131166861407649,0.0998413604370229,"ANU101",0.391370941248094,"small","small","Eucalyptus regnans","Eucalyptus regnans","small_small","N_VIC",NA,"Canopy","Canopy","Canopy_Canopy","Canopy.small_Canopy.small"
"214","Misc_small","Eucalyptus regnans small",-0.0545917686436225,-0.254149302220622,0.144965764933377,-0.0572285209183249,-0.05195501636892,0.101816939061679,"ANU101",0.399115067153999,"small","small","Misc","Eucalyptus regnans","small_small","N_VIC",NA,"Misc","Canopy","Misc_Canopy","Misc.small_Canopy.small"
"215","Pomaderris aspera small","Eucalyptus regnans small",-0.0676663209731038,-0.166828680705777,0.0314960387595699,-0.0701305017865845,-0.065202140159623,0.0505939703560135,"ANU101",0.198324719465347,"small","small","Pomaderris aspera","Eucalyptus regnans","small_small","N_VIC",NA,"Subcanopy","Canopy","Subcanopy_Canopy","Canopy.small_Subcanopy.small"
"216","Misc_small","Misc_small",-0.211905256566968,-0.879065456155641,0.455254943021704,-0.220339848703741,-0.203470664430195,0.340394111754679,"ANU101",1.33432039917734,"small","small","Misc","Misc","small_small","N_VIC",NA,"Misc","Misc","Misc_Misc","Misc.small_Misc.small"
"217","Pomaderris aspera small","Misc_small",0.185103799408577,-0.0711918360076197,0.441399434824773,0.180196596977875,0.190011001839279,0.130765482140398,"ANU101",0.512591270832393,"small","small","Pomaderris aspera","Misc","small_small","N_VIC",NA,"Subcanopy","Misc","Misc_Subcanopy","Misc.small_Subcanopy.small"
"218","Pomaderris aspera small","Pomaderris aspera small",0.170969526368267,0.000468934736974291,0.34147011799956,0.163095440413306,0.178843612323229,0.0869916962639007,"ANU101",0.341001183262586,"small","small","Pomaderris aspera","Pomaderris aspera","small_small","N_VIC",1,"Subcanopy","Subcanopy","Subcanopy_Subcanopy","Subcanopy.small_Subcanopy.small"
"219","Acacia melanoxylon large","Acacia melanoxylon large",-0.10432078131995,-0.369796189418634,0.161154626778735,-0.110131815178353,-0.0985097474615462,0.135449125694513,"Ada Tree",0.530950816197369,"large","large","Acacia melanoxylon","Acacia melanoxylon","large_large","N_VIC",NA,"Subcanopy","Subcanopy","Subcanopy_Subcanopy","Subcanopy.large_Subcanopy.large"
"220","Acacia melanoxylon small","Acacia melanoxylon large",-0.0310050816801302,-0.148364847341469,0.0863546839812082,-0.033367536798309,-0.0286426265619513,0.0598785317419388,"Ada Tree",0.234719531322677,"small","large","Acacia melanoxylon","Acacia melanoxylon","small_large","N_VIC",NA,"Subcanopy","Subcanopy","Subcanopy_Subcanopy","Subcanopy.large_Subcanopy.small"
"221","Eucalyptus regnans large","Acacia melanoxylon large",0.40998287102096,0.0825914480645099,0.737374293977411,0.40197770917101,0.41798803287091,0.167039509674092,"Ada Tree",0.654782845912901,"large","large","Eucalyptus regnans","Acacia melanoxylon","large_large","N_VIC",1,"Canopy","Subcanopy","Subcanopy_Canopy","Canopy.large_Subcanopy.large"
"222","Eucalyptus regnans small","Acacia melanoxylon large",0.151122988265275,-0.0567835830662693,0.359029559596818,0.146411689510342,0.155834287020207,0.106076730476419,"Ada Tree",0.415813142663088,"small","large","Eucalyptus regnans","Acacia melanoxylon","small_large","N_VIC",NA,"Canopy","Subcanopy","Subcanopy_Canopy","Canopy.small_Subcanopy.large"
"223","Misc_small","Acacia melanoxylon large",-0.432010349405049,-0.70363963750109,-0.160381061309008,-0.436557757289705,-0.427462941520394,0.138588918081464,"Ada Tree",0.543258576192082,"small","large","Misc","Acacia melanoxylon","small_large","N_VIC",1,"Misc","Subcanopy","Misc_Subcanopy","Misc.small_Subcanopy.large"
"224","Acacia melanoxylon small","Acacia melanoxylon small",0.162565091611772,0.0173692277078107,0.307760955515733,0.153546074420643,0.171584108802901,0.0740808836536017,"Ada Tree",0.290391727807923,"small","small","Acacia melanoxylon","Acacia melanoxylon","small_small","N_VIC",1,"Subcanopy","Subcanopy","Subcanopy_Subcanopy","Subcanopy.small_Subcanopy.small"
"225","Eucalyptus regnans large","Acacia melanoxylon small",-0.0364538464159803,-0.180905603842563,0.107997911010603,-0.0409991797380229,-0.0319085130939377,0.0737012305154586,"Ada Tree",0.288903514853166,"large","small","Eucalyptus regnans","Acacia melanoxylon","large_small","N_VIC",NA,"Canopy","Subcanopy","Subcanopy_Canopy","Canopy.large_Subcanopy.small"
"226","Eucalyptus regnans small","Acacia melanoxylon small",0.102733846865411,-0.0274897719135958,0.232957465644418,0.098766941816617,0.106700751914205,0.0664418427104754,"Ada Tree",0.260447237558014,"small","small","Eucalyptus regnans","Acacia melanoxylon","small_small","N_VIC",NA,"Canopy","Subcanopy","Subcanopy_Canopy","Canopy.small_Subcanopy.small"
"227","Misc_small","Acacia melanoxylon small",-0.0386346054432991,-0.138446959136766,0.0611777482501681,-0.0407700624839174,-0.0364991484026809,0.0509256060217302,"Ada Tree",0.199624707386934,"small","small","Misc","Acacia melanoxylon","small_small","N_VIC",NA,"Misc","Subcanopy","Misc_Subcanopy","Misc.small_Subcanopy.small"
"228","Eucalyptus regnans large","Eucalyptus regnans large",-0.947760246135173,-1.46636284729719,-0.42915764497316,-0.967287940819856,-0.928232551450491,0.264598025908989,"Ada Tree",1.03720520232403,"large","large","Eucalyptus regnans","Eucalyptus regnans","large_large","N_VIC",1,"Canopy","Canopy","Canopy_Canopy","Canopy.large_Canopy.large"
"229","Eucalyptus regnans small","Eucalyptus regnans large",-0.261297402917691,-0.543590337698685,0.0209955318633038,-0.268973686777595,-0.253621119057787,0.144029654120017,"Ada Tree",0.564585869561989,"small","large","Eucalyptus regnans","Eucalyptus regnans","small_large","N_VIC",NA,"Canopy","Canopy","Canopy_Canopy","Canopy.large_Canopy.small"
"230","Misc_small","Eucalyptus regnans large",0.350536242160649,0.0899757108850143,0.611096773436283,0.344691814556225,0.356380669765072,0.132941489400266,"Ada Tree",0.521121062551269,"small","large","Misc","Eucalyptus regnans","small_large","N_VIC",1,"Misc","Canopy","Misc_Canopy","Misc.small_Canopy.large"
"231","Eucalyptus regnans small","Eucalyptus regnans small",-0.287482950805345,-0.582939947242451,0.00797404563176163,-0.296783144532666,-0.278182757078023,0.150746135524751,"Ada Tree",0.590913992874213,"small","small","Eucalyptus regnans","Eucalyptus regnans","small_small","N_VIC",NA,"Canopy","Canopy","Canopy_Canopy","Canopy.small_Canopy.small"
"232","Misc_small","Eucalyptus regnans small",0.097971875697702,-0.0908832137731461,0.28682696516855,0.0940173862595593,0.101926365135845,0.0963564080567363,"Ada Tree",0.377710178941696,"small","small","Misc","Eucalyptus regnans","small_small","N_VIC",NA,"Misc","Canopy","Misc_Canopy","Misc.small_Canopy.small"
"233","Misc_small","Misc_small",0.168080138608096,-0.0774781779765075,0.413638455192699,0.158957371045481,0.177202906170711,0.125287157581229,"Ada Tree",0.491116633169207,"small","small","Misc","Misc","small_small","N_VIC",NA,"Misc","Misc","Misc_Misc","Misc.small_Misc.small"
"234","Acacia melanoxylon large","Acacia melanoxylon large",-0.242540013152094,-0.600260094836487,0.115180068532299,-0.249813289420496,-0.235266736883692,0.182513599487564,"Weeaproinah",0.715440163368785,"large","large","Acacia melanoxylon","Acacia melanoxylon","large_large","S_VIC",NA,"Subcanopy","Subcanopy","Subcanopy_Subcanopy","Subcanopy.large_Subcanopy.large"
"235","Acacia melanoxylon small","Acacia melanoxylon large",0.0120787390353898,-0.145035174208192,0.169192652278971,0.00852024877691457,0.0156372292938651,0.0801616328069679,"Weeaproinah",0.314227826487163,"small","large","Acacia melanoxylon","Acacia melanoxylon","small_large","S_VIC",NA,"Subcanopy","Subcanopy","Subcanopy_Subcanopy","Subcanopy.large_Subcanopy.small"
"236","Eucalyptus regnans large","Acacia melanoxylon large",-0.0813936693068383,-0.280891421930569,0.118104083316892,-0.086629902710424,-0.0761574359032526,0.101786438014853,"Weeaproinah",0.398995505247461,"large","large","Eucalyptus regnans","Acacia melanoxylon","large_large","S_VIC",NA,"Canopy","Subcanopy","Subcanopy_Canopy","Canopy.large_Subcanopy.large"
"237","Eucalyptus regnans small","Acacia melanoxylon large",0.135220224048907,-0.0475948464615318,0.318035294559347,0.130954265103945,0.13948618299387,0.0932747091030556,"Weeaproinah",0.365630141020878,"small","large","Eucalyptus regnans","Acacia melanoxylon","small_large","S_VIC",NA,"Canopy","Subcanopy","Subcanopy_Canopy","Canopy.small_Subcanopy.large"
"238","Nematolepis squamea subsp squamea large","Acacia melanoxylon large",-0.182915767298111,-0.383521502895545,0.017689968299323,-0.186997817804512,-0.178833716791711,0.10235174583808,"Weeaproinah",0.401211471194868,"large","large","Nematolepis squamea","Acacia melanoxylon","large_large","S_VIC",NA,"Subcanopy","Subcanopy","Subcanopy_Subcanopy","Subcanopy.large_Subcanopy.large"
"239","Nematolepis squamea subsp squamea small","Acacia melanoxylon large",0.0248170604591107,-0.0548250592552694,0.104459180173491,0.0226574994420804,0.026976621476141,0.040634481216281,"Weeaproinah",0.15928423942876,"small","large","Nematolepis squamea","Acacia melanoxylon","small_large","S_VIC",NA,"Subcanopy","Subcanopy","Subcanopy_Subcanopy","Subcanopy.large_Subcanopy.small"
"240","Acacia melanoxylon small","Acacia melanoxylon small",0.207910219686572,0.0393770613465324,0.376443378026611,0.20020981548685,0.215610623886294,0.0859878853231016,"Weeaproinah",0.337066316680079,"small","small","Acacia melanoxylon","Acacia melanoxylon","small_small","S_VIC",1,"Subcanopy","Subcanopy","Subcanopy_Subcanopy","Subcanopy.small_Subcanopy.small"
"241","Eucalyptus regnans large","Acacia melanoxylon small",0.0363943961191934,-0.0991030383748097,0.171891830613196,0.032638989215506,0.0401498030228807,0.0691326144576072,"Weeaproinah",0.270994868988006,"large","small","Eucalyptus regnans","Acacia melanoxylon","large_small","S_VIC",NA,"Canopy","Subcanopy","Subcanopy_Canopy","Canopy.large_Subcanopy.small"
"242","Eucalyptus regnans small","Acacia melanoxylon small",-0.00200448447242955,-0.119260106378234,0.115251137433375,-0.00555186238560919,0.00154289344075009,0.0598253961964108,"Weeaproinah",0.234511243811609,"small","small","Eucalyptus regnans","Acacia melanoxylon","small_small","S_VIC",NA,"Canopy","Subcanopy","Subcanopy_Canopy","Canopy.small_Subcanopy.small"
"243","Nematolepis squamea subsp squamea large","Acacia melanoxylon small",-0.114725785581646,-0.245068489406016,0.0156169182427237,-0.118104556643054,-0.111347014520239,0.0665026015031382,"Weeaproinah",0.26068540764874,"large","small","Nematolepis squamea","Acacia melanoxylon","large_small","S_VIC",NA,"Subcanopy","Subcanopy","Subcanopy_Subcanopy","Subcanopy.large_Subcanopy.small"
"244","Nematolepis squamea subsp squamea small","Acacia melanoxylon small",0.0716511902186975,0.00688143118732178,0.136420949250073,0.0681762855869763,0.0751260948504187,0.0330464026595751,"Weeaproinah",0.129539518062752,"small","small","Nematolepis squamea","Acacia melanoxylon","small_small","S_VIC",1,"Subcanopy","Subcanopy","Subcanopy_Subcanopy","Subcanopy.small_Subcanopy.small"
"245","Eucalyptus regnans large","Eucalyptus regnans large",-0.477340668957282,-0.74609959526041,-0.208581742654155,-0.493098190577072,-0.461583147337492,0.137124420868477,"Weeaproinah",0.537517852606255,"large","large","Eucalyptus regnans","Eucalyptus regnans","large_large","S_VIC",1,"Canopy","Canopy","Canopy_Canopy","Canopy.large_Canopy.large"
"246","Eucalyptus regnans small","Eucalyptus regnans large",-0.129084705726553,-0.284617867804542,0.0264484563514361,-0.134565682481514,-0.123603728971591,0.0793551122902332,"Weeaproinah",0.311066324155978,"small","large","Eucalyptus regnans","Eucalyptus regnans","small_large","S_VIC",NA,"Canopy","Canopy","Canopy_Canopy","Canopy.large_Canopy.small"
"247","Nematolepis squamea subsp squamea large","Eucalyptus regnans large",0.0367212023371327,-0.138165953790636,0.211608358464902,0.0325705446948532,0.0408718599794122,0.0892297804996707,"Weeaproinah",0.349774312255538,"large","large","Nematolepis squamea","Eucalyptus regnans","large_large","S_VIC",NA,"Subcanopy","Canopy","Subcanopy_Canopy","Canopy.large_Subcanopy.large"
"248","Nematolepis squamea subsp squamea small","Eucalyptus regnans large",0.0173495958108094,-0.062809994768141,0.0975091863897597,0.0142672634215518,0.0204319282000669,0.0408985018149512,"Weeaproinah",0.160319181157901,"small","large","Nematolepis squamea","Eucalyptus regnans","small_large","S_VIC",NA,"Subcanopy","Canopy","Subcanopy_Canopy","Canopy.large_Subcanopy.small"
"249","Eucalyptus regnans small","Eucalyptus regnans small",-0.24281413743161,-0.480846578230777,-0.0047816966324426,-0.253487575180912,-0.232140699682308,0.121447354480356,"Weeaproinah",0.476064881598334,"small","small","Eucalyptus regnans","Eucalyptus regnans","small_small","S_VIC",1,"Canopy","Canopy","Canopy_Canopy","Canopy.small_Canopy.small"
"250","Nematolepis squamea subsp squamea large","Eucalyptus regnans small",0.112231091903624,-0.0422865680152342,0.266748751822483,0.108224639321205,0.116237544486043,0.0788369894231088,"Weeaproinah",0.309035319837717,"large","small","Nematolepis squamea","Eucalyptus regnans","large_small","S_VIC",NA,"Subcanopy","Canopy","Subcanopy_Canopy","Canopy.small_Subcanopy.large"
"251","Nematolepis squamea subsp squamea small","Eucalyptus regnans small",-0.00448806571280305,-0.0789679034882853,0.0699917720626792,-0.00735927119325386,-0.00161686023235223,0.0380006155026162,"Weeaproinah",0.148959675550965,"small","small","Nematolepis squamea","Eucalyptus regnans","small_small","S_VIC",NA,"Subcanopy","Canopy","Subcanopy_Canopy","Canopy.small_Subcanopy.small"
"252","Nematolepis squamea subsp squamea large","Nematolepis squamea subsp squamea large",-0.0251719297312082,-0.277058893482549,0.226715034020132,-0.0322394738653031,-0.0181043855971133,0.128516118529827,"Weeaproinah",0.503773927502681,"large","large","Nematolepis squamea","Nematolepis squamea","large_large","S_VIC",NA,"Subcanopy","Subcanopy","Subcanopy_Subcanopy","Subcanopy.large_Subcanopy.large"
"253","Nematolepis squamea subsp squamea small","Nematolepis squamea subsp squamea large",0.00301156666108638,-0.0702607481498537,0.0762838814720265,0.000567975530582205,0.00545515779159055,0.0373845210365613,"Weeaproinah",0.14654462962188,"small","large","Nematolepis squamea","Nematolepis squamea","small_large","S_VIC",NA,"Subcanopy","Subcanopy","Subcanopy_Subcanopy","Subcanopy.large_Subcanopy.small"
"254","Nematolepis squamea subsp squamea small","Nematolepis squamea subsp squamea small",0.325380598584188,0.211557349778453,0.439203847389923,0.31298317155562,0.337778025612756,0.0580741532515692,"Weeaproinah",0.22764649761147,"small","small","Nematolepis squamea","Nematolepis squamea","small_small","S_VIC",1,"Subcanopy","Subcanopy","Subcanopy_Subcanopy","Subcanopy.small_Subcanopy.small"
"255","Eucalyptus regnans large","Eucalyptus regnans large",-0.684872606207678,-1.10230053395487,-0.267444678460486,-0.70531516675508,-0.664430045660275,0.212977346032789,"ANU363",0.834855855494383,"large","large","Eucalyptus regnans","Eucalyptus regnans","large_large","N_VIC",1,"Canopy","Canopy","Canopy_Canopy","Canopy.large_Canopy.large"
"256","Eucalyptus regnans small","Eucalyptus regnans large",-0.252847483848395,-0.394496145471278,-0.111198822225512,-0.258773141632713,-0.246921826064078,0.0722710533153618,"ANU363",0.283297323245766,"small","large","Eucalyptus regnans","Eucalyptus regnans","small_large","N_VIC",1,"Canopy","Canopy","Canopy_Canopy","Canopy.large_Canopy.small"
"257","Eucalyptus regnans small","Eucalyptus regnans small",-0.002591989062259,-0.183692827016552,0.178508848892034,-0.00747940584088995,0.00229542771637195,0.0924000845846114,"ANU363",0.362201675908586,"small","small","Eucalyptus regnans","Eucalyptus regnans","small_small","N_VIC",NA,"Canopy","Canopy","Canopy_Canopy","Canopy.small_Canopy.small"
"258","Eucalyptus regnans large","Eucalyptus regnans large",-0.455701968347214,-0.85883531512823,-0.0525686215661991,-0.472494514059136,-0.438909422635293,0.205684058462747,"ANU589",0.806266693562031,"large","large","Eucalyptus regnans","Eucalyptus regnans","large_large","N_VIC",1,"Canopy","Canopy","Canopy_Canopy","Canopy.large_Canopy.large"
"259","Eucalyptus regnans small","Eucalyptus regnans large",-0.0284786616794734,-0.232692615234456,0.175735291875509,-0.0339757982469813,-0.0229815251119654,0.104192707195538,"ANU589",0.408427907109965,"small","large","Eucalyptus regnans","Eucalyptus regnans","small_large","N_VIC",NA,"Canopy","Canopy","Canopy_Canopy","Canopy.large_Canopy.small"
"260","Misc_large","Eucalyptus regnans large",-0.221153699403794,-0.57901701228438,0.136709613476792,-0.225914362683534,-0.216393036124053,0.182586677971313,"ANU589",0.715726625761172,"large","large","Misc","Eucalyptus regnans","large_large","N_VIC",NA,"Misc","Canopy","Misc_Canopy","Misc.large_Canopy.large"
"261","Misc_small","Eucalyptus regnans large",-0.0294534971921194,-0.235508663618657,0.176601669234418,-0.0347534073459594,-0.0241535870382795,0.105132118779669,"ANU589",0.412110332853075,"small","large","Misc","Eucalyptus regnans","small_large","N_VIC",NA,"Misc","Canopy","Misc_Canopy","Misc.small_Canopy.large"
"262","Pomaderris aspera small","Eucalyptus regnans large",-0.0250338248504206,-0.150018783937011,0.0999511342361693,-0.0291050945421392,-0.0209625551587021,0.0637690080391555,"ANU589",0.24996991817318,"small","large","Pomaderris aspera","Eucalyptus regnans","small_large","N_VIC",NA,"Subcanopy","Canopy","Subcanopy_Canopy","Canopy.large_Subcanopy.small"
"263","Eucalyptus regnans small","Eucalyptus regnans small",0.0014488031837308,-0.220713023492109,0.223610629859571,-0.00579638737885126,0.00869399374631286,0.113349953584976,"ANU589",0.44432365335168,"small","small","Eucalyptus regnans","Eucalyptus regnans","small_small","N_VIC",NA,"Canopy","Canopy","Canopy_Canopy","Canopy.small_Canopy.small"
"264","Misc_large","Eucalyptus regnans small",0.227582236167298,-0.0263478301477874,0.481512302482384,0.222600041066118,0.232564431268478,0.129558536951726,"ANU589",0.507860132630171,"large","small","Misc","Eucalyptus regnans","large_small","N_VIC",NA,"Misc","Canopy","Misc_Canopy","Misc.large_Canopy.small"
"265","Misc_small","Eucalyptus regnans small",-0.1536921456851,-0.292248937808359,-0.0151353535618406,-0.156880593076893,-0.150503698293307,0.0706935398895988,"ANU589",0.277113584246519,"small","small","Misc","Eucalyptus regnans","small_small","N_VIC",1,"Misc","Canopy","Misc_Canopy","Misc.small_Canopy.small"
"266","Pomaderris aspera small","Eucalyptus regnans small",-0.0436732993663931,-0.135918023087884,0.0485714243550973,-0.0464832043951412,-0.040863394337645,0.0470644993730013,"ANU589",0.184489447442981,"small","small","Pomaderris aspera","Eucalyptus regnans","small_small","N_VIC",NA,"Subcanopy","Canopy","Subcanopy_Canopy","Canopy.small_Subcanopy.small"
"267","Misc_large","Misc_large",-0.188184826255364,-0.841982242755862,0.465612590245134,-0.195729950835313,-0.180639701675414,0.333576240001127,"ANU589",1.307594833001,"large","large","Misc","Misc","large_large","N_VIC",NA,"Misc","Misc","Misc_Misc","Misc.large_Misc.large"
"268","Misc_small","Misc_large",0.0993569381867014,-0.205748225175047,0.40446210154845,0.0946655179039282,0.104048358469475,0.155668760124359,"ANU589",0.610210326723497,"small","large","Misc","Misc","small_large","N_VIC",NA,"Misc","Misc","Misc_Misc","Misc.small_Misc.large"
"269","Pomaderris aspera small","Misc_large",0.0930028498138768,-0.0801402097136845,0.266145909341438,0.0892784980374749,0.0967272015902786,0.0883399189440682,"ANU589",0.346286119055123,"small","large","Pomaderris aspera","Misc","small_large","N_VIC",NA,"Subcanopy","Misc","Misc_Subcanopy","Misc.large_Subcanopy.small"
"270","Misc_small","Misc_small",0.131626408435547,-0.135912523368334,0.399165340239428,0.123822708189507,0.139430108681587,0.136501963257587,"ANU589",0.535077863607762,"small","small","Misc","Misc","small_small","N_VIC",NA,"Misc","Misc","Misc_Misc","Misc.small_Misc.small"
"271","Pomaderris aspera small","Misc_small",0.00667834898105293,-0.11521156009141,0.128568258053516,0.00235990603837821,0.0109967919237276,0.0621898718720932,"ANU589",0.243779818144926,"small","small","Pomaderris aspera","Misc","small_small","N_VIC",NA,"Subcanopy","Misc","Misc_Subcanopy","Misc.small_Subcanopy.small"
"272","Pomaderris aspera small","Pomaderris aspera small",0.409261817539999,0.28674505780167,0.531778577278329,0.397964536560783,0.420559098519215,0.0625096995173003,"ANU589",0.245033519476659,"small","small","Pomaderris aspera","Pomaderris aspera","small_small","N_VIC",1,"Subcanopy","Subcanopy","Subcanopy_Subcanopy","Subcanopy.small_Subcanopy.small"
"273","Acacia melanoxylon large","Acacia melanoxylon large",-1.19595593224036,-3.39738651914323,1.00547465466251,-1.21702988146004,-1.17488198302068,1.12319950992338,"Turtons",4.40286117380574,"large","large","Acacia melanoxylon","Acacia melanoxylon","large_large","S_VIC",NA,"Subcanopy","Subcanopy","Subcanopy_Subcanopy","Subcanopy.large_Subcanopy.large"
"274","Acacia melanoxylon small","Acacia melanoxylon large",-0.130259672113111,-0.652503926835306,0.391984582609085,-0.138576119500826,-0.121943224725395,0.266456046560851,"Turtons",1.04448850944439,"small","large","Acacia melanoxylon","Acacia melanoxylon","small_large","S_VIC",NA,"Subcanopy","Subcanopy","Subcanopy_Subcanopy","Subcanopy.large_Subcanopy.small"
"275","Eucalyptus regnans large","Acacia melanoxylon large",0.880142627715877,-0.43092737980337,2.19121263523512,0.857386925504671,0.902898329927082,0.668925560806627,"Turtons",2.62214001503849,"large","large","Eucalyptus regnans","Acacia melanoxylon","large_large","S_VIC",NA,"Canopy","Subcanopy","Subcanopy_Canopy","Canopy.large_Subcanopy.large"
"276","Eucalyptus regnans small","Acacia melanoxylon large",-0.152741118463061,-0.836562193166613,0.531079956240492,-0.162405321267772,-0.143076915658349,0.348894714442432,"Turtons",1.3676421494071,"small","large","Eucalyptus regnans","Acacia melanoxylon","small_large","S_VIC",NA,"Canopy","Subcanopy","Subcanopy_Canopy","Canopy.small_Subcanopy.large"
"277","Hedycarya angustifolia large","Acacia melanoxylon large",-0.469891276810211,-1.4293541675927,0.489571613972283,-0.482283104869689,-0.457499448750732,0.489530878297058,"Turtons",1.91892578156499,"large","large","Hedycarya angustifolia","Acacia melanoxylon","large_large","S_VIC",NA,"Subcanopy","Subcanopy","Subcanopy_Subcanopy","Subcanopy.large_Subcanopy.large"
"278","Hedycarya angustifolia small","Acacia melanoxylon large",0.475873627883705,-0.0525647692851728,1.00431202505258,0.46632942379554,0.485417831971869,0.269616381391256,"Turtons",1.05687679433775,"small","large","Hedycarya angustifolia","Acacia melanoxylon","small_large","S_VIC",NA,"Subcanopy","Subcanopy","Subcanopy_Subcanopy","Subcanopy.large_Subcanopy.small"
"279","Nematolepis squamea subsp squamea large","Acacia melanoxylon large",-0.192315102975682,-0.874476086177342,0.489845880225978,-0.202400691823483,-0.182229514127881,0.34804771341844,"Turtons",1.36432196640332,"large","large","Nematolepis squamea","Acacia melanoxylon","large_large","S_VIC",NA,"Subcanopy","Subcanopy","Subcanopy_Subcanopy","Subcanopy.large_Subcanopy.large"
"280","Nematolepis squamea subsp squamea small","Acacia melanoxylon large",0.0198629952521072,-0.336937241573911,0.376663232078126,0.0130819506982047,0.0266440398060098,0.182044282262538,"Turtons",0.713600473652037,"small","large","Nematolepis squamea","Acacia melanoxylon","small_large","S_VIC",NA,"Subcanopy","Subcanopy","Subcanopy_Subcanopy","Subcanopy.large_Subcanopy.small"
"281","Olearia argophylla large","Acacia melanoxylon large",0.134807727699442,-0.638348341383466,0.907963796782351,0.126006455248514,0.14360900015037,0.394474630749067,"Turtons",1.54631213816582,"large","large","Olearia argophylla","Acacia melanoxylon","large_large","S_VIC",NA,"Subcanopy","Subcanopy","Subcanopy_Subcanopy","Subcanopy.large_Subcanopy.large"
"282","Olearia argophylla small","Acacia melanoxylon large",0.165322791259698,-0.246853918410159,0.577499500929556,0.157324097896238,0.173321484623159,0.210298103904488,"Turtons",0.824353419339716,"small","large","Olearia argophylla","Acacia melanoxylon","small_large","S_VIC",NA,"Subcanopy","Subcanopy","Subcanopy_Subcanopy","Subcanopy.large_Subcanopy.small"
"283","Acacia melanoxylon small","Acacia melanoxylon small",0.103791110027807,-0.166509520103874,0.374091740159487,0.0960743668761836,0.11150785317943,0.137911018908397,"Turtons",0.540601260263361,"small","small","Acacia melanoxylon","Acacia melanoxylon","small_small","S_VIC",NA,"Subcanopy","Subcanopy","Subcanopy_Subcanopy","Subcanopy.small_Subcanopy.small"
"284","Eucalyptus regnans large","Acacia melanoxylon small",0.0603737115104274,-0.769650134298958,0.890397557319813,0.0480884734310129,0.0726589495898419,0.423489335700303,"Turtons",1.66004769161877,"large","small","Eucalyptus regnans","Acacia melanoxylon","large_small","S_VIC",NA,"Canopy","Subcanopy","Subcanopy_Canopy","Canopy.large_Subcanopy.small"
"285","Eucalyptus regnans small","Acacia melanoxylon small",-0.011679481547634,-0.357440099250609,0.334081136155341,-0.0173422973107086,-0.00601666578455942,0.176411720026639,"Turtons",0.69152123540595,"small","small","Eucalyptus regnans","Acacia melanoxylon","small_small","S_VIC",NA,"Canopy","Subcanopy","Subcanopy_Canopy","Canopy.small_Subcanopy.small"
"286","Hedycarya angustifolia large","Acacia melanoxylon small",-0.179574687092142,-0.546145304269527,0.186995930085243,-0.18598944053091,-0.173159933653374,0.187029261797077,"Turtons",0.73314123435477,"large","small","Hedycarya angustifolia","Acacia melanoxylon","large_small","S_VIC",NA,"Subcanopy","Subcanopy","Subcanopy_Subcanopy","Subcanopy.large_Subcanopy.small"
"287","Hedycarya angustifolia small","Acacia melanoxylon small",0.13548511789546,-0.0559471964862925,0.326917432277212,0.130895300996894,0.140074934794025,0.0976713428878009,"Turtons",0.382864628763504,"small","small","Hedycarya angustifolia","Acacia melanoxylon","small_small","S_VIC",NA,"Subcanopy","Subcanopy","Subcanopy_Subcanopy","Subcanopy.small_Subcanopy.small"
"288","Nematolepis squamea subsp squamea large","Acacia melanoxylon small",-0.0384458932781127,-0.368116293747646,0.29122450719142,-0.0444530919284627,-0.0324386946277627,0.168202274669296,"Turtons",0.659340800939066,"large","small","Nematolepis squamea","Acacia melanoxylon","large_small","S_VIC",NA,"Subcanopy","Subcanopy","Subcanopy_Subcanopy","Subcanopy.large_Subcanopy.small"
"289","Nematolepis squamea subsp squamea small","Acacia melanoxylon small",-0.065367730306108,-0.277658686585496,0.14692322597328,-0.0696618141107159,-0.0610736465015001,0.108313702677147,"Turtons",0.424581912558775,"small","small","Nematolepis squamea","Acacia melanoxylon","small_small","S_VIC",NA,"Subcanopy","Subcanopy","Subcanopy_Subcanopy","Subcanopy.small_Subcanopy.small"
"290","Olearia argophylla large","Acacia melanoxylon small",-0.155334978819783,-0.480379080935519,0.169709123295952,-0.16177025180706,-0.148899705832506,0.16584187499344,"Turtons",0.650088204231471,"large","small","Olearia argophylla","Acacia melanoxylon","large_small","S_VIC",NA,"Subcanopy","Subcanopy","Subcanopy_Subcanopy","Subcanopy.large_Subcanopy.small"
"291","Olearia argophylla small","Acacia melanoxylon small",0.144462322699754,-0.0667723148935438,0.355696960293051,0.138097206084546,0.150827439314961,0.107774754668703,"Turtons",0.422469275186595,"small","small","Olearia argophylla","Acacia melanoxylon","small_small","S_VIC",NA,"Subcanopy","Subcanopy","Subcanopy_Subcanopy","Subcanopy.small_Subcanopy.small"
"292","Eucalyptus regnans large","Eucalyptus regnans large",-3.30520652954736,-5.71399517155623,-0.896417887538503,-3.35046541266119,-3.25994764643354,1.22899638004018,"Turtons",4.81757728401772,"large","large","Eucalyptus regnans","Eucalyptus regnans","large_large","S_VIC",1,"Canopy","Canopy","Canopy_Canopy","Canopy.large_Canopy.large"
"293","Eucalyptus regnans small","Eucalyptus regnans large",0.910686127299536,-0.111474564243891,1.93284681884296,0.891379197510586,0.929993057088485,0.521520139964867,"Turtons",2.04432138308685,"small","large","Eucalyptus regnans","Eucalyptus regnans","small_large","S_VIC",NA,"Canopy","Canopy","Canopy_Canopy","Canopy.large_Canopy.small"
"294","Hedycarya angustifolia large","Eucalyptus regnans large",0.57952200601657,-0.318635503030309,1.47767951506345,0.564992882378572,0.594051129654567,0.458252047553644,"Turtons",1.79631501809376,"large","large","Hedycarya angustifolia","Eucalyptus regnans","large_large","S_VIC",NA,"Subcanopy","Canopy","Subcanopy_Canopy","Canopy.large_Subcanopy.large"
"295","Hedycarya angustifolia small","Eucalyptus regnans large",-0.295171489267986,-0.715262667436511,0.124919688900539,-0.304346897289473,-0.285996081246498,0.214336172236914,"Turtons",0.84018235633705,"small","large","Hedycarya angustifolia","Eucalyptus regnans","small_large","S_VIC",NA,"Subcanopy","Canopy","Subcanopy_Canopy","Canopy.large_Subcanopy.small"
"296","Nematolepis squamea subsp squamea large","Eucalyptus regnans large",0.395303118002848,-0.562951077973246,1.35355731397894,0.379708413489004,0.410897822516692,0.488914185941518,"Turtons",1.91650839195219,"large","large","Nematolepis squamea","Eucalyptus regnans","large_large","S_VIC",NA,"Subcanopy","Canopy","Subcanopy_Canopy","Canopy.large_Subcanopy.large"
"297","Nematolepis squamea subsp squamea small","Eucalyptus regnans large",-0.0252130997338707,-0.570328611774939,0.519902412307198,-0.0351062735904428,-0.0153199258772986,0.278125269821727,"Turtons",1.09023102408214,"small","large","Nematolepis squamea","Eucalyptus regnans","small_large","S_VIC",NA,"Subcanopy","Canopy","Subcanopy_Canopy","Canopy.large_Subcanopy.small"
"298","Olearia argophylla large","Eucalyptus regnans large",-0.699307594380588,-1.59872991825026,0.200114729489084,-0.714671929566965,-0.68394325919421,0.458897373096751,"Turtons",1.79884464773934,"large","large","Olearia argophylla","Eucalyptus regnans","large_large","S_VIC",NA,"Subcanopy","Canopy","Subcanopy_Canopy","Canopy.large_Subcanopy.large"
"299","Olearia argophylla small","Eucalyptus regnans large",0.557349287290023,-0.178556260761312,1.29325483534136,0.539984436360214,0.574714138219832,0.375468913641304,"Turtons",1.47181109610267,"small","large","Olearia argophylla","Eucalyptus regnans","small_large","S_VIC",NA,"Subcanopy","Canopy","Subcanopy_Canopy","Canopy.large_Subcanopy.small"
"300","Eucalyptus regnans small","Eucalyptus regnans small",-0.729116345015679,-1.64467010966963,0.186437419638277,-0.742033208102387,-0.716199481928971,0.467127851264476,"Turtons",1.83110752930791,"small","small","Eucalyptus regnans","Eucalyptus regnans","small_small","S_VIC",NA,"Canopy","Canopy","Canopy_Canopy","Canopy.small_Canopy.small"
"301","Hedycarya angustifolia large","Eucalyptus regnans small",-0.0484926914882223,-0.520312131297863,0.423326748321419,-0.0564596758699399,-0.0405257071065046,0.240728627429531,"Turtons",0.943638879619282,"large","small","Hedycarya angustifolia","Eucalyptus regnans","large_small","S_VIC",NA,"Subcanopy","Canopy","Subcanopy_Canopy","Canopy.small_Subcanopy.large"
"302","Hedycarya angustifolia small","Eucalyptus regnans small",0.0942776108566979,-0.171119466470121,0.359674688183517,0.0895690793214411,0.0989861423919547,0.135409160280616,"Turtons",0.530794154653639,"small","small","Hedycarya angustifolia","Eucalyptus regnans","small_small","S_VIC",NA,"Subcanopy","Canopy","Subcanopy_Canopy","Canopy.small_Subcanopy.small"
"303","Nematolepis squamea subsp squamea large","Eucalyptus regnans small",-0.0646852422719957,-0.511615860385047,0.382245375841056,-0.0726035770811674,-0.0567669074628239,0.228030015672932,"Turtons",0.893861236226103,"large","small","Nematolepis squamea","Eucalyptus regnans","large_small","S_VIC",NA,"Subcanopy","Canopy","Subcanopy_Canopy","Canopy.small_Subcanopy.large"
"304","Nematolepis squamea subsp squamea small","Eucalyptus regnans small",0.0918178939213875,-0.206828158817631,0.390463946660406,0.0854737709070903,0.0981620169356847,0.152373234964877,"Turtons",0.597292105478036,"small","small","Nematolepis squamea","Eucalyptus regnans","small_small","S_VIC",NA,"Subcanopy","Canopy","Subcanopy_Canopy","Canopy.small_Subcanopy.small"
"305","Olearia argophylla large","Eucalyptus regnans small",0.355638523190412,-0.135990959595839,0.847268005976663,0.347010805513257,0.364266240867567,0.250835977938453,"Turtons",0.983258965572502,"large","small","Olearia argophylla","Eucalyptus regnans","large_small","S_VIC",NA,"Subcanopy","Canopy","Subcanopy_Canopy","Canopy.small_Subcanopy.large"
"306","Olearia argophylla small","Eucalyptus regnans small",-0.190314369979549,-0.544733833307792,0.164105093348694,-0.197183863118006,-0.183444876841092,0.180829579586084,"Turtons",0.708838926656487,"small","small","Olearia argophylla","Eucalyptus regnans","small_small","S_VIC",NA,"Subcanopy","Canopy","Subcanopy_Canopy","Canopy.small_Subcanopy.small"
"307","Hedycarya angustifolia large","Hedycarya angustifolia large",-0.384664064315963,-1.17692425189557,0.407596123263643,-0.395188956363722,-0.374139172268203,0.404221809088765,"Turtons",1.58452037515921,"large","large","Hedycarya angustifolia","Hedycarya angustifolia","large_large","S_VIC",NA,"Subcanopy","Subcanopy","Subcanopy_Subcanopy","Subcanopy.large_Subcanopy.large"
"308","Hedycarya angustifolia small","Hedycarya angustifolia large",0.361047004474522,-0.034114411442621,0.756208420391665,0.352841652676825,0.369252356272219,0.201616672058327,"Turtons",0.790322831834286,"small","large","Hedycarya angustifolia","Hedycarya angustifolia","small_large","S_VIC",NA,"Subcanopy","Subcanopy","Subcanopy_Subcanopy","Subcanopy.large_Subcanopy.small"
"309","Nematolepis squamea subsp squamea large","Hedycarya angustifolia large",-0.218883227457291,-0.887516752144539,0.449750297229956,-0.228049568081417,-0.209716886833166,0.341145822046397,"Turtons",1.33726704937449,"large","large","Nematolepis squamea","Hedycarya angustifolia","large_large","S_VIC",NA,"Subcanopy","Subcanopy","Subcanopy_Subcanopy","Subcanopy.large_Subcanopy.large"
"310","Nematolepis squamea subsp squamea small","Hedycarya angustifolia large",-0.339578950500283,-0.765275083925843,0.0861171829252769,-0.346581203508949,-0.332576697491617,0.217195895834514,"Turtons",0.85139226685112,"small","large","Nematolepis squamea","Hedycarya angustifolia","small_large","S_VIC",NA,"Subcanopy","Subcanopy","Subcanopy_Subcanopy","Subcanopy.large_Subcanopy.small"
"311","Olearia argophylla large","Hedycarya angustifolia large",-0.535019877691929,-1.17436275311851,0.104322997734655,-0.544442728947199,-0.525597026436659,0.326201338631546,"Turtons",1.27868575085317,"large","large","Olearia argophylla","Hedycarya angustifolia","large_large","S_VIC",NA,"Subcanopy","Subcanopy","Subcanopy_Subcanopy","Subcanopy.large_Subcanopy.large"
"312","Olearia argophylla small","Hedycarya angustifolia large",0.194217857946063,-0.210069665953458,0.598505381845585,0.186510480145821,0.201925235746305,0.206272935160284,"Turtons",0.808575047799043,"small","large","Olearia argophylla","Hedycarya angustifolia","small_large","S_VIC",NA,"Subcanopy","Subcanopy","Subcanopy_Subcanopy","Subcanopy.large_Subcanopy.small"
"313","Hedycarya angustifolia small","Hedycarya angustifolia small",0.0179042398237832,-0.21911179734943,0.254920276996996,0.00993408344436454,0.0258743962032018,0.120928771672727,"Turtons",0.474032074346426,"small","small","Hedycarya angustifolia","Hedycarya angustifolia","small_small","S_VIC",NA,"Subcanopy","Subcanopy","Subcanopy_Subcanopy","Subcanopy.small_Subcanopy.small"
"314","Nematolepis squamea subsp squamea large","Hedycarya angustifolia small",-0.0670196860532261,-0.335223661387065,0.201184289280612,-0.0709638585557683,-0.0630755135506839,0.136841277416012,"Turtons",0.536407950667677,"large","small","Nematolepis squamea","Hedycarya angustifolia","large_small","S_VIC",NA,"Subcanopy","Subcanopy","Subcanopy_Subcanopy","Subcanopy.large_Subcanopy.small"
"315","Nematolepis squamea subsp squamea small","Hedycarya angustifolia small",0.085358333621009,-0.105765745996017,0.276482413238035,0.0816995689145073,0.0890170983275108,0.0975140773629456,"Turtons",0.382248159234052,"small","small","Nematolepis squamea","Hedycarya angustifolia","small_small","S_VIC",NA,"Subcanopy","Subcanopy","Subcanopy_Subcanopy","Subcanopy.small_Subcanopy.small"
"316","Olearia argophylla large","Hedycarya angustifolia small",0.0636801458525147,-0.229903047534254,0.357263339239283,0.0588804914795292,0.0684798002255003,0.149790095992842,"Turtons",0.587166386773537,"large","small","Olearia argophylla","Hedycarya angustifolia","large_small","S_VIC",NA,"Subcanopy","Subcanopy","Subcanopy_Subcanopy","Subcanopy.large_Subcanopy.small"
"317","Olearia argophylla small","Hedycarya angustifolia small",-0.167175903263357,-0.388185366863657,0.0538335603369437,-0.1717820975874,-0.162569708939313,0.112762002436573,"Turtons",0.442018927200601,"small","small","Olearia argophylla","Hedycarya angustifolia","small_small","S_VIC",NA,"Subcanopy","Subcanopy","Subcanopy_Subcanopy","Subcanopy.small_Subcanopy.small"
"318","Nematolepis squamea subsp squamea large","Nematolepis squamea subsp squamea large",-0.178422853685912,-0.604826879215902,0.247981171844079,-0.187629897738747,-0.169215809633076,0.217557071912245,"Turtons",0.852808051059981,"large","large","Nematolepis squamea","Nematolepis squamea","large_large","S_VIC",NA,"Subcanopy","Subcanopy","Subcanopy_Subcanopy","Subcanopy.large_Subcanopy.large"
"319","Nematolepis squamea subsp squamea small","Nematolepis squamea subsp squamea large",0.301865166536244,0.0371526571677545,0.566577675904735,0.295225719281979,0.308504613790509,0.135059884496097,"Turtons",0.52942501873698,"small","large","Nematolepis squamea","Nematolepis squamea","small_large","S_VIC",1,"Subcanopy","Subcanopy","Subcanopy_Subcanopy","Subcanopy.large_Subcanopy.small"
"320","Olearia argophylla large","Nematolepis squamea subsp squamea large",0.100355004481728,-0.339734644266383,0.540444653229839,0.0939911250829885,0.106718883880468,0.224539661044531,"Turtons",0.880179297496222,"large","large","Olearia argophylla","Nematolepis squamea","large_large","S_VIC",NA,"Subcanopy","Subcanopy","Subcanopy_Subcanopy","Subcanopy.large_Subcanopy.large"
"321","Olearia argophylla small","Nematolepis squamea subsp squamea large",-0.179041758478079,-0.473602212553992,0.115518695597833,-0.185242679098554,-0.172840837857605,0.150288707547367,"Turtons",0.589120908151824,"small","large","Olearia argophylla","Nematolepis squamea","small_large","S_VIC",NA,"Subcanopy","Subcanopy","Subcanopy_Subcanopy","Subcanopy.large_Subcanopy.small"
"322","Nematolepis squamea subsp squamea small","Nematolepis squamea subsp squamea small",0.136937755029368,-0.0686686022002616,0.342544112258998,0.127433729506761,0.146441780551975,0.104903130287815,"Turtons",0.41121271445926,"small","small","Nematolepis squamea","Nematolepis squamea","small_small","S_VIC",NA,"Subcanopy","Subcanopy","Subcanopy_Subcanopy","Subcanopy.small_Subcanopy.small"
"323","Olearia argophylla large","Nematolepis squamea subsp squamea small",-0.282464084712845,-0.590846847864361,0.02591867843867,-0.288045214954328,-0.276882954471363,0.157341035643512,"Turtons",0.616765526303031,"large","small","Olearia argophylla","Nematolepis squamea","large_small","S_VIC",NA,"Subcanopy","Subcanopy","Subcanopy_Subcanopy","Subcanopy.large_Subcanopy.small"
"324","Olearia argophylla small","Nematolepis squamea subsp squamea small",0.179362950478963,-0.0321562194426162,0.390882120400541,0.174162786438479,0.184563114519446,0.107919926891522,"Turtons",0.423038339843158,"small","small","Olearia argophylla","Nematolepis squamea","small_small","S_VIC",NA,"Subcanopy","Subcanopy","Subcanopy_Subcanopy","Subcanopy.small_Subcanopy.small"
"325","Olearia argophylla large","Olearia argophylla large",-0.34091359034868,-0.926671582956855,0.244844402259495,-0.351393006458214,-0.330434174239147,0.298861610329863,"Turtons",1.17151598521635,"large","large","Olearia argophylla","Olearia argophylla","large_large","S_VIC",NA,"Subcanopy","Subcanopy","Subcanopy_Subcanopy","Subcanopy.large_Subcanopy.large"
"326","Olearia argophylla small","Olearia argophylla large",0.389768507097913,0.0279761468182907,0.751560867377534,0.380877974117101,0.398659040078724,0.184591330827196,"Turtons",0.723584720559244,"small","large","Olearia argophylla","Olearia argophylla","small_large","S_VIC",1,"Subcanopy","Subcanopy","Subcanopy_Subcanopy","Subcanopy.large_Subcanopy.small"
"327","Olearia argophylla small","Olearia argophylla small",0.148342099781423,-0.134702488802164,0.43138668836501,0.139397070105386,0.15728712945746,0.144413158005048,"Turtons",0.566089177167174,"small","small","Olearia argophylla","Olearia argophylla","small_small","S_VIC",NA,"Subcanopy","Subcanopy","Subcanopy_Subcanopy","Subcanopy.small_Subcanopy.small"
"328","Acacia melanoxylon large","Acacia melanoxylon large",-0.348150062877363,-1.18470080289438,0.48840067713965,-0.353851547788589,-0.342448577966137,0.426819444956958,"HardyCreek",1.67310148003403,"large","large","Acacia melanoxylon","Acacia melanoxylon","large_large","N_VIC",NA,"Subcanopy","Subcanopy","Subcanopy_Subcanopy","Subcanopy.large_Subcanopy.large"
"329","Acacia melanoxylon small","Acacia melanoxylon large",0.344306517883691,-0.170216454272299,0.85882949003968,0.338718085934159,0.349894949833222,0.262516544290855,"HardyCreek",1.02904594431198,"small","large","Acacia melanoxylon","Acacia melanoxylon","small_large","N_VIC",NA,"Subcanopy","Subcanopy","Subcanopy_Subcanopy","Subcanopy.large_Subcanopy.small"
"330","Eucalyptus regnans large","Acacia melanoxylon large",-0.438748883857373,-1.06539330359096,0.187895535876213,-0.44663474148524,-0.430863026229506,0.319722415654817,"HardyCreek",1.25328883946717,"large","large","Eucalyptus regnans","Acacia melanoxylon","large_large","N_VIC",NA,"Canopy","Subcanopy","Subcanopy_Canopy","Canopy.large_Subcanopy.large"
"331","Eucalyptus regnans small","Acacia melanoxylon large",0.00405509204309655,-0.266421421148793,0.274531605234986,0.000506858959300858,0.00760332512689225,0.138000756812561,"HardyCreek",0.540953026383779,"small","large","Eucalyptus regnans","Acacia melanoxylon","small_large","N_VIC",NA,"Canopy","Subcanopy","Subcanopy_Canopy","Canopy.small_Subcanopy.large"
"332","Acacia melanoxylon small","Acacia melanoxylon small",-0.212785570646019,-0.662679532230828,0.23710839093879,-0.218918171883307,-0.206652969408731,0.229541953389713,"HardyCreek",0.899787923169619,"small","small","Acacia melanoxylon","Acacia melanoxylon","small_small","N_VIC",NA,"Subcanopy","Subcanopy","Subcanopy_Subcanopy","Subcanopy.small_Subcanopy.small"
"333","Eucalyptus regnans large","Acacia melanoxylon small",0.461518416718987,0.0246703808955815,0.898366452542393,0.454857513751189,0.468179319686786,0.222885746508205,"HardyCreek",0.873696071646812,"large","small","Eucalyptus regnans","Acacia melanoxylon","large_small","N_VIC",1,"Canopy","Subcanopy","Subcanopy_Canopy","Canopy.large_Subcanopy.small"
"334","Eucalyptus regnans small","Acacia melanoxylon small",0.0313041605136159,-0.150752206904653,0.213360527931885,0.0276766350984321,0.0349316859287996,0.0928876085756199,"HardyCreek",0.364112734836538,"small","small","Eucalyptus regnans","Acacia melanoxylon","small_small","N_VIC",NA,"Canopy","Subcanopy","Subcanopy_Canopy","Canopy.small_Subcanopy.small"
"335","Eucalyptus regnans large","Eucalyptus regnans large",-0.824230806807354,-1.59177044143312,-0.0566911721815883,-0.840458826728963,-0.808002786885745,0.391609050309098,"HardyCreek",1.53507926925153,"large","large","Eucalyptus regnans","Eucalyptus regnans","large_large","N_VIC",1,"Canopy","Canopy","Canopy_Canopy","Canopy.large_Canopy.large"
"336","Eucalyptus regnans small","Eucalyptus regnans large",-0.039910761573843,-0.291090966227235,0.211269443079549,-0.0446797147599522,-0.0351418083877338,0.128155520527249,"HardyCreek",0.502360409306784,"small","large","Eucalyptus regnans","Eucalyptus regnans","small_large","N_VIC",NA,"Canopy","Canopy","Canopy_Canopy","Canopy.large_Canopy.small"
"337","Eucalyptus regnans small","Eucalyptus regnans small",0.110632096499868,-0.0721096507067663,0.293373843706501,0.104721124365838,0.116543068633897,0.0932372985667479,"HardyCreek",0.365483494413268,"small","small","Eucalyptus regnans","Eucalyptus regnans","small_small","N_VIC",NA,"Canopy","Canopy","Canopy_Canopy","Canopy.small_Canopy.small"
"338","Allocasuarina torulosa large","Allocasuarina torulosa large",0.0933472938481379,-0.101223304899615,0.287917892595891,0.0894233189175998,0.097271268778676,0.0992725378029907,"MinesRd",0.389141197495506,"large","large","Allocasuarina torulosa","Allocasuarina torulosa","large_large","N_NSW",NA,"Subcanopy","Subcanopy","Subcanopy_Subcanopy","Subcanopy.large_Subcanopy.large"
"339","Allocasuarina torulosa small","Allocasuarina torulosa large",-0.0220832269499169,-0.0949238713620226,0.0507574174621887,-0.0237419810025531,-0.0204244728972808,0.0371642769901199,"MinesRd",0.145681288824211,"small","large","Allocasuarina torulosa","Allocasuarina torulosa","small_large","N_NSW",NA,"Subcanopy","Subcanopy","Subcanopy_Subcanopy","Subcanopy.large_Subcanopy.small"
"340","Eucalyptus pilularis large","Allocasuarina torulosa large",0.133176555608008,-0.109424205080196,0.375777316296211,0.129839426222895,0.13651368499312,0.123778172763279,"MinesRd",0.485201521376408,"large","large","Eucalyptus pilularis","Allocasuarina torulosa","large_large","N_NSW",NA,"Canopy","Subcanopy","Subcanopy_Canopy","Canopy.large_Subcanopy.large"
"341","Eucalyptus pilularis small","Allocasuarina torulosa large",0.0532167377825376,-0.0873260579912358,0.193759533556311,0.05021238567935,0.0562210898857252,0.0717068256775926,"MinesRd",0.281085591547547,"small","large","Eucalyptus pilularis","Allocasuarina torulosa","small_large","N_NSW",NA,"Canopy","Subcanopy","Subcanopy_Canopy","Canopy.small_Subcanopy.large"
"342","Misc_small","Allocasuarina torulosa large",0.0530554232918942,-0.0991626966978703,0.205273543281659,0.0506342764024762,0.0554765701813122,0.0776637332065496,"MinesRd",0.304436239979529,"small","large","Misc","Allocasuarina torulosa","small_large","N_NSW",NA,"Misc","Subcanopy","Misc_Subcanopy","Misc.small_Subcanopy.large"
"343","Allocasuarina torulosa small","Allocasuarina torulosa small",0.433579364523516,0.310890160425515,0.556268568621517,0.425624605716129,0.441534123330903,0.0625976829501754,"MinesRd",0.245378408196002,"small","small","Allocasuarina torulosa","Allocasuarina torulosa","small_small","N_NSW",1,"Subcanopy","Subcanopy","Subcanopy_Subcanopy","Subcanopy.small_Subcanopy.small"
"344","Eucalyptus pilularis large","Allocasuarina torulosa small",0.0201379527866586,-0.0709186192858814,0.111194524859199,0.0184237492406082,0.0218521563327089,0.0464582884128395,"MinesRd",0.18211314414508,"large","small","Eucalyptus pilularis","Allocasuarina torulosa","large_small","N_NSW",NA,"Canopy","Subcanopy","Subcanopy_Canopy","Canopy.large_Subcanopy.small"
"345","Eucalyptus pilularis small","Allocasuarina torulosa small",-0.0525652194857954,-0.109213373021737,0.00408293405014578,-0.0547425986228135,-0.0503878403487772,0.0289026502439711,"MinesRd",0.113296307071882,"small","small","Eucalyptus pilularis","Allocasuarina torulosa","small_small","N_NSW",NA,"Canopy","Subcanopy","Subcanopy_Canopy","Canopy.small_Subcanopy.small"
"346","Misc_small","Allocasuarina torulosa small",0.018556379931657,-0.0474774100169577,0.0845901698802718,0.0164718741909052,0.0206408856724089,0.0336913282435192,"MinesRd",0.13206757989723,"small","small","Misc","Allocasuarina torulosa","small_small","N_NSW",NA,"Misc","Subcanopy","Misc_Subcanopy","Misc.small_Subcanopy.small"
"347","Eucalyptus pilularis large","Eucalyptus pilularis large",-0.347273688206803,-0.838504692973828,0.143957316560222,-0.355313827840981,-0.339233548572625,0.250632669090755,"MinesRd",0.982462009534049,"large","large","Eucalyptus pilularis","Eucalyptus pilularis","large_large","N_NSW",NA,"Canopy","Canopy","Canopy_Canopy","Canopy.large_Canopy.large"
"348","Eucalyptus pilularis small","Eucalyptus pilularis large",-0.109804273428787,-0.399848067869881,0.180239521012308,-0.114136671112264,-0.105471875745309,0.147984247021335,"MinesRd",0.580087588882189,"small","large","Eucalyptus pilularis","Eucalyptus pilularis","small_large","N_NSW",NA,"Canopy","Canopy","Canopy_Canopy","Canopy.large_Canopy.small"
"349","Misc_small","Eucalyptus pilularis large",-0.443723254244058,-0.804378337524152,-0.0830681709639635,-0.448881229570386,-0.43856527891773,0.184011076797786,"MinesRd",0.721310166560188,"small","large","Misc","Eucalyptus pilularis","small_large","N_NSW",1,"Misc","Canopy","Misc_Canopy","Misc.small_Canopy.large"
"350","Eucalyptus pilularis small","Eucalyptus pilularis small",0.188886969584911,-0.0699714694315509,0.447745408601373,0.183233044219252,0.19454089495057,0.132073059024709,"MinesRd",0.517716878032924,"small","small","Eucalyptus pilularis","Eucalyptus pilularis","small_small","N_NSW",NA,"Canopy","Canopy","Canopy_Canopy","Canopy.small_Canopy.small"
"351","Misc_small","Eucalyptus pilularis small",0.0284641591910294,-0.149718384169352,0.20664670255141,0.0251064227695546,0.0318218956125043,0.0909111314115271,"MinesRd",0.356365086720762,"small","small","Misc","Eucalyptus pilularis","small_small","N_NSW",NA,"Misc","Canopy","Misc_Canopy","Misc.small_Canopy.small"
"352","Misc_small","Misc_small",0.232570609145507,-0.0181305724351928,0.483271790726207,0.226113319175074,0.23902789911594,0.127911116509384,"MinesRd",0.501402363161399,"small","small","Misc","Misc","small_small","N_NSW",NA,"Misc","Misc","Misc_Misc","Misc.small_Misc.small"
"353","Allocasuarina torulosa small","Allocasuarina torulosa small",0.259455119033898,0.0568564100223948,0.462053828045401,0.254268040745576,0.26464219732222,0.103368587693231,"Tinebank",0.405197418023006,"small","small","Allocasuarina torulosa","Allocasuarina torulosa","small_small","N_NSW",1,"Subcanopy","Subcanopy","Subcanopy_Subcanopy","Subcanopy.small_Subcanopy.small"
"354","Cryptocarya rigida large","Allocasuarina torulosa small",-0.174778310019378,-0.616772570962133,0.267215950923377,-0.180617210458507,-0.168939409580249,0.225511419816461,"Tinebank",0.88398852188551,"large","small","Cryptocarya rigida","Allocasuarina torulosa","large_small","N_NSW",NA,"Subcanopy","Subcanopy","Subcanopy_Subcanopy","Subcanopy.large_Subcanopy.small"
"355","Cryptocarya rigida small","Allocasuarina torulosa small",0.106106030187685,-0.0193464272620697,0.23155848763744,0.102874371860103,0.109337688515267,0.0640075319951324,"Tinebank",0.250904914899509,"small","small","Cryptocarya rigida","Allocasuarina torulosa","small_small","N_NSW",NA,"Subcanopy","Subcanopy","Subcanopy_Subcanopy","Subcanopy.small_Subcanopy.small"
"356","Misc_large","Allocasuarina torulosa small",0.134838513819966,-0.206875813258472,0.476552840898404,0.130038676963447,0.139638350676485,0.174347248099372,"Tinebank",0.683428654156876,"large","small","Misc","Allocasuarina torulosa","large_small","N_NSW",NA,"Misc","Subcanopy","Misc_Subcanopy","Misc.large_Subcanopy.small"
"357","Misc_small","Allocasuarina torulosa small",0.0598757052187748,-0.166368333101958,0.286119743539508,0.0566786205507668,0.0630727898867827,0.115432752900215,"Tinebank",0.452488076641466,"small","small","Misc","Allocasuarina torulosa","small_small","N_NSW",NA,"Misc","Subcanopy","Misc_Subcanopy","Misc.small_Subcanopy.small"
"358","Syncarpia glomulifera subsp glabra large","Allocasuarina torulosa small",-0.214581280793704,-0.698351949000395,0.269189387412987,-0.220390308046504,-0.208772253540904,0.246826304984486,"Tinebank",0.967541336413382,"large","small","Syncarpia glomulifera","Allocasuarina torulosa","large_small","N_NSW",NA,"Canopy","Subcanopy","Subcanopy_Canopy","Canopy.large_Subcanopy.small"
"359","Syncarpia glomulifera subsp glabra small","Allocasuarina torulosa small",0.0854640841897835,-0.11776351843208,0.288691686811646,0.0823637580045002,0.0885644103750667,0.103689457676211,"Tinebank",0.406455205243726,"small","small","Syncarpia glomulifera","Allocasuarina torulosa","small_small","N_NSW",NA,"Canopy","Subcanopy","Subcanopy_Canopy","Canopy.small_Subcanopy.small"
"360","Synoum glandulosum subsp glandulsoum small","Allocasuarina torulosa small",0.116126460186503,-0.306611795503461,0.538864715876467,0.110617908138951,0.121635012234056,0.215686746809875,"Tinebank",0.845476511379929,"small","small","Synoum glandulosum","Allocasuarina torulosa","small_small","N_NSW",NA,"Subcanopy","Subcanopy","Subcanopy_Subcanopy","Subcanopy.small_Subcanopy.small"
"361","Cryptocarya rigida large","Cryptocarya rigida large",-0.775334557637922,-1.89806023241242,0.347391117136572,-0.796689538574721,-0.753979576701124,0.57282974770476,"Tinebank",2.24545134954899,"large","large","Cryptocarya rigida","Cryptocarya rigida","large_large","N_NSW",NA,"Subcanopy","Subcanopy","Subcanopy_Subcanopy","Subcanopy.large_Subcanopy.large"
"362","Cryptocarya rigida small","Cryptocarya rigida large",0.095154711528639,-0.14803299609159,0.338342419148868,0.0912722625995005,0.0990371604577774,0.124077640986499,"Tinebank",0.486375415240459,"small","large","Cryptocarya rigida","Cryptocarya rigida","small_large","N_NSW",NA,"Subcanopy","Subcanopy","Subcanopy_Subcanopy","Subcanopy.large_Subcanopy.small"
"363","Misc_large","Cryptocarya rigida large",0.519522873313512,-0.172035496155842,1.21108124278287,0.507620077896795,0.53142566873023,0.352842386352136,"Tinebank",1.38311673893871,"large","large","Misc","Cryptocarya rigida","large_large","N_NSW",NA,"Misc","Subcanopy","Misc_Subcanopy","Misc.large_Subcanopy.large"
"364","Misc_small","Cryptocarya rigida large",0.00398433665670071,-0.622684987080942,0.630653660394344,-0.00368133888848405,0.0116500122018855,0.319735122012818,"Tinebank",1.25333864747529,"small","large","Misc","Cryptocarya rigida","small_large","N_NSW",NA,"Misc","Subcanopy","Misc_Subcanopy","Misc.small_Subcanopy.large"
"365","Syncarpia glomulifera subsp glabra large","Cryptocarya rigida large",0.384161418798546,-0.588528699437754,1.35685153703484,0.372013578455868,0.396309259141224,0.496279587741793,"Tinebank",1.9453802364726,"large","large","Syncarpia glomulifera","Cryptocarya rigida","large_large","N_NSW",NA,"Canopy","Subcanopy","Subcanopy_Canopy","Canopy.large_Subcanopy.large"
"366","Syncarpia glomulifera subsp glabra small","Cryptocarya rigida large",-0.220617690232231,-0.847136146358823,0.405900765894361,-0.226874580055082,-0.21436080040938,0.319658147327446,"Tinebank",1.25303691225318,"small","large","Syncarpia glomulifera","Cryptocarya rigida","small_large","N_NSW",NA,"Canopy","Subcanopy","Subcanopy_Canopy","Canopy.small_Subcanopy.large"
"367","Synoum glandulosum subsp glandulsoum small","Cryptocarya rigida large",0.734547588887215,-0.202196595749775,1.6712917735242,0.715079603552117,0.754015574222313,0.477939488697705,"Tinebank",1.87348836927398,"small","large","Synoum glandulosum","Cryptocarya rigida","small_large","N_NSW",NA,"Subcanopy","Subcanopy","Subcanopy_Subcanopy","Subcanopy.large_Subcanopy.small"
"368","Cryptocarya rigida small","Cryptocarya rigida small",0.113948751248105,-0.068074890455023,0.295972392951233,0.104457865416511,0.123439637079699,0.0928709114753675,"Tinebank",0.364047283406256,"small","small","Cryptocarya rigida","Cryptocarya rigida","small_small","N_NSW",NA,"Subcanopy","Subcanopy","Subcanopy_Subcanopy","Subcanopy.small_Subcanopy.small"
"369","Misc_large","Cryptocarya rigida small",-0.0183663478292369,-0.213189765555459,0.176457069896986,-0.0218865426729183,-0.0148461529855555,0.0994015294479719,"Tinebank",0.389646835452445,"large","small","Misc","Cryptocarya rigida","large_small","N_NSW",NA,"Misc","Subcanopy","Misc_Subcanopy","Misc.large_Subcanopy.small"
"370","Misc_small","Cryptocarya rigida small",0.014202276947357,-0.115578541735528,0.143983095630242,0.0117504818900776,0.0166540720046364,0.0662159201427064,"Tinebank",0.25956163736577,"small","small","Misc","Cryptocarya rigida","small_small","N_NSW",NA,"Misc","Subcanopy","Misc_Subcanopy","Misc.small_Subcanopy.small"
"371","Syncarpia glomulifera subsp glabra large","Cryptocarya rigida small",0.165304008466679,-0.195111804366025,0.525719821299383,0.160772551373768,0.169835465559589,0.183888997795683,"Tinebank",0.720831625665408,"large","small","Syncarpia glomulifera","Cryptocarya rigida","large_small","N_NSW",NA,"Canopy","Subcanopy","Subcanopy_Canopy","Canopy.large_Subcanopy.small"
"372","Syncarpia glomulifera subsp glabra small","Cryptocarya rigida small",-0.129249547421087,-0.245803880920234,-0.0126952139219398,-0.131528914711924,-0.12697018013025,0.059467589414149,"Tinebank",0.233108666998295,"small","small","Syncarpia glomulifera","Cryptocarya rigida","small_small","N_NSW",1,"Canopy","Subcanopy","Subcanopy_Canopy","Canopy.small_Subcanopy.small"
"373","Synoum glandulosum subsp glandulsoum small","Cryptocarya rigida small",-0.222194087167573,-0.435565508976633,-0.00882266535851262,-0.225983842670389,-0.218404331664757,0.108864970730129,"Tinebank",0.42674284361812,"small","small","Synoum glandulosum","Cryptocarya rigida","small_small","N_NSW",1,"Subcanopy","Subcanopy","Subcanopy_Subcanopy","Subcanopy.small_Subcanopy.small"
"374","Misc_large","Misc_large",-0.610199367331677,-1.36948728647139,0.149088551808038,-0.623303936592403,-0.597094798070951,0.387398914025401,"Tinebank",1.51857583827943,"large","large","Misc","Misc","large_large","N_NSW",NA,"Misc","Misc","Misc_Misc","Misc.large_Misc.large"
"375","Misc_small","Misc_large",-0.385571394957042,-0.802179508374437,0.0310367184603523,-0.392136849170939,-0.379005940743146,0.212559065729547,"Tinebank",0.83321622683479,"small","large","Misc","Misc","small_large","N_NSW",NA,"Misc","Misc","Misc_Misc","Misc.small_Misc.large"
"376","Syncarpia glomulifera subsp glabra large","Misc_large",-0.708958242466711,-1.53422191306693,0.116305428133511,-0.719842580130882,-0.69807390480254,0.421060630251268,"Tinebank",1.65052734120044,"large","large","Syncarpia glomulifera","Misc","large_large","N_NSW",NA,"Canopy","Misc","Misc_Canopy","Misc.large_Canopy.large"
"377","Syncarpia glomulifera subsp glabra small","Misc_large",0.0509518035990447,-0.3505698692479,0.45247347644599,0.0456663371330938,0.0562372700649956,0.20486176073341,"Tinebank",0.80304334569389,"small","large","Syncarpia glomulifera","Misc","small_large","N_NSW",NA,"Canopy","Misc","Misc_Canopy","Misc.large_Canopy.small"
"378","Synoum glandulosum subsp glandulsoum small","Misc_large",0.124191178342832,-0.454453023289252,0.702835379974915,0.114441733115365,0.133940623570299,0.295232058444112,"Tinebank",1.15728840326417,"small","large","Synoum glandulosum","Misc","small_large","N_NSW",NA,"Subcanopy","Misc","Misc_Subcanopy","Misc.large_Subcanopy.small"
"379","Misc_small","Misc_small",-0.0352746492241577,-0.374405039479831,0.303855741031515,-0.0422536710829678,-0.0282956273653476,0.173028888760554,"Tinebank",0.678260780511346,"small","small","Misc","Misc","small_small","N_NSW",NA,"Misc","Misc","Misc_Misc","Misc.small_Misc.small"
"380","Syncarpia glomulifera subsp glabra large","Misc_small",-0.239201424483498,-0.765355233810492,0.286952384843495,-0.246105175124743,-0.232297673842254,0.268450753930801,"Tinebank",1.05230761865399,"large","small","Syncarpia glomulifera","Misc","large_small","N_NSW",NA,"Canopy","Misc","Misc_Canopy","Canopy.large_Misc.small"
"381","Syncarpia glomulifera subsp glabra small","Misc_small",-0.032659839469757,-0.277678074210734,0.21235839527122,-0.0365553537183613,-0.0287643252211527,0.12501160055677,"Tinebank",0.490036469481954,"small","small","Syncarpia glomulifera","Misc","small_small","N_NSW",NA,"Canopy","Misc","Misc_Canopy","Misc.small_Canopy.small"
"382","Synoum glandulosum subsp glandulsoum small","Misc_small",0.141818445857719,-0.282285925657533,0.56592281737297,0.135807521998102,0.147829369717335,0.216383757487654,"Tinebank",0.848208743030504,"small","small","Synoum glandulosum","Misc","small_small","N_NSW",NA,"Subcanopy","Misc","Misc_Subcanopy","Misc.small_Subcanopy.small"
"383","Syncarpia glomulifera subsp glabra large","Syncarpia glomulifera subsp glabra large",-1.32851519541016,-2.78848258494871,0.131452194128397,-1.34629907219169,-1.31073131862862,0.744895008813729,"Tinebank",2.91993477907711,"large","large","Syncarpia glomulifera","Syncarpia glomulifera","large_large","N_NSW",NA,"Canopy","Canopy","Canopy_Canopy","Canopy.large_Canopy.large"
"384","Syncarpia glomulifera subsp glabra small","Syncarpia glomulifera subsp glabra large",0.104851421262018,-0.370572825871057,0.580275668395094,0.0984331316297948,0.111269710894242,0.242567848635568,"Tinebank",0.950848494266151,"small","large","Syncarpia glomulifera","Syncarpia glomulifera","small_large","N_NSW",NA,"Canopy","Canopy","Canopy_Canopy","Canopy.large_Canopy.small"
"385","Synoum glandulosum subsp glandulsoum small","Syncarpia glomulifera subsp glabra large",0.558727552980335,-0.329168174245238,1.44662328020591,0.545909420746751,0.571545685213918,0.453016348376389,"Tinebank",1.77579145445115,"small","large","Synoum glandulosum","Syncarpia glomulifera","small_large","N_NSW",NA,"Subcanopy","Canopy","Subcanopy_Canopy","Canopy.large_Subcanopy.small"
"386","Syncarpia glomulifera subsp glabra small","Syncarpia glomulifera subsp glabra small",-0.0291026550512431,-0.370295742662916,0.31209043256043,-0.0357066981835798,-0.0224986119189064,0.174081304709148,"Tinebank",0.682386175223346,"small","small","Syncarpia glomulifera","Syncarpia glomulifera","small_small","N_NSW",NA,"Canopy","Canopy","Canopy_Canopy","Canopy.small_Canopy.small"
"387","Synoum glandulosum subsp glandulsoum small","Syncarpia glomulifera subsp glabra small",0.0165708583603229,-0.403139902749065,0.43628161946971,0.0110842254066115,0.0220574913140344,0.214142078334098,"Tinebank",0.839421522218775,"small","small","Synoum glandulosum","Syncarpia glomulifera","small_small","N_NSW",NA,"Subcanopy","Canopy","Subcanopy_Canopy","Canopy.small_Subcanopy.small"
"388","Synoum glandulosum subsp glandulsoum small","Synoum glandulosum subsp glandulsoum small",-0.518549252343927,-1.37431799288005,0.337219488192195,-0.535108497487901,-0.501990007199953,0.436624727436992,"Tinebank",1.71153748107224,"small","small","Synoum glandulosum","Synoum glandulosum","small_small","N_NSW",NA,"Subcanopy","Subcanopy","Subcanopy_Subcanopy","Subcanopy.small_Subcanopy.small"
"389","Allocasuarina torulosa large","Allocasuarina torulosa large",0.125785073229284,-0.137550229250876,0.389120375709443,0.119230652617378,0.132339493841189,0.134357215008702,"Lorne",0.526670604960319,"large","large","Allocasuarina torulosa","Allocasuarina torulosa","large_large","N_NSW",NA,"Subcanopy","Subcanopy","Subcanopy_Subcanopy","Subcanopy.large_Subcanopy.large"
"390","Allocasuarina torulosa small","Allocasuarina torulosa large",-0.0486213510147376,-0.23401898234754,0.136776280318065,-0.0517343990719312,-0.045508302957544,0.0945923663879517,"Lorne",0.370795262665605,"small","large","Allocasuarina torulosa","Allocasuarina torulosa","small_large","N_NSW",NA,"Subcanopy","Subcanopy","Subcanopy_Subcanopy","Subcanopy.large_Subcanopy.small"
"391","Cryptocarya glaucescens small","Allocasuarina torulosa large",0.125052963139904,-0.192669157654756,0.442775083934563,0.120867514844441,0.129238411435366,0.162106101592076,"Lorne",0.635444241589319,"small","large","Cryptocarya glaucescens","Allocasuarina torulosa","small_large","N_NSW",NA,"Subcanopy","Subcanopy","Subcanopy_Subcanopy","Subcanopy.large_Subcanopy.small"
"392","Cryptocarya rigida small","Allocasuarina torulosa large",0.190282293431322,-0.136957121049953,0.517521707912598,0.184912273067198,0.195652313795446,0.166961952904491,"Lorne",0.654478828962551,"small","large","Cryptocarya rigida","Allocasuarina torulosa","small_large","N_NSW",NA,"Subcanopy","Subcanopy","Subcanopy_Subcanopy","Subcanopy.large_Subcanopy.small"
"393","Eucalyptus microcorys large","Allocasuarina torulosa large",-0.155702900731095,-0.376143155628827,0.0647373541666362,-0.159575809798465,-0.151829991663725,0.112471584496723,"Lorne",0.440880509795463,"large","large","Eucalyptus microcorys","Allocasuarina torulosa","large_large","N_NSW",NA,"Canopy","Subcanopy","Subcanopy_Canopy","Canopy.large_Subcanopy.large"
"394","Eucalyptus microcorys small","Allocasuarina torulosa large",0.0361253677581648,-0.112352812643455,0.184603548159785,0.032969723707528,0.0392810118088016,0.0757555657005928,"Lorne",0.29695636080324,"small","large","Eucalyptus microcorys","Allocasuarina torulosa","small_large","N_NSW",NA,"Canopy","Subcanopy","Subcanopy_Canopy","Canopy.small_Subcanopy.large"
"395","Eucalyptus pilularis large","Allocasuarina torulosa large",0.161701768545282,-0.274668075597512,0.598071612688077,0.155673962390611,0.167729574699953,0.222641766677768,"Lorne",0.872739688285589,"large","large","Eucalyptus pilularis","Allocasuarina torulosa","large_large","N_NSW",NA,"Canopy","Subcanopy","Subcanopy_Canopy","Canopy.large_Subcanopy.large"
"396","Eucalyptus pilularis small","Allocasuarina torulosa large",-0.349408540043624,-0.698509131598116,-0.000307948489132737,-0.354116135381355,-0.344700944705894,0.178115819631459,"Lorne",0.698201183108983,"small","large","Eucalyptus pilularis","Allocasuarina torulosa","small_large","N_NSW",1,"Canopy","Subcanopy","Subcanopy_Canopy","Canopy.small_Subcanopy.large"
"397","Misc_small","Allocasuarina torulosa large",-0.0698982328853308,-0.309413414036852,0.169616948266191,-0.0737302294554302,-0.0660662363152314,0.122203868561252,"Lorne",0.479030362303043,"small","large","Misc","Allocasuarina torulosa","small_large","N_NSW",NA,"Misc","Subcanopy","Misc_Subcanopy","Misc.small_Subcanopy.large"
"398","Allocasuarina torulosa small","Allocasuarina torulosa small",0.0909517696701294,-0.166200270717255,0.348103810057514,0.0853087758859632,0.0965947634542955,0.131202431481276,"Lorne",0.514304080774769,"small","small","Allocasuarina torulosa","Allocasuarina torulosa","small_small","N_NSW",NA,"Subcanopy","Subcanopy","Subcanopy_Subcanopy","Subcanopy.small_Subcanopy.small"
"399","Cryptocarya glaucescens small","Allocasuarina torulosa small",-0.0772194365291812,-0.31124305753,0.156804184471638,-0.0803914465634136,-0.0740474264949488,0.119402000672853,"Lorne",0.468047242001638,"small","small","Cryptocarya glaucescens","Allocasuarina torulosa","small_small","N_NSW",NA,"Subcanopy","Subcanopy","Subcanopy_Subcanopy","Subcanopy.small_Subcanopy.small"
"400","Cryptocarya rigida small","Allocasuarina torulosa small",0.0185034171969929,-0.218586523276748,0.255593357670733,0.0148969940036339,0.0221098403903519,0.120966478131168,"Lorne",0.474179880947481,"small","small","Cryptocarya rigida","Allocasuarina torulosa","small_small","N_NSW",NA,"Subcanopy","Subcanopy","Subcanopy_Subcanopy","Subcanopy.small_Subcanopy.small"
"401","Eucalyptus microcorys large","Allocasuarina torulosa small",-0.139060495798477,-0.378841328384723,0.100720336787768,-0.143290672092445,-0.13483031950451,0.1223394074981,"Lorne",0.479561665172491,"large","small","Eucalyptus microcorys","Allocasuarina torulosa","large_small","N_NSW",NA,"Canopy","Subcanopy","Subcanopy_Canopy","Canopy.large_Subcanopy.small"
"402","Eucalyptus microcorys small","Allocasuarina torulosa small",0.0771456311889699,-0.0633622948907001,0.21765355726864,0.074239218321612,0.0800520440563279,0.0716890346904222,"Lorne",0.28101585215934,"small","small","Eucalyptus microcorys","Allocasuarina torulosa","small_small","N_NSW",NA,"Canopy","Subcanopy","Subcanopy_Canopy","Canopy.small_Subcanopy.small"
"403","Eucalyptus pilularis large","Allocasuarina torulosa small",0.161500025501755,-0.212734089395926,0.535734140399436,0.156663326394447,0.166336724609062,0.190939281461084,"Lorne",0.748468229795362,"large","small","Eucalyptus pilularis","Allocasuarina torulosa","large_small","N_NSW",NA,"Canopy","Subcanopy","Subcanopy_Canopy","Canopy.large_Subcanopy.small"
"404","Eucalyptus pilularis small","Allocasuarina torulosa small",-0.10274898604497,-0.353118004353566,0.147620032263626,-0.106485969639015,-0.0990120024509255,0.127741642338061,"Lorne",0.500738036617192,"small","small","Eucalyptus pilularis","Allocasuarina torulosa","small_small","N_NSW",NA,"Canopy","Subcanopy","Subcanopy_Canopy","Canopy.small_Subcanopy.small"
"405","Misc_small","Allocasuarina torulosa small",0.0525989544846132,-0.125308939866152,0.230506848835378,0.0491433329623001,0.0560545760069264,0.0907710017908901,"Lorne",0.35581578870153,"small","small","Misc","Allocasuarina torulosa","small_small","N_NSW",NA,"Misc","Subcanopy","Misc_Subcanopy","Misc.small_Subcanopy.small"
"406","Cryptocarya glaucescens small","Cryptocarya glaucescens small",-0.462972466814484,-1.27397863792595,0.348033704296979,-0.471798370101576,-0.454146563527392,0.413786262150007,"Lorne",1.62201234222293,"small","small","Cryptocarya glaucescens","Cryptocarya glaucescens","small_small","N_NSW",NA,"Subcanopy","Subcanopy","Subcanopy_Subcanopy","Subcanopy.small_Subcanopy.small"
"407","Cryptocarya rigida small","Cryptocarya glaucescens small",-0.114049383648458,-0.518707843797852,0.290609076500937,-0.11924789802913,-0.108850869267785,0.20646219182663,"Lorne",0.809316920298788,"small","small","Cryptocarya rigida","Cryptocarya glaucescens","small_small","N_NSW",NA,"Subcanopy","Subcanopy","Subcanopy_Subcanopy","Subcanopy.small_Subcanopy.small"
"408","Eucalyptus microcorys large","Cryptocarya glaucescens small",-0.165760714455198,-0.663137752968321,0.331616324057926,-0.172110711828487,-0.159410717081908,0.253768458214728,"Lorne",0.994754077026248,"large","small","Eucalyptus microcorys","Cryptocarya glaucescens","large_small","N_NSW",NA,"Canopy","Subcanopy","Subcanopy_Canopy","Canopy.large_Subcanopy.small"
"409","Eucalyptus microcorys small","Cryptocarya glaucescens small",0.134656979383533,-0.137745161018235,0.407059119785302,0.130102754851039,0.139211203916028,0.138983237728061,"Lorne",0.544804280803537,"small","small","Eucalyptus microcorys","Cryptocarya glaucescens","small_small","N_NSW",NA,"Canopy","Subcanopy","Subcanopy_Canopy","Canopy.small_Subcanopy.small"
"410","Eucalyptus pilularis large","Cryptocarya glaucescens small",0.168145649345609,-0.306076140562347,0.642367439253564,0.162110765290509,0.174180533400708,0.241954338777935,"Lorne",0.94844357981591,"large","small","Eucalyptus pilularis","Cryptocarya glaucescens","large_small","N_NSW",NA,"Canopy","Subcanopy","Subcanopy_Canopy","Canopy.large_Subcanopy.small"
"411","Eucalyptus pilularis small","Cryptocarya glaucescens small",0.101392086521474,-0.337223197447717,0.540007370490664,0.0954397153984275,0.10734445764452,0.223787420293909,"Lorne",0.877230567938381,"small","small","Eucalyptus pilularis","Cryptocarya glaucescens","small_small","N_NSW",NA,"Canopy","Subcanopy","Subcanopy_Canopy","Canopy.small_Subcanopy.small"
"412","Misc_small","Cryptocarya glaucescens small",0.0611365967904428,-0.271246483499107,0.393519677079992,0.0568855127491173,0.0653876808317683,0.169586320417796,"Lorne",0.664766160579099,"small","small","Misc","Cryptocarya glaucescens","small_small","N_NSW",NA,"Misc","Subcanopy","Misc_Subcanopy","Misc.small_Subcanopy.small"
"413","Cryptocarya rigida small","Cryptocarya rigida small",-0.234483410450837,-0.747838644339444,0.27887182343777,-0.24337019208019,-0.225596628821484,0.261920748512671,"Lorne",1.02671046777721,"small","small","Cryptocarya rigida","Cryptocarya rigida","small_small","N_NSW",NA,"Subcanopy","Subcanopy","Subcanopy_Subcanopy","Subcanopy.small_Subcanopy.small"
"414","Eucalyptus microcorys large","Cryptocarya rigida small",0.355123484480484,-0.0398619793540061,0.750108948314975,0.348510169001097,0.361736799959871,0.201526898937983,"Lorne",0.789970927668981,"large","small","Eucalyptus microcorys","Cryptocarya rigida","large_small","N_NSW",NA,"Canopy","Subcanopy","Subcanopy_Canopy","Canopy.large_Subcanopy.small"
"415","Eucalyptus microcorys small","Cryptocarya rigida small",-0.185848558508006,-0.433495435555986,0.0617983185399736,-0.189823135178821,-0.181873981837191,0.126352769235245,"Lorne",0.49529375409596,"small","small","Eucalyptus microcorys","Cryptocarya rigida","small_small","N_NSW",NA,"Canopy","Subcanopy","Subcanopy_Canopy","Canopy.small_Subcanopy.small"
"416","Eucalyptus pilularis large","Cryptocarya rigida small",0.114282655015569,-0.446641052083487,0.675206362114624,0.107112172150768,0.121453137880369,0.286190823670001,"Lorne",1.12184741419811,"large","small","Eucalyptus pilularis","Cryptocarya rigida","large_small","N_NSW",NA,"Canopy","Subcanopy","Subcanopy_Canopy","Canopy.large_Subcanopy.small"
"417","Eucalyptus pilularis small","Cryptocarya rigida small",0.174836515960518,-0.273060451141723,0.622733483062759,0.168948947277304,0.180724084643732,0.228523059931302,"Lorne",0.895793934204481,"small","small","Eucalyptus pilularis","Cryptocarya rigida","small_small","N_NSW",NA,"Canopy","Subcanopy","Subcanopy_Canopy","Canopy.small_Subcanopy.small"
"418","Misc_small","Cryptocarya rigida small",0.279146550764376,-0.0558867371928532,0.614179838721604,0.272273438397994,0.286019663130757,0.170938492033491,"Lorne",0.670066575914458,"small","small","Misc","Cryptocarya rigida","small_small","N_NSW",NA,"Misc","Subcanopy","Misc_Subcanopy","Misc.small_Subcanopy.small"
"419","Eucalyptus microcorys large","Eucalyptus microcorys large",-0.457237459560686,-0.970040344462348,0.055565425340976,-0.466737723682445,-0.447737195438928,0.261638932626613,"Lorne",1.02560576980332,"large","large","Eucalyptus microcorys","Eucalyptus microcorys","large_large","N_NSW",NA,"Canopy","Canopy","Canopy_Canopy","Canopy.large_Canopy.large"
"420","Eucalyptus microcorys small","Eucalyptus microcorys large",0.257885993000654,0.0186194344926248,0.497152551508683,0.252830007584163,0.262941978417145,0.122077017942847,"Lorne",0.478533117016058,"small","large","Eucalyptus microcorys","Eucalyptus microcorys","small_large","N_NSW",1,"Canopy","Canopy","Canopy_Canopy","Canopy.large_Canopy.small"
"421","Eucalyptus pilularis large","Eucalyptus microcorys large",0.282076554621112,-0.155444951624328,0.719598060866552,0.275619001904132,0.288534107338092,0.223229360180368,"Lorne",0.87504301249088,"large","large","Eucalyptus pilularis","Eucalyptus microcorys","large_large","N_NSW",NA,"Canopy","Canopy","Canopy_Canopy","Canopy.large_Canopy.large"
"422","Eucalyptus pilularis small","Eucalyptus microcorys large",-0.243310699366954,-0.622035217854769,0.135413819120861,-0.248987436540933,-0.237633962192976,0.193230345799793,"Lorne",0.75744903697563,"small","large","Eucalyptus pilularis","Eucalyptus microcorys","small_large","N_NSW",NA,"Canopy","Canopy","Canopy_Canopy","Canopy.large_Canopy.small"
"423","Misc_small","Eucalyptus microcorys large",-0.226171640507514,-0.496417497491686,0.0440742164766579,-0.230212787097651,-0.222130493917377,0.13788307291146,"Lorne",0.540491713968344,"small","large","Misc","Eucalyptus microcorys","small_large","N_NSW",NA,"Misc","Canopy","Misc_Canopy","Misc.small_Canopy.large"
"424","Eucalyptus microcorys small","Eucalyptus microcorys small",0.176234089564675,-0.0477921499083772,0.400260329037727,0.169086440570993,0.183381738558357,0.114301202083376,"Lorne",0.448052478946104,"small","small","Eucalyptus microcorys","Eucalyptus microcorys","small_small","N_NSW",NA,"Canopy","Canopy","Canopy_Canopy","Canopy.small_Canopy.small"
"425","Eucalyptus pilularis large","Eucalyptus microcorys small",-0.165133617742701,-0.520097119723159,0.189829884237758,-0.169061299759044,-0.161205935726357,0.181107155427531,"Lorne",0.709927003960917,"large","small","Eucalyptus pilularis","Eucalyptus microcorys","large_small","N_NSW",NA,"Canopy","Canopy","Canopy_Canopy","Canopy.large_Canopy.small"
"426","Eucalyptus pilularis small","Eucalyptus microcorys small",0.0366284421854017,-0.224520423939226,0.29777730831003,0.0324606545365016,0.0407962298343018,0.1332416657574,"Lorne",0.522297732249256,"small","small","Eucalyptus pilularis","Eucalyptus microcorys","small_small","N_NSW",NA,"Canopy","Canopy","Canopy_Canopy","Canopy.small_Canopy.small"
"427","Misc_small","Eucalyptus microcorys small",-0.0325689262996439,-0.203449937639906,0.138312085040619,-0.0354067385342167,-0.029731114065071,0.0871857915186964,"Lorne",0.341762022680525,"small","small","Misc","Eucalyptus microcorys","small_small","N_NSW",NA,"Misc","Canopy","Misc_Canopy","Misc.small_Canopy.small"
"428","Eucalyptus pilularis large","Eucalyptus pilularis large",-0.550784007145156,-1.62384224582308,0.522274231532768,-0.561460512834861,-0.540107501455451,0.547488753437344,"Lorne",2.14611647735585,"large","large","Eucalyptus pilularis","Eucalyptus pilularis","large_large","N_NSW",NA,"Canopy","Canopy","Canopy_Canopy","Canopy.large_Canopy.large"
"429","Eucalyptus pilularis small","Eucalyptus pilularis large",0.396520858282309,-0.273368556656204,1.06641027322082,0.388393953706447,0.404647762858171,0.341786594153013,"Lorne",1.33977882987703,"small","large","Eucalyptus pilularis","Eucalyptus pilularis","small_large","N_NSW",NA,"Canopy","Canopy","Canopy_Canopy","Canopy.large_Canopy.small"
"430","Misc_small","Eucalyptus pilularis large",-0.256605272244974,-0.681729627345716,0.168519082855767,-0.262339583396667,-0.250870961093281,0.216904166838813,"Lorne",0.850248710201483,"small","large","Misc","Eucalyptus pilularis","small_large","N_NSW",NA,"Misc","Canopy","Misc_Canopy","Misc.small_Canopy.large"
"431","Eucalyptus pilularis small","Eucalyptus pilularis small",-0.141951687551039,-0.839946311053809,0.556042935951731,-0.149693589479557,-0.134209785622521,0.356126249772171,"Lorne",1.39598924700554,"small","small","Eucalyptus pilularis","Eucalyptus pilularis","small_small","N_NSW",NA,"Canopy","Canopy","Canopy_Canopy","Canopy.small_Canopy.small"
"432","Misc_small","Eucalyptus pilularis small",0.0123298008811667,-0.32099583977076,0.345655441533093,0.00786567764834632,0.016793924113987,0.170067227398645,"Lorne",0.666651281303853,"small","small","Misc","Eucalyptus pilularis","small_small","N_NSW",NA,"Misc","Canopy","Misc_Canopy","Misc.small_Canopy.small"
"433","Misc_small","Misc_small",0.0911811105331708,-0.248348910374334,0.430711131440676,0.0855192301206999,0.0968429909456417,0.173232785696918,"Lorne",0.67906004181501,"small","small","Misc","Misc","small_small","N_NSW",NA,"Misc","Misc","Misc_Misc","Misc.small_Misc.small"
"434","Allocasuarina torulosa small","Allocasuarina torulosa small",0.132780351833217,-0.248035859655302,0.513596563321737,0.124066480851796,0.141494222814638,0.194297555716508,"BirdTree",0.761632422977039,"small","small","Allocasuarina torulosa","Allocasuarina torulosa","small_small","N_NSW",NA,"Subcanopy","Subcanopy","Subcanopy_Subcanopy","Subcanopy.small_Subcanopy.small"
"435","Archontophoenix cunninghamiana small","Allocasuarina torulosa small",-0.140060455804184,-0.282959098948371,0.0028381873400018,-0.143431998970286,-0.136688912638083,0.0729088107084378,"BirdTree",0.285797286288372,"small","small","Archontophoenix cunninghamiana","Allocasuarina torulosa","small_small","N_NSW",NA,"Subcanopy","Subcanopy","Subcanopy_Subcanopy","Subcanopy.small_Subcanopy.small"
"436","Cryptocarya rigida small","Allocasuarina torulosa small",-0.00387082011693425,-0.194741701587809,0.187000061353941,-0.00848974663090289,0.000748106397034395,0.0973848922615111,"BirdTree",0.38174176294175,"small","small","Cryptocarya rigida","Allocasuarina torulosa","small_small","N_NSW",NA,"Subcanopy","Subcanopy","Subcanopy_Subcanopy","Subcanopy.small_Subcanopy.small"
"437","Eucalyptus pilularis large","Allocasuarina torulosa small",-0.346161408384338,-0.991426343432038,0.299103526663363,-0.358282480864058,-0.334040335904617,0.32922285314295,"BirdTree",1.2905298700954,"large","small","Eucalyptus pilularis","Allocasuarina torulosa","large_small","N_NSW",NA,"Canopy","Subcanopy","Subcanopy_Canopy","Canopy.large_Subcanopy.small"
"438","Eucalyptus pilularis small","Allocasuarina torulosa small",-0.0641598864610393,-0.578272795142705,0.449953022220627,-0.0726634228705711,-0.0556563500515075,0.262307324388062,"BirdTree",1.02822581736333,"small","small","Eucalyptus pilularis","Allocasuarina torulosa","small_small","N_NSW",NA,"Canopy","Subcanopy","Subcanopy_Canopy","Canopy.small_Subcanopy.small"
"439","Misc_large","Allocasuarina torulosa small",0.120807351012943,-0.126767392470311,0.368382094496198,0.114977898907723,0.126636803118164,0.126315965719826,"BirdTree",0.495149486966509,"large","small","Misc","Allocasuarina torulosa","large_small","N_NSW",NA,"Misc","Subcanopy","Misc_Subcanopy","Misc.large_Subcanopy.small"
"440","Misc_small","Allocasuarina torulosa small",0.092718636295031,-0.190324692435144,0.375761965025206,0.0879880884784331,0.0974491841116289,0.144412515210884,"BirdTree",0.56608665746035,"small","small","Misc","Allocasuarina torulosa","small_small","N_NSW",NA,"Misc","Subcanopy","Misc_Subcanopy","Misc.small_Subcanopy.small"
"441","Schizomeria ovata large","Allocasuarina torulosa small",-0.28412868306515,-1.0032361083572,0.434978742226899,-0.295306507241425,-0.272950858888876,0.366898285358444,"BirdTree",1.4382148505841,"large","small","Schizomeria ovata","Allocasuarina torulosa","large_small","N_NSW",NA,"Subcanopy","Subcanopy","Subcanopy_Subcanopy","Subcanopy.large_Subcanopy.small"
"442","Schizomeria ovata small","Allocasuarina torulosa small",0.0542059305558723,-0.180348948587698,0.288760809699442,0.050395127915349,0.0580167331963956,0.119673055726385,"BirdTree",0.46910975828714,"small","small","Schizomeria ovata","Allocasuarina torulosa","small_small","N_NSW",NA,"Subcanopy","Subcanopy","Subcanopy_Subcanopy","Subcanopy.small_Subcanopy.small"
"443","Syncarpia glomulifera subsp glabra small","Allocasuarina torulosa small",0.0434770083348524,-0.615887480111537,0.702841496781241,0.0343819816386819,0.0525720350310228,0.336416635023588,"BirdTree",1.31872897689278,"small","small","Syncarpia glomulifera","Allocasuarina torulosa","small_small","N_NSW",NA,"Canopy","Subcanopy","Subcanopy_Canopy","Canopy.small_Subcanopy.small"
"444","Synoum glandulosum subsp glandulsoum small","Allocasuarina torulosa small",0.214139319379554,-0.0579838042515865,0.486262443010694,0.208364690323927,0.219913948435181,0.138840879616979,"BirdTree",0.544246247262281,"small","small","Synoum glandulosum","Allocasuarina torulosa","small_small","N_NSW",NA,"Subcanopy","Subcanopy","Subcanopy_Subcanopy","Subcanopy.small_Subcanopy.small"
"445","Archontophoenix cunninghamiana small","Archontophoenix cunninghamiana small",0.290676194567693,0.110975159924986,0.470377229210401,0.278531566994904,0.302820822140483,0.0916858860979928,"BirdTree",0.359402069285415,"small","small","Archontophoenix cunninghamiana","Archontophoenix cunninghamiana","small_small","N_NSW",1,"Subcanopy","Subcanopy","Subcanopy_Subcanopy","Subcanopy.small_Subcanopy.small"
"446","Cryptocarya rigida small","Archontophoenix cunninghamiana small",0.00419722039471541,-0.118504923571946,0.126899364361377,0.00057080827859009,0.00782363251084073,0.062604285045297,"BirdTree",0.245404287933323,"small","small","Cryptocarya rigida","Archontophoenix cunninghamiana","small_small","N_NSW",NA,"Subcanopy","Subcanopy","Subcanopy_Subcanopy","Subcanopy.small_Subcanopy.small"
"447","Eucalyptus pilularis large","Archontophoenix cunninghamiana small",-0.297968850593491,-0.710137179562168,0.114199478375185,-0.306940938106134,-0.288996763080849,0.210293827957966,"BirdTree",0.824336657937353,"large","small","Eucalyptus pilularis","Archontophoenix cunninghamiana","large_small","N_NSW",NA,"Canopy","Subcanopy","Subcanopy_Canopy","Canopy.large_Subcanopy.small"
"448","Eucalyptus pilularis small","Archontophoenix cunninghamiana small",0.0604312669489591,-0.275177245140412,0.39603977903833,0.0552157898351553,0.065646744062763,0.171231979126457,"BirdTree",0.671217024178742,"small","small","Eucalyptus pilularis","Archontophoenix cunninghamiana","small_small","N_NSW",NA,"Canopy","Subcanopy","Subcanopy_Canopy","Canopy.small_Subcanopy.small"
"449","Misc_large","Archontophoenix cunninghamiana small",0.0916039594736694,-0.0887941867974373,0.272002105744776,0.0871523687181304,0.0960555502292083,0.0920415618317807,"BirdTree",0.360796292542213,"large","small","Misc","Archontophoenix cunninghamiana","large_small","N_NSW",NA,"Misc","Subcanopy","Misc_Subcanopy","Misc.large_Subcanopy.small"
"450","Misc_small","Archontophoenix cunninghamiana small",-0.04965791112071,-0.184339759453992,0.0850239372125722,-0.0532490311084203,-0.0460667911329997,0.0687164914231259,"BirdTree",0.269363696666564,"small","small","Misc","Archontophoenix cunninghamiana","small_small","N_NSW",NA,"Misc","Subcanopy","Misc_Subcanopy","Misc.small_Subcanopy.small"
"451","Schizomeria ovata large","Archontophoenix cunninghamiana small",-0.000225459495585772,-0.335036358592819,0.334585439601648,-0.00709525094582727,0.00664433195465573,0.170825026244451,"BirdTree",0.669621798194467,"large","small","Schizomeria ovata","Archontophoenix cunninghamiana","large_small","N_NSW",NA,"Subcanopy","Subcanopy","Subcanopy_Subcanopy","Subcanopy.large_Subcanopy.small"
"452","Schizomeria ovata small","Archontophoenix cunninghamiana small",-0.0355651978309434,-0.165103118163349,0.0939727225014618,-0.0391290991671368,-0.03200129649475,0.0660919901356269,"BirdTree",0.25907584066481,"small","small","Schizomeria ovata","Archontophoenix cunninghamiana","small_small","N_NSW",NA,"Subcanopy","Subcanopy","Subcanopy_Subcanopy","Subcanopy.small_Subcanopy.small"
"453","Syncarpia glomulifera subsp glabra small","Archontophoenix cunninghamiana small",0.0541388307287505,-0.25935193618075,0.367629597638251,0.0490319436040592,0.0592457178534418,0.159947207898857,"BirdTree",0.626981533819002,"small","small","Syncarpia glomulifera","Archontophoenix cunninghamiana","small_small","N_NSW",NA,"Canopy","Subcanopy","Subcanopy_Canopy","Canopy.small_Subcanopy.small"
"454","Synoum glandulosum subsp glandulsoum small","Archontophoenix cunninghamiana small",0.0930689761744594,-0.0546085022483736,0.240746454597292,0.0901042434146893,0.0960337089342295,0.0753470367760296,"BirdTree",0.295354956845666,"small","small","Synoum glandulosum","Archontophoenix cunninghamiana","small_small","N_NSW",NA,"Subcanopy","Subcanopy","Subcanopy_Subcanopy","Subcanopy.small_Subcanopy.small"
"455","Cryptocarya rigida small","Cryptocarya rigida small",-0.0841923853965819,-0.367249565152135,0.198864794358971,-0.0942058107761785,-0.0741789600169853,0.144419582190424,"BirdTree",0.566114359511106,"small","small","Cryptocarya rigida","Cryptocarya rigida","small_small","N_NSW",NA,"Subcanopy","Subcanopy","Subcanopy_Subcanopy","Subcanopy.small_Subcanopy.small"
"456","Eucalyptus pilularis large","Cryptocarya rigida small",0.0238268959559358,-0.467667286768233,0.515321078680105,0.011904632919277,0.0357491589925946,0.250766946026056,"BirdTree",0.982988365448338,"large","small","Eucalyptus pilularis","Cryptocarya rigida","large_small","N_NSW",NA,"Canopy","Subcanopy","Subcanopy_Canopy","Canopy.large_Subcanopy.small"
"457","Eucalyptus pilularis small","Cryptocarya rigida small",0.11229662025052,-0.31405621252769,0.53864945302873,0.10492456062949,0.119668679871551,0.21753095268139,"BirdTree",0.85270566555642,"small","small","Eucalyptus pilularis","Cryptocarya rigida","small_small","N_NSW",NA,"Canopy","Subcanopy","Subcanopy_Canopy","Canopy.small_Subcanopy.small"
"458","Misc_large","Cryptocarya rigida small",-0.172349634981764,-0.397587358140335,0.0528880881768064,-0.177449177748461,-0.167250092215067,0.114919317362572,"BirdTree",0.450475446317141,"large","small","Misc","Cryptocarya rigida","large_small","N_NSW",NA,"Misc","Subcanopy","Misc_Subcanopy","Misc.large_Subcanopy.small"
"459","Misc_small","Cryptocarya rigida small",-0.074499941803044,-0.26455951223128,0.115559628625192,-0.079334673612082,-0.0696652099940059,0.096970950449805,"BirdTree",0.380119140856472,"small","small","Misc","Cryptocarya rigida","small_small","N_NSW",NA,"Misc","Subcanopy","Misc_Subcanopy","Misc.small_Subcanopy.small"
"460","Schizomeria ovata large","Cryptocarya rigida small",-0.139278832276808,-0.570758840236948,0.292201175683331,-0.147811429348289,-0.130746235205328,0.22014690645522,"BirdTree",0.86296001592028,"large","small","Schizomeria ovata","Cryptocarya rigida","large_small","N_NSW",NA,"Subcanopy","Subcanopy","Subcanopy_Subcanopy","Subcanopy.large_Subcanopy.small"
"461","Schizomeria ovata small","Cryptocarya rigida small",-0.102999305329383,-0.29103968081386,0.0850410701550947,-0.10723754436595,-0.0987610662928152,0.0959407300173452,"BirdTree",0.376080750968955,"small","small","Schizomeria ovata","Cryptocarya rigida","small_small","N_NSW",NA,"Subcanopy","Subcanopy","Subcanopy_Subcanopy","Subcanopy.small_Subcanopy.small"
"462","Syncarpia glomulifera subsp glabra small","Cryptocarya rigida small",0.154212919435926,-0.253723702111042,0.562149540982895,0.146875913389645,0.161549925482208,0.208134753885643,"BirdTree",0.815873243093937,"small","small","Syncarpia glomulifera","Cryptocarya rigida","small_small","N_NSW",NA,"Canopy","Subcanopy","Subcanopy_Canopy","Canopy.small_Subcanopy.small"
"463","Synoum glandulosum subsp glandulsoum small","Cryptocarya rigida small",0.0389314538096439,-0.129655211321519,0.207518118940807,0.0346361998901955,0.0432267077290922,0.0860151852079698,"BirdTree",0.337173330262326,"small","small","Synoum glandulosum","Cryptocarya rigida","small_small","N_NSW",NA,"Subcanopy","Subcanopy","Subcanopy_Subcanopy","Subcanopy.small_Subcanopy.small"
"464","Eucalyptus pilularis large","Eucalyptus pilularis large",-2.32062735583308,-4.2549191679671,-0.386335543699049,-2.36709919946503,-2.27415551220112,0.986901712169956,"BirdTree",3.86858362426806,"large","large","Eucalyptus pilularis","Eucalyptus pilularis","large_large","N_NSW",1,"Canopy","Canopy","Canopy_Canopy","Canopy.large_Canopy.large"
"465","Eucalyptus pilularis small","Eucalyptus pilularis large",0.700244701809183,-0.480605344675585,1.88109474829395,0.674394918391176,0.72609448522719,0.602485584326632,"BirdTree",2.36170009296954,"small","large","Eucalyptus pilularis","Eucalyptus pilularis","small_large","N_NSW",NA,"Canopy","Canopy","Canopy_Canopy","Canopy.large_Canopy.small"
"466","Misc_large","Eucalyptus pilularis large",-0.037738148553827,-0.783037249999528,0.707560952891874,-0.0490799210912334,-0.0263963760164205,0.38026163099145,"BirdTree",1.4905982028914,"large","large","Misc","Eucalyptus pilularis","large_large","N_NSW",NA,"Misc","Canopy","Misc_Canopy","Misc.large_Canopy.large"
"467","Misc_small","Eucalyptus pilularis large",-0.241204581351749,-0.77119783627528,0.288788673571781,-0.255461710323486,-0.226947452380013,0.270409690741284,"BirdTree",1.05998650984706,"small","large","Misc","Eucalyptus pilularis","small_large","N_NSW",NA,"Misc","Canopy","Misc_Canopy","Misc.small_Canopy.large"
"468","Schizomeria ovata large","Eucalyptus pilularis large",1.58704195797498,0.282718396238081,2.89136551971188,1.54500995578103,1.62907396016894,0.665483433382062,"BirdTree",2.6086471234738,"large","large","Schizomeria ovata","Eucalyptus pilularis","large_large","N_NSW",1,"Subcanopy","Canopy","Subcanopy_Canopy","Canopy.large_Subcanopy.large"
"469","Schizomeria ovata small","Eucalyptus pilularis large",-0.298154871686875,-0.786538815164528,0.190229071790777,-0.310784963348918,-0.285524780024833,0.249180060108228,"BirdTree",0.976767886955304,"small","large","Schizomeria ovata","Eucalyptus pilularis","small_large","N_NSW",NA,"Subcanopy","Canopy","Subcanopy_Canopy","Canopy.large_Subcanopy.small"
"470","Syncarpia glomulifera subsp glabra small","Eucalyptus pilularis large",1.1772759688818,-0.403424637284213,2.75797657504782,1.1484268822569,1.2061250555067,0.806494720634859,"BirdTree",3.16140121233203,"small","large","Syncarpia glomulifera","Eucalyptus pilularis","small_large","N_NSW",NA,"Canopy","Canopy","Canopy_Canopy","Canopy.large_Canopy.small"
"471","Synoum glandulosum subsp glandulsoum small","Eucalyptus pilularis large",0.32170808113307,-0.197893524595555,0.841309686861694,0.311679190392602,0.331736971873538,0.265107731482403,"BirdTree",1.03920321145725,"small","large","Synoum glandulosum","Eucalyptus pilularis","small_large","N_NSW",NA,"Subcanopy","Canopy","Subcanopy_Canopy","Canopy.large_Subcanopy.small"
"472","Eucalyptus pilularis small","Eucalyptus pilularis small",-0.805182718959166,-1.65820138674669,0.0478359488283556,-0.819711284288884,-0.790654153629449,0.435221603313135,"BirdTree",1.70603733557504,"small","small","Eucalyptus pilularis","Eucalyptus pilularis","small_small","N_NSW",NA,"Canopy","Canopy","Canopy_Canopy","Canopy.small_Canopy.small"
"473","Misc_large","Eucalyptus pilularis small",0.274531639191883,-0.249024897664997,0.798088176048763,0.266129496617301,0.282933781766465,0.267125590565249,"BirdTree",1.04711307371376,"large","small","Misc","Eucalyptus pilularis","large_small","N_NSW",NA,"Misc","Canopy","Misc_Canopy","Misc.large_Canopy.small"
"474","Misc_small","Eucalyptus pilularis small",0.668465820514177,0.0814660336701355,1.25546560735822,0.656366192282613,0.680565448745741,0.299495190459733,"BirdTree",1.17399957368808,"small","small","Misc","Eucalyptus pilularis","small_small","N_NSW",1,"Misc","Canopy","Misc_Canopy","Misc.small_Canopy.small"
"475","Schizomeria ovata large","Eucalyptus pilularis small",-0.935761799731999,-1.99991811882142,0.128394519357424,-0.955951469282805,-0.915572130181194,0.54294687427083,"BirdTree",2.12831263817885,"large","small","Schizomeria ovata","Eucalyptus pilularis","large_small","N_NSW",NA,"Subcanopy","Canopy","Subcanopy_Canopy","Canopy.small_Subcanopy.large"
"476","Schizomeria ovata small","Eucalyptus pilularis small",0.431143535513693,0.0139526581817827,0.848334412845603,0.423364483675699,0.438922587351687,0.212856399720943,"BirdTree",0.834381754663821,"small","small","Schizomeria ovata","Eucalyptus pilularis","small_small","N_NSW",1,"Subcanopy","Canopy","Subcanopy_Canopy","Canopy.small_Subcanopy.small"
"477","Syncarpia glomulifera subsp glabra small","Eucalyptus pilularis small",0.072692034129675,-0.809325000825688,0.954709069085038,0.0593265479232828,0.0860575203360672,0.450016960471009,"BirdTree",1.76403406991073,"small","small","Syncarpia glomulifera","Eucalyptus pilularis","small_small","N_NSW",NA,"Canopy","Canopy","Canopy_Canopy","Canopy.small_Canopy.small"
"478","Synoum glandulosum subsp glandulsoum small","Eucalyptus pilularis small",0.26573855023303,-0.065362651680756,0.596839752146817,0.258997210431166,0.272479890034895,0.168932288820341,"BirdTree",0.662202403827573,"small","small","Synoum glandulosum","Eucalyptus pilularis","small_small","N_NSW",NA,"Subcanopy","Canopy","Subcanopy_Canopy","Canopy.small_Subcanopy.small"
"479","Misc_large","Misc_large",-0.244229129321931,-0.654869859205648,0.166411600561785,-0.252847243434996,-0.235611015208867,0.209514426348034,"BirdTree",0.821281459767434,"large","large","Misc","Misc","large_large","N_NSW",NA,"Misc","Misc","Misc_Misc","Misc.large_Misc.large"
"480","Misc_small","Misc_large",-0.108493465045195,-0.363324143280267,0.146337213189876,-0.113548147320418,-0.103438782769973,0.13001804127277,"BirdTree",0.509661356470142,"small","large","Misc","Misc","small_large","N_NSW",NA,"Misc","Misc","Misc_Misc","Misc.small_Misc.large"
"481","Schizomeria ovata large","Misc_large",0.0578035728494545,-0.462382858385521,0.57799000408443,0.0485506486348391,0.06705649706407,0.265406117325696,"BirdTree",1.04037286246995,"large","large","Schizomeria ovata","Misc","large_large","N_NSW",NA,"Subcanopy","Misc","Misc_Subcanopy","Misc.large_Subcanopy.large"
"482","Schizomeria ovata small","Misc_large",-0.10236478190858,-0.319804445658965,0.115074881841804,-0.106700086696456,-0.0980294771207045,0.110940642514618,"BirdTree",0.43487932750077,"small","large","Schizomeria ovata","Misc","small_large","N_NSW",NA,"Subcanopy","Misc","Misc_Subcanopy","Misc.large_Subcanopy.small"
"483","Syncarpia glomulifera subsp glabra small","Misc_large",0.038913702597712,-0.408479090875328,0.486306496070752,0.0314897771413004,0.0463376280541236,0.228265823761058,"BirdTree",0.89478558694608,"small","large","Syncarpia glomulifera","Misc","small_large","N_NSW",NA,"Canopy","Misc","Misc_Canopy","Misc.large_Canopy.small"
"484","Synoum glandulosum subsp glandulsoum small","Misc_large",-0.0594011509234432,-0.259511748945646,0.14070944709876,-0.0635546501508805,-0.055247651696006,0.102099119984168,"BirdTree",0.400221196044407,"small","large","Synoum glandulosum","Misc","small_large","N_NSW",NA,"Subcanopy","Misc","Misc_Subcanopy","Misc.large_Subcanopy.small"
"485","Misc_small","Misc_small",-0.350856101013061,-0.847261727189201,0.145549525163079,-0.361749623686192,-0.33996257833993,0.253272830568176,"BirdTree",0.99281125235228,"small","small","Misc","Misc","small_small","N_NSW",NA,"Misc","Misc","Misc_Misc","Misc.small_Misc.small"
"486","Schizomeria ovata large","Misc_small",0.441706802176813,-0.14077912963482,1.02419273398845,0.430644645714745,0.452768958638881,0.297192160879592,"BirdTree",1.16497186362327,"large","small","Schizomeria ovata","Misc","large_small","N_NSW",NA,"Subcanopy","Misc","Misc_Subcanopy","Misc.small_Subcanopy.large"
"487","Schizomeria ovata small","Misc_small",-0.318600356420194,-0.593353241421109,-0.0438474714192792,-0.324708431151988,-0.3124922816884,0.140182619256339,"BirdTree",0.54950577000183,"small","small","Schizomeria ovata","Misc","small_small","N_NSW",1,"Subcanopy","Misc","Misc_Subcanopy","Misc.small_Subcanopy.small"
"488","Syncarpia glomulifera subsp glabra small","Misc_small",-0.0638503277558182,-0.592642812681043,0.464942157169406,-0.0725779200621104,-0.0551227354495261,0.269797041729477,"BirdTree",1.05758496985045,"small","small","Syncarpia glomulifera","Misc","small_small","N_NSW",NA,"Canopy","Misc","Misc_Canopy","Misc.small_Canopy.small"
"489","Synoum glandulosum subsp glandulsoum small","Misc_small",-0.206134690415625,-0.458905728900948,0.046636348069697,-0.21107418132749,-0.20119519950376,0.128967185356031,"BirdTree",0.505542076970645,"small","small","Synoum glandulosum","Misc","small_small","N_NSW",NA,"Subcanopy","Misc","Misc_Subcanopy","Misc.small_Subcanopy.small"
"490","Schizomeria ovata large","Schizomeria ovata large",-1.31270240560076,-2.81409290896376,0.188688097762249,-1.34927582788517,-1.27612898331635,0.766029638914685,"BirdTree",3.00278100672601,"large","large","Schizomeria ovata","Schizomeria ovata","large_large","N_NSW",NA,"Subcanopy","Subcanopy","Subcanopy_Subcanopy","Subcanopy.large_Subcanopy.large"
"491","Schizomeria ovata small","Schizomeria ovata large",0.524976109300691,-0.0222318991872443,1.07218411778863,0.514385824157294,0.535566394444088,0.279192889667485,"BirdTree",1.09441601697587,"small","large","Schizomeria ovata","Schizomeria ovata","small_large","N_NSW",NA,"Subcanopy","Subcanopy","Subcanopy_Subcanopy","Subcanopy.large_Subcanopy.small"
"492","Syncarpia glomulifera subsp glabra small","Schizomeria ovata large",-1.13382025482337,-2.74103784061267,0.473397330965927,-1.15992958772287,-1.10771092192387,0.820024040475656,"BirdTree",3.2144351715786,"small","large","Syncarpia glomulifera","Schizomeria ovata","small_large","N_NSW",NA,"Canopy","Subcanopy","Subcanopy_Canopy","Canopy.small_Subcanopy.large"
"493","Synoum glandulosum subsp glandulsoum small","Schizomeria ovata large",0.195668012553075,-0.304065409110264,0.695401434216414,0.186975516309789,0.204360508796361,0.254970716607638,"BirdTree",0.999466843326678,"small","large","Synoum glandulosum","Schizomeria ovata","small_large","N_NSW",NA,"Subcanopy","Subcanopy","Subcanopy_Subcanopy","Subcanopy.large_Subcanopy.small"
"494","Schizomeria ovata small","Schizomeria ovata small",-0.146809652493505,-0.518380118256895,0.224760813269884,-0.157284285867467,-0.136335019119544,0.189580251828243,"BirdTree",0.743140931526779,"small","small","Schizomeria ovata","Schizomeria ovata","small_small","N_NSW",NA,"Subcanopy","Subcanopy","Subcanopy_Subcanopy","Subcanopy.small_Subcanopy.small"
"495","Syncarpia glomulifera subsp glabra small","Schizomeria ovata small",0.253588536629959,-0.325571323085643,0.832748396345561,0.244612183568877,0.262564889691041,0.295495154137495,"BirdTree",1.1583197194312,"small","small","Syncarpia glomulifera","Schizomeria ovata","small_small","N_NSW",NA,"Canopy","Subcanopy","Subcanopy_Canopy","Canopy.small_Subcanopy.small"
"496","Synoum glandulosum subsp glandulsoum small","Schizomeria ovata small",-0.16187086631065,-0.383745706618015,0.0600039739967154,-0.165583240803619,-0.158158491817681,0.113203529277826,"BirdTree",0.44374968061473,"small","small","Synoum glandulosum","Schizomeria ovata","small_small","N_NSW",NA,"Subcanopy","Subcanopy","Subcanopy_Subcanopy","Subcanopy.small_Subcanopy.small"
"497","Syncarpia glomulifera subsp glabra small","Syncarpia glomulifera subsp glabra small",-0.956369432934464,-2.688588345115,0.775849479246074,-0.978061147839373,-0.934677718029556,0.883801399333896,"BirdTree",3.46443782436108,"small","small","Syncarpia glomulifera","Syncarpia glomulifera","small_small","N_NSW",NA,"Canopy","Canopy","Canopy_Canopy","Canopy.small_Canopy.small"
"498","Synoum glandulosum subsp glandulsoum small","Syncarpia glomulifera subsp glabra small",-0.254703988644959,-0.757540386986786,0.248132409696868,-0.262302972809906,-0.247105004480012,0.256553897065526,"BirdTree",1.00567279668365,"small","small","Synoum glandulosum","Syncarpia glomulifera","small_small","N_NSW",NA,"Subcanopy","Canopy","Subcanopy_Canopy","Canopy.small_Subcanopy.small"
"499","Synoum glandulosum subsp glandulsoum small","Synoum glandulosum subsp glandulsoum small",0.0615506544184131,-0.207019156153027,0.330120464989853,0.054044563317505,0.0690567455193213,0.137027931477254,"BirdTree",0.53713962114288,"small","small","Synoum glandulosum","Synoum glandulosum","small_small","N_NSW",NA,"Subcanopy","Subcanopy","Subcanopy_Subcanopy","Subcanopy.small_Subcanopy.small"
"500","Allocasuarina torulosa large","Allocasuarina torulosa large",-0.0148559878626881,-0.263399310986524,0.233687335261148,-0.0191503357450575,-0.0105616399803188,0.126810148086554,"A-Tree",0.497086646247672,"large","large","Allocasuarina torulosa","Allocasuarina torulosa","large_large","N_NSW",NA,"Subcanopy","Subcanopy","Subcanopy_Subcanopy","Subcanopy.large_Subcanopy.large"
"501","Allocasuarina torulosa small","Allocasuarina torulosa large",0.0287006194677807,-0.0845115041856441,0.141912743121205,0.0255929217093614,0.0318083172262,0.0577623489749953,"A-Tree",0.22642424730685,"small","large","Allocasuarina torulosa","Allocasuarina torulosa","small_large","N_NSW",NA,"Subcanopy","Subcanopy","Subcanopy_Subcanopy","Subcanopy.large_Subcanopy.small"
"502","Eucalyptus microcorys large","Allocasuarina torulosa large",-0.0369837089295274,-0.455734763236367,0.381767345377312,-0.0417626620183593,-0.0322047558406955,0.213652423008736,"A-Tree",0.837502108613679,"large","large","Eucalyptus microcorys","Allocasuarina torulosa","large_large","N_NSW",NA,"Canopy","Subcanopy","Subcanopy_Canopy","Canopy.large_Subcanopy.large"
"503","Eucalyptus microcorys small","Allocasuarina torulosa large",-0.0723482255262705,-0.266640688272047,0.121944237219506,-0.0750070368450118,-0.0696894142075292,0.0991306290719272,"A-Tree",0.388584925491553,"small","large","Eucalyptus microcorys","Allocasuarina torulosa","small_large","N_NSW",NA,"Canopy","Subcanopy","Subcanopy_Canopy","Canopy.small_Subcanopy.large"
"504","Eucalyptus pilularis large","Allocasuarina torulosa large",0.051411906677779,-0.119725978183252,0.22254979153881,0.0480477370719463,0.0547760762836117,0.0873168518457201,"A-Tree",0.342275769722062,"large","large","Eucalyptus pilularis","Allocasuarina torulosa","large_large","N_NSW",NA,"Canopy","Subcanopy","Subcanopy_Canopy","Canopy.large_Subcanopy.large"
"505","Eucalyptus pilularis small","Allocasuarina torulosa large",0.00871188238919291,-0.0783211081638384,0.0957448729422242,0.00700684330222977,0.0104169214761561,0.0444054029765529,"A-Tree",0.174065981106063,"small","large","Eucalyptus pilularis","Allocasuarina torulosa","small_large","N_NSW",NA,"Canopy","Subcanopy","Subcanopy_Canopy","Canopy.small_Subcanopy.large"
"506","Allocasuarina torulosa small","Allocasuarina torulosa small",0.203991742202565,0.0670736685511378,0.340909815853991,0.195085422156377,0.212898062248752,0.0698574436731589,"A-Tree",0.273836147302854,"small","small","Allocasuarina torulosa","Allocasuarina torulosa","small_small","N_NSW",1,"Subcanopy","Subcanopy","Subcanopy_Subcanopy","Subcanopy.small_Subcanopy.small"
"507","Eucalyptus microcorys large","Allocasuarina torulosa small",0.129766576393417,-0.15601249750775,0.415545650294583,0.124324492546436,0.135208660240397,0.14580832921184,"A-Tree",0.571558147802333,"large","small","Eucalyptus microcorys","Allocasuarina torulosa","large_small","N_NSW",NA,"Canopy","Subcanopy","Subcanopy_Canopy","Canopy.large_Subcanopy.small"
"508","Eucalyptus microcorys small","Allocasuarina torulosa small",-0.0257392320625108,-0.129484491923705,0.0780060277986838,-0.028245207154775,-0.0232332569702466,0.0529322276733267,"A-Tree",0.207490519722389,"small","small","Eucalyptus microcorys","Allocasuarina torulosa","small_small","N_NSW",NA,"Canopy","Subcanopy","Subcanopy_Canopy","Canopy.small_Subcanopy.small"
"509","Eucalyptus pilularis large","Allocasuarina torulosa small",-0.052364544280735,-0.158270445268562,0.053541356707092,-0.0555501409100749,-0.0491789476513951,0.0540346158517193,"A-Tree",0.211811801975654,"large","small","Eucalyptus pilularis","Allocasuarina torulosa","large_small","N_NSW",NA,"Canopy","Subcanopy","Subcanopy_Canopy","Canopy.large_Subcanopy.small"
"510","Eucalyptus pilularis small","Allocasuarina torulosa small",-0.00816250431430196,-0.0673370610153242,0.0510120523867203,-0.0109665065011175,-0.00535850212748647,0.0301916551364125,"A-Tree",0.118349113402045,"small","small","Eucalyptus pilularis","Allocasuarina torulosa","small_small","N_NSW",NA,"Canopy","Subcanopy","Subcanopy_Canopy","Canopy.small_Subcanopy.small"
"511","Eucalyptus microcorys large","Eucalyptus microcorys large",-0.711045593729338,-1.88301232903654,0.460921141577868,-0.726357562199053,-0.695733625259622,0.59795319942179,"A-Tree",2.34393347061441,"large","large","Eucalyptus microcorys","Eucalyptus microcorys","large_large","N_NSW",NA,"Canopy","Canopy","Canopy_Canopy","Canopy.large_Canopy.large"
"512","Eucalyptus microcorys small","Eucalyptus microcorys large",0.345596739575649,-0.182035832445592,0.87322931159689,0.339487688316699,0.351705790834599,0.269205238557004,"A-Tree",1.05526514404248,"small","large","Eucalyptus microcorys","Eucalyptus microcorys","small_large","N_NSW",NA,"Canopy","Canopy","Canopy_Canopy","Canopy.large_Canopy.small"
"513","Eucalyptus pilularis large","Eucalyptus microcorys large",0.147309253318198,-0.208594135236815,0.503212641873212,0.142254304684966,0.152364201951431,0.181586698205852,"A-Tree",0.711806777110028,"large","large","Eucalyptus pilularis","Eucalyptus microcorys","large_large","N_NSW",NA,"Canopy","Canopy","Canopy_Canopy","Canopy.large_Canopy.large"
"514","Eucalyptus pilularis small","Eucalyptus microcorys large",0.133657984501284,-0.0612077850299248,0.328523754032493,0.129921598255917,0.137394370746651,0.0994231379088009,"A-Tree",0.389731539062417,"small","large","Eucalyptus pilularis","Eucalyptus microcorys","small_large","N_NSW",NA,"Canopy","Canopy","Canopy_Canopy","Canopy.large_Canopy.small"
"515","Eucalyptus microcorys small","Eucalyptus microcorys small",0.0778764399174097,-0.232615387453549,0.388368267288368,0.072536627871946,0.0832162519628735,0.15841710858979,"A-Tree",0.620983654741917,"small","small","Eucalyptus microcorys","Eucalyptus microcorys","small_small","N_NSW",NA,"Canopy","Canopy","Canopy_Canopy","Canopy.small_Canopy.small"
"516","Eucalyptus pilularis large","Eucalyptus microcorys small",-0.0311062314740386,-0.206807750909207,0.144595287961129,-0.0339542221103152,-0.028258240837762,0.0896452796179314,"A-Tree",0.351403038870336,"large","small","Eucalyptus pilularis","Eucalyptus microcorys","large_small","N_NSW",NA,"Canopy","Canopy","Canopy_Canopy","Canopy.large_Canopy.small"
"517","Eucalyptus pilularis small","Eucalyptus microcorys small",0.00359720902930985,-0.0837703073822272,0.0909647254408469,0.00160648869924073,0.00558792935937897,0.0445760825712518,"A-Tree",0.174735032823074,"small","small","Eucalyptus pilularis","Eucalyptus microcorys","small_small","N_NSW",NA,"Canopy","Canopy","Canopy_Canopy","Canopy.small_Canopy.small"
"518","Eucalyptus pilularis large","Eucalyptus pilularis large",-0.132589010151879,-0.379903224814959,0.114725204511201,-0.139068110231622,-0.126109910072136,0.126183040409856,"A-Tree",0.49462842932616,"large","large","Eucalyptus pilularis","Eucalyptus pilularis","large_large","N_NSW",NA,"Canopy","Canopy","Canopy_Canopy","Canopy.large_Canopy.large"
"519","Eucalyptus pilularis small","Eucalyptus pilularis large",-0.0826012175703937,-0.165197326012115,-5.10912867275615e-06,-0.0845158411757206,-0.0806865939650668,0.042141646016574,"A-Tree",0.165192216883442,"small","large","Eucalyptus pilularis","Eucalyptus pilularis","small_large","N_NSW",1,"Canopy","Canopy","Canopy_Canopy","Canopy.large_Canopy.small"
"520","Eucalyptus pilularis small","Eucalyptus pilularis small",0.423416609460029,0.315451472943305,0.531381745976753,0.411649652931652,0.435183565988406,0.0550852655295399,"A-Tree",0.215930273033448,"small","small","Eucalyptus pilularis","Eucalyptus pilularis","small_small","N_NSW",1,"Canopy","Canopy","Canopy_Canopy","Canopy.small_Canopy.small"
"521","Allocasuarina torulosa large","Allocasuarina torulosa large",-0.000827894023198895,-0.306272483440024,0.304616695393626,-0.00761596110032123,0.00596017305392344,0.15584193986529,"BlackBull",0.61088917883365,"large","large","Allocasuarina torulosa","Allocasuarina torulosa","large_large","N_NSW",NA,"Subcanopy","Subcanopy","Subcanopy_Subcanopy","Subcanopy.large_Subcanopy.large"
"522","Allocasuarina torulosa small","Allocasuarina torulosa large",0.0598989668156786,-0.0907990627583963,0.210596996389753,0.0561151156550587,0.0636828179762984,0.0768881626207225,"BlackBull",0.30139605914815,"small","large","Allocasuarina torulosa","Allocasuarina torulosa","small_large","N_NSW",NA,"Subcanopy","Subcanopy","Subcanopy_Subcanopy","Subcanopy.large_Subcanopy.small"
"523","Eucalyptus pilularis large","Allocasuarina torulosa large",0.25614582992849,-0.209833552478052,0.722125212335033,0.249500033181301,0.262791626675679,0.237748951553257,"BlackBull",0.931958764813085,"large","large","Eucalyptus pilularis","Allocasuarina torulosa","large_large","N_NSW",NA,"Canopy","Subcanopy","Subcanopy_Canopy","Canopy.large_Subcanopy.large"
"524","Eucalyptus pilularis small","Allocasuarina torulosa large",-0.324713117122046,-0.747546045924145,0.0981198116800521,-0.33117246227887,-0.318253771965223,0.215735050305695,"BlackBull",0.845665857604197,"small","large","Eucalyptus pilularis","Allocasuarina torulosa","small_large","N_NSW",NA,"Canopy","Subcanopy","Subcanopy_Canopy","Canopy.small_Subcanopy.large"
"525","Misc_large","Allocasuarina torulosa large",0.313798778163731,-0.285952689646392,0.913550245973853,0.306104293728385,0.321493262599076,0.306001269687038,"BlackBull",1.19950293562025,"large","large","Misc","Allocasuarina torulosa","large_large","N_NSW",NA,"Misc","Subcanopy","Misc_Subcanopy","Misc.large_Subcanopy.large"
"526","Misc_small","Allocasuarina torulosa large",0.2086824689972,-0.161078992846374,0.578443930840774,0.203182036178793,0.214182901815606,0.188657273684724,"BlackBull",0.739522923687149,"small","large","Misc","Allocasuarina torulosa","small_large","N_NSW",NA,"Misc","Subcanopy","Misc_Subcanopy","Misc.small_Subcanopy.large"
"527","Syncarpia glomulifera subsp glomulifera large","Allocasuarina torulosa large",0.675032327891223,-0.0569058815554354,1.40697053733788,0.663395090263855,0.68666956551859,0.373444724097021,"BlackBull",1.46387641889332,"large","large","Syncarpia glomulifera","Allocasuarina torulosa","large_large","N_NSW",NA,"Canopy","Subcanopy","Subcanopy_Canopy","Canopy.large_Subcanopy.large"
"528","Syncarpia glomulifera subsp glomulifera small","Allocasuarina torulosa large",0.146978768358199,-0.0906499199239706,0.384607456640369,0.142791795813266,0.151165740903133,0.121241354512917,"BlackBull",0.47525737656434,"small","large","Syncarpia glomulifera","Allocasuarina torulosa","small_large","N_NSW",NA,"Canopy","Subcanopy","Subcanopy_Canopy","Canopy.small_Subcanopy.large"
"529","Allocasuarina torulosa small","Allocasuarina torulosa small",0.0895278318441496,-0.123136789184658,0.302192452872957,0.0803918653896353,0.0986637982986638,0.108504351460679,"BlackBull",0.425329242057615,"small","small","Allocasuarina torulosa","Allocasuarina torulosa","small_small","N_NSW",NA,"Subcanopy","Subcanopy","Subcanopy_Subcanopy","Subcanopy.small_Subcanopy.small"
"530","Eucalyptus pilularis large","Allocasuarina torulosa small",-0.19629196793553,-0.421391357325127,0.0288074214540674,-0.20105168700764,-0.191532248863419,0.114848737612095,"BlackBull",0.450198778779194,"large","small","Eucalyptus pilularis","Allocasuarina torulosa","large_small","N_NSW",NA,"Canopy","Subcanopy","Subcanopy_Canopy","Canopy.large_Subcanopy.small"
"531","Eucalyptus pilularis small","Allocasuarina torulosa small",-0.035938466816484,-0.279238688186565,0.207361754553597,-0.0403747012223869,-0.0315022324105811,0.124135047015763,"BlackBull",0.486600442740162,"small","small","Eucalyptus pilularis","Allocasuarina torulosa","small_small","N_NSW",NA,"Canopy","Subcanopy","Subcanopy_Canopy","Canopy.small_Subcanopy.small"
"532","Misc_large","Allocasuarina torulosa small",-0.0557994242811859,-0.317423491473541,0.205824642911169,-0.0610855761921387,-0.0505132723702331,0.1334841197369,"BlackBull",0.523248134384711,"large","small","Misc","Allocasuarina torulosa","large_small","N_NSW",NA,"Misc","Subcanopy","Misc_Subcanopy","Misc.large_Subcanopy.small"
"533","Misc_small","Allocasuarina torulosa small",0.132874916764982,-0.0572499892910312,0.322999822820995,0.127705240250929,0.138044593279036,0.0970042855663136,"BlackBull",0.380249812112026,"small","small","Misc","Allocasuarina torulosa","small_small","N_NSW",NA,"Misc","Subcanopy","Misc_Subcanopy","Misc.small_Subcanopy.small"
"534","Syncarpia glomulifera subsp glomulifera large","Allocasuarina torulosa small",-0.00431235016581301,-0.313763661006294,0.305138960674668,-0.0106746488115342,0.0020499484799082,0.157886223053787,"BlackBull",0.618902621680962,"large","small","Syncarpia glomulifera","Allocasuarina torulosa","large_small","N_NSW",NA,"Canopy","Subcanopy","Subcanopy_Canopy","Canopy.large_Subcanopy.small"
"535","Syncarpia glomulifera subsp glomulifera small","Allocasuarina torulosa small",0.0732693701465457,-0.0676208416173818,0.214159581910473,0.069670658470736,0.0768680818223555,0.07188408199092,"BlackBull",0.281780423527855,"small","small","Syncarpia glomulifera","Allocasuarina torulosa","small_small","N_NSW",NA,"Canopy","Subcanopy","Subcanopy_Canopy","Canopy.small_Subcanopy.small"
"536","Eucalyptus pilularis large","Eucalyptus pilularis large",-0.727651849602541,-1.92138999550679,0.466086296301703,-0.742104569548693,-0.71319912965639,0.609061266084631,"BlackBull",2.38747629180849,"large","large","Eucalyptus pilularis","Eucalyptus pilularis","large_large","N_NSW",NA,"Canopy","Canopy","Canopy_Canopy","Canopy.large_Canopy.large"
"537","Eucalyptus pilularis small","Eucalyptus pilularis large",0.291485520292544,-0.327483850428621,0.91045489101371,0.282637498527262,0.300333542057826,0.315806502366124,"BlackBull",1.23793874144233,"small","large","Eucalyptus pilularis","Eucalyptus pilularis","small_large","N_NSW",NA,"Canopy","Canopy","Canopy_Canopy","Canopy.large_Canopy.small"
"538","Misc_large","Eucalyptus pilularis large",-0.659046563597214,-1.53458419423991,0.216491067045479,-0.669954286817397,-0.648138840377031,0.44671108119783,"BlackBull",1.75107526128539,"large","large","Misc","Eucalyptus pilularis","large_large","N_NSW",NA,"Misc","Canopy","Misc_Canopy","Misc.large_Canopy.large"
"539","Misc_small","Eucalyptus pilularis large",0.174764037819216,-0.267640986353584,0.617169061992015,0.167899722954424,0.181628352684007,0.225720996744039,"BlackBull",0.884810048345599,"small","large","Misc","Eucalyptus pilularis","small_large","N_NSW",NA,"Misc","Canopy","Misc_Canopy","Misc.small_Canopy.large"
"540","Syncarpia glomulifera subsp glomulifera large","Eucalyptus pilularis large",-0.406767422991497,-1.38110792265315,0.567573076670157,-0.419631590473694,-0.393903255509299,0.497121634554067,"BlackBull",1.94868099932331,"large","large","Syncarpia glomulifera","Eucalyptus pilularis","large_large","N_NSW",NA,"Canopy","Canopy","Canopy_Canopy","Canopy.large_Canopy.large"
"541","Syncarpia glomulifera subsp glomulifera small","Eucalyptus pilularis large",0.0429662207551741,-0.389985376014852,0.4759178175252,0.0366739844814059,0.0492584570289422,0.220897730869084,"BlackBull",0.865903193540052,"small","large","Syncarpia glomulifera","Eucalyptus pilularis","small_large","N_NSW",NA,"Canopy","Canopy","Canopy_Canopy","Canopy.large_Canopy.small"
"542","Eucalyptus pilularis small","Eucalyptus pilularis small",-0.354114539629519,-1.09994550233243,0.391716423073395,-0.364740620573771,-0.343488458685267,0.380532993762097,"BlackBull",1.49166192540583,"small","small","Eucalyptus pilularis","Eucalyptus pilularis","small_small","N_NSW",NA,"Canopy","Canopy","Canopy_Canopy","Canopy.small_Canopy.small"
"543","Misc_large","Eucalyptus pilularis small",0.627312976956029,-0.156345079896947,1.410971033809,0.616514301947351,0.638111651964707,0.399832886233814,"BlackBull",1.56731611370595,"large","small","Misc","Eucalyptus pilularis","large_small","N_NSW",NA,"Misc","Canopy","Misc_Canopy","Misc.large_Canopy.small"
"544","Misc_small","Eucalyptus pilularis small",0.220754101767463,-0.285820299397184,0.72732850293211,0.213589842585782,0.227918360949144,0.258461076407751,"BlackBull",1.01314880232929,"small","small","Misc","Eucalyptus pilularis","small_small","N_NSW",NA,"Misc","Canopy","Misc_Canopy","Misc.small_Canopy.small"
"545","Syncarpia glomulifera subsp glomulifera large","Eucalyptus pilularis small",0.839859248572916,-0.170906351643779,1.85062484878961,0.822858615532986,0.856859881612846,0.515706211027083,"BlackBull",2.02153120043339,"large","small","Syncarpia glomulifera","Eucalyptus pilularis","large_small","N_NSW",NA,"Canopy","Canopy","Canopy_Canopy","Canopy.large_Canopy.small"
"546","Syncarpia glomulifera subsp glomulifera small","Eucalyptus pilularis small",0.262988502212805,-0.0652164271588087,0.591193431584419,0.25763892242366,0.268338082001951,0.167454571594403,"BlackBull",0.656409858743228,"small","small","Syncarpia glomulifera","Eucalyptus pilularis","small_small","N_NSW",NA,"Canopy","Canopy","Canopy_Canopy","Canopy.small_Canopy.small"
"547","Misc_large","Misc_large",-0.971641069601327,-2.36770891953904,0.42442678033639,-0.986555399816915,-0.956726739385738,0.712292603818092,"BlackBull",2.79213569987543,"large","large","Misc","Misc","large_large","N_NSW",NA,"Misc","Misc","Misc_Misc","Misc.large_Misc.large"
"548","Misc_small","Misc_large",-0.11464919675589,-0.601545546034364,0.372247152522584,-0.121484389151709,-0.107814004360072,0.248421069529364,"BlackBull",0.973792698556948,"small","large","Misc","Misc","small_large","N_NSW",NA,"Misc","Misc","Misc_Misc","Misc.small_Misc.large"
"549","Syncarpia glomulifera subsp glomulifera large","Misc_large",-0.540497940850524,-1.52081510760796,0.439819225906909,-0.553722406905534,-0.527273474795515,0.500171010533892,"BlackBull",1.96063433351487,"large","large","Syncarpia glomulifera","Misc","large_large","N_NSW",NA,"Canopy","Misc","Misc_Canopy","Misc.large_Canopy.large"
"550","Syncarpia glomulifera subsp glomulifera small","Misc_large",-0.240276852234226,-0.691270748963222,0.210717044494769,-0.246289352168334,-0.234264352300119,0.230103155102021,"BlackBull",0.901987793457991,"small","large","Syncarpia glomulifera","Misc","small_large","N_NSW",NA,"Canopy","Misc","Misc_Canopy","Misc.large_Canopy.small"
"551","Misc_small","Misc_small",-0.241053569773635,-0.802648604142006,0.320541464594736,-0.249129745139885,-0.232977394407385,0.286533343876807,"BlackBull",1.12319006873674,"small","small","Misc","Misc","small_small","N_NSW",NA,"Misc","Misc","Misc_Misc","Misc.small_Misc.small"
"552","Syncarpia glomulifera subsp glomulifera large","Misc_small",-0.691010173249808,-1.61430504596064,0.232284699461023,-0.701485528974585,-0.680534817525031,0.471077468766602,"BlackBull",1.84658974542166,"large","small","Syncarpia glomulifera","Misc","large_small","N_NSW",NA,"Canopy","Misc","Misc_Canopy","Canopy.large_Misc.small"
"553","Syncarpia glomulifera subsp glomulifera small","Misc_small",-0.251304431960634,-0.553374800627839,0.0507659367065716,-0.255823705306433,-0.246785158614835,0.1541203670322,"BlackBull",0.604140737334411,"small","small","Syncarpia glomulifera","Misc","small_small","N_NSW",NA,"Canopy","Misc","Misc_Canopy","Misc.small_Canopy.small"
"554","Syncarpia glomulifera subsp glomulifera large","Syncarpia glomulifera subsp glomulifera large",-1.35608049542227,-3.23165167187284,0.519490681028293,-1.3794312436061,-1.33272974723845,0.956941653645085,"BlackBull",3.75114235290114,"large","large","Syncarpia glomulifera","Syncarpia glomulifera","large_large","N_NSW",NA,"Canopy","Canopy","Canopy_Canopy","Canopy.large_Canopy.large"
"555","Syncarpia glomulifera subsp glomulifera small","Syncarpia glomulifera subsp glomulifera large",-0.253944542217191,-0.732824399499937,0.224935315065554,-0.261231461355431,-0.246657623078952,0.244330947435814,"BlackBull",0.95775971456549,"small","large","Syncarpia glomulifera","Syncarpia glomulifera","small_large","N_NSW",NA,"Canopy","Canopy","Canopy_Canopy","Canopy.large_Canopy.small"
"556","Syncarpia glomulifera subsp glomulifera small","Syncarpia glomulifera subsp glomulifera small",0.210479108708385,-0.0350057754365494,0.455963992853319,0.203541946349539,0.217416271067231,0.125249691362335,"BlackBull",0.490969768289868,"small","small","Syncarpia glomulifera","Syncarpia glomulifera","small_small","N_NSW",NA,"Canopy","Canopy","Canopy_Canopy","Canopy.small_Canopy.small"
"557","Allocasuarina torulosa small","Allocasuarina torulosa small",0.0731627046379901,-0.348540758530418,0.494866167806398,0.0605146326440181,0.0858107766319621,0.215158781740252,"Bruxner",0.843406926336816,"small","small","Allocasuarina torulosa","Allocasuarina torulosa","small_small","N_NSW",NA,"Subcanopy","Subcanopy","Subcanopy_Subcanopy","Subcanopy.small_Subcanopy.small"
"558","Archontophoenix cunninghamiana small","Allocasuarina torulosa small",0.0377736041719029,-0.17433854833353,0.249885756677336,0.0323784862744852,0.0431687220693206,0.108222474585526,"Bruxner",0.424224305010866,"small","small","Archontophoenix cunninghamiana","Allocasuarina torulosa","small_small","N_NSW",NA,"Subcanopy","Subcanopy","Subcanopy_Subcanopy","Subcanopy.small_Subcanopy.small"
"559","Caldcluvia paniculosa small","Allocasuarina torulosa small",-0.129634362954101,-0.435074213488541,0.175805487580339,-0.13603974915084,-0.123228976757362,0.155839522023726,"Bruxner",0.61087970106888,"small","small","Caldcluvia paniculosa","Allocasuarina torulosa","small_small","N_NSW",NA,"Subcanopy","Subcanopy","Subcanopy_Subcanopy","Subcanopy.small_Subcanopy.small"
"560","Ceratopetalum apetalum small","Allocasuarina torulosa small",0.0297177828610701,-0.396154514375919,0.455590080098059,0.0223664789370634,0.0370690867850768,0.217285776981728,"Bruxner",0.851744594473978,"small","small","Ceratopetalum apetalum","Allocasuarina torulosa","small_small","N_NSW",NA,"Subcanopy","Subcanopy","Subcanopy_Subcanopy","Subcanopy.small_Subcanopy.small"
"561","Eucalyptus grandis large","Allocasuarina torulosa small",0.226458315022357,-0.288306924942378,0.741223554987093,0.217911526421513,0.235005103623201,0.262640152587057,"Bruxner",1.02953047992947,"large","small","Eucalyptus grandis","Allocasuarina torulosa","large_small","N_NSW",NA,"Canopy","Subcanopy","Subcanopy_Canopy","Canopy.large_Subcanopy.small"
"562","Eucalyptus grandis small","Allocasuarina torulosa small",0.149431857507042,-0.210497570672533,0.509361285686618,0.141978935719212,0.156884779294873,0.183640837800415,"Bruxner",0.719858856359152,"small","small","Eucalyptus grandis","Allocasuarina torulosa","small_small","N_NSW",NA,"Canopy","Subcanopy","Subcanopy_Canopy","Canopy.small_Subcanopy.small"
"563","Geissois benthamii small","Allocasuarina torulosa small",-1.01465235771068,-2.69020699054495,0.660902275123582,-1.03683958114516,-0.992465134276202,0.854890521484489,"Bruxner",3.35110926566853,"small","small","Geissois benthamii","Allocasuarina torulosa","small_small","N_NSW",NA,"Subcanopy","Subcanopy","Subcanopy_Subcanopy","Subcanopy.small_Subcanopy.small"
"564","Lophostemon sp. small","Allocasuarina torulosa small",0.00666046034792201,-0.32341103452612,0.336731955221964,0.0018810678747401,0.0114398528211039,0.168406918431973,"Bruxner",0.660142989748083,"small","small","Lophostemon sp","Allocasuarina torulosa","small_small","N_NSW",NA,"Subcanopy","Subcanopy","Subcanopy_Subcanopy","Subcanopy.small_Subcanopy.small"
"565","Misc_large","Allocasuarina torulosa small",-0.0599623364014761,-0.344860425630047,0.224935752827095,-0.066306661372633,-0.0536180114303192,0.145358838976538,"Bruxner",0.569796178457141,"large","small","Misc","Allocasuarina torulosa","large_small","N_NSW",NA,"Misc","Subcanopy","Misc_Subcanopy","Misc.large_Subcanopy.small"
"566","Misc_small","Allocasuarina torulosa small",0.14114470299631,-0.173618514543806,0.455907920536426,0.134297945870826,0.147991460121795,0.160596429333869,"Bruxner",0.629526435080231,"small","small","Misc","Allocasuarina torulosa","small_small","N_NSW",NA,"Misc","Subcanopy","Misc_Subcanopy","Misc.small_Subcanopy.small"
"567","Niemeyeria whitei small","Allocasuarina torulosa small",-0.0724445160643032,-0.795402624422719,0.650513592294112,-0.084033889399845,-0.0608551427287614,0.368862955677256,"Bruxner",1.44591621671683,"small","small","Niemeyeria whitei","Allocasuarina torulosa","small_small","N_NSW",NA,"Subcanopy","Subcanopy","Subcanopy_Subcanopy","Subcanopy.small_Subcanopy.small"
"568","Schizomeria ovata small","Allocasuarina torulosa small",0.445319751934516,-0.278624060359227,1.16926356422826,0.4326764529176,0.457963050951432,0.369365875089603,"Bruxner",1.44788762458749,"small","small","Schizomeria ovata","Allocasuarina torulosa","small_small","N_NSW",NA,"Subcanopy","Subcanopy","Subcanopy_Subcanopy","Subcanopy.small_Subcanopy.small"
"569","Syncarpia glomulifera subsp glabra small","Allocasuarina torulosa small",0.199095316592807,-0.517350998467287,0.9155416316529,0.188790249615677,0.209400383569936,0.36554055110774,"Bruxner",1.43289263012019,"small","small","Syncarpia glomulifera","Allocasuarina torulosa","small_small","N_NSW",NA,"Canopy","Subcanopy","Subcanopy_Canopy","Canopy.small_Subcanopy.small"
"570","Archontophoenix cunninghamiana small","Archontophoenix cunninghamiana small",0.209333141857593,0.0578679849677544,0.360798298747433,0.198607993546123,0.220058290169064,0.0772795613003999,"Bruxner",0.302930313779678,"small","small","Archontophoenix cunninghamiana","Archontophoenix cunninghamiana","small_small","N_NSW",1,"Subcanopy","Subcanopy","Subcanopy_Subcanopy","Subcanopy.small_Subcanopy.small"
"571","Caldcluvia paniculosa small","Archontophoenix cunninghamiana small",0.0569485757589719,-0.0766574171273058,0.19055456864525,0.0528663228253436,0.0610308286926003,0.0681675754963585,"Bruxner",0.267211985772556,"small","small","Caldcluvia paniculosa","Archontophoenix cunninghamiana","small_small","N_NSW",NA,"Subcanopy","Subcanopy","Subcanopy_Subcanopy","Subcanopy.small_Subcanopy.small"
"572","Ceratopetalum apetalum small","Archontophoenix cunninghamiana small",0.103711021904426,-0.0228555956435602,0.230277639452413,0.099032105473129,0.108389938335723,0.0645759914704187,"Bruxner",0.253133235095973,"small","small","Ceratopetalum apetalum","Archontophoenix cunninghamiana","small_small","N_NSW",NA,"Subcanopy","Subcanopy","Subcanopy_Subcanopy","Subcanopy.small_Subcanopy.small"
"573","Eucalyptus grandis large","Archontophoenix cunninghamiana small",-0.27914599423293,-0.511445518264369,-0.0468464702014918,-0.285370610971951,-0.27292137749391,0.118522343198032,"Bruxner",0.464599048062877,"large","small","Eucalyptus grandis","Archontophoenix cunninghamiana","large_small","N_NSW",1,"Canopy","Subcanopy","Subcanopy_Canopy","Canopy.large_Subcanopy.small"
"574","Eucalyptus grandis small","Archontophoenix cunninghamiana small",-0.063464218945872,-0.205170083952946,0.0782416460612019,-0.0676959627709661,-0.0592324751207778,0.0723002392517575,"Bruxner",0.283411730014148,"small","small","Eucalyptus grandis","Archontophoenix cunninghamiana","small_small","N_NSW",NA,"Canopy","Subcanopy","Subcanopy_Canopy","Canopy.small_Subcanopy.small"
"575","Geissois benthamii small","Archontophoenix cunninghamiana small",0.070971421840397,-0.218969263999417,0.360912107680211,0.0643119453270419,0.077630898353752,0.147931639625437,"Bruxner",0.579881371679629,"small","small","Geissois benthamii","Archontophoenix cunninghamiana","small_small","N_NSW",NA,"Subcanopy","Subcanopy","Subcanopy_Subcanopy","Subcanopy.small_Subcanopy.small"
"576","Lophostemon sp. small","Archontophoenix cunninghamiana small",-0.0940432586350945,-0.228240950711882,0.0401544334416933,-0.0970441395409775,-0.0910423777292115,0.0684694683858082,"Bruxner",0.268395384153576,"small","small","Lophostemon sp","Archontophoenix cunninghamiana","small_small","N_NSW",NA,"Subcanopy","Subcanopy","Subcanopy_Subcanopy","Subcanopy.small_Subcanopy.small"
"577","Misc_large","Archontophoenix cunninghamiana small",-0.0752630805267872,-0.193015171239629,0.0424890101860543,-0.079098666701659,-0.0714274943519153,0.0600787012627043,"Bruxner",0.235504181425683,"large","small","Misc","Archontophoenix cunninghamiana","large_small","N_NSW",NA,"Misc","Subcanopy","Misc_Subcanopy","Misc.large_Subcanopy.small"
"578","Misc_small","Archontophoenix cunninghamiana small",-0.0498346220340207,-0.170171302302003,0.0705020582339616,-0.0535461869184684,-0.046123057149573,0.0613973936343641,"Bruxner",0.240673360535965,"small","small","Misc","Archontophoenix cunninghamiana","small_small","N_NSW",NA,"Misc","Subcanopy","Misc_Subcanopy","Misc.small_Subcanopy.small"
"579","Niemeyeria whitei small","Archontophoenix cunninghamiana small",0.115777249118672,-0.238661437057738,0.470215935295081,0.110405609915089,0.121148888322254,0.180839387341898,"Bruxner",0.708877372352819,"small","small","Niemeyeria whitei","Archontophoenix cunninghamiana","small_small","N_NSW",NA,"Subcanopy","Subcanopy","Subcanopy_Subcanopy","Subcanopy.small_Subcanopy.small"
"580","Schizomeria ovata small","Archontophoenix cunninghamiana small",0.0578615529727292,-0.253396753045972,0.36911985899143,0.0524728811578579,0.0632502247876006,0.158808176310313,"Bruxner",0.622516612037402,"small","small","Schizomeria ovata","Archontophoenix cunninghamiana","small_small","N_NSW",NA,"Subcanopy","Subcanopy","Subcanopy_Subcanopy","Subcanopy.small_Subcanopy.small"
"581","Syncarpia glomulifera subsp glabra small","Archontophoenix cunninghamiana small",0.0994849280001949,-0.224382554928203,0.423352410928593,0.0928910348644571,0.106078821135933,0.165241548050384,"Bruxner",0.647734965856795,"small","small","Syncarpia glomulifera","Archontophoenix cunninghamiana","small_small","N_NSW",NA,"Canopy","Subcanopy","Subcanopy_Canopy","Canopy.small_Subcanopy.small"
"582","Caldcluvia paniculosa small","Caldcluvia paniculosa small",0.310218802406155,0.10600052000336,0.514437084808949,0.300676427079505,0.319761177732804,0.104194915831945,"Bruxner",0.408436564805589,"small","small","Caldcluvia paniculosa","Caldcluvia paniculosa","small_small","N_NSW",1,"Subcanopy","Subcanopy","Subcanopy_Subcanopy","Subcanopy.small_Subcanopy.small"
"583","Ceratopetalum apetalum small","Caldcluvia paniculosa small",-0.0828058676103215,-0.286280051221245,0.120668316000602,-0.0865844388361438,-0.0790272963844991,0.103815266615051,"Bruxner",0.406948367221847,"small","small","Ceratopetalum apetalum","Caldcluvia paniculosa","small_small","N_NSW",NA,"Subcanopy","Subcanopy","Subcanopy_Subcanopy","Subcanopy.small_Subcanopy.small"
"584","Eucalyptus grandis large","Caldcluvia paniculosa small",0.0873152979436986,-0.194229561085096,0.368860156972493,0.0813863001567177,0.0932442957306795,0.143647975804446,"Bruxner",0.563089718057589,"large","small","Eucalyptus grandis","Caldcluvia paniculosa","large_small","N_NSW",NA,"Canopy","Subcanopy","Subcanopy_Canopy","Canopy.large_Subcanopy.small"
"585","Eucalyptus grandis small","Caldcluvia paniculosa small",0.140773650442638,-0.0595747519309748,0.341122052816251,0.135927212266976,0.1456200886183,0.102220450964373,"Bruxner",0.400696804747226,"small","small","Eucalyptus grandis","Caldcluvia paniculosa","small_small","N_NSW",NA,"Canopy","Subcanopy","Subcanopy_Canopy","Canopy.small_Subcanopy.small"
"586","Geissois benthamii small","Caldcluvia paniculosa small",-0.201400273413007,-0.68051564826519,0.277715101439176,-0.209659190037567,-0.193141356788447,0.244451111669084,"Bruxner",0.958230749704365,"small","small","Geissois benthamii","Caldcluvia paniculosa","small_small","N_NSW",NA,"Subcanopy","Subcanopy","Subcanopy_Subcanopy","Subcanopy.small_Subcanopy.small"
"587","Lophostemon sp. small","Caldcluvia paniculosa small",0.0214540292137898,-0.155758498818302,0.198666557245882,0.0182104085571008,0.0246976498704787,0.0904162165376109,"Bruxner",0.354425056064184,"small","small","Lophostemon sp","Caldcluvia paniculosa","small_small","N_NSW",NA,"Subcanopy","Subcanopy","Subcanopy_Subcanopy","Subcanopy.small_Subcanopy.small"
"588","Misc_large","Caldcluvia paniculosa small",0.00532178552116128,-0.172735139290543,0.183378710332865,0.00121012962615664,0.00943344141616591,0.0908470391375527,"Bruxner",0.356113849623408,"large","small","Misc","Caldcluvia paniculosa","large_small","N_NSW",NA,"Misc","Subcanopy","Misc_Subcanopy","Misc.large_Subcanopy.small"
"589","Misc_small","Caldcluvia paniculosa small",0.0086517673568065,-0.179857111226211,0.197160645939824,0.00508670582719493,0.0122168288864181,0.0961797666028311,"Bruxner",0.377017757166034,"small","small","Misc","Caldcluvia paniculosa","small_small","N_NSW",NA,"Misc","Subcanopy","Misc_Subcanopy","Misc.small_Subcanopy.small"
"590","Niemeyeria whitei small","Caldcluvia paniculosa small",-0.474448422160516,-1.12600052692893,0.177103682607898,-0.483251542683958,-0.465645301637074,0.332430651740427,"Bruxner",1.30310420953683,"small","small","Niemeyeria whitei","Caldcluvia paniculosa","small_small","N_NSW",NA,"Subcanopy","Subcanopy","Subcanopy_Subcanopy","Subcanopy.small_Subcanopy.small"
"591","Schizomeria ovata small","Caldcluvia paniculosa small",0.199450149260498,-0.216422450894048,0.615322749415044,0.193303536688917,0.205596761832079,0.212183796965095,"Bruxner",0.831745200309091,"small","small","Schizomeria ovata","Caldcluvia paniculosa","small_small","N_NSW",NA,"Subcanopy","Subcanopy","Subcanopy_Subcanopy","Subcanopy.small_Subcanopy.small"
"592","Syncarpia glomulifera subsp glabra small","Caldcluvia paniculosa small",0.00560835961888436,-0.347774478249936,0.358991197487704,-0.00300174839290429,0.014218467630673,0.180300679326895,"Bruxner",0.70676567573764,"small","small","Syncarpia glomulifera","Caldcluvia paniculosa","small_small","N_NSW",NA,"Canopy","Subcanopy","Subcanopy_Canopy","Canopy.small_Subcanopy.small"
"593","Ceratopetalum apetalum small","Ceratopetalum apetalum small",0.242426578077043,0.0543280178496478,0.430525138304439,0.231479225545027,0.25337393060906,0.0959704166561696,"Bruxner",0.376197120454791,"small","small","Ceratopetalum apetalum","Ceratopetalum apetalum","small_small","N_NSW",1,"Subcanopy","Subcanopy","Subcanopy_Subcanopy","Subcanopy.small_Subcanopy.small"
"594","Eucalyptus grandis large","Ceratopetalum apetalum small",0.315855554084127,-0.0376962170395453,0.669407325207799,0.307371546950038,0.324339561218215,0.180386871346843,"Bruxner",0.707103542247345,"large","small","Eucalyptus grandis","Ceratopetalum apetalum","large_small","N_NSW",NA,"Canopy","Subcanopy","Subcanopy_Canopy","Canopy.large_Subcanopy.small"
"595","Eucalyptus grandis small","Ceratopetalum apetalum small",0.0634783722086815,-0.103491297009791,0.230448041427154,0.0580369662990667,0.0689197781182963,0.0851901721335227,"Bruxner",0.333939338436945,"small","small","Eucalyptus grandis","Ceratopetalum apetalum","small_small","N_NSW",NA,"Canopy","Subcanopy","Subcanopy_Canopy","Canopy.small_Subcanopy.small"
"596","Geissois benthamii small","Ceratopetalum apetalum small",0.108387354937671,-0.205554170694972,0.422328880570314,0.100665578654115,0.116109131221228,0.160177191065231,"Bruxner",0.627883051265286,"small","small","Geissois benthamii","Ceratopetalum apetalum","small_small","N_NSW",NA,"Subcanopy","Subcanopy","Subcanopy_Subcanopy","Subcanopy.small_Subcanopy.small"
"597","Lophostemon sp. small","Ceratopetalum apetalum small",-0.0134827863696696,-0.165801241007839,0.1388356682685,-0.0173746888220773,-0.00959088391726198,0.0777149252943616,"Bruxner",0.304636909276339,"small","small","Lophostemon sp","Ceratopetalum apetalum","small_small","N_NSW",NA,"Subcanopy","Subcanopy","Subcanopy_Subcanopy","Subcanopy.small_Subcanopy.small"
"598","Misc_large","Ceratopetalum apetalum small",0.11405434612559,-0.0590786290554942,0.287187321306675,0.109315290611111,0.11879340164007,0.0883347737747915,"Bruxner",0.346265950362169,"large","small","Misc","Ceratopetalum apetalum","large_small","N_NSW",NA,"Misc","Subcanopy","Misc_Subcanopy","Misc.large_Subcanopy.small"
"599","Misc_small","Ceratopetalum apetalum small",-0.0116728366922258,-0.181366250867125,0.158020577482673,-0.0161768522437309,-0.00716882114072077,0.0865798634635223,"Bruxner",0.339386828349798,"small","small","Misc","Ceratopetalum apetalum","small_small","N_NSW",NA,"Misc","Subcanopy","Misc_Subcanopy","Misc.small_Subcanopy.small"
"600","Niemeyeria whitei small","Ceratopetalum apetalum small",-0.0684168913628697,-0.365170544939495,0.228336762213755,-0.0745399653687388,-0.0622938173570005,0.151407707446351,"Bruxner",0.59350730715325,"small","small","Niemeyeria whitei","Ceratopetalum apetalum","small_small","N_NSW",NA,"Subcanopy","Subcanopy","Subcanopy_Subcanopy","Subcanopy.small_Subcanopy.small"
"601","Schizomeria ovata small","Ceratopetalum apetalum small",-0.0838129247717853,-0.46745542318123,0.299829573637659,-0.0909991746836688,-0.0766266748599018,0.195739565336694,"Bruxner",0.767284996818889,"small","small","Schizomeria ovata","Ceratopetalum apetalum","small_small","N_NSW",NA,"Subcanopy","Subcanopy","Subcanopy_Subcanopy","Subcanopy.small_Subcanopy.small"
"602","Syncarpia glomulifera subsp glabra small","Ceratopetalum apetalum small",-0.380023478752403,-0.943192651223444,0.183145693718639,-0.390319152765864,-0.369727804738941,0.287336490319847,"Bruxner",1.12633834494208,"small","small","Syncarpia glomulifera","Ceratopetalum apetalum","small_small","N_NSW",NA,"Canopy","Subcanopy","Subcanopy_Canopy","Canopy.small_Subcanopy.small"
"603","Eucalyptus grandis large","Eucalyptus grandis large",-0.938388619597485,-1.73522948710251,-0.141547752092456,-0.957259726103242,-0.919517513091728,0.406558933628581,"Bruxner",1.59368173501006,"large","large","Eucalyptus grandis","Eucalyptus grandis","large_large","N_NSW",1,"Canopy","Canopy","Canopy_Canopy","Canopy.large_Canopy.large"
"604","Eucalyptus grandis small","Eucalyptus grandis large",0.343194490639716,-0.0048482775500629,0.691237258829494,0.334116736326648,0.352272244952783,0.177576103915733,"Bruxner",0.696085536379557,"small","large","Eucalyptus grandis","Eucalyptus grandis","small_large","N_NSW",NA,"Canopy","Canopy","Canopy_Canopy","Canopy.large_Canopy.small"
"605","Geissois benthamii small","Eucalyptus grandis large",0.271714838233725,-0.24671871736169,0.790148393829139,0.259693085950973,0.283736590516477,0.264511776586076,"Bruxner",1.03686711119083,"small","large","Geissois benthamii","Eucalyptus grandis","small_large","N_NSW",NA,"Subcanopy","Canopy","Subcanopy_Canopy","Canopy.large_Subcanopy.small"
"606","Lophostemon sp. small","Eucalyptus grandis large",-0.241965838143103,-0.564602069157598,0.0806703928713923,-0.248323275507658,-0.235608400778548,0.164613346755047,"Bruxner",0.64527246202899,"small","large","Lophostemon sp","Eucalyptus grandis","small_large","N_NSW",NA,"Subcanopy","Canopy","Subcanopy_Canopy","Canopy.large_Subcanopy.small"
"607","Misc_large","Eucalyptus grandis large",-0.230537658749693,-0.541942160737432,0.0808668432380463,-0.238374573516441,-0.222700743982944,0.158882767461065,"Bruxner",0.622809003975478,"large","large","Misc","Eucalyptus grandis","large_large","N_NSW",NA,"Misc","Canopy","Misc_Canopy","Misc.large_Canopy.large"
"608","Misc_small","Eucalyptus grandis large",0.00794041860018423,-0.320966023584091,0.336846860784459,0.000171224218922214,0.0157096129814463,0.167812492871628,"Bruxner",0.65781288436855,"small","large","Misc","Eucalyptus grandis","small_large","N_NSW",NA,"Misc","Canopy","Misc_Canopy","Misc.small_Canopy.large"
"609","Niemeyeria whitei small","Eucalyptus grandis large",0.261107344540888,-0.445492354674138,0.967707043755913,0.24943185189003,0.272782837191746,0.360516675198419,"Bruxner",1.41319939843005,"small","large","Niemeyeria whitei","Eucalyptus grandis","small_large","N_NSW",NA,"Subcanopy","Canopy","Subcanopy_Canopy","Canopy.large_Subcanopy.small"
"610","Schizomeria ovata small","Eucalyptus grandis large",-0.0885012500839027,-0.69859031256312,0.521587812395314,-0.0998738204717126,-0.0771286796960928,0.311275649599443,"Bruxner",1.22017812495843,"small","large","Schizomeria ovata","Eucalyptus grandis","small_large","N_NSW",NA,"Subcanopy","Canopy","Subcanopy_Canopy","Canopy.large_Subcanopy.small"
"611","Syncarpia glomulifera subsp glabra small","Eucalyptus grandis large",0.689069847685593,-0.186732240830485,1.56487193620167,0.672556137298677,0.705583558072509,0.44684601116362,"Bruxner",1.75160417703216,"small","large","Syncarpia glomulifera","Eucalyptus grandis","small_large","N_NSW",NA,"Canopy","Canopy","Canopy_Canopy","Canopy.large_Canopy.small"
"612","Eucalyptus grandis small","Eucalyptus grandis small",-0.00912556993084355,-0.287080834087874,0.268829694226186,-0.020134085393121,0.00188294553143389,0.141816516195964,"Bruxner",0.55591052831406,"small","small","Eucalyptus grandis","Eucalyptus grandis","small_small","N_NSW",NA,"Canopy","Canopy","Canopy_Canopy","Canopy.small_Canopy.small"
"613","Geissois benthamii small","Eucalyptus grandis small",0.213758585393855,-0.192070757339281,0.61958792812699,0.204833753085601,0.222683417702109,0.207059591877333,"Bruxner",0.811658685466271,"small","small","Geissois benthamii","Eucalyptus grandis","small_small","N_NSW",NA,"Subcanopy","Canopy","Subcanopy_Canopy","Canopy.small_Subcanopy.small"
"614","Lophostemon sp. small","Eucalyptus grandis small",0.0914424081208868,-0.0951642492910712,0.278049065532845,0.0864649974656164,0.0964198187761571,0.0952092277633097,"Bruxner",0.373213314823916,"small","small","Lophostemon sp","Eucalyptus grandis","small_small","N_NSW",NA,"Subcanopy","Canopy","Subcanopy_Canopy","Canopy.small_Subcanopy.small"
"615","Misc_large","Eucalyptus grandis small",-0.0644608573108812,-0.25791276176656,0.128991047144797,-0.0696793130358053,-0.0592424015859572,0.0987017649209897,"Bruxner",0.386903808911357,"large","small","Misc","Eucalyptus grandis","large_small","N_NSW",NA,"Misc","Canopy","Misc_Canopy","Misc.large_Canopy.small"
"616","Misc_small","Eucalyptus grandis small",-0.0526719230644698,-0.28477954643383,0.179435700304891,-0.0582497774701876,-0.0470940686587519,0.118424432897847,"Bruxner",0.464215246738721,"small","small","Misc","Eucalyptus grandis","small_small","N_NSW",NA,"Misc","Canopy","Misc_Canopy","Misc.small_Canopy.small"
"617","Niemeyeria whitei small","Eucalyptus grandis small",0.145687702410508,-0.298828225351283,0.590203630172299,0.135014864956991,0.156360539864025,0.226798008161413,"Bruxner",0.889031855523582,"small","small","Niemeyeria whitei","Eucalyptus grandis","small_small","N_NSW",NA,"Subcanopy","Canopy","Subcanopy_Canopy","Canopy.small_Subcanopy.small"
"618","Schizomeria ovata small","Eucalyptus grandis small",-0.294282111817498,-0.825643932905404,0.237079709270407,-0.303728826605594,-0.284835397029403,0.27110795161504,"Bruxner",1.06272364217581,"small","small","Schizomeria ovata","Eucalyptus grandis","small_small","N_NSW",NA,"Subcanopy","Canopy","Subcanopy_Canopy","Canopy.small_Subcanopy.small"
"619","Syncarpia glomulifera subsp glabra small","Eucalyptus grandis small",-0.0705740161364477,-0.618091477996647,0.476943445723752,-0.0817856964548776,-0.0593623358180178,0.279350776942305,"Bruxner",1.0950349237204,"small","small","Syncarpia glomulifera","Eucalyptus grandis","small_small","N_NSW",NA,"Canopy","Canopy","Canopy_Canopy","Canopy.small_Canopy.small"
"620","Geissois benthamii small","Geissois benthamii small",-0.410354144983351,-1.27523098225856,0.454522692291853,-0.423700963733118,-0.397007326233584,0.441271800960243,"Bruxner",1.72975367455041,"small","small","Geissois benthamii","Geissois benthamii","small_small","N_NSW",NA,"Subcanopy","Subcanopy","Subcanopy_Subcanopy","Subcanopy.small_Subcanopy.small"
"621","Lophostemon sp. small","Geissois benthamii small",0.19370412058617,-0.16955532060076,0.5569635617731,0.18689479907649,0.20051344209585,0.185339855248502,"Bruxner",0.72651888237386,"small","small","Lophostemon sp","Geissois benthamii","small_small","N_NSW",NA,"Subcanopy","Subcanopy","Subcanopy_Subcanopy","Subcanopy.small_Subcanopy.small"
"622","Misc_large","Geissois benthamii small",0.246649223064051,-0.114199277371503,0.607497723499606,0.239316336210574,0.253982109917529,0.184109760833302,"Bruxner",0.721697000871108,"large","small","Misc","Geissois benthamii","large_small","N_NSW",NA,"Misc","Subcanopy","Misc_Subcanopy","Misc.large_Subcanopy.small"
"623","Misc_small","Geissois benthamii small",-0.0979968490445319,-0.491816481871066,0.295822783782002,-0.105091367357886,-0.0909023307311781,0.200932076269224,"Bruxner",0.787639265653068,"small","small","Misc","Geissois benthamii","small_small","N_NSW",NA,"Misc","Subcanopy","Misc_Subcanopy","Misc.small_Subcanopy.small"
"624","Niemeyeria whitei small","Geissois benthamii small",-0.500853653488515,-1.50811769279429,0.506410385817257,-0.514028575952964,-0.487678731024065,0.513919667530089,"Bruxner",2.01452807861154,"small","small","Niemeyeria whitei","Geissois benthamii","small_small","N_NSW",NA,"Subcanopy","Subcanopy","Subcanopy_Subcanopy","Subcanopy.small_Subcanopy.small"
"625","Schizomeria ovata small","Geissois benthamii small",0.950068547056919,-0.198800707432643,2.09893780154648,0.933262838998446,0.966874255115392,0.586168553887569,"Bruxner",2.29773850897912,"small","small","Schizomeria ovata","Geissois benthamii","small_small","N_NSW",NA,"Subcanopy","Subcanopy","Subcanopy_Subcanopy","Subcanopy.small_Subcanopy.small"
"626","Syncarpia glomulifera subsp glabra small","Geissois benthamii small",-0.77673655278482,-2.76795478513167,1.21448167956203,-0.800531143851165,-0.752941961718476,1.01594633781709,"Bruxner",3.98243646469371,"small","small","Syncarpia glomulifera","Geissois benthamii","small_small","N_NSW",NA,"Canopy","Subcanopy","Subcanopy_Canopy","Canopy.small_Subcanopy.small"
"627","Lophostemon sp. small","Lophostemon sp. small",0.114115455506458,-0.179242591551857,0.407473502564772,0.106416463672895,0.12181444734002,0.149675223306288,"Bruxner",0.586716094116629,"small","small","Lophostemon sp","Lophostemon sp","small_small","N_NSW",NA,"Subcanopy","Subcanopy","Subcanopy_Subcanopy","Subcanopy.small_Subcanopy.small"
"628","Misc_large","Lophostemon sp. small",-0.0942393698068506,-0.247571269800871,0.0590925301871698,-0.097479492710836,-0.0909992469028653,0.0782319987527745,"Bruxner",0.306663799988041,"large","small","Misc","Lophostemon sp","large_small","N_NSW",NA,"Misc","Subcanopy","Misc_Subcanopy","Misc.large_Subcanopy.small"
"629","Misc_small","Lophostemon sp. small",-0.0634966384486122,-0.24443822292461,0.117444946027386,-0.0667902425385725,-0.0602030343586518,0.0923188313169234,"Bruxner",0.361883168951996,"small","small","Misc","Lophostemon sp","small_small","N_NSW",NA,"Misc","Subcanopy","Misc_Subcanopy","Misc.small_Subcanopy.small"
"630","Niemeyeria whitei small","Lophostemon sp. small",0.155272180446858,-0.216371816368999,0.526916177262715,0.150234406788865,0.160309954104851,0.189617768360714,"Bruxner",0.743287993631714,"small","small","Niemeyeria whitei","Lophostemon sp","small_small","N_NSW",NA,"Subcanopy","Subcanopy","Subcanopy_Subcanopy","Subcanopy.small_Subcanopy.small"
"631","Schizomeria ovata small","Lophostemon sp. small",0.0491591365412751,-0.27160140255482,0.36991967563737,0.0432436523389353,0.055074620743615,0.163656343497234,"Bruxner",0.641521078192191,"small","small","Schizomeria ovata","Lophostemon sp","small_small","N_NSW",NA,"Subcanopy","Subcanopy","Subcanopy_Subcanopy","Subcanopy.small_Subcanopy.small"
"632","Syncarpia glomulifera subsp glabra small","Lophostemon sp. small",0.317248101041205,-0.254047863348937,0.888544065431346,0.309833189591082,0.324663012491327,0.291482888918598,"Bruxner",1.14259192878028,"small","small","Syncarpia glomulifera","Lophostemon sp","small_small","N_NSW",NA,"Canopy","Subcanopy","Subcanopy_Canopy","Canopy.small_Subcanopy.small"
"633","Misc_large","Misc_large",0.0500325188930449,-0.214652350794781,0.314717388580871,0.0423905502127222,0.0576744875733676,0.135045782359077,"Bruxner",0.529369739375653,"large","large","Misc","Misc","large_large","N_NSW",NA,"Misc","Misc","Misc_Misc","Misc.large_Misc.large"
"634","Misc_small","Misc_large",0.0391482072140799,-0.127338446635961,0.205634861064121,0.0350146446885062,0.0432817697396536,0.0849437311926477,"Bruxner",0.332973307700082,"small","large","Misc","Misc","small_large","N_NSW",NA,"Misc","Misc","Misc_Misc","Misc.small_Misc.large"
"635","Niemeyeria whitei small","Misc_large",0.23927861756716,-0.13032434173415,0.60888157686847,0.232527680007896,0.246029555126423,0.188576403554704,"Bruxner",0.73920591860262,"small","large","Niemeyeria whitei","Misc","small_large","N_NSW",NA,"Subcanopy","Misc","Misc_Subcanopy","Misc.large_Subcanopy.small"
"636","Schizomeria ovata small","Misc_large",-0.158669006566009,-0.532219892004479,0.21488187887246,-0.164948854295825,-0.152389158836194,0.190590688596827,"Bruxner",0.747101770876939,"small","large","Schizomeria ovata","Misc","small_large","N_NSW",NA,"Subcanopy","Misc","Misc_Subcanopy","Misc.large_Subcanopy.small"
"637","Syncarpia glomulifera subsp glabra small","Misc_large",0.431178986655798,-0.0715621708996417,0.933920144211238,0.420550172662926,0.44180780064867,0.256505303934663,"Bruxner",1.00548231511088,"small","large","Syncarpia glomulifera","Misc","small_large","N_NSW",NA,"Canopy","Misc","Misc_Canopy","Misc.large_Canopy.small"
"638","Misc_small","Misc_small",-0.0752455691744623,-0.379496271787919,0.229005133438994,-0.0831894622294901,-0.0673016761194345,0.155232802752167,"Bruxner",0.608501405226913,"small","small","Misc","Misc","small_small","N_NSW",NA,"Misc","Misc","Misc_Misc","Misc.small_Misc.small"
"639","Niemeyeria whitei small","Misc_small",0.0365383207948189,-0.393968695533183,0.467045337122821,0.0302880672112008,0.042788574378437,0.219650473031029,"Bruxner",0.861014032656005,"small","small","Niemeyeria whitei","Misc","small_small","N_NSW",NA,"Subcanopy","Misc","Misc_Subcanopy","Misc.small_Subcanopy.small"
"640","Schizomeria ovata small","Misc_small",0.21308769641487,-0.213907836279479,0.640083229109219,0.206296928557983,0.219878464271758,0.217858866827368,"Bruxner",0.853991065388699,"small","small","Schizomeria ovata","Misc","small_small","N_NSW",NA,"Subcanopy","Misc","Misc_Subcanopy","Misc.small_Subcanopy.small"
"641","Syncarpia glomulifera subsp glabra small","Misc_small",-0.288227319904758,-0.847021344897312,0.270566705087796,-0.297773461930705,-0.278681177878811,0.285104231200293,"Bruxner",1.11758804998511,"small","small","Syncarpia glomulifera","Misc","small_small","N_NSW",NA,"Canopy","Misc","Misc_Canopy","Misc.small_Canopy.small"
"642","Niemeyeria whitei small","Niemeyeria whitei small",-0.350972148365733,-1.81021587950571,1.10827158277425,-0.36562328680979,-0.336321009921676,0.74452578856056,"Bruxner",2.91848746227996,"small","small","Niemeyeria whitei","Niemeyeria whitei","small_small","N_NSW",NA,"Subcanopy","Subcanopy","Subcanopy_Subcanopy","Subcanopy.small_Subcanopy.small"
"643","Schizomeria ovata small","Niemeyeria whitei small",0.491773341656706,-0.519733919610698,1.50328060292411,0.479045712022318,0.504500971291095,0.516084616475632,"Bruxner",2.02301452253481,"small","small","Schizomeria ovata","Niemeyeria whitei","small_small","N_NSW",NA,"Subcanopy","Subcanopy","Subcanopy_Subcanopy","Subcanopy.small_Subcanopy.small"
"644","Syncarpia glomulifera subsp glabra small","Niemeyeria whitei small",-0.291448895277673,-1.68185179024734,1.098953999692,-0.308481511888592,-0.274416278666753,0.709402267560521,"Bruxner",2.78080578993934,"small","small","Syncarpia glomulifera","Niemeyeria whitei","small_small","N_NSW",NA,"Canopy","Subcanopy","Subcanopy_Canopy","Canopy.small_Subcanopy.small"
"645","Schizomeria ovata small","Schizomeria ovata small",-0.864850066392381,-2.32379433905367,0.594094206268912,-0.881881904948369,-0.847818227836394,0.744373000814943,"Bruxner",2.91788854532259,"small","small","Schizomeria ovata","Schizomeria ovata","small_small","N_NSW",NA,"Subcanopy","Subcanopy","Subcanopy_Subcanopy","Subcanopy.small_Subcanopy.small"
"646","Syncarpia glomulifera subsp glabra small","Schizomeria ovata small",-0.0267918957568437,-1.24849981142993,1.19491601991625,-0.0428640997763501,-0.0107196917373373,0.623331819007781,"Bruxner",2.44341583134618,"small","small","Syncarpia glomulifera","Schizomeria ovata","small_small","N_NSW",NA,"Canopy","Subcanopy","Subcanopy_Canopy","Canopy.small_Subcanopy.small"
"647","Syncarpia glomulifera subsp glabra small","Syncarpia glomulifera subsp glabra small",-0.741367763289949,-2.32638271342473,0.84364718684483,-0.76050378946649,-0.722231737113409,0.808695956985524,"Bruxner",3.17002990026956,"small","small","Syncarpia glomulifera","Syncarpia glomulifera","small_small","N_NSW",NA,"Canopy","Canopy","Canopy_Canopy","Canopy.small_Canopy.small"
"648","Acmena smithii small","Acmena smithii small",-0.36900295961513,-1.26640900110671,0.528403081876453,-0.383022877978027,-0.354983041252233,0.45786863869449,"Osullivans",1.79481208298317,"small","small","Acmena smithii","Acmena smithii","small_small","N_NSW",NA,"Subcanopy","Subcanopy","Subcanopy_Subcanopy","Subcanopy.small_Subcanopy.small"
"649","Allocasuarina torulosa small","Acmena smithii small",0.603067920275577,-0.219079878079844,1.425215718631,0.590325388899932,0.615810451651222,0.419470870301913,"Osullivans",1.64429559671084,"small","small","Allocasuarina torulosa","Acmena smithii","small_small","N_NSW",NA,"Subcanopy","Subcanopy","Subcanopy_Subcanopy","Subcanopy.small_Subcanopy.small"
"650","Cryptocarya glaucescens small","Acmena smithii small",0.429785656703816,-0.289930564565503,1.14950187797313,0.418636905975928,0.440934407431704,0.367208901258568,"Osullivans",1.43943244253864,"small","small","Cryptocarya glaucescens","Acmena smithii","small_small","N_NSW",NA,"Subcanopy","Subcanopy","Subcanopy_Subcanopy","Subcanopy.small_Subcanopy.small"
"651","Cryptocarya microneura large","Acmena smithii small",0.146799302285401,-0.397436316513324,0.691034921084126,0.138719493584616,0.154879110986186,0.277676336448826,"Osullivans",1.08847123759745,"large","small","Cryptocarya microneura","Acmena smithii","large_small","N_NSW",NA,"Subcanopy","Subcanopy","Subcanopy_Subcanopy","Subcanopy.large_Subcanopy.small"
"652","Cryptocarya microneura small","Acmena smithii small",0.325810075689601,-0.264295572028038,0.91591572340724,0.31649728830114,0.335122863078062,0.301079842472779,"Osullivans",1.18021129543528,"small","small","Cryptocarya microneura","Acmena smithii","small_small","N_NSW",NA,"Subcanopy","Subcanopy","Subcanopy_Subcanopy","Subcanopy.small_Subcanopy.small"
"653","Eucalyptus grandis large","Acmena smithii small",0.123862660244508,-0.500771835074742,0.748497155563758,0.11277511434509,0.134950206143926,0.318696925171221,"Osullivans",1.2492689906385,"large","small","Eucalyptus grandis","Acmena smithii","large_small","N_NSW",NA,"Canopy","Subcanopy","Subcanopy_Canopy","Canopy.large_Subcanopy.small"
"654","Eucalyptus grandis small","Acmena smithii small",-0.219519994845574,-0.558920083231614,0.119880093540465,-0.225060782476837,-0.213979207214312,0.173166492375974,"Osullivans",0.678800176772079,"small","small","Eucalyptus grandis","Acmena smithii","small_small","N_NSW",NA,"Canopy","Subcanopy","Subcanopy_Canopy","Canopy.small_Subcanopy.small"
"655","Misc_large","Acmena smithii small",-0.636647528681835,-1.55558304508191,0.282287987718241,-0.648834853416433,-0.624460203947236,0.468853266513325,"Osullivans",1.83787103280015,"large","small","Misc","Acmena smithii","large_small","N_NSW",NA,"Misc","Subcanopy","Misc_Subcanopy","Misc.large_Subcanopy.small"
"656","Misc_small","Acmena smithii small",0.270919363742292,-0.429581910000786,0.97142063748537,0.258822689939609,0.283016037544975,0.357405176456579,"Osullivans",1.40100254748616,"small","small","Misc","Acmena smithii","small_small","N_NSW",NA,"Misc","Subcanopy","Misc_Subcanopy","Misc.small_Subcanopy.small"
"657","Syncarpia glomulifera subsp glomulifera large","Acmena smithii small",0.801653906415691,-0.243983182549631,1.84729099538101,0.77821035752726,0.825097455304122,0.533498113849629,"Osullivans",2.09127417793064,"large","small","Syncarpia glomulifera","Acmena smithii","large_small","N_NSW",NA,"Canopy","Subcanopy","Subcanopy_Canopy","Canopy.large_Subcanopy.small"
"658","Syncarpia glomulifera subsp glomulifera small","Acmena smithii small",-0.252592574764221,-0.666119214573022,0.16093406504458,-0.258341345540981,-0.246843803987461,0.210986856427285,"Osullivans",0.827053279617602,"small","small","Syncarpia glomulifera","Acmena smithii","small_small","N_NSW",NA,"Canopy","Subcanopy","Subcanopy_Canopy","Canopy.small_Subcanopy.small"
"659","Allocasuarina torulosa small","Allocasuarina torulosa small",-0.0108637587556384,-0.530753039106714,0.509025521595437,-0.0214879845784713,-0.000239532932805575,0.265254506945993,"Osullivans",1.03977856070215,"small","small","Allocasuarina torulosa","Allocasuarina torulosa","small_small","N_NSW",NA,"Subcanopy","Subcanopy","Subcanopy_Subcanopy","Subcanopy.small_Subcanopy.small"
"660","Cryptocarya glaucescens small","Allocasuarina torulosa small",-0.247991313792683,-1.05579880560327,0.559816178017908,-0.257788072606501,-0.238194554978866,0.412154252926316,"Osullivans",1.61561498362118,"small","small","Cryptocarya glaucescens","Allocasuarina torulosa","small_small","N_NSW",NA,"Subcanopy","Subcanopy","Subcanopy_Subcanopy","Subcanopy.small_Subcanopy.small"
"661","Cryptocarya microneura large","Allocasuarina torulosa small",-0.112261787878661,-0.569818369580652,0.345294793823329,-0.118226349336931,-0.106297226420391,0.233451525288801,"Osullivans",0.915113163403981,"large","small","Cryptocarya microneura","Allocasuarina torulosa","large_small","N_NSW",NA,"Subcanopy","Subcanopy","Subcanopy_Subcanopy","Subcanopy.large_Subcanopy.small"
"662","Cryptocarya microneura small","Allocasuarina torulosa small",-0.413063447643688,-0.817457544272516,-0.00866935101486038,-0.4193439632673,-0.406782932020076,0.206327310000917,"Osullivans",0.808788193257655,"small","small","Cryptocarya microneura","Allocasuarina torulosa","small_small","N_NSW",1,"Subcanopy","Subcanopy","Subcanopy_Subcanopy","Subcanopy.small_Subcanopy.small"
"663","Eucalyptus grandis large","Allocasuarina torulosa small",-0.21496154311146,-0.658052940286289,0.228129854063369,-0.225110319240517,-0.204812766982403,0.226071193486144,"Osullivans",0.886182794349658,"large","small","Eucalyptus grandis","Allocasuarina torulosa","large_small","N_NSW",NA,"Canopy","Subcanopy","Subcanopy_Canopy","Canopy.large_Subcanopy.small"
"664","Eucalyptus grandis small","Allocasuarina torulosa small",0.0609034953952634,-0.182581176166854,0.304388166957381,0.0572357284283163,0.0645712623622105,0.124229155985872,"Osullivans",0.486969343124235,"small","small","Eucalyptus grandis","Allocasuarina torulosa","small_small","N_NSW",NA,"Canopy","Subcanopy","Subcanopy_Canopy","Canopy.small_Subcanopy.small"
"665","Misc_large","Allocasuarina torulosa small",-0.0137076709606555,-0.790003095729314,0.762587753808003,-0.0221377322667838,-0.00527760965452726,0.39607637226601,"Osullivans",1.55259084953732,"large","small","Misc","Allocasuarina torulosa","large_small","N_NSW",NA,"Misc","Subcanopy","Misc_Subcanopy","Misc.large_Subcanopy.small"
"666","Misc_small","Allocasuarina torulosa small",0.202797514244697,-0.332967873124091,0.738562901613486,0.192803065557719,0.212791962931675,0.273354710390006,"Osullivans",1.07153077473758,"small","small","Misc","Allocasuarina torulosa","small_small","N_NSW",NA,"Misc","Subcanopy","Misc_Subcanopy","Misc.small_Subcanopy.small"
"667","Syncarpia glomulifera subsp glomulifera large","Allocasuarina torulosa small",-0.514828727274879,-1.33880177562488,0.309144321075119,-0.528347082397661,-0.501310372152097,0.420402137411398,"Osullivans",1.6479460967,"large","small","Syncarpia glomulifera","Allocasuarina torulosa","large_small","N_NSW",NA,"Canopy","Subcanopy","Subcanopy_Canopy","Canopy.large_Subcanopy.small"
"668","Syncarpia glomulifera subsp glomulifera small","Allocasuarina torulosa small",0.0650105402168355,-0.137282942021248,0.267304022454919,0.0610188913638268,0.0690021890698442,0.103212856886019,"Osullivans",0.404586964476168,"small","small","Syncarpia glomulifera","Allocasuarina torulosa","small_small","N_NSW",NA,"Canopy","Subcanopy","Subcanopy_Canopy","Canopy.small_Subcanopy.small"
"669","Cryptocarya glaucescens small","Cryptocarya glaucescens small",-0.55933134585623,-1.48318032818429,0.364517636471825,-0.572639353281358,-0.546023338431102,0.471360182949921,"Osullivans",1.84769796465611,"small","small","Cryptocarya glaucescens","Cryptocarya glaucescens","small_small","N_NSW",NA,"Subcanopy","Subcanopy","Subcanopy_Subcanopy","Subcanopy.small_Subcanopy.small"
"670","Cryptocarya microneura large","Cryptocarya glaucescens small",0.0591608857300363,-0.453789458664646,0.572111230124719,0.0519836049984445,0.0663381664616281,0.261714168444303,"Osullivans",1.02590068878936,"large","small","Cryptocarya microneura","Cryptocarya glaucescens","large_small","N_NSW",NA,"Subcanopy","Subcanopy","Subcanopy_Subcanopy","Subcanopy.large_Subcanopy.small"
"671","Cryptocarya microneura small","Cryptocarya glaucescens small",0.0683999596819487,-0.501358755717962,0.638158675081859,0.060585803099551,0.0762141162643465,0.290698563797138,"Osullivans",1.13951743079982,"small","small","Cryptocarya microneura","Cryptocarya glaucescens","small_small","N_NSW",NA,"Subcanopy","Subcanopy","Subcanopy_Subcanopy","Subcanopy.small_Subcanopy.small"
"672","Eucalyptus grandis large","Cryptocarya glaucescens small",0.609225677896229,-0.266091471577945,1.4845428273704,0.59719333742648,0.621258018365977,0.446598588738652,"Osullivans",1.75063429894835,"large","small","Eucalyptus grandis","Cryptocarya glaucescens","large_small","N_NSW",NA,"Canopy","Subcanopy","Subcanopy_Canopy","Canopy.large_Subcanopy.small"
"673","Eucalyptus grandis small","Cryptocarya glaucescens small",0.227434553087151,-0.0939114428670017,0.548780549041303,0.221790396226568,0.233078709947733,0.163955051464664,"Osullivans",0.642691991908305,"small","small","Eucalyptus grandis","Cryptocarya glaucescens","small_small","N_NSW",NA,"Canopy","Subcanopy","Subcanopy_Canopy","Canopy.small_Subcanopy.small"
"674","Misc_large","Cryptocarya glaucescens small",0.796440589208281,-0.220547734785282,1.81342891320184,0.781599619372344,0.811281559044218,0.518881128436766,"Osullivans",2.03397664798713,"large","small","Misc","Cryptocarya glaucescens","large_small","N_NSW",NA,"Misc","Subcanopy","Misc_Subcanopy","Misc.large_Subcanopy.small"
"675","Misc_small","Cryptocarya glaucescens small",-0.0994877687619455,-0.777928074261635,0.578952536737744,-0.11003328642169,-0.0889422511022014,0.346149373586015,"Osullivans",1.35688061099938,"small","small","Misc","Cryptocarya glaucescens","small_small","N_NSW",NA,"Misc","Subcanopy","Misc_Subcanopy","Misc.small_Subcanopy.small"
"676","Syncarpia glomulifera subsp glomulifera large","Cryptocarya glaucescens small",0.0628991219291352,-0.867462888916522,0.993261132774792,0.0501015826649939,0.0756966611932766,0.474683217744935,"Osullivans",1.86072402169131,"large","small","Syncarpia glomulifera","Cryptocarya glaucescens","large_small","N_NSW",NA,"Canopy","Subcanopy","Subcanopy_Canopy","Canopy.large_Subcanopy.small"
"677","Syncarpia glomulifera subsp glomulifera small","Cryptocarya glaucescens small",0.198076048845702,-0.130718530806256,0.52687062849766,0.191908834525265,0.204243263166139,0.167755419102314,"Osullivans",0.657589159303915,"small","small","Syncarpia glomulifera","Cryptocarya glaucescens","small_small","N_NSW",NA,"Canopy","Subcanopy","Subcanopy_Canopy","Canopy.small_Subcanopy.small"
"678","Cryptocarya microneura large","Cryptocarya microneura large",0.108707660828149,-0.309746657699463,0.527161979355761,0.101181285213533,0.116234036442766,0.213501024421023,"Osullivans",0.836908637055224,"large","large","Cryptocarya microneura","Cryptocarya microneura","large_large","N_NSW",NA,"Subcanopy","Subcanopy","Subcanopy_Subcanopy","Subcanopy.large_Subcanopy.large"
"679","Cryptocarya microneura small","Cryptocarya microneura large",-0.0115255698710692,-0.339036973748344,0.315985834006206,-0.0168552506238832,-0.00619588911825516,0.167100725554471,"Osullivans",0.65502280775455,"small","large","Cryptocarya microneura","Cryptocarya microneura","small_large","N_NSW",NA,"Subcanopy","Subcanopy","Subcanopy_Subcanopy","Subcanopy.large_Subcanopy.small"
"680","Eucalyptus grandis large","Cryptocarya microneura large",-0.11189778772952,-0.522479923165207,0.298684347706167,-0.119072852156069,-0.104722723302971,0.209484530672148,"Osullivans",0.821164270871374,"large","large","Eucalyptus grandis","Cryptocarya microneura","large_large","N_NSW",NA,"Canopy","Subcanopy","Subcanopy_Canopy","Canopy.large_Subcanopy.large"
"681","Eucalyptus grandis small","Cryptocarya microneura large",0.0736868257927942,-0.135498545620454,0.282872197206043,0.0704010683484743,0.0769725832371141,0.106729191486821,"Osullivans",0.418370742826497,"small","large","Eucalyptus grandis","Cryptocarya microneura","small_large","N_NSW",NA,"Canopy","Subcanopy","Subcanopy_Canopy","Canopy.small_Subcanopy.large"
"682","Misc_large","Cryptocarya microneura large",0.188615515446052,-0.451889940788805,0.829120971680908,0.181319950874944,0.19591108001716,0.326794503004689,"Osullivans",1.28101091246971,"large","large","Misc","Cryptocarya microneura","large_large","N_NSW",NA,"Misc","Subcanopy","Misc_Subcanopy","Misc.large_Subcanopy.large"
"683","Misc_small","Cryptocarya microneura large",0.0629886857983372,-0.514439733059929,0.640417104656604,0.0547789007059492,0.0711984708907251,0.294611749712213,"Osullivans",1.15485683771653,"small","large","Misc","Cryptocarya microneura","small_large","N_NSW",NA,"Misc","Subcanopy","Misc_Subcanopy","Misc.small_Subcanopy.large"
"684","Syncarpia glomulifera subsp glomulifera large","Cryptocarya microneura large",-0.442768743653908,-1.28652599032827,0.400988503020452,-0.453399091142744,-0.432138396165072,0.430496301630953,"Osullivans",1.68751449334872,"large","large","Syncarpia glomulifera","Cryptocarya microneura","large_large","N_NSW",NA,"Canopy","Subcanopy","Subcanopy_Canopy","Canopy.large_Subcanopy.large"
"685","Syncarpia glomulifera subsp glomulifera small","Cryptocarya microneura large",-0.0332137151365376,-0.25203358764251,0.185606157369435,-0.0365678279541879,-0.0298596023188874,0.111644843595084,"Osullivans",0.437639745011946,"small","large","Syncarpia glomulifera","Cryptocarya microneura","small_large","N_NSW",NA,"Canopy","Subcanopy","Subcanopy_Canopy","Canopy.small_Subcanopy.large"
"686","Cryptocarya microneura small","Cryptocarya microneura small",-0.105275047663669,-0.496326837723794,0.285776742396457,-0.112140779889146,-0.0984093154381917,0.199519885643151,"Osullivans",0.782103580120252,"small","small","Cryptocarya microneura","Cryptocarya microneura","small_small","N_NSW",NA,"Subcanopy","Subcanopy","Subcanopy_Subcanopy","Subcanopy.small_Subcanopy.small"
"687","Eucalyptus grandis large","Cryptocarya microneura small",-0.261040237561787,-0.701458083127925,0.179377608004352,-0.269579682119428,-0.252500793004145,0.224707111477608,"Osullivans",0.880835691132277,"large","small","Eucalyptus grandis","Cryptocarya microneura","large_small","N_NSW",NA,"Canopy","Subcanopy","Subcanopy_Canopy","Canopy.large_Subcanopy.small"
"688","Eucalyptus grandis small","Cryptocarya microneura small",0.063402429171125,-0.12423692088017,0.25104177922242,0.0597688419600716,0.0670360163821784,0.0957361214447666,"Osullivans",0.37527870010259,"small","small","Eucalyptus grandis","Cryptocarya microneura","small_small","N_NSW",NA,"Canopy","Subcanopy","Subcanopy_Canopy","Canopy.small_Subcanopy.small"
"689","Misc_large","Cryptocarya microneura small",-0.0892406629310184,-0.675822404167255,0.497341078305218,-0.0962318133357759,-0.0822495125262609,0.299281897965023,"Osullivans",1.17316348247247,"large","small","Misc","Cryptocarya microneura","large_small","N_NSW",NA,"Misc","Subcanopy","Misc_Subcanopy","Misc.large_Subcanopy.small"
"690","Misc_small","Cryptocarya microneura small",0.342829633217582,-0.20777262140612,0.893431887841284,0.333928671226174,0.35173059520899,0.280924679722068,"Osullivans",1.1012045092474,"small","small","Misc","Cryptocarya microneura","small_small","N_NSW",NA,"Misc","Subcanopy","Misc_Subcanopy","Misc.small_Subcanopy.small"
"691","Syncarpia glomulifera subsp glomulifera large","Cryptocarya microneura small",-0.316445137886016,-0.976003770070527,0.343113494298495,-0.325636112690772,-0.30725416308126,0.336515689771356,"Osullivans",1.31911726436902,"large","small","Syncarpia glomulifera","Cryptocarya microneura","large_small","N_NSW",NA,"Canopy","Subcanopy","Subcanopy_Canopy","Canopy.large_Subcanopy.small"
"692","Syncarpia glomulifera subsp glomulifera small","Cryptocarya microneura small",0.0986185515612853,-0.126480639800454,0.323717742923025,0.094282280218539,0.102954822904032,0.114848636575617,"Osullivans",0.450198382723479,"small","small","Syncarpia glomulifera","Cryptocarya microneura","small_small","N_NSW",NA,"Canopy","Subcanopy","Subcanopy_Canopy","Canopy.small_Subcanopy.small"
"693","Eucalyptus grandis large","Eucalyptus grandis large",-1.23721329930837,-2.21104088693498,-0.263385711681756,-1.25907255133676,-1.21535404727997,0.49685993993157,"Osullivans",1.94765517525322,"large","large","Eucalyptus grandis","Eucalyptus grandis","large_large","N_NSW",1,"Canopy","Canopy","Canopy_Canopy","Canopy.large_Canopy.large"
"694","Eucalyptus grandis small","Eucalyptus grandis large",0.000533543685388012,-0.290110379036202,0.291177466406978,-0.00502467868729409,0.00609176605807012,0.148290440545924,"Osullivans",0.581287845443179,"small","large","Eucalyptus grandis","Eucalyptus grandis","small_large","N_NSW",NA,"Canopy","Canopy","Canopy_Canopy","Canopy.large_Canopy.small"
"695","Misc_large","Eucalyptus grandis large",-0.47486915547629,-1.3696566503127,0.419918339360117,-0.486760393165852,-0.462977917786728,0.456532620953434,"Osullivans",1.78957498967281,"large","large","Misc","Eucalyptus grandis","large_large","N_NSW",NA,"Misc","Canopy","Misc_Canopy","Misc.large_Canopy.large"
"696","Misc_small","Eucalyptus grandis large",0.53343525102049,-0.199146586513778,1.26601708855476,0.521482933379085,0.545387568661896,0.373773111808575,"Osullivans",1.46516367506854,"small","large","Misc","Eucalyptus grandis","small_large","N_NSW",NA,"Misc","Canopy","Misc_Canopy","Misc.small_Canopy.large"
"697","Syncarpia glomulifera subsp glomulifera large","Eucalyptus grandis large",0.238929386943003,-0.491402943878054,0.96926171776406,0.224978471115888,0.252880302770118,0.372625383212052,"Osullivans",1.46066466164211,"large","large","Syncarpia glomulifera","Eucalyptus grandis","large_large","N_NSW",NA,"Canopy","Canopy","Canopy_Canopy","Canopy.large_Canopy.large"
"698","Syncarpia glomulifera subsp glomulifera small","Eucalyptus grandis large",-0.193698193115737,-0.439780278595733,0.0523838923642579,-0.202219513296712,-0.185176872934763,0.125554391519977,"Osullivans",0.49216417095999,"small","large","Syncarpia glomulifera","Eucalyptus grandis","small_large","N_NSW",NA,"Canopy","Canopy","Canopy_Canopy","Canopy.large_Canopy.small"
"699","Eucalyptus grandis small","Eucalyptus grandis small",0.220281555350891,0.0290205881127942,0.411542522588988,0.214452171852479,0.226110938849303,0.0975839192693025,"Osullivans",0.382521934476194,"small","small","Eucalyptus grandis","Eucalyptus grandis","small_small","N_NSW",1,"Canopy","Canopy","Canopy_Canopy","Canopy.small_Canopy.small"
"700","Misc_large","Eucalyptus grandis small",-0.286788086837584,-0.64316433332174,0.0695881596465716,-0.291485793922173,-0.282090379752995,0.181827956684514,"Osullivans",0.712752492968312,"large","small","Misc","Eucalyptus grandis","large_small","N_NSW",NA,"Misc","Canopy","Misc_Canopy","Misc.large_Canopy.small"
"701","Misc_small","Eucalyptus grandis small",0.0267650045531779,-0.344767667141054,0.398297676247409,0.0223293715189534,0.0312006375874023,0.189560968785566,"Osullivans",0.743065343388463,"small","small","Misc","Eucalyptus grandis","small_small","N_NSW",NA,"Misc","Canopy","Misc_Canopy","Misc.small_Canopy.small"
"702","Syncarpia glomulifera subsp glomulifera large","Eucalyptus grandis small",0.159177010742085,-0.26283339042804,0.581187411912209,0.152471640656806,0.165882380827364,0.215315385639169,"Osullivans",0.844020802340249,"large","small","Syncarpia glomulifera","Eucalyptus grandis","large_small","N_NSW",NA,"Canopy","Canopy","Canopy_Canopy","Canopy.large_Canopy.small"
"703","Syncarpia glomulifera subsp glomulifera small","Eucalyptus grandis small",0.0147395845032959,-0.112458837628993,0.141938006635585,0.0115429740804112,0.0179361949261806,0.0648983466714764,"Osullivans",0.254396844264577,"small","small","Syncarpia glomulifera","Eucalyptus grandis","small_small","N_NSW",NA,"Canopy","Canopy","Canopy_Canopy","Canopy.small_Canopy.small"
"704","Misc_large","Misc_large",-1.04058517628228,-2.51186162894815,0.430691276383587,-1.05762340146604,-1.02354695109853,0.750665045006495,"Osullivans",2.94255290533174,"large","large","Misc","Misc","large_large","N_NSW",NA,"Misc","Misc","Misc_Misc","Misc.large_Misc.large"
"705","Misc_small","Misc_large",0.681845197579958,-0.377746421568353,1.74143681672827,0.668275628363805,0.695414766796111,0.540617902934051,"Osullivans",2.11918323829662,"small","large","Misc","Misc","small_large","N_NSW",NA,"Misc","Misc","Misc_Misc","Misc.small_Misc.large"
"706","Syncarpia glomulifera subsp glomulifera large","Misc_large",0.438017043120636,-0.511379561288037,1.38741364752931,0.424758057950887,0.451276028290384,0.484394923527877,"Osullivans",1.89879320881735,"large","large","Syncarpia glomulifera","Misc","large_large","N_NSW",NA,"Canopy","Misc","Misc_Canopy","Misc.large_Canopy.large"
"707","Syncarpia glomulifera subsp glomulifera small","Misc_large",-0.253682418288006,-0.588299018138469,0.0809341815624574,-0.259116567693395,-0.248248268882617,0.170725892154079,"Osullivans",0.669233199700926,"small","large","Syncarpia glomulifera","Misc","small_large","N_NSW",NA,"Canopy","Misc","Misc_Canopy","Misc.large_Canopy.small"
"708","Misc_small","Misc_small",-1.01563010550605,-2.14110482063495,0.109844609622847,-1.03191542733383,-0.999344783678271,0.574232345087205,"Osullivans",2.2509494302578,"small","small","Misc","Misc","small_small","N_NSW",NA,"Misc","Misc","Misc_Misc","Misc.small_Misc.small"
"709","Syncarpia glomulifera subsp glomulifera large","Misc_small",-0.574590535922471,-1.44363706880359,0.29445599695865,-0.589740717296652,-0.559440354548291,0.443399235769662,"Osullivans",1.73809306576224,"large","small","Syncarpia glomulifera","Misc","large_small","N_NSW",NA,"Canopy","Misc","Misc_Canopy","Canopy.large_Misc.small"
"710","Syncarpia glomulifera subsp glomulifera small","Misc_small",-0.0683922408159029,-0.438055021172362,0.301270539540556,-0.0736191863886712,-0.0631652952431346,0.188606925062048,"Osullivans",0.739325560712918,"small","small","Syncarpia glomulifera","Misc","small_small","N_NSW",NA,"Canopy","Misc","Misc_Canopy","Misc.small_Canopy.small"
"711","Syncarpia glomulifera subsp glomulifera large","Syncarpia glomulifera subsp glomulifera large",-1.05341395753809,-2.99087971502696,0.884051799950779,-1.07753471702275,-1.02929319805343,0.988521101801539,"Osullivans",3.87493151497774,"large","large","Syncarpia glomulifera","Syncarpia glomulifera","large_large","N_NSW",NA,"Canopy","Canopy","Canopy_Canopy","Canopy.large_Canopy.large"
"712","Syncarpia glomulifera subsp glomulifera small","Syncarpia glomulifera subsp glomulifera large",-0.11081357385035,-0.537864699627144,0.316237551926443,-0.117624953255533,-0.104002194445168,0.217887231166143,"Osullivans",0.854102251553587,"small","large","Syncarpia glomulifera","Syncarpia glomulifera","small_large","N_NSW",NA,"Canopy","Canopy","Canopy_Canopy","Canopy.large_Canopy.small"
"713","Syncarpia glomulifera subsp glomulifera small","Syncarpia glomulifera subsp glomulifera small",0.0669228638215709,-0.182937419791791,0.316783147434933,0.0589055286453821,0.0749401989977597,0.127482079050548,"Osullivans",0.499720567226725,"small","small","Syncarpia glomulifera","Syncarpia glomulifera","small_small","N_NSW",NA,"Canopy","Canopy","Canopy_Canopy","Canopy.small_Canopy.small"
"714","Acacia melanoxylon small","Acacia melanoxylon small",0.382684038118635,0.181350467299236,0.584017608938034,0.375728805041771,0.3896392711955,0.10272309716275,"Herberton",0.402667141638798,"small","small","Acacia melanoxylon","Acacia melanoxylon","small_small","QLD",1,"Subcanopy","Subcanopy","Subcanopy_Subcanopy","Subcanopy.small_Subcanopy.small"
"715","Corymbia intermedia large","Acacia melanoxylon small",0.0958312276308801,-0.0963017764383114,0.287964231700072,0.0920162582808563,0.0996461969809039,0.0980288441954608,"Herberton",0.384266008138383,"large","small","Corymbia intermedia","Acacia melanoxylon","large_small","QLD",NA,"Canopy","Subcanopy","Subcanopy_Canopy","Canopy.large_Subcanopy.small"
"716","Corymbia intermedia small","Acacia melanoxylon small",0.121386903232967,-0.0330960626168136,0.275869869082747,0.11784961151752,0.124924194948414,0.0788192880421897,"Herberton",0.308965931699561,"small","small","Corymbia intermedia","Acacia melanoxylon","small_small","QLD",NA,"Canopy","Subcanopy","Subcanopy_Canopy","Canopy.small_Subcanopy.small"
"717","Eucalyptus grandis large","Acacia melanoxylon small",0.162697072259137,-0.185439273778895,0.51083341829717,0.157387056774564,0.168007087743711,0.177623848593182,"Herberton",0.696272692076064,"large","small","Eucalyptus grandis","Acacia melanoxylon","large_small","QLD",NA,"Canopy","Subcanopy","Subcanopy_Canopy","Canopy.large_Subcanopy.small"
"718","Eucalyptus grandis small","Acacia melanoxylon small",0.100309591951621,-0.0613841241016484,0.26200330800489,0.0967479157809085,0.103871268122333,0.082498309830532,"Herberton",0.323387432106539,"small","small","Eucalyptus grandis","Acacia melanoxylon","small_small","QLD",NA,"Canopy","Subcanopy","Subcanopy_Canopy","Canopy.small_Subcanopy.small"
"719","Corymbia intermedia large","Corymbia intermedia large",-0.0123471000286835,-0.378928536208284,0.354234336150917,-0.0183889390191055,-0.00630526103826156,0.187034781797598,"Herberton",0.733162872359201,"large","large","Corymbia intermedia","Corymbia intermedia","large_large","QLD",NA,"Canopy","Canopy","Canopy_Canopy","Canopy.large_Canopy.large"
"720","Corymbia intermedia small","Corymbia intermedia large",-0.00194174264887699,-0.157842603436968,0.153959118139214,-0.00501146089221337,0.0011279755944594,0.0795427171202212,"Herberton",0.311801721576182,"small","large","Corymbia intermedia","Corymbia intermedia","small_large","QLD",NA,"Canopy","Canopy","Canopy_Canopy","Canopy.large_Canopy.small"
"721","Eucalyptus grandis large","Corymbia intermedia large",-0.398153029077663,-0.785933236635384,-0.0103728215199422,-0.405216570774214,-0.391089487381112,0.197850680224985,"Herberton",0.775560415115441,"large","large","Eucalyptus grandis","Corymbia intermedia","large_large","QLD",1,"Canopy","Canopy","Canopy_Canopy","Canopy.large_Canopy.large"
"722","Eucalyptus grandis small","Corymbia intermedia large",-0.0358162331484398,-0.230347001595853,0.158714535298974,-0.0387970757279597,-0.03283539056892,0.0992522158477642,"Herberton",0.389061536894827,"small","large","Eucalyptus grandis","Corymbia intermedia","small_large","QLD",NA,"Canopy","Canopy","Canopy_Canopy","Canopy.large_Canopy.small"
"723","Corymbia intermedia small","Corymbia intermedia small",0.0253702331320951,-0.21428099814957,0.26502146441376,0.0168800817525996,0.0338603845115905,0.122273283168468,"Herberton",0.479302462563331,"small","small","Corymbia intermedia","Corymbia intermedia","small_small","QLD",NA,"Canopy","Canopy","Canopy_Canopy","Canopy.small_Canopy.small"
"724","Eucalyptus grandis large","Corymbia intermedia small",-0.176331119468371,-0.378667449177986,0.0260052102412432,-0.18087499569149,-0.171787243245253,0.103234718242589,"Herberton",0.404672659419229,"large","small","Eucalyptus grandis","Corymbia intermedia","large_small","QLD",NA,"Canopy","Canopy","Canopy_Canopy","Canopy.large_Canopy.small"
"725","Eucalyptus grandis small","Corymbia intermedia small",-0.232107783942866,-0.363474472176699,-0.100741095709032,-0.235336636358786,-0.228878931526945,0.0670250521285276,"Herberton",0.262733376467668,"small","small","Eucalyptus grandis","Corymbia intermedia","small_small","QLD",1,"Canopy","Canopy","Canopy_Canopy","Canopy.small_Canopy.small"
"726","Eucalyptus grandis large","Eucalyptus grandis large",-0.628665944782207,-1.3008723384379,0.0435404488734876,-0.646466169378041,-0.610865720186374,0.342968747873927,"Herberton",1.34441278731139,"large","large","Eucalyptus grandis","Eucalyptus grandis","large_large","QLD",NA,"Canopy","Canopy","Canopy_Canopy","Canopy.large_Canopy.large"
"727","Eucalyptus grandis small","Eucalyptus grandis large",-0.134450940601711,-0.401350288437335,0.132448407233912,-0.140589221953638,-0.128312659249785,0.136175638910149,"Herberton",0.533798695671248,"small","large","Eucalyptus grandis","Eucalyptus grandis","small_large","QLD",NA,"Canopy","Canopy","Canopy_Canopy","Canopy.large_Canopy.small"
"728","Eucalyptus grandis small","Eucalyptus grandis small",-0.0100240939364303,-0.288691716630788,0.268643528757927,-0.0170593800636189,-0.00298880780924171,0.142179971107863,"Herberton",0.557335245388715,"small","small","Eucalyptus grandis","Eucalyptus grandis","small_small","QLD",NA,"Canopy","Canopy","Canopy_Canopy","Canopy.small_Canopy.small"
"729","Allocasuarina torulosa large","Allocasuarina torulosa large",-0.0139896404616919,-0.249029859057097,0.221050578133713,-0.0186840995234006,-0.0092951813999832,0.119920682445888,"Lamb Range",0.470080437190811,"large","large","Allocasuarina torulosa","Allocasuarina torulosa","large_large","QLD",NA,"Subcanopy","Subcanopy","Subcanopy_Subcanopy","Subcanopy.large_Subcanopy.large"
"730","Allocasuarina torulosa small","Allocasuarina torulosa large",0.12583504283191,-0.025550177891907,0.277220263555726,0.122766719977722,0.128903365686097,0.0772387767928002,"Lamb Range",0.302770441447633,"small","large","Allocasuarina torulosa","Allocasuarina torulosa","small_large","QLD",NA,"Subcanopy","Subcanopy","Subcanopy_Subcanopy","Subcanopy.large_Subcanopy.small"
"731","Eucalyptus grandis large","Allocasuarina torulosa large",-0.0378233968206195,-0.234796061646504,0.159149268005265,-0.0409014229559793,-0.0347453706852597,0.100498104240476,"Lamb Range",0.39394532965177,"large","large","Eucalyptus grandis","Allocasuarina torulosa","large_large","QLD",NA,"Canopy","Subcanopy","Subcanopy_Canopy","Canopy.large_Subcanopy.large"
"732","Eucalyptus grandis small","Allocasuarina torulosa large",-0.0424217083453603,-0.170396548317504,0.0855531316267833,-0.0452328621987769,-0.0396105544919436,0.0652944855015668,"Lamb Range",0.255949679944287,"small","large","Eucalyptus grandis","Allocasuarina torulosa","small_large","QLD",NA,"Canopy","Subcanopy","Subcanopy_Canopy","Canopy.small_Subcanopy.large"
"733","Misc_small","Allocasuarina torulosa large",0.171091241003505,-0.0800780944363462,0.422260576443356,0.166747565314216,0.175434916692794,0.128149974908234,"Lamb Range",0.502338670879702,"small","large","Misc","Allocasuarina torulosa","small_large","QLD",NA,"Misc","Subcanopy","Misc_Subcanopy","Misc.small_Subcanopy.large"
"734","Allocasuarina torulosa small","Allocasuarina torulosa small",0.114632476745149,-0.0980027676474664,0.327267721137765,0.107682482403062,0.121582471087236,0.108489363105575,"Lamb Range",0.425270488785231,"small","small","Allocasuarina torulosa","Allocasuarina torulosa","small_small","QLD",NA,"Subcanopy","Subcanopy","Subcanopy_Subcanopy","Subcanopy.small_Subcanopy.small"
"735","Eucalyptus grandis large","Allocasuarina torulosa small",-0.0463359616935784,-0.206857464042971,0.114185540655814,-0.0495327805948181,-0.0431391427923386,0.0819002306244225,"Lamb Range",0.321043004698785,"large","small","Eucalyptus grandis","Allocasuarina torulosa","large_small","QLD",NA,"Canopy","Subcanopy","Subcanopy_Canopy","Canopy.large_Subcanopy.small"
"736","Eucalyptus grandis small","Allocasuarina torulosa small",-0.0868966293820477,-0.196261240341399,0.0224679815773038,-0.0899096693949763,-0.083883589369119,0.0557992962227906,"Lamb Range",0.218729221918703,"small","small","Eucalyptus grandis","Allocasuarina torulosa","small_small","QLD",NA,"Canopy","Subcanopy","Subcanopy_Canopy","Canopy.small_Subcanopy.small"
"737","Misc_small","Allocasuarina torulosa small",-0.183922028358424,-0.399000858340666,0.0311568016238191,-0.187842601417744,-0.180001455299103,0.10973611335655,"Lamb Range",0.430157659964485,"small","small","Misc","Allocasuarina torulosa","small_small","QLD",NA,"Misc","Subcanopy","Misc_Subcanopy","Misc.small_Subcanopy.small"
"738","Eucalyptus grandis large","Eucalyptus grandis large",-0.0324245701070703,-0.360321093616288,0.295471953402147,-0.0379734150592582,-0.0268757251548824,0.167297218773214,"Lamb Range",0.655793047018436,"large","large","Eucalyptus grandis","Eucalyptus grandis","large_large","QLD",NA,"Canopy","Canopy","Canopy_Canopy","Canopy.large_Canopy.large"
"739","Eucalyptus grandis small","Eucalyptus grandis large",0.0117994263580761,-0.11774616873939,0.141345021455542,0.0088514068311336,0.0147474458850187,0.0660959059040398,"Lamb Range",0.259091190194932,"small","large","Eucalyptus grandis","Eucalyptus grandis","small_large","QLD",NA,"Canopy","Canopy","Canopy_Canopy","Canopy.large_Canopy.small"
"740","Misc_small","Eucalyptus grandis large",-0.249445605315491,-0.522117907707452,0.0232266970764699,-0.254357875267436,-0.244533335363547,0.139121078011007,"Lamb Range",0.545344604783922,"small","large","Misc","Eucalyptus grandis","small_large","QLD",NA,"Misc","Canopy","Misc_Canopy","Misc.small_Canopy.large"
"741","Eucalyptus grandis small","Eucalyptus grandis small",0.311172680787924,0.150689890038189,0.471655471537659,0.302191092082574,0.320154269493273,0.0818804794453381,"Lamb Range",0.32096558149947,"small","small","Eucalyptus grandis","Eucalyptus grandis","small_small","QLD",1,"Canopy","Canopy","Canopy_Canopy","Canopy.small_Canopy.small"
"742","Misc_small","Eucalyptus grandis small",-0.246906154625605,-0.456042252969207,-0.0377700562820028,-0.251020397582376,-0.242791911668834,0.106704051703624,"Lamb Range",0.418272196687205,"small","small","Misc","Eucalyptus grandis","small_small","QLD",1,"Misc","Canopy","Misc_Canopy","Misc.small_Canopy.small"
"743","Misc_small","Misc_small",-0.112015080064454,-0.608604200314384,0.384574040185475,-0.120965927693736,-0.103064232435172,0.253366451713889,"Lamb Range",0.993178240499859,"small","small","Misc","Misc","small_small","QLD",NA,"Misc","Misc","Misc_Misc","Misc.small_Misc.small"
"744","Allocasuarina torulosa small","Allocasuarina torulosa small",0.269460584589269,0.00484831721658718,0.534072851961951,0.264051044638645,0.274870124539893,0.135008739680887,"Baldy",0.529224534745364,"small","small","Allocasuarina torulosa","Allocasuarina torulosa","small_small","QLD",1,"Subcanopy","Subcanopy","Subcanopy_Subcanopy","Subcanopy.small_Subcanopy.small"
"745","Corymbia intermedia small","Allocasuarina torulosa small",0.154157728440605,-0.111108013839222,0.419423470720432,0.149989091092065,0.158326365789145,0.135342151372275,"Baldy",0.530531484559654,"small","small","Corymbia intermedia","Allocasuarina torulosa","small_small","QLD",NA,"Canopy","Subcanopy","Subcanopy_Canopy","Canopy.small_Subcanopy.small"
"746","Eucalyptus grandis large","Allocasuarina torulosa small",-0.0922982917947368,-0.368023422033484,0.18342683844401,-0.0956308724691654,-0.0889657111203082,0.140678671860112,"Baldy",0.551450260477494,"large","small","Eucalyptus grandis","Allocasuarina torulosa","large_small","QLD",NA,"Canopy","Subcanopy","Subcanopy_Canopy","Canopy.large_Subcanopy.small"
"747","Eucalyptus grandis small","Allocasuarina torulosa small",0.156455859267272,-0.163173979572262,0.476085698106807,0.15151081757275,0.161400900961795,0.163079445010589,"Baldy",0.639259677679068,"small","small","Eucalyptus grandis","Allocasuarina torulosa","small_small","QLD",NA,"Canopy","Subcanopy","Subcanopy_Canopy","Canopy.small_Subcanopy.small"
"748","Misc_large","Allocasuarina torulosa small",0.0141694999094334,-0.165787738281582,0.194126738100449,0.0116759092679423,0.0166630905509246,0.0918166045960513,"Baldy",0.359914476382031,"large","small","Misc","Allocasuarina torulosa","large_small","QLD",NA,"Misc","Subcanopy","Misc_Subcanopy","Misc.large_Subcanopy.small"
"749","Misc_small","Allocasuarina torulosa small",0.0308354143525821,-0.0732822673414224,0.134953096046587,0.0260749682769796,0.0355958604281846,0.0531222423040788,"Baldy",0.208235363388009,"small","small","Misc","Allocasuarina torulosa","small_small","QLD",NA,"Misc","Subcanopy","Misc_Subcanopy","Misc.small_Subcanopy.small"
"750","Corymbia intermedia small","Corymbia intermedia small",0.188944515786287,-0.222104795081896,0.59999382665447,0.181699389302336,0.196189642270238,0.209722889864552,"Baldy",0.822098621736366,"small","small","Corymbia intermedia","Corymbia intermedia","small_small","QLD",NA,"Canopy","Canopy","Canopy_Canopy","Canopy.small_Canopy.small"
"751","Eucalyptus grandis large","Corymbia intermedia small",0.186020905970858,-0.151868557978357,0.523910369920073,0.181463426942816,0.1905783849989,0.172395751459947,"Baldy",0.67577892789843,"large","small","Eucalyptus grandis","Corymbia intermedia","large_small","QLD",NA,"Canopy","Canopy","Canopy_Canopy","Canopy.large_Canopy.small"
"752","Eucalyptus grandis small","Corymbia intermedia small",0.139830654840831,-0.234628253747262,0.514289563428924,0.133139414908529,0.146521894773134,0.191053974226964,"Baldy",0.748917817176186,"small","small","Eucalyptus grandis","Corymbia intermedia","small_small","QLD",NA,"Canopy","Canopy","Canopy_Canopy","Canopy.small_Canopy.small"
"753","Misc_large","Corymbia intermedia small",-0.128770991050214,-0.357969045199601,0.100427063099173,-0.132329886204988,-0.12521209589544,0.116939931527963,"Baldy",0.458396108298773,"large","small","Misc","Corymbia intermedia","large_small","QLD",NA,"Misc","Canopy","Misc_Canopy","Misc.large_Canopy.small"
"754","Misc_small","Corymbia intermedia small",0.0404866801595682,-0.162124897956646,0.243098258275782,0.0344084020293294,0.0465649582898069,0.103375153683633,"Baldy",0.405223156232428,"small","small","Misc","Corymbia intermedia","small_small","QLD",NA,"Misc","Canopy","Misc_Canopy","Misc.small_Canopy.small"
"755","Eucalyptus grandis large","Eucalyptus grandis large",-0.219118113719287,-0.608827329374519,0.170591101935946,-0.225918663879147,-0.212317563559426,0.198834886114852,"Baldy",0.779418431310466,"large","large","Eucalyptus grandis","Eucalyptus grandis","large_large","QLD",NA,"Canopy","Canopy","Canopy_Canopy","Canopy.large_Canopy.large"
"756","Eucalyptus grandis small","Eucalyptus grandis large",-0.164151961492674,-0.473940292046233,0.145636369060885,-0.168975633636445,-0.159328289348904,0.158058175046649,"Baldy",0.619576661107118,"small","large","Eucalyptus grandis","Eucalyptus grandis","small_large","QLD",NA,"Canopy","Canopy","Canopy_Canopy","Canopy.large_Canopy.small"
"757","Misc_large","Eucalyptus grandis large",-0.115279015569222,-0.335148753048755,0.10459072191031,-0.118098038698851,-0.112459992439594,0.112180498832549,"Baldy",0.439739474959065,"large","large","Misc","Eucalyptus grandis","large_large","QLD",NA,"Misc","Canopy","Misc_Canopy","Misc.large_Canopy.large"
"758","Misc_small","Eucalyptus grandis large",-0.133888234829556,-0.316433812332881,0.0486573426737691,-0.137765705652448,-0.130010764006664,0.0931372101442789,"Baldy",0.36509115500665,"small","large","Misc","Eucalyptus grandis","small_large","QLD",NA,"Misc","Canopy","Misc_Canopy","Misc.small_Canopy.large"
"759","Eucalyptus grandis small","Eucalyptus grandis small",-0.238474718457141,-0.822543058315037,0.345593621400755,-0.249618212276559,-0.227331224637723,0.297999526759141,"Baldy",1.16813667971579,"small","small","Eucalyptus grandis","Eucalyptus grandis","small_small","QLD",NA,"Canopy","Canopy","Canopy_Canopy","Canopy.small_Canopy.small"
"760","Misc_large","Eucalyptus grandis small",0.0113377713368941,-0.21239178162255,0.235067324296339,0.0081907792313341,0.0144847634424542,0.114149828631646,"Baldy",0.447459105918889,"large","small","Misc","Eucalyptus grandis","large_small","QLD",NA,"Misc","Canopy","Misc_Canopy","Misc.large_Canopy.small"
"761","Misc_small","Eucalyptus grandis small",-0.112082972811387,-0.304964852968192,0.0807989073454175,-0.116368013929853,-0.107797931692921,0.0984109308529302,"Baldy",0.38576376031361,"small","small","Misc","Eucalyptus grandis","small_small","QLD",NA,"Misc","Canopy","Misc_Canopy","Misc.small_Canopy.small"
"762","Misc_large","Misc_large",0.157138876751477,-0.0686026771294507,0.382880430632404,0.152664789546227,0.161612963956726,0.115176378577131,"Baldy",0.451483107761855,"large","large","Misc","Misc","large_large","QLD",NA,"Misc","Misc","Misc_Misc","Misc.large_Misc.large"
"763","Misc_small","Misc_large",0.0218848420919974,-0.0708823698649702,0.114652054048965,0.0180846525838249,0.0256850316001699,0.0473310799018266,"Baldy",0.185534423913935,"small","large","Misc","Misc","small_large","QLD",NA,"Misc","Misc","Misc_Misc","Misc.small_Misc.large"
"764","Misc_small","Misc_small",0.477522459125679,0.420682331750925,0.534362586500433,0.466777623416886,0.488267294834473,0.0290005978799109,"Baldy",0.113680254749508,"small","small","Misc","Misc","small_small","QLD",1,"Misc","Misc","Misc_Misc","Misc.small_Misc.small"
"765","Acacia melanoxylon large","Acacia melanoxylon large",0.183041186950457,-0.11835539539337,0.484437769294284,0.17678080867438,0.189301565226534,0.15377659218292,"Koombooloomba",0.602793164687654,"large","large","Acacia melanoxylon","Acacia melanoxylon","large_large","QLD",NA,"Subcanopy","Subcanopy","Subcanopy_Subcanopy","Subcanopy.large_Subcanopy.large"
"766","Acacia melanoxylon small","Acacia melanoxylon large",0.0720063037039351,-0.055359117593781,0.199371725001651,0.0686521725644654,0.0753604348434048,0.0649835518929727,"Koombooloomba",0.254730842595432,"small","large","Acacia melanoxylon","Acacia melanoxylon","small_large","QLD",NA,"Subcanopy","Subcanopy","Subcanopy_Subcanopy","Subcanopy.large_Subcanopy.small"
"767","Eucalyptus grandis large","Acacia melanoxylon large",-0.0578481718797948,-0.448836845274824,0.333140501515234,-0.0641628023655786,-0.051533541394011,0.199487682671262,"Koombooloomba",0.781977346790057,"large","large","Eucalyptus grandis","Acacia melanoxylon","large_large","QLD",NA,"Canopy","Subcanopy","Subcanopy_Canopy","Canopy.large_Subcanopy.large"
"768","Eucalyptus grandis small","Acacia melanoxylon large",0.0975651053298809,-0.0795044252298331,0.274634635889595,0.0935398495463016,0.10159036111346,0.0903432573028974,"Koombooloomba",0.354139061119428,"small","large","Eucalyptus grandis","Acacia melanoxylon","small_large","QLD",NA,"Canopy","Subcanopy","Subcanopy_Canopy","Canopy.small_Subcanopy.large"
"769","Misc_large","Acacia melanoxylon large",0.00830456689667448,-0.467209401499216,0.483818535292565,0.000261644502751228,0.0163474892905977,0.242613625631228,"Koombooloomba",0.95102793679178,"large","large","Misc","Acacia melanoxylon","large_large","QLD",NA,"Misc","Subcanopy","Misc_Subcanopy","Misc.large_Subcanopy.large"
"770","Misc_small","Acacia melanoxylon large",-0.273868943675153,-0.737221939206173,0.189484051855867,-0.279960823311047,-0.267777064039259,0.236408933626276,"Koombooloomba",0.926705991062041,"small","large","Misc","Acacia melanoxylon","small_large","QLD",NA,"Misc","Subcanopy","Misc_Subcanopy","Misc.small_Subcanopy.large"
"771","Polyscias elegans small","Acacia melanoxylon large",0.186286406211237,-0.0951767903807862,0.46774960280326,0.181007938372702,0.191564874049771,0.14360631053028,"Koombooloomba",0.562926393184046,"small","large","Polyscias elegans","Acacia melanoxylon","small_large","QLD",NA,"Subcanopy","Subcanopy","Subcanopy_Subcanopy","Subcanopy.large_Subcanopy.small"
"772","Sloanea langii small","Acacia melanoxylon large",-0.203778750910019,-0.493620278972822,0.086062777152785,-0.209088587924872,-0.198468913895165,0.147881047993247,"Koombooloomba",0.579683056125607,"small","large","Sloanea langii","Acacia melanoxylon","small_large","QLD",NA,"Subcanopy","Subcanopy","Subcanopy_Subcanopy","Subcanopy.large_Subcanopy.small"
"773","Syncarpia glomulifera small","Acacia melanoxylon large",-0.116248150687132,-0.562923467751629,0.330427166377364,-0.123559049335349,-0.108937252038915,0.227899757642393,"Koombooloomba",0.893350634128993,"small","large","Syncarpia glomulifera","Acacia melanoxylon","small_large","QLD",NA,"Canopy","Subcanopy","Subcanopy_Canopy","Canopy.small_Subcanopy.large"
"774","Acacia melanoxylon small","Acacia melanoxylon small",0.341517455215106,0.22595186417074,0.457083046259472,0.329857675415562,0.353177235014651,0.0589631197082868,"Koombooloomba",0.231131182088732,"small","small","Acacia melanoxylon","Acacia melanoxylon","small_small","QLD",1,"Subcanopy","Subcanopy","Subcanopy_Subcanopy","Subcanopy.small_Subcanopy.small"
"775","Eucalyptus grandis large","Acacia melanoxylon small",-0.193585610245205,-0.474717558636366,0.0875463381459561,-0.198826996714977,-0.188344223775433,0.143437303240618,"Koombooloomba",0.562263896782322,"large","small","Eucalyptus grandis","Acacia melanoxylon","large_small","QLD",NA,"Canopy","Subcanopy","Subcanopy_Canopy","Canopy.large_Subcanopy.small"
"776","Eucalyptus grandis small","Acacia melanoxylon small",-0.0173503197571274,-0.108367394438745,0.0736667549244905,-0.0205886781456971,-0.0141119613685577,0.0464381363124777,"Koombooloomba",0.182034149363236,"small","small","Eucalyptus grandis","Acacia melanoxylon","small_small","QLD",NA,"Canopy","Subcanopy","Subcanopy_Canopy","Canopy.small_Subcanopy.small"
"777","Misc_large","Acacia melanoxylon small",0.156411623551479,-0.159895040106354,0.472718287209313,0.149256741517609,0.16356650558535,0.161383916313167,"Koombooloomba",0.632613327315667,"large","small","Misc","Acacia melanoxylon","large_small","QLD",NA,"Misc","Subcanopy","Misc_Subcanopy","Misc.large_Subcanopy.small"
"778","Misc_small","Acacia melanoxylon small",0.116882625018447,-0.109576748904957,0.343341998941851,0.112842639846262,0.120922610190632,0.115542620022453,"Koombooloomba",0.452918747846807,"small","small","Misc","Acacia melanoxylon","small_small","QLD",NA,"Misc","Subcanopy","Misc_Subcanopy","Misc.small_Subcanopy.small"
"779","Polyscias elegans small","Acacia melanoxylon small",-0.065120051009354,-0.223547842717604,0.0933077406988957,-0.0690559278226241,-0.0611841741960839,0.0808319912804051,"Koombooloomba",0.316855583416499,"small","small","Polyscias elegans","Acacia melanoxylon","small_small","QLD",NA,"Subcanopy","Subcanopy","Subcanopy_Subcanopy","Subcanopy.small_Subcanopy.small"
"780","Sloanea langii small","Acacia melanoxylon small",0.0687303707737019,-0.109804292117427,0.24726503366483,0.0645064905404117,0.072954251006992,0.0910907875345604,"Koombooloomba",0.357069325782257,"small","small","Sloanea langii","Acacia melanoxylon","small_small","QLD",NA,"Subcanopy","Subcanopy","Subcanopy_Subcanopy","Subcanopy.small_Subcanopy.small"
"781","Syncarpia glomulifera small","Acacia melanoxylon small",-0.00677745615868403,-0.229407083452948,0.21585217113558,-0.011864289342562,-0.00169062297480604,0.113588631755654,"Koombooloomba",0.445259254588527,"small","small","Syncarpia glomulifera","Acacia melanoxylon","small_small","QLD",NA,"Canopy","Subcanopy","Subcanopy_Canopy","Canopy.small_Subcanopy.small"
"782","Eucalyptus grandis large","Eucalyptus grandis large",-1.12938127039615,-2.73924880648389,0.48048626569159,-1.15196061532633,-1.10680192546597,0.821376080778101,"Koombooloomba",3.21973507217548,"large","large","Eucalyptus grandis","Eucalyptus grandis","large_large","QLD",NA,"Canopy","Canopy","Canopy_Canopy","Canopy.large_Canopy.large"
"783","Eucalyptus grandis small","Eucalyptus grandis large",-0.223333138200304,-0.604954811332942,0.158288534932334,-0.229779527215872,-0.216886749184736,0.194708513086374,"Koombooloomba",0.763243346265276,"small","large","Eucalyptus grandis","Eucalyptus grandis","small_large","QLD",NA,"Canopy","Canopy","Canopy_Canopy","Canopy.large_Canopy.small"
"784","Misc_large","Eucalyptus grandis large",-0.0109364626150695,-0.993890748660772,0.972017823430633,-0.0319474248376799,0.0100744996075408,0.501516504282283,"Koombooloomba",1.96590857209141,"large","large","Misc","Eucalyptus grandis","large_large","QLD",NA,"Misc","Canopy","Misc_Canopy","Misc.large_Canopy.large"
"785","Misc_small","Eucalyptus grandis large",0.0553847986058304,-0.689268121443942,0.800037718655603,0.0435092832312992,0.0672603139803617,0.379931940547633,"Koombooloomba",1.48930584009955,"small","large","Misc","Eucalyptus grandis","small_large","QLD",NA,"Misc","Canopy","Misc_Canopy","Misc.small_Canopy.large"
"786","Polyscias elegans small","Eucalyptus grandis large",0.481438581313259,-0.129846766312596,1.09272392893911,0.471229698954623,0.491647463671895,0.311886010379576,"Koombooloomba",1.22257069525171,"small","large","Polyscias elegans","Eucalyptus grandis","small_large","QLD",NA,"Subcanopy","Canopy","Subcanopy_Canopy","Canopy.large_Subcanopy.small"
"787","Sloanea langii small","Eucalyptus grandis large",-0.153082327935151,-0.598403692945976,0.292239037075674,-0.160272553175832,-0.145892102694471,0.227208953084579,"Koombooloomba",0.89064273002165,"small","large","Sloanea langii","Eucalyptus grandis","small_large","QLD",NA,"Subcanopy","Canopy","Subcanopy_Canopy","Canopy.large_Subcanopy.small"
"788","Syncarpia glomulifera small","Eucalyptus grandis large",0.444454600903621,-0.41941371666702,1.30832291847426,0.428508767120734,0.460400434686508,0.440757240635402,"Koombooloomba",1.72773663514128,"small","large","Syncarpia glomulifera","Eucalyptus grandis","small_large","QLD",NA,"Canopy","Canopy","Canopy_Canopy","Canopy.large_Canopy.small"
"789","Eucalyptus grandis small","Eucalyptus grandis small",0.290502185736195,0.0814961478465269,0.499508223625862,0.282388075330071,0.298616296142318,0.106637693109813,"Koombooloomba",0.418012075779335,"small","small","Eucalyptus grandis","Eucalyptus grandis","small_small","QLD",1,"Canopy","Canopy","Canopy_Canopy","Canopy.small_Canopy.small"
"790","Misc_large","Eucalyptus grandis small",-0.237068232679549,-0.643565112042464,0.169428646683367,-0.244647360213695,-0.229489105145403,0.207400178048837,"Koombooloomba",0.812993758725831,"large","small","Misc","Eucalyptus grandis","large_small","QLD",NA,"Misc","Canopy","Misc_Canopy","Misc.large_Canopy.small"
"791","Misc_small","Eucalyptus grandis small",0.229705020154358,-0.0136805669575872,0.473090607266302,0.22425128405495,0.235158756253766,0.124178601766022,"Koombooloomba",0.48677117422389,"small","small","Misc","Eucalyptus grandis","small_small","QLD",NA,"Misc","Canopy","Misc_Canopy","Misc.small_Canopy.small"
"792","Polyscias elegans small","Eucalyptus grandis small",0.00115295370881994,-0.223471533935003,0.225777441352643,-0.00321480054037081,0.00552070795801069,0.114606436350684,"Koombooloomba",0.449248975287646,"small","small","Polyscias elegans","Eucalyptus grandis","small_small","QLD",NA,"Subcanopy","Canopy","Subcanopy_Canopy","Canopy.small_Subcanopy.small"
"793","Sloanea langii small","Eucalyptus grandis small",0.0535100126336372,-0.188996735574255,0.296016760841529,0.0494118310889419,0.0576081941783324,0.123730206330705,"Koombooloomba",0.485013496415784,"small","small","Sloanea langii","Eucalyptus grandis","small_small","QLD",NA,"Subcanopy","Canopy","Subcanopy_Canopy","Canopy.small_Subcanopy.small"
"794","Syncarpia glomulifera small","Eucalyptus grandis small",0.204146771795557,-0.175939877677024,0.584233421268137,0.197720637687554,0.210572905903559,0.193925323358314,"Koombooloomba",0.760173298945161,"small","small","Syncarpia glomulifera","Eucalyptus grandis","small_small","QLD",NA,"Canopy","Canopy","Canopy_Canopy","Canopy.small_Canopy.small"
"795","Misc_large","Misc_large",-0.89186242415397,-2.23085196812331,0.447127119815367,-0.930009437497519,-0.853715410810422,0.683170484014562,"Koombooloomba",2.67797908793867,"large","large","Misc","Misc","large_large","QLD",NA,"Misc","Misc","Misc_Misc","Misc.large_Misc.large"
"796","Misc_small","Misc_large",0.239915258772861,-0.664913445979288,1.14474396352501,0.224196538789553,0.255633978756168,0.461655781376251,"Koombooloomba",1.8096574095043,"small","large","Misc","Misc","small_large","QLD",NA,"Misc","Misc","Misc_Misc","Misc.small_Misc.large"
"797","Polyscias elegans small","Misc_large",0.154951750071881,-0.421274092754563,0.731177592898325,0.144388088074583,0.16551541206918,0.293998179237802,"Koombooloomba",1.15245168565289,"small","large","Polyscias elegans","Misc","small_large","QLD",NA,"Subcanopy","Misc","Misc_Subcanopy","Misc.large_Subcanopy.small"
"798","Sloanea langii small","Misc_large",-0.121478061891125,-0.636359712259467,0.393403588477218,-0.130443557471688,-0.112512566310561,0.262699546741503,"Koombooloomba",1.02976330073669,"small","large","Sloanea langii","Misc","small_large","QLD",NA,"Subcanopy","Misc","Misc_Subcanopy","Misc.large_Subcanopy.small"
"799","Syncarpia glomulifera small","Misc_large",0.860294273454647,-0.183019742089037,1.90360828899833,0.831571900775313,0.889016646133981,0.532312850528485,"Koombooloomba",2.08662803108737,"small","large","Syncarpia glomulifera","Misc","small_large","QLD",NA,"Canopy","Misc","Misc_Canopy","Misc.large_Canopy.small"
"800","Misc_small","Misc_small",-0.828699927322172,-1.66421759207648,0.00681773743213465,-0.8432687283045,-0.814131126339844,0.426292356055909,"Koombooloomba",1.67103532950861,"small","small","Misc","Misc","small_small","QLD",NA,"Misc","Misc","Misc_Misc","Misc.small_Misc.small"
"801","Polyscias elegans small","Misc_small",0.531391752019638,-0.157595137566192,1.22037864160547,0.521651670053973,0.541131833985304,0.351530382711351,"Koombooloomba",1.37797377917166,"small","small","Polyscias elegans","Misc","small_small","QLD",NA,"Subcanopy","Misc","Misc_Subcanopy","Misc.small_Subcanopy.small"
"802","Sloanea langii small","Misc_small",-0.583946337569002,-1.16764696805838,-0.000245707079626567,-0.593570308538881,-0.574322366599123,0.297811916491084,"Koombooloomba",1.16740126097875,"small","small","Sloanea langii","Misc","small_small","QLD",1,"Subcanopy","Misc","Misc_Subcanopy","Misc.small_Subcanopy.small"
"803","Syncarpia glomulifera small","Misc_small",-0.596228092969091,-1.51269035663636,0.32023417069818,-0.612111440143239,-0.580344745794942,0.467591379686672,"Koombooloomba",1.83292452733454,"small","small","Syncarpia glomulifera","Misc","small_small","QLD",NA,"Canopy","Misc","Misc_Canopy","Misc.small_Canopy.small"
"804","Polyscias elegans small","Polyscias elegans small",0.182560352581095,-0.120337205427081,0.48545791058927,0.173999087676337,0.191121617485853,0.154542410165387,"Koombooloomba",0.605795116016351,"small","small","Polyscias elegans","Polyscias elegans","small_small","QLD",NA,"Subcanopy","Subcanopy","Subcanopy_Subcanopy","Subcanopy.small_Subcanopy.small"
"805","Sloanea langii small","Polyscias elegans small",0.395182946584161,0.00749192603886939,0.782873967129453,0.38788054966381,0.402485343504512,0.19780517581106,"Koombooloomba",0.775382041090583,"small","small","Sloanea langii","Polyscias elegans","small_small","QLD",1,"Subcanopy","Subcanopy","Subcanopy_Subcanopy","Subcanopy.small_Subcanopy.small"
"806","Syncarpia glomulifera small","Polyscias elegans small",-0.121352193867442,-0.650380969995961,0.407676582261076,-0.130424551647922,-0.112279836086962,0.26991760068115,"Koombooloomba",1.05805755225704,"small","small","Syncarpia glomulifera","Polyscias elegans","small_small","QLD",NA,"Canopy","Subcanopy","Subcanopy_Canopy","Canopy.small_Subcanopy.small"
"807","Sloanea langii small","Sloanea langii small",0.120827022389053,-0.233308604641921,0.474962649420028,0.111374405338692,0.130279639439414,0.180684762487653,"Koombooloomba",0.708271254061948,"small","small","Sloanea langii","Sloanea langii","small_small","QLD",NA,"Subcanopy","Subcanopy","Subcanopy_Subcanopy","Subcanopy.small_Subcanopy.small"
"808","Syncarpia glomulifera small","Sloanea langii small",0.0151703908796873,-0.382162765781625,0.412503547541,0.00747525459726754,0.0228655271621071,0.202724723410953,"Koombooloomba",0.794666313322625,"small","small","Syncarpia glomulifera","Sloanea langii","small_small","QLD",NA,"Canopy","Subcanopy","Subcanopy_Canopy","Canopy.small_Subcanopy.small"
"809","Syncarpia glomulifera small","Syncarpia glomulifera small",-0.234106849073246,-1.03054034557555,0.562326647429058,-0.256745125788446,-0.211468572358047,0.40635108746103,"Koombooloomba",1.59286699300461,"small","small","Syncarpia glomulifera","Syncarpia glomulifera","small_small","QLD",NA,"Canopy","Canopy","Canopy_Canopy","Canopy.small_Canopy.small"
"810","Acacia melanoxylon large","Acacia melanoxylon large",-0.213479677548015,-0.717721520305229,0.290762165209198,-0.221039754139837,-0.205919600956193,0.257270973719216,"BondTier",1.00848368551443,"large","large","Acacia melanoxylon","Acacia melanoxylon","large_large","o_TAS",NA,"Subcanopy","Subcanopy","Subcanopy_Subcanopy","Subcanopy.large_Subcanopy.large"
"811","Acacia melanoxylon small","Acacia melanoxylon large",-0.0685397985590959,-0.755809549749386,0.618729952631195,-0.076864602363384,-0.0602149947548078,0.350654275594545,"BondTier",1.37453950238058,"small","large","Acacia melanoxylon","Acacia melanoxylon","small_large","o_TAS",NA,"Subcanopy","Subcanopy","Subcanopy_Subcanopy","Subcanopy.large_Subcanopy.small"
"812","Eucalyptus obliqua large","Acacia melanoxylon large",0.12116641351945,-0.414137644281658,0.656470471320558,0.114178396077914,0.128154430960986,0.273119333836498,"BondTier",1.07060811560222,"large","large","Eucalyptus obliqua","Acacia melanoxylon","large_large","o_TAS",NA,"Canopy","Subcanopy","Subcanopy_Canopy","Canopy.large_Subcanopy.large"
"813","Eucalyptus obliqua small","Acacia melanoxylon large",0.0291695274103648,-0.332966170497089,0.391305225317819,0.0239916839534579,0.0343473708672717,0.184766506305184,"BondTier",0.724271395814909,"small","large","Eucalyptus obliqua","Acacia melanoxylon","small_large","o_TAS",NA,"Canopy","Subcanopy","Subcanopy_Canopy","Canopy.small_Subcanopy.large"
"814","Misc_large","Acacia melanoxylon large",0.229558665443963,-0.11531017145733,0.574427502345255,0.223804349288762,0.235312981599163,0.175956721460993,"BondTier",0.689737673802585,"large","large","Misc","Acacia melanoxylon","large_large","o_TAS",NA,"Misc","Subcanopy","Misc_Subcanopy","Misc.large_Subcanopy.large"
"815","Nothofagus cunninghamii large","Acacia melanoxylon large",-0.386046535527003,-1.15878428213835,0.386691211084347,-0.395210908437823,-0.376882162616182,0.394261196994744,"BondTier",1.5454754932227,"large","large","Nothofagus cunninghamii","Acacia melanoxylon","large_large","o_TAS",NA,"Subcanopy","Subcanopy","Subcanopy_Subcanopy","Subcanopy.large_Subcanopy.large"
"816","Nothofagus cunninghamii small","Acacia melanoxylon large",-0.0914818807360447,-0.476046341548536,0.293082580076447,-0.0977825015861885,-0.0851812598859008,0.196209962961507,"BondTier",0.769128921624983,"small","large","Nothofagus cunninghamii","Acacia melanoxylon","small_large","o_TAS",NA,"Subcanopy","Subcanopy","Subcanopy_Subcanopy","Subcanopy.large_Subcanopy.small"
"817","Olearia argophylla small","Acacia melanoxylon large",0.224911261425764,-0.201972930914934,0.651795453766462,0.217315867008751,0.232506655842777,0.217802059480636,"BondTier",0.853768384681395,"small","large","Olearia argophylla","Acacia melanoxylon","small_large","o_TAS",NA,"Subcanopy","Subcanopy","Subcanopy_Subcanopy","Subcanopy.large_Subcanopy.small"
"818","Pittosporum bicolor small","Acacia melanoxylon large",-0.345063105906308,-0.687314962564809,-0.00281124924780768,-0.351224487901783,-0.338901723910834,0.174621502924615,"BondTier",0.684503713317001,"small","large","Pittosporum bicolor","Acacia melanoxylon","small_large","o_TAS",1,"Subcanopy","Subcanopy","Subcanopy_Subcanopy","Subcanopy.large_Subcanopy.small"
"819","Pomaderris apetala large","Acacia melanoxylon large",0.292167219675634,-0.270402932280787,0.854737371632054,0.284566131612346,0.299768307738921,0.287030861992313,"BondTier",1.12514030391284,"large","large","Pomaderris apetala","Acacia melanoxylon","large_large","o_TAS",NA,"Subcanopy","Subcanopy","Subcanopy_Subcanopy","Subcanopy.large_Subcanopy.large"
"820","Pomaderris apetala small","Acacia melanoxylon large",-0.137666403155149,-0.30077438661662,0.0254415803063213,-0.14072620655687,-0.134606599753428,0.0832198880938862,"BondTier",0.326215966922941,"small","large","Pomaderris apetala","Acacia melanoxylon","small_large","o_TAS",NA,"Subcanopy","Subcanopy","Subcanopy_Subcanopy","Subcanopy.large_Subcanopy.small"
"821","Acacia melanoxylon small","Acacia melanoxylon small",-1.16947242194974,-2.51929455782986,0.180349713930385,-1.1868926422771,-1.15205220162237,0.688697418180818,"BondTier",2.69964427176025,"small","small","Acacia melanoxylon","Acacia melanoxylon","small_small","o_TAS",NA,"Subcanopy","Subcanopy","Subcanopy_Subcanopy","Subcanopy.small_Subcanopy.small"
"822","Eucalyptus obliqua large","Acacia melanoxylon small",-0.0038014360858333,-0.837082160505409,0.829479288333742,-0.0122980185279819,0.00469514635631534,0.425151038994792,"BondTier",1.66656144883915,"large","small","Eucalyptus obliqua","Acacia melanoxylon","large_small","o_TAS",NA,"Canopy","Subcanopy","Subcanopy_Canopy","Canopy.large_Subcanopy.small"
"823","Eucalyptus obliqua small","Acacia melanoxylon small",0.476038426769044,-0.0432923311962032,0.995369184734292,0.467721104528241,0.484355749009848,0.26496954130875,"BondTier",1.03866151593049,"small","small","Eucalyptus obliqua","Acacia melanoxylon","small_small","o_TAS",NA,"Canopy","Subcanopy","Subcanopy_Canopy","Canopy.small_Subcanopy.small"
"824","Misc_large","Acacia melanoxylon small",0.00618433923377759,-0.448668089751901,0.461036768219456,-0.000344261687164407,0.0127129401547196,0.232071830183359,"BondTier",0.909704857971356,"large","small","Misc","Acacia melanoxylon","large_small","o_TAS",NA,"Misc","Subcanopy","Misc_Subcanopy","Misc.large_Subcanopy.small"
"825","Nothofagus cunninghamii large","Acacia melanoxylon small",-0.95346562971978,-2.12290082311501,0.215969563675446,-0.971195856062643,-0.935735403376917,0.59666157267153,"BondTier",2.33887038679045,"large","small","Nothofagus cunninghamii","Acacia melanoxylon","large_small","o_TAS",NA,"Subcanopy","Subcanopy","Subcanopy_Subcanopy","Subcanopy.large_Subcanopy.small"
"826","Nothofagus cunninghamii small","Acacia melanoxylon small",0.468302485971702,-0.150539667129864,1.08714463907327,0.459656301824778,0.476948670118626,0.315741594224646,"BondTier",1.23768430620313,"small","small","Nothofagus cunninghamii","Acacia melanoxylon","small_small","o_TAS",NA,"Subcanopy","Subcanopy","Subcanopy_Subcanopy","Subcanopy.small_Subcanopy.small"
"827","Olearia argophylla small","Acacia melanoxylon small",0.309260796897445,-0.203726114939754,0.822247708734644,0.301562421211599,0.31695917258329,0.26173282564556,"BondTier",1.0259738236744,"small","small","Olearia argophylla","Acacia melanoxylon","small_small","o_TAS",NA,"Subcanopy","Subcanopy","Subcanopy_Subcanopy","Subcanopy.small_Subcanopy.small"
"828","Pittosporum bicolor small","Acacia melanoxylon small",0.353055327395712,-0.116504795810141,0.822615450601565,0.344875084824207,0.361235569967216,0.239575893694825,"BondTier",0.939120246411706,"small","small","Pittosporum bicolor","Acacia melanoxylon","small_small","o_TAS",NA,"Subcanopy","Subcanopy","Subcanopy_Subcanopy","Subcanopy.small_Subcanopy.small"
"829","Pomaderris apetala large","Acacia melanoxylon small",-0.548129522400915,-1.40427602261224,0.30801697781041,-0.558500963171458,-0.537758081630371,0.436817465506764,"BondTier",1.71229300042265,"large","small","Pomaderris apetala","Acacia melanoxylon","large_small","o_TAS",NA,"Subcanopy","Subcanopy","Subcanopy_Subcanopy","Subcanopy.large_Subcanopy.small"
"830","Pomaderris apetala small","Acacia melanoxylon small",-0.140486218332216,-0.380652738782328,0.0996803021178949,-0.144528042110505,-0.136444394553928,0.122536190636417,"BondTier",0.480333040900222,"small","small","Pomaderris apetala","Acacia melanoxylon","small_small","o_TAS",NA,"Subcanopy","Subcanopy","Subcanopy_Subcanopy","Subcanopy.small_Subcanopy.small"
"831","Eucalyptus obliqua large","Eucalyptus obliqua large",-0.493255648903643,-1.04946172324622,0.0629504254389319,-0.502279407087044,-0.484231890720241,0.283783823952816,"BondTier",1.11241214868515,"large","large","Eucalyptus obliqua","Eucalyptus obliqua","large_large","o_TAS",NA,"Canopy","Canopy","Canopy_Canopy","Canopy.large_Canopy.large"
"832","Eucalyptus obliqua small","Eucalyptus obliqua large",-0.0347461213832761,-0.361847582242058,0.292355339475505,-0.0394331257026452,-0.0300591170639071,0.166891567109863,"BondTier",0.654202921717563,"small","large","Eucalyptus obliqua","Eucalyptus obliqua","small_large","o_TAS",NA,"Canopy","Canopy","Canopy_Canopy","Canopy.large_Canopy.small"
"833","Misc_large","Eucalyptus obliqua large",-0.198558802593735,-0.560637888018133,0.163520282830663,-0.203577319526905,-0.193540285660565,0.184737621854499,"BondTier",0.724158170848795,"large","large","Misc","Eucalyptus obliqua","large_large","o_TAS",NA,"Misc","Canopy","Misc_Canopy","Misc.large_Canopy.large"
"834","Nothofagus cunninghamii large","Eucalyptus obliqua large",-0.672918005112407,-1.39804947918095,0.052213468956135,-0.68447803683832,-0.661357973386495,0.369971836109381,"BondTier",1.45026294813708,"large","large","Nothofagus cunninghamii","Eucalyptus obliqua","large_large","o_TAS",NA,"Subcanopy","Canopy","Subcanopy_Canopy","Canopy.large_Subcanopy.large"
"835","Nothofagus cunninghamii small","Eucalyptus obliqua large",0.247294693491001,-0.206095432050245,0.700684819032247,0.241107788905959,0.253481598076043,0.231325743287902,"BondTier",0.906780251082492,"small","large","Nothofagus cunninghamii","Eucalyptus obliqua","small_large","o_TAS",NA,"Subcanopy","Canopy","Subcanopy_Canopy","Canopy.large_Subcanopy.small"
"836","Olearia argophylla small","Eucalyptus obliqua large",0.155076848506502,-0.279276839523118,0.589430536536123,0.148783251871921,0.161370445141084,0.221613096697565,"BondTier",0.868707376059241,"small","large","Olearia argophylla","Eucalyptus obliqua","small_large","o_TAS",NA,"Subcanopy","Canopy","Subcanopy_Canopy","Canopy.large_Subcanopy.small"
"837","Pittosporum bicolor small","Eucalyptus obliqua large",0.105191876045989,-0.247329720149369,0.457713472241346,0.0996433490269906,0.110740403064987,0.17986126223543,"BondTier",0.705043192390715,"small","large","Pittosporum bicolor","Eucalyptus obliqua","small_large","o_TAS",NA,"Subcanopy","Canopy","Subcanopy_Canopy","Canopy.large_Subcanopy.small"
"838","Pomaderris apetala large","Eucalyptus obliqua large",-0.00647810749649964,-0.519477590023881,0.506521375030882,-0.0132686315811748,0.000312416588175537,0.261739239380854,"BondTier",1.02599896505476,"large","large","Pomaderris apetala","Eucalyptus obliqua","large_large","o_TAS",NA,"Subcanopy","Canopy","Subcanopy_Canopy","Canopy.large_Subcanopy.large"
"839","Pomaderris apetala small","Eucalyptus obliqua large",-0.0247940604717908,-0.172075922523593,0.122487801580012,-0.0275496814738792,-0.0220384394697023,0.0751451879797503,"BondTier",0.294563724103605,"small","large","Pomaderris apetala","Eucalyptus obliqua","small_large","o_TAS",NA,"Subcanopy","Canopy","Subcanopy_Canopy","Canopy.large_Subcanopy.small"
"840","Eucalyptus obliqua small","Eucalyptus obliqua small",0.191782911183219,-0.0480684386850425,0.431634261051481,0.186028774316822,0.197537048049616,0.12237538636433,"BondTier",0.479702699736523,"small","small","Eucalyptus obliqua","Eucalyptus obliqua","small_small","o_TAS",NA,"Canopy","Canopy","Canopy_Canopy","Canopy.small_Canopy.small"
"841","Misc_large","Eucalyptus obliqua small",0.00741126070078426,-0.234283459316313,0.249105980717882,0.00338782034360264,0.0114347010579659,0.12331589862036,"BondTier",0.483389440034195,"large","small","Misc","Eucalyptus obliqua","large_small","o_TAS",NA,"Misc","Canopy","Misc_Canopy","Misc.large_Canopy.small"
"842","Nothofagus cunninghamii large","Eucalyptus obliqua small",0.236392888949765,-0.268960979661515,0.741746757561045,0.228974629130079,0.24381114876945,0.257838344274409,"BondTier",1.01070773722256,"large","small","Nothofagus cunninghamii","Eucalyptus obliqua","large_small","o_TAS",NA,"Subcanopy","Canopy","Subcanopy_Canopy","Canopy.small_Subcanopy.large"
"843","Nothofagus cunninghamii small","Eucalyptus obliqua small",-0.000520806908749555,-0.281018058792101,0.279976444974602,-0.00565086614136751,0.00460925232386841,0.14311347254127,"BondTier",0.560994503766703,"small","small","Nothofagus cunninghamii","Eucalyptus obliqua","small_small","o_TAS",NA,"Subcanopy","Canopy","Subcanopy_Canopy","Canopy.small_Subcanopy.small"
"844","Olearia argophylla small","Eucalyptus obliqua small",-0.171765643272763,-0.457891946351396,0.114360659805869,-0.176361263919639,-0.167170022625888,0.145985490210821,"BondTier",0.572252606157266,"small","small","Olearia argophylla","Eucalyptus obliqua","small_small","o_TAS",NA,"Subcanopy","Canopy","Subcanopy_Canopy","Canopy.small_Subcanopy.small"
"845","Pittosporum bicolor small","Eucalyptus obliqua small",0.0500150327825232,-0.16384209064002,0.263872156205067,0.0454933162238409,0.0545367493412055,0.109112782229378,"BondTier",0.427714246845087,"small","small","Pittosporum bicolor","Eucalyptus obliqua","small_small","o_TAS",NA,"Subcanopy","Canopy","Subcanopy_Canopy","Canopy.small_Subcanopy.small"
"846","Pomaderris apetala large","Eucalyptus obliqua small",-2.32820449914098e-05,-0.273751141736467,0.273704577646484,-0.00585918323505897,0.00581261914507615,0.139659637549774,"BondTier",0.547455719382951,"large","small","Pomaderris apetala","Eucalyptus obliqua","large_small","o_TAS",NA,"Subcanopy","Canopy","Subcanopy_Canopy","Canopy.small_Subcanopy.large"
"847","Pomaderris apetala small","Eucalyptus obliqua small",0.097702974276447,-0.00359276754142945,0.198998716094323,0.0947747677653602,0.100631180787534,0.051682450604646,"BondTier",0.202591483635753,"small","small","Pomaderris apetala","Eucalyptus obliqua","small_small","o_TAS",NA,"Subcanopy","Canopy","Subcanopy_Canopy","Canopy.small_Subcanopy.small"
"848","Misc_large","Misc_large",0.192667956447332,-0.0771246140419953,0.462460526936659,0.186198791774653,0.199137121120011,0.137651800041948,"BondTier",0.539585140978654,"large","large","Misc","Misc","large_large","o_TAS",NA,"Misc","Misc","Misc_Misc","Misc.large_Misc.large"
"849","Nothofagus cunninghamii large","Misc_large",0.0871559138902435,-0.38425488377412,0.558566711554607,0.0790692712096724,0.0952425565708147,0.240520132707943,"BondTier",0.942821595328726,"large","large","Nothofagus cunninghamii","Misc","large_large","o_TAS",NA,"Subcanopy","Misc","Misc_Subcanopy","Misc.large_Subcanopy.large"
"850","Nothofagus cunninghamii small","Misc_large",0.216130243588764,-0.104371778279279,0.536632265456807,0.210246623529454,0.222013863648075,0.163524444528635,"BondTier",0.641004043736086,"small","large","Nothofagus cunninghamii","Misc","small_large","o_TAS",NA,"Subcanopy","Misc","Misc_Subcanopy","Misc.large_Subcanopy.small"
"851","Olearia argophylla small","Misc_large",0.143208193328361,-0.1347488105959,0.421165197252623,0.138216463825967,0.148199922830755,0.141817403848617,"BondTier",0.555914007848523,"small","large","Olearia argophylla","Misc","small_large","o_TAS",NA,"Subcanopy","Misc","Misc_Subcanopy","Misc.large_Subcanopy.small"
"852","Pittosporum bicolor small","Misc_large",0.131272343832027,-0.114691868409227,0.377236556073281,0.12602052228037,0.136524165383683,0.12549425100736,"BondTier",0.491928424482508,"small","large","Pittosporum bicolor","Misc","small_large","o_TAS",NA,"Subcanopy","Misc","Misc_Subcanopy","Misc.large_Subcanopy.small"
"853","Pomaderris apetala large","Misc_large",-0.292226233239907,-0.69322176222248,0.108769295742666,-0.298413690142924,-0.286038776336889,0.204593315053529,"BondTier",0.801991057965146,"large","large","Pomaderris apetala","Misc","large_large","o_TAS",NA,"Subcanopy","Misc","Misc_Subcanopy","Misc.large_Subcanopy.large"
"854","Pomaderris apetala small","Misc_large",0.0442198519600601,-0.079825452425532,0.168265156345652,0.042097920962731,0.0463417829573891,0.0632895835658439,"BondTier",0.248090608771184,"small","large","Pomaderris apetala","Misc","small_large","o_TAS",NA,"Subcanopy","Misc","Misc_Subcanopy","Misc.large_Subcanopy.small"
"855","Nothofagus cunninghamii large","Nothofagus cunninghamii large",-0.944263738751286,-2.09926519554513,0.210737718042562,-0.967251680871081,-0.921275796631492,0.589297286023801,"BondTier",2.3100029135877,"large","large","Nothofagus cunninghamii","Nothofagus cunninghamii","large_large","o_TAS",NA,"Subcanopy","Subcanopy","Subcanopy_Subcanopy","Subcanopy.large_Subcanopy.large"
"856","Nothofagus cunninghamii small","Nothofagus cunninghamii large",0.297371822353054,-0.315814017850688,0.910557662556796,0.288970916069892,0.305772728636216,0.3128556672676,"BondTier",1.22637168040748,"small","large","Nothofagus cunninghamii","Nothofagus cunninghamii","small_large","o_TAS",NA,"Subcanopy","Subcanopy","Subcanopy_Subcanopy","Subcanopy.large_Subcanopy.small"
"857","Olearia argophylla small","Nothofagus cunninghamii large",0.415037401140679,-0.223410545907469,1.05348534818883,0.404620080797373,0.425454721483985,0.325744734129884,"BondTier",1.2768958940963,"small","large","Olearia argophylla","Nothofagus cunninghamii","small_large","o_TAS",NA,"Subcanopy","Subcanopy","Subcanopy_Subcanopy","Subcanopy.large_Subcanopy.small"
"858","Pittosporum bicolor small","Nothofagus cunninghamii large",-0.0469616954502536,-0.50311694372704,0.409193552826533,-0.0549780648235999,-0.0389453260769072,0.232736546117623,"BondTier",0.912310496553574,"small","large","Pittosporum bicolor","Nothofagus cunninghamii","small_large","o_TAS",NA,"Subcanopy","Subcanopy","Subcanopy_Subcanopy","Subcanopy.large_Subcanopy.small"
"859","Pomaderris apetala large","Nothofagus cunninghamii large",0.456339075692271,-0.238585851817262,1.1512640032018,0.44277170841831,0.469906442966232,0.354560049567753,"BondTier",1.38984985501907,"large","large","Pomaderris apetala","Nothofagus cunninghamii","large_large","o_TAS",NA,"Subcanopy","Subcanopy","Subcanopy_Subcanopy","Subcanopy.large_Subcanopy.large"
"860","Pomaderris apetala small","Nothofagus cunninghamii large",-0.268233139275037,-0.495613740789577,-0.0408525377604967,-0.274653222845837,-0.261813055704237,0.116012642736341,"BondTier",0.45476120302908,"small","large","Pomaderris apetala","Nothofagus cunninghamii","small_large","o_TAS",1,"Subcanopy","Subcanopy","Subcanopy_Subcanopy","Subcanopy.large_Subcanopy.small"
"861","Nothofagus cunninghamii small","Nothofagus cunninghamii small",-0.143269253026007,-0.593458001339777,0.306919495287763,-0.152607082190964,-0.13393142386105,0.229692357545752,"BondTier",0.900377496627541,"small","small","Nothofagus cunninghamii","Nothofagus cunninghamii","small_small","o_TAS",NA,"Subcanopy","Subcanopy","Subcanopy_Subcanopy","Subcanopy.small_Subcanopy.small"
"862","Olearia argophylla small","Nothofagus cunninghamii small",-0.28035416173812,-0.620688572550926,0.0599802490746865,-0.28590540253786,-0.274802920938379,0.173643196251217,"BondTier",0.680668821625612,"small","small","Olearia argophylla","Nothofagus cunninghamii","small_small","o_TAS",NA,"Subcanopy","Subcanopy","Subcanopy_Subcanopy","Subcanopy.small_Subcanopy.small"
"863","Pittosporum bicolor small","Nothofagus cunninghamii small",-0.317908638607649,-0.622636586585903,-0.0131806906293941,-0.323665967288142,-0.312151309927155,0.155476299759541,"BondTier",0.609455895956509,"small","small","Pittosporum bicolor","Nothofagus cunninghamii","small_small","o_TAS",1,"Subcanopy","Subcanopy","Subcanopy_Subcanopy","Subcanopy.small_Subcanopy.small"
"864","Pomaderris apetala large","Nothofagus cunninghamii small",0.442841694477636,0.0305554085904264,0.855127980364846,0.435291686200672,0.4503917027546,0.21035401116514,"BondTier",0.82457257177442,"large","small","Pomaderris apetala","Nothofagus cunninghamii","large_small","o_TAS",1,"Subcanopy","Subcanopy","Subcanopy_Subcanopy","Subcanopy.large_Subcanopy.small"
"865","Pomaderris apetala small","Nothofagus cunninghamii small",-0.134181647049586,-0.287435973727905,0.0190726796287331,-0.13733364789608,-0.131029646203092,0.0781924198032055,"BondTier",0.306508653356639,"small","small","Pomaderris apetala","Nothofagus cunninghamii","small_small","o_TAS",NA,"Subcanopy","Subcanopy","Subcanopy_Subcanopy","Subcanopy.small_Subcanopy.small"
"866","Olearia argophylla small","Olearia argophylla small",-0.00742398713536992,-0.378898849518323,0.364050875247583,-0.0157684860034963,0.000920511732756468,0.189531473697017,"BondTier",0.742949724765906,"small","small","Olearia argophylla","Olearia argophylla","small_small","o_TAS",NA,"Subcanopy","Subcanopy","Subcanopy_Subcanopy","Subcanopy.small_Subcanopy.small"
"867","Pittosporum bicolor small","Olearia argophylla small",-0.0246831862422342,-0.312042122415886,0.262675749931418,-0.0300813409770518,-0.0192850315074165,0.14661439620335,"BondTier",0.574717872347304,"small","small","Pittosporum bicolor","Olearia argophylla","small_small","o_TAS",NA,"Subcanopy","Subcanopy","Subcanopy_Subcanopy","Subcanopy.small_Subcanopy.small"
"868","Pomaderris apetala large","Olearia argophylla small",0.0543835957788451,-0.343185568291903,0.451952759849593,0.0480736103635538,0.0606935811941363,0.202845137567181,"BondTier",0.795138328141497,"large","small","Pomaderris apetala","Olearia argophylla","large_small","o_TAS",NA,"Subcanopy","Subcanopy","Subcanopy_Subcanopy","Subcanopy.large_Subcanopy.small"
"869","Pomaderris apetala small","Olearia argophylla small",0.00264065669869112,-0.121282620915612,0.126563934312995,0.000484037468648089,0.00479727592873415,0.0632273238650273,"BondTier",0.247846555228607,"small","small","Pomaderris apetala","Olearia argophylla","small_small","o_TAS",NA,"Subcanopy","Subcanopy","Subcanopy_Subcanopy","Subcanopy.small_Subcanopy.small"
"870","Pittosporum bicolor small","Pittosporum bicolor small",0.0201414485086643,-0.313690628636696,0.353973525654025,0.008717465781638,0.0315654312356905,0.170325618112672,"BondTier",0.66766415429072,"small","small","Pittosporum bicolor","Pittosporum bicolor","small_small","o_TAS",NA,"Subcanopy","Subcanopy","Subcanopy_Subcanopy","Subcanopy.small_Subcanopy.small"
"871","Pomaderris apetala large","Pittosporum bicolor small",0.393744415723065,0.0334798014937798,0.754009029952349,0.386535936675874,0.400952894770255,0.18381185423355,"BondTier",0.720529228458569,"large","small","Pomaderris apetala","Pittosporum bicolor","large_small","o_TAS",1,"Subcanopy","Subcanopy","Subcanopy_Subcanopy","Subcanopy.large_Subcanopy.small"
"872","Pomaderris apetala small","Pittosporum bicolor small",-0.116688937574847,-0.207933718620518,-0.0254441565291755,-0.119186549742622,-0.114191325407072,0.046554315163645,"BondTier",0.182489562091342,"small","small","Pomaderris apetala","Pittosporum bicolor","small_small","o_TAS",1,"Subcanopy","Subcanopy","Subcanopy_Subcanopy","Subcanopy.small_Subcanopy.small"
"873","Pomaderris apetala large","Pomaderris apetala large",-0.110644724093218,-0.61158394070328,0.390294492516844,-0.122113254243818,-0.0991761939426183,0.255585929415748,"BondTier",1.00187843322012,"large","large","Pomaderris apetala","Pomaderris apetala","large_large","o_TAS",NA,"Subcanopy","Subcanopy","Subcanopy_Subcanopy","Subcanopy.large_Subcanopy.large"
"874","Pomaderris apetala small","Pomaderris apetala large",0.183647199167054,0.0197202425657272,0.347574155768381,0.179000664925698,0.18829373340841,0.0836377392107006,"BondTier",0.327853913202653,"small","large","Pomaderris apetala","Pomaderris apetala","small_large","o_TAS",1,"Subcanopy","Subcanopy","Subcanopy_Subcanopy","Subcanopy.large_Subcanopy.small"
"875","Pomaderris apetala small","Pomaderris apetala small",0.325164328095759,0.181800419781995,0.468528236409522,0.312870548118663,0.337458108072855,0.0731461952589944,"BondTier",0.286727816627527,"small","small","Pomaderris apetala","Pomaderris apetala","small_small","o_TAS",1,"Subcanopy","Subcanopy","Subcanopy_Subcanopy","Subcanopy.small_Subcanopy.small"
"876","Acacia melanoxylon large","Acacia melanoxylon large",-0.542944363506872,-1.27126506254647,0.185376335532725,-0.554143886704618,-0.531744840309125,0.371599021606773,"Supersite",1.45664139807919,"large","large","Acacia melanoxylon","Acacia melanoxylon","large_large","o_TAS",NA,"Subcanopy","Subcanopy","Subcanopy_Subcanopy","Subcanopy.large_Subcanopy.large"
"877","Acacia melanoxylon small","Acacia melanoxylon large",0.269403349179789,-0.301681394660724,0.840488093020303,0.259823446571348,0.27898325178823,0.291375121351799,"Supersite",1.14216948768103,"small","large","Acacia melanoxylon","Acacia melanoxylon","small_large","o_TAS",NA,"Subcanopy","Subcanopy","Subcanopy_Subcanopy","Subcanopy.large_Subcanopy.small"
"878","Eucalyptus obliqua large","Acacia melanoxylon large",0.00738358181715599,-0.492859592171012,0.507626755805324,-0.000608420131006864,0.0153755837653188,0.255230799103464,"Supersite",1.00048634797634,"large","large","Eucalyptus obliqua","Acacia melanoxylon","large_large","o_TAS",NA,"Canopy","Subcanopy","Subcanopy_Canopy","Canopy.large_Subcanopy.large"
"879","Eucalyptus obliqua small","Acacia melanoxylon large",-0.286308827924668,-0.629524862154497,0.0569072063051612,-0.291957284303336,-0.280660371545999,0.175113439296371,"Supersite",0.686432068459658,"small","large","Eucalyptus obliqua","Acacia melanoxylon","small_large","o_TAS",NA,"Canopy","Subcanopy","Subcanopy_Canopy","Canopy.small_Subcanopy.large"
"880","Misc_small","Acacia melanoxylon large",-0.162452808454418,-0.577607535373304,0.252701918464468,-0.168109528991845,-0.156796087916991,0.211817528379896,"Supersite",0.830309453837772,"small","large","Misc","Acacia melanoxylon","small_large","o_TAS",NA,"Misc","Subcanopy","Misc_Subcanopy","Misc.small_Subcanopy.large"
"881","Nothofagus cunninghamii large","Acacia melanoxylon large",0.232275112962801,-0.563403879760405,1.02795410568601,0.214592139092293,0.24995808683331,0.405966129479634,"Supersite",1.59135798544641,"large","large","Nothofagus cunninghamii","Acacia melanoxylon","large_large","o_TAS",NA,"Subcanopy","Subcanopy","Subcanopy_Subcanopy","Subcanopy.large_Subcanopy.large"
"882","Nothofagus cunninghamii small","Acacia melanoxylon large",-0.139912477832018,-0.688147284915838,0.408322329251802,-0.151964661372736,-0.1278602942913,0.279716776128657,"Supersite",1.09646961416764,"small","large","Nothofagus cunninghamii","Acacia melanoxylon","small_large","o_TAS",NA,"Subcanopy","Subcanopy","Subcanopy_Subcanopy","Subcanopy.large_Subcanopy.small"
"883","Pomaderris apetala large","Acacia melanoxylon large",-0.0862246779569499,-0.651140589264629,0.478691233350729,-0.0932060589086404,-0.0792432970052595,0.288227699980032,"Supersite",1.12983182261536,"large","large","Pomaderris apetala","Acacia melanoxylon","large_large","o_TAS",NA,"Subcanopy","Subcanopy","Subcanopy_Subcanopy","Subcanopy.large_Subcanopy.large"
"884","Pomaderris apetala small","Acacia melanoxylon large",0.0464913046377759,-0.114245445976434,0.207228055251986,0.0424565500880732,0.0505260591874785,0.0820100531857121,"Supersite",0.32147350122842,"small","large","Pomaderris apetala","Acacia melanoxylon","small_large","o_TAS",NA,"Subcanopy","Subcanopy","Subcanopy_Subcanopy","Subcanopy.large_Subcanopy.small"
"885","Acacia melanoxylon small","Acacia melanoxylon small",-0.601218147715406,-1.65033595539982,0.447899659969011,-0.615334787113103,-0.58710150831771,0.535274023379881,"Supersite",2.09823561536883,"small","small","Acacia melanoxylon","Acacia melanoxylon","small_small","o_TAS",NA,"Subcanopy","Subcanopy","Subcanopy_Subcanopy","Subcanopy.small_Subcanopy.small"
"886","Eucalyptus obliqua large","Acacia melanoxylon small",0.26683185164296,-0.242733353250373,0.776397056536292,0.257857459654694,0.275806243631225,0.259987024717147,"Supersite",1.01913040978667,"large","small","Eucalyptus obliqua","Acacia melanoxylon","large_small","o_TAS",NA,"Canopy","Subcanopy","Subcanopy_Canopy","Canopy.large_Subcanopy.small"
"887","Eucalyptus obliqua small","Acacia melanoxylon small",0.336768988950132,-0.0327779052259706,0.706315883126235,0.330211236141377,0.343326741758887,0.188547798373359,"Supersite",0.739093788352206,"small","small","Eucalyptus obliqua","Acacia melanoxylon","small_small","o_TAS",NA,"Canopy","Subcanopy","Subcanopy_Canopy","Canopy.small_Subcanopy.small"
"888","Misc_small","Acacia melanoxylon small",0.286585564170107,-0.0918005318954636,0.664971660235677,0.281247148183936,0.291923980156277,0.193057678125839,"Supersite",0.756772192131141,"small","small","Misc","Acacia melanoxylon","small_small","o_TAS",NA,"Misc","Subcanopy","Misc_Subcanopy","Misc.small_Subcanopy.small"
"889","Nothofagus cunninghamii large","Acacia melanoxylon small",0.520753259154714,0.0178272158971174,1.02367930241231,0.505109542922935,0.536396975386492,0.256599635107896,"Supersite",1.00585208651519,"large","small","Nothofagus cunninghamii","Acacia melanoxylon","large_small","o_TAS",1,"Subcanopy","Subcanopy","Subcanopy_Subcanopy","Subcanopy.large_Subcanopy.small"
"890","Nothofagus cunninghamii small","Acacia melanoxylon small",-0.502037095918175,-0.884981917416655,-0.119092274419696,-0.512448965289189,-0.491625226547162,0.195383601188134,"Supersite",0.765889642996959,"small","small","Nothofagus cunninghamii","Acacia melanoxylon","small_small","o_TAS",1,"Subcanopy","Subcanopy","Subcanopy_Subcanopy","Subcanopy.small_Subcanopy.small"
"891","Pomaderris apetala large","Acacia melanoxylon small",0.312771776138318,-0.305708660945194,0.93125221322183,0.304809140477167,0.320734411799469,0.31555704184465,"Supersite",1.23696087416702,"large","small","Pomaderris apetala","Acacia melanoxylon","large_small","o_TAS",NA,"Subcanopy","Subcanopy","Subcanopy_Subcanopy","Subcanopy.large_Subcanopy.small"
"892","Pomaderris apetala small","Acacia melanoxylon small",0.0949529655913061,-0.118261044755448,0.30816697593806,0.0909941321325558,0.0989117990500565,0.108784657283786,"Supersite",0.426428020693508,"small","small","Pomaderris apetala","Acacia melanoxylon","small_small","o_TAS",NA,"Subcanopy","Subcanopy","Subcanopy_Subcanopy","Subcanopy.small_Subcanopy.small"
"893","Eucalyptus obliqua large","Eucalyptus obliqua large",-0.386136019549968,-0.851031729565085,0.0787596904651481,-0.394137186611739,-0.378134852488198,0.237196047316254,"Supersite",0.929791420030233,"large","large","Eucalyptus obliqua","Eucalyptus obliqua","large_large","o_TAS",NA,"Canopy","Canopy","Canopy_Canopy","Canopy.large_Canopy.large"
"894","Eucalyptus obliqua small","Eucalyptus obliqua large",0.0758986540814977,-0.244214145626068,0.396011453789064,0.0701270085412221,0.0816702996217734,0.163325858144627,"Supersite",0.640225599415132,"small","large","Eucalyptus obliqua","Eucalyptus obliqua","small_large","o_TAS",NA,"Canopy","Canopy","Canopy_Canopy","Canopy.large_Canopy.small"
"895","Misc_small","Eucalyptus obliqua large",-0.196954146971519,-0.568141505175951,0.174233211232914,-0.202169388394814,-0.191738905548223,0.189384785196213,"Supersite",0.742374716408864,"small","large","Misc","Eucalyptus obliqua","small_large","o_TAS",NA,"Misc","Canopy","Misc_Canopy","Misc.small_Canopy.large"
"896","Nothofagus cunninghamii large","Eucalyptus obliqua large",-0.603092490614452,-1.2372494154237,0.0310644341947979,-0.616201798503192,-0.589983182725712,0.323555396839635,"Supersite",1.2683138496185,"large","large","Nothofagus cunninghamii","Eucalyptus obliqua","large_large","o_TAS",NA,"Subcanopy","Canopy","Subcanopy_Canopy","Canopy.large_Subcanopy.large"
"897","Nothofagus cunninghamii small","Eucalyptus obliqua large",0.37898506674585,-0.0734395694850822,0.831409702976782,0.369199909900376,0.388770223591324,0.230833137649263,"Supersite",0.904849272461864,"small","large","Nothofagus cunninghamii","Eucalyptus obliqua","small_large","o_TAS",NA,"Subcanopy","Canopy","Subcanopy_Canopy","Canopy.large_Subcanopy.small"
"898","Pomaderris apetala large","Eucalyptus obliqua large",0.189675649471998,-0.325972205216622,0.705323504160617,0.181913144640792,0.197438154303203,0.263090474496462,"Supersite",1.03129570937724,"large","large","Pomaderris apetala","Eucalyptus obliqua","large_large","o_TAS",NA,"Subcanopy","Canopy","Subcanopy_Canopy","Canopy.large_Subcanopy.large"
"899","Pomaderris apetala small","Eucalyptus obliqua large",0.00527511481096812,-0.141644698112469,0.152194927734406,0.00188216661221202,0.00866806300972423,0.0749604656423905,"Supersite",0.293839625846875,"small","large","Pomaderris apetala","Eucalyptus obliqua","small_large","o_TAS",NA,"Subcanopy","Canopy","Subcanopy_Canopy","Canopy.large_Subcanopy.small"
"900","Eucalyptus obliqua small","Eucalyptus obliqua small",-0.0268294283328374,-0.300361166132012,0.246702309466338,-0.033933972810976,-0.0197248838546988,0.139559573521125,"Supersite",0.54706347559835,"small","small","Eucalyptus obliqua","Eucalyptus obliqua","small_small","o_TAS",NA,"Canopy","Canopy","Canopy_Canopy","Canopy.small_Canopy.small"
"901","Misc_small","Eucalyptus obliqua small",-0.243328086325984,-0.491885109068431,0.00522893641646291,-0.248271020447941,-0.238385152204027,0.126817137816324,"Supersite",0.497114045484894,"small","small","Misc","Eucalyptus obliqua","small_small","o_TAS",NA,"Misc","Canopy","Misc_Canopy","Misc.small_Canopy.small"
"902","Nothofagus cunninghamii large","Eucalyptus obliqua small",0.112797785934112,-0.271010447715528,0.496606019583752,0.103001718736482,0.122593853131743,0.195824125686528,"Supersite",0.76761646729928,"large","small","Nothofagus cunninghamii","Eucalyptus obliqua","large_small","o_TAS",NA,"Subcanopy","Canopy","Subcanopy_Canopy","Canopy.small_Subcanopy.large"
"903","Nothofagus cunninghamii small","Eucalyptus obliqua small",0.122844542603945,-0.14957672675507,0.39526581196296,0.115216532557229,0.130472552650661,0.138992997579465,"Supersite",0.544842538718029,"small","small","Nothofagus cunninghamii","Eucalyptus obliqua","small_small","o_TAS",NA,"Subcanopy","Canopy","Subcanopy_Canopy","Canopy.small_Subcanopy.small"
"904","Pomaderris apetala large","Eucalyptus obliqua small",-0.346613973069319,-0.789334542436705,0.0961065962980664,-0.352781708948939,-0.3404462371897,0.225881992148585,"Supersite",0.885441138734771,"large","small","Pomaderris apetala","Eucalyptus obliqua","large_small","o_TAS",NA,"Subcanopy","Canopy","Subcanopy_Canopy","Canopy.small_Subcanopy.large"
"905","Pomaderris apetala small","Eucalyptus obliqua small",0.031346902566143,-0.0732535469132574,0.135947352045543,0.0286585906081869,0.0340352145240991,0.0533685569247575,"Supersite",0.209200898958801,"small","small","Pomaderris apetala","Eucalyptus obliqua","small_small","o_TAS",NA,"Subcanopy","Canopy","Subcanopy_Canopy","Canopy.small_Subcanopy.small"
"906","Misc_small","Misc_small",0.16655908614803,-0.253496199305402,0.586614371601461,0.158620822370223,0.174497349925837,0.214317859290668,"Supersite",0.840110570906863,"small","small","Misc","Misc","small_small","o_TAS",NA,"Misc","Misc","Misc_Misc","Misc.small_Misc.small"
"907","Nothofagus cunninghamii large","Misc_small",0.0597431972702453,-0.353084898035244,0.472571292575735,0.0531987792553585,0.0662876152851321,0.210630449621434,"Supersite",0.825656190610979,"large","small","Nothofagus cunninghamii","Misc","large_small","o_TAS",NA,"Subcanopy","Misc","Misc_Subcanopy","Misc.small_Subcanopy.large"
"908","Nothofagus cunninghamii small","Misc_small",0.124242117267473,-0.153375835375677,0.401860069910622,0.118195717384122,0.130288517150823,0.141644415322406,"Supersite",0.555235905286299,"small","small","Nothofagus cunninghamii","Misc","small_small","o_TAS",NA,"Subcanopy","Misc","Misc_Subcanopy","Misc.small_Subcanopy.small"
"909","Pomaderris apetala large","Misc_small",-0.0952718412855313,-0.619822897189826,0.429279214618764,-0.101557136704093,-0.0889865458669696,0.267633007566408,"Supersite",1.04910211180859,"large","small","Pomaderris apetala","Misc","large_small","o_TAS",NA,"Subcanopy","Misc","Misc_Subcanopy","Misc.small_Subcanopy.large"
"910","Pomaderris apetala small","Misc_small",-0.0618509477260238,-0.204514360849057,0.0808124653970097,-0.0654459188532147,-0.0582559765988329,0.072788793186173,"Supersite",0.285326826246067,"small","small","Pomaderris apetala","Misc","small_small","o_TAS",NA,"Subcanopy","Misc","Misc_Subcanopy","Misc.small_Subcanopy.small"
"911","Nothofagus cunninghamii large","Nothofagus cunninghamii large",-0.283310887339327,-0.958509139448767,0.391887364770114,-0.30245464783685,-0.264167126841803,0.344495234318242,"Supersite",1.35039650421888,"large","large","Nothofagus cunninghamii","Nothofagus cunninghamii","large_large","o_TAS",NA,"Subcanopy","Subcanopy","Subcanopy_Subcanopy","Subcanopy.large_Subcanopy.large"
"912","Nothofagus cunninghamii small","Nothofagus cunninghamii large",0.504036656311367,0.0795471427534271,0.928526169869306,0.482342211179628,0.525731101443105,0.216580262140661,"Supersite",0.848979027115879,"small","large","Nothofagus cunninghamii","Nothofagus cunninghamii","small_large","o_TAS",1,"Subcanopy","Subcanopy","Subcanopy_Subcanopy","Subcanopy.large_Subcanopy.small"
"913","Pomaderris apetala large","Nothofagus cunninghamii large",0.12494288498225,-0.642436411635274,0.892322181599774,0.11261369361491,0.13727207634959,0.391527243699636,"Supersite",1.53475859323505,"large","large","Pomaderris apetala","Nothofagus cunninghamii","large_large","o_TAS",NA,"Subcanopy","Subcanopy","Subcanopy_Subcanopy","Subcanopy.large_Subcanopy.large"
"914","Pomaderris apetala small","Nothofagus cunninghamii large",-0.212549748089905,-0.463867149742421,0.0387676535626106,-0.218253330447951,-0.20684616573186,0.128225520282452,"Supersite",0.502634803305032,"small","large","Pomaderris apetala","Nothofagus cunninghamii","small_large","o_TAS",NA,"Subcanopy","Subcanopy","Subcanopy_Subcanopy","Subcanopy.large_Subcanopy.small"
"915","Nothofagus cunninghamii small","Nothofagus cunninghamii small",0.107677631438964,-0.214492123206616,0.429847386084544,0.0878177727533784,0.12753749012455,0.164375344234289,"Supersite",0.64433950929116,"small","small","Nothofagus cunninghamii","Nothofagus cunninghamii","small_small","o_TAS",NA,"Subcanopy","Subcanopy","Subcanopy_Subcanopy","Subcanopy.small_Subcanopy.small"
"916","Pomaderris apetala large","Nothofagus cunninghamii small",-0.18066517528571,-0.762087546547351,0.400757195975932,-0.191060644206542,-0.170269706364878,0.296649517974732,"Supersite",1.16284474252328,"large","small","Pomaderris apetala","Nothofagus cunninghamii","large_small","o_TAS",NA,"Subcanopy","Subcanopy","Subcanopy_Subcanopy","Subcanopy.large_Subcanopy.small"
"917","Pomaderris apetala small","Nothofagus cunninghamii small",0.0472246213613308,-0.0866672599409425,0.181116502663604,0.0429835999692021,0.0514656427534596,0.0683134396133783,"Supersite",0.267783762604547,"small","small","Pomaderris apetala","Nothofagus cunninghamii","small_small","o_TAS",NA,"Subcanopy","Subcanopy","Subcanopy_Subcanopy","Subcanopy.small_Subcanopy.small"
"918","Pomaderris apetala large","Pomaderris apetala large",-0.525388702715217,-1.49675021957778,0.445972814147348,-0.535376235941579,-0.515401169488856,0.495601717442025,"Supersite",1.94272303372513,"large","large","Pomaderris apetala","Pomaderris apetala","large_large","o_TAS",NA,"Subcanopy","Subcanopy","Subcanopy_Subcanopy","Subcanopy.large_Subcanopy.large"
"919","Pomaderris apetala small","Pomaderris apetala large",-0.00814770053343485,-0.189241094152977,0.172945693086107,-0.0122163584940228,-0.00407904257284686,0.0923962863848437,"Supersite",0.362186787239084,"small","large","Pomaderris apetala","Pomaderris apetala","small_large","o_TAS",NA,"Subcanopy","Subcanopy","Subcanopy_Subcanopy","Subcanopy.large_Subcanopy.small"
"920","Pomaderris apetala small","Pomaderris apetala small",0.468932055657433,0.332163815645975,0.605700295668892,0.455756807495242,0.482107303819625,0.0697809965337472,"Supersite",0.273536480022917,"small","small","Pomaderris apetala","Pomaderris apetala","small_small","o_TAS",1,"Subcanopy","Subcanopy","Subcanopy_Subcanopy","Subcanopy.small_Subcanopy.small"
"921","Acacia dealbata small","Acacia dealbata small",-0.184488549917559,-0.965246951830614,0.596269851995496,-0.196119478771538,-0.17285762106358,0.398353443263028,"MtMaurice",1.56151680382611,"small","small","Acacia dealbata","Acacia dealbata","small_small","d_TAS",NA,"Subcanopy","Subcanopy","Subcanopy_Subcanopy","Subcanopy.small_Subcanopy.small"
"922","Eucalyptus dalrympleana large","Acacia dealbata small",-0.0495772696373167,-0.528435847440284,0.429281308165651,-0.0563398762097862,-0.0428146630648472,0.244320090358876,"MtMaurice",0.957717155605936,"large","small","Eucalyptus dalrympleana","Acacia dealbata","large_small","d_TAS",NA,"Canopy","Subcanopy","Subcanopy_Canopy","Canopy.large_Subcanopy.small"
"923","Eucalyptus dalrympleana small","Acacia dealbata small",0.193523535663812,-0.242149966295779,0.629197037623403,0.187039057063604,0.20000801426402,0.222286483525273,"MtMaurice",0.871347003919182,"small","small","Eucalyptus dalrympleana","Acacia dealbata","small_small","d_TAS",NA,"Canopy","Subcanopy","Subcanopy_Canopy","Canopy.small_Subcanopy.small"
"924","Eucalyptus delegatensis large","Acacia dealbata small",0.27431286772179,-0.143898179239957,0.692523914683536,0.265710046443825,0.282915688999754,0.213376903994432,"MtMaurice",0.836422093923494,"large","small","Eucalyptus delegatensis","Acacia dealbata","large_small","d_TAS",NA,"Canopy","Subcanopy","Subcanopy_Canopy","Canopy.large_Subcanopy.small"
"925","Eucalyptus delegatensis small","Acacia dealbata small",-0.0944031243314606,-0.347552328029161,0.15874607936624,-0.0992473403642059,-0.0895589082987152,0.129160130336327,"MtMaurice",0.5062984073954,"small","small","Eucalyptus delegatensis","Acacia dealbata","small_small","d_TAS",NA,"Canopy","Subcanopy","Subcanopy_Canopy","Canopy.small_Subcanopy.small"
"926","Leptospermum lanigerum small","Acacia dealbata small",0.826210696995449,-0.219455242578821,1.87187663656972,0.808615703865966,0.843805690124932,0.533512833818555,"MtMaurice",2.09133187914854,"small","small","Leptospermum lanigerum","Acacia dealbata","small_small","d_TAS",NA,"Subcanopy","Subcanopy","Subcanopy_Subcanopy","Subcanopy.small_Subcanopy.small"
"927","Misc_large","Acacia dealbata small",-0.892147330185066,-1.93390571467261,0.149611054302479,-0.907395537610357,-0.876899122759774,0.531519146629633,"MtMaurice",2.08351676897509,"large","small","Misc","Acacia dealbata","large_small","d_TAS",NA,"Misc","Subcanopy","Misc_Subcanopy","Misc.large_Subcanopy.small"
"928","Misc_small","Acacia dealbata small",0.230344489714609,-0.512284086292718,0.972973065721936,0.219793498486222,0.240895480942996,0.378899092975731,"MtMaurice",1.48525715201465,"small","small","Misc","Acacia dealbata","small_small","d_TAS",NA,"Misc","Subcanopy","Misc_Subcanopy","Misc.small_Subcanopy.small"
"929","Eucalyptus dalrympleana large","Eucalyptus dalrympleana large",-0.357949369413914,-0.885548366583447,0.169649627755619,-0.367889073951732,-0.348009664876097,0.269188108215848,"MtMaurice",1.05519799433907,"large","large","Eucalyptus dalrympleana","Eucalyptus dalrympleana","large_large","d_TAS",NA,"Canopy","Canopy","Canopy_Canopy","Canopy.large_Canopy.large"
"930","Eucalyptus dalrympleana small","Eucalyptus dalrympleana large",0.0151913906753042,-0.241194655801144,0.271577437151753,0.0109716908078798,0.0194110905427285,0.130811611079994,"MtMaurice",0.512772092952897,"small","large","Eucalyptus dalrympleana","Eucalyptus dalrympleana","small_large","d_TAS",NA,"Canopy","Canopy","Canopy_Canopy","Canopy.large_Canopy.small"
"931","Eucalyptus delegatensis large","Eucalyptus dalrympleana large",0.195011345104608,-0.102675032464024,0.492697722673241,0.187311219004634,0.202711471204583,0.15188359577867,"MtMaurice",0.595372755137264,"large","large","Eucalyptus delegatensis","Eucalyptus dalrympleana","large_large","d_TAS",NA,"Canopy","Canopy","Canopy_Canopy","Canopy.large_Canopy.large"
"932","Eucalyptus delegatensis small","Eucalyptus dalrympleana large",-0.29621061890242,-0.510878656948564,-0.0815425808562764,-0.300927792865887,-0.291493444938954,0.109526521782756,"MtMaurice",0.429336076092288,"small","large","Eucalyptus delegatensis","Eucalyptus dalrympleana","small_large","d_TAS",1,"Canopy","Canopy","Canopy_Canopy","Canopy.large_Canopy.small"
"933","Leptospermum lanigerum small","Eucalyptus dalrympleana large",-0.278025223116449,-1.36322285009267,0.807172403859772,-0.292044461093898,-0.264005985139,0.553682432705969,"MtMaurice",2.17039525395244,"small","large","Leptospermum lanigerum","Eucalyptus dalrympleana","small_large","d_TAS",NA,"Subcanopy","Canopy","Subcanopy_Canopy","Canopy.large_Subcanopy.small"
"934","Misc_large","Eucalyptus dalrympleana large",0.0541486383251831,-0.473295528520141,0.581592805170507,0.0467686703400971,0.061528606310269,0.269109111700897,"MtMaurice",1.05488833369065,"large","large","Misc","Eucalyptus dalrympleana","large_large","d_TAS",NA,"Misc","Canopy","Misc_Canopy","Misc.large_Canopy.large"
"935","Misc_small","Eucalyptus dalrympleana large",0.438925541137471,-0.146295474768977,1.02414655704392,0.427860374897855,0.449990707377086,0.298587637590587,"MtMaurice",1.1704420318129,"small","large","Misc","Eucalyptus dalrympleana","small_large","d_TAS",NA,"Misc","Canopy","Misc_Canopy","Misc.small_Canopy.large"
"936","Eucalyptus dalrympleana small","Eucalyptus dalrympleana small",0.126155316689517,-0.126995779192704,0.379306412571738,0.120547382780668,0.131763250598366,0.129161095754333,"MtMaurice",0.506302191764442,"small","small","Eucalyptus dalrympleana","Eucalyptus dalrympleana","small_small","d_TAS",NA,"Canopy","Canopy","Canopy_Canopy","Canopy.small_Canopy.small"
"937","Eucalyptus delegatensis large","Eucalyptus dalrympleana small",0.00131220026883134,-0.219120128567219,0.221744529104881,-0.00364495204547828,0.00626935258314096,0.112467540513393,"MtMaurice",0.4408646576721,"large","small","Eucalyptus delegatensis","Eucalyptus dalrympleana","large_small","d_TAS",NA,"Canopy","Canopy","Canopy_Canopy","Canopy.large_Canopy.small"
"938","Eucalyptus delegatensis small","Eucalyptus dalrympleana small",0.00457300673783348,-0.154406937351152,0.163552950826819,0.0015695956591249,0.00757641781654207,0.0811137068553298,"MtMaurice",0.317959888177972,"small","small","Eucalyptus delegatensis","Eucalyptus dalrympleana","small_small","d_TAS",NA,"Canopy","Canopy","Canopy_Canopy","Canopy.small_Canopy.small"
"939","Leptospermum lanigerum small","Eucalyptus dalrympleana small",-0.197357059449094,-0.81683180313571,0.422117684237522,-0.205851943432824,-0.188862175465364,0.316064350453863,"MtMaurice",1.23894948737323,"small","small","Leptospermum lanigerum","Eucalyptus dalrympleana","small_small","d_TAS",NA,"Subcanopy","Canopy","Subcanopy_Canopy","Canopy.small_Subcanopy.small"
"940","Misc_large","Eucalyptus dalrympleana small",0.355082402934924,-0.119582613710314,0.829747419580163,0.347910779751148,0.362254026118701,0.242180479023766,"MtMaurice",0.949330033290477,"large","small","Misc","Eucalyptus dalrympleana","large_small","d_TAS",NA,"Misc","Canopy","Misc_Canopy","Misc.large_Canopy.small"
"941","Misc_small","Eucalyptus dalrympleana small",-0.189804005167674,-0.625644928876188,0.246036918540841,-0.195244387761566,-0.184363622573782,0.222371904354556,"MtMaurice",0.871681847417029,"small","small","Misc","Eucalyptus dalrympleana","small_small","d_TAS",NA,"Misc","Canopy","Misc_Canopy","Misc.small_Canopy.small"
"942","Eucalyptus delegatensis large","Eucalyptus delegatensis large",-0.422307179555109,-0.812880547902586,-0.0317338112076321,-0.435074141987471,-0.409540217122746,0.199275788447272,"MtMaurice",0.781146736694953,"large","large","Eucalyptus delegatensis","Eucalyptus delegatensis","large_large","d_TAS",1,"Canopy","Canopy","Canopy_Canopy","Canopy.large_Canopy.large"
"943","Eucalyptus delegatensis small","Eucalyptus delegatensis large",0.161711453124976,-0.0371494010346037,0.360572307284556,0.155748046044049,0.167674860205903,0.101461483847749,"MtMaurice",0.397721708319159,"small","large","Eucalyptus delegatensis","Eucalyptus delegatensis","small_large","d_TAS",NA,"Canopy","Canopy","Canopy_Canopy","Canopy.large_Canopy.small"
"944","Leptospermum lanigerum small","Eucalyptus delegatensis large",-0.165950287583606,-0.764603329516882,0.432702754349669,-0.176387957952633,-0.155512617214579,0.305440838023236,"MtMaurice",1.19730608386655,"small","large","Leptospermum lanigerum","Eucalyptus delegatensis","small_large","d_TAS",NA,"Subcanopy","Canopy","Subcanopy_Canopy","Canopy.large_Subcanopy.small"
"945","Misc_large","Eucalyptus delegatensis large",0.0654595804124272,-0.43376715996563,0.564686320790485,0.0566438493711452,0.0742753114537092,0.254712200997515,"MtMaurice",0.998453480756115,"large","large","Misc","Eucalyptus delegatensis","large_large","d_TAS",NA,"Misc","Canopy","Misc_Canopy","Misc.large_Canopy.large"
"946","Misc_small","Eucalyptus delegatensis large",0.0213058304462717,-0.440267614402491,0.482879275295034,0.0129233389170643,0.0296883219754791,0.235500982920908,"MtMaurice",0.923146889697524,"small","large","Misc","Eucalyptus delegatensis","small_large","d_TAS",NA,"Misc","Canopy","Misc_Canopy","Misc.small_Canopy.large"
"947","Eucalyptus delegatensis small","Eucalyptus delegatensis small",0.0940238561715418,-0.131970738377395,0.320018450720478,0.0842632924224907,0.103784419920593,0.115305483331098,"MtMaurice",0.451989189097873,"small","small","Eucalyptus delegatensis","Eucalyptus delegatensis","small_small","d_TAS",NA,"Canopy","Canopy","Canopy_Canopy","Canopy.small_Canopy.small"
"948","Leptospermum lanigerum small","Eucalyptus delegatensis small",0.21926252750344,-0.341066916069859,0.779591971076739,0.2107202837848,0.22780477122208,0.285887622422201,"MtMaurice",1.1206588871466,"small","small","Leptospermum lanigerum","Eucalyptus delegatensis","small_small","d_TAS",NA,"Subcanopy","Canopy","Subcanopy_Canopy","Canopy.small_Subcanopy.small"
"949","Misc_large","Eucalyptus delegatensis small",0.0129518750061011,-0.279940928726802,0.305844678739004,0.00765886438386794,0.0182448856283344,0.149437849900918,"MtMaurice",0.585785607465805,"large","small","Misc","Eucalyptus delegatensis","large_small","d_TAS",NA,"Misc","Canopy","Misc_Canopy","Misc.large_Canopy.small"
"950","Misc_small","Eucalyptus delegatensis small",0.376974624223716,-0.16899207179422,0.922941320241653,0.368069917514775,0.385879330932657,0.278559555341043,"MtMaurice",1.09193339203587,"small","small","Misc","Eucalyptus delegatensis","small_small","d_TAS",NA,"Misc","Canopy","Misc_Canopy","Misc.small_Canopy.small"
"951","Leptospermum lanigerum small","Leptospermum lanigerum small",-1.23852351212886,-3.24003974077084,0.762992716513127,-1.26587444565224,-1.21117257860547,1.02120051410622,"MtMaurice",4.00303245728397,"small","small","Leptospermum lanigerum","Leptospermum lanigerum","small_small","d_TAS",NA,"Subcanopy","Subcanopy","Subcanopy_Subcanopy","Subcanopy.small_Subcanopy.small"
"952","Misc_large","Leptospermum lanigerum small",0.93154185880386,-0.194104917345467,2.05718863495319,0.913835419276966,0.949248298330755,0.574320132935241,"MtMaurice",2.25129355229865,"large","small","Misc","Leptospermum lanigerum","large_small","d_TAS",NA,"Misc","Subcanopy","Misc_Subcanopy","Misc.large_Subcanopy.small"
"953","Misc_small","Leptospermum lanigerum small",-0.779399139290513,-2.84361903797109,1.28482075939006,-0.799737940234662,-0.759060338346364,1.05319277035847,"MtMaurice",4.12843979736115,"small","small","Misc","Leptospermum lanigerum","small_small","d_TAS",NA,"Misc","Subcanopy","Misc_Subcanopy","Misc.small_Subcanopy.small"
"954","Misc_large","Misc_large",-0.416028103085828,-1.74098517099979,0.908928964828132,-0.429066720787246,-0.40298948538441,0.676010925897135,"MtMaurice",2.64991413582792,"large","large","Misc","Misc","large_large","d_TAS",NA,"Misc","Misc","Misc_Misc","Misc.large_Misc.large"
"955","Misc_small","Misc_large",0.294440458493611,-0.507339692159116,1.09622060914634,0.28401747172917,0.304863445258052,0.409079022358098,"MtMaurice",1.60356030130545,"small","large","Misc","Misc","small_large","d_TAS",NA,"Misc","Misc","Misc_Misc","Misc.small_Misc.large"
"956","Misc_small","Misc_small",-0.930586752833676,-2.57209398689417,0.710920481226815,-0.952172923037913,-0.909000582629439,0.83751908045683,"MtMaurice",3.28301446812098,"small","small","Misc","Misc","small_small","d_TAS",NA,"Misc","Misc","Misc_Misc","Misc.small_Misc.small"
"957","Acacia dealbata large","Acacia dealbata large",-0.04032373499179,-0.385155522427517,0.304508052443937,-0.0478214426876335,-0.0328260272959465,0.17593781832509,"BenRidge",0.689663574871454,"large","large","Acacia dealbata","Acacia dealbata","large_large","d_TAS",NA,"Subcanopy","Subcanopy","Subcanopy_Subcanopy","Subcanopy.large_Subcanopy.large"
"958","Acacia dealbata small","Acacia dealbata large",-0.0101480988517073,-0.164492575415398,0.144196377711984,-0.0137636535190636,-0.0065325441843511,0.0787486289447871,"BenRidge",0.308688953127382,"small","large","Acacia dealbata","Acacia dealbata","small_large","d_TAS",NA,"Subcanopy","Subcanopy","Subcanopy_Subcanopy","Subcanopy.large_Subcanopy.small"
"959","Eucalyptus delegatensis large","Acacia dealbata large",-0.0680891440745762,-0.243339566948404,0.107161278799251,-0.0729493810647696,-0.0632289070843829,0.0894151240819629,"BenRidge",0.350500845747655,"large","large","Eucalyptus delegatensis","Acacia dealbata","large_large","d_TAS",NA,"Canopy","Subcanopy","Subcanopy_Canopy","Canopy.large_Subcanopy.large"
"960","Eucalyptus delegatensis small","Acacia dealbata large",-0.00352041618974907,-0.0616039717739438,0.0545631393944457,-0.00495733678766519,-0.00208349559183296,0.0296350116850873,"BenRidge",0.11616711116839,"small","large","Eucalyptus delegatensis","Acacia dealbata","small_large","d_TAS",NA,"Canopy","Subcanopy","Subcanopy_Canopy","Canopy.small_Subcanopy.large"
"961","Tasmannia lanceolata small","Acacia dealbata large",-0.110626832013341,-0.239817426955836,0.0185637629291549,-0.113841141895895,-0.107412522130786,0.0659147800477634,"BenRidge",0.258381189884991,"small","large","Tasmannia lanceolata","Acacia dealbata","small_large","d_TAS",NA,"Subcanopy","Subcanopy","Subcanopy_Subcanopy","Subcanopy.large_Subcanopy.small"
"962","Acacia dealbata small","Acacia dealbata small",0.206829078161891,0.0406691049658352,0.372989051357947,0.199569215236798,0.214088941086984,0.0847770543268675,"BenRidge",0.332319946392111,"small","small","Acacia dealbata","Acacia dealbata","small_small","d_TAS",1,"Subcanopy","Subcanopy","Subcanopy_Subcanopy","Subcanopy.small_Subcanopy.small"
"963","Eucalyptus delegatensis large","Acacia dealbata small",0.136262924234285,-0.00179920065231051,0.27432504912088,0.131919799255238,0.140606049213331,0.070441154008753,"BenRidge",0.27612424977319,"large","small","Eucalyptus delegatensis","Acacia dealbata","large_small","d_TAS",NA,"Canopy","Subcanopy","Subcanopy_Canopy","Canopy.large_Subcanopy.small"
"964","Eucalyptus delegatensis small","Acacia dealbata small",0.00579945139340602,-0.0464979572420221,0.0580968600288342,0.00387340262388362,0.00772550016292842,0.026682841648083,"BenRidge",0.104594817270856,"small","small","Eucalyptus delegatensis","Acacia dealbata","small_small","d_TAS",NA,"Canopy","Subcanopy","Subcanopy_Canopy","Canopy.small_Subcanopy.small"
"965","Tasmannia lanceolata small","Acacia dealbata small",-0.127513858892045,-0.213529336773569,-0.0414983810105203,-0.130644825291996,-0.124382892492093,0.0438862543189587,"BenRidge",0.172030955763049,"small","small","Tasmannia lanceolata","Acacia dealbata","small_small","d_TAS",1,"Subcanopy","Subcanopy","Subcanopy_Subcanopy","Subcanopy.small_Subcanopy.small"
"966","Eucalyptus delegatensis large","Eucalyptus delegatensis large",-0.35367110878616,-0.602914595969444,-0.104427621602876,-0.366387512497411,-0.340954705074909,0.127167381211739,"BenRidge",0.498486974366568,"large","large","Eucalyptus delegatensis","Eucalyptus delegatensis","large_large","d_TAS",1,"Canopy","Canopy","Canopy_Canopy","Canopy.large_Canopy.large"
"967","Eucalyptus delegatensis small","Eucalyptus delegatensis large",-0.0365665809599649,-0.108710716893009,0.0355775549730797,-0.0392670253857087,-0.0338661365342211,0.0368089089912408,"BenRidge",0.144288271866089,"small","large","Eucalyptus delegatensis","Eucalyptus delegatensis","small_large","d_TAS",NA,"Canopy","Canopy","Canopy_Canopy","Canopy.large_Canopy.small"
"968","Tasmannia lanceolata small","Eucalyptus delegatensis large",0.0456635303164484,-0.0427942585985703,0.134121319231467,0.0425074864414668,0.0488195741914301,0.0451323542742431,"BenRidge",0.176915577830038,"small","large","Tasmannia lanceolata","Eucalyptus delegatensis","small_large","d_TAS",NA,"Subcanopy","Canopy","Subcanopy_Canopy","Canopy.large_Subcanopy.small"
"969","Eucalyptus delegatensis small","Eucalyptus delegatensis small",0.387339224352981,0.269844986194264,0.504833462511699,0.377119854022451,0.397558594683512,0.0599471414196878,"BenRidge",0.234988476317435,"small","small","Eucalyptus delegatensis","Eucalyptus delegatensis","small_small","d_TAS",1,"Canopy","Canopy","Canopy_Canopy","Canopy.small_Canopy.small"
"970","Tasmannia lanceolata small","Eucalyptus delegatensis small",-0.00166837322265699,-0.0290899957721939,0.0257532493268799,-0.00371546634620829,0.000378719900894315,0.0139908808354823,"BenRidge",0.0548432450990738,"small","small","Tasmannia lanceolata","Eucalyptus delegatensis","small_small","d_TAS",NA,"Subcanopy","Canopy","Subcanopy_Canopy","Canopy.small_Subcanopy.small"
"971","Tasmannia lanceolata small","Tasmannia lanceolata small",0.513534799139535,0.41104766643097,0.616021931848101,0.497364652279339,0.529704945999732,0.0522903142695329,"BenRidge",0.20497426541713,"small","small","Tasmannia lanceolata","Tasmannia lanceolata","small_small","d_TAS",1,"Subcanopy","Subcanopy","Subcanopy_Subcanopy","Subcanopy.small_Subcanopy.small"
"972","Acacia melanoxylon small","Acacia melanoxylon small",-0.0678757864079885,-0.483204382018043,0.347452809202066,-0.0750962876528853,-0.0606552851630916,0.211906238525868,"Bird",0.830657191220109,"small","small","Acacia melanoxylon","Acacia melanoxylon","small_small","o_TAS",NA,"Subcanopy","Subcanopy","Subcanopy_Subcanopy","Subcanopy.small_Subcanopy.small"
"973","Eucalyptus obliqua large","Acacia melanoxylon small",0.0290304137762484,-0.267761199757996,0.325822027310493,0.023127966138851,0.0349328614136459,0.151427075127553,"Bird",0.593583227068489,"large","small","Eucalyptus obliqua","Acacia melanoxylon","large_small","o_TAS",NA,"Canopy","Subcanopy","Subcanopy_Canopy","Canopy.large_Subcanopy.small"
"974","Eucalyptus obliqua small","Acacia melanoxylon small",-0.125352234433213,-0.396805095693116,0.14610062682669,-0.130146359549713,-0.120558109316713,0.138498902735504,"Bird",0.542905722519806,"small","small","Eucalyptus obliqua","Acacia melanoxylon","small_small","o_TAS",NA,"Canopy","Subcanopy","Subcanopy_Canopy","Canopy.small_Subcanopy.small"
"975","Misc_large","Acacia melanoxylon small",0.616206518168314,-0.0722290378065091,1.30464207414314,0.60563575125926,0.626777285077368,0.351249084883761,"Bird",1.37687111194965,"large","small","Misc","Acacia melanoxylon","large_small","o_TAS",NA,"Misc","Subcanopy","Misc_Subcanopy","Misc.large_Subcanopy.small"
"976","Misc_small","Acacia melanoxylon small",-0.356973996681991,-0.789156219842754,0.0752082264787718,-0.364563752248607,-0.349384241115375,0.220505186100235,"Bird",0.864364446321526,"small","small","Misc","Acacia melanoxylon","small_small","o_TAS",NA,"Misc","Subcanopy","Misc_Subcanopy","Misc.small_Subcanopy.small"
"977","Monotoca glauca small","Acacia melanoxylon small",0.669072622730583,-0.00157421853396789,1.33971946399513,0.659851299574406,0.678293945886759,0.342173043257186,"Bird",1.3412936825291,"small","small","Monotoca glauca","Acacia melanoxylon","small_small","o_TAS",NA,"Subcanopy","Subcanopy","Subcanopy_Subcanopy","Subcanopy.small_Subcanopy.small"
"978","Nothofagus cunninghamii large","Acacia melanoxylon small",0.15308666873722,-0.203149723800017,0.509323061274457,0.147329972213614,0.158843365260826,0.181756601318792,"Bird",0.712472785074473,"large","small","Nothofagus cunninghamii","Acacia melanoxylon","large_small","o_TAS",NA,"Subcanopy","Subcanopy","Subcanopy_Subcanopy","Subcanopy.large_Subcanopy.small"
"979","Nothofagus cunninghamii small","Acacia melanoxylon small",0.117604177707809,-0.0694037258943724,0.30461208130999,0.114289995771691,0.120918359643927,0.0954139489691013,"Bird",0.374015807204362,"small","small","Nothofagus cunninghamii","Acacia melanoxylon","small_small","o_TAS",NA,"Subcanopy","Subcanopy","Subcanopy_Subcanopy","Subcanopy.small_Subcanopy.small"
"980","Phyllocladus aspleniifolius small","Acacia melanoxylon small",0.288218432644426,-0.143694369867127,0.720131235155978,0.280149475645358,0.296287389643493,0.220367724059435,"Bird",0.863825605023105,"small","small","Phyllocladus aspleniifolius","Acacia melanoxylon","small_small","o_TAS",NA,"Subcanopy","Subcanopy","Subcanopy_Subcanopy","Subcanopy.small_Subcanopy.small"
"981","Eucalyptus obliqua large","Eucalyptus obliqua large",-0.222462489616339,-0.563281645181848,0.11835666594917,-0.230593343168735,-0.214331636063943,0.17389051954722,"Bird",0.681638311131018,"large","large","Eucalyptus obliqua","Eucalyptus obliqua","large_large","o_TAS",NA,"Canopy","Canopy","Canopy_Canopy","Canopy.large_Canopy.large"
"982","Eucalyptus obliqua small","Eucalyptus obliqua large",0.118888086401643,-0.126180347092315,0.363956519895602,0.113390928625066,0.124385244178221,0.125037212636062,"Bird",0.490136866987917,"small","large","Eucalyptus obliqua","Eucalyptus obliqua","small_large","o_TAS",NA,"Canopy","Canopy","Canopy_Canopy","Canopy.large_Canopy.small"
"983","Misc_large","Eucalyptus obliqua large",0.114216335227484,-0.310519131220873,0.53895180167584,0.104892056748927,0.12354061370604,0.216705750615121,"Bird",0.849470932896713,"large","large","Misc","Eucalyptus obliqua","large_large","o_TAS",NA,"Misc","Canopy","Misc_Canopy","Misc.large_Canopy.large"
"984","Misc_small","Eucalyptus obliqua large",0.281913955348713,-0.129901603940292,0.693729514637718,0.273527130793693,0.290300779903733,0.210113840120203,"Bird",0.823631118578009,"small","large","Misc","Eucalyptus obliqua","small_large","o_TAS",NA,"Misc","Canopy","Misc_Canopy","Misc.small_Canopy.large"
"985","Monotoca glauca small","Eucalyptus obliqua large",0.0483008900934011,-0.477594245492233,0.574196025679035,0.0389462914767172,0.057655488710085,0.268318775107006,"Bird",1.05179027117127,"small","large","Monotoca glauca","Eucalyptus obliqua","small_large","o_TAS",NA,"Subcanopy","Canopy","Subcanopy_Canopy","Canopy.large_Subcanopy.small"
"986","Nothofagus cunninghamii large","Eucalyptus obliqua large",-0.159750283531778,-0.48415460901199,0.164654041948435,-0.165786741228108,-0.153713825835448,0.16551545234457,"Bird",0.648808650960425,"large","large","Nothofagus cunninghamii","Eucalyptus obliqua","large_large","o_TAS",NA,"Subcanopy","Canopy","Subcanopy_Canopy","Canopy.large_Subcanopy.large"
"987","Nothofagus cunninghamii small","Eucalyptus obliqua large",0.120724412639547,-0.0238015822073339,0.265250407486428,0.116816999551725,0.124631825727369,0.0737391074463019,"Bird",0.289051989693762,"small","large","Nothofagus cunninghamii","Eucalyptus obliqua","small_large","o_TAS",NA,"Subcanopy","Canopy","Subcanopy_Canopy","Canopy.large_Subcanopy.small"
"988","Phyllocladus aspleniifolius small","Eucalyptus obliqua large",0.438854342318652,-0.0381366626175678,0.915845347254873,0.428602638978813,0.449106045658492,0.243367229550474,"Bird",0.95398200987244,"small","large","Phyllocladus aspleniifolius","Eucalyptus obliqua","small_large","o_TAS",NA,"Subcanopy","Canopy","Subcanopy_Canopy","Canopy.large_Subcanopy.small"
"989","Eucalyptus obliqua small","Eucalyptus obliqua small",-0.0636109299434614,-0.355472659635841,0.228250799748918,-0.0710525330315506,-0.0561693268553722,0.148911782050358,"Bird",0.583723459384758,"small","small","Eucalyptus obliqua","Eucalyptus obliqua","small_small","o_TAS",NA,"Canopy","Canopy","Canopy_Canopy","Canopy.small_Canopy.small"
"990","Misc_large","Eucalyptus obliqua small",-0.0173859492172273,-0.416094701658278,0.381322803223823,-0.0245470673724337,-0.010224831062021,0.203426570889064,"Bird",0.797417504882101,"large","small","Misc","Eucalyptus obliqua","large_small","o_TAS",NA,"Misc","Canopy","Misc_Canopy","Misc.large_Canopy.small"
"991","Misc_small","Eucalyptus obliqua small",-0.133972694248091,-0.470637304129584,0.202691915633401,-0.139887379204715,-0.128058009291468,0.171770814431826,"Bird",0.673329219762986,"small","small","Misc","Eucalyptus obliqua","small_small","o_TAS",NA,"Misc","Canopy","Misc_Canopy","Misc.small_Canopy.small"
"992","Monotoca glauca small","Eucalyptus obliqua small",0.212549603015562,-0.223310563013702,0.648409769044826,0.204680849592693,0.220418356438431,0.222381722045544,"Bird",0.871720332058528,"small","small","Monotoca glauca","Eucalyptus obliqua","small_small","o_TAS",NA,"Subcanopy","Canopy","Subcanopy_Canopy","Canopy.small_Subcanopy.small"
"993","Nothofagus cunninghamii large","Eucalyptus obliqua small",0.129881488704233,-0.173352749324499,0.433115726732965,0.124141518229163,0.135621459179302,0.154714188842553,"Bird",0.606468476057464,"large","small","Nothofagus cunninghamii","Eucalyptus obliqua","large_small","o_TAS",NA,"Subcanopy","Canopy","Subcanopy_Canopy","Canopy.small_Subcanopy.large"
"994","Nothofagus cunninghamii small","Eucalyptus obliqua small",0.0641938209281999,-0.0647477187063321,0.193135360562732,0.0607078833364363,0.0676797585199636,0.0657877086781219,"Bird",0.257883079269064,"small","small","Nothofagus cunninghamii","Eucalyptus obliqua","small_small","o_TAS",NA,"Subcanopy","Canopy","Subcanopy_Canopy","Canopy.small_Subcanopy.small"
"995","Phyllocladus aspleniifolius small","Eucalyptus obliqua small",0.230431549978702,-0.105067516545415,0.565930616502819,0.22400893350566,0.236854166451744,0.171176138526264,"Bird",0.670998133048233,"small","small","Phyllocladus aspleniifolius","Eucalyptus obliqua","small_small","o_TAS",NA,"Subcanopy","Canopy","Subcanopy_Canopy","Canopy.small_Subcanopy.small"
"996","Misc_large","Misc_large",-1.16817964165074,-2.2081514440536,-0.128207839247891,-1.19708709503088,-1.13927218827061,0.530607608408123,"Bird",2.07994360480571,"large","large","Misc","Misc","large_large","o_TAS",1,"Misc","Misc","Misc_Misc","Misc.large_Misc.large"
"997","Misc_small","Misc_large",0.732725242796188,0.0383562132443894,1.42709427234799,0.717440550156189,0.748009935436186,0.35427642294904,"Bird",1.3887380591036,"small","large","Misc","Misc","small_large","o_TAS",1,"Misc","Misc","Misc_Misc","Misc.small_Misc.large"
"998","Monotoca glauca small","Misc_large",-0.980202337764888,-1.94503359028247,-0.0153710852473005,-0.996970291460971,-0.963434384068804,0.492269888695942,"Bird",1.92966250503517,"small","large","Monotoca glauca","Misc","small_large","o_TAS",1,"Subcanopy","Misc","Misc_Subcanopy","Misc.large_Subcanopy.small"
"999","Nothofagus cunninghamii large","Misc_large",-0.498959298106231,-1.03541273332617,0.0374941371137074,-0.509641664086642,-0.48827693212582,0.273705761662671,"Bird",1.07290687043988,"large","large","Nothofagus cunninghamii","Misc","large_large","o_TAS",NA,"Subcanopy","Misc","Misc_Subcanopy","Misc.large_Subcanopy.large"
"1000","Nothofagus cunninghamii small","Misc_large",-0.107487708995662,-0.289582884407758,0.0746074664164339,-0.111740805703697,-0.103234612287627,0.0929074089363068,"Bird",0.364190350824192,"small","large","Nothofagus cunninghamii","Misc","small_large","o_TAS",NA,"Subcanopy","Misc","Misc_Subcanopy","Misc.large_Subcanopy.small"
"1001","Phyllocladus aspleniifolius small","Misc_large",-0.0118131114154035,-0.871797987206605,0.848171764375798,-0.0243419836010566,0.000715760770249601,0.438775856380348,"Bird",1.7199697515824,"small","large","Phyllocladus aspleniifolius","Misc","small_large","o_TAS",NA,"Subcanopy","Misc","Misc_Subcanopy","Misc.large_Subcanopy.small"
"1002","Misc_small","Misc_small",-0.492792464743753,-1.14635166694291,0.160766737455404,-0.506827874068052,-0.478757055419455,0.333454699858951,"Bird",1.30711840439831,"small","small","Misc","Misc","small_small","o_TAS",NA,"Misc","Misc","Misc_Misc","Misc.small_Misc.small"
"1003","Monotoca glauca small","Misc_small",0.502095584345667,-0.181496567545659,1.18568773623699,0.489113536318643,0.51507763237269,0.348777914943036,"Bird",1.36718430378265,"small","small","Monotoca glauca","Misc","small_small","o_TAS",NA,"Subcanopy","Misc","Misc_Subcanopy","Misc.small_Subcanopy.small"
"1004","Nothofagus cunninghamii large","Misc_small",0.575300044886342,0.0398025101787219,1.11079757959396,0.564693948891272,0.585906140881413,0.273218048357805,"Bird",1.07099506941524,"large","small","Nothofagus cunninghamii","Misc","large_small","o_TAS",1,"Subcanopy","Misc","Misc_Subcanopy","Misc.small_Subcanopy.large"
"1005","Nothofagus cunninghamii small","Misc_small",-0.11663928540942,-0.295685254826863,0.0624066840080223,-0.12043534823932,-0.11284322257952,0.0913516630048992,"Bird",0.358091938834885,"small","small","Nothofagus cunninghamii","Misc","small_small","o_TAS",NA,"Subcanopy","Misc","Misc_Subcanopy","Misc.small_Subcanopy.small"
"1006","Phyllocladus aspleniifolius small","Misc_small",-0.309459047239814,-0.923742400942599,0.304824306462972,-0.319774870758081,-0.299143223721547,0.313415633423968,"Bird",1.22856670740557,"small","small","Phyllocladus aspleniifolius","Misc","small_small","o_TAS",NA,"Subcanopy","Misc","Misc_Subcanopy","Misc.small_Subcanopy.small"
"1007","Monotoca glauca small","Monotoca glauca small",-0.565560167254228,-1.68165548283703,0.550535148328571,-0.580403594292127,-0.550716740216329,0.569446849220912,"Bird",2.2321906311656,"small","small","Monotoca glauca","Monotoca glauca","small_small","o_TAS",NA,"Subcanopy","Subcanopy","Subcanopy_Subcanopy","Subcanopy.small_Subcanopy.small"
"1008","Nothofagus cunninghamii large","Monotoca glauca small",-0.411512936738495,-0.972290190347611,0.149264316870622,-0.420814354633974,-0.402211518843016,0.286116101128621,"Bird",1.12155450721823,"large","small","Nothofagus cunninghamii","Monotoca glauca","large_small","o_TAS",NA,"Subcanopy","Subcanopy","Subcanopy_Subcanopy","Subcanopy.large_Subcanopy.small"
"1009","Nothofagus cunninghamii small","Monotoca glauca small",-0.295488896501413,-0.514434748092303,-0.0765430449105232,-0.301321957027061,-0.289655835975765,0.1117091198195,"Bird",0.43789170318178,"small","small","Nothofagus cunninghamii","Monotoca glauca","small_small","o_TAS",1,"Subcanopy","Subcanopy","Subcanopy_Subcanopy","Subcanopy.small_Subcanopy.small"
"1010","Phyllocladus aspleniifolius small","Monotoca glauca small",-0.0564298480756669,-1.10499234385509,0.992132647703753,-0.0688762182744588,-0.043983477876875,0.534990695773161,"Bird",2.09712499155884,"small","small","Phyllocladus aspleniifolius","Monotoca glauca","small_small","o_TAS",NA,"Subcanopy","Subcanopy","Subcanopy_Subcanopy","Subcanopy.small_Subcanopy.small"
"1011","Nothofagus cunninghamii large","Nothofagus cunninghamii large",-0.507214236972748,-1.0412051409077,0.0267766669622095,-0.518191828959869,-0.496236644985626,0.272449345062975,"Bird",1.06798180786991,"large","large","Nothofagus cunninghamii","Nothofagus cunninghamii","large_large","o_TAS",NA,"Subcanopy","Subcanopy","Subcanopy_Subcanopy","Subcanopy.large_Subcanopy.large"
"1012","Nothofagus cunninghamii small","Nothofagus cunninghamii large",0.053326230825313,-0.102092965149432,0.208745426800058,0.0496552628337917,0.0569971988168342,0.0792969652507248,"Bird",0.310838391949489,"small","large","Nothofagus cunninghamii","Nothofagus cunninghamii","small_large","o_TAS",NA,"Subcanopy","Subcanopy","Subcanopy_Subcanopy","Subcanopy.large_Subcanopy.small"
"1013","Phyllocladus aspleniifolius small","Nothofagus cunninghamii large",0.240866691642432,-0.329967166852585,0.81170055013745,0.233105213946297,0.248628169338568,0.291247116272382,"Bird",1.14166771699004,"small","large","Phyllocladus aspleniifolius","Nothofagus cunninghamii","small_large","o_TAS",NA,"Subcanopy","Subcanopy","Subcanopy_Subcanopy","Subcanopy.large_Subcanopy.small"
"1014","Nothofagus cunninghamii small","Nothofagus cunninghamii small",0.362645475361644,0.223394990729755,0.501895959993533,0.35073920302159,0.374551747701697,0.0710474711424695,"Bird",0.278500969263778,"small","small","Nothofagus cunninghamii","Nothofagus cunninghamii","small_small","o_TAS",1,"Subcanopy","Subcanopy","Subcanopy_Subcanopy","Subcanopy.small_Subcanopy.small"
"1015","Phyllocladus aspleniifolius small","Nothofagus cunninghamii small",-0.150931650842164,-0.389596980166277,0.087733678481949,-0.155609298753192,-0.146254002931137,0.121770262722517,"Bird",0.477330658648226,"small","small","Phyllocladus aspleniifolius","Nothofagus cunninghamii","small_small","o_TAS",NA,"Subcanopy","Subcanopy","Subcanopy_Subcanopy","Subcanopy.small_Subcanopy.small"
"1016","Phyllocladus aspleniifolius small","Phyllocladus aspleniifolius small",-0.510125429003303,-1.37024673946005,0.349995881453441,-0.522799729716555,-0.497451128290052,0.438845467182699,"Bird",1.72024262091349,"small","small","Phyllocladus aspleniifolius","Phyllocladus aspleniifolius","small_small","o_TAS",NA,"Subcanopy","Subcanopy","Subcanopy_Subcanopy","Subcanopy.small_Subcanopy.small"
"1017","Acacia mucronata small","Acacia mucronata small",0.000161527366147289,-0.425853468391641,0.426176523123935,-0.00921543199711595,0.00953848672941053,0.217358583687323,"BlackRiver",0.852029991515576,"small","small","Acacia mucronata","Acacia mucronata","small_small","o_TAS",NA,"Subcanopy","Subcanopy","Subcanopy_Subcanopy","Subcanopy.small_Subcanopy.small"
"1018","Eucalyptus obliqua large","Acacia mucronata small",0.354182488811052,-0.16004331213082,0.868408289752924,0.346657088454316,0.361707889167787,0.262364923538402,"BlackRiver",1.02845160188374,"large","small","Eucalyptus obliqua","Acacia mucronata","large_small","o_TAS",NA,"Canopy","Subcanopy","Subcanopy_Canopy","Canopy.large_Subcanopy.small"
"1019","Eucalyptus obliqua small","Acacia mucronata small",0.0633676748353346,-0.204177926404926,0.330913276075595,0.0579578240918715,0.0687775255787977,0.136505366093778,"BlackRiver",0.53509120248052,"small","small","Eucalyptus obliqua","Acacia mucronata","small_small","o_TAS",NA,"Canopy","Subcanopy","Subcanopy_Canopy","Canopy.small_Subcanopy.small"
"1020","Eucalyptus ovata large","Acacia mucronata small",0.500495216299156,-0.364964824793475,1.36595525739179,0.489007743070035,0.511982689528277,0.441569359396024,"BlackRiver",1.73092008218526,"large","small","Eucalyptus ovata","Acacia mucronata","large_small","o_TAS",NA,"Canopy","Subcanopy","Subcanopy_Canopy","Canopy.large_Subcanopy.small"
"1021","Eucalyptus ovata small","Acacia mucronata small",0.34811773150082,-0.124449443256267,0.820684906257907,0.33827488494361,0.357960578058031,0.241110131861931,"BlackRiver",0.945134349514174,"small","small","Eucalyptus ovata","Acacia mucronata","small_small","o_TAS",NA,"Canopy","Subcanopy","Subcanopy_Canopy","Canopy.small_Subcanopy.small"
"1022","Leptospermum scoparium small","Acacia mucronata small",-0.243899848623042,-0.685230985530363,0.197431288284279,-0.251987354992556,-0.235812342253528,0.225173085009972,"BlackRiver",0.882662273814642,"small","small","Leptospermum scoparium","Acacia mucronata","small_small","o_TAS",NA,"Subcanopy","Subcanopy","Subcanopy_Subcanopy","Subcanopy.small_Subcanopy.small"
"1023","Misc_large","Acacia mucronata small",0.393316227129073,-0.12368892667423,0.910321380932375,0.382943328993874,0.403689125264272,0.263782986769845,"BlackRiver",1.0340103076066,"large","small","Misc","Acacia mucronata","large_small","o_TAS",NA,"Misc","Subcanopy","Misc_Subcanopy","Misc.large_Subcanopy.small"
"1024","Monotoca glauca small","Acacia mucronata small",-0.412486967715813,-0.827855652256403,0.0028817168247765,-0.419998431813595,-0.404975503618032,0.2119266924377,"BlackRiver",0.83073736908118,"small","small","Monotoca glauca","Acacia mucronata","small_small","o_TAS",NA,"Subcanopy","Subcanopy","Subcanopy_Subcanopy","Subcanopy.small_Subcanopy.small"
"1025","Nematolepis squamea subsp squamea large","Acacia mucronata small",0.0778415331755857,-0.412762414994328,0.5684454813455,0.0688081084811197,0.0868749578700517,0.250312736376656,"BlackRiver",0.981207896339828,"large","small","Nematolepis squamea","Acacia mucronata","large_small","o_TAS",NA,"Subcanopy","Subcanopy","Subcanopy_Subcanopy","Subcanopy.large_Subcanopy.small"
"1026","Nematolepis squamea subsp squamea small","Acacia mucronata small",0.0457477225851542,-0.157221233711841,0.248716678882149,0.0384164913208823,0.0530789538494261,0.103557492840679,"BlackRiver",0.40593791259399,"small","small","Nematolepis squamea","Acacia mucronata","small_small","o_TAS",NA,"Subcanopy","Subcanopy","Subcanopy_Subcanopy","Subcanopy.small_Subcanopy.small"
"1027","Zieria arborescens small","Acacia mucronata small",-0.604250755224793,-1.48607793786668,0.277576427417088,-0.61602582526678,-0.592475685182807,0.449920095265843,"BlackRiver",1.76365436528376,"small","small","Zieria arborescens","Acacia mucronata","small_small","o_TAS",NA,"Subcanopy","Subcanopy","Subcanopy_Subcanopy","Subcanopy.small_Subcanopy.small"
"1028","Eucalyptus obliqua large","Eucalyptus obliqua large",-1.16128563213592,-1.97444815439062,-0.348123109881219,-1.18218468863058,-1.14038657564126,0.414886461521141,"BlackRiver",1.6263250445094,"large","large","Eucalyptus obliqua","Eucalyptus obliqua","large_large","o_TAS",1,"Canopy","Canopy","Canopy_Canopy","Canopy.large_Canopy.large"
"1029","Eucalyptus obliqua small","Eucalyptus obliqua large",-0.0560178527069497,-0.446958999341681,0.334923293927782,-0.0632974650312969,-0.0487382403826025,0.199463433878595,"BlackRiver",0.781882293269463,"small","large","Eucalyptus obliqua","Eucalyptus obliqua","small_large","o_TAS",NA,"Canopy","Canopy","Canopy_Canopy","Canopy.large_Canopy.small"
"1030","Eucalyptus ovata large","Eucalyptus obliqua large",-0.683556077418056,-1.40310380375869,0.0359916489225821,-0.6956381177634,-0.671474037072712,0.367122932878532,"BlackRiver",1.43909545268128,"large","large","Eucalyptus ovata","Eucalyptus obliqua","large_large","o_TAS",NA,"Canopy","Canopy","Canopy_Canopy","Canopy.large_Canopy.large"
"1031","Eucalyptus ovata small","Eucalyptus obliqua large",-0.558047511354425,-1.10402371831373,-0.0120713043951191,-0.567903143276029,-0.548191879432821,0.278564407951318,"BlackRiver",1.09195241391861,"small","large","Eucalyptus ovata","Eucalyptus obliqua","small_large","o_TAS",1,"Canopy","Canopy","Canopy_Canopy","Canopy.large_Canopy.small"
"1032","Leptospermum scoparium small","Eucalyptus obliqua large",0.604043751055414,0.0424587473216308,1.1656287547892,0.592170223651416,0.615917278459411,0.286528226112058,"BlackRiver",1.12317000746757,"small","large","Leptospermum scoparium","Eucalyptus obliqua","small_large","o_TAS",1,"Subcanopy","Canopy","Subcanopy_Canopy","Canopy.large_Subcanopy.small"
"1033","Misc_large","Eucalyptus obliqua large",-0.777519864201509,-1.41261989992689,-0.142419828476126,-0.791375539530414,-0.763664188872604,0.324036584720419,"BlackRiver",1.27020007145077,"large","large","Misc","Eucalyptus obliqua","large_large","o_TAS",1,"Misc","Canopy","Misc_Canopy","Misc.large_Canopy.large"
"1034","Monotoca glauca small","Eucalyptus obliqua large",0.234794441815919,-0.11560430078397,0.585193184415808,0.225995460931516,0.243593422700321,0.178778153763941,"BlackRiver",0.700797485199778,"small","large","Monotoca glauca","Eucalyptus obliqua","small_large","o_TAS",NA,"Subcanopy","Canopy","Subcanopy_Canopy","Canopy.large_Subcanopy.small"
"1035","Nematolepis squamea subsp squamea large","Eucalyptus obliqua large",1.03334680564552,0.206660783780524,1.86003282751051,1.02117656575989,1.04551704553114,0.421786333007027,"BlackRiver",1.65337204372998,"large","large","Nematolepis squamea","Eucalyptus obliqua","large_large","o_TAS",1,"Subcanopy","Canopy","Subcanopy_Canopy","Canopy.large_Subcanopy.large"
"1036","Nematolepis squamea subsp squamea small","Eucalyptus obliqua large",-0.207131353454618,-0.495651565550538,0.0813888586413029,-0.214485071375154,-0.199777635534081,0.147206894806094,"BlackRiver",0.577040424191841,"small","large","Nematolepis squamea","Eucalyptus obliqua","small_large","o_TAS",NA,"Subcanopy","Canopy","Subcanopy_Canopy","Canopy.large_Subcanopy.small"
"1037","Zieria arborescens small","Eucalyptus obliqua large",1.29316947598458,0.238053762542427,2.34828518942673,1.27676822485593,1.30957072711323,0.538334235610843,"BlackRiver",2.1102314268843,"small","large","Zieria arborescens","Eucalyptus obliqua","small_large","o_TAS",1,"Subcanopy","Canopy","Subcanopy_Canopy","Canopy.large_Subcanopy.small"
"1038","Eucalyptus obliqua small","Eucalyptus obliqua small",0.0251865033767696,-0.226114521440922,0.276487528194461,0.0180768943252545,0.0322961124282847,0.128217164600943,"BlackRiver",0.502602049635383,"small","small","Eucalyptus obliqua","Eucalyptus obliqua","small_small","o_TAS",NA,"Canopy","Canopy","Canopy_Canopy","Canopy.small_Canopy.small"
"1039","Eucalyptus ovata large","Eucalyptus obliqua small",0.294037840396531,-0.319213233850653,0.907288914643715,0.285314796663151,0.302760884129911,0.312888950554414,"BlackRiver",1.22650214849437,"large","small","Eucalyptus ovata","Eucalyptus obliqua","large_small","o_TAS",NA,"Canopy","Canopy","Canopy_Canopy","Canopy.large_Canopy.small"
"1040","Eucalyptus ovata small","Eucalyptus obliqua small",-0.00591463522525208,-0.321501037559926,0.309671767109422,-0.0129165376399926,0.00108726718948848,0.161016429293589,"BlackRiver",0.631172804669348,"small","small","Eucalyptus ovata","Eucalyptus obliqua","small_small","o_TAS",NA,"Canopy","Canopy","Canopy_Canopy","Canopy.small_Canopy.small"
"1041","Leptospermum scoparium small","Eucalyptus obliqua small",0.0860634212161187,-0.172084927922704,0.344211770354941,0.079582253392803,0.0925445890394344,0.131710761613511,"BlackRiver",0.516296698277645,"small","small","Leptospermum scoparium","Eucalyptus obliqua","small_small","o_TAS",NA,"Subcanopy","Canopy","Subcanopy_Canopy","Canopy.small_Subcanopy.small"
"1042","Misc_large","Eucalyptus obliqua small",-0.364241332291383,-0.776980761201789,0.0484980966190225,-0.372615231174457,-0.35586743340831,0.210585210833486,"BlackRiver",0.825478857820812,"large","small","Misc","Eucalyptus obliqua","large_small","o_TAS",NA,"Misc","Canopy","Misc_Canopy","Misc.large_Canopy.small"
"1043","Monotoca glauca small","Eucalyptus obliqua small",0.16206320623623,-0.0506058088155201,0.374732221287981,0.156489968450899,0.167636444021562,0.108506593350315,"BlackRiver",0.425338030103501,"small","small","Monotoca glauca","Eucalyptus obliqua","small_small","o_TAS",NA,"Subcanopy","Canopy","Subcanopy_Canopy","Canopy.small_Subcanopy.small"
"1044","Nematolepis squamea subsp squamea large","Eucalyptus obliqua small",-0.0222517502212986,-0.363194823244037,0.31869132280144,-0.028965128238307,-0.0155383722042902,0.173953743901446,"BlackRiver",0.681886146045476,"large","small","Nematolepis squamea","Eucalyptus obliqua","large_small","o_TAS",NA,"Subcanopy","Canopy","Subcanopy_Canopy","Canopy.small_Subcanopy.large"
"1045","Nematolepis squamea subsp squamea small","Eucalyptus obliqua small",-0.0523145021194764,-0.225976804199091,0.121347799960138,-0.0573633402047941,-0.0472656640341588,0.0886048434815338,"BlackRiver",0.34732460415923,"small","small","Nematolepis squamea","Eucalyptus obliqua","small_small","o_TAS",NA,"Subcanopy","Canopy","Subcanopy_Canopy","Canopy.small_Subcanopy.small"
"1046","Zieria arborescens small","Eucalyptus obliqua small",0.140242042576829,-0.226737245389504,0.507221330543162,0.132572425287144,0.147911659866514,0.187237771133051,"BlackRiver",0.733958575932666,"small","small","Zieria arborescens","Eucalyptus obliqua","small_small","o_TAS",NA,"Subcanopy","Canopy","Subcanopy_Canopy","Canopy.small_Subcanopy.small"
"1047","Eucalyptus ovata large","Eucalyptus ovata large",-1.51538259322955,-3.74106408962035,0.710298903161254,-1.53705760127295,-1.49370758518614,1.13557265028679,"BlackRiver",4.4513629927816,"large","large","Eucalyptus ovata","Eucalyptus ovata","large_large","o_TAS",NA,"Canopy","Canopy","Canopy_Canopy","Canopy.large_Canopy.large"
"1048","Eucalyptus ovata small","Eucalyptus ovata large",-0.476240658082197,-1.35404826295581,0.40156694679142,-0.489232611424149,-0.463248704740245,0.447869252597319,"BlackRiver",1.75561520974723,"small","large","Eucalyptus ovata","Eucalyptus ovata","small_large","o_TAS",NA,"Canopy","Canopy","Canopy_Canopy","Canopy.large_Canopy.small"
"1049","Leptospermum scoparium small","Eucalyptus ovata large",0.445000176779474,-0.393981726108808,1.28398207966776,0.432402105773766,0.457598247785182,0.428059856969855,"BlackRiver",1.67796380577656,"small","large","Leptospermum scoparium","Eucalyptus ovata","small_large","o_TAS",NA,"Subcanopy","Canopy","Subcanopy_Canopy","Canopy.large_Subcanopy.small"
"1050","Misc_large","Eucalyptus ovata large",-0.265176935792747,-1.29247925982423,0.762125388238735,-0.279494793110438,-0.250859078475057,0.524143470050834,"BlackRiver",2.05460464806297,"large","large","Misc","Eucalyptus ovata","large_large","o_TAS",NA,"Misc","Canopy","Misc_Canopy","Misc.large_Canopy.large"
"1051","Monotoca glauca small","Eucalyptus ovata large",0.274080928720613,-0.239621979048167,0.787783836489393,0.264697398294666,0.283464459146559,0.262098136404956,"BlackRiver",1.02740581553756,"small","large","Monotoca glauca","Eucalyptus ovata","small_large","o_TAS",NA,"Subcanopy","Canopy","Subcanopy_Canopy","Canopy.large_Subcanopy.small"
"1052","Nematolepis squamea subsp squamea large","Eucalyptus ovata large",0.535545928781719,-0.646476277819424,1.71756813538286,0.5207055560196,0.550386301543839,0.603083636191677,"BlackRiver",2.36404441320229,"large","large","Nematolepis squamea","Eucalyptus ovata","large_large","o_TAS",NA,"Subcanopy","Canopy","Subcanopy_Canopy","Canopy.large_Subcanopy.large"
"1053","Nematolepis squamea subsp squamea small","Eucalyptus ovata large",-0.0702832852830759,-0.512841266533382,0.37227469596723,-0.0788590653400038,-0.061707505226148,0.225799037503315,"BlackRiver",0.885115962500612,"small","large","Nematolepis squamea","Eucalyptus ovata","small_large","o_TAS",NA,"Subcanopy","Canopy","Subcanopy_Canopy","Canopy.large_Subcanopy.small"
"1054","Zieria arborescens small","Eucalyptus ovata large",1.03384445222293,-0.416474699511504,2.48416360395736,1.01440193160903,1.05328697283683,0.739972348050457,"BlackRiver",2.90063830346887,"small","large","Zieria arborescens","Eucalyptus ovata","small_large","o_TAS",NA,"Subcanopy","Canopy","Subcanopy_Canopy","Canopy.large_Subcanopy.small"
"1055","Eucalyptus ovata small","Eucalyptus ovata small",-0.625436690301997,-1.36119555945949,0.110322178855492,-0.641369914603025,-0.60950346600097,0.375394076095817,"BlackRiver",1.47151773831498,"small","small","Eucalyptus ovata","Eucalyptus ovata","small_small","o_TAS",NA,"Canopy","Canopy","Canopy_Canopy","Canopy.small_Canopy.small"
"1056","Leptospermum scoparium small","Eucalyptus ovata small",0.59875615787015,0.0814048805352677,1.11610743520503,0.586276714147527,0.611235601592773,0.263959583653416,"BlackRiver",1.03470255466976,"small","small","Leptospermum scoparium","Eucalyptus ovata","small_small","o_TAS",1,"Subcanopy","Canopy","Subcanopy_Canopy","Canopy.small_Subcanopy.small"
"1057","Misc_large","Eucalyptus ovata small",0.0299789190833744,-0.560340060416471,0.62029789858322,0.0173524907804617,0.0426053473862871,0.30118868721885,"BlackRiver",1.18063795899969,"large","small","Misc","Eucalyptus ovata","large_small","o_TAS",NA,"Misc","Canopy","Misc_Canopy","Misc.large_Canopy.small"
"1058","Monotoca glauca small","Eucalyptus ovata small",-0.0475733693639573,-0.412130664949086,0.316983926221171,-0.0552058658468656,-0.039940872881049,0.186002038027591,"BlackRiver",0.729114591170257,"small","small","Monotoca glauca","Eucalyptus ovata","small_small","o_TAS",NA,"Subcanopy","Canopy","Subcanopy_Canopy","Canopy.small_Subcanopy.small"
"1059","Nematolepis squamea subsp squamea large","Eucalyptus ovata small",-0.214909980317229,-0.907663847334724,0.477843886700265,-0.22762498826093,-0.202194972373529,0.353452345288918,"BlackRiver",1.38550773403499,"large","small","Nematolepis squamea","Eucalyptus ovata","large_small","o_TAS",NA,"Subcanopy","Canopy","Subcanopy_Canopy","Canopy.small_Subcanopy.large"
"1060","Nematolepis squamea subsp squamea small","Eucalyptus ovata small",0.165725264937274,-0.116808811286769,0.448259341161317,0.156926197771216,0.174524332103332,0.144152687729283,"BlackRiver",0.565068152448085,"small","small","Nematolepis squamea","Eucalyptus ovata","small_small","o_TAS",NA,"Subcanopy","Canopy","Subcanopy_Canopy","Canopy.small_Subcanopy.small"
"1061","Zieria arborescens small","Eucalyptus ovata small",0.610305137282181,-0.410935009954842,1.6315452845192,0.596376092592798,0.624234181971564,0.521050465872044,"BlackRiver",2.04248029447405,"small","small","Zieria arborescens","Eucalyptus ovata","small_small","o_TAS",NA,"Subcanopy","Canopy","Subcanopy_Canopy","Canopy.small_Subcanopy.small"
"1062","Leptospermum scoparium small","Leptospermum scoparium small",-0.103683018927118,-0.602858743285862,0.395492705431626,-0.113382893747877,-0.0939831441063588,0.254686171937943,"BlackRiver",0.998351448717488,"small","small","Leptospermum scoparium","Leptospermum scoparium","small_small","o_TAS",NA,"Subcanopy","Subcanopy","Subcanopy_Subcanopy","Subcanopy.small_Subcanopy.small"
"1063","Misc_large","Leptospermum scoparium small",0.500148624670946,-0.079501215122282,1.07979846446417,0.486357394898274,0.513939854443619,0.295745148566725,"BlackRiver",1.15929967958646,"large","small","Misc","Leptospermum scoparium","large_small","o_TAS",NA,"Misc","Subcanopy","Misc_Subcanopy","Misc.large_Subcanopy.small"
"1064","Monotoca glauca small","Leptospermum scoparium small",0.00570462914028753,-0.303595302419285,0.31500456069986,-0.00178437156301236,0.0131936298435874,0.157808987307569,"BlackRiver",0.618599863119146,"small","small","Monotoca glauca","Leptospermum scoparium","small_small","o_TAS",NA,"Subcanopy","Subcanopy","Subcanopy_Subcanopy","Subcanopy.small_Subcanopy.small"
"1065","Nematolepis squamea subsp squamea large","Leptospermum scoparium small",-0.394907440671573,-0.930370002699173,0.140555121356026,-0.406408849872975,-0.383406031470171,0.273200204825834,"BlackRiver",1.0709251240552,"large","small","Nematolepis squamea","Leptospermum scoparium","large_small","o_TAS",NA,"Subcanopy","Subcanopy","Subcanopy_Subcanopy","Subcanopy.large_Subcanopy.small"
"1066","Nematolepis squamea subsp squamea small","Leptospermum scoparium small",0.129395579166462,-0.147513374685683,0.406304533018608,0.120779072407389,0.138012085925536,0.141282674598293,"BlackRiver",0.553817907704291,"small","small","Nematolepis squamea","Leptospermum scoparium","small_small","o_TAS",NA,"Subcanopy","Subcanopy","Subcanopy_Subcanopy","Subcanopy.small_Subcanopy.small"
"1067","Zieria arborescens small","Leptospermum scoparium small",-0.434446641125158,-1.16557091474232,0.296677632492006,-0.448112026934177,-0.42078125531614,0.37302944308374,"BlackRiver",1.46224854723433,"small","small","Zieria arborescens","Leptospermum scoparium","small_small","o_TAS",NA,"Subcanopy","Subcanopy","Subcanopy_Subcanopy","Subcanopy.small_Subcanopy.small"
"1068","Misc_large","Misc_large",-1.39327296628609,-2.64216889663786,-0.144377035934316,-1.4168447865219,-1.36970114605028,0.637203509963909,"BlackRiver",2.49779186070354,"large","large","Misc","Misc","large_large","o_TAS",1,"Misc","Misc","Misc_Misc","Misc.large_Misc.large"
"1069","Monotoca glauca small","Misc_large",0.715475688007176,0.262148873967435,1.16880250204692,0.70326810143242,0.727683274581932,0.231293440907856,"BlackRiver",0.906653628079481,"small","large","Monotoca glauca","Misc","small_large","o_TAS",1,"Subcanopy","Misc","Misc_Subcanopy","Misc.large_Subcanopy.small"
"1070","Nematolepis squamea subsp squamea large","Misc_large",1.0862208279953,0.175750661645903,1.99669099434471,1.07078279662016,1.10165885937045,0.464534130999893,"BlackRiver",1.8209403326988,"large","large","Nematolepis squamea","Misc","large_large","o_TAS",1,"Subcanopy","Misc","Misc_Subcanopy","Misc.large_Subcanopy.large"
"1071","Nematolepis squamea subsp squamea small","Misc_large",-0.416553633825422,-0.799516997370138,-0.0335902702807059,-0.425980763778968,-0.407126503871876,0.195393061589643,"BlackRiver",0.765926727089432,"small","large","Nematolepis squamea","Misc","small_large","o_TAS",1,"Subcanopy","Misc","Misc_Subcanopy","Misc.large_Subcanopy.small"
"1072","Zieria arborescens small","Misc_large",1.26462600409814,0.261648409249986,2.26760359894629,1.24571111319059,1.28354089500569,0.51173266588545,"BlackRiver",2.0059551896963,"small","large","Zieria arborescens","Misc","small_large","o_TAS",1,"Subcanopy","Misc","Misc_Subcanopy","Misc.large_Subcanopy.small"
"1073","Monotoca glauca small","Monotoca glauca small",-0.216927268158191,-0.581024386192888,0.147169849876507,-0.227444582735827,-0.206409953580555,0.185767249248787,"BlackRiver",0.728194236069395,"small","small","Monotoca glauca","Monotoca glauca","small_small","o_TAS",NA,"Subcanopy","Subcanopy","Subcanopy_Subcanopy","Subcanopy.small_Subcanopy.small"
"1074","Nematolepis squamea subsp squamea large","Monotoca glauca small",-0.532862687451341,-1.02831054963305,-0.0374148252696365,-0.541878581395966,-0.523846793506716,0.252784166489657,"BlackRiver",0.990895724363409,"large","small","Nematolepis squamea","Monotoca glauca","large_small","o_TAS",1,"Subcanopy","Subcanopy","Subcanopy_Subcanopy","Subcanopy.large_Subcanopy.small"
"1075","Nematolepis squamea subsp squamea small","Monotoca glauca small",0.119062679458301,-0.0914143394637958,0.329539698380399,0.113011300961886,0.125114057954717,0.107388207427439,"BlackRiver",0.420954037844194,"small","small","Nematolepis squamea","Monotoca glauca","small_small","o_TAS",NA,"Subcanopy","Subcanopy","Subcanopy_Subcanopy","Subcanopy.small_Subcanopy.small"
"1076","Zieria arborescens small","Monotoca glauca small",-0.892948282172645,-1.58497263248645,-0.20092393185884,-0.903987650224675,-0.881908914120614,0.353080136049644,"BlackRiver",1.38404870062761,"small","small","Zieria arborescens","Monotoca glauca","small_small","o_TAS",1,"Subcanopy","Subcanopy","Subcanopy_Subcanopy","Subcanopy.small_Subcanopy.small"
"1077","Nematolepis squamea subsp squamea large","Nematolepis squamea subsp squamea large",-0.632544559000375,-1.38430451384704,0.119215395846285,-0.645493988695359,-0.619595129305392,0.383558045339837,"BlackRiver",1.50351990969332,"large","large","Nematolepis squamea","Nematolepis squamea","large_large","o_TAS",NA,"Subcanopy","Subcanopy","Subcanopy_Subcanopy","Subcanopy.large_Subcanopy.large"
"1078","Nematolepis squamea subsp squamea small","Nematolepis squamea subsp squamea large",0.386276669637498,-0.00269976463737837,0.775253103912374,0.377049184375792,0.395504154899203,0.19846101119361,"BlackRiver",0.777952868549752,"small","large","Nematolepis squamea","Nematolepis squamea","small_large","o_TAS",NA,"Subcanopy","Subcanopy","Subcanopy_Subcanopy","Subcanopy.large_Subcanopy.small"
"1079","Zieria arborescens small","Nematolepis squamea subsp squamea large",-1.38867077402474,-2.61543623700509,-0.16190531104439,-1.40625625988192,-1.37108528816756,0.625912247702977,"BlackRiver",2.4535309259607,"small","large","Zieria arborescens","Nematolepis squamea","small_large","o_TAS",1,"Subcanopy","Subcanopy","Subcanopy_Subcanopy","Subcanopy.large_Subcanopy.small"
"1080","Nematolepis squamea subsp squamea small","Nematolepis squamea subsp squamea small",0.234516862983533,0.0255635882686857,0.44347013769838,0.221923944147212,0.247109781819854,0.106610772627989,"BlackRiver",0.417906549429695,"small","small","Nematolepis squamea","Nematolepis squamea","small_small","o_TAS",1,"Subcanopy","Subcanopy","Subcanopy_Subcanopy","Subcanopy.small_Subcanopy.small"
"1081","Zieria arborescens small","Nematolepis squamea subsp squamea small",0.0326595786602818,-0.402266174784631,0.467585332105194,0.023584972478977,0.0417341848415866,0.221904972170688,"BlackRiver",0.869851506889825,"small","small","Zieria arborescens","Nematolepis squamea","small_small","o_TAS",NA,"Subcanopy","Subcanopy","Subcanopy_Subcanopy","Subcanopy.small_Subcanopy.small"
"1082","Zieria arborescens small","Zieria arborescens small",-1.72595453289165,-3.14907588815547,-0.302833177627824,-1.75026808475038,-1.70164098103291,0.726095666292454,"BlackRiver",2.84624271052765,"small","small","Zieria arborescens","Zieria arborescens","small_small","o_TAS",1,"Subcanopy","Subcanopy","Subcanopy_Subcanopy","Subcanopy.small_Subcanopy.small"
"1083","Bedfordia salicina large","Bedfordia salicina large",-0.153322953840767,-1.09533953942473,0.788693631743199,-0.170792619218007,-0.135853288463526,0.480629538611154,"Caveside",1.88403317116793,"large","large","Bedfordia salicina","Bedfordia salicina","large_large","d_TAS",NA,"Subcanopy","Subcanopy","Subcanopy_Subcanopy","Subcanopy.large_Subcanopy.large"
"1084","Bedfordia salicina small","Bedfordia salicina large",0.122517666194036,-0.215130619694194,0.460165952082265,0.118494884536578,0.126540447851493,0.172272699167718,"Caveside",0.675296571776459,"small","large","Bedfordia salicina","Bedfordia salicina","small_large","d_TAS",NA,"Subcanopy","Subcanopy","Subcanopy_Subcanopy","Subcanopy.large_Subcanopy.small"
"1085","Eucalyptus delegatensis large","Bedfordia salicina large",0.268024017301449,-0.735811915429779,1.27185995003268,0.255090494352413,0.280957540250486,0.512170601423985,"Caveside",2.00767186546246,"large","large","Eucalyptus delegatensis","Bedfordia salicina","large_large","d_TAS",NA,"Canopy","Subcanopy","Subcanopy_Canopy","Canopy.large_Subcanopy.large"
"1086","Eucalyptus delegatensis small","Bedfordia salicina large",0.00139356136500595,-0.441055183790272,0.443842306520284,-0.00855708838176768,0.0113442111117796,0.22574330377765,"Caveside",0.884897490310557,"small","large","Eucalyptus delegatensis","Bedfordia salicina","small_large","d_TAS",NA,"Canopy","Subcanopy","Subcanopy_Canopy","Canopy.small_Subcanopy.large"
"1087","Eucalyptus obliqua large","Bedfordia salicina large",0.276864122185554,-0.327166568414754,0.880894812785862,0.263207347717072,0.290520896654036,0.308184586739769,"Caveside",1.20806138120062,"large","large","Eucalyptus obliqua","Bedfordia salicina","large_large","d_TAS",NA,"Canopy","Subcanopy","Subcanopy_Canopy","Canopy.large_Subcanopy.large"
"1088","Eucalyptus obliqua small","Bedfordia salicina large",0.0457052103742,-0.348969683487451,0.440380104235851,0.0380339360449375,0.0533764847034624,0.201368441958524,"Caveside",0.789349787723302,"small","large","Eucalyptus obliqua","Bedfordia salicina","small_large","d_TAS",NA,"Canopy","Subcanopy","Subcanopy_Canopy","Canopy.small_Subcanopy.large"
"1089","Misc_small","Bedfordia salicina large",0.109543843756467,-0.471091031188887,0.690178718701821,0.0995832842592897,0.119504403253644,0.296247726756883,"Caveside",1.16126974989071,"small","large","Misc","Bedfordia salicina","small_large","d_TAS",NA,"Misc","Subcanopy","Misc_Subcanopy","Misc.small_Subcanopy.large"
"1090","Nothofagus cunninghamii large","Bedfordia salicina large",-0.227447253610716,-1.18468200223174,0.729787495010313,-0.242987381955765,-0.211907125265666,0.488394050182337,"Caveside",1.91446949724206,"large","large","Nothofagus cunninghamii","Bedfordia salicina","large_large","d_TAS",NA,"Subcanopy","Subcanopy","Subcanopy_Subcanopy","Subcanopy.large_Subcanopy.large"
"1091","Nothofagus cunninghamii small","Bedfordia salicina large",-0.213510555499189,-0.715907300796488,0.288886189798109,-0.226108456252213,-0.200912654746166,0.25632958016583,"Caveside",1.0047934905946,"small","large","Nothofagus cunninghamii","Bedfordia salicina","small_large","d_TAS",NA,"Subcanopy","Subcanopy","Subcanopy_Subcanopy","Subcanopy.large_Subcanopy.small"
"1092","Pomaderris apetala large","Bedfordia salicina large",0.115499587135521,-0.396057419573492,0.627056593844533,0.105696134844898,0.125303039426144,0.261003268807034,"Caveside",1.02311401341802,"large","large","Pomaderris apetala","Bedfordia salicina","large_large","d_TAS",NA,"Subcanopy","Subcanopy","Subcanopy_Subcanopy","Subcanopy.large_Subcanopy.large"
"1093","Pomaderris apetala small","Bedfordia salicina large",-0.0647325821508608,-0.1671052773546,0.037640113052879,-0.0673886676236633,-0.0620764966780582,0.052231926714594,"Caveside",0.204745390407479,"small","large","Pomaderris apetala","Bedfordia salicina","small_large","d_TAS",NA,"Subcanopy","Subcanopy","Subcanopy_Subcanopy","Subcanopy.large_Subcanopy.small"
"1094","Bedfordia salicina small","Bedfordia salicina small",0.487482369915152,0.389078488789187,0.585886251041117,0.471032360401813,0.503932379428491,0.0502069843640813,"Caveside",0.19680776225193,"small","small","Bedfordia salicina","Bedfordia salicina","small_small","d_TAS",1,"Subcanopy","Subcanopy","Subcanopy_Subcanopy","Subcanopy.small_Subcanopy.small"
"1095","Eucalyptus delegatensis large","Bedfordia salicina small",-0.0789285756097813,-0.37291782123898,0.215060670019417,-0.0814922649204033,-0.0763648862991592,0.149997269311145,"Caveside",0.587978491258397,"large","small","Eucalyptus delegatensis","Bedfordia salicina","large_small","d_TAS",NA,"Canopy","Subcanopy","Subcanopy_Canopy","Canopy.large_Subcanopy.small"
"1096","Eucalyptus delegatensis small","Bedfordia salicina small",-0.0420265537371577,-0.107095427631033,0.0230423201567179,-0.0442593982893104,-0.039793709185005,0.0331990150875886,"Caveside",0.130137747787751,"small","small","Eucalyptus delegatensis","Bedfordia salicina","small_small","d_TAS",NA,"Canopy","Subcanopy","Subcanopy_Canopy","Canopy.small_Subcanopy.small"
"1097","Eucalyptus obliqua large","Bedfordia salicina small",-0.138556689941698,-0.28129491609938,0.00418153621598322,-0.142177122055506,-0.134936257827891,0.0728269638032038,"Caveside",0.285476452315363,"large","small","Eucalyptus obliqua","Bedfordia salicina","large_small","d_TAS",NA,"Canopy","Subcanopy","Subcanopy_Canopy","Canopy.large_Subcanopy.small"
"1098","Eucalyptus obliqua small","Bedfordia salicina small",0.00502258407048184,-0.0551294076663593,0.0651745758073229,0.00338776642200268,0.006657401718961,0.0306903556449569,"Caveside",0.120303983473682,"small","small","Eucalyptus obliqua","Bedfordia salicina","small_small","d_TAS",NA,"Canopy","Subcanopy","Subcanopy_Canopy","Canopy.small_Subcanopy.small"
"1099","Misc_small","Bedfordia salicina small",-0.0113973299026879,-0.079520302533469,0.0567256427280931,-0.0127323340162283,-0.0100623257891475,0.0347572573619344,"Caveside",0.136245945261562,"small","small","Misc","Bedfordia salicina","small_small","d_TAS",NA,"Misc","Subcanopy","Misc_Subcanopy","Misc.small_Subcanopy.small"
"1100","Nothofagus cunninghamii large","Bedfordia salicina small",-0.0202352539837742,-0.112072087513115,0.0716015795455668,-0.0224575934030296,-0.0180129145645189,0.0468563883080191,"Caveside",0.183673667058682,"large","small","Nothofagus cunninghamii","Bedfordia salicina","large_small","d_TAS",NA,"Subcanopy","Subcanopy","Subcanopy_Subcanopy","Subcanopy.large_Subcanopy.small"
"1101","Nothofagus cunninghamii small","Bedfordia salicina small",0.0149965884378003,-0.0409389534444609,0.0709321303200614,0.0129982053086381,0.0169949715669624,0.0285390661887022,"Caveside",0.111871083764522,"small","small","Nothofagus cunninghamii","Bedfordia salicina","small_small","d_TAS",NA,"Subcanopy","Subcanopy","Subcanopy_Subcanopy","Subcanopy.small_Subcanopy.small"
"1102","Pomaderris apetala large","Bedfordia salicina small",-0.0278731087687652,-0.0910473149403702,0.0353010974028398,-0.0300390579536272,-0.0257071595839032,0.0322323301192854,"Caveside",0.12634841234321,"large","small","Pomaderris apetala","Bedfordia salicina","large_small","d_TAS",NA,"Subcanopy","Subcanopy","Subcanopy_Subcanopy","Subcanopy.large_Subcanopy.small"
"1103","Pomaderris apetala small","Bedfordia salicina small",-0.00245088760348009,-0.0439777341966454,0.0390759589896852,-0.00497990908283463,7.81338758744565e-05,0.0211875559554786,"Caveside",0.0830536931863305,"small","small","Pomaderris apetala","Bedfordia salicina","small_small","d_TAS",NA,"Subcanopy","Subcanopy","Subcanopy_Subcanopy","Subcanopy.small_Subcanopy.small"
"1104","Eucalyptus delegatensis large","Eucalyptus delegatensis large",-1.33009213067788,-2.7780151692429,0.117830907887131,-1.34899248083627,-1.3111917805195,0.738749818867105,"Caveside",2.89584607713003,"large","large","Eucalyptus delegatensis","Eucalyptus delegatensis","large_large","d_TAS",NA,"Canopy","Canopy","Canopy_Canopy","Canopy.large_Canopy.large"
"1105","Eucalyptus delegatensis small","Eucalyptus delegatensis large",0.196785120479891,-0.201665542176239,0.595235783136021,0.187320105425052,0.206250135534731,0.203294890007703,"Caveside",0.79690132531226,"small","large","Eucalyptus delegatensis","Eucalyptus delegatensis","small_large","d_TAS",NA,"Canopy","Canopy","Canopy_Canopy","Canopy.large_Canopy.small"
"1106","Eucalyptus obliqua large","Eucalyptus delegatensis large",-0.32273125372935,-1.71782865711949,1.07236614966079,-0.339842869425086,-0.305619638033615,0.711797468930292,"Caveside",2.79019480678028,"large","large","Eucalyptus obliqua","Eucalyptus delegatensis","large_large","d_TAS",NA,"Canopy","Canopy","Canopy_Canopy","Canopy.large_Canopy.large"
"1107","Eucalyptus obliqua small","Eucalyptus delegatensis large",-0.238049056038572,-0.713302181143654,0.23720406906651,-0.245817189245808,-0.230280922831336,0.242480539874109,"Caveside",0.950506250210164,"small","large","Eucalyptus obliqua","Eucalyptus delegatensis","small_large","d_TAS",NA,"Canopy","Canopy","Canopy_Canopy","Canopy.large_Canopy.small"
"1108","Misc_small","Eucalyptus delegatensis large",0.488294087628116,-0.184665090145359,1.16125326540159,0.475938015906079,0.500650159350154,0.343352828460978,"Caveside",1.34591835554695,"small","large","Misc","Eucalyptus delegatensis","small_large","d_TAS",NA,"Misc","Canopy","Misc_Canopy","Misc.small_Canopy.large"
"1109","Nothofagus cunninghamii large","Eucalyptus delegatensis large",0.252279490809241,-0.413248566041932,0.917807547660414,0.241052356159565,0.263506625458917,0.339561370566385,"Caveside",1.33105611370235,"large","large","Nothofagus cunninghamii","Eucalyptus delegatensis","large_large","d_TAS",NA,"Subcanopy","Canopy","Subcanopy_Canopy","Canopy.large_Subcanopy.large"
"1110","Nothofagus cunninghamii small","Eucalyptus delegatensis large",0.0867198278554751,-0.1389959045743,0.31243556028525,0.0814129443848366,0.0920267113261136,0.115163204125276,"Caveside",0.451431464859551,"small","large","Nothofagus cunninghamii","Eucalyptus delegatensis","small_large","d_TAS",NA,"Subcanopy","Canopy","Subcanopy_Canopy","Canopy.large_Subcanopy.small"
"1111","Pomaderris apetala large","Eucalyptus delegatensis large",-0.194315979341411,-0.523979807893526,0.135347849210704,-0.201848411155033,-0.186783547527788,0.168198921588591,"Caveside",0.65932765710423,"large","large","Pomaderris apetala","Eucalyptus delegatensis","large_large","d_TAS",NA,"Subcanopy","Canopy","Subcanopy_Canopy","Canopy.large_Subcanopy.large"
"1112","Pomaderris apetala small","Eucalyptus delegatensis large",0.138130226777338,-0.0455999651972412,0.321860418751917,0.135040750429648,0.141219703125028,0.0937416163887803,"Caveside",0.367460383949158,"small","large","Pomaderris apetala","Eucalyptus delegatensis","small_large","d_TAS",NA,"Subcanopy","Canopy","Subcanopy_Canopy","Canopy.large_Subcanopy.small"
"1113","Eucalyptus delegatensis small","Eucalyptus delegatensis small",0.157347925783132,-0.11093277903889,0.425628630605153,0.147865567003313,0.16683028456295,0.136880425833426,"Caveside",0.536561409644043,"small","small","Eucalyptus delegatensis","Eucalyptus delegatensis","small_small","d_TAS",NA,"Canopy","Canopy","Canopy_Canopy","Canopy.small_Canopy.small"
"1114","Eucalyptus obliqua large","Eucalyptus delegatensis small",-0.217004266928023,-0.580698168089629,0.146689634233582,-0.225549691947716,-0.208458841908331,0.185561522574076,"Caveside",0.727387802323212,"large","small","Eucalyptus obliqua","Eucalyptus delegatensis","large_small","d_TAS",NA,"Canopy","Canopy","Canopy_Canopy","Canopy.large_Canopy.small"
"1115","Eucalyptus obliqua small","Eucalyptus delegatensis small",0.0937345237877948,-0.0964154454971363,0.283884493072726,0.0886720588969444,0.0987969886786453,0.0970170731629815,"Caveside",0.380299938569862,"small","small","Eucalyptus obliqua","Eucalyptus delegatensis","small_small","d_TAS",NA,"Canopy","Canopy","Canopy_Canopy","Canopy.small_Canopy.small"
"1116","Misc_small","Eucalyptus delegatensis small",-0.0811650620244792,-0.340421271732214,0.178091147683255,-0.0873667192601789,-0.0749634047887795,0.132276006984166,"Caveside",0.518512419415469,"small","small","Misc","Eucalyptus delegatensis","small_small","d_TAS",NA,"Misc","Canopy","Misc_Canopy","Misc.small_Canopy.small"
"1117","Nothofagus cunninghamii large","Eucalyptus delegatensis small",-0.0607358028869428,-0.272598046222847,0.151126440448961,-0.0688019399182617,-0.052669665855624,0.108094967564224,"Caveside",0.423724486671808,"large","small","Nothofagus cunninghamii","Eucalyptus delegatensis","large_small","d_TAS",NA,"Subcanopy","Canopy","Subcanopy_Canopy","Canopy.small_Subcanopy.large"
"1118","Nothofagus cunninghamii small","Eucalyptus delegatensis small",0.0570942775598201,-0.0632091595828188,0.177397714702459,0.0517550471040469,0.0624335080155934,0.0613804325444636,"Caveside",0.240606874285278,"small","small","Nothofagus cunninghamii","Eucalyptus delegatensis","small_small","d_TAS",NA,"Subcanopy","Canopy","Subcanopy_Canopy","Canopy.small_Subcanopy.small"
"1119","Pomaderris apetala large","Eucalyptus delegatensis small",0.0539801566594367,-0.107781639187906,0.215741952506779,0.0478565763162821,0.0601037370025914,0.0825330450576128,"Caveside",0.323523591694685,"large","small","Pomaderris apetala","Eucalyptus delegatensis","large_small","d_TAS",NA,"Subcanopy","Canopy","Subcanopy_Canopy","Canopy.small_Subcanopy.large"
"1120","Pomaderris apetala small","Eucalyptus delegatensis small",0.0319646943463012,-0.0302158801741692,0.0941452688667716,0.0295799952038097,0.0343493934887927,0.0317253658796503,"Caveside",0.124361149040941,"small","small","Pomaderris apetala","Eucalyptus delegatensis","small_small","d_TAS",NA,"Subcanopy","Canopy","Subcanopy_Canopy","Canopy.small_Subcanopy.small"
"1121","Eucalyptus obliqua large","Eucalyptus obliqua large",-0.551714602635928,-1.62201243081399,0.518583225542137,-0.569178446068611,-0.534250759203244,0.54608035485368,"Caveside",2.14059565635613,"large","large","Eucalyptus obliqua","Eucalyptus obliqua","large_large","d_TAS",NA,"Canopy","Canopy","Canopy_Canopy","Canopy.large_Canopy.large"
"1122","Eucalyptus obliqua small","Eucalyptus obliqua large",0.479958706102291,0.0451131784839367,0.914804233720645,0.470215670405456,0.489701741799126,0.221864039874386,"Caveside",0.869691055236709,"small","large","Eucalyptus obliqua","Eucalyptus obliqua","small_large","d_TAS",1,"Canopy","Canopy","Canopy_Canopy","Canopy.large_Canopy.small"
"1123","Misc_small","Eucalyptus obliqua large",-0.291955748697699,-0.712901357213007,0.12898985981761,-0.301439402666912,-0.282472094728486,0.214772114097848,"Caveside",0.841891217030618,"small","large","Misc","Eucalyptus obliqua","small_large","d_TAS",NA,"Misc","Canopy","Misc_Canopy","Misc.small_Canopy.large"
"1124","Nothofagus cunninghamii large","Eucalyptus obliqua large",0.243343126688837,-0.217896502398196,0.704582755775869,0.233604008070771,0.253082245306902,0.23533066562714,"Caveside",0.922479258174065,"large","large","Nothofagus cunninghamii","Eucalyptus obliqua","large_large","d_TAS",NA,"Subcanopy","Canopy","Subcanopy_Canopy","Canopy.large_Subcanopy.large"
"1125","Nothofagus cunninghamii small","Eucalyptus obliqua large",-0.0481546169064837,-0.248811753488791,0.152502519675824,-0.0528932185144484,-0.043416015298519,0.102377971312262,"Caveside",0.401314273164615,"small","large","Nothofagus cunninghamii","Eucalyptus obliqua","small_large","d_TAS",NA,"Subcanopy","Canopy","Subcanopy_Canopy","Canopy.large_Subcanopy.small"
"1126","Pomaderris apetala large","Eucalyptus obliqua large",0.061024490049825,-0.179124319631609,0.301173299731259,0.0532605502138051,0.068788429885845,0.122527154363905,"Caveside",0.480297619362868,"large","large","Pomaderris apetala","Eucalyptus obliqua","large_large","d_TAS",NA,"Subcanopy","Canopy","Subcanopy_Canopy","Canopy.large_Subcanopy.large"
"1127","Pomaderris apetala small","Eucalyptus obliqua large",0.191571439332323,0.0385644203159412,0.344578458348704,0.187490598845841,0.195652279818804,0.0780662401060842,"Caveside",0.306014038032763,"small","large","Pomaderris apetala","Eucalyptus obliqua","small_large","d_TAS",1,"Subcanopy","Canopy","Subcanopy_Canopy","Canopy.large_Subcanopy.small"
"1128","Eucalyptus obliqua small","Eucalyptus obliqua small",0.0221598912157956,-0.387736578935935,0.432056361367526,0.0072710470053665,0.0370487354262247,0.209134695017328,"Caveside",0.819792940303461,"small","small","Eucalyptus obliqua","Eucalyptus obliqua","small_small","d_TAS",NA,"Canopy","Canopy","Canopy_Canopy","Canopy.small_Canopy.small"
"1129","Misc_small","Eucalyptus obliqua small",0.236217021697647,-0.013034424022901,0.485468467418194,0.229733076727166,0.242700966668127,0.127171441764548,"Caveside",0.498502891441095,"small","small","Misc","Eucalyptus obliqua","small_small","d_TAS",NA,"Misc","Canopy","Misc_Canopy","Misc.small_Canopy.small"
"1130","Nothofagus cunninghamii large","Eucalyptus obliqua small",-0.0377067661714163,-0.29139248721465,0.215978954871818,-0.0431455651973889,-0.0322679671454436,0.129433868705892,"Caveside",0.507371442086468,"large","small","Nothofagus cunninghamii","Eucalyptus obliqua","large_small","d_TAS",NA,"Subcanopy","Canopy","Subcanopy_Canopy","Canopy.small_Subcanopy.large"
"1131","Nothofagus cunninghamii small","Eucalyptus obliqua small",0.0281904537502808,-0.105746615078712,0.162127522579274,0.0247863438855442,0.0315945636150175,0.0683364948975958,"Caveside",0.267874137657986,"small","small","Nothofagus cunninghamii","Eucalyptus obliqua","small_small","d_TAS",NA,"Subcanopy","Canopy","Subcanopy_Canopy","Canopy.small_Subcanopy.small"
"1132","Pomaderris apetala large","Eucalyptus obliqua small",-0.108415337831449,-0.247597742979509,0.0307670673166114,-0.113440736774118,-0.10338993888878,0.0710127360736796,"Caveside",0.27836481029612,"large","small","Pomaderris apetala","Eucalyptus obliqua","large_small","d_TAS",NA,"Subcanopy","Canopy","Subcanopy_Canopy","Canopy.small_Subcanopy.large"
"1133","Pomaderris apetala small","Eucalyptus obliqua small",-0.0479683183382962,-0.116148719027824,0.020212082351232,-0.049813829787803,-0.0461228068887894,0.0347865579303123,"Caveside",0.136360801379057,"small","small","Pomaderris apetala","Eucalyptus obliqua","small_small","d_TAS",NA,"Subcanopy","Canopy","Subcanopy_Canopy","Canopy.small_Subcanopy.small"
"1134","Misc_small","Misc_small",-0.202739317417145,-0.644860923152479,0.239382288318189,-0.212204725215093,-0.193273909619197,0.225576392843304,"Caveside",0.884243211470668,"small","small","Misc","Misc","small_small","d_TAS",NA,"Misc","Misc","Misc_Misc","Misc.small_Misc.small"
"1135","Nothofagus cunninghamii large","Misc_small",-0.0173598151860319,-0.337065100062278,0.302345469690215,-0.0236289588910825,-0.0110906714809813,0.163117938593791,"Caveside",0.639410569752493,"large","small","Nothofagus cunninghamii","Misc","large_small","d_TAS",NA,"Subcanopy","Misc","Misc_Subcanopy","Misc.small_Subcanopy.large"
"1136","Nothofagus cunninghamii small","Misc_small",-0.0607891410296028,-0.220942111332202,0.0993638292729967,-0.064148075757309,-0.0574302063018967,0.0817122006148408,"Caveside",0.320305940605199,"small","small","Nothofagus cunninghamii","Misc","small_small","d_TAS",NA,"Subcanopy","Misc","Misc_Subcanopy","Misc.small_Subcanopy.small"
"1137","Pomaderris apetala large","Misc_small",0.136805249551816,-0.0498774795613506,0.323487978664982,0.130076492535682,0.143534006567949,0.0952480405689572,"Caveside",0.373365458226332,"large","small","Pomaderris apetala","Misc","large_small","d_TAS",NA,"Subcanopy","Misc","Misc_Subcanopy","Misc.small_Subcanopy.large"
"1138","Pomaderris apetala small","Misc_small",-0.0387338527799065,-0.117813239949043,0.0403455343892299,-0.0407005416216556,-0.0367671639381574,0.0403473674990482,"Caveside",0.158158774338273,"small","small","Pomaderris apetala","Misc","small_small","d_TAS",NA,"Subcanopy","Misc","Misc_Subcanopy","Misc.small_Subcanopy.small"
"1139","Nothofagus cunninghamii large","Nothofagus cunninghamii large",-0.0966571084957928,-0.412669953524877,0.219355736533291,-0.111442864592035,-0.0818713523995509,0.161234006094884,"Caveside",0.632025690058168,"large","large","Nothofagus cunninghamii","Nothofagus cunninghamii","large_large","d_TAS",NA,"Subcanopy","Subcanopy","Subcanopy_Subcanopy","Subcanopy.large_Subcanopy.large"
"1140","Nothofagus cunninghamii small","Nothofagus cunninghamii large",0.0145727234569439,-0.140004297561262,0.16914974447515,0.00457958406733835,0.0245658628465495,0.0788672762548136,"Caveside",0.309154042036411,"small","large","Nothofagus cunninghamii","Nothofagus cunninghamii","small_large","d_TAS",NA,"Subcanopy","Subcanopy","Subcanopy_Subcanopy","Subcanopy.large_Subcanopy.small"
"1141","Pomaderris apetala large","Nothofagus cunninghamii large",-0.157620253637235,-0.416837612021545,0.101597104747076,-0.164512461695503,-0.150728045578967,0.132256184516136,"Caveside",0.518434716768621,"large","large","Pomaderris apetala","Nothofagus cunninghamii","large_large","d_TAS",NA,"Subcanopy","Subcanopy","Subcanopy_Subcanopy","Subcanopy.large_Subcanopy.large"
"1142","Pomaderris apetala small","Nothofagus cunninghamii large",-0.0504497254302818,-0.1182880600355,0.0173886091749366,-0.053099760105504,-0.0477996907550596,0.0346120312109399,"Caveside",0.135676669210437,"small","large","Pomaderris apetala","Nothofagus cunninghamii","small_large","d_TAS",NA,"Subcanopy","Subcanopy","Subcanopy_Subcanopy","Subcanopy.large_Subcanopy.small"
"1143","Nothofagus cunninghamii small","Nothofagus cunninghamii small",0.268022509468492,0.0878552791527119,0.448189739784272,0.24572114287503,0.290323876061954,0.0919237454039544,"Caveside",0.36033446063156,"small","small","Nothofagus cunninghamii","Nothofagus cunninghamii","small_small","d_TAS",1,"Subcanopy","Subcanopy","Subcanopy_Subcanopy","Subcanopy.small_Subcanopy.small"
"1144","Pomaderris apetala large","Nothofagus cunninghamii small",0.0575359288054751,-0.0729228723819322,0.187994729992882,0.053609690353359,0.0614621672575911,0.0665618359400732,"Caveside",0.260917602374815,"large","small","Pomaderris apetala","Nothofagus cunninghamii","large_small","d_TAS",NA,"Subcanopy","Subcanopy","Subcanopy_Subcanopy","Subcanopy.large_Subcanopy.small"
"1145","Pomaderris apetala small","Nothofagus cunninghamii small",-0.0583195300644019,-0.0919297077378777,-0.0247093523909262,-0.0605852761795493,-0.0560537839492545,0.0171483649386359,"Caveside",0.0672203553469515,"small","small","Pomaderris apetala","Nothofagus cunninghamii","small_small","d_TAS",1,"Subcanopy","Subcanopy","Subcanopy_Subcanopy","Subcanopy.small_Subcanopy.small"
"1146","Pomaderris apetala large","Pomaderris apetala large",0.280385452729562,0.0778374471533055,0.482933458305819,0.267682912052614,0.293087993406511,0.103342718118256,"Caveside",0.405096011152514,"large","large","Pomaderris apetala","Pomaderris apetala","large_large","d_TAS",1,"Subcanopy","Subcanopy","Subcanopy_Subcanopy","Subcanopy.large_Subcanopy.large"
"1147","Pomaderris apetala small","Pomaderris apetala large",0.0238503345435414,-0.0359888160803472,0.0836894851674301,0.0211089336054812,0.0265917354816016,0.0305307398992493,"Caveside",0.119678301247777,"small","large","Pomaderris apetala","Pomaderris apetala","small_large","d_TAS",NA,"Subcanopy","Subcanopy","Subcanopy_Subcanopy","Subcanopy.large_Subcanopy.small"
"1148","Pomaderris apetala small","Pomaderris apetala small",0.414313965207998,0.303831848484704,0.524796081931292,0.392733783204235,0.435894147211761,0.0563694627017448,"Caveside",0.220964233446587,"small","small","Pomaderris apetala","Pomaderris apetala","small_small","d_TAS",1,"Subcanopy","Subcanopy","Subcanopy_Subcanopy","Subcanopy.small_Subcanopy.small"
"1149","Acacia dealbata large","Acacia dealbata large",-0.437351759243067,-1.29870351537607,0.423999996889941,-0.452849617694587,-0.421853900791547,0.439473257124744,"Mackenzie",1.72270351226602,"large","large","Acacia dealbata","Acacia dealbata","large_large","d_TAS",NA,"Subcanopy","Subcanopy","Subcanopy_Subcanopy","Subcanopy.large_Subcanopy.large"
"1150","Acacia dealbata small","Acacia dealbata large",0.101393821484567,-0.224208105771296,0.426995748740431,0.0949252319167841,0.107862411052351,0.166126484886544,"Mackenzie",0.651203854511727,"small","large","Acacia dealbata","Acacia dealbata","small_large","d_TAS",NA,"Subcanopy","Subcanopy","Subcanopy_Subcanopy","Subcanopy.large_Subcanopy.small"
"1151","Eucalyptus delegatensis large","Acacia dealbata large",-0.14820026473026,-0.348096279123786,0.0516957496632673,-0.152609169336453,-0.143791360124066,0.101989636529182,"Mackenzie",0.399792028787054,"large","large","Eucalyptus delegatensis","Acacia dealbata","large_large","d_TAS",NA,"Canopy","Subcanopy","Subcanopy_Canopy","Canopy.large_Subcanopy.large"
"1152","Eucalyptus delegatensis small","Acacia dealbata large",-0.136264721038923,-0.281208314549456,0.00867887247161131,-0.139543661416522,-0.132985780661323,0.0739521719040913,"Mackenzie",0.289887187021068,"small","large","Eucalyptus delegatensis","Acacia dealbata","small_large","d_TAS",NA,"Canopy","Subcanopy","Subcanopy_Canopy","Canopy.small_Subcanopy.large"
"1153","Leptospermum lanigerum large","Acacia dealbata large",-0.232446283569192,-0.579274029577027,0.114381462438643,-0.238863691325777,-0.226028875812607,0.176956183248043,"Mackenzie",0.69365549201567,"large","large","Leptospermum lanigerum","Acacia dealbata","large_large","d_TAS",NA,"Subcanopy","Subcanopy","Subcanopy_Subcanopy","Subcanopy.large_Subcanopy.large"
"1154","Leptospermum lanigerum small","Acacia dealbata large",0.148672068173732,-0.124441406900547,0.421785543248012,0.145466094786086,0.151878041561378,0.139346170250353,"Mackenzie",0.546226950148559,"small","large","Leptospermum lanigerum","Acacia dealbata","small_large","d_TAS",NA,"Subcanopy","Subcanopy","Subcanopy_Subcanopy","Subcanopy.large_Subcanopy.small"
"1155","Nematolepis squamea subsp squamea small","Acacia dealbata large",-0.0301744455121419,-0.258007379617925,0.197658488593641,-0.0345227326344675,-0.0258261583898162,0.116243428911398,"Mackenzie",0.455665868211566,"small","large","Nematolepis squamea","Acacia dealbata","small_large","d_TAS",NA,"Subcanopy","Subcanopy","Subcanopy_Subcanopy","Subcanopy.large_Subcanopy.small"
"1156","Acacia dealbata small","Acacia dealbata small",-0.0771214062995726,-0.450249265147539,0.296006452548394,-0.084885610584287,-0.0693572020148581,0.190374854737715,"Mackenzie",0.746255717695933,"small","small","Acacia dealbata","Acacia dealbata","small_small","d_TAS",NA,"Subcanopy","Subcanopy","Subcanopy_Subcanopy","Subcanopy.small_Subcanopy.small"
"1157","Eucalyptus delegatensis large","Acacia dealbata small",-0.120219838470868,-0.304677151134638,0.0642374741929014,-0.124219029829947,-0.11622064711179,0.0941126031492138,"Mackenzie",0.36891462532754,"large","small","Eucalyptus delegatensis","Acacia dealbata","large_small","d_TAS",NA,"Canopy","Subcanopy","Subcanopy_Canopy","Canopy.large_Subcanopy.small"
"1158","Eucalyptus delegatensis small","Acacia dealbata small",0.0476010788431652,-0.0951306198937352,0.190332777580066,0.0438384505748423,0.051363707111488,0.0728236334252822,"Mackenzie",0.285463397473801,"small","small","Eucalyptus delegatensis","Acacia dealbata","small_small","d_TAS",NA,"Canopy","Subcanopy","Subcanopy_Canopy","Canopy.small_Subcanopy.small"
"1159","Leptospermum lanigerum large","Acacia dealbata small",-0.267415878149818,-0.57416079005078,0.0393290337511446,-0.272403887396117,-0.262427868903518,0.156505381895038,"Mackenzie",0.613489823801925,"large","small","Leptospermum lanigerum","Acacia dealbata","large_small","d_TAS",NA,"Subcanopy","Subcanopy","Subcanopy_Subcanopy","Subcanopy.large_Subcanopy.small"
"1160","Leptospermum lanigerum small","Acacia dealbata small",0.0193936085515019,-0.137471881356823,0.176259098459826,0.0164758603280457,0.022311356774958,0.0800348838783056,"Mackenzie",0.313730979816649,"small","small","Leptospermum lanigerum","Acacia dealbata","small_small","d_TAS",NA,"Subcanopy","Subcanopy","Subcanopy_Subcanopy","Subcanopy.small_Subcanopy.small"
"1161","Nematolepis squamea subsp squamea small","Acacia dealbata small",0.220494348295244,0.0235109936027962,0.417477702987691,0.215631592722275,0.225357103868213,0.100503558354249,"Mackenzie",0.393966709384895,"small","small","Nematolepis squamea","Acacia dealbata","small_small","d_TAS",1,"Subcanopy","Subcanopy","Subcanopy_Subcanopy","Subcanopy.small_Subcanopy.small"
"1162","Eucalyptus delegatensis large","Eucalyptus delegatensis large",-0.117121271960313,-0.346671692510692,0.112429148590066,-0.123849916779527,-0.110392627141099,0.117119713607517,"Mackenzie",0.459100841100758,"large","large","Eucalyptus delegatensis","Eucalyptus delegatensis","large_large","d_TAS",NA,"Canopy","Canopy","Canopy_Canopy","Canopy.large_Canopy.large"
"1163","Eucalyptus delegatensis small","Eucalyptus delegatensis large",0.020532524046063,-0.0714217020637779,0.112486750155904,0.0181028487426209,0.0229621993495051,0.0469162835823332,"Mackenzie",0.183908452219682,"small","large","Eucalyptus delegatensis","Eucalyptus delegatensis","small_large","d_TAS",NA,"Canopy","Canopy","Canopy_Canopy","Canopy.large_Canopy.small"
"1164","Leptospermum lanigerum large","Eucalyptus delegatensis large",-0.1420465210033,-0.289220977170646,0.00512793516404622,-0.145264407919185,-0.138828634087415,0.0750903880521477,"Mackenzie",0.294348912334692,"large","large","Leptospermum lanigerum","Eucalyptus delegatensis","large_large","d_TAS",NA,"Subcanopy","Canopy","Subcanopy_Canopy","Canopy.large_Subcanopy.large"
"1165","Leptospermum lanigerum small","Eucalyptus delegatensis large",-0.0170239884601884,-0.122199840244172,0.0881518633237956,-0.0194425056779046,-0.0146054712424721,0.0536621349237015,"Mackenzie",0.210351703567968,"small","large","Leptospermum lanigerum","Eucalyptus delegatensis","small_large","d_TAS",NA,"Subcanopy","Canopy","Subcanopy_Canopy","Canopy.large_Subcanopy.small"
"1166","Nematolepis squamea subsp squamea small","Eucalyptus delegatensis large",0.114287683740487,-0.0257527398030725,0.254328107284047,0.111077630883371,0.117497736597603,0.0714505086053523,"Mackenzie",0.280080847087119,"small","large","Nematolepis squamea","Eucalyptus delegatensis","small_large","d_TAS",NA,"Subcanopy","Canopy","Subcanopy_Canopy","Canopy.large_Subcanopy.small"
"1167","Eucalyptus delegatensis small","Eucalyptus delegatensis small",0.207404803832337,0.0541560528758692,0.360653554788805,0.19894049880991,0.215869108854764,0.0781895749948849,"Mackenzie",0.306497501912936,"small","small","Eucalyptus delegatensis","Eucalyptus delegatensis","small_small","d_TAS",1,"Canopy","Canopy","Canopy_Canopy","Canopy.small_Canopy.small"
"1168","Leptospermum lanigerum large","Eucalyptus delegatensis small",-0.0547894745718293,-0.176616486759544,0.0670375376158854,-0.0575259319206502,-0.0520530172230084,0.0621577810350959,"Mackenzie",0.243654024375429,"large","small","Leptospermum lanigerum","Eucalyptus delegatensis","large_small","d_TAS",NA,"Subcanopy","Canopy","Subcanopy_Canopy","Canopy.small_Subcanopy.large"
"1169","Leptospermum lanigerum small","Eucalyptus delegatensis small",-0.040534645725368,-0.128368783495268,0.0472994920445323,-0.0425436017274367,-0.0385256897232993,0.0448141590675772,"Mackenzie",0.175668275539801,"small","small","Leptospermum lanigerum","Eucalyptus delegatensis","small_small","d_TAS",NA,"Subcanopy","Canopy","Subcanopy_Canopy","Canopy.small_Subcanopy.small"
"1170","Nematolepis squamea subsp squamea small","Eucalyptus delegatensis small",-0.0595010210770721,-0.147080000810695,0.0280779586565513,-0.0619702616549692,-0.057031780499175,0.0446839740038262,"Mackenzie",0.175157959467247,"small","small","Nematolepis squamea","Eucalyptus delegatensis","small_small","d_TAS",NA,"Subcanopy","Canopy","Subcanopy_Canopy","Canopy.small_Subcanopy.small"
"1171","Leptospermum lanigerum large","Leptospermum lanigerum large",0.0693166414896485,-0.237964272960052,0.376597555939349,0.0625264526187849,0.0761068303605121,0.15677885760835,"Mackenzie",0.6145618288994,"large","large","Leptospermum lanigerum","Leptospermum lanigerum","large_large","d_TAS",NA,"Subcanopy","Subcanopy","Subcanopy_Subcanopy","Subcanopy.large_Subcanopy.large"
"1172","Leptospermum lanigerum small","Leptospermum lanigerum large",0.12550170477535,-0.0362674144465849,0.287270823997285,0.122739018954267,0.128264390596433,0.08253678154188,"Mackenzie",0.32353823844387,"small","large","Leptospermum lanigerum","Leptospermum lanigerum","small_large","d_TAS",NA,"Subcanopy","Subcanopy","Subcanopy_Subcanopy","Subcanopy.large_Subcanopy.small"
"1173","Nematolepis squamea subsp squamea small","Leptospermum lanigerum large",0.0302473154344132,-0.168065259145039,0.228559890013866,0.0268681339302701,0.0336264969385563,0.101181744227811,"Mackenzie",0.396625149158905,"small","large","Nematolepis squamea","Leptospermum lanigerum","small_large","d_TAS",NA,"Subcanopy","Subcanopy","Subcanopy_Subcanopy","Subcanopy.large_Subcanopy.small"
"1174","Leptospermum lanigerum small","Leptospermum lanigerum small",0.316327857153897,0.179892498316131,0.452763215991664,0.307014556371254,0.32564115793654,0.0696111560793724,"Mackenzie",0.272870717675533,"small","small","Leptospermum lanigerum","Leptospermum lanigerum","small_small","d_TAS",1,"Subcanopy","Subcanopy","Subcanopy_Subcanopy","Subcanopy.small_Subcanopy.small"
"1175","Nematolepis squamea subsp squamea small","Leptospermum lanigerum small",-0.0433291848728751,-0.147304330642221,0.0606459608964712,-0.0453051106592563,-0.0413532590864939,0.053049518557223,"Mackenzie",0.207950291538693,"small","small","Nematolepis squamea","Leptospermum lanigerum","small_small","d_TAS",NA,"Subcanopy","Subcanopy","Subcanopy_Subcanopy","Subcanopy.small_Subcanopy.small"
"1176","Nematolepis squamea subsp squamea small","Nematolepis squamea subsp squamea small",0.348679059872978,0.154554499145063,0.542803620600893,0.338163997421058,0.359194122324898,0.0990449632029695,"Mackenzie",0.38824912145583,"small","small","Nematolepis squamea","Nematolepis squamea","small_small","d_TAS",1,"Subcanopy","Subcanopy","Subcanopy_Subcanopy","Subcanopy.small_Subcanopy.small"
"1177","Acacia melanoxylon small","Acacia melanoxylon small",0.126107643121331,-0.172254884534809,0.42447017077747,0.116678170572023,0.135537115670638,0.152228576652216,"Flowerdale",0.596725055312278,"small","small","Acacia melanoxylon","Acacia melanoxylon","small_small","o_TAS",NA,"Subcanopy","Subcanopy","Subcanopy_Subcanopy","Subcanopy.small_Subcanopy.small"
"1178","Eucalyptus obliqua large","Acacia melanoxylon small",0.153478634698782,-0.130477564391577,0.437434833789142,0.148412634703696,0.158544634693868,0.144878273953077,"Flowerdale",0.567912398180718,"large","small","Eucalyptus obliqua","Acacia melanoxylon","large_small","o_TAS",NA,"Canopy","Subcanopy","Subcanopy_Canopy","Canopy.large_Subcanopy.small"
"1179","Eucalyptus obliqua small","Acacia melanoxylon small",0.0502202862945077,-0.127780579011694,0.228221151600709,0.0449357387320504,0.055504833856965,0.0908184368234569,"Flowerdale",0.356001730612403,"small","small","Eucalyptus obliqua","Acacia melanoxylon","small_small","o_TAS",NA,"Canopy","Subcanopy","Subcanopy_Canopy","Canopy.small_Subcanopy.small"
"1180","Misc_large","Acacia melanoxylon small",0.543290948171698,-0.054901546050599,1.14148344239399,0.532519190690781,0.554062705652615,0.305205860383539,"Flowerdale",1.19638498844459,"large","small","Misc","Acacia melanoxylon","large_small","o_TAS",NA,"Misc","Subcanopy","Misc_Subcanopy","Misc.large_Subcanopy.small"
"1181","Misc_small","Acacia melanoxylon small",-0.228506565850576,-0.717197932318654,0.260184800617501,-0.235966327984573,-0.221046803716579,0.249336911454911,"Flowerdale",0.977382732936155,"small","small","Misc","Acacia melanoxylon","small_small","o_TAS",NA,"Misc","Subcanopy","Misc_Subcanopy","Misc.small_Subcanopy.small"
"1182","Nematolepis squamea small","Acacia melanoxylon small",-0.262509447518556,-0.510947080331164,-0.0140718147059486,-0.267136247085576,-0.257882647951536,0.126756223467498,"Flowerdale",0.496875265625215,"small","small","Nematolepis squamea","Acacia melanoxylon","small_small","o_TAS",1,"Subcanopy","Subcanopy","Subcanopy_Subcanopy","Subcanopy.small_Subcanopy.small"
"1183","Pomaderris apetala small","Acacia melanoxylon small",0.178901101977778,-0.0177339991570427,0.375536203112598,0.174029807539384,0.183772396416172,0.100325874702726,"Flowerdale",0.393270202269641,"small","small","Pomaderris apetala","Acacia melanoxylon","small_small","o_TAS",NA,"Subcanopy","Subcanopy","Subcanopy_Subcanopy","Subcanopy.small_Subcanopy.small"
"1184","Eucalyptus obliqua large","Eucalyptus obliqua large",-0.378592376132062,-0.76837710276563,0.0111923505015061,-0.38743836059863,-0.369746391665494,0.198873412832144,"Flowerdale",0.779569453267136,"large","large","Eucalyptus obliqua","Eucalyptus obliqua","large_large","o_TAS",NA,"Canopy","Canopy","Canopy_Canopy","Canopy.large_Canopy.large"
"1185","Eucalyptus obliqua small","Eucalyptus obliqua large",-0.0503982596432194,-0.24734702361987,0.146550504333431,-0.0551912146624508,-0.0456053046239879,0.100485909705565,"Flowerdale",0.393897527953301,"small","large","Eucalyptus obliqua","Eucalyptus obliqua","small_large","o_TAS",NA,"Canopy","Canopy","Canopy_Canopy","Canopy.large_Canopy.small"
"1186","Misc_large","Eucalyptus obliqua large",0.0777505777004102,-0.361369408583545,0.516870563984366,0.0702526928957414,0.0852484625050791,0.224044926206644,"Flowerdale",0.878239972567911,"large","large","Misc","Eucalyptus obliqua","large_large","o_TAS",NA,"Misc","Canopy","Misc_Canopy","Misc.large_Canopy.large"
"1187","Misc_small","Eucalyptus obliqua large",0.308803602598262,-0.135445311858519,0.753052517055043,0.301840601420819,0.315766603775705,0.226661774380019,"Flowerdale",0.888497828913562,"small","large","Misc","Eucalyptus obliqua","small_large","o_TAS",NA,"Misc","Canopy","Misc_Canopy","Misc.small_Canopy.large"
"1188","Nematolepis squamea small","Eucalyptus obliqua large",0.0604037843691552,-0.118756922362224,0.239564491100534,0.0569817194739548,0.0638258492643555,0.0914102035264811,"Flowerdale",0.358321413462758,"small","large","Nematolepis squamea","Eucalyptus obliqua","small_large","o_TAS",NA,"Subcanopy","Canopy","Subcanopy_Canopy","Canopy.large_Subcanopy.small"
"1189","Pomaderris apetala small","Eucalyptus obliqua large",0.0254061576192559,-0.141532051696481,0.192344366934992,0.0216198811501087,0.0291924340884031,0.0851741208677934,"Flowerdale",0.333876418631473,"small","large","Pomaderris apetala","Eucalyptus obliqua","small_large","o_TAS",NA,"Subcanopy","Canopy","Subcanopy_Canopy","Canopy.large_Subcanopy.small"
"1190","Eucalyptus obliqua small","Eucalyptus obliqua small",-0.0289356973795542,-0.257965879739786,0.200094484980678,-0.0373495779380522,-0.0205218168210562,0.116854281082098,"Flowerdale",0.458060364720464,"small","small","Eucalyptus obliqua","Eucalyptus obliqua","small_small","o_TAS",NA,"Canopy","Canopy","Canopy_Canopy","Canopy.small_Canopy.small"
"1191","Misc_large","Eucalyptus obliqua small",0.121071152786908,-0.163358134712348,0.405500440286164,0.11579094664806,0.126351358925757,0.145119650025612,"Flowerdale",0.568858574998511,"large","small","Misc","Eucalyptus obliqua","large_small","o_TAS",NA,"Misc","Canopy","Misc_Canopy","Misc.large_Canopy.small"
"1192","Misc_small","Eucalyptus obliqua small",0.192264761141109,-0.0767778757544701,0.461307398036688,0.187351005083843,0.197178517198375,0.137269173830618,"Flowerdale",0.538085273791158,"small","small","Misc","Eucalyptus obliqua","small_small","o_TAS",NA,"Misc","Canopy","Misc_Canopy","Misc.small_Canopy.small"
"1193","Nematolepis squamea small","Eucalyptus obliqua small",-0.0489690729678607,-0.167043341063479,0.0691051951277581,-0.0515046459539752,-0.0464334999817462,0.060243080498914,"Flowerdale",0.236148536191238,"small","small","Nematolepis squamea","Eucalyptus obliqua","small_small","o_TAS",NA,"Subcanopy","Canopy","Subcanopy_Canopy","Canopy.small_Subcanopy.small"
"1194","Pomaderris apetala small","Eucalyptus obliqua small",-0.0604133259635805,-0.173511273078822,0.052684621151661,-0.06329493103631,-0.0575317208908509,0.0577040945687491,"Flowerdale",0.226195894230483,"small","small","Pomaderris apetala","Eucalyptus obliqua","small_small","o_TAS",NA,"Subcanopy","Canopy","Subcanopy_Canopy","Canopy.small_Subcanopy.small"
"1195","Misc_large","Misc_large",-1.0957386191363,-2.1702960284708,-0.0211812098017932,-1.1116517875048,-1.07982545076779,0.548253650480557,"Flowerdale",2.149114818669,"large","large","Misc","Misc","large_large","o_TAS",1,"Misc","Misc","Misc_Misc","Misc.large_Misc.large"
"1196","Misc_small","Misc_large",-0.375550985295628,-1.06641292483546,0.315310954244201,-0.385872881070574,-0.365229089520682,0.352487058430287,"Flowerdale",1.38172387907966,"small","large","Misc","Misc","small_large","o_TAS",NA,"Misc","Misc","Misc_Misc","Misc.small_Misc.large"
"1197","Nematolepis squamea small","Misc_large",0.39550781351917,-0.0343525473805575,0.825368174418897,0.389420383370987,0.401595243667352,0.219320540729529,"Flowerdale",0.859720721799454,"small","large","Nematolepis squamea","Misc","small_large","o_TAS",NA,"Subcanopy","Misc","Misc_Subcanopy","Misc.large_Subcanopy.small"
"1198","Pomaderris apetala small","Misc_large",-0.45034608512712,-0.924853942345808,0.024161772091568,-0.457334626115423,-0.443357544138817,0.242100294169457,"Flowerdale",0.949015714437376,"small","large","Pomaderris apetala","Misc","small_large","o_TAS",NA,"Subcanopy","Misc","Misc_Subcanopy","Misc.large_Subcanopy.small"
"1199","Misc_small","Misc_small",-0.595104607916415,-1.66677155415688,0.476562338324049,-0.607051507204195,-0.583157708628634,0.546778897313234,"Flowerdale",2.14333389248093,"small","small","Misc","Misc","small_small","o_TAS",NA,"Misc","Misc","Misc_Misc","Misc.small_Misc.small"
"1200","Nematolepis squamea small","Misc_small",-0.117149761080938,-0.370404970865228,0.136105448703351,-0.120457674774183,-0.113841847387694,0.129214216068221,"Flowerdale",0.506510419568579,"small","small","Nematolepis squamea","Misc","small_small","o_TAS",NA,"Subcanopy","Misc","Misc_Subcanopy","Misc.small_Subcanopy.small"
"1201","Pomaderris apetala small","Misc_small",-0.320839417231781,-0.767223244208323,0.125544409744761,-0.326822878353994,-0.314855956109568,0.227751035476958,"Flowerdale",0.892767653953084,"small","small","Pomaderris apetala","Misc","small_small","o_TAS",NA,"Subcanopy","Misc","Misc_Subcanopy","Misc.small_Subcanopy.small"
"1202","Nematolepis squamea small","Nematolepis squamea small",0.31582959880667,0.175568128441172,0.456091069172169,0.308071062501306,0.323588135112034,0.0715632896685158,"Flowerdale",0.280522940730997,"small","small","Nematolepis squamea","Nematolepis squamea","small_small","o_TAS",1,"Subcanopy","Subcanopy","Subcanopy_Subcanopy","Subcanopy.small_Subcanopy.small"
"1203","Pomaderris apetala small","Nematolepis squamea small",0.101766608635295,-0.0537816884713449,0.257314905741935,0.0987617149437625,0.104771502326828,0.079362834385522,"Flowerdale",0.31109659421328,"small","small","Pomaderris apetala","Nematolepis squamea","small_small","o_TAS",NA,"Subcanopy","Subcanopy","Subcanopy_Subcanopy","Subcanopy.small_Subcanopy.small"
"1204","Pomaderris apetala small","Pomaderris apetala small",0.3186034304157,0.153480019614235,0.483726841217165,0.307733614995651,0.329473245835749,0.0842481862442053,"Flowerdale",0.330246821602931,"small","small","Pomaderris apetala","Pomaderris apetala","small_small","o_TAS",1,"Subcanopy","Subcanopy","Subcanopy_Subcanopy","Subcanopy.small_Subcanopy.small"
"1205","Acacia melanoxylon small","Acacia melanoxylon small",0.0636676070416023,-0.200807822929897,0.328143037013102,0.0583248585200718,0.0690103555631329,0.134938923397393,"Lardner",0.528950859942998,"small","small","Acacia melanoxylon","Acacia melanoxylon","small_small","S_VIC",NA,"Subcanopy","Subcanopy","Subcanopy_Subcanopy","Subcanopy.small_Subcanopy.small"
"1206","Eucalyptus regnans large","Acacia melanoxylon small",0.212726394988323,-0.0295319597670441,0.45498474974369,0.20870417639116,0.216748613585487,0.123603472648615,"Lardner",0.484516709510734,"large","small","Eucalyptus regnans","Acacia melanoxylon","large_small","S_VIC",NA,"Canopy","Subcanopy","Subcanopy_Canopy","Canopy.large_Subcanopy.small"
"1207","Eucalyptus regnans small","Acacia melanoxylon small",0.0736830723796752,-0.109045807813803,0.256411952573153,0.0701932610633453,0.0771728836960051,0.0932307336434853,"Lardner",0.365457760386956,"small","small","Eucalyptus regnans","Acacia melanoxylon","small_small","S_VIC",NA,"Canopy","Subcanopy","Subcanopy_Canopy","Canopy.small_Subcanopy.small"
"1208","Hedycarya angustifolia small","Acacia melanoxylon small",-0.197484398980935,-0.408671813037059,0.0137030150751887,-0.201240447802211,-0.193728350159659,0.107750660584553,"Lardner",0.422374828112248,"small","small","Hedycarya angustifolia","Acacia melanoxylon","small_small","S_VIC",NA,"Subcanopy","Subcanopy","Subcanopy_Subcanopy","Subcanopy.small_Subcanopy.small"
"1209","Nematolepis squamea subsp squamea large","Acacia melanoxylon small",-0.169635829533893,-0.454415437142444,0.115143778074659,-0.173829000065503,-0.165442659002282,0.145298388059606,"Lardner",0.569559215217103,"large","small","Nematolepis squamea","Acacia melanoxylon","large_small","S_VIC",NA,"Subcanopy","Subcanopy","Subcanopy_Subcanopy","Subcanopy.large_Subcanopy.small"
"1210","Nematolepis squamea subsp squamea small","Acacia melanoxylon small",-0.0727014589096757,-0.206112009580831,0.0607090917614794,-0.0751788919814876,-0.0702240258378639,0.0680678582481518,"Lardner",0.26682110134231,"small","small","Nematolepis squamea","Acacia melanoxylon","small_small","S_VIC",NA,"Subcanopy","Subcanopy","Subcanopy_Subcanopy","Subcanopy.small_Subcanopy.small"
"1211","Olearia argophylla large","Acacia melanoxylon small",-0.182674647389828,-0.395842342386408,0.0304930476067513,-0.185793957193716,-0.17955533758594,0.108761026568865,"Lardner",0.426335389993159,"large","small","Olearia argophylla","Acacia melanoxylon","large_small","S_VIC",NA,"Subcanopy","Subcanopy","Subcanopy_Subcanopy","Subcanopy.large_Subcanopy.small"
"1212","Olearia argophylla small","Acacia melanoxylon small",0.0150384245822712,-0.0956501384929894,0.125726987657532,0.012637934109337,0.0174389150552055,0.0564747944086514,"Lardner",0.221377126150521,"small","small","Olearia argophylla","Acacia melanoxylon","small_small","S_VIC",NA,"Subcanopy","Subcanopy","Subcanopy_Subcanopy","Subcanopy.small_Subcanopy.small"
"1213","Eucalyptus regnans large","Eucalyptus regnans large",-0.401757367018936,-0.852869771916346,0.0493550378784751,-0.410023424222043,-0.393491309815828,0.230163619564302,"Lardner",0.902224809794821,"large","large","Eucalyptus regnans","Eucalyptus regnans","large_large","S_VIC",NA,"Canopy","Canopy","Canopy_Canopy","Canopy.large_Canopy.large"
"1214","Eucalyptus regnans small","Eucalyptus regnans large",-0.113523526849996,-0.333127165971493,0.106080112271501,-0.118178231872706,-0.108868821827287,0.112044731869413,"Lardner",0.439207278242994,"small","large","Eucalyptus regnans","Eucalyptus regnans","small_large","S_VIC",NA,"Canopy","Canopy","Canopy_Canopy","Canopy.large_Canopy.small"
"1215","Hedycarya angustifolia small","Eucalyptus regnans large",0.199826385720584,-0.0856403976759578,0.485293169117125,0.194126587611655,0.205526183829512,0.145648994393911,"Lardner",0.570933566793083,"small","large","Hedycarya angustifolia","Eucalyptus regnans","small_large","S_VIC",NA,"Subcanopy","Canopy","Subcanopy_Canopy","Canopy.large_Subcanopy.small"
"1216","Nematolepis squamea subsp squamea large","Eucalyptus regnans large",0.181240679673093,-0.126166640419193,0.488647999765379,0.176133211899347,0.18634814744684,0.156843351468229,"Lardner",0.614814640184572,"large","large","Nematolepis squamea","Eucalyptus regnans","large_large","S_VIC",NA,"Subcanopy","Canopy","Subcanopy_Canopy","Canopy.large_Subcanopy.large"
"1217","Nematolepis squamea subsp squamea small","Eucalyptus regnans large",-0.0415059779545694,-0.224298903436029,0.14128694752689,-0.0449083782808415,-0.0381035776282974,0.0932634104112664,"Lardner",0.36558585096292,"small","large","Nematolepis squamea","Eucalyptus regnans","small_large","S_VIC",NA,"Subcanopy","Canopy","Subcanopy_Canopy","Canopy.large_Subcanopy.small"
"1218","Olearia argophylla large","Eucalyptus regnans large",0.137102381944565,-0.0993241699827269,0.373528933871857,0.133344393650509,0.140860370238622,0.1206280083676,"Lardner",0.472853103854584,"large","large","Olearia argophylla","Eucalyptus regnans","large_large","S_VIC",NA,"Subcanopy","Canopy","Subcanopy_Canopy","Canopy.large_Subcanopy.large"
"1219","Olearia argophylla small","Eucalyptus regnans large",-0.12979849533069,-0.306933094142675,0.047336103481296,-0.133287686177671,-0.126309304483708,0.0903764560008249,"Lardner",0.354269197623971,"small","large","Olearia argophylla","Eucalyptus regnans","small_large","S_VIC",NA,"Subcanopy","Canopy","Subcanopy_Canopy","Canopy.large_Subcanopy.small"
"1220","Eucalyptus regnans small","Eucalyptus regnans small",-0.0391698829882081,-0.329415985499086,0.25107621952267,-0.0473628783106487,-0.0309768876657675,0.148087467320982,"Lardner",0.580492205021755,"small","small","Eucalyptus regnans","Eucalyptus regnans","small_small","S_VIC",NA,"Canopy","Canopy","Canopy_Canopy","Canopy.small_Canopy.small"
"1221","Hedycarya angustifolia small","Eucalyptus regnans small",0.0390884070508062,-0.185295863677245,0.263472677778858,0.0344180245869145,0.0437587895146979,0.114483874447677,"Lardner",0.448768541456103,"small","small","Hedycarya angustifolia","Eucalyptus regnans","small_small","S_VIC",NA,"Subcanopy","Canopy","Subcanopy_Canopy","Canopy.small_Subcanopy.small"
"1222","Nematolepis squamea subsp squamea large","Eucalyptus regnans small",0.205737077441445,-0.0528885728016452,0.464362727684535,0.199999770357944,0.211474384524946,0.131954287059913,"Lardner",0.51725130048618,"large","small","Nematolepis squamea","Eucalyptus regnans","large_small","S_VIC",NA,"Subcanopy","Canopy","Subcanopy_Canopy","Canopy.small_Subcanopy.large"
"1223","Nematolepis squamea subsp squamea small","Eucalyptus regnans small",0.0579275343317732,-0.0826854098595107,0.198540478523057,0.0542293988628659,0.0616256698006804,0.0717426163441884,"Lardner",0.281225888382568,"small","small","Nematolepis squamea","Eucalyptus regnans","small_small","S_VIC",NA,"Subcanopy","Canopy","Subcanopy_Canopy","Canopy.small_Subcanopy.small"
"1224","Olearia argophylla large","Eucalyptus regnans small",0.228783143816183,0.00700150417215042,0.450564783460215,0.223527650417924,0.234038637214441,0.1131559770452,"Lardner",0.443563279288064,"large","small","Olearia argophylla","Eucalyptus regnans","large_small","S_VIC",1,"Subcanopy","Canopy","Subcanopy_Canopy","Canopy.small_Subcanopy.large"
"1225","Olearia argophylla small","Eucalyptus regnans small",-0.0357030859692165,-0.158421044373317,0.0870148724348836,-0.0388391359271877,-0.0325670360112454,0.0626123537840918,"Lardner",0.2454359168082,"small","small","Olearia argophylla","Eucalyptus regnans","small_small","S_VIC",NA,"Subcanopy","Canopy","Subcanopy_Canopy","Canopy.small_Subcanopy.small"
"1226","Hedycarya angustifolia small","Hedycarya angustifolia small",-0.0206146692482196,-0.323233572478995,0.282004233982556,-0.0269122034448107,-0.0143171350516284,0.154400236748121,"Lardner",0.60523780646155,"small","small","Hedycarya angustifolia","Hedycarya angustifolia","small_small","S_VIC",NA,"Subcanopy","Subcanopy","Subcanopy_Subcanopy","Subcanopy.small_Subcanopy.small"
"1227","Nematolepis squamea subsp squamea large","Hedycarya angustifolia small",-0.0535134635986367,-0.35710370962937,0.250076782432097,-0.0581448715668817,-0.0488820556303916,0.154895828915947,"Lardner",0.607180492061467,"large","small","Nematolepis squamea","Hedycarya angustifolia","large_small","S_VIC",NA,"Subcanopy","Subcanopy","Subcanopy_Subcanopy","Subcanopy.large_Subcanopy.small"
"1228","Nematolepis squamea subsp squamea small","Hedycarya angustifolia small",-0.11896490597453,-0.284800958117376,0.0468711461683166,-0.121977823204225,-0.115951988744834,0.0846117854465387,"Lardner",0.331672104285692,"small","small","Nematolepis squamea","Hedycarya angustifolia","small_small","S_VIC",NA,"Subcanopy","Subcanopy","Subcanopy_Subcanopy","Subcanopy.small_Subcanopy.small"
"1229","Olearia argophylla large","Hedycarya angustifolia small",-0.139907331858374,-0.366972459687476,0.0871577959707275,-0.143737211167936,-0.136077452548812,0.115851683816724,"Lardner",0.454130255658203,"large","small","Olearia argophylla","Hedycarya angustifolia","large_small","S_VIC",NA,"Subcanopy","Subcanopy","Subcanopy_Subcanopy","Subcanopy.large_Subcanopy.small"
"1230","Olearia argophylla small","Hedycarya angustifolia small",0.0704691774628747,-0.0617243544161791,0.202662709341928,0.0673871179772552,0.0735512369484942,0.0674469188830915,"Lardner",0.264387063758108,"small","small","Olearia argophylla","Hedycarya angustifolia","small_small","S_VIC",NA,"Subcanopy","Subcanopy","Subcanopy_Subcanopy","Subcanopy.small_Subcanopy.small"
"1231","Nematolepis squamea subsp squamea large","Nematolepis squamea subsp squamea large",0.0852114309418044,-0.343591242099256,0.514014103982865,0.07809487001907,0.0923279918645389,0.218780894150812,"Lardner",0.857605346082122,"large","large","Nematolepis squamea","Nematolepis squamea","large_large","S_VIC",NA,"Subcanopy","Subcanopy","Subcanopy_Subcanopy","Subcanopy.large_Subcanopy.large"
"1232","Nematolepis squamea subsp squamea small","Nematolepis squamea subsp squamea large",-0.0113745171596599,-0.191421473367264,0.168672439047944,-0.014802425524013,-0.00794660879530672,0.0918623799354436,"Lardner",0.360093912415209,"small","large","Nematolepis squamea","Nematolepis squamea","small_large","S_VIC",NA,"Subcanopy","Subcanopy","Subcanopy_Subcanopy","Subcanopy.large_Subcanopy.small"
"1233","Olearia argophylla large","Nematolepis squamea subsp squamea large",-0.241244520837824,-0.571589035890385,0.0890999942147376,-0.246261709360129,-0.236227332315519,0.168546217001066,"Lardner",0.660689030105123,"large","large","Olearia argophylla","Nematolepis squamea","large_large","S_VIC",NA,"Subcanopy","Subcanopy","Subcanopy_Subcanopy","Subcanopy.large_Subcanopy.large"
"1234","Olearia argophylla small","Nematolepis squamea subsp squamea large",-0.0954336284491582,-0.259462138173885,0.0685948812755688,-0.0980750147646103,-0.0927922421337061,0.0836895529808522,"Lardner",0.328057019449454,"small","large","Olearia argophylla","Nematolepis squamea","small_large","S_VIC",NA,"Subcanopy","Subcanopy","Subcanopy_Subcanopy","Subcanopy.large_Subcanopy.small"
"1235","Nematolepis squamea subsp squamea small","Nematolepis squamea subsp squamea small",0.220271497829656,0.016187157217099,0.424355838442214,0.21390209805908,0.226640897600232,0.104126576928121,"Lardner",0.408168681225115,"small","small","Nematolepis squamea","Nematolepis squamea","small_small","S_VIC",1,"Subcanopy","Subcanopy","Subcanopy_Subcanopy","Subcanopy.small_Subcanopy.small"
"1236","Olearia argophylla large","Nematolepis squamea subsp squamea small",-0.107863380789869,-0.283841712609858,0.0681149510301206,-0.110975615933565,-0.104751145646172,0.0897865130217106,"Lardner",0.351956663639979,"large","small","Olearia argophylla","Nematolepis squamea","large_small","S_VIC",NA,"Subcanopy","Subcanopy","Subcanopy_Subcanopy","Subcanopy.large_Subcanopy.small"
"1237","Olearia argophylla small","Nematolepis squamea subsp squamea small",-0.0172705428899515,-0.114360399983293,0.0798193142033902,-0.0194469409572352,-0.0150941448226677,0.0495365516199145,"Lardner",0.194179714186683,"small","small","Olearia argophylla","Nematolepis squamea","small_small","S_VIC",NA,"Subcanopy","Subcanopy","Subcanopy_Subcanopy","Subcanopy.small_Subcanopy.small"
"1238","Olearia argophylla large","Olearia argophylla large",0.172639417574479,-0.142580139931674,0.487858975080632,0.166690466616472,0.178588368532486,0.160829260125474,"Lardner",0.630439115012306,"large","large","Olearia argophylla","Olearia argophylla","large_large","S_VIC",NA,"Subcanopy","Subcanopy","Subcanopy_Subcanopy","Subcanopy.large_Subcanopy.large"
"1239","Olearia argophylla small","Olearia argophylla large",0.0333547010809476,-0.0756884728824269,0.142397875044322,0.0308397337283561,0.035869668433539,0.0556352947418897,"Lardner",0.218086347926749,"small","large","Olearia argophylla","Olearia argophylla","small_large","S_VIC",NA,"Subcanopy","Subcanopy","Subcanopy_Subcanopy","Subcanopy.large_Subcanopy.small"
"1240","Olearia argophylla small","Olearia argophylla small",0.150654316248967,-0.00245849519285701,0.303767127690791,0.144398639884212,0.156909992613722,0.0781202168251856,"Lardner",0.306225622883648,"small","small","Olearia argophylla","Olearia argophylla","small_small","S_VIC",NA,"Subcanopy","Subcanopy","Subcanopy_Subcanopy","Subcanopy.small_Subcanopy.small"
"1241","Atherosperma moschatum small","Atherosperma moschatum small",-0.0263830347153516,-0.566736696355985,0.513970626925282,-0.0351661135521608,-0.0175999558785423,0.275695709667562,"MtField",1.08070732328127,"small","small","Atherosperma moschatum","Atherosperma moschatum","small_small","d_TAS",NA,"Subcanopy","Subcanopy","Subcanopy_Subcanopy","Subcanopy.small_Subcanopy.small"
"1242","Eucalyptus coccifera large","Atherosperma moschatum small",0.100619392919024,-0.4486820133565,0.649920799194549,0.0889838901044046,0.112254895733644,0.280260969389409,"MtField",1.09860281255105,"large","small","Eucalyptus coccifera","Atherosperma moschatum","large_small","d_TAS",NA,"Canopy","Subcanopy","Subcanopy_Canopy","Canopy.large_Subcanopy.small"
"1243","Eucalyptus coccifera small","Atherosperma moschatum small",0.102814888027295,-0.6689009839441,0.87453075999869,0.0839977363880984,0.121632039666492,0.393739822802149,"MtField",1.54343174394279,"small","small","Eucalyptus coccifera","Atherosperma moschatum","small_small","d_TAS",NA,"Canopy","Subcanopy","Subcanopy_Canopy","Canopy.small_Subcanopy.small"
"1244","Eucalyptus delegatensis large","Atherosperma moschatum small",0.112856120951846,-0.491659534360247,0.717371776263939,0.103112385471021,0.12259985643267,0.308432022261856,"MtField",1.20903131062419,"large","small","Eucalyptus delegatensis","Atherosperma moschatum","large_small","d_TAS",NA,"Canopy","Subcanopy","Subcanopy_Canopy","Canopy.large_Subcanopy.small"
"1245","Eucalyptus delegatensis small","Atherosperma moschatum small",-0.165161253059765,-0.565400462040164,0.235077955920633,-0.172864863861917,-0.157457642257614,0.204207430410678,"MtField",0.800478417960797,"small","small","Eucalyptus delegatensis","Atherosperma moschatum","small_small","d_TAS",NA,"Canopy","Subcanopy","Subcanopy_Canopy","Canopy.small_Subcanopy.small"
"1246","Eucalyptus subcrenulata large","Atherosperma moschatum small",-0.0468873552948795,-0.592417478311673,0.498642767721914,-0.0551708437949095,-0.0386038667948495,0.27833680992093,"MtField",1.09106024603359,"large","small","Eucalyptus subcrenulata","Atherosperma moschatum","large_small","d_TAS",NA,"Canopy","Subcanopy","Subcanopy_Canopy","Canopy.large_Subcanopy.small"
"1247","Eucalyptus subcrenulata small","Atherosperma moschatum small",-0.0970130938211031,-0.576360433856169,0.382334246213963,-0.106899363791417,-0.0871268238507893,0.244569463426928,"MtField",0.958694680070131,"small","small","Eucalyptus subcrenulata","Atherosperma moschatum","small_small","d_TAS",NA,"Canopy","Subcanopy","Subcanopy_Canopy","Canopy.small_Subcanopy.small"
"1248","Eucalyptus urnigera large","Atherosperma moschatum small",-0.014179913318967,-0.725413594861562,0.697053768223628,-0.0252260415140207,-0.00313378512391323,0.362880995341096,"MtField",1.42246736308519,"large","small","Eucalyptus urnigera","Atherosperma moschatum","large_small","d_TAS",NA,"Canopy","Subcanopy","Subcanopy_Canopy","Canopy.large_Subcanopy.small"
"1249","Leptospermum lanigerum large","Atherosperma moschatum small",-0.175073233263218,-0.893558725836591,0.543412259310156,-0.184539050555773,-0.165607415970663,0.366580966916074,"MtField",1.43697098514675,"large","small","Leptospermum lanigerum","Atherosperma moschatum","large_small","d_TAS",NA,"Subcanopy","Subcanopy","Subcanopy_Subcanopy","Subcanopy.large_Subcanopy.small"
"1250","Leptospermum lanigerum small","Atherosperma moschatum small",-0.00497494334152263,-0.312734970428252,0.302785083745207,-0.0114684849221063,0.00151859823906108,0.157023307323145,"MtField",0.615520054173459,"small","small","Leptospermum lanigerum","Atherosperma moschatum","small_small","d_TAS",NA,"Subcanopy","Subcanopy","Subcanopy_Subcanopy","Subcanopy.small_Subcanopy.small"
"1251","Misc_small","Atherosperma moschatum small",0.173143547031653,-0.302022080044925,0.648309174108231,0.162883110217028,0.183403983846278,0.242435897202512,"MtField",0.950331254153155,"small","small","Misc","Atherosperma moschatum","small_small","d_TAS",NA,"Misc","Subcanopy","Misc_Subcanopy","Misc.small_Subcanopy.small"
"1252","Phyllocladus aspleniifolius large","Atherosperma moschatum small",0.105650174153384,-0.436019717305466,0.647320065612234,0.0972326635416943,0.114067684765074,0.276367267833222,"MtField",1.0833397829177,"large","small","Phyllocladus aspleniifolius","Atherosperma moschatum","large_small","d_TAS",NA,"Subcanopy","Subcanopy","Subcanopy_Subcanopy","Subcanopy.large_Subcanopy.small"
"1253","Phyllocladus aspleniifolius small","Atherosperma moschatum small",-0.177363477785371,-0.388894144446821,0.0341671888760792,-0.181664488032851,-0.173062467537891,0.107925792682915,"MtField",0.4230613333229,"small","small","Phyllocladus aspleniifolius","Atherosperma moschatum","small_small","d_TAS",NA,"Subcanopy","Subcanopy","Subcanopy_Subcanopy","Subcanopy.small_Subcanopy.small"
"1254","Pittosporum bicolor small","Atherosperma moschatum small",0.333434689133677,-0.156289609123976,0.823158987391331,0.323422707244703,0.343446671022652,0.249863927154038,"MtField",0.979448596515307,"small","small","Pittosporum bicolor","Atherosperma moschatum","small_small","d_TAS",NA,"Subcanopy","Subcanopy","Subcanopy_Subcanopy","Subcanopy.small_Subcanopy.small"
"1255","Eucalyptus coccifera large","Eucalyptus coccifera large",-1.00881824763141,-2.19169353049806,0.174057035235237,-1.03109300738677,-0.986543487876053,0.603518887182121,"MtField",2.3657505657333,"large","large","Eucalyptus coccifera","Eucalyptus coccifera","large_large","d_TAS",NA,"Canopy","Canopy","Canopy_Canopy","Canopy.large_Canopy.large"
"1256","Eucalyptus coccifera small","Eucalyptus coccifera large",1.25361211655317,0.165668922154009,2.34155531095233,1.22847434264135,1.27874989046499,0.555083258152047,"MtField",2.17588638879832,"small","large","Eucalyptus coccifera","Eucalyptus coccifera","small_large","d_TAS",1,"Canopy","Canopy","Canopy_Canopy","Canopy.large_Canopy.small"
"1257","Eucalyptus delegatensis large","Eucalyptus coccifera large",-1.16864182147649,-2.25636348729295,-0.0809201556600392,-1.18679749980093,-1.15048614315206,0.554970231288056,"MtField",2.17544333163291,"large","large","Eucalyptus delegatensis","Eucalyptus coccifera","large_large","d_TAS",1,"Canopy","Canopy","Canopy_Canopy","Canopy.large_Canopy.large"
"1258","Eucalyptus delegatensis small","Eucalyptus coccifera large",-0.487476644408799,-1.13571027745931,0.160756988641709,-0.499923399212278,-0.475029889605319,0.330737522813527,"MtField",1.29646726610102,"small","large","Eucalyptus delegatensis","Eucalyptus coccifera","small_large","d_TAS",NA,"Canopy","Canopy","Canopy_Canopy","Canopy.large_Canopy.small"
"1259","Eucalyptus subcrenulata large","Eucalyptus coccifera large",0.598816323497718,-0.196778982321307,1.39441162931674,0.585239293220651,0.612393353774785,0.405923431294952,"MtField",1.59119061163805,"large","large","Eucalyptus subcrenulata","Eucalyptus coccifera","large_large","d_TAS",NA,"Canopy","Canopy","Canopy_Canopy","Canopy.large_Canopy.large"
"1260","Eucalyptus subcrenulata small","Eucalyptus coccifera large",0.578462212134583,-0.112356557001954,1.26928098127112,0.564934234380778,0.591990189888388,0.352465032309587,"MtField",1.38163753827307,"small","large","Eucalyptus subcrenulata","Eucalyptus coccifera","small_large","d_TAS",NA,"Canopy","Canopy","Canopy_Canopy","Canopy.large_Canopy.small"
"1261","Eucalyptus urnigera large","Eucalyptus coccifera large",-0.711560356405765,-1.770270535567,0.347149822755474,-0.727508127803964,-0.695612585007565,0.540168180391176,"MtField",2.11742035832248,"large","large","Eucalyptus urnigera","Eucalyptus coccifera","large_large","d_TAS",NA,"Canopy","Canopy","Canopy_Canopy","Canopy.large_Canopy.large"
"1262","Leptospermum lanigerum large","Eucalyptus coccifera large",0.809283554503884,-0.173099521969083,1.79166663097685,0.793598954724748,0.824968154283019,0.501225065471549,"MtField",1.96476615294593,"large","large","Leptospermum lanigerum","Eucalyptus coccifera","large_large","d_TAS",NA,"Subcanopy","Canopy","Subcanopy_Canopy","Canopy.large_Subcanopy.large"
"1263","Leptospermum lanigerum small","Eucalyptus coccifera large",0.187632938625833,-0.222501328153337,0.597767205405004,0.178341795087172,0.196924082164495,0.209256022056659,"MtField",0.820268533558342,"small","large","Leptospermum lanigerum","Eucalyptus coccifera","small_large","d_TAS",NA,"Subcanopy","Canopy","Subcanopy_Canopy","Canopy.large_Subcanopy.small"
"1264","Misc_small","Eucalyptus coccifera large",-0.116930250484122,-0.9234949130137,0.689634412045457,-0.13189754173386,-0.101962959234383,0.411520144702483,"MtField",1.61312932505916,"small","large","Misc","Eucalyptus coccifera","small_large","d_TAS",NA,"Misc","Canopy","Misc_Canopy","Misc.small_Canopy.large"
"1265","Phyllocladus aspleniifolius large","Eucalyptus coccifera large",0.349302707165026,-0.387793782369033,1.08639919669908,0.335297116177719,0.363308298152333,0.376076548012199,"MtField",1.47419297906812,"large","large","Phyllocladus aspleniifolius","Eucalyptus coccifera","large_large","d_TAS",NA,"Subcanopy","Canopy","Subcanopy_Canopy","Canopy.large_Subcanopy.large"
"1266","Phyllocladus aspleniifolius small","Eucalyptus coccifera large",-0.110191953450701,-0.390535206401794,0.170151299500393,-0.116190777996669,-0.104193128904732,0.14303490021368,"MtField",0.560686505902187,"small","large","Phyllocladus aspleniifolius","Eucalyptus coccifera","small_large","d_TAS",NA,"Subcanopy","Canopy","Subcanopy_Canopy","Canopy.large_Subcanopy.small"
"1267","Pittosporum bicolor small","Eucalyptus coccifera large",0.102665733209296,-0.541194699635099,0.746526166053691,0.0911425935895455,0.114188872829047,0.328506257218543,"MtField",1.28772086568879,"small","large","Pittosporum bicolor","Eucalyptus coccifera","small_large","d_TAS",NA,"Subcanopy","Canopy","Subcanopy_Canopy","Canopy.large_Subcanopy.small"
"1268","Eucalyptus coccifera small","Eucalyptus coccifera small",-2.2723709483109,-4.0747740479436,-0.469967848678212,-2.33263330155333,-2.21210859506848,0.919610316235308,"MtField",3.60480619926538,"small","small","Eucalyptus coccifera","Eucalyptus coccifera","small_small","d_TAS",1,"Canopy","Canopy","Canopy_Canopy","Canopy.small_Canopy.small"
"1269","Eucalyptus delegatensis large","Eucalyptus coccifera small",1.10353236856573,0.0786730760568268,2.12839166107464,1.08319223679198,1.12387250033948,0.522897002492324,"MtField",2.04971858501781,"large","small","Eucalyptus delegatensis","Eucalyptus coccifera","large_small","d_TAS",1,"Canopy","Canopy","Canopy_Canopy","Canopy.large_Canopy.small"
"1270","Eucalyptus delegatensis small","Eucalyptus coccifera small",-0.0513354972351608,-0.705144583765777,0.602473589295456,-0.0658781786081614,-0.0367928158621601,0.333582194207536,"MtField",1.30761817306123,"small","small","Eucalyptus delegatensis","Eucalyptus coccifera","small_small","d_TAS",NA,"Canopy","Canopy","Canopy_Canopy","Canopy.small_Canopy.small"
"1271","Eucalyptus subcrenulata large","Eucalyptus coccifera small",-0.567787593528407,-1.64500247237984,0.509427285323028,-0.586920894141371,-0.548654292915443,0.549609527189463,"MtField",2.15442975770287,"large","small","Eucalyptus subcrenulata","Eucalyptus coccifera","large_small","d_TAS",NA,"Canopy","Canopy","Canopy_Canopy","Canopy.large_Canopy.small"
"1272","Eucalyptus subcrenulata small","Eucalyptus coccifera small",0.168808376671812,-0.619608423038321,0.957225176381945,0.147856373090402,0.189760380253222,0.40226086087758,"MtField",1.57683359942027,"small","small","Eucalyptus subcrenulata","Eucalyptus coccifera","small_small","d_TAS",NA,"Canopy","Canopy","Canopy_Canopy","Canopy.small_Canopy.small"
"1273","Eucalyptus urnigera large","Eucalyptus coccifera small",1.39048923506588,-0.170922820607823,2.95190129073959,1.36569250415248,1.41528596597929,0.796653442609112,"MtField",3.12282411134741,"large","small","Eucalyptus urnigera","Eucalyptus coccifera","large_small","d_TAS",NA,"Canopy","Canopy","Canopy_Canopy","Canopy.large_Canopy.small"
"1274","Leptospermum lanigerum large","Eucalyptus coccifera small",-1.01607245100476,-2.15005580000834,0.11791089799883,-1.04211631773863,-0.990028584270887,0.578573564590116,"MtField",2.26796669800717,"large","small","Leptospermum lanigerum","Eucalyptus coccifera","large_small","d_TAS",NA,"Subcanopy","Canopy","Subcanopy_Canopy","Canopy.small_Subcanopy.large"
"1275","Leptospermum lanigerum small","Eucalyptus coccifera small",-0.193810004618413,-0.653931099133575,0.266311089896748,-0.209286044783557,-0.178333964453269,0.234759974236536,"MtField",0.920242189030323,"small","small","Leptospermum lanigerum","Eucalyptus coccifera","small_small","d_TAS",NA,"Subcanopy","Canopy","Subcanopy_Canopy","Canopy.small_Subcanopy.small"
"1276","Misc_small","Eucalyptus coccifera small",-0.805364240679316,-1.81486878576549,0.204140304406857,-0.824450858972279,-0.786277622386353,0.515062803729567,"MtField",2.01900909017235,"small","small","Misc","Eucalyptus coccifera","small_small","d_TAS",NA,"Misc","Canopy","Misc_Canopy","Misc.small_Canopy.small"
"1277","Phyllocladus aspleniifolius large","Eucalyptus coccifera small",-0.38580889138871,-1.38419702308527,0.612579240307847,-0.402290839879351,-0.369326942898068,0.509391060025447,"MtField",1.99677626339311,"large","small","Phyllocladus aspleniifolius","Eucalyptus coccifera","large_small","d_TAS",NA,"Subcanopy","Canopy","Subcanopy_Canopy","Canopy.small_Subcanopy.large"
"1278","Phyllocladus aspleniifolius small","Eucalyptus coccifera small",0.148609232769559,-0.26569134103416,0.562909806573279,0.141055732878747,0.156162732660372,0.211381727966263,"MtField",0.828601147607439,"small","small","Phyllocladus aspleniifolius","Eucalyptus coccifera","small_small","d_TAS",NA,"Subcanopy","Canopy","Subcanopy_Canopy","Canopy.small_Subcanopy.small"
"1279","Pittosporum bicolor small","Eucalyptus coccifera small",-0.617394923179152,-1.59618895047082,0.361399104112518,-0.635966748659701,-0.598823097698602,0.499393884281687,"MtField",1.95758805458334,"small","small","Pittosporum bicolor","Eucalyptus coccifera","small_small","d_TAS",NA,"Subcanopy","Canopy","Subcanopy_Canopy","Canopy.small_Subcanopy.small"
"1280","Eucalyptus delegatensis large","Eucalyptus delegatensis large",-1.16584228142573,-2.15321887393875,-0.178465688912699,-1.18544373914948,-1.14624082370197,0.503772824552557,"MtField",1.97475318502605,"large","large","Eucalyptus delegatensis","Eucalyptus delegatensis","large_large","d_TAS",1,"Canopy","Canopy","Canopy_Canopy","Canopy.large_Canopy.large"
"1281","Eucalyptus delegatensis small","Eucalyptus delegatensis large",0.484703667361886,-0.038995297901594,1.00840263262537,0.474003092659913,0.495404242063859,0.267198259454945,"MtField",1.04739793052696,"small","large","Eucalyptus delegatensis","Eucalyptus delegatensis","small_large","d_TAS",NA,"Canopy","Canopy","Canopy_Canopy","Canopy.large_Canopy.small"
"1282","Eucalyptus subcrenulata large","Eucalyptus delegatensis large",0.0841991774916738,-0.533158023717019,0.701556378700366,0.0715100338241379,0.0968883211592096,0.314983951786016,"MtField",1.23471440241738,"large","large","Eucalyptus subcrenulata","Eucalyptus delegatensis","large_large","d_TAS",NA,"Canopy","Canopy","Canopy_Canopy","Canopy.large_Canopy.large"
"1283","Eucalyptus subcrenulata small","Eucalyptus delegatensis large",-0.357437059565539,-0.898909102247526,0.184034983116447,-0.369270885768881,-0.345603233362198,0.27626632272483,"MtField",1.08294408536397,"small","large","Eucalyptus subcrenulata","Eucalyptus delegatensis","small_large","d_TAS",NA,"Canopy","Canopy","Canopy_Canopy","Canopy.large_Canopy.small"
"1284","Eucalyptus urnigera large","Eucalyptus delegatensis large",-0.760126389652366,-1.81411271741388,0.29385993810915,-0.777338603856562,-0.742914175448169,0.537758007838525,"MtField",2.10797265552303,"large","large","Eucalyptus urnigera","Eucalyptus delegatensis","large_large","d_TAS",NA,"Canopy","Canopy","Canopy_Canopy","Canopy.large_Canopy.large"
"1285","Leptospermum lanigerum large","Eucalyptus delegatensis large",1.02203222658405,0.114983217701787,1.92908123546632,1.00656891929596,1.03749553387215,0.462788610421903,"MtField",1.81409801776454,"large","large","Leptospermum lanigerum","Eucalyptus delegatensis","large_large","d_TAS",1,"Subcanopy","Canopy","Subcanopy_Canopy","Canopy.large_Subcanopy.large"
"1286","Leptospermum lanigerum small","Eucalyptus delegatensis large",0.274649445962681,-0.0811005333503888,0.63039942527575,0.265674363383007,0.283624528542355,0.181508426746195,"MtField",0.711499958626139,"small","large","Leptospermum lanigerum","Eucalyptus delegatensis","small_large","d_TAS",NA,"Subcanopy","Canopy","Subcanopy_Canopy","Canopy.large_Subcanopy.small"
"1287","Misc_small","Eucalyptus delegatensis large",0.629862638659674,0.0111023213629484,1.2486229559564,0.616432646990736,0.643292630328612,0.315699840495758,"MtField",1.23752063459345,"small","large","Misc","Eucalyptus delegatensis","small_large","d_TAS",1,"Misc","Canopy","Misc_Canopy","Misc.small_Canopy.large"
"1288","Phyllocladus aspleniifolius large","Eucalyptus delegatensis large",0.410189317115392,-0.272059742342952,1.09243837657374,0.395655942057766,0.424722692173017,0.348092651109836,"MtField",1.36449811891669,"large","large","Phyllocladus aspleniifolius","Eucalyptus delegatensis","large_large","d_TAS",NA,"Subcanopy","Canopy","Subcanopy_Canopy","Canopy.large_Subcanopy.large"
"1289","Phyllocladus aspleniifolius small","Eucalyptus delegatensis large",0.104937766744118,-0.230834083708416,0.440709617196651,0.099260562452227,0.110614971036008,0.171315316557375,"MtField",0.671543700905068,"small","large","Phyllocladus aspleniifolius","Eucalyptus delegatensis","small_large","d_TAS",NA,"Subcanopy","Canopy","Subcanopy_Canopy","Canopy.large_Subcanopy.small"
"1290","Pittosporum bicolor small","Eucalyptus delegatensis large",-0.171228382933995,-0.70899836176284,0.36654159589485,-0.182564988707977,-0.159891777160013,0.274377479928563,"MtField",1.07553995765769,"small","large","Pittosporum bicolor","Eucalyptus delegatensis","small_large","d_TAS",NA,"Subcanopy","Canopy","Subcanopy_Canopy","Canopy.large_Subcanopy.small"
"1291","Eucalyptus delegatensis small","Eucalyptus delegatensis small",-0.53085616253171,-1.07905813373994,0.0173458086765236,-0.542800803597091,-0.518911521466329,0.279700022823062,"MtField",1.09640394241647,"small","small","Eucalyptus delegatensis","Eucalyptus delegatensis","small_small","d_TAS",NA,"Canopy","Canopy","Canopy_Canopy","Canopy.small_Canopy.small"
"1292","Eucalyptus subcrenulata large","Eucalyptus delegatensis small",0.550286074539402,-0.0238104208605455,1.12438256993935,0.53895430757774,0.561617841501064,0.292911757526336,"MtField",1.1481929907999,"large","small","Eucalyptus subcrenulata","Eucalyptus delegatensis","large_small","d_TAS",NA,"Canopy","Canopy","Canopy_Canopy","Canopy.large_Canopy.small"
"1293","Eucalyptus subcrenulata small","Eucalyptus delegatensis small",0.474721344233968,0.0403391961082924,0.909103492359644,0.464092556451094,0.485350132016843,0.221627617421558,"MtField",0.868764296251352,"small","small","Eucalyptus subcrenulata","Eucalyptus delegatensis","small_small","d_TAS",1,"Canopy","Canopy","Canopy_Canopy","Canopy.small_Canopy.small"
"1294","Eucalyptus urnigera large","Eucalyptus delegatensis small",-0.018357388640478,-0.743944794373468,0.707230017092512,-0.0307459453893724,-0.00596883189158373,0.37020445858002,"MtField",1.45117481146598,"large","small","Eucalyptus urnigera","Eucalyptus delegatensis","large_small","d_TAS",NA,"Canopy","Canopy","Canopy_Canopy","Canopy.large_Canopy.small"
"1295","Leptospermum lanigerum large","Eucalyptus delegatensis small",-0.503799576713447,-1.04388306450714,0.036283911080241,-0.513611549902278,-0.493987603524616,0.275557863335142,"MtField",1.08016697558738,"large","small","Leptospermum lanigerum","Eucalyptus delegatensis","large_small","d_TAS",NA,"Subcanopy","Canopy","Subcanopy_Canopy","Canopy.small_Subcanopy.large"
"1296","Leptospermum lanigerum small","Eucalyptus delegatensis small",0.129557654843716,-0.13369150610984,0.392806815797273,0.121943969228954,0.137171340458479,0.134313264442629,"MtField",0.526498321907113,"small","small","Leptospermum lanigerum","Eucalyptus delegatensis","small_small","d_TAS",NA,"Subcanopy","Canopy","Subcanopy_Canopy","Canopy.small_Subcanopy.small"
"1297","Misc_small","Eucalyptus delegatensis small",-0.319302473007621,-0.766143536241442,0.127538590226201,-0.328263859673463,-0.310341086341778,0.227984323568416,"MtField",0.893682126467643,"small","small","Misc","Eucalyptus delegatensis","small_small","d_TAS",NA,"Misc","Canopy","Misc_Canopy","Misc.small_Canopy.small"
"1298","Phyllocladus aspleniifolius large","Eucalyptus delegatensis small",0.470948379094816,-0.0496488898512681,0.9915456480409,0.45905659309836,0.482840165091273,0.265615732254516,"MtField",1.04119453789217,"large","small","Phyllocladus aspleniifolius","Eucalyptus delegatensis","large_small","d_TAS",NA,"Subcanopy","Canopy","Subcanopy_Canopy","Canopy.small_Subcanopy.large"
"1299","Phyllocladus aspleniifolius small","Eucalyptus delegatensis small",-0.25001575568737,-0.449370604659515,-0.0506609067152245,-0.254758830494758,-0.245272680879981,0.10171352664877,"MtField",0.39870969794429,"small","small","Phyllocladus aspleniifolius","Eucalyptus delegatensis","small_small","d_TAS",1,"Subcanopy","Canopy","Subcanopy_Canopy","Canopy.small_Subcanopy.small"
"1300","Pittosporum bicolor small","Eucalyptus delegatensis small",0.177690837908224,-0.13237353666592,0.487755212482368,0.170047604754122,0.185334071062326,0.158199016420655,"MtField",0.620128749148288,"small","small","Pittosporum bicolor","Eucalyptus delegatensis","small_small","d_TAS",NA,"Subcanopy","Canopy","Subcanopy_Canopy","Canopy.small_Subcanopy.small"
"1301","Eucalyptus subcrenulata large","Eucalyptus subcrenulata large",-1.05095430963907,-2.04036323569738,-0.061545383580774,-1.06579276576114,-1.03611585351701,0.504809748476315,"MtField",1.9788178521166,"large","large","Eucalyptus subcrenulata","Eucalyptus subcrenulata","large_large","d_TAS",1,"Canopy","Canopy","Canopy_Canopy","Canopy.large_Canopy.large"
"1302","Eucalyptus subcrenulata small","Eucalyptus subcrenulata large",-0.0729456966541638,-0.724159279049113,0.578267885740785,-0.0844963423259633,-0.0613950509823643,0.332257933070015,"MtField",1.3024271647899,"small","large","Eucalyptus subcrenulata","Eucalyptus subcrenulata","small_large","d_TAS",NA,"Canopy","Canopy","Canopy_Canopy","Canopy.large_Canopy.small"
"1303","Eucalyptus urnigera large","Eucalyptus subcrenulata large",0.874227149898411,-0.217213698284348,1.96566799808117,0.858323362761034,0.890130937035787,0.556867808180102,"MtField",2.18288169636552,"large","large","Eucalyptus urnigera","Eucalyptus subcrenulata","large_large","d_TAS",NA,"Canopy","Canopy","Canopy_Canopy","Canopy.large_Canopy.large"
"1304","Leptospermum lanigerum large","Eucalyptus subcrenulata large",0.535398339697238,-0.474092454952433,1.54488913434691,0.522360866200422,0.548435813194055,0.515055788071825,"MtField",2.01898158929934,"large","large","Leptospermum lanigerum","Eucalyptus subcrenulata","large_large","d_TAS",NA,"Subcanopy","Canopy","Subcanopy_Canopy","Canopy.large_Subcanopy.large"
"1305","Leptospermum lanigerum small","Eucalyptus subcrenulata large",-0.201781589660851,-0.674014882975088,0.270451703653387,-0.210653656225696,-0.192909523096005,0.240939781056771,"MtField",0.944466586628474,"small","large","Leptospermum lanigerum","Eucalyptus subcrenulata","small_large","d_TAS",NA,"Subcanopy","Canopy","Subcanopy_Canopy","Canopy.large_Subcanopy.small"
"1306","Misc_small","Eucalyptus subcrenulata large",0.136026454829363,-0.678974577768571,0.951027487427298,0.123969131989945,0.148083777668782,0.415824494238955,"MtField",1.63000206519587,"small","large","Misc","Eucalyptus subcrenulata","small_large","d_TAS",NA,"Misc","Canopy","Misc_Canopy","Misc.small_Canopy.large"
"1307","Phyllocladus aspleniifolius large","Eucalyptus subcrenulata large",0.108230884047208,-0.705450990727546,0.921912758821962,0.0948107629185334,0.121651005175883,0.415151442165761,"MtField",1.62736374954951,"large","large","Phyllocladus aspleniifolius","Eucalyptus subcrenulata","large_large","d_TAS",NA,"Subcanopy","Canopy","Subcanopy_Canopy","Canopy.large_Subcanopy.large"
"1308","Phyllocladus aspleniifolius small","Eucalyptus subcrenulata large",0.0410376945991307,-0.247134234378915,0.329209623577177,0.0355513611054075,0.0465240280928539,0.147029196072535,"MtField",0.576343857956092,"small","large","Phyllocladus aspleniifolius","Eucalyptus subcrenulata","small_large","d_TAS",NA,"Subcanopy","Canopy","Subcanopy_Canopy","Canopy.large_Subcanopy.small"
"1309","Pittosporum bicolor small","Eucalyptus subcrenulata large",0.184318631296619,-0.494327531370931,0.862964793964169,0.173990682724647,0.194646579868592,0.346254404683262,"MtField",1.3572923253351,"small","large","Pittosporum bicolor","Eucalyptus subcrenulata","small_large","d_TAS",NA,"Subcanopy","Canopy","Subcanopy_Canopy","Canopy.large_Subcanopy.small"
"1310","Eucalyptus subcrenulata small","Eucalyptus subcrenulata small",-0.666819116478594,-1.30809381965553,-0.0255444133016608,-0.683808897815069,-0.649829335142119,0.327186983146235,"MtField",1.28254940635387,"small","small","Eucalyptus subcrenulata","Eucalyptus subcrenulata","small_small","d_TAS",1,"Canopy","Canopy","Canopy_Canopy","Canopy.small_Canopy.small"
"1311","Eucalyptus urnigera large","Eucalyptus subcrenulata small",-0.898250708887804,-1.8898998434289,0.0933984256532893,-0.914998856895137,-0.881502560880471,0.505952732990553,"MtField",1.98329826908219,"large","small","Eucalyptus urnigera","Eucalyptus subcrenulata","large_small","d_TAS",NA,"Canopy","Canopy","Canopy_Canopy","Canopy.large_Canopy.small"
"1312","Leptospermum lanigerum large","Eucalyptus subcrenulata small",-0.039185381644901,-0.664398525974847,0.586027762685045,-0.049905951655083,-0.0284648116347191,0.318992159683314,"MtField",1.25042628865989,"large","small","Leptospermum lanigerum","Eucalyptus subcrenulata","large_small","d_TAS",NA,"Subcanopy","Canopy","Subcanopy_Canopy","Canopy.small_Subcanopy.large"
"1313","Leptospermum lanigerum small","Eucalyptus subcrenulata small",0.207511456058372,-0.119042566737263,0.534065478854006,0.19888108838796,0.216141823728784,0.166612256843213,"MtField",0.653108045591269,"small","small","Leptospermum lanigerum","Eucalyptus subcrenulata","small_small","d_TAS",NA,"Subcanopy","Canopy","Subcanopy_Canopy","Canopy.small_Subcanopy.small"
"1314","Misc_small","Eucalyptus subcrenulata small",0.962510297395671,0.271243483838162,1.65377711095318,0.944392555604975,0.980628039186366,0.352693630602467,"MtField",1.38253362711502,"small","small","Misc","Eucalyptus subcrenulata","small_small","d_TAS",1,"Misc","Canopy","Misc_Canopy","Misc.small_Canopy.small"
"1315","Phyllocladus aspleniifolius large","Eucalyptus subcrenulata small",0.270702172638008,-0.35282234550941,0.894226690785426,0.255093658264666,0.286310687011349,0.318130599881273,"MtField",1.24704903629484,"large","small","Phyllocladus aspleniifolius","Eucalyptus subcrenulata","large_small","d_TAS",NA,"Subcanopy","Canopy","Subcanopy_Canopy","Canopy.small_Subcanopy.large"
"1316","Phyllocladus aspleniifolius small","Eucalyptus subcrenulata small",0.0389450727940131,-0.172762197133343,0.250652342721369,0.0334753770579146,0.0444147685301116,0.108015898045717,"MtField",0.423414539854712,"small","small","Phyllocladus aspleniifolius","Eucalyptus subcrenulata","small_small","d_TAS",NA,"Subcanopy","Canopy","Subcanopy_Canopy","Canopy.small_Subcanopy.small"
"1317","Pittosporum bicolor small","Eucalyptus subcrenulata small",0.128595259237579,-0.260428626903688,0.517619145378847,0.117882031317178,0.139308487157981,0.198485221774399,"MtField",0.778047772282534,"small","small","Pittosporum bicolor","Eucalyptus subcrenulata","small_small","d_TAS",NA,"Subcanopy","Canopy","Subcanopy_Canopy","Canopy.small_Subcanopy.small"
"1318","Eucalyptus urnigera large","Eucalyptus urnigera large",-1.21471795047057,-2.80847750562022,0.379041604679073,-1.23546961277216,-1.19396628816899,0.813157572139599,"MtField",3.18751911029929,"large","large","Eucalyptus urnigera","Eucalyptus urnigera","large_large","d_TAS",NA,"Canopy","Canopy","Canopy_Canopy","Canopy.large_Canopy.large"
"1319","Leptospermum lanigerum large","Eucalyptus urnigera large",0.285110492262721,-0.889155240557866,1.45937622508331,0.269814018734815,0.300406965790627,0.599126178890554,"MtField",2.34853146564118,"large","large","Leptospermum lanigerum","Eucalyptus urnigera","large_large","d_TAS",NA,"Subcanopy","Canopy","Subcanopy_Canopy","Canopy.large_Subcanopy.large"
"1320","Leptospermum lanigerum small","Eucalyptus urnigera large",-0.0384202797122904,-0.580229451230443,0.503388891805862,-0.0502682509440695,-0.0265723084805113,0.27643833039376,"MtField",1.08361834303631,"small","large","Leptospermum lanigerum","Eucalyptus urnigera","small_large","d_TAS",NA,"Subcanopy","Canopy","Subcanopy_Canopy","Canopy.large_Subcanopy.small"
"1321","Misc_small","Eucalyptus urnigera large",1.09130737628083,-0.0441745827654303,2.22678933532708,1.07255244110426,1.11006231145739,0.579338175600569,"MtField",2.27096391809251,"small","large","Misc","Eucalyptus urnigera","small_large","d_TAS",NA,"Misc","Canopy","Misc_Canopy","Misc.small_Canopy.large"
"1322","Phyllocladus aspleniifolius large","Eucalyptus urnigera large",0.324134083391193,-0.788241755133239,1.43650992191563,0.308226666730493,0.340041500051893,0.567549121973011,"MtField",2.22475167704886,"large","large","Phyllocladus aspleniifolius","Eucalyptus urnigera","large_large","d_TAS",NA,"Subcanopy","Canopy","Subcanopy_Canopy","Canopy.large_Subcanopy.large"
"1323","Phyllocladus aspleniifolius small","Eucalyptus urnigera large",-0.0265948439250784,-0.352706463560455,0.299516775710299,-0.0330035421872779,-0.0201861456628789,0.166386536797464,"MtField",0.652223239270754,"small","large","Phyllocladus aspleniifolius","Eucalyptus urnigera","small_large","d_TAS",NA,"Subcanopy","Canopy","Subcanopy_Canopy","Canopy.large_Subcanopy.small"
"1324","Pittosporum bicolor small","Eucalyptus urnigera large",0.132215476592159,-0.561093150901539,0.825524104085857,0.117298924123539,0.147132029060778,0.353735391549247,"MtField",1.3866172549874,"small","large","Pittosporum bicolor","Eucalyptus urnigera","small_large","d_TAS",NA,"Subcanopy","Canopy","Subcanopy_Canopy","Canopy.large_Subcanopy.small"
"1325","Leptospermum lanigerum large","Leptospermum lanigerum large",-0.835176408573911,-1.76667999716367,0.0963271800158503,-0.853169863530244,-0.817182953617578,0.475265666072103,"MtField",1.86300717717952,"large","large","Leptospermum lanigerum","Leptospermum lanigerum","large_large","d_TAS",NA,"Subcanopy","Subcanopy","Subcanopy_Subcanopy","Subcanopy.large_Subcanopy.large"
"1326","Leptospermum lanigerum small","Leptospermum lanigerum large",0.11265599934532,-0.23740223235378,0.46271423104442,0.10484851215403,0.12046348653661,0.178604420520129,"MtField",0.700116463398199,"small","large","Leptospermum lanigerum","Leptospermum lanigerum","small_large","d_TAS",NA,"Subcanopy","Subcanopy","Subcanopy_Subcanopy","Subcanopy.large_Subcanopy.small"
"1327","Misc_small","Leptospermum lanigerum large",-0.369068679745719,-1.0835096196562,0.345372260164761,-0.381317526013261,-0.356819833478177,0.364517381720225,"MtField",1.42888187982096,"small","large","Misc","Leptospermum lanigerum","small_large","d_TAS",NA,"Misc","Subcanopy","Misc_Subcanopy","Misc.small_Subcanopy.large"
"1328","Phyllocladus aspleniifolius large","Leptospermum lanigerum large",-0.350060257171784,-1.19426573639431,0.494145222050744,-0.362860218080889,-0.337260296262679,0.43072499590886,"MtField",1.68841095844506,"large","large","Phyllocladus aspleniifolius","Leptospermum lanigerum","large_large","d_TAS",NA,"Subcanopy","Subcanopy","Subcanopy_Subcanopy","Subcanopy.large_Subcanopy.large"
"1329","Phyllocladus aspleniifolius small","Leptospermum lanigerum large",-0.141713534354718,-0.41525384996464,0.131826781255203,-0.146617591919643,-0.136809476789794,0.139563950035599,"MtField",0.547080631219842,"small","large","Phyllocladus aspleniifolius","Leptospermum lanigerum","small_large","d_TAS",NA,"Subcanopy","Subcanopy","Subcanopy_Subcanopy","Subcanopy.large_Subcanopy.small"
"1330","Pittosporum bicolor small","Leptospermum lanigerum large",-0.001628397939292,-0.530950115085913,0.527693319207329,-0.0114174508979798,0.00816065501939577,0.270067063130671,"MtField",1.05864343429324,"small","large","Pittosporum bicolor","Leptospermum lanigerum","small_large","d_TAS",NA,"Subcanopy","Subcanopy","Subcanopy_Subcanopy","Subcanopy.large_Subcanopy.small"
"1331","Leptospermum lanigerum small","Leptospermum lanigerum small",0.114850107661924,-0.141435834601018,0.371136049924865,0.104795606889603,0.124904608434245,0.130760536563168,"MtField",0.512571884525883,"small","small","Leptospermum lanigerum","Leptospermum lanigerum","small_small","d_TAS",NA,"Subcanopy","Subcanopy","Subcanopy_Subcanopy","Subcanopy.small_Subcanopy.small"
"1332","Misc_small","Leptospermum lanigerum small",-0.370747551749193,-0.799880939771442,0.0583858362730558,-0.380650752403635,-0.360844351094751,0.218949629384621,"MtField",0.858266776044498,"small","small","Misc","Leptospermum lanigerum","small_small","d_TAS",NA,"Misc","Subcanopy","Misc_Subcanopy","Misc.small_Subcanopy.small"
"1333","Phyllocladus aspleniifolius large","Leptospermum lanigerum small",-0.675564634514315,-1.23639999904242,-0.114729269986213,-0.686825274830126,-0.664303994198504,0.286145750101482,"MtField",1.1216707290562,"large","small","Phyllocladus aspleniifolius","Leptospermum lanigerum","large_small","d_TAS",1,"Subcanopy","Subcanopy","Subcanopy_Subcanopy","Subcanopy.large_Subcanopy.small"
"1334","Phyllocladus aspleniifolius small","Leptospermum lanigerum small",0.10882015015349,-0.0498460594901587,0.267486359797138,0.104309879404406,0.113330420902573,0.0809536353194177,"MtField",0.317332419287296,"small","small","Phyllocladus aspleniifolius","Leptospermum lanigerum","small_small","d_TAS",NA,"Subcanopy","Subcanopy","Subcanopy_Subcanopy","Subcanopy.small_Subcanopy.small"
"1335","Pittosporum bicolor small","Leptospermum lanigerum small",-0.0507479957510148,-0.370329197246005,0.268833205743975,-0.0586396884397178,-0.0428563030623118,0.163054629582893,"MtField",0.63916240298998,"small","small","Pittosporum bicolor","Leptospermum lanigerum","small_small","d_TAS",NA,"Subcanopy","Subcanopy","Subcanopy_Subcanopy","Subcanopy.small_Subcanopy.small"
"1336","Misc_small","Misc_small",-0.933221084162816,-1.96524587377933,0.0988037054536948,-0.953093417048904,-0.913348751276727,0.526552935542179,"MtField",2.06404957923302,"small","small","Misc","Misc","small_small","d_TAS",NA,"Misc","Misc","Misc_Misc","Misc.small_Misc.small"
"1337","Phyllocladus aspleniifolius large","Misc_small",-0.573152263465707,-1.34589363846368,0.199589111532261,-0.587304534547865,-0.558999992383549,0.394263048246424,"MtField",1.54548274999594,"large","small","Phyllocladus aspleniifolius","Misc","large_small","d_TAS",NA,"Subcanopy","Misc","Misc_Subcanopy","Misc.small_Subcanopy.large"
"1338","Phyllocladus aspleniifolius small","Misc_small",-0.0836728454775802,-0.372745978239509,0.205400287284349,-0.0890474688123406,-0.0782982221428198,0.147489002370503,"MtField",0.578146265523858,"small","small","Phyllocladus aspleniifolius","Misc","small_small","d_TAS",NA,"Subcanopy","Misc","Misc_Subcanopy","Misc.small_Subcanopy.small"
"1339","Pittosporum bicolor small","Misc_small",0.0364973694686266,-0.443397959931221,0.516392698868474,0.0272003947142453,0.0457943442230078,0.244849054975092,"MtField",0.959790658799695,"small","small","Pittosporum bicolor","Misc","small_small","d_TAS",NA,"Subcanopy","Misc","Misc_Subcanopy","Misc.small_Subcanopy.small"
"1340","Phyllocladus aspleniifolius large","Phyllocladus aspleniifolius large",-1.20711115800554,-2.24310959749497,-0.171112718516105,-1.22636245027006,-1.18785986574102,0.52858034518045,"MtField",2.07199687897886,"large","large","Phyllocladus aspleniifolius","Phyllocladus aspleniifolius","large_large","d_TAS",1,"Subcanopy","Subcanopy","Subcanopy_Subcanopy","Subcanopy.large_Subcanopy.large"
"1341","Phyllocladus aspleniifolius small","Phyllocladus aspleniifolius large",0.299244375930079,-0.0120478975117685,0.610536649371927,0.292046571414766,0.306442180445392,0.1588255069467,"MtField",0.622584546883695,"small","large","Phyllocladus aspleniifolius","Phyllocladus aspleniifolius","small_large","d_TAS",NA,"Subcanopy","Subcanopy","Subcanopy_Subcanopy","Subcanopy.large_Subcanopy.small"
"1342","Pittosporum bicolor small","Phyllocladus aspleniifolius large",-0.171032174438936,-0.660543891486762,0.318479542608891,-0.181771697114969,-0.160292651762903,0.249755465360095,"MtField",0.979023434095653,"small","large","Pittosporum bicolor","Phyllocladus aspleniifolius","small_large","d_TAS",NA,"Subcanopy","Subcanopy","Subcanopy_Subcanopy","Subcanopy.large_Subcanopy.small"
"1343","Phyllocladus aspleniifolius small","Phyllocladus aspleniifolius small",0.228228266077988,0.0311541608509442,0.425302371305032,0.217796626561789,0.238659905594187,0.100549860498223,"MtField",0.394148210454088,"small","small","Phyllocladus aspleniifolius","Phyllocladus aspleniifolius","small_small","d_TAS",1,"Subcanopy","Subcanopy","Subcanopy_Subcanopy","Subcanopy.small_Subcanopy.small"
"1344","Pittosporum bicolor small","Phyllocladus aspleniifolius small",0.239871821945422,0.000382761126935999,0.479360882763907,0.234220659035372,0.245522984855471,0.122190541615838,"MtField",0.478978121636971,"small","small","Pittosporum bicolor","Phyllocladus aspleniifolius","small_small","d_TAS",1,"Subcanopy","Subcanopy","Subcanopy_Subcanopy","Subcanopy.small_Subcanopy.small"
"1345","Pittosporum bicolor small","Pittosporum bicolor small",-0.0882200562412009,-0.524753779139451,0.348313666657049,-0.0976353740538186,-0.0788047384285832,0.222725379824105,"MtField",0.873067445796499,"small","small","Pittosporum bicolor","Pittosporum bicolor","small_small","d_TAS",NA,"Subcanopy","Subcanopy","Subcanopy_Subcanopy","Subcanopy.small_Subcanopy.small"
"1346","Eucalyptus delegatensis large","Eucalyptus delegatensis large",-0.371327573786597,-1.00795235411076,0.265297206537565,-0.386527603569978,-0.356127544003217,0.324814529933089,"NorthStyx",1.27324956064832,"large","large","Eucalyptus delegatensis","Eucalyptus delegatensis","large_large","d_TAS",NA,"Canopy","Canopy","Canopy_Canopy","Canopy.large_Canopy.large"
"1347","Eucalyptus delegatensis small","Eucalyptus delegatensis large",0.525297422927471,0.0827671537823615,0.96782769207258,0.512823201709098,0.537771644145843,0.225784898414324,"NorthStyx",0.885060538290218,"small","large","Eucalyptus delegatensis","Eucalyptus delegatensis","small_large","d_TAS",1,"Canopy","Canopy","Canopy_Canopy","Canopy.large_Canopy.small"
"1348","Eucalyptus regnans large","Eucalyptus delegatensis large",0.477673290694726,0.108641498919822,0.846705082469629,0.469247099246219,0.486099482143232,0.188284986196573,"NorthStyx",0.738063583549807,"large","large","Eucalyptus regnans","Eucalyptus delegatensis","large_large","d_TAS",1,"Canopy","Canopy","Canopy_Canopy","Canopy.large_Canopy.large"
"1349","Eucalyptus regnans small","Eucalyptus delegatensis large",-0.291346141567085,-0.538506462741516,-0.0441858203926545,-0.298839802299033,-0.283852480835137,0.126104521881014,"NorthStyx",0.494320642348861,"small","large","Eucalyptus regnans","Eucalyptus delegatensis","small_large","d_TAS",1,"Canopy","Canopy","Canopy_Canopy","Canopy.large_Canopy.small"
"1350","Misc_large","Eucalyptus delegatensis large",-0.526649892211274,-1.34113669264421,0.287836908221667,-0.538519765435124,-0.514780018987424,0.415562126068392,"NorthStyx",1.62897360086588,"large","large","Misc","Eucalyptus delegatensis","large_large","d_TAS",NA,"Misc","Canopy","Misc_Canopy","Misc.large_Canopy.large"
"1351","Misc_small","Eucalyptus delegatensis large",-0.0628542280288487,-0.500770580225686,0.375062124167989,-0.0737096960680948,-0.0519987599896026,0.223430815898183,"NorthStyx",0.875832704393675,"small","large","Misc","Eucalyptus delegatensis","small_large","d_TAS",NA,"Misc","Canopy","Misc_Canopy","Misc.small_Canopy.large"
"1352","Monotoca glauca small","Eucalyptus delegatensis large",0.305405167338014,-0.0764899176861534,0.687300252362181,0.293638112276269,0.317172222399758,0.194848011512715,"NorthStyx",0.763790170048334,"small","large","Monotoca glauca","Eucalyptus delegatensis","small_large","d_TAS",NA,"Subcanopy","Canopy","Subcanopy_Canopy","Canopy.large_Subcanopy.small"
"1353","Nothofagus cunninghamii small","Eucalyptus delegatensis large",0.669927581214181,0.0176978710954185,1.32215729133294,0.657428807137714,0.682426355290649,0.332776375108659,"NorthStyx",1.30445942023753,"small","large","Nothofagus cunninghamii","Eucalyptus delegatensis","small_large","d_TAS",1,"Subcanopy","Canopy","Subcanopy_Canopy","Canopy.large_Subcanopy.small"
"1354","Phyllocladus aspleniifolius small","Eucalyptus delegatensis large",0.266959778013145,-0.400277771099212,0.934197327125502,0.248091758191847,0.285827797834442,0.340433576522549,"NorthStyx",1.33447509822471,"small","large","Phyllocladus aspleniifolius","Eucalyptus delegatensis","small_large","d_TAS",NA,"Subcanopy","Canopy","Subcanopy_Canopy","Canopy.large_Subcanopy.small"
"1355","Eucalyptus delegatensis small","Eucalyptus delegatensis small",-0.025152843603189,-0.446716780301601,0.396411093095223,-0.0442208476173836,-0.00608483958899429,0.215087593457663,"NorthStyx",0.843127873396824,"small","small","Eucalyptus delegatensis","Eucalyptus delegatensis","small_small","d_TAS",NA,"Canopy","Canopy","Canopy_Canopy","Canopy.small_Canopy.small"
"1356","Eucalyptus regnans large","Eucalyptus delegatensis small",-0.311529175679505,-0.532282919271848,-0.0907754320871627,-0.318422128744842,-0.304636222614169,0.112631530647308,"NorthStyx",0.441507487184685,"large","small","Eucalyptus regnans","Eucalyptus delegatensis","large_small","d_TAS",1,"Canopy","Canopy","Canopy_Canopy","Canopy.large_Canopy.small"
"1357","Eucalyptus regnans small","Eucalyptus delegatensis small",0.137173683073764,-0.0564473290934096,0.330794695240937,0.130326225919886,0.144021140227642,0.0987880459510641,"NorthStyx",0.387242024334347,"small","small","Eucalyptus regnans","Eucalyptus delegatensis","small_small","d_TAS",NA,"Canopy","Canopy","Canopy_Canopy","Canopy.small_Canopy.small"
"1358","Misc_large","Eucalyptus delegatensis small",0.0903313077816197,-0.34938095016582,0.530043565729059,0.0816854764046579,0.0989771391585815,0.224347111179508,"NorthStyx",0.879424515894879,"large","small","Misc","Eucalyptus delegatensis","large_small","d_TAS",NA,"Misc","Canopy","Misc_Canopy","Misc.large_Canopy.small"
"1359","Misc_small","Eucalyptus delegatensis small",0.173990879284218,-0.143480395318283,0.49146215388672,0.166125401776396,0.181856356792041,0.161978116489218,"NorthStyx",0.634942549205003,"small","small","Misc","Eucalyptus delegatensis","small_small","d_TAS",NA,"Misc","Canopy","Misc_Canopy","Misc.small_Canopy.small"
"1360","Monotoca glauca small","Eucalyptus delegatensis small",-0.135779582688617,-0.405273472977666,0.133714307600432,-0.145760547583359,-0.125798617793874,0.137499409384449,"NorthStyx",0.538987780578098,"small","small","Monotoca glauca","Eucalyptus delegatensis","small_small","d_TAS",NA,"Subcanopy","Canopy","Subcanopy_Canopy","Canopy.small_Subcanopy.small"
"1361","Nothofagus cunninghamii small","Eucalyptus delegatensis small",-0.469964978436963,-0.923710275315748,-0.0162196815581772,-0.481761685037579,-0.458168271836346,0.231506956483829,"NorthStyx",0.907490593757571,"small","small","Nothofagus cunninghamii","Eucalyptus delegatensis","small_small","d_TAS",1,"Subcanopy","Canopy","Subcanopy_Canopy","Canopy.small_Subcanopy.small"
"1362","Phyllocladus aspleniifolius small","Eucalyptus delegatensis small",-0.0937042875300274,-0.465297366021908,0.277888790961853,-0.105499599503316,-0.0819089755567388,0.189591789146617,"NorthStyx",0.743186156983761,"small","small","Phyllocladus aspleniifolius","Eucalyptus delegatensis","small_small","d_TAS",NA,"Subcanopy","Canopy","Subcanopy_Canopy","Canopy.small_Subcanopy.small"
"1363","Eucalyptus regnans large","Eucalyptus regnans large",-0.225107751950497,-0.511356870400007,0.0611413664990137,-0.233579744501057,-0.216635759399936,0.146048152265759,"NorthStyx",0.572498236899021,"large","large","Eucalyptus regnans","Eucalyptus regnans","large_large","d_TAS",NA,"Canopy","Canopy","Canopy_Canopy","Canopy.large_Canopy.large"
"1364","Eucalyptus regnans small","Eucalyptus regnans large",0.239757481994706,0.04446416282697,0.435050801162442,0.23382942248312,0.245685541506292,0.0996412794868604,"NorthStyx",0.390586638335472,"small","large","Eucalyptus regnans","Eucalyptus regnans","small_large","d_TAS",1,"Canopy","Canopy","Canopy_Canopy","Canopy.large_Canopy.small"
"1365","Misc_large","Eucalyptus regnans large",0.36900287139714,-0.229465716113633,0.967471458907912,0.361042409256875,0.376963333537404,0.305346726894686,"NorthStyx",1.19693717502154,"large","large","Misc","Eucalyptus regnans","large_large","d_TAS",NA,"Misc","Canopy","Misc_Canopy","Misc.large_Canopy.large"
"1366","Misc_small","Eucalyptus regnans large",-0.111226423091689,-0.398545865078213,0.176093018894836,-0.117283345576805,-0.105169500606572,0.146594245737607,"NorthStyx",0.574638883973049,"small","large","Misc","Eucalyptus regnans","small_large","d_TAS",NA,"Misc","Canopy","Misc_Canopy","Misc.small_Canopy.large"
"1367","Monotoca glauca small","Eucalyptus regnans large",-0.163258345805992,-0.406682031359359,0.0801653397473747,-0.169947794257698,-0.156568897354286,0.124198040103523,"NorthStyx",0.486847371106734,"small","large","Monotoca glauca","Eucalyptus regnans","small_large","d_TAS",NA,"Subcanopy","Canopy","Subcanopy_Canopy","Canopy.large_Subcanopy.small"
"1368","Nothofagus cunninghamii small","Eucalyptus regnans large",-0.358085983471344,-0.67381798471209,-0.0423539822305983,-0.364617256694171,-0.351554710248518,0.16109071581478,"NorthStyx",0.631464002481492,"small","large","Nothofagus cunninghamii","Eucalyptus regnans","small_large","d_TAS",1,"Subcanopy","Canopy","Subcanopy_Canopy","Canopy.large_Subcanopy.small"
"1369","Phyllocladus aspleniifolius small","Eucalyptus regnans large",-0.385366055171476,-0.754041452445659,-0.0166906578972932,-0.397301922128832,-0.373430188214121,0.188103148926331,"NorthStyx",0.737350794548366,"small","large","Phyllocladus aspleniifolius","Eucalyptus regnans","small_large","d_TAS",1,"Subcanopy","Canopy","Subcanopy_Canopy","Canopy.large_Subcanopy.small"
"1370","Eucalyptus regnans small","Eucalyptus regnans small",0.211239205466272,0.039961894922385,0.382516516010158,0.201237814739983,0.22124059619256,0.0873879887053539,"NorthStyx",0.342554621087773,"small","small","Eucalyptus regnans","Eucalyptus regnans","small_small","d_TAS",1,"Canopy","Canopy","Canopy_Canopy","Canopy.small_Canopy.small"
"1371","Misc_large","Eucalyptus regnans small",-0.200019186816381,-0.67209436862577,0.272055994993008,-0.206171412159738,-0.193866961473023,0.240859110439303,"NorthStyx",0.944150363618778,"large","small","Misc","Eucalyptus regnans","large_small","d_TAS",NA,"Misc","Canopy","Misc_Canopy","Misc.large_Canopy.small"
"1372","Misc_small","Eucalyptus regnans small",0.0108018799122049,-0.226404247933775,0.248008007758185,0.00467624574116531,0.0169275140832445,0.121025758492009,"NorthStyx",0.47441225569196,"small","small","Misc","Eucalyptus regnans","small_small","d_TAS",NA,"Misc","Canopy","Misc_Canopy","Misc.small_Canopy.small"
"1373","Monotoca glauca small","Eucalyptus regnans small",0.231451275746763,0.0434147186911771,0.419487832802349,0.223008603694206,0.239893947799319,0.0959387818035404,"NorthStyx",0.376073114111172,"small","small","Monotoca glauca","Eucalyptus regnans","small_small","d_TAS",1,"Subcanopy","Canopy","Subcanopy_Canopy","Canopy.small_Subcanopy.small"
"1374","Nothofagus cunninghamii small","Eucalyptus regnans small",0.106649907186727,-0.187005311420241,0.400305125793696,0.100822395106498,0.112477419266957,0.149826844229426,"NorthStyx",0.587310437213937,"small","small","Nothofagus cunninghamii","Eucalyptus regnans","small_small","d_TAS",NA,"Subcanopy","Canopy","Subcanopy_Canopy","Canopy.small_Subcanopy.small"
"1375","Phyllocladus aspleniifolius small","Eucalyptus regnans small",0.210683343065591,-0.0509272077256671,0.472293893856849,0.198336362508827,0.223030323622355,0.133477223487171,"NorthStyx",0.523221101582516,"small","small","Phyllocladus aspleniifolius","Eucalyptus regnans","small_small","d_TAS",NA,"Subcanopy","Canopy","Subcanopy_Canopy","Canopy.small_Subcanopy.small"
"1376","Misc_large","Misc_large",-1.45369934029496,-3.26619680099242,0.358798120402508,-1.47487937607951,-1.4325193045104,0.924760595089611,"NorthStyx",3.62499492139493,"large","large","Misc","Misc","large_large","d_TAS",NA,"Misc","Misc","Misc_Misc","Misc.large_Misc.large"
"1377","Misc_small","Misc_large",0.445407514238165,-0.224888541536077,1.11570357001241,0.434039753020914,0.456775275455416,0.341994067779537,"NorthStyx",1.34059211154848,"small","large","Misc","Misc","small_large","d_TAS",NA,"Misc","Misc","Misc_Misc","Misc.small_Misc.large"
"1378","Monotoca glauca small","Misc_large",0.20283196098902,-0.428833908390318,0.834497830368358,0.19208389832919,0.21358002364885,0.322284426837349,"NorthStyx",1.26333173875868,"small","large","Monotoca glauca","Misc","small_large","d_TAS",NA,"Subcanopy","Misc","Misc_Subcanopy","Misc.large_Subcanopy.small"
"1379","Nothofagus cunninghamii small","Misc_large",0.844419065086216,-0.0291224387687907,1.71796056894122,0.828129883841246,0.860708246331187,0.445692630449024,"NorthStyx",1.74708300771001,"small","large","Nothofagus cunninghamii","Misc","small_large","d_TAS",NA,"Subcanopy","Misc","Misc_Subcanopy","Misc.large_Subcanopy.small"
"1380","Phyllocladus aspleniifolius small","Misc_large",0.386709184952497,-0.496814373796858,1.27023274370185,0.371038222286562,0.402380147618431,0.450785609183881,"NorthStyx",1.76704711749871,"small","large","Phyllocladus aspleniifolius","Misc","small_large","d_TAS",NA,"Subcanopy","Misc","Misc_Subcanopy","Misc.large_Subcanopy.small"
"1381","Misc_small","Misc_small",-0.321953253733401,-1.12111084143682,0.477204333970017,-0.337752111196453,-0.306154396270349,0.407740955449728,"NorthStyx",1.59831517540684,"small","small","Misc","Misc","small_small","d_TAS",NA,"Misc","Misc","Misc_Misc","Misc.small_Misc.small"
"1382","Monotoca glauca small","Misc_small",0.294042912867484,-0.200133871511908,0.788219697246877,0.280717007372166,0.307368818362802,0.252135645490119,"NorthStyx",0.988353568758785,"small","small","Monotoca glauca","Misc","small_small","d_TAS",NA,"Subcanopy","Misc","Misc_Subcanopy","Misc.small_Subcanopy.small"
"1383","Nothofagus cunninghamii small","Misc_small",0.085467848651873,-0.463121967407736,0.634057664711482,0.0764647822355842,0.0944709150681618,0.279897906485433,"NorthStyx",1.09717963211922,"small","small","Nothofagus cunninghamii","Misc","small_small","d_TAS",NA,"Subcanopy","Misc","Misc_Subcanopy","Misc.small_Subcanopy.small"
"1384","Phyllocladus aspleniifolius small","Misc_small",-0.521254351383599,-1.33090471482234,0.288396012055145,-0.537865305608003,-0.504643397159195,0.413094510830384,"NorthStyx",1.61930072687749,"small","small","Phyllocladus aspleniifolius","Misc","small_small","d_TAS",NA,"Subcanopy","Misc","Misc_Subcanopy","Misc.small_Subcanopy.small"
"1385","Monotoca glauca small","Monotoca glauca small",0.24228601201971,-0.0738093747842899,0.55838139882371,0.227098921887038,0.257473102152383,0.161276120019205,"NorthStyx",0.632190773608,"small","small","Monotoca glauca","Monotoca glauca","small_small","d_TAS",NA,"Subcanopy","Subcanopy","Subcanopy_Subcanopy","Subcanopy.small_Subcanopy.small"
"1386","Nothofagus cunninghamii small","Monotoca glauca small",-0.0148898210456071,-0.521155781116112,0.491376139024897,-0.0266476673289652,-0.00313197476224912,0.258303705610851,"NorthStyx",1.01253192014101,"small","small","Nothofagus cunninghamii","Monotoca glauca","small_small","d_TAS",NA,"Subcanopy","Subcanopy","Subcanopy_Subcanopy","Subcanopy.small_Subcanopy.small"
"1387","Phyllocladus aspleniifolius small","Monotoca glauca small",0.101699282240653,-0.259050282196501,0.462448846677806,0.0880775784663182,0.115320986014987,0.184059282355544,"NorthStyx",0.721499128874308,"small","small","Phyllocladus aspleniifolius","Monotoca glauca","small_small","d_TAS",NA,"Subcanopy","Subcanopy","Subcanopy_Subcanopy","Subcanopy.small_Subcanopy.small"
"1388","Nothofagus cunninghamii small","Nothofagus cunninghamii small",-0.440723767369908,-1.40815235326459,0.526704818524775,-0.453780631497828,-0.427666903241988,0.493595083137056,"NorthStyx",1.93485717178937,"small","small","Nothofagus cunninghamii","Nothofagus cunninghamii","small_small","d_TAS",NA,"Subcanopy","Subcanopy","Subcanopy_Subcanopy","Subcanopy.small_Subcanopy.small"
"1389","Phyllocladus aspleniifolius small","Nothofagus cunninghamii small",-0.273359520534402,-1.26324591703105,0.716526875962248,-0.29173692902604,-0.254982112042764,0.505053360319245,"NorthStyx",1.9797727929933,"small","small","Phyllocladus aspleniifolius","Nothofagus cunninghamii","small_small","d_TAS",NA,"Subcanopy","Subcanopy","Subcanopy_Subcanopy","Subcanopy.small_Subcanopy.small"
"1390","Phyllocladus aspleniifolius small","Phyllocladus aspleniifolius small",-0.0884198413344457,-0.692915373784212,0.516075691115321,-0.109340536432379,-0.0674991462365122,0.308421755306705,"NorthStyx",1.20899106489953,"small","small","Phyllocladus aspleniifolius","Phyllocladus aspleniifolius","small_small","d_TAS",NA,"Subcanopy","Subcanopy","Subcanopy_Subcanopy","Subcanopy.small_Subcanopy.small"
"1391","Eucalyptus cypellocarpa small","Eucalyptus cypellocarpa small",0.164975383001977,-0.209909876247263,0.539860642251218,0.160143975474143,0.169806790529812,0.19127150407165,"WaratahMix",0.749770518498482,"small","small","Eucalyptus cypellocarpa","Eucalyptus cypellocarpa","small_small","S_NSW",NA,"Canopy","Canopy","Canopy_Canopy","Canopy.small_Canopy.small"
"1392","Eucalyptus fastigata large","Eucalyptus cypellocarpa small",-0.00226321163218906,-0.292413308981675,0.287886885717297,-0.00596000948119993,0.00143358621682181,0.148038484195706,"WaratahMix",0.580300194698973,"large","small","Eucalyptus fastigata","Eucalyptus cypellocarpa","large_small","S_NSW",NA,"Canopy","Canopy","Canopy_Canopy","Canopy.large_Canopy.small"
"1393","Eucalyptus fastigata small","Eucalyptus cypellocarpa small",-0.0778089967635088,-0.300536847679939,0.144918854152921,-0.0805391953985933,-0.0750787981284243,0.113638746769471,"WaratahMix",0.44545570183286,"small","small","Eucalyptus fastigata","Eucalyptus cypellocarpa","small_small","S_NSW",NA,"Canopy","Canopy","Canopy_Canopy","Canopy.small_Canopy.small"
"1394","Eucalyptus obliqua large","Eucalyptus cypellocarpa small",-0.0291782709119218,-0.339961782738909,0.281605240915065,-0.03243865817119,-0.0259178836526536,0.158565929924431,"WaratahMix",0.621567023653974,"large","small","Eucalyptus obliqua","Eucalyptus cypellocarpa","large_small","S_NSW",NA,"Canopy","Canopy","Canopy_Canopy","Canopy.large_Canopy.small"
"1395","Eucalyptus obliqua small","Eucalyptus cypellocarpa small",-0.0343473951854046,-0.242516057843729,0.17382126747292,-0.0368184525783489,-0.0318763377924603,0.106210452998286,"WaratahMix",0.416337325316648,"small","small","Eucalyptus obliqua","Eucalyptus cypellocarpa","small_small","S_NSW",NA,"Canopy","Canopy","Canopy_Canopy","Canopy.small_Canopy.small"
"1396","Eucalyptus radiata large","Eucalyptus cypellocarpa small",-0.0176292045700646,-0.231776182275163,0.196517773135034,-0.0201640141854676,-0.0150943949546617,0.109260669784885,"WaratahMix",0.428293955410197,"large","small","Eucalyptus radiata","Eucalyptus cypellocarpa","large_small","S_NSW",NA,"Canopy","Canopy","Canopy_Canopy","Canopy.large_Canopy.small"
"1397","Eucalyptus radiata small","Eucalyptus cypellocarpa small",0.010689524465919,-0.128184155011696,0.149563203943534,0.0087029409073445,0.0126761080244934,0.0708552200821202,"WaratahMix",0.27774735895523,"small","small","Eucalyptus radiata","Eucalyptus cypellocarpa","small_small","S_NSW",NA,"Canopy","Canopy","Canopy_Canopy","Canopy.small_Canopy.small"
"1398","Eucalyptus fastigata large","Eucalyptus fastigata large",-0.140397221252671,-0.533110488092655,0.252316045587314,-0.147004909982258,-0.133789532523083,0.200367593454603,"WaratahMix",0.785426533679969,"large","large","Eucalyptus fastigata","Eucalyptus fastigata","large_large","S_NSW",NA,"Canopy","Canopy","Canopy_Canopy","Canopy.large_Canopy.large"
"1399","Eucalyptus fastigata small","Eucalyptus fastigata large",0.152794500370572,-0.0818200017050687,0.387409002446212,0.149491658416232,0.156097342324912,0.119703476148669,"WaratahMix",0.469229004151281,"small","large","Eucalyptus fastigata","Eucalyptus fastigata","small_large","S_NSW",NA,"Canopy","Canopy","Canopy_Canopy","Canopy.large_Canopy.small"
"1400","Eucalyptus obliqua large","Eucalyptus fastigata large",-0.0142240110243264,-0.276407901056576,0.247959879007924,-0.0176035405760727,-0.0108444814725802,0.133769748883308,"WaratahMix",0.5243677800645,"large","large","Eucalyptus obliqua","Eucalyptus fastigata","large_large","S_NSW",NA,"Canopy","Canopy","Canopy_Canopy","Canopy.large_Canopy.large"
"1401","Eucalyptus obliqua small","Eucalyptus fastigata large",-0.117214391537723,-0.325141818902785,0.0907130358273387,-0.119838168275106,-0.114590614800341,0.106087371505378,"WaratahMix",0.415854854730124,"small","large","Eucalyptus obliqua","Eucalyptus fastigata","small_large","S_NSW",NA,"Canopy","Canopy","Canopy_Canopy","Canopy.large_Canopy.small"
"1402","Eucalyptus radiata large","Eucalyptus fastigata large",-0.181188541951288,-0.388357905362823,0.0259808214602471,-0.184264681729306,-0.17811240217327,0.105700597075079,"WaratahMix",0.41433872682307,"large","large","Eucalyptus radiata","Eucalyptus fastigata","large_large","S_NSW",NA,"Canopy","Canopy","Canopy_Canopy","Canopy.large_Canopy.large"
"1403","Eucalyptus radiata small","Eucalyptus fastigata large",-0.192190893759613,-0.354666823550108,-0.0297149639691186,-0.195274507262195,-0.189107280257032,0.0828974058054556,"WaratahMix",0.324951859580989,"small","large","Eucalyptus radiata","Eucalyptus fastigata","small_large","S_NSW",1,"Canopy","Canopy","Canopy_Canopy","Canopy.large_Canopy.small"
"1404","Eucalyptus fastigata small","Eucalyptus fastigata small",0.18836143436957,-0.0348536595122064,0.411576528251347,0.183963435487874,0.192759433251267,0.113887344687183,"WaratahMix",0.446430187763553,"small","small","Eucalyptus fastigata","Eucalyptus fastigata","small_small","S_NSW",NA,"Canopy","Canopy","Canopy_Canopy","Canopy.small_Canopy.small"
"1405","Eucalyptus obliqua large","Eucalyptus fastigata small",-0.057671667965091,-0.273823970825511,0.158480634895329,-0.0604703641428551,-0.054872971787327,0.11028381366464,"WaratahMix",0.43230460572084,"large","small","Eucalyptus obliqua","Eucalyptus fastigata","large_small","S_NSW",NA,"Canopy","Canopy","Canopy_Canopy","Canopy.large_Canopy.small"
"1406","Eucalyptus obliqua small","Eucalyptus fastigata small",0.0362825510552839,-0.135561078112703,0.208126180223271,0.0338360543894283,0.0387290477211396,0.0876769320882768,"WaratahMix",0.343687258335973,"small","small","Eucalyptus obliqua","Eucalyptus fastigata","small_small","S_NSW",NA,"Canopy","Canopy","Canopy_Canopy","Canopy.small_Canopy.small"
"1407","Eucalyptus radiata large","Eucalyptus fastigata small",0.10612789344694,-0.0639142372934876,0.276170024187367,0.103463137480839,0.108792649413041,0.0867577833479073,"WaratahMix",0.340084261480854,"large","small","Eucalyptus radiata","Eucalyptus fastigata","large_small","S_NSW",NA,"Canopy","Canopy","Canopy_Canopy","Canopy.large_Canopy.small"
"1408","Eucalyptus radiata small","Eucalyptus fastigata small",0.0640815475858976,-0.0580112912761001,0.186174386447895,0.0617009595063532,0.066462135665442,0.0622934093815246,"WaratahMix",0.244185677723995,"small","small","Eucalyptus radiata","Eucalyptus fastigata","small_small","S_NSW",NA,"Canopy","Canopy","Canopy_Canopy","Canopy.small_Canopy.small"
"1409","Eucalyptus obliqua large","Eucalyptus obliqua large",0.179774029333928,-0.243316946052383,0.602865004720239,0.174042888080366,0.18550517058749,0.215866709145474,"WaratahMix",0.846181950772623,"large","large","Eucalyptus obliqua","Eucalyptus obliqua","large_large","S_NSW",NA,"Canopy","Canopy","Canopy_Canopy","Canopy.large_Canopy.large"
"1410","Eucalyptus obliqua small","Eucalyptus obliqua large",0.100766384516156,-0.145418175176802,0.346950944209114,0.0974232899496056,0.104109479082706,0.125606675242418,"WaratahMix",0.492369119385916,"small","large","Eucalyptus obliqua","Eucalyptus obliqua","small_large","S_NSW",NA,"Canopy","Canopy","Canopy_Canopy","Canopy.large_Canopy.small"
"1411","Eucalyptus radiata large","Eucalyptus obliqua large",-0.0169125366571892,-0.240016737681967,0.206191664367589,-0.0196909309052833,-0.0141341424090952,0.113830765659265,"WaratahMix",0.446208402049556,"large","large","Eucalyptus radiata","Eucalyptus obliqua","large_large","S_NSW",NA,"Canopy","Canopy","Canopy_Canopy","Canopy.large_Canopy.large"
"1412","Eucalyptus radiata small","Eucalyptus obliqua large",-0.0345396576033109,-0.167843646099384,0.098764330892762,-0.0364851507663386,-0.0325941644402831,0.0680134887924257,"WaratahMix",0.266607976992146,"small","large","Eucalyptus radiata","Eucalyptus obliqua","small_large","S_NSW",NA,"Canopy","Canopy","Canopy_Canopy","Canopy.large_Canopy.small"
"1413","Eucalyptus obliqua small","Eucalyptus obliqua small",0.112430986242038,-0.177327651339425,0.402189623823502,0.107778329084039,0.117083643400038,0.147838756154216,"WaratahMix",0.579517275162926,"small","small","Eucalyptus obliqua","Eucalyptus obliqua","small_small","S_NSW",NA,"Canopy","Canopy","Canopy_Canopy","Canopy.small_Canopy.small"
"1414","Eucalyptus radiata large","Eucalyptus obliqua small",-0.111777008871004,-0.288133527418648,0.0645795096766397,-0.114029342381073,-0.109524675360936,0.0899794689793903,"WaratahMix",0.352713037095288,"large","small","Eucalyptus radiata","Eucalyptus obliqua","large_small","S_NSW",NA,"Canopy","Canopy","Canopy_Canopy","Canopy.large_Canopy.small"
"1415","Eucalyptus radiata small","Eucalyptus obliqua small",-0.048858064574021,-0.158804663960744,0.0610885348127017,-0.0505843759676306,-0.0471317531804114,0.0560962345502099,"WaratahMix",0.219893198773445,"small","small","Eucalyptus radiata","Eucalyptus obliqua","small_small","S_NSW",NA,"Canopy","Canopy","Canopy_Canopy","Canopy.small_Canopy.small"
"1416","Eucalyptus radiata large","Eucalyptus radiata large",0.122351068310715,-0.114254808858176,0.358956945479606,0.117007841672189,0.127694294949241,0.12071950251903,"WaratahMix",0.473211754337783,"large","large","Eucalyptus radiata","Eucalyptus radiata","large_large","S_NSW",NA,"Canopy","Canopy","Canopy_Canopy","Canopy.large_Canopy.large"
"1417","Eucalyptus radiata small","Eucalyptus radiata large",-0.0640771834414612,-0.166611469699651,0.0384571028167285,-0.065853369251861,-0.0623009976310614,0.052314372645093,"WaratahMix",0.205068572516379,"small","large","Eucalyptus radiata","Eucalyptus radiata","small_large","S_NSW",NA,"Canopy","Canopy","Canopy_Canopy","Canopy.large_Canopy.small"
"1418","Eucalyptus radiata small","Eucalyptus radiata small",0.301939026412045,0.152728061759034,0.451149991065056,0.293523056943461,0.310354995880629,0.0761294420866751,"WaratahMix",0.298421929306022,"small","small","Eucalyptus radiata","Eucalyptus radiata","small_small","S_NSW",1,"Canopy","Canopy","Canopy_Canopy","Canopy.small_Canopy.small"
"1419","Acacia melanoxylon large","Acacia melanoxylon large",-0.0567656094364553,-0.330878032793867,0.217346813920957,-0.0616756543044825,-0.0518555645684281,0.139855847107179,"Weld",0.548224846714824,"large","large","Acacia melanoxylon","Acacia melanoxylon","large_large","o_TAS",NA,"Subcanopy","Subcanopy","Subcanopy_Subcanopy","Subcanopy.large_Subcanopy.large"
"1420","Acacia melanoxylon small","Acacia melanoxylon large",0.0567550963637095,-0.0647182769528218,0.178228469680241,0.0536757780873709,0.0598344146400482,0.0619773497241265,"Weld",0.242946746633063,"small","large","Acacia melanoxylon","Acacia melanoxylon","small_large","o_TAS",NA,"Subcanopy","Subcanopy","Subcanopy_Subcanopy","Subcanopy.large_Subcanopy.small"
"1421","Eucalyptus obliqua small","Acacia melanoxylon large",0.16963464984497,-0.262631224042884,0.601900523732824,0.163957554210252,0.175311745479688,0.220547865826879,"Weld",0.864531747775708,"small","large","Eucalyptus obliqua","Acacia melanoxylon","small_large","o_TAS",NA,"Canopy","Subcanopy","Subcanopy_Canopy","Canopy.small_Subcanopy.large"
"1422","Eucalyptus regnans large","Acacia melanoxylon large",-0.0444627963649818,-0.319808801033895,0.230883208303931,-0.048531673546046,-0.0403939191839175,0.140485236892518,"Weld",0.550692009337826,"large","large","Eucalyptus regnans","Acacia melanoxylon","large_large","o_TAS",NA,"Canopy","Subcanopy","Subcanopy_Canopy","Canopy.large_Subcanopy.large"
"1423","Eucalyptus regnans small","Acacia melanoxylon large",-0.234861592165678,-0.541614826475258,0.0718916421439008,-0.239235147198802,-0.230488037132554,0.156509628099909,"Weld",0.613506468619158,"small","large","Eucalyptus regnans","Acacia melanoxylon","small_large","o_TAS",NA,"Canopy","Subcanopy","Subcanopy_Canopy","Canopy.small_Subcanopy.large"
"1424","Pomaderris apetala small","Acacia melanoxylon large",0.03196317347946,-0.0930681959194666,0.156994542878387,0.0295016535017594,0.0344246934571606,0.0637926872050498,"Weld",0.250062738797853,"small","large","Pomaderris apetala","Acacia melanoxylon","small_large","o_TAS",NA,"Subcanopy","Subcanopy","Subcanopy_Subcanopy","Subcanopy.large_Subcanopy.small"
"1425","Acacia melanoxylon small","Acacia melanoxylon small",0.350424915439773,0.198029402805203,0.502820428074342,0.342790333481656,0.35805949739789,0.0777542413210884,"Weld",0.304791025269139,"small","small","Acacia melanoxylon","Acacia melanoxylon","small_small","o_TAS",1,"Subcanopy","Subcanopy","Subcanopy_Subcanopy","Subcanopy.small_Subcanopy.small"
"1426","Eucalyptus obliqua small","Acacia melanoxylon small",-0.131693886082962,-0.319402614826533,0.0560148426606095,-0.135525840867438,-0.127861931298486,0.0957715193871898,"Weld",0.375417457487143,"small","small","Eucalyptus obliqua","Acacia melanoxylon","small_small","o_TAS",NA,"Canopy","Subcanopy","Subcanopy_Canopy","Canopy.small_Subcanopy.small"
"1427","Eucalyptus regnans large","Acacia melanoxylon small",0.0839805286326462,-0.077359533380878,0.24532059064617,0.0808776061161486,0.0870834511491438,0.0823178707803582,"Weld",0.322680124027048,"large","small","Eucalyptus regnans","Acacia melanoxylon","large_small","o_TAS",NA,"Canopy","Subcanopy","Subcanopy_Canopy","Canopy.large_Subcanopy.small"
"1428","Eucalyptus regnans small","Acacia melanoxylon small",0.00391033045071104,-0.155484396207808,0.163305057109231,0.0010559984997649,0.00676466240165717,0.0813253345040035,"Weld",0.318789453317039,"small","small","Eucalyptus regnans","Acacia melanoxylon","small_small","o_TAS",NA,"Canopy","Subcanopy","Subcanopy_Canopy","Canopy.small_Subcanopy.small"
"1429","Pomaderris apetala small","Acacia melanoxylon small",-0.0334794773364422,-0.103962811574394,0.0370038569015098,-0.0382115963699624,-0.028747358302922,0.0359615456171213,"Weld",0.140966668475904,"small","small","Pomaderris apetala","Acacia melanoxylon","small_small","o_TAS",NA,"Subcanopy","Subcanopy","Subcanopy_Subcanopy","Subcanopy.small_Subcanopy.small"
"1430","Eucalyptus obliqua small","Eucalyptus obliqua small",-0.0291292756770954,-1.06868839122282,1.01042983986863,-0.0416855381188718,-0.0165730132353191,0.530397050020119,"Weld",2.07911823109144,"small","small","Eucalyptus obliqua","Eucalyptus obliqua","small_small","o_TAS",NA,"Canopy","Canopy","Canopy_Canopy","Canopy.small_Canopy.small"
"1431","Eucalyptus regnans large","Eucalyptus obliqua small",0.274129687968477,-0.380864056885186,0.92912343282214,0.267222393442784,0.28103698249417,0.334186622825812,"Weld",1.30998748970733,"large","small","Eucalyptus regnans","Eucalyptus obliqua","large_small","o_TAS",NA,"Canopy","Canopy","Canopy_Canopy","Canopy.large_Canopy.small"
"1432","Eucalyptus regnans small","Eucalyptus obliqua small",0.457922044951269,-0.401008722780618,1.31685281268316,0.446470584800171,0.469373505102368,0.438238036263433,"Weld",1.71786153546377,"small","small","Eucalyptus regnans","Eucalyptus obliqua","small_small","o_TAS",NA,"Canopy","Canopy","Canopy_Canopy","Canopy.small_Canopy.small"
"1433","Pomaderris apetala small","Eucalyptus obliqua small",-0.0755335715367132,-0.480781326005084,0.329714182931658,-0.0812266206245168,-0.0698405224489097,0.206762857718261,"Weld",0.810495508936742,"small","small","Pomaderris apetala","Eucalyptus obliqua","small_small","o_TAS",NA,"Subcanopy","Canopy","Subcanopy_Canopy","Canopy.small_Subcanopy.small"
"1434","Eucalyptus regnans large","Eucalyptus regnans large",-0.199208798926918,-0.81018309587673,0.411765498022894,-0.206331585502597,-0.192086012351239,0.311727308138874,"Weld",1.22194859389962,"large","large","Eucalyptus regnans","Eucalyptus regnans","large_large","o_TAS",NA,"Canopy","Canopy","Canopy_Canopy","Canopy.large_Canopy.large"
"1435","Eucalyptus regnans small","Eucalyptus regnans large",0.195668574684027,-0.21057393351635,0.601911082884404,0.189586844964547,0.201750304403507,0.207270394458656,"Weld",0.812485016400754,"small","large","Eucalyptus regnans","Eucalyptus regnans","small_large","o_TAS",NA,"Canopy","Canopy","Canopy_Canopy","Canopy.large_Canopy.small"
"1436","Pomaderris apetala small","Eucalyptus regnans large",0.0579370595067732,-0.13580168825251,0.251675807266057,0.0553905172704274,0.060483601743119,0.0988481162345175,"Weld",0.387477495518567,"small","large","Pomaderris apetala","Eucalyptus regnans","small_large","o_TAS",NA,"Subcanopy","Canopy","Subcanopy_Canopy","Canopy.large_Subcanopy.small"
"1437","Eucalyptus regnans small","Eucalyptus regnans small",-0.22197888198583,-0.874849027978903,0.430891264007243,-0.231288272061957,-0.212669491909703,0.333103134110029,"Weld",1.30574029198615,"small","small","Eucalyptus regnans","Eucalyptus regnans","small_small","o_TAS",NA,"Canopy","Canopy","Canopy_Canopy","Canopy.small_Canopy.small"
"1438","Pomaderris apetala small","Eucalyptus regnans small",0.0833710014627088,-0.103186532738925,0.269928535664342,0.0792563613974786,0.0874856415279389,0.0951841644403549,"Weld",0.373115068403267,"small","small","Pomaderris apetala","Eucalyptus regnans","small_small","o_TAS",NA,"Subcanopy","Canopy","Subcanopy_Canopy","Canopy.small_Subcanopy.small"
"1439","Pomaderris apetala small","Pomaderris apetala small",0.61173595827724,0.393337497580353,0.830134418974127,0.595883430559984,0.627588485994495,0.111429833619182,"Weld",0.436796921393775,"small","small","Pomaderris apetala","Pomaderris apetala","small_small","o_TAS",1,"Subcanopy","Subcanopy","Subcanopy_Subcanopy","Subcanopy.small_Subcanopy.small"
