ncols         417
nrows         337
xllcorner     112.15
yllcorner     -43.8
cellsize      0.1
NODATA_value  -9999
703 707 711 714 715 716 717 718 719 720 722 723 724 725 726 727 729 730 731 733 734 735 736 738 739 741 742 743 745 746 748 749 751 752 754 755 757 758 760 762 763 765 767 768 770 772 773 775 777 779 781 782 784 786 788 790 792 794 796 798 800 802 804 806 808 811 813 815 817 819 822 824 826 829 831 833 836 838 841 843 846 848 851 853 856 859 861 864 867 869 872 875 878 881 883 886 889 892 895 898 901 904 907 911 914 917 920 923 927 930 933 937 940 943 947 950 954 957 961 964 968 972 975 979 982 986 990 994 997 1001 1005 1009 1012 1016 1020 1024 1028 1032 1036 1040 1044 1048 1052 1056 1060 1064 1069 1073 1077 1081 1086 1090 1095 1099 1104 1109 1113 1118 1123 1128 1133 1138 1143 1149 1154 1159 1165 1170 1175 1181 1186 1192 1198 1203 1208 1214 1219 1224 1228 1233 1237 1241 1244 1247 1250 1253 1255 1257 1259 1260 1261 1263 1264 1265 1266 1267 1269 1270 1271 1272 1273 1275 1276 1277 1278 1278 1279 1279 1280 1280 1280 1279 1279 1278 1277 1276 1275 1274 1273 1272 1271 1269 1268 1267 1266 1265 1263 1262 1261 1260 1259 1258 1257 1256 1255 1254 1254 1253 1252 1251 1251 1250 1250 1249 1249 1248 1248 1247 1247 1246 1246 1246 1245 1245 1245 1244 1244 1244 1243 1243 1243 1242 1242 1241 1241 1240 1240 1240 1239 1239 1238 1238 1237 1237 1236 1235 1235 1234 1234 1233 1233 1232 1231 1231 1230 1230 1229 1229 1228 1228 1227 1227 1226 1226 1226 1225 1225 1225 1225 1224 1224 1224 1224 1224 1224 1225 1225 1225 1226 1226 1227 1227 1228 1229 1230 1231 1232 1234 1235 1237 1238 1240 1242 1244 1246 1248 1251 1253 1256 1259 1261 1264 1267 1270 1274 1277 1280 1284 1287 1291 1295 1298 1302 1306 1310 1314 1318 1322 1326 1330 1335 1339 1343 1347 1352 1356 1360 1365 1369 1374 1378 1382 1387 1391 1396 1400 1405 1409 1413 1418 1422 1427 1431 1435 1440 1444 1448 1453 1457 1461 1466 1470 1474 1478 1483 1487 1491 1495 1499 1503 1507 1511 1515 1519 1523 1527 1531 1535 1539 1543 1547 1551 1555 1559 1562 1566 1570 1574 1577 1581 1585 1589 1592 1596 1600 1603 1607 
699 703 707 710 711 712 713 715 716 717 718 719 720 721 723 724 725 726 727 729 730 731 733 734 735 737 738 739 741 742 744 745 747 748 750 751 753 754 756 757 759 761 762 764 766 767 769 771 773 774 776 778 780 782 784 786 788 789 791 793 795 798 800 802 804 806 808 810 812 815 817 819 821 824 826 828 831 833 836 838 841 843 846 848 851 854 856 859 862 864 867 870 873 875 878 881 884 887 890 893 896 899 902 905 908 912 915 918 921 925 928 931 935 938 941 945 948 952 955 959 962 966 970 973 977 980 984 988 992 995 999 1003 1007 1011 1014 1018 1022 1026 1030 1034 1038 1042 1046 1050 1054 1058 1062 1067 1071 1075 1080 1084 1088 1093 1098 1102 1107 1112 1117 1122 1127 1132 1137 1142 1148 1153 1158 1164 1170 1175 1181 1186 1192 1198 1203 1209 1214 1219 1224 1229 1233 1237 1240 1244 1246 1249 1251 1253 1254 1255 1257 1258 1259 1260 1261 1262 1263 1264 1266 1267 1268 1270 1271 1272 1273 1274 1274 1275 1275 1275 1275 1275 1274 1273 1272 1271 1270 1269 1268 1267 1265 1264 1263 1261 1260 1259 1258 1256 1255 1254 1253 1252 1251 1250 1249 1248 1248 1247 1246 1246 1245 1244 1244 1243 1243 1242 1242 1242 1241 1241 1241 1240 1240 1240 1239 1239 1239 1238 1238 1238 1237 1237 1236 1236 1236 1235 1235 1234 1234 1233 1233 1232 1232 1231 1231 1230 1230 1229 1228 1228 1227 1226 1226 1225 1225 1224 1223 1223 1222 1222 1221 1221 1220 1220 1220 1219 1219 1219 1218 1245 1218 1218 1218 1218 1218 1218 1218 1219 1219 1220 1220 1221 1222 1222 1223 1224 1226 1227 1228 1230 1232 1233 1235 1237 1239 1242 1244 1247 1249 1252 1255 1258 1261 1264 1267 1271 1274 1278 1281 1285 1289 1293 1296 1300 1304 1309 1313 1317 1321 1325 1330 1334 1338 1343 1347 1351 1356 1360 1365 1369 1374 1378 1383 1387 1392 1396 1401 1405 1410 1414 1419 1423 1427 1432 1436 1441 1445 1449 1454 1458 1462 1467 1471 1475 1479 1484 1488 1492 1496 1500 1504 1509 1513 1517 1521 1525 1529 1533 1537 1541 1545 1548 1552 1556 1560 1564 1568 1571 1575 1579 1583 1586 1590 1594 1597 1601 1604 
695 699 703 706 708 709 710 711 712 713 714 715 716 718 719 720 721 722 724 725 726 727 729 730 731 733 734 735 737 738 740 741 742 744 745 747 748 750 752 753 755 756 758 760 761 763 765 766 768 770 772 774 775 777 779 781 783 785 787 789 791 793 795 797 799 801 803 806 808 810 812 814 817 819 821 824 826 828 831 833 836 838 841 843 846 849 851 854 856 859 862 865 867 870 873 876 879 882 885 888 891 894 897 900 903 906 909 913 916 919 922 926 929 932 936 939 943 946 950 953 957 960 964 968 971 975 978 982 986 990 993 997 1001 1005 1009 1012 1016 1020 1024 1028 1032 1036 1040 1044 1048 1052 1056 1060 1065 1069 1073 1078 1082 1086 1091 1096 1100 1105 1110 1115 1120 1125 1130 1136 1141 1147 1152 1158 1163 1169 1175 1181 1186 1192 1198 1204 1209 1214 1219 1224 1229 1233 1236 1239 1242 1245 1246 1248 1249 1251 1252 1252 1253 1254 1255 1256 1257 1259 1260 1261 1263 1264 1266 1267 1268 1269 1270 1270 1271 1271 1270 1270 1269 1268 1267 1266 1265 1264 1262 1261 1260 1258 1257 1255 1254 1253 1252 1250 1249 1248 1247 1246 1245 1244 1243 1242 1242 1241 1240 1240 1239 1239 1238 1238 1237 1237 1236 1236 1236 1235 1235 1235 1234 1234 1234 1234 1233 1233 1233 1232 1232 1232 1231 1231 1230 1230 1230 1229 1229 1228 1228 1227 1227 1226 1225 1225 1224 1224 1223 1222 1222 1221 1220 1220 1219 1218 1218 1217 1217 1216 1215 1215 1214 1214 1214 1213 1213 1212 1212 1212 1212 1212 1212 1212 1212 1212 1212 1212 1212 1213 1213 1214 1215 1216 1217 1218 1219 1220 1221 1223 1225 1227 1228 1231 1233 1235 1237 1240 1243 1246 1248 1251 1255 1258 1261 1265 1268 1272 1275 1279 1283 1287 1291 1295 1299 1303 1307 1312 1316 1320 1325 1329 1333 1338 1342 1347 1351 1356 1360 1365 1369 1374 1379 1383 1388 1392 1397 1401 1406 1410 1415 1419 1424 1428 1433 1437 1442 1446 1451 1455 1459 1464 1468 1472 1476 1481 1485 1489 1493 1498 1502 1506 1510 1514 1518 1522 1526 1530 1534 1538 1542 1546 1550 1554 1557 1561 1565 1569 1573 1576 1580 1584 1588 1591 1595 1599 1602 
691 695 699 702 704 705 706 707 708 709 710 712 713 714 715 716 717 719 720 721 722 723 725 726 727 729 730 731 733 734 735 737 738 740 741 743 744 746 747 749 751 752 754 755 757 759 760 762 764 766 767 769 771 773 775 777 778 780 782 784 786 788 790 792 794 797 799 801 803 805 807 810 812 814 816 819 821 823 826 828 831 833 836 838 841 843 846 849 851 854 857 859 862 865 868 871 874 876 879 882 885 888 891 895 898 901 904 907 910 914 917 920 924 927 930 934 937 941 944 948 951 955 958 962 965 969 973 976 980 984 988 991 995 999 1003 1006 1010 1014 1018 1022 1026 1030 1034 1038 1042 1046 1050 1054 1058 1062 1067 1071 1075 1080 1084 1089 1094 1098 1103 1108 1113 1118 1124 1129 1134 1140 1145 1151 1157 1163 1169 1175 1181 1187 1192 1198 1204 1210 1215 1220 1224 1229 1232 1235 1238 1240 1242 1243 1244 1245 1246 1247 1248 1248 1249 1250 1251 1253 1254 1255 1256 1254 1255 1257 1260 1264 1265 1265 1266 1266 1265 1265 1264 1263 1262 1261 1260 1258 1257 1255 1254 1252 1251 1249 1248 1247 1245 1244 1243 1242 1241 1240 1239 1238 1237 1236 1235 1235 1234 1234 1233 1233 1232 1232 1231 1231 1231 1230 1230 1230 1229 1229 1229 1229 1228 1228 1228 1228 1227 1227 1227 1226 1226 1226 1225 1225 1224 1224 1223 1223 1222 1222 1221 1221 1220 1219 1219 1218 1218 1217 1216 1215 1215 1214 1213 1213 1212 1211 1211 1210 1210 1209 1208 1208 1207 1207 1207 1206 1206 1206 1229 1225 1205 1205 1205 1205 1205 1206 1206 1206 1207 1207 1208 1209 1210 1211 1212 1213 1215 1216 1218 1220 1222 1224 1226 1228 1231 1233 1236 1239 1242 1245 1248 1251 1255 1258 1262 1266 1269 1273 1277 1281 1285 1289 1294 1298 1302 1306 1311 1315 1320 1324 1329 1333 1338 1342 1347 1351 1356 1361 1365 1370 1374 1379 1384 1388 1393 1398 1402 1407 1411 1416 1420 1425 1429 1434 1438 1443 1447 1452 1456 1460 1465 1469 1473 1478 1482 1486 1490 1495 1499 1503 1507 1511 1515 1519 1523 1527 1531 1535 1539 1543 1547 1551 1555 1559 1563 1566 1570 1574 1578 1581 1585 1589 1593 1596 1600 
687 691 694 698 700 701 703 704 705 706 707 708 709 710 711 712 713 715 716 717 718 720 721 722 723 725 726 727 729 730 731 733 734 736 737 739 740 742 743 745 746 748 749 751 753 754 756 758 759 761 763 765 767 768 770 772 774 776 778 780 782 784 786 788 790 792 794 796 798 800 803 805 807 809 812 814 816 819 821 823 826 828 831 833 836 838 841 843 846 849 852 854 857 860 863 865 868 871 874 877 880 883 886 889 892 895 898 902 905 908 911 915 918 921 925 928 931 935 938 942 945 949 952 956 960 963 967 971 974 978 982 985 989 993 997 1000 1004 1008 1012 1016 1019 1023 1027 1031 1035 1039 1043 1047 1051 1056 1060 1064 1068 1073 1077 1082 1087 1091 1096 1101 1106 1111 1117 1122 1127 1133 1138 1144 1150 1156 1162 1168 1174 1180 1187 1193 1199 1204 1210 1215 1220 1224 1228 1231 1234 1236 1237 1238 1239 1240 1240 1241 1241 1242 1243 1244 1245 1246 1248 1244 1241 1240 1242 1246 1250 1255 1260 1260 1261 1261 1261 1260 1259 1258 1257 1255 1254 1252 1251 1249 1248 1246 1245 1243 1242 1240 1239 1238 1237 1235 1234 1233 1232 1231 1231 1230 1229 1229 1228 1227 1227 1226 1226 1226 1225 1225 1225 1224 1224 1224 1224 1223 1223 1223 1223 1223 1222 1222 1222 1222 1221 1221 1221 1220 1220 1220 1219 1219 1218 1218 1217 1217 1216 1215 1215 1214 1214 1213 1212 1211 1211 1210 1209 1209 1208 1207 1206 1206 1205 1204 1204 1203 1202 1202 1201 1201 1200 1200 1200 1220 1223 1199 1199 1199 1199 1199 1199 1199 1199 1199 1200 1200 1201 1202 1203 1204 1205 1206 1207 1209 1211 1213 1215 1217 1219 1221 1224 1226 1229 1232 1235 1238 1242 1245 1249 1252 1256 1260 1263 1267 1271 1275 1280 1284 1288 1292 1297 1301 1306 1310 1315 1319 1324 1328 1333 1338 1342 1347 1352 1356 1361 1366 1370 1375 1380 1384 1389 1394 1398 1403 1408 1412 1417 1421 1426 1431 1435 1440 1444 1449 1453 1457 1462 1466 1470 1475 1479 1483 1488 1492 1496 1500 1504 1509 1513 1517 1521 1525 1529 1533 1537 1541 1545 1549 1552 1556 1560 1564 1568 1572 1575 1579 1583 1587 1590 1594 1598 
683 687 690 694 697 698 699 700 701 702 703 704 705 706 707 709 710 711 712 713 714 716 717 718 719 721 722 723 725 726 727 729 730 732 733 734 736 737 739 740 742 744 745 747 748 750 752 753 755 757 758 760 762 764 766 767 769 771 773 775 777 779 781 783 785 787 789 791 793 796 798 800 802 804 807 809 811 814 816 818 821 823 826 828 831 833 836 838 841 844 846 849 852 854 857 860 863 866 869 872 875 878 881 884 887 890 893 896 899 902 906 909 912 916 919 922 926 929 933 936 940 943 947 950 954 957 961 965 968 972 976 979 983 987 990 994 998 1002 1005 1009 1013 1017 1021 1025 1029 1033 1037 1041 1045 1049 1053 1057 1061 1066 1070 1075 1079 1084 1089 1094 1099 1104 1109 1115 1120 1126 1131 1137 1143 1149 1155 1161 1168 1174 1180 1187 1193 1199 1205 1210 1215 1220 1224 1227 1229 1231 1232 1233 1234 1234 1234 1234 1235 1235 1236 1236 1238 1239 1235 1228 1226 1226 1230 1235 1241 1247 1253 1255 1256 1256 1255 1255 1254 1253 1251 1250 1248 1246 1245 1243 1241 1240 1238 1237 1235 1234 1232 1231 1230 1229 1228 1227 1226 1225 1224 1223 1223 1222 1222 1221 1221 1220 1220 1219 1219 1219 1219 1218 1218 1218 1218 1218 1217 1217 1217 1217 1217 1217 1216 1216 1216 1216 1215 1215 1215 1214 1214 1213 1213 1212 1212 1211 1211 1210 1209 1209 1208 1207 1207 1206 1205 1204 1204 1203 1202 1201 1201 1200 1199 1198 1198 1197 1196 1196 1195 1195 1194 1194 1193 1193 1193 1192 1215 1211 1209 1192 1192 1192 1192 1192 1193 1193 1194 1195 1195 1196 1198 1199 1200 1202 1204 1205 1207 1210 1212 1214 1217 1220 1222 1225 1229 1232 1235 1239 1242 1246 1250 1253 1257 1261 1265 1270 1274 1278 1282 1287 1291 1296 1300 1305 1310 1314 1319 1323 1328 1333 1338 1342 1347 1352 1357 1362 1366 1371 1376 1381 1385 1390 1395 1399 1404 1409 1413 1418 1423 1427 1432 1436 1441 1445 1450 1454 1459 1463 1467 1472 1476 1480 1485 1489 1493 1497 1502 1506 1510 1514 1518 1522 1526 1530 1534 1538 1542 1546 1550 1554 1558 1562 1565 1569 1573 1577 1580 1584 1588 1592 1595 
679 683 686 690 693 694 695 696 697 698 699 700 701 702 704 705 706 707 708 709 710 712 713 714 715 717 718 719 721 722 723 725 726 727 729 730 732 733 735 736 738 739 741 742 744 746 747 749 751 752 754 756 758 759 761 763 765 767 769 770 772 774 776 778 780 782 784 786 789 791 793 795 797 799 802 804 806 809 811 813 816 818 820 823 825 828 831 833 836 838 841 844 846 849 852 855 857 860 863 866 869 872 875 878 881 884 887 890 894 897 900 903 907 910 913 917 920 923 927 930 934 937 941 944 948 951 955 959 962 966 970 973 977 981 984 988 992 995 999 1003 1007 1010 1014 1018 1022 1026 1030 1034 1038 1042 1046 1050 1054 1059 1063 1067 1072 1077 1081 1086 1091 1096 1102 1107 1112 1118 1124 1129 1135 1141 1148 1154 1160 1167 1174 1180 1187 1193 1199 1205 1210 1215 1219 1222 1225 1226 1227 1227 1228 1228 1227 1227 1227 1227 1228 1229 1230 1231 1219 1212 1210 1213 1219 1226 1234 1241 1248 1250 1251 1251 1250 1249 1248 1247 1245 1244 1242 1240 1238 1236 1235 1233 1231 1230 1228 1227 1225 1224 1223 1222 1221 1220 1219 1218 1217 1217 1216 1215 1215 1215 1214 1214 1213 1213 1213 1213 1212 1212 1212 1212 1212 1212 1212 1212 1211 1211 1211 1211 1211 1211 1210 1210 1210 1210 1209 1209 1208 1208 1208 1207 1207 1206 1205 1205 1204 1203 1203 1202 1201 1200 1200 1199 1198 1197 1196 1196 1195 1194 1193 1192 1192 1191 1190 1190 1189 1188 1188 1187 1187 1186 1186 1186 1203 1202 1185 1185 1185 1185 1185 1185 1186 1186 1187 1187 1188 1189 1190 1192 1193 1195 1196 1198 1200 1202 1205 1207 1210 1213 1215 1219 1222 1225 1228 1232 1236 1239 1243 1247 1251 1255 1259 1264 1268 1272 1277 1281 1286 1290 1295 1300 1304 1309 1314 1319 1324 1328 1333 1338 1343 1348 1353 1357 1362 1367 1372 1377 1381 1386 1391 1396 1401 1405 1410 1415 1419 1424 1429 1433 1438 1442 1447 1451 1456 1460 1465 1469 1473 1478 1482 1486 1490 1495 1499 1503 1507 1511 1516 1520 1524 1528 1532 1536 1540 1544 1548 1551 1555 1559 1563 1567 1571 1574 1578 1582 1586 1589 1593 
675 679 682 686 689 691 692 692 693 695 696 697 698 699 700 701 702 703 704 705 707 708 709 710 711 713 714 715 716 718 719 720 722 723 725 726 727 729 730 732 733 735 736 738 740 741 743 744 746 748 750 751 753 755 757 758 760 762 764 766 768 770 772 773 775 778 780 782 784 786 788 790 792 794 797 799 801 804 806 808 811 813 815 818 820 823 825 828 830 833 836 838 841 844 846 849 852 855 858 861 864 866 869 872 875 879 882 885 888 891 894 897 901 904 907 911 914 917 921 924 928 931 935 938 942 945 949 953 956 960 963 967 971 974 978 982 985 989 993 996 1000 1004 1008 1011 1015 1019 1023 1027 1031 1035 1039 1043 1047 1051 1055 1060 1064 1069 1074 1078 1083 1088 1094 1099 1104 1110 1116 1121 1127 1134 1140 1146 1153 1160 1166 1173 1180 1187 1193 1200 1205 1210 1215 1218 1220 1221 1221 1221 1221 1221 1220 1220 1219 1219 1220 1220 1222 1217 1203 1195 1195 1200 1209 1219 1228 1237 1244 1245 1245 1245 1245 1244 1242 1241 1239 1237 1235 1233 1231 1230 1228 1226 1224 1223 1221 1220 1218 1217 1216 1215 1214 1213 1212 1211 1210 1210 1209 1209 1208 1208 1208 1207 1207 1207 1207 1206 1206 1206 1206 1206 1206 1206 1206 1206 1206 1206 1206 1205 1205 1205 1205 1205 1205 1204 1204 1204 1203 1203 1202 1202 1201 1201 1200 1199 1199 1198 1197 1197 1196 1195 1194 1193 1192 1191 1191 1190 1189 1188 1187 1186 1186 1185 1184 1183 1183 1182 1181 1181 1180 1194 1194 1196 1196 1192 1193 1178 1178 1178 1178 1178 1178 1179 1179 1180 1181 1182 1183 1184 1185 1187 1189 1191 1193 1195 1197 1200 1203 1205 1208 1212 1215 1218 1222 1225 1229 1233 1237 1241 1245 1249 1253 1258 1262 1267 1271 1276 1280 1285 1290 1295 1299 1304 1309 1314 1319 1324 1329 1334 1338 1343 1348 1353 1358 1363 1368 1373 1378 1382 1387 1392 1397 1402 1406 1411 1416 1421 1425 1430 1434 1439 1444 1448 1453 1457 1462 1466 1470 1475 1479 1483 1488 1492 1496 1500 1505 1509 1513 1517 1521 1525 1529 1533 1537 1541 1545 1549 1553 1557 1561 1564 1568 1572 1576 1580 1583 1587 1591 
671 674 678 681 685 687 688 689 690 691 692 693 694 695 696 697 698 699 700 701 703 704 705 706 707 709 710 711 712 714 715 716 718 719 720 722 723 725 726 728 729 731 732 734 735 737 738 740 742 743 745 747 748 750 752 754 756 757 759 761 763 765 767 769 771 773 775 777 779 781 783 785 787 789 792 794 796 798 801 803 805 808 810 813 815 818 820 823 825 828 830 833 836 838 841 844 847 849 852 855 858 861 864 867 870 873 876 879 882 885 888 892 895 898 902 905 908 912 915 918 922 925 929 932 936 939 943 946 950 954 957 961 964 968 972 975 979 983 986 990 993 997 1001 1005 1008 1012 1016 1020 1023 1027 1031 1035 1039 1044 1048 1052 1057 1061 1066 1070 1075 1080 1085 1091 1096 1101 1107 1113 1119 1125 1132 1138 1145 1152 1159 1166 1173 1180 1187 1194 1200 1205 1210 1213 1215 1215 1215 1215 1214 1213 1212 1211 1211 1211 1211 1211 1213 1204 1188 1179 1180 1189 1203 1224 1230 1236 1238 1240 1254 1240 1239 1238 1236 1234 1233 1231 1228 1226 1224 1222 1221 1219 1217 1215 1214 1212 1211 1210 1209 1207 1206 1206 1205 1204 1203 1203 1202 1202 1201 1201 1201 1201 1200 1200 1200 1214 1200 1200 1200 1200 1200 1200 1200 1200 1200 1200 1200 1200 1200 1200 1199 1199 1199 1199 1199 1198 1198 1197 1197 1197 1196 1195 1195 1194 1193 1193 1192 1191 1190 1189 1188 1188 1187 1186 1185 1184 1183 1182 1181 1180 1179 1179 1178 1177 1176 1176 1175 1174 1174 1173 1188 1190 1193 1190 1188 1191 1171 1171 1171 1171 1171 1172 1172 1173 1173 1174 1175 1177 1178 1180 1181 1183 1185 1188 1190 1193 1195 1198 1201 1205 1208 1211 1215 1219 1222 1226 1230 1234 1239 1243 1247 1252 1256 1261 1266 1270 1275 1280 1285 1289 1294 1299 1304 1309 1314 1319 1324 1329 1334 1339 1344 1349 1354 1359 1364 1369 1374 1379 1384 1389 1393 1398 1403 1408 1413 1417 1422 1427 1431 1436 1441 1445 1450 1454 1459 1463 1468 1472 1476 1481 1485 1489 1494 1498 1502 1506 1510 1514 1519 1523 1527 1531 1535 1539 1543 1547 1550 1554 1558 1562 1566 1570 1573 1577 1581 1585 1588 
667 670 674 677 681 683 684 685 686 687 688 689 690 691 692 693 694 695 696 698 699 700 701 702 703 705 706 707 708 710 711 712 714 715 716 718 719 720 722 723 725 726 728 729 731 732 734 736 737 739 741 742 744 746 747 749 751 753 755 756 758 760 762 764 766 768 770 772 774 776 778 780 782 784 787 789 791 793 796 798 800 803 805 807 810 812 815 817 820 822 825 828 830 833 836 838 841 844 847 849 852 855 858 861 864 867 870 873 876 879 883 886 889 892 896 899 902 906 909 912 916 919 923 926 930 933 937 940 944 947 951 955 958 962 965 969 972 976 980 983 987 990 994 998 1001 1005 1009 1012 1016 1020 1024 1028 1032 1036 1040 1044 1048 1053 1057 1062 1067 1072 1077 1082 1087 1093 1098 1104 1110 1116 1123 1129 1136 1143 1150 1157 1165 1172 1180 1187 1194 1200 1205 1208 1209 1209 1209 1208 1206 1205 1204 1203 1202 1201 1201 1202 1203 1198 1179 1167 1170 1185 1208 1239 1228 1230 1233 1234 1235 1234 1233 1232 1230 1228 1226 1223 1221 1219 1217 1215 1213 1211 1209 1208 1206 1205 1203 1202 1201 1200 1199 1198 1197 1197 1196 1196 1195 1195 1194 1194 1194 1194 1194 1194 1194 1209 1194 1194 1194 1194 1194 1194 1194 1194 1194 1194 1194 1194 1194 1194 1194 1194 1194 1193 1193 1193 1193 1192 1192 1191 1191 1190 1189 1189 1188 1187 1186 1186 1185 1184 1183 1182 1181 1180 1179 1178 1177 1176 1175 1174 1173 1172 1172 1171 1170 1169 1169 1168 1167 1167 1184 1183 1183 1184 1184 1189 1164 1164 1164 1164 1164 1164 1164 1165 1166 1167 1168 1169 1170 1172 1174 1176 1178 1180 1183 1185 1188 1191 1194 1197 1201 1204 1208 1212 1216 1220 1224 1228 1232 1237 1241 1246 1250 1255 1260 1265 1270 1274 1279 1284 1289 1294 1299 1304 1309 1314 1320 1325 1330 1335 1340 1345 1350 1355 1360 1365 1370 1375 1380 1385 1390 1395 1400 1404 1409 1414 1419 1424 1428 1433 1437 1442 1447 1451 1456 1460 1465 1469 1474 1478 1482 1487 1491 1495 1499 1504 1508 1512 1516 1520 1524 1528 1532 1536 1540 1544 1548 1552 1556 1560 1564 1567 1571 1575 1579 1582 1586 
663 666 669 673 676 680 680 681 682 683 684 685 686 687 688 689 690 691 693 694 695 696 697 698 699 701 702 703 704 705 707 708 709 711 712 713 715 716 718 719 720 722 723 725 726 728 730 731 733 734 736 738 739 741 743 744 746 748 750 752 753 755 757 759 761 763 765 767 769 771 773 775 777 779 782 784 786 788 790 793 795 797 800 802 805 807 809 812 814 817 820 822 825 827 830 833 835 838 841 844 847 850 852 855 858 861 864 867 870 874 877 880 883 886 890 893 896 900 903 906 910 913 917 920 924 927 931 934 938 941 945 948 952 955 959 962 966 969 973 976 980 983 987 991 994 998 1001 1005 1009 1012 1016 1020 1024 1028 1032 1036 1040 1044 1049 1053 1058 1063 1068 1073 1078 1084 1089 1095 1101 1107 1113 1120 1127 1134 1141 1148 1156 1164 1172 1179 1187 1194 1217 1202 1203 1202 1201 1199 1197 1210 1208 1207 1206 1191 1191 1191 1206 1211 1200 1179 1190 1209 1218 1231 1235 1224 1227 1228 1229 1228 1227 1225 1223 1221 1218 1216 1213 1211 1209 1207 1205 1203 1201 1200 1198 1197 1195 1194 1193 1192 1191 1190 1190 1189 1189 1188 1188 1188 1187 1187 1187 1187 1187 1187 1201 1187 1187 1187 1187 1188 1188 1188 1188 1188 1188 1188 1188 1188 1188 1188 1188 1188 1188 1188 1188 1187 1187 1187 1186 1186 1185 1185 1184 1183 1183 1182 1181 1180 1179 1178 1177 1176 1175 1174 1173 1172 1171 1170 1169 1168 1167 1166 1165 1164 1163 1163 1162 1161 1161 1177 1180 1181 1179 1181 1177 1178 1157 1156 1156 1156 1156 1156 1157 1157 1158 1159 1160 1161 1162 1164 1166 1168 1170 1172 1175 1178 1181 1184 1187 1190 1194 1197 1201 1205 1209 1213 1217 1222 1226 1231 1235 1240 1245 1249 1254 1259 1264 1269 1274 1279 1284 1289 1294 1300 1305 1310 1315 1320 1325 1331 1336 1341 1346 1351 1356 1361 1366 1371 1376 1381 1386 1391 1396 1401 1406 1411 1416 1420 1425 1430 1434 1439 1444 1448 1453 1457 1462 1466 1471 1475 1480 1484 1488 1492 1497 1501 1505 1509 1513 1518 1522 1526 1530 1534 1538 1542 1546 1550 1553 1557 1561 1565 1569 1573 1576 1580 1584 
658 662 665 669 672 676 677 678 679 680 681 681 682 683 684 685 686 688 689 690 691 692 693 694 695 696 698 699 700 701 703 704 705 706 708 709 710 712 713 715 716 718 719 721 722 724 725 727 728 730 731 733 735 736 738 740 742 743 745 747 749 751 752 754 756 758 760 762 764 766 768 770 772 774 777 779 781 783 785 788 790 792 795 797 799 802 804 807 809 812 814 817 819 822 824 827 830 833 835 838 841 844 847 850 853 856 858 862 865 868 871 874 877 880 884 887 890 893 897 900 904 907 910 914 917 921 924 928 931 935 938 942 945 949 952 956 959 963 966 970 973 976 980 983 987 990 994 997 1001 1005 1008 1012 1016 1020 1024 1028 1032 1036 1040 1045 1049 1054 1059 1064 1069 1074 1080 1085 1091 1097 1103 1110 1117 1124 1131 1138 1146 1154 1162 1170 1179 1202 1211 1213 1195 1194 1209 1206 1202 1201 1199 1201 1196 1181 1180 1181 1182 1198 1205 1206 1212 1217 1220 1223 1213 1217 1220 1222 1223 1222 1220 1218 1215 1213 1210 1208 1205 1203 1201 1199 1197 1195 1193 1191 1190 1189 1187 1186 1185 1184 1183 1183 1182 1181 1181 1181 1180 1180 1180 1180 1180 1180 1180 1180 1180 1180 1181 1181 1181 1181 1181 1182 1182 1182 1182 1182 1183 1183 1183 1183 1183 1183 1183 1183 1182 1182 1182 1181 1181 1181 1180 1179 1179 1178 1177 1176 1176 1175 1174 1173 1172 1171 1170 1168 1167 1166 1165 1164 1163 1162 1161 1160 1159 1158 1157 1156 1155 1155 1154 1168 1172 1178 1175 1176 1175 1178 1172 1149 1149 1149 1149 1149 1149 1149 1150 1151 1152 1153 1154 1156 1158 1160 1162 1165 1167 1170 1173 1176 1179 1183 1186 1190 1194 1198 1202 1206 1211 1215 1220 1224 1229 1234 1239 1244 1248 1254 1259 1264 1269 1274 1279 1284 1290 1295 1300 1305 1311 1316 1321 1326 1332 1337 1342 1347 1352 1357 1363 1368 1373 1378 1383 1388 1393 1398 1403 1408 1412 1417 1422 1427 1431 1436 1441 1445 1450 1455 1459 1464 1468 1472 1477 1481 1486 1490 1494 1498 1503 1507 1511 1515 1519 1523 1527 1531 1535 1539 1543 1547 1551 1555 1559 1563 1567 1570 1574 1578 1582 
654 658 661 664 668 671 673 674 675 676 677 678 679 680 681 682 683 684 685 686 687 688 689 690 691 692 694 695 696 697 698 700 701 702 704 705 706 708 709 710 712 713 715 716 718 719 721 722 724 725 727 728 730 732 733 735 737 739 740 742 744 746 748 749 751 753 755 757 759 761 763 765 767 769 771 774 776 778 780 782 785 787 789 792 794 796 799 801 804 806 809 811 814 816 819 822 824 827 830 832 835 838 841 844 847 850 853 856 859 862 865 868 871 874 877 881 884 887 891 894 897 901 904 907 911 914 918 921 925 928 932 935 939 942 946 949 952 956 959 963 966 969 973 976 980 983 986 990 993 997 1000 1004 1008 1011 1015 1019 1023 1027 1031 1035 1040 1044 1049 1054 1059 1064 1070 1075 1081 1087 1093 1099 1106 1113 1120 1127 1135 1143 1151 1160 1184 1197 1205 1209 1203 1184 1201 1197 1176 1194 1189 1192 1189 1186 1170 1170 1171 1174 1191 1200 1201 1206 1213 1215 1221 1209 1229 1232 1232 1215 1213 1210 1207 1204 1202 1199 1196 1194 1192 1190 1188 1186 1184 1183 1181 1180 1179 1178 1177 1176 1175 1175 1174 1174 1173 1173 1173 1173 1173 1173 1173 1173 1173 1191 1173 1174 1174 1174 1174 1175 1175 1175 1176 1176 1176 1177 1177 1177 1177 1177 1177 1177 1177 1177 1177 1177 1176 1176 1176 1175 1175 1174 1173 1173 1172 1171 1170 1169 1168 1167 1166 1165 1164 1163 1161 1160 1159 1158 1157 1156 1154 1153 1152 1151 1150 1149 1149 1148 1147 1161 1163 1171 1172 1174 1174 1171 1163 1142 1141 1141 1141 1141 1141 1141 1142 1143 1144 1145 1146 1148 1150 1152 1154 1157 1159 1162 1165 1168 1172 1175 1179 1183 1187 1191 1195 1200 1204 1209 1213 1218 1223 1228 1233 1238 1243 1248 1253 1258 1263 1269 1274 1279 1285 1290 1295 1301 1306 1311 1317 1322 1327 1333 1338 1343 1349 1354 1359 1364 1369 1374 1379 1384 1389 1394 1399 1404 1409 1414 1419 1424 1428 1433 1438 1443 1447 1452 1456 1461 1465 1470 1474 1479 1483 1487 1492 1496 1500 1504 1508 1513 1517 1521 1525 1529 1533 1537 1541 1545 1549 1553 1557 1560 1564 1568 1572 1576 1579 
650 653 657 660 664 667 669 670 671 672 673 674 675 676 677 678 679 680 681 682 683 684 685 686 687 688 690 691 692 693 694 696 697 698 699 701 702 703 705 706 707 709 710 712 713 715 716 718 719 721 722 724 725 727 729 730 732 734 736 737 739 741 743 745 746 748 750 752 754 756 758 760 762 764 766 768 771 773 775 777 779 782 784 786 789 791 793 796 798 801 803 806 808 811 813 816 819 821 824 827 829 832 835 838 841 844 847 850 853 856 859 862 865 868 871 874 878 881 884 888 891 894 898 901 905 908 911 915 918 922 925 929 932 936 939 942 946 949 952 956 959 962 966 969 972 975 979 982 985 989 992 996 999 1003 1006 1010 1014 1018 1022 1026 1030 1035 1039 1044 1049 1054 1059 1065 1070 1076 1082 1088 1095 1101 1108 1115 1123 1131 1139 1147 1174 1181 1169 1192 1190 1188 1185 1186 1181 1182 1179 1177 1175 1158 1158 1159 1161 1164 1167 1185 1176 1194 1185 1190 1211 1219 1224 1226 1227 1207 1204 1201 1198 1195 1192 1190 1187 1185 1183 1181 1179 1177 1175 1174 1172 1171 1170 1169 1168 1167 1167 1166 1166 1165 1165 1165 1165 1165 1165 1181 1165 1165 1190 1166 1166 1167 1167 1168 1168 1168 1169 1169 1170 1170 1170 1171 1171 1171 1171 1172 1172 1172 1172 1172 1172 1171 1171 1171 1170 1170 1169 1169 1168 1167 1167 1166 1165 1164 1163 1162 1160 1159 1158 1157 1156 1154 1153 1152 1151 1149 1148 1147 1146 1145 1144 1143 1142 1141 1140 1154 1155 1159 1165 1170 1165 1163 1157 1134 1133 1133 1133 1133 1133 1133 1134 1134 1135 1136 1138 1140 1141 1144 1146 1149 1151 1154 1157 1161 1164 1168 1172 1176 1180 1184 1188 1193 1197 1202 1207 1212 1217 1222 1227 1232 1237 1242 1248 1253 1258 1264 1269 1274 1280 1285 1291 1296 1302 1307 1312 1318 1323 1329 1334 1339 1345 1350 1355 1360 1366 1371 1376 1381 1386 1391 1396 1401 1406 1411 1416 1421 1426 1430 1435 1440 1444 1449 1453 1458 1463 1467 1471 1476 1480 1485 1489 1493 1497 1502 1506 1510 1514 1518 1522 1526 1531 1535 1539 1542 1546 1550 1554 1558 1562 1566 1570 1573 1577 
646 649 653 656 659 663 666 667 667 668 669 670 671 672 673 674 675 676 677 678 679 680 681 682 683 684 685 687 688 689 690 691 693 694 695 696 698 699 700 702 703 704 706 707 709 710 712 713 715 716 718 719 721 722 724 726 727 729 731 733 734 736 738 740 742 743 745 747 749 751 753 755 757 759 761 763 765 768 770 772 774 776 779 781 783 785 788 790 793 795 797 800 802 805 808 810 813 815 818 821 824 826 829 832 835 838 841 844 847 850 853 856 859 862 865 868 871 875 878 881 885 888 891 895 898 902 905 908 912 915 919 922 925 929 932 936 939 942 945 949 952 955 958 961 965 968 971 974 977 981 984 987 991 994 998 1001 1005 1009 1012 1016 1021 1025 1029 1034 1038 1043 1048 1053 1059 1064 1070 1076 1082 1089 1096 1103 1110 1117 1125 1132 1155 1166 1170 1171 1177 1180 1178 1174 1175 1172 1172 1165 1146 1146 1147 1148 1150 1153 1156 1160 1164 1169 1174 1193 1184 1205 1212 1215 1216 1211 1193 1190 1202 1185 1182 1180 1177 1175 1173 1171 1169 1167 1166 1164 1163 1162 1161 1160 1159 1159 1158 1158 1157 1157 1157 1157 1157 1157 1172 1157 1177 1158 1158 1159 1159 1160 1176 1161 1161 1162 1162 1163 1163 1164 1164 1165 1165 1165 1166 1166 1166 1166 1166 1166 1166 1166 1166 1165 1165 1165 1164 1163 1163 1162 1161 1160 1159 1158 1157 1156 1155 1154 1152 1151 1150 1148 1147 1146 1144 1143 1142 1140 1139 1138 1137 1136 1135 1134 1148 1148 1148 1150 1151 1156 1160 1156 1153 1126 1126 1125 1125 1124 1124 1125 1125 1126 1127 1128 1129 1131 1133 1135 1138 1140 1143 1146 1149 1153 1157 1160 1164 1168 1173 1177 1181 1186 1191 1195 1200 1205 1210 1215 1221 1226 1231 1237 1242 1247 1253 1258 1264 1269 1275 1280 1286 1292 1297 1303 1308 1314 1319 1325 1330 1335 1341 1346 1352 1357 1362 1367 1373 1378 1383 1388 1393 1398 1403 1408 1413 1418 1423 1427 1432 1437 1442 1446 1451 1455 1460 1464 1469 1473 1478 1482 1486 1491 1495 1499 1503 1508 1512 1516 1520 1524 1528 1532 1536 1540 1544 1548 1552 1556 1560 1564 1567 1571 1575 
642 645 648 652 655 658 662 663 664 665 665 666 667 668 669 670 671 672 673 674 675 676 677 678 679 680 681 682 684 685 686 687 688 690 691 692 693 695 696 697 699 700 701 703 704 706 707 709 710 712 713 715 716 718 719 721 723 724 726 728 730 731 733 735 737 739 740 742 744 746 748 750 752 754 756 758 760 762 764 767 769 771 773 775 778 780 782 785 787 789 792 794 797 799 802 804 807 810 812 815 818 820 823 826 829 832 835 837 840 843 846 849 853 856 859 862 865 868 872 875 878 882 885 888 892 895 898 902 905 909 912 915 919 922 925 929 932 935 938 942 945 948 951 954 957 960 963 966 969 972 975 979 982 985 988 992 995 999 1003 1007 1011 1015 1019 1023 1028 1032 1037 1042 1047 1053 1058 1064 1070 1076 1082 1089 1096 1102 1125 1134 1139 1148 1153 1155 1152 1156 1160 1162 1159 1152 1151 1133 1133 1133 1134 1136 1138 1141 1144 1148 1152 1157 1162 1167 1186 1192 1196 1200 1204 1205 1197 1179 1190 1174 1171 1169 1181 1180 1163 1161 1159 1157 1156 1155 1154 1153 1152 1151 1150 1150 1149 1149 1149 1149 1149 1149 1149 1149 1149 1150 1150 1150 1151 1171 1171 1153 1153 1154 1155 1155 1156 1156 1157 1158 1158 1159 1159 1160 1160 1160 1161 1161 1161 1161 1161 1161 1160 1160 1160 1159 1159 1158 1158 1157 1156 1155 1154 1153 1152 1150 1149 1148 1147 1145 1144 1142 1141 1139 1138 1137 1135 1134 1132 1131 1130 1129 1128 1127 1141 1141 1143 1143 1144 1147 1151 1148 1137 1118 1118 1117 1116 1116 1116 1116 1116 1117 1118 1119 1121 1123 1125 1127 1129 1132 1135 1138 1141 1145 1149 1153 1157 1161 1165 1170 1174 1179 1184 1189 1194 1199 1204 1209 1215 1220 1225 1231 1236 1242 1248 1253 1259 1264 1270 1276 1281 1287 1293 1298 1304 1310 1315 1321 1326 1332 1337 1343 1348 1353 1359 1364 1369 1374 1380 1385 1390 1395 1400 1405 1410 1415 1420 1424 1429 1434 1439 1443 1448 1453 1457 1462 1466 1471 1475 1479 1484 1488 1492 1497 1501 1505 1509 1513 1518 1522 1526 1530 1534 1538 1542 1546 1550 1553 1557 1561 1565 1569 1573 
638 641 644 647 651 654 657 659 660 661 662 662 663 664 665 666 667 668 669 670 671 672 673 674 675 676 677 678 679 681 682 683 684 685 687 688 689 690 692 693 694 696 697 698 700 701 703 704 705 707 709 710 712 713 715 716 718 720 721 723 725 726 728 730 732 734 735 737 739 741 743 745 747 749 751 753 755 757 759 761 763 766 768 770 772 775 777 779 782 784 786 789 791 794 796 799 801 804 806 809 812 814 817 820 823 826 828 831 834 837 840 843 846 849 852 856 859 862 865 868 872 875 878 882 885 888 892 895 899 902 905 909 912 915 919 922 925 928 931 934 937 940 943 946 949 952 955 958 961 964 967 970 973 976 979 982 986 989 993 996 1000 1004 1008 1012 1017 1021 1025 1030 1035 1040 1045 1051 1056 1062 1068 1074 1080 1087 1093 1099 1105 1110 1114 1117 1119 1119 1139 1138 1134 1118 1118 1118 1119 1119 1121 1123 1125 1128 1131 1135 1140 1144 1149 1154 1158 1163 1181 1189 1194 1197 1192 1183 1181 1178 1177 1174 1170 1154 1152 1150 1149 1147 1146 1145 1144 1143 1142 1141 1141 1140 1140 1140 1140 1140 1140 1140 1140 1141 1141 1142 1142 1143 1164 1144 1145 1146 1146 1147 1148 1149 1149 1150 1151 1151 1152 1153 1153 1154 1154 1155 1155 1155 1155 1155 1155 1155 1155 1155 1155 1154 1154 1153 1152 1151 1151 1150 1149 1147 1146 1145 1144 1142 1141 1139 1138 1136 1135 1133 1132 1130 1129 1127 1126 1124 1123 1122 1121 1120 1134 1133 1133 1135 1136 1140 1142 1141 1133 1110 1109 1109 1108 1107 1107 1107 1108 1108 1109 1110 1112 1114 1116 1118 1121 1124 1127 1130 1133 1137 1141 1145 1149 1153 1158 1162 1167 1172 1177 1182 1187 1192 1198 1203 1209 1214 1220 1225 1231 1237 1242 1248 1254 1260 1265 1271 1277 1283 1288 1294 1300 1305 1311 1317 1322 1328 1333 1339 1344 1350 1355 1361 1366 1371 1376 1382 1387 1392 1397 1402 1407 1412 1417 1422 1426 1431 1436 1441 1445 1450 1455 1459 1464 1468 1473 1477 1481 1486 1490 1494 1498 1503 1507 1511 1515 1519 1523 1527 1531 1535 1539 1543 1547 1551 1555 1559 1563 1567 1570 
633 637 640 643 646 650 653 655 656 657 658 659 660 660 661 662 663 664 665 666 667 668 669 670 671 672 673 674 675 676 678 679 680 681 682 683 685 686 687 688 690 691 692 694 695 697 698 699 701 702 704 705 707 708 710 712 713 715 717 718 720 722 723 725 727 729 730 732 734 736 738 740 742 744 746 748 750 752 754 756 758 760 762 765 767 769 771 774 776 778 781 783 785 788 790 793 795 798 801 803 806 809 811 814 817 819 822 825 828 831 834 837 840 843 846 849 852 855 859 862 865 868 872 875 878 882 885 888 892 895 898 902 905 908 912 915 918 921 924 927 930 933 936 939 941 944 947 950 952 955 958 961 964 967 970 973 976 979 983 986 990 993 997 1001 1005 1009 1014 1018 1023 1027 1032 1037 1043 1048 1053 1059 1065 1070 1076 1081 1086 1091 1095 1097 1099 1101 1101 1102 1102 1102 1102 1103 1104 1105 1107 1109 1111 1115 1118 1122 1126 1130 1135 1139 1158 1163 1169 1177 1184 1188 1175 1171 1166 1170 1169 1161 1161 1158 1157 1154 1138 1137 1135 1134 1133 1147 1132 1132 1131 1131 1131 1131 1131 1131 1146 1146 1146 1147 1133 1134 1134 1135 1151 1156 1137 1138 1139 1140 1141 1142 1143 1144 1144 1145 1146 1147 1147 1148 1148 1149 1149 1150 1150 1150 1150 1150 1150 1150 1149 1149 1148 1148 1147 1146 1145 1144 1143 1142 1141 1139 1138 1137 1135 1133 1132 1130 1129 1127 1125 1124 1122 1120 1119 1117 1116 1115 1113 1112 1126 1125 1127 1129 1129 1131 1133 1130 1126 1117 1119 1117 1119 1098 1098 1098 1098 1099 1100 1101 1103 1105 1107 1109 1112 1115 1118 1121 1125 1129 1133 1137 1141 1146 1150 1155 1160 1165 1170 1175 1181 1186 1191 1197 1203 1208 1214 1220 1225 1231 1237 1243 1249 1255 1260 1266 1272 1278 1284 1290 1296 1301 1307 1313 1318 1324 1330 1335 1341 1346 1352 1357 1363 1368 1373 1378 1384 1389 1394 1399 1404 1409 1414 1419 1424 1428 1433 1438 1443 1447 1452 1456 1461 1465 1470 1474 1479 1483 1487 1492 1496 1500 1504 1509 1513 1517 1521 1525 1529 1533 1537 1541 1545 1549 1553 1557 1561 1564 1568 
629 632 635 639 642 645 649 652 652 653 654 655 656 657 657 658 659 660 661 662 663 664 665 666 667 668 669 670 671 672 673 674 676 677 678 679 680 682 683 684 685 687 688 689 691 692 693 695 696 698 699 701 702 704 705 707 708 710 712 713 715 717 718 720 722 724 725 727 729 731 733 735 737 738 740 742 744 746 749 751 753 755 757 759 761 764 766 768 770 773 775 777 780 782 785 787 790 792 795 797 800 802 805 808 811 813 816 819 822 825 828 831 833 836 840 843 846 849 852 855 858 862 865 868 872 875 878 882 885 888 892 895 898 901 905 908 911 914 917 920 923 925 928 931 934 936 939 941 944 947 949 952 955 957 960 963 966 969 972 976 979 982 986 990 993 997 1001 1005 1010 1014 1019 1023 1028 1033 1038 1043 1048 1054 1059 1063 1068 1072 1075 1078 1080 1082 1083 1084 1084 1085 1086 1087 1088 1090 1092 1094 1097 1100 1104 1108 1112 1116 1121 1125 1143 1148 1156 1160 1163 1160 1159 1160 1161 1158 1153 1154 1152 1148 1147 1146 1142 1140 1125 1124 1137 1138 1136 1137 1121 1121 1121 1121 1122 1136 1122 1137 1123 1124 1125 1140 1140 1146 1148 1144 1130 1131 1132 1133 1134 1135 1136 1137 1138 1139 1140 1141 1141 1142 1143 1143 1144 1144 1144 1145 1145 1145 1145 1144 1144 1144 1143 1143 1142 1141 1140 1139 1138 1137 1135 1134 1132 1131 1129 1128 1126 1124 1122 1121 1119 1117 1115 1113 1112 1110 1109 1107 1121 1119 1119 1119 1118 1119 1120 1121 1122 1125 1121 1114 1112 1111 1090 1089 1089 1089 1089 1090 1090 1092 1093 1095 1098 1100 1103 1106 1110 1113 1117 1121 1125 1129 1134 1138 1143 1148 1153 1158 1163 1169 1174 1180 1185 1191 1196 1202 1208 1214 1220 1226 1232 1238 1244 1250 1256 1262 1268 1274 1280 1285 1291 1297 1303 1309 1315 1320 1326 1332 1337 1343 1348 1354 1359 1365 1370 1375 1381 1386 1391 1396 1401 1406 1411 1416 1421 1426 1430 1435 1440 1445 1449 1454 1458 1463 1467 1472 1476 1481 1485 1489 1494 1498 1502 1506 1510 1515 1519 1523 1527 1531 1535 1539 1543 1547 1551 1554 1558 1562 1566 
625 628 631 634 638 641 644 647 649 649 650 651 652 653 654 654 655 656 657 658 659 660 661 662 663 664 665 666 667 668 669 670 671 672 674 675 676 677 678 680 681 682 684 685 686 688 689 690 692 693 695 696 698 699 701 702 704 705 707 708 710 712 713 715 717 719 720 722 724 726 728 729 731 733 735 737 739 741 743 745 747 749 751 754 756 758 760 762 765 767 769 772 774 776 779 781 784 786 789 791 794 796 799 802 804 807 810 813 815 818 821 824 827 830 833 836 839 842 845 849 852 855 858 862 865 868 871 875 878 881 885 888 891 894 898 901 904 907 910 912 915 918 920 923 926 928 930 933 935 938 940 943 945 948 950 953 956 959 962 965 968 971 974 978 981 985 989 993 997 1001 1005 1009 1014 1018 1023 1027 1032 1036 1041 1045 1049 1052 1056 1058 1060 1062 1064 1065 1080 1081 1069 1084 1072 1074 1077 1079 1082 1086 1089 1093 1097 1102 1106 1125 1129 1132 1139 1140 1142 1145 1146 1147 1149 1149 1142 1145 1142 1138 1134 1131 1133 1131 1128 1127 1126 1126 1125 1125 1111 1111 1111 1126 1126 1128 1127 1114 1114 1129 1138 1117 1135 1136 1137 1141 1122 1124 1139 1126 1127 1128 1129 1130 1132 1133 1134 1135 1135 1136 1137 1138 1138 1139 1139 1139 1139 1140 1140 1139 1139 1139 1138 1138 1137 1136 1135 1134 1133 1131 1130 1128 1127 1125 1123 1122 1120 1118 1116 1114 1112 1110 1108 1106 1105 1103 1101 1100 1113 1112 1112 1114 1113 1110 1114 1116 1120 1114 1113 1106 1100 1082 1080 1080 1079 1079 1079 1080 1081 1082 1084 1086 1088 1091 1094 1097 1101 1104 1108 1112 1117 1121 1126 1130 1135 1140 1146 1151 1156 1162 1167 1173 1179 1185 1190 1196 1202 1208 1214 1220 1227 1233 1239 1245 1251 1257 1263 1269 1275 1281 1287 1293 1299 1305 1311 1317 1322 1328 1334 1339 1345 1351 1356 1361 1367 1372 1377 1383 1388 1393 1398 1403 1408 1413 1418 1423 1428 1433 1437 1442 1447 1451 1456 1460 1465 1469 1474 1478 1483 1487 1491 1495 1500 1504 1508 1512 1516 1520 1524 1529 1532 1536 1540 1544 1548 1552 1556 1560 1564 
620 624 627 630 633 636 640 643 645 646 646 647 648 649 650 651 651 652 653 654 655 656 657 658 659 660 661 662 663 664 665 666 667 668 669 670 672 673 674 675 677 678 679 680 682 683 684 686 687 688 690 691 693 694 696 697 699 700 702 704 705 707 708 710 712 714 715 717 719 721 722 724 726 728 730 732 734 736 738 740 742 744 746 748 750 752 755 757 759 761 764 766 768 770 773 775 778 780 783 785 788 790 793 795 798 801 804 806 809 812 815 818 821 823 826 829 832 836 839 842 845 848 851 855 858 861 865 868 871 874 878 881 884 887 891 894 897 899 902 905 908 910 913 915 917 920 922 924 927 929 931 933 936 938 940 943 946 948 951 954 957 960 963 966 969 973 976 980 983 987 991 995 998 1002 1007 1011 1015 1019 1022 1026 1030 1033 1036 1038 1041 1043 1044 1046 1063 1067 1066 1067 1055 1058 1061 1064 1081 1084 1074 1093 1099 1106 1105 1111 1118 1117 1119 1122 1126 1129 1137 1137 1138 1143 1130 1141 1132 1126 1121 1118 1120 1122 1118 1119 1116 1117 1116 1116 1114 1116 1115 1117 1117 1119 1120 1105 1128 1125 1122 1109 1110 1111 1127 1134 1129 1116 1134 1119 1120 1121 1123 1124 1125 1126 1127 1128 1129 1130 1131 1132 1133 1133 1134 1134 1134 1134 1134 1134 1134 1134 1133 1132 1132 1131 1130 1129 1127 1126 1125 1123 1121 1120 1118 1116 1114 1112 1110 1108 1106 1104 1102 1100 1098 1096 1094 1107 1106 1104 1104 1106 1108 1105 1106 1109 1112 1108 1103 1096 1094 1072 1071 1070 1069 1069 1069 1070 1071 1072 1074 1077 1079 1082 1085 1088 1092 1096 1100 1104 1108 1113 1118 1123 1128 1133 1138 1144 1149 1155 1161 1166 1172 1178 1184 1190 1197 1203 1209 1215 1221 1228 1234 1240 1246 1252 1259 1265 1271 1277 1283 1289 1295 1301 1307 1313 1319 1325 1330 1336 1342 1347 1353 1358 1364 1369 1374 1380 1385 1390 1395 1400 1405 1410 1415 1420 1425 1430 1435 1439 1444 1449 1453 1458 1462 1467 1471 1476 1480 1484 1489 1493 1497 1502 1506 1510 1514 1518 1522 1526 1530 1534 1538 1542 1546 1550 1554 1558 1562 
616 619 622 626 629 632 635 639 641 642 643 643 644 645 646 647 647 648 649 650 651 652 653 654 655 656 657 658 659 660 661 662 663 664 665 666 667 668 670 671 672 673 675 676 677 678 680 681 682 684 685 687 688 690 691 693 694 696 697 699 700 702 704 705 707 709 710 712 714 715 717 719 721 723 725 727 728 730 732 734 736 738 740 743 745 747 749 751 753 755 758 760 762 765 767 769 772 774 777 779 782 784 787 789 792 794 797 800 803 805 808 811 814 817 820 823 826 829 832 835 838 841 845 848 851 854 858 861 864 867 871 874 877 880 883 886 889 892 895 898 900 903 905 907 909 912 914 916 918 920 922 924 926 928 930 933 935 938 940 943 945 948 951 954 957 960 963 966 970 973 976 980 983 987 990 994 997 1001 1004 1007 1010 1013 1016 1018 1021 1023 1025 1042 1043 1049 1049 1050 1054 1056 1058 1062 1066 1070 1074 1077 1081 1088 1090 1098 1102 1102 1103 1107 1114 1133 1138 1131 1139 1134 1130 1134 1123 1115 1111 1106 1105 1106 1107 1110 1106 1110 1109 1109 1104 1106 1107 1109 1111 1115 1112 1111 1120 1114 1099 1100 1101 1117 1123 1128 1128 1127 1131 1126 1113 1114 1116 1117 1119 1120 1121 1122 1124 1125 1126 1126 1127 1128 1128 1129 1129 1129 1129 1129 1129 1129 1128 1127 1127 1126 1125 1124 1122 1121 1119 1118 1116 1114 1112 1110 1108 1106 1104 1101 1099 1097 1095 1092 1090 1088 1086 1099 1098 1098 1098 1094 1094 1096 1096 1099 1099 1104 1108 1115 1085 1081 1060 1059 1058 1058 1059 1059 1061 1062 1064 1067 1069 1072 1076 1079 1083 1087 1091 1096 1100 1105 1110 1115 1120 1125 1131 1137 1142 1148 1154 1160 1166 1172 1178 1185 1191 1197 1203 1210 1216 1222 1229 1235 1242 1248 1254 1260 1267 1273 1279 1285 1291 1297 1303 1309 1315 1321 1327 1333 1338 1344 1350 1355 1361 1366 1372 1377 1382 1387 1393 1398 1403 1408 1413 1418 1423 1427 1432 1437 1442 1446 1451 1455 1460 1464 1469 1473 1478 1482 1486 1491 1495 1499 1503 1508 1512 1516 1520 1524 1528 1532 1536 1540 1544 1548 1552 1555 1559 
612 615 618 621 624 628 631 634 637 638 639 640 640 641 642 643 643 644 645 646 647 648 649 650 651 651 652 653 654 655 656 657 659 660 661 662 663 664 665 666 668 669 670 671 673 674 675 676 678 679 681 682 683 685 686 688 689 691 692 694 695 697 699 700 702 703 705 707 709 710 712 714 716 718 719 721 723 725 727 729 731 733 735 737 739 741 743 745 748 750 752 754 756 759 761 763 766 768 771 773 775 778 780 783 786 788 791 793 796 799 802 804 807 810 813 816 819 822 825 828 831 834 838 841 844 847 850 854 857 860 864 867 870 873 876 879 882 885 888 890 893 895 897 899 901 903 905 907 909 911 912 914 916 918 920 922 924 927 929 931 934 936 939 942 944 947 950 953 956 959 962 965 968 971 974 977 980 983 986 988 991 993 996 998 1016 1017 1021 1024 1027 1030 1030 1032 1035 1039 1042 1045 1051 1055 1064 1062 1065 1070 1074 1082 1087 1087 1088 1097 1105 1101 1113 1119 1129 1116 1124 1124 1117 1106 1096 1098 1097 1096 1096 1099 1096 1097 1103 1099 1095 1099 1102 1100 1103 1105 1101 1108 1107 1103 1090 1105 1093 1108 1114 1119 1119 1117 1120 1104 1106 1107 1109 1111 1112 1114 1115 1116 1118 1119 1120 1121 1122 1122 1123 1124 1124 1124 1124 1124 1124 1124 1123 1122 1122 1121 1120 1119 1117 1116 1114 1112 1110 1109 1106 1104 1102 1100 1097 1095 1093 1090 1088 1085 1083 1081 1093 1091 1090 1091 1090 1089 1087 1085 1085 1086 1087 1093 1093 1094 1081 1081 1088 1048 1048 1047 1048 1049 1050 1052 1054 1057 1060 1063 1066 1070 1074 1078 1082 1087 1092 1097 1102 1107 1112 1118 1124 1129 1135 1141 1147 1153 1160 1166 1172 1179 1185 1191 1198 1204 1211 1217 1224 1230 1237 1243 1250 1256 1262 1269 1275 1281 1288 1294 1300 1306 1312 1318 1324 1329 1335 1341 1347 1352 1358 1363 1369 1374 1379 1385 1390 1395 1400 1405 1410 1415 1420 1425 1430 1434 1439 1444 1448 1453 1457 1462 1466 1471 1475 1480 1484 1488 1493 1497 1501 1505 1509 1513 1518 1522 1526 1530 1534 1538 1542 1545 1549 1553 1557 
608 611 614 617 620 623 626 630 633 634 635 636 636 637 638 639 640 640 641 642 643 644 645 645 646 647 648 649 650 651 652 653 654 655 656 657 659 660 661 662 663 664 666 667 668 669 671 672 673 674 676 677 679 680 681 683 684 686 687 689 690 692 694 695 697 698 700 702 703 705 707 709 710 712 714 716 718 720 722 723 725 727 729 731 733 736 738 740 742 744 746 748 751 753 755 757 760 762 764 767 769 772 774 777 779 782 784 787 790 792 795 798 801 803 806 809 812 815 818 821 824 827 830 834 837 840 843 847 850 853 856 860 863 866 869 872 875 878 880 883 885 887 889 891 893 895 896 898 900 901 903 905 906 908 910 912 914 916 918 920 922 924 927 929 932 934 937 939 942 944 947 950 952 955 957 960 962 965 967 969 971 974 976 992 998 998 1001 1002 1007 1011 1012 1014 1017 1023 1025 1029 1036 1040 1046 1052 1050 1057 1058 1063 1069 1074 1073 1090 1090 1100 1111 1120 1118 1109 1115 1115 1094 1088 1094 1089 1089 1087 1086 1087 1084 1083 1091 1085 1082 1084 1092 1093 1095 1096 1098 1097 1099 1095 1099 1097 1098 1100 1108 1112 1113 1109 1095 1097 1099 1100 1102 1104 1106 1107 1109 1110 1112 1113 1114 1115 1116 1117 1118 1118 1119 1119 1119 1119 1119 1119 1118 1118 1117 1116 1115 1114 1112 1111 1109 1107 1105 1103 1101 1099 1096 1094 1091 1089 1086 1083 1081 1078 1075 1073 1085 1068 1080 1078 1076 1076 1076 1079 1074 1075 1079 1074 1083 1089 1072 1070 1074 1037 1036 1036 1037 1038 1040 1042 1044 1047 1050 1053 1057 1061 1065 1069 1074 1078 1083 1088 1094 1099 1105 1110 1116 1122 1128 1134 1141 1147 1153 1160 1166 1173 1179 1186 1192 1199 1206 1212 1219 1226 1232 1239 1245 1252 1258 1265 1271 1277 1284 1290 1296 1302 1308 1314 1320 1326 1332 1338 1344 1349 1355 1360 1366 1371 1376 1382 1387 1392 1397 1402 1407 1412 1417 1422 1427 1432 1437 1441 1446 1450 1455 1460 1464 1468 1473 1477 1482 1486 1490 1494 1499 1503 1507 1511 1515 1519 1523 1527 1531 1535 1539 1543 1547 1551 1555 
603 606 609 612 616 619 622 625 628 631 631 632 633 633 634 635 636 636 637 638 639 640 641 641 642 643 644 645 646 647 648 649 650 651 652 653 654 655 656 658 659 660 661 662 663 665 666 667 669 670 671 673 674 675 677 678 680 681 682 684 685 687 689 690 692 693 695 697 698 700 702 703 705 707 709 711 712 714 716 718 720 722 724 726 728 730 732 734 736 738 740 742 745 747 749 751 754 756 758 761 763 765 768 770 773 775 778 780 783 786 788 791 794 797 799 802 805 808 811 814 817 820 823 826 830 833 836 839 843 846 849 852 855 859 862 865 867 870 873 875 877 879 881 883 885 886 888 889 890 892 893 895 896 898 899 901 903 905 906 908 910 912 915 917 919 921 923 926 928 930 932 934 937 939 941 943 945 946 948 950 952 954 970 972 976 979 984 982 988 994 994 996 999 1008 1008 1014 1021 1027 1031 1035 1035 1039 1044 1046 1051 1056 1058 1064 1076 1089 1077 1093 1108 1103 1108 1098 1077 1097 1087 1080 1083 1076 1076 1076 1073 1073 1077 1075 1072 1073 1077 1078 1084 1088 1094 1090 1089 1089 1094 1088 1091 1094 1098 1097 1099 1085 1087 1089 1091 1093 1095 1097 1099 1101 1103 1104 1106 1107 1108 1110 1111 1112 1113 1113 1114 1114 1114 1114 1114 1114 1113 1113 1112 1111 1110 1109 1107 1106 1104 1102 1100 1098 1095 1093 1090 1088 1085 1082 1079 1077 1074 1071 1068 1065 1062 1060 1071 1070 1068 1070 1068 1067 1065 1068 1069 1063 1064 1072 1058 1070 1078 1053 1040 1025 1025 1027 1029 1031 1034 1037 1040 1043 1047 1051 1056 1060 1065 1070 1075 1080 1086 1091 1097 1103 1109 1115 1121 1127 1134 1140 1147 1153 1160 1167 1174 1180 1187 1194 1201 1207 1214 1221 1228 1234 1241 1248 1254 1261 1267 1274 1280 1286 1293 1299 1305 1311 1317 1323 1329 1335 1340 1346 1352 1357 1363 1368 1374 1379 1384 1390 1395 1400 1405 1410 1415 1420 1424 1429 1434 1439 1443 1448 1453 1457 1462 1466 1471 1475 1479 1484 1488 1492 1496 1501 1505 1509 1513 1517 1521 1525 1529 1533 1537 1541 1545 1549 1553 
599 602 605 608 611 614 617 620 624 627 627 628 629 629 630 631 632 632 633 634 635 636 636 637 638 639 640 641 642 643 644 645 646 647 648 649 650 651 652 653 654 655 657 658 659 660 661 663 664 665 666 668 669 670 672 673 675 676 678 679 680 682 684 685 687 688 690 691 693 695 696 698 700 702 703 705 707 709 711 713 714 716 718 720 722 724 726 728 730 732 734 737 739 741 743 745 747 750 752 754 757 759 761 764 766 769 771 774 776 779 782 784 787 790 792 795 798 801 804 807 810 813 816 819 822 825 829 832 835 838 842 845 848 851 854 857 860 863 865 867 870 871 873 875 876 877 879 880 881 882 883 885 886 887 889 890 892 893 895 897 898 900 902 904 906 908 910 912 914 916 917 919 921 923 924 926 927 928 930 931 932 934 951 952 955 959 966 965 969 975 974 977 985 988 990 999 1008 1011 1012 1016 1020 1024 1029 1031 1035 1037 1052 1067 1065 1080 1085 1078 1091 1095 1094 1087 1073 1085 1072 1074 1071 1073 1068 1069 1064 1063 1067 1066 1061 1067 1067 1073 1073 1081 1085 1084 1083 1086 1086 1083 1085 1090 1087 1087 1090 1077 1080 1082 1084 1086 1088 1090 1092 1094 1096 1098 1100 1101 1103 1104 1105 1106 1107 1108 1109 1109 1109 1110 1109 1109 1109 1108 1107 1106 1105 1104 1102 1101 1099 1097 1095 1092 1090 1087 1085 1082 1079 1076 1073 1070 1067 1064 1060 1057 1054 1051 1063 1061 1060 1058 1056 1056 1054 1055 1058 1054 1049 1049 1053 1062 1055 1035 1012 1013 1014 1015 1018 1020 1023 1026 1030 1034 1038 1042 1046 1051 1056 1061 1066 1072 1078 1083 1089 1095 1101 1108 1114 1121 1127 1134 1140 1147 1154 1161 1168 1175 1182 1189 1196 1202 1209 1216 1223 1230 1237 1243 1250 1257 1263 1270 1276 1283 1289 1295 1302 1308 1314 1320 1326 1332 1337 1343 1349 1355 1360 1366 1371 1376 1382 1387 1392 1397 1402 1407 1412 1417 1422 1427 1432 1436 1441 1446 1450 1455 1459 1464 1468 1473 1477 1481 1486 1490 1494 1498 1502 1507 1511 1515 1519 1523 1527 1531 1535 1539 1543 1547 1550 
595 598 601 604 607 610 613 616 619 622 624 624 625 626 626 627 628 628 629 630 631 632 632 633 634 635 636 637 638 639 639 640 641 642 643 644 645 646 648 649 650 651 652 653 654 655 657 658 659 660 662 663 664 666 667 668 670 671 673 674 676 677 679 680 682 683 685 686 688 690 691 693 695 696 698 700 702 703 705 707 709 711 713 715 716 718 720 722 724 726 729 731 733 735 737 739 741 744 746 748 750 753 755 757 760 762 765 767 770 772 775 777 780 783 785 788 791 794 797 800 803 806 809 812 815 818 821 824 828 831 834 837 841 844 847 850 853 855 858 860 862 864 865 866 868 869 870 871 872 872 873 874 875 877 878 879 880 882 883 885 887 888 890 892 893 895 897 898 900 901 903 904 905 907 908 909 910 910 911 912 913 914 931 932 934 942 947 948 953 955 957 962 968 976 976 984 990 993 997 1002 1009 1011 1011 1015 1021 1025 1038 1051 1069 1071 1076 1069 1069 1074 1082 1066 1078 1074 1067 1073 1067 1065 1060 1056 1053 1054 1058 1058 1053 1059 1062 1069 1069 1073 1072 1068 1069 1072 1075 1073 1076 1076 1078 1065 1067 1069 1072 1074 1077 1079 1081 1084 1086 1088 1090 1092 1094 1096 1097 1099 1100 1101 1102 1103 1104 1104 1105 1105 1105 1105 1104 1104 1103 1102 1101 1099 1098 1096 1094 1092 1089 1087 1084 1082 1079 1076 1073 1070 1066 1063 1060 1056 1053 1049 1046 1059 1057 1050 1052 1048 1046 1045 1043 1045 1048 1037 1039 1036 1047 1062 1044 1017 1016 1035 1002 1004 1006 1009 1012 1016 1020 1024 1028 1032 1037 1042 1047 1053 1058 1064 1069 1075 1081 1088 1094 1100 1107 1114 1120 1127 1134 1141 1148 1155 1162 1169 1176 1183 1191 1198 1205 1212 1219 1226 1233 1239 1246 1253 1260 1266 1273 1279 1286 1292 1298 1305 1311 1317 1323 1329 1335 1340 1346 1352 1357 1363 1368 1374 1379 1384 1389 1395 1400 1405 1410 1415 1420 1424 1429 1434 1439 1443 1448 1452 1457 1461 1466 1470 1475 1479 1483 1487 1492 1496 1500 1504 1508 1512 1517 1521 1525 1529 1533 1537 1540 1544 1548 
590 593 596 599 602 605 608 611 614 618 620 620 621 622 622 623 624 625 625 626 627 628 628 629 630 631 632 632 633 634 635 636 637 638 639 640 641 642 643 644 645 646 647 649 650 651 652 653 655 656 657 658 660 661 662 664 665 666 668 669 671 672 673 675 676 678 680 681 683 684 686 688 689 691 693 694 696 698 700 701 703 705 707 709 711 713 715 717 719 721 723 725 727 729 731 733 735 737 740 742 744 746 749 751 753 756 758 760 763 765 768 770 773 776 778 781 784 787 789 792 795 798 801 804 807 810 814 817 820 823 827 830 833 836 839 842 845 848 850 852 854 856 857 858 859 860 861 861 862 863 863 864 865 866 867 868 869 870 872 873 874 876 877 879 880 882 883 885 886 887 888 889 890 891 891 892 892 893 893 907 908 910 910 911 916 920 925 928 934 939 938 941 948 958 960 964 975 977 983 991 999 994 999 1000 1008 1011 1015 1047 1057 1071 1064 1056 1054 1053 1053 1070 1068 1061 1057 1066 1063 1061 1052 1044 1043 1041 1043 1045 1041 1047 1053 1061 1061 1069 1056 1057 1056 1058 1062 1063 1065 1066 1074 1072 1073 1062 1064 1067 1069 1072 1074 1077 1079 1082 1084 1086 1088 1090 1092 1093 1095 1096 1097 1098 1099 1100 1100 1100 1100 1100 1100 1099 1098 1097 1096 1095 1093 1091 1089 1087 1084 1082 1079 1076 1073 1070 1067 1063 1060 1056 1053 1049 1045 1042 1054 1053 1052 1044 1041 1040 1035 1035 1034 1033 1029 1025 1028 1031 1043 1039 1034 1009 1014 988 990 992 995 998 1002 1006 1010 1014 1018 1023 1028 1033 1038 1044 1049 1055 1061 1067 1074 1080 1087 1093 1100 1107 1114 1121 1128 1135 1142 1149 1157 1164 1171 1178 1186 1193 1200 1207 1214 1221 1228 1235 1242 1249 1256 1263 1269 1276 1282 1289 1295 1301 1308 1314 1320 1326 1332 1338 1343 1349 1355 1360 1366 1371 1376 1382 1387 1392 1397 1402 1407 1412 1417 1422 1427 1431 1436 1441 1445 1450 1455 1459 1463 1468 1472 1477 1481 1485 1489 1494 1498 1502 1506 1510 1514 1518 1522 1526 1530 1534 1538 1542 1546 
586 589 592 595 598 601 604 607 610 613 616 617 617 618 618 619 620 621 621 622 623 623 624 625 626 627 627 628 629 630 631 632 633 634 635 636 637 638 639 640 641 642 643 644 645 646 647 649 650 651 652 653 655 656 657 659 660 661 663 664 666 667 668 670 671 673 674 676 677 679 681 682 684 686 687 689 691 692 694 696 698 700 701 703 705 707 709 711 713 715 717 719 721 723 725 727 729 731 733 735 738 740 742 744 747 749 751 754 756 759 761 764 766 769 771 774 776 779 782 785 788 791 793 796 800 803 806 809 812 815 819 822 825 829 832 835 838 840 843 845 846 848 849 850 850 851 851 852 852 853 853 854 854 855 856 857 858 859 860 861 862 864 865 866 867 869 870 871 872 873 874 874 875 875 875 875 875 875 875 889 892 893 896 893 898 904 905 910 918 916 918 923 930 938 941 947 955 965 966 972 980 978 985 998 991 993 1003 1026 1044 1043 1047 1042 1045 1058 1056 1057 1055 1044 1051 1051 1050 1048 1040 1031 1030 1030 1030 1028 1031 1036 1041 1047 1059 1049 1041 1045 1043 1046 1049 1052 1054 1056 1066 1062 1051 1053 1056 1059 1062 1065 1067 1070 1073 1075 1078 1080 1082 1084 1086 1088 1089 1091 1092 1093 1094 1095 1095 1096 1096 1096 1095 1095 1094 1093 1092 1090 1088 1086 1084 1082 1080 1077 1074 1071 1068 1064 1061 1057 1054 1050 1046 1042 1038 1034 1043 1041 1044 1040 1033 1028 1024 1021 1020 1023 1020 1013 1014 1013 1020 1020 1043 1018 1010 975 978 980 984 987 991 995 999 1004 1009 1014 1019 1024 1030 1035 1041 1047 1053 1059 1066 1072 1079 1086 1093 1100 1107 1114 1121 1129 1136 1144 1151 1158 1166 1173 1181 1188 1195 1203 1210 1217 1224 1231 1238 1245 1252 1259 1266 1272 1279 1286 1292 1298 1305 1311 1317 1323 1329 1335 1341 1346 1352 1358 1363 1368 1374 1379 1384 1390 1395 1400 1405 1410 1415 1420 1424 1429 1434 1438 1443 1448 1452 1457 1461 1466 1470 1474 1479 1483 1487 1491 1496 1500 1504 1508 1512 1516 1520 1524 1528 1532 1536 1540 1544 
582 584 587 590 593 596 599 602 605 608 611 613 613 614 615 615 616 617 617 618 619 619 620 621 622 622 623 624 625 626 627 628 628 629 630 631 632 633 634 635 636 637 638 639 641 642 643 644 645 646 648 649 650 651 653 654 655 656 658 659 661 662 663 665 666 668 669 671 672 674 675 677 679 680 682 684 685 687 689 690 692 694 696 698 699 701 703 705 707 709 711 713 715 717 719 721 723 725 727 729 731 733 736 738 740 742 745 747 749 752 754 757 759 761 764 767 769 772 775 777 780 783 786 789 792 795 798 801 804 807 811 814 817 821 824 827 830 833 835 837 839 840 841 841 842 842 842 842 842 842 843 843 843 844 845 845 846 847 848 849 850 851 852 854 855 856 857 858 858 859 859 860 860 860 860 859 859 858 871 869 870 869 870 870 877 895 897 891 896 898 901 908 915 929 927 941 942 947 956 961 957 975 973 990 976 983 1012 1021 1018 1030 1034 1026 1035 1042 1039 1037 1034 1040 1040 1035 1032 1035 1030 1019 1017 1017 1017 1017 1023 1024 1028 1042 1053 1048 1032 1034 1033 1035 1038 1040 1044 1047 1053 1053 1042 1045 1048 1052 1055 1058 1060 1063 1066 1069 1071 1074 1076 1079 1081 1083 1084 1086 1087 1089 1090 1090 1091 1091 1091 1091 1091 1090 1090 1089 1087 1086 1084 1082 1080 1077 1075 1072 1069 1066 1062 1059 1055 1051 1047 1043 1039 1035 1030 1026 1035 1032 1031 1025 1020 1017 1014 1010 1009 1006 1000 997 999 997 996 1007 1026 1015 1000 963 966 969 972 976 981 985 989 994 999 1004 1010 1015 1021 1026 1032 1039 1045 1051 1058 1065 1072 1079 1086 1093 1100 1108 1115 1123 1130 1138 1145 1153 1161 1168 1176 1183 1191 1198 1206 1213 1220 1227 1235 1242 1249 1256 1262 1269 1276 1282 1289 1295 1302 1308 1314 1320 1326 1332 1338 1344 1349 1355 1360 1366 1371 1377 1382 1387 1392 1397 1402 1407 1412 1417 1422 1427 1431 1436 1441 1445 1450 1454 1459 1463 1468 1472 1476 1481 1485 1489 1493 1497 1502 1506 1510 1514 1518 1522 1526 1530 1534 1538 1542 
577 580 583 586 589 592 595 598 601 604 607 609 609 610 611 611 612 613 613 614 615 615 616 617 618 618 619 620 621 622 622 623 624 625 626 627 628 629 630 631 632 633 634 635 636 637 638 639 640 642 643 644 645 646 648 649 650 652 653 654 656 657 658 660 661 663 664 666 667 669 670 672 673 675 676 678 680 681 683 685 687 688 690 692 694 695 697 699 701 703 705 707 709 711 713 715 717 719 721 723 725 727 729 731 733 736 738 740 742 745 747 749 752 754 757 759 762 764 767 770 772 775 778 781 784 787 790 793 796 799 803 806 809 813 816 819 822 825 828 830 831 832 833 833 833 833 832 832 832 832 832 832 832 833 833 834 834 835 836 837 838 839 840 841 842 843 844 844 845 845 846 846 845 845 844 843 842 841 840 838 850 850 850 852 853 863 877 877 877 881 890 897 904 905 914 924 933 934 939 941 950 950 963 982 988 974 984 1012 1021 1029 1022 1022 1026 1027 1024 1023 1023 1025 1018 1015 1013 1019 1013 1005 1005 1005 1006 1007 1011 1016 1021 1036 1047 1033 1022 1025 1023 1025 1032 1017 1021 1039 1027 1031 1034 1037 1041 1044 1047 1050 1053 1057 1060 1062 1065 1068 1071 1073 1075 1077 1079 1081 1083 1084 1085 1086 1087 1087 1087 1087 1087 1086 1085 1084 1083 1081 1080 1078 1075 1073 1070 1067 1064 1061 1057 1053 1049 1045 1041 1037 1032 1028 1023 1018 1014 1023 1019 1015 1014 1009 1005 1002 1004 992 987 984 986 989 998 994 998 994 994 981 954 957 961 966 970 975 980 985 990 995 1000 1006 1012 1018 1024 1030 1037 1043 1050 1057 1064 1071 1079 1086 1094 1101 1109 1117 1124 1132 1140 1148 1155 1163 1171 1179 1186 1194 1201 1209 1216 1224 1231 1238 1245 1252 1259 1266 1273 1279 1286 1292 1299 1305 1311 1317 1323 1329 1335 1341 1347 1352 1358 1363 1369 1374 1379 1385 1390 1395 1400 1405 1410 1415 1420 1424 1429 1434 1438 1443 1448 1452 1456 1461 1465 1470 1474 1478 1483 1487 1491 1495 1499 1503 1508 1512 1516 1520 1524 1528 1532 1535 1539 
573 576 578 581 584 587 590 593 596 599 602 605 606 606 607 607 608 609 609 610 611 611 612 613 613 614 615 616 616 617 618 619 620 621 622 622 623 624 625 626 627 628 629 630 631 632 633 635 636 637 638 639 640 642 643 644 645 647 648 649 651 652 653 655 656 657 659 660 662 663 665 666 668 669 671 673 674 676 678 679 681 683 684 686 688 690 691 693 695 697 699 701 703 704 706 708 710 712 714 716 718 720 723 725 727 729 731 733 736 738 740 742 745 747 749 752 754 757 759 762 765 767 770 773 776 779 782 785 788 791 794 798 801 804 808 811 814 817 820 822 823 824 824 824 823 823 822 822 821 821 821 821 821 821 822 822 823 823 824 825 826 827 828 829 829 830 831 831 832 832 832 832 831 831 830 828 827 825 823 821 832 831 832 834 837 838 860 862 863 867 872 877 891 896 906 905 933 919 930 933 939 941 961 979 989 980 989 993 1006 1010 1015 1018 1014 1013 1010 1012 1009 1001 998 993 992 996 995 994 994 993 995 995 997 1007 1025 1026 1021 1015 1016 1013 1014 1001 1004 1021 1011 1015 1018 1022 1026 1029 1033 1036 1040 1043 1046 1050 1053 1056 1059 1062 1065 1067 1070 1072 1074 1076 1078 1079 1081 1082 1082 1083 1083 1083 1083 1082 1081 1080 1079 1077 1076 1073 1071 1068 1065 1062 1059 1056 1052 1048 1044 1040 1035 1031 1026 1021 1016 1011 1006 1015 1010 1007 1003 1002 997 989 983 977 973 968 967 972 974 965 972 971 970 967 942 946 951 955 960 965 970 975 980 986 991 997 1003 1009 1016 1022 1029 1035 1042 1050 1057 1064 1072 1079 1087 1095 1103 1111 1119 1126 1134 1142 1150 1158 1166 1174 1182 1190 1197 1205 1212 1220 1227 1235 1242 1249 1256 1263 1270 1276 1283 1289 1296 1302 1309 1315 1321 1327 1333 1338 1344 1350 1355 1361 1366 1372 1377 1382 1387 1393 1398 1403 1408 1412 1417 1422 1427 1431 1436 1441 1445 1450 1454 1459 1463 1467 1472 1476 1480 1485 1489 1493 1497 1501 1505 1509 1513 1517 1521 1525 1529 1533 1537 
569 571 574 577 580 582 585 588 591 594 597 600 602 602 603 603 604 605 605 606 607 607 608 609 609 610 611 612 612 613 614 615 615 616 617 618 619 620 621 622 623 624 625 626 627 628 629 630 631 632 633 634 636 637 638 639 640 642 643 644 645 647 648 650 651 652 654 655 657 658 660 661 663 664 666 667 669 670 672 674 675 677 679 680 682 684 686 687 689 691 693 695 696 698 700 702 704 706 708 710 712 714 716 718 720 722 724 726 729 731 733 735 737 740 742 744 747 749 752 754 757 759 762 765 767 770 773 776 779 782 786 789 792 796 799 803 806 810 812 814 816 816 816 815 814 813 812 811 811 810 810 810 810 810 810 810 811 811 812 813 814 814 815 816 817 818 818 819 819 819 819 818 818 817 815 814 812 810 807 818 816 812 810 812 815 816 834 843 852 859 872 865 876 880 892 893 906 909 911 932 926 945 941 959 965 977 976 992 1001 999 994 1003 1001 998 996 993 992 990 981 977 981 976 982 984 983 984 986 988 987 1003 1015 1010 1001 1008 1002 1000 1009 1004 994 1012 1017 1006 1009 1013 1017 1021 1025 1028 1032 1036 1039 1043 1046 1050 1053 1056 1059 1062 1064 1067 1069 1071 1073 1075 1076 1077 1078 1079 1079 1079 1079 1078 1078 1077 1075 1073 1072 1069 1067 1064 1061 1058 1054 1051 1047 1043 1038 1034 1029 1024 1020 1014 1009 1004 1013 1007 1004 1000 999 990 983 976 971 967 961 955 952 955 946 959 972 971 946 965 931 936 941 945 950 955 961 966 971 977 982 988 994 1001 1007 1014 1020 1027 1035 1042 1049 1057 1065 1072 1080 1088 1096 1105 1113 1121 1129 1137 1145 1153 1162 1170 1178 1185 1193 1201 1209 1216 1224 1231 1238 1246 1253 1260 1267 1273 1280 1287 1293 1300 1306 1312 1318 1324 1330 1336 1342 1347 1353 1359 1364 1369 1375 1380 1385 1390 1395 1400 1405 1410 1415 1420 1424 1429 1434 1438 1443 1447 1452 1456 1461 1465 1469 1474 1478 1482 1486 1491 1495 1499 1503 1507 1511 1515 1519 1523 1527 1531 1535 
568 569 570 572 575 578 581 584 587 589 592 595 598 598 599 599 600 601 601 602 602 603 604 604 605 606 607 607 608 609 610 610 611 612 613 614 615 615 616 617 618 619 620 621 622 623 624 625 626 627 628 630 631 632 633 634 635 637 638 639 640 642 643 644 646 647 648 650 651 653 654 656 657 659 660 662 663 665 666 668 670 671 673 675 676 678 680 681 683 685 687 689 690 692 694 696 698 700 702 703 705 707 709 711 713 715 717 720 722 724 726 728 730 732 735 737 739 741 744 746 749 751 754 756 759 762 765 768 771 774 777 780 784 787 791 794 798 801 804 807 808 808 807 805 804 803 802 800 800 799 798 798 798 798 798 798 799 799 800 801 802 802 803 804 805 805 806 806 806 806 806 805 805 803 802 800 812 811 806 804 803 796 792 790 789 795 811 817 831 841 849 854 864 879 886 883 905 910 900 905 919 932 928 937 931 947 958 967 977 984 979 983 986 988 982 975 972 969 969 963 962 962 969 970 972 975 977 974 977 992 999 989 985 988 990 987 992 981 984 1003 992 996 1000 1005 1009 1013 1017 1021 1025 1029 1032 1036 1040 1043 1047 1050 1053 1056 1059 1062 1064 1067 1069 1070 1072 1073 1074 1075 1075 1075 1075 1075 1074 1073 1071 1070 1068 1065 1063 1060 1057 1053 1050 1046 1042 1038 1033 1028 1024 1019 1013 1008 1002 1011 1006 1000 997 994 991 979 972 969 963 957 951 944 939 950 934 947 961 968 945 941 921 926 931 936 941 946 951 957 962 968 973 979 986 992 999 1005 1012 1019 1027 1034 1042 1050 1058 1066 1074 1082 1090 1099 1107 1115 1124 1132 1140 1149 1157 1165 1173 1181 1189 1197 1205 1213 1220 1228 1235 1242 1250 1257 1264 1271 1277 1284 1290 1297 1303 1309 1316 1322 1328 1334 1339 1345 1351 1356 1362 1367 1372 1378 1383 1388 1393 1398 1403 1408 1413 1417 1422 1427 1431 1436 1441 1445 1450 1454 1458 1463 1467 1471 1476 1480 1484 1488 1492 1497 1501 1505 1509 1513 1517 1521 1525 1529 1533 
566 567 568 569 571 573 576 579 582 585 588 591 594 594 595 596 596 597 597 598 598 599 600 600 601 602 602 603 604 605 605 606 607 608 608 609 610 611 612 613 614 615 616 617 617 618 620 621 622 623 624 625 626 627 628 629 631 632 633 634 635 637 638 639 641 642 643 645 646 647 649 650 652 653 655 656 658 659 661 662 664 666 667 669 670 672 674 676 677 679 681 682 684 686 688 690 691 693 695 697 699 701 703 705 707 709 711 713 715 717 719 721 723 725 727 729 731 734 736 738 741 743 745 748 751 753 756 759 762 765 768 771 774 778 781 785 789 793 796 799 800 799 797 795 794 792 790 789 788 787 787 786 786 786 786 786 787 787 788 789 789 790 791 792 792 793 794 794 794 794 794 793 792 791 789 787 802 800 794 791 787 780 777 771 770 786 786 798 802 811 827 833 844 864 875 874 886 886 891 894 900 917 937 946 929 937 943 941 959 964 960 966 971 968 964 959 960 958 955 954 956 950 950 956 955 961 959 962 965 974 972 977 976 983 978 980 980 970 974 979 983 987 991 996 1016 1019 1009 1033 1017 1021 1025 1029 1033 1037 1041 1044 1048 1051 1054 1057 1060 1062 1064 1066 1068 1069 1070 1071 1072 1072 1072 1071 1070 1069 1068 1066 1064 1062 1059 1056 1053 1049 1045 1041 1037 1033 1028 1023 1018 1013 1007 1002 996 1005 1000 993 988 983 977 969 964 961 958 952 939 933 932 933 919 918 948 973 934 927 912 917 922 927 932 937 942 948 953 959 965 971 977 983 990 997 1004 1011 1019 1027 1035 1043 1051 1059 1067 1076 1084 1093 1101 1110 1118 1127 1136 1144 1152 1161 1169 1177 1185 1193 1201 1209 1217 1225 1232 1239 1247 1254 1261 1268 1275 1281 1288 1294 1301 1307 1313 1319 1325 1331 1337 1343 1348 1354 1359 1365 1370 1375 1380 1386 1391 1396 1401 1406 1410 1415 1420 1425 1429 1434 1438 1443 1447 1452 1456 1461 1465 1469 1473 1478 1482 1486 1490 1494 1498 1503 1507 1511 1515 1519 1523 1527 1530 
564 565 566 567 568 570 572 574 577 580 583 586 589 591 591 592 592 593 593 594 594 595 596 596 597 598 598 599 600 600 601 602 603 603 604 605 606 607 607 608 609 610 611 612 613 614 615 616 617 618 619 620 621 622 623 624 626 627 628 629 630 632 633 634 635 637 638 639 641 642 644 645 646 648 649 651 652 654 655 657 658 660 661 663 665 666 668 670 671 673 675 676 678 680 682 683 685 687 689 691 692 694 696 698 700 702 704 706 708 710 711 713 715 718 720 722 724 726 728 730 732 735 737 739 742 744 747 750 752 755 758 761 764 768 771 775 779 783 787 790 791 789 787 785 783 781 779 791 776 775 775 774 774 774 774 774 774 775 776 776 777 778 779 780 780 781 782 782 782 782 782 781 780 779 777 775 786 785 786 785 777 770 763 756 751 757 762 779 786 796 805 815 825 838 859 866 872 875 887 890 902 902 912 930 929 931 925 932 936 946 953 956 958 953 946 943 944 945 944 946 940 935 935 939 939 947 948 951 951 954 959 962 968 972 969 968 969 973 978 969 991 978 982 1004 1006 996 1001 1005 1010 1014 1018 1023 1027 1031 1035 1038 1042 1046 1049 1052 1055 1057 1060 1062 1064 1065 1067 1067 1068 1068 1068 1068 1067 1066 1064 1063 1061 1058 1055 1052 1049 1045 1041 1037 1033 1028 1023 1018 1013 1007 1001 996 990 998 993 988 981 975 970 964 958 952 949 943 933 929 921 920 916 915 980 1017 968 919 904 909 914 919 923 928 934 939 944 950 956 962 968 975 982 989 996 1004 1011 1019 1027 1035 1044 1052 1061 1069 1078 1087 1096 1104 1113 1122 1131 1139 1148 1157 1165 1173 1182 1190 1198 1206 1214 1221 1229 1236 1244 1251 1258 1265 1272 1279 1285 1292 1298 1305 1311 1317 1323 1329 1335 1340 1346 1352 1357 1362 1368 1373 1378 1383 1388 1393 1398 1403 1408 1413 1418 1422 1427 1432 1436 1441 1445 1449 1454 1458 1463 1467 1471 1475 1480 1484 1488 1492 1496 1500 1504 1508 1512 1516 1520 1524 1528 
561 563 564 565 567 568 569 570 572 575 578 581 584 587 587 588 588 589 589 590 590 591 591 592 593 593 594 595 595 596 597 597 598 599 600 600 601 602 603 604 605 605 606 607 608 609 610 611 612 613 614 615 616 617 618 620 621 622 623 624 625 627 628 629 630 632 633 634 635 637 638 640 641 642 644 645 647 648 650 651 653 654 656 657 659 660 662 664 665 667 669 670 672 674 675 677 679 681 682 684 686 688 689 691 693 695 697 699 700 702 704 706 708 710 712 714 716 718 720 722 724 726 729 731 733 735 738 740 743 746 748 751 754 758 761 764 768 772 776 779 779 778 775 773 784 769 784 783 780 763 762 762 761 761 761 762 762 763 764 764 765 766 767 768 769 770 770 771 771 771 770 770 769 768 766 779 779 776 779 782 770 768 750 747 746 742 753 769 769 782 790 804 815 827 843 856 863 863 868 875 886 894 908 913 918 913 917 925 934 942 939 935 934 935 930 928 925 930 924 923 920 917 917 921 927 935 937 944 940 938 943 947 959 955 955 957 961 965 954 972 979 982 991 997 1003 1005 1009 997 1002 1007 1011 1016 1020 1024 1029 1033 1036 1040 1044 1047 1050 1053 1056 1058 1060 1062 1063 1064 1065 1065 1065 1065 1064 1063 1061 1059 1057 1055 1052 1049 1045 1041 1037 1033 1028 1023 1018 1013 1007 1002 996 990 984 992 986 980 974 969 965 960 958 952 949 941 930 924 914 909 909 934 927 940 919 908 897 901 906 910 915 920 925 930 936 941 947 953 960 966 973 980 988 996 1003 1011 1020 1028 1037 1045 1054 1063 1072 1081 1090 1099 1108 1117 1126 1135 1144 1153 1161 1170 1178 1186 1195 1203 1211 1218 1226 1234 1241 1248 1255 1262 1269 1276 1283 1289 1296 1302 1308 1315 1321 1326 1332 1338 1344 1349 1355 1360 1366 1371 1376 1381 1386 1391 1396 1401 1406 1411 1415 1420 1425 1429 1434 1438 1443 1447 1452 1456 1460 1465 1469 1473 1477 1481 1486 1490 1494 1498 1502 1506 1510 1514 1518 1522 1526 
559 560 562 563 564 566 567 568 569 570 573 576 579 582 583 584 584 585 585 586 586 587 587 588 589 589 590 590 591 592 592 593 594 595 595 596 597 598 598 599 600 601 602 603 604 605 605 606 607 608 609 610 611 612 614 615 616 617 618 619 620 621 623 624 625 626 628 629 630 632 633 634 636 637 638 640 641 643 644 646 647 648 650 652 653 655 656 658 659 661 663 664 666 667 669 671 672 674 676 678 679 681 683 685 686 688 690 692 693 695 697 699 701 703 704 706 708 710 712 714 716 718 720 722 724 726 729 731 733 736 738 741 744 747 750 753 756 760 763 785 765 778 762 773 758 771 754 770 773 769 769 768 762 749 749 749 750 751 751 752 753 754 755 756 757 758 759 759 760 760 760 759 758 757 755 753 771 764 763 762 767 751 743 742 750 762 745 751 763 774 783 800 810 818 826 852 848 849 855 865 877 887 897 899 897 892 899 911 916 927 927 919 922 915 915 917 916 911 905 908 906 907 903 910 924 926 920 926 928 925 927 931 938 940 946 948 953 957 944 949 954 959 980 995 1000 998 984 989 994 999 1004 1009 1014 1018 1023 1027 1031 1035 1039 1042 1046 1049 1051 1054 1056 1058 1059 1061 1061 1062 1062 1062 1061 1060 1058 1056 1054 1051 1049 1045 1042 1038 1033 1029 1024 1019 1014 1008 1002 996 990 984 978 986 979 974 969 963 957 953 950 946 943 937 926 921 917 910 919 928 933 926 903 903 891 895 899 903 907 912 917 922 927 933 938 945 951 958 965 972 980 987 996 1004 1012 1021 1030 1039 1048 1057 1066 1075 1085 1094 1103 1112 1122 1131 1140 1149 1157 1166 1175 1183 1191 1199 1208 1215 1223 1231 1238 1246 1253 1260 1267 1274 1280 1287 1294 1300 1306 1312 1318 1324 1330 1336 1341 1347 1353 1358 1363 1369 1374 1379 1384 1389 1394 1399 1404 1408 1413 1418 1422 1427 1432 1436 1440 1445 1449 1454 1458 1462 1467 1471 1475 1479 1483 1488 1492 1496 1500 1504 1508 1512 1516 1520 1524 
556 558 559 561 562 563 565 566 567 568 569 571 574 577 579 580 580 581 581 582 582 583 583 584 584 585 586 586 587 587 588 589 589 590 591 592 592 593 594 595 596 596 597 598 599 600 601 602 603 604 605 606 607 608 609 610 611 612 613 614 615 616 618 619 620 621 622 624 625 626 628 629 630 631 633 634 636 637 638 640 641 643 644 646 647 649 650 652 653 655 656 658 660 661 663 665 666 668 669 671 673 674 676 678 679 681 683 685 686 688 690 692 693 695 697 699 700 702 704 706 708 709 711 713 715 717 719 721 723 726 728 730 733 735 738 741 743 746 762 765 774 750 764 759 744 742 757 756 760 765 768 764 763 736 736 737 737 738 739 740 741 742 744 745 746 747 748 749 749 749 749 749 748 760 763 761 756 754 753 758 752 743 738 737 746 752 743 747 759 770 772 786 794 802 814 835 833 835 846 853 864 874 882 892 889 881 890 891 900 907 910 904 912 908 900 898 896 896 892 890 894 889 890 899 904 905 911 907 911 915 912 917 922 926 932 937 940 929 934 939 944 950 971 986 997 996 976 981 987 992 997 1002 1007 1012 1016 1021 1025 1030 1034 1037 1041 1044 1047 1050 1052 1054 1056 1057 1058 1059 1059 1059 1058 1057 1055 1053 1051 1048 1045 1042 1038 1034 1030 1025 1020 1015 1009 1003 998 991 985 979 972 966 973 967 960 955 949 944 939 936 933 930 921 916 917 915 925 945 933 930 903 900 901 888 892 895 899 904 908 913 918 924 930 936 942 949 956 964 971 979 988 996 1005 1014 1023 1032 1041 1051 1060 1070 1079 1089 1098 1108 1117 1126 1136 1145 1154 1162 1171 1180 1188 1196 1205 1213 1220 1228 1236 1243 1250 1258 1265 1271 1278 1285 1291 1298 1304 1310 1316 1322 1328 1334 1339 1345 1350 1356 1361 1366 1372 1377 1382 1387 1392 1397 1401 1406 1411 1415 1420 1425 1429 1434 1438 1443 1447 1451 1456 1460 1464 1469 1473 1477 1481 1485 1489 1493 1497 1502 1506 1510 1514 1518 1521 
553 555 557 558 560 561 562 564 565 566 567 569 570 572 575 576 576 577 577 578 578 579 579 580 580 581 581 582 583 583 584 584 585 586 587 587 588 589 589 590 591 592 593 593 594 595 596 597 598 599 600 601 602 603 604 605 606 607 608 609 610 611 612 614 615 616 617 618 620 621 622 623 625 626 627 629 630 631 633 634 636 637 639 640 641 643 644 646 647 649 650 652 654 655 657 658 660 661 663 665 666 668 669 671 673 674 676 678 679 681 683 684 686 687 689 691 692 694 696 697 699 701 703 704 706 708 710 711 713 715 717 719 721 724 726 744 744 732 734 735 749 749 757 751 730 746 748 745 750 754 755 751 757 750 738 724 725 726 727 728 729 731 732 734 735 736 737 738 739 739 739 739 739 753 755 756 747 745 744 745 750 750 746 757 758 748 758 747 755 764 766 772 782 798 807 816 818 821 835 838 854 859 864 876 877 867 873 879 889 892 887 891 893 886 883 879 880 882 877 877 890 882 880 883 886 891 902 898 899 899 888 884 885 890 904 922 928 918 924 929 935 940 960 971 984 977 968 987 979 984 990 995 1000 1005 1010 1015 1020 1024 1029 1033 1037 1040 1043 1046 1049 1051 1053 1054 1056 1056 1056 1056 1055 1054 1053 1051 1048 1046 1042 1039 1035 1031 1026 1021 1016 1011 1005 999 993 987 980 973 967 960 967 960 954 948 943 938 932 927 926 924 915 913 914 929 921 923 925 907 899 898 896 882 884 888 892 896 916 905 910 915 921 927 934 941 948 955 963 971 980 988 997 1006 1016 1025 1035 1045 1054 1064 1074 1084 1093 1103 1113 1122 1132 1141 1150 1159 1168 1177 1185 1194 1202 1210 1218 1226 1233 1241 1248 1255 1262 1269 1276 1283 1289 1295 1302 1308 1314 1320 1326 1331 1337 1343 1348 1354 1359 1364 1369 1374 1380 1384 1389 1394 1399 1404 1409 1413 1418 1422 1427 1431 1436 1440 1445 1449 1453 1458 1462 1466 1470 1475 1479 1483 1487 1491 1495 1499 1503 1507 1511 1515 1519 
551 552 554 555 557 558 560 561 563 564 565 567 568 569 570 572 572 573 573 574 574 575 575 576 576 577 577 578 578 579 580 580 581 581 582 583 584 584 585 586 586 587 588 589 590 591 591 592 593 594 595 596 597 598 599 600 601 602 603 604 605 606 607 608 610 611 612 613 614 616 617 618 619 621 622 623 625 626 627 629 630 631 633 634 636 637 638 640 641 643 644 646 647 649 650 652 653 655 657 658 660 661 663 664 666 667 669 671 672 674 675 677 678 680 681 683 685 686 688 689 691 692 694 695 697 698 700 702 703 705 706 708 710 712 729 715 717 718 737 739 737 737 747 741 733 740 741 731 737 745 744 742 743 743 735 726 712 713 715 716 718 719 721 722 724 726 727 728 729 730 730 730 748 750 751 749 742 738 739 747 747 752 760 761 760 749 759 748 762 763 768 773 773 784 793 802 808 810 822 834 845 846 850 859 856 868 871 868 874 869 871 873 876 869 861 862 866 866 860 860 875 869 866 868 872 883 887 877 880 871 862 862 852 852 857 870 898 908 913 919 925 944 936 956 964 969 975 983 971 977 983 988 994 999 1004 1009 1014 1019 1024 1028 1032 1036 1040 1043 1046 1048 1050 1052 1053 1054 1054 1054 1053 1052 1050 1048 1046 1043 1040 1036 1032 1027 1023 1018 1012 1007 1001 995 988 982 975 968 962 955 962 955 949 943 937 931 926 922 920 918 909 912 908 918 916 913 924 933 907 901 897 890 877 880 884 888 907 896 947 966 912 919 925 932 939 947 955 963 972 981 990 999 1009 1019 1029 1039 1049 1059 1069 1079 1089 1099 1109 1118 1128 1137 1147 1156 1165 1174 1182 1191 1199 1207 1215 1223 1231 1238 1246 1253 1260 1267 1274 1280 1287 1293 1300 1306 1312 1318 1324 1329 1335 1341 1346 1351 1357 1362 1367 1372 1377 1382 1387 1392 1397 1402 1406 1411 1416 1420 1425 1429 1434 1438 1442 1447 1451 1455 1460 1464 1468 1472 1476 1481 1485 1489 1493 1497 1501 1505 1509 1513 1517 
547 549 551 553 554 556 557 559 560 562 563 564 566 567 568 568 568 569 569 570 570 571 571 571 572 572 573 574 574 575 575 576 576 577 578 578 579 580 580 581 582 583 583 584 585 586 587 588 588 589 590 591 592 593 594 595 596 597 598 599 600 601 602 603 604 606 607 608 609 610 611 613 614 615 616 618 619 620 622 623 624 626 627 628 630 631 633 634 635 637 638 640 641 643 644 646 647 649 650 652 653 655 656 658 659 661 662 664 665 667 668 669 671 672 674 675 677 678 680 681 682 684 685 686 688 689 690 692 693 694 696 697 698 699 715 715 703 704 721 728 730 732 738 731 720 732 727 720 734 733 731 732 735 732 729 718 715 701 702 704 706 708 710 711 713 715 717 718 720 721 721 722 741 744 743 743 738 735 745 745 755 762 763 760 758 761 761 757 774 765 772 772 768 773 779 786 794 805 817 820 825 826 836 847 854 855 859 856 856 856 856 859 853 854 848 845 848 847 847 842 852 858 849 849 852 864 866 856 845 841 831 836 830 824 821 822 837 873 903 909 915 921 927 933 939 945 951 958 964 969 975 981 987 993 998 1004 1009 1014 1019 1024 1028 1032 1036 1039 1042 1045 1047 1049 1050 1051 1052 1051 1051 1050 1048 1046 1044 1041 1037 1033 1029 1024 1019 1014 1009 1003 997 990 984 977 970 963 956 949 957 951 944 938 932 928 923 917 912 907 905 903 902 905 909 915 915 932 909 898 896 891 870 873 876 879 926 918 937 926 919 910 916 923 931 938 946 955 964 973 982 992 1002 1012 1022 1033 1043 1053 1064 1074 1084 1094 1104 1114 1124 1134 1143 1153 1162 1171 1180 1188 1197 1205 1213 1221 1229 1236 1244 1251 1258 1265 1272 1278 1285 1291 1298 1304 1310 1316 1322 1327 1333 1339 1344 1349 1355 1360 1365 1370 1375 1380 1385 1390 1395 1399 1404 1409 1413 1418 1422 1427 1431 1436 1440 1444 1449 1453 1457 1462 1466 1470 1474 1478 1482 1486 1491 1495 1499 1503 1507 1511 1515 
544 546 548 549 551 553 554 556 557 559 560 562 563 563 564 564 564 565 565 566 566 566 567 567 568 568 569 569 570 570 571 572 572 573 573 574 575 575 576 577 577 578 579 580 580 581 582 583 584 585 585 586 587 588 589 590 591 592 593 594 595 596 597 598 599 600 601 603 604 605 606 607 608 610 611 612 613 615 616 617 619 620 621 623 624 625 627 628 629 631 632 634 635 636 638 639 641 642 644 645 647 648 649 651 652 654 655 657 658 659 661 662 664 665 666 668 669 670 671 673 674 675 676 677 679 680 681 682 702 684 685 686 686 706 703 689 702 690 708 723 724 721 721 713 710 712 707 713 721 721 722 720 724 725 707 708 706 689 690 692 694 696 698 701 703 705 707 709 711 712 713 714 729 731 731 739 729 734 747 753 756 758 761 759 754 756 755 758 771 770 766 764 765 771 773 778 788 802 808 808 808 816 821 830 835 842 840 843 837 838 843 844 838 832 833 831 832 830 831 829 833 832 836 839 841 847 852 833 817 811 806 807 817 812 801 790 811 852 893 899 905 911 918 924 930 937 943 949 956 962 968 974 980 986 992 998 1003 1009 1014 1019 1024 1028 1032 1036 1039 1042 1045 1047 1048 1049 1050 1049 1049 1048 1046 1044 1041 1038 1035 1031 1026 1022 1016 1011 1005 999 993 986 980 973 966 959 951 958 951 946 939 934 928 922 917 911 908 904 900 898 898 918 927 907 902 928 909 890 881 877 877 865 868 888 901 900 941 927 895 901 907 914 922 930 938 947 956 965 975 985 995 1005 1016 1027 1037 1048 1059 1069 1080 1090 1100 1111 1121 1130 1140 1150 1159 1168 1177 1186 1194 1203 1211 1219 1226 1234 1241 1249 1256 1263 1270 1276 1283 1289 1296 1302 1308 1314 1320 1325 1331 1336 1342 1347 1353 1358 1363 1368 1373 1378 1383 1388 1392 1397 1402 1407 1411 1416 1420 1425 1429 1433 1438 1442 1446 1451 1455 1459 1463 1468 1472 1476 1480 1484 1488 1492 1496 1500 1504 1508 1512 
541 543 544 546 548 550 551 553 555 556 558 559 559 559 560 560 560 561 561 562 562 562 563 563 564 564 565 565 566 566 567 567 568 568 569 570 570 571 572 572 573 574 574 575 576 577 577 578 579 580 581 581 582 583 584 585 586 587 588 589 590 591 592 593 594 595 596 597 598 600 601 602 603 604 605 607 608 609 610 612 613 614 615 617 618 619 621 622 623 625 626 628 629 630 632 633 634 636 637 639 640 641 643 644 645 647 648 650 651 652 654 655 656 657 659 660 661 662 663 664 665 667 668 668 669 670 671 672 673 688 674 691 687 695 695 703 696 676 696 718 707 705 701 702 711 699 699 698 709 714 711 709 715 707 696 711 705 693 678 680 682 685 688 690 693 695 698 700 702 704 705 706 707 721 722 726 727 738 743 744 749 752 753 746 745 746 756 760 766 764 762 762 770 769 772 776 783 792 791 794 806 808 812 818 820 824 826 829 826 825 823 829 827 824 820 817 825 817 818 815 812 812 818 819 823 826 831 819 811 796 787 790 796 795 777 776 802 839 880 889 895 902 908 915 922 928 935 941 948 954 961 967 974 980 986 992 998 1004 1009 1014 1019 1024 1029 1033 1036 1039 1042 1044 1046 1047 1048 1048 1047 1046 1044 1042 1039 1036 1033 1028 1024 1019 1013 1008 1002 996 989 982 975 968 961 954 947 939 946 940 934 928 922 917 911 905 902 899 897 898 894 898 914 891 895 903 907 898 875 870 871 872 875 880 885 888 922 934 959 910 898 905 913 921 929 938 947 957 967 978 988 999 1010 1021 1032 1043 1054 1065 1075 1086 1097 1107 1117 1127 1137 1147 1156 1165 1174 1183 1192 1200 1209 1217 1224 1232 1239 1247 1254 1261 1268 1274 1281 1287 1294 1300 1306 1312 1318 1323 1329 1334 1340 1345 1350 1356 1361 1366 1371 1376 1381 1385 1390 1395 1400 1404 1409 1413 1418 1422 1427 1431 1436 1440 1444 1448 1453 1457 1461 1465 1469 1474 1478 1482 1486 1490 1494 1498 1502 1506 1510 
537 539 541 543 545 546 548 550 551 553 555 555 555 556 556 556 557 557 557 558 558 558 559 559 560 560 560 561 561 562 562 563 563 564 565 565 566 566 567 568 568 569 570 570 571 572 573 573 574 575 576 577 578 578 579 580 581 582 583 584 585 586 587 588 589 590 591 592 593 594 595 596 598 599 600 601 602 604 605 606 607 608 610 611 612 614 615 616 617 619 620 621 623 624 625 627 628 629 631 632 633 635 636 637 639 640 641 643 644 645 646 648 649 650 651 652 653 654 655 656 657 658 659 660 660 661 661 662 662 676 678 685 688 685 682 691 697 683 689 694 698 692 695 695 693 681 690 685 697 703 701 703 708 691 685 692 696 697 687 681 671 674 677 680 683 686 689 691 694 696 698 699 701 702 702 730 721 722 722 725 742 734 743 738 740 755 760 752 757 754 757 764 765 769 761 766 770 775 780 790 798 804 808 808 808 810 809 812 812 814 811 813 815 813 813 806 807 802 804 800 802 802 802 804 806 800 798 790 790 781 778 790 792 774 757 771 797 830 867 879 886 892 899 906 913 919 926 933 940 947 953 960 967 973 980 986 992 998 1004 1010 1015 1020 1025 1029 1033 1037 1040 1042 1044 1045 1046 1046 1046 1045 1043 1041 1038 1034 1031 1026 1021 1016 1011 1005 999 992 985 978 971 964 957 949 942 934 941 935 929 922 916 910 905 899 895 892 890 889 887 891 885 884 889 893 892 872 871 863 864 865 867 871 882 882 889 917 923 919 921 913 904 912 920 930 939 949 960 970 981 992 1004 1015 1026 1038 1049 1060 1071 1082 1093 1104 1114 1124 1134 1144 1154 1163 1172 1181 1190 1198 1207 1215 1222 1230 1238 1245 1252 1259 1266 1273 1279 1285 1292 1298 1304 1310 1316 1321 1327 1332 1338 1343 1348 1354 1359 1364 1369 1374 1378 1383 1388 1393 1397 1402 1407 1411 1416 1420 1424 1429 1433 1437 1442 1446 1450 1455 1459 1463 1467 1471 1475 1479 1483 1488 1492 1496 1500 1504 1508 
534 536 537 539 541 543 545 546 548 550 551 551 552 552 552 552 553 553 553 554 554 554 555 555 555 556 556 557 557 558 558 559 559 560 560 561 561 562 563 563 564 564 565 566 567 567 568 569 569 570 571 572 573 573 574 575 576 577 578 579 580 581 582 583 584 585 586 587 588 589 590 591 592 593 594 596 597 598 599 600 602 603 604 605 606 608 609 610 612 613 614 615 617 618 619 621 622 623 624 626 627 628 629 631 632 633 634 636 637 638 639 640 641 642 643 645 645 646 647 648 649 650 650 651 651 652 652 652 652 652 672 685 688 682 675 687 698 679 681 685 687 690 689 683 687 670 680 676 684 692 694 689 689 682 675 683 687 691 682 680 676 693 666 670 673 677 680 683 686 688 691 692 694 696 697 720 714 720 714 717 721 731 739 730 737 743 743 742 746 750 750 752 753 754 759 762 762 767 774 775 782 790 796 793 802 803 799 797 799 801 798 800 800 794 795 796 802 795 791 789 793 797 792 787 780 781 796 790 784 769 767 778 770 750 748 767 792 822 856 869 876 883 890 896 904 911 918 925 932 939 946 953 960 967 973 980 987 993 999 1005 1011 1017 1022 1026 1031 1034 1038 1040 1042 1044 1045 1045 1044 1043 1042 1039 1036 1033 1029 1024 1019 1014 1008 1002 995 989 982 975 967 960 952 945 937 929 936 929 923 917 911 905 900 895 890 887 883 881 882 882 884 879 880 882 874 864 858 856 857 858 859 862 872 878 882 887 908 956 914 910 894 903 911 921 931 941 952 963 974 986 998 1009 1021 1033 1044 1056 1067 1079 1090 1101 1111 1122 1132 1142 1151 1161 1170 1179 1188 1196 1205 1213 1221 1228 1236 1243 1250 1257 1264 1271 1277 1284 1290 1296 1302 1308 1314 1319 1325 1330 1336 1341 1346 1352 1357 1362 1367 1371 1376 1381 1386 1390 1395 1400 1404 1409 1413 1418 1422 1426 1431 1435 1439 1444 1448 1452 1456 1461 1465 1469 1473 1477 1481 1485 1489 1493 1497 1501 1505 
530 532 534 536 538 539 541 543 545 547 547 547 548 548 548 548 549 549 549 550 550 550 551 551 551 552 552 552 553 553 554 554 555 555 556 556 557 557 558 559 559 560 561 561 562 563 563 564 565 565 566 567 568 569 569 570 571 572 573 574 575 576 577 578 579 579 580 582 583 584 585 586 587 588 589 590 591 592 594 595 596 597 598 599 601 602 603 604 606 607 608 609 611 612 613 614 615 617 618 619 620 622 623 624 625 626 628 629 630 631 632 633 634 635 636 637 638 639 639 640 641 641 642 642 642 643 643 643 642 642 656 675 688 681 677 672 682 684 685 680 675 671 674 667 661 662 661 667 679 680 687 679 673 674 670 673 682 673 662 667 661 652 656 674 677 681 685 675 678 681 698 686 688 703 705 712 710 721 734 720 718 719 721 728 729 735 734 737 748 750 751 746 754 746 758 764 757 763 772 773 771 775 778 782 789 793 793 789 786 789 787 785 786 783 787 783 782 780 779 782 790 781 781 774 764 766 769 766 763 750 754 757 735 729 744 765 787 815 845 859 866 873 880 887 894 902 909 916 924 931 938 945 953 960 967 974 981 988 994 1001 1007 1013 1018 1023 1028 1032 1036 1039 1041 1043 1044 1044 1043 1042 1040 1038 1035 1031 1027 1022 1017 1011 1005 999 992 985 978 971 963 956 948 940 932 924 931 924 918 911 905 899 894 889 885 881 877 874 873 871 869 870 874 875 873 857 851 850 850 850 851 854 861 868 870 876 888 913 928 950 940 918 926 912 922 933 944 956 967 979 992 1004 1016 1028 1040 1052 1064 1075 1086 1098 1108 1119 1129 1139 1149 1159 1168 1177 1186 1195 1203 1211 1219 1227 1234 1241 1249 1256 1262 1269 1276 1282 1288 1294 1300 1306 1312 1317 1323 1328 1334 1339 1344 1349 1355 1360 1364 1369 1374 1379 1384 1388 1393 1397 1402 1406 1411 1415 1420 1424 1428 1433 1437 1441 1446 1450 1454 1458 1462 1466 1471 1475 1479 1483 1487 1491 1495 1499 1503 
526 528 530 532 534 536 537 539 541 543 543 544 544 544 544 544 545 545 545 546 546 546 546 547 547 548 548 548 549 549 550 550 550 551 551 552 553 553 554 554 555 555 556 557 557 558 559 559 560 561 561 562 563 564 565 565 566 567 568 569 570 571 571 572 573 574 575 576 577 578 579 580 581 582 584 585 586 587 588 589 590 591 593 594 595 596 597 598 600 601 602 603 604 606 607 608 609 610 612 613 614 615 616 617 619 620 621 622 623 624 625 626 627 628 629 629 630 631 631 632 633 633 633 634 634 634 634 656 633 632 644 656 674 670 664 665 676 678 674 665 667 660 662 664 658 658 652 657 671 675 676 662 662 662 666 675 672 675 663 645 636 653 660 666 674 678 677 682 685 687 690 694 696 685 701 717 716 722 722 729 726 718 726 742 735 729 727 737 746 746 745 743 749 742 746 758 756 759 768 773 770 768 768 775 775 778 782 771 764 774 774 774 778 776 774 773 777 775 772 770 769 772 768 766 761 754 755 749 758 752 747 749 730 722 744 785 784 806 836 849 856 863 870 878 885 893 900 908 915 923 930 938 945 953 960 968 975 982 989 996 1003 1009 1015 1021 1026 1030 1034 1037 1040 1042 1043 1043 1043 1041 1040 1037 1034 1030 1025 1021 1015 1009 1003 996 989 982 975 967 959 951 943 935 927 919 926 918 912 905 901 893 888 883 879 876 873 869 866 865 867 868 863 865 862 854 845 844 842 843 845 845 849 854 859 867 875 901 926 979 967 932 914 921 914 925 936 948 961 973 986 998 1011 1023 1036 1048 1060 1072 1084 1095 1106 1117 1127 1137 1147 1157 1166 1175 1184 1193 1201 1209 1217 1225 1233 1240 1247 1254 1261 1267 1274 1280 1286 1292 1298 1304 1310 1316 1321 1327 1332 1337 1342 1347 1352 1357 1362 1367 1372 1377 1381 1386 1391 1395 1400 1404 1409 1413 1417 1422 1426 1430 1435 1439 1443 1447 1452 1456 1460 1464 1468 1472 1476 1480 1484 1488 1492 1497 1501 
522 524 526 528 530 532 534 535 537 539 540 540 540 540 540 541 541 541 541 541 542 542 542 543 543 543 544 544 544 545 545 546 546 547 547 548 548 549 549 550 550 551 551 552 553 553 554 555 555 556 557 557 558 559 560 560 561 562 563 564 565 565 566 567 568 569 570 571 572 573 574 575 576 577 578 579 580 581 582 583 585 586 587 588 589 590 591 592 594 595 596 597 598 599 601 602 603 604 605 606 608 609 610 611 612 613 614 615 616 617 618 619 620 620 621 622 623 623 624 624 625 625 625 625 625 625 625 624 624 636 634 621 644 666 660 655 665 665 663 653 653 650 653 653 646 640 648 647 658 665 655 655 661 660 653 656 639 648 655 633 639 643 653 656 666 677 672 674 678 681 670 688 691 693 682 721 719 727 715 731 731 733 739 740 717 714 717 742 744 750 744 741 742 738 741 746 749 757 763 764 765 762 759 764 765 767 769 765 758 766 765 767 766 765 762 767 768 772 765 764 759 761 758 766 756 748 756 750 748 740 736 741 740 726 735 757 773 798 825 838 846 853 861 868 876 884 891 899 907 915 922 930 938 946 954 961 969 977 984 992 999 1005 1012 1018 1023 1028 1032 1036 1039 1041 1042 1042 1042 1041 1039 1036 1033 1029 1024 1019 1013 1007 1000 993 986 979 971 963 955 947 939 931 922 914 906 913 906 899 893 887 881 877 872 870 865 861 860 855 853 853 855 864 849 846 840 843 836 836 837 838 842 845 853 862 867 881 900 920 917 904 909 894 905 916 929 941 954 967 980 993 1006 1019 1032 1044 1057 1069 1081 1092 1104 1114 1125 1135 1146 1155 1165 1174 1183 1191 1200 1208 1216 1224 1231 1238 1245 1252 1259 1266 1272 1279 1285 1291 1297 1302 1308 1314 1319 1325 1330 1335 1340 1345 1350 1355 1360 1365 1370 1374 1379 1384 1388 1393 1397 1402 1406 1411 1415 1419 1424 1428 1432 1436 1441 1445 1449 1453 1457 1462 1466 1470 1474 1478 1482 1486 1490 1494 1498 
518 520 522 524 526 528 530 532 533 535 536 536 536 536 536 537 537 537 537 538 538 538 538 539 539 539 540 540 540 541 541 541 542 542 543 543 544 544 545 545 546 546 547 547 548 549 549 550 551 551 552 553 553 554 555 556 556 557 558 559 560 560 561 562 563 564 565 566 567 568 569 570 571 572 573 574 575 576 577 578 579 580 581 582 583 584 585 587 588 589 590 591 592 593 594 596 597 598 599 600 601 602 603 604 605 606 607 608 609 610 611 612 612 613 614 615 615 616 616 616 617 617 617 617 617 616 629 634 634 632 632 626 631 637 655 649 647 648 649 643 642 640 642 645 631 630 640 638 650 654 646 645 644 636 630 628 616 629 634 623 626 635 643 650 656 667 669 670 672 675 678 681 685 690 694 702 708 710 712 715 727 738 737 723 710 716 726 736 742 744 744 741 735 733 744 742 742 749 752 755 752 749 752 754 755 756 757 756 756 758 757 759 759 757 757 760 764 757 752 750 754 756 752 761 753 746 748 736 728 722 727 734 743 750 753 752 765 788 815 828 835 843 851 859 866 874 882 890 898 906 914 922 930 939 947 955 963 971 979 987 994 1002 1008 1015 1021 1026 1031 1035 1038 1040 1042 1042 1042 1041 1039 1036 1032 1028 1023 1017 1011 1005 998 991 983 975 967 959 951 943 934 926 917 909 915 907 900 893 887 881 875 869 865 860 857 854 848 849 844 845 849 843 837 833 843 833 829 831 830 833 834 837 843 850 859 865 883 904 897 891 894 884 896 908 921 934 947 961 974 988 1002 1015 1028 1041 1054 1066 1078 1090 1101 1113 1123 1134 1144 1154 1163 1172 1181 1190 1198 1207 1215 1222 1230 1237 1244 1251 1258 1264 1271 1277 1283 1289 1295 1301 1306 1312 1317 1323 1328 1333 1338 1343 1348 1353 1358 1363 1367 1372 1377 1381 1386 1390 1395 1399 1404 1408 1413 1417 1421 1425 1430 1434 1438 1442 1447 1451 1455 1459 1463 1467 1471 1475 1480 1484 1488 1492 1496 
513 515 517 519 521 523 525 527 529 531 532 532 532 532 533 533 533 533 533 534 534 534 534 534 535 535 535 536 536 536 537 537 538 538 538 539 539 540 540 541 541 542 542 543 543 544 545 545 546 546 547 548 548 549 550 551 551 552 553 554 554 555 556 557 558 559 560 560 561 562 563 564 565 566 567 568 569 570 571 572 573 574 575 576 577 579 580 581 582 583 584 585 586 587 588 589 590 592 593 594 595 596 597 598 599 600 601 601 602 603 604 605 605 606 607 607 608 608 609 609 609 609 629 609 609 621 622 621 631 625 635 647 640 626 631 634 638 641 641 635 633 637 630 630 627 632 628 626 634 643 640 636 634 621 614 615 625 610 621 611 617 624 642 654 652 661 670 665 666 668 672 677 686 693 704 708 698 709 719 711 730 723 727 713 706 712 721 730 740 731 735 735 735 731 737 735 736 737 739 741 740 742 743 746 748 748 748 746 746 750 750 750 749 748 748 751 753 743 740 741 746 752 746 757 745 736 734 732 719 715 722 728 739 746 760 780 781 785 804 818 825 833 841 849 857 865 873 881 889 898 906 914 923 931 939 948 957 965 974 982 990 998 1005 1012 1019 1024 1030 1034 1037 1040 1041 1042 1042 1041 1038 1035 1032 1027 1022 1016 1010 1003 996 988 980 972 964 955 947 938 930 921 912 904 910 902 894 886 880 874 868 864 858 853 850 846 840 839 838 836 836 836 832 828 838 827 824 826 822 826 825 829 833 838 845 854 870 901 912 891 891 896 887 900 913 927 941 955 969 983 997 1011 1025 1038 1051 1064 1076 1088 1100 1111 1122 1132 1143 1152 1162 1171 1180 1189 1197 1205 1213 1221 1228 1236 1243 1250 1256 1263 1269 1275 1281 1287 1293 1299 1304 1310 1315 1321 1326 1331 1336 1341 1346 1351 1356 1361 1365 1370 1375 1379 1384 1388 1393 1397 1401 1406 1410 1414 1419 1423 1427 1432 1436 1440 1444 1448 1452 1457 1461 1465 1469 1473 1477 1481 1485 1489 1493 
509 511 513 515 517 519 521 523 525 527 528 528 528 529 529 529 529 529 529 530 530 530 530 530 531 531 531 532 532 532 532 533 533 534 534 534 535 535 536 536 537 537 538 538 539 539 540 540 541 542 542 543 544 544 545 546 546 547 548 549 549 550 551 552 553 553 554 555 556 557 558 559 560 561 562 563 564 565 566 567 568 569 570 571 572 573 574 575 576 577 578 579 580 581 582 583 584 585 586 587 588 589 590 591 592 593 594 595 596 596 597 598 598 599 600 600 600 601 601 601 601 620 601 619 617 623 617 613 612 619 622 641 643 633 624 621 622 634 637 626 620 613 612 608 611 616 615 624 622 628 639 630 627 622 609 615 631 601 580 597 605 611 635 642 648 649 656 660 661 662 665 674 680 695 706 699 693 710 705 711 712 705 705 703 706 714 723 724 728 722 734 731 724 727 731 732 732 731 731 730 732 734 735 736 738 740 739 739 738 740 741 741 740 740 739 743 740 742 733 732 742 742 738 751 740 732 725 719 709 714 716 719 732 741 760 790 799 803 804 807 815 822 831 839 847 855 864 872 880 889 897 906 914 923 932 941 950 959 968 977 985 994 1002 1009 1016 1023 1028 1033 1037 1040 1042 1042 1042 1041 1038 1035 1031 1026 1021 1015 1008 1001 993 985 977 969 960 951 943 934 925 916 907 899 905 896 889 880 873 867 861 855 850 846 842 837 832 830 830 825 824 823 823 824 832 820 817 817 816 818 820 822 825 832 844 861 857 893 892 900 897 865 878 891 905 920 935 949 964 979 993 1007 1021 1035 1048 1061 1074 1086 1098 1109 1120 1131 1141 1151 1161 1170 1179 1188 1196 1204 1212 1220 1227 1234 1241 1248 1255 1261 1268 1274 1280 1286 1291 1297 1303 1308 1314 1319 1324 1329 1334 1339 1344 1349 1354 1358 1363 1368 1372 1377 1381 1386 1390 1395 1399 1403 1408 1412 1416 1420 1425 1429 1433 1437 1442 1446 1450 1454 1458 1462 1466 1470 1475 1479 1483 1487 1491 
505 507 509 511 513 515 517 519 521 523 525 525 525 525 525 525 525 525 525 526 526 526 526 526 527 527 527 527 528 528 528 529 529 529 530 530 530 531 531 532 532 533 533 534 534 535 535 536 536 537 538 538 539 539 540 541 541 542 543 544 544 545 546 547 548 548 549 550 551 552 553 553 554 555 556 557 558 559 560 561 562 563 564 565 566 567 568 569 570 571 572 573 574 575 576 577 578 579 580 581 582 583 584 585 586 586 587 588 589 590 590 591 591 592 593 593 593 594 594 594 594 594 594 608 610 621 628 616 612 610 611 635 645 639 619 635 616 625 625 621 610 607 602 604 601 605 611 618 625 622 628 622 610 604 604 594 600 600 568 590 603 601 615 632 642 647 652 654 654 658 663 682 682 693 682 684 691 694 705 698 698 699 700 705 713 712 709 714 709 709 717 723 725 724 728 727 726 724 724 723 724 725 726 727 727 728 728 732 731 730 733 732 732 734 731 732 735 734 727 727 732 737 738 742 734 722 707 701 696 703 702 706 723 736 767 797 792 798 804 810 819 812 820 829 837 846 854 863 871 880 888 897 906 915 924 933 943 952 962 971 981 990 998 1007 1014 1021 1027 1033 1037 1040 1042 1043 1043 1041 1039 1035 1031 1026 1020 1013 1006 998 991 982 974 965 956 947 938 929 920 911 902 907 899 891 883 875 868 860 853 848 842 837 833 828 824 822 820 818 818 816 819 822 829 818 815 812 818 810 816 818 818 824 840 849 866 866 888 872 866 855 869 883 898 913 929 944 959 974 989 1004 1018 1032 1046 1059 1072 1085 1097 1108 1119 1130 1140 1150 1160 1169 1178 1187 1195 1203 1211 1219 1226 1233 1240 1247 1253 1260 1266 1272 1278 1284 1290 1295 1301 1306 1312 1317 1322 1327 1332 1337 1342 1347 1351 1356 1361 1365 1370 1374 1379 1383 1388 1392 1396 1401 1405 1409 1414 1418 1422 1426 1431 1435 1439 1443 1447 1451 1456 1460 1464 1468 1472 1476 1480 1484 1488 
500 502 504 506 508 510 512 514 516 518 520 521 521 521 521 521 521 521 521 522 522 522 522 522 522 523 523 523 523 524 524 524 525 525 525 526 526 526 527 527 528 528 529 529 530 530 531 531 532 532 533 533 534 535 535 536 537 537 538 539 539 540 541 542 542 543 544 545 546 546 547 548 549 550 551 552 553 554 554 555 556 557 558 559 560 561 562 563 564 565 566 567 568 569 570 571 572 573 574 575 576 577 577 578 579 580 581 581 582 583 583 584 585 585 586 586 586 587 587 587 587 587 603 614 603 605 617 607 609 607 610 619 623 635 620 631 616 618 617 617 605 601 602 601 598 604 607 613 616 615 622 623 610 590 578 576 569 570 573 579 582 590 602 617 630 637 654 645 648 665 663 671 685 676 676 689 701 701 702 694 696 697 703 708 716 707 701 704 702 697 706 713 717 717 720 722 719 719 717 716 716 717 717 718 719 720 720 722 724 721 723 723 723 723 723 725 728 728 722 723 728 728 733 733 726 725 713 698 690 690 700 699 717 725 747 778 784 788 793 800 808 801 809 833 842 836 861 853 861 870 879 888 897 906 916 925 935 945 955 966 976 985 995 1004 1012 1020 1027 1033 1037 1041 1043 1044 1044 1042 1039 1035 1031 1025 1019 1012 1004 996 988 979 970 961 952 943 933 924 915 905 896 902 893 885 877 870 862 855 847 840 835 829 824 820 816 814 811 811 811 810 811 817 825 821 809 805 806 805 811 807 809 827 838 854 860 877 886 862 864 847 861 876 891 907 923 939 954 970 986 1001 1016 1030 1044 1058 1071 1083 1096 1107 1119 1129 1140 1150 1159 1168 1177 1186 1194 1202 1210 1218 1225 1232 1239 1246 1252 1258 1265 1271 1277 1282 1288 1294 1299 1304 1310 1315 1320 1325 1330 1335 1340 1344 1349 1354 1358 1363 1367 1372 1376 1381 1385 1390 1394 1398 1403 1407 1411 1415 1420 1424 1428 1432 1436 1441 1445 1449 1453 1457 1461 1465 1469 1473 1478 1482 1486 
495 497 499 501 503 505 507 509 511 513 515 517 517 517 517 517 517 517 517 518 518 518 518 518 518 519 519 519 519 519 520 520 520 521 521 521 522 522 522 523 523 524 524 524 525 525 526 526 527 527 528 529 529 530 530 531 532 532 533 534 534 535 536 536 537 538 539 540 540 541 542 543 544 545 545 546 547 548 549 550 551 552 553 554 554 555 556 557 558 559 560 561 562 563 564 565 566 567 568 568 569 570 571 572 573 573 574 575 576 576 577 577 578 578 579 579 579 580 580 580 580 579 599 610 604 595 601 597 609 614 611 599 608 624 629 627 619 625 618 606 601 595 593 592 595 600 603 609 601 598 606 611 592 592 594 588 564 595 587 579 584 602 614 623 630 633 635 633 638 650 670 684 690 682 676 691 699 691 689 693 696 700 700 708 709 701 705 704 712 691 694 704 697 698 705 716 713 711 709 710 709 710 710 710 711 712 712 713 714 714 713 713 714 714 715 720 722 722 716 715 722 722 723 727 720 716 704 694 683 686 695 686 709 726 737 757 773 778 783 790 798 805 812 823 816 842 853 843 868 860 869 878 887 897 907 917 927 938 949 959 970 981 991 1001 1010 1018 1026 1032 1038 1042 1044 1045 1045 1043 1040 1036 1030 1024 1018 1010 1002 994 985 976 967 957 948 938 929 919 909 900 905 896 887 879 871 864 855 848 841 834 828 822 816 812 808 805 802 802 802 804 808 806 804 803 809 802 804 817 799 802 812 821 833 864 893 843 872 863 883 865 854 869 885 901 917 934 950 966 982 998 1013 1028 1042 1056 1070 1083 1095 1107 1118 1129 1139 1149 1159 1168 1177 1185 1193 1201 1209 1217 1224 1231 1238 1244 1251 1257 1263 1269 1275 1281 1286 1292 1297 1303 1308 1313 1318 1323 1328 1333 1337 1342 1347 1351 1356 1361 1365 1370 1374 1378 1383 1387 1391 1396 1400 1404 1409 1413 1417 1421 1425 1430 1434 1438 1442 1446 1450 1454 1459 1463 1467 1471 1475 1479 1483 
490 492 494 496 498 500 502 504 506 509 511 513 513 513 513 513 513 513 514 514 514 514 514 514 514 514 515 515 515 515 515 516 516 516 517 517 517 518 518 518 519 519 519 520 520 521 521 522 522 523 523 524 524 525 525 526 527 527 528 529 529 530 531 531 532 533 534 534 535 536 537 537 538 539 540 541 542 543 543 544 545 546 547 548 549 550 551 552 552 553 554 555 556 557 558 559 560 561 561 562 563 564 565 565 566 567 568 568 569 570 570 571 571 572 572 572 572 573 573 573 573 572 593 602 588 589 607 612 601 618 623 618 599 593 626 635 638 639 611 601 594 593 594 598 590 594 603 603 602 590 588 584 583 585 593 574 561 597 589 570 579 587 608 606 613 618 624 634 632 634 659 660 674 676 670 691 690 690 687 692 701 707 705 697 701 689 703 709 699 692 695 694 693 689 698 704 705 703 702 703 702 702 703 703 704 705 704 705 705 704 703 704 705 706 706 710 713 711 709 707 716 720 719 718 719 707 694 676 671 685 676 679 698 735 743 741 759 768 773 780 786 794 802 810 820 828 839 832 858 849 858 868 877 887 897 908 919 930 941 953 964 976 987 998 1008 1017 1025 1033 1038 1043 1045 1047 1046 1044 1041 1036 1030 1024 1016 1008 1000 991 982 972 963 953 943 933 923 914 904 894 899 890 881 873 865 857 849 841 834 827 821 815 809 804 800 796 794 792 792 792 794 792 795 796 804 801 795 814 808 815 828 829 821 820 860 833 852 903 913 952 847 863 879 895 912 929 946 962 979 995 1011 1026 1041 1055 1069 1082 1094 1106 1117 1128 1139 1149 1158 1167 1176 1185 1193 1201 1208 1216 1223 1230 1236 1243 1249 1256 1262 1268 1273 1279 1285 1290 1295 1301 1306 1311 1316 1321 1326 1330 1335 1340 1344 1349 1354 1358 1363 1367 1371 1376 1380 1385 1389 1393 1397 1402 1406 1410 1414 1419 1423 1427 1431 1435 1439 1444 1448 1452 1456 1460 1464 1468 1472 1476 1481 
486 488 490 492 494 495 497 499 502 504 506 508 509 509 509 509 509 510 510 510 510 510 510 510 510 510 510 511 511 511 511 511 512 512 512 512 513 513 513 514 514 515 515 515 516 516 517 517 518 518 518 519 520 520 521 521 522 522 523 524 524 525 526 526 527 528 528 529 530 531 531 532 533 534 535 535 536 537 538 539 540 540 541 542 543 544 545 546 547 548 548 549 550 551 552 553 554 554 555 556 557 558 558 559 560 561 561 562 562 563 564 564 565 565 565 566 566 566 566 566 566 566 579 590 581 588 607 617 616 617 624 619 621 606 597 623 637 616 619 600 595 596 599 591 586 586 596 587 585 581 581 581 577 587 588 576 564 560 598 585 584 584 592 590 600 588 601 611 625 624 630 643 657 665 673 682 680 682 679 687 695 696 700 691 689 704 713 710 692 685 688 690 690 689 687 691 694 696 695 696 696 695 695 696 697 696 696 696 695 695 695 696 697 698 699 701 705 705 700 699 707 715 713 710 709 698 678 660 654 662 665 665 681 720 733 745 756 758 765 770 778 782 790 798 807 803 812 821 829 838 847 857 867 877 887 898 910 922 934 946 958 970 982 994 1005 1016 1025 1033 1039 1044 1047 1048 1048 1045 1041 1036 1030 1023 1015 1006 997 988 978 968 958 948 938 928 918 908 898 888 893 883 875 866 858 850 842 834 827 820 813 807 802 797 792 788 785 783 782 781 778 776 788 798 785 794 802 814 822 820 848 841 878 836 835 843 865 903 967 968 840 856 872 889 907 924 941 959 976 993 1009 1025 1040 1055 1068 1082 1094 1106 1117 1128 1138 1148 1158 1167 1176 1184 1192 1200 1207 1215 1222 1229 1235 1242 1248 1254 1260 1266 1272 1277 1283 1288 1293 1299 1304 1309 1314 1319 1323 1328 1333 1338 1342 1347 1351 1356 1360 1365 1369 1373 1378 1382 1386 1390 1395 1399 1403 1407 1412 1416 1420 1424 1428 1433 1437 1441 1445 1449 1453 1457 1462 1466 1470 1474 1478 
481 483 485 487 489 491 493 494 496 498 500 503 505 506 506 506 506 506 506 506 506 506 506 506 506 506 506 506 507 507 507 507 507 508 508 508 508 509 509 509 510 510 510 511 511 512 512 512 513 513 514 514 515 515 516 516 517 517 518 519 519 520 521 521 522 523 523 524 525 525 526 527 528 528 529 530 531 532 532 533 534 535 536 537 537 538 539 540 541 542 543 543 544 545 546 547 548 548 549 550 551 551 552 553 554 554 555 555 556 557 557 558 558 558 559 578 559 559 559 559 573 559 559 581 586 582 597 600 598 603 606 614 629 627 625 630 621 617 622 598 603 597 593 590 596 586 593 585 581 580 578 586 578 583 579 575 579 567 571 575 573 586 578 581 608 589 600 615 606 617 621 631 642 646 650 673 667 665 678 687 692 690 697 691 693 699 694 689 688 695 685 683 688 682 683 680 684 690 689 689 689 688 688 689 689 688 688 687 687 686 687 688 688 690 691 693 698 691 691 691 698 705 704 699 692 677 659 642 644 654 660 646 655 689 733 751 745 751 753 757 765 770 778 786 795 804 814 822 831 840 835 845 855 866 877 888 900 912 925 938 951 964 977 990 1002 1014 1024 1033 1041 1046 1049 1051 1050 1047 1042 1036 1029 1022 1013 1004 994 984 974 964 954 943 933 923 912 902 892 882 886 877 868 859 851 843 835 827 820 813 806 800 794 789 784 780 777 773 772 767 768 769 770 771 769 788 782 785 811 818 836 843 848 863 840 871 857 927 893 878 833 849 866 883 901 919 937 955 973 991 1008 1024 1039 1054 1068 1082 1094 1106 1117 1128 1138 1148 1158 1167 1175 1184 1192 1199 1207 1214 1221 1228 1234 1241 1247 1253 1259 1264 1270 1276 1281 1286 1292 1297 1302 1307 1312 1316 1321 1326 1331 1335 1340 1344 1349 1353 1358 1362 1366 1371 1375 1379 1384 1388 1392 1396 1400 1405 1409 1413 1417 1421 1426 1430 1434 1438 1442 1446 1451 1455 1459 1463 1467 1471 1475 
476 478 480 482 484 486 488 489 491 493 495 497 499 501 502 502 502 502 502 502 502 502 502 502 502 502 502 502 502 503 503 503 503 503 504 504 504 504 505 505 505 505 506 506 507 507 507 508 508 509 509 509 510 510 511 511 512 513 513 514 514 515 515 516 517 517 518 519 519 520 521 522 522 523 524 525 525 526 527 528 528 529 530 531 532 533 533 534 535 536 537 538 538 539 540 541 542 542 543 544 545 545 546 547 547 548 549 549 550 550 551 575 569 552 552 552 553 553 553 553 553 553 552 552 575 586 584 584 593 598 596 612 627 619 612 628 618 611 606 603 601 596 592 589 589 586 583 576 576 574 574 586 591 601 586 577 568 562 587 577 576 579 569 585 591 593 601 612 605 611 616 627 633 638 659 666 658 662 676 681 690 678 685 687 680 679 672 677 689 690 686 684 685 671 671 675 680 683 683 683 682 681 681 681 682 682 681 679 679 678 679 680 680 682 684 687 689 684 683 684 690 694 693 685 676 658 651 644 644 655 657 641 644 678 721 738 733 740 740 745 753 758 768 775 783 792 801 810 818 828 837 833 843 854 865 877 890 902 916 929 943 957 972 986 999 1012 1024 1034 1042 1048 1052 1053 1052 1048 1043 1036 1029 1020 1011 1001 991 980 970 959 949 938 927 917 906 896 885 875 879 870 861 852 844 836 827 820 812 805 798 792 786 780 775 769 766 763 761 760 761 761 762 759 767 781 780 773 773 783 802 798 815 834 857 896 864 861 864 927 1010 842 859 877 895 914 933 952 970 989 1006 1023 1039 1054 1068 1082 1094 1106 1118 1128 1139 1148 1158 1166 1175 1183 1191 1199 1206 1213 1220 1227 1233 1239 1245 1251 1257 1263 1268 1274 1279 1284 1290 1295 1300 1305 1309 1314 1319 1324 1328 1333 1337 1342 1346 1351 1355 1359 1364 1368 1372 1376 1381 1385 1389 1393 1398 1402 1406 1410 1414 1419 1423 1427 1431 1435 1439 1444 1448 1452 1456 1460 1464 1468 1473 
472 474 475 477 479 481 483 484 486 488 490 492 494 496 498 498 498 498 498 498 498 498 498 498 498 498 498 498 498 498 499 499 499 499 499 499 500 500 500 500 501 501 501 502 502 502 503 503 503 504 504 505 505 506 506 507 507 508 508 509 509 510 510 511 512 512 513 514 514 515 516 516 517 518 518 519 520 521 521 522 523 524 525 525 526 527 528 529 529 530 531 532 532 533 534 535 536 536 537 538 538 539 540 540 541 542 542 543 543 544 544 545 545 570 570 568 566 546 546 568 546 546 546 567 575 596 586 594 598 580 590 604 604 600 603 607 628 617 614 611 608 601 591 593 588 584 588 582 570 569 573 588 589 602 582 573 567 569 589 576 575 561 571 607 587 574 599 585 597 608 623 633 634 637 653 659 654 666 673 676 682 672 672 675 678 674 676 665 674 679 658 658 663 662 664 667 672 673 676 676 675 674 675 674 676 676 674 672 671 671 672 672 672 673 676 681 679 677 680 682 679 680 675 671 655 654 650 655 656 654 644 631 627 667 710 726 715 723 728 739 738 745 758 764 771 780 789 797 806 815 824 834 844 855 853 865 878 891 905 920 935 950 965 980 995 1010 1023 1035 1044 1051 1055 1056 1054 1050 1043 1036 1027 1018 1008 997 987 976 965 954 943 932 921 910 899 889 878 868 872 863 854 845 836 828 820 812 804 797 790 784 778 772 766 761 758 755 752 750 749 750 751 752 752 752 766 777 771 789 793 816 823 839 838 943 962 849 845 898 923 833 851 870 888 908 928 948 968 987 1006 1023 1039 1055 1069 1082 1095 1107 1118 1129 1139 1148 1158 1166 1175 1183 1190 1198 1205 1212 1219 1225 1232 1238 1244 1250 1256 1261 1267 1272 1277 1282 1288 1293 1297 1302 1307 1312 1316 1321 1326 1330 1335 1339 1343 1348 1352 1357 1361 1365 1369 1374 1378 1382 1386 1391 1395 1399 1403 1407 1412 1416 1420 1424 1428 1432 1437 1441 1445 1449 1453 1457 1462 1466 1470 
467 469 471 472 474 476 478 479 481 483 485 487 489 491 493 494 494 494 494 494 494 494 494 494 494 494 494 494 494 494 494 494 495 495 495 495 495 496 496 496 496 497 497 497 497 498 498 498 499 499 500 500 500 501 501 502 502 503 503 504 504 505 505 506 507 507 508 508 509 510 510 511 512 512 513 514 514 515 516 517 517 518 519 520 520 521 522 523 524 524 525 526 527 527 528 529 530 530 531 532 532 533 534 534 535 536 536 537 537 538 538 538 539 567 561 565 562 562 540 556 540 540 567 571 581 583 589 596 580 573 589 589 591 590 591 601 618 630 624 609 610 605 595 589 586 586 580 572 573 571 569 593 593 594 573 567 558 557 575 557 553 566 577 579 570 567 575 580 592 606 625 630 625 630 641 636 643 656 663 668 667 666 666 677 671 672 670 667 664 664 658 652 657 659 658 659 661 663 666 667 667 668 669 668 669 668 666 664 663 664 666 664 665 668 670 670 669 670 676 676 673 666 664 664 646 640 642 655 659 641 623 624 628 646 704 708 698 702 719 724 726 733 743 752 761 768 777 786 794 803 812 822 832 843 854 853 866 880 894 909 925 941 958 974 991 1007 1022 1035 1046 1054 1058 1059 1056 1051 1043 1035 1025 1015 1004 993 982 971 959 948 937 925 914 903 892 882 871 861 865 855 846 837 828 820 812 804 796 788 781 775 769 763 757 752 747 745 742 739 737 737 739 740 738 737 748 761 775 789 814 858 827 872 848 942 1007 885 860 817 838 824 843 861 880 901 922 944 965 986 1005 1023 1040 1055 1070 1083 1096 1108 1119 1129 1139 1148 1158 1166 1174 1182 1190 1197 1204 1211 1218 1224 1231 1237 1243 1248 1254 1259 1265 1270 1275 1280 1285 1290 1295 1300 1305 1309 1314 1319 1323 1328 1332 1336 1341 1345 1350 1354 1358 1362 1367 1371 1375 1379 1383 1388 1392 1396 1400 1404 1409 1413 1417 1421 1425 1430 1434 1438 1442 1446 1450 1455 1459 1463 1467 
463 464 466 468 469 471 473 474 476 478 480 482 483 485 487 489 490 490 490 490 490 490 490 490 490 490 490 490 490 490 490 490 490 490 491 491 491 491 491 492 492 492 492 493 493 493 493 494 494 494 495 495 496 496 496 497 497 498 498 499 499 500 500 501 501 502 503 503 504 504 505 506 506 507 508 508 509 510 511 511 512 513 513 514 515 516 516 517 518 519 519 520 521 522 522 523 524 524 525 526 526 527 528 528 529 529 530 530 531 531 532 532 533 533 533 560 560 560 567 572 547 534 550 533 533 557 567 554 565 571 575 584 591 598 591 614 612 620 620 608 604 603 601 593 584 577 573 566 573 571 571 587 583 578 572 567 578 552 553 561 558 577 573 586 561 561 566 578 595 605 614 615 619 619 624 615 633 651 662 665 657 658 662 658 650 660 650 650 650 647 649 647 645 646 647 655 655 655 655 656 659 661 662 663 663 660 657 656 656 657 660 658 659 662 661 661 662 665 669 665 661 658 655 653 639 635 629 638 638 628 615 624 631 633 670 681 686 700 709 707 719 726 731 739 748 756 764 773 781 791 802 813 823 832 842 853 852 867 882 897 914 931 949 967 985 1002 1019 1035 1048 1057 1062 1062 1058 1051 1042 1032 1022 1011 999 988 976 964 953 941 930 918 907 896 885 874 863 867 857 847 838 829 820 811 803 795 787 780 773 766 760 754 749 743 738 733 730 728 726 725 726 724 720 721 725 750 755 759 795 803 793 832 889 909 883 906 995 843 818 813 832 850 870 892 916 940 963 985 1005 1024 1041 1057 1071 1084 1097 1108 1119 1130 1139 1149 1157 1166 1174 1182 1189 1197 1203 1210 1217 1223 1229 1235 1241 1247 1252 1258 1263 1268 1273 1278 1283 1288 1293 1298 1302 1307 1312 1316 1321 1325 1329 1334 1338 1342 1347 1351 1355 1359 1364 1368 1372 1376 1381 1385 1389 1393 1397 1401 1406 1410 1414 1418 1422 1427 1431 1435 1439 1443 1448 1452 1456 1460 1464 
458 460 461 463 464 466 468 469 471 473 475 476 478 480 482 484 486 486 486 486 486 486 486 486 486 486 486 486 486 486 486 486 486 486 486 486 487 487 487 487 487 488 488 488 488 489 489 489 489 490 490 491 491 491 492 492 493 493 493 494 494 495 495 496 496 497 498 498 499 499 500 500 501 502 502 503 504 504 505 506 506 507 508 509 509 510 511 511 512 513 514 514 515 516 516 517 518 518 519 520 520 521 522 522 523 523 524 540 541 525 526 526 526 527 549 554 560 570 571 573 562 551 562 547 572 561 554 558 572 574 576 595 596 595 600 604 614 614 611 606 602 593 592 595 590 570 569 569 572 563 573 585 573 577 582 563 585 552 556 577 558 572 564 576 556 556 567 574 583 594 594 595 604 608 603 609 632 655 660 662 657 654 647 642 639 642 639 639 640 643 640 639 641 645 639 642 644 645 646 650 655 656 657 656 655 653 652 650 648 650 652 653 653 651 652 653 657 660 662 662 659 653 650 641 631 629 626 625 622 619 617 630 634 636 659 685 685 692 689 695 710 719 724 727 734 747 753 763 768 779 792 808 817 824 829 839 852 853 868 884 902 920 939 958 977 997 1016 1033 1049 1060 1065 1081 1076 1067 1055 1044 1017 1005 993 981 969 957 945 934 922 911 899 888 877 866 855 859 849 839 829 820 811 803 794 786 779 772 765 757 752 746 740 735 730 725 719 715 713 714 712 708 709 713 715 720 723 731 738 751 765 780 801 835 821 924 1015 873 777 797 816 834 856 881 908 935 961 985 1006 1025 1042 1058 1072 1085 1098 1109 1120 1130 1140 1149 1157 1166 1174 1181 1189 1196 1203 1209 1216 1222 1228 1234 1239 1245 1250 1256 1261 1266 1271 1276 1281 1286 1291 1295 1300 1304 1309 1313 1318 1322 1327 1331 1335 1340 1344 1348 1352 1356 1361 1365 1369 1373 1377 1382 1386 1390 1394 1398 1403 1407 1411 1415 1419 1424 1428 1432 1436 1440 1445 1449 1453 1457 1461 
453 455 456 458 460 461 463 464 466 468 470 471 473 475 476 478 480 482 482 482 482 482 482 482 482 482 482 482 482 482 482 482 482 482 482 482 482 482 483 483 483 483 483 484 484 484 484 485 485 485 485 486 486 486 487 487 488 488 488 489 489 490 490 491 491 492 492 493 494 494 495 495 496 496 497 498 498 499 500 500 501 502 502 503 504 504 505 506 507 507 508 509 509 510 511 511 512 513 513 514 514 515 516 516 517 517 532 534 519 519 520 520 520 541 543 553 557 555 552 552 558 564 550 544 553 567 568 557 566 580 583 595 591 594 602 611 612 600 596 596 596 588 592 586 582 575 576 568 573 562 577 578 578 582 576 559 586 559 560 567 573 576 552 560 556 553 570 568 583 589 590 587 590 593 600 604 623 637 644 647 644 640 647 643 643 629 633 630 626 628 637 640 641 635 631 633 634 635 640 645 648 646 647 645 648 647 646 645 641 642 646 647 644 642 640 645 648 648 650 655 655 651 644 639 633 628 623 620 615 615 620 633 635 644 666 670 673 674 672 685 696 710 715 716 723 734 741 750 756 766 779 788 792 806 815 827 837 851 866 870 888 907 927 947 968 989 1010 1030 1048 1062 1088 1085 1074 1063 1035 1023 1010 998 986 973 961 949 937 925 914 902 891 879 868 857 847 851 841 831 821 812 803 794 786 778 770 762 756 749 742 736 730 725 721 717 711 706 704 702 699 698 699 702 708 713 717 719 724 730 742 754 765 776 803 818 926 924 840 774 793 813 838 868 900 932 960 986 1008 1027 1044 1060 1074 1087 1099 1110 1121 1130 1140 1149 1157 1165 1173 1181 1188 1195 1202 1208 1214 1220 1226 1232 1238 1243 1249 1254 1259 1264 1269 1274 1279 1283 1288 1293 1297 1302 1306 1311 1315 1319 1324 1328 1332 1337 1341 1345 1349 1353 1358 1362 1366 1370 1374 1379 1383 1387 1391 1395 1400 1404 1408 1412 1416 1421 1425 1429 1433 1437 1442 1446 1450 1454 1459 
449 450 452 453 455 456 458 460 461 463 464 466 468 469 471 473 475 476 478 478 478 478 478 478 478 478 478 478 478 478 478 478 478 478 478 478 478 478 478 478 478 479 479 479 479 479 480 480 480 481 481 481 481 482 482 482 483 483 484 484 484 485 485 486 486 487 487 488 488 489 489 490 491 491 492 492 493 494 494 495 496 496 497 498 498 499 500 500 501 502 502 503 504 504 505 506 506 507 507 508 509 509 510 510 511 511 528 530 527 513 513 514 514 539 546 548 545 543 534 537 539 552 553 539 547 574 577 566 559 570 585 584 585 594 596 601 598 596 593 595 584 582 587 587 590 577 569 580 568 564 582 578 579 580 555 565 581 553 551 554 568 578 552 548 545 548 556 568 575 587 592 582 585 584 598 601 618 630 636 632 630 633 628 628 626 626 621 618 622 617 620 621 625 621 606 610 623 629 631 636 639 636 639 638 638 638 636 636 634 636 636 635 633 626 624 630 631 626 630 635 634 637 632 625 624 626 616 610 608 610 616 625 631 639 652 657 664 663 676 679 686 699 702 705 712 719 728 734 745 753 768 773 780 794 803 813 824 835 850 867 873 892 913 934 956 978 1000 1023 1044 1061 1092 1082 1069 1039 1027 1014 1002 989 977 964 952 940 928 916 904 893 882 870 859 848 852 842 832 823 813 804 795 786 777 770 762 754 747 740 734 727 721 716 711 707 703 699 695 695 693 689 688 688 692 698 704 715 720 705 706 729 749 789 824 889 858 882 933 867 765 786 816 853 893 930 961 988 1010 1029 1046 1062 1075 1088 1100 1111 1121 1131 1140 1149 1157 1165 1173 1180 1187 1194 1200 1207 1213 1219 1225 1230 1236 1241 1247 1252 1257 1262 1267 1272 1276 1281 1286 1290 1295 1299 1303 1308 1312 1316 1321 1325 1329 1334 1338 1342 1346 1350 1355 1359 1363 1367 1371 1375 1380 1384 1388 1392 1396 1401 1405 1409 1413 1417 1422 1426 1430 1434 1439 1443 1447 1451 1456 
444 446 447 449 450 452 453 455 456 458 459 461 462 464 466 467 469 471 473 474 474 474 474 474 474 474 474 473 473 473 473 473 473 473 474 474 474 474 474 474 474 474 474 475 475 475 475 475 476 476 476 476 477 477 477 478 478 478 479 479 480 480 480 481 481 482 482 483 483 484 484 485 485 486 486 487 488 488 489 490 490 491 491 492 493 493 494 495 495 496 497 497 498 499 499 500 500 501 502 502 503 503 504 504 505 505 520 524 525 521 507 508 508 508 509 524 539 532 525 527 532 540 555 538 540 562 559 582 553 557 565 576 578 584 584 590 586 592 584 580 576 581 581 581 585 572 574 566 563 567 568 584 572 568 559 579 558 558 562 542 544 548 551 539 544 545 555 575 582 584 585 576 584 583 607 597 607 621 628 625 622 616 614 612 611 619 610 609 615 610 608 607 606 589 585 581 597 624 626 629 628 628 629 627 628 626 626 624 624 626 626 625 619 613 615 620 613 608 611 610 611 614 616 613 606 609 608 608 608 613 622 634 635 645 647 647 659 659 661 675 676 688 690 695 702 711 718 724 733 743 753 758 767 777 791 800 807 819 833 850 869 890 897 919 941 964 987 1010 1031 1075 1057 1051 1040 1028 1016 1003 991 978 966 954 942 930 918 906 895 883 872 861 850 839 843 833 823 814 805 795 786 777 769 761 754 746 739 732 725 719 713 707 703 698 694 692 686 684 685 685 679 677 684 694 701 715 718 696 686 685 693 754 805 873 818 846 920 930 888 757 790 838 887 930 964 991 1013 1032 1049 1063 1077 1089 1101 1111 1121 1131 1140 1148 1157 1164 1172 1179 1186 1193 1199 1205 1211 1217 1223 1229 1234 1239 1244 1250 1255 1259 1264 1269 1274 1278 1283 1287 1292 1296 1301 1305 1309 1313 1318 1322 1326 1330 1335 1339 1343 1347 1351 1355 1360 1364 1368 1372 1376 1380 1385 1389 1393 1397 1402 1406 1410 1414 1419 1423 1427 1431 1436 1440 1444 1449 1453 
440 441 442 444 445 447 448 450 451 453 454 456 457 459 460 462 464 465 467 469 470 470 470 470 470 470 469 469 469 469 469 469 469 469 469 469 469 469 469 470 470 470 470 470 470 470 471 471 471 471 471 472 472 472 473 473 473 474 474 474 475 475 475 476 476 477 477 478 478 479 479 480 480 481 481 482 482 483 484 484 485 485 486 487 487 488 488 489 490 490 491 492 492 493 493 494 495 495 496 510 497 497 498 498 517 521 522 519 519 516 502 502 502 502 503 503 523 521 521 526 524 526 532 539 541 555 547 549 560 550 552 555 568 569 568 575 590 593 572 572 573 575 578 572 571 575 567 563 563 575 571 574 561 552 565 559 553 566 564 548 540 535 540 542 539 546 567 575 583 581 588 580 583 579 593 602 606 617 617 613 613 616 610 610 608 609 606 601 606 595 579 572 568 570 578 579 594 618 617 618 617 619 617 617 618 618 618 618 616 616 616 612 606 606 608 607 598 590 589 589 595 595 593 591 589 596 603 607 611 615 624 633 629 633 639 644 648 654 649 659 667 678 684 688 695 701 704 709 721 732 740 747 758 764 774 792 794 801 815 832 852 872 893 916 939 962 985 991 1011 1046 1033 1030 1022 1012 1001 989 977 965 953 942 930 918 907 895 884 873 861 851 840 843 833 823 814 805 795 786 778 769 760 752 745 738 731 724 717 711 705 699 694 690 686 683 678 676 675 675 672 668 675 679 685 705 720 700 688 700 674 657 783 852 888 839 881 915 914 746 764 825 885 933 968 995 1016 1035 1051 1065 1078 1090 1101 1112 1122 1131 1140 1148 1156 1164 1171 1178 1185 1191 1198 1204 1210 1215 1221 1227 1232 1237 1242 1247 1252 1257 1262 1266 1271 1276 1280 1285 1289 1293 1298 1302 1306 1310 1315 1319 1323 1327 1331 1335 1340 1344 1348 1352 1356 1360 1365 1369 1373 1377 1381 1386 1390 1394 1398 1403 1407 1411 1415 1420 1424 1428 1433 1437 1441 1445 1450 
435 436 438 439 440 442 443 445 446 448 449 451 452 454 455 457 458 460 461 463 465 466 466 466 466 466 465 465 465 465 465 465 465 465 465 465 465 465 465 465 465 465 465 466 466 466 466 466 466 467 467 467 467 468 468 468 468 469 469 469 470 470 470 471 471 472 472 473 473 473 474 474 475 475 476 477 477 478 478 479 479 480 481 481 482 482 483 484 484 485 485 486 487 487 488 488 489 489 490 491 491 492 492 507 508 510 516 517 513 511 509 496 496 497 497 497 497 512 517 523 522 521 526 533 530 539 536 539 560 567 563 549 563 559 563 567 576 574 560 579 579 572 570 560 568 565 564 561 562 570 568 575 551 569 557 569 555 568 556 535 532 558 551 556 535 541 556 561 562 569 579 588 587 597 592 604 604 609 605 606 610 609 604 605 602 598 594 594 596 575 567 570 566 565 569 575 593 606 606 609 611 611 609 610 611 610 610 610 608 606 602 597 598 600 598 592 586 573 570 576 579 579 570 570 577 585 586 590 599 603 609 614 618 621 633 639 644 643 642 651 661 664 676 679 687 692 691 702 712 720 728 729 743 750 763 780 784 781 795 813 833 853 875 897 920 942 964 984 1002 999 1005 1005 1000 992 983 973 962 951 940 928 917 906 894 883 872 861 851 840 843 833 823 814 804 795 786 777 769 760 752 743 736 729 722 715 709 703 697 691 685 681 678 674 671 667 666 666 665 662 663 667 671 684 708 710 752 789 723 670 745 846 873 854 878 936 1028 746 929 903 888 938 972 998 1019 1036 1052 1066 1079 1090 1101 1112 1121 1130 1139 1147 1155 1163 1170 1177 1183 1190 1196 1202 1208 1213 1219 1224 1230 1235 1240 1245 1250 1254 1259 1264 1268 1273 1277 1282 1286 1290 1295 1299 1303 1307 1311 1316 1320 1324 1328 1332 1336 1340 1345 1349 1353 1357 1361 1365 1370 1374 1378 1382 1386 1391 1395 1399 1403 1408 1412 1416 1421 1425 1429 1434 1438 1442 1447 
430 432 433 434 436 437 438 440 441 443 444 445 447 448 450 451 453 454 456 457 459 461 462 462 462 462 461 461 461 461 461 461 461 461 461 461 461 461 461 461 461 461 461 461 461 461 462 462 462 462 462 462 463 463 463 463 464 464 464 464 465 465 466 466 466 467 467 467 468 468 469 469 470 470 471 471 472 472 473 473 474 475 475 476 476 477 478 478 479 479 480 480 481 482 482 483 483 484 484 485 485 501 506 510 510 509 507 512 513 510 506 490 490 491 505 505 505 506 508 512 512 515 518 518 528 530 521 530 544 557 564 571 565 554 556 555 547 548 552 552 552 558 556 553 561 564 562 563 563 567 568 559 560 571 570 564 555 558 551 536 540 557 554 544 542 553 540 542 547 552 565 573 584 587 589 598 600 598 601 601 604 600 598 598 594 592 586 583 583 566 559 564 566 567 571 577 589 592 594 599 600 601 602 603 602 601 602 601 599 592 589 584 587 586 580 575 570 564 562 563 565 563 561 565 569 569 570 583 595 602 616 611 610 612 627 631 638 634 640 641 653 657 668 670 673 676 684 694 700 709 712 718 727 737 748 758 762 767 777 792 813 835 856 878 900 921 941 960 975 986 994 979 976 986 963 954 945 935 924 914 903 892 881 871 860 849 839 828 832 823 813 804 795 786 777 768 760 751 743 735 727 720 713 706 700 694 688 683 678 674 669 666 662 657 660 660 657 658 659 659 661 672 692 686 718 755 769 696 721 788 846 870 894 1003 1074 876 898 832 893 940 974 999 1019 1037 1052 1066 1079 1090 1101 1111 1121 1130 1138 1146 1154 1161 1168 1175 1182 1188 1194 1200 1206 1211 1217 1222 1227 1232 1237 1242 1247 1252 1256 1261 1265 1270 1274 1278 1283 1287 1291 1295 1300 1304 1308 1312 1316 1320 1325 1329 1333 1337 1341 1345 1349 1353 1358 1362 1366 1370 1374 1379 1383 1387 1392 1396 1400 1404 1409 1413 1417 1422 1426 1431 1435 1439 1444 
426 427 428 430 431 432 434 435 436 438 439 440 442 443 445 446 447 449 450 452 453 455 457 458 458 458 457 457 457 457 457 457 457 457 457 457 457 456 457 457 457 457 457 457 457 457 457 457 457 457 458 458 458 458 458 459 459 459 459 460 460 460 461 461 461 462 462 462 463 463 464 464 465 465 466 466 467 467 468 468 469 469 470 470 471 471 472 473 473 474 474 475 475 476 477 477 478 478 479 479 480 496 505 515 514 512 506 505 508 504 502 499 485 485 499 500 486 500 501 503 507 511 511 511 516 512 523 521 528 535 543 565 558 552 545 542 541 539 542 544 541 543 545 545 552 567 565 562 567 566 562 551 572 558 576 561 554 567 550 538 534 558 552 566 554 550 532 546 544 544 552 565 574 578 576 586 593 593 597 597 594 594 594 591 587 586 583 579 570 563 558 553 558 563 565 566 570 576 579 589 593 594 595 594 592 592 592 593 587 580 575 572 572 570 567 565 560 554 551 550 551 550 553 559 560 561 567 574 590 603 615 615 612 605 617 622 622 625 632 632 641 646 655 660 663 665 676 684 689 695 702 707 713 725 734 740 740 745 755 772 793 815 837 858 879 899 918 934 948 958 949 952 951 947 957 934 926 917 908 898 888 878 868 857 847 837 827 817 821 812 802 793 785 776 768 759 750 742 734 726 719 711 704 698 691 686 680 674 670 665 662 658 656 649 649 651 650 650 651 657 657 663 675 691 707 733 743 756 758 776 822 888 972 1040 1005 933 968 1017 897 940 972 998 1018 1036 1051 1065 1078 1089 1100 1110 1119 1128 1137 1145 1152 1160 1167 1173 1180 1186 1192 1198 1203 1209 1214 1219 1225 1230 1234 1239 1244 1249 1253 1258 1262 1267 1271 1275 1279 1284 1288 1292 1296 1300 1305 1309 1313 1317 1321 1325 1329 1333 1337 1342 1346 1350 1354 1358 1362 1367 1371 1375 1379 1384 1388 1392 1397 1401 1405 1410 1414 1419 1423 1427 1432 1436 1441 
421 423 424 425 426 428 429 430 431 433 434 435 437 438 439 441 442 443 445 446 448 449 451 452 454 454 453 453 453 453 453 453 453 452 452 452 452 452 452 452 452 452 452 452 452 452 453 453 453 453 453 453 453 454 454 454 454 454 455 455 455 455 456 456 456 457 457 457 458 458 459 459 459 460 460 461 461 462 462 463 463 464 464 465 466 466 467 467 468 468 469 469 470 470 471 472 472 473 473 474 489 493 502 509 512 509 506 502 500 497 496 494 479 479 479 495 495 495 496 498 499 501 503 508 507 506 508 511 520 526 560 555 579 566 558 543 542 545 546 536 537 542 544 542 548 552 550 549 555 558 553 562 578 557 569 554 554 555 551 539 542 535 533 534 532 527 526 539 542 540 547 552 556 562 570 575 580 587 593 593 589 586 584 581 580 575 574 569 565 567 564 555 550 558 565 566 566 567 571 580 582 583 584 585 581 580 577 577 572 570 568 566 564 561 557 553 548 544 544 542 538 538 541 543 546 554 562 567 574 582 592 599 600 601 614 616 622 621 625 629 635 641 649 652 651 661 665 672 677 684 690 694 699 710 724 715 714 720 743 756 776 797 818 838 858 877 894 909 921 930 921 925 925 923 919 906 895 886 877 869 862 856 850 844 834 824 814 819 809 800 791 783 774 766 758 749 741 733 725 717 710 703 696 689 683 677 671 666 661 656 651 650 652 646 640 642 642 643 646 649 658 666 671 694 709 763 785 748 780 807 865 936 999 1040 1091 974 1117 919 901 939 970 995 1016 1034 1050 1064 1076 1088 1098 1108 1118 1127 1135 1143 1151 1158 1165 1171 1178 1184 1190 1195 1201 1206 1212 1217 1222 1227 1232 1236 1241 1245 1250 1254 1259 1263 1268 1272 1276 1280 1284 1289 1293 1297 1301 1305 1309 1313 1317 1321 1325 1330 1334 1338 1342 1346 1350 1355 1359 1363 1367 1372 1376 1380 1384 1389 1393 1398 1402 1406 1411 1415 1420 1424 1428 1433 1437 
417 418 419 420 422 423 424 425 426 428 429 430 431 433 434 435 437 438 439 441 442 444 445 446 448 449 449 449 449 449 449 449 448 448 448 448 448 448 448 448 448 448 448 448 448 448 448 448 448 448 448 449 449 449 449 449 449 450 450 450 450 451 451 451 451 452 452 452 453 453 454 454 454 455 455 456 456 457 457 458 458 459 459 460 460 461 461 462 462 463 463 464 464 465 465 466 466 467 467 468 487 494 505 506 508 507 502 497 493 491 488 487 487 473 488 490 493 492 491 492 493 494 495 497 498 500 503 508 509 509 517 551 575 581 564 555 535 537 540 530 535 538 540 546 552 540 536 542 557 556 563 566 561 554 545 544 544 538 531 534 540 545 544 539 534 526 523 529 539 537 545 550 563 564 567 568 573 580 583 585 586 582 577 570 569 562 561 558 560 560 560 558 550 554 563 565 564 565 568 570 570 569 569 570 569 567 566 566 564 563 561 559 556 552 548 544 541 538 536 537 531 527 526 531 538 545 549 555 562 568 576 586 605 609 610 611 610 611 614 618 628 631 638 643 643 650 660 661 664 673 678 685 690 696 698 699 708 714 734 743 763 779 799 818 836 854 869 883 895 903 909 899 893 885 876 867 858 849 842 836 830 826 822 817 813 809 801 806 797 789 780 771 763 755 746 739 731 724 716 709 701 694 688 681 675 669 663 658 653 649 644 639 639 638 631 628 630 638 639 639 645 667 675 693 704 730 760 754 784 832 893 934 995 1032 1083 1071 1103 923 941 938 968 992 1013 1031 1047 1061 1074 1085 1096 1106 1116 1125 1133 1141 1148 1155 1162 1169 1175 1181 1187 1193 1198 1204 1209 1214 1219 1224 1228 1233 1238 1242 1247 1251 1255 1260 1264 1268 1272 1277 1281 1285 1289 1293 1297 1301 1305 1309 1313 1318 1322 1326 1330 1334 1338 1342 1347 1351 1355 1359 1363 1368 1372 1376 1381 1385 1390 1394 1398 1403 1407 1412 1416 1421 1425 1430 1434 
413 414 415 416 417 418 419 420 422 423 424 425 426 428 429 430 431 433 434 435 437 438 439 441 442 443 445 445 445 445 445 444 444 444 444 444 444 444 444 444 444 444 443 443 444 444 444 444 444 444 444 444 444 444 444 445 445 445 445 445 445 446 446 446 446 447 447 447 448 448 448 449 449 450 450 451 451 451 452 452 453 453 454 454 455 455 456 456 457 457 458 458 459 459 460 460 461 461 462 462 489 498 506 504 502 499 499 494 491 487 485 483 485 481 482 484 489 490 489 487 488 489 490 491 494 498 497 498 507 507 505 514 533 542 569 556 550 529 524 538 529 535 539 534 541 529 531 535 543 568 577 553 548 545 538 529 525 523 521 529 523 531 534 546 526 515 519 527 539 546 540 548 558 565 568 567 569 573 578 576 573 571 568 560 557 546 543 547 554 551 550 550 549 550 556 559 560 561 560 561 561 563 564 564 563 561 561 560 559 558 555 551 550 547 544 540 535 528 521 519 519 518 514 518 524 530 539 547 555 563 568 579 590 592 595 594 595 598 602 609 614 617 623 632 636 641 648 651 657 665 669 676 682 683 691 703 695 702 712 735 755 768 781 799 816 832 847 859 869 878 883 885 870 849 836 827 819 812 806 802 798 796 793 791 788 785 793 793 785 776 768 760 752 744 736 729 721 714 707 700 693 686 679 673 667 661 656 650 645 640 637 634 628 627 626 628 623 623 627 635 640 648 659 670 689 708 734 782 766 798 910 922 998 1034 1047 1033 981 933 974 938 965 989 1010 1028 1044 1058 1071 1083 1093 1104 1113 1122 1130 1138 1146 1153 1160 1166 1172 1178 1184 1190 1195 1200 1206 1211 1215 1220 1225 1230 1234 1239 1243 1247 1252 1256 1260 1265 1269 1273 1277 1281 1285 1289 1293 1297 1301 1305 1310 1314 1318 1322 1326 1330 1334 1338 1343 1347 1351 1355 1360 1364 1368 1373 1377 1381 1386 1390 1395 1399 1404 1408 1413 1417 1422 1426 1431 
408 409 410 411 412 413 415 416 417 418 419 420 421 422 424 425 426 427 428 430 431 432 434 435 436 437 439 440 441 441 440 440 440 440 440 440 440 439 439 439 439 439 439 439 439 439 439 439 439 439 439 439 439 440 440 440 440 440 440 440 441 441 441 441 442 442 442 442 443 443 443 444 444 445 445 445 446 446 447 447 448 448 449 449 450 450 451 451 452 452 453 453 454 454 454 455 455 456 456 457 481 491 496 495 490 486 490 488 487 484 479 480 477 476 477 482 487 488 489 486 484 485 486 487 488 493 496 495 496 500 506 515 515 516 517 520 520 509 531 531 526 546 543 540 535 530 539 538 538 539 541 541 550 545 534 529 524 521 519 515 512 527 520 520 512 513 518 527 542 555 552 547 560 565 567 567 566 567 574 571 570 566 561 554 544 531 519 531 547 544 543 545 547 545 549 552 554 554 554 552 553 555 556 556 555 554 555 554 552 550 547 543 542 539 532 528 523 516 508 502 500 504 503 505 511 519 527 536 544 552 559 566 572 576 578 581 581 585 588 593 598 605 613 622 627 630 636 641 645 653 661 668 673 673 686 692 696 702 712 729 733 750 763 780 796 811 824 835 845 852 858 862 857 837 804 788 780 774 770 767 766 765 765 764 766 775 788 780 772 764 756 748 741 733 726 719 711 704 697 690 684 677 670 664 658 653 648 642 637 632 628 628 623 621 620 620 622 623 621 624 642 650 655 671 693 707 731 754 764 794 906 927 1000 1049 1065 983 926 939 951 1004 963 986 1006 1024 1040 1054 1067 1079 1090 1100 1110 1119 1127 1135 1143 1150 1157 1163 1169 1175 1181 1186 1192 1197 1202 1207 1212 1217 1221 1226 1231 1235 1239 1244 1248 1252 1257 1261 1265 1269 1273 1277 1281 1285 1289 1293 1297 1301 1305 1310 1314 1318 1322 1326 1330 1334 1339 1343 1347 1351 1356 1360 1364 1369 1373 1378 1382 1387 1391 1396 1400 1405 1409 1414 1418 1423 1428 
404 405 406 407 408 409 410 411 412 413 414 415 416 417 418 420 421 422 423 424 425 427 428 429 430 432 433 434 435 437 436 436 436 436 436 436 435 435 435 435 435 435 435 435 435 435 435 435 435 435 435 435 435 435 435 435 435 435 436 436 436 436 436 436 437 437 437 437 438 438 438 439 439 439 440 440 441 441 442 442 442 443 443 444 444 445 445 446 446 447 447 448 448 449 449 450 450 450 451 451 469 477 484 481 477 475 477 479 481 478 474 471 471 472 472 476 480 485 485 487 482 483 484 482 484 487 494 495 495 496 503 505 510 509 501 498 501 498 515 527 510 527 537 539 530 522 516 525 539 523 527 533 543 538 539 531 534 529 527 517 518 512 507 504 508 511 517 524 543 550 549 545 560 562 565 562 561 563 563 561 560 560 555 552 539 517 516 525 538 539 538 540 541 538 540 542 544 546 545 543 543 546 547 548 547 546 546 546 543 542 540 532 527 526 520 512 507 499 493 487 481 488 496 498 500 505 513 522 534 543 548 554 555 560 564 567 568 572 576 580 586 595 603 607 611 615 619 625 629 637 647 657 662 666 677 687 689 699 703 710 724 733 746 762 776 789 801 812 821 828 830 825 819 811 794 774 756 740 733 733 734 736 739 746 766 782 775 767 759 751 744 737 730 722 715 708 702 694 688 681 675 669 662 656 649 644 639 634 629 626 621 616 612 611 612 616 621 626 630 629 626 642 656 675 696 715 739 752 739 750 803 931 991 1058 1042 1014 1010 962 960 936 960 982 1002 1019 1035 1050 1063 1075 1086 1097 1106 1115 1124 1132 1139 1146 1153 1160 1166 1172 1177 1183 1188 1193 1198 1203 1208 1213 1218 1222 1227 1231 1235 1240 1244 1248 1253 1257 1261 1265 1269 1273 1277 1281 1285 1289 1293 1297 1301 1305 1309 1314 1318 1322 1326 1330 1334 1339 1343 1347 1352 1356 1360 1365 1369 1374 1378 1383 1387 1392 1397 1401 1406 1410 1415 1420 1424 
399 400 401 402 403 404 405 406 407 408 409 410 411 412 413 414 416 417 418 419 420 421 422 423 425 426 427 428 429 431 432 432 432 432 432 431 431 431 431 431 431 431 430 430 430 430 430 430 430 430 430 430 430 430 430 431 431 431 431 431 431 431 431 432 432 432 432 433 433 433 433 434 434 434 435 435 436 436 436 437 437 438 438 439 439 439 440 440 441 441 442 442 443 443 444 444 445 445 445 446 461 466 470 468 467 466 468 470 475 470 469 469 469 468 467 472 478 480 479 480 481 478 476 475 477 481 484 488 493 499 502 500 497 499 491 491 490 487 493 508 516 512 530 510 516 509 512 520 519 525 524 531 525 529 526 526 524 519 513 526 509 498 499 503 513 516 522 524 538 543 543 545 553 554 556 552 552 554 556 554 550 552 548 536 519 512 523 527 532 530 532 534 534 530 529 529 530 531 531 531 534 537 539 539 538 536 536 536 532 532 528 519 513 511 517 502 492 484 479 472 463 469 485 493 491 492 503 514 523 530 533 538 541 546 550 554 558 560 564 568 573 579 586 593 597 602 606 609 615 623 633 640 649 658 664 664 667 676 692 705 711 721 730 743 756 769 780 790 798 797 793 787 782 774 762 749 740 725 704 706 715 723 740 752 761 764 761 754 747 738 732 725 718 711 704 697 691 685 678 672 666 660 654 648 641 636 632 627 622 619 616 611 607 603 600 603 610 624 624 632 621 631 652 679 698 717 751 743 744 768 814 938 988 1027 931 1060 1078 998 957 934 957 978 997 1014 1030 1045 1058 1070 1082 1092 1102 1111 1120 1128 1136 1143 1149 1156 1162 1168 1174 1179 1184 1189 1194 1199 1204 1209 1213 1218 1223 1227 1231 1236 1240 1244 1248 1252 1257 1261 1265 1269 1273 1277 1281 1285 1289 1293 1297 1301 1305 1309 1313 1317 1322 1326 1330 1334 1339 1343 1347 1352 1356 1361 1365 1370 1374 1379 1384 1388 1393 1397 1402 1407 1411 1416 1421 
395 396 397 398 399 400 400 401 402 403 404 405 406 407 408 409 410 411 412 413 414 416 417 418 419 420 421 422 423 424 426 427 428 428 427 427 427 427 427 427 426 426 426 426 426 426 426 426 426 426 426 426 426 426 426 426 426 426 426 426 426 427 427 427 427 427 427 428 428 428 428 429 429 429 430 430 430 431 431 432 432 432 433 433 434 434 435 435 436 436 437 437 437 438 438 439 439 440 440 440 456 459 459 457 457 459 462 463 467 466 465 464 463 466 462 463 467 469 472 473 472 470 468 469 473 477 478 482 488 490 496 495 493 488 484 484 482 481 489 492 503 500 506 498 498 505 501 501 506 525 512 515 524 527 527 513 513 506 504 505 504 507 503 507 517 519 534 534 531 537 542 544 546 537 535 535 539 545 545 543 532 537 537 523 505 511 520 525 521 520 525 524 522 520 521 523 523 522 520 519 523 526 527 528 527 525 524 524 521 518 512 506 500 497 504 492 480 473 468 460 453 457 466 474 474 480 493 504 511 515 519 524 529 531 535 541 546 548 551 556 560 564 571 578 582 587 592 594 601 606 616 624 630 637 638 643 651 662 670 679 688 699 711 725 737 748 759 769 767 764 759 751 744 735 720 706 699 699 700 706 715 723 730 736 740 744 747 742 735 726 719 713 707 700 694 688 681 675 669 663 658 652 646 641 634 628 623 619 616 612 609 606 607 604 600 595 596 610 619 631 623 641 643 669 708 736 735 731 749 796 840 939 999 1055 1109 916 999 1004 982 931 953 973 992 1009 1025 1039 1053 1065 1077 1088 1098 1107 1116 1124 1131 1139 1145 1152 1158 1164 1169 1175 1180 1185 1190 1195 1200 1204 1209 1214 1218 1223 1227 1231 1236 1240 1244 1248 1252 1256 1260 1264 1268 1272 1276 1280 1284 1288 1292 1296 1301 1305 1309 1313 1317 1321 1326 1330 1334 1339 1343 1348 1352 1357 1361 1366 1370 1375 1380 1384 1389 1394 1398 1403 1408 1413 1417 
391 392 392 393 394 395 396 397 398 399 399 400 401 402 403 404 405 406 407 408 409 410 411 412 413 414 415 416 417 418 419 420 422 423 423 423 423 423 422 422 422 422 422 422 422 422 421 421 421 421 421 421 421 421 421 421 421 421 421 422 422 422 422 422 422 422 423 423 423 423 423 424 424 424 425 425 425 426 426 426 427 427 428 428 429 429 430 430 430 431 431 432 432 433 433 433 434 434 435 435 449 436 450 451 451 453 456 458 459 461 461 460 460 459 460 460 458 463 467 464 462 461 463 465 466 469 474 475 478 481 486 482 483 485 478 475 475 477 480 483 484 482 483 487 495 495 502 508 517 510 508 510 516 522 519 514 508 513 515 511 499 502 508 508 513 520 527 527 528 532 533 536 532 508 502 512 527 539 536 528 518 514 522 515 500 509 512 511 510 514 517 513 512 509 514 521 524 523 520 516 514 512 510 511 512 514 512 512 513 508 499 494 488 484 489 488 470 464 461 452 449 451 452 460 460 464 478 488 491 494 500 507 513 516 520 526 531 534 539 542 547 552 558 562 567 568 568 570 575 587 598 604 612 616 622 626 637 643 651 663 676 686 695 707 717 727 737 738 734 729 723 715 707 695 680 663 657 665 676 683 690 699 707 714 719 724 729 729 721 713 707 701 695 689 683 677 671 665 660 654 648 643 640 635 628 622 617 612 609 607 603 600 599 603 598 596 603 593 611 621 628 645 644 662 692 726 722 729 757 800 849 926 992 1063 1084 892 900 956 952 926 947 967 985 1002 1018 1033 1047 1059 1071 1082 1093 1102 1111 1119 1127 1134 1141 1147 1153 1159 1165 1170 1175 1181 1186 1190 1195 1200 1205 1209 1214 1218 1222 1227 1231 1235 1239 1243 1248 1252 1256 1260 1264 1268 1272 1276 1280 1284 1288 1292 1296 1300 1304 1308 1313 1317 1321 1326 1330 1334 1339 1343 1348 1352 1357 1362 1366 1371 1376 1380 1385 1390 1395 1400 1404 1409 1414 
386 387 388 389 390 390 391 392 393 394 395 396 396 397 398 399 400 401 402 403 404 405 406 406 407 408 409 410 411 412 413 414 415 416 417 418 419 418 418 418 418 418 418 417 417 417 417 417 417 417 417 417 417 417 417 417 417 417 417 417 417 417 417 417 417 418 418 418 418 418 419 419 419 419 420 420 420 421 421 421 422 422 423 423 423 424 424 425 425 426 426 426 427 427 428 428 429 429 429 430 430 430 445 447 450 451 455 458 456 457 457 456 454 456 459 459 454 455 463 458 455 456 459 459 464 465 465 468 473 475 480 475 471 471 470 469 472 471 473 479 478 483 484 482 486 490 501 508 507 496 500 507 508 512 512 508 508 516 510 498 500 503 508 512 510 515 518 521 526 529 526 526 517 497 499 507 515 532 530 525 514 502 495 492 501 504 498 495 497 503 504 503 499 498 504 513 519 522 520 520 517 509 506 506 503 500 499 499 497 493 487 483 477 476 485 488 463 454 450 444 442 443 448 449 448 451 461 471 475 479 485 492 498 502 506 510 514 519 526 530 535 540 545 550 554 560 562 563 565 566 574 586 600 605 609 618 625 637 644 655 663 672 680 688 697 702 703 703 699 694 689 682 673 662 646 630 622 634 650 660 668 678 687 695 702 707 712 714 707 697 691 685 681 678 672 666 661 655 650 645 645 639 642 634 625 615 610 607 606 605 598 596 595 592 597 603 602 597 594 596 606 615 642 679 714 721 716 726 753 784 818 907 972 1035 1061 935 901 907 899 920 941 960 978 995 1011 1026 1040 1053 1065 1077 1087 1097 1106 1114 1122 1129 1136 1142 1148 1154 1160 1165 1171 1176 1181 1185 1190 1195 1200 1204 1209 1213 1218 1222 1226 1230 1235 1239 1243 1247 1251 1255 1259 1263 1267 1271 1275 1279 1283 1287 1291 1295 1299 1304 1308 1312 1317 1321 1325 1330 1334 1339 1343 1348 1353 1357 1362 1367 1372 1376 1381 1386 1391 1396 1401 1405 1410 
382 383 384 384 385 386 387 387 388 389 390 391 392 392 393 394 395 396 397 397 398 399 400 401 402 403 404 404 405 406 407 408 409 410 411 412 413 414 414 414 414 414 413 413 413 413 413 413 413 413 412 412 412 412 412 412 412 412 412 412 412 412 412 413 413 413 413 413 413 413 414 414 414 414 415 415 415 416 416 416 417 417 418 418 418 419 419 420 420 420 421 421 422 422 422 423 423 424 424 424 425 439 443 444 448 451 455 456 456 453 453 451 451 453 454 452 449 449 449 450 453 453 451 453 455 456 460 464 465 466 467 469 466 462 461 462 463 465 471 472 472 479 490 487 492 492 485 489 509 495 497 500 501 521 508 502 507 499 492 487 494 501 506 508 508 511 516 520 523 524 520 507 499 495 504 503 506 518 522 517 511 512 507 500 500 496 489 486 488 492 496 495 489 487 489 495 506 512 512 513 512 508 506 504 499 493 490 488 485 482 478 474 469 470 480 483 458 445 439 436 432 434 438 438 438 442 449 457 461 466 473 479 485 493 498 501 503 508 513 517 522 527 532 538 546 555 562 559 554 559 566 570 585 591 596 603 619 631 636 640 652 660 664 669 668 670 671 670 667 663 659 652 645 636 623 611 606 615 632 647 653 664 674 679 684 691 695 695 686 677 672 667 662 659 659 656 650 645 640 635 636 637 632 628 615 610 605 602 600 599 595 590 589 589 599 613 595 586 585 587 597 604 636 689 726 719 719 723 738 754 771 796 956 994 1018 1073 1020 918 892 913 960 952 970 987 1004 1019 1033 1047 1059 1071 1081 1091 1100 1109 1117 1124 1131 1137 1143 1149 1155 1160 1165 1170 1175 1180 1185 1190 1194 1199 1204 1208 1212 1217 1221 1225 1230 1234 1238 1242 1246 1250 1254 1258 1262 1266 1270 1274 1278 1282 1286 1290 1295 1299 1303 1307 1312 1316 1321 1325 1330 1334 1339 1344 1348 1353 1358 1363 1368 1372 1377 1382 1387 1392 1397 1402 1407 
378 379 379 380 381 381 382 383 384 384 385 386 387 387 388 389 390 391 391 392 393 394 395 395 396 397 398 399 399 400 401 402 403 403 404 405 406 407 408 409 410 409 409 409 409 409 409 408 408 408 408 408 408 408 408 408 408 408 408 408 408 408 408 408 408 408 408 408 408 409 409 409 409 409 410 410 410 411 411 411 412 412 412 413 413 414 414 415 415 415 416 416 416 417 417 418 418 418 419 419 434 436 439 442 445 450 454 456 453 451 448 449 449 450 449 447 448 448 446 446 449 449 447 447 450 450 453 457 456 456 456 456 458 456 456 458 460 459 461 466 466 470 466 469 470 470 474 490 495 493 491 493 496 501 498 499 496 486 489 497 499 501 500 502 507 510 509 517 513 514 516 500 491 495 487 485 500 516 518 513 507 503 504 503 503 496 485 480 482 484 485 485 481 478 476 483 498 501 499 498 498 493 492 498 496 494 487 479 474 471 469 464 460 462 478 482 455 442 433 427 425 426 428 428 430 434 440 446 451 457 464 473 479 487 493 495 496 498 502 506 510 513 518 526 536 545 554 551 545 551 564 571 580 579 584 589 601 616 627 630 633 644 647 643 641 643 645 643 638 635 633 628 621 615 606 599 596 602 617 632 644 653 662 663 666 672 678 677 666 657 652 648 645 644 644 645 640 635 630 626 623 621 619 617 610 608 603 595 592 589 585 585 591 583 586 606 595 597 589 591 599 600 634 684 738 750 743 730 737 744 761 787 920 908 918 1009 1005 1000 929 959 965 943 961 979 995 1011 1026 1039 1052 1064 1075 1085 1095 1103 1111 1118 1125 1131 1138 1143 1149 1154 1159 1165 1170 1174 1179 1184 1189 1194 1198 1203 1207 1212 1216 1220 1224 1229 1233 1237 1241 1245 1249 1253 1257 1261 1265 1269 1273 1277 1281 1285 1289 1294 1298 1302 1307 1311 1316 1320 1325 1330 1334 1339 1344 1349 1354 1358 1363 1368 1373 1378 1383 1388 1393 1398 1403 
374 374 375 376 376 377 378 378 379 380 380 381 382 383 383 384 385 386 386 387 388 389 389 390 391 391 392 393 394 394 395 396 396 397 398 399 399 400 401 402 403 404 405 405 405 404 404 404 404 404 404 404 403 403 403 403 403 403 403 403 403 403 403 403 403 403 403 403 403 404 404 404 404 404 405 405 405 406 406 406 407 407 407 408 408 409 409 409 410 410 411 411 411 412 412 412 413 413 427 432 434 435 438 439 442 447 451 454 451 448 445 447 448 448 445 443 448 447 446 442 443 446 444 442 449 446 445 446 448 449 447 448 448 449 452 458 460 457 458 457 463 479 471 464 462 470 477 478 482 483 486 489 493 496 492 490 488 490 485 496 497 496 495 497 503 503 502 503 504 506 507 496 485 498 492 485 493 510 516 511 501 493 488 490 490 490 481 475 475 475 479 483 476 469 466 474 488 486 478 476 476 472 473 478 481 483 476 470 466 462 457 453 451 454 472 475 453 441 431 421 418 420 420 420 424 427 432 438 443 450 460 469 474 479 483 485 487 489 491 495 497 499 502 514 522 529 538 542 542 544 553 563 567 573 576 576 590 606 621 626 623 630 621 617 621 624 622 617 613 611 610 607 602 598 593 589 589 593 604 617 635 646 652 649 648 650 653 651 642 635 631 629 629 630 632 635 630 626 622 618 614 617 612 612 606 602 601 592 588 585 580 581 583 591 589 609 608 629 605 589 598 613 637 686 751 783 781 751 729 734 758 786 895 965 976 904 977 1012 981 928 1021 1026 951 969 986 1002 1017 1032 1045 1057 1069 1079 1088 1097 1105 1112 1119 1125 1131 1137 1143 1148 1153 1158 1164 1168 1173 1178 1183 1188 1193 1197 1202 1206 1211 1215 1219 1223 1227 1232 1236 1240 1244 1248 1252 1256 1260 1264 1268 1272 1276 1280 1284 1289 1293 1297 1302 1306 1311 1315 1320 1325 1330 1334 1339 1344 1349 1354 1359 1364 1369 1374 1379 1384 1389 1394 1399 
370 370 371 371 372 373 373 374 374 375 376 376 377 378 378 379 380 381 381 382 383 383 384 385 385 386 387 387 388 388 389 390 390 391 392 392 393 394 394 395 396 397 398 399 400 400 400 400 400 399 399 399 399 399 399 399 399 399 399 398 398 398 398 398 398 398 399 399 399 399 399 399 399 400 400 400 400 401 401 401 402 402 402 403 403 404 404 404 405 405 406 406 406 407 407 407 423 424 426 431 434 434 437 438 440 443 448 452 453 453 447 443 442 440 439 439 444 443 444 442 441 441 438 437 438 438 439 439 440 440 441 442 442 443 446 451 456 458 456 455 470 479 471 464 456 461 465 471 479 476 479 484 490 494 493 487 483 482 483 486 490 489 490 491 494 494 496 498 497 492 490 482 477 484 486 486 493 506 512 505 497 490 486 480 475 474 472 468 466 467 477 481 470 461 457 463 468 465 461 464 461 461 462 466 467 463 460 464 466 459 449 444 443 448 459 466 457 443 431 418 413 415 416 415 417 421 425 431 436 443 450 457 464 468 471 474 475 477 479 482 483 484 487 497 507 514 520 526 536 540 545 555 559 562 566 567 576 597 614 609 610 619 606 597 602 608 604 596 592 591 589 587 585 583 581 580 582 587 595 605 620 635 643 638 630 625 620 618 614 611 611 611 613 616 620 625 622 618 614 610 606 603 603 602 608 606 597 588 585 582 578 577 581 586 599 613 635 638 605 602 628 633 644 684 732 747 755 737 721 722 740 766 850 917 966 933 867 884 932 1057 902 973 940 958 976 993 1009 1024 1037 1050 1062 1072 1082 1091 1098 1106 1113 1119 1125 1131 1136 1141 1147 1152 1157 1162 1167 1172 1177 1182 1187 1191 1196 1200 1205 1209 1214 1218 1222 1226 1230 1234 1238 1242 1246 1250 1254 1258 1262 1266 1270 1275 1279 1283 1288 1292 1297 1301 1306 1310 1315 1320 1325 1330 1335 1340 1345 1350 1355 1360 1365 1370 1375 1380 1385 1391 1396 
365 366 367 367 368 368 369 369 370 371 371 372 372 373 374 374 375 376 376 377 378 378 379 379 380 381 381 382 382 383 383 384 384 385 385 386 386 387 388 388 389 390 391 392 393 394 395 397 398 400 395 395 395 395 394 394 394 394 394 394 394 394 394 394 394 394 394 394 394 394 394 394 394 395 395 395 395 396 396 396 397 397 398 398 398 399 399 399 400 400 401 401 401 402 402 402 417 419 423 429 433 436 438 441 439 441 443 447 449 450 450 444 438 438 436 435 437 438 440 442 440 437 435 434 433 433 433 438 440 441 439 437 437 438 440 443 447 451 450 460 458 457 457 458 454 467 467 465 470 470 474 478 487 489 491 487 485 484 481 483 484 484 483 485 487 490 496 493 486 482 478 472 471 471 474 475 492 497 499 499 494 489 489 481 471 467 465 463 460 462 475 479 469 458 450 450 451 453 454 460 457 457 456 463 463 452 448 455 461 457 443 436 435 442 454 465 462 449 437 419 412 411 412 411 413 415 419 425 431 438 445 450 454 459 461 463 464 464 466 468 470 470 472 477 485 496 506 515 525 532 539 547 553 554 563 569 575 578 589 587 593 609 612 582 596 600 588 579 575 573 570 571 570 570 570 571 574 581 590 599 608 620 629 629 618 602 589 585 586 590 593 595 599 604 610 616 613 609 606 602 599 596 597 594 604 609 597 587 583 578 576 576 581 586 596 612 633 616 594 597 609 633 645 663 687 709 726 718 711 712 719 738 798 909 930 945 910 898 898 951 915 909 928 947 965 983 999 1015 1030 1043 1055 1066 1075 1084 1092 1099 1105 1112 1118 1123 1129 1134 1140 1145 1150 1155 1160 1165 1170 1175 1180 1185 1190 1195 1199 1203 1208 1212 1216 1220 1224 1228 1232 1236 1240 1244 1248 1252 1256 1261 1265 1269 1273 1278 1282 1287 1291 1296 1300 1305 1310 1315 1320 1325 1330 1335 1340 1345 1350 1355 1361 1366 1371 1376 1381 1387 1392 
361 362 362 363 363 364 364 365 365 366 367 367 368 368 369 370 370 371 371 372 372 373 374 374 375 375 376 376 377 377 377 378 378 379 379 379 380 380 381 381 382 383 383 384 385 386 388 389 390 392 394 395 397 399 390 390 390 390 390 389 389 389 389 389 389 389 389 389 389 389 389 389 390 390 390 390 391 391 391 392 392 392 393 393 393 394 394 394 395 395 396 396 396 396 397 412 413 416 420 423 428 431 435 439 439 441 440 441 444 443 446 448 436 435 431 432 435 434 436 438 440 437 435 431 430 429 431 447 451 456 450 443 433 434 434 436 439 446 449 451 456 451 453 461 454 453 456 461 461 465 469 473 476 480 482 483 481 479 478 477 477 478 478 479 483 485 491 494 483 479 474 469 472 479 489 481 479 484 492 501 497 491 487 478 467 464 461 458 458 458 464 467 451 445 443 442 441 446 452 457 452 451 449 449 454 448 439 443 448 445 439 435 434 434 435 441 445 449 442 423 410 407 406 407 409 410 414 420 426 432 439 442 446 449 452 452 451 451 453 458 457 457 459 461 468 485 499 504 509 517 522 528 542 550 551 554 559 563 567 574 575 591 597 569 583 582 570 570 568 565 563 563 564 565 565 567 569 575 585 594 602 612 618 617 606 585 569 565 568 572 577 582 587 593 600 607 604 601 598 594 591 588 587 587 589 591 593 587 578 579 579 572 579 588 604 612 625 635 615 600 607 618 633 651 674 685 696 699 701 702 701 716 775 878 911 936 948 868 868 881 902 896 915 970 980 972 990 1006 1021 1035 1047 1058 1068 1077 1084 1091 1098 1104 1110 1116 1121 1127 1132 1137 1143 1148 1153 1159 1164 1169 1174 1179 1184 1188 1193 1197 1202 1206 1210 1215 1219 1223 1227 1231 1234 1238 1242 1246 1251 1255 1259 1263 1268 1272 1276 1281 1286 1290 1295 1300 1305 1310 1315 1320 1325 1330 1335 1340 1346 1351 1356 1362 1367 1372 1377 1383 1388 
357 358 358 359 359 360 360 360 361 362 362 363 363 364 364 365 365 366 366 367 368 368 369 369 369 370 370 371 371 371 372 372 372 372 373 373 373 374 374 374 375 375 376 377 378 379 380 381 383 384 386 387 389 391 392 394 396 398 385 385 385 385 385 385 384 384 384 384 384 384 385 385 385 385 385 385 386 386 386 387 387 387 388 388 388 389 389 390 390 390 391 391 391 392 392 408 411 412 416 420 423 425 428 430 433 431 432 436 437 437 440 438 431 432 428 431 433 431 433 436 438 435 429 428 431 427 425 434 441 447 448 443 430 432 433 435 434 436 442 451 450 450 448 452 452 450 453 456 457 462 470 471 474 475 474 476 475 473 472 471 471 471 473 472 477 480 488 492 489 484 482 473 473 480 496 487 483 486 488 495 495 485 479 473 464 460 455 453 452 450 452 448 442 444 440 435 432 436 444 451 450 442 440 444 446 441 431 432 433 431 432 430 435 437 434 437 441 444 447 425 411 406 405 405 406 407 411 417 422 428 433 438 441 442 442 441 441 442 444 448 447 445 446 446 453 471 487 490 495 500 506 512 519 532 533 537 542 547 552 559 564 572 573 563 567 566 569 573 564 557 555 556 557 559 560 562 566 572 584 591 599 609 617 613 597 580 567 562 563 566 568 570 577 584 593 598 595 592 590 587 584 582 580 579 581 582 587 583 579 584 578 570 573 580 582 604 629 627 608 605 620 620 634 655 667 667 674 684 686 690 684 693 733 811 867 914 932 868 890 881 887 881 901 921 941 961 979 997 1013 1027 1040 1051 1060 1069 1076 1083 1090 1096 1102 1107 1113 1118 1124 1129 1135 1140 1146 1151 1157 1162 1167 1172 1177 1182 1187 1191 1196 1200 1204 1208 1213 1217 1221 1224 1228 1232 1236 1240 1245 1249 1253 1257 1262 1266 1271 1275 1280 1285 1290 1294 1299 1304 1310 1315 1320 1325 1330 1336 1341 1346 1352 1357 1363 1368 1373 1379 1384 
353 354 354 354 355 355 356 356 357 357 358 358 359 359 360 360 361 361 362 362 363 363 364 364 364 365 365 365 366 366 366 366 366 366 367 367 367 367 367 368 368 368 369 370 370 371 372 373 375 376 378 379 381 382 384 386 388 390 392 394 396 398 400 380 380 380 380 380 380 380 380 380 380 380 380 381 381 381 381 382 382 383 383 383 384 384 384 385 385 385 386 386 386 387 401 403 406 410 414 416 417 420 423 426 424 425 429 431 429 430 435 431 431 429 429 432 431 432 433 434 433 435 428 427 431 427 423 423 426 431 444 441 427 431 433 435 438 430 436 441 439 441 443 445 447 448 458 457 459 460 468 471 467 469 468 470 468 467 466 465 465 461 461 466 476 478 484 489 489 486 481 476 478 481 487 487 496 500 499 496 485 481 478 474 462 455 451 449 448 439 435 433 438 440 436 430 426 430 433 439 442 437 434 440 436 428 424 426 427 420 424 424 422 430 439 445 447 444 436 425 413 405 401 402 404 406 409 415 421 427 432 438 437 435 434 433 432 432 434 437 439 433 432 432 437 452 475 480 473 481 493 500 505 511 516 521 527 533 541 548 552 555 555 557 567 560 568 566 559 549 547 550 551 552 554 557 562 568 580 587 597 607 615 611 599 583 569 564 561 563 564 566 569 576 585 589 586 584 582 580 577 575 573 571 571 571 581 587 580 583 572 574 571 574 587 602 635 620 612 608 626 631 640 653 652 649 650 656 663 664 655 656 673 718 798 866 925 928 915 886 867 865 886 907 928 948 968 987 1004 1019 1032 1043 1052 1060 1068 1075 1081 1087 1093 1098 1104 1110 1115 1121 1127 1132 1138 1144 1149 1155 1160 1165 1171 1176 1180 1185 1190 1194 1198 1202 1206 1210 1214 1218 1222 1226 1230 1234 1238 1242 1247 1251 1256 1260 1265 1269 1274 1279 1284 1289 1294 1299 1304 1310 1315 1320 1326 1331 1336 1342 1347 1353 1358 1364 1369 1375 1380 
349 350 350 350 351 351 351 352 352 353 353 354 354 354 355 355 356 356 357 357 358 358 359 359 359 360 360 360 360 360 361 361 361 361 361 361 361 361 361 361 361 361 362 362 363 364 365 366 367 368 370 371 373 374 376 378 380 381 383 385 387 389 391 393 395 397 399 375 375 375 375 375 375 375 376 376 376 376 377 377 377 378 378 378 379 379 380 380 380 381 381 381 381 382 397 401 404 408 410 410 414 418 419 419 417 423 426 423 423 428 428 424 427 429 428 425 424 424 426 427 426 429 429 427 427 425 423 421 422 421 429 426 422 429 423 424 428 425 434 431 434 441 447 449 446 444 451 455 458 460 465 467 462 467 462 460 462 463 460 456 449 450 450 458 470 472 480 485 486 483 479 480 473 469 476 490 494 504 503 496 491 491 483 470 459 453 450 450 448 437 431 430 436 439 436 430 429 432 427 426 427 427 431 436 428 424 420 418 421 415 418 422 418 425 437 446 454 448 434 424 411 403 399 400 401 402 407 413 419 427 432 431 428 426 425 425 424 425 426 429 425 422 420 420 428 447 461 464 461 464 477 487 492 498 503 509 516 522 527 533 539 546 550 550 559 562 557 550 542 541 545 546 549 553 551 553 557 565 572 582 594 608 606 604 602 586 570 564 560 560 561 563 566 569 578 580 578 576 575 572 571 569 567 566 565 565 573 579 580 580 580 571 579 586 592 614 625 628 629 621 631 654 633 645 643 645 633 632 644 645 633 626 628 652 702 823 879 923 941 975 912 887 869 891 913 935 956 977 995 1011 1023 1034 1043 1051 1058 1065 1071 1077 1083 1089 1094 1100 1106 1112 1118 1124 1130 1136 1141 1147 1153 1158 1164 1169 1174 1179 1183 1187 1192 1196 1200 1204 1208 1212 1216 1220 1224 1228 1232 1236 1240 1245 1249 1254 1258 1263 1268 1273 1278 1283 1288 1294 1299 1304 1310 1315 1321 1326 1332 1337 1343 1348 1354 1360 1365 1371 1376 
345 346 346 346 346 347 347 347 348 348 349 349 349 350 350 351 351 352 352 353 353 353 354 354 354 355 355 355 355 355 355 355 355 355 355 354 354 354 354 354 354 354 355 355 356 356 357 358 359 361 362 363 365 366 368 370 372 373 375 377 378 380 382 384 386 388 390 392 394 396 398 370 370 371 371 371 371 372 372 372 373 373 373 374 374 374 375 375 375 376 376 376 377 391 393 397 400 403 402 406 410 413 412 411 416 420 420 416 419 422 418 419 422 421 420 417 416 416 417 418 421 423 426 426 424 422 420 422 424 421 426 423 425 423 419 419 422 421 423 427 433 436 441 446 444 444 442 444 447 453 463 456 458 459 456 454 457 455 450 440 434 442 442 449 453 457 471 481 480 483 485 485 479 471 474 482 490 494 494 489 491 485 477 466 457 453 453 458 454 436 434 433 433 440 438 432 431 429 422 420 418 420 432 437 428 426 413 408 413 411 412 415 417 421 430 437 444 448 444 429 411 403 401 399 398 400 409 414 420 427 428 424 421 419 417 417 418 419 420 422 418 414 411 407 414 421 423 432 440 451 463 474 480 485 491 497 503 509 514 519 522 527 535 539 537 535 537 531 539 545 545 551 552 552 546 549 552 560 567 574 589 594 592 591 589 584 568 562 558 556 557 559 563 567 571 571 570 568 567 566 565 563 562 561 561 561 561 563 570 573 583 576 574 588 591 602 625 635 638 633 644 639 627 622 625 634 624 622 617 619 616 613 610 619 636 725 847 864 931 941 932 916 901 892 896 919 969 965 985 1001 1014 1024 1033 1041 1048 1054 1061 1066 1072 1078 1084 1090 1096 1102 1108 1115 1121 1127 1133 1139 1145 1151 1157 1162 1167 1172 1176 1181 1185 1189 1193 1197 1201 1205 1209 1213 1217 1221 1225 1229 1234 1238 1243 1247 1252 1257 1262 1267 1272 1277 1283 1288 1293 1299 1304 1310 1316 1321 1327 1333 1338 1344 1350 1355 1361 1367 1372 
341 342 342 342 342 343 343 343 344 344 344 345 345 345 346 346 347 347 348 348 348 349 349 349 350 350 350 350 350 350 350 350 349 349 349 348 348 348 348 347 347 347 347 348 348 349 350 351 352 353 354 356 357 359 360 362 364 365 367 368 370 372 373 375 377 379 381 383 385 387 389 391 393 395 397 399 367 367 367 368 368 368 369 369 369 370 370 370 371 371 371 372 372 386 389 391 394 394 396 400 401 403 402 405 408 411 412 409 413 413 411 412 413 412 412 410 410 413 415 412 412 416 419 422 421 421 421 420 421 420 424 423 422 422 424 419 420 419 420 423 427 429 432 435 438 443 442 444 448 455 454 450 450 450 448 447 449 448 434 425 420 423 433 448 454 456 464 476 476 474 478 484 485 481 482 486 490 488 485 483 482 482 476 468 455 452 455 456 447 440 443 433 434 441 437 430 426 422 415 413 411 414 427 432 426 411 403 404 409 412 412 411 419 429 423 425 430 440 445 433 415 402 400 399 408 400 410 416 422 421 419 415 413 411 409 408 409 410 412 413 413 408 403 396 393 395 405 417 428 439 451 462 468 473 479 484 490 494 498 502 506 508 514 518 510 501 529 529 542 556 552 561 554 555 546 545 548 554 562 568 579 580 578 577 576 573 564 558 554 552 551 555 559 563 564 562 562 561 560 559 558 558 557 556 556 557 558 559 561 569 581 587 576 580 597 602 618 624 652 640 638 635 619 616 619 630 619 614 612 623 617 616 614 636 611 688 794 847 889 882 896 958 914 872 903 920 927 951 1006 990 1003 1013 1021 1029 1036 1043 1049 1055 1061 1067 1073 1079 1085 1092 1098 1105 1112 1118 1125 1131 1138 1144 1150 1155 1160 1165 1170 1174 1178 1183 1187 1190 1194 1198 1202 1206 1210 1214 1218 1222 1227 1231 1236 1241 1245 1250 1255 1261 1266 1271 1277 1282 1288 1293 1299 1305 1310 1316 1322 1328 1334 1339 1345 1351 1357 1363 1368 
338 338 338 338 338 339 339 339 339 340 340 340 341 341 341 342 342 343 343 343 344 344 344 345 345 345 345 345 345 345 345 345 344 344 343 343 342 342 341 341 340 340 340 340 341 341 342 343 344 345 347 348 349 351 353 354 356 357 359 360 362 363 365 367 368 370 372 373 375 377 379 381 383 385 387 389 391 393 394 395 396 397 398 399 365 365 365 366 366 366 367 367 381 383 385 387 390 389 389 393 393 394 394 395 398 401 402 401 403 402 403 404 408 410 410 405 403 407 408 407 405 408 409 413 413 417 418 416 418 416 416 419 420 420 417 419 421 420 420 421 423 423 426 428 430 433 438 446 450 452 447 445 442 442 441 440 441 435 420 413 418 421 422 437 450 462 469 480 474 469 473 478 483 480 479 484 489 485 482 476 472 471 467 462 455 443 439 438 442 452 448 432 433 437 430 421 417 415 409 408 409 411 424 427 415 399 398 406 414 415 417 411 416 433 424 427 434 438 450 440 412 402 396 399 415 400 408 416 417 413 409 407 404 403 402 401 401 402 403 405 404 399 395 388 387 391 398 409 418 429 440 451 455 460 466 472 476 482 486 484 482 488 492 490 497 483 523 538 545 561 557 558 554 553 545 542 545 547 556 562 567 566 566 567 565 563 557 551 547 545 545 548 554 556 555 554 553 553 552 552 551 551 552 552 551 552 553 554 556 559 569 580 585 576 585 591 607 620 643 639 650 638 616 612 622 631 615 618 619 626 625 625 618 605 597 598 648 799 826 831 852 891 920 889 882 904 927 934 1002 975 988 999 1026 1016 1023 1030 1036 1042 1048 1054 1061 1067 1074 1081 1088 1095 1102 1109 1116 1123 1130 1136 1142 1148 1153 1158 1163 1167 1172 1176 1179 1183 1187 1191 1195 1199 1203 1207 1211 1215 1220 1224 1229 1234 1239 1244 1249 1254 1260 1265 1271 1276 1282 1288 1293 1299 1305 1311 1317 1323 1329 1335 1341 1347 1353 1359 1364 
334 334 334 334 334 334 335 335 335 335 336 336 336 337 337 337 338 338 338 339 339 340 340 340 340 340 341 340 340 340 340 339 339 338 338 337 336 335 335 334 334 333 333 333 333 334 335 335 336 338 339 340 342 343 345 347 348 350 351 352 354 355 357 358 360 361 363 364 366 368 370 372 374 376 378 380 381 383 384 385 386 387 387 388 388 389 390 391 392 394 396 376 377 378 381 385 387 385 383 386 386 387 389 389 390 392 393 393 395 395 397 400 403 404 401 398 396 397 397 398 398 400 401 401 404 407 413 409 411 412 408 409 414 415 413 413 414 415 417 419 421 421 422 422 425 429 433 436 442 445 442 439 437 436 434 435 436 424 414 413 416 421 413 423 440 449 467 477 473 471 471 471 472 472 473 477 483 480 476 473 465 459 454 450 447 438 430 429 437 446 436 428 429 422 416 413 408 405 407 411 415 415 416 410 398 394 396 407 418 421 420 412 412 425 423 427 436 440 452 438 411 409 402 395 396 400 408 412 409 405 401 398 396 395 394 394 394 394 395 398 399 394 391 385 384 389 396 404 413 422 432 439 444 449 453 458 464 470 473 475 471 474 474 479 486 475 507 524 535 547 552 555 562 550 546 539 539 538 547 551 554 553 554 557 556 552 546 540 537 536 536 540 547 547 547 545 545 545 545 545 545 545 545 546 546 547 549 553 554 557 566 588 597 589 590 596 603 619 647 647 659 652 629 628 647 631 618 624 633 635 613 614 615 609 592 571 604 688 776 796 831 858 885 864 877 896 924 944 961 975 970 982 993 1001 1009 1015 1022 1028 1035 1041 1048 1055 1062 1069 1077 1084 1092 1100 1107 1115 1122 1129 1135 1141 1146 1151 1156 1160 1165 1168 1172 1176 1180 1184 1187 1191 1195 1199 1203 1208 1212 1217 1222 1227 1232 1237 1242 1247 1253 1259 1264 1270 1276 1282 1288 1294 1300 1306 1312 1318 1324 1330 1336 1342 1348 1354 1360 
330 330 330 330 330 330 331 331 331 331 331 332 332 332 333 333 333 334 334 334 335 335 335 336 336 336 336 336 336 336 335 335 334 333 332 331 330 329 329 328 327 326 326 326 326 326 327 328 329 330 332 333 335 336 338 339 341 342 343 345 346 347 349 350 351 352 354 355 357 359 361 363 365 367 369 371 372 374 375 375 376 376 376 376 376 376 377 378 379 381 395 372 374 377 376 381 381 381 381 380 383 385 387 385 384 386 387 388 390 391 394 394 394 398 396 392 391 392 393 394 394 394 394 394 396 400 404 404 404 406 401 404 405 408 408 408 409 409 410 412 415 416 420 420 420 422 425 429 433 439 436 433 431 428 430 431 436 429 412 407 398 397 400 409 427 441 454 465 462 461 464 464 463 465 469 473 475 473 472 470 462 454 449 444 439 433 427 423 426 424 418 413 412 408 406 406 403 400 405 415 419 415 402 390 388 391 390 396 409 415 413 405 401 405 411 420 425 428 426 413 404 408 401 394 394 402 408 404 401 396 393 389 388 387 386 386 386 386 387 390 397 391 389 383 383 388 394 400 408 416 424 428 432 436 441 446 451 456 461 455 456 462 461 458 454 438 465 508 523 535 542 542 533 532 532 531 531 533 535 539 542 542 542 544 545 541 531 526 524 524 526 531 538 538 538 538 537 537 537 538 538 539 540 541 543 544 545 550 555 560 573 589 594 601 605 608 634 647 654 659 652 661 660 653 640 632 633 629 640 622 604 608 643 675 610 571 568 569 615 725 810 815 855 879 851 862 893 978 954 950 967 981 994 1003 993 1000 1006 1013 1020 1027 1034 1042 1049 1057 1065 1073 1082 1090 1098 1106 1114 1121 1128 1134 1139 1144 1149 1153 1157 1161 1165 1168 1172 1176 1180 1183 1187 1191 1196 1200 1205 1209 1214 1219 1224 1230 1235 1241 1246 1252 1258 1264 1270 1276 1282 1288 1294 1301 1307 1313 1319 1325 1332 1338 1344 1350 1356 
326 326 326 326 326 326 326 327 327 327 327 327 328 328 328 329 329 329 330 330 330 331 331 331 331 332 332 332 331 331 331 330 329 328 327 326 325 324 322 321 320 320 319 319 319 319 320 321 322 323 324 326 327 329 331 332 333 335 336 337 338 339 341 342 343 344 345 347 348 350 352 354 356 358 360 362 363 365 365 366 366 366 366 365 365 364 364 365 367 380 367 369 372 376 376 377 379 381 381 378 378 382 384 383 381 383 384 390 392 389 387 384 386 390 388 386 390 393 393 393 392 390 400 399 389 392 394 395 395 398 395 399 401 400 401 402 402 403 405 407 409 410 410 411 414 415 420 425 425 425 424 424 424 422 423 424 425 426 413 398 391 392 396 404 424 435 444 458 461 455 459 458 458 461 462 462 467 467 467 465 461 453 449 443 435 429 424 419 416 413 410 408 405 403 401 401 401 404 401 405 415 410 395 384 381 384 383 383 387 390 390 388 384 386 394 401 407 420 423 413 399 402 395 392 393 401 400 396 392 387 384 382 380 379 378 377 377 378 379 382 399 392 390 384 382 384 390 396 404 409 413 417 420 425 429 433 438 442 448 450 451 451 446 448 455 443 461 489 510 520 526 523 519 532 529 521 523 525 523 526 532 530 530 532 531 530 518 511 510 512 515 520 529 530 530 530 530 529 530 531 532 533 535 536 538 541 543 546 552 557 559 571 586 609 621 623 634 660 667 666 662 667 662 646 630 619 624 622 617 616 603 609 625 620 586 567 559 551 573 681 766 782 816 862 859 791 864 929 923 925 944 962 976 985 975 982 990 997 1004 1012 1019 1028 1036 1044 1053 1062 1071 1080 1089 1098 1106 1114 1121 1127 1133 1137 1142 1146 1150 1154 1157 1161 1164 1168 1171 1175 1179 1183 1188 1192 1197 1202 1206 1212 1217 1222 1228 1234 1240 1245 1251 1258 1264 1270 1276 1283 1289 1295 1302 1308 1314 1321 1327 1333 1340 1346 1352 
322 322 322 322 322 322 322 323 323 323 323 323 323 324 324 324 325 325 325 326 326 326 327 327 327 327 327 327 327 327 326 326 325 323 322 321 319 318 316 315 314 313 312 311 311 312 312 313 314 316 317 319 321 322 324 325 326 328 329 330 331 332 333 334 335 336 337 338 339 341 343 345 347 350 352 353 355 356 357 357 357 357 356 355 353 352 353 357 373 395 363 366 367 368 371 373 376 378 378 379 376 375 378 379 381 382 385 387 388 382 378 379 380 380 381 383 388 394 395 394 392 396 392 389 387 393 398 399 389 391 397 392 394 394 395 395 396 397 400 403 401 405 404 405 406 408 412 421 421 415 415 414 415 416 416 418 411 403 402 391 393 393 399 399 409 416 425 443 446 447 454 451 452 455 458 458 462 465 462 458 456 455 451 440 429 425 423 419 415 413 412 410 406 401 398 398 400 408 408 409 414 404 388 381 377 377 376 376 375 375 375 376 376 378 381 387 394 404 410 409 393 394 393 390 391 397 391 387 383 379 375 374 373 371 371 370 370 371 396 395 394 391 389 384 381 383 387 393 395 398 402 405 409 413 417 421 424 428 433 439 439 434 433 444 452 452 473 484 502 507 512 509 517 518 511 510 517 515 510 514 520 519 519 521 519 516 507 500 499 501 504 508 517 521 522 523 523 523 523 524 526 528 529 532 534 537 539 541 546 552 560 564 580 599 619 628 643 645 648 647 658 648 635 633 630 631 628 626 636 626 615 622 622 603 584 567 554 551 580 647 647 701 774 812 828 832 840 857 881 899 921 941 956 965 938 956 971 979 987 995 1004 1013 1022 1031 1041 1050 1060 1070 1080 1090 1099 1107 1114 1120 1126 1131 1135 1139 1142 1146 1149 1152 1156 1159 1163 1167 1171 1175 1179 1184 1188 1193 1199 1204 1209 1215 1221 1227 1233 1239 1245 1251 1257 1264 1270 1277 1283 1290 1296 1303 1309 1316 1323 1329 1335 1342 1348 
319 319 319 318 318 318 318 318 319 319 319 319 319 319 320 320 320 321 321 321 322 322 323 323 323 323 323 323 323 323 322 321 320 319 318 316 314 312 311 309 307 306 305 304 304 304 305 306 307 309 310 312 314 316 317 319 320 321 322 323 324 325 325 326 327 327 328 329 331 332 334 337 339 341 343 345 347 348 349 349 349 348 347 345 345 350 362 376 386 389 393 359 360 361 362 364 368 371 372 373 375 371 372 372 373 378 380 380 377 375 374 398 397 395 394 398 385 388 388 390 392 400 391 388 380 378 379 381 383 387 383 387 391 389 390 390 390 390 396 396 395 399 399 398 400 404 406 408 412 410 407 407 408 410 409 405 398 393 395 390 405 397 402 401 401 408 416 430 439 441 442 444 447 452 455 456 461 461 458 453 449 447 441 429 427 432 429 424 419 416 413 408 402 398 402 403 396 399 406 412 413 397 384 383 377 374 372 373 373 372 370 371 373 374 375 376 380 388 396 412 400 398 402 396 390 395 383 378 374 370 367 367 366 363 363 362 363 397 392 389 387 385 384 382 379 381 384 390 396 388 391 395 398 402 405 409 413 416 419 425 427 424 426 436 446 454 466 475 490 494 492 500 507 508 504 501 512 504 502 504 508 508 509 509 508 501 497 493 491 492 494 497 506 513 514 514 516 516 517 518 520 522 524 526 529 531 535 538 542 548 551 554 582 597 609 617 624 620 624 640 653 640 640 635 635 640 640 648 657 646 635 627 617 596 581 568 559 552 561 561 562 617 661 765 770 813 823 838 852 873 894 919 889 880 856 894 938 933 967 978 988 997 1007 1017 1028 1038 1049 1060 1071 1082 1092 1100 1108 1114 1119 1123 1127 1131 1134 1138 1141 1144 1147 1151 1154 1158 1162 1166 1170 1175 1180 1185 1190 1196 1201 1207 1213 1219 1225 1232 1238 1245 1251 1258 1264 1271 1278 1284 1291 1298 1305 1311 1318 1325 1331 1338 1344 
315 315 315 315 315 315 314 314 315 315 315 315 315 315 316 316 316 316 317 317 318 318 319 319 319 319 320 320 319 319 318 317 316 315 313 311 309 307 305 303 301 299 298 297 297 297 297 299 300 302 304 306 308 309 311 312 314 315 316 317 317 318 318 319 319 319 320 321 322 324 326 328 331 333 336 338 340 341 341 341 341 341 344 351 362 374 376 377 380 382 382 384 388 392 395 362 363 365 363 365 365 364 364 364 365 368 369 370 369 395 389 395 398 396 394 399 382 383 382 387 389 388 399 389 377 370 368 368 370 372 371 373 374 374 375 375 376 377 382 387 383 389 390 391 395 396 401 403 404 403 395 392 391 392 398 401 393 387 390 386 400 394 401 403 404 412 423 440 439 437 440 441 446 448 450 454 455 453 451 447 443 438 429 427 432 441 438 428 417 408 402 400 398 397 406 405 396 395 400 404 398 383 386 385 379 374 369 368 370 372 368 368 371 372 372 373 375 381 388 398 402 406 399 393 397 398 374 370 365 361 359 359 358 356 355 355 397 393 387 386 381 378 378 378 377 378 380 385 391 397 383 384 388 391 394 397 401 405 407 411 412 415 420 430 442 451 461 467 477 486 480 487 504 500 498 495 505 494 495 493 498 497 497 497 495 491 490 486 484 484 487 492 501 504 505 507 508 510 511 512 513 516 519 521 523 526 530 532 537 541 543 549 566 577 595 604 612 605 620 631 643 644 646 650 652 647 652 648 645 644 642 633 620 606 595 579 568 563 564 566 567 562 568 640 672 773 788 825 829 848 872 874 826 812 800 886 949 860 886 925 971 981 992 1003 1015 1026 1038 1050 1063 1075 1085 1094 1101 1107 1112 1116 1120 1123 1126 1129 1132 1135 1138 1141 1145 1149 1153 1157 1161 1166 1171 1176 1182 1187 1193 1199 1205 1212 1218 1225 1231 1238 1245 1251 1258 1265 1272 1279 1286 1293 1300 1306 1313 1320 1327 1333 1340 
311 311 311 311 311 311 311 311 311 311 311 311 311 311 311 312 312 312 313 313 314 314 315 315 315 316 316 316 316 316 315 314 313 311 309 307 304 302 299 297 294 292 291 290 289 289 290 291 293 295 297 300 302 303 305 307 308 309 310 310 311 311 311 311 311 312 312 312 314 316 318 320 323 326 329 332 334 337 341 345 350 360 370 376 379 384 382 383 385 385 386 386 392 396 396 395 399 363 397 398 398 392 388 386 386 391 392 391 384 379 385 393 400 380 380 394 379 383 399 381 385 387 388 394 374 367 362 360 360 360 361 361 363 366 365 365 365 365 368 372 372 376 377 383 385 389 399 394 394 387 379 377 376 377 382 393 387 374 382 383 390 392 405 412 410 415 430 438 440 438 439 440 441 445 452 450 449 447 444 442 438 429 424 424 433 441 441 430 427 413 404 400 400 395 396 395 392 390 390 390 386 379 383 385 379 370 365 367 369 375 369 366 370 370 370 371 372 380 390 394 395 396 389 383 376 372 366 360 356 353 351 350 350 349 348 397 391 386 383 384 379 376 379 382 377 378 379 380 385 395 372 374 376 379 383 385 388 393 397 397 399 402 412 423 430 433 447 450 464 478 478 475 491 488 487 483 487 486 484 482 488 487 486 487 484 483 482 480 479 479 482 489 494 495 497 499 501 502 504 506 507 509 512 514 517 521 523 526 530 534 538 544 549 555 569 572 596 595 608 626 632 646 651 656 652 635 640 641 643 645 632 623 618 615 605 592 585 584 588 592 586 569 567 611 663 731 758 815 809 830 844 867 829 807 783 800 842 808 848 862 901 965 977 989 1002 1015 1027 1041 1055 1069 1080 1089 1096 1101 1106 1109 1112 1115 1118 1120 1123 1126 1129 1132 1135 1139 1143 1147 1152 1157 1162 1167 1173 1179 1185 1191 1197 1204 1211 1217 1224 1231 1238 1245 1252 1259 1266 1273 1281 1288 1295 1302 1309 1316 1322 1329 1336 
308 308 307 307 307 307 307 307 307 307 307 307 307 307 307 307 308 308 309 309 310 310 311 311 312 312 312 313 313 312 312 311 309 308 305 303 300 297 294 291 288 286 284 282 282 282 283 284 286 289 291 294 296 298 300 301 302 303 304 304 305 305 305 305 304 304 304 305 314 328 333 327 326 322 328 347 353 363 370 374 377 382 384 383 385 392 391 393 392 391 396 393 398 365 363 393 398 398 394 384 384 383 380 379 376 379 377 372 371 377 386 392 378 380 377 391 395 380 400 396 377 381 382 397 379 370 360 354 353 358 357 354 359 368 369 365 358 357 359 362 364 366 369 372 370 373 381 384 379 369 365 363 361 360 361 366 368 364 364 374 384 398 412 420 416 418 429 434 438 436 437 439 437 438 442 440 442 441 439 438 435 430 431 431 436 437 437 437 436 425 412 403 398 393 391 391 389 386 381 378 379 380 378 382 370 362 360 362 365 372 369 368 370 369 369 370 372 380 393 398 387 391 379 373 367 364 360 352 399 399 343 342 342 341 396 391 385 379 377 377 378 382 386 384 383 386 381 376 380 389 397 364 366 369 372 375 398 398 396 385 386 391 401 414 412 407 414 416 453 460 464 472 475 481 481 471 468 472 471 472 476 476 476 476 477 478 476 475 475 475 478 484 486 488 489 491 493 494 496 499 501 503 506 508 511 515 518 523 526 528 534 538 543 546 550 557 572 577 598 603 619 632 636 637 631 622 637 633 632 628 618 612 604 604 601 602 599 604 605 605 606 593 578 605 648 690 746 773 798 815 818 840 819 849 784 775 802 825 869 857 873 926 961 991 990 1004 1018 1104 1050 1065 1077 1085 1091 1095 1099 1102 1104 1106 1109 1111 1113 1116 1118 1122 1125 1129 1133 1137 1142 1147 1152 1158 1164 1170 1176 1183 1189 1196 1203 1210 1217 1224 1231 1239 1246 1253 1261 1268 1275 1282 1290 1297 1304 1311 1318 1325 1332 
304 304 304 303 303 303 303 303 303 303 303 303 303 303 303 303 304 304 304 305 305 306 307 307 308 309 309 309 310 309 309 308 307 305 302 299 296 293 289 286 282 279 276 275 274 274 275 277 280 283 286 289 291 293 295 296 297 298 299 299 299 300 299 299 298 297 296 307 332 339 342 345 348 343 350 363 372 379 382 383 386 393 393 391 391 394 359 360 399 398 358 361 363 365 363 390 388 389 390 384 384 384 384 377 378 382 375 372 373 382 390 397 373 375 375 390 391 374 399 388 390 400 379 397 384 373 363 355 350 352 350 347 356 373 378 367 356 354 352 354 358 362 367 368 364 365 374 379 365 357 353 350 347 347 348 345 350 358 360 363 372 387 406 417 423 425 426 429 431 431 433 430 431 432 435 433 437 435 434 433 432 433 435 436 437 435 435 435 433 429 415 405 400 393 389 390 388 384 380 375 370 368 371 374 365 359 358 358 360 365 367 367 368 367 367 368 370 377 392 374 374 377 368 363 358 353 350 346 399 397 399 399 398 394 390 385 378 373 372 374 377 382 384 383 387 387 379 371 372 380 387 394 399 359 362 393 385 385 379 375 377 379 387 395 394 382 378 409 440 448 462 468 468 471 471 463 468 462 463 467 467 466 466 467 468 470 471 470 471 470 472 475 477 479 482 483 484 487 489 491 494 496 499 501 505 508 513 515 516 525 529 530 535 537 541 544 555 564 578 590 606 621 624 621 635 608 620 614 615 610 614 616 624 609 599 594 587 583 587 591 585 591 588 611 612 654 708 750 800 803 798 793 845 855 850 894 856 918 917 868 891 916 972 993 1009 996 1014 1032 1051 1065 1075 1082 1086 1089 1092 1094 1095 1097 1099 1101 1103 1105 1108 1111 1114 1118 1122 1127 1132 1137 1143 1148 1154 1161 1167 1174 1181 1188 1195 1202 1210 1217 1225 1232 1240 1247 1255 1262 1270 1277 1285 1292 1299 1307 1314 1321 1328 
301 300 300 300 300 299 299 299 299 299 299 299 299 299 299 299 300 300 300 301 301 302 303 304 304 305 306 306 307 307 306 306 304 302 299 296 293 289 285 280 276 273 269 267 266 266 268 270 274 277 281 284 287 289 291 292 293 293 294 294 295 295 294 293 292 291 295 316 328 331 334 341 348 355 365 370 379 387 392 393 393 400 356 398 398 400 361 362 362 361 398 356 358 359 360 397 393 390 387 389 387 382 383 376 376 381 375 378 375 378 386 396 399 365 399 395 391 392 397 387 385 397 396 394 387 377 368 362 352 346 342 341 350 365 367 356 355 355 349 347 351 357 362 369 366 360 366 370 356 349 344 340 335 334 339 340 339 347 361 367 362 366 380 401 413 416 417 420 423 425 425 426 430 429 427 426 431 430 428 431 430 429 429 431 432 430 428 427 428 427 416 408 406 399 391 389 387 386 388 384 376 368 367 364 365 361 358 356 358 360 364 366 366 365 365 366 367 372 385 399 357 359 355 354 349 342 337 334 331 399 397 396 393 389 384 378 371 366 366 370 371 369 369 379 388 383 377 366 364 369 377 383 386 389 388 382 377 374 369 368 367 365 374 375 374 355 367 396 417 438 449 461 458 461 458 455 461 459 458 458 459 457 456 458 459 461 462 464 463 463 465 467 469 471 473 477 477 479 481 483 486 490 495 498 501 505 506 505 510 519 523 526 530 535 539 540 543 550 562 576 591 611 609 606 613 595 608 614 604 617 625 630 625 598 588 576 574 570 576 583 595 592 584 576 582 617 649 755 767 801 780 772 790 739 774 873 892 900 906 920 969 957 947 983 1012 1017 1014 1070 1085 1068 1074 1078 1080 1082 1084 1085 1086 1087 1088 1090 1092 1094 1096 1099 1103 1107 1111 1116 1121 1127 1132 1138 1145 1151 1158 1165 1172 1180 1187 1195 1202 1210 1218 1226 1233 1241 1249 1257 1264 1272 1280 1287 1295 1302 1309 1317 1324 
297 297 297 296 296 296 295 295 295 295 295 295 295 295 295 295 295 296 296 297 297 298 299 300 301 302 303 304 304 305 304 304 302 300 297 294 290 285 280 276 271 266 262 260 258 258 261 264 268 272 277 281 284 286 287 288 288 288 289 291 293 294 294 298 298 299 310 319 321 325 328 335 346 360 375 378 385 397 353 357 356 357 359 361 359 360 362 363 362 361 361 396 398 400 399 399 394 387 385 390 391 383 380 375 370 378 373 377 380 372 369 372 379 380 385 395 396 390 388 382 384 387 386 389 389 380 373 372 364 352 344 338 341 344 343 341 346 352 349 344 343 352 358 371 371 360 359 355 345 339 336 331 326 327 335 345 346 352 363 365 359 357 364 381 400 406 410 413 416 416 418 419 421 423 422 418 420 420 421 423 422 421 421 422 421 419 419 419 419 422 419 410 410 405 396 390 386 384 387 392 391 382 378 373 377 374 362 358 357 358 363 365 365 365 365 365 365 368 373 383 397 340 343 344 336 329 325 322 321 397 394 392 388 384 378 370 363 359 357 358 359 358 362 373 382 381 374 364 360 361 367 371 374 377 378 373 369 364 360 357 355 352 351 345 342 346 365 379 401 428 442 444 448 445 454 446 450 454 450 448 450 446 446 448 450 452 454 454 454 455 456 459 461 463 465 468 471 472 474 477 480 483 487 492 496 500 499 491 498 514 516 521 522 526 528 529 534 542 555 565 582 583 581 590 592 572 600 607 600 594 608 597 573 577 563 560 558 561 570 577 589 593 579 572 571 589 630 708 734 773 788 743 755 771 820 814 872 885 894 907 949 939 935 945 981 1033 1045 1042 1061 1068 1071 1072 1073 1074 1074 1075 1075 1076 1077 1078 1080 1082 1084 1087 1091 1095 1100 1105 1110 1116 1122 1128 1135 1142 1149 1156 1164 1171 1179 1187 1195 1203 1211 1219 1227 1235 1243 1251 1259 1267 1275 1282 1290 1298 1305 1313 1320 
294 294 293 293 292 292 292 291 291 291 291 291 291 291 291 291 291 292 292 293 293 294 295 296 297 298 300 301 302 303 303 302 301 306 298 292 287 282 277 271 266 260 256 253 251 252 268 264 264 269 273 278 282 284 285 285 284 284 291 309 315 318 319 324 322 320 320 318 317 316 319 327 342 359 373 382 390 399 349 354 356 358 362 358 360 361 361 364 363 361 361 362 361 392 386 385 384 386 388 391 390 381 379 376 369 372 372 370 376 378 373 372 367 375 376 384 389 386 378 371 368 371 379 382 382 379 378 378 376 365 353 346 341 334 329 331 335 342 349 347 338 342 353 361 365 359 356 347 336 331 331 328 323 322 330 339 344 355 360 355 359 355 357 369 383 398 405 405 407 407 409 410 411 413 414 413 413 415 415 415 418 418 417 415 414 415 416 418 412 415 418 416 416 413 402 394 387 380 382 393 399 391 386 376 379 378 366 361 359 361 366 368 364 364 363 363 363 364 369 376 385 396 328 330 324 318 396 393 392 392 391 389 384 378 371 363 356 351 348 347 347 348 355 366 371 369 364 363 357 356 358 360 363 366 369 365 361 357 352 345 343 337 341 346 344 352 370 374 392 418 423 436 439 447 445 437 445 454 441 447 440 436 438 440 441 443 446 445 445 447 448 450 453 455 458 461 466 468 468 471 474 477 480 485 487 488 485 475 487 492 496 508 513 516 514 506 513 525 535 552 553 552 562 572 566 568 597 594 582 594 572 565 557 554 553 553 549 552 554 559 566 583 575 573 594 621 624 673 710 740 783 725 737 745 799 815 851 896 892 901 917 929 947 923 946 968 1032 1061 1085 1060 1063 1064 1064 1064 1064 1064 1064 1064 1064 1066 1067 1069 1072 1075 1078 1083 1087 1093 1098 1104 1111 1118 1125 1132 1139 1147 1155 1163 1171 1179 1188 1196 1204 1212 1221 1229 1237 1246 1254 1262 1270 1278 1286 1293 1301 1309 1316 
291 290 290 289 289 288 288 287 287 287 287 287 287 287 287 287 287 288 288 289 289 290 291 292 294 295 297 298 300 301 301 301 302 313 297 290 285 280 274 268 262 255 250 253 255 251 271 260 264 267 271 276 281 283 283 282 284 294 313 323 326 328 330 331 328 326 329 321 315 310 310 320 336 350 361 372 382 390 344 345 351 351 350 352 355 351 352 356 357 357 357 357 359 356 389 382 371 369 373 382 384 379 378 377 373 374 372 370 372 373 374 373 364 362 364 365 369 372 365 358 355 366 377 375 368 364 367 373 379 375 365 360 352 334 325 327 329 332 344 349 337 334 343 358 367 360 349 337 327 324 326 328 325 325 331 333 334 342 342 349 356 352 355 366 380 394 397 400 404 403 404 403 404 407 407 405 408 416 412 412 413 416 415 415 412 412 412 414 407 408 410 411 413 411 405 394 384 377 378 383 389 391 387 376 377 371 365 364 361 363 369 369 363 362 361 361 361 360 364 373 387 321 315 318 323 320 395 390 389 390 388 389 382 378 369 356 348 343 342 340 338 338 342 348 353 354 352 356 354 347 349 351 353 356 360 358 355 351 344 342 343 341 341 344 353 359 362 366 381 408 411 421 429 429 430 425 443 442 436 432 432 431 431 433 434 435 434 436 437 439 440 442 445 448 451 454 458 462 463 465 468 468 467 469 473 473 470 464 468 466 471 485 493 493 490 487 493 484 489 530 536 533 538 558 553 563 573 571 565 574 568 559 549 545 544 541 540 544 545 550 558 573 583 570 592 610 638 642 678 705 728 708 689 643 636 687 817 871 882 915 932 930 919 909 932 952 985 1015 1035 1045 1049 1051 1052 1052 1051 1051 1051 1051 1051 1052 1053 1055 1058 1061 1065 1070 1075 1080 1086 1093 1100 1107 1114 1122 1130 1138 1146 1154 1163 1171 1180 1189 1197 1206 1214 1223 1232 1240 1248 1257 1265 1273 1281 1289 1297 1305 1312 
287 287 286 286 285 285 284 284 283 283 283 283 283 283 283 283 283 283 284 285 285 286 287 288 290 291 293 295 297 299 300 301 300 299 294 289 284 278 272 265 259 252 252 260 263 253 261 249 259 271 273 276 281 284 286 291 293 313 318 323 327 331 335 339 335 330 330 324 317 308 304 315 331 345 355 363 371 380 388 392 342 344 341 345 343 342 343 347 350 349 349 351 353 353 392 382 369 362 358 359 361 367 370 366 366 374 371 368 373 370 371 367 369 364 361 359 358 357 350 348 354 369 378 372 365 358 357 360 359 364 368 368 358 341 333 332 333 332 337 346 336 328 333 344 357 362 353 338 325 319 319 326 328 326 329 324 325 325 333 349 351 351 355 371 390 397 399 393 394 395 396 396 397 404 400 398 402 408 409 409 409 408 406 408 408 409 409 408 405 402 402 404 407 407 404 395 384 377 375 375 377 381 383 379 380 369 366 365 362 362 365 364 360 361 361 360 358 356 358 370 391 302 300 305 314 310 395 387 389 383 383 387 380 384 369 352 341 336 335 332 330 330 331 335 341 346 344 343 341 338 338 342 345 350 353 351 351 345 342 341 339 338 335 339 342 345 348 359 373 393 398 407 410 422 418 418 433 435 427 429 425 425 426 424 430 428 427 429 430 432 434 436 437 441 444 447 450 454 458 459 461 458 454 453 456 459 456 452 453 456 462 466 471 475 479 477 460 435 457 511 508 510 516 540 541 546 551 554 555 558 553 548 547 542 536 536 531 534 540 549 553 565 578 572 575 603 648 641 640 665 705 719 679 619 601 621 711 835 851 866 907 920 929 899 925 950 966 993 1013 1055 1032 1036 1038 1038 1038 1037 1036 1036 1037 1037 1039 1041 1044 1047 1051 1056 1061 1067 1074 1081 1088 1096 1104 1112 1120 1128 1137 1146 1155 1164 1172 1181 1190 1199 1208 1217 1226 1234 1243 1252 1260 1268 1277 1285 1293 1301 1308 
284 284 283 282 282 281 281 280 280 279 279 279 279 279 279 279 279 279 280 280 281 282 283 284 286 288 290 292 295 297 299 304 317 300 293 289 283 277 271 264 257 250 251 251 258 266 254 259 286 300 285 281 288 297 310 321 309 311 313 322 328 334 341 345 342 332 329 330 327 321 311 320 334 349 355 362 368 373 378 381 389 389 382 389 384 377 381 389 393 390 390 393 396 394 389 378 365 363 359 357 349 346 349 346 347 359 362 358 360 360 363 357 363 363 364 360 351 345 341 343 355 366 367 365 370 373 365 351 340 339 353 364 357 349 346 345 345 336 331 332 322 322 330 337 349 353 353 349 338 324 318 321 327 324 311 308 315 316 326 337 344 350 356 372 387 391 389 384 386 388 388 388 390 395 394 392 394 398 400 402 402 396 397 398 399 400 399 399 399 398 399 397 399 401 399 391 384 382 378 374 372 375 379 381 382 369 367 366 365 364 365 363 359 359 360 358 355 355 354 359 371 382 390 292 296 296 396 385 383 377 380 379 380 386 365 347 336 330 326 323 324 324 324 325 332 339 338 335 334 331 332 335 340 349 362 348 348 340 339 336 333 330 327 325 326 333 339 348 359 379 393 394 399 407 409 410 422 432 434 415 427 424 417 419 425 422 420 422 424 426 428 429 431 434 436 441 443 448 452 454 451 449 447 444 443 445 445 444 445 448 452 451 453 460 464 442 418 409 433 472 494 504 512 528 526 532 539 543 544 548 549 539 539 536 535 530 528 531 534 539 547 557 569 575 574 603 625 624 636 649 677 728 720 636 617 587 624 790 816 835 869 905 941 908 921 940 966 972 992 1006 1014 1019 1022 1022 1022 1022 1021 1021 1021 1022 1023 1025 1028 1032 1037 1042 1048 1054 1061 1068 1076 1084 1093 1101 1110 1119 1128 1137 1146 1156 1165 1174 1184 1193 1202 1211 1220 1229 1238 1247 1255 1264 1272 1280 1289 1297 1305 
281 280 280 279 278 278 277 276 276 276 275 275 275 275 275 275 275 275 276 276 277 278 279 280 282 284 286 289 292 295 299 325 340 302 293 288 283 277 270 264 258 252 251 261 268 275 278 281 296 304 304 309 320 331 333 322 319 307 311 324 329 336 348 355 351 337 333 343 349 350 340 338 344 354 358 364 373 385 383 395 356 383 377 376 371 367 368 374 375 375 381 387 390 379 373 367 366 365 360 364 354 345 344 338 331 331 337 343 350 351 351 350 345 343 346 349 346 334 339 343 351 353 350 352 356 363 360 351 344 332 335 349 352 347 342 342 341 333 326 316 309 315 328 334 336 337 342 352 352 337 323 318 320 317 307 304 308 317 327 334 345 354 359 370 374 373 375 386 400 385 385 381 382 384 385 385 385 387 390 392 393 390 389 390 390 391 391 391 392 398 392 394 399 396 396 388 386 388 384 376 371 370 373 379 385 375 369 369 369 367 368 366 358 356 357 355 354 358 355 353 357 362 374 396 275 283 290 388 383 383 381 381 394 310 364 340 330 324 320 316 318 321 318 317 322 328 330 331 329 327 327 331 335 339 345 342 344 340 341 335 330 324 318 317 316 320 327 336 347 366 388 390 387 387 411 407 419 409 410 415 419 411 409 412 422 417 414 416 418 420 421 422 425 428 430 433 437 441 444 447 442 440 438 437 437 437 438 441 445 442 442 441 439 443 436 425 425 421 429 446 474 494 513 523 520 518 525 532 533 534 534 536 541 545 535 526 521 524 531 537 542 551 563 573 583 600 608 611 643 667 689 712 732 681 603 563 569 623 715 786 844 875 907 954 937 923 943 967 988 986 996 1002 1047 1006 1005 1005 1004 1004 1004 1005 1006 1009 1012 1016 1021 1027 1033 1040 1048 1056 1064 1073 1082 1091 1100 1109 1119 1128 1138 1148 1157 1167 1177 1186 1196 1205 1214 1224 1233 1242 1250 1259 1268 1276 1285 1293 1301 
278 277 276 276 275 274 273 273 272 272 271 271 271 271 271 271 271 271 272 272 273 274 275 276 277 279 282 285 288 292 299 332 322 297 292 288 283 278 271 270 284 282 284 280 279 283 286 290 301 305 312 319 329 344 351 338 330 325 314 320 333 338 351 355 355 346 344 356 371 381 369 358 359 366 366 371 375 391 392 352 351 390 379 382 378 363 359 365 371 367 367 375 380 371 362 362 366 359 357 361 356 349 344 341 335 326 326 328 331 337 343 339 331 333 338 343 337 328 338 346 345 338 335 337 334 338 341 344 346 339 334 335 344 345 334 330 336 338 327 314 306 306 312 317 317 320 326 334 344 344 336 329 322 318 324 317 319 329 338 346 360 363 364 364 363 361 363 373 390 374 375 374 376 378 380 381 380 380 381 382 382 383 400 397 394 393 391 391 390 391 390 388 392 399 392 391 389 391 387 377 370 368 369 372 379 376 374 373 372 369 368 361 354 353 356 358 355 355 352 350 349 348 353 366 373 387 396 386 385 381 385 397 296 398 360 339 325 317 312 308 309 308 304 305 309 313 318 320 325 325 323 325 330 333 335 337 340 344 340 334 324 315 309 307 307 311 317 328 338 354 373 376 375 387 397 394 408 412 403 403 399 407 403 411 426 416 409 410 412 414 414 415 418 421 424 427 430 435 439 440 435 430 429 430 431 431 430 433 436 436 438 439 436 432 430 426 428 435 449 466 483 493 503 507 500 502 514 523 524 523 527 538 531 526 530 521 520 521 525 531 537 545 555 565 581 592 601 624 639 651 668 689 703 729 651 568 569 609 696 796 845 847 890 950 950 919 931 957 953 984 979 984 987 988 988 987 986 986 986 987 989 992 995 1000 1005 1012 1019 1026 1034 1043 1052 1061 1070 1080 1090 1100 1110 1120 1130 1140 1150 1160 1170 1180 1190 1199 1209 1218 1228 1237 1246 1255 1264 1272 1281 1289 1297 
275 274 273 272 271 271 270 269 269 268 268 267 267 267 267 267 267 267 268 268 269 269 270 272 273 275 277 280 284 288 293 303 298 294 291 288 286 282 279 289 309 308 313 297 302 287 295 299 298 308 325 326 333 348 356 347 341 333 323 327 342 338 347 349 349 349 351 363 375 384 377 368 372 379 383 378 377 389 396 352 349 391 384 386 376 361 356 357 376 373 360 358 360 369 370 368 365 353 353 359 360 354 349 340 341 333 329 334 327 323 322 321 322 321 321 324 322 325 336 339 337 328 320 319 322 322 321 326 330 331 329 320 327 330 322 322 337 336 330 320 306 301 300 303 308 314 318 322 334 344 341 334 321 320 332 338 340 339 341 352 361 367 363 357 352 351 356 363 376 389 394 397 374 375 377 379 378 377 376 376 398 395 396 393 389 385 385 386 385 386 390 387 384 388 394 395 395 395 387 380 373 371 369 369 374 379 380 378 373 372 371 363 355 352 357 363 363 358 350 348 346 341 340 344 350 366 380 388 392 397 390 389 378 360 349 336 320 311 305 299 296 293 289 288 291 295 301 304 309 313 315 320 325 329 332 336 338 337 334 331 318 305 300 298 299 303 307 315 323 339 358 388 371 386 382 385 391 385 382 384 385 390 391 397 407 408 404 404 405 406 407 409 412 415 418 421 424 428 434 433 428 422 420 422 424 427 425 426 430 434 436 435 436 435 429 429 427 433 448 469 489 495 495 485 477 492 512 513 516 515 523 527 527 516 516 515 518 519 522 527 534 542 549 558 571 580 590 606 628 641 650 669 670 706 658 585 573 598 714 796 816 852 889 929 922 906 920 944 962 976 978 966 968 969 968 968 967 967 967 968 970 973 978 983 989 996 1004 1012 1021 1030 1039 1049 1059 1069 1080 1090 1100 1111 1121 1132 1142 1153 1163 1173 1183 1193 1203 1213 1223 1232 1241 1250 1259 1268 1277 1285 1294 
272 271 270 269 268 267 267 266 265 265 264 264 263 263 263 263 263 263 263 264 265 265 266 267 269 270 272 275 279 283 288 292 293 293 291 287 287 304 312 316 326 336 334 317 317 302 304 304 308 306 333 342 337 349 347 339 340 334 336 334 345 340 341 352 344 342 349 365 374 382 385 380 389 399 371 378 373 373 379 393 397 395 383 366 361 363 353 345 360 369 361 352 347 357 359 351 345 342 347 348 349 345 340 333 337 332 332 339 332 325 320 318 321 324 319 316 315 325 334 333 324 314 308 315 325 325 321 322 323 325 323 311 308 310 310 320 331 329 327 319 311 303 297 302 314 323 324 321 320 328 330 320 306 309 325 336 338 337 336 346 356 361 354 347 342 342 348 354 362 369 378 392 370 372 373 376 376 374 399 393 390 390 395 394 388 381 383 385 383 382 383 384 378 377 381 385 388 394 390 389 383 373 370 368 366 375 383 383 379 376 369 360 352 350 355 365 378 364 353 347 344 338 332 333 338 351 369 392 284 396 377 365 363 345 331 321 311 305 297 289 283 278 275 275 279 283 288 292 297 304 309 315 320 323 326 329 330 326 323 317 306 296 293 291 291 293 296 300 308 324 339 358 398 372 375 375 377 377 375 378 379 384 390 399 405 405 401 397 398 399 398 399 403 409 413 416 419 422 427 428 422 415 410 412 418 422 423 423 427 432 436 432 434 435 431 432 431 437 445 455 467 484 492 479 477 498 505 506 508 508 510 514 514 512 514 516 518 518 519 523 533 541 546 556 569 576 582 597 611 623 630 637 642 665 648 622 593 570 688 778 783 826 873 851 865 877 898 918 938 954 943 947 948 949 948 948 947 947 947 948 951 954 959 965 972 980 988 997 1007 1017 1027 1037 1048 1059 1069 1080 1091 1102 1113 1124 1135 1146 1157 1167 1178 1188 1198 1208 1218 1227 1237 1246 1255 1264 1273 1282 1290 
269 268 267 266 265 264 263 262 262 261 260 260 259 259 259 259 259 259 260 260 261 262 262 263 264 266 267 270 274 279 285 289 291 292 290 289 304 324 325 326 339 360 356 346 340 330 321 319 323 318 335 344 334 347 350 340 330 335 344 348 347 353 336 341 359 343 345 363 387 390 391 380 389 391 396 370 364 364 365 374 383 388 373 355 359 367 348 338 338 357 360 348 338 336 335 330 323 322 324 326 328 328 329 326 328 328 327 328 327 324 322 319 317 320 321 319 320 323 325 326 324 315 302 303 314 315 312 319 323 325 318 307 302 302 310 319 319 316 316 324 322 310 301 307 324 336 333 326 316 313 312 304 297 301 312 322 334 348 349 350 351 352 340 334 334 336 341 344 352 363 374 386 399 366 370 371 372 372 398 393 389 387 388 389 384 377 377 383 382 380 379 382 379 375 375 375 377 383 389 394 386 373 369 366 362 366 376 385 381 372 362 353 347 349 357 364 388 380 364 348 341 335 329 326 330 346 358 377 382 365 351 346 342 330 321 313 306 299 291 283 276 269 266 270 277 281 286 291 293 299 304 308 312 316 319 321 321 318 310 301 293 290 288 285 285 287 288 292 299 311 329 352 389 365 364 365 369 369 371 371 393 393 388 396 405 405 396 397 391 389 388 390 395 401 408 411 415 417 420 419 413 407 404 405 412 418 422 421 425 429 433 434 434 437 437 437 437 441 447 453 462 474 487 485 488 499 498 499 501 502 502 506 507 516 517 515 522 519 519 522 529 538 542 554 567 575 576 583 597 611 614 624 627 650 642 603 574 560 643 765 766 789 834 868 858 857 882 895 915 933 941 925 927 927 927 926 926 926 926 928 930 935 940 947 955 964 973 983 993 1004 1014 1025 1037 1048 1059 1071 1082 1094 1105 1117 1128 1139 1150 1161 1172 1182 1193 1203 1213 1223 1233 1242 1251 1261 1270 1278 1287 
266 265 264 263 262 261 260 259 258 258 257 256 256 255 255 255 255 255 256 256 257 258 259 260 261 261 263 265 269 276 283 288 291 292 297 308 324 329 335 337 344 355 365 376 382 365 344 354 360 369 358 335 346 357 360 345 331 337 354 365 353 341 331 338 353 336 333 361 388 377 370 370 388 379 359 352 355 354 353 361 369 366 354 359 362 358 341 335 328 345 359 346 334 326 322 319 311 308 309 308 314 321 325 324 323 323 315 310 314 312 314 317 317 314 312 310 315 316 312 310 313 312 306 295 293 296 295 299 300 308 308 304 305 307 310 310 304 298 304 317 321 318 310 307 327 339 332 322 312 306 308 304 297 294 302 317 332 350 357 345 332 328 322 322 324 333 339 341 352 366 379 385 387 395 363 368 370 371 371 396 392 387 385 384 381 379 376 379 381 377 376 389 385 380 376 378 376 375 378 383 378 370 367 364 360 361 369 382 379 369 360 349 343 349 358 368 375 375 366 356 343 334 329 324 324 331 341 357 361 357 354 350 339 329 322 310 302 293 286 279 273 271 272 277 278 278 280 284 289 295 300 304 307 313 315 315 314 310 304 294 285 283 282 282 282 282 284 289 294 305 323 348 379 356 357 357 359 360 362 396 388 394 380 387 397 401 391 389 383 380 378 383 388 391 398 407 410 413 411 407 405 403 401 401 405 410 416 420 424 427 430 433 433 438 444 442 442 444 449 452 457 460 471 486 491 492 491 492 494 495 496 504 507 514 516 510 516 520 522 523 528 535 544 552 560 564 566 574 585 595 593 592 598 637 633 591 561 561 609 730 745 769 795 839 848 858 862 888 902 915 918 900 903 904 905 905 904 904 905 906 909 914 921 929 938 947 957 968 979 991 1002 1014 1026 1037 1049 1061 1073 1085 1097 1109 1121 1132 1144 1155 1166 1177 1188 1198 1209 1219 1228 1238 1248 1257 1266 1275 1284 
263 262 261 260 259 258 257 256 255 254 253 253 252 252 251 251 251 251 252 253 254 255 256 257 258 259 260 262 267 275 283 289 292 302 324 334 334 335 344 347 352 353 359 365 379 391 388 398 396 340 376 354 369 378 375 353 352 344 370 377 364 342 334 349 345 341 335 349 380 395 380 355 362 365 356 332 330 332 338 348 350 340 347 378 369 348 339 332 320 333 363 350 333 320 312 306 301 298 297 297 307 315 314 315 317 317 310 298 298 299 304 306 310 305 302 300 303 303 303 298 295 295 296 288 280 280 280 279 277 283 290 295 296 294 300 305 297 290 296 303 308 310 308 305 320 337 339 329 314 303 307 309 304 296 297 309 323 335 351 343 323 313 310 311 314 325 332 339 352 366 384 388 383 384 396 361 361 364 364 400 398 390 384 383 381 378 378 379 378 375 374 387 385 385 379 381 379 376 373 373 373 371 366 362 359 359 362 372 374 364 357 348 342 347 358 366 365 357 353 362 347 334 330 326 324 328 330 340 348 353 355 342 333 335 327 309 298 289 283 279 277 281 283 280 276 278 277 280 287 292 296 298 305 308 310 311 308 304 299 293 285 282 284 283 284 284 286 288 291 302 317 341 366 393 396 397 397 394 391 388 387 394 377 381 389 400 391 384 376 371 371 377 380 381 387 393 399 401 397 398 398 397 397 399 401 404 410 419 421 424 425 425 428 438 446 444 443 443 447 449 452 458 470 484 484 485 485 486 487 488 489 494 503 514 516 508 508 515 525 529 529 533 543 548 548 556 561 566 577 578 576 578 584 591 576 563 555 559 582 664 729 747 755 787 821 849 844 868 890 890 885 888 878 881 882 883 883 883 883 885 888 894 901 910 920 931 942 954 966 978 990 1002 1015 1027 1040 1052 1065 1077 1089 1102 1114 1126 1138 1149 1161 1172 1183 1194 1204 1214 1224 1234 1244 1253 1263 1272 1281 
261 259 258 257 256 255 254 253 252 251 250 249 248 248 248 247 247 248 248 249 250 251 253 254 256 258 259 266 275 279 288 294 305 328 339 341 341 346 358 369 372 373 383 378 372 383 389 395 399 335 393 386 393 388 381 385 376 356 365 390 382 345 333 335 337 346 355 364 382 352 389 356 351 352 353 318 306 312 331 344 345 338 342 361 360 342 335 323 314 322 347 346 329 315 306 299 294 295 290 290 301 300 296 300 301 304 302 291 288 298 297 296 302 297 290 284 287 284 289 290 282 277 277 278 277 284 287 279 273 275 273 277 279 284 295 300 292 293 302 302 294 296 299 303 321 333 343 340 324 304 295 294 293 292 294 300 313 329 344 332 316 305 305 306 307 315 324 332 344 360 377 387 385 383 388 392 392 395 395 394 394 388 383 381 379 378 381 381 376 374 372 371 380 391 379 379 379 377 374 370 370 367 366 362 357 357 357 366 379 368 353 345 341 346 363 366 366 359 353 352 341 334 332 335 330 330 328 328 336 341 339 336 338 332 333 321 301 291 285 287 289 287 279 271 269 272 273 278 282 285 288 292 296 298 300 301 300 298 296 293 291 291 293 288 286 285 285 286 291 302 317 340 364 386 384 383 380 376 375 378 387 397 371 377 388 396 386 381 369 364 367 372 374 374 377 379 382 385 387 393 394 394 396 401 403 404 408 414 417 415 415 416 422 434 441 440 438 438 443 446 452 461 471 477 478 479 479 480 481 482 483 486 494 505 503 501 504 511 525 531 528 529 531 537 542 547 552 560 567 570 568 569 567 558 557 554 558 565 634 681 695 711 671 751 776 802 825 851 855 880 869 867 868 857 860 861 886 862 862 863 867 873 882 892 904 915 927 940 952 965 978 991 1004 1017 1030 1043 1056 1069 1082 1095 1107 1120 1132 1144 1155 1167 1178 1189 1200 1210 1221 1231 1240 1250 1259 1269 1278 
258 257 256 254 253 252 251 250 249 248 247 246 245 244 244 244 244 244 245 246 247 251 251 253 259 260 262 269 280 297 312 322 338 345 348 349 349 354 373 388 389 397 320 326 330 392 393 397 400 399 396 392 392 390 397 347 390 369 375 349 391 352 342 342 339 349 366 387 395 342 387 357 351 352 343 310 300 307 329 344 348 342 335 354 356 342 330 322 315 309 322 333 323 311 302 294 288 299 295 286 286 278 278 282 288 294 294 285 284 292 290 287 295 290 284 273 270 270 272 271 270 274 279 285 281 292 295 288 282 289 280 273 271 278 289 290 279 288 297 292 280 280 284 301 322 329 331 333 322 305 293 287 289 283 289 298 309 321 327 321 305 299 303 305 304 314 324 327 338 354 370 380 382 375 369 366 368 374 379 382 385 382 378 376 376 376 378 375 374 374 372 372 374 380 378 378 379 379 376 371 366 364 385 378 355 355 355 361 374 369 352 345 341 342 355 362 383 375 365 359 343 336 340 344 336 331 329 326 330 332 328 333 340 332 339 328 308 297 291 297 295 283 273 267 267 269 271 276 280 282 285 288 292 298 301 300 299 295 294 294 297 300 299 290 285 283 282 285 293 304 318 346 367 374 367 367 374 374 364 367 381 391 360 366 375 377 375 379 364 363 375 374 374 370 371 367 367 371 377 385 393 395 397 403 406 406 408 407 406 406 411 416 419 428 435 435 437 439 442 446 453 458 466 470 471 474 475 475 476 477 478 481 486 493 501 504 504 506 519 526 526 528 528 529 534 540 546 557 564 566 562 558 554 549 542 545 550 556 600 603 660 626 607 675 745 775 790 820 835 842 856 851 846 835 838 840 841 841 842 843 846 854 864 875 888 900 913 926 939 953 966 980 993 1007 1021 1034 1048 1061 1075 1088 1101 1114 1126 1138 1150 1162 1174 1185 1196 1207 1217 1227 1237 1247 1256 1266 1275 
256 254 253 252 250 249 248 247 245 244 243 242 241 241 240 240 240 240 241 242 247 263 251 252 258 262 270 291 313 337 344 347 350 354 362 360 362 364 376 386 391 399 317 321 324 327 332 355 351 394 388 386 386 393 338 338 393 369 388 344 350 380 368 377 354 354 368 383 388 387 371 350 354 350 340 313 309 327 336 339 335 329 335 358 358 342 329 330 318 304 309 323 318 308 296 289 284 288 295 291 281 268 262 262 270 281 285 278 274 280 277 276 283 278 267 261 267 272 268 269 273 282 288 284 282 293 297 294 286 294 292 286 276 269 269 272 268 280 291 281 274 274 279 299 313 317 317 323 320 306 298 288 296 284 284 296 314 321 310 306 298 293 299 306 307 313 323 324 332 348 362 372 373 361 353 353 359 367 370 370 373 375 376 375 374 373 374 372 372 372 371 372 374 377 379 379 382 382 379 372 366 361 366 358 350 351 355 359 365 362 352 349 345 339 353 355 384 391 386 365 341 340 354 352 350 344 335 325 324 323 321 319 320 319 324 320 306 295 288 287 282 275 270 267 268 269 274 278 281 282 285 287 292 301 308 302 298 294 293 295 298 297 294 288 284 281 281 285 293 305 320 339 355 356 350 357 369 377 358 355 368 376 387 398 359 361 398 376 367 364 368 372 370 363 361 358 361 369 376 382 389 394 399 405 406 403 399 400 403 404 407 410 409 416 429 435 439 443 447 448 452 456 461 463 464 467 469 471 472 473 474 477 482 492 499 510 506 504 516 524 519 521 523 524 529 535 540 552 559 566 558 551 546 540 536 539 546 551 561 596 651 609 593 650 716 743 776 786 822 837 833 828 821 813 817 820 822 823 824 826 829 837 848 860 873 886 900 913 927 941 955 969 983 997 1011 1026 1040 1054 1068 1081 1095 1108 1121 1133 1146 1158 1169 1181 1192 1203 1214 1224 1234 1244 1253 1263 1272 
253 252 250 249 248 246 245 244 243 241 240 239 238 237 237 236 236 237 243 251 244 247 247 250 258 275 298 317 330 340 347 353 358 363 372 372 373 378 375 387 399 396 400 320 327 332 343 339 349 361 391 380 374 378 387 389 386 379 395 338 340 394 386 390 362 357 359 363 369 369 359 347 340 346 347 319 320 350 344 330 323 321 327 340 348 340 336 332 308 304 306 316 321 308 294 285 282 279 282 294 285 270 256 250 254 264 272 265 263 268 261 260 267 269 259 254 263 271 272 277 278 279 279 281 284 287 291 289 287 291 292 292 288 282 266 260 263 273 280 278 267 268 280 296 307 305 302 313 316 307 298 287 292 284 282 291 307 319 303 297 299 294 290 297 304 309 319 325 328 339 345 354 355 345 339 343 349 355 359 362 366 371 375 375 372 371 372 373 372 371 372 373 376 382 387 385 392 388 383 377 368 359 361 376 384 354 355 357 362 363 355 356 355 339 336 338 358 392 394 356 340 346 355 363 365 353 336 324 322 321 319 314 307 302 301 299 294 289 285 282 277 273 271 271 271 274 281 281 283 282 284 286 291 297 301 301 301 296 292 291 291 289 285 283 280 278 280 284 291 302 319 332 338 343 342 345 351 350 344 344 354 361 369 378 384 381 377 369 368 365 369 369 361 357 356 359 365 375 382 388 389 390 394 399 400 395 392 396 398 402 403 399 396 404 416 430 440 445 445 445 446 449 453 456 458 462 464 466 468 469 470 473 480 491 496 505 506 504 510 517 513 513 516 520 525 530 536 542 551 554 552 548 543 540 536 541 550 546 555 590 625 591 582 623 667 718 741 763 790 815 823 818 801 793 798 801 804 806 808 811 816 824 835 847 860 873 887 901 915 929 944 958 973 988 1003 1017 1032 1046 1061 1075 1089 1102 1116 1129 1141 1153 1165 1177 1188 1200 1210 1221 1231 1241 1251 1260 1269 
251 249 248 247 245 244 242 241 240 238 237 236 235 234 233 233 232 239 270 271 241 241 244 249 272 298 307 316 326 334 343 354 363 370 379 385 386 390 386 309 323 335 338 325 335 332 336 339 340 347 362 363 380 368 368 376 384 380 389 398 341 341 341 341 369 370 352 343 345 352 350 335 328 333 347 337 344 353 338 328 324 325 329 339 356 340 321 310 301 300 309 319 325 315 298 284 279 276 275 288 279 262 249 243 242 245 251 248 250 251 253 252 256 264 259 251 259 267 273 273 271 264 266 279 284 285 286 283 282 282 277 284 288 290 280 268 259 257 258 261 258 260 278 291 295 288 282 296 305 304 290 284 290 283 279 293 308 305 296 296 299 290 285 294 301 306 309 310 315 322 328 336 333 327 330 339 346 351 356 360 364 368 375 373 368 371 370 371 372 370 373 377 378 384 388 388 394 391 390 385 371 357 365 362 375 355 353 357 361 363 360 364 387 346 333 330 334 363 374 346 343 356 356 368 363 341 329 324 321 320 315 309 303 298 294 290 286 285 284 283 279 279 279 276 274 277 279 275 276 276 274 275 280 282 284 290 297 298 293 288 285 281 277 275 274 274 276 280 290 303 320 328 326 332 334 334 338 338 335 333 339 347 356 364 364 363 360 360 364 361 368 364 357 356 358 362 369 373 384 396 393 385 386 389 393 387 387 389 393 397 395 386 386 395 408 421 431 437 441 441 440 443 448 449 452 456 460 461 463 464 466 470 476 490 499 497 498 499 501 505 509 509 512 516 520 526 533 538 547 548 549 545 538 535 538 552 558 545 549 565 596 601 586 612 632 658 699 739 788 788 813 815 788 774 780 784 788 792 795 799 805 813 824 835 848 861 875 889 904 918 933 948 963 979 994 1009 1024 1039 1054 1069 1083 1097 1111 1124 1137 1150 1162 1174 1185 1196 1207 1218 1228 1238 1248 1257 1267 
249 247 246 244 243 241 240 238 237 236 234 233 232 231 230 229 230 265 307 264 235 238 242 248 275 298 304 312 320 328 339 352 366 377 386 393 393 391 390 306 313 329 351 353 351 337 345 342 344 349 350 356 355 387 375 358 359 391 378 395 329 330 335 337 387 384 359 338 330 341 339 323 316 321 332 332 340 341 327 331 330 339 344 340 345 333 316 308 309 299 301 311 316 306 292 282 277 273 274 283 273 256 244 239 236 234 235 233 234 239 252 249 250 258 254 245 251 257 258 255 254 255 262 272 278 280 281 274 271 275 267 275 271 276 280 278 272 263 256 248 247 257 274 275 276 268 272 293 300 296 284 285 287 278 276 294 307 292 283 283 284 281 283 291 297 302 304 301 301 305 311 316 313 315 328 338 346 353 365 367 374 375 375 372 372 394 373 370 371 370 375 381 383 386 390 394 396 396 398 395 374 354 342 349 384 371 350 359 361 370 371 374 366 342 335 329 326 331 344 363 352 346 342 350 347 330 325 327 324 324 314 306 300 295 291 287 283 281 285 288 284 283 277 271 266 266 265 260 260 262 264 265 267 270 272 278 283 287 287 287 284 277 270 268 268 270 272 276 290 307 319 321 321 320 319 322 328 327 325 325 330 339 349 354 354 352 350 353 358 354 357 359 353 351 357 362 367 370 385 394 395 380 375 381 387 381 382 384 387 390 385 378 379 386 399 412 421 431 433 434 435 438 443 445 446 451 455 456 456 454 454 465 473 487 500 505 496 496 497 499 503 506 508 512 518 528 528 533 537 541 544 541 536 532 536 545 548 546 540 555 581 588 605 624 610 619 641 677 743 758 775 789 801 778 764 769 774 811 783 788 795 803 813 825 837 850 864 878 893 908 923 938 954 970 986 1002 1017 1033 1048 1063 1078 1092 1106 1120 1133 1146 1158 1170 1182 1193 1204 1215 1225 1236 1245 1255 1264 
246 245 243 242 240 239 237 236 234 233 232 230 229 228 227 226 234 307 330 251 231 235 241 261 287 296 301 306 313 320 334 350 368 390 391 391 399 393 398 303 307 323 343 357 354 362 348 348 349 360 365 372 387 392 377 367 371 391 371 381 392 325 323 325 398 386 367 354 338 332 322 319 321 312 315 326 327 331 327 336 340 350 346 339 333 331 329 321 308 295 303 306 317 301 286 280 280 279 276 273 263 251 242 237 232 228 225 223 223 230 245 251 254 256 248 238 240 244 245 247 252 262 263 268 273 270 266 267 263 266 257 257 261 266 270 269 272 270 262 251 248 249 257 258 255 256 267 276 288 289 280 283 283 272 277 297 301 285 280 282 282 282 282 289 297 298 294 290 290 292 296 300 304 308 318 330 342 349 362 363 366 369 369 370 376 395 375 369 371 371 377 391 362 367 393 398 363 362 368 370 388 360 336 325 359 369 350 357 362 361 355 349 339 339 338 332 325 322 328 346 345 342 336 331 331 325 329 336 325 326 314 305 302 296 288 283 279 280 287 287 281 275 266 258 253 251 249 249 249 251 253 258 259 259 262 264 267 270 271 275 278 273 266 263 260 262 264 271 286 299 306 315 319 313 310 311 315 316 318 320 327 340 347 348 346 342 342 346 348 346 348 352 347 344 353 350 358 359 372 375 372 367 364 373 378 375 377 385 391 388 379 379 377 380 393 407 415 424 428 429 430 432 437 440 441 446 451 451 448 446 445 455 469 485 497 498 492 493 496 498 503 507 506 509 516 526 524 527 532 539 538 537 536 534 539 541 545 552 544 553 571 588 601 602 595 596 603 618 665 751 760 772 772 757 749 755 760 766 788 778 785 793 803 815 827 840 853 868 882 897 913 929 945 961 978 994 1011 1027 1043 1058 1073 1088 1102 1116 1130 1143 1155 1167 1179 1191 1202 1212 1223 1233 1243 1253 1262 
244 243 241 240 238 237 235 234 232 231 229 228 226 225 224 223 246 324 310 237 228 233 248 275 290 294 298 301 305 312 326 344 363 388 386 386 394 387 391 394 300 313 338 345 335 372 361 359 341 340 355 363 371 373 364 356 358 351 380 390 385 389 392 389 377 367 358 351 340 334 330 337 338 323 317 324 329 317 324 341 333 331 327 317 317 319 329 315 298 288 299 305 318 295 283 279 288 293 280 267 259 246 238 234 230 225 221 217 217 224 237 252 258 251 239 232 240 245 248 256 259 259 260 259 258 257 254 259 250 249 250 251 252 252 254 259 264 264 261 262 266 259 254 256 261 266 272 273 280 288 288 287 282 269 274 290 290 282 279 279 277 277 281 286 289 286 282 281 281 283 289 298 307 308 309 318 329 336 341 341 345 351 355 362 371 376 373 370 371 370 378 392 356 355 360 359 360 357 369 364 390 360 337 319 353 353 359 360 357 346 338 336 335 340 346 332 323 324 329 325 335 340 334 324 326 325 330 335 326 321 311 310 323 307 285 276 276 280 280 275 269 262 255 251 246 242 241 239 240 241 242 245 250 251 253 254 255 258 259 262 268 268 267 267 259 254 258 266 277 284 298 309 309 311 309 305 305 306 309 320 328 338 342 339 334 332 334 336 336 338 339 334 329 330 336 333 337 344 357 363 360 355 353 363 369 370 376 387 393 384 378 377 373 377 390 408 418 424 424 425 425 427 430 435 437 440 446 448 445 444 447 456 469 485 487 486 485 488 494 497 503 508 505 506 512 517 519 523 527 529 532 533 536 537 539 541 547 553 559 566 572 586 604 600 589 585 584 594 636 735 755 773 749 748 735 742 748 754 778 797 775 784 809 825 817 829 843 857 872 887 903 920 936 953 970 987 1004 1021 1037 1053 1069 1084 1099 1113 1127 1140 1152 1165 1177 1188 1199 1210 1221 1231 1241 1250 1260 
242 241 239 238 236 235 233 231 230 228 227 225 224 222 221 223 270 321 284 245 227 230 249 280 290 295 297 298 299 306 321 339 359 391 389 378 390 387 375 376 385 304 326 345 320 330 352 334 331 337 349 345 345 346 393 382 395 350 407 377 358 361 393 378 361 347 337 330 321 319 321 332 337 329 323 322 330 317 326 326 319 318 314 307 309 313 312 299 291 286 296 306 315 295 282 279 295 307 283 271 267 249 239 234 228 223 219 215 213 217 229 243 254 250 238 227 227 238 245 251 252 250 248 246 244 242 240 242 247 251 257 261 262 255 250 252 260 264 264 270 277 274 268 272 270 277 282 279 279 287 293 292 282 269 263 269 273 278 278 278 272 270 273 275 275 273 272 273 276 277 283 291 301 304 303 308 314 319 325 332 339 346 352 355 363 377 372 368 372 369 381 397 398 398 351 350 352 399 352 351 386 372 353 324 337 366 382 375 372 340 334 334 333 332 335 324 319 323 327 326 343 355 337 325 336 332 335 336 330 324 314 314 325 310 284 275 278 280 277 278 272 261 255 252 243 240 238 236 234 234 234 236 240 245 245 244 245 249 251 252 256 260 264 271 262 248 250 257 265 272 287 293 292 302 305 304 299 298 302 310 320 330 336 328 322 323 328 332 336 335 330 321 315 316 323 321 321 330 342 351 350 343 346 351 358 367 378 390 393 385 380 379 378 382 393 412 417 417 418 420 421 423 425 429 432 436 440 443 444 446 454 458 466 480 479 478 482 487 493 497 501 507 504 504 509 512 516 521 525 527 529 533 537 539 540 544 548 558 573 576 571 583 598 596 590 582 581 591 632 711 742 752 730 731 736 743 759 744 768 779 779 774 784 819 839 819 833 847 862 878 894 911 928 945 963 981 998 1016 1033 1049 1065 1081 1096 1110 1124 1137 1150 1162 1174 1186 1197 1208 1218 1229 1239 1248 1258 
241 239 237 236 234 233 231 229 228 226 225 223 222 220 219 235 296 311 280 252 227 231 259 283 291 298 300 298 298 303 317 337 353 374 377 373 378 371 367 366 377 393 301 318 312 339 336 338 391 389 400 387 375 369 362 365 375 348 408 380 380 371 358 366 388 356 333 318 309 305 305 307 309 309 308 309 313 310 322 313 310 319 316 306 302 308 308 291 289 286 291 301 320 302 282 278 299 315 289 274 269 256 248 237 226 221 217 211 209 214 228 240 249 246 237 224 217 223 231 233 240 244 235 231 234 239 245 248 250 251 253 254 261 261 261 262 266 267 269 273 274 273 265 266 268 274 281 287 285 283 289 289 284 270 259 257 260 268 276 277 269 263 262 261 262 264 265 266 268 269 271 278 287 291 293 297 302 308 316 327 337 350 355 349 354 371 362 355 363 364 375 386 382 379 389 384 383 379 384 376 370 365 356 330 333 350 367 376 378 346 335 332 330 324 318 317 318 320 322 324 330 330 325 325 337 339 341 335 325 320 315 325 330 316 296 290 288 285 283 282 275 266 260 254 248 247 239 233 230 229 230 232 232 235 237 239 242 248 250 247 246 249 253 262 259 245 242 248 256 265 274 281 279 288 295 296 295 293 297 305 314 324 327 317 313 317 321 326 333 330 317 311 307 305 309 309 309 320 330 339 338 332 336 346 355 366 376 386 390 388 388 388 386 389 400 407 412 415 416 417 417 419 422 424 427 431 435 439 443 448 453 458 463 472 476 477 480 485 492 495 499 507 502 502 506 513 517 521 522 525 530 533 535 540 546 548 566 569 573 572 583 585 590 593 592 586 583 591 622 693 727 762 733 721 726 733 776 734 756 769 798 790 787 785 811 823 823 837 852 868 884 902 919 938 956 974 993 1011 1028 1045 1062 1078 1093 1107 1121 1135 1148 1160 1172 1184 1195 1206 1216 1227 1237 1246 1256 
239 237 235 234 232 231 229 228 226 225 223 222 220 218 221 262 307 297 278 247 243 248 268 282 293 302 304 300 299 303 310 328 335 360 359 371 367 355 357 356 368 370 388 312 399 326 325 336 331 390 334 347 398 366 363 370 384 353 360 372 374 381 355 363 365 351 351 351 319 305 303 302 300 295 290 287 289 295 312 304 306 316 315 312 317 309 300 292 292 289 281 290 310 304 288 278 286 295 283 273 264 253 243 233 225 222 216 211 208 211 224 234 241 239 227 215 211 217 221 223 227 228 224 231 243 246 246 242 237 237 238 241 246 252 253 254 257 259 265 266 269 266 256 269 274 274 279 283 279 274 279 282 278 269 262 259 257 258 262 261 258 256 254 253 254 256 258 259 260 261 263 267 273 278 282 286 291 301 311 320 331 342 345 336 338 339 338 340 345 350 356 360 358 357 360 358 362 359 355 348 338 332 333 322 332 339 358 389 350 358 338 334 326 320 316 317 317 319 323 329 331 329 324 324 339 344 332 331 336 324 319 337 356 338 328 329 313 295 288 281 274 267 262 258 254 249 235 232 229 227 229 232 235 238 242 241 243 247 244 241 239 239 241 248 250 243 237 242 251 263 268 271 269 280 286 286 288 290 294 302 315 323 317 307 306 309 312 319 325 322 305 298 300 300 295 294 296 306 314 326 325 322 334 349 359 367 378 389 396 395 390 387 388 394 399 401 405 410 410 411 412 413 416 420 424 430 434 438 442 447 453 458 463 467 475 477 482 486 494 494 499 502 499 501 505 520 521 522 524 523 532 544 539 538 546 551 567 586 574 580 589 586 591 595 597 595 591 591 614 668 707 760 742 711 715 726 749 771 745 760 783 814 782 790 802 820 813 827 842 858 875 893 911 930 949 969 988 1006 1025 1042 1059 1075 1091 1105 1119 1133 1146 1158 1170 1182 1193 1204 1214 1225 1235 1244 1254 
237 235 234 232 231 229 227 226 224 223 221 220 218 217 232 285 295 287 272 260 271 265 270 280 293 304 304 301 299 304 310 313 319 339 345 356 349 344 356 363 349 361 391 393 395 319 394 397 385 371 367 375 359 356 372 384 397 386 370 356 353 351 357 376 357 345 339 339 373 338 314 306 302 293 286 280 278 280 291 300 307 309 309 315 319 310 298 296 288 281 277 283 295 301 296 283 277 280 274 266 257 246 241 236 228 224 218 213 210 206 210 221 229 225 213 207 210 220 230 226 221 221 222 226 232 231 233 235 238 236 238 243 244 244 248 253 257 257 259 258 264 258 252 261 265 261 274 272 265 263 267 271 276 274 269 265 260 256 256 254 251 248 247 248 249 250 251 252 254 256 259 262 267 270 274 278 284 294 306 312 316 321 323 319 319 321 324 325 328 332 336 339 339 342 340 339 337 337 334 328 319 310 306 307 321 331 340 360 373 371 358 350 328 323 317 317 317 320 326 336 335 331 325 324 336 338 332 332 330 325 326 336 340 336 350 353 336 301 291 287 283 271 259 251 244 239 239 237 232 228 231 238 243 245 251 245 245 246 241 239 236 234 232 234 239 239 234 239 253 262 262 261 261 271 274 274 279 283 289 299 315 320 314 301 299 300 304 310 314 314 297 288 288 291 290 285 282 288 297 308 311 315 331 349 369 379 385 395 375 381 384 391 393 390 394 395 398 403 405 406 407 410 413 416 421 428 436 438 441 446 453 458 463 468 478 478 481 488 495 496 503 509 500 500 505 520 531 534 522 522 532 546 548 542 543 544 552 573 603 582 581 594 596 604 612 610 602 594 602 636 688 722 736 704 708 720 747 742 737 748 772 801 779 798 797 811 819 816 832 848 865 884 903 923 943 963 983 1003 1022 1040 1057 1073 1089 1104 1118 1131 1144 1157 1169 1180 1191 1202 1213 1223 1233 1243 1252 
235 234 232 230 229 227 226 224 223 222 220 219 217 216 229 277 279 278 264 271 280 268 268 277 288 297 301 299 302 307 318 310 321 359 336 337 346 350 339 337 328 333 339 363 314 385 365 380 328 375 340 327 336 337 365 389 347 345 352 345 349 347 368 376 359 352 383 380 377 369 348 310 303 291 283 277 275 274 274 283 290 292 295 308 316 307 301 296 285 279 277 284 290 295 293 281 271 266 263 264 260 249 246 241 232 227 221 215 211 206 203 206 209 207 205 212 220 218 229 232 229 233 234 230 221 224 236 241 241 240 240 241 244 245 247 248 246 246 247 252 259 244 249 258 262 253 256 251 256 255 260 270 280 283 276 267 261 257 255 254 251 248 246 246 246 246 247 248 250 253 256 259 263 266 269 274 280 288 300 300 299 301 307 309 306 310 315 314 315 319 330 327 327 329 326 325 321 320 319 312 305 298 296 298 301 305 307 314 324 336 348 350 334 330 319 318 320 324 329 336 329 324 326 327 335 332 336 336 329 329 333 339 333 331 349 341 328 320 309 298 290 278 263 250 238 236 247 241 233 231 238 247 249 253 257 253 259 254 246 239 234 232 229 228 232 233 229 235 250 252 250 249 251 259 263 263 267 276 284 294 304 308 304 295 292 293 295 299 303 303 289 280 277 277 278 279 274 275 283 290 300 312 326 348 372 382 389 397 376 382 388 400 399 383 386 389 391 394 398 403 406 407 409 412 418 426 432 436 437 442 449 453 457 471 483 482 483 490 496 500 509 506 499 499 504 512 532 534 524 526 537 544 547 538 537 545 554 565 583 604 591 605 604 610 622 625 616 607 604 620 659 692 724 706 714 715 744 761 747 738 753 768 805 784 792 825 792 806 821 838 856 875 895 916 937 958 979 1000 1019 1038 1056 1072 1088 1103 1117 1130 1143 1155 1167 1179 1190 1200 1211 1221 1231 1241 1250 
234 232 230 229 227 226 224 223 222 220 219 217 216 215 217 242 269 270 267 283 283 268 266 273 281 291 296 295 300 309 314 312 317 332 333 339 351 359 361 324 317 327 317 327 364 371 368 392 372 342 313 300 316 336 389 393 388 398 324 331 354 357 356 359 346 347 395 399 369 346 325 315 314 287 280 275 275 274 271 270 270 275 285 299 309 307 307 298 288 280 280 288 287 283 278 269 265 262 254 250 252 251 249 244 237 232 225 218 213 209 205 203 202 203 210 222 232 221 218 225 231 236 243 240 227 222 221 227 231 236 236 234 233 234 233 235 237 240 246 250 249 241 243 245 242 231 239 240 248 258 265 270 273 281 282 270 263 260 259 261 256 251 247 246 246 246 247 248 249 251 253 255 259 263 265 269 274 280 282 283 286 289 328 347 303 301 307 306 304 308 322 314 314 315 312 311 323 311 324 317 314 298 298 304 299 301 304 304 306 314 326 342 334 328 319 322 324 329 330 327 324 332 338 331 338 335 333 335 325 332 331 333 332 326 332 322 320 336 320 298 291 277 266 254 237 239 253 242 235 235 242 244 243 247 251 254 268 263 245 235 235 236 230 226 225 227 224 233 240 239 236 238 240 244 250 252 254 266 279 289 295 296 292 288 286 288 289 293 298 294 285 276 270 265 263 264 263 265 272 283 297 315 330 353 367 372 383 397 372 381 380 376 395 377 381 382 386 389 392 398 401 402 405 409 416 421 426 432 435 440 446 449 455 468 486 488 484 491 498 502 514 508 500 500 507 513 519 541 525 527 538 552 548 540 540 542 559 565 577 602 611 610 608 613 619 627 627 626 628 623 630 674 705 709 707 711 725 734 734 734 741 764 774 796 812 793 782 796 811 828 846 866 887 909 932 954 976 998 1018 1037 1055 1072 1088 1102 1116 1129 1142 1154 1166 1177 1188 1199 1209 1219 1229 1239 1249 
232 231 229 227 226 224 223 222 220 219 218 217 215 214 212 220 258 266 277 295 286 264 262 270 276 281 287 291 298 313 318 311 318 325 333 331 347 363 368 336 301 294 296 295 298 295 298 329 323 304 299 288 298 324 382 382 377 387 353 368 343 333 355 378 361 398 336 339 387 356 325 332 326 297 279 274 275 275 272 268 266 269 277 286 299 301 298 295 290 282 284 282 278 269 262 258 253 256 253 240 237 242 246 248 245 240 232 224 222 217 211 204 202 206 216 227 230 225 218 224 232 235 241 242 238 228 224 221 218 222 223 225 226 224 228 233 237 241 247 249 246 238 237 229 218 223 240 252 257 259 252 256 266 271 273 265 265 264 263 270 260 254 249 246 246 247 248 249 250 249 250 252 256 274 265 267 273 287 279 277 279 282 306 318 295 294 301 302 299 300 302 302 303 304 302 303 340 310 302 297 294 288 285 286 288 289 296 302 300 303 313 332 331 330 322 330 329 334 331 324 327 329 330 330 337 326 314 313 316 320 324 328 331 327 323 312 307 308 306 294 283 271 261 249 237 237 246 244 245 246 244 238 235 235 238 243 254 257 244 242 237 232 228 229 225 221 220 225 229 226 226 228 229 232 236 240 241 251 268 280 284 285 282 281 282 286 291 291 291 291 286 279 274 268 255 252 253 258 269 284 298 317 339 356 359 363 374 387 366 370 372 376 392 373 374 377 383 385 386 392 396 398 401 406 411 416 422 427 432 437 442 447 454 466 486 490 484 488 497 506 512 509 501 501 504 509 518 536 531 529 545 556 551 543 543 547 553 565 572 581 594 613 616 613 619 622 621 625 629 630 627 638 688 714 709 707 719 733 728 738 735 740 747 764 775 778 772 785 800 817 836 856 879 902 927 951 974 996 1018 1037 1055 1072 1088 1102 1116 1129 1141 1153 1164 1176 1186 1197 1207 1218 1228 1237 1247 
231 229 227 226 224 223 222 220 219 218 217 216 215 213 212 213 247 265 283 291 277 259 257 262 268 275 282 287 294 302 310 309 313 329 324 325 348 368 354 341 299 282 278 276 272 269 265 262 257 271 291 287 308 323 346 361 350 384 348 338 382 386 354 354 340 381 373 370 352 329 330 357 355 333 294 280 276 276 272 267 265 265 267 273 288 288 299 302 291 285 290 283 268 259 260 260 248 243 240 230 226 232 249 258 256 246 237 233 233 225 212 203 204 208 210 217 227 230 224 221 223 226 232 238 240 236 230 222 218 222 219 223 229 227 225 229 234 241 248 248 242 233 228 221 213 229 247 250 241 240 239 249 255 251 249 249 252 256 259 268 262 258 252 247 247 249 251 252 253 250 251 254 258 274 269 270 275 280 280 281 281 282 285 287 290 294 295 296 298 300 299 299 301 300 297 292 300 299 296 294 290 284 280 280 282 285 284 295 295 297 303 312 315 316 321 333 353 366 347 336 330 329 331 329 325 315 313 336 357 344 355 351 328 326 320 309 306 303 298 292 281 271 259 249 239 232 232 239 243 244 239 238 233 227 228 232 241 251 250 243 236 231 232 236 229 219 216 217 218 217 218 218 219 221 224 231 232 240 256 268 272 273 273 277 284 290 293 286 279 283 287 284 277 264 252 250 251 259 270 283 300 317 337 353 354 356 364 378 389 398 366 366 368 368 368 371 377 381 381 386 390 392 397 404 410 414 421 427 432 437 442 447 454 464 485 490 483 486 495 508 509 504 501 502 506 509 514 521 540 537 545 553 545 543 544 551 555 564 572 581 589 602 611 610 613 609 607 610 608 612 619 627 663 692 712 704 703 705 716 721 726 730 744 752 761 786 761 774 789 806 825 847 871 896 922 948 973 997 1018 1038 1056 1073 1088 1102 1116 1128 1140 1152 1163 1174 1185 1195 1206 1216 1226 1236 1245 
230 228 226 224 223 221 220 219 218 217 216 216 214 213 212 217 253 266 282 280 266 254 250 254 259 272 275 281 285 289 298 305 305 311 315 318 341 368 339 333 308 276 271 263 256 253 255 253 244 244 253 277 291 272 284 313 301 312 313 332 360 377 325 329 391 387 377 354 339 326 321 332 346 330 320 308 285 275 272 266 264 264 264 267 271 275 287 295 293 287 294 288 265 261 267 265 253 241 234 224 219 222 247 262 259 245 227 225 228 221 209 205 205 216 214 212 218 228 227 227 229 227 231 238 240 239 234 221 218 222 220 222 221 226 230 232 237 240 243 243 236 229 215 208 208 221 235 231 219 223 235 245 241 237 239 241 244 250 256 262 266 262 254 250 253 255 259 260 256 253 252 256 260 265 269 274 278 281 283 285 285 286 288 289 293 297 300 301 302 304 301 300 304 302 295 288 295 299 298 296 292 287 282 279 279 281 284 288 292 296 300 305 309 314 322 342 387 342 375 384 350 346 353 353 388 370 377 350 335 377 342 326 335 320 322 309 301 304 304 293 280 271 261 251 241 233 227 229 234 234 230 232 228 222 219 224 231 240 246 243 236 230 227 227 222 217 216 214 212 212 212 212 212 214 218 225 228 236 246 256 260 263 268 275 283 291 287 277 270 274 279 279 270 259 254 253 257 265 275 288 312 328 338 347 352 352 354 368 374 381 393 361 361 364 366 366 370 375 377 380 386 390 394 402 409 412 419 428 435 439 443 448 454 464 481 486 481 484 494 508 509 501 499 503 508 510 515 520 533 549 552 555 547 550 557 554 558 565 576 582 589 600 608 606 604 602 598 598 598 601 618 628 638 674 709 703 699 700 709 712 717 720 735 747 761 762 751 764 778 795 814 837 863 891 919 947 973 998 1020 1040 1058 1075 1089 1103 1116 1128 1140 1151 1162 1173 1183 1194 1204 1214 1224 1234 1243 
228 226 224 223 221 220 219 218 217 216 216 215 215 214 212 227 263 263 273 264 259 247 240 244 252 264 267 274 277 276 280 289 301 307 300 306 337 362 341 319 308 272 256 249 239 237 238 235 228 218 224 241 257 247 247 264 299 312 296 301 318 319 343 360 375 399 351 396 353 327 320 322 321 330 334 326 290 278 273 266 265 264 264 266 268 271 279 295 301 291 288 284 270 269 273 265 254 241 232 223 216 213 217 224 224 217 211 210 210 207 206 208 202 211 221 221 213 213 218 224 226 225 228 232 235 237 233 220 219 222 221 219 217 221 228 232 235 235 237 236 230 222 215 205 201 209 216 210 215 228 235 237 242 247 251 252 252 258 261 269 274 267 259 254 257 260 269 269 259 255 250 254 261 268 272 278 281 284 287 289 290 299 306 294 298 301 305 309 312 312 306 304 310 307 302 300 300 300 299 299 296 291 286 285 294 292 288 292 294 298 302 306 309 313 319 328 349 373 376 373 362 383 387 396 330 384 323 331 326 324 323 394 342 311 312 305 299 293 290 287 275 267 259 250 241 233 227 223 226 226 222 223 223 222 216 219 227 227 233 235 231 229 226 217 215 215 213 214 218 215 213 211 213 212 213 218 223 231 238 245 251 259 265 269 274 283 280 270 263 264 268 277 269 259 257 260 270 274 283 293 313 328 332 338 346 347 345 352 361 376 388 398 359 359 363 363 364 367 371 377 382 386 392 399 407 415 420 427 435 441 445 449 454 464 479 480 479 482 490 503 503 496 499 507 509 512 517 524 532 545 554 563 556 561 561 560 568 572 577 587 590 600 613 611 607 603 596 593 595 602 620 637 635 653 691 707 692 689 711 726 716 714 722 738 762 749 742 753 767 783 803 828 856 886 917 947 975 1001 1024 1044 1061 1077 1091 1104 1116 1128 1139 1150 1160 1171 1181 1192 1202 1212 1222 1232 1242 
227 225 223 221 220 218 217 217 216 215 215 215 215 214 213 225 261 258 265 255 247 233 229 236 244 252 259 264 269 271 269 272 278 285 289 290 315 349 336 312 292 278 262 249 258 234 221 213 202 200 203 213 217 222 243 267 316 310 271 279 287 294 321 354 344 337 392 381 348 326 332 345 324 335 322 322 293 290 301 275 268 264 264 268 270 270 277 290 289 280 278 276 266 265 261 251 246 241 229 221 214 211 207 204 203 201 200 199 199 198 204 207 203 203 207 223 222 212 214 222 222 222 224 228 234 235 226 222 224 222 221 219 219 223 228 226 225 228 233 231 223 222 213 201 193 198 199 201 216 226 226 228 237 247 258 256 256 265 273 276 274 268 257 248 245 249 255 256 255 254 251 279 266 270 276 281 284 288 293 296 298 322 328 301 303 306 313 318 323 321 328 399 360 321 322 328 325 318 304 302 301 303 302 307 380 341 295 299 300 302 306 309 311 312 314 320 330 346 363 377 364 363 367 386 361 348 348 372 374 384 379 397 353 309 298 292 291 290 279 273 267 265 255 246 239 232 227 221 219 217 216 216 218 220 214 212 217 220 223 228 228 222 220 213 208 207 210 215 218 217 218 215 217 216 212 215 219 225 230 237 246 257 262 260 264 272 270 265 260 257 262 268 262 260 263 271 282 287 295 302 318 328 326 332 343 345 337 338 351 369 385 356 356 356 358 361 361 363 367 369 374 382 393 399 407 415 423 427 434 441 447 452 455 464 478 486 481 481 489 499 506 503 503 508 511 514 519 526 537 557 574 570 564 568 562 566 574 582 583 589 595 601 614 614 603 595 590 590 595 602 616 631 641 641 674 697 696 682 705 724 712 719 714 735 759 745 744 744 757 772 792 818 849 883 917 949 979 1006 1029 1048 1065 1079 1093 1105 1116 1127 1138 1148 1159 1169 1179 1190 1200 1210 1220 1230 1240 
225 223 221 220 218 217 216 215 215 214 215 215 215 215 215 228 261 255 257 246 237 227 222 230 239 246 255 261 260 263 261 260 261 266 275 278 290 320 319 305 285 276 264 251 261 258 227 207 192 190 192 199 201 201 205 219 244 257 280 288 292 303 322 344 375 361 339 332 315 303 303 306 293 303 318 304 288 297 308 282 270 267 268 271 271 270 276 287 287 278 269 264 260 253 247 241 234 229 222 217 215 218 209 198 196 194 194 196 198 195 199 208 213 210 203 211 220 218 212 214 219 222 224 225 228 230 226 224 221 222 226 225 223 224 227 222 215 223 228 222 215 213 203 191 192 200 205 207 210 212 212 218 230 247 247 242 251 262 268 269 265 258 247 239 235 235 237 239 239 240 255 313 272 272 280 286 290 294 299 302 319 344 322 312 312 313 319 327 334 331 344 398 369 336 343 358 400 293 332 313 317 377 389 316 338 360 317 309 317 313 313 314 316 316 313 315 319 331 346 375 383 325 378 350 336 334 341 339 356 342 347 366 341 308 295 289 283 280 275 268 262 260 249 242 236 230 224 219 215 212 211 210 211 210 206 204 208 212 216 223 223 213 209 205 200 199 207 208 207 210 218 221 224 217 213 211 215 220 226 235 244 254 257 253 256 262 259 259 255 252 258 266 260 263 269 278 287 296 305 312 323 324 322 328 338 339 331 327 337 354 371 388 352 354 354 357 358 359 362 363 398 400 391 399 407 416 424 429 435 442 448 452 456 462 473 482 479 480 485 495 505 504 505 511 512 517 522 530 540 562 596 594 573 573 565 569 575 581 587 590 590 594 606 615 599 588 586 590 596 603 612 619 632 637 661 687 684 676 692 722 709 711 709 714 728 751 747 737 760 770 792 812 846 882 919 953 985 1013 1035 1053 1069 1082 1094 1105 1116 1126 1136 1146 1156 1167 1177 1187 1197 1208 1218 1228 1238 
224 222 220 218 216 215 214 213 213 213 214 214 215 217 218 235 262 257 254 245 238 230 227 234 244 251 254 260 254 255 257 254 252 251 264 264 274 289 294 298 298 285 269 249 252 256 241 213 207 188 186 199 194 192 191 202 219 244 276 279 271 280 294 297 322 307 296 303 299 282 280 285 274 284 297 287 281 283 289 281 271 268 270 272 274 274 280 288 284 277 270 268 264 251 248 243 230 224 220 215 216 226 210 195 192 189 189 198 201 194 199 212 219 213 207 201 207 216 220 214 216 220 220 222 224 225 224 221 219 220 223 224 220 225 227 215 208 217 220 219 217 211 200 190 200 218 229 227 220 216 208 214 229 234 230 234 239 246 256 262 255 247 238 234 232 230 229 229 230 235 246 258 266 277 286 293 299 300 303 307 315 324 319 316 316 317 322 331 341 341 338 342 343 344 346 348 357 351 326 324 333 374 312 374 357 370 342 325 373 366 328 326 326 330 321 315 312 315 338 354 349 358 375 364 369 367 358 342 364 334 326 325 318 298 287 284 282 278 273 267 265 263 248 238 233 227 221 217 213 210 208 206 205 203 200 199 201 204 207 212 213 207 202 197 194 194 204 202 200 204 218 223 220 212 208 209 212 217 223 231 240 250 252 248 246 252 251 251 250 247 250 254 258 265 271 280 290 302 309 316 324 323 322 325 331 333 328 319 322 336 353 368 383 395 352 353 354 399 395 392 394 399 390 398 408 416 425 432 438 443 447 453 457 462 468 473 476 482 486 491 502 506 507 513 515 520 524 531 543 566 610 605 577 563 576 578 584 589 591 586 584 586 591 597 589 585 586 589 596 599 609 617 625 638 655 676 680 675 678 709 707 724 721 719 714 722 732 732 754 770 782 802 837 876 912 945 974 1004 1038 1058 1072 1084 1095 1105 1115 1124 1134 1143 1153 1164 1174 1184 1195 1205 1216 1226 1236 
223 220 218 216 215 213 212 211 211 211 212 213 215 218 233 263 271 265 258 250 245 240 240 246 261 273 261 262 256 250 251 249 250 251 253 257 257 275 290 289 292 297 287 261 245 247 241 227 209 192 185 185 180 184 185 192 201 212 227 239 253 257 264 266 278 273 267 265 265 273 267 268 269 272 273 277 275 278 285 282 271 267 268 272 276 279 287 284 275 275 275 270 259 247 239 231 230 228 221 217 213 214 203 195 190 186 185 190 194 193 200 209 214 210 205 202 204 212 221 218 214 217 220 220 219 220 220 216 214 219 222 218 218 224 221 210 204 208 217 221 220 211 195 191 207 227 245 244 231 221 209 206 212 220 231 229 236 248 261 269 255 240 234 233 235 232 234 239 234 235 244 257 271 285 288 291 299 299 295 300 304 307 307 310 314 317 321 327 333 336 335 337 346 359 361 359 357 359 384 353 349 353 381 294 398 354 379 388 374 363 356 365 374 371 345 342 328 325 353 342 346 338 324 334 349 350 343 325 346 354 321 290 286 279 276 272 269 268 267 261 259 254 243 233 228 224 218 215 211 207 205 202 200 199 198 199 197 198 201 203 206 202 196 192 189 191 198 195 195 203 218 224 213 206 205 207 210 214 220 227 235 244 245 243 240 243 244 243 244 243 247 253 258 267 276 283 292 302 305 312 320 322 323 328 332 333 328 317 314 325 341 353 361 374 381 385 384 382 381 387 395 399 393 401 410 418 427 432 438 441 446 453 457 461 465 471 485 488 489 492 503 510 510 515 516 522 530 533 547 571 571 567 567 562 570 577 586 594 595 589 590 591 589 586 588 588 586 592 600 595 602 614 628 648 659 671 679 674 687 702 708 735 734 719 710 720 728 744 762 773 777 794 829 869 907 941 972 1002 1033 1063 1075 1086 1095 1104 1113 1121 1131 1140 1150 1160 1171 1181 1192 1203 1213 1224 1234 
221 219 217 215 213 211 210 209 209 209 210 212 214 226 265 282 277 273 266 260 256 252 252 255 263 269 263 266 258 247 243 242 246 255 252 253 251 263 274 276 275 284 287 264 248 253 249 250 234 219 203 190 187 187 185 185 192 208 217 226 251 268 267 273 272 264 258 255 268 282 279 270 268 269 269 273 271 273 283 280 269 266 264 265 267 266 268 271 261 256 258 254 250 244 232 233 237 231 224 219 211 206 203 197 191 187 183 186 191 194 204 216 220 219 216 210 207 213 218 218 218 217 217 217 216 217 216 211 212 217 216 216 219 222 219 214 208 204 204 214 211 197 187 192 215 238 249 250 246 239 225 207 202 213 223 224 236 247 259 267 253 236 238 239 242 236 240 252 237 235 243 257 274 287 279 276 282 286 290 291 294 297 301 317 331 325 324 322 325 332 335 337 342 352 359 361 363 378 393 386 382 367 366 353 331 351 298 295 389 383 388 397 333 308 337 324 318 317 328 341 348 330 321 321 315 312 312 313 309 310 327 301 277 269 266 264 262 259 258 255 250 250 239 228 222 218 214 211 208 205 202 199 197 196 195 195 192 192 194 194 195 194 189 185 183 184 190 190 194 205 220 218 210 208 206 204 207 211 216 224 232 239 240 237 235 234 236 238 237 239 247 257 261 268 275 282 289 297 304 313 320 326 330 336 343 345 338 320 312 317 331 340 344 353 363 367 370 374 377 385 395 388 397 406 413 417 424 430 434 439 445 450 455 460 466 471 482 496 495 493 501 512 515 513 519 523 532 536 548 566 577 562 563 569 584 587 591 598 593 594 597 596 593 590 598 594 587 602 627 602 603 620 638 655 665 670 678 681 683 697 711 713 740 748 725 733 731 742 783 787 804 817 842 878 915 949 980 1008 1036 1062 1078 1086 1094 1101 1109 1117 1126 1136 1146 1156 1167 1178 1189 1200 1211 1221 1232 
220 218 215 213 211 209 207 206 206 206 207 209 214 244 274 277 278 281 276 269 263 259 258 258 255 257 261 261 252 245 239 235 237 242 244 254 245 247 252 258 264 274 286 276 272 267 271 268 251 239 228 223 220 221 220 201 202 226 227 238 245 269 287 277 265 260 253 258 274 258 261 262 268 263 264 269 267 266 266 262 256 253 250 253 257 253 247 245 242 237 237 236 237 237 234 239 244 232 225 217 210 209 212 207 196 190 187 184 185 189 199 210 217 219 219 219 214 209 211 215 221 222 220 215 216 217 211 210 212 212 209 215 219 225 225 219 213 212 200 198 198 188 188 199 222 237 241 249 254 245 234 220 206 204 211 220 238 250 254 246 236 232 239 243 245 237 236 238 237 243 248 262 273 269 264 267 277 286 290 292 294 291 294 312 330 344 337 327 324 328 340 343 347 352 365 365 360 360 367 363 352 343 354 338 315 340 369 357 348 380 368 370 287 358 328 306 300 301 309 314 311 305 292 294 293 293 298 297 309 291 288 296 293 279 271 260 255 251 249 248 243 238 233 224 217 213 210 208 205 201 198 196 194 192 191 190 188 189 189 189 187 185 181 177 176 179 184 189 196 205 209 208 205 204 203 202 205 208 214 220 228 239 241 235 232 230 229 231 232 236 244 257 266 274 282 293 298 304 316 329 338 342 341 342 350 355 341 321 312 314 323 328 328 336 346 355 364 374 385 390 383 391 398 407 411 417 422 427 431 437 443 450 455 460 464 472 478 491 501 496 499 510 517 514 523 527 535 541 547 564 584 574 566 572 583 592 599 596 593 600 604 604 600 595 597 594 585 600 682 660 618 631 644 654 663 667 675 687 695 692 694 703 737 742 735 724 735 752 775 795 813 845 866 897 932 965 994 1019 1042 1064 1078 1085 1091 1097 1104 1112 1120 1130 1140 1151 1162 1174 1185 1197 1208 1219 1230 
219 216 213 211 209 206 205 203 202 202 203 205 218 257 266 269 277 282 279 271 265 261 260 260 255 252 259 258 241 235 230 228 234 236 228 232 230 235 242 248 256 267 281 282 278 291 289 277 275 262 251 247 239 237 234 219 217 247 245 266 273 282 289 275 262 253 257 264 252 237 238 249 250 246 251 258 255 251 247 245 245 245 243 243 242 241 238 238 238 233 233 242 246 241 243 244 240 232 225 218 218 216 220 217 205 197 193 187 183 185 196 209 217 215 215 216 213 214 217 216 220 221 215 216 218 216 208 210 213 210 208 213 219 223 223 220 218 219 210 200 191 185 189 205 221 231 231 236 241 242 243 233 220 207 203 214 231 249 243 231 227 233 245 253 250 245 241 245 246 251 260 272 273 265 256 261 273 285 294 307 307 297 296 298 308 327 332 341 345 336 341 350 363 366 370 361 363 364 362 358 352 336 323 317 312 320 330 323 331 350 337 321 312 323 313 295 291 293 296 307 317 317 313 319 297 273 285 293 289 284 282 274 266 263 266 253 247 244 242 239 233 229 226 216 212 209 206 204 201 197 194 193 191 189 187 187 185 185 185 184 182 180 176 173 173 176 181 188 193 204 209 210 207 201 200 200 203 206 212 218 226 236 238 233 230 228 225 225 228 231 238 250 264 276 290 306 309 314 329 345 355 355 350 352 354 350 337 325 317 314 321 319 315 320 337 356 373 381 392 398 387 393 398 406 411 417 421 426 432 438 443 448 454 459 465 470 478 489 500 501 501 505 515 517 525 529 538 549 548 561 579 566 569 577 591 597 608 609 609 608 614 618 614 602 592 584 581 591 681 672 641 655 655 659 666 670 668 680 698 696 685 693 703 720 758 755 764 757 767 789 833 855 874 914 952 984 1011 1033 1051 1068 1076 1080 1085 1090 1096 1104 1113 1123 1134 1145 1157 1169 1181 1193 1205 1217 1228 
218 215 212 209 206 204 202 200 199 198 199 201 224 253 256 262 269 273 272 267 263 262 263 260 255 249 245 245 236 230 226 225 227 223 215 215 221 229 234 239 248 256 262 270 271 282 279 273 279 284 282 255 239 231 226 236 225 223 247 274 285 289 272 259 265 260 270 256 235 230 233 231 226 232 243 250 246 243 239 246 255 254 248 244 240 240 244 240 242 234 235 253 254 247 251 246 238 235 229 226 232 226 224 221 211 207 199 187 184 188 190 194 201 200 202 204 207 214 219 217 217 217 215 222 219 210 203 206 209 207 209 212 215 219 220 217 217 219 214 208 199 187 191 208 228 241 239 231 223 232 244 246 232 213 201 213 237 241 228 224 228 238 254 267 275 248 234 235 243 255 267 266 259 256 250 251 266 282 293 308 311 310 312 307 313 322 329 342 361 357 348 349 361 371 367 353 329 330 337 339 351 348 341 341 358 326 307 314 329 332 319 304 297 311 310 306 304 304 305 311 326 335 316 324 297 273 281 286 278 282 275 263 256 255 246 241 239 237 235 232 226 221 216 210 207 206 203 200 197 194 191 189 188 187 184 183 182 181 181 179 178 176 174 171 171 174 178 182 186 193 200 206 205 198 197 198 200 203 209 216 223 229 231 228 225 222 220 221 224 227 234 247 261 276 291 307 316 325 339 356 364 362 356 353 350 348 340 326 315 314 321 316 315 328 351 369 386 395 377 382 389 397 402 407 412 416 421 426 431 437 444 447 455 458 463 470 477 486 496 510 504 509 514 517 525 536 543 551 562 564 567 568 572 589 609 606 611 632 640 626 632 638 632 613 592 576 570 576 625 650 637 654 674 677 676 670 659 663 684 681 662 679 706 728 745 740 734 743 771 792 832 857 899 937 983 1014 1030 1046 1059 1069 1070 1072 1075 1080 1086 1095 1104 1115 1127 1139 1152 1165 1178 1190 1203 1215 1226 
217 214 211 207 204 201 199 196 195 193 193 196 236 249 249 254 259 262 263 261 259 258 263 264 262 258 258 252 239 237 228 223 223 215 205 209 219 230 235 239 246 255 257 265 264 266 265 267 273 282 288 271 269 254 235 232 239 235 240 255 259 267 255 248 259 249 243 236 230 224 223 221 221 225 231 231 229 230 235 250 253 244 243 245 243 250 250 241 237 236 238 254 256 255 254 245 240 237 235 235 241 234 229 226 221 218 205 191 187 198 197 191 190 190 193 200 200 207 214 216 215 216 218 216 210 206 201 204 205 205 209 214 214 215 221 219 214 211 209 205 193 185 197 221 243 251 242 234 217 215 230 244 231 209 201 212 234 230 223 226 231 240 246 251 256 232 223 228 242 246 247 241 238 240 241 247 254 260 269 280 286 300 309 311 315 310 324 345 359 363 357 350 350 366 348 338 337 302 305 312 321 350 357 348 340 315 299 317 336 325 311 298 287 300 302 301 300 304 301 291 296 297 296 299 275 258 252 255 260 258 255 249 249 246 237 232 230 229 228 227 222 216 210 204 202 202 199 197 195 192 189 186 185 184 182 180 179 178 178 176 175 174 172 171 171 172 175 177 181 186 194 199 200 196 194 195 197 199 205 211 217 222 225 226 222 217 215 216 219 223 232 245 257 271 287 301 315 327 338 351 360 364 360 355 353 351 341 324 314 313 320 319 332 355 379 390 394 368 376 382 388 396 402 408 413 417 423 427 429 435 442 447 452 457 461 467 474 482 495 504 509 515 516 519 523 536 544 565 574 567 563 568 577 588 589 598 611 630 654 652 648 647 643 620 595 577 570 573 603 634 638 656 673 678 688 667 657 654 656 651 652 662 690 704 732 770 745 748 787 806 825 903 924 944 998 1041 1051 1050 1058 1059 1058 1059 1062 1067 1074 1083 1094 1106 1119 1132 1146 1160 1174 1187 1200 1213 1225 
216 213 209 206 202 199 196 193 190 188 187 189 226 239 240 246 249 252 254 255 253 253 254 257 260 266 269 266 253 246 232 220 211 200 197 208 221 232 242 248 253 261 270 265 265 266 272 277 276 285 296 297 291 280 263 259 252 258 249 260 260 263 249 248 251 239 240 253 249 236 226 222 231 228 224 220 218 225 241 243 238 238 243 251 252 246 250 247 241 245 247 245 243 251 255 250 247 246 239 237 233 227 226 227 229 226 206 190 192 201 206 196 196 200 201 200 195 199 207 209 208 207 207 205 203 203 200 203 205 209 212 211 216 217 221 220 219 213 208 198 186 186 207 230 244 249 233 227 214 212 226 238 227 214 208 213 222 229 233 237 243 248 239 230 223 217 217 226 245 235 226 226 227 232 233 234 234 238 254 268 271 283 287 293 298 310 327 335 339 340 340 332 328 344 335 326 312 289 292 306 302 315 336 339 325 314 297 303 330 325 299 282 276 283 285 283 289 298 290 279 278 281 280 282 260 252 248 239 244 240 233 233 235 238 232 226 224 222 222 221 218 212 206 200 198 198 195 193 192 189 187 184 182 182 180 177 176 174 174 174 173 172 169 168 169 170 172 173 177 179 186 191 194 191 192 194 195 198 203 209 215 220 219 221 219 214 211 212 215 219 230 245 255 268 282 297 311 317 324 333 344 353 357 353 349 344 333 323 316 312 317 324 345 374 345 352 399 368 374 380 388 396 404 410 415 418 422 427 429 433 437 442 447 451 457 464 471 481 495 502 507 519 522 522 525 534 543 556 557 559 564 573 571 579 591 609 615 626 643 654 657 648 640 621 600 584 577 583 607 627 645 666 674 673 682 670 655 651 645 642 653 644 659 691 736 762 802 802 789 802 832 867 932 935 996 1026 1056 1077 1039 1040 1039 1040 1044 1050 1059 1069 1082 1096 1110 1125 1140 1155 1170 1184 1198 1211 1223 
216 212 208 205 201 197 193 190 186 183 181 186 228 230 232 237 240 244 247 248 249 248 247 251 256 265 278 287 278 258 233 217 203 190 190 205 221 233 246 259 263 268 282 282 286 285 292 280 273 277 280 292 297 279 280 276 260 267 265 270 265 263 255 255 267 251 253 262 254 244 236 228 227 226 225 219 217 223 235 233 221 220 231 241 249 241 239 241 237 232 238 242 234 242 246 248 250 247 233 227 223 219 222 222 223 220 202 191 202 203 203 202 206 210 217 210 200 198 202 204 203 200 200 200 201 199 202 206 208 214 213 209 215 224 222 218 216 213 209 200 184 189 210 229 238 243 228 214 208 220 235 237 232 229 221 223 226 236 242 246 257 252 234 222 215 213 214 217 221 221 222 223 223 227 229 229 228 229 236 244 255 267 272 280 290 301 315 316 313 315 315 312 319 333 335 340 321 302 289 313 304 299 319 323 314 306 294 286 307 314 293 268 268 274 267 266 283 291 284 275 269 269 265 261 251 247 244 235 232 230 225 223 221 224 224 220 218 217 215 215 214 210 205 199 197 197 192 189 187 186 185 182 180 179 178 176 174 172 172 171 171 170 168 167 167 168 171 172 173 176 188 188 188 188 190 192 194 197 202 207 213 216 213 211 212 210 207 208 211 217 229 242 256 270 280 295 309 313 313 317 326 336 344 344 341 330 319 313 312 311 312 325 350 381 399 397 397 367 372 379 388 398 406 411 415 420 423 426 430 431 437 441 444 449 454 461 468 477 489 499 513 511 523 527 534 538 542 549 555 555 559 565 571 585 599 619 623 628 637 655 658 647 637 624 606 594 589 598 616 628 643 662 672 674 675 669 652 642 638 639 641 627 633 668 704 719 769 845 831 791 823 846 939 915 957 1003 1011 1028 1009 1012 1013 1016 1021 1030 1041 1054 1069 1085 1102 1118 1135 1151 1167 1182 1196 1210 1222 
216 212 208 204 200 196 191 187 183 180 176 180 215 221 224 230 234 238 241 243 244 245 245 248 255 262 271 286 286 262 230 213 200 185 186 195 212 224 239 254 255 266 290 310 299 291 318 287 277 273 274 279 278 270 278 279 279 294 294 281 283 273 265 256 260 263 262 259 251 241 239 239 230 216 209 207 208 212 217 220 215 209 213 226 240 236 225 223 230 230 233 232 228 235 235 242 245 237 230 221 221 224 228 223 213 204 194 191 199 203 207 209 207 209 222 216 204 201 204 205 203 200 198 202 204 202 205 210 207 212 211 213 221 229 225 214 208 208 203 194 184 194 203 216 230 235 226 209 204 217 229 236 243 239 225 224 227 228 225 229 246 258 235 217 214 213 216 218 220 222 225 225 225 228 229 231 231 229 228 232 239 249 256 267 279 291 296 299 301 298 292 294 301 306 323 331 331 328 305 291 291 298 312 310 307 295 284 274 277 281 272 259 255 259 249 251 266 280 273 272 262 261 257 255 249 236 234 234 228 224 220 219 215 215 216 214 215 213 210 210 210 208 204 197 194 194 188 184 183 182 182 180 178 176 176 175 173 171 170 170 169 168 167 167 167 166 169 171 172 177 187 184 185 187 189 192 196 200 206 210 211 212 209 207 205 205 204 206 209 215 224 238 254 264 272 284 298 302 302 303 312 321 325 328 329 322 312 308 302 299 303 324 345 368 382 382 388 392 395 399 388 396 404 410 415 420 422 426 429 430 435 441 443 447 452 457 465 474 487 490 507 509 513 528 533 531 534 538 544 548 554 562 571 589 599 610 617 628 635 657 660 644 636 627 611 603 601 609 624 636 649 662 669 670 666 661 644 633 624 621 628 620 612 633 673 714 754 824 846 849 839 838 892 900 923 957 975 986 995 979 982 987 995 1007 1021 1038 1056 1075 1093 1112 1130 1147 1164 1180 1195 1209 1222 
216 212 207 203 199 194 190 186 181 177 173 176 206 215 220 225 230 234 237 239 241 243 247 252 262 272 279 288 292 268 230 211 197 186 188 194 207 221 228 240 248 261 275 288 288 286 292 295 302 298 282 273 272 276 277 291 317 312 296 289 297 281 272 263 258 266 271 269 263 241 233 236 230 211 197 195 197 206 221 224 222 212 210 214 222 220 220 233 238 231 222 213 217 225 226 235 242 237 227 221 226 230 230 226 216 204 195 189 190 197 200 200 205 210 222 220 212 212 208 210 214 209 202 203 207 205 206 209 205 209 214 220 231 227 221 210 212 214 204 192 192 204 208 213 223 233 227 210 204 207 214 228 234 222 216 229 225 217 214 218 234 244 228 217 214 215 220 224 226 229 231 231 232 234 233 235 235 234 232 231 232 236 244 251 260 270 278 277 284 278 277 281 285 294 303 303 311 320 323 307 308 308 303 301 302 289 282 273 265 262 258 252 251 253 250 243 242 249 250 258 260 255 258 252 241 230 228 228 219 216 215 213 210 209 210 212 215 209 206 204 204 203 202 197 192 189 183 180 180 180 179 178 176 174 174 175 171 168 168 167 166 166 165 165 165 165 166 168 171 177 181 182 184 187 190 197 203 204 211 214 214 215 211 205 202 201 202 205 210 216 224 232 242 252 260 271 279 281 287 293 301 308 311 315 316 313 305 301 300 290 293 320 342 353 368 375 379 384 389 395 386 395 402 408 414 419 422 426 427 429 432 439 442 446 450 455 460 467 474 481 487 498 506 518 536 540 547 534 538 547 554 562 574 587 602 615 624 637 646 665 658 641 635 626 618 613 612 620 638 649 654 662 668 668 662 657 643 630 617 606 619 648 611 614 644 718 752 787 800 826 837 826 873 910 897 920 941 948 959 962 948 955 966 982 1000 1022 1043 1065 1086 1106 1126 1144 1163 1179 1195 1209 1222 
216 212 207 203 198 194 189 185 181 176 173 171 187 210 218 222 227 232 235 238 240 242 247 256 271 284 292 290 293 271 234 214 198 193 199 203 210 216 218 227 240 254 265 274 285 292 298 300 302 305 290 273 267 266 262 265 277 290 294 286 279 273 267 262 257 263 272 277 265 243 232 225 225 207 193 200 198 202 211 220 224 225 228 217 217 216 229 238 233 222 214 206 209 213 216 224 228 232 231 226 225 225 222 217 211 202 192 186 192 205 207 201 203 206 212 210 210 214 209 212 222 216 203 206 213 208 204 209 209 212 220 228 226 216 210 211 220 215 206 199 203 217 215 220 227 231 230 222 216 206 201 211 220 208 208 220 217 209 216 220 231 227 219 227 258 238 227 231 234 239 242 243 262 290 251 244 241 239 236 235 234 235 238 242 246 250 255 257 259 265 270 273 275 283 295 293 296 302 308 311 321 328 307 292 288 281 279 275 270 266 260 248 246 254 256 247 235 233 236 240 248 258 261 252 242 227 216 211 212 211 212 211 208 205 205 211 212 205 202 200 199 199 198 197 192 188 183 179 177 177 175 174 174 172 172 172 168 165 166 167 167 165 164 163 163 164 166 169 172 175 178 181 185 187 193 198 198 200 207 210 214 216 213 204 199 199 201 208 216 223 229 234 240 244 248 256 261 268 284 293 295 295 299 305 304 296 290 287 283 275 287 315 339 355 364 367 368 373 379 390 385 393 401 408 428 426 422 425 425 429 430 435 440 445 451 453 458 463 468 476 485 492 499 519 529 540 553 552 546 547 560 567 573 588 609 645 646 661 669 649 655 638 635 633 627 622 622 632 656 661 662 664 667 668 664 656 650 630 619 606 621 644 615 619 641 692 761 774 751 781 811 847 841 909 885 917 905 940 927 926 929 921 935 955 980 1006 1032 1057 1081 1103 1136 1144 1163 1180 1196 1211 1223 
217 212 208 203 199 194 189 185 181 178 174 171 172 192 214 220 225 229 233 236 240 243 249 260 273 286 293 290 291 273 235 220 207 200 197 204 206 209 216 226 236 249 261 272 284 298 306 308 302 295 286 284 287 287 270 269 268 267 272 279 265 270 276 266 265 262 268 265 258 254 249 234 219 189 180 190 198 200 202 206 214 224 221 208 212 215 232 233 226 225 226 222 221 217 213 216 219 231 237 234 233 231 229 219 210 199 190 186 190 204 211 207 208 209 208 208 208 202 199 206 211 204 199 206 208 208 205 209 212 215 222 226 218 208 207 216 227 219 215 204 204 218 218 218 223 229 237 232 218 204 195 204 209 198 195 201 206 206 225 225 225 225 225 232 264 252 234 239 245 252 254 257 276 303 260 250 249 247 242 242 241 240 240 240 241 243 245 248 251 257 263 269 269 272 279 281 283 291 297 299 301 298 290 297 298 293 283 267 265 265 260 243 237 243 250 249 238 228 229 230 234 251 243 236 247 225 209 212 215 219 218 207 201 201 201 204 204 199 198 197 196 195 195 194 189 185 182 181 177 174 172 171 171 170 169 168 167 165 165 166 168 165 163 163 162 166 169 170 172 174 177 182 186 186 191 193 192 196 202 205 207 209 210 200 197 198 202 212 220 228 228 230 235 234 237 246 256 269 283 292 292 284 287 293 289 283 279 276 273 271 289 311 338 364 367 360 361 364 375 390 392 392 400 408 428 429 425 423 424 429 430 432 436 443 449 455 464 464 470 472 485 496 504 513 528 538 544 549 554 553 564 585 583 599 629 664 682 685 663 664 656 642 634 642 637 635 636 649 668 662 664 671 674 676 670 663 662 640 624 608 622 640 635 630 661 673 729 759 727 741 764 818 817 830 856 870 883 902 903 895 897 898 915 931 962 994 1024 1053 1079 1102 1146 1145 1165 1183 1199 1213 1225 
218 213 209 204 199 195 190 186 182 194 179 172 171 176 206 219 224 228 232 235 238 243 248 256 269 279 284 282 285 273 238 218 214 207 198 207 208 209 224 232 236 248 263 280 288 306 310 306 300 288 282 281 286 277 273 282 267 264 250 249 242 252 255 258 272 261 264 257 259 272 255 217 198 178 173 189 200 199 198 204 204 209 220 213 212 215 229 226 225 235 232 227 224 220 218 218 221 230 239 239 238 233 228 225 217 204 199 187 186 194 201 208 213 215 212 214 211 200 195 196 197 195 196 199 202 205 207 210 214 218 222 225 220 208 205 213 229 224 214 200 200 219 222 220 222 231 233 225 216 210 196 200 201 193 196 203 208 222 229 227 229 233 236 242 253 252 246 275 274 258 261 264 264 261 256 257 261 256 250 249 247 246 245 245 245 244 244 245 248 251 255 270 263 264 272 275 277 280 285 288 289 287 290 310 307 297 283 268 258 254 245 237 231 231 235 240 238 234 230 222 227 239 224 213 216 208 206 214 220 220 214 202 195 196 197 198 198 193 193 194 193 192 193 193 186 184 183 182 181 176 172 169 169 168 167 166 166 165 165 164 164 164 162 162 163 167 170 170 172 175 177 181 184 186 188 191 190 191 194 198 201 202 202 197 196 200 205 211 217 222 224 224 222 224 234 249 259 273 290 294 286 275 275 282 282 279 276 272 270 274 290 321 344 361 365 356 353 360 387 380 395 401 403 409 422 424 428 425 425 428 427 432 435 440 446 457 463 465 470 472 476 484 496 511 520 528 542 547 559 555 577 598 605 619 631 651 668 690 685 680 669 653 638 641 648 648 650 664 680 669 666 678 689 686 679 671 667 654 644 622 611 624 632 639 654 649 693 751 716 716 741 793 825 834 858 838 854 866 873 870 868 864 885 911 949 986 1020 1052 1081 1106 1143 1151 1170 1188 1203 1216 1228 
219 215 210 205 200 196 191 187 185 205 180 174 172 174 201 219 222 226 229 232 235 239 243 247 253 261 264 268 277 260 228 214 216 208 199 210 207 209 232 243 241 245 261 274 292 304 307 298 287 276 276 276 265 242 242 249 248 241 229 223 222 231 230 235 256 252 251 254 259 255 229 205 189 178 178 196 200 204 204 221 214 210 224 229 215 215 226 230 228 224 219 219 216 223 231 228 229 228 231 233 232 228 228 221 213 215 209 194 187 194 204 208 208 203 200 201 199 195 194 193 194 198 201 200 203 208 209 213 218 222 219 218 221 214 208 211 223 223 209 197 203 230 230 226 227 236 229 220 211 206 194 199 195 192 197 207 220 236 240 231 230 238 244 253 272 271 264 331 315 269 273 281 278 269 268 270 271 265 259 256 254 252 251 252 251 250 249 248 248 249 251 255 254 256 262 271 277 281 278 279 283 298 300 297 294 286 282 272 264 262 241 236 227 220 219 229 239 234 227 223 221 226 211 202 202 206 211 218 220 213 207 198 191 191 194 198 194 190 189 191 191 189 189 189 185 184 182 180 180 177 172 169 167 165 165 164 163 163 164 164 161 160 160 161 163 167 168 171 174 176 179 181 183 185 188 190 191 190 190 192 194 196 196 195 196 202 206 210 214 220 223 220 216 223 235 247 259 271 292 290 277 269 270 279 280 279 277 271 270 278 295 317 329 344 346 340 343 356 383 378 389 398 400 409 416 420 428 424 427 432 427 430 434 438 444 453 458 465 472 473 476 482 491 504 519 527 539 553 553 566 574 588 595 617 627 638 661 661 693 702 686 636 632 634 640 649 659 672 677 675 676 692 699 701 695 682 681 676 664 642 620 626 635 639 640 622 651 722 698 693 716 754 789 828 807 820 832 841 853 854 857 851 868 904 945 984 1021 1056 1087 1114 1157 1183 1178 1194 1208 1220 1231 
221 216 211 207 202 197 192 188 187 200 179 175 173 173 187 216 220 224 227 229 231 233 236 238 240 242 243 246 248 230 214 211 209 206 203 212 207 209 224 242 251 248 258 274 301 287 289 279 268 260 252 248 238 224 229 235 235 225 212 209 215 211 216 223 233 237 242 255 258 247 223 207 194 189 188 193 202 215 221 219 212 232 246 230 220 226 224 218 219 224 217 217 224 237 241 238 236 233 230 230 238 232 222 217 219 222 212 208 191 192 203 199 194 191 192 192 191 192 195 195 196 199 203 202 205 211 212 216 227 227 217 211 219 223 216 209 214 217 208 196 203 227 237 234 234 237 219 205 198 194 194 197 198 200 204 208 216 226 239 260 262 273 260 256 264 272 277 348 324 296 304 295 292 286 282 284 283 274 268 266 263 259 259 272 265 257 256 253 253 253 253 252 252 257 263 266 278 294 290 284 283 293 293 288 281 274 274 270 264 251 246 256 236 220 212 213 214 214 217 217 225 229 210 208 213 217 224 221 211 204 198 192 188 188 193 197 192 190 188 186 186 187 186 186 186 183 181 178 175 175 170 168 166 164 163 163 162 160 162 162 160 158 158 160 163 165 169 173 179 180 183 187 187 189 193 192 189 186 186 188 190 192 194 194 195 200 204 211 219 225 223 217 218 229 235 243 255 268 285 280 269 264 271 280 275 272 271 269 271 279 295 307 314 325 328 328 339 353 370 398 383 389 395 405 412 414 422 420 423 427 426 430 434 437 446 453 455 463 468 469 472 481 491 499 513 520 533 545 553 554 562 582 596 609 624 639 645 643 677 689 657 627 632 635 635 642 659 670 677 692 693 702 704 699 703 700 692 689 682 665 647 646 658 660 640 609 620 675 669 672 695 718 753 811 805 820 829 825 837 854 865 872 890 924 949 988 1027 1063 1096 1126 1177 1190 1188 1202 1214 1224 1234 
223 218 213 208 203 199 194 190 192 202 179 176 174 173 181 210 218 221 224 225 227 227 228 227 228 230 234 231 224 217 212 205 201 204 204 209 206 210 222 232 246 247 249 255 262 260 255 250 248 242 234 233 221 212 211 214 216 208 201 201 203 203 226 228 238 243 245 246 240 231 220 209 201 200 203 210 215 223 223 218 217 228 245 234 244 253 231 224 223 223 216 218 227 245 256 249 243 240 236 231 236 231 222 219 221 221 211 201 192 187 187 187 190 192 195 195 194 196 197 198 198 200 204 205 204 206 208 221 235 228 213 208 209 222 217 206 210 209 207 199 205 227 235 238 243 239 216 197 196 202 209 208 210 215 217 215 221 230 241 261 260 270 268 266 270 276 286 323 323 324 320 306 305 306 299 297 291 284 279 276 270 266 266 283 273 266 262 259 260 261 261 258 257 259 264 265 270 268 274 293 271 269 273 272 265 260 264 260 267 255 246 245 237 223 211 206 213 225 230 223 237 234 215 229 239 229 225 214 204 196 191 188 190 187 188 190 188 188 187 184 183 183 185 184 183 182 182 178 174 172 168 165 164 163 161 161 160 159 159 159 158 157 158 160 163 166 173 176 178 185 191 194 193 193 192 188 184 184 185 187 189 191 193 193 194 197 202 211 220 224 220 218 221 228 235 247 260 272 282 270 262 259 266 274 272 269 269 270 275 283 291 298 302 309 315 324 339 356 370 386 378 389 395 402 407 410 413 415 422 424 426 431 435 437 443 448 454 461 461 463 468 476 487 495 506 517 531 541 542 547 558 574 603 611 609 625 620 631 642 653 665 654 644 634 638 637 658 668 679 690 692 689 688 686 694 695 700 693 682 663 647 644 655 658 647 622 609 627 642 657 681 710 748 780 811 842 834 814 836 866 886 897 913 939 973 995 1024 1065 1121 1169 1195 1184 1199 1210 1220 1228 1236 
226 221 216 211 206 201 196 191 196 198 180 177 175 174 174 185 209 218 220 222 223 223 222 219 215 218 228 228 222 218 216 208 202 200 205 202 202 212 226 223 234 251 255 241 239 237 232 228 228 225 223 224 218 212 206 210 217 207 201 198 205 207 214 219 228 229 228 230 234 230 222 215 208 208 213 217 214 219 225 224 226 223 224 226 241 258 243 228 224 223 227 226 228 237 247 246 244 243 237 235 233 226 220 213 209 210 202 192 197 194 187 191 201 200 197 198 200 203 207 205 201 203 209 203 199 198 204 213 226 221 209 207 201 208 208 201 208 203 200 200 214 225 224 236 245 234 216 203 205 218 230 224 225 228 230 225 224 237 243 242 246 260 265 267 276 284 291 304 315 326 327 318 320 324 320 318 314 303 289 282 276 272 270 274 275 279 274 269 268 269 267 263 260 257 257 261 259 255 251 256 250 251 256 256 248 244 247 242 252 244 232 223 223 216 211 210 222 235 231 229 240 235 231 239 228 221 212 205 198 192 186 184 185 189 187 186 184 184 186 183 181 182 182 181 179 180 180 176 173 170 165 161 162 163 161 160 158 157 157 157 157 158 157 160 162 165 176 182 179 185 193 195 193 192 188 185 185 188 189 189 189 191 193 193 194 196 200 206 216 220 217 220 224 234 242 248 263 269 268 260 256 256 262 272 271 268 270 273 279 284 288 292 298 305 314 322 334 354 373 381 398 387 392 397 399 406 409 412 420 418 423 432 436 442 438 445 451 456 456 459 467 475 483 490 499 512 525 530 540 542 556 566 582 588 611 611 614 629 624 630 642 667 651 652 652 651 647 672 676 678 686 682 681 674 677 679 691 690 675 656 642 639 650 654 649 634 619 621 632 649 672 705 725 738 757 788 786 812 834 871 901 918 929 952 983 994 1019 1066 1123 1188 1204 1198 1210 1218 1225 1231 1237 
228 223 218 213 208 203 198 194 198 194 182 179 176 174 173 173 194 214 217 218 219 219 217 214 211 213 222 224 226 222 221 215 206 198 197 199 204 211 221 217 222 235 235 230 227 224 222 220 218 216 216 216 219 215 211 214 212 208 205 202 212 221 204 206 213 220 218 231 229 223 218 217 215 216 221 217 209 210 215 215 220 214 215 221 243 261 248 234 238 232 236 234 234 234 236 235 236 238 242 243 237 233 230 219 206 199 194 187 187 191 190 190 195 195 194 196 200 207 209 207 204 206 211 200 195 196 202 215 227 216 205 204 200 197 203 198 206 204 199 204 215 220 224 240 242 228 216 211 216 227 238 244 245 247 247 240 231 233 237 238 244 252 258 264 275 289 300 310 320 328 326 322 323 331 340 342 338 317 295 288 281 277 275 277 286 337 301 279 279 276 273 268 263 258 254 252 250 245 241 238 236 236 235 233 227 223 224 219 216 215 213 210 210 211 215 221 228 236 235 232 238 241 231 242 220 208 204 199 194 190 185 181 181 186 185 183 183 181 183 181 180 180 180 179 178 177 176 174 171 169 162 159 159 161 159 158 157 156 155 155 156 157 157 159 163 168 178 183 181 185 189 191 189 187 186 188 191 194 193 190 189 191 192 193 194 195 199 203 212 215 214 219 225 238 242 246 273 269 258 253 253 255 259 267 270 270 273 278 283 287 291 297 305 314 323 326 331 345 360 378 376 382 388 393 397 401 405 406 410 414 420 425 431 439 437 440 449 454 453 457 463 471 479 484 493 505 515 519 528 538 550 557 568 591 599 592 607 616 613 615 625 637 641 643 645 643 645 665 669 670 665 665 663 659 650 649 663 677 673 655 645 650 658 655 649 642 625 624 627 644 671 700 707 711 730 744 766 796 825 875 906 922 942 960 990 1016 1038 1092 1156 1202 1198 1211 1218 1223 1228 1232 1237 
231 226 221 216 211 206 201 196 192 187 183 180 177 175 173 172 178 207 214 216 216 216 214 213 214 219 223 222 228 229 226 222 210 200 198 202 205 211 219 221 224 224 221 224 223 220 217 218 218 212 212 215 217 216 214 218 219 217 216 212 211 214 211 216 222 220 219 233 227 220 218 219 222 224 223 219 209 202 202 203 207 204 206 208 218 230 228 229 229 233 237 238 248 240 236 237 239 238 238 239 241 235 230 221 209 197 189 183 181 184 187 188 190 191 193 198 201 200 203 204 199 206 212 199 194 197 204 212 218 220 206 199 200 197 198 200 197 199 206 217 218 219 228 241 245 233 219 220 227 238 246 255 257 262 262 250 237 235 236 237 243 249 255 262 272 287 299 307 313 320 321 315 318 327 335 339 332 318 306 294 288 281 281 285 287 304 287 295 316 282 276 270 265 259 253 249 248 243 239 239 233 230 227 221 216 211 207 208 207 208 209 210 212 217 225 233 233 233 230 227 234 237 216 218 212 205 202 197 194 189 184 181 179 180 179 179 180 180 180 179 180 178 179 176 176 175 174 173 170 167 161 157 158 158 158 156 155 154 154 154 155 155 156 159 163 170 177 180 182 185 186 185 187 186 187 189 191 194 190 188 189 190 191 192 193 195 198 203 208 210 212 218 225 231 236 249 267 262 254 250 251 254 257 263 269 272 276 281 287 291 295 304 313 322 339 340 333 340 357 383 394 377 383 387 391 398 400 402 407 413 419 425 429 435 435 436 444 448 449 455 462 469 475 480 490 500 504 514 524 536 541 551 566 575 578 590 600 599 603 608 616 627 634 637 639 641 637 661 671 663 651 645 648 649 636 623 632 660 666 652 645 652 659 651 647 644 630 624 628 642 669 691 704 695 708 729 776 792 817 876 899 924 935 956 984 1020 1065 1116 1177 1220 1212 1220 1222 1224 1227 1230 1234 
235 230 224 219 214 209 204 207 200 189 185 181 180 179 173 172 172 194 211 214 215 214 214 214 219 221 222 220 224 229 223 219 213 208 211 205 202 207 210 214 220 228 221 220 220 220 216 217 224 213 209 211 212 211 212 217 221 226 228 223 224 223 222 231 230 222 221 229 231 225 221 224 230 227 220 214 205 197 194 192 193 195 197 197 201 210 217 224 224 224 225 233 251 241 238 241 241 243 240 235 232 227 224 219 210 198 189 181 178 181 187 189 194 196 196 206 203 198 198 198 199 212 215 200 195 194 200 202 212 222 210 205 197 195 194 195 197 202 213 229 227 224 228 238 246 245 230 227 239 255 257 257 253 257 256 246 237 235 236 237 240 245 254 261 271 284 294 296 298 304 307 306 316 320 323 328 329 326 312 337 330 287 291 300 291 289 289 293 294 279 274 269 264 258 252 250 263 261 240 239 232 230 227 222 217 212 208 208 211 213 215 214 219 226 229 229 230 230 224 217 218 213 204 200 202 202 200 197 193 190 187 186 182 175 174 176 178 177 178 178 177 176 175 175 175 173 171 171 169 167 162 156 155 155 156 154 153 153 154 153 153 155 156 158 161 167 173 178 183 184 183 181 181 183 187 185 183 186 185 187 188 189 190 191 193 194 200 206 205 209 215 225 242 244 240 255 259 257 257 249 250 254 258 263 268 273 279 285 291 296 299 304 310 316 334 345 341 344 351 370 381 392 380 383 389 395 394 400 407 413 422 430 431 432 429 437 445 446 446 450 457 464 469 476 487 492 498 508 524 527 535 547 559 566 568 580 586 587 592 599 607 620 624 628 628 630 632 642 659 654 639 633 630 629 623 615 627 650 656 648 645 651 654 647 642 641 635 626 626 635 654 663 676 693 690 711 767 798 836 843 884 902 923 948 975 1008 1057 1093 1176 1193 1214 1218 1218 1219 1221 1224 1229 
239 233 228 223 217 212 209 238 218 192 187 183 195 197 175 172 171 176 200 211 212 213 215 218 222 218 221 220 222 222 218 213 208 216 223 215 202 205 210 215 221 228 231 228 216 214 212 216 215 210 207 206 203 201 205 210 212 219 224 220 223 239 248 242 239 232 227 231 238 235 227 231 235 226 217 210 205 196 191 187 188 196 197 196 198 207 212 215 221 224 221 221 226 227 228 231 227 229 237 236 226 218 219 216 209 200 191 182 176 178 187 190 189 193 200 207 200 195 195 197 202 210 207 197 194 193 199 198 206 217 217 212 203 202 199 193 202 213 222 230 228 226 227 232 242 251 239 232 246 262 259 246 243 250 250 240 237 241 246 250 250 247 253 260 266 272 277 281 286 292 294 300 310 311 315 323 325 321 312 340 370 309 296 308 304 292 285 283 280 273 268 266 261 257 254 251 260 261 246 241 234 231 229 225 221 216 211 208 213 216 215 218 225 231 232 231 231 231 225 223 225 220 202 199 200 201 201 199 199 200 198 188 180 174 172 173 175 176 175 175 174 174 173 174 174 171 170 169 169 166 160 155 155 153 152 153 152 152 154 154 154 159 162 160 162 167 173 178 180 182 184 183 179 178 181 180 179 181 183 186 188 189 189 190 191 194 207 217 209 211 218 232 246 246 247 247 250 262 263 250 250 254 258 263 268 274 280 288 298 304 304 302 305 311 323 340 350 349 353 361 372 386 396 399 386 388 391 400 407 415 419 424 427 429 426 435 442 448 447 446 451 460 465 473 480 485 493 504 513 524 543 545 550 553 558 567 572 577 584 592 609 614 616 619 618 621 624 621 634 634 628 632 628 622 626 622 625 642 648 646 645 649 654 648 642 638 634 628 627 632 643 657 661 665 692 703 739 793 846 828 850 890 920 933 964 1002 1047 1096 1155 1170 1192 1200 1203 1207 1211 1215 1221 
243 238 232 227 221 216 212 240 237 196 189 186 211 219 188 173 171 170 181 204 211 213 216 220 222 219 218 218 216 214 211 208 206 219 224 214 204 206 212 222 221 220 218 209 200 199 198 202 202 200 196 193 189 189 191 194 199 204 209 210 213 235 253 240 236 240 238 245 243 236 230 239 237 230 219 213 209 204 198 189 189 197 198 199 201 203 205 210 219 226 225 223 223 224 222 221 218 217 219 218 212 208 208 205 200 194 191 185 175 178 190 195 191 194 199 195 194 196 197 203 205 201 201 200 197 193 193 195 198 204 213 212 210 206 199 194 208 222 231 239 240 235 231 233 248 255 241 236 247 259 253 239 235 239 241 236 240 250 256 265 263 252 250 254 260 274 278 270 276 281 286 291 294 297 302 306 308 308 310 321 366 318 303 312 306 304 306 283 279 280 264 265 261 259 258 255 253 256 255 244 238 234 231 226 221 215 210 207 211 218 222 222 230 237 237 232 229 229 233 236 233 224 214 211 209 209 205 203 201 201 198 192 183 176 174 173 174 174 173 172 171 172 171 171 172 170 169 169 167 166 158 154 152 150 149 151 151 150 156 154 156 158 163 166 164 163 167 172 172 175 181 181 176 174 176 176 178 182 186 188 190 188 188 189 190 195 209 223 219 219 221 231 234 239 247 244 245 253 253 248 250 254 258 263 268 274 283 289 299 307 306 300 297 304 316 329 337 348 357 364 372 378 389 393 383 384 389 397 402 410 414 417 419 421 423 430 435 442 444 443 449 456 461 468 473 481 490 501 514 524 537 541 543 547 553 555 560 570 581 591 620 611 607 607 607 609 612 601 607 609 610 619 622 621 621 622 625 640 640 636 638 644 648 647 643 640 635 633 635 637 639 651 661 668 691 705 726 780 805 826 840 874 895 929 953 989 1031 1070 1097 1132 1156 1171 1181 1189 1196 1203 1210 
248 242 237 231 226 220 214 228 253 208 191 188 210 231 215 184 178 175 171 187 207 213 216 222 225 220 217 219 213 210 206 204 204 212 213 203 204 204 204 209 208 203 197 192 189 188 190 193 194 192 187 188 179 177 177 181 187 196 212 209 208 209 215 219 224 233 238 240 235 239 234 242 247 242 231 224 222 220 210 195 195 204 210 209 205 203 205 209 213 226 234 232 230 228 224 218 215 214 216 217 209 201 197 197 193 188 185 181 175 177 185 188 186 189 190 189 192 196 201 207 202 194 194 202 199 195 188 188 196 207 210 204 204 198 193 197 210 230 233 232 244 244 240 244 259 260 244 240 253 261 246 234 235 239 238 234 239 245 250 251 249 257 272 290 260 273 294 292 275 274 279 283 290 294 294 297 298 303 304 304 301 299 310 330 338 318 304 284 280 278 261 274 284 268 262 261 259 266 263 248 246 241 235 229 223 217 211 207 210 219 226 229 235 240 240 235 235 239 243 239 231 224 218 211 210 211 204 203 201 197 192 188 183 179 177 174 173 172 171 170 169 170 170 167 166 166 166 165 166 168 159 152 151 149 149 149 149 148 150 149 155 156 160 162 161 162 164 167 169 173 179 178 174 172 174 176 180 188 191 193 189 188 190 194 194 196 212 220 221 225 228 240 239 237 244 242 238 240 242 245 249 253 257 261 267 275 286 290 294 302 306 304 292 297 308 319 329 341 354 363 376 377 377 384 394 395 388 394 400 407 410 412 416 417 423 427 430 434 440 440 446 455 457 462 470 478 486 498 511 520 536 538 539 547 549 549 553 561 571 584 617 624 604 594 590 592 595 595 601 603 613 605 608 615 616 618 622 633 634 630 630 637 642 642 645 641 640 644 638 639 643 648 656 667 685 698 718 762 798 859 842 865 877 907 940 970 1011 1043 1076 1094 1119 1139 1155 1168 1179 1189 1198 
253 247 242 236 230 224 219 220 253 229 196 189 192 221 227 203 190 188 172 173 193 215 217 221 224 223 216 218 215 216 210 203 201 201 201 199 204 204 201 202 200 201 191 189 189 186 188 191 186 184 181 179 172 170 170 173 180 189 203 208 214 213 212 213 216 220 225 224 229 238 243 247 252 248 247 242 241 234 221 213 214 221 223 216 211 209 207 209 212 221 227 227 229 231 227 220 216 214 214 210 204 197 195 199 196 191 190 184 175 176 176 180 181 183 185 190 192 194 204 212 203 194 190 197 198 193 184 183 191 204 202 198 197 193 199 209 221 234 237 231 233 241 241 252 266 270 253 243 252 256 238 235 250 255 240 230 230 240 257 245 235 246 258 270 258 261 282 319 282 278 283 303 351 325 305 308 306 313 312 307 300 294 294 305 319 321 305 303 292 272 263 277 296 278 276 270 266 262 260 255 254 249 240 233 228 223 212 209 219 233 225 226 230 231 241 243 240 240 239 235 233 231 225 217 206 204 203 201 201 200 195 190 186 181 179 176 174 170 169 168 167 168 168 166 166 164 164 164 163 162 156 151 149 148 147 146 150 146 146 149 154 155 157 159 160 161 163 163 165 170 173 173 171 173 177 178 180 187 187 188 187 190 187 192 202 199 203 207 216 225 233 241 242 239 243 240 234 236 239 243 247 251 256 260 266 275 286 290 291 294 301 304 293 294 301 313 322 335 349 355 360 365 370 374 383 393 386 393 402 405 407 409 412 414 419 424 426 428 433 436 450 454 453 460 468 474 487 495 506 514 531 533 542 547 547 548 547 558 574 586 604 594 593 584 582 584 591 601 605 604 609 606 607 614 621 617 617 623 625 624 627 634 641 642 646 645 649 655 646 649 651 651 654 666 679 685 705 741 788 828 844 842 861 893 929 952 988 1021 1046 1088 1086 1109 1130 1147 1162 1175 1186 
258 253 247 242 236 230 224 218 237 247 207 197 189 208 228 203 188 187 174 174 197 215 217 218 220 221 216 214 213 216 212 206 207 208 205 206 204 203 202 203 205 206 193 185 179 175 178 181 182 183 186 182 175 172 170 172 176 183 193 203 212 212 216 220 219 216 220 227 231 240 254 259 258 255 258 265 263 251 244 240 241 242 234 226 225 220 214 211 212 218 223 222 225 233 230 220 215 212 210 203 195 190 189 192 194 192 190 187 174 172 177 185 190 189 189 192 187 191 203 204 195 190 185 193 197 196 189 186 184 192 192 191 193 201 214 225 231 232 233 233 228 230 238 253 261 270 258 247 251 250 234 234 255 254 232 224 221 230 243 247 233 240 244 297 295 266 275 284 281 285 296 317 374 335 359 348 321 340 344 353 326 287 280 279 290 296 297 296 330 303 262 265 277 290 316 307 290 273 267 266 265 259 253 241 233 224 214 210 219 233 225 219 220 223 242 245 240 238 234 230 227 224 221 218 210 210 209 207 206 207 197 191 187 185 182 177 177 171 168 168 165 167 166 164 165 164 164 164 162 161 155 151 149 149 151 145 151 147 147 154 158 157 159 160 162 163 163 165 167 168 169 168 169 172 179 179 179 181 179 183 187 191 191 197 207 204 199 203 211 223 237 236 238 235 233 232 231 234 237 241 245 254 269 267 272 278 284 290 289 289 299 305 295 294 298 306 319 334 347 349 350 354 363 374 381 393 400 393 401 405 405 407 409 411 414 423 425 425 428 433 443 450 448 457 471 475 483 488 497 509 516 527 543 539 546 549 539 549 572 586 592 585 586 586 584 584 594 596 593 596 595 598 602 611 614 613 613 616 621 623 628 637 637 641 650 654 661 656 659 662 669 678 666 666 669 674 692 724 769 800 816 832 850 871 909 944 969 996 1025 1045 1062 1087 1109 1129 1146 1160 1173 
264 259 253 247 242 236 229 223 220 239 233 227 204 201 226 199 195 192 177 177 204 214 213 215 218 220 219 215 214 214 212 211 213 216 215 211 206 211 213 204 202 200 193 180 171 173 181 186 189 194 215 201 185 182 179 181 180 181 188 195 201 203 207 211 213 212 217 222 228 238 253 261 260 256 258 266 269 266 264 262 259 255 248 241 234 224 218 216 216 216 221 220 220 225 225 222 218 211 204 197 191 187 184 181 180 180 179 177 173 172 178 184 193 194 195 192 184 190 201 196 188 189 182 186 191 193 187 182 183 185 190 196 208 217 223 231 237 235 232 226 230 237 240 241 249 257 250 249 259 257 233 229 245 235 221 215 214 216 222 233 233 239 238 308 283 265 286 294 284 292 315 316 311 303 325 327 331 372 346 389 391 307 276 267 268 273 280 289 337 308 259 271 283 297 341 325 296 283 305 289 282 279 286 256 241 227 215 205 205 212 214 214 212 212 224 238 248 245 230 225 223 222 220 217 218 225 222 224 225 218 197 192 193 199 192 187 178 172 169 166 165 164 165 163 161 161 161 160 157 157 157 154 153 151 147 146 146 146 147 151 154 157 159 161 161 162 163 165 165 166 167 167 168 168 174 175 170 173 176 180 181 184 189 194 209 215 202 204 211 230 258 232 228 226 226 227 228 231 234 238 241 254 283 292 288 290 288 287 286 289 298 301 295 295 297 304 319 333 344 350 350 349 364 380 380 387 396 390 397 401 403 406 406 408 411 415 417 421 424 429 437 441 445 453 463 474 479 481 489 495 513 531 540 539 533 543 536 542 562 566 573 579 576 585 584 583 580 581 582 584 584 591 597 604 608 612 610 612 620 625 630 635 626 634 652 672 674 661 680 684 686 679 682 677 668 668 673 694 757 787 817 865 847 864 888 923 970 986 1008 1022 1047 1072 1094 1114 1132 1147 1161 
270 265 259 254 248 242 236 230 223 232 247 238 222 198 211 212 218 208 181 184 211 217 213 212 216 219 221 219 217 215 213 215 219 218 213 208 207 213 215 205 197 195 192 178 172 179 191 205 201 200 205 201 196 194 193 193 188 184 186 191 197 202 206 208 209 212 216 223 240 239 248 255 255 254 252 257 269 275 276 274 267 262 257 246 233 222 216 215 218 219 214 214 215 218 223 225 225 213 202 195 191 186 182 177 173 171 169 169 172 171 173 181 188 193 192 186 181 183 192 189 183 186 180 175 178 180 179 187 194 200 205 208 215 226 223 228 239 237 238 231 226 230 234 230 249 257 244 246 251 242 220 225 266 234 211 207 219 246 233 229 239 237 227 232 235 252 273 304 277 278 318 306 294 291 288 299 309 319 303 302 313 302 267 259 263 275 291 301 356 300 276 296 311 308 322 312 295 293 326 320 299 293 281 260 242 227 211 200 195 200 202 205 206 204 212 226 226 225 222 221 224 224 222 221 224 227 226 225 224 217 209 205 218 211 192 191 182 171 168 166 164 162 162 162 161 159 160 158 155 152 154 151 150 150 147 143 143 144 149 151 155 158 159 160 161 163 164 164 164 165 166 166 167 166 167 167 166 173 178 177 176 177 184 196 215 225 215 209 213 232 235 220 219 219 222 223 226 229 231 234 238 251 285 308 308 303 293 290 284 286 293 295 292 295 298 306 323 340 347 344 347 347 364 377 378 385 396 387 394 396 398 404 405 407 409 413 414 416 420 425 432 434 441 451 461 467 472 476 484 492 504 515 528 527 528 528 534 535 550 554 565 569 569 574 577 579 583 586 584 581 583 589 597 604 609 609 608 614 616 629 631 634 630 638 647 662 664 661 672 677 674 681 697 688 676 674 679 692 752 811 838 878 866 902 879 902 958 969 996 1012 1038 1061 1082 1102 1119 1135 1149 
277 272 266 261 255 249 243 237 230 226 240 251 244 218 201 208 225 221 187 185 211 218 215 212 217 222 222 220 216 214 215 221 224 220 213 208 207 208 207 204 199 193 192 179 174 183 198 210 206 207 208 208 208 207 209 205 195 190 188 193 205 215 220 218 216 219 223 227 239 245 252 255 252 248 248 251 262 272 277 274 264 257 255 246 232 222 216 213 216 219 219 217 214 215 220 221 219 211 202 196 192 186 182 175 170 168 165 163 165 168 173 179 185 192 190 186 181 177 185 179 175 179 177 177 182 185 192 202 204 207 213 210 215 229 225 221 233 235 230 235 226 215 217 219 232 244 241 231 225 219 215 214 242 217 202 202 214 235 236 239 245 241 229 215 218 231 244 261 257 256 295 284 271 270 274 291 309 326 313 288 269 260 253 248 251 264 286 284 279 261 278 324 317 345 353 354 328 319 319 325 311 300 286 265 249 238 217 200 193 193 194 199 206 198 201 209 212 212 213 216 218 220 220 221 223 226 227 228 225 217 220 223 223 207 189 186 175 168 165 164 162 161 160 160 158 157 156 156 155 153 153 151 149 148 147 145 145 146 151 150 153 156 157 159 161 163 164 165 165 165 165 165 165 166 164 165 169 170 173 171 171 174 186 203 229 235 234 220 224 234 225 216 216 218 221 221 224 226 227 230 236 255 281 285 303 304 303 301 288 283 290 291 289 293 300 308 321 340 346 339 340 342 357 373 377 383 398 385 387 393 392 400 405 406 408 409 411 413 416 421 425 432 441 450 458 461 465 470 478 488 499 507 514 514 522 524 521 523 534 545 548 559 567 567 569 570 579 593 594 587 591 593 598 601 606 609 609 621 618 626 634 634 635 646 653 651 658 656 662 664 674 690 712 702 689 689 710 732 766 808 843 878 894 861 881 896 948 970 993 1024 1033 1054 1073 1091 1108 1123 1137 
284 279 274 268 263 257 251 245 239 232 232 260 265 242 209 203 214 239 209 194 214 222 218 211 218 224 225 224 223 223 220 227 225 219 215 211 210 208 211 209 201 192 192 179 178 189 202 210 214 218 219 217 214 212 215 214 204 198 192 195 207 217 223 227 226 228 236 237 237 241 247 250 249 246 246 249 254 260 268 271 268 255 252 249 237 230 225 218 219 220 221 221 217 213 217 222 220 211 201 199 195 190 190 181 175 172 166 162 162 167 179 183 187 192 190 186 179 173 176 173 167 167 170 181 190 197 203 205 203 204 209 206 217 229 226 219 218 227 225 229 229 215 207 211 228 250 247 227 212 207 208 201 203 198 191 196 206 220 233 237 239 236 233 212 206 212 223 233 234 233 239 245 251 257 263 277 292 336 312 289 270 257 247 242 239 248 279 267 268 253 246 260 269 291 307 355 331 304 292 330 309 295 280 262 244 234 223 208 197 193 189 191 196 199 198 199 202 205 206 210 214 217 221 221 223 226 227 230 230 220 217 220 210 179 173 171 168 165 165 161 159 159 160 158 157 155 155 154 154 155 152 150 150 149 145 145 144 144 146 146 150 154 156 159 161 164 165 165 165 165 165 165 165 167 165 165 169 169 169 166 165 170 184 205 223 227 228 234 233 226 222 216 215 220 224 218 220 222 223 226 234 256 272 269 295 319 313 302 294 286 285 288 290 294 300 307 317 335 349 342 335 338 357 366 369 378 399 381 383 388 388 394 398 403 404 405 409 414 414 416 421 428 437 445 454 458 459 466 475 485 496 498 502 505 514 513 516 515 522 534 540 553 556 556 560 567 570 593 587 587 596 594 594 601 610 610 612 627 625 626 634 634 635 642 645 642 644 644 648 646 661 684 695 708 703 712 734 757 769 807 842 884 889 863 883 895 951 989 1007 1006 1029 1047 1064 1081 1097 1112 1127 
291 286 282 276 271 266 260 254 248 242 237 253 272 258 227 214 223 251 240 225 229 227 219 213 220 224 228 228 227 228 227 229 223 220 218 214 212 210 211 209 199 200 185 177 185 204 213 215 220 226 227 220 215 214 215 215 209 201 196 196 202 208 220 225 230 236 243 247 247 246 250 254 254 253 250 250 250 252 259 268 263 251 249 249 243 239 232 221 216 217 220 222 219 214 214 217 214 208 204 205 202 194 195 192 187 177 169 164 163 167 180 187 187 187 181 175 170 168 168 170 167 167 173 183 191 196 201 204 203 202 207 205 215 228 231 224 217 216 223 218 219 211 204 221 239 249 243 222 205 198 194 191 189 188 179 187 202 215 229 229 228 225 217 203 199 204 211 216 219 221 226 234 242 249 256 262 272 284 280 274 273 266 247 235 228 231 240 245 252 243 239 248 258 266 266 273 277 275 278 286 282 280 277 265 247 229 220 209 199 193 190 189 197 206 201 196 194 196 200 205 213 219 221 224 229 232 228 230 232 224 215 212 194 176 177 187 174 165 162 158 157 156 157 157 156 156 158 154 154 155 151 149 148 147 148 147 145 147 150 149 151 153 158 160 162 164 165 165 165 166 165 164 164 166 164 163 166 169 166 161 160 163 172 186 196 213 232 241 234 225 230 221 215 221 223 215 216 218 219 223 229 241 249 261 292 311 318 305 296 288 286 288 292 296 303 312 321 338 350 348 332 332 347 355 360 379 400 396 380 385 384 391 393 396 402 401 406 411 411 412 417 423 431 442 446 449 455 465 474 483 487 488 494 498 507 512 510 518 516 529 535 543 547 550 553 559 567 572 569 578 585 582 583 591 595 601 612 624 626 626 627 630 634 637 633 626 624 627 628 635 655 667 684 706 715 724 751 770 768 794 825 876 888 902 921 915 984 978 1004 1004 1023 1039 1054 1070 1086 1102 1116 
299 295 290 285 280 275 269 264 258 252 247 243 260 275 257 244 253 262 260 246 239 231 222 222 227 226 230 233 229 226 230 233 225 222 221 216 213 209 207 206 198 198 185 184 193 207 215 219 223 229 232 222 215 214 215 215 208 201 197 197 201 204 225 231 234 236 240 245 250 252 258 267 270 262 258 258 256 252 251 257 253 244 245 248 241 231 226 220 214 212 213 214 213 216 217 216 213 213 212 209 205 204 205 199 190 181 177 170 168 167 173 184 185 183 184 179 173 171 167 164 166 178 186 189 193 196 198 202 203 200 202 202 213 226 227 221 217 209 211 213 211 202 209 236 248 237 227 213 201 193 187 184 184 187 181 187 195 204 218 219 215 212 202 195 192 194 199 205 209 214 222 228 234 238 247 255 262 263 263 259 258 260 261 242 222 226 230 226 246 247 234 245 259 269 262 267 270 266 268 271 271 270 270 263 246 234 226 210 203 198 194 188 192 193 188 186 185 188 193 197 205 214 215 222 238 236 237 233 225 221 215 217 200 185 193 198 177 164 156 155 155 153 155 156 155 157 157 154 152 151 151 150 147 144 148 149 149 150 153 150 155 158 159 160 162 165 166 166 166 165 165 164 164 164 163 164 166 163 159 157 157 159 167 183 192 213 225 228 226 222 228 228 223 221 220 213 211 213 215 218 226 246 249 269 291 292 312 304 297 293 289 291 298 301 308 318 328 344 348 343 329 329 339 344 354 372 388 390 395 385 382 387 387 395 397 398 403 406 406 409 414 419 427 435 437 447 455 463 472 473 476 479 484 491 499 501 501 509 510 518 528 537 543 548 548 551 559 563 565 567 569 569 573 579 585 593 602 610 619 621 624 628 630 627 619 609 607 612 617 630 655 671 680 694 721 733 756 748 762 786 799 860 883 931 946 964 1017 1003 991 1018 1010 1026 1043 1060 1076 1091 1106 
307 303 298 294 289 284 279 274 269 264 259 254 253 272 284 286 278 274 272 261 246 236 231 233 235 232 232 238 238 233 232 241 231 223 221 217 215 211 211 207 198 190 198 198 203 208 211 216 220 226 231 225 217 215 219 218 212 207 204 201 203 211 224 232 232 232 242 244 244 247 257 270 272 266 269 270 264 258 253 249 244 239 240 245 239 228 222 218 214 212 211 212 217 227 231 227 225 225 222 220 218 217 215 202 188 179 172 165 168 171 171 177 183 187 189 188 187 189 180 173 165 173 184 192 198 199 199 199 205 203 198 198 205 218 228 223 211 201 199 203 208 206 223 243 249 237 226 218 208 193 187 181 181 187 179 181 185 190 203 203 194 188 182 181 184 187 192 197 201 211 219 224 226 229 237 247 252 249 248 254 248 246 242 229 218 218 225 215 224 229 233 243 256 260 258 263 271 272 266 266 265 266 269 267 252 237 225 217 213 207 196 188 184 184 181 181 182 182 187 191 194 198 201 214 226 218 219 216 212 205 198 198 194 191 192 181 173 156 151 152 151 150 152 153 154 155 155 153 152 150 147 146 145 144 144 148 150 150 151 150 155 160 160 162 163 165 166 166 166 166 165 164 165 165 164 164 166 162 158 154 155 156 161 170 174 193 206 214 222 224 228 234 234 230 230 218 208 208 210 214 225 235 241 255 267 280 306 308 300 297 294 294 303 305 315 333 341 344 345 343 332 328 333 342 357 373 386 388 388 378 380 380 384 392 391 393 397 400 402 406 411 417 422 427 434 442 448 456 462 465 465 470 479 486 491 496 496 500 503 516 525 531 534 546 545 548 548 555 561 560 565 567 567 569 577 583 592 600 608 615 621 619 617 612 604 596 594 601 609 616 636 670 695 703 724 734 736 757 747 764 774 824 871 927 955 992 1036 1065 998 1000 994 1013 1031 1049 1065 1081 1096 
316 312 307 303 299 294 290 285 280 276 271 267 264 263 285 304 295 286 282 273 260 250 247 242 239 238 240 244 240 235 236 245 233 224 224 220 221 219 215 205 197 198 221 211 205 206 212 217 222 231 234 230 224 218 222 224 220 215 211 206 206 210 220 225 225 229 236 238 239 244 254 266 270 264 263 263 265 262 259 258 247 237 235 239 241 236 224 222 221 220 217 218 226 234 237 235 232 233 233 230 222 215 208 200 189 181 174 173 178 181 175 175 187 193 194 195 196 194 187 183 167 166 181 195 201 201 199 198 203 208 205 201 196 207 223 224 213 196 185 189 196 214 237 240 239 241 232 228 217 204 204 190 179 174 168 168 174 180 190 189 188 191 184 175 179 184 187 198 205 217 224 229 234 237 237 241 242 237 241 258 240 231 225 223 215 209 209 211 216 222 228 235 245 251 251 255 265 277 265 261 263 270 269 261 253 243 233 227 223 216 202 193 186 182 179 179 181 182 185 188 190 192 193 198 199 196 196 197 195 191 188 184 179 184 186 175 162 149 148 149 148 149 152 152 152 153 154 154 152 150 144 144 147 146 147 151 150 151 151 150 155 159 160 164 165 167 167 167 167 166 166 165 165 167 164 165 166 162 158 155 152 154 155 158 162 177 194 209 221 229 230 232 237 235 234 222 207 202 205 211 223 229 234 245 256 273 298 300 296 296 296 297 306 307 319 341 348 346 353 343 331 328 334 345 364 380 390 389 381 395 400 397 382 390 388 389 392 396 399 403 407 415 420 424 430 436 443 450 452 456 459 464 470 478 486 489 492 497 498 508 515 520 526 537 537 539 542 544 550 554 558 564 563 564 567 570 581 592 598 601 604 605 605 599 592 587 587 599 607 610 619 651 699 752 736 732 741 767 756 776 773 804 856 891 946 997 1060 1094 996 972 985 1003 1022 1039 1056 1071 1086 
324 320 317 313 309 305 300 296 292 288 284 281 277 274 276 312 310 301 295 287 275 268 265 256 249 250 249 250 249 239 241 243 231 225 225 226 234 221 210 205 201 204 212 211 207 209 216 223 226 231 232 232 229 220 227 239 221 217 213 208 207 211 214 216 228 234 229 231 236 243 249 256 259 256 257 252 256 259 253 250 244 237 234 234 238 239 233 234 233 224 221 227 235 240 240 239 238 236 237 233 224 216 206 198 192 192 191 191 193 191 182 177 183 188 195 203 210 200 192 180 169 167 182 197 200 199 199 196 201 209 207 203 195 197 214 219 208 195 188 186 194 223 235 234 230 231 240 237 220 219 224 211 189 176 168 163 170 182 194 203 207 204 190 177 175 181 186 211 220 212 218 230 237 236 231 230 234 232 236 240 232 221 214 216 215 207 206 210 218 225 230 231 242 253 253 251 254 257 257 257 264 271 268 253 241 236 236 233 226 218 208 202 196 189 181 178 179 180 184 187 189 191 192 192 192 191 191 190 187 184 188 184 172 175 173 162 151 147 147 148 150 149 151 152 152 152 153 154 153 149 146 145 144 146 148 151 148 151 158 154 155 160 161 164 166 167 168 168 168 167 167 168 168 167 167 166 164 161 159 157 155 155 155 159 165 175 190 205 219 229 227 225 228 233 229 212 204 198 202 212 230 226 232 248 261 274 280 284 288 296 295 298 304 310 321 340 345 341 356 339 330 332 341 351 366 374 382 388 380 383 377 397 377 383 390 386 389 393 396 399 404 410 415 420 425 431 438 445 446 449 454 458 463 473 477 484 489 489 492 502 511 514 515 522 531 538 532 537 538 543 548 555 557 560 563 565 569 574 581 586 591 593 592 590 589 590 598 613 614 610 612 630 667 710 749 748 737 736 766 762 771 784 833 871 915 979 1024 1034 1005 997 986 1000 1016 1031 1046 1061 1076 
333 330 326 322 319 315 311 308 304 300 297 293 290 286 282 291 320 318 310 302 291 285 283 274 264 260 260 260 256 246 246 246 233 227 222 225 229 214 207 206 206 208 208 210 213 217 221 224 226 231 236 236 235 226 224 236 225 217 214 217 211 211 214 213 226 228 224 230 239 242 243 244 249 246 243 242 249 255 251 247 250 246 240 235 232 231 228 230 229 221 224 232 239 245 249 248 246 240 236 234 232 224 213 208 204 202 203 205 202 191 183 178 184 200 205 207 206 202 192 183 181 168 173 191 195 197 201 201 201 207 205 201 194 191 204 215 209 200 201 192 201 227 228 222 217 216 232 241 236 232 229 217 200 186 173 164 173 185 205 212 206 208 204 182 172 171 175 184 195 201 215 226 226 222 226 229 235 239 233 231 227 217 208 210 213 209 205 209 221 230 239 229 242 249 252 248 249 248 247 250 261 268 281 262 245 234 228 230 223 228 234 213 198 191 187 185 185 186 186 191 193 195 185 186 186 186 184 183 181 179 186 178 165 169 174 162 151 148 148 148 151 150 149 151 151 152 153 153 151 148 146 143 146 147 147 147 149 150 158 155 155 160 161 163 165 167 169 171 170 169 168 171 175 172 170 168 163 162 162 159 160 159 160 164 169 179 191 204 217 226 223 219 219 223 229 213 201 194 199 221 250 235 233 247 266 279 274 274 282 293 291 298 307 318 328 344 350 340 342 336 331 333 341 349 363 372 369 375 377 378 398 397 391 381 386 383 386 389 393 397 401 405 410 415 421 426 430 434 438 443 449 452 459 466 471 480 483 483 487 495 504 511 516 514 519 525 528 526 530 534 540 547 550 555 558 561 565 567 569 574 582 585 585 587 589 597 611 624 619 611 609 616 635 686 705 742 740 745 742 761 771 787 802 859 912 952 1003 1007 1008 985 992 1000 1047 1023 1037 1051 1066 
342 339 336 332 329 326 322 319 316 313 309 306 303 299 294 289 307 329 326 318 313 307 302 292 278 268 267 264 262 260 250 249 236 231 228 230 221 212 214 212 210 211 213 219 224 228 231 233 235 239 241 238 238 232 218 219 222 216 218 226 222 222 227 220 222 220 219 225 235 230 233 240 251 246 237 233 237 248 256 255 256 255 250 242 234 228 222 222 219 218 225 235 241 248 255 252 245 245 244 242 239 231 220 220 214 203 200 203 205 197 192 183 186 203 210 212 210 207 198 196 191 171 167 182 191 197 201 205 203 204 204 201 200 193 193 210 212 207 200 191 200 221 230 227 221 213 213 228 232 230 221 218 214 193 173 164 174 193 213 215 203 197 198 190 173 165 167 173 182 197 207 227 217 217 225 243 248 245 226 217 214 207 205 220 216 215 209 205 208 217 221 221 233 240 237 238 241 239 239 253 270 261 274 258 245 233 220 222 214 218 220 209 199 202 200 198 199 199 193 199 197 208 189 179 179 179 178 178 178 176 177 170 162 162 179 165 151 152 152 152 153 153 153 152 151 150 151 150 150 148 145 145 147 148 148 151 150 152 158 155 155 157 159 162 163 166 171 175 176 177 173 177 180 174 168 165 164 162 162 162 164 164 166 170 175 185 197 209 219 224 222 219 215 216 228 216 198 190 193 208 225 231 240 248 258 273 273 273 273 281 294 301 307 321 326 341 353 347 339 334 332 333 341 349 363 373 369 365 367 378 393 388 385 378 378 400 382 386 389 393 397 401 406 412 414 417 421 425 433 439 441 445 453 457 462 472 473 476 481 488 497 501 508 510 509 514 516 517 520 529 538 543 546 549 553 558 561 563 565 568 573 579 582 585 589 597 608 615 615 612 608 606 610 631 667 714 739 734 758 764 770 771 788 816 884 920 966 995 1010 988 992 996 1026 1013 1026 1040 1055 
351 348 345 342 339 336 333 330 328 325 322 319 315 312 307 301 299 333 349 339 336 327 319 305 289 279 276 272 262 261 256 246 237 234 237 239 226 215 220 220 216 220 222 227 236 244 251 248 250 243 243 239 240 236 223 215 216 214 218 225 231 232 234 228 220 219 218 219 222 224 235 242 251 250 236 234 230 233 241 241 243 248 252 252 240 231 226 222 219 217 225 232 236 246 251 249 246 244 245 244 240 234 227 224 214 206 201 197 200 198 191 185 187 197 206 213 216 209 204 200 188 169 169 186 194 197 200 201 204 200 199 201 198 185 185 201 207 206 203 194 191 205 224 231 228 220 202 203 215 218 215 201 203 186 171 163 176 195 213 221 218 204 183 184 173 162 164 174 181 191 200 203 208 212 219 247 233 230 217 205 199 197 202 215 219 217 214 205 203 205 206 215 228 232 228 235 235 230 231 240 249 239 237 234 231 225 216 212 208 202 197 199 202 199 199 198 199 199 194 196 192 184 186 179 179 177 175 177 180 178 173 169 161 156 161 157 156 158 158 157 157 155 154 153 151 150 149 148 150 148 147 148 148 146 149 154 153 154 156 156 155 157 159 161 161 165 174 181 182 184 181 183 179 170 165 165 164 165 165 166 168 170 173 177 182 192 204 218 229 231 229 227 223 215 222 223 197 190 192 201 219 247 257 265 263 264 273 274 268 275 294 309 312 320 322 333 348 349 342 333 332 334 348 358 361 363 366 370 367 377 386 374 387 396 394 395 394 400 385 389 393 397 401 405 408 411 417 420 427 434 436 440 446 449 458 466 469 471 476 481 489 491 499 500 503 506 507 512 519 527 539 541 543 546 551 557 561 562 563 566 569 573 579 583 588 596 602 606 611 614 612 603 598 607 624 663 714 759 769 765 768 771 779 794 853 881 933 983 1005 982 983 983 1006 999 1013 1028 1044 
360 358 355 352 350 347 344 342 339 337 334 331 328 325 321 315 309 320 355 361 357 346 333 317 303 293 284 279 263 261 255 241 234 229 227 237 230 219 223 223 219 220 221 228 239 248 257 254 255 247 247 243 240 239 230 217 214 214 216 220 225 230 237 238 228 226 222 217 219 222 232 238 234 237 238 238 236 231 226 226 227 233 248 254 244 238 240 236 224 217 218 222 226 234 242 248 251 250 248 246 243 239 234 232 225 211 202 195 194 194 192 195 201 200 201 209 212 205 201 196 181 167 169 186 193 198 204 201 206 209 196 190 183 177 184 190 207 213 215 205 189 196 221 228 223 215 206 191 193 203 196 183 186 167 157 164 185 191 201 212 211 196 176 174 162 156 161 172 177 187 200 191 195 198 203 210 213 222 211 195 189 192 205 217 218 215 208 200 198 199 201 208 224 228 221 225 227 222 222 219 218 217 218 215 214 217 213 205 203 203 200 199 195 189 193 195 197 209 209 209 213 196 193 188 193 186 177 176 178 177 175 179 169 160 157 167 175 181 179 174 170 160 156 154 152 151 151 149 149 147 150 150 149 148 150 152 156 152 154 156 156 157 158 158 161 168 175 186 186 187 185 179 171 166 165 164 165 167 168 170 173 176 180 183 190 200 214 232 249 249 245 246 233 215 211 219 208 197 194 200 215 240 252 256 253 256 263 268 264 273 287 305 316 324 324 327 336 335 336 330 331 335 347 361 364 362 362 373 369 367 372 375 390 394 384 384 388 393 397 386 389 392 396 400 403 407 410 414 421 429 431 434 439 444 455 459 461 466 472 476 483 488 489 493 496 499 503 512 525 528 539 540 538 543 550 558 563 565 565 566 568 571 576 582 589 596 603 607 615 621 619 611 604 608 623 654 688 738 775 800 762 760 772 777 815 835 880 966 979 993 973 958 980 981 997 1015 1032 
370 367 365 362 360 358 355 353 351 348 346 344 341 338 334 330 324 320 349 375 374 356 340 329 315 302 293 283 267 265 258 247 240 231 224 226 223 224 226 223 223 223 222 226 235 241 249 249 249 248 248 251 246 235 228 218 217 219 221 228 235 236 240 243 237 233 224 219 226 230 234 234 228 226 234 239 239 235 228 224 224 226 238 255 255 248 251 243 230 221 215 212 214 221 230 241 245 253 256 254 250 246 247 249 243 228 211 204 204 205 203 210 214 214 212 210 208 204 193 184 174 167 179 194 199 200 203 202 206 211 203 187 180 176 183 183 201 212 212 201 185 199 222 229 223 216 207 193 187 183 176 166 167 159 154 167 192 188 189 199 205 199 184 167 155 152 155 159 163 175 186 185 187 188 190 191 195 205 195 188 195 203 210 216 210 208 204 198 194 194 196 204 219 228 224 218 219 219 216 212 209 209 206 203 203 212 213 202 204 201 200 204 196 184 187 189 192 202 208 210 207 198 193 194 195 189 184 180 178 176 176 180 181 179 176 189 197 202 206 197 181 170 165 156 152 151 150 148 148 144 148 149 148 146 151 152 153 154 156 154 155 156 155 157 165 172 175 185 186 189 183 177 169 165 164 165 167 170 172 174 178 181 186 190 198 211 227 245 254 254 244 237 222 210 204 207 209 199 196 201 212 229 247 248 243 246 250 255 261 273 286 305 316 334 330 321 327 326 325 325 331 339 351 366 372 370 365 365 369 367 364 375 383 389 380 378 382 386 391 397 385 389 392 396 399 402 406 410 417 424 427 428 433 442 445 452 456 462 468 472 477 481 486 489 493 495 499 509 514 519 531 538 538 541 548 558 560 563 567 568 569 572 577 584 592 601 612 614 624 625 625 624 619 624 637 634 700 746 718 755 750 755 754 758 774 807 833 871 868 886 909 930 959 972 981 1001 1020 
379 377 374 372 370 368 366 364 362 360 358 356 354 351 348 344 339 334 339 372 377 357 346 340 327 313 297 286 270 265 259 252 250 238 227 222 221 227 229 230 235 238 231 229 231 236 243 246 245 250 255 261 254 235 224 219 222 225 234 238 240 236 239 243 241 238 227 220 225 235 240 235 224 218 221 224 224 225 227 229 229 226 230 247 258 251 249 246 238 232 221 210 206 208 218 234 234 250 263 267 262 256 257 258 250 237 226 219 212 207 208 215 218 206 200 204 206 204 191 174 166 173 192 203 204 203 202 201 204 211 205 190 176 170 175 177 190 204 204 190 193 211 225 224 221 220 211 208 209 196 181 168 153 148 158 176 200 195 177 190 199 201 198 179 158 151 152 153 157 163 170 177 184 184 181 180 180 179 178 186 202 209 213 212 200 195 192 196 193 191 195 202 208 219 226 225 224 222 218 221 210 205 203 197 196 202 203 197 200 194 192 187 182 180 181 184 191 197 206 213 207 205 202 202 197 188 187 186 181 169 170 169 184 198 204 209 217 195 199 199 186 172 166 157 151 150 151 151 152 149 148 148 148 147 154 154 152 153 157 154 154 154 153 158 166 168 170 173 182 184 178 177 168 164 163 167 169 170 173 177 182 187 192 197 209 231 240 240 234 228 223 216 209 205 202 207 206 198 199 207 225 240 244 249 245 240 243 250 260 275 289 311 313 329 325 317 317 321 320 323 331 338 351 368 371 375 373 372 379 373 360 373 394 392 384 376 375 380 385 392 398 385 388 391 394 398 401 406 414 415 422 424 429 437 441 443 450 457 462 468 473 476 481 485 490 492 497 502 508 516 527 529 532 539 544 550 554 555 561 565 569 573 577 584 596 601 608 611 617 617 617 620 622 633 652 657 716 763 718 712 732 753 754 748 731 725 745 760 736 784 846 882 928 939 964 987 1008 
388 386 384 382 380 378 376 375 373 371 369 368 366 364 361 357 354 349 347 379 390 382 363 359 338 322 302 285 277 267 263 259 255 246 236 229 228 234 235 235 242 247 240 237 234 235 245 254 249 256 261 264 261 239 224 218 220 224 230 233 233 232 232 233 234 236 231 222 226 236 235 233 228 215 214 213 211 211 217 228 232 229 227 237 243 236 237 237 229 224 219 208 199 197 202 214 227 250 271 278 271 267 264 264 256 246 237 229 216 206 216 229 220 202 196 201 199 188 181 167 167 181 197 204 204 202 198 197 196 203 206 192 173 173 183 178 182 189 188 187 204 216 218 217 222 226 220 216 219 215 203 180 156 148 160 183 203 200 180 186 186 190 197 186 161 148 147 149 156 160 168 179 188 184 175 170 167 165 168 179 187 191 201 206 195 188 184 188 191 191 192 196 199 209 223 234 229 215 210 209 204 201 199 197 194 195 193 188 189 188 185 185 181 176 176 182 194 196 200 207 201 202 199 197 194 192 191 188 177 179 189 182 176 194 214 230 228 196 185 186 179 167 162 162 153 149 148 150 151 152 147 147 148 147 152 155 155 154 154 152 154 154 154 156 160 166 173 174 175 173 169 168 164 161 164 166 168 172 175 180 184 190 196 203 221 241 251 240 226 216 211 208 205 203 201 202 201 199 201 207 227 241 236 246 246 237 240 249 263 272 290 301 302 318 318 311 310 315 316 320 329 337 348 362 364 378 375 370 371 368 359 378 390 386 390 380 370 374 380 387 391 398 384 387 391 394 398 402 411 413 415 420 423 429 434 439 446 452 457 463 469 473 477 482 486 489 495 502 508 513 519 523 524 533 534 541 542 546 551 554 559 564 569 576 582 588 594 600 610 612 610 613 619 640 662 678 698 759 735 735 735 741 742 721 680 651 687 704 719 758 813 860 908 921 949 974 998 
397 395 394 392 390 388 387 385 384 382 380 379 377 375 373 370 367 364 360 381 296 304 380 370 348 327 304 291 285 277 270 264 259 255 250 242 240 244 244 242 241 245 246 244 239 235 247 257 255 254 255 262 262 235 223 219 222 224 227 229 230 230 230 230 226 231 229 228 235 242 234 226 222 215 220 217 215 212 208 219 228 225 221 226 234 228 226 228 222 215 211 203 196 191 191 202 227 253 267 272 277 280 271 268 261 253 249 237 219 205 211 218 211 202 198 196 186 175 170 171 178 196 203 204 205 206 202 195 194 192 199 188 177 188 192 185 182 178 175 190 198 204 205 207 215 221 221 217 210 208 198 182 166 151 153 169 189 206 195 181 170 175 188 187 173 154 143 145 153 159 170 186 198 186 175 168 162 160 162 170 175 177 187 191 183 179 177 181 186 188 189 192 195 203 219 227 217 208 202 203 197 197 196 193 192 194 199 191 185 182 182 178 173 169 171 178 194 196 196 203 197 192 191 194 197 199 197 189 179 185 183 182 187 201 212 220 210 197 193 185 177 170 167 164 156 150 146 146 147 149 145 146 146 148 150 152 156 155 156 152 151 154 156 159 157 158 163 168 172 168 163 161 160 159 162 165 168 172 176 181 186 192 198 206 216 229 234 228 217 216 215 213 209 204 202 202 201 201 202 205 212 220 229 241 239 234 239 251 266 277 286 290 289 301 306 306 306 312 313 317 327 336 344 357 360 374 384 375 363 363 361 382 378 370 378 370 367 370 376 382 386 392 398 383 387 391 393 398 407 408 410 415 419 424 430 436 442 447 453 460 465 470 475 479 482 487 494 499 505 511 511 516 518 523 525 531 534 538 543 547 552 557 562 568 574 578 588 595 604 607 605 608 614 627 655 670 694 744 754 740 745 748 730 699 663 662 741 699 721 766 808 844 883 907 937 964 988 
350 346 342 338 400 398 397 395 394 393 391 390 388 386 384 382 379 376 374 277 310 310 391 376 349 322 304 297 290 280 271 265 262 262 259 257 252 253 253 252 253 249 250 250 249 242 244 250 262 256 245 245 245 226 220 224 230 231 230 232 232 233 231 225 223 229 233 237 241 242 234 226 218 218 227 222 218 221 206 212 224 222 217 222 238 236 230 226 225 228 213 204 197 190 190 202 224 249 265 272 272 280 275 269 264 263 257 238 218 205 208 215 209 203 193 185 180 173 182 186 183 201 199 196 199 204 202 196 193 184 185 186 183 190 189 188 185 178 176 184 187 186 185 195 201 205 215 216 211 199 183 171 165 159 156 157 175 200 200 185 169 167 180 194 187 163 144 145 154 162 178 193 212 208 198 188 178 167 158 158 161 165 178 186 183 178 176 182 189 190 194 199 204 214 221 214 208 211 208 202 198 203 197 192 188 191 198 194 180 176 175 172 170 166 167 174 188 203 203 195 189 185 186 184 182 196 208 196 177 172 173 173 184 195 206 208 203 197 200 197 197 191 188 177 158 151 149 146 145 144 143 144 148 146 147 149 151 155 154 149 149 155 158 158 155 153 154 160 169 163 159 156 156 158 161 164 167 172 176 182 186 192 199 206 214 222 225 220 224 230 233 223 219 209 204 203 203 202 203 205 208 214 231 247 233 235 242 253 270 287 293 287 283 286 296 303 302 306 311 317 322 328 339 356 359 363 380 377 369 358 359 380 374 364 363 364 365 368 373 378 383 387 393 399 383 387 389 396 403 402 406 410 414 419 425 431 437 443 450 456 461 468 472 477 481 486 492 494 500 504 505 508 513 515 519 523 528 533 538 542 547 550 556 562 571 572 578 586 594 603 604 604 610 618 632 657 696 700 734 751 750 746 707 698 671 693 712 711 753 783 826 840 876 897 927 955 980 
357 353 349 346 342 338 334 330 326 322 318 400 398 397 394 392 388 384 383 286 318 324 324 371 341 326 313 302 293 283 273 267 268 271 268 268 259 251 249 250 253 250 252 253 251 245 239 242 263 254 236 235 232 224 222 234 240 239 237 239 239 237 230 218 217 224 234 247 243 233 230 228 225 225 229 222 213 211 203 209 221 224 221 224 238 237 233 235 238 235 221 215 205 194 192 202 222 242 261 271 264 267 262 257 261 264 250 228 213 205 211 213 202 193 187 185 177 192 190 181 173 179 177 179 186 200 200 194 194 192 179 179 177 178 183 181 177 175 180 183 191 186 182 180 178 188 199 203 204 202 189 185 185 176 161 148 166 191 199 194 181 162 164 189 188 167 146 140 154 167 183 201 196 189 189 186 193 193 173 160 155 164 184 204 200 182 175 178 192 200 198 193 200 207 212 204 190 194 204 192 188 196 198 194 185 186 186 182 176 171 169 169 168 166 165 169 178 192 201 197 192 188 198 191 172 175 192 188 177 176 178 178 182 189 201 203 199 189 188 185 183 192 191 177 156 149 147 145 143 142 143 144 146 147 148 150 149 149 148 146 148 153 157 162 158 155 163 164 166 161 155 152 153 156 159 163 167 171 176 181 186 192 199 204 210 219 223 221 230 243 247 229 224 215 206 204 203 203 204 207 210 215 220 227 239 246 247 256 276 296 299 290 278 277 286 297 297 305 311 316 318 322 335 352 358 355 364 372 370 356 362 387 383 371 361 362 364 367 371 374 378 383 388 395 380 383 386 393 394 397 402 405 410 415 421 426 432 439 446 452 458 464 469 475 479 483 488 491 493 496 500 504 509 514 519 520 526 532 534 536 540 546 553 558 568 572 574 583 592 603 615 610 610 617 629 645 662 685 716 744 783 801 718 691 693 692 736 746 781 808 829 841 869 889 920 947 973 
364 361 357 353 350 346 342 338 335 331 327 324 320 316 313 309 397 392 386 295 322 328 326 383 348 334 320 306 298 288 275 271 275 278 269 267 256 249 247 246 245 246 251 253 245 240 236 242 251 246 232 225 225 227 227 240 249 245 241 247 248 241 229 211 205 214 224 242 246 238 240 241 236 233 230 220 210 206 202 207 222 228 223 225 232 236 243 250 248 241 227 218 207 196 193 200 218 235 251 260 255 258 253 247 255 261 248 227 213 209 205 217 211 191 195 199 184 189 176 168 165 164 164 168 175 188 195 188 190 196 184 172 167 183 193 191 187 188 188 187 197 200 194 191 185 171 174 181 187 202 200 201 198 188 167 146 161 188 203 202 188 164 158 182 191 176 159 141 156 168 183 205 195 192 181 166 172 188 179 163 152 156 179 201 208 190 181 175 180 181 183 178 186 188 203 200 184 191 205 199 191 186 183 182 180 183 185 187 178 169 168 170 171 168 163 165 175 187 196 197 193 187 186 188 175 166 167 167 163 174 179 184 189 192 194 198 202 188 180 176 174 173 173 170 161 151 144 141 141 141 144 146 145 147 149 151 151 150 147 146 148 150 153 159 163 164 171 165 160 155 150 149 152 156 159 162 166 170 175 179 184 190 194 198 206 219 227 225 230 234 237 235 235 222 209 204 204 204 205 209 213 218 222 228 240 262 272 265 284 291 292 286 274 274 281 288 293 303 312 315 316 325 333 355 367 357 360 368 362 355 371 377 371 366 361 363 364 366 371 373 376 379 384 391 399 380 384 389 388 392 397 401 405 410 416 422 429 435 442 448 454 460 466 472 478 481 484 487 490 495 499 505 508 513 516 518 522 525 528 531 539 541 547 553 557 563 573 577 591 588 600 606 613 616 627 643 647 659 675 694 722 764 723 711 699 731 741 767 795 818 825 835 860 881 912 939 966 
372 368 365 361 358 354 350 347 343 340 336 333 329 326 322 319 315 398 390 396 301 326 332 391 366 349 336 318 305 293 281 279 282 285 279 264 258 262 257 254 252 249 251 251 240 237 240 247 254 252 234 219 219 225 227 238 247 248 246 250 251 240 232 212 207 213 223 236 247 246 238 238 238 231 229 220 212 208 206 211 226 228 224 230 239 248 256 255 250 242 230 217 207 201 195 197 214 231 236 238 241 254 255 243 247 252 239 227 221 222 210 207 207 194 199 208 198 183 175 174 173 167 168 171 167 172 180 176 180 187 186 184 168 175 185 183 184 191 187 184 195 202 198 196 192 177 166 163 173 191 198 197 193 188 173 152 163 185 196 187 179 167 161 181 189 184 167 143 151 159 172 185 195 199 179 173 159 171 172 156 149 152 165 181 201 189 177 173 176 170 170 180 185 178 199 188 175 192 200 192 195 192 181 175 177 184 183 182 179 177 173 173 169 163 159 164 173 181 191 200 201 190 178 176 178 170 163 161 160 166 172 177 181 184 186 190 196 194 181 173 169 168 167 167 163 152 145 143 142 141 142 143 144 145 149 153 153 149 149 146 144 146 149 152 157 166 170 160 153 150 146 147 151 155 157 160 163 168 171 176 181 186 189 193 201 212 217 219 224 232 233 232 237 224 211 204 204 205 209 214 223 227 230 233 246 275 299 273 269 283 285 270 265 278 289 289 293 302 313 315 317 326 332 348 363 354 357 360 356 356 369 366 361 361 362 363 364 366 370 371 374 377 382 388 396 376 381 383 384 388 392 396 401 406 412 419 425 431 438 445 451 457 463 469 475 479 481 484 487 492 496 500 507 511 511 512 516 517 521 525 528 532 538 541 546 553 560 569 583 580 584 597 616 618 625 636 634 638 656 682 723 752 787 711 719 737 743 767 781 853 834 849 844 894 898 928 958 
379 376 372 369 366 362 359 356 352 349 345 342 339 335 332 328 325 321 395 389 311 307 333 342 395 376 358 336 319 305 291 284 283 277 277 269 266 268 267 266 265 260 252 246 239 242 244 247 254 248 232 219 214 219 223 233 239 241 248 254 250 238 241 224 218 222 228 234 239 243 233 227 227 222 226 226 220 213 209 213 223 227 230 235 244 255 263 262 255 249 241 225 216 214 205 196 200 210 217 222 228 244 255 243 236 234 231 230 234 235 224 206 197 198 211 216 203 194 198 196 189 178 179 178 171 167 170 175 174 174 182 190 175 162 162 165 165 177 176 179 191 197 194 190 185 182 179 164 161 170 176 184 189 186 176 160 154 166 179 175 166 163 163 173 183 186 169 142 141 152 162 166 185 199 198 182 155 152 159 153 146 160 168 179 198 202 185 174 173 171 169 186 180 178 191 183 171 187 191 181 192 195 185 173 175 183 180 168 164 170 170 169 160 156 162 167 171 179 187 196 199 190 174 170 169 173 171 164 162 165 168 171 175 181 185 192 202 210 187 174 166 162 162 158 155 151 148 143 141 141 141 142 142 143 145 147 151 151 146 142 142 142 143 146 154 161 158 151 145 142 141 145 149 152 155 157 162 166 169 174 178 182 185 188 193 202 209 213 218 227 232 231 231 222 213 204 205 209 214 225 246 244 246 243 258 275 272 264 265 261 259 257 264 284 302 296 295 307 321 325 320 331 349 360 369 356 349 353 353 356 359 359 361 361 361 362 364 366 368 370 373 376 380 385 392 400 375 377 380 384 388 392 397 402 408 415 421 428 434 441 448 455 460 466 472 476 479 483 486 490 495 499 503 504 504 506 509 512 516 519 522 527 531 536 542 547 553 565 574 570 576 590 606 622 636 643 641 631 628 653 689 750 812 780 783 742 739 765 806 905 853 838 811 860 875 915 951 
387 383 380 377 374 371 368 364 361 358 355 351 348 345 341 338 335 331 328 391 384 317 313 332 343 351 383 353 331 313 293 287 284 289 290 287 278 276 271 270 270 263 251 242 238 243 244 236 236 231 221 214 216 220 227 239 239 241 250 256 245 233 229 222 220 222 226 228 228 228 223 217 213 212 216 219 217 217 214 216 220 225 229 232 236 245 250 251 253 256 247 232 225 226 211 199 200 205 212 215 221 234 250 247 243 232 226 235 246 248 234 216 202 204 220 225 211 204 211 202 194 188 191 193 185 177 182 186 176 171 168 171 167 157 155 159 155 156 169 183 189 189 188 188 188 188 188 176 169 172 169 166 182 193 185 163 149 150 169 172 155 147 155 171 175 178 175 152 139 141 146 159 172 185 193 177 157 161 171 161 151 154 162 172 187 200 194 177 182 178 169 170 169 176 181 173 176 191 189 176 183 180 178 172 172 176 176 169 171 168 164 163 157 155 166 169 171 179 189 196 197 191 177 169 161 164 164 162 163 163 166 173 177 179 185 196 205 204 191 176 165 159 156 153 151 148 147 144 141 140 140 141 141 141 143 148 150 152 147 140 139 139 137 138 146 147 143 141 138 137 140 144 147 150 152 154 159 163 167 171 173 177 181 187 191 195 200 204 209 218 224 228 227 220 214 209 207 211 222 240 261 273 264 244 245 250 250 255 258 245 248 257 278 290 306 300 305 319 324 325 319 328 349 367 375 356 347 347 353 355 355 357 363 363 361 362 364 365 367 370 372 375 378 383 391 398 371 374 377 380 384 388 393 399 404 411 417 424 431 438 445 451 458 464 472 475 477 482 485 489 494 498 499 498 499 502 505 508 512 515 519 523 527 532 537 542 549 560 563 564 573 585 601 613 648 660 653 665 672 655 682 732 730 747 740 755 751 748 837 845 811 731 734 804 851 905 948 
394 391 388 385 382 379 376 373 370 367 364 361 358 354 351 348 345 341 338 334 392 393 323 319 350 354 350 371 342 312 292 290 297 307 313 306 292 286 281 277 278 266 251 244 242 241 241 233 232 224 219 220 227 230 236 235 236 243 252 254 244 235 234 231 228 229 234 230 223 224 223 218 214 210 210 212 212 214 221 229 231 231 229 228 229 232 234 236 243 250 242 235 234 235 211 207 213 211 215 215 221 229 239 246 241 228 224 237 250 248 237 222 210 212 223 226 218 216 210 196 192 193 198 199 190 183 185 187 185 178 167 164 160 166 165 161 154 147 164 181 189 189 188 189 186 184 186 182 181 182 172 156 168 185 188 183 158 147 157 161 149 142 151 160 157 166 170 147 141 151 158 170 173 174 181 181 174 176 176 166 159 149 144 160 181 200 195 184 186 181 171 168 170 173 166 165 185 179 170 162 162 161 164 167 172 178 180 178 178 172 165 164 158 152 154 158 165 174 186 196 196 190 181 175 165 167 163 158 161 164 169 174 176 177 182 197 211 221 214 182 168 162 157 154 151 147 145 143 142 142 142 141 140 141 144 144 147 149 146 140 136 137 137 134 141 138 134 133 133 135 138 143 146 149 151 155 157 161 164 167 169 172 176 181 183 187 193 198 204 213 219 223 223 222 219 218 209 214 229 256 275 282 255 233 229 230 231 239 244 241 247 263 285 290 299 304 316 322 324 320 314 322 341 360 368 352 344 344 351 351 353 364 366 365 359 361 363 364 367 370 372 375 378 383 391 399 368 371 374 377 380 384 389 395 401 407 413 420 428 435 442 449 456 462 467 472 475 478 482 487 491 491 492 494 497 499 502 505 509 512 516 520 524 528 533 541 546 551 553 560 570 583 601 615 647 665 682 708 726 686 673 684 720 736 755 760 731 720 789 871 756 800 813 785 846 906 951 
402 399 396 394 391 388 385 382 379 376 373 370 367 364 361 358 355 352 348 345 341 337 333 329 357 355 358 393 355 317 300 303 317 325 327 320 309 294 293 290 283 267 252 252 257 258 249 241 245 232 227 228 226 225 233 233 242 248 257 257 248 240 238 242 244 242 242 236 222 222 227 226 219 213 214 216 217 222 234 246 247 240 237 234 231 227 225 227 238 242 234 235 237 234 221 220 219 215 213 215 230 231 236 244 237 229 225 234 249 244 230 224 222 227 232 231 227 220 207 202 197 196 199 200 194 186 189 190 188 179 168 170 160 162 164 165 161 147 159 173 184 186 185 184 181 181 185 186 184 183 174 157 155 166 175 179 167 151 144 161 159 140 143 147 147 158 159 144 138 150 153 160 166 164 177 183 186 186 186 170 162 162 145 147 164 181 188 179 172 167 166 167 166 164 160 170 175 160 151 150 157 168 172 173 179 182 180 177 172 170 168 166 160 153 152 156 163 173 186 196 193 187 178 174 171 167 166 164 171 171 174 175 176 175 180 197 215 235 266 199 173 165 161 161 154 149 145 142 140 141 142 141 140 141 144 145 145 148 147 140 136 138 134 133 133 131 129 130 134 138 139 141 144 148 149 152 156 158 160 163 166 168 172 175 177 181 188 194 201 207 214 218 217 223 222 218 211 217 232 255 274 279 244 225 223 225 227 232 235 239 249 267 275 280 298 322 317 315 322 316 310 318 336 347 347 341 338 342 346 346 349 364 364 357 357 359 362 364 367 370 373 376 381 387 394 364 366 368 371 373 376 380 385 390 396 403 410 417 425 432 440 448 455 463 465 470 474 477 482 486 488 488 489 492 494 497 499 502 506 509 513 517 520 526 530 535 542 552 555 569 575 583 604 618 646 674 710 735 724 707 666 692 697 724 731 728 737 708 752 737 803 872 795 816 861 919 959 
410 407 405 402 399 397 394 391 388 386 383 380 377 374 371 368 365 362 359 355 352 348 344 340 361 362 362 366 374 337 319 319 332 343 336 328 324 310 303 296 283 268 258 257 255 260 257 251 251 247 239 225 216 217 223 232 247 257 262 264 257 251 243 253 258 250 246 243 223 220 221 220 217 218 227 230 233 237 244 254 250 244 245 243 239 234 223 221 227 233 234 240 243 237 236 230 231 222 212 210 219 221 232 248 236 225 221 223 235 230 220 221 229 237 235 228 218 214 211 203 191 187 192 195 195 193 191 188 182 177 165 161 153 150 142 141 145 143 157 169 181 182 179 179 178 178 178 180 173 172 166 155 149 152 156 161 160 147 138 149 152 141 140 143 143 143 144 139 135 140 144 153 156 156 166 178 181 174 176 168 158 164 146 140 148 167 185 186 180 175 168 165 161 160 158 158 155 150 153 158 163 179 187 184 181 174 170 167 166 166 164 163 158 153 151 157 166 173 181 190 197 196 185 173 164 161 160 166 178 177 179 177 177 177 178 194 210 228 241 195 174 168 167 165 158 151 145 140 139 140 141 141 141 143 145 147 146 144 143 139 137 138 135 133 128 127 128 132 135 139 142 144 143 146 148 150 153 155 158 160 162 166 169 169 173 178 184 190 196 201 205 209 206 211 219 214 214 219 233 256 262 247 230 220 220 224 231 233 234 240 257 266 265 276 307 316 308 307 321 317 306 316 331 340 329 331 334 340 343 342 344 356 365 354 355 358 361 363 367 370 375 379 385 391 398 362 363 366 368 370 373 376 381 386 392 399 406 414 423 431 439 447 453 459 464 469 473 476 482 483 484 486 488 490 492 495 498 501 505 508 512 515 518 523 529 534 542 551 552 564 576 600 613 632 642 678 712 722 757 723 669 679 701 719 724 729 706 709 748 733 725 769 805 860 928 932 967 
418 415 413 410 408 405 403 400 398 395 392 390 387 384 381 378 375 372 369 366 362 359 355 351 364 368 373 378 391 368 351 330 327 337 336 328 323 316 309 300 291 270 263 264 262 263 269 268 263 259 244 222 213 217 224 232 243 257 268 278 268 252 251 262 267 256 245 237 228 224 221 223 228 232 237 241 246 247 240 243 240 235 234 232 230 228 221 219 227 230 233 232 231 227 230 243 239 223 213 205 209 220 227 233 230 227 224 219 221 215 216 226 234 234 229 216 201 196 187 178 172 170 175 184 192 191 188 181 170 160 153 152 149 144 136 130 131 144 159 165 172 172 169 172 174 179 177 173 168 162 156 152 148 144 142 146 151 145 137 138 135 133 137 145 144 146 145 140 138 145 146 147 157 167 176 174 169 162 161 166 155 148 138 138 152 164 175 182 180 181 178 169 163 162 158 156 155 150 160 170 171 180 190 185 176 167 162 161 165 164 160 157 153 149 152 158 166 169 173 179 186 193 194 179 166 160 155 155 159 165 171 170 172 177 178 190 203 210 221 200 183 177 172 165 160 155 146 139 139 139 141 142 142 144 145 145 149 152 149 143 139 135 132 131 130 131 134 134 137 137 141 143 144 145 147 149 152 154 156 156 159 162 163 165 170 175 180 185 190 199 200 198 198 205 217 215 217 222 236 244 231 220 217 217 220 222 229 232 232 237 246 252 260 273 290 299 298 299 321 318 303 311 326 331 323 326 331 335 337 339 342 352 365 354 353 355 358 362 366 371 376 381 388 396 360 361 362 363 365 367 369 372 377 382 388 396 404 413 421 430 438 446 452 459 464 469 473 477 481 482 483 485 488 489 492 494 496 499 503 506 511 514 520 524 528 535 545 544 551 562 582 614 638 626 666 673 695 757 765 730 716 707 692 692 718 740 718 715 730 740 740 760 800 866 889 935 967 
426 424 421 419 417 414 412 409 407 404 402 399 397 394 392 389 386 383 380 377 373 370 366 362 357 373 375 376 377 395 379 353 331 337 336 333 327 319 305 296 287 272 278 285 283 278 276 288 273 265 250 225 221 228 238 253 264 269 281 283 273 254 255 267 273 266 250 241 240 232 227 234 245 244 236 233 237 250 235 230 229 227 226 224 222 222 220 219 226 224 227 229 223 219 220 228 229 218 215 206 209 217 217 221 228 236 237 224 217 214 218 234 230 217 208 199 189 182 175 180 188 180 172 174 182 187 184 169 157 153 149 149 149 148 142 134 130 135 141 146 149 148 148 155 164 169 171 171 165 158 149 149 150 142 140 146 147 144 138 134 131 135 143 144 146 159 165 149 140 142 150 156 172 174 166 160 159 151 156 168 162 148 137 136 144 151 162 167 163 169 177 172 168 167 161 156 154 153 162 166 173 181 181 177 170 163 161 159 159 161 160 157 150 147 153 158 163 162 165 172 178 182 188 187 172 160 152 150 152 155 160 161 166 177 178 184 194 195 194 189 183 176 170 165 161 155 147 141 139 141 144 144 143 145 145 146 147 151 151 147 144 138 134 136 142 146 140 133 137 138 140 142 143 144 145 147 151 152 154 155 157 159 160 163 167 171 175 181 185 190 191 189 194 202 213 224 229 226 241 233 214 214 217 219 220 222 227 229 228 232 239 247 255 267 281 291 290 296 319 314 301 304 319 322 319 322 329 331 335 342 350 359 361 349 349 353 357 361 366 371 377 384 391 399 360 360 361 362 363 365 366 369 373 378 385 393 402 411 420 431 438 445 453 459 465 470 474 478 480 482 484 485 487 489 491 493 496 499 504 507 512 518 522 528 531 537 548 549 554 559 577 595 620 629 658 711 706 771 820 776 720 722 703 687 703 728 730 733 744 755 758 775 797 843 883 926 959 
434 432 430 427 425 423 421 419 416 414 412 409 407 404 402 399 396 394 391 388 384 381 377 373 369 364 381 393 396 390 400 374 343 343 345 345 343 325 301 295 282 268 276 291 295 294 292 305 285 270 257 235 229 238 250 264 279 276 277 278 263 255 258 269 275 276 263 253 245 236 236 240 245 246 236 227 227 233 227 230 234 236 232 232 226 221 223 224 222 221 222 228 223 214 211 216 222 221 209 204 206 203 203 211 230 237 234 225 220 217 214 221 217 199 192 192 196 192 196 208 209 199 185 176 180 188 181 163 154 153 151 147 145 146 141 139 140 142 141 140 135 137 137 137 136 139 144 146 142 138 136 139 143 139 135 147 144 140 137 134 131 137 148 146 146 163 174 159 155 148 142 160 175 176 168 159 151 143 143 152 156 149 146 136 139 143 149 155 161 160 162 163 163 167 162 155 154 155 153 157 166 176 176 169 169 164 162 159 157 156 157 155 149 151 152 156 162 165 164 167 167 170 176 183 183 164 152 149 150 152 155 157 159 164 174 179 186 184 175 169 167 168 170 165 162 158 154 144 141 143 145 145 146 145 146 148 151 153 153 148 146 144 144 146 151 155 145 132 133 138 140 140 139 141 144 146 149 150 153 154 156 158 162 163 166 166 172 179 182 182 185 186 193 202 217 234 230 233 249 229 214 215 218 221 220 222 225 227 226 229 237 242 248 261 278 289 286 300 318 317 309 302 308 313 318 320 324 327 336 352 354 358 362 350 347 351 355 360 365 372 379 386 393 359 360 360 360 363 362 363 364 366 368 374 382 391 401 411 420 430 439 446 454 461 467 472 476 478 481 483 485 486 488 489 491 493 496 500 504 509 514 521 528 538 536 542 551 563 570 580 575 600 616 618 655 730 764 746 789 775 746 750 716 700 715 736 738 745 762 771 771 781 798 834 876 915 948 
442 440 438 436 434 432 430 428 426 424 421 419 417 415 412 410 407 404 402 399 395 392 389 385 381 376 371 391 396 400 395 399 363 360 375 367 350 326 306 302 287 273 275 290 296 304 309 318 294 275 260 250 247 251 260 266 272 270 270 275 263 261 265 273 277 274 265 257 250 246 241 235 235 240 233 225 225 231 233 241 248 246 239 240 232 230 239 242 234 231 224 220 216 208 205 213 220 224 210 204 200 198 200 217 246 240 231 218 211 212 213 212 205 199 203 200 202 202 213 217 207 196 187 182 187 189 174 159 154 153 153 151 146 141 139 132 130 124 126 129 126 125 123 120 118 119 120 121 121 120 119 123 129 131 132 142 143 144 132 131 137 141 147 141 143 152 157 157 160 149 143 147 162 166 166 157 147 139 135 135 140 140 144 137 137 133 138 151 161 168 162 155 155 162 160 154 152 153 153 165 174 175 171 167 167 165 164 161 159 157 152 150 152 154 153 155 159 162 159 159 158 164 167 173 175 168 159 154 151 152 156 158 158 161 169 174 176 174 173 168 163 163 169 170 162 160 163 156 146 149 154 152 154 150 149 152 154 158 156 152 151 150 150 154 158 155 143 133 130 133 137 136 139 143 145 147 149 151 152 154 157 159 162 163 164 168 171 176 179 179 182 188 194 207 229 246 237 241 252 229 217 216 217 220 221 222 225 226 228 231 234 240 248 261 279 285 282 297 311 311 303 299 304 312 325 323 324 328 337 349 350 344 350 345 346 349 353 358 365 373 380 387 394 360 361 360 361 362 362 362 363 363 365 370 379 390 400 412 420 430 440 448 456 463 469 474 477 481 483 485 487 488 489 490 491 493 496 500 505 510 516 524 533 540 543 549 557 561 580 595 577 605 620 623 658 680 739 793 775 782 807 757 752 710 728 763 744 750 767 777 784 792 811 837 872 908 940 
450 448 446 445 443 441 439 437 435 433 431 429 427 425 423 420 418 415 413 410 407 404 400 396 392 388 383 399 399 406 399 387 381 377 385 380 361 333 314 297 282 275 277 289 301 309 311 322 312 292 272 273 262 256 264 275 279 266 268 269 260 267 273 275 273 266 262 249 245 244 235 231 230 230 228 228 233 233 235 243 253 259 253 245 239 245 254 252 247 243 233 223 224 210 200 209 216 218 214 210 204 199 204 223 238 243 231 212 212 221 227 214 199 211 215 211 215 212 222 213 196 189 183 180 185 185 172 158 156 154 155 152 147 136 128 120 112 107 112 118 119 121 118 115 114 114 113 114 115 115 111 112 117 121 126 127 130 132 130 139 151 153 150 143 137 143 146 150 152 142 139 146 155 155 156 153 147 138 136 133 135 134 134 134 135 132 133 139 145 158 170 169 157 148 147 151 152 152 155 168 175 173 168 165 171 170 166 164 161 159 152 150 153 154 156 154 152 152 151 149 153 159 159 164 173 178 168 165 158 155 155 156 159 163 169 176 179 177 178 175 169 165 167 168 163 160 162 164 159 162 160 158 163 161 157 160 159 159 156 154 155 154 159 159 154 145 142 138 136 135 135 138 143 145 148 151 151 150 151 153 158 161 162 162 165 168 171 177 179 177 181 188 197 213 233 253 262 245 238 238 228 219 218 221 223 223 227 228 230 232 235 243 254 264 272 276 281 293 301 301 298 296 300 306 319 324 325 332 336 338 338 336 340 341 344 346 351 358 365 373 380 389 396 361 361 361 362 363 363 363 363 362 362 367 378 390 401 411 422 432 441 451 459 467 473 477 481 484 486 488 489 490 491 491 492 493 496 499 505 512 522 528 540 549 559 552 566 568 579 587 591 596 621 672 707 698 710 781 797 823 763 758 798 724 732 782 751 753 764 778 795 810 823 842 873 904 934 
458 457 455 453 452 450 448 446 445 443 441 439 437 435 433 431 429 426 424 421 418 415 412 408 405 400 396 390 409 406 404 405 401 386 390 391 373 336 309 298 294 282 286 294 305 309 311 324 310 290 278 276 263 265 274 274 267 258 264 261 255 264 265 270 274 264 253 245 245 240 235 233 232 230 232 235 244 244 246 247 255 263 264 254 246 253 258 249 250 249 243 234 229 214 201 202 209 209 216 222 212 202 204 217 227 231 224 210 212 225 233 212 202 219 225 222 220 216 219 206 203 201 190 178 176 176 167 158 155 155 154 148 139 126 123 122 115 105 106 112 116 120 117 116 115 115 113 115 115 112 112 112 111 117 122 121 121 126 130 134 142 146 144 141 132 134 144 147 153 149 143 148 150 150 153 150 147 137 142 137 134 129 131 135 139 134 132 132 134 151 171 172 166 157 146 146 151 152 160 172 175 174 172 170 175 173 169 166 162 159 154 152 156 158 159 160 156 154 150 147 149 153 152 155 166 170 166 178 166 158 156 156 160 166 172 178 178 177 178 178 174 168 168 165 162 160 160 163 162 160 158 161 163 160 158 163 166 166 164 159 161 159 163 164 159 149 148 145 145 141 137 137 137 138 140 146 152 151 151 154 159 159 160 162 165 168 171 177 182 181 182 188 200 213 230 245 248 243 246 253 242 226 221 222 225 224 226 227 229 231 236 244 255 266 265 272 282 290 298 296 298 295 295 301 304 309 314 320 325 329 331 334 338 340 344 346 350 360 368 375 383 392 363 364 363 364 364 365 365 365 365 365 366 371 381 392 403 414 424 434 444 454 463 471 477 481 485 488 491 491 492 493 493 493 494 494 496 501 507 514 526 541 542 547 567 558 572 575 592 585 611 623 645 709 752 770 758 756 814 836 772 819 789 721 738 765 783 760 769 791 801 800 822 847 875 904 931 
466 465 463 462 460 459 457 456 454 452 451 449 447 445 443 441 439 437 435 432 430 427 424 420 417 413 408 403 419 418 425 422 420 408 395 393 376 335 313 311 310 299 297 300 304 313 311 311 298 284 279 277 275 273 270 262 254 252 253 252 253 257 254 264 276 271 254 257 262 251 240 239 235 237 239 233 244 255 262 255 251 252 252 242 233 236 240 237 243 246 249 245 235 221 209 199 195 199 208 223 212 205 202 206 216 222 229 217 209 218 217 206 207 220 230 230 226 220 211 210 208 200 192 184 185 185 170 156 155 156 150 136 125 124 122 120 117 108 103 105 110 116 119 118 115 115 113 113 114 113 118 119 114 118 118 119 122 128 130 130 129 128 125 121 119 117 121 125 137 151 152 146 146 148 151 147 144 143 152 148 142 135 136 140 144 141 137 136 137 153 170 169 171 166 163 158 150 153 158 165 167 176 175 175 172 172 171 169 165 162 162 168 166 164 161 159 156 156 153 148 147 145 144 147 152 156 161 174 165 156 157 160 165 169 173 176 179 180 183 183 180 175 171 167 163 160 158 158 157 155 155 157 158 158 159 165 171 172 172 167 162 161 160 162 161 154 154 155 152 146 144 146 140 139 139 141 149 151 152 154 158 160 161 164 169 172 176 180 186 185 185 192 204 216 235 246 238 240 244 243 243 234 226 224 223 222 224 226 230 232 236 243 249 256 261 272 284 292 302 305 305 294 293 299 306 314 316 319 321 325 331 335 340 342 345 350 355 363 373 381 391 395 362 364 365 366 367 368 369 369 370 371 373 378 386 396 406 417 427 437 448 458 467 478 483 487 490 493 495 495 496 497 497 497 496 496 498 502 511 520 532 545 554 556 564 576 574 580 586 589 613 638 665 690 732 771 780 832 874 866 810 869 774 733 743 751 778 765 778 792 804 807 829 853 879 905 931 
474 473 472 470 469 468 466 465 463 462 460 459 457 456 454 452 450 448 446 444 441 438 436 432 429 425 421 416 429 428 436 439 425 412 406 387 360 338 330 327 319 315 305 309 312 315 309 303 297 291 287 291 282 275 266 258 255 255 251 251 254 252 251 263 275 276 264 262 268 258 246 245 238 237 236 233 237 252 266 254 236 231 231 230 224 220 220 222 227 232 237 243 242 232 221 206 193 190 195 207 200 200 204 209 210 211 219 219 210 209 206 206 216 226 229 228 226 222 219 217 209 205 203 196 205 206 182 157 152 145 134 126 123 125 123 118 115 119 112 107 118 123 124 122 115 116 115 114 119 120 123 125 119 119 123 128 129 131 130 129 127 127 124 119 118 117 116 117 125 136 142 144 143 143 141 139 137 142 152 155 152 147 146 149 151 147 140 135 137 145 157 158 158 158 155 153 153 152 156 156 161 174 179 178 176 172 165 172 168 164 173 179 181 172 162 156 153 153 150 146 146 141 141 147 146 150 158 169 166 158 159 163 167 171 173 178 181 183 185 191 193 180 170 165 163 159 157 157 156 154 155 156 157 160 162 166 173 175 175 173 166 163 163 165 163 165 169 162 155 149 151 153 147 144 142 143 146 149 152 156 161 163 166 169 173 177 180 184 187 187 189 195 206 220 238 242 242 251 254 246 241 234 231 228 222 221 222 225 229 232 239 243 249 257 265 273 285 295 300 300 296 290 290 294 300 310 322 326 328 330 340 338 343 344 348 354 361 369 382 394 362 397 364 366 368 369 371 372 373 374 375 377 380 385 393 401 410 420 431 441 451 462 472 483 489 493 495 497 499 500 501 501 501 501 500 499 499 505 515 526 539 552 558 566 574 587 588 591 590 594 613 640 663 697 740 757 796 843 876 876 863 874 740 782 734 762 753 760 771 790 811 837 835 859 883 908 932 
483 481 480 479 478 477 475 474 473 472 470 469 467 466 464 463 461 459 457 455 453 450 447 444 441 437 433 429 443 441 444 442 432 430 417 388 352 348 347 340 329 317 314 321 318 313 312 307 308 307 318 319 282 273 265 260 266 264 256 253 254 254 256 266 277 283 276 273 277 268 254 247 241 241 241 237 237 247 258 248 232 230 233 229 224 221 219 217 218 220 225 228 231 234 230 215 202 191 190 202 192 193 201 219 222 218 215 219 215 210 209 213 221 224 223 224 228 228 227 222 218 214 211 205 209 203 176 152 143 134 126 124 126 127 120 118 123 125 118 109 118 125 122 120 116 121 123 122 122 128 130 129 127 126 127 129 132 134 133 131 131 131 130 126 127 126 125 126 126 131 136 141 141 142 140 137 130 130 140 145 149 155 159 157 158 153 145 139 138 141 147 148 143 140 146 149 154 157 160 159 165 177 183 184 179 171 162 173 168 172 183 184 179 171 163 157 153 152 151 146 146 144 141 145 144 146 154 165 166 163 163 165 169 174 179 183 186 184 175 178 180 173 166 169 171 160 159 155 155 156 156 157 160 165 170 170 176 180 174 174 169 163 163 167 165 171 174 169 160 155 155 159 155 150 149 148 149 153 155 158 162 165 171 176 179 184 186 186 189 190 193 198 207 221 234 245 260 258 261 255 245 236 237 233 221 220 221 224 231 234 239 246 256 266 272 277 287 291 289 292 291 285 286 291 296 302 317 320 328 335 340 338 341 346 353 359 373 380 387 360 362 398 400 369 371 373 375 376 378 379 381 384 387 392 399 407 415 424 434 445 455 466 477 487 495 498 500 502 504 505 506 507 508 508 507 506 505 513 526 538 551 556 568 568 576 584 590 597 594 596 612 648 685 702 754 765 805 845 875 880 883 888 841 750 741 737 744 757 768 791 832 838 842 865 888 911 934 
491 490 489 488 487 485 484 483 482 481 480 479 477 476 475 473 472 470 468 466 464 462 459 456 453 450 446 442 458 455 453 457 453 441 428 399 365 362 355 347 341 335 330 335 327 320 323 314 312 312 315 318 291 273 266 265 273 263 256 255 257 260 255 262 273 289 289 287 292 282 262 252 249 252 248 239 245 252 255 250 235 232 246 249 232 229 226 218 221 220 219 216 215 221 225 222 215 203 194 194 190 189 192 209 224 227 221 216 215 214 213 216 218 218 218 224 228 221 219 223 225 218 210 204 205 186 169 151 141 134 128 128 131 129 120 127 130 128 121 119 116 120 123 127 124 128 128 128 129 133 134 134 134 133 130 128 130 135 135 133 133 131 133 132 133 133 132 134 133 136 140 143 144 144 143 141 137 131 133 131 132 141 152 159 165 162 157 152 144 146 151 150 144 141 147 149 152 161 172 168 172 176 179 178 172 167 167 171 169 178 179 173 170 172 163 157 157 155 156 150 145 144 143 143 141 143 149 158 167 177 180 178 177 184 185 187 189 176 175 173 168 165 167 186 197 172 161 160 158 159 163 161 169 167 178 177 181 181 178 172 170 165 165 168 170 170 169 171 166 163 164 169 165 160 161 159 158 156 157 161 165 171 177 180 184 190 191 189 192 195 197 201 209 220 236 249 256 257 273 272 250 233 231 225 220 220 222 225 230 236 242 250 258 268 276 282 287 289 284 280 280 279 283 289 294 300 312 319 322 330 336 337 341 348 356 364 378 390 391 398 400 367 370 372 375 377 380 382 383 385 387 390 394 399 405 413 420 428 438 448 458 469 480 490 499 502 505 506 509 511 512 513 515 515 516 518 521 530 542 557 581 586 581 593 597 597 597 599 593 594 613 651 696 717 752 774 809 852 878 862 869 782 802 772 742 746 739 748 768 807 829 842 848 871 894 916 936 
499 498 497 496 495 494 493 493 492 491 490 489 487 486 485 484 482 481 479 477 475 473 471 468 465 462 458 454 473 468 468 472 466 456 438 413 382 374 365 359 346 338 331 337 330 321 323 320 319 316 305 306 290 276 271 269 271 262 264 256 256 256 259 264 272 287 298 298 297 286 272 267 266 261 252 244 253 265 263 250 233 235 252 261 236 227 222 224 236 234 229 221 208 208 213 218 220 214 202 198 198 199 195 198 214 233 236 229 228 230 223 218 220 228 227 229 229 221 215 209 209 209 205 194 183 172 164 150 141 136 131 128 128 127 124 131 134 132 132 134 131 131 133 134 134 136 135 135 137 140 141 141 139 134 131 130 132 137 136 132 136 133 134 136 137 137 136 137 138 140 143 145 147 147 146 143 138 135 132 131 129 129 131 139 155 171 163 155 150 149 152 149 144 144 149 150 152 160 172 179 186 179 169 170 177 175 177 179 179 180 176 175 170 168 164 166 165 156 153 152 151 151 151 149 147 143 145 152 162 182 192 194 192 191 190 189 182 174 174 170 165 166 175 192 194 187 176 171 166 165 167 164 170 178 183 179 180 182 178 171 175 171 168 172 173 172 171 169 168 173 173 176 176 172 175 169 163 158 156 159 169 176 181 186 192 196 198 199 200 201 204 209 213 222 228 236 239 245 262 252 234 226 224 223 221 221 225 227 233 240 249 251 254 264 272 279 279 277 278 271 272 276 281 287 293 305 317 317 315 321 329 338 342 351 364 371 382 393 396 363 366 370 373 375 379 382 385 387 389 391 393 396 400 405 412 419 426 432 441 451 461 471 481 491 499 504 508 511 514 516 519 521 523 525 528 532 539 547 563 575 600 606 606 615 616 611 605 601 598 588 604 635 670 717 767 784 814 843 874 893 781 829 810 771 776 742 743 760 775 818 829 831 855 878 900 920 940 
507 506 505 505 504 503 502 502 501 500 499 498 497 496 495 494 493 492 490 488 487 485 482 480 477 474 470 466 482 482 481 488 477 464 448 428 396 380 368 363 343 335 331 339 333 319 316 316 320 319 307 299 286 280 281 275 267 264 263 260 258 260 273 282 281 281 288 289 291 290 283 277 272 262 257 249 254 266 257 247 236 237 255 254 241 231 226 230 234 228 226 222 209 205 208 207 210 206 197 193 198 209 206 198 204 218 237 246 244 245 240 230 227 227 224 225 229 222 210 201 193 186 184 179 175 172 166 149 142 138 133 129 131 133 134 138 140 139 141 143 141 140 140 140 140 142 142 143 145 147 147 145 144 141 138 136 135 140 137 136 138 135 137 139 139 139 140 141 141 145 147 148 149 150 149 147 144 141 138 136 133 136 134 132 139 152 161 172 174 162 153 149 147 144 149 152 155 163 171 173 192 201 192 183 189 188 188 188 195 197 194 190 187 180 177 175 170 164 162 164 159 157 155 151 148 148 148 151 161 179 187 193 195 192 188 186 182 178 171 165 165 172 178 183 186 188 182 175 176 172 173 172 175 187 193 188 187 190 180 167 166 167 165 166 167 166 169 174 173 181 191 189 190 186 186 178 173 167 161 163 169 180 187 195 200 205 207 208 209 209 214 223 229 232 237 246 244 232 230 227 222 222 223 225 226 221 225 231 238 244 254 258 257 263 271 271 268 266 265 265 270 274 280 286 292 300 306 309 313 320 328 339 344 354 367 371 378 389 397 365 369 372 376 379 383 387 390 393 395 397 399 401 406 411 416 421 428 436 444 453 462 472 482 491 499 505 510 515 519 522 525 529 532 535 540 546 559 568 581 596 611 621 632 641 641 627 616 604 594 603 621 634 683 739 779 780 810 833 857 867 840 805 784 783 781 778 765 764 793 832 841 839 863 885 906 925 943 
515 514 514 513 512 512 511 511 510 509 509 508 507 506 506 505 503 502 501 499 498 496 494 491 488 485 481 477 494 495 497 500 491 479 460 440 408 384 376 362 343 341 337 340 336 317 310 308 312 315 311 301 287 280 278 274 279 279 277 279 272 265 276 291 291 286 280 277 283 285 286 283 279 275 264 255 253 265 262 255 249 238 252 257 250 241 233 228 227 224 216 214 210 214 220 209 200 197 193 191 196 210 214 209 202 204 216 228 236 246 247 236 225 212 204 206 215 203 194 193 187 180 177 175 174 172 162 147 141 138 133 135 140 144 146 146 147 147 148 150 150 148 146 145 146 148 149 150 151 151 149 148 147 146 145 140 137 144 144 143 141 139 140 144 145 146 149 148 147 149 151 152 153 153 153 151 149 146 144 142 140 141 139 139 145 145 148 166 181 177 165 157 151 149 152 155 160 171 181 176 179 200 215 203 204 197 191 191 200 205 204 194 194 193 190 181 178 176 176 178 168 161 157 153 151 155 153 153 161 170 179 185 188 177 169 165 164 172 167 163 164 172 182 187 186 186 191 200 192 185 190 183 184 188 200 207 199 199 185 165 162 166 166 166 166 166 169 176 180 194 219 221 228 217 201 191 185 180 172 170 177 185 193 198 205 211 213 216 216 215 218 223 226 239 240 239 232 224 220 219 217 219 222 225 225 222 228 237 246 250 256 262 263 269 268 265 267 264 262 262 267 272 279 285 292 296 302 307 314 322 328 335 343 354 360 367 377 391 363 367 371 375 379 383 387 391 396 399 400 402 404 407 413 416 419 425 432 439 446 455 464 473 483 492 500 507 513 518 523 528 532 537 541 546 552 560 572 593 603 615 631 637 647 649 648 647 629 614 617 621 630 660 689 732 781 785 808 826 842 841 792 859 855 823 803 775 801 792 806 834 840 847 872 893 912 930 947 
523 522 522 521 521 521 520 520 519 519 518 518 517 516 516 515 514 513 512 510 509 507 505 502 500 496 492 488 505 518 515 507 501 494 474 451 417 392 377 361 351 349 345 338 340 319 304 300 303 303 311 308 291 283 282 280 281 287 285 289 286 277 281 291 288 282 275 274 282 282 290 293 288 284 277 261 253 260 269 256 251 240 249 261 257 247 243 237 225 221 215 217 221 228 233 223 209 202 200 202 199 201 209 218 215 205 206 208 223 242 246 228 212 200 192 192 197 193 187 185 182 180 179 176 173 163 156 146 142 138 141 143 146 151 153 155 154 155 156 159 159 157 154 153 153 155 156 155 154 153 152 152 151 150 146 140 140 147 147 147 146 144 145 150 151 152 154 153 151 152 154 156 158 157 156 154 153 150 149 147 148 151 146 145 151 147 151 154 156 167 179 173 161 159 158 161 172 187 191 184 179 198 225 222 220 208 206 202 204 205 197 189 191 194 192 190 192 184 179 180 170 162 160 157 156 158 161 169 162 166 175 181 181 177 168 161 156 155 154 160 163 170 179 190 192 201 208 212 202 198 198 192 192 190 199 213 197 194 195 172 165 167 171 172 172 172 177 180 191 211 241 268 284 246 239 205 189 185 179 177 187 190 196 203 213 218 220 223 222 221 221 220 227 248 244 227 221 218 216 215 215 217 220 223 222 225 232 239 246 256 262 265 268 272 267 266 266 266 265 260 265 271 277 284 289 294 302 307 313 321 326 333 343 354 360 367 378 392 366 369 373 377 381 386 390 395 400 403 404 406 408 411 416 419 424 429 435 442 449 456 465 475 485 493 501 509 516 522 528 533 539 544 550 556 563 572 583 598 635 636 638 650 657 655 655 650 638 626 618 626 633 658 686 711 757 785 797 804 817 832 825 848 845 843 830 812 819 819 823 830 827 856 880 900 918 934 950 
531 530 530 530 529 529 529 529 528 528 527 527 527 526 526 525 524 523 522 521 520 518 516 514 511 507 503 499 514 525 533 515 513 501 484 466 429 400 390 375 357 353 343 335 337 322 308 299 294 299 309 313 296 289 293 292 291 292 298 295 293 295 294 295 294 295 292 277 281 276 285 287 293 285 273 265 267 266 281 265 257 246 254 268 262 253 249 246 228 220 220 231 246 244 240 232 219 213 213 216 215 208 208 214 215 218 223 212 210 219 228 222 206 198 191 190 194 189 185 182 181 179 175 170 164 154 148 143 141 141 147 151 153 156 160 163 162 162 165 167 166 164 163 163 162 161 160 159 154 153 153 152 151 151 150 147 142 147 148 147 147 147 147 152 154 156 158 157 156 156 158 161 162 163 160 159 157 154 153 152 154 156 151 150 153 150 151 149 148 151 161 172 176 173 170 170 187 195 189 180 183 196 223 239 228 212 210 215 209 205 203 203 197 195 195 198 200 190 181 180 175 168 162 159 158 159 167 182 164 166 175 179 175 176 175 170 163 153 150 155 162 166 180 192 196 206 209 208 207 202 196 189 183 182 184 186 187 187 186 174 172 173 175 177 182 183 183 189 207 232 272 323 339 278 245 197 188 185 181 181 187 194 202 210 219 222 228 233 231 227 225 224 224 233 253 227 217 211 213 212 216 218 219 221 223 227 236 245 250 257 264 266 265 268 266 258 254 254 255 258 263 270 277 283 288 295 303 309 315 325 332 338 343 352 359 368 377 389 368 372 383 381 384 388 392 397 402 405 408 410 412 415 418 422 427 432 438 445 451 459 468 476 486 494 503 511 518 525 532 539 545 552 559 566 573 583 593 609 637 649 651 658 664 667 658 654 644 637 625 620 627 657 680 702 732 761 786 798 797 811 813 832 883 855 836 835 845 849 817 831 830 862 886 905 922 937 952 
538 538 538 538 538 538 538 537 537 537 537 536 536 536 535 535 534 534 533 532 531 529 527 525 522 519 514 509 503 523 527 514 513 509 501 481 443 411 400 390 366 358 344 332 333 329 318 312 295 294 308 309 296 292 296 305 308 300 307 308 301 303 307 305 305 301 291 274 272 282 288 285 292 289 279 280 282 272 274 265 253 257 268 279 264 251 240 243 231 224 229 242 254 245 241 232 224 229 230 225 222 217 213 211 209 215 224 224 213 208 216 207 196 198 198 192 193 188 186 183 181 177 170 166 159 151 147 143 146 151 157 161 162 164 167 168 170 171 172 174 173 172 170 168 167 165 162 160 158 154 154 153 150 151 152 152 147 146 151 151 153 154 153 153 157 161 164 164 162 162 163 165 167 167 166 165 165 163 159 158 159 159 158 158 156 152 149 146 146 144 141 143 158 176 187 186 191 191 188 189 195 205 224 238 240 227 218 219 214 219 218 217 210 208 207 199 197 194 188 180 173 171 169 167 166 166 168 169 166 171 175 175 175 171 170 171 168 159 157 156 160 167 183 190 196 206 206 202 206 194 185 183 180 181 178 176 177 181 191 176 176 180 183 190 192 193 193 216 241 272 301 350 323 237 203 192 187 185 184 187 192 199 207 214 222 224 234 243 239 231 226 223 221 228 246 224 214 210 212 213 214 217 220 223 226 237 248 260 252 250 253 257 260 265 267 252 245 245 248 255 263 270 277 283 287 294 302 312 323 332 333 335 338 348 355 365 374 385 397 373 384 384 388 393 396 399 403 407 410 413 416 419 422 426 430 436 441 447 454 461 470 478 487 495 504 513 521 529 536 544 551 558 566 574 582 591 603 618 642 671 668 664 668 668 666 657 649 642 632 624 625 640 669 695 726 739 759 771 794 815 821 841 862 854 842 860 866 870 825 839 826 863 888 907 923 939 953 
546 546 546 546 546 546 546 546 546 546 546 546 546 545 545 545 544 544 543 542 541 540 538 536 534 530 526 521 514 535 536 541 527 516 516 491 455 422 412 402 380 368 355 337 338 325 319 317 297 295 305 308 302 297 304 311 314 314 317 317 312 315 314 314 314 306 300 284 273 287 303 287 289 295 301 299 296 287 277 267 251 261 264 273 270 254 248 251 240 234 241 241 249 243 247 239 234 243 242 239 236 227 216 214 212 212 216 226 225 215 204 199 207 204 205 199 188 186 187 185 182 173 165 161 155 150 149 151 156 160 164 168 168 170 171 173 174 175 176 177 177 177 174 171 170 169 165 161 159 156 156 155 153 153 154 154 152 148 152 156 158 159 158 155 159 166 171 171 169 168 168 171 172 174 174 173 171 170 167 165 164 164 166 163 159 156 156 154 150 145 142 140 142 154 178 190 208 213 203 203 211 218 229 245 256 247 235 222 219 226 230 224 214 217 213 199 196 200 197 188 177 169 175 176 172 172 171 168 170 175 175 176 176 174 169 172 177 166 160 162 167 170 179 188 197 203 202 198 199 193 187 181 178 178 176 175 175 177 206 186 183 187 191 195 202 214 217 240 258 297 319 328 280 219 202 195 189 186 190 194 197 203 209 213 219 226 236 245 239 228 224 221 217 218 224 222 213 213 216 218 219 222 224 227 229 233 242 244 247 251 255 256 261 260 260 243 237 240 246 255 263 272 278 283 290 295 304 316 324 327 325 329 336 343 350 360 371 381 391 374 380 386 392 397 400 403 406 409 412 416 419 422 426 430 434 439 444 450 456 463 471 480 488 497 506 515 524 532 541 549 557 565 574 583 591 600 608 622 644 656 667 668 671 675 673 666 651 645 639 625 622 636 642 670 693 704 721 735 774 810 839 848 877 879 851 848 871 849 800 776 815 855 884 905 923 938 953 
554 554 554 554 554 554 554 555 555 555 555 555 555 555 555 555 554 554 554 553 552 551 549 548 545 542 538 533 527 544 542 544 542 531 521 497 466 432 413 403 386 370 351 342 340 321 317 320 312 308 308 311 308 302 310 311 315 323 320 314 314 317 313 306 305 299 297 283 273 276 280 278 285 296 319 307 302 302 290 283 259 262 266 271 277 260 251 260 258 246 250 239 236 236 242 245 241 244 251 258 253 243 236 232 229 226 219 214 221 222 206 206 215 210 208 205 190 187 187 186 181 171 160 156 154 155 156 161 165 168 171 172 173 174 175 176 178 179 179 178 177 175 173 170 169 169 167 164 161 159 158 158 158 156 157 156 156 155 154 159 159 162 162 161 165 172 176 178 177 175 176 176 176 178 180 180 179 179 177 176 173 173 174 170 167 164 162 161 158 154 151 152 156 160 164 168 191 221 224 216 217 226 239 253 261 262 246 238 229 232 234 225 215 214 201 192 198 197 195 194 184 178 173 173 169 174 170 168 172 171 171 173 172 169 165 172 178 171 165 164 169 174 178 189 194 198 199 205 207 204 197 182 175 175 174 171 169 170 180 188 200 197 203 208 218 236 241 268 310 345 324 292 249 209 200 196 191 188 194 199 200 205 211 216 220 225 233 235 229 224 221 216 213 211 212 218 223 222 223 228 236 234 234 234 237 237 237 244 256 262 265 265 262 246 237 229 230 237 245 255 263 271 278 284 292 299 309 323 324 320 322 326 333 339 349 360 370 380 388 395 382 388 395 403 407 410 412 411 415 418 422 425 429 433 437 442 447 453 459 465 473 481 490 499 508 518 528 537 546 555 563 570 580 589 597 608 617 618 628 641 658 667 669 671 675 667 650 646 637 624 618 617 617 640 643 650 674 711 727 766 825 851 860 789 764 768 772 769 772 777 811 849 879 902 921 937 952 
561 562 562 562 562 563 563 563 563 563 564 564 564 564 564 564 564 564 564 563 562 562 560 558 556 553 549 544 542 559 552 550 546 542 535 506 472 443 422 415 393 368 359 349 334 323 327 333 333 321 323 327 318 313 309 315 314 323 327 314 316 307 303 295 292 287 284 283 286 291 290 288 280 282 292 294 298 295 293 291 268 268 274 273 282 263 251 254 248 247 249 236 228 231 234 243 236 235 246 250 252 255 254 255 258 247 235 220 214 210 208 225 227 216 207 206 192 189 191 187 180 169 160 158 159 162 164 168 171 172 174 175 176 177 178 179 181 182 181 180 177 175 174 171 169 167 164 163 161 162 162 162 162 159 158 157 158 160 158 163 163 165 167 169 171 177 181 184 183 182 183 183 182 184 185 187 188 188 187 184 182 181 183 182 178 174 171 170 169 168 165 165 167 169 168 170 182 203 221 237 232 235 247 259 264 269 261 255 246 249 242 228 220 210 196 190 203 197 190 188 182 178 172 170 170 173 172 166 167 167 168 170 166 162 167 170 172 176 173 168 170 177 184 190 193 194 197 208 214 218 206 184 173 169 166 164 164 165 170 182 218 225 216 240 253 265 271 312 377 368 307 262 223 203 196 194 191 190 193 201 203 206 211 217 221 226 229 225 220 220 217 213 212 210 211 215 222 232 234 238 262 260 243 244 247 247 244 245 253 267 271 256 249 236 226 221 228 237 246 257 266 274 281 289 301 310 318 325 317 316 321 327 332 339 354 364 370 379 386 393 384 389 398 406 408 411 410 413 417 421 425 428 432 436 440 445 450 455 461 467 474 482 491 501 511 522 532 543 552 561 567 574 586 594 601 612 623 619 628 641 650 664 667 666 666 660 647 638 629 621 617 615 610 617 619 618 646 680 705 733 767 789 791 792 782 771 790 787 780 786 816 848 876 899 918 935 950 
569 569 570 570 570 571 571 571 572 572 572 573 573 573 573 574 573 571 569 568 567 566 564 563 561 558 555 551 554 551 572 562 553 554 537 518 483 456 433 421 399 379 366 354 336 332 335 336 342 339 343 336 331 329 318 324 317 320 321 307 304 296 287 286 293 303 298 296 289 287 280 272 265 268 275 290 285 288 282 291 280 279 278 279 291 270 264 261 246 236 232 227 228 232 241 243 234 230 235 237 240 243 243 247 255 249 242 225 212 205 207 233 230 216 203 197 189 188 189 187 179 167 161 161 165 168 170 172 174 175 177 179 180 180 180 182 184 185 185 184 181 178 176 173 171 168 165 163 164 164 165 165 165 163 160 160 163 164 161 164 166 168 172 176 178 183 187 189 189 188 188 190 189 191 193 194 195 195 194 191 192 192 192 192 189 186 184 183 181 179 176 175 175 175 176 181 190 198 205 228 242 245 257 267 264 273 276 275 270 267 256 244 237 217 196 190 202 193 183 190 185 172 174 173 169 167 165 168 166 159 162 166 165 159 170 174 174 179 181 175 174 182 187 188 192 193 197 204 211 215 208 187 172 166 163 160 159 161 165 171 200 233 229 251 277 315 314 331 298 279 247 235 212 199 193 192 192 193 198 205 205 206 212 218 221 223 223 220 216 216 213 211 212 215 221 220 221 232 239 243 261 275 254 255 257 257 253 250 252 263 275 259 247 233 225 223 231 239 249 260 269 277 287 301 304 309 309 309 310 317 323 332 337 348 371 377 375 378 384 394 386 391 397 406 408 410 412 415 420 424 427 431 435 439 443 447 452 457 462 469 476 483 493 503 514 525 537 548 557 566 576 586 593 599 604 616 624 614 619 631 642 657 657 658 654 647 639 635 631 618 613 614 613 617 608 617 638 665 683 715 718 755 737 764 767 766 754 770 764 793 823 851 876 898 916 933 948 
576 577 577 578 578 579 579 580 580 580 581 581 582 582 582 581 579 577 574 572 570 569 568 566 565 563 561 558 557 566 590 582 568 560 552 534 502 474 450 440 422 397 373 358 343 341 334 340 346 352 347 330 329 330 333 332 319 313 320 314 299 290 283 287 308 312 297 293 283 276 268 260 259 260 278 288 275 273 270 281 289 290 289 284 292 269 260 266 248 239 228 229 239 245 251 255 243 237 239 240 239 240 239 234 232 233 229 222 218 211 208 229 227 212 204 195 188 189 187 182 174 167 164 165 170 173 175 176 177 178 179 180 182 183 185 186 187 189 190 189 186 182 179 176 175 172 168 167 166 166 167 168 168 166 165 164 167 167 165 166 169 173 178 182 184 189 193 197 197 196 198 200 200 202 203 202 203 204 203 201 201 201 200 199 197 194 193 192 190 187 185 185 185 184 186 193 200 202 206 231 259 266 263 262 272 275 282 283 271 262 258 255 241 217 200 205 213 200 185 191 185 175 181 175 178 184 169 165 158 153 155 157 161 160 164 171 177 179 182 177 174 180 184 184 187 193 195 196 198 200 192 183 175 165 162 160 158 159 164 172 232 240 239 251 283 327 341 326 291 255 232 214 202 195 191 193 194 196 202 206 205 207 211 217 218 219 218 216 214 214 213 215 217 222 231 226 224 229 240 249 261 271 269 267 269 268 262 259 264 284 287 271 265 240 229 230 236 246 254 263 270 278 290 303 300 303 305 308 317 325 325 335 344 357 365 368 378 378 385 393 390 393 397 404 408 414 415 418 422 426 430 434 438 441 445 449 454 459 464 470 477 484 493 504 516 528 541 553 563 571 585 591 598 601 608 617 623 615 605 605 626 647 641 637 639 628 632 627 635 618 616 618 618 618 628 639 644 656 676 689 691 689 700 731 734 741 747 781 765 799 828 854 876 896 914 930 945 
584 584 585 585 586 586 587 588 588 589 589 590 590 591 589 587 585 583 580 578 576 573 571 569 568 567 565 563 561 568 577 601 591 572 567 546 522 499 471 464 439 396 374 358 354 346 338 343 350 354 342 329 325 327 329 334 324 310 321 324 300 287 294 308 320 307 292 288 280 272 276 274 268 265 273 273 270 265 263 275 281 275 287 292 294 274 253 250 241 237 233 239 250 252 261 265 253 244 253 252 250 257 257 250 239 236 238 243 250 235 214 211 209 203 204 200 196 198 192 179 170 168 168 171 174 176 178 179 180 181 180 181 183 186 189 190 192 194 196 196 192 188 183 181 178 175 172 170 169 169 170 172 172 172 174 174 172 171 170 171 173 179 186 190 192 195 200 204 205 205 206 206 209 211 212 211 211 213 214 212 211 210 208 206 204 202 200 200 198 195 194 195 195 196 196 201 204 206 213 228 262 272 261 265 280 281 286 285 269 259 256 252 236 218 211 214 221 209 197 189 182 177 179 177 184 188 171 163 161 168 165 162 158 160 163 169 172 172 176 177 177 181 183 181 185 191 189 185 184 185 187 190 182 166 162 160 159 160 167 186 221 229 244 269 319 363 361 308 275 265 252 206 194 191 192 195 197 198 204 207 206 208 210 211 212 214 212 212 212 211 211 215 221 228 246 239 227 226 237 249 263 274 275 279 287 281 270 265 267 282 279 259 256 256 237 240 245 250 259 270 275 284 294 298 300 304 318 316 338 346 331 337 347 363 382 385 378 394 398 394 398 394 398 404 413 417 418 421 424 429 433 437 440 444 448 452 456 461 466 471 478 485 493 504 517 530 544 558 567 580 590 600 600 606 615 620 619 614 608 588 606 632 595 584 609 624 624 624 628 620 612 618 631 627 663 659 677 675 668 681 748 715 699 678 699 739 725 766 796 799 830 855 875 894 911 926 941 
591 591 592 593 593 594 595 595 596 597 597 598 599 597 595 593 591 588 586 584 582 579 577 574 572 570 569 568 566 567 594 587 616 591 575 558 539 519 495 481 439 402 384 378 381 367 358 351 352 351 334 328 322 326 322 327 328 313 327 324 296 295 307 312 318 302 286 280 285 279 292 289 269 279 276 265 266 263 262 270 276 274 286 296 299 285 261 253 249 252 245 246 247 249 258 264 264 256 266 267 264 269 271 270 259 252 252 256 263 252 237 232 218 203 199 203 204 200 191 180 172 169 171 174 176 178 180 181 182 182 182 184 185 188 191 194 195 198 201 202 199 193 188 184 182 179 176 173 171 172 174 176 178 182 184 183 181 181 180 179 183 189 195 198 202 206 210 211 213 214 214 215 218 220 221 219 221 223 223 220 219 217 216 215 212 211 208 208 206 204 203 204 205 207 207 209 213 214 222 236 268 275 272 276 282 278 279 284 278 267 259 253 236 226 222 214 214 217 207 186 185 185 185 186 188 187 179 168 164 172 172 164 157 165 163 168 169 170 172 178 189 190 188 184 185 185 178 173 178 186 189 195 184 169 164 161 161 161 168 186 199 217 256 312 382 397 354 328 283 260 249 203 190 190 193 197 198 200 205 203 206 211 210 209 208 207 207 206 206 206 210 216 228 237 270 261 231 226 235 257 283 270 270 290 299 285 277 268 267 271 260 252 250 254 246 256 267 261 266 272 279 292 304 300 304 310 316 318 344 353 340 343 355 370 380 373 379 382 386 388 407 396 401 406 413 419 423 424 427 431 435 439 443 446 450 454 458 463 468 473 479 485 493 504 518 533 549 561 572 587 595 604 603 607 615 610 608 613 615 593 589 609 608 584 611 609 607 619 617 622 611 616 630 612 621 649 693 672 674 710 719 729 735 684 667 686 689 725 749 793 826 850 871 889 906 922 937 
598 599 599 600 601 602 602 603 604 605 605 606 605 603 601 599 596 594 592 589 587 585 582 580 578 576 575 573 571 569 575 603 628 604 585 568 557 539 519 501 461 437 415 398 376 367 366 361 353 340 326 319 319 319 317 328 330 316 327 316 296 304 307 300 302 295 290 289 296 294 298 283 273 274 270 272 269 272 271 269 273 283 294 294 298 289 279 269 260 257 249 247 258 264 262 278 285 270 271 284 275 268 274 272 267 244 233 242 259 257 246 237 222 207 199 198 202 196 187 178 175 174 174 175 176 179 181 182 183 184 186 186 187 190 192 195 197 201 206 207 202 195 190 184 185 182 179 176 172 174 179 182 186 191 191 192 192 191 190 191 195 200 205 208 213 217 220 221 222 222 222 223 226 226 226 226 227 229 228 226 227 226 224 223 221 220 218 215 214 213 213 213 213 216 218 217 221 223 231 245 272 289 284 282 275 273 276 277 275 276 266 254 243 238 228 219 214 217 211 201 203 193 190 192 188 194 196 175 164 162 163 164 161 168 169 172 178 182 180 183 186 193 194 189 183 178 175 172 172 182 190 192 180 180 166 163 164 165 168 183 197 210 261 333 379 305 331 298 261 241 239 201 193 194 196 199 200 202 206 206 206 208 212 212 210 205 203 202 204 208 209 216 237 250 277 272 234 229 234 249 263 264 277 304 320 290 278 266 263 273 258 249 247 246 261 279 285 283 289 282 285 293 302 304 306 312 316 323 340 362 361 353 366 379 382 376 385 382 388 394 399 400 403 410 417 423 427 430 430 434 438 442 446 449 453 457 460 465 470 475 480 486 493 505 518 536 558 565 584 588 596 605 604 611 614 615 610 611 622 629 609 601 601 608 611 602 599 604 607 609 610 617 627 638 662 656 662 685 683 727 726 772 736 730 690 648 650 697 772 776 813 840 863 882 900 917 933 
605 606 606 607 608 609 610 611 612 612 613 613 611 609 606 604 602 599 597 594 592 590 587 585 584 582 581 580 579 577 577 607 629 616 598 576 571 558 542 535 513 477 444 425 392 365 356 350 344 337 331 326 326 330 327 327 321 325 326 306 299 296 291 288 298 302 300 309 317 312 305 288 290 297 281 270 275 288 281 271 268 275 278 275 282 282 273 268 266 258 254 267 280 274 265 270 273 261 264 276 263 257 264 263 263 240 226 229 241 242 241 236 218 206 205 201 198 193 183 177 176 176 177 178 178 181 183 184 186 186 188 187 188 190 192 195 198 202 207 206 201 196 191 186 185 183 181 179 175 176 186 188 193 197 198 200 202 202 203 207 211 213 216 219 223 226 228 230 232 232 232 232 233 231 230 232 234 235 236 234 234 235 232 231 229 229 229 224 222 222 222 223 221 225 228 227 231 234 240 245 259 274 283 288 276 278 276 274 268 268 267 259 250 249 240 235 232 218 213 224 217 194 190 194 190 192 200 184 172 162 157 159 158 164 171 177 183 185 188 184 177 181 189 183 188 188 181 175 173 179 184 184 175 178 171 168 169 171 171 179 190 203 258 324 350 355 303 269 239 228 222 199 197 200 205 205 205 206 209 208 206 205 205 207 206 204 202 200 201 204 208 217 253 257 265 255 235 230 232 243 266 271 295 308 309 283 269 263 258 256 252 250 249 249 258 267 272 282 294 285 288 295 302 305 309 314 320 328 345 381 359 387 371 385 384 379 387 399 391 397 404 401 408 415 422 427 428 432 434 437 441 445 449 452 455 459 462 467 472 477 483 489 497 508 521 535 557 585 591 594 600 606 609 614 615 615 612 609 612 615 609 593 591 595 606 612 596 596 609 613 617 627 651 666 677 704 676 700 704 736 738 787 784 745 706 689 649 704 709 757 796 827 852 874 894 912 928 
612 613 613 614 615 616 617 618 619 620 621 619 617 614 612 609 607 604 602 599 596 594 592 590 588 587 586 585 585 585 585 596 604 618 606 585 581 578 562 544 547 526 479 447 407 372 363 349 343 346 343 338 336 336 335 324 314 317 309 308 308 294 290 291 306 321 311 311 329 324 309 295 302 312 296 279 287 298 296 288 284 277 271 272 282 286 270 265 264 265 271 285 288 279 271 259 255 256 255 255 251 251 250 248 247 235 224 220 219 220 223 222 213 199 196 197 195 192 185 179 177 177 181 183 182 185 186 185 186 186 187 188 188 190 193 195 198 202 205 204 201 197 194 187 186 186 184 184 184 182 191 197 202 206 207 211 213 214 217 222 226 227 228 230 233 235 237 240 242 241 241 241 241 239 237 238 243 243 241 241 241 241 239 236 235 236 238 234 231 231 230 230 230 234 237 236 241 245 249 252 254 257 262 271 286 301 291 282 272 268 264 259 256 260 255 248 242 230 229 230 210 196 200 206 204 204 202 189 177 162 163 160 155 155 162 171 176 178 186 185 178 169 170 181 196 192 184 179 185 184 177 198 187 171 169 171 173 174 174 179 190 202 229 312 346 340 292 243 222 212 210 203 202 206 212 216 215 211 211 207 204 202 202 202 201 201 201 199 198 198 206 212 244 254 251 248 236 229 229 240 274 297 306 296 296 299 284 263 256 255 254 253 253 254 261 266 267 275 283 286 292 298 303 308 312 319 326 333 349 384 360 367 388 383 385 389 396 396 395 397 401 403 411 416 423 428 435 435 436 440 444 448 451 455 458 462 464 469 474 479 485 492 501 511 523 538 555 586 605 607 598 599 607 620 621 626 615 607 602 598 594 592 587 588 597 609 598 605 615 618 627 638 659 681 701 702 728 710 726 739 711 726 738 741 666 683 650 675 697 741 780 814 842 866 887 906 924 
618 619 620 621 622 623 624 625 626 627 627 625 623 620 617 615 612 609 606 603 601 598 596 594 592 590 590 590 590 591 593 598 607 594 614 599 586 583 581 572 569 556 504 464 426 386 371 355 340 337 330 323 326 330 334 325 312 304 305 314 308 308 308 304 303 322 322 320 331 320 311 306 311 313 296 289 301 303 307 298 283 277 278 273 283 293 289 286 286 288 286 297 302 285 268 265 272 272 260 259 259 255 249 244 241 234 234 234 227 220 212 208 201 194 197 200 196 192 189 184 182 183 185 186 186 187 187 187 186 187 187 189 190 190 193 195 198 202 205 205 204 200 196 188 188 190 190 191 195 196 196 206 211 216 218 221 223 227 230 234 237 240 240 241 244 246 248 250 251 250 250 250 250 250 249 247 249 248 248 247 246 248 246 243 242 243 245 245 241 240 241 243 244 251 251 249 252 256 259 261 261 260 260 263 278 301 301 295 282 279 276 267 261 259 255 250 236 229 231 227 215 204 204 209 217 213 199 187 171 163 178 170 161 153 155 159 163 166 172 175 174 170 163 175 213 198 196 193 196 176 172 195 205 206 185 177 178 179 179 182 191 202 223 317 345 343 304 250 219 212 210 207 207 209 215 221 221 217 215 211 205 203 202 202 202 201 200 198 195 196 206 208 237 267 256 249 248 231 229 236 260 307 301 279 284 313 294 261 256 253 254 257 260 261 266 271 273 278 283 288 294 300 305 309 314 321 328 338 355 382 362 362 386 378 383 397 381 399 390 400 402 405 411 418 424 431 433 436 439 443 448 451 454 457 460 463 466 470 475 481 488 496 504 513 525 538 557 597 622 595 592 594 604 612 620 621 612 613 604 606 593 589 585 582 593 626 623 612 632 630 643 648 689 703 716 714 710 720 731 720 711 702 708 699 705 662 650 668 692 732 771 805 834 860 882 902 920 
625 626 627 628 629 630 631 632 633 635 634 631 628 626 623 620 617 614 610 607 604 602 599 596 594 593 592 592 593 595 599 604 610 599 623 611 604 591 605 589 585 576 505 481 447 400 375 358 354 353 334 322 322 323 331 334 317 306 302 305 313 323 324 313 315 327 328 334 338 324 328 318 318 319 304 297 303 310 305 293 286 293 295 282 281 296 309 310 309 305 304 305 302 283 271 273 288 294 277 278 274 262 250 245 243 241 254 255 238 227 220 218 210 200 200 204 199 197 195 191 188 188 188 188 188 188 187 186 187 188 188 189 191 192 193 196 199 203 207 208 208 203 197 191 192 196 196 199 206 208 206 216 221 226 228 231 233 239 243 247 248 253 253 252 257 257 259 259 260 257 258 257 257 257 256 255 255 253 255 254 252 253 252 251 251 252 254 253 249 244 251 259 259 269 268 270 266 268 269 268 268 269 269 269 271 290 306 302 295 285 279 277 267 263 260 254 237 230 233 238 233 212 211 212 216 202 186 183 171 162 166 165 165 159 153 154 156 162 166 172 177 176 164 176 182 173 184 189 189 163 162 206 223 231 212 189 184 184 183 186 194 207 227 301 356 383 349 266 224 213 226 216 211 213 217 220 221 219 218 216 212 207 203 202 202 201 199 197 193 192 199 208 241 288 268 255 256 238 231 230 247 295 305 291 268 278 281 256 260 254 255 275 273 267 269 274 277 281 286 292 296 301 309 314 320 322 330 355 381 384 363 391 373 373 383 400 383 394 389 401 406 408 416 421 425 433 435 439 442 446 451 455 457 459 462 464 467 472 477 483 490 498 507 516 527 539 554 574 594 600 593 593 611 616 624 618 611 609 614 603 601 593 588 581 581 606 637 647 647 648 680 676 691 698 694 692 690 704 711 740 722 721 702 692 673 669 666 674 694 731 768 801 830 856 878 899 917 
632 633 634 635 636 637 638 639 640 642 640 637 634 631 628 625 621 618 615 611 608 605 602 599 596 594 593 593 593 596 600 607 613 604 594 622 624 606 611 607 589 565 526 491 447 405 385 370 357 353 349 338 319 325 339 336 329 322 306 307 324 333 335 324 327 339 337 338 335 330 334 325 325 324 306 297 310 315 302 294 302 307 303 294 284 291 309 309 315 310 299 297 302 300 282 279 287 297 283 278 272 258 250 248 250 255 264 253 239 235 232 233 229 214 202 203 202 200 199 197 194 193 192 191 191 190 188 187 187 189 189 187 190 191 195 198 201 206 211 211 209 205 199 194 195 201 204 208 213 218 217 224 231 237 239 243 246 250 257 262 260 265 264 261 268 268 267 266 266 265 265 265 264 264 263 262 261 260 261 258 259 259 258 257 258 258 259 257 248 230 239 255 264 269 271 285 289 281 281 280 281 289 287 281 278 291 316 313 306 297 286 284 274 271 263 259 248 234 236 244 245 224 223 223 223 199 187 178 171 165 160 159 168 171 155 153 156 160 162 167 171 168 157 153 157 160 168 172 165 168 168 190 213 240 230 199 190 188 189 193 201 224 267 380 396 400 348 268 231 222 226 217 215 217 218 218 219 219 219 218 215 210 207 204 204 204 201 197 191 189 192 210 253 283 277 263 253 250 237 225 234 257 270 288 267 264 262 252 256 255 258 277 273 269 272 276 280 284 290 305 305 301 308 319 334 330 336 354 373 389 397 381 367 373 379 392 387 388 392 401 413 414 419 423 425 430 434 440 444 450 455 458 459 461 463 466 469 473 478 484 492 500 509 518 527 539 553 570 586 593 598 595 600 609 624 628 632 615 626 616 600 597 589 585 584 612 632 670 674 676 688 671 668 698 691 700 700 702 716 737 740 733 753 744 733 697 704 688 710 741 773 803 831 855 877 897 915 
638 639 640 641 643 644 645 646 647 648 646 643 640 637 633 630 626 623 619 615 611 608 604 601 598 595 593 592 592 593 598 605 616 610 602 632 630 622 624 640 662 603 549 506 451 417 400 382 356 348 343 337 327 327 335 322 321 312 306 313 326 333 343 340 332 344 348 336 329 337 336 332 338 330 308 307 317 325 305 294 302 310 309 303 297 298 306 307 305 306 301 300 301 302 288 286 294 289 272 260 258 255 256 266 272 267 257 249 255 252 248 249 238 220 208 202 203 204 204 203 201 199 196 196 196 194 190 187 186 188 188 184 186 189 196 201 205 212 217 217 215 210 203 197 197 204 212 218 222 226 231 234 241 247 249 253 258 263 270 273 269 275 274 270 278 277 275 274 273 273 270 272 265 262 262 261 255 249 250 240 237 247 251 247 249 250 249 234 213 199 203 220 246 267 280 288 306 298 289 292 295 305 303 293 294 306 323 318 309 306 297 286 281 274 271 267 253 238 232 233 246 244 245 241 226 201 189 180 179 177 163 158 161 168 154 156 155 156 157 162 169 165 159 155 159 160 167 179 182 192 179 186 205 234 232 202 196 195 198 202 215 247 322 306 329 358 309 267 237 233 230 217 216 217 218 218 218 218 218 218 215 212 209 208 206 206 204 199 193 190 195 224 262 283 278 265 252 253 240 228 226 233 256 281 262 259 255 253 254 257 265 265 268 271 278 283 288 289 292 303 303 301 309 321 336 351 352 347 359 380 379 364 362 365 377 379 394 390 402 401 409 419 425 426 425 431 436 440 445 451 456 459 460 462 464 466 470 473 479 485 493 501 510 519 529 541 553 570 579 586 595 593 608 618 619 634 666 662 653 644 620 606 597 596 602 634 676 683 677 685 696 685 670 682 688 685 709 710 710 750 740 746 766 748 734 728 712 720 736 759 785 811 835 858 879 898 915 
644 645 647 648 649 650 651 653 654 655 652 649 646 642 639 635 631 627 623 619 614 610 606 602 598 595 592 589 588 588 591 597 608 615 611 605 645 644 638 714 700 668 578 537 464 419 399 376 363 359 345 338 330 333 333 317 317 317 323 318 325 331 341 348 344 344 353 342 331 337 345 341 342 331 309 312 325 331 309 296 303 310 309 313 315 311 305 297 295 300 300 301 302 295 289 291 290 273 262 262 269 265 265 285 289 270 254 257 264 259 255 248 231 219 216 213 209 210 209 209 208 205 202 202 202 199 193 188 184 183 181 178 180 186 195 202 209 216 221 223 223 218 210 201 202 211 221 229 231 232 242 248 252 257 260 262 267 275 280 287 280 288 285 273 278 276 269 261 248 244 230 228 220 211 211 212 209 203 204 202 201 205 207 208 208 210 210 206 205 206 207 209 214 229 257 276 297 307 312 303 298 307 309 307 310 313 312 306 306 308 306 295 284 277 278 272 258 247 245 239 245 247 238 236 224 208 205 191 185 185 169 163 165 172 164 165 155 155 156 159 167 172 167 159 163 162 165 186 185 193 186 197 208 238 233 204 200 203 208 212 233 269 365 373 390 351 307 269 253 251 233 217 216 218 219 218 216 215 215 216 215 213 209 209 206 205 203 201 198 198 216 266 280 290 271 262 250 247 241 232 226 231 247 266 264 263 257 253 255 256 263 266 273 278 291 311 315 303 298 297 301 305 311 325 353 369 354 350 350 354 363 358 352 356 363 371 379 389 397 408 414 423 424 424 428 433 437 441 445 450 455 458 460 462 464 467 470 474 479 485 494 502 513 524 531 540 552 567 570 576 587 600 610 624 637 644 658 671 681 666 645 629 627 626 639 677 682 685 681 685 688 685 703 706 697 711 703 708 715 745 732 736 739 753 753 743 748 754 765 781 801 822 843 863 882 900 917 
650 652 653 654 655 657 658 659 660 661 659 656 652 648 644 640 636 632 627 622 618 613 608 604 599 595 590 587 583 581 581 584 593 608 621 619 659 655 691 789 767 686 594 542 491 434 400 380 373 369 363 363 345 333 324 324 340 339 337 327 327 335 338 342 347 348 354 356 341 346 354 340 330 323 317 318 330 324 304 300 309 318 310 314 319 307 291 287 287 289 290 291 295 298 294 286 274 265 264 276 283 273 267 272 282 272 261 267 274 264 251 241 232 223 220 217 215 215 216 217 215 213 210 208 208 203 195 191 184 177 172 171 176 184 195 205 216 223 227 230 231 230 222 211 213 223 233 241 241 239 254 259 260 263 270 270 272 280 285 295 287 295 287 269 262 251 231 215 207 205 204 204 204 205 205 206 207 207 208 209 209 210 211 212 213 214 214 215 217 218 219 221 222 224 228 243 277 304 324 329 308 308 307 309 313 310 309 312 315 312 311 311 295 281 284 276 264 260 262 257 262 244 224 221 216 210 222 215 199 196 179 166 171 181 183 169 161 157 157 158 166 172 168 160 159 164 169 175 178 186 194 211 204 215 218 205 205 210 218 235 252 280 320 334 367 368 330 302 301 276 240 226 221 225 224 222 217 216 214 215 218 215 211 208 207 205 201 200 200 207 253 291 284 280 281 264 247 241 237 232 229 249 265 252 272 276 259 252 254 257 263 269 283 286 301 323 330 310 300 300 309 317 319 334 364 366 349 342 344 345 345 348 361 364 366 373 377 389 401 411 416 424 428 431 431 433 437 441 445 450 455 458 460 462 464 467 470 474 479 485 494 504 514 528 535 545 550 560 569 579 590 607 623 636 642 639 650 658 667 672 669 664 636 668 674 687 691 695 681 684 687 691 729 739 708 716 710 728 722 731 745 740 748 758 765 778 782 785 792 803 818 834 852 870 887 903 919 
656 658 659 660 661 663 664 665 667 668 666 662 658 654 650 646 641 636 632 626 621 616 611 605 600 595 590 584 579 575 571 570 576 591 616 639 664 647 717 805 775 722 620 561 528 472 411 392 380 376 378 367 345 330 340 325 330 331 327 327 334 347 352 347 346 352 350 355 353 359 357 342 336 332 333 333 330 316 307 307 311 321 316 307 308 295 278 276 280 285 282 281 287 296 291 275 267 266 270 278 283 277 266 267 274 276 274 276 274 262 250 242 234 230 228 226 222 221 225 227 224 221 218 215 215 209 201 194 185 174 165 164 174 186 199 211 223 232 237 241 244 244 237 231 235 240 248 251 250 244 257 259 265 265 272 273 267 273 281 289 286 286 279 266 247 228 219 217 216 216 216 216 217 217 218 218 219 219 220 221 221 222 223 224 224 225 226 227 228 230 231 232 234 235 237 239 246 270 304 327 333 318 307 311 318 314 321 323 323 318 316 318 311 292 292 293 278 268 275 272 261 243 233 229 235 228 219 213 206 200 182 173 179 192 205 193 184 171 164 162 167 173 177 172 166 169 179 184 187 194 199 212 209 217 229 209 208 212 226 276 290 313 308 308 368 393 341 322 347 303 264 235 226 231 233 240 234 230 218 218 222 219 217 211 209 207 203 202 203 215 255 284 279 262 277 262 246 240 237 235 243 267 268 244 256 257 253 251 253 260 266 274 283 290 306 315 321 304 301 304 322 331 330 356 367 364 346 343 345 347 348 356 378 388 391 388 391 391 403 414 418 432 431 434 435 434 438 444 445 449 454 457 460 463 465 467 470 473 479 486 495 506 516 527 535 544 554 565 574 586 599 603 609 618 628 644 640 647 644 648 639 628 646 640 652 644 630 685 646 659 681 708 759 745 709 707 722 723 738 751 759 766 770 775 788 804 808 810 814 823 834 847 862 877 892 907 922 
662 663 665 666 668 669 670 671 673 674 673 669 665 661 656 652 647 642 636 631 625 619 614 608 602 596 590 584 577 571 568 566 568 586 612 667 709 694 745 849 815 749 661 585 548 484 413 387 378 387 383 365 337 334 351 338 321 318 317 318 329 347 353 347 341 346 343 347 358 362 355 343 347 339 335 339 328 315 312 310 314 324 322 313 297 283 275 284 293 286 290 285 292 300 285 270 272 279 277 270 280 283 272 270 278 292 300 291 280 260 247 237 232 233 236 235 234 232 236 237 234 230 226 225 223 217 209 199 189 180 170 169 180 195 209 221 233 243 251 257 262 264 257 249 253 255 259 245 243 243 249 251 258 261 265 272 274 280 285 290 290 279 262 246 238 234 233 231 230 230 230 229 230 230 230 231 231 232 232 233 233 234 235 236 236 237 238 239 240 241 243 244 245 247 248 250 252 255 268 307 328 315 304 290 294 299 320 328 324 322 317 318 303 287 284 291 284 273 276 288 274 253 244 242 241 241 237 234 221 211 191 178 171 175 199 207 189 172 165 166 169 175 179 176 168 171 179 191 199 202 212 223 223 233 243 216 211 231 272 275 304 340 318 299 338 369 303 281 283 266 253 246 238 236 233 245 256 236 220 231 244 238 236 219 214 207 206 210 215 242 262 269 277 279 271 252 247 244 239 239 260 264 247 239 245 246 249 251 257 265 270 278 287 297 309 312 308 305 306 307 324 342 337 350 346 343 342 350 355 353 344 356 367 372 400 390 398 395 400 413 418 431 429 432 434 435 441 446 447 450 454 457 460 463 466 469 471 474 480 489 498 510 518 528 538 546 557 563 569 579 588 600 616 620 633 633 632 638 643 630 628 626 636 631 608 650 594 607 614 681 705 719 761 760 738 719 724 736 751 768 770 780 785 796 803 817 824 828 832 839 848 860 872 885 899 912 926 
668 669 671 672 673 675 676 677 679 680 680 676 672 667 663 658 653 647 641 635 629 623 617 610 604 598 591 585 578 572 568 567 569 587 619 687 747 728 776 830 823 770 697 609 553 494 431 403 394 390 367 350 338 343 349 345 340 332 330 322 327 340 345 338 336 338 339 344 355 349 349 350 354 346 343 339 323 315 315 315 322 324 322 320 298 283 283 298 294 292 301 293 301 310 298 275 275 290 292 275 285 292 282 273 281 309 332 297 275 257 240 238 240 240 238 241 245 246 246 248 245 240 236 233 228 222 217 209 201 195 189 189 198 209 222 235 247 257 267 273 282 281 275 256 252 254 263 254 253 258 261 265 267 269 274 280 281 284 279 271 264 259 256 253 251 248 247 245 244 243 243 243 242 243 243 243 243 244 244 245 245 246 247 247 248 249 250 251 252 253 254 256 257 258 260 262 263 265 267 275 287 288 283 275 275 276 283 306 316 320 321 310 294 281 272 281 281 279 280 287 277 265 256 249 237 229 236 258 254 244 223 194 176 176 205 218 190 170 169 171 175 185 182 179 173 176 187 203 220 218 214 227 226 236 250 218 216 295 353 284 295 316 306 299 319 344 285 257 253 244 248 255 255 257 232 232 239 236 225 237 248 265 243 223 218 211 213 220 229 255 265 261 263 270 258 255 249 245 241 245 256 250 241 239 243 245 250 255 262 269 274 283 291 299 306 308 307 307 307 309 317 331 336 335 330 330 341 350 346 345 339 346 361 380 399 396 383 384 401 423 421 428 430 432 433 438 445 447 447 450 454 459 462 464 466 471 474 478 484 493 501 512 520 529 537 544 553 557 568 580 592 603 619 614 631 626 616 619 620 609 620 612 617 627 617 646 589 599 614 626 689 732 709 701 711 739 738 751 766 778 783 788 788 801 815 827 835 841 846 853 861 871 882 893 905 918 930 
674 675 676 678 679 680 682 683 685 686 687 683 679 675 670 664 659 653 647 641 634 627 621 614 607 601 594 588 582 577 574 573 580 599 642 703 729 738 809 855 817 788 715 615 555 496 440 404 387 382 359 343 348 352 351 358 365 347 331 328 334 340 352 343 344 347 347 347 350 340 347 355 355 347 344 334 321 320 320 318 318 315 313 307 286 279 290 308 299 300 314 311 310 313 316 288 288 287 289 284 296 301 293 282 285 306 320 283 263 255 252 257 260 253 247 249 249 254 258 259 256 251 246 243 238 231 227 222 217 214 212 213 223 232 240 251 259 267 280 282 293 286 277 270 267 271 277 270 272 277 277 279 280 278 269 262 258 259 260 263 266 267 267 266 264 262 260 258 257 256 256 255 255 255 255 255 256 256 256 257 257 258 259 259 260 261 262 263 264 265 266 267 269 270 271 273 274 276 277 279 280 282 283 283 284 284 283 283 287 308 311 295 285 268 256 280 288 286 287 289 286 284 278 268 254 240 230 234 244 249 239 210 192 191 199 203 185 177 181 180 183 195 197 189 183 182 195 220 252 257 237 231 218 221 230 216 226 327 361 292 275 292 311 310 313 324 300 276 249 234 238 250 255 248 230 224 233 245 248 265 255 259 242 224 218 217 224 233 245 263 258 247 250 251 244 241 243 244 245 248 247 247 245 245 248 252 256 261 267 271 277 285 292 299 302 306 307 307 306 309 314 327 341 332 328 336 356 354 347 339 342 346 355 374 386 393 393 385 402 407 413 430 437 436 437 444 445 446 447 452 455 462 467 467 470 474 478 483 490 498 506 516 528 534 539 548 550 560 572 589 601 621 625 635 631 630 615 620 585 572 580 589 614 613 596 597 587 595 646 645 671 688 674 677 702 728 749 768 780 794 800 805 816 814 825 836 844 851 857 864 872 881 890 901 912 923 934 
679 680 682 683 685 686 688 689 690 691 693 691 687 682 677 671 666 659 653 646 639 632 625 618 612 605 599 594 589 586 586 590 601 621 662 700 740 755 824 871 847 797 721 612 552 498 452 418 390 371 353 343 355 358 354 360 362 345 331 329 339 344 353 351 351 358 354 354 350 345 346 350 351 347 344 336 328 331 335 320 302 300 296 289 282 282 291 307 309 311 321 321 313 301 300 296 290 283 290 283 301 311 309 294 296 301 297 272 259 260 265 265 262 256 253 256 255 263 269 268 265 261 257 254 248 243 241 237 235 234 234 239 248 256 257 259 263 261 262 260 266 278 282 282 279 280 280 278 276 274 274 268 261 257 254 256 261 265 270 274 277 278 278 277 276 274 273 271 270 269 269 268 268 268 268 268 268 268 269 269 269 270 270 271 272 273 274 274 275 276 278 279 280 281 283 284 285 287 288 290 291 292 293 293 293 293 291 289 285 283 277 269 264 268 261 260 276 294 298 301 303 302 300 288 278 263 244 239 226 234 240 231 222 217 213 204 192 209 206 203 201 203 204 205 193 194 199 223 257 293 266 234 233 222 221 222 246 354 365 300 286 289 296 322 315 307 337 279 235 231 244 257 259 251 240 227 246 254 251 249 244 241 237 234 230 226 237 247 252 257 256 246 243 244 242 239 240 243 247 248 247 251 255 256 257 260 262 266 271 277 280 286 292 297 299 299 302 303 304 305 312 323 328 326 328 335 341 341 345 340 345 351 359 366 396 391 396 408 414 413 418 430 438 440 442 443 447 446 452 455 457 463 471 470 472 477 482 488 494 504 512 528 536 538 538 545 549 556 567 588 600 614 626 637 649 632 615 607 580 569 567 578 606 601 596 595 609 599 607 624 648 676 676 677 710 750 769 786 793 803 810 819 828 836 835 845 853 860 867 874 881 889 898 908 918 928 939 
684 686 687 689 690 692 693 694 696 697 698 699 695 690 685 679 673 666 660 653 645 638 631 624 617 610 605 600 598 597 600 608 622 644 677 715 760 780 894 887 854 804 695 594 548 514 471 445 418 389 360 348 357 367 365 363 360 347 332 327 335 353 356 353 348 356 343 348 349 343 338 346 348 345 339 338 332 336 331 310 291 287 286 286 287 292 294 306 319 317 313 313 308 291 284 284 287 286 295 291 291 299 306 299 300 291 275 268 266 276 274 262 255 252 256 257 259 266 271 271 272 270 267 265 259 259 258 254 254 256 257 259 264 269 267 256 244 235 237 246 254 260 262 261 259 257 255 255 255 253 255 257 259 262 266 270 274 278 282 285 287 289 289 288 288 286 285 284 283 282 281 281 280 280 280 280 280 280 281 281 281 282 282 283 284 284 285 286 287 288 289 290 291 293 294 295 296 298 299 300 301 302 303 303 303 302 300 298 294 289 283 278 273 273 264 260 274 297 308 311 314 317 319 309 305 287 266 247 229 227 236 238 236 228 227 223 216 211 219 243 246 229 226 228 214 206 205 217 250 290 282 248 263 245 231 231 259 395 381 318 292 317 329 305 322 313 310 250 229 237 255 276 270 262 257 242 245 241 233 233 236 241 238 237 228 226 236 240 245 252 247 244 244 241 239 238 239 242 246 249 253 261 267 265 265 266 268 272 275 280 283 287 292 297 300 297 295 297 300 303 308 314 320 326 329 332 335 343 352 344 347 353 359 369 381 397 398 407 406 411 421 431 435 435 440 443 460 451 457 456 460 464 473 478 476 480 486 492 499 507 518 530 542 537 542 538 542 546 562 594 597 617 639 634 655 666 650 630 599 585 573 577 607 626 604 602 603 606 615 628 642 654 677 700 725 773 792 798 805 813 819 827 827 836 845 853 861 868 875 882 889 897 905 914 924 933 943 
690 691 693 694 696 697 698 700 701 702 704 705 703 698 693 687 681 674 667 660 652 644 637 629 622 616 611 607 606 608 614 624 641 665 699 766 773 804 902 899 851 802 694 612 563 526 494 476 444 425 390 371 364 363 368 362 360 358 339 329 329 346 343 343 335 340 342 343 341 340 337 336 338 334 339 340 337 340 334 316 299 294 289 290 304 319 303 310 320 320 309 304 308 303 291 284 283 286 303 305 298 303 309 306 300 301 284 278 275 280 275 261 256 254 257 262 268 271 276 276 278 280 278 276 271 271 273 270 268 271 273 270 270 273 255 233 230 239 249 258 265 269 270 269 268 266 265 265 265 267 268 271 273 276 280 283 287 290 293 296 298 299 300 300 299 298 297 296 295 294 294 293 293 292 292 292 292 292 293 293 293 294 294 295 295 296 297 298 299 300 301 302 303 304 305 306 307 309 310 311 312 312 313 313 312 311 310 307 304 300 299 297 285 280 276 273 293 312 303 299 319 328 326 319 315 301 283 264 246 238 256 269 252 242 263 271 254 228 226 261 273 258 248 246 242 220 224 233 247 264 259 245 251 277 253 237 262 364 371 348 300 313 342 333 334 291 279 246 234 247 265 283 288 261 258 251 262 249 252 246 252 251 250 241 225 219 233 236 239 244 241 239 239 238 237 237 239 243 247 254 259 267 271 271 272 272 273 275 277 282 286 290 291 294 296 294 305 309 299 303 308 314 320 325 327 331 334 342 353 354 347 353 363 381 397 391 400 400 405 409 418 426 445 432 435 445 446 455 458 462 469 471 477 479 480 486 494 497 503 512 523 538 544 544 548 540 545 542 552 592 599 631 650 657 666 669 674 666 649 644 655 627 618 633 637 625 624 620 627 642 659 669 683 709 743 776 794 804 812 820 827 828 837 845 853 861 869 876 883 890 897 904 912 920 929 938 947 
695 696 698 699 701 702 704 705 706 708 709 710 711 707 702 696 689 683 675 668 660 652 644 636 628 622 617 614 614 618 625 638 657 684 743 774 781 810 897 882 840 798 703 615 565 536 512 485 466 435 425 406 383 367 360 359 360 358 341 333 328 329 330 338 350 358 367 365 357 358 356 344 338 338 347 351 345 340 332 322 303 298 296 297 309 323 314 323 329 322 313 305 295 296 288 289 287 292 309 307 305 310 316 320 310 310 301 298 290 289 277 267 259 257 261 268 274 279 283 284 279 283 288 290 287 282 286 284 282 277 273 264 254 244 233 236 244 253 262 270 276 280 282 282 282 281 280 280 281 282 283 285 288 290 293 296 299 302 305 307 309 310 311 311 310 310 309 308 307 307 306 305 305 305 304 304 304 304 305 305 305 306 306 307 307 308 309 309 310 311 312 313 314 315 316 317 318 319 320 321 322 322 323 323 322 321 319 317 314 311 316 314 298 294 291 287 295 292 283 280 308 338 335 326 322 312 300 285 268 249 256 276 264 268 285 274 268 243 241 251 267 287 281 270 251 236 253 256 270 269 252 244 246 302 310 271 255 336 362 389 319 303 345 360 321 277 263 245 237 250 266 279 278 261 244 245 290 271 274 253 242 242 235 222 216 216 223 227 231 234 235 234 233 233 234 236 239 245 250 259 261 267 272 274 277 277 278 282 280 284 287 290 294 297 294 294 311 311 304 307 311 315 319 322 327 332 333 340 347 362 351 354 364 392 394 389 402 398 401 409 428 426 435 433 434 440 445 457 457 472 472 477 477 480 488 492 500 502 509 517 527 556 548 546 544 547 555 548 560 571 603 627 647 660 668 669 667 667 667 658 675 642 637 664 644 634 627 627 622 650 667 683 708 739 761 778 792 803 809 819 828 837 846 854 862 869 876 883 890 896 903 910 918 926 934 942 951 
700 702 703 705 706 707 709 710 711 713 714 715 716 717 712 705 699 692 684 676 668 659 651 643 635 628 624 621 621 625 634 649 669 702 743 780 783 816 867 849 821 764 706 611 561 530 503 491 479 456 441 425 399 377 368 361 362 361 347 340 331 325 334 345 352 362 372 376 368 366 368 352 335 334 346 352 353 344 328 316 307 305 307 309 317 323 326 325 325 314 315 314 297 296 296 295 291 299 309 316 322 321 321 325 323 313 313 316 303 297 291 280 272 267 271 277 283 289 293 296 290 285 302 306 301 296 299 294 286 266 245 234 233 237 244 251 259 267 275 282 287 291 294 295 295 295 295 295 296 297 298 300 302 304 307 309 312 314 316 318 320 321 321 322 321 321 320 320 319 318 318 317 317 317 316 316 316 316 317 317 317 317 318 318 319 319 320 321 322 323 323 324 325 326 327 328 329 330 331 332 332 333 333 332 332 331 329 327 325 322 319 315 311 308 305 301 299 296 296 298 311 345 346 339 331 322 313 307 293 279 260 252 260 272 281 264 255 252 275 279 276 303 307 280 264 258 252 257 265 269 246 248 250 287 356 290 248 324 374 402 374 339 355 364 316 306 296 271 253 261 265 271 268 257 246 250 260 247 251 242 234 228 220 216 214 215 217 219 223 229 232 232 232 232 231 234 242 252 255 258 262 268 272 278 281 282 283 287 283 286 287 290 297 298 294 301 315 309 304 307 313 317 322 323 332 335 340 344 345 353 353 359 373 386 384 393 397 402 394 406 424 421 431 440 439 436 440 451 457 467 467 476 476 490 496 498 503 509 515 523 534 559 552 552 551 556 575 558 575 584 609 637 645 655 663 666 663 663 661 660 663 656 661 662 642 623 629 630 637 647 658 672 705 755 766 777 787 801 818 826 837 846 855 862 870 877 883 890 896 903 909 916 923 931 938 946 954 
705 707 708 710 711 712 714 715 716 718 719 720 721 722 722 716 709 702 694 686 677 668 659 650 642 635 629 626 627 631 640 655 676 708 747 778 775 804 850 818 792 736 685 590 555 523 513 505 492 472 449 438 415 394 382 366 360 365 359 342 337 332 331 335 344 349 360 373 378 371 371 352 334 330 334 337 348 343 324 314 317 317 319 325 323 315 316 313 320 311 311 314 304 310 315 309 299 302 311 325 336 338 337 331 333 327 322 324 319 306 295 290 287 285 290 291 298 305 308 308 299 293 315 318 315 305 299 282 255 239 237 241 247 253 260 267 274 281 288 294 299 302 305 307 308 308 308 309 310 311 312 314 315 317 320 322 324 326 328 330 331 332 332 333 333 332 332 331 331 330 330 329 329 329 328 328 328 328 328 329 329 329 330 330 331 331 332 332 333 334 335 336 337 337 338 339 340 341 342 342 343 343 343 343 342 341 340 338 336 333 330 327 324 321 318 315 313 310 317 348 353 364 364 357 350 346 332 324 314 307 288 267 268 279 296 282 266 275 300 293 290 309 320 291 268 260 249 256 250 250 240 261 281 277 356 312 244 327 347 417 373 377 382 401 353 340 354 304 284 300 288 275 264 260 251 245 241 242 245 244 246 228 219 216 215 216 218 222 223 227 229 230 235 232 231 237 249 255 256 258 264 268 273 279 281 281 282 283 282 288 292 293 298 306 302 305 317 310 310 315 319 321 327 329 336 339 347 353 350 366 373 379 382 388 391 385 402 397 389 408 418 416 422 425 429 434 441 448 454 460 468 478 478 483 490 498 506 515 519 527 537 555 558 556 562 560 571 566 581 610 601 634 649 657 663 667 660 655 662 656 663 674 667 650 629 620 624 635 638 646 656 657 675 730 767 781 793 807 823 836 847 855 863 870 877 884 890 896 902 908 915 921 928 935 942 950 958 
710 711 713 714 716 717 719 720 721 723 724 725 726 727 728 727 720 713 705 697 688 678 669 659 650 641 635 631 630 634 643 657 678 707 748 773 764 793 819 792 750 705 674 599 562 540 524 510 497 491 473 450 429 409 387 376 372 367 363 352 352 345 343 340 351 350 355 365 369 361 359 349 338 331 337 343 341 338 327 313 310 319 317 324 325 317 313 314 320 321 313 315 316 325 334 320 306 307 312 320 331 342 348 345 348 344 339 337 332 321 309 306 306 306 307 310 315 323 326 326 315 300 315 314 307 294 274 252 247 249 253 258 264 269 276 282 288 295 301 306 310 314 317 319 320 321 322 322 323 324 326 327 329 330 332 334 336 338 339 341 342 343 343 344 344 344 343 343 342 342 342 341 341 341 340 340 340 340 340 340 341 341 341 342 342 343 343 344 345 345 346 347 348 348 349 350 351 351 352 353 353 353 353 353 352 351 350 348 346 344 342 339 336 334 331 329 326 323 329 361 369 371 372 366 362 362 351 339 329 323 312 287 286 286 291 299 288 289 316 318 319 324 335 304 272 255 257 260 259 259 240 257 283 262 291 321 249 305 332 393 396 391 386 413 385 341 353 330 318 320 299 275 265 271 273 263 246 246 236 236 232 222 220 217 217 218 221 225 225 227 228 230 233 231 236 243 257 260 264 260 264 268 272 277 281 280 281 283 288 292 297 301 311 310 304 303 307 309 313 317 323 324 328 334 342 341 346 351 351 365 379 386 377 389 392 396 391 400 393 407 419 415 417 422 424 431 440 451 452 461 466 480 478 477 490 501 506 517 525 534 543 561 569 582 564 568 569 572 592 613 603 616 641 649 653 657 659 654 652 644 647 654 656 634 618 618 624 630 641 649 669 683 698 740 780 798 811 824 837 848 857 865 872 878 884 890 896 902 907 913 919 926 932 939 946 953 961 
715 716 718 719 721 722 724 725 726 727 728 730 730 731 732 733 732 725 717 709 699 689 679 669 658 648 640 635 633 635 642 655 674 700 747 764 750 758 764 745 714 685 649 605 576 549 527 508 493 492 469 443 421 399 388 388 375 360 363 353 351 341 340 343 360 366 359 362 360 354 359 357 349 335 334 333 336 343 341 327 318 317 318 320 326 328 328 328 329 336 326 327 335 342 339 320 313 315 322 332 338 348 362 361 362 357 356 360 356 345 332 340 334 329 328 333 334 342 342 337 317 287 277 271 267 263 260 261 264 267 271 276 281 286 291 297 303 308 314 318 323 326 329 331 332 334 335 336 337 338 339 340 342 343 345 346 348 350 351 352 353 354 355 355 355 355 355 354 354 354 353 353 353 352 352 352 352 352 352 352 352 352 353 353 354 354 355 355 356 357 357 358 359 359 360 361 362 362 363 363 363 363 363 363 363 362 361 359 357 355 353 351 349 346 344 342 339 336 338 359 378 376 378 377 377 374 366 349 337 321 310 309 319 315 299 306 303 301 319 333 339 332 321 297 273 268 276 262 260 277 253 248 260 268 245 261 234 289 331 400 403 392 400 412 402 356 348 340 324 317 321 281 271 297 308 277 244 233 229 227 223 221 219 218 219 221 226 228 228 230 234 235 232 237 239 245 258 263 264 265 266 268 279 282 281 279 282 287 303 299 300 307 312 305 301 305 311 311 314 316 323 326 330 338 342 346 350 355 356 360 375 400 398 374 384 380 395 398 403 401 410 410 414 417 427 435 438 447 453 462 460 465 473 479 497 502 505 517 527 539 548 561 576 587 578 576 573 577 606 622 611 613 630 640 642 650 660 651 642 626 626 636 647 637 620 622 624 634 644 657 684 702 736 782 815 830 840 848 856 863 869 875 880 886 891 896 901 907 912 918 924 930 936 943 949 956 963 
719 721 723 724 725 727 728 730 731 732 733 734 735 736 737 737 738 738 730 722 712 702 691 680 668 656 646 638 634 634 640 650 666 688 739 758 735 748 728 700 676 655 630 597 565 541 514 501 482 473 438 421 411 394 395 392 363 351 353 361 353 342 341 352 357 374 371 362 356 354 361 360 348 336 334 336 345 345 346 347 344 341 338 336 342 348 349 347 343 343 337 342 351 346 328 316 321 326 337 351 352 357 366 368 370 371 377 381 372 361 359 366 353 350 350 355 357 354 347 321 286 269 268 270 272 274 276 279 282 285 289 293 297 302 307 312 317 322 327 331 335 338 341 343 345 346 347 348 350 351 352 353 354 356 357 359 360 361 363 364 364 365 366 366 366 366 366 366 365 365 365 364 364 364 364 364 364 363 364 364 364 364 364 365 365 366 366 367 367 368 368 369 370 370 371 372 372 373 373 373 373 373 373 373 373 372 371 370 368 367 365 363 361 359 357 354 352 349 347 357 377 393 374 388 390 386 370 358 352 343 328 321 317 311 305 300 306 308 312 325 339 337 314 292 274 276 273 261 259 293 278 268 256 248 215 222 235 267 356 387 421 399 411 414 415 401 382 345 314 305 299 281 276 304 286 257 242 236 234 230 226 224 223 222 225 228 233 237 235 235 243 245 245 249 246 249 255 263 262 269 270 270 281 282 278 280 288 296 300 296 304 310 306 302 304 315 317 312 316 319 322 325 331 337 342 348 353 358 362 364 367 388 390 371 371 377 383 396 406 400 408 410 415 422 429 437 434 446 452 459 458 460 470 477 487 496 510 517 526 540 551 565 575 583 579 576 582 581 603 618 614 628 624 635 649 651 652 648 643 629 624 621 620 622 621 624 626 635 649 667 687 727 781 829 860 866 870 872 874 877 880 884 888 892 896 901 906 911 916 922 927 933 939 946 952 959 966 
724 726 727 729 730 732 733 734 735 737 738 739 739 740 741 741 742 742 742 737 727 717 706 693 680 667 654 643 636 634 637 645 657 676 721 754 729 713 697 665 640 621 611 595 571 541 517 505 466 441 413 401 401 395 391 377 359 347 352 361 356 344 344 362 358 374 383 373 355 349 353 356 353 346 339 344 354 347 346 355 367 369 365 366 370 377 367 361 363 363 356 354 354 350 339 327 332 340 349 359 364 369 376 383 389 392 394 396 391 382 381 377 373 375 376 371 371 366 339 302 284 285 286 288 290 292 295 297 300 303 306 310 314 318 323 327 332 336 340 344 348 351 353 355 357 359 360 361 362 363 364 365 367 368 369 370 371 372 374 374 375 376 377 377 377 377 377 377 377 377 376 376 376 375 375 375 375 375 375 375 375 376 376 376 377 377 377 378 378 379 380 380 381 381 382 382 383 383 383 383 384 384 383 383 383 382 381 381 379 378 376 375 373 371 369 367 364 362 359 356 366 390 381 379 379 378 372 364 362 368 349 330 319 313 310 305 321 324 315 332 338 346 334 329 295 290 280 270 281 312 275 276 246 215 217 232 260 309 354 372 412 408 425 441 429 443 416 339 301 288 262 245 250 270 261 245 240 241 239 238 236 234 233 231 233 237 237 244 244 241 242 242 249 247 250 252 256 261 262 269 273 272 278 276 279 282 290 298 292 296 306 304 302 304 319 319 316 316 319 322 325 328 332 339 342 347 351 357 361 363 363 368 371 372 377 383 391 395 399 399 408 413 415 427 430 436 444 453 449 455 463 466 472 479 488 497 508 518 530 541 561 575 585 587 579 580 585 601 616 623 624 632 625 633 637 651 663 645 641 641 640 633 626 620 623 619 626 638 652 678 693 760 821 878 891 899 896 892 889 888 889 891 894 897 901 905 910 915 920 925 930 936 942 948 955 961 968 
729 730 732 733 735 736 737 739 740 741 742 743 744 744 745 746 746 746 746 746 744 734 722 710 695 680 664 650 640 635 635 641 652 669 721 751 716 689 660 631 607 600 587 569 558 543 511 492 456 433 421 398 388 385 383 370 359 364 364 359 367 353 344 362 362 361 374 369 352 351 351 353 359 354 353 352 357 354 365 378 392 391 388 395 392 391 387 385 389 384 378 372 368 363 357 351 355 365 373 383 381 386 397 364 361 360 356 351 344 343 396 393 397 354 357 334 389 368 340 307 303 304 306 307 309 311 313 315 318 321 324 327 331 334 338 342 346 350 354 357 361 363 366 368 370 371 372 373 374 375 376 377 378 379 380 382 383 384 384 385 386 387 387 388 388 388 388 388 388 388 388 387 387 387 387 387 387 387 387 387 387 387 387 388 388 388 389 389 390 390 391 391 392 392 392 393 393 393 393 394 394 394 393 393 393 392 392 391 390 389 388 386 385 383 381 379 377 374 372 369 366 366 358 355 365 380 387 382 377 378 365 347 335 329 321 308 328 325 324 358 350 348 347 357 335 322 299 285 300 307 292 294 235 217 230 248 305 350 368 380 399 421 446 457 443 458 437 382 301 272 251 222 223 238 242 236 239 243 244 245 243 239 238 238 240 243 245 247 249 241 240 247 256 251 260 255 258 263 267 276 277 273 274 274 280 286 292 296 295 298 301 302 307 309 315 317 318 320 324 328 332 333 336 343 349 353 357 358 361 362 363 365 368 375 380 387 400 391 395 401 421 412 415 425 436 445 448 455 459 461 467 472 477 481 490 499 511 519 528 540 560 577 576 583 584 589 596 631 643 630 632 633 625 626 632 648 660 655 642 643 651 638 627 620 618 618 624 638 657 686 714 773 834 877 909 914 908 902 898 896 895 896 898 901 905 909 913 917 922 927 933 939 944 950 957 963 969 
733 735 736 738 739 741 742 743 744 745 746 747 748 749 749 750 750 750 750 749 749 748 742 730 715 698 680 663 649 640 638 641 652 678 754 725 691 671 642 628 592 583 571 561 549 527 506 484 465 446 427 400 391 397 389 374 368 366 363 364 371 365 349 359 367 357 357 359 352 346 349 357 359 364 372 367 358 371 387 395 415 411 407 416 410 402 401 405 405 406 406 403 398 397 395 393 396 399 374 378 370 369 369 366 364 361 357 354 351 349 347 349 357 357 344 338 329 381 345 323 323 324 326 327 328 330 332 334 336 338 341 344 347 350 354 357 361 364 368 371 374 376 378 380 381 383 384 385 386 387 388 389 390 391 392 393 394 395 395 396 397 397 398 398 399 399 399 399 399 399 399 399 399 398 398 398 398 398 398 398 398 398 399 399 399 400 400 326 328 329 331 332 334 336 337 339 341 343 345 348 350 352 355 357 360 363 366 368 371 374 399 398 396 395 393 391 389 387 384 382 378 374 370 365 360 362 389 402 398 392 374 358 352 343 334 326 326 329 337 352 349 361 376 389 377 350 323 291 301 308 287 269 228 229 241 254 291 348 373 395 404 431 465 452 456 469 452 438 360 266 238 218 206 215 223 228 239 247 251 250 248 244 242 244 244 248 252 250 250 245 248 257 262 260 261 260 262 269 272 279 281 281 276 275 279 287 294 306 308 303 307 308 314 315 314 316 319 322 325 331 335 337 341 347 352 356 360 365 368 369 372 373 370 369 377 390 395 399 398 399 413 416 416 424 439 453 451 454 459 461 467 479 478 483 491 508 511 520 529 545 558 569 590 600 595 598 606 616 629 634 635 638 627 626 622 632 653 648 638 638 646 631 624 621 621 614 621 635 657 687 727 780 823 867 897 907 906 902 899 898 897 899 901 903 907 911 915 919 924 929 935 940 946 952 958 964 971 
737 739 741 742 744 745 746 747 749 750 751 752 752 753 753 754 754 754 753 753 752 751 749 748 740 724 705 687 673 656 647 647 661 714 718 693 655 645 636 620 599 582 571 556 542 521 503 483 463 444 425 415 414 424 415 393 397 393 388 378 379 362 351 355 367 361 356 357 358 348 349 358 367 378 389 384 370 381 403 412 435 429 426 430 431 427 412 412 419 429 422 416 411 403 399 396 392 388 380 379 378 375 376 375 373 366 366 363 360 359 355 357 351 357 346 339 331 392 355 344 344 345 346 347 348 349 350 352 354 356 358 361 364 367 370 373 376 379 382 384 386 388 390 392 393 395 396 397 286 285 285 285 285 286 286 287 288 289 290 291 293 294 296 298 300 302 304 305 307 309 311 312 314 315 317 318 319 320 322 323 324 325 326 327 329 330 331 332 334 335 337 339 340 342 344 346 348 350 352 355 357 359 362 364 367 370 372 375 378 381 384 387 389 392 395 397 399 399 397 394 392 388 385 381 376 371 394 415 405 401 386 371 363 356 352 347 340 344 347 377 370 385 401 382 360 334 326 317 292 296 281 255 232 240 250 258 274 328 365 407 407 428 447 456 462 471 469 472 369 263 224 212 203 205 213 225 237 251 259 256 253 250 244 249 251 251 255 254 254 255 253 256 256 259 266 263 264 268 274 281 280 281 279 276 281 289 301 313 306 302 308 314 318 320 319 319 321 325 329 333 336 339 344 348 353 358 361 365 369 367 370 376 377 379 392 383 396 406 397 407 406 413 416 424 435 449 453 456 460 462 469 479 478 481 491 517 515 525 537 554 566 578 590 594 601 604 605 610 620 628 634 641 631 632 627 626 630 635 638 620 630 630 620 615 610 607 615 628 651 677 715 757 801 841 870 886 892 894 894 895 896 898 901 904 907 912 916 921 926 931 936 942 948 953 959 966 972 
742 743 745 746 748 749 751 752 753 754 755 756 756 757 757 758 758 757 757 756 755 754 752 750 747 744 740 730 750 702 671 663 696 711 702 677 667 660 652 631 609 587 570 553 540 523 509 488 474 451 438 445 440 445 440 413 422 419 403 390 386 372 358 356 365 368 364 365 360 350 356 369 379 390 399 395 379 386 413 425 434 442 452 451 453 456 438 433 444 436 428 422 417 410 404 402 400 391 387 385 383 382 379 376 375 374 370 369 369 361 369 362 365 357 350 342 322 320 371 366 366 366 366 367 367 368 369 370 372 374 376 378 380 383 385 388 390 392 395 397 298 297 296 295 295 294 293 293 292 292 292 292 292 292 293 293 294 295 296 298 299 301 302 304 306 307 309 311 313 314 316 318 319 320 322 323 325 326 327 328 330 331 332 333 335 336 337 339 340 342 343 345 347 349 351 353 355 357 359 361 364 366 369 371 374 376 379 382 385 387 390 393 396 398 401 403 405 407 408 407 405 402 399 396 392 390 402 419 413 410 407 393 379 370 373 370 361 350 352 363 374 397 410 404 382 379 353 300 279 282 274 242 240 250 257 263 275 318 351 419 407 423 450 460 454 462 470 457 369 267 230 210 203 205 211 222 233 251 262 258 250 248 245 250 256 256 259 264 258 259 254 252 256 264 269 266 271 272 278 282 278 278 279 282 288 296 306 302 302 304 305 312 318 324 319 321 324 328 330 333 337 342 345 350 355 360 363 367 368 368 371 372 379 385 392 381 387 400 398 406 426 419 419 425 435 444 449 456 461 465 473 482 477 478 496 514 520 534 545 561 577 580 598 600 609 612 610 613 616 632 637 643 639 641 632 641 644 636 655 618 619 622 615 614 607 603 607 618 640 663 694 735 773 810 840 860 873 880 885 888 892 895 899 903 907 911 916 921 926 932 937 943 948 954 960 967 973 
746 748 749 751 752 754 755 756 757 758 759 760 761 761 762 762 762 761 761 760 759 757 755 753 749 745 741 735 759 746 730 716 718 719 706 688 687 667 657 644 625 602 573 553 544 534 519 497 482 465 454 452 459 459 443 423 421 416 403 388 383 383 376 362 363 363 365 368 366 360 373 392 395 399 410 409 392 386 424 438 438 444 452 458 459 456 455 460 451 441 431 425 419 412 409 406 403 394 392 391 391 388 387 384 378 377 373 370 371 367 368 365 362 356 350 345 329 397 390 388 387 387 387 387 387 387 388 389 390 391 393 394 396 398 309 308 308 307 306 305 304 303 302 302 301 300 300 299 299 299 298 298 299 299 299 300 301 302 303 304 305 307 308 310 311 313 315 316 318 320 321 323 324 326 327 329 330 331 333 334 335 337 338 339 341 342 343 345 346 348 350 351 353 355 357 359 361 363 366 368 370 373 375 378 380 383 386 388 391 394 397 399 402 404 407 409 411 412 414 415 415 415 415 414 408 404 410 408 403 417 414 406 387 377 373 367 362 358 357 356 358 382 397 391 392 365 324 273 271 274 256 243 251 260 265 280 320 353 365 416 391 385 453 507 505 485 464 450 348 264 231 216 210 210 213 218 226 239 246 246 242 242 248 258 261 259 262 263 262 258 257 256 262 269 264 267 277 282 282 283 278 277 283 291 296 309 308 299 302 307 314 320 329 322 319 321 324 329 331 334 339 343 346 351 356 361 365 365 365 367 367 376 385 391 393 382 385 389 413 408 418 420 418 426 435 445 455 458 468 471 475 482 475 475 497 510 527 550 560 567 587 612 609 603 606 609 610 620 626 632 634 639 642 636 638 646 649 654 648 617 614 612 616 616 605 601 602 605 619 638 670 705 744 781 811 835 852 864 873 879 885 890 895 900 905 910 916 921 926 932 937 943 949 955 961 967 973 
750 752 753 755 756 758 759 760 761 763 763 764 765 765 766 766 766 765 765 764 762 761 759 756 752 748 743 737 763 754 745 737 735 726 710 702 699 684 690 680 654 615 576 551 549 545 531 507 493 484 479 461 469 465 444 437 418 407 397 390 386 391 384 371 376 373 370 376 382 384 395 414 420 422 416 413 396 394 433 440 444 451 455 458 460 459 438 436 432 427 421 416 410 405 400 395 405 386 382 399 399 392 391 386 380 376 377 368 352 369 371 370 363 358 340 338 337 335 333 332 331 329 328 327 326 324 323 322 321 320 319 318 317 316 316 315 314 313 312 311 310 309 309 308 307 307 306 306 305 305 305 305 305 306 306 307 307 308 309 310 312 313 314 316 317 319 321 322 324 325 327 328 330 331 333 334 336 337 338 340 341 342 344 345 346 348 349 351 353 354 356 358 360 362 363 366 368 370 372 374 377 379 382 384 387 389 392 395 398 400 403 405 408 410 413 415 417 418 419 420 421 421 421 421 420 414 409 409 411 407 420 406 390 383 376 369 372 364 360 356 344 345 364 349 345 325 289 251 240 241 245 253 262 270 285 332 358 369 390 438 369 365 437 509 548 530 481 444 350 278 245 228 221 218 217 217 218 219 221 228 233 237 248 256 261 263 265 266 268 259 262 263 268 272 268 271 282 282 278 278 278 286 293 301 306 315 306 297 301 307 316 329 335 322 320 322 325 328 334 336 341 343 348 352 357 362 367 365 366 368 371 376 385 390 395 381 388 392 405 405 418 412 416 427 437 452 457 463 468 474 476 482 477 476 496 505 520 543 570 594 611 617 617 611 601 602 609 619 618 613 630 627 640 645 644 653 660 657 643 617 614 616 620 615 607 602 601 598 601 613 639 680 719 755 787 812 832 848 860 869 877 884 891 897 903 908 914 920 926 932 937 943 949 955 961 968 974 
754 756 758 759 761 762 763 765 766 767 768 768 769 770 770 770 770 769 769 768 766 765 762 760 756 752 747 742 761 757 747 745 736 731 721 713 729 730 713 709 684 629 566 559 559 549 540 526 509 500 496 478 474 471 449 435 414 398 388 380 378 388 386 383 397 396 390 390 407 422 427 422 431 439 437 419 419 429 432 435 439 442 444 446 448 448 446 444 440 436 431 425 420 415 410 405 400 396 391 407 401 380 377 374 371 368 366 363 361 358 383 354 352 350 348 346 344 342 341 339 338 336 335 334 332 331 330 329 328 327 326 325 324 323 322 321 320 319 318 317 317 316 315 314 314 313 313 312 312 312 312 312 312 312 313 313 314 315 316 317 318 319 320 322 323 325 326 328 329 331 333 334 335 337 338 340 341 343 344 345 347 348 350 351 352 354 356 357 359 360 362 364 366 368 370 372 374 376 379 381 383 386 388 391 393 396 398 401 404 406 409 411 414 416 418 420 422 424 425 426 427 427 427 427 426 424 417 408 400 414 410 414 401 393 382 376 374 369 368 375 351 335 338 315 292 258 238 234 238 245 253 262 271 283 332 363 368 376 406 437 385 364 411 495 552 532 503 453 381 309 266 245 236 232 228 221 213 205 204 212 226 236 248 253 256 262 267 267 266 265 267 268 272 271 272 273 281 278 278 285 290 290 296 313 324 314 307 305 308 312 315 323 324 323 321 324 327 329 335 338 341 345 350 353 357 362 365 364 368 369 366 372 380 388 395 381 386 393 395 401 414 411 414 422 436 446 451 465 470 476 478 482 485 487 496 503 515 544 585 601 616 612 612 607 599 601 595 599 599 612 612 616 630 637 642 645 655 636 657 640 620 624 628 628 617 607 598 592 594 601 619 662 700 735 767 794 815 833 847 859 869 878 886 893 900 906 912 919 925 931 937 943 949 955 962 968 974 
758 760 762 763 765 766 767 769 770 771 772 773 773 774 774 774 774 774 773 772 771 769 767 764 761 757 753 747 765 759 752 747 741 738 733 736 751 752 745 739 709 631 570 564 567 564 547 531 518 515 505 497 476 453 433 425 398 379 368 370 372 378 388 404 419 426 428 426 427 440 444 445 443 443 447 436 439 442 444 447 450 452 454 456 456 456 455 452 449 444 440 435 429 424 419 414 410 405 401 397 393 390 386 383 380 377 374 372 369 367 364 362 360 358 355 354 352 350 348 347 345 343 342 341 339 338 337 336 335 333 332 331 330 329 328 327 326 325 325 324 323 322 321 321 320 320 319 319 318 318 318 318 318 319 319 320 320 321 322 323 324 325 327 328 329 331 332 334 335 337 338 340 341 343 344 345 347 348 350 351 353 354 355 357 358 360 362 363 365 367 368 370 372 374 376 378 380 383 385 387 390 392 394 397 400 402 405 407 410 412 415 417 420 422 424 426 428 429 431 432 433 433 433 433 433 432 426 417 405 396 418 429 419 409 393 385 384 376 374 388 344 326 310 278 247 237 238 242 247 253 261 269 277 309 362 368 372 389 428 387 402 381 407 458 498 507 514 492 406 337 281 257 250 248 248 237 222 207 203 215 229 241 250 256 260 261 264 263 265 271 265 266 271 272 272 274 276 276 282 293 298 299 311 321 321 312 311 314 314 318 321 328 322 321 324 326 330 331 337 340 343 347 351 354 357 357 360 363 363 363 367 376 381 391 400 382 386 392 391 396 417 412 412 419 428 443 446 458 467 476 481 484 487 492 496 500 507 533 566 581 602 605 608 600 604 596 592 611 598 615 620 618 622 621 629 641 648 648 621 621 625 631 639 643 637 618 598 591 600 600 625 655 689 722 753 779 802 821 836 850 861 871 880 889 896 903 910 917 924 930 936 943 949 955 961 968 974 
762 764 766 767 769 770 772 773 774 775 776 777 778 778 778 779 778 778 778 777 775 774 772 769 766 763 759 754 749 766 758 756 755 752 754 754 766 766 764 756 738 695 618 594 600 576 551 542 529 523 501 483 479 450 421 411 392 370 359 360 366 383 404 424 439 444 440 451 452 457 458 465 464 461 448 451 453 455 457 459 461 463 464 465 465 464 463 460 457 453 448 444 439 434 429 424 419 415 411 406 403 399 395 392 389 386 383 380 377 375 372 370 368 365 363 361 359 357 356 354 352 351 349 348 346 345 344 342 341 340 339 338 337 336 335 334 333 332 331 330 329 329 328 327 327 326 326 325 325 325 325 325 325 325 326 326 327 328 328 329 330 332 333 334 335 337 338 340 341 342 344 345 347 348 350 351 353 354 355 357 358 360 361 363 364 366 368 369 371 373 375 376 378 380 382 385 387 389 391 393 396 398 401 403 406 408 411 413 416 418 421 423 426 428 430 432 433 435 436 437 438 439 439 439 438 438 436 427 416 404 412 446 443 429 412 406 402 391 392 373 335 304 261 244 242 244 246 250 255 260 267 273 284 327 374 386 395 411 384 361 382 376 379 444 485 491 510 495 437 346 291 262 256 259 264 260 247 228 221 226 237 245 250 258 263 261 270 277 268 263 262 261 265 270 271 274 276 280 286 293 295 303 320 314 314 311 311 310 321 321 320 326 322 322 325 326 331 333 338 341 345 349 352 353 353 355 357 358 358 360 366 376 385 394 381 382 383 386 389 392 407 412 413 419 428 439 448 463 472 479 487 489 493 498 502 504 517 537 558 571 587 597 593 602 602 590 586 604 594 610 630 634 640 631 621 629 631 629 620 625 634 643 650 656 660 641 632 629 604 613 631 657 686 715 743 769 791 810 827 842 854 865 875 884 893 901 908 915 922 929 935 942 948 955 961 967 974 
766 768 770 771 773 774 776 777 778 779 780 781 782 782 783 783 783 783 782 781 780 779 777 775 772 769 766 762 758 775 767 765 763 766 766 767 775 779 783 772 752 716 638 618 624 585 564 544 529 522 498 476 467 440 418 402 382 364 362 369 373 400 429 439 439 443 459 475 474 474 474 476 476 474 464 465 467 468 470 471 472 473 474 474 474 473 471 468 465 461 457 452 448 443 438 433 429 424 420 416 412 408 404 401 398 394 391 388 386 383 380 378 375 373 371 369 367 365 363 361 359 358 356 355 353 352 351 349 348 347 346 344 343 342 341 340 339 338 337 337 336 335 334 334 333 333 332 332 332 331 331 331 332 332 332 333 333 334 335 336 337 338 339 340 341 343 344 345 347 348 350 351 352 354 355 357 358 360 361 363 364 366 367 369 370 372 374 375 377 379 381 383 385 387 389 391 393 395 397 400 402 404 407 409 412 414 417 419 422 424 427 429 431 433 435 437 439 441 442 443 444 444 445 445 444 444 442 437 427 417 425 430 448 441 432 430 438 425 394 364 336 285 246 246 248 251 254 257 262 266 271 276 300 352 382 409 418 391 340 312 341 358 370 421 466 467 499 473 458 383 305 264 259 264 272 289 289 262 243 238 242 244 250 256 266 267 279 285 279 267 265 264 263 267 269 274 280 286 290 292 292 312 316 308 315 314 313 309 317 317 320 321 321 322 324 327 332 338 341 342 345 349 352 352 354 357 356 358 358 359 368 380 391 399 383 383 384 385 388 390 397 405 413 421 430 445 451 461 469 475 487 493 499 517 517 513 524 538 562 578 579 587 584 590 597 587 579 604 591 600 622 639 645 640 632 628 628 620 623 632 641 649 656 667 677 666 658 662 615 625 642 663 688 713 739 762 784 803 820 835 848 860 871 880 889 898 906 913 920 927 934 941 948 954 961 967 973 
770 772 774 775 777 778 780 781 782 783 784 785 786 787 787 787 788 787 787 786 785 784 783 781 779 776 774 771 768 765 762 759 757 777 776 775 788 799 790 784 768 738 667 640 633 605 579 554 550 540 516 496 482 464 449 429 396 382 389 392 410 430 435 435 437 458 493 496 495 494 493 493 491 491 480 481 481 482 483 483 484 484 484 484 483 481 479 477 473 470 465 461 456 452 447 442 438 433 429 425 421 417 413 410 406 403 400 397 394 391 388 386 383 381 379 377 374 372 370 369 367 365 363 362 360 359 357 356 355 353 352 351 350 349 348 347 346 345 344 343 342 341 341 340 340 339 339 338 338 338 338 338 338 338 339 339 340 340 341 342 343 344 345 346 347 349 350 351 353 354 355 357 358 360 361 363 364 365 367 368 370 371 373 375 376 378 380 381 383 385 387 389 391 393 395 397 399 401 403 406 408 410 413 415 418 420 423 425 428 430 432 435 437 439 441 443 445 446 447 448 449 450 450 450 450 450 449 447 439 429 421 438 460 465 452 443 466 461 420 354 309 262 252 254 256 258 261 264 268 272 276 279 293 362 418 435 406 361 290 284 331 354 367 408 431 446 464 462 469 445 327 265 260 273 274 302 312 293 274 269 262 250 248 256 264 268 272 272 271 276 276 274 271 274 275 284 291 295 296 299 298 306 310 307 312 314 316 312 312 316 320 320 322 324 329 332 335 338 341 344 347 350 351 353 355 357 357 358 359 365 375 386 397 385 385 386 385 386 386 390 399 409 417 425 432 441 451 460 471 481 488 496 506 513 516 526 529 540 555 576 582 583 588 587 593 583 587 600 599 601 618 636 652 652 637 628 621 617 622 633 639 650 662 675 684 679 673 631 630 640 653 671 692 714 737 759 779 798 814 830 843 855 867 877 886 895 903 911 919 926 933 940 947 954 960 967 973 
774 776 777 779 781 782 784 785 786 788 789 790 790 791 792 792 792 792 792 792 791 790 789 787 786 784 782 779 777 775 773 771 770 769 769 794 797 805 801 795 786 775 734 701 678 656 632 589 568 559 540 525 522 510 496 505 510 518 528 500 557 536 454 452 464 491 515 515 503 516 511 498 497 497 496 496 496 496 496 496 495 495 494 493 492 490 488 485 482 478 474 470 465 461 456 451 447 442 438 434 430 426 422 418 415 412 408 405 402 399 397 394 391 389 387 384 382 380 378 376 374 372 371 369 367 366 364 363 361 360 359 358 357 355 354 353 352 351 350 350 349 348 347 347 346 346 345 345 345 345 344 345 345 345 345 346 346 347 348 348 349 350 351 352 354 355 356 357 359 360 361 363 364 365 367 368 370 371 373 374 376 377 379 380 382 384 385 387 389 391 393 395 397 399 401 403 405 407 410 412 414 416 419 421 424 426 429 431 433 436 438 440 442 445 446 448 450 451 453 454 455 456 456 456 456 456 455 454 451 443 436 446 470 462 461 470 471 453 420 331 284 266 264 264 265 267 269 271 274 277 280 282 308 379 431 430 387 335 279 269 317 354 368 394 423 448 460 477 468 473 342 273 269 279 273 299 308 300 287 280 270 260 257 257 267 270 267 265 264 266 276 283 283 282 288 294 295 296 296 300 299 299 307 309 311 314 319 316 314 316 318 322 323 325 332 334 335 339 344 347 351 353 354 356 357 359 362 363 367 374 382 392 387 387 388 388 388 389 390 394 402 409 420 435 443 443 455 463 476 483 494 503 511 520 523 534 536 546 566 575 577 578 582 588 590 589 592 601 592 603 627 648 661 660 649 635 611 612 622 630 644 655 668 680 690 692 660 642 647 654 665 680 698 718 738 758 777 794 811 826 839 852 863 874 884 893 901 910 917 925 932 939 946 953 959 966 973 
778 780 781 783 785 786 788 789 790 792 793 794 795 796 796 797 797 797 797 797 796 796 795 794 793 791 790 788 787 785 784 783 783 782 782 783 812 806 811 811 807 796 785 774 760 726 694 655 628 588 562 552 552 550 532 509 497 482 480 494 516 492 489 499 515 523 531 532 527 523 520 518 516 514 513 512 511 510 509 508 507 506 505 503 502 499 497 494 490 487 483 478 474 469 465 460 456 451 447 443 439 435 431 427 424 420 417 414 411 408 405 402 399 397 394 392 390 387 385 383 381 380 378 376 374 373 371 370 368 367 366 364 363 362 361 360 359 358 357 356 355 354 354 353 353 352 352 351 351 351 351 351 351 351 352 352 353 353 354 355 356 356 357 358 360 361 362 363 364 366 367 368 370 371 373 374 376 377 378 380 382 383 385 386 388 390 391 393 395 397 399 401 403 405 407 409 411 413 415 418 420 422 425 427 430 432 434 437 439 441 444 446 448 450 452 454 455 457 458 459 460 461 462 462 462 462 461 460 459 458 456 467 469 469 473 486 477 454 393 335 297 287 278 276 276 276 277 278 280 282 284 296 325 384 427 423 373 303 272 275 310 358 380 400 417 428 443 489 512 494 372 294 278 274 271 290 298 297 291 285 276 272 271 265 269 270 265 264 265 266 275 283 294 298 298 298 295 296 297 303 303 302 306 312 312 314 316 317 320 320 320 323 328 330 332 334 339 343 347 349 353 356 356 357 360 363 365 368 372 379 388 397 391 391 391 392 393 394 396 400 407 414 422 433 443 447 454 463 473 481 496 507 516 524 531 545 551 555 563 575 576 575 582 586 594 591 602 607 599 600 621 649 660 659 646 627 613 612 620 630 642 658 674 682 696 694 666 656 660 665 675 689 705 722 740 759 776 793 809 823 837 849 861 871 881 891 900 908 916 924 931 938 945 952 959 965 972 
782 783 785 787 789 790 792 793 794 796 797 798 799 800 801 801 802 802 802 802 802 802 801 800 800 799 798 797 796 795 795 795 795 795 795 796 796 825 824 820 816 808 801 795 787 785 774 747 701 656 622 609 604 604 586 565 536 501 508 521 527 530 536 539 547 546 540 551 551 546 541 538 534 532 529 527 525 524 522 521 519 517 516 514 511 509 506 503 499 495 491 487 483 478 474 469 465 460 456 452 447 443 439 436 432 429 425 422 419 416 413 410 407 405 402 400 397 395 393 391 389 387 385 383 381 380 378 377 375 374 372 371 370 369 368 366 365 364 363 363 362 361 360 360 359 359 358 358 358 358 358 358 358 358 358 359 359 360 360 361 362 363 364 365 366 367 368 369 370 372 373 374 376 377 378 380 381 383 384 386 387 389 391 392 394 396 397 399 401 403 405 407 409 411 413 415 417 419 421 424 426 428 431 433 435 438 440 442 445 447 449 451 453 455 457 459 461 462 464 465 466 467 467 467 468 467 467 467 466 465 464 462 461 479 487 491 485 425 367 339 321 311 294 290 287 286 286 286 286 287 288 294 307 369 423 420 373 294 282 286 297 333 380 405 418 456 474 546 560 501 404 306 287 275 264 279 289 292 292 290 284 279 279 274 274 273 270 267 267 270 274 280 296 308 310 296 294 295 298 302 306 307 307 313 315 316 316 322 322 323 324 324 328 333 335 336 340 344 348 351 354 356 358 358 360 364 368 371 377 384 391 393 393 394 395 396 398 400 403 407 413 419 427 437 444 454 456 465 473 483 494 507 519 525 531 545 561 563 564 575 584 583 581 585 592 594 595 601 600 599 610 639 647 637 635 624 614 610 615 625 640 658 674 695 700 707 704 652 661 671 683 696 711 728 744 761 777 793 808 822 835 847 859 869 880 889 898 906 915 922 930 937 944 951 958 965 971 
785 787 789 791 792 794 796 797 799 800 801 802 803 804 805 806 807 807 807 808 808 808 807 807 807 806 806 806 805 805 805 805 806 807 807 808 808 808 833 827 823 820 817 810 811 809 806 803 779 742 720 713 695 671 661 656 651 616 570 569 568 569 572 563 561 561 561 569 574 568 562 557 553 549 546 543 540 538 535 533 531 529 526 524 521 518 515 512 508 504 500 496 491 487 482 478 473 469 464 460 456 452 448 444 440 437 433 430 427 424 421 418 415 412 410 407 405 402 400 398 396 394 392 390 388 387 385 384 382 381 379 378 377 375 374 373 372 371 370 369 368 368 367 366 366 365 365 364 364 364 364 364 364 364 365 365 365 366 367 367 368 369 370 371 372 373 374 375 376 378 379 380 382 383 384 386 387 389 390 392 393 395 396 398 400 401 403 405 407 409 411 412 414 416 419 421 423 425 427 429 432 434 436 439 441 443 446 448 450 452 455 457 459 461 463 464 466 468 469 470 471 472 473 473 473 473 473 473 472 472 471 470 469 489 493 494 492 436 374 348 333 332 311 303 299 297 295 294 293 293 292 292 303 374 426 419 378 305 293 298 305 317 370 421 430 534 569 591 583 526 409 310 294 274 259 281 290 290 294 296 293 288 284 282 281 277 270 268 274 273 273 278 292 306 309 296 297 298 298 303 310 313 313 315 317 322 321 320 320 321 323 328 331 334 336 338 341 345 349 353 354 356 358 360 362 366 370 375 381 388 394 395 396 397 399 401 403 405 409 414 419 425 432 440 447 453 460 468 475 484 494 507 517 520 531 541 554 576 571 581 586 586 586 598 591 596 593 596 603 596 602 613 624 623 624 623 610 601 613 628 649 672 691 712 722 730 652 651 663 677 691 704 719 733 749 764 779 794 808 821 834 846 858 868 878 888 897 905 914 921 929 936 944 951 958 964 971 
789 791 793 794 796 798 799 801 802 804 805 807 808 809 810 811 811 812 813 813 813 814 814 814 814 814 814 814 814 814 815 816 816 817 818 819 820 820 819 818 833 830 829 831 829 826 834 833 831 835 829 821 781 736 713 692 693 689 656 648 629 613 590 569 570 577 590 605 597 589 583 577 571 567 562 559 555 552 549 546 543 540 537 534 531 528 524 521 517 513 509 504 500 495 491 486 482 477 473 469 465 460 456 453 449 445 442 438 435 432 429 426 423 420 417 415 412 410 408 405 403 401 399 397 396 394 392 390 389 387 386 385 383 382 381 380 379 378 377 376 375 374 373 373 372 372 371 371 371 371 370 370 371 371 371 371 372 372 373 373 374 375 376 377 378 379 380 381 382 383 385 386 387 389 390 391 393 394 396 397 399 401 402 404 405 407 409 411 413 414 416 418 420 422 424 427 429 431 433 435 438 440 442 444 447 449 451 453 456 458 460 462 464 466 468 470 471 473 474 475 476 477 478 479 479 479 479 479 479 478 478 477 477 476 497 495 496 480 411 364 347 335 324 316 312 308 306 303 301 299 298 296 319 387 418 418 376 309 304 309 317 326 354 429 462 551 591 599 582 491 377 313 299 278 281 288 292 294 297 303 304 299 295 292 289 283 276 278 281 277 279 288 299 313 303 296 301 304 306 309 317 317 317 319 322 331 329 330 331 327 326 331 336 338 338 340 343 347 350 353 354 355 358 359 362 366 371 378 385 390 394 399 399 401 403 406 409 412 416 421 426 432 441 449 452 458 465 472 481 490 500 511 519 521 539 545 559 594 587 583 591 585 593 600 600 592 588 587 591 593 604 612 614 615 615 613 603 595 609 618 635 666 685 704 706 695 666 665 674 687 700 713 726 740 754 768 782 796 809 822 834 846 857 867 877 887 896 904 913 921 928 936 943 950 957 964 970 
792 794 796 798 800 802 803 805 806 808 809 811 812 813 814 815 816 817 818 818 819 819 820 820 821 821 821 822 823 823 824 825 826 828 829 830 831 832 832 831 830 829 827 846 847 847 850 852 854 862 873 877 865 808 774 749 744 742 732 716 692 660 636 612 613 620 630 629 619 610 602 595 589 583 578 574 570 566 562 558 555 551 548 545 541 537 534 530 526 522 517 513 508 504 499 495 490 486 482 477 473 469 465 461 457 453 450 446 443 440 437 434 431 428 425 422 420 417 415 413 411 408 406 404 403 401 399 397 396 394 393 391 390 389 387 386 385 384 383 382 381 381 380 379 379 378 378 377 377 377 377 377 377 377 377 378 378 379 379 380 380 381 382 383 384 385 386 387 388 389 391 392 393 394 396 397 399 400 402 403 405 406 408 410 411 413 415 417 418 420 422 424 426 428 430 432 434 437 439 441 443 445 448 450 452 454 457 459 461 463 465 468 470 471 473 475 477 478 480 481 482 483 484 484 485 485 485 485 485 485 484 484 482 483 483 482 481 490 419 378 359 346 336 329 324 320 317 316 325 322 324 313 339 398 420 412 347 311 314 319 327 336 368 444 525 602 602 600 552 451 340 309 308 294 289 296 303 303 307 308 312 308 307 307 301 297 289 286 286 285 293 302 310 308 302 303 309 314 315 317 322 324 323 327 333 332 329 333 333 330 332 333 337 340 340 343 345 348 351 353 354 356 357 359 362 365 372 381 387 394 397 399 402 405 407 410 412 415 421 427 433 438 447 455 460 465 472 476 484 496 504 505 510 527 546 551 562 595 602 595 595 596 611 596 598 589 585 587 585 586 587 607 603 613 605 603 596 594 603 607 624 654 674 680 692 695 682 684 690 700 711 723 735 747 760 773 786 799 811 823 835 846 857 867 877 886 895 904 912 920 928 935 942 949 956 963 970 
796 798 800 802 803 805 807 809 810 812 813 815 816 818 819 820 821 822 823 824 825 825 826 827 827 828 829 830 831 832 833 834 836 837 839 840 841 842 843 843 843 843 843 844 845 847 850 855 860 867 874 879 877 876 839 811 809 798 796 755 715 685 684 664 660 663 662 650 640 630 621 613 606 600 594 589 584 579 575 571 567 563 559 555 551 547 543 539 535 530 526 522 517 512 508 503 499 494 490 486 481 477 473 469 465 461 458 454 451 448 444 441 438 435 433 430 427 425 422 420 418 416 414 412 410 408 406 404 403 401 400 398 397 395 394 393 392 391 390 389 388 387 386 386 385 385 384 384 384 383 383 383 383 383 384 384 384 385 385 386 387 387 388 389 390 391 392 393 394 395 396 398 399 400 402 403 404 406 407 409 410 412 414 415 417 419 420 422 424 426 428 430 432 434 436 438 440 442 444 447 449 451 453 455 458 460 462 464 467 469 471 473 475 477 479 480 482 483 485 486 487 488 489 490 490 491 491 491 491 491 491 490 487 480 489 468 453 469 428 416 375 357 348 342 337 333 330 348 390 401 404 381 374 393 411 398 333 319 323 329 336 346 369 473 576 594 601 590 514 401 316 317 335 334 326 324 320 314 314 315 318 319 323 326 317 310 306 297 294 293 299 302 302 299 300 309 314 323 326 324 326 329 330 328 333 330 329 332 335 332 336 338 338 340 341 344 348 351 353 354 355 357 358 360 361 365 373 382 390 396 398 399 399 401 401 403 407 413 420 427 434 441 453 461 467 476 481 484 488 493 499 501 507 528 536 551 567 585 604 611 615 615 618 618 600 599 586 585 580 581 577 587 591 601 597 595 590 589 592 599 617 640 667 669 685 689 719 701 706 714 723 733 743 755 766 778 790 802 814 825 836 847 857 867 877 886 895 903 912 920 927 935 942 949 956 963 969 
799 801 803 805 807 809 811 812 814 816 817 819 820 822 823 824 826 827 828 829 830 831 832 833 834 835 836 837 838 840 841 843 844 846 848 850 851 853 854 855 856 857 858 859 862 864 868 873 879 885 891 895 893 885 873 857 851 839 815 772 746 726 715 708 704 696 683 670 659 649 639 631 623 616 609 603 598 592 587 583 578 574 570 565 561 557 552 548 544 539 535 530 526 521 516 512 507 503 498 494 490 485 481 477 473 470 466 462 459 455 452 449 446 443 440 437 435 432 430 427 425 423 421 419 417 415 413 411 409 408 406 405 403 402 401 400 398 397 396 395 395 394 393 392 392 391 391 390 390 390 390 390 390 390 390 390 391 391 392 392 393 393 394 395 396 397 398 399 400 401 402 404 405 406 407 409 410 412 413 415 416 418 419 421 423 424 426 428 430 432 434 436 437 440 442 444 446 448 450 452 454 457 459 461 463 465 468 470 472 474 476 478 480 482 484 485 487 489 490 491 492 493 494 495 496 496 497 497 497 497 497 496 494 484 472 458 441 428 410 408 387 368 363 356 351 347 346 381 421 441 436 410 387 392 406 386 332 328 333 338 345 355 389 516 579 595 598 547 467 391 341 342 352 357 342 336 328 322 325 329 332 334 339 338 330 325 319 310 310 303 302 303 306 301 300 313 325 331 340 334 332 332 333 329 334 333 330 333 335 334 341 341 344 343 343 346 348 351 353 355 357 359 359 360 364 368 375 382 391 397 398 398 397 396 396 397 402 410 418 426 434 441 458 467 476 484 491 493 497 508 506 513 510 516 535 560 578 598 611 623 622 624 624 624 613 609 596 578 573 573 572 583 585 594 594 592 588 588 589 592 623 639 666 676 691 716 708 714 720 726 734 742 752 762 773 784 795 806 817 828 838 848 858 868 877 886 895 903 911 919 927 934 941 948 955 962 969 
803 805 807 809 811 812 814 816 818 820 821 823 824 826 827 829 830 832 833 834 835 836 838 839 840 841 843 844 846 847 849 851 853 855 857 859 860 862 864 865 867 869 871 873 876 879 883 888 893 899 903 906 904 898 890 881 871 859 834 807 789 773 761 747 731 716 702 689 677 666 656 647 639 631 624 617 611 605 600 595 590 585 580 576 571 566 562 557 553 548 543 539 534 529 525 520 515 511 506 502 498 493 489 485 481 477 474 470 467 463 460 457 454 451 448 445 442 440 437 435 432 430 428 426 424 422 420 418 416 415 413 412 410 409 407 406 405 404 403 402 401 400 400 399 398 398 397 397 397 396 396 396 396 396 396 397 397 397 398 398 399 400 400 401 402 403 404 405 406 407 408 409 411 412 413 415 416 417 419 420 422 424 425 427 428 430 432 434 436 437 439 441 443 445 447 449 451 453 456 458 460 462 464 466 469 471 473 475 477 479 481 483 485 487 489 491 492 494 495 496 498 499 500 500 501 502 502 502 503 503 503 502 501 490 477 462 445 428 415 398 386 378 398 383 366 364 380 418 430 426 410 380 349 355 380 360 338 339 343 347 354 364 416 541 591 586 550 477 423 407 373 360 367 373 365 357 351 343 346 346 351 351 345 347 345 340 334 326 326 314 302 303 306 303 311 316 323 335 346 345 340 338 333 335 339 337 333 337 336 337 349 351 345 345 346 348 350 352 355 357 359 361 363 365 367 371 378 384 391 395 397 398 398 396 394 394 400 409 418 427 436 445 458 472 485 492 502 504 515 515 522 538 546 538 556 571 603 608 619 629 622 627 634 634 628 610 616 578 567 561 567 586 583 592 590 589 590 592 594 614 621 645 673 685 695 707 717 725 731 737 744 752 760 770 779 789 799 810 820 830 840 850 860 869 878 887 895 903 911 919 927 934 941 948 955 962 968 
806 808 810 812 814 816 818 820 822 823 825 827 828 830 832 833 835 836 838 839 840 842 843 845 846 848 849 851 853 854 856 858 860 862 865 867 869 871 873 875 877 879 882 885 888 891 896 900 905 909 912 914 912 908 902 894 885 872 856 838 819 800 782 765 749 734 719 706 694 683 672 663 654 646 638 631 624 618 612 606 601 596 591 586 581 576 571 566 562 557 552 547 542 538 533 528 524 519 515 510 506 501 497 493 489 485 482 478 474 471 468 464 461 458 455 452 449 447 444 442 439 437 435 433 431 429 427 425 423 421 420 418 417 415 414 413 412 411 409 408 408 407 406 405 405 404 404 403 403 403 402 402 402 402 403 403 403 404 404 404 405 406 406 407 408 409 410 411 412 413 414 415 416 418 419 420 422 423 425 426 428 429 431 432 434 436 438 439 441 443 445 447 449 451 453 455 457 459 461 463 465 467 470 472 474 476 478 480 482 485 487 488 490 492 494 496 497 499 500 502 503 504 505 506 507 507 508 508 508 508 508 508 507 496 483 468 452 434 430 407 395 390 390 387 384 385 414 431 408 407 373 356 349 346 348 348 349 352 354 358 364 376 457 613 589 540 487 457 396 387 373 372 370 370 358 356 366 374 371 364 366 367 362 361 358 352 348 343 336 323 308 305 308 315 324 328 337 338 343 349 355 352 338 340 344 340 338 344 338 341 352 359 351 348 352 351 353 356 357 359 361 363 365 369 373 376 381 386 391 395 397 398 398 397 397 398 404 412 420 431 442 453 464 476 494 503 512 515 525 537 538 550 561 559 575 588 613 627 632 628 633 633 630 641 647 612 614 584 570 562 564 580 585 608 597 592 598 601 615 623 645 659 682 692 704 715 725 733 740 746 753 760 768 777 786 795 804 814 824 833 843 852 861 870 879 887 896 904 912 919 927 934 941 948 955 961 968 
809 811 813 815 817 819 821 823 825 827 829 831 832 834 836 837 839 841 842 844 845 847 849 850 852 854 855 857 859 861 863 865 868 870 872 875 877 879 882 884 886 889 892 895 898 902 906 910 914 917 919 920 919 915 910 902 893 881 867 850 832 814 797 780 764 749 735 722 710 698 687 677 668 659 651 644 637 630 624 618 612 606 601 596 590 585 580 575 570 565 560 556 551 546 541 536 532 527 523 518 514 509 505 501 497 493 489 486 482 478 475 472 469 465 462 460 457 454 451 449 446 444 442 440 438 436 434 432 430 428 427 425 423 422 421 419 418 417 416 415 414 413 412 412 411 411 410 410 409 409 409 409 409 409 409 409 409 410 410 411 411 412 412 413 414 415 416 417 418 419 420 421 422 424 425 426 427 429 430 432 433 435 436 438 440 441 443 445 447 449 450 452 454 456 458 460 462 464 466 469 471 473 475 477 479 481 484 486 488 490 492 494 496 497 499 501 502 504 505 507 508 509 510 511 512 512 513 513 514 514 514 513 513 505 492 477 461 444 428 415 408 405 404 405 407 409 414 414 404 394 382 371 364 360 360 361 363 366 369 372 379 441 595 617 594 523 481 427 387 375 375 379 383 382 376 370 365 374 389 387 380 381 377 376 374 368 361 358 352 344 328 320 316 319 329 338 339 339 343 348 359 360 351 350 353 344 338 347 341 342 349 358 361 354 353 354 356 359 362 364 366 368 370 373 377 381 385 389 393 396 399 400 401 402 403 406 412 419 428 438 449 461 471 490 503 515 527 531 538 554 556 566 590 586 603 607 625 648 658 654 639 655 641 640 649 628 638 599 582 584 583 601 589 616 614 600 607 615 637 638 668 680 691 702 713 723 733 741 748 754 761 768 776 783 792 800 809 818 827 836 845 854 863 872 880 888 896 904 912 919 927 934 941 948 954 961 967 
812 814 816 819 821 823 825 827 829 831 833 834 836 838 840 842 843 845 847 849 850 852 854 856 857 859 861 863 865 867 870 872 874 877 879 882 884 887 889 892 895 897 900 903 907 910 914 917 920 923 925 925 923 920 915 908 899 887 874 859 843 826 810 794 778 763 749 736 724 712 701 691 681 672 664 656 649 642 635 629 622 617 611 605 600 595 589 584 579 574 569 564 559 554 549 544 540 535 531 526 522 517 513 509 505 501 497 493 490 486 483 479 476 473 470 467 464 461 459 456 454 451 449 447 444 442 440 438 437 435 433 432 430 429 427 426 425 424 423 421 421 420 419 418 417 417 416 416 416 415 415 415 415 415 415 415 415 416 416 417 417 418 418 419 420 421 422 423 424 425 426 427 428 429 431 432 433 435 436 437 439 440 442 444 445 447 449 451 452 454 456 458 460 462 464 466 468 470 472 474 476 478 480 482 485 487 489 491 493 495 497 499 501 502 504 506 507 509 510 512 513 514 515 516 517 518 518 519 519 519 519 519 518 514 502 489 474 459 445 434 427 425 425 427 433 440 444 444 435 420 402 389 379 375 375 376 379 382 386 404 463 570 599 571 506 460 450 424 392 375 383 397 403 410 405 394 388 383 398 396 400 397 398 396 390 383 376 369 369 365 347 343 333 327 330 346 347 339 336 345 351 356 359 354 357 347 340 343 345 346 352 359 367 365 358 360 361 363 366 368 370 373 375 378 381 385 389 393 396 399 402 405 407 409 412 416 421 429 438 448 459 470 482 507 518 531 538 544 551 569 570 586 607 602 633 629 648 662 669 667 655 652 666 662 669 655 638 630 592 588 593 598 612 623 607 609 618 627 650 668 682 693 703 713 723 732 741 748 755 762 769 775 783 790 798 806 814 823 831 840 848 857 865 873 881 889 897 905 912 920 927 934 941 948 954 961 967 
815 817 820 822 824 826 828 830 832 834 836 838 840 842 844 846 847 849 851 853 855 857 859 861 863 865 867 869 871 873 876 878 881 883 886 888 891 893 896 899 902 905 908 911 914 917 920 923 926 928 929 928 927 923 918 911 903 892 880 866 851 836 820 805 790 776 762 749 737 725 714 704 694 685 676 668 660 653 646 639 633 627 621 615 609 604 598 593 588 582 577 572 567 562 557 552 548 543 538 534 529 525 521 516 512 508 504 501 497 493 490 487 483 480 477 474 471 468 466 463 461 458 456 453 451 449 447 445 443 442 440 438 437 435 434 433 431 430 429 428 427 426 425 425 424 423 423 422 422 422 421 421 421 421 421 421 422 422 422 423 423 424 424 425 426 427 428 428 429 430 431 433 434 435 436 437 439 440 442 443 445 446 448 449 451 453 454 456 458 460 461 463 465 467 469 471 473 475 477 479 481 483 486 488 490 492 494 496 498 500 502 504 506 507 509 511 513 514 515 517 518 519 520 521 522 523 524 524 524 525 525 524 524 523 514 503 490 477 465 456 451 448 449 454 463 475 485 486 472 454 455 466 425 427 415 392 395 400 415 463 470 476 479 478 474 427 411 411 393 384 402 431 424 418 428 412 405 402 404 407 409 412 415 414 407 399 393 383 370 363 352 350 340 338 337 349 353 344 341 344 347 354 360 356 352 353 348 347 347 352 357 364 372 369 364 365 367 368 370 374 375 377 380 383 386 391 396 399 401 404 408 412 415 417 421 426 432 440 449 465 471 481 495 508 528 539 547 554 563 574 582 594 604 621 648 651 668 677 676 674 667 656 655 665 665 658 662 644 592 592 627 616 622 631 615 619 633 640 668 684 696 705 715 724 733 741 749 756 763 769 776 782 789 796 803 811 819 827 835 843 851 859 867 875 883 891 898 906 913 920 927 934 941 948 954 961 967 
818 820 823 825 827 829 831 833 835 838 840 842 844 846 848 850 851 853 855 857 859 861 863 865 867 870 872 874 876 879 881 884 886 889 891 894 897 900 902 905 908 911 914 917 920 923 925 928 930 931 932 931 929 926 921 914 906 896 884 872 858 844 829 815 801 787 773 761 748 737 726 715 706 696 687 679 671 664 656 649 643 636 630 624 618 613 607 601 596 591 585 580 575 570 565 560 555 551 546 541 537 533 528 524 520 516 512 508 504 501 497 494 491 487 484 481 478 475 473 470 467 465 463 460 458 456 454 452 450 448 447 445 443 442 440 439 438 437 435 434 433 432 432 431 430 430 429 429 428 428 428 427 427 427 427 428 428 428 428 429 429 430 430 431 432 433 433 434 435 436 437 438 439 441 442 443 444 446 447 449 450 452 453 455 456 458 460 462 463 465 467 469 471 473 475 477 479 481 483 485 487 489 491 493 495 497 499 501 503 505 507 509 511 512 514 516 517 519 521 522 523 524 526 527 527 528 529 529 530 530 530 530 529 529 527 518 508 497 488 481 477 475 477 486 503 531 556 578 556 558 557 544 507 478 444 417 418 433 444 468 474 479 482 482 434 400 384 375 384 406 431 446 440 431 428 429 418 416 423 419 421 423 425 427 429 416 404 386 370 355 349 348 343 342 344 355 354 349 351 352 350 355 355 358 354 359 357 356 356 359 361 365 376 369 368 372 372 373 375 377 380 383 386 389 393 398 404 405 407 410 414 417 421 426 432 438 446 452 461 471 479 502 516 520 537 551 559 565 579 593 602 612 626 640 655 663 679 688 685 674 671 656 650 667 655 666 666 649 625 595 613 638 637 653 628 633 652 666 679 698 711 718 727 736 743 750 757 764 770 776 782 789 795 802 809 816 823 831 839 846 854 862 869 877 885 892 899 907 914 921 928 934 941 948 954 960 967 
821 823 826 828 830 832 834 837 839 841 843 845 847 849 851 853 855 857 859 861 864 866 868 870 872 874 877 879 881 884 886 889 892 894 897 900 902 905 908 911 914 916 919 922 925 927 930 932 933 934 934 933 931 927 922 916 908 898 888 876 863 850 837 823 810 796 783 771 759 748 737 726 717 707 698 690 682 674 666 659 652 646 639 633 627 621 616 610 604 599 594 588 583 578 573 568 563 558 554 549 544 540 536 531 527 523 519 515 512 508 504 501 498 494 491 488 485 482 480 477 474 472 469 467 465 463 461 459 457 455 453 451 450 448 447 446 444 443 442 441 440 439 438 437 436 436 435 435 434 434 434 434 434 434 434 434 434 434 434 435 435 436 436 437 438 438 439 440 441 442 443 444 445 446 448 449 450 451 453 454 456 457 459 460 462 464 465 467 469 471 472 474 476 478 480 482 484 486 488 490 492 494 496 498 500 502 504 506 508 510 512 514 516 517 519 521 522 524 525 527 528 529 531 532 533 533 534 535 535 535 535 535 535 535 534 532 525 518 512 507 505 505 510 518 565 566 565 579 585 583 563 532 515 500 495 468 467 501 504 475 465 469 468 458 440 422 405 390 383 399 442 434 455 448 441 443 434 429 428 431 433 438 438 439 443 436 423 406 385 373 370 361 351 348 354 362 354 351 355 358 352 354 355 359 353 361 362 360 364 363 366 368 376 372 373 378 378 379 381 383 385 388 391 395 400 406 411 412 413 416 420 425 429 436 444 460 471 472 477 482 491 508 521 536 553 557 569 583 597 605 616 632 643 655 659 668 683 693 690 684 668 659 670 679 668 660 644 638 634 604 619 643 646 650 638 643 654 676 696 714 722 732 740 747 753 760 766 771 777 783 789 795 801 807 814 821 828 835 842 850 857 864 872 879 886 893 901 908 915 921 928 935 941 948 954 960 967 
824 826 828 831 833 835 837 840 842 844 846 848 850 853 855 857 859 861 863 865 868 870 872 874 876 879 881 884 886 889 891 894 896 899 902 905 907 910 913 916 918 921 924 926 929 931 933 935 936 936 936 934 932 928 923 917 909 901 891 880 868 856 843 830 817 805 792 780 769 758 747 736 727 717 708 700 691 683 676 669 662 655 648 642 636 630 624 618 612 607 602 596 591 586 581 576 571 566 561 556 552 547 543 539 535 531 527 523 519 515 512 508 505 502 498 495 492 489 487 484 481 479 476 474 472 469 467 465 463 461 460 458 456 455 453 452 451 449 448 447 446 445 444 443 443 442 442 441 441 440 440 440 440 440 440 440 440 440 440 441 441 442 442 443 444 444 445 446 447 448 449 450 451 452 453 454 456 457 458 460 461 463 464 466 467 469 471 472 474 476 478 480 481 483 485 487 489 491 493 495 497 499 501 503 505 507 509 511 513 515 517 519 521 522 524 526 527 529 530 532 533 534 536 537 538 538 539 540 540 541 541 541 541 540 540 539 538 536 533 531 530 531 530 529 528 562 559 563 570 573 562 541 531 515 495 487 483 482 483 485 478 481 479 472 459 444 429 417 410 410 425 448 442 460 455 450 447 443 441 440 441 451 450 449 453 451 435 419 395 385 378 372 367 359 359 367 359 354 360 358 356 351 351 352 355 360 364 365 368 368 371 374 377 377 385 389 387 387 387 389 392 394 397 402 407 412 417 418 420 423 425 429 433 441 453 465 477 488 486 495 505 517 527 542 561 580 588 594 599 610 624 635 643 654 661 664 672 677 662 666 662 668 682 682 655 640 632 628 645 609 617 628 653 667 661 652 665 682 710 728 735 744 751 757 763 768 773 779 784 789 795 801 806 813 819 825 832 839 846 853 860 867 874 881 888 895 902 909 915 922 929 935 942 948 954 960 966 
827 829 831 834 836 838 840 843 845 847 849 852 854 856 858 860 863 865 867 869 871 874 876 878 881 883 885 888 890 893 896 898 901 904 906 909 912 914 917 920 922 925 928 930 932 934 936 937 938 938 937 935 933 929 924 918 911 902 893 883 872 860 849 837 824 812 800 789 778 767 756 746 736 727 718 709 701 693 685 678 670 664 657 650 644 638 632 626 620 615 609 604 599 593 588 583 578 573 569 564 559 555 550 546 542 538 534 530 526 522 519 515 512 508 505 502 499 496 493 491 488 485 483 481 478 476 474 472 470 468 466 464 463 461 460 458 457 456 455 453 452 451 451 450 449 448 448 447 447 446 446 446 446 446 446 446 446 446 446 447 447 448 448 449 449 450 451 452 452 453 454 455 457 458 459 460 461 463 464 465 467 468 470 471 473 474 476 478 479 481 483 485 487 489 490 492 494 496 498 500 502 504 506 508 510 512 514 516 518 520 522 524 526 527 529 531 532 534 535 537 538 539 541 542 543 544 544 545 546 546 546 546 546 546 546 545 545 544 543 542 541 540 539 539 539 539 540 541 542 543 520 523 531 521 487 463 468 479 490 488 491 493 492 485 476 464 452 442 436 434 436 444 455 450 469 464 461 456 456 452 451 452 457 457 461 463 453 422 399 396 387 386 380 374 375 379 366 369 372 363 359 350 351 354 359 362 367 370 373 375 379 381 382 386 398 395 394 395 395 400 414 404 405 410 415 419 421 423 426 428 431 433 437 445 460 474 484 494 500 510 520 534 543 553 569 588 593 599 606 618 629 640 647 656 662 667 668 658 650 663 673 689 692 686 654 645 643 630 630 566 594 642 657 665 651 662 675 695 719 737 745 755 762 767 771 776 780 785 790 795 800 806 812 817 824 830 836 843 849 856 863 869 876 883 890 896 903 910 916 923 929 936 942 948 954 960 966 
829 832 834 836 839 841 843 846 848 850 852 855 857 859 861 864 866 868 870 873 875 877 880 882 884 887 889 892 894 897 900 902 905 908 910 913 916 918 921 923 926 928 931 933 935 936 938 939 939 939 938 936 933 929 924 919 912 904 895 886 875 865 853 842 830 819 808 796 785 775 764 754 745 735 726 718 709 701 694 686 679 672 665 659 652 646 640 634 628 622 617 611 606 601 596 590 585 581 576 571 566 562 558 553 549 545 541 537 533 529 526 522 519 515 512 509 506 503 500 497 495 492 490 487 485 483 480 478 476 475 473 471 469 468 466 465 463 462 461 460 459 458 457 456 455 455 454 453 453 453 452 452 452 452 452 452 452 452 452 453 453 453 454 454 455 456 457 457 458 459 460 461 462 463 464 466 467 468 469 471 472 474 475 477 478 480 481 483 485 487 488 490 492 494 496 498 499 501 503 505 507 509 511 513 515 517 519 521 523 525 527 529 530 532 534 536 537 539 540 542 543 544 546 547 548 549 549 550 551 551 552 552 552 552 552 552 551 551 550 549 549 548 548 548 548 549 549 550 551 523 490 487 514 503 481 478 484 490 496 501 504 505 504 499 491 482 473 465 459 456 455 454 459 464 480 481 478 472 468 464 463 462 465 461 461 467 464 437 412 414 412 394 388 397 387 377 367 369 374 370 366 358 351 356 361 365 372 375 379 383 388 391 391 393 400 397 399 401 402 407 424 416 414 419 423 427 426 429 432 435 438 442 446 455 472 486 497 510 522 530 535 547 561 574 595 597 601 605 612 622 631 640 645 651 656 659 658 651 638 644 682 698 717 681 656 655 654 642 620 537 572 639 652 655 658 671 686 704 724 745 752 763 770 774 778 782 786 791 795 800 806 811 816 822 828 834 840 846 853 859 865 872 878 885 892 898 904 911 917 924 930 936 942 948 954 960 966 
832 834 837 839 841 844 846 848 851 853 855 858 860 862 864 867 869 871 874 876 878 881 883 886 888 890 893 896 898 901 903 906 908 911 914 916 919 922 924 927 929 931 933 935 937 938 939 940 940 939 938 936 933 929 925 919 912 905 897 888 878 868 857 847 836 825 814 803 793 782 772 762 753 744 735 726 718 710 702 694 687 680 673 667 660 654 648 642 636 630 624 619 613 608 603 598 593 588 583 578 574 569 565 560 556 552 548 544 540 536 533 529 526 522 519 516 513 510 507 504 501 499 496 494 491 489 487 485 483 481 479 477 476 474 472 471 470 468 467 466 465 464 463 462 461 461 460 459 459 459 458 458 458 458 458 458 458 458 458 458 459 459 460 460 461 462 462 463 464 465 466 467 468 469 470 471 472 474 475 476 478 479 481 482 484 485 487 488 490 492 494 495 497 499 501 503 505 506 508 510 512 514 516 518 520 522 524 526 528 530 532 533 535 537 539 540 542 544 545 546 548 549 550 552 553 554 555 555 556 557 557 557 558 558 558 558 557 557 557 557 556 556 556 556 557 557 558 559 550 528 509 498 495 493 495 498 502 507 511 514 517 517 516 512 506 499 491 485 479 476 473 471 468 475 472 490 488 488 485 477 474 475 469 463 461 461 457 448 432 427 429 420 404 404 408 396 382 370 371 376 374 369 358 359 364 369 375 379 389 396 400 404 405 406 408 405 403 406 408 410 428 422 425 435 436 437 436 438 440 443 447 454 464 477 490 501 511 520 535 549 551 558 577 590 596 599 603 607 613 621 630 636 639 647 650 650 648 641 632 626 670 698 729 675 655 652 645 638 547 514 543 605 665 665 665 675 688 706 725 749 756 768 775 779 783 787 791 796 800 805 810 815 821 826 832 838 844 850 856 862 868 874 881 887 893 899 906 912 918 924 930 937 943 948 954 960 966 
834 837 839 841 844 846 849 851 853 856 858 860 863 865 867 870 872 874 877 879 882 884 886 889 891 894 896 899 901 904 907 909 912 914 917 920 922 924 927 929 931 933 935 937 938 940 940 941 940 940 938 936 933 929 925 919 913 906 898 890 881 871 861 851 841 830 820 809 799 789 779 770 760 751 742 734 726 718 710 702 695 688 681 674 668 661 655 649 643 637 632 626 621 615 610 605 600 595 590 585 580 576 571 567 563 559 555 551 547 543 539 536 532 529 526 522 519 516 513 511 508 505 503 500 498 496 493 491 489 487 485 484 482 480 479 477 476 475 473 472 471 470 469 468 467 467 466 466 465 465 464 464 464 464 464 464 464 464 464 464 465 465 465 466 467 467 468 469 469 470 471 472 473 474 475 477 478 479 480 482 483 484 486 487 489 490 492 494 495 497 499 501 502 504 506 508 510 512 513 515 517 519 521 523 525 527 529 531 533 535 536 538 540 542 543 545 547 548 550 551 553 554 555 557 558 559 560 560 561 562 562 563 563 563 564 564 564 564 564 564 564 564 564 564 565 565 566 566 561 547 533 523 518 515 516 517 520 522 525 527 528 528 527 524 520 514 508 503 498 494 490 487 483 480 486 502 499 499 497 490 486 486 485 477 469 465 463 454 444 434 435 449 434 418 424 420 404 382 382 388 383 374 363 360 367 375 381 383 395 409 412 420 427 440 437 421 413 411 412 415 422 427 437 448 451 453 449 448 449 452 456 465 481 497 511 521 524 533 544 557 564 563 575 590 595 599 602 606 611 619 625 628 633 636 645 642 637 639 627 629 651 723 694 667 643 647 632 583 541 522 535 598 681 682 683 679 688 703 723 735 755 768 775 781 785 790 795 799 804 809 814 819 825 830 836 841 847 853 859 865 871 877 883 889 895 901 907 913 919 925 931 937 943 949 955 960 966 
837 839 842 844 846 849 851 854 856 858 861 863 865 868 870 873 875 877 880 882 885 887 889 892 894 897 899 902 904 907 910 912 915 917 920 922 925 927 929 931 933 935 937 939 940 941 941 941 941 940 938 936 933 929 925 919 913 907 899 891 883 874 864 855 845 835 825 815 805 795 786 776 767 758 750 741 733 725 717 710 702 695 688 682 675 669 662 656 650 644 639 633 628 622 617 612 607 602 597 592 587 583 578 574 570 565 561 557 553 550 546 542 539 536 532 529 526 523 520 517 514 512 509 507 504 502 500 498 496 494 492 490 488 487 485 483 482 481 480 478 477 476 475 474 474 473 472 472 471 471 470 470 470 470 469 469 470 470 470 470 470 471 471 472 472 473 474 474 475 476 477 478 479 480 481 482 483 484 486 487 488 490 491 493 494 496 497 499 501 502 504 506 507 509 511 513 515 517 518 520 522 524 526 528 530 532 534 536 537 539 541 543 545 546 548 550 552 553 555 556 558 559 560 561 563 564 565 566 566 567 568 568 569 569 569 570 570 570 570 570 571 571 571 572 572 573 573 573 568 560 551 543 538 535 534 534 535 536 538 539 539 538 537 535 532 528 523 518 514 510 506 502 498 494 494 495 511 510 508 507 500 497 503 499 489 482 479 473 464 457 451 458 463 447 439 435 423 400 398 404 398 390 375 370 376 384 389 393 406 421 427 440 454 450 447 445 426 417 417 421 427 437 448 459 462 467 459 457 458 461 465 473 486 514 524 530 536 542 551 558 567 566 576 588 594 597 600 607 608 617 618 619 622 628 655 652 638 652 649 631 719 708 678 659 642 638 559 540 549 562 555 675 686 674 675 678 686 697 714 728 747 762 772 780 786 792 797 802 808 813 818 823 828 834 839 845 850 856 862 867 873 879 885 891 897 902 908 914 920 926 932 937 943 949 955 960 966 
839 841 844 846 849 851 854 856 858 861 863 866 868 870 873 875 878 880 882 885 887 890 892 895 897 900 902 905 907 910 912 915 917 920 922 925 927 929 931 933 935 937 938 940 941 941 942 941 941 940 938 936 933 929 925 919 914 907 900 893 884 876 867 858 848 839 829 820 810 801 792 782 774 765 756 748 740 732 724 717 709 702 695 689 682 676 669 663 657 651 646 640 634 629 624 618 613 608 604 599 594 589 585 581 576 572 568 564 560 556 553 549 545 542 539 536 532 529 526 524 521 518 516 513 511 508 506 504 502 500 498 496 494 493 491 490 488 487 486 484 483 482 481 480 480 479 478 478 477 477 476 476 476 475 475 475 475 475 476 476 476 476 477 477 478 478 479 480 481 481 482 483 484 485 486 487 489 490 491 492 494 495 496 498 499 501 502 504 506 507 509 511 512 514 516 518 520 522 523 525 527 529 531 533 535 537 539 540 542 544 546 548 550 551 553 555 556 558 559 561 562 564 565 566 567 569 570 571 571 572 573 574 574 575 575 576 576 576 577 577 577 578 578 579 579 579 580 580 580 569 563 558 554 551 549 548 548 549 549 549 549 548 547 545 543 539 536 532 528 524 520 516 512 508 503 509 524 521 517 514 509 504 503 508 509 502 496 494 490 485 478 479 470 464 453 445 442 420 415 420 414 409 397 391 393 397 403 407 417 431 443 451 456 454 471 474 446 429 424 428 437 456 466 468 471 477 464 465 469 472 477 486 501 521 533 541 548 551 556 571 571 572 584 591 595 596 599 606 604 611 613 611 611 613 617 644 650 658 647 619 676 701 688 656 630 576 542 536 543 582 627 683 683 677 691 681 682 687 703 718 739 755 768 778 786 793 799 805 810 816 821 827 832 837 843 848 853 859 864 870 875 881 887 892 898 904 910 915 921 927 932 938 944 949 955 960 966 
841 844 846 849 851 853 856 858 861 863 866 868 870 873 875 878 880 883 885 887 890 892 895 897 900 902 905 907 910 912 915 917 920 922 924 927 929 931 933 935 937 938 939 941 941 942 942 942 941 939 938 935 932 929 924 919 914 908 901 894 886 878 869 861 852 843 834 824 815 806 797 788 779 771 762 754 746 738 731 723 716 709 702 695 689 682 676 670 664 658 652 647 641 636 630 625 620 615 610 605 601 596 592 587 583 579 575 570 567 563 559 555 552 549 545 542 539 536 533 530 527 524 522 519 517 515 512 510 508 506 504 502 501 499 497 496 494 493 492 490 489 488 487 486 486 485 484 483 483 482 482 482 481 481 481 481 481 481 481 482 482 482 483 483 483 484 485 485 486 487 488 489 490 491 492 493 494 495 496 498 499 500 502 503 505 506 508 509 511 512 514 516 518 519 521 523 525 526 528 530 532 534 536 538 540 541 543 545 547 549 551 552 554 556 558 559 561 563 564 566 567 568 570 571 572 573 575 576 577 577 578 579 580 580 581 581 582 582 583 583 584 584 585 585 586 586 586 586 586 584 573 568 565 562 561 560 559 559 559 558 558 557 556 554 552 549 546 543 540 536 533 529 525 520 515 514 518 534 532 524 522 514 508 506 512 517 512 509 509 506 500 490 483 474 467 455 445 434 436 434 434 432 422 414 412 416 421 429 444 455 472 469 463 466 485 470 464 442 432 439 464 480 480 478 481 487 474 477 481 488 489 500 516 532 544 559 561 564 563 573 582 585 584 597 597 604 601 606 612 604 634 634 608 624 608 634 626 662 659 657 647 667 645 635 627 591 556 541 562 570 655 687 689 670 665 668 656 680 688 711 732 749 764 775 785 793 800 807 813 819 824 830 835 840 846 851 856 862 867 872 878 883 889 894 900 905 911 916 922 927 933 938 944 949 955 960 966 
843 846 848 851 853 856 858 861 863 865 868 870 873 875 878 880 883 885 887 890 892 895 897 900 902 905 907 910 912 915 917 919 922 924 926 928 930 932 934 936 938 939 940 941 942 942 942 941 941 939 937 935 932 928 924 919 914 908 902 895 887 880 872 863 855 846 837 828 820 811 802 793 785 777 768 760 752 745 737 730 722 715 709 702 695 689 683 676 670 665 659 653 648 642 637 632 626 621 617 612 607 602 598 594 589 585 581 577 573 569 566 562 558 555 552 548 545 542 539 536 533 531 528 526 523 521 519 516 514 512 510 508 507 505 503 502 500 499 498 496 495 494 493 492 491 491 490 489 489 488 488 488 487 487 487 487 487 487 487 487 487 488 488 489 489 490 490 491 492 492 493 494 495 496 497 498 499 500 502 503 504 505 507 508 510 511 513 514 516 517 519 521 523 524 526 528 530 531 533 535 537 539 541 542 544 546 548 550 552 553 555 557 559 561 562 564 566 567 569 570 572 573 575 576 577 578 579 580 582 582 583 584 585 586 586 587 588 588 589 589 590 590 591 591 592 592 592 592 592 591 590 583 576 571 569 568 567 567 566 566 565 564 563 562 560 558 555 553 550 547 543 539 535 531 525 520 532 546 542 535 533 524 516 512 513 519 523 523 521 516 508 501 493 486 480 468 459 444 448 445 445 447 448 438 434 432 436 451 475 470 492 483 475 477 498 479 475 452 448 459 497 497 494 490 491 500 495 503 500 493 503 514 531 551 564 579 586 581 574 590 604 603 594 613 604 636 615 604 603 607 638 667 629 632 601 609 648 648 666 652 675 652 621 622 609 605 587 566 569 584 662 679 692 684 675 658 665 667 686 708 728 746 761 774 785 794 802 809 816 822 827 833 838 843 849 854 859 864 869 875 880 885 890 896 901 906 912 917 923 928 933 939 944 950 955 960 966 
845 848 850 853 855 858 860 863 865 868 870 872 875 877 880 882 885 887 890 892 895 897 899 902 904 907 909 912 914 916 919 921 923 926 928 930 932 934 935 937 938 940 941 941 942 942 942 941 940 939 937 934 931 928 924 919 914 908 902 895 888 881 873 865 857 849 841 832 824 815 807 798 790 782 774 766 758 750 743 736 729 722 715 708 702 695 689 683 677 671 665 659 654 648 643 638 633 628 623 618 613 609 604 600 596 591 587 583 579 576 572 568 565 561 558 555 551 548 545 542 540 537 534 532 529 527 525 522 520 518 516 515 513 511 509 508 506 505 504 502 501 500 499 498 497 496 496 495 495 494 494 493 493 493 493 492 492 493 493 493 493 493 494 494 495 495 496 496 497 498 499 499 500 501 502 503 504 506 507 508 509 511 512 513 515 516 518 519 521 522 524 526 527 529 531 533 534 536 538 540 542 543 545 547 549 551 553 555 556 558 560 562 563 565 567 569 570 572 573 575 576 578 579 581 582 583 584 585 586 587 588 589 590 591 592 593 593 594 595 595 596 596 597 597 598 598 598 598 598 597 596 595 594 589 585 582 579 577 576 574 572 570 569 568 567 565 563 561 558 555 552 549 545 540 535 529 548 561 555 548 542 531 523 518 515 519 524 530 529 524 518 513 503 499 492 483 473 467 466 462 462 467 465 462 458 454 461 477 489 488 523 498 487 482 494 486 486 475 484 505 539 521 507 505 504 517 503 499 501 503 515 533 558 565 573 586 598 598 597 610 626 623 611 615 610 619 619 620 615 678 673 709 628 642 593 604 618 650 657 696 638 634 621 640 636 575 568 563 566 573 657 679 684 698 697 707 680 674 691 710 728 746 761 774 786 795 804 811 818 824 830 836 841 846 851 857 862 867 872 877 882 887 892 897 902 908 913 918 923 929 934 939 944 950 955 960 965 
847 850 852 855 857 860 862 865 867 870 872 875 877 879 882 884 887 889 892 894 897 899 902 904 906 909 911 914 916 918 921 923 925 927 929 931 933 935 936 938 939 940 941 942 942 942 942 941 940 938 936 934 931 927 923 919 914 908 902 896 889 882 875 867 860 852 844 835 827 819 811 803 795 787 779 771 763 756 749 741 734 727 721 714 708 701 695 689 683 677 671 666 660 655 649 644 639 634 629 624 620 615 610 606 602 598 593 589 586 582 578 574 571 567 564 561 558 554 551 549 546 543 540 538 535 533 531 529 526 524 522 521 519 517 515 514 512 511 510 508 507 506 505 504 503 502 502 501 500 500 499 499 499 498 498 498 498 498 498 498 499 499 499 500 500 501 501 502 502 503 504 505 506 507 508 509 510 511 512 513 514 516 517 518 520 521 523 524 526 527 529 531 532 534 536 537 539 541 543 545 546 548 550 552 554 556 557 559 561 563 565 566 568 570 571 573 575 576 578 580 581 582 584 585 587 588 589 590 591 592 593 594 595 596 597 598 599 599 600 601 602 602 603 603 604 604 604 604 604 603 603 602 600 599 597 595 594 592 590 588 586 584 581 578 575 571 569 567 565 563 560 557 553 549 545 549 564 567 562 555 551 539 531 524 518 517 524 535 535 531 527 523 517 509 504 489 476 486 483 482 479 487 522 479 480 483 485 487 492 518 539 521 491 496 497 492 497 496 525 553 564 582 544 526 525 523 524 526 517 512 535 547 573 579 578 580 590 600 591 606 623 634 630 629 633 621 642 624 650 713 686 668 601 598 587 599 627 639 672 672 658 619 626 639 650 665 601 606 559 564 658 687 698 687 691 713 685 693 700 716 732 748 763 776 788 798 807 814 821 827 833 839 844 849 854 859 864 869 874 879 884 889 894 899 904 909 914 919 924 929 934 940 945 950 955 960 965 
849 852 854 857 859 862 864 867 869 872 874 876 879 881 884 886 889 891 894 896 899 901 903 906 908 911 913 915 918 920 922 924 926 928 930 932 934 936 937 938 939 940 941 942 942 942 941 940 939 938 935 933 930 927 923 918 914 908 903 897 890 883 876 869 862 854 846 839 831 823 815 807 799 791 784 776 769 761 754 747 740 733 726 720 713 707 701 695 689 683 677 671 666 661 655 650 645 640 635 630 626 621 617 612 608 604 600 595 592 588 584 580 577 573 570 567 564 561 558 555 552 549 546 544 541 539 537 534 532 530 528 526 525 523 521 520 518 517 515 514 513 512 511 510 509 508 507 507 506 506 505 505 504 504 504 504 504 504 504 504 504 504 505 505 505 506 506 507 508 508 509 510 511 512 513 514 515 516 517 518 520 521 522 524 525 526 528 529 531 532 534 536 537 539 541 542 544 546 548 549 551 553 555 556 558 560 562 564 566 567 569 571 573 574 576 578 579 581 583 584 586 587 589 590 591 593 594 595 596 597 598 599 600 601 602 603 604 605 606 606 607 608 608 609 609 610 610 610 610 609 609 608 607 606 604 603 602 600 599 597 596 595 594 591 588 584 580 576 572 569 567 564 561 557 559 584 588 576 567 561 552 541 541 532 524 516 518 530 536 537 536 532 527 521 515 494 488 501 510 509 502 520 553 531 493 500 501 521 506 519 542 575 505 503 506 509 500 511 540 547 552 589 574 567 570 592 558 537 522 524 540 580 586 587 566 579 588 586 595 608 625 645 667 673 664 652 656 652 680 686 669 658 614 614 590 601 599 650 673 651 645 626 625 629 644 653 661 664 588 621 685 700 720 700 691 706 707 705 711 724 738 754 768 781 792 802 810 818 824 831 836 842 847 852 857 862 866 871 876 881 885 890 895 900 905 910 915 920 925 930 935 940 945 950 955 960 965 
851 853 856 858 861 863 866 868 871 873 876 878 881 883 886 888 891 893 895 898 900 903 905 907 910 912 914 917 919 921 923 925 927 929 931 933 935 936 937 939 940 941 941 941 941 941 941 940 938 937 935 932 929 926 922 918 913 908 903 897 891 884 878 871 864 856 849 841 834 826 818 811 803 796 788 781 773 766 759 752 745 738 732 725 719 713 706 700 694 689 683 677 672 666 661 656 651 646 641 636 632 627 622 618 614 610 605 601 598 594 590 586 583 579 576 573 570 566 563 561 558 555 552 550 547 545 543 540 538 536 534 532 530 529 527 525 524 523 521 520 519 518 516 515 515 514 513 512 512 511 511 510 510 510 509 509 509 509 509 509 510 510 510 510 511 511 512 512 513 514 515 515 516 517 518 519 520 521 522 523 525 526 527 529 530 531 533 534 536 537 539 540 542 544 545 547 549 550 552 554 556 558 559 561 563 565 566 568 570 572 574 575 577 579 581 582 584 585 587 589 590 592 593 595 596 597 599 600 601 602 603 604 605 606 607 608 609 610 611 612 613 613 614 615 615 615 616 616 616 615 615 614 613 612 611 610 609 608 607 606 605 604 603 602 601 598 594 589 585 580 575 570 567 564 562 584 605 591 578 569 564 558 557 545 534 523 516 535 544 545 545 540 532 527 524 496 508 517 543 521 517 532 561 527 514 527 520 531 518 519 534 555 518 520 528 528 514 525 551 546 581 620 644 625 650 614 569 541 537 583 544 552 559 569 563 573 591 598 604 612 636 656 681 700 710 668 644 668 665 678 649 630 661 610 593 586 607 661 658 638 645 627 645 649 654 652 672 677 680 701 703 708 719 734 723 728 716 723 723 725 742 761 775 787 797 806 814 822 828 834 840 845 850 855 859 864 869 873 878 882 887 892 896 901 906 911 916 920 925 930 935 940 945 950 955 960 965 
853 855 858 860 863 865 868 870 873 875 878 880 882 885 887 890 892 895 897 899 902 904 907 909 911 913 916 918 920 922 924 926 928 930 932 934 935 937 938 939 940 940 941 941 941 941 940 939 938 936 934 932 929 925 922 918 913 908 903 897 892 885 879 872 865 858 851 844 836 829 822 814 807 799 792 785 778 771 764 757 750 743 737 730 724 718 712 706 700 694 688 683 677 672 667 662 657 652 647 642 637 633 628 624 620 615 611 607 603 600 596 592 589 585 582 579 575 572 569 566 564 561 558 556 553 551 548 546 544 542 540 538 536 534 533 531 530 528 527 526 524 523 522 521 520 519 519 518 517 517 516 516 515 515 515 515 515 515 515 515 515 515 515 516 516 517 517 518 518 519 520 521 521 522 523 524 525 526 527 528 530 531 532 533 535 536 538 539 541 542 544 545 547 548 550 552 553 555 557 559 560 562 564 566 567 569 571 573 575 576 578 580 582 583 585 587 588 590 592 593 595 596 598 599 600 602 603 604 606 607 608 609 610 611 612 613 614 615 616 617 618 619 619 620 620 621 621 621 621 621 621 620 620 619 618 617 616 615 615 614 613 612 611 611 610 609 607 603 598 593 588 583 577 570 567 583 614 609 598 591 586 582 573 558 547 539 538 549 558 554 550 544 540 540 545 535 532 531 530 529 532 564 546 567 576 531 555 538 549 563 615 556 581 558 559 551 546 550 568 603 637 663 687 692 666 629 606 560 551 584 563 568 562 573 573 569 578 597 617 617 641 669 683 695 686 694 662 648 643 648 639 627 635 613 594 603 604 637 623 627 636 633 640 653 661 657 684 699 693 686 691 704 720 738 723 736 738 755 731 702 723 758 784 795 804 812 820 826 832 838 843 848 853 857 862 866 871 875 880 884 888 893 898 902 907 912 916 921 926 931 935 940 945 950 955 960 965 
854 857 859 862 864 867 869 872 874 877 879 882 884 886 889 891 894 896 898 901 903 906 908 910 912 915 917 919 921 923 925 927 929 931 932 934 936 937 938 939 940 940 941 941 941 940 939 938 937 935 933 931 928 925 921 917 913 908 903 898 892 886 880 873 867 860 853 846 839 832 825 817 810 803 796 789 782 775 768 761 755 748 742 735 729 723 717 711 705 699 694 688 683 678 672 667 662 657 652 648 643 638 634 630 625 621 617 613 609 605 602 598 594 591 588 584 581 578 575 572 569 567 564 561 559 557 554 552 550 548 546 544 542 540 539 537 535 534 533 531 530 529 528 527 526 525 524 523 523 522 522 521 521 521 520 520 520 520 520 520 520 520 521 521 521 522 522 523 524 524 525 526 526 527 528 529 530 531 532 533 535 536 537 538 540 541 543 544 545 547 548 550 552 553 555 556 558 560 561 563 565 567 568 570 572 574 576 577 579 581 583 584 586 588 589 591 593 594 596 598 599 601 602 604 605 606 608 609 610 612 613 614 615 616 617 618 619 620 621 622 623 624 625 625 626 626 627 627 627 627 627 626 626 625 625 624 623 623 622 621 621 620 620 619 619 618 618 616 611 607 602 596 591 584 578 585 617 627 621 616 617 603 585 572 562 558 564 570 564 565 556 560 564 563 561 559 559 555 547 548 592 581 549 567 562 550 575 544 550 561 577 576 572 590 609 592 567 614 628 640 662 673 681 678 667 624 591 578 569 609 587 585 570 574 590 583 617 637 617 641 653 679 689 682 679 712 672 653 638 645 636 622 615 655 612 609 620 622 628 634 638 641 646 647 649 657 681 676 669 672 698 708 705 725 737 748 775 779 742 698 720 756 794 805 812 819 825 831 836 841 846 851 855 860 864 868 873 877 881 885 890 894 899 903 908 912 917 921 926 931 936 940 945 950 955 959 964 
856 858 861 863 866 868 871 873 876 878 881 883 885 888 890 893 895 897 900 902 905 907 909 911 914 916 918 920 922 924 926 928 930 931 933 934 936 937 938 939 940 940 940 940 940 940 939 938 936 935 932 930 927 924 921 917 912 908 903 898 892 887 881 875 868 862 855 848 841 834 828 821 814 807 800 793 786 779 772 766 759 753 746 740 734 728 722 716 710 705 699 693 688 683 678 673 668 663 658 653 648 644 640 635 631 627 623 619 615 611 607 604 600 597 593 590 587 584 581 578 575 572 570 567 565 562 560 558 555 553 551 549 548 546 544 543 541 540 538 537 536 534 533 532 531 531 530 529 528 528 527 527 526 526 526 526 525 525 525 525 526 526 526 526 527 527 528 528 529 529 530 531 532 532 533 534 535 536 537 538 540 541 542 543 545 546 547 549 550 552 553 555 556 558 559 561 563 564 566 568 570 571 573 575 576 578 580 582 583 585 587 589 590 592 594 595 597 599 600 602 603 605 607 608 609 611 612 614 615 616 618 619 620 621 622 623 624 625 626 627 628 629 630 630 631 632 632 632 633 633 633 632 632 632 631 631 630 630 629 629 628 628 628 627 627 627 627 627 625 620 615 610 605 599 593 588 603 626 643 640 628 613 596 583 576 572 573 574 571 569 569 564 570 579 585 580 573 578 565 566 588 568 570 563 558 556 555 554 558 559 565 576 581 595 611 616 624 633 645 647 672 648 655 632 600 573 557 557 557 584 595 596 583 599 602 596 664 654 648 665 672 694 698 685 690 708 707 687 686 638 633 630 625 624 622 624 631 632 639 644 647 648 650 648 649 659 656 650 659 669 683 693 702 722 746 769 793 806 749 722 737 767 802 815 821 826 831 836 840 845 849 854 858 862 866 870 874 878 883 887 891 895 900 904 908 913 917 922 926 931 936 940 945 950 954 959 964 
857 860 862 865 867 870 872 875 877 879 882 884 887 889 892 894 896 899 901 903 906 908 910 912 915 917 919 921 923 925 927 928 930 932 933 935 936 937 938 939 939 940 940 940 939 939 938 937 935 934 932 929 926 923 920 916 912 908 903 898 893 887 881 876 869 863 857 850 844 837 830 823 817 810 803 796 790 783 776 770 764 757 751 745 739 733 727 721 715 710 704 699 693 688 683 678 673 668 663 658 654 649 645 641 636 632 628 624 620 617 613 609 606 602 599 596 593 589 586 584 581 578 575 573 570 568 566 563 561 559 557 555 553 551 550 548 547 545 544 542 541 540 539 538 537 536 535 534 534 533 533 532 532 531 531 531 531 531 531 531 531 531 531 532 532 532 533 533 534 534 535 536 537 537 538 539 540 541 542 543 544 546 547 548 549 551 552 553 555 556 558 559 561 562 564 566 567 569 571 572 574 576 577 579 581 583 584 586 588 590 591 593 595 596 598 600 601 603 605 606 608 609 611 612 614 615 617 618 620 621 622 623 625 626 627 628 629 630 631 632 633 634 635 636 636 637 637 638 638 638 638 638 638 638 638 637 637 637 637 636 636 636 636 635 635 635 635 635 635 634 629 624 619 614 609 604 601 623 630 642 631 618 609 598 587 581 574 576 578 577 579 578 569 578 576 573 582 580 579 582 578 612 582 573 569 564 560 555 565 564 570 579 590 601 611 621 627 632 635 634 629 618 589 595 571 543 533 540 547 554 572 590 584 621 593 621 656 653 661 692 698 704 708 700 691 703 700 683 666 653 640 638 635 633 633 634 639 646 651 656 658 658 660 654 656 674 653 645 653 640 653 687 703 735 765 789 804 824 784 760 767 789 817 825 829 833 836 840 844 848 852 856 860 864 868 872 876 880 884 888 892 896 900 905 909 913 918 922 927 931 936 940 945 949 954 959 963 
859 861 864 866 868 871 873 876 878 881 883 886 888 890 893 895 897 900 902 904 907 909 911 913 915 917 920 922 923 925 927 929 930 932 933 935 936 937 938 938 939 939 939 939 939 938 937 936 935 933 931 928 926 923 919 916 912 907 903 898 893 888 882 876 871 864 858 852 846 839 833 826 819 813 806 800 793 787 780 774 768 761 755 749 743 737 731 726 720 714 709 704 698 693 688 683 678 673 668 664 659 655 650 646 642 638 634 630 626 622 618 615 611 608 604 601 598 595 592 589 586 583 581 578 576 573 571 569 567 565 563 561 559 557 555 554 552 551 549 548 547 545 544 543 542 541 541 540 539 539 538 537 537 537 536 536 536 536 536 536 536 536 536 537 537 537 538 538 539 540 540 541 542 542 543 544 545 546 547 548 549 550 552 553 554 555 557 558 560 561 562 564 566 567 569 570 572 573 575 577 578 580 582 584 585 587 589 590 592 594 596 597 599 601 602 604 606 607 609 611 612 614 615 617 618 620 621 623 624 625 627 628 629 630 632 633 634 635 636 637 638 639 640 641 641 642 643 643 643 644 644 644 644 644 644 644 644 644 643 643 643 643 643 643 643 643 643 643 644 644 643 639 634 629 624 620 615 613 621 629 636 626 615 612 601 593 588 588 590 591 588 588 587 585 592 573 582 587 598 598 596 597 597 595 573 551 547 560 565 567 570 579 592 606 608 620 619 633 622 611 600 573 533 526 519 516 510 522 541 551 568 576 580 587 641 650 615 634 686 705 705 712 715 711 678 695 687 665 660 647 647 642 641 639 638 639 646 656 664 668 670 667 663 659 658 655 651 652 647 642 657 683 710 738 769 790 820 843 806 794 799 814 833 834 836 839 842 845 848 852 855 859 862 866 870 873 877 881 885 889 893 897 901 905 909 914 918 922 927 931 936 940 945 949 954 958 963 
860 862 865 867 870 872 875 877 879 882 884 887 889 892 894 896 899 901 903 905 908 910 912 914 916 918 920 922 924 926 927 929 931 932 933 935 936 937 937 938 938 939 939 938 938 937 936 935 934 932 930 927 925 922 919 915 911 907 903 898 893 888 883 877 872 866 860 854 847 841 835 828 822 816 809 803 796 790 784 778 771 765 759 753 747 742 736 730 724 719 714 708 703 698 693 688 683 678 673 669 664 660 655 651 647 643 639 635 631 627 624 620 617 613 610 607 603 600 597 595 592 589 586 584 581 579 577 574 572 570 568 566 564 562 561 559 557 556 555 553 552 551 550 549 548 547 546 545 544 544 543 543 542 542 542 541 541 541 541 541 541 541 542 542 542 543 543 543 544 545 545 546 547 547 548 549 550 551 552 553 554 555 556 558 559 560 562 563 564 566 567 569 570 572 573 575 576 578 580 581 583 585 586 588 590 591 593 595 596 598 600 602 603 605 607 608 610 612 613 615 616 618 620 621 623 624 626 627 628 630 631 632 634 635 636 637 639 640 641 642 643 644 645 646 646 647 648 648 649 649 649 650 650 650 650 650 650 650 650 650 650 650 650 651 651 651 651 651 652 652 652 653 648 644 639 635 631 628 626 637 629 635 626 623 614 608 602 604 607 608 605 605 618 616 610 601 593 600 598 609 611 612 611 605 571 546 547 555 559 565 571 580 584 591 593 620 620 607 608 599 597 549 530 516 512 504 505 521 545 561 570 581 591 591 604 620 637 661 683 708 718 711 708 717 682 678 658 644 639 641 644 634 632 630 627 632 646 665 677 684 681 675 669 664 661 657 653 650 650 652 664 683 710 734 764 794 822 841 829 824 827 840 841 841 842 844 846 848 851 854 857 861 864 868 871 875 878 882 886 890 894 897 902 906 910 914 918 922 927 931 935 940 944 949 953 958 962 
861 864 866 868 871 873 876 878 881 883 885 888 890 892 895 897 899 902 904 906 908 910 913 915 917 919 921 922 924 926 928 929 931 932 933 934 935 936 937 937 938 938 938 938 937 936 935 934 933 931 929 927 924 921 918 915 911 907 903 898 893 888 883 878 872 867 861 855 849 843 837 831 824 818 812 806 800 793 787 781 775 769 763 757 751 746 740 734 729 723 718 713 708 703 698 693 688 683 678 674 669 665 661 656 652 648 644 640 636 633 629 625 622 618 615 612 609 606 603 600 597 594 592 589 587 584 582 580 577 575 573 571 570 568 566 564 563 561 560 559 557 556 555 554 553 552 551 550 550 549 549 548 548 547 547 547 546 546 546 546 546 546 547 547 547 548 548 548 549 549 550 551 551 552 553 554 555 556 557 558 559 560 561 562 564 565 566 567 569 570 572 573 575 576 578 579 581 582 584 586 587 589 591 592 594 596 597 599 601 602 604 606 608 609 611 613 614 616 617 619 621 622 624 625 627 628 630 631 633 634 635 637 638 639 641 642 643 644 645 647 648 649 649 650 651 652 653 653 654 654 655 655 655 656 656 656 656 656 657 657 657 657 657 658 658 658 659 659 659 660 660 660 660 658 654 650 646 643 640 638 640 633 642 636 631 629 620 623 627 628 627 629 634 637 636 633 628 627 632 631 630 628 621 611 566 555 559 567 568 568 573 573 578 580 579 594 600 592 601 583 570 533 521 513 506 506 515 523 563 576 578 604 601 593 608 628 641 643 646 676 715 726 702 711 683 642 645 623 620 627 627 626 623 618 613 625 647 671 687 678 677 673 669 665 661 658 656 655 657 662 671 688 711 738 766 794 818 836 845 848 847 846 845 845 846 847 849 851 854 857 859 862 866 869 872 876 879 883 886 890 894 898 902 906 910 914 918 922 927 931 935 940 944 948 953 957 962 
862 865 867 870 872 874 877 879 882 884 886 889 891 893 896 898 900 902 905 907 909 911 913 915 917 919 921 923 924 926 928 929 931 932 933 934 935 936 936 937 937 937 937 937 936 936 935 933 932 930 928 926 923 920 917 914 910 906 902 898 893 889 884 878 873 868 862 856 851 845 839 833 827 821 815 809 802 796 790 784 779 773 767 761 755 750 744 739 733 728 723 717 712 707 702 697 693 688 683 679 674 670 665 661 657 653 649 645 641 638 634 631 627 624 620 617 614 611 608 605 602 600 597 594 592 590 587 585 583 581 579 577 575 573 571 570 568 567 565 564 563 561 560 559 558 557 556 556 555 554 554 553 553 552 552 552 552 551 551 551 551 552 552 552 552 553 553 553 554 554 555 556 556 557 558 559 560 561 562 563 564 565 566 567 568 569 571 572 573 575 576 578 579 581 582 584 585 587 588 590 592 593 595 597 598 600 602 603 605 607 608 610 612 613 615 617 618 620 622 623 625 626 628 630 631 633 634 636 637 638 640 641 643 644 645 646 648 649 650 651 652 653 654 655 656 657 658 658 659 660 660 661 661 661 662 662 662 663 663 663 664 664 664 665 665 665 666 666 667 667 668 668 668 668 668 664 660 657 653 649 647 647 642 655 651 647 645 645 645 649 650 655 659 659 659 657 646 646 651 653 648 640 629 604 569 570 573 582 575 573 570 567 569 572 573 577 581 578 575 562 545 520 518 510 513 511 523 536 565 573 578 591 606 607 607 603 620 606 604 627 650 668 662 658 645 617 615 612 614 617 619 618 617 617 617 625 643 661 675 680 680 677 674 670 667 665 664 664 667 672 682 697 718 742 767 791 812 828 838 844 846 847 847 847 848 850 851 853 856 858 861 864 867 870 873 876 880 883 887 891 894 898 902 906 910 914 918 922 926 931 935 939 944 948 952 957 961 
863 866 868 871 873 875 878 880 883 885 887 890 892 894 896 899 901 903 905 907 910 912 914 916 918 919 921 923 925 926 928 929 930 932 933 934 935 935 936 936 936 937 936 936 935 935 934 932 931 929 927 925 922 920 917 913 910 906 902 898 893 889 884 879 874 869 863 858 852 846 841 835 829 823 817 811 805 799 793 788 782 776 770 765 759 754 748 743 737 732 727 722 717 712 707 702 697 692 688 683 679 675 670 666 662 658 654 650 646 643 639 636 632 629 626 622 619 616 613 610 608 605 602 600 597 595 592 590 588 586 584 582 580 578 577 575 573 572 570 569 568 567 565 564 563 562 562 561 560 559 559 558 558 557 557 557 557 557 556 556 556 556 557 557 557 557 558 558 559 559 560 560 561 562 563 563 564 565 566 567 568 569 570 572 573 574 575 577 578 579 581 582 583 585 586 588 590 591 593 594 596 597 599 601 602 604 606 607 609 611 612 614 616 618 619 621 623 624 626 627 629 631 632 634 635 637 638 640 641 643 644 645 647 648 650 651 652 653 654 656 657 658 659 660 661 662 662 663 664 665 665 666 666 667 667 668 668 669 669 670 670 670 671 671 672 672 673 673 674 674 675 675 675 675 675 674 673 670 665 660 654 651 658 657 655 654 651 649 666 670 674 683 693 686 684 679 670 668 664 665 658 652 638 613 594 597 597 588 579 574 568 566 566 560 556 568 577 572 559 548 532 516 506 508 517 522 529 550 555 568 572 579 589 592 598 590 590 592 600 599 627 628 642 626 605 604 605 592 590 609 611 614 586 596 618 629 639 652 672 678 680 679 677 674 672 671 671 673 676 683 693 707 725 746 767 788 806 821 832 839 843 845 847 848 849 851 852 854 857 859 862 865 868 871 874 877 880 884 887 891 894 898 902 906 910 914 918 922 926 930 934 939 943 947 952 956 960 
864 867 869 871 874 876 879 881 883 886 888 890 893 895 897 899 902 904 906 908 910 912 914 916 918 920 921 923 925 926 928 929 930 931 932 933 934 935 935 936 936 936 936 935 934 934 933 931 930 928 926 924 922 919 916 913 909 906 902 898 893 889 884 879 874 869 864 859 853 848 842 837 831 825 819 814 808 802 796 791 785 779 774 768 763 757 752 746 741 736 731 726 721 716 711 706 702 697 692 688 684 679 675 671 667 663 659 655 651 648 644 641 637 634 631 627 624 621 618 615 613 610 607 605 602 600 598 595 593 591 589 587 585 583 582 580 579 577 576 574 573 572 571 570 569 568 567 566 565 565 564 563 563 562 562 562 562 561 561 561 561 561 562 562 562 562 563 563 564 564 565 565 566 567 567 568 569 570 571 572 573 574 575 576 577 579 580 581 582 584 585 586 588 589 591 592 594 595 597 599 600 602 603 605 607 608 610 612 613 615 617 618 620 622 623 625 627 628 630 631 633 635 636 638 639 641 642 644 645 647 648 650 651 652 654 655 656 658 659 660 661 662 663 664 665 666 667 668 669 670 670 671 672 672 673 673 674 674 675 676 676 677 677 678 678 679 680 680 681 681 682 682 683 683 682 682 681 680 677 671 664 655 646 646 660 673 671 669 670 672 696 716 715 709 704 697 691 684 679 673 664 661 652 641 626 613 604 596 585 578 574 568 560 555 557 567 568 564 553 551 541 515 498 498 505 512 533 556 566 571 576 581 586 594 599 600 598 592 589 592 595 602 598 588 589 594 591 572 570 577 584 579 568 569 575 584 609 639 669 675 678 679 679 678 677 677 678 681 686 692 702 715 731 749 768 785 802 815 826 833 839 842 845 847 849 851 853 855 857 860 862 865 868 871 874 877 880 884 887 891 894 898 902 906 910 913 917 921 926 930 934 938 942 947 951 955 960 
865 867 870 872 875 877 879 882 884 886 889 891 893 896 898 900 902 904 906 908 910 912 914 916 918 920 921 923 925 926 927 929 930 931 932 933 934 934 935 935 935 935 935 934 934 933 932 930 929 927 925 923 921 918 915 912 909 905 901 897 893 889 884 880 875 870 865 860 855 849 844 838 833 827 822 816 810 805 799 794 788 782 777 771 766 761 755 750 745 740 735 730 725 720 715 711 706 701 697 692 688 684 680 675 671 668 664 660 656 652 649 645 642 639 635 632 629 626 623 620 618 615 612 610 607 605 603 600 598 596 594 592 590 589 587 585 584 582 581 579 578 577 576 575 574 573 572 571 570 570 569 568 568 567 567 567 567 566 566 566 566 566 566 567 567 567 567 568 568 569 569 570 571 571 572 573 574 575 575 576 577 578 580 581 582 583 584 585 587 588 589 591 592 594 595 597 598 600 601 603 604 606 607 609 611 612 614 616 617 619 621 622 624 626 627 629 631 632 634 636 637 639 640 642 643 645 647 648 650 651 652 654 655 657 658 659 661 662 663 664 666 667 668 669 670 671 672 673 674 675 675 676 677 678 678 679 679 680 681 681 682 683 683 684 685 685 686 687 688 688 689 689 690 690 690 690 689 688 688 684 677 668 659 651 649 658 675 686 688 690 694 698 741 739 729 695 686 696 687 680 672 668 664 644 630 619 609 601 596 587 580 581 573 568 573 588 584 567 564 569 559 539 529 552 578 552 547 562 587 576 585 589 596 612 620 622 617 617 639 621 620 599 593 590 599 606 591 583 575 577 577 573 566 556 561 577 608 639 666 673 677 679 680 681 681 683 685 688 693 701 710 722 736 752 768 783 798 810 820 828 834 839 842 845 848 850 852 855 857 860 862 865 868 871 874 877 880 884 887 891 894 898 902 905 909 913 917 921 925 929 933 937 942 946 950 955 959 
866 868 871 873 875 878 880 882 885 887 889 892 894 896 898 900 902 905 907 909 911 913 914 916 918 920 921 923 924 926 927 928 930 931 932 932 933 933 934 934 934 934 934 933 933 932 931 929 928 926 924 922 920 917 914 911 908 905 901 897 893 889 885 880 875 871 866 861 856 850 845 840 834 829 824 818 813 807 802 796 791 785 780 775 769 764 759 754 749 744 739 734 729 724 719 715 710 706 701 697 692 688 684 680 676 672 668 664 661 657 654 650 647 644 640 637 634 631 628 625 623 620 617 615 612 610 608 605 603 601 599 597 595 594 592 590 589 587 586 584 583 582 581 580 579 578 577 576 575 574 574 573 573 572 572 572 571 571 571 571 571 571 571 571 572 572 572 573 573 574 574 575 575 576 577 577 578 579 580 581 582 583 584 585 586 587 589 590 591 592 594 595 597 598 599 601 602 604 605 607 608 610 612 613 615 616 618 620 621 623 625 626 628 630 631 633 635 636 638 640 641 643 644 646 647 649 651 652 654 655 657 658 659 661 662 664 665 666 667 669 670 671 672 673 674 676 677 678 678 679 680 681 682 683 683 684 685 686 686 687 688 689 689 690 691 692 692 693 694 695 695 696 696 697 697 697 697 697 696 696 692 684 677 672 671 678 689 700 702 705 709 714 750 759 740 694 687 690 677 685 674 640 654 637 622 619 614 610 600 592 592 593 596 604 619 631 627 629 630 596 577 555 554 565 584 562 562 597 620 605 610 622 632 629 652 651 645 635 623 628 621 616 649 642 652 625 614 601 593 590 582 566 551 553 564 581 610 639 664 671 675 679 681 683 685 687 690 694 700 707 717 728 740 754 768 782 794 806 815 823 830 835 839 843 846 848 851 854 856 859 862 865 867 870 873 877 880 883 887 890 894 897 901 905 909 912 916 920 924 928 933 937 941 945 949 954 958 
867 869 871 874 876 878 881 883 885 888 890 892 894 896 899 901 903 905 907 909 911 913 915 916 918 920 921 923 924 926 927 928 929 930 931 932 932 933 933 933 933 933 933 932 932 931 930 928 927 925 923 921 919 916 914 911 908 904 901 897 893 889 885 880 876 871 866 862 857 852 846 841 836 831 826 820 815 809 804 799 794 788 783 778 772 767 762 757 752 747 742 737 733 728 723 719 714 710 705 701 697 693 688 684 680 677 673 669 665 662 658 655 651 648 645 642 639 636 633 630 627 625 622 620 617 615 613 610 608 606 604 602 600 599 597 595 594 592 591 589 588 587 586 585 583 583 582 581 580 579 579 578 578 577 577 577 576 576 576 576 576 576 576 576 576 577 577 577 578 578 579 579 580 581 581 582 583 584 585 585 586 587 588 590 591 592 593 594 595 597 598 599 601 602 603 605 606 608 609 611 612 614 616 617 619 621 622 624 625 627 629 630 632 634 635 637 639 640 642 643 645 647 648 650 651 653 655 656 658 659 661 662 663 665 666 668 669 670 672 673 674 675 677 678 679 680 681 682 683 684 685 686 687 688 689 689 690 691 692 693 693 694 695 696 697 698 699 699 700 701 702 702 703 703 704 704 704 705 705 705 705 702 697 694 694 699 706 713 714 717 717 724 726 726 709 660 658 665 687 673 659 643 625 609 616 618 616 608 605 605 608 610 615 624 639 663 674 674 621 573 575 558 540 545 559 589 629 660 644 630 644 641 664 685 689 682 666 646 631 629 634 647 665 662 633 598 595 596 592 583 564 550 551 559 568 587 613 640 663 669 675 679 682 685 688 691 695 700 706 713 722 732 743 755 768 780 791 802 811 819 826 831 836 840 843 846 849 852 855 858 861 864 867 870 873 876 879 883 886 890 893 897 900 904 908 912 916 920 924 928 932 936 940 944 948 953 957 
867 870 872 874 877 879 881 884 886 888 890 893 895 897 899 901 903 905 907 909 911 913 915 916 918 920 921 923 924 925 927 928 929 930 930 931 932 932 932 932 932 932 932 931 931 930 929 927 926 924 922 920 918 916 913 910 907 904 900 897 893 889 885 881 876 872 867 862 858 853 848 843 838 832 827 822 817 812 806 801 796 791 786 781 775 770 765 760 756 751 746 741 736 732 727 723 718 714 709 705 701 697 693 689 685 681 677 673 670 666 663 659 656 653 650 647 644 641 638 635 632 630 627 624 622 620 617 615 613 611 609 607 605 603 602 600 598 597 596 594 593 592 590 589 588 587 587 586 585 584 584 583 583 582 582 581 581 581 581 581 581 581 581 581 581 581 582 582 582 583 583 584 584 585 586 587 587 588 589 590 591 592 593 594 595 596 597 598 600 601 602 603 605 606 608 609 610 612 613 615 616 618 620 621 623 624 626 628 629 631 633 634 636 638 639 641 642 644 646 647 649 651 652 654 655 657 658 660 662 663 665 666 667 669 670 672 673 674 676 677 678 680 681 682 683 684 685 687 688 689 690 691 692 693 693 694 695 696 697 698 699 700 701 702 703 703 704 705 706 707 708 709 709 710 711 711 712 712 712 713 714 714 715 715 715 718 721 722 724 726 724 715 706 699 683 674 675 677 680 680 665 648 631 617 609 605 617 618 619 621 620 625 635 652 677 718 697 657 592 591 571 561 559 560 564 571 638 659 656 655 660 669 680 716 722 709 687 664 647 638 641 663 649 618 594 589 591 594 591 565 553 554 558 564 573 593 616 641 663 669 674 679 683 687 690 694 699 704 710 717 726 735 745 756 767 778 789 799 807 815 822 827 832 837 841 844 847 850 853 856 859 863 866 869 872 875 878 882 885 889 892 896 900 903 907 911 915 919 923 927 931 935 939 943 947 952 956 
868 870 873 875 877 880 882 884 886 889 891 893 895 897 899 901 903 905 907 909 911 913 914 916 918 919 921 922 924 925 926 927 928 929 930 930 931 931 931 932 931 931 931 930 930 929 928 926 925 923 921 919 917 915 912 909 906 903 900 896 893 889 885 881 877 872 868 863 858 854 849 844 839 834 829 824 819 814 809 804 799 793 788 783 778 773 769 764 759 754 749 745 740 735 731 726 722 718 713 709 705 701 697 693 689 685 681 678 674 671 667 664 661 657 654 651 648 645 642 640 637 634 632 629 627 624 622 620 618 616 614 612 610 608 606 605 603 602 600 599 598 596 595 594 593 592 591 590 590 589 588 588 587 587 586 586 586 586 585 585 585 585 585 585 586 586 586 587 587 587 588 588 589 590 590 591 592 592 593 594 595 596 597 598 599 600 601 603 604 605 606 608 609 610 612 613 614 616 617 619 620 622 624 625 627 628 630 632 633 635 637 638 640 641 643 645 646 648 650 651 653 654 656 658 659 661 662 664 665 667 668 670 671 673 674 676 677 679 680 681 683 684 685 686 688 689 690 691 692 693 694 695 696 697 698 699 700 701 702 703 704 705 706 707 708 709 710 711 712 713 714 715 715 716 717 718 718 719 720 720 721 722 723 725 726 727 729 730 732 733 733 723 710 699 693 694 696 699 698 685 671 656 641 629 622 617 614 612 611 631 631 652 668 673 688 712 682 620 612 611 601 589 582 580 581 586 602 629 635 657 673 691 703 714 755 705 703 681 662 650 636 634 629 606 596 585 585 589 578 562 561 562 564 569 580 598 619 642 663 669 675 680 684 688 693 697 702 707 714 721 729 737 747 757 767 777 786 795 804 811 818 824 829 833 838 841 845 848 852 855 858 861 864 867 871 874 877 881 884 888 891 895 899 902 906 910 914 918 922 926 930 934 938 942 946 951 955 
868 871 873 875 878 880 882 884 887 889 891 893 895 897 899 901 903 905 907 909 911 913 914 916 918 919 921 922 923 924 926 927 927 928 929 930 930 930 931 931 931 930 930 929 929 928 927 925 924 922 920 918 916 914 911 909 906 903 899 896 892 889 885 881 877 873 868 864 859 855 850 845 840 836 831 826 821 816 811 806 801 796 791 786 781 776 771 767 762 757 753 748 743 739 734 730 726 721 717 713 709 705 701 697 693 689 686 682 679 675 672 668 665 662 659 656 653 650 647 644 641 639 636 634 631 629 627 625 622 620 618 616 615 613 611 610 608 606 605 604 602 601 600 599 598 597 596 595 594 594 593 592 592 591 591 591 590 590 590 590 590 590 590 590 590 590 591 591 591 592 592 593 593 594 595 595 596 597 598 598 599 600 601 602 603 604 605 607 608 609 610 612 613 614 616 617 618 620 621 623 624 626 627 629 631 632 634 635 637 639 640 642 644 645 647 648 650 652 653 655 657 658 660 661 663 665 666 668 669 671 672 674 675 677 678 680 681 682 684 685 687 688 689 690 692 693 694 695 696 698 699 700 701 702 703 704 705 706 707 708 709 710 711 712 713 714 715 717 718 718 719 720 721 722 723 724 725 726 726 727 728 729 731 732 733 734 736 737 738 739 740 737 728 720 716 716 718 714 703 691 678 665 653 643 635 630 627 625 625 626 647 633 665 687 693 652 647 639 633 632 636 625 615 609 608 609 616 627 639 650 665 686 714 725 726 715 696 692 672 652 636 615 605 597 592 589 590 592 584 571 568 568 569 575 586 602 620 642 664 670 675 680 685 690 695 699 705 710 716 723 731 739 748 757 766 775 784 793 800 808 814 820 825 830 835 839 842 846 849 853 856 859 863 866 869 873 876 879 883 886 890 894 897 901 905 909 913 917 921 925 929 933 937 941 945 950 954 
869 871 874 876 878 880 883 885 887 889 891 893 895 898 900 902 903 905 907 909 911 913 914 916 917 919 920 922 923 924 925 926 927 928 928 929 929 929 930 930 930 929 929 928 928 927 926 924 923 921 920 918 915 913 911 908 905 902 899 896 892 889 885 881 877 873 869 864 860 855 851 846 842 837 832 827 822 818 813 808 803 798 793 789 784 779 774 770 765 760 756 751 747 742 738 733 729 725 721 717 713 709 705 701 697 693 690 686 683 679 676 673 669 666 663 660 657 654 651 649 646 643 641 638 636 634 631 629 627 625 623 621 619 618 616 614 613 611 610 608 607 606 605 604 603 602 601 600 599 598 598 597 597 596 596 595 595 595 595 595 594 594 595 595 595 595 595 595 596 596 597 597 598 598 599 600 600 601 602 603 604 604 605 606 607 608 610 611 612 613 614 616 617 618 620 621 622 624 625 627 628 630 631 633 634 636 638 639 641 642 644 646 647 649 651 652 654 655 657 659 660 662 664 665 667 668 670 671 673 675 676 678 679 681 682 684 685 686 688 689 691 692 693 694 696 697 698 699 701 702 703 704 705 706 708 709 710 711 712 713 714 715 716 717 719 720 721 722 723 724 725 726 727 728 729 730 731 732 733 734 735 736 737 738 740 741 742 743 744 744 744 743 742 740 736 732 725 717 708 697 686 675 664 655 648 643 640 638 638 640 643 647 653 659 662 663 660 655 651 650 653 656 645 637 633 633 637 645 654 665 679 697 717 727 725 715 698 696 661 644 639 617 624 600 595 593 594 596 600 589 579 575 575 581 591 604 621 640 662 671 676 682 687 692 696 701 707 712 719 725 733 740 748 757 765 774 782 790 797 804 811 817 822 827 831 836 840 843 847 850 854 857 861 864 868 871 874 878 882 885 889 892 896 900 904 908 912 915 919 923 928 932 936 940 944 948 953 
869 872 874 876 878 881 883 885 887 889 891 894 896 898 900 902 903 905 907 909 911 912 914 915 917 918 920 921 922 923 924 925 926 927 927 928 928 929 929 929 929 928 928 927 927 926 925 923 922 920 919 917 915 912 910 907 905 902 899 895 892 888 885 881 877 873 869 865 861 856 852 847 843 838 834 829 824 819 815 810 805 800 796 791 786 782 777 772 768 763 759 754 750 746 741 737 733 729 724 720 716 712 709 705 701 697 694 690 687 683 680 677 674 670 667 664 661 659 656 653 650 648 645 643 640 638 636 634 632 630 628 626 624 622 620 619 617 616 614 613 612 610 609 608 607 606 605 604 604 603 602 602 601 601 600 600 600 599 599 599 599 599 599 599 599 599 600 600 600 600 601 601 602 602 603 604 604 605 606 607 608 609 609 610 611 613 614 615 616 617 618 620 621 622 624 625 626 628 629 631 632 634 635 637 638 640 641 643 645 646 648 649 651 653 654 656 658 659 661 662 664 666 667 669 670 672 674 675 677 678 680 681 683 684 686 687 689 690 692 693 694 696 697 698 700 701 702 704 705 706 707 708 710 711 712 713 714 715 717 718 719 720 721 722 724 725 726 727 728 729 730 731 732 733 734 735 737 738 739 740 741 742 743 744 745 746 747 748 748 749 748 747 745 743 739 735 729 721 713 703 694 684 675 667 661 656 653 651 651 652 655 659 664 669 671 672 670 668 666 665 667 671 670 662 658 656 658 663 671 681 693 708 723 724 721 711 697 680 662 646 631 657 633 601 597 596 598 600 604 602 590 583 581 585 593 605 620 638 658 672 678 683 688 693 698 703 709 714 720 727 734 741 749 756 764 772 780 787 794 801 807 813 818 823 828 833 837 841 844 848 852 855 859 862 866 869 873 876 880 884 887 891 895 899 902 906 910 914 918 922 926 930 935 939 943 947 951 
870 872 874 877 879 881 883 885 887 890 892 894 896 898 900 901 903 905 907 909 910 912 914 915 917 918 919 920 922 923 924 925 925 926 927 927 927 928 928 928 928 927 927 926 925 925 923 922 921 919 918 916 914 911 909 907 904 901 898 895 892 888 885 881 877 873 869 865 861 857 853 848 844 839 835 830 826 821 817 812 807 803 798 793 789 784 780 775 771 766 762 757 753 749 744 740 736 732 728 724 720 716 712 709 705 701 698 694 691 687 684 681 678 675 672 669 666 663 660 657 655 652 650 647 645 643 640 638 636 634 632 630 628 627 625 623 622 620 619 618 616 615 614 613 612 611 610 609 608 608 607 606 606 605 605 604 604 604 604 603 603 603 603 603 603 604 604 604 604 605 605 606 606 607 607 608 609 609 610 611 612 613 614 615 616 617 618 619 620 621 622 623 625 626 627 629 630 632 633 634 636 637 639 640 642 643 645 647 648 650 651 653 655 656 658 660 661 663 664 666 668 669 671 672 674 676 677 679 680 682 683 685 687 688 690 691 693 694 695 697 698 700 701 702 704 705 706 708 709 710 711 713 714 715 716 718 719 720 721 722 724 725 726 727 728 729 731 732 733 734 735 736 738 739 740 741 742 743 744 745 746 747 748 750 750 751 752 753 753 753 752 751 749 746 742 738 732 726 718 710 701 693 685 678 673 668 665 664 663 664 667 670 674 677 679 680 680 678 677 678 679 682 686 684 679 677 678 681 687 695 706 718 722 721 716 706 694 679 662 646 649 634 620 602 599 600 601 605 609 611 596 587 584 586 593 603 618 635 653 674 679 684 689 694 700 705 710 716 722 728 734 741 748 756 763 770 778 785 791 798 804 810 815 820 825 829 834 838 842 845 849 853 857 860 864 867 871 875 878 882 886 890 893 897 901 905 909 913 917 921 925 929 933 937 942 946 950 
870 872 875 877 879 881 883 885 888 890 892 894 896 898 900 901 903 905 907 908 910 912 913 915 916 917 919 920 921 922 923 924 925 925 926 926 927 927 927 927 927 926 926 925 924 923 922 921 920 918 917 915 913 911 908 906 903 900 898 895 891 888 885 881 877 874 870 866 862 858 853 849 845 841 836 832 827 823 818 814 809 805 800 796 791 787 782 778 773 769 765 760 756 752 748 743 739 735 731 727 724 720 716 712 709 705 702 698 695 691 688 685 682 679 676 673 670 667 664 662 659 656 654 652 649 647 645 643 640 638 637 635 633 631 629 628 626 625 623 622 621 620 618 617 616 615 614 613 613 612 611 611 610 610 609 609 608 608 608 608 608 608 608 608 608 608 608 608 609 609 609 610 610 611 611 612 613 613 614 615 616 617 618 618 619 621 622 623 624 625 626 627 629 630 631 633 634 635 637 638 640 641 643 644 646 647 649 650 652 653 655 657 658 660 662 663 665 666 668 670 671 673 674 676 678 679 681 682 684 686 687 689 690 692 693 695 696 698 699 701 702 703 705 706 708 709 710 712 713 714 716 717 718 719 721 722 723 724 726 727 728 729 730 732 733 734 735 737 738 739 740 741 742 744 745 746 747 748 749 750 751 752 753 754 755 756 756 757 757 756 755 754 752 749 746 741 736 730 723 716 709 702 695 689 684 680 677 675 675 675 677 680 682 685 687 688 688 687 687 688 689 691 695 698 698 695 695 697 702 709 717 720 719 716 711 702 690 677 662 647 632 619 609 604 602 603 606 609 613 615 598 588 583 584 590 600 614 630 648 668 681 686 691 696 701 706 711 717 722 728 735 741 748 755 762 769 775 782 789 795 801 806 812 817 822 826 831 835 839 843 847 850 854 858 862 865 869 873 876 880 884 888 892 896 899 903 907 911 915 919 924 928 932 936 940 944 949 
870 873 875 877 879 881 883 886 888 890 892 894 896 898 899 901 903 905 907 908 910 911 913 914 916 917 918 919 920 921 922 923 924 924 925 925 926 926 926 926 926 925 925 924 923 922 921 920 919 917 916 914 912 910 908 905 903 900 897 894 891 888 884 881 877 874 870 866 862 858 854 850 846 842 837 833 829 824 820 815 811 807 802 798 793 789 785 780 776 772 767 763 759 755 751 747 743 739 735 731 727 723 720 716 712 709 705 702 698 695 692 689 686 683 680 677 674 671 668 666 663 661 658 656 653 651 649 647 645 643 641 639 637 635 634 632 631 629 628 626 625 624 623 622 621 620 619 618 617 616 616 615 614 614 613 613 613 612 612 612 612 612 612 612 612 612 612 612 613 613 613 614 614 615 615 616 617 617 618 619 620 621 621 622 623 624 625 627 628 629 630 631 632 634 635 636 638 639 640 642 643 645 646 648 649 651 652 654 655 657 659 660 662 663 665 667 668 670 672 673 675 676 678 680 681 683 684 686 688 689 691 692 694 695 697 698 700 701 703 704 706 707 709 710 711 713 714 715 717 718 719 721 722 723 725 726 727 728 730 731 732 734 735 736 737 739 740 741 742 744 745 746 747 748 750 751 752 753 754 755 756 757 758 759 760 760 761 761 760 760 759 757 755 752 749 745 740 735 729 722 716 710 704 698 694 690 687 686 685 686 687 688 690 692 694 695 695 695 696 696 698 699 702 704 707 710 711 712 715 718 719 718 716 713 707 698 687 675 661 648 634 622 613 608 607 608 611 614 619 614 596 585 579 580 586 595 608 625 643 662 682 688 692 697 702 707 712 717 723 729 735 741 747 754 760 767 773 780 786 792 798 803 808 813 818 823 827 832 836 840 844 848 852 856 859 863 867 871 875 878 882 886 890 894 898 902 906 910 914 918 922 926 930 935 939 943 947 
871 873 875 877 879 881 883 886 888 890 892 894 895 897 899 901 903 905 906 908 909 911 912 914 915 916 918 919 920 921 921 922 923 924 924 924 925 925 925 925 924 924 924 923 922 921 920 919 918 916 915 913 911 909 907 904 902 899 897 894 891 888 884 881 877 874 870 867 863 859 855 851 847 843 838 834 830 826 821 817 813 808 804 800 795 791 787 783 778 774 770 766 762 758 754 750 746 742 738 734 730 727 723 719 716 712 709 706 702 699 696 693 690 687 684 681 678 675 672 670 667 665 662 660 658 655 653 651 649 647 645 643 642 640 638 637 635 634 632 631 630 628 627 626 625 624 623 622 621 621 620 619 619 618 618 617 617 617 616 616 616 616 616 616 616 616 616 617 617 617 618 618 618 619 619 620 621 621 622 623 624 625 625 626 627 628 629 630 632 633 634 635 636 637 639 640 641 643 644 645 647 648 650 651 653 654 656 657 659 661 662 664 665 667 669 670 672 674 675 677 678 680 681 683 685 686 688 689 691 693 694 696 697 699 700 702 703 705 706 708 709 711 712 714 715 716 718 719 721 722 723 725 726 727 729 730 731 733 734 735 736 738 739 740 742 743 744 745 747 748 749 750 752 753 754 755 756 757 759 760 761 762 762 763 764 764 764 764 764 763 762 761 758 756 753 749 744 739 734 729 723 717 712 707 703 700 698 696 695 695 696 697 698 700 701 702 702 703 703 704 705 706 708 710 712 714 716 717 718 718 718 716 714 709 703 695 685 674 662 649 638 627 619 615 613 614 617 620 624 609 590 578 573 573 579 589 602 618 637 656 676 689 694 698 703 708 713 718 723 729 734 740 746 752 758 765 771 777 783 789 794 800 805 810 815 820 824 829 833 837 841 845 849 853 857 861 865 869 873 876 880 884 888 892 896 900 904 908 912 916 921 925 929 933 937 942 946 
871 873 875 877 879 881 884 886 888 890 892 893 895 897 899 901 902 904 906 907 909 910 912 913 915 916 917 918 919 920 921 921 922 923 923 923 924 924 924 924 923 923 923 922 921 920 919 918 917 915 914 912 910 908 906 904 901 899 896 893 890 887 884 881 877 874 870 867 863 859 855 852 848 844 839 835 831 827 823 819 814 810 806 802 798 793 789 785 781 777 773 769 764 760 756 753 749 745 741 737 734 730 726 723 719 716 712 709 706 703 699 696 693 690 687 685 682 679 676 674 671 669 666 664 662 659 657 655 653 651 649 648 646 644 642 641 639 638 636 635 634 633 631 630 629 628 627 626 626 625 624 623 623 622 622 621 621 621 621 620 620 620 620 620 620 620 620 621 621 621 622 622 622 623 623 624 625 625 626 627 628 628 629 630 631 632 633 634 635 636 637 639 640 641 642 644 645 646 648 649 650 652 653 655 656 658 659 661 662 664 666 667 669 670 672 674 675 677 679 680 682 683 685 687 688 690 691 693 694 696 698 699 701 702 704 705 707 708 710 711 713 714 716 717 719 720 721 723 724 726 727 728 730 731 733 734 735 737 738 739 741 742 743 745 746 747 748 750 751 752 754 755 756 757 758 760 761 762 763 764 765 766 766 767 768 768 768 768 767 767 765 764 762 759 756 753 749 744 739 734 730 725 720 716 712 709 707 705 704 704 704 705 706 707 708 708 709 709 710 710 711 712 713 715 716 717 718 719 719 718 717 715 711 706 700 692 683 673 662 652 641 633 626 622 621 621 623 626 625 601 584 574 568 568 572 582 595 612 631 650 670 690 695 700 704 709 713 718 723 728 734 739 745 751 757 762 768 774 780 786 791 797 802 807 812 817 821 826 830 834 838 842 847 851 855 859 862 866 870 874 878 882 886 890 894 898 902 907 911 915 919 923 927 932 936 940 944 
871 873 875 877 879 881 883 885 887 889 891 893 895 897 899 900 902 904 905 907 908 910 911 913 914 915 916 917 918 919 920 921 921 922 922 922 923 923 923 923 922 922 921 921 920 919 918 917 916 914 913 911 909 907 905 903 901 898 895 893 890 887 884 881 877 874 871 867 863 860 856 852 848 844 840 836 832 828 824 820 816 812 808 804 800 795 791 787 783 779 775 771 767 763 759 755 752 748 744 740 737 733 730 726 723 719 716 713 709 706 703 700 697 694 691 688 686 683 680 678 675 673 670 668 666 664 661 659 657 655 653 652 650 648 647 645 643 642 641 639 638 637 635 634 633 632 631 630 630 629 628 628 627 626 626 626 625 625 625 624 624 624 624 624 624 624 624 625 625 625 626 626 626 627 627 628 629 629 630 631 631 632 633 634 635 636 637 638 639 640 641 642 644 645 646 647 649 650 651 653 654 655 657 658 660 661 663 664 666 667 669 671 672 674 675 677 679 680 682 684 685 687 688 690 692 693 695 696 698 699 701 703 704 706 707 709 710 712 713 715 716 718 719 721 722 724 725 727 728 729 731 732 734 735 736 738 739 740 742 743 744 746 747 748 750 751 752 754 755 756 758 759 760 761 762 764 765 766 767 768 769 769 770 771 771 771 771 771 771 770 769 767 765 763 760 757 753 749 745 740 736 732 728 724 720 718 716 714 713 712 712 712 713 714 714 715 715 715 716 716 717 717 718 719 719 720 720 720 719 718 716 713 709 704 698 690 682 673 663 654 645 638 633 629 628 628 630 633 617 594 596 630 567 565 568 574 588 605 625 645 666 685 697 701 705 709 713 718 723 728 733 738 743 749 755 760 766 772 777 783 788 793 799 804 808 813 818 822 827 831 835 840 844 848 852 856 860 864 868 872 876 880 884 888 892 897 901 905 909 913 917 922 926 930 934 938 943 
871 873 875 877 879 881 883 885 887 889 891 893 895 897 898 900 902 903 905 906 908 909 911 912 913 914 915 916 917 918 919 920 920 921 921 921 922 922 922 922 921 921 920 920 919 918 917 916 915 913 912 910 908 906 904 902 900 898 895 892 890 887 884 881 877 874 871 867 864 860 857 853 849 845 841 837 834 830 826 822 818 814 810 805 801 797 793 789 785 781 777 774 770 766 762 758 754 751 747 743 740 736 733 729 726 723 719 716 713 710 707 704 701 698 695 692 689 687 684 682 679 677 674 672 670 668 665 663 661 659 658 656 654 652 651 649 647 646 645 643 642 641 639 638 637 636 635 635 634 633 632 632 631 630 630 630 629 629 629 628 628 628 628 628 628 628 628 629 629 629 629 630 630 631 631 632 632 633 634 634 635 636 637 638 639 640 641 642 643 644 645 646 647 648 650 651 652 653 655 656 658 659 660 662 663 665 666 668 669 671 672 674 676 677 679 680 682 684 685 687 689 690 692 693 695 696 698 700 701 703 704 706 707 709 711 712 714 715 717 718 720 721 723 724 726 727 729 730 731 733 734 736 737 739 740 741 743 744 745 747 748 750 751 752 754 755 756 758 759 760 761 763 764 765 766 767 769 770 771 772 772 773 774 774 775 775 775 774 774 773 772 770 768 766 764 761 757 754 750 746 742 738 735 731 728 726 724 722 721 720 720 720 720 720 720 721 721 736 737 721 722 722 722 722 722 722 722 721 719 718 715 711 707 702 696 689 681 673 665 657 649 643 638 636 634 635 636 632 608 587 573 575 563 562 564 569 580 599 620 642 662 681 698 701 705 709 713 718 722 727 732 737 742 747 752 758 763 769 774 780 785 790 795 800 805 810 815 819 824 828 832 837 841 845 849 853 858 862 866 870 874 878 882 886 891 895 899 903 907 911 916 920 924 928 933 937 941 
871 873 875 877 879 881 883 885 887 889 891 893 895 896 898 900 901 903 904 906 907 909 910 911 913 914 915 916 917 917 918 919 919 920 920 920 921 921 921 920 920 920 919 919 918 917 916 915 914 912 911 909 907 906 904 901 899 897 894 892 889 886 883 880 877 874 871 867 864 861 857 853 850 846 842 838 835 831 827 823 819 815 811 807 803 799 795 791 788 784 780 776 772 768 765 761 757 753 750 746 743 739 736 732 729 726 723 719 716 713 710 707 704 701 698 696 693 690 688 685 683 680 678 676 674 671 669 667 665 663 661 660 658 656 655 653 651 650 648 647 646 645 643 642 641 640 639 639 638 637 636 636 635 634 634 634 633 633 633 632 632 632 632 632 632 632 632 632 633 633 633 634 634 635 635 636 636 637 638 638 639 640 641 641 642 643 644 645 646 647 648 650 651 652 653 654 656 657 658 660 661 662 664 665 667 668 670 671 673 674 676 677 679 680 682 684 685 687 688 690 692 693 695 697 698 700 701 703 704 706 708 709 711 712 714 715 717 718 720 722 723 725 726 728 729 731 732 733 735 736 738 739 741 742 743 745 746 748 749 750 752 753 755 756 757 759 760 761 763 764 765 766 768 769 770 771 772 773 774 775 776 777 777 778 778 778 778 778 777 776 775 774 772 770 767 765 762 758 755 751 748 745 741 738 736 733 731 730 728 728 727 727 727 727 727 727 727 744 745 726 726 726 726 725 725 724 723 722 720 717 714 710 706 700 694 687 680 673 666 659 653 647 644 641 640 641 643 622 601 582 568 563 560 560 561 565 576 602 619 640 660 678 695 702 706 709 713 717 721 726 730 735 740 745 750 755 761 766 771 776 782 787 792 797 802 807 811 816 821 825 829 834 838 842 847 851 855 859 863 868 872 876 880 884 889 893 897 901 905 910 914 918 922 927 931 935 940 
871 873 875 877 879 881 883 885 887 889 891 892 894 896 898 899 901 902 904 905 907 908 909 911 912 913 914 915 916 917 917 918 918 919 919 919 920 920 920 919 919 919 918 918 917 916 915 914 913 911 910 908 907 905 903 901 899 896 894 891 889 886 883 880 877 874 871 868 864 861 857 854 850 847 843 839 836 832 828 824 820 817 813 809 805 801 797 793 790 786 782 778 775 771 767 763 760 756 753 749 746 742 739 735 732 729 726 723 720 716 713 711 708 705 702 699 697 694 691 689 687 684 682 680 677 675 673 671 669 667 665 663 662 660 658 657 655 654 652 651 650 649 647 646 645 644 643 642 642 641 640 640 639 638 638 637 637 637 636 636 636 636 636 636 636 636 636 636 637 637 637 637 638 638 639 639 640 641 641 642 643 643 644 645 646 647 648 649 650 651 652 653 654 655 657 658 659 660 662 663 664 666 667 669 670 672 673 674 676 677 679 681 682 684 685 687 688 690 692 693 695 697 698 700 701 703 705 706 708 709 711 712 714 716 717 719 720 722 723 725 726 728 729 731 732 734 735 737 738 740 741 743 744 746 747 748 750 751 753 754 755 757 758 760 761 762 764 765 766 768 769 770 771 772 774 775 776 777 778 779 779 780 780 781 781 781 781 781 780 779 778 777 775 773 771 768 766 763 760 757 754 751 748 745 742 740 738 737 736 735 734 733 733 733 733 732 732 753 750 744 731 730 729 728 727 726 724 722 720 717 713 709 704 699 693 686 680 673 666 661 655 651 648 646 646 647 632 613 594 578 567 563 560 558 560 564 618 681 651 644 660 676 691 703 706 709 713 716 720 724 729 733 738 743 748 753 758 763 768 773 778 784 789 793 798 803 808 813 817 822 826 831 835 840 844 848 853 857 861 865 870 874 878 882 887 891 895 899 904 908 912 916 921 925 929 934 938 
871 873 875 877 879 881 883 885 887 888 890 892 894 896 897 899 900 902 903 905 906 907 909 910 911 912 913 914 915 916 916 917 917 918 918 918 919 919 918 918 918 918 917 917 916 915 914 913 912 910 909 907 906 904 902 900 898 896 893 891 888 886 883 880 877 874 871 868 865 861 858 854 851 847 844 840 837 833 829 825 822 818 814 810 807 803 799 795 792 788 784 780 777 773 769 766 762 759 755 752 748 745 742 738 735 732 729 726 723 720 717 714 711 708 705 703 700 698 695 693 690 688 686 683 681 679 677 675 673 671 669 667 665 664 662 661 659 658 656 655 654 652 651 650 649 648 647 646 646 645 644 643 643 642 642 641 641 641 640 640 640 640 640 640 640 640 640 640 640 641 641 641 642 642 643 643 644 644 645 646 646 647 648 649 650 650 651 652 653 654 656 657 658 659 660 661 663 664 665 666 668 669 671 672 673 675 676 678 679 681 682 684 685 687 688 690 692 693 695 696 698 700 701 703 705 706 708 709 711 712 714 716 717 719 720 722 723 725 726 728 730 731 733 734 736 737 739 740 742 743 744 746 747 749 750 752 753 755 756 757 759 760 762 763 764 766 767 768 770 771 772 773 775 776 777 778 779 780 781 782 782 783 784 784 784 784 784 784 783 782 781 780 778 777 775 772 770 767 765 762 759 756 754 751 749 747 745 744 742 741 740 740 739 739 738 738 737 761 763 756 735 734 732 731 730 728 726 723 720 717 713 708 703 698 692 685 679 673 667 662 657 654 652 651 651 639 621 604 588 574 567 562 559 558 560 575 675 702 705 684 668 682 687 700 706 709 712 715 719 723 727 731 736 740 745 750 755 760 765 770 775 780 785 790 795 800 805 809 814 819 823 828 832 837 841 846 850 854 859 863 867 872 876 880 884 889 893 897 902 906 910 915 919 923 928 932 936 
871 873 875 877 879 881 883 884 886 888 890 892 893 895 897 898 900 901 903 904 905 907 908 909 910 911 912 913 914 915 915 916 916 917 917 917 917 918 917 917 917 917 916 915 915 914 913 912 911 909 908 906 905 903 901 899 897 895 893 890 888 885 883 880 877 874 871 868 865 862 858 855 851 848 845 841 837 834 830 827 823 819 816 812 808 805 801 797 794 790 786 783 779 775 772 768 765 761 758 755 751 748 745 741 738 735 732 729 726 723 720 717 714 712 709 706 704 701 699 696 694 691 689 687 685 683 680 678 676 675 673 671 669 667 666 664 663 661 660 659 657 656 655 654 653 652 651 650 649 649 648 647 647 646 646 645 645 644 644 644 644 644 644 643 643 644 644 644 644 644 645 645 645 646 646 647 647 648 649 649 650 651 651 652 653 654 655 656 657 658 659 660 661 662 664 665 666 667 668 670 671 672 674 675 677 678 679 681 682 684 685 687 689 690 692 693 695 696 698 700 701 703 704 706 708 709 711 712 714 716 717 719 720 722 723 725 726 728 730 731 733 734 736 737 739 740 742 743 745 746 748 749 751 752 754 755 756 758 759 761 762 764 765 766 768 769 770 772 773 774 776 777 778 779 780 781 782 783 784 785 786 786 787 787 787 787 787 787 786 785 784 783 782 780 778 776 774 772 769 767 764 762 759 757 755 753 751 750 749 748 747 746 745 744 744 743 742 763 761 740 738 737 735 734 732 729 727 724 721 717 712 707 702 696 690 684 678 672 667 662 659 656 654 654 642 627 611 596 582 570 566 562 560 559 561 570 623 692 719 717 707 699 683 693 705 708 711 714 717 721 725 729 733 738 742 747 752 757 762 767 772 777 782 787 792 797 801 806 811 816 820 825 829 834 838 843 847 852 856 860 865 869 874 878 882 887 891 895 900 904 908 913 917 921 926 930 935 
871 873 875 877 878 880 882 884 886 888 890 891 893 895 896 898 899 901 902 904 905 906 907 908 909 910 911 912 913 914 914 915 915 916 916 916 916 916 916 916 916 915 915 914 914 913 912 911 910 908 907 906 904 902 900 899 896 894 892 890 887 885 882 880 877 874 871 868 865 862 859 855 852 849 845 842 838 835 831 828 824 821 817 813 810 806 803 799 795 792 788 785 781 778 774 771 767 764 760 757 754 751 747 744 741 738 735 732 729 726 723 720 718 715 712 710 707 704 702 700 697 695 693 690 688 686 684 682 680 678 676 674 673 671 670 668 666 665 664 662 661 660 659 658 657 656 655 654 653 652 652 651 650 650 649 649 648 648 648 648 647 647 647 647 647 647 647 648 648 648 648 649 649 649 650 650 651 651 652 653 653 654 655 656 657 658 658 659 660 661 662 663 665 666 667 668 669 671 672 673 674 676 677 678 680 681 683 684 686 687 689 690 692 693 695 696 698 699 701 703 704 706 707 709 711 712 714 716 717 719 720 722 723 725 726 728 730 731 733 734 736 737 739 740 742 743 745 746 748 749 751 752 754 755 757 758 760 761 762 764 765 767 768 770 771 772 774 775 776 777 779 780 781 782 783 784 785 786 787 788 789 789 790 790 790 790 790 790 789 788 787 786 785 784 782 780 778 776 774 772 769 767 765 763 761 759 758 756 755 754 753 752 751 750 749 748 747 746 745 744 742 740 738 736 734 731 728 725 721 717 712 707 701 695 689 683 677 671 666 662 659 657 656 643 630 616 602 589 577 569 565 562 560 560 564 595 602 696 712 716 709 687 672 684 697 706 709 712 715 719 722 726 730 735 739 744 749 753 758 763 768 773 778 783 788 793 798 803 808 812 817 822 826 831 836 840 845 849 854 858 863 867 871 876 880 885 889 893 898 902 907 911 915 920 924 929 933 
870 872 874 876 878 880 882 884 886 887 889 891 892 894 896 897 899 900 901 903 904 905 906 908 909 910 911 911 912 913 913 914 914 915 915 915 915 915 915 915 915 914 914 913 913 912 911 910 909 907 906 905 903 901 900 898 896 894 892 889 887 884 882 879 877 874 871 868 865 862 859 856 852 849 846 842 839 836 832 829 825 822 818 815 811 808 804 801 797 794 790 787 783 780 776 773 770 766 763 760 756 753 750 747 744 741 738 735 732 729 726 723 721 718 715 713 710 708 705 703 700 698 696 694 692 689 687 685 683 682 680 678 676 675 673 672 670 669 667 666 665 664 662 661 660 659 658 658 657 656 655 655 654 654 653 653 652 652 652 651 651 651 651 651 651 651 651 651 651 652 652 652 653 653 653 654 654 655 656 656 657 658 658 659 660 661 662 663 664 665 666 667 668 669 670 671 673 674 675 676 678 679 680 682 683 684 686 687 689 690 692 693 695 696 698 699 701 702 704 706 707 709 710 712 714 715 717 718 720 722 723 725 726 728 729 731 733 734 736 737 739 740 742 743 745 746 748 749 751 752 754 755 757 758 760 761 763 764 766 767 768 770 771 773 774 775 777 778 779 781 782 783 784 785 786 787 788 789 790 791 791 792 792 793 793 793 793 792 792 791 791 789 788 787 785 784 782 780 778 776 774 772 770 768 766 765 763 762 761 759 758 757 756 755 754 753 752 751 749 747 746 744 741 739 736 733 729 725 721 717 712 706 700 694 688 681 675 670 665 661 659 657 645 631 618 606 593 582 572 567 564 561 560 560 563 571 586 626 698 707 698 687 660 673 687 703 707 710 713 716 720 723 727 732 736 741 745 750 755 760 765 770 775 780 785 790 795 800 804 809 814 819 823 828 833 837 842 847 851 856 860 865 869 874 878 882 887 891 896 900 905 909 913 918 922 927 931 
870 872 874 876 878 880 882 883 885 887 889 890 892 893 895 897 898 899 901 902 903 905 906 907 908 909 910 910 911 912 912 913 913 914 914 914 914 914 914 914 914 913 913 912 911 911 910 909 908 906 905 904 902 901 899 897 895 893 891 889 886 884 882 879 876 874 871 868 865 862 859 856 853 850 846 843 840 837 833 830 826 823 820 816 813 809 806 802 799 795 792 789 785 782 778 775 772 769 765 762 759 756 753 750 747 744 741 738 735 732 729 726 724 721 718 716 713 711 708 706 704 701 699 697 695 693 691 689 687 685 683 681 680 678 677 675 674 672 671 670 668 667 666 665 664 663 662 661 660 660 659 658 658 657 657 656 656 655 655 655 655 655 655 654 654 655 655 655 655 655 655 656 656 656 657 657 658 658 659 660 660 661 662 663 663 664 665 666 667 668 669 670 671 672 673 675 676 677 678 679 681 682 683 685 686 687 689 690 692 693 695 696 698 699 701 702 704 705 707 709 710 712 713 715 717 718 720 721 723 725 726 728 729 731 732 734 735 737 739 740 742 743 745 746 748 749 751 752 754 755 757 758 760 761 763 764 766 767 769 770 771 773 774 776 777 778 780 781 782 783 785 786 787 788 789 790 791 792 793 793 794 795 795 795 796 796 795 795 795 794 793 793 791 790 789 787 786 784 782 781 779 777 775 773 772 770 769 767 766 765 764 763 762 760 759 758 757 755 753 751 749 747 744 741 738 734 730 736 722 717 712 706 699 693 686 679 673 668 663 660 658 647 634 621 609 597 586 576 569 566 563 560 559 559 561 566 589 625 665 716 697 688 649 660 677 693 705 707 710 713 716 720 724 728 733 737 742 747 751 756 761 766 771 776 781 786 791 796 801 806 811 816 820 825 830 835 839 844 849 853 858 862 867 871 876 880 885 889 894 898 903 907 912 916 921 925 930 
870 872 874 876 878 879 881 883 885 886 888 890 891 893 894 896 897 899 900 901 903 904 905 906 907 908 909 909 910 911 911 912 912 913 913 913 913 913 913 913 913 912 912 911 910 910 909 908 907 906 904 903 901 900 898 896 894 892 890 888 886 884 881 879 876 874 871 868 865 862 859 856 853 850 847 844 841 837 834 831 827 824 821 817 814 811 807 804 801 797 794 790 787 784 781 777 774 771 768 764 761 758 755 752 749 746 743 740 738 735 732 729 727 724 721 719 716 714 711 709 707 705 702 700 698 696 694 692 690 688 687 685 683 682 680 679 677 676 674 673 672 671 670 668 667 667 666 665 664 663 663 662 661 661 660 660 659 659 659 659 658 658 658 658 658 658 658 658 658 659 659 659 660 660 660 661 661 662 663 663 664 665 665 666 667 668 669 669 670 671 672 673 674 676 677 678 679 680 681 683 684 685 686 688 689 691 692 693 695 696 698 699 701 702 704 705 707 708 710 711 713 715 716 718 719 721 723 724 726 727 729 731 732 734 735 737 738 740 741 743 745 746 748 749 751 752 754 755 757 758 760 761 763 764 766 767 769 770 771 773 774 776 777 778 780 781 782 784 785 786 788 789 790 791 792 793 794 795 795 796 797 797 798 798 798 798 798 798 798 797 796 796 795 794 792 791 789 788 786 785 783 782 780 778 777 775 774 773 771 770 769 768 767 765 764 763 761 759 757 755 753 750 747 743 740 747 731 742 722 717 712 706 699 691 684 677 670 665 660 657 654 640 626 613 601 589 580 572 568 565 562 560 558 558 559 561 570 593 666 698 693 712 675 650 666 685 702 704 707 710 713 717 721 725 729 734 738 743 748 753 758 763 768 773 778 783 788 793 798 803 808 813 818 822 827 832 837 841 846 851 855 860 864 869 874 878 883 887 892 896 901 905 910 914 919 923 928 
870 871 873 875 877 879 881 882 884 886 888 889 891 892 894 895 897 898 899 901 902 903 904 905 906 907 908 909 909 910 910 911 911 912 912 912 912 912 912 912 911 911 911 910 909 909 908 907 906 905 903 902 900 899 897 896 894 892 890 888 885 883 881 878 876 873 871 868 865 862 860 857 854 851 848 844 841 838 835 832 828 825 822 819 815 812 809 805 802 799 796 792 789 786 783 779 776 773 770 767 764 761 758 755 752 749 746 743 740 738 735 732 729 727 724 722 719 717 714 712 710 708 705 703 701 699 697 695 694 692 690 688 687 685 683 682 681 679 678 677 675 674 673 672 671 670 669 668 667 667 666 665 665 664 664 663 663 663 662 662 662 662 662 662 661 662 662 662 662 662 662 663 663 663 664 664 665 665 666 666 667 668 669 669 670 671 672 673 674 675 676 677 678 679 680 681 682 683 685 686 687 688 690 691 692 694 695 696 698 699 701 702 704 705 707 708 710 711 713 714 716 717 719 721 722 724 725 727 729 730 732 733 735 737 738 740 741 743 744 746 747 749 750 752 753 755 756 758 760 761 763 764 766 767 768 770 771 773 774 776 777 778 780 781 783 784 785 787 788 789 790 791 792 794 795 796 796 797 798 799 799 800 800 801 801 801 801 801 800 800 799 799 798 797 796 794 793 792 790 789 787 786 784 783 782 780 779 778 776 775 774 773 772 770 769 767 766 764 761 759 756 753 750 746 742 747 732 737 722 717 712 705 698 690 681 674 667 661 656 653 651 636 621 606 594 583 575 569 567 565 562 560 558 556 556 557 558 563 597 662 649 695 672 640 658 678 697 701 703 706 709 713 717 721 725 730 735 739 744 749 754 759 764 769 774 780 785 790 795 800 805 810 815 819 824 829 834 839 843 848 853 858 862 867 871 876 881 885 890 894 899 903 908 913 917 922 926 
869 871 873 875 877 878 880 882 884 885 887 889 890 892 893 895 896 897 899 900 901 902 903 904 905 906 907 908 908 909 909 910 910 911 911 911 911 911 911 911 910 910 910 909 908 908 907 906 905 904 902 901 900 898 896 895 893 891 889 887 885 883 880 878 876 873 871 868 865 863 860 857 854 851 848 845 842 839 836 833 829 826 823 820 817 813 810 807 804 800 797 794 791 788 785 781 778 775 772 769 766 763 760 757 754 751 749 746 743 740 738 735 732 730 727 725 722 720 717 715 713 711 709 706 704 702 700 699 697 695 693 692 690 688 687 685 684 683 681 680 679 678 676 675 674 673 673 672 671 670 670 669 668 668 667 667 666 666 666 666 665 665 665 665 665 665 665 665 665 666 666 666 666 667 667 668 668 669 669 670 670 671 672 673 673 674 675 676 677 678 679 680 681 682 683 684 685 686 688 689 690 691 693 694 695 697 698 699 701 702 704 705 706 708 709 711 712 714 716 717 719 720 722 723 725 726 728 730 731 733 735 736 738 739 741 742 744 745 747 749 750 752 753 755 756 758 759 761 762 764 765 767 768 770 771 773 774 776 777 778 780 781 783 784 785 787 788 789 790 792 793 794 795 796 797 798 799 800 801 801 802 802 803 803 803 803 803 803 803 803 802 801 801 800 799 798 797 795 794 793 792 790 789 788 786 785 784 783 781 780 779 778 776 775 774 772 770 768 766 763 760 756 753 748 744 752 733 737 731 717 712 705 697 687 678 670 662 656 651 648 647 635 618 602 589 579 572 569 567 566 563 561 558 556 555 554 553 552 553 580 585 594 608 629 652 673 693 697 699 702 705 709 713 717 721 726 731 735 740 745 750 756 761 766 771 776 781 786 791 797 802 807 812 817 821 826 831 836 841 846 850 855 860 865 869 874 879 883 888 892 897 902 906 911 915 920 924 
869 871 873 874 876 878 880 881 883 885 886 888 889 891 892 894 895 896 898 899 900 901 902 903 904 905 906 906 907 908 908 909 909 909 910 910 910 910 910 910 909 909 908 908 907 906 906 905 904 903 901 900 899 897 896 894 892 890 889 887 884 882 880 878 875 873 870 868 865 863 860 857 854 851 848 845 842 839 836 833 830 827 824 821 818 815 811 808 805 802 799 796 793 789 786 783 780 777 774 771 768 765 762 760 757 754 751 748 745 743 740 737 735 732 730 727 725 723 720 718 716 714 712 709 707 705 704 702 700 698 696 695 693 692 690 689 687 686 685 683 682 681 680 679 678 677 676 675 674 674 673 672 672 671 671 670 670 669 669 669 669 669 668 668 668 668 668 669 669 669 669 669 670 670 670 671 671 672 672 673 674 674 675 676 677 677 678 679 680 681 682 683 684 685 686 687 688 689 691 692 693 694 696 697 698 699 701 702 704 705 706 708 709 711 712 714 715 717 718 720 721 723 724 726 728 729 731 732 734 736 737 739 740 742 744 745 747 748 750 751 753 754 756 757 759 760 762 763 765 766 768 769 771 772 774 775 777 778 780 781 782 784 785 787 788 789 790 792 793 794 795 796 798 799 800 801 801 802 803 804 804 805 805 805 806 806 806 806 806 805 805 804 804 803 802 801 800 799 798 797 795 794 793 792 791 790 788 787 786 785 784 782 781 780 778 776 774 772 770 767 764 760 756 751 746 750 744 738 731 716 711 704 695 684 674 665 657 650 645 642 641 638 619 601 586 576 571 569 569 568 566 563 559 557 556 556 555 556 549 551 561 575 603 627 649 670 690 692 695 698 701 705 709 713 717 722 727 732 737 742 747 752 757 762 767 773 778 783 788 793 799 804 809 814 819 824 829 833 838 843 848 853 858 862 867 872 876 881 886 890 895 900 904 909 914 918 923 
868 870 872 874 876 877 879 881 883 884 886 887 889 890 892 893 894 895 897 898 899 900 901 902 903 904 904 905 906 907 907 908 908 908 909 909 909 909 909 908 908 908 907 907 906 905 905 904 903 902 900 899 898 896 895 893 892 890 888 886 884 882 880 877 875 873 870 868 865 863 860 857 854 852 849 846 843 840 837 834 831 828 825 822 819 816 813 810 807 803 800 797 794 791 788 785 782 779 776 773 770 768 765 762 759 756 753 751 748 745 743 740 737 735 733 730 728 725 723 721 719 717 714 712 710 708 707 705 703 701 700 698 696 695 693 692 690 689 688 687 685 684 683 682 681 680 679 678 678 677 676 676 675 674 674 674 673 673 672 672 672 672 672 672 672 672 672 672 672 672 672 673 673 673 674 674 675 675 676 676 677 678 678 679 680 681 681 682 683 684 685 686 687 688 689 690 691 692 694 695 696 697 698 700 701 702 704 705 706 708 709 711 712 714 715 716 718 719 721 722 724 726 727 729 730 732 733 735 737 738 740 741 743 745 746 748 749 751 752 754 755 757 758 760 761 763 765 766 768 769 771 772 773 775 776 778 779 781 782 784 785 786 788 789 790 792 793 794 795 797 798 799 800 801 802 803 804 805 805 806 807 807 808 808 808 808 808 808 808 808 807 807 806 806 805 804 803 802 801 800 799 798 797 796 795 794 793 792 791 789 788 787 786 784 783 781 779 777 774 771 768 764 759 754 749 754 747 739 732 723 719 712 698 687 669 660 651 643 637 634 633 635 624 603 587 576 572 574 575 575 570 567 563 561 571 566 567 609 610 573 568 586 610 631 651 671 685 687 690 693 697 700 704 709 713 718 723 728 733 738 743 748 753 759 764 769 775 780 785 790 795 801 806 811 816 821 826 831 836 841 846 851 855 860 865 870 874 879 884 889 893 898 903 907 912 916 921 
868 870 872 873 875 877 879 880 882 884 885 887 888 889 891 892 893 894 895 897 898 899 900 901 901 902 903 904 905 905 906 906 907 907 908 908 908 908 908 907 907 907 906 906 905 904 904 903 902 901 900 898 897 896 894 892 891 889 887 885 883 881 879 877 875 873 870 868 865 863 860 857 855 852 849 846 844 841 838 835 832 829 826 823 820 817 814 811 808 805 802 799 796 793 790 787 784 781 778 775 772 770 767 764 761 758 756 753 750 748 745 743 740 738 735 733 730 728 726 724 722 719 717 715 713 711 710 708 706 704 703 701 699 698 696 695 694 692 691 690 689 687 686 685 684 683 683 682 681 680 680 679 678 678 677 677 676 676 676 676 675 675 675 675 675 675 675 675 675 675 676 676 676 677 677 677 678 678 679 679 680 681 681 682 683 684 684 685 686 687 688 689 690 691 692 693 694 695 696 698 699 700 701 703 704 705 707 708 709 711 712 713 715 716 718 719 721 722 724 725 727 728 730 731 733 734 736 738 739 741 742 744 745 747 749 750 752 753 755 756 758 760 761 763 764 766 767 769 770 772 773 775 776 777 779 780 782 783 785 786 787 789 790 791 793 794 795 797 798 799 800 801 802 803 804 805 806 807 808 808 809 809 810 810 810 811 811 811 811 810 810 810 809 809 808 807 806 806 805 804 803 802 801 800 799 798 797 796 795 794 793 791 790 789 787 785 783 781 778 775 772 768 763 758 764 761 751 740 731 729 718 703 690 676 667 660 644 635 628 625 625 627 631 612 592 580 579 585 591 591 590 583 570 588 654 655 660 704 696 692 665 618 625 640 656 673 679 682 685 688 692 696 700 704 709 714 719 724 729 734 739 745 750 755 761 766 771 777 782 787 793 798 803 808 813 818 823 828 833 838 843 848 853 858 863 868 872 877 882 887 891 896 901 905 910 915 919 
868 869 871 873 875 876 878 880 881 883 884 886 887 888 890 891 892 893 894 895 896 897 898 899 900 901 902 903 903 904 905 905 906 906 906 907 907 907 906 906 906 906 905 905 904 903 903 902 901 900 899 897 896 895 893 892 890 888 887 885 883 881 879 877 875 872 870 868 865 863 860 858 855 852 850 847 844 841 838 836 833 830 827 824 821 818 815 812 809 806 803 800 797 795 792 789 786 783 780 777 774 772 769 766 763 760 758 755 753 750 747 745 742 740 738 735 733 731 729 726 724 722 720 718 716 714 712 711 709 707 706 704 702 701 699 698 697 695 694 693 692 691 690 689 688 687 686 685 684 683 683 682 682 681 681 680 680 679 679 679 679 678 678 678 678 678 678 678 678 679 679 679 679 680 680 681 681 681 682 683 683 684 684 685 686 687 687 688 689 690 691 692 693 694 695 696 697 698 699 701 702 703 704 705 707 708 709 711 712 713 715 716 718 719 720 722 723 725 726 728 729 731 732 734 735 737 738 740 742 743 745 746 748 750 751 753 754 756 757 759 761 762 764 765 767 768 770 771 773 774 775 777 778 780 781 783 784 786 787 788 790 791 792 794 795 796 798 799 800 801 802 803 805 806 806 807 808 809 810 810 811 812 812 812 813 813 813 813 813 813 813 812 812 811 811 810 809 809 808 807 806 805 805 804 803 802 801 800 799 798 797 796 795 793 792 790 788 785 783 780 776 772 767 761 755 764 756 742 738 727 716 698 690 664 653 650 644 636 622 616 616 619 623 629 607 596 604 629 661 650 670 670 641 680 715 707 700 693 690 687 683 669 645 650 662 671 673 676 679 683 687 691 695 700 704 709 714 720 725 730 735 741 746 752 757 763 768 773 779 784 790 795 800 805 811 816 821 826 831 836 841 846 851 856 861 866 870 875 880 885 890 894 899 904 908 913 918 
867 869 871 872 874 876 877 879 880 882 883 885 886 887 888 890 891 892 893 894 895 896 897 898 899 900 901 901 902 903 903 904 904 905 905 905 905 905 905 905 905 905 904 904 903 902 902 901 900 899 898 896 895 894 892 891 889 888 886 884 882 880 878 876 874 872 870 867 865 863 860 858 855 853 850 847 844 842 839 836 833 831 828 825 822 819 816 813 810 808 805 802 799 796 793 790 788 785 782 779 776 773 771 768 765 763 760 757 755 752 750 747 745 742 740 738 736 733 731 729 727 725 723 721 719 717 715 714 712 710 709 707 705 704 702 701 700 698 697 696 695 694 693 692 691 690 689 688 687 687 686 685 685 684 684 683 683 683 682 682 682 682 681 681 681 681 681 681 682 682 682 682 683 683 683 684 684 685 685 686 686 687 687 688 689 690 690 691 692 693 694 695 696 697 698 699 700 701 702 703 705 706 707 708 709 711 712 713 715 716 717 719 720 722 723 724 726 727 729 730 732 733 735 736 738 739 741 743 744 746 747 749 750 752 754 755 757 758 760 761 763 764 766 767 769 770 772 773 775 776 778 779 781 782 784 785 787 788 789 791 792 793 795 796 797 799 800 801 802 803 805 806 807 808 809 810 810 811 812 813 813 814 814 815 815 815 815 815 815 815 815 815 814 814 814 813 812 812 811 810 810 809 808 807 807 806 805 804 803 802 801 800 799 797 796 794 792 790 787 784 781 777 772 766 759 766 764 751 743 736 723 706 679 673 645 652 646 635 626 620 620 621 622 634 643 651 656 664 672 682 691 702 705 703 697 692 689 691 691 678 673 660 657 658 662 664 667 670 673 677 681 685 690 695 700 705 710 715 721 726 732 737 743 748 754 759 765 770 776 781 787 792 797 803 808 813 818 824 829 834 839 844 849 854 859 864 868 873 878 883 888 892 897 902 907 911 916 
867 868 870 872 873 875 877 878 880 881 882 884 885 886 887 889 890 891 892 893 894 895 896 897 898 899 899 900 901 901 902 902 903 903 904 904 904 904 904 904 904 903 903 902 902 901 900 900 899 898 897 896 894 893 892 890 889 887 885 884 882 880 878 876 874 872 870 867 865 863 860 858 855 853 850 848 845 842 840 837 834 831 829 826 823 820 817 815 812 809 806 803 800 798 795 792 789 786 783 781 778 775 773 770 767 765 762 759 757 754 752 750 747 745 743 740 738 736 734 732 730 728 726 724 722 720 718 716 715 713 711 710 708 707 705 704 703 701 700 699 698 697 696 695 694 693 692 691 690 690 689 688 688 687 687 686 686 686 685 685 685 685 685 685 684 684 685 685 685 685 685 685 686 686 686 687 687 688 688 689 689 690 691 691 692 693 693 694 695 696 697 698 699 700 701 702 703 704 705 706 707 708 710 711 712 713 715 716 717 719 720 721 723 724 726 727 728 730 731 733 734 736 737 739 740 742 743 745 746 748 750 751 753 754 756 757 759 761 762 764 765 767 768 770 771 773 774 776 777 779 780 782 783 785 786 787 789 790 792 793 794 796 797 798 800 801 802 803 804 806 807 808 809 810 811 812 812 813 814 815 815 816 816 817 817 817 817 817 817 817 817 817 817 817 816 816 815 815 814 813 813 812 812 811 810 809 809 808 807 806 805 804 803 802 800 799 797 795 792 789 786 781 777 771 764 771 775 766 748 742 744 723 708 668 678 670 657 640 627 626 624 620 620 628 638 648 645 647 655 661 665 670 673 678 676 676 691 683 669 663 666 657 651 652 654 657 660 663 667 671 676 680 685 690 695 701 706 711 717 722 728 734 739 745 751 756 762 767 773 778 784 789 795 800 805 811 816 821 826 831 837 842 847 852 857 862 866 871 876 881 886 891 895 900 905 910 914 
866 868 869 871 873 874 876 877 879 880 881 883 884 885 886 887 889 890 891 892 893 894 895 896 896 897 898 899 899 900 901 901 902 902 902 903 903 903 903 903 903 902 902 901 901 900 899 899 898 897 896 895 893 892 891 889 888 886 885 883 881 879 878 876 874 871 869 867 865 863 860 858 855 853 850 848 845 843 840 837 835 832 829 827 824 821 818 816 813 810 807 805 802 799 796 793 791 788 785 782 780 777 774 772 769 767 764 762 759 757 754 752 749 747 745 743 740 738 736 734 732 730 728 726 724 723 721 719 717 716 714 713 711 710 708 707 706 704 703 702 701 700 699 698 697 696 695 694 693 693 692 691 691 690 690 689 689 689 688 688 688 688 688 688 688 688 688 688 688 688 688 688 689 689 689 690 690 691 691 692 692 693 693 694 695 696 696 697 698 699 700 701 702 703 704 705 706 707 708 709 710 711 712 714 715 716 717 719 720 721 723 724 725 727 728 730 731 732 734 735 737 738 740 741 743 744 746 747 749 750 752 753 755 757 758 760 761 763 764 766 767 769 771 772 774 775 777 778 780 781 782 784 785 787 788 790 791 792 794 795 796 798 799 800 802 803 804 805 806 808 809 810 811 812 813 814 814 815 816 817 817 818 818 819 819 819 819 820 820 820 820 819 819 819 819 818 818 817 817 816 816 815 815 814 813 813 812 811 811 810 809 808 807 806 804 803 801 799 797 794 791 787 782 776 770 762 773 789 765 759 735 728 718 701 684 689 669 639 628 625 629 635 622 630 633 637 634 634 633 637 644 651 669 671 690 669 678 672 669 653 652 639 641 643 646 649 652 656 661 665 670 675 680 685 691 696 702 707 713 719 724 730 736 742 747 753 759 764 770 776 781 787 792 797 803 808 814 819 824 829 834 839 845 850 855 860 865 869 874 879 884 889 894 898 903 908 913 
865 867 869 870 872 873 875 876 877 879 880 881 883 884 885 886 887 889 890 891 892 893 894 894 895 896 897 897 898 899 899 900 900 901 901 901 901 902 902 902 902 901 901 900 900 899 898 898 897 896 895 894 893 891 890 889 887 886 884 882 881 879 877 875 873 871 869 867 865 862 860 858 856 853 851 848 846 843 841 838 835 833 830 827 825 822 819 817 814 811 808 806 803 800 797 795 792 789 787 784 781 779 776 774 771 768 766 764 761 759 756 754 752 749 747 745 743 741 739 737 735 733 731 729 727 725 723 722 720 718 717 715 714 712 711 710 708 707 706 705 704 703 702 701 700 699 698 697 696 696 695 695 694 693 693 693 692 692 691 691 691 691 691 691 691 691 691 691 691 691 691 691 692 692 692 693 693 694 694 695 695 696 696 697 698 698 699 700 701 702 703 703 704 705 706 707 708 709 710 712 713 714 715 716 717 719 720 721 722 724 725 726 728 729 731 732 733 735 736 738 739 741 742 744 745 747 748 750 751 753 754 756 757 759 760 762 763 765 767 768 770 771 773 774 776 777 779 780 782 783 785 786 788 789 790 792 793 794 796 797 799 800 801 802 804 805 806 807 808 810 811 812 813 814 815 815 816 817 818 819 819 820 820 821 821 821 822 822 822 822 822 822 822 821 821 821 821 820 820 819 819 818 818 817 817 816 815 815 814 813 813 812 811 810 809 807 806 804 801 799 796 792 788 782 776 768 776 792 780 758 740 718 712 707 693 676 665 677 631 615 618 635 629 628 628 625 620 616 613 611 613 630 636 638 665 645 640 643 650 641 636 628 630 633 637 641 645 649 654 659 664 670 675 680 686 692 697 703 709 715 721 727 732 738 744 750 756 761 767 773 778 784 789 795 800 806 811 817 822 827 832 837 843 848 853 858 863 868 873 877 882 887 892 897 902 906 911 
865 866 868 869 871 872 874 875 876 878 879 880 882 883 884 885 886 887 888 889 890 891 892 893 894 895 895 896 897 897 898 898 899 899 900 900 900 900 900 901 900 900 900 899 899 898 897 897 896 895 894 893 892 891 889 888 886 885 883 882 880 878 877 875 873 871 869 867 865 862 860 858 856 853 851 848 846 844 841 839 836 833 831 828 826 823 820 818 815 812 809 807 804 801 799 796 793 791 788 786 783 780 778 775 773 770 768 765 763 761 758 756 754 752 749 747 745 743 741 739 737 735 733 731 730 728 726 724 723 721 720 718 717 715 714 713 711 710 709 708 707 706 705 704 703 702 701 700 699 699 698 697 697 696 696 695 695 695 694 694 694 694 694 694 694 694 694 694 694 694 694 694 695 695 695 696 696 696 697 697 698 699 699 700 701 701 702 703 704 704 705 706 707 708 709 710 711 712 713 714 715 716 718 719 720 721 722 724 725 726 728 729 730 732 733 734 736 737 739 740 742 743 744 746 747 749 750 752 753 755 756 758 759 761 763 764 766 767 769 770 772 773 775 776 778 779 781 782 784 785 787 788 790 791 792 794 795 797 798 799 801 802 803 804 806 807 808 809 810 811 813 814 815 816 816 817 818 819 820 820 821 822 822 823 823 823 823 824 824 824 824 824 824 824 824 823 823 823 822 822 822 821 821 820 820 819 819 818 818 817 816 815 815 814 812 811 810 808 806 804 801 798 794 789 783 776 767 781 773 758 755 732 724 702 689 676 684 662 643 607 609 619 623 621 618 614 607 600 592 585 582 593 609 636 711 668 642 632 630 641 635 616 620 624 628 633 637 642 648 653 659 664 670 676 682 687 693 699 705 711 717 723 729 735 741 747 753 759 764 770 776 781 787 793 798 804 809 814 820 825 830 835 841 846 851 856 861 866 871 876 881 886 890 895 900 905 910 
864 865 867 868 870 871 873 874 875 877 878 879 880 882 883 884 885 886 887 888 889 890 891 892 893 893 894 895 895 896 897 897 898 898 898 899 899 899 899 899 899 899 899 898 898 897 896 896 895 894 893 892 891 890 888 887 886 884 883 881 880 878 876 874 872 870 869 867 864 862 860 858 856 853 851 849 846 844 841 839 837 834 831 829 826 824 821 818 816 813 810 808 805 803 800 797 795 792 790 787 785 782 780 777 775 772 770 767 765 763 760 758 756 754 752 749 747 745 743 741 739 738 736 734 732 730 729 727 725 724 722 721 719 718 717 715 714 713 712 710 709 708 707 706 706 705 704 703 702 702 701 700 700 699 699 698 698 698 697 697 697 697 697 697 696 696 696 697 697 697 697 697 697 698 698 698 699 699 700 700 701 701 702 703 703 704 705 705 706 707 708 709 710 711 712 713 714 715 716 717 718 719 720 721 723 724 725 726 728 729 730 731 733 734 735 737 738 740 741 742 744 745 747 748 750 751 753 754 756 757 759 760 762 763 765 766 768 769 771 772 774 775 777 778 780 781 783 784 786 787 789 790 792 793 794 796 797 799 800 801 803 804 805 806 808 809 810 811 812 813 814 815 816 817 818 819 820 821 821 822 823 823 824 824 825 825 825 826 826 826 826 826 826 826 826 826 825 825 825 825 824 824 823 823 823 822 822 821 821 820 820 819 818 817 816 815 814 812 811 809 806 803 800 796 790 784 775 780 777 767 758 742 691 680 660 648 658 719 652 611 616 667 627 610 610 614 602 587 572 560 559 565 580 605 644 640 612 617 640 643 629 605 609 614 619 625 630 636 641 647 653 659 665 671 677 683 689 696 702 708 714 720 726 732 738 744 750 756 762 768 773 779 785 790 796 801 807 812 818 823 828 833 839 844 849 854 859 864 869 874 879 884 889 894 898 903 908 
863 864 866 867 869 870 872 873 874 876 877 878 879 881 882 883 884 885 886 887 888 889 890 891 891 892 893 894 894 895 895 896 896 897 897 897 897 898 898 898 898 898 898 897 897 896 895 895 894 893 892 891 890 889 888 886 885 884 882 881 879 877 876 874 872 870 868 866 864 862 860 858 856 853 851 849 847 844 842 839 837 834 832 829 827 824 822 819 817 814 811 809 806 804 801 799 796 794 791 789 786 784 781 779 776 774 772 769 767 765 762 760 758 756 754 752 750 748 746 744 742 740 738 736 735 733 731 729 728 726 725 723 722 721 719 718 717 716 714 713 712 711 710 709 708 707 707 706 705 704 704 703 703 702 702 701 701 701 700 700 700 700 699 699 699 699 699 699 700 700 700 700 700 701 701 701 702 702 703 703 704 704 705 705 706 707 707 708 709 710 711 712 712 713 714 715 716 717 718 719 720 722 723 724 725 726 727 729 730 731 732 734 735 736 738 739 741 742 743 745 746 748 749 750 752 753 755 756 758 759 761 762 764 765 767 768 770 771 773 774 776 777 779 780 782 783 785 786 788 789 791 792 794 795 796 798 799 800 802 803 804 806 807 808 809 811 812 813 814 815 816 817 818 819 820 821 822 822 823 824 824 825 826 826 826 827 827 827 828 828 828 828 828 828 828 828 828 827 827 827 827 826 826 826 825 825 825 824 824 823 823 822 821 821 820 819 818 816 815 813 811 809 806 802 798 792 784 775 786 781 765 743 692 662 668 660 673 694 623 637 632 681 679 663 644 644 617 581 561 538 544 548 554 568 573 583 605 620 621 634 612 593 599 605 611 617 623 629 635 641 648 654 660 667 673 679 686 692 698 704 711 717 723 729 735 741 747 753 759 765 771 777 782 788 794 799 805 810 816 821 826 832 837 842 847 852 857 862 867 872 877 882 887 892 897 902 906 
862 864 865 866 868 869 871 872 873 875 876 877 878 879 881 882 883 884 885 886 887 888 888 889 890 891 892 892 893 893 894 894 895 895 896 896 896 896 896 896 896 896 896 896 896 895 894 894 893 892 891 890 889 888 887 886 884 883 881 880 878 877 875 873 872 870 868 866 864 862 860 858 856 854 851 849 847 844 842 840 837 835 832 830 827 825 822 820 817 815 812 810 807 805 802 800 797 795 792 790 787 785 783 780 778 776 773 771 769 767 764 762 760 758 756 754 752 750 748 746 744 742 740 739 737 735 734 732 730 729 727 726 725 723 722 721 719 718 717 716 715 714 713 712 711 710 709 709 708 707 707 706 705 705 705 704 704 703 703 703 703 702 702 702 702 702 702 702 702 702 703 703 703 703 704 704 704 705 705 706 706 707 707 708 709 709 710 711 712 712 713 714 715 716 717 718 719 720 721 722 723 724 725 726 727 729 730 731 732 734 735 736 737 739 740 741 743 744 746 747 748 750 751 753 754 755 757 758 760 761 763 764 766 767 769 770 772 773 775 776 778 779 781 782 784 785 787 788 790 791 793 794 796 797 798 800 801 802 804 805 806 807 809 810 811 812 814 815 816 817 818 819 820 821 822 823 823 824 825 826 826 827 827 828 828 829 829 829 829 830 830 830 830 830 830 830 830 830 829 829 829 829 828 828 828 828 827 827 826 826 826 825 824 824 823 822 821 820 819 818 816 814 811 808 805 800 793 784 772 800 781 759 725 732 720 662 644 683 680 667 646 679 656 647 645 623 628 606 565 549 533 533 538 553 564 580 589 594 590 596 591 583 589 596 602 609 616 622 629 636 642 649 656 662 669 675 682 688 695 701 708 714 720 726 733 739 745 751 757 763 769 774 780 786 792 797 803 808 814 819 824 830 835 840 845 851 856 861 866 871 876 881 886 891 895 900 905 
861 862 864 865 867 868 869 871 872 873 875 876 877 878 879 880 881 883 884 884 885 886 887 888 889 890 890 891 891 892 893 893 893 894 894 894 895 895 895 895 895 895 895 895 895 894 893 893 892 891 890 889 888 887 886 885 884 882 881 879 878 876 875 873 871 869 868 866 864 862 860 858 856 854 851 849 847 845 842 840 838 835 833 830 828 826 823 821 818 816 813 811 808 806 803 801 799 796 794 791 789 787 784 782 779 777 775 773 770 768 766 764 762 760 758 756 754 752 750 748 746 744 743 741 739 738 736 734 733 731 730 728 727 726 724 723 722 721 720 719 718 716 716 715 714 713 712 711 711 710 709 709 708 708 707 707 706 706 706 706 705 705 705 705 705 705 705 705 705 705 705 706 706 706 706 707 707 708 708 709 709 710 710 711 711 712 713 713 714 715 716 717 718 718 719 720 721 722 723 724 725 727 728 729 730 731 732 733 735 736 737 738 740 741 742 744 745 746 748 749 751 752 753 755 756 758 759 761 762 763 765 766 768 769 771 772 774 775 777 778 780 781 783 784 786 787 789 790 792 793 794 796 797 799 800 802 803 804 805 807 808 809 810 812 813 814 815 816 817 818 819 820 821 822 823 824 825 826 826 827 828 828 829 829 830 830 831 831 831 831 832 832 832 832 832 832 832 832 831 831 831 831 831 831 830 830 830 829 829 829 828 828 827 827 826 825 825 824 823 821 820 818 816 814 811 807 801 794 782 765 778 765 726 703 713 712 686 701 702 659 668 653 627 637 620 617 616 606 574 595 547 530 529 532 567 585 603 582 564 573 574 573 580 587 595 602 609 616 624 631 638 645 651 658 665 672 678 685 692 698 705 711 718 724 730 736 742 749 755 761 766 772 778 784 790 795 801 806 812 817 823 828 833 839 844 849 854 859 864 869 874 879 884 889 894 899 904 
860 861 863 864 866 867 868 870 871 872 873 875 876 877 878 879 880 881 882 883 884 885 886 887 887 888 889 890 890 891 891 892 892 892 893 893 893 893 894 894 894 894 894 893 893 893 892 892 891 890 889 888 887 886 885 884 883 881 880 879 877 876 874 873 871 869 867 865 864 862 860 858 856 853 851 849 847 845 842 840 838 835 833 831 828 826 824 821 819 816 814 812 809 807 804 802 800 797 795 793 790 788 786 783 781 779 777 774 772 770 768 766 764 762 760 758 756 754 752 750 748 747 745 743 741 740 738 737 735 734 732 731 729 728 727 726 724 723 722 721 720 719 718 717 716 716 715 714 713 713 712 711 711 710 710 710 709 709 709 708 708 708 708 708 708 708 708 708 708 708 708 708 709 709 709 709 710 710 711 711 712 712 713 713 714 715 715 716 717 718 718 719 720 721 722 723 724 725 726 727 728 729 730 731 732 733 735 736 737 738 739 741 742 743 745 746 747 749 750 751 753 754 755 757 758 760 761 763 764 765 767 768 770 771 773 774 776 777 779 780 782 783 785 786 787 789 790 792 793 795 796 798 799 800 802 803 805 806 807 808 810 811 812 813 815 816 817 818 819 820 821 822 823 824 825 826 826 827 828 829 829 830 830 831 831 832 832 833 833 833 833 833 834 834 834 834 834 834 833 833 833 833 833 833 832 832 832 832 831 831 831 830 830 829 829 828 827 827 826 825 824 822 821 819 816 813 809 802 791 773 745 752 716 690 680 666 670 684 671 656 632 623 601 605 608 600 591 592 589 588 589 524 518 518 546 575 587 562 547 555 565 580 572 580 588 596 603 611 618 626 633 640 647 655 662 668 675 682 689 695 702 709 715 721 728 734 740 746 752 758 764 770 776 782 788 793 799 805 810 816 821 826 832 837 842 847 853 858 863 868 873 878 883 888 893 897 902 
859 860 862 863 865 866 867 869 870 871 872 874 875 876 877 878 879 880 881 882 883 884 885 885 886 887 888 888 889 889 890 890 891 891 891 892 892 892 892 892 892 892 892 892 892 892 891 891 890 889 888 888 887 885 884 883 882 881 879 878 877 875 874 872 870 869 867 865 863 861 859 857 855 853 851 849 847 845 843 840 838 836 834 831 829 827 824 822 820 817 815 812 810 808 805 803 801 798 796 794 792 789 787 785 783 780 778 776 774 772 770 768 766 764 762 760 758 756 754 752 750 749 747 745 744 742 740 739 737 736 735 733 732 731 729 728 727 726 725 724 723 722 721 720 719 718 717 717 716 715 715 714 714 713 713 712 712 712 711 711 711 711 710 710 710 710 710 710 710 711 711 711 711 711 712 712 712 713 713 714 714 715 715 716 717 717 718 719 719 720 721 722 723 723 724 725 726 727 728 729 730 731 732 733 735 736 737 738 739 740 742 743 744 745 747 748 749 751 752 753 755 756 758 759 760 762 763 765 766 767 769 770 772 773 775 776 778 779 780 782 783 785 786 788 789 791 792 794 795 796 798 799 801 802 803 805 806 807 809 810 811 813 814 815 816 817 818 819 821 822 823 824 825 825 826 827 828 829 829 830 831 831 832 832 833 833 834 834 834 835 835 835 835 835 835 835 835 835 835 835 835 835 835 835 835 834 834 834 833 833 833 832 832 832 831 831 830 829 828 827 826 825 824 822 820 817 814 808 799 783 750 729 715 709 680 684 652 624 665 632 604 599 593 596 599 584 579 575 589 581 580 519 508 510 528 545 583 552 538 538 547 568 564 573 582 590 598 606 614 621 629 637 644 651 658 665 672 679 686 693 700 706 713 719 726 732 738 744 750 757 763 768 774 780 786 792 797 803 808 814 819 825 830 835 841 846 851 856 861 866 871 876 881 886 891 896 901 
858 859 861 862 863 865 866 867 869 870 871 872 873 875 876 877 878 879 880 881 882 882 883 884 885 886 886 887 887 888 888 889 889 890 890 890 891 891 891 891 891 891 891 891 891 890 890 890 889 888 887 887 886 885 884 882 881 880 879 877 876 875 873 871 870 868 866 865 863 861 859 857 855 853 851 849 847 845 843 840 838 836 834 832 829 827 825 822 820 818 816 813 811 809 806 804 802 800 797 795 793 791 788 786 784 782 780 778 775 773 771 769 767 765 763 762 760 758 756 754 752 751 749 747 746 744 743 741 740 738 737 736 734 733 732 731 729 728 727 726 725 724 723 722 721 721 720 719 719 718 717 717 716 716 715 715 714 714 714 714 713 713 713 713 713 713 713 713 713 713 713 714 714 714 714 715 715 715 716 716 717 717 718 718 719 720 720 721 722 723 723 724 725 726 727 728 729 730 731 732 733 734 735 736 737 738 739 740 741 743 744 745 746 748 749 750 751 753 754 755 757 758 760 761 762 764 765 766 768 769 771 772 774 775 776 778 779 781 782 784 785 787 788 790 791 792 794 795 797 798 799 801 802 804 805 806 808 809 810 812 813 814 815 817 818 819 820 821 822 823 824 825 826 827 828 829 829 830 831 832 832 833 833 834 834 835 835 836 836 836 836 837 837 837 837 837 837 837 837 837 837 837 837 837 836 836 836 836 835 835 835 834 834 834 833 833 832 831 830 829 828 827 826 824 822 820 816 811 804 789 791 706 705 729 672 678 709 620 619 666 613 596 596 599 592 577 567 560 558 593 547 523 497 511 528 531 558 541 527 530 540 558 558 567 576 585 593 602 610 618 625 633 641 648 655 663 670 677 684 691 697 704 711 717 724 730 736 742 749 755 761 767 773 778 784 790 796 801 807 812 818 823 829 834 839 844 850 855 860 865 870 875 880 885 890 895 900 
857 858 860 861 862 864 865 866 867 869 870 871 872 873 874 875 876 877 878 879 880 881 882 883 883 884 885 885 886 887 887 888 888 888 889 889 889 889 889 890 890 890 890 889 889 889 889 889 888 887 887 886 885 884 883 882 881 879 878 877 875 874 872 871 869 868 866 864 862 861 859 857 855 853 851 849 847 845 843 841 838 836 834 832 830 828 825 823 821 819 816 814 812 810 807 805 803 801 798 796 794 792 790 788 785 783 781 779 777 775 773 771 769 767 765 763 762 760 758 756 754 753 751 750 748 746 745 743 742 741 739 738 737 735 734 733 732 731 730 729 728 727 726 725 724 723 722 722 721 720 720 719 719 718 718 717 717 717 716 716 716 716 716 716 715 715 715 716 716 716 716 716 716 717 717 717 718 718 718 719 719 720 720 721 722 722 723 724 724 725 726 727 727 728 729 730 731 732 733 734 735 736 737 738 739 740 741 742 744 745 746 747 748 750 751 752 754 755 756 757 759 760 762 763 764 766 767 768 770 771 773 774 775 777 778 780 781 783 784 785 787 788 790 791 793 794 795 797 798 800 801 802 804 805 806 808 809 810 812 813 814 816 817 818 819 820 821 822 823 825 825 826 827 828 829 830 831 831 832 833 834 834 835 835 836 836 837 837 837 838 838 838 838 838 838 839 839 839 839 839 839 838 838 838 838 838 838 837 837 837 837 836 836 835 835 834 833 833 832 831 830 828 827 825 823 820 816 810 801 785 780 744 689 670 663 679 650 619 640 667 611 598 601 582 582 569 571 546 536 533 521 520 529 519 512 512 522 516 515 524 534 544 553 563 572 581 589 598 606 614 622 630 638 646 653 660 667 675 682 688 695 702 709 715 722 728 734 741 747 753 759 765 771 777 783 788 794 800 805 811 816 822 827 833 838 843 848 854 859 864 869 874 879 884 889 894 898 
856 857 859 860 861 862 864 865 866 867 868 869 870 872 873 874 875 876 877 878 879 879 880 881 882 883 883 884 885 885 886 886 887 887 887 888 888 888 888 888 888 888 888 888 888 888 888 887 887 886 886 885 884 883 882 881 880 878 877 876 874 873 872 870 869 867 865 864 862 860 858 857 855 853 851 849 847 845 843 841 839 837 834 832 830 828 826 824 821 819 817 815 813 810 808 806 804 802 799 797 795 793 791 789 787 785 783 781 779 777 775 773 771 769 767 765 763 762 760 758 756 755 753 752 750 748 747 745 744 743 741 740 739 738 736 735 734 733 732 731 730 729 728 727 726 726 725 724 723 723 722 722 721 721 720 720 720 719 719 719 718 718 718 718 718 718 718 718 718 718 718 719 719 719 719 720 720 720 721 721 722 722 723 723 724 725 725 726 727 727 728 729 730 731 731 732 733 734 735 736 737 738 739 740 741 742 743 745 746 747 748 749 751 752 753 754 756 757 758 759 761 762 763 765 766 768 769 770 772 773 774 776 777 779 780 781 783 784 786 787 789 790 791 793 794 796 797 798 800 801 803 804 805 807 808 809 811 812 813 814 816 817 818 819 820 822 823 824 825 826 827 828 829 830 830 831 832 833 834 834 835 835 836 837 837 837 838 838 839 839 839 839 840 840 840 840 840 840 840 840 840 840 840 840 840 839 839 839 839 838 838 838 837 837 836 835 835 834 833 832 830 829 827 825 822 818 813 805 795 777 766 748 707 675 662 662 626 610 632 604 600 606 607 580 560 550 554 541 539 521 515 528 518 537 515 523 532 514 510 520 530 540 550 559 568 578 586 595 604 612 620 628 636 643 651 658 666 673 680 687 694 700 707 714 720 727 733 739 745 752 758 764 770 776 781 787 793 798 804 810 815 821 826 831 837 842 847 852 857 863 868 873 878 883 888 892 897 
855 856 857 858 860 861 862 863 864 866 867 868 869 870 871 872 873 874 875 876 877 878 879 880 880 881 882 883 883 884 884 885 885 886 886 886 886 887 887 887 887 887 887 887 887 886 886 886 885 885 884 884 883 882 881 880 879 877 876 875 874 872 871 869 868 866 865 863 861 860 858 856 854 853 851 849 847 845 843 841 839 837 835 833 830 828 826 824 822 820 818 815 813 811 809 807 805 803 801 798 796 794 792 790 788 786 784 782 780 778 776 774 772 771 769 767 765 763 762 760 758 757 755 754 752 750 749 748 746 745 743 742 741 740 739 737 736 735 734 733 732 731 730 730 729 728 727 727 726 725 725 724 724 723 723 722 722 722 721 721 721 721 721 721 721 720 720 721 721 721 721 721 721 722 722 722 722 723 723 724 724 725 725 726 726 727 728 728 729 730 730 731 732 733 734 735 735 736 737 738 739 740 741 742 743 745 746 747 748 749 750 751 753 754 755 756 758 759 760 761 763 764 765 767 768 769 771 772 773 775 776 778 779 780 782 783 785 786 787 789 790 792 793 794 796 797 799 800 801 803 804 805 807 808 809 811 812 813 814 816 817 818 819 821 822 823 824 825 826 827 828 829 830 831 832 833 833 834 835 835 836 837 837 838 838 839 839 840 840 840 840 841 841 841 841 841 841 841 841 841 841 841 841 841 841 841 841 840 840 840 839 839 838 838 837 836 836 835 833 832 830 828 826 823 820 815 808 800 788 771 748 737 707 691 678 649 644 651 647 622 639 600 590 616 582 550 535 523 536 516 533 529 505 546 510 501 511 509 507 530 527 537 547 557 566 575 584 593 602 610 618 626 634 642 649 657 664 671 678 685 692 699 706 712 719 725 732 738 744 750 756 762 768 774 780 786 792 797 803 808 814 819 825 830 835 841 846 851 856 861 866 871 876 881 886 891 896 
853 854 856 857 858 859 861 862 863 864 865 866 867 869 870 871 872 873 874 875 875 876 877 878 879 880 880 881 882 882 883 883 884 884 885 885 885 885 885 885 885 885 885 885 885 885 885 884 884 884 883 883 882 881 880 879 878 877 875 874 873 872 870 869 867 866 864 863 861 859 858 856 854 852 850 849 847 845 843 841 839 837 835 833 831 829 827 825 822 820 818 816 814 812 810 808 806 804 802 799 797 795 793 791 789 787 785 783 781 780 778 776 774 772 770 769 767 765 763 762 760 759 757 755 754 752 751 750 748 747 746 744 743 742 741 740 739 737 736 735 735 734 733 732 731 730 730 729 728 728 727 727 726 726 725 725 724 724 724 724 723 723 723 723 723 723 723 723 723 723 723 723 724 724 724 724 725 725 726 726 726 727 728 728 729 729 730 731 731 732 733 733 734 735 736 737 738 739 740 740 741 742 743 744 746 747 748 749 750 751 752 753 755 756 757 758 760 761 762 763 765 766 767 768 770 771 773 774 775 777 778 779 781 782 783 785 786 788 789 790 792 793 795 796 797 799 800 801 803 804 805 807 808 809 811 812 813 815 816 817 818 819 821 822 823 824 825 826 827 828 829 830 831 832 833 834 834 835 836 837 837 838 838 839 839 840 840 841 841 841 842 842 842 842 842 843 843 843 843 843 843 843 843 842 842 842 842 842 841 841 840 840 839 839 838 837 836 835 834 832 830 828 825 821 817 811 804 794 782 766 746 723 718 703 694 656 633 614 639 605 620 644 599 666 644 574 530 533 564 519 496 507 484 504 520 514 537 506 517 524 526 536 546 556 565 574 583 592 600 609 617 625 633 640 648 655 663 670 677 684 691 698 704 711 718 724 730 737 743 749 755 761 767 773 779 785 790 796 802 807 813 818 824 829 834 840 845 850 855 860 865 870 875 880 885 890 895 
852 853 854 856 857 858 859 860 861 862 864 865 866 867 868 869 870 871 872 873 874 875 875 876 877 878 879 879 880 881 881 882 882 883 883 883 883 884 884 884 884 884 884 884 884 883 883 883 883 882 882 881 881 880 879 878 877 876 875 873 872 871 869 868 867 865 864 862 861 859 857 856 854 852 850 848 847 845 843 841 839 837 835 833 831 829 827 825 823 821 819 817 815 813 811 809 807 804 802 800 798 796 794 792 790 789 787 785 783 781 779 777 775 774 772 770 768 767 765 764 762 760 759 757 756 754 753 752 750 749 748 746 745 744 743 742 741 740 739 738 737 736 735 734 733 733 732 731 731 730 729 729 728 728 728 727 727 726 726 726 726 726 725 725 725 725 725 725 725 726 726 726 726 726 727 727 727 728 728 728 729 729 730 730 731 732 732 733 733 734 735 736 736 737 738 739 740 741 742 743 744 745 745 747 748 749 750 751 752 753 754 755 757 758 759 760 761 763 764 765 766 768 769 770 772 773 774 776 777 778 780 781 782 784 785 786 788 789 791 792 793 795 796 797 799 800 801 803 804 805 807 808 809 811 812 813 815 816 817 818 819 821 822 823 824 825 826 827 828 829 830 831 832 833 834 835 836 836 837 838 838 839 840 840 841 841 841 842 842 843 843 843 843 843 844 844 844 844 844 844 844 844 844 844 843 843 843 843 842 842 841 841 840 839 838 837 836 835 833 831 829 826 823 819 814 808 800 790 778 762 744 725 719 701 681 663 636 638 618 607 599 618 640 607 601 595 575 538 529 533 506 512 485 479 493 517 516 498 508 517 527 537 546 556 565 574 583 591 600 608 616 624 632 640 647 655 662 669 676 683 690 697 703 710 717 723 729 736 742 748 754 760 766 772 778 784 789 795 801 806 812 817 823 828 833 839 844 849 854 859 864 869 874 879 884 889 894 
850 851 853 854 855 856 857 858 859 861 862 863 864 865 866 867 868 869 870 871 872 873 873 874 875 876 877 877 878 879 879 880 880 881 881 882 882 882 882 882 882 882 882 882 882 882 882 881 881 881 880 880 879 879 878 877 876 875 874 873 871 870 869 867 866 865 863 862 860 858 857 855 853 852 850 848 846 845 843 841 839 837 835 833 831 829 827 825 823 821 819 817 815 813 811 809 807 805 803 801 799 797 796 794 792 790 788 786 784 782 781 779 777 775 773 772 770 768 767 765 764 762 761 759 758 756 755 753 752 751 750 748 747 746 745 744 743 742 741 740 739 738 737 736 736 735 734 733 733 732 732 731 731 730 730 729 729 729 729 728 728 728 728 728 728 728 728 728 728 728 728 728 728 729 729 729 729 730 730 731 731 732 732 733 733 734 734 735 736 736 737 738 738 739 740 741 742 743 744 745 745 746 747 748 750 751 752 753 754 755 756 757 758 760 761 762 763 764 766 767 768 770 771 772 773 775 776 777 779 780 781 783 784 785 787 788 789 791 792 793 795 796 797 799 800 802 803 804 805 807 808 809 811 812 813 814 816 817 818 819 821 822 823 824 825 826 827 828 829 830 831 832 833 834 835 836 837 837 838 839 839 840 841 841 842 842 842 843 843 844 844 844 844 845 845 845 845 845 845 845 845 845 845 844 844 844 844 843 843 843 842 841 841 840 839 838 836 835 833 831 828 825 822 817 812 805 797 787 775 761 744 727 719 714 692 677 648 644 637 625 627 632 659 625 655 654 617 627 595 606 590 506 500 477 487 496 506 516 511 520 529 539 548 557 566 574 583 591 600 608 616 624 632 639 647 654 661 668 676 682 689 696 703 709 716 722 729 735 741 747 753 759 765 771 777 783 789 794 800 805 811 816 822 827 832 838 843 848 853 858 863 868 873 878 883 888 893 
848 849 851 852 853 854 855 856 858 859 860 861 862 863 864 865 866 867 868 869 870 871 871 872 873 874 875 875 876 877 878 878 879 879 880 880 880 880 881 881 881 881 881 881 881 880 880 880 880 879 879 879 878 878 877 876 875 874 873 872 870 869 868 867 865 864 862 861 860 858 856 855 853 851 850 848 846 845 843 841 839 837 835 833 832 830 828 826 824 822 820 818 816 814 812 810 808 806 804 802 800 798 797 795 793 791 789 787 785 784 782 780 778 777 775 773 772 770 768 767 765 764 762 761 759 758 757 755 754 753 752 750 749 748 747 746 745 744 743 742 741 740 739 739 738 737 736 736 735 734 734 733 733 733 732 732 731 731 731 731 730 730 730 730 730 730 730 730 730 730 730 730 731 731 731 731 732 732 732 733 733 734 734 735 735 736 736 737 738 738 739 740 740 741 742 743 744 745 746 746 747 748 749 750 751 752 754 755 756 757 758 759 760 761 763 764 765 766 768 769 770 771 773 774 775 776 778 779 780 782 783 784 786 787 788 790 791 792 794 795 796 798 799 800 802 803 804 806 807 808 809 811 812 813 814 816 817 818 819 821 822 823 824 825 826 827 828 829 830 831 832 833 834 835 836 837 837 838 839 840 840 841 841 842 843 843 843 844 844 845 845 845 845 845 846 846 846 846 846 846 846 846 846 845 845 845 845 844 844 843 842 842 841 840 839 838 836 834 832 830 827 824 820 815 809 803 794 785 773 760 745 730 713 706 693 678 662 648 697 663 635 635 708 676 663 625 591 601 594 600 591 534 512 500 489 506 511 531 516 525 533 542 550 559 567 576 584 592 601 609 616 624 632 639 647 654 661 668 675 682 689 696 702 709 715 722 728 734 741 747 753 759 765 771 776 782 788 793 799 805 810 815 821 826 832 837 842 847 852 857 862 868 873 877 882 887 892 
846 848 849 850 851 852 853 855 856 857 858 859 860 861 862 863 864 865 866 867 868 869 869 870 871 872 873 873 874 875 876 876 877 877 878 878 879 879 879 879 879 879 879 879 879 879 879 878 878 878 878 877 877 876 876 875 874 873 872 871 870 868 867 866 865 863 862 860 859 857 856 854 853 851 850 848 846 844 843 841 839 837 835 834 832 830 828 826 824 822 820 818 817 815 813 811 809 807 805 803 801 799 798 796 794 792 790 788 787 785 783 781 780 778 776 775 773 772 770 768 767 766 764 763 761 760 759 757 756 755 753 752 751 750 749 748 747 746 745 744 743 742 741 741 740 739 738 738 737 737 736 736 735 735 734 734 734 733 733 733 733 732 732 732 732 732 732 732 732 732 732 733 733 733 733 733 734 734 734 735 735 736 736 737 737 738 738 739 740 740 741 742 742 743 744 745 746 747 747 748 749 750 751 752 753 754 755 756 757 759 760 761 762 763 764 766 767 768 769 770 772 773 774 775 777 778 779 781 782 783 784 786 787 788 790 791 792 794 795 796 798 799 800 802 803 804 805 807 808 809 811 812 813 814 816 817 818 819 820 822 823 824 825 826 827 828 829 830 831 832 833 834 835 836 837 838 838 839 840 840 841 842 842 843 843 844 844 845 845 845 846 846 846 846 847 847 847 847 847 847 847 846 846 846 846 846 845 845 844 844 843 842 841 840 839 837 836 834 832 829 826 823 818 813 808 801 793 783 773 761 747 733 719 704 690 685 683 676 674 681 657 649 690 672 638 623 616 630 603 624 587 554 519 509 534 524 528 536 523 531 538 546 554 562 570 578 586 594 602 610 617 625 633 640 647 654 661 668 675 682 689 696 702 709 715 721 728 734 740 746 752 758 764 770 776 781 787 793 798 804 809 815 820 825 831 836 841 846 852 857 862 867 872 877 882 886 891 
845 846 847 848 849 850 851 853 854 855 856 857 858 859 860 861 862 863 864 865 866 867 867 868 869 870 871 871 872 873 874 874 875 875 876 876 877 877 877 878 878 878 878 878 878 877 877 877 877 876 876 876 875 875 874 874 873 872 871 870 869 868 866 865 864 863 861 860 858 857 856 854 852 851 849 848 846 844 843 841 839 837 836 834 832 830 828 826 825 823 821 819 817 815 813 811 810 808 806 804 802 800 799 797 795 793 791 790 788 786 784 783 781 779 778 776 775 773 772 770 769 767 766 764 763 762 760 759 758 756 755 754 753 752 751 750 749 748 747 746 745 744 743 743 742 741 741 740 739 739 738 738 737 737 736 736 736 736 735 735 735 735 734 734 734 734 734 734 734 734 734 735 735 735 735 735 736 736 736 737 737 738 738 739 739 740 740 741 742 742 743 744 744 745 746 747 748 748 749 750 751 752 753 754 755 756 757 758 759 760 761 763 764 765 766 767 768 770 771 772 773 775 776 777 778 780 781 782 783 785 786 787 789 790 791 792 794 795 796 798 799 800 802 803 804 805 807 808 809 811 812 813 814 816 817 818 819 820 822 823 824 825 826 827 828 829 830 831 832 833 834 835 836 837 838 838 839 840 841 841 842 842 843 844 844 845 845 845 846 846 846 847 847 847 847 847 847 848 848 847 847 847 847 847 846 846 846 845 845 844 843 842 841 840 839 837 835 833 831 828 825 821 817 812 806 799 792 783 773 762 750 738 725 712 700 688 711 681 675 675 700 674 676 685 693 666 652 637 622 621 612 574 553 527 522 541 546 544 532 538 545 552 559 566 574 581 589 597 604 612 619 626 634 641 648 655 662 669 676 682 689 696 702 709 715 721 728 734 740 746 752 758 764 769 775 781 787 792 798 803 809 814 819 825 830 835 841 846 851 856 861 866 871 876 881 886 891 
843 844 845 846 847 848 850 851 852 853 854 855 856 857 858 859 860 861 862 863 864 865 865 866 867 868 869 869 870 871 872 872 873 873 874 875 875 875 876 876 876 876 876 876 876 876 876 876 875 875 875 874 874 873 873 872 872 871 870 869 868 867 866 865 863 862 861 859 858 857 855 854 852 851 849 847 846 844 842 841 839 837 836 834 832 830 828 827 825 823 821 819 818 816 814 812 810 808 807 805 803 801 799 798 796 794 792 791 789 787 786 784 782 781 779 778 776 775 773 772 770 769 767 766 765 763 762 761 759 758 757 756 755 754 753 752 751 750 749 748 747 746 745 745 744 743 743 742 741 741 740 740 739 739 739 738 738 738 737 737 737 737 736 736 736 736 736 736 736 736 736 737 737 737 737 737 738 738 738 739 739 740 740 741 741 742 742 743 743 744 745 746 746 747 748 749 749 750 751 752 753 754 755 756 757 758 759 760 761 762 763 764 765 766 768 769 770 771 772 774 775 776 777 779 780 781 782 784 785 786 787 789 790 791 793 794 795 796 798 799 800 802 803 804 805 807 808 809 810 812 813 814 815 817 818 819 820 821 823 824 825 826 827 828 829 830 831 832 833 834 835 836 837 838 838 839 840 841 841 842 843 843 844 844 845 845 846 846 846 847 847 847 848 848 848 848 848 848 848 848 848 848 848 847 847 847 846 846 845 844 843 842 841 840 839 837 835 833 830 828 824 820 816 811 805 799 791 783 774 764 753 742 731 720 709 699 699 690 689 686 703 697 737 707 712 706 690 661 628 594 594 578 551 542 536 534 534 537 541 546 552 558 564 571 578 585 592 600 607 614 621 628 635 642 649 656 663 670 676 683 690 696 703 709 715 721 728 734 740 746 752 758 763 769 775 781 786 792 797 803 808 814 819 824 830 835 840 845 850 855 860 865 870 875 880 885 890 
841 842 843 844 845 847 848 849 850 851 852 853 854 855 856 857 858 859 860 861 862 863 863 864 865 866 867 867 868 869 869 870 871 871 872 872 873 873 874 874 874 875 875 875 875 874 874 874 874 874 873 873 872 872 872 871 871 870 869 868 867 866 865 864 863 861 860 859 857 856 855 853 852 850 849 847 846 844 842 841 839 837 836 834 832 830 829 827 825 823 822 820 818 816 815 813 811 809 807 806 804 802 800 799 797 795 794 792 790 789 787 785 784 782 781 779 777 776 775 773 772 770 769 768 766 765 764 762 761 760 759 758 757 756 755 754 753 752 751 750 749 748 747 747 746 745 745 744 743 743 742 742 741 741 741 740 740 740 739 739 739 739 738 738 738 738 738 738 738 738 738 739 739 739 739 739 740 740 740 741 741 742 742 743 743 744 744 745 745 746 747 747 748 749 750 750 751 752 753 754 755 756 757 757 758 759 760 762 763 764 765 766 767 768 769 770 771 773 774 775 776 777 779 780 781 782 784 785 786 788 789 790 791 793 794 795 797 798 799 800 802 803 804 805 807 808 809 810 812 813 814 815 817 818 819 820 821 822 824 825 826 827 828 829 830 831 832 833 834 835 836 837 837 838 839 840 841 841 842 843 843 844 844 845 845 846 846 847 847 847 848 848 848 848 848 849 849 849 849 849 848 848 848 848 847 847 846 846 845 844 844 842 841 840 838 837 835 832 830 827 824 820 815 810 805 799 792 784 776 767 757 748 738 728 719 711 703 721 705 700 710 725 720 707 712 720 706 671 658 604 624 616 562 554 549 546 546 548 550 554 559 565 570 577 583 590 596 603 610 617 624 630 637 644 651 658 664 671 677 684 690 697 703 709 716 722 728 734 740 746 752 757 763 769 775 780 786 791 797 802 808 813 818 824 829 834 839 844 850 855 860 865 870 875 879 884 889 
839 840 841 842 843 845 846 847 848 849 850 851 852 853 854 855 856 857 858 859 860 861 861 862 863 864 865 865 866 867 867 868 869 869 870 870 871 871 872 872 873 873 873 873 873 873 873 873 872 872 872 871 871 871 870 870 869 869 868 867 866 865 864 863 862 861 859 858 857 856 854 853 851 850 848 847 845 844 842 841 839 837 836 834 832 831 829 827 825 824 822 820 819 817 815 813 812 810 808 806 805 803 801 800 798 796 795 793 791 790 788 786 785 783 782 780 779 777 776 774 773 772 770 769 768 766 765 764 763 762 761 759 758 757 756 755 754 753 753 752 751 750 749 749 748 747 747 746 745 745 744 744 743 743 742 742 742 741 741 741 741 741 740 740 740 740 740 740 740 740 740 740 741 741 741 741 742 742 742 743 743 743 744 744 745 745 746 747 747 748 748 749 750 751 751 752 753 754 755 756 756 757 758 759 760 761 762 763 764 765 766 767 768 770 771 772 773 774 775 776 778 779 780 781 783 784 785 786 788 789 790 791 793 794 795 797 798 799 800 802 803 804 805 807 808 809 810 812 813 814 815 816 818 819 820 821 822 823 824 826 827 828 829 830 831 832 833 834 835 836 836 837 838 839 840 841 841 842 843 843 844 844 845 845 846 846 847 847 848 848 848 848 849 849 849 849 849 849 849 849 849 849 848 848 848 847 847 846 845 844 844 842 841 840 838 836 834 832 829 826 823 819 815 810 805 799 792 785 778 770 761 753 744 736 728 721 715 710 733 729 738 731 728 733 747 744 703 684 634 624 592 594 571 565 560 558 557 558 560 563 567 572 577 582 588 594 601 607 613 620 626 633 640 646 653 659 666 672 679 685 691 698 704 710 716 722 728 734 740 746 752 758 763 769 775 780 786 791 797 802 808 813 818 823 829 834 839 844 849 854 859 864 869 874 879 884 888 
837 838 839 840 842 843 844 845 846 847 848 849 850 851 852 853 854 855 856 857 858 858 859 860 861 862 862 863 864 865 865 866 867 867 868 868 869 869 870 870 871 871 871 871 872 871 871 871 871 871 870 870 870 869 869 868 868 867 867 866 866 865 863 862 861 860 859 858 856 855 854 852 851 849 848 847 845 844 842 840 839 837 836 834 832 831 829 827 826 824 822 821 819 817 816 814 812 810 809 807 805 804 802 800 799 797 795 794 792 791 789 788 786 785 783 782 780 779 777 776 775 773 772 771 769 768 767 766 764 763 762 761 760 759 758 757 756 755 754 754 753 752 751 750 750 749 748 748 747 747 746 746 745 745 744 744 744 743 743 743 743 742 742 742 742 742 742 742 742 742 742 742 743 743 743 743 743 744 744 745 745 745 746 746 747 747 748 748 749 750 750 751 752 752 753 754 755 755 756 757 758 759 760 761 762 763 764 765 766 767 768 769 770 771 772 773 774 776 777 778 779 780 782 783 784 785 786 788 789 790 791 793 794 795 796 798 799 800 802 803 804 805 807 808 809 810 811 813 814 815 816 817 819 820 821 822 823 824 825 826 828 829 830 831 832 833 834 835 835 836 837 838 839 840 840 841 842 843 843 844 844 845 846 846 847 847 847 848 848 848 849 849 849 849 849 849 849 849 849 849 849 849 849 848 848 847 847 846 845 844 843 842 841 840 838 836 834 832 829 826 823 819 815 810 805 799 793 787 780 773 765 758 751 744 737 731 727 722 719 717 714 724 706 701 731 732 709 682 641 617 599 588 581 575 572 569 568 568 570 572 575 579 584 589 594 600 605 611 617 623 630 636 642 649 655 661 668 674 680 686 692 699 705 711 717 723 729 735 740 746 752 758 763 769 775 780 786 791 797 802 807 813 818 823 828 833 839 844 849 854 859 864 869 873 878 883 888 
835 836 837 838 840 841 842 843 844 845 846 847 848 849 850 851 852 853 854 855 856 856 857 858 859 860 860 861 862 863 863 864 865 865 866 866 867 867 868 868 869 869 869 870 870 870 870 870 869 869 869 869 868 868 868 867 867 866 866 865 864 864 863 862 861 859 858 857 856 854 853 852 850 849 848 846 845 843 842 840 839 837 836 834 832 831 829 828 826 824 823 821 819 818 816 814 813 811 809 808 806 804 803 801 800 798 796 795 793 792 790 789 787 786 784 783 781 780 779 777 776 775 773 772 771 770 768 767 766 765 764 763 762 761 760 759 758 757 756 755 754 754 753 752 751 751 750 750 749 748 748 747 747 747 746 746 745 745 745 745 744 744 744 744 744 744 744 744 744 744 744 744 744 745 745 745 745 746 746 746 747 747 748 748 749 749 750 750 751 751 752 753 753 754 755 756 756 757 758 759 760 761 761 762 763 764 765 766 767 768 769 770 771 773 774 775 776 777 778 779 780 782 783 784 785 786 788 789 790 791 793 794 795 796 798 799 800 801 803 804 805 806 808 809 810 811 812 814 815 816 817 818 820 821 822 823 824 825 826 827 828 829 830 831 832 833 834 835 836 837 838 839 839 840 841 842 842 843 844 844 845 846 846 847 847 847 848 848 848 849 849 849 849 850 850 850 850 850 850 849 849 849 849 848 848 847 847 846 845 844 843 842 841 839 838 836 834 831 829 826 822 819 815 810 805 800 795 789 782 776 769 763 757 751 745 740 736 733 731 729 726 723 718 711 704 696 684 668 647 626 609 599 592 586 583 580 579 579 579 581 584 587 591 595 600 605 610 616 622 627 633 639 645 651 657 664 670 676 682 688 694 700 706 712 718 724 729 735 741 747 752 758 764 769 775 780 786 791 797 802 807 812 818 823 828 833 838 843 848 853 858 863 868 873 878 883 887 
833 834 835 836 838 839 840 841 842 843 844 845 846 847 848 849 850 851 852 853 854 854 855 856 857 858 858 859 860 861 861 862 862 863 864 864 865 865 866 866 867 867 867 868 868 868 868 868 868 868 868 867 867 867 866 866 865 865 864 864 863 862 862 861 860 859 858 856 855 854 853 851 850 849 847 846 845 843 842 840 839 837 836 834 833 831 829 828 826 825 823 821 820 818 816 815 813 812 810 808 807 805 804 802 800 799 797 796 794 793 791 790 788 787 785 784 783 781 780 779 777 776 775 773 772 771 770 769 768 766 765 764 763 762 761 760 760 759 758 757 756 755 755 754 753 752 752 751 751 750 750 749 749 748 748 748 747 747 747 746 746 746 746 746 746 746 746 746 746 746 746 746 746 746 747 747 747 747 748 748 748 749 749 750 750 751 751 752 752 753 754 754 755 756 756 757 758 759 760 760 761 762 763 764 765 766 767 768 769 770 771 772 773 774 775 776 777 778 780 781 782 783 784 785 787 788 789 790 791 793 794 795 796 797 799 800 801 802 804 805 806 807 809 810 811 812 814 815 816 817 818 819 820 822 823 824 825 826 827 828 829 830 831 832 833 834 835 836 837 838 838 839 840 841 842 842 843 844 844 845 845 846 847 847 847 848 848 849 849 849 849 850 850 850 850 850 850 850 850 850 849 849 849 848 848 847 847 846 845 844 843 842 840 839 837 835 833 831 828 825 822 819 815 811 806 801 796 790 785 779 773 767 762 757 752 748 745 742 740 738 736 732 726 719 710 700 688 672 654 636 622 611 603 598 594 591 589 589 589 590 592 595 598 602 606 611 616 621 626 631 637 643 648 654 660 666 672 678 684 690 696 701 707 713 719 725 730 736 742 747 753 759 764 770 775 781 786 791 797 802 807 812 818 823 828 833 838 843 848 853 858 863 868 873 877 882 887 
831 832 833 835 836 837 838 839 840 841 842 843 844 845 846 847 848 849 850 851 851 852 853 854 855 856 856 857 858 858 859 860 860 861 862 862 863 863 864 864 865 865 865 866 866 866 866 867 867 866 866 866 866 865 865 864 864 863 863 862 862 861 861 860 859 858 857 856 855 853 852 851 850 848 847 846 844 843 841 840 838 837 836 834 832 831 829 828 826 825 823 822 820 818 817 815 814 812 811 809 807 806 804 803 801 800 798 797 795 794 792 791 789 788 787 785 784 782 781 780 779 777 776 775 774 772 771 770 769 768 767 766 765 764 763 762 761 760 759 758 758 757 756 755 755 754 753 753 752 752 751 751 750 750 750 749 749 749 748 748 748 748 748 748 747 747 747 747 747 748 748 748 748 748 748 749 749 749 749 750 750 751 751 752 752 752 753 754 754 755 755 756 757 757 758 759 760 760 761 762 763 764 765 766 766 767 768 769 770 771 772 773 774 775 776 778 779 780 781 782 783 784 785 787 788 789 790 791 792 794 795 796 797 799 800 801 802 803 805 806 807 808 810 811 812 813 814 816 817 818 819 820 821 822 824 825 826 827 828 829 830 831 832 833 834 835 836 837 837 838 839 840 841 841 842 843 843 844 845 845 846 846 847 847 848 848 849 849 849 849 850 850 850 850 850 850 850 850 850 850 850 849 849 848 848 847 847 846 845 844 843 842 840 839 837 835 833 831 828 825 822 819 815 811 807 802 797 792 787 782 777 772 767 762 758 755 752 749 747 745 742 737 731 724 714 704 691 677 662 646 633 623 615 609 605 601 599 598 598 599 601 603 606 609 613 617 621 626 631 636 641 646 652 657 663 669 674 680 686 692 697 703 709 715 720 726 731 737 743 748 754 759 765 770 776 781 786 792 797 802 807 813 818 823 828 833 838 843 848 853 858 863 867 872 877 882 887 
