"","from","to","alpha","lo","hi","lo_numerical","hi_numerical","Potential","site","range_ci","class_from","class_to","species_from","species_to","class_int","georegion","region","sig","cc_to","cc_from","cc_int"
"1","Allocasuarina decussata small","Allocasuarina decussata small",-0.0784813282564775,-0.73976874780653,0.582806091293576,-0.087033317812373,-0.069929338700582,"Potential 1","Frankland",1.32257483910011,"small","small","Allocasuarina decussata","Allocasuarina decussata","small_small","S_WA","WA",NA,"Subcanopy","Subcanopy","Subcanopy_Subcanopy"
"2","Eucalyptus diversicolor large","Allocasuarina decussata small",0.232192535215638,-0.296762509541337,0.761147579972613,0.226030019916115,0.238355050515161,"Potential 1","Frankland",1.05791008951395,"large","small","Eucalyptus diversicolor","Allocasuarina decussata","large_small","S_WA","WA",NA,"Subcanopy","Canopy","Canopy_Subcanopy"
"3","Eucalyptus diversicolor small","Allocasuarina decussata small",0.100866436044964,-0.0900353942519229,0.291768266341851,0.0978933597701391,0.103839512319789,"Potential 1","Frankland",0.381803660593774,"small","small","Eucalyptus diversicolor","Allocasuarina decussata","small_small","S_WA","WA",NA,"Subcanopy","Canopy","Canopy_Subcanopy"
"4","Eucalyptus guilfoylei large","Allocasuarina decussata small",0.090553390023193,-0.387527664757492,0.568634444803878,0.0847159049726221,0.0963908750737638,"Potential 1","Frankland",0.95616210956137,"large","small","Eucalyptus guilfoylei","Allocasuarina decussata","large_small","S_WA","WA",NA,"Subcanopy","Canopy","Canopy_Subcanopy"
"5","Eucalyptus guilfoylei small","Allocasuarina decussata small",0.30761893566873,-0.00340561998269534,0.618643491320156,0.299205207472864,0.316032663864596,"Potential 1","Frankland",0.622049111302851,"small","small","Eucalyptus guilfoylei","Allocasuarina decussata","small_small","S_WA","WA",NA,"Subcanopy","Canopy","Canopy_Subcanopy"
"6","Eucalyptus diversicolor large","Eucalyptus diversicolor large",-0.0516821161333096,-0.451588695492441,0.348224463225822,-0.0575024142647878,-0.0458618180018315,"Potential 1","Frankland",0.799813158718262,"large","large","Eucalyptus diversicolor","Eucalyptus diversicolor","large_large","S_WA","WA",NA,"Canopy","Canopy","Canopy_Canopy"
"7","Eucalyptus diversicolor small","Eucalyptus diversicolor large",-0.0634908293417469,-0.206385098764118,0.0794034400806243,-0.065330669019763,-0.0616509896637309,"Potential 1","Frankland",0.285788538844742,"small","large","Eucalyptus diversicolor","Eucalyptus diversicolor","small_large","S_WA","WA",NA,"Canopy","Canopy","Canopy_Canopy"
"8","Eucalyptus guilfoylei large","Eucalyptus diversicolor large",-0.244184087710708,-0.486886320261175,-0.00148185516024213,-0.247476033643458,-0.240892141777958,"Potential 1","Frankland",0.485404465100932,"large","large","Eucalyptus guilfoylei","Eucalyptus diversicolor","large_large","S_WA","WA","1","Canopy","Canopy","Canopy_Canopy"
"9","Eucalyptus guilfoylei small","Eucalyptus diversicolor large",-0.0723438853242927,-0.270868184857555,0.126180414208969,-0.0758502520037835,-0.068837518644802,"Potential 1","Frankland",0.397048599066524,"small","large","Eucalyptus guilfoylei","Eucalyptus diversicolor","small_large","S_WA","WA",NA,"Canopy","Canopy","Canopy_Canopy"
"10","Eucalyptus diversicolor small","Eucalyptus diversicolor small",0.405785385270333,0.229865803025167,0.581704967515499,0.397850916839249,0.413719853701417,"Potential 1","Frankland",0.351839164490332,"small","small","Eucalyptus diversicolor","Eucalyptus diversicolor","small_small","S_WA","WA","1","Canopy","Canopy","Canopy_Canopy"
"11","Eucalyptus guilfoylei large","Eucalyptus diversicolor small",-0.0342123693215134,-0.186134080915782,0.117709342272755,-0.0361320954319101,-0.0322926432111167,"Potential 1","Frankland",0.303843423188538,"large","small","Eucalyptus guilfoylei","Eucalyptus diversicolor","large_small","S_WA","WA",NA,"Canopy","Canopy","Canopy_Canopy"
"12","Eucalyptus guilfoylei small","Eucalyptus diversicolor small",-0.0390676990544627,-0.139784189877495,0.0616487917685697,-0.0415962747882342,-0.0365391233206912,"Potential 1","Frankland",0.201432981646065,"small","small","Eucalyptus guilfoylei","Eucalyptus diversicolor","small_small","S_WA","WA",NA,"Canopy","Canopy","Canopy_Canopy"
"13","Eucalyptus guilfoylei large","Eucalyptus guilfoylei large",-0.214559990611487,-0.579339115523121,0.150219134300147,-0.220465186553873,-0.208654794669101,"Potential 1","Frankland",0.729558249823268,"large","large","Eucalyptus guilfoylei","Eucalyptus guilfoylei","large_large","S_WA","WA",NA,"Canopy","Canopy","Canopy_Canopy"
"14","Eucalyptus guilfoylei small","Eucalyptus guilfoylei large",0.129995987507373,-0.0842958555902744,0.34428783060502,0.126304658100868,0.133687316913878,"Potential 1","Frankland",0.428583686195295,"small","large","Eucalyptus guilfoylei","Eucalyptus guilfoylei","small_large","S_WA","WA",NA,"Canopy","Canopy","Canopy_Canopy"
"15","Eucalyptus guilfoylei small","Eucalyptus guilfoylei small",0.244646305758221,0.0564362770774574,0.432856334438984,0.237659464162966,0.251633147353475,"Potential 1","Frankland",0.376420057361527,"small","small","Eucalyptus guilfoylei","Eucalyptus guilfoylei","small_small","S_WA","WA","1","Canopy","Canopy","Canopy_Canopy"
"16","Allocasuarina decussata small","Allocasuarina decussata small",0.530388162020053,0.36454884912725,0.696227474912857,0.518564071543607,0.542212252496499,"Potential 1","Collins",0.331678625785607,"small","small","Allocasuarina decussata","Allocasuarina decussata","small_small","N_WA","WA","1","Subcanopy","Subcanopy","Subcanopy_Subcanopy"
"17","Eucalyptus diversicolor large","Allocasuarina decussata small",-0.0950868737372541,-0.296137219441094,0.105963471966586,-0.0978965860433386,-0.0922771614311697,"Potential 1","Collins",0.40210069140768,"large","small","Eucalyptus diversicolor","Allocasuarina decussata","large_small","N_WA","WA",NA,"Subcanopy","Canopy","Canopy_Subcanopy"
"18","Eucalyptus diversicolor small","Allocasuarina decussata small",0.00264198151556618,-0.0848549123429091,0.0901388753740415,-0.000974933350020592,0.00625889638115295,"Potential 1","Collins",0.174993787716951,"small","small","Eucalyptus diversicolor","Allocasuarina decussata","small_small","N_WA","WA",NA,"Subcanopy","Canopy","Canopy_Subcanopy"
"19","Eucalyptus diversicolor large","Eucalyptus diversicolor large",-0.444269916245886,-0.887045215887893,-0.00149461660387956,-0.452220370509753,-0.43631946198202,"Potential 1","Collins",0.885550599284013,"large","large","Eucalyptus diversicolor","Eucalyptus diversicolor","large_large","N_WA","WA","1","Canopy","Canopy","Canopy_Canopy"
"20","Eucalyptus diversicolor small","Eucalyptus diversicolor large",-0.021499323860907,-0.22682830806299,0.183829660341176,-0.0238160087502261,-0.0191826389715878,"Potential 1","Collins",0.410657968404166,"small","large","Eucalyptus diversicolor","Eucalyptus diversicolor","small_large","N_WA","WA",NA,"Canopy","Canopy","Canopy_Canopy"
"21","Eucalyptus diversicolor small","Eucalyptus diversicolor small",0.337334913023678,0.194721507839377,0.479948318207978,0.331248216214582,0.343421609832774,"Potential 1","Collins",0.285226810368601,"small","small","Eucalyptus diversicolor","Eucalyptus diversicolor","small_small","N_WA","WA","1","Canopy","Canopy","Canopy_Canopy"
"22","Allocasuarina decussata large","Allocasuarina decussata large",-0.258458210168324,-0.938006619373811,0.421090199037163,-0.263925511559238,-0.25299090877741,"Potential 1","Clare",1.35909681841097,"large","large","Allocasuarina decussata","Allocasuarina decussata","large_large","S_WA","WA",NA,"Subcanopy","Subcanopy","Subcanopy_Subcanopy"
"23","Allocasuarina decussata small","Allocasuarina decussata large",0.0402688273932233,-0.213256922043901,0.293794576830347,0.0374471243645486,0.043090530421898,"Potential 1","Clare",0.507051498874248,"small","large","Allocasuarina decussata","Allocasuarina decussata","small_large","S_WA","WA",NA,"Subcanopy","Subcanopy","Subcanopy_Subcanopy"
"24","Eucalyptus jacksonii small","Allocasuarina decussata large",0.600720041456394,-0.198304436685931,1.39974451959872,0.592515887442807,0.608924195469981,"Potential 1","Clare",1.59804895628465,"small","large","Eucalyptus jacksonii","Allocasuarina decussata","small_large","S_WA","WA",NA,"Subcanopy","Canopy","Canopy_Subcanopy"
"25","Allocasuarina decussata small","Allocasuarina decussata small",0.217717614677534,0.0795643072680542,0.355870922087013,0.211279777953134,0.224155451401934,"Potential 1","Clare",0.276306614818959,"small","small","Allocasuarina decussata","Allocasuarina decussata","small_small","S_WA","WA","1","Subcanopy","Subcanopy","Subcanopy_Subcanopy"
"26","Eucalyptus jacksonii small","Allocasuarina decussata small",-0.0374970264390586,-0.4055176081798,0.330523555301683,-0.0410016462841754,-0.0339924065939419,"Potential 1","Clare",0.736041163481483,"small","small","Eucalyptus jacksonii","Allocasuarina decussata","small_small","S_WA","WA",NA,"Subcanopy","Canopy","Canopy_Subcanopy"
"27","Eucalyptus jacksonii small","Eucalyptus jacksonii small",-0.945782040444311,-2.15705668635145,0.26549260546283,-0.957358929228706,-0.934205151659916,"Potential 1","Clare",2.42254929181428,"small","small","Eucalyptus jacksonii","Eucalyptus jacksonii","small_small","S_WA","WA",NA,"Canopy","Canopy","Canopy_Canopy"
"28","Acacia melanoxylon small","Acacia melanoxylon small",0.463251919253888,0.205446706373715,0.721057132134061,0.444172019987133,0.482331818520643,"Potential 1","Sutton",0.515610425760346,"small","small","Acacia melanoxylon","Acacia melanoxylon","small_small","N_WA","WA","1","Subcanopy","Subcanopy","Subcanopy_Subcanopy"
"29","Corymbia calophylla large","Acacia melanoxylon small",0.0477968767641689,-0.320476989901677,0.416070743430015,0.0404967305162678,0.0550970230120701,"Potential 1","Sutton",0.736547733331692,"large","small","Corymbia calophylla","Acacia melanoxylon","large_small","N_WA","WA",NA,"Subcanopy","Canopy","Canopy_Subcanopy"
"30","Corymbia calophylla small","Acacia melanoxylon small",-0.000306036911430009,-0.140681918146616,0.140069844323756,-0.0038008193324161,0.00318874550955608,"Potential 1","Sutton",0.280751762470373,"small","small","Corymbia calophylla","Acacia melanoxylon","small_small","N_WA","WA",NA,"Subcanopy","Canopy","Canopy_Subcanopy"
"31","Eucalyptus diversicolor large","Acacia melanoxylon small",-0.056042182433286,-0.189642313882013,0.0775579490154407,-0.0586334863885973,-0.0534508784779747,"Potential 1","Sutton",0.267200262897453,"large","small","Eucalyptus diversicolor","Acacia melanoxylon","large_small","N_WA","WA",NA,"Subcanopy","Canopy","Canopy_Subcanopy"
"32","Eucalyptus diversicolor small","Acacia melanoxylon small",-0.110510506615559,-0.233336997391712,0.0123159841605946,-0.114142753286521,-0.106878259944597,"Potential 1","Sutton",0.245652981552307,"small","small","Eucalyptus diversicolor","Acacia melanoxylon","small_small","N_WA","WA",NA,"Subcanopy","Canopy","Canopy_Subcanopy"
"33","Corymbia calophylla large","Corymbia calophylla large",-0.837927470486658,-2.34460068058728,0.66874573961396,-0.861731866053929,-0.814123074919387,"Potential 1","Sutton",3.01334642020124,"large","large","Corymbia calophylla","Corymbia calophylla","large_large","N_WA","WA",NA,"Canopy","Canopy","Canopy_Canopy"
"34","Corymbia calophylla small","Corymbia calophylla large",0.520428624711383,-0.162243650047027,1.20310089946979,0.509857753711422,0.530999495711344,"Potential 1","Sutton",1.36534454951682,"small","large","Corymbia calophylla","Corymbia calophylla","small_large","N_WA","WA",NA,"Canopy","Canopy","Canopy_Canopy"
"35","Eucalyptus diversicolor large","Corymbia calophylla large",-0.544400289994243,-1.16470986201684,0.0759092820283523,-0.554699593502938,-0.534100986485547,"Potential 1","Sutton",1.24061914404519,"large","large","Eucalyptus diversicolor","Corymbia calophylla","large_large","N_WA","WA",NA,"Canopy","Canopy","Canopy_Canopy"
"36","Eucalyptus diversicolor small","Corymbia calophylla large",-0.0189169623467566,-0.266218779427995,0.228384854734482,-0.0254554369066395,-0.0123784877868738,"Potential 1","Sutton",0.494603634162476,"small","large","Eucalyptus diversicolor","Corymbia calophylla","small_large","N_WA","WA",NA,"Canopy","Canopy","Canopy_Canopy"
"37","Corymbia calophylla small","Corymbia calophylla small",0.350390570366934,0.070133725341366,0.630647415392503,0.339646954047121,0.361134186686748,"Potential 1","Sutton",0.560513690051137,"small","small","Corymbia calophylla","Corymbia calophylla","small_small","N_WA","WA","1","Canopy","Canopy","Canopy_Canopy"
"38","Eucalyptus diversicolor large","Corymbia calophylla small",0.16332330884911,-0.0617894470301332,0.388436064728352,0.15942861861838,0.167217999079839,"Potential 1","Sutton",0.450225511758486,"large","small","Eucalyptus diversicolor","Corymbia calophylla","large_small","N_WA","WA",NA,"Canopy","Canopy","Canopy_Canopy"
"39","Eucalyptus diversicolor small","Corymbia calophylla small",-0.0637199200499132,-0.159198881873822,0.031759041773996,-0.066727711898885,-0.0607121282009414,"Potential 1","Sutton",0.190957923647818,"small","small","Eucalyptus diversicolor","Corymbia calophylla","small_small","N_WA","WA",NA,"Canopy","Canopy","Canopy_Canopy"
"40","Eucalyptus diversicolor large","Eucalyptus diversicolor large",-0.131539354463157,-0.37793789173849,0.114859182812176,-0.13738636757331,-0.125692341353004,"Potential 1","Sutton",0.492797074550666,"large","large","Eucalyptus diversicolor","Eucalyptus diversicolor","large_large","N_WA","WA",NA,"Canopy","Canopy","Canopy_Canopy"
"41","Eucalyptus diversicolor small","Eucalyptus diversicolor large",-0.062214921549918,-0.169598499131091,0.0451686560312554,-0.0648074533753679,-0.059622389724468,"Potential 1","Sutton",0.214767155162347,"small","large","Eucalyptus diversicolor","Eucalyptus diversicolor","small_large","N_WA","WA",NA,"Canopy","Canopy","Canopy_Canopy"
"42","Eucalyptus diversicolor small","Eucalyptus diversicolor small",-0.00263036258503723,-0.212246305649837,0.206985580479763,-0.0103890811837165,0.00512835601364203,"Potential 1","Sutton",0.4192318861296,"small","small","Eucalyptus diversicolor","Eucalyptus diversicolor","small_small","N_WA","WA",NA,"Canopy","Canopy","Canopy_Canopy"
"43","Allocasuarina decussata large","Allocasuarina decussata large",-0.15088380944497,-0.526011836582673,0.224244217692734,-0.158299260749362,-0.143468358140577,"Potential 1","Giants",0.750256054275407,"large","large","Allocasuarina decussata","Allocasuarina decussata","large_large","S_WA","WA",NA,"Subcanopy","Subcanopy","Subcanopy_Subcanopy"
"44","Allocasuarina decussata small","Allocasuarina decussata large",-0.0184508247233585,-0.131268414663701,0.0943667652169838,-0.0207333175681337,-0.0161683318785833,"Potential 1","Giants",0.225635179880684,"small","large","Allocasuarina decussata","Allocasuarina decussata","small_large","S_WA","WA",NA,"Subcanopy","Subcanopy","Subcanopy_Subcanopy"
"45","Eucalyptus jacksonii large","Allocasuarina decussata large",-0.276768585795101,-0.551751777146454,-0.00178539444374759,-0.283179042949248,-0.270358128640953,"Potential 1","Giants",0.549966382702706,"large","large","Eucalyptus jacksonii","Allocasuarina decussata","large_large","S_WA","WA","1","Subcanopy","Canopy","Canopy_Subcanopy"
"46","Eucalyptus jacksonii small","Allocasuarina decussata large",-0.00977275227647152,-0.185095252902161,0.165549748349218,-0.0143230065567522,-0.00522249799619082,"Potential 1","Giants",0.350645001251379,"small","large","Eucalyptus jacksonii","Allocasuarina decussata","small_large","S_WA","WA",NA,"Subcanopy","Canopy","Canopy_Subcanopy"
"47","Allocasuarina decussata small","Allocasuarina decussata small",0.330189558794694,0.193774566645356,0.466604550944033,0.32379621088752,0.336582906701869,"Potential 1","Giants",0.272829984298677,"small","small","Allocasuarina decussata","Allocasuarina decussata","small_small","S_WA","WA","1","Subcanopy","Subcanopy","Subcanopy_Subcanopy"
"48","Eucalyptus jacksonii large","Allocasuarina decussata small",-0.0186076034637449,-0.189178837476027,0.151963630548537,-0.0214622995314784,-0.0157529073960113,"Potential 1","Giants",0.341142468024564,"large","small","Eucalyptus jacksonii","Allocasuarina decussata","large_small","S_WA","WA",NA,"Subcanopy","Canopy","Canopy_Subcanopy"
"49","Eucalyptus jacksonii small","Allocasuarina decussata small",-0.0282816199034824,-0.126025839611757,0.0694625998047919,-0.0303993008348296,-0.0261639389721352,"Potential 1","Giants",0.195488439416549,"small","small","Eucalyptus jacksonii","Allocasuarina decussata","small_small","S_WA","WA",NA,"Subcanopy","Canopy","Canopy_Subcanopy"
"50","Eucalyptus jacksonii large","Eucalyptus jacksonii large",-0.510112714908507,-0.992070947260031,-0.0281544825569832,-0.531539069107576,-0.488686360709438,"Potential 1","Giants",0.963916464703048,"large","large","Eucalyptus jacksonii","Eucalyptus jacksonii","large_large","S_WA","WA","1","Canopy","Canopy","Canopy_Canopy"
"51","Eucalyptus jacksonii small","Eucalyptus jacksonii large",0.369735491853656,0.103908204802995,0.635562778904317,0.356697789117506,0.382773194589806,"Potential 1","Giants",0.531654574101322,"small","large","Eucalyptus jacksonii","Eucalyptus jacksonii","small_large","S_WA","WA","1","Canopy","Canopy","Canopy_Canopy"
"52","Eucalyptus jacksonii small","Eucalyptus jacksonii small",0.336920034639311,0.17351232746472,0.500327741813902,0.326010387521392,0.347829681757231,"Potential 1","Giants",0.326815414349182,"small","small","Eucalyptus jacksonii","Eucalyptus jacksonii","small_small","S_WA","WA","1","Canopy","Canopy","Canopy_Canopy"
"53","Eucalyptus diversicolor large","Eucalyptus diversicolor large",-0.14226677663388,-0.382693578091368,0.098160024823608,-0.148008436863298,-0.136525116404462,"Potential 1","Warren",0.480853602914976,"large","large","Eucalyptus diversicolor","Eucalyptus diversicolor","large_large","N_WA","WA",NA,"Canopy","Canopy","Canopy_Canopy"
"54","Eucalyptus diversicolor small","Eucalyptus diversicolor large",-0.234357162612474,-0.377219250596634,-0.0914950746283131,-0.237791921985512,-0.230922403239435,"Potential 1","Warren",0.285724175968321,"small","large","Eucalyptus diversicolor","Eucalyptus diversicolor","small_large","N_WA","WA","1","Canopy","Canopy","Canopy_Canopy"
"55","Trymalium odoratissimum small","Eucalyptus diversicolor large",-0.0431746925735143,-0.145165436916786,0.0588160517697574,-0.04625756992948,-0.0400918152175486,"Potential 1","Warren",0.203981488686544,"small","large","Trymalium odoratissimum","Eucalyptus diversicolor","small_large","N_WA","WA",NA,"Canopy","Subcanopy","Subcanopy_Canopy"
"56","Eucalyptus diversicolor small","Eucalyptus diversicolor small",0.0347580175867454,-0.210526613053881,0.280042648227372,0.02766681589703,0.0418492192764607,"Potential 1","Warren",0.490569261281253,"small","small","Eucalyptus diversicolor","Eucalyptus diversicolor","small_small","N_WA","WA",NA,"Canopy","Canopy","Canopy_Canopy"
"57","Trymalium odoratissimum small","Eucalyptus diversicolor small",-0.0878291202228584,-0.201733426781785,0.0260751863360686,-0.0909336173436076,-0.0847246231021092,"Potential 1","Warren",0.227808613117854,"small","small","Trymalium odoratissimum","Eucalyptus diversicolor","small_small","N_WA","WA",NA,"Canopy","Subcanopy","Subcanopy_Canopy"
"58","Trymalium odoratissimum small","Trymalium odoratissimum small",0.367448954652489,0.223760251771481,0.511137657533497,0.358295511681829,0.376602397623149,"Potential 1","Warren",0.287377405762015,"small","small","Trymalium odoratissimum","Trymalium odoratissimum","small_small","N_WA","WA","1","Subcanopy","Subcanopy","Subcanopy_Subcanopy"
"59","Allocasuarina decussata large","Allocasuarina decussata large",0.208881848656336,-0.162398647604005,0.580162344916677,0.199597042334763,0.218166654977909,"Potential 1","Dawson",0.742560992520683,"large","large","Allocasuarina decussata","Allocasuarina decussata","large_large","S_WA","WA",NA,"Subcanopy","Subcanopy","Subcanopy_Subcanopy"
"60","Allocasuarina decussata small","Allocasuarina decussata large",0.0795964647898279,-0.151237878189867,0.310430807769523,0.0752799955053124,0.0839129340743434,"Potential 1","Dawson",0.46166868595939,"small","large","Allocasuarina decussata","Allocasuarina decussata","small_large","S_WA","WA",NA,"Subcanopy","Subcanopy","Subcanopy_Subcanopy"
"61","Eucalyptus diversicolor large","Allocasuarina decussata large",-0.16894558793436,-0.450508624147964,0.112617448279243,-0.172109259062309,-0.165781916806411,"Potential 1","Dawson",0.563126072427207,"large","large","Eucalyptus diversicolor","Allocasuarina decussata","large_large","S_WA","WA",NA,"Subcanopy","Canopy","Canopy_Subcanopy"
"62","Eucalyptus diversicolor small","Allocasuarina decussata large",-0.00770213766817773,-0.218065402464173,0.202661127127817,-0.0101544755175409,-0.00524979981881456,"Potential 1","Dawson",0.42072652959199,"small","large","Eucalyptus diversicolor","Allocasuarina decussata","small_large","S_WA","WA",NA,"Subcanopy","Canopy","Canopy_Subcanopy"
"63","Allocasuarina decussata small","Allocasuarina decussata small",0.225804975320915,0.0405996465080637,0.411010304133767,0.218493248738203,0.233116701903628,"Potential 1","Dawson",0.370410657625703,"small","small","Allocasuarina decussata","Allocasuarina decussata","small_small","S_WA","WA","1","Subcanopy","Subcanopy","Subcanopy_Subcanopy"
"64","Eucalyptus diversicolor large","Allocasuarina decussata small",-0.0120625267796347,-0.180979747348865,0.156854693789596,-0.0152084913266773,-0.00891656223259206,"Potential 1","Dawson",0.337834441138461,"large","small","Eucalyptus diversicolor","Allocasuarina decussata","large_small","S_WA","WA",NA,"Subcanopy","Canopy","Canopy_Subcanopy"
"65","Eucalyptus diversicolor small","Allocasuarina decussata small",-0.0283176292909744,-0.162896414612108,0.10626115603016,-0.0309807123106076,-0.0256545462713412,"Potential 1","Dawson",0.269157570642268,"small","small","Eucalyptus diversicolor","Allocasuarina decussata","small_small","S_WA","WA",NA,"Subcanopy","Canopy","Canopy_Subcanopy"
"66","Eucalyptus diversicolor large","Eucalyptus diversicolor large",-0.149353797364909,-0.448605796919561,0.149898202189744,-0.153557667389294,-0.145149927340523,"Potential 1","Dawson",0.598503999109305,"large","large","Eucalyptus diversicolor","Eucalyptus diversicolor","large_large","S_WA","WA",NA,"Canopy","Canopy","Canopy_Canopy"
"67","Eucalyptus diversicolor small","Eucalyptus diversicolor large",0.0632077363727551,-0.118136159506308,0.244551632251818,0.0608322095218876,0.0655832632236227,"Potential 1","Dawson",0.362687791758126,"small","large","Eucalyptus diversicolor","Eucalyptus diversicolor","small_large","S_WA","WA",NA,"Canopy","Canopy","Canopy_Canopy"
"68","Eucalyptus diversicolor small","Eucalyptus diversicolor small",0.178893693156383,-0.00829433713284902,0.366081723445616,0.17444016257546,0.183347223737307,"Potential 1","Dawson",0.374376060578465,"small","small","Eucalyptus diversicolor","Eucalyptus diversicolor","small_small","S_WA","WA",NA,"Canopy","Canopy","Canopy_Canopy"
"69","Eucalyptus diversicolor large","Eucalyptus diversicolor large",-0.979221402710541,-1.94212119059999,-0.0163216148210902,-0.992797572818792,-0.965645232602289,"Potential 1","Carey",1.9257995757789,"large","large","Eucalyptus diversicolor","Eucalyptus diversicolor","large_large","N_WA","WA","1","Canopy","Canopy","Canopy_Canopy"
"70","Eucalyptus diversicolor small","Eucalyptus diversicolor large",0.136479308703291,-0.214500006264949,0.487458623671532,0.133076293357348,0.139882324049234,"Potential 1","Carey",0.701958629936482,"small","large","Eucalyptus diversicolor","Eucalyptus diversicolor","small_large","N_WA","WA",NA,"Canopy","Canopy","Canopy_Canopy"
"71","Trymalium odoratissimum small","Eucalyptus diversicolor large",-0.0186284193290791,-0.342556968569914,0.305300129911755,-0.0224255159294343,-0.0148313227287239,"Potential 1","Carey",0.647857098481669,"small","large","Trymalium odoratissimum","Eucalyptus diversicolor","small_large","N_WA","WA",NA,"Canopy","Subcanopy","Subcanopy_Canopy"
"72","Eucalyptus diversicolor small","Eucalyptus diversicolor small",0.216941771072889,0.0185025629704728,0.415380979175305,0.212877004086531,0.221006538059247,"Potential 1","Carey",0.396878416204832,"small","small","Eucalyptus diversicolor","Eucalyptus diversicolor","small_small","N_WA","WA","1","Canopy","Canopy","Canopy_Canopy"
"73","Trymalium odoratissimum small","Eucalyptus diversicolor small",-0.0727930512493406,-0.200270955790313,0.0546848532916322,-0.0745284540175979,-0.0710576484810833,"Potential 1","Carey",0.254955809081946,"small","small","Trymalium odoratissimum","Eucalyptus diversicolor","small_small","N_WA","WA",NA,"Canopy","Subcanopy","Subcanopy_Canopy"
"74","Trymalium odoratissimum small","Trymalium odoratissimum small",0.21842675361773,0.0377704357559469,0.399083071479512,0.213617872590115,0.223235634645344,"Potential 1","Carey",0.361312635723565,"small","small","Trymalium odoratissimum","Trymalium odoratissimum","small_small","N_WA","WA","1","Subcanopy","Subcanopy","Subcanopy_Subcanopy"
"75","Allocasuarina decussata large","Allocasuarina decussata large",-0.197498646508856,-0.543379838950008,0.148382545932295,-0.204416474644592,-0.19058081837312,"Potential 1","Dombakup",0.691762384882303,"large","large","Allocasuarina decussata","Allocasuarina decussata","large_large","N_WA","WA",NA,"Subcanopy","Subcanopy","Subcanopy_Subcanopy"
"76","Allocasuarina decussata small","Allocasuarina decussata large",-0.0180292974676532,-0.131580442543356,0.095521847608049,-0.0208028208831038,-0.0152557740522027,"Potential 1","Dombakup",0.227102290151405,"small","large","Allocasuarina decussata","Allocasuarina decussata","small_large","N_WA","WA",NA,"Subcanopy","Subcanopy","Subcanopy_Subcanopy"
"77","Eucalyptus diversicolor large","Allocasuarina decussata large",0.191970207769308,-0.137433345493651,0.521373761032267,0.187206170918476,0.19673424462014,"Potential 1","Dombakup",0.658807106525919,"large","large","Eucalyptus diversicolor","Allocasuarina decussata","large_large","N_WA","WA",NA,"Subcanopy","Canopy","Canopy_Subcanopy"
"78","Eucalyptus diversicolor small","Allocasuarina decussata large",-0.146768342835864,-0.363405584588651,0.0698688989169231,-0.150241404975214,-0.143295280696514,"Potential 1","Dombakup",0.433274483505574,"small","large","Eucalyptus diversicolor","Allocasuarina decussata","small_large","N_WA","WA",NA,"Subcanopy","Canopy","Canopy_Subcanopy"
"79","Trymalium odoratissimum large","Allocasuarina decussata large",0.172288189519564,-0.327076330036296,0.671652709075423,0.166512895526568,0.178063483512559,"Potential 1","Dombakup",0.998729039111719,"large","large","Trymalium odoratissimum","Allocasuarina decussata","large_large","N_WA","WA",NA,"Subcanopy","Subcanopy","Subcanopy_Subcanopy"
"80","Trymalium odoratissimum small","Allocasuarina decussata large",-0.217881250600522,-0.439932343038977,0.00416984183793331,-0.221858751937929,-0.213903749263114,"Potential 1","Dombakup",0.44410218487691,"small","large","Trymalium odoratissimum","Allocasuarina decussata","small_large","N_WA","WA",NA,"Subcanopy","Subcanopy","Subcanopy_Subcanopy"
"81","Allocasuarina decussata small","Allocasuarina decussata small",0.399303556607047,0.280482228004442,0.518124885209653,0.388719443478878,0.409887669735216,"Potential 1","Dombakup",0.237642657205211,"small","small","Allocasuarina decussata","Allocasuarina decussata","small_small","N_WA","WA","1","Subcanopy","Subcanopy","Subcanopy_Subcanopy"
"82","Eucalyptus diversicolor large","Allocasuarina decussata small",0.00466066329576609,-0.190628940498049,0.199950267089581,0.00152049054620754,0.00780083604532464,"Potential 1","Dombakup",0.39057920758763,"large","small","Eucalyptus diversicolor","Allocasuarina decussata","large_small","N_WA","WA",NA,"Subcanopy","Canopy","Canopy_Subcanopy"
"83","Eucalyptus diversicolor small","Allocasuarina decussata small",0.0249835149043368,-0.0739592979677701,0.123926327776444,0.0223061869669232,0.0276608428417504,"Potential 1","Dombakup",0.197885625744214,"small","small","Eucalyptus diversicolor","Allocasuarina decussata","small_small","N_WA","WA",NA,"Subcanopy","Canopy","Canopy_Subcanopy"
"84","Trymalium odoratissimum large","Allocasuarina decussata small",0.00690936840558934,-0.182108887800974,0.195927624612153,0.00308135290900578,0.0107373839021729,"Potential 1","Dombakup",0.378036512413126,"large","small","Trymalium odoratissimum","Allocasuarina decussata","large_small","N_WA","WA",NA,"Subcanopy","Subcanopy","Subcanopy_Subcanopy"
"85","Trymalium odoratissimum small","Allocasuarina decussata small",-0.0203080926215489,-0.0864241275314152,0.0458079422883173,-0.0240095603839814,-0.0166066248591165,"Potential 1","Dombakup",0.132232069819733,"small","small","Trymalium odoratissimum","Allocasuarina decussata","small_small","N_WA","WA",NA,"Subcanopy","Subcanopy","Subcanopy_Subcanopy"
"86","Eucalyptus diversicolor large","Eucalyptus diversicolor large",-0.441777133990508,-1.00860688076857,0.12505261278755,-0.448464510173469,-0.435089757807548,"Potential 1","Dombakup",1.13365949355612,"large","large","Eucalyptus diversicolor","Eucalyptus diversicolor","large_large","N_WA","WA",NA,"Canopy","Canopy","Canopy_Canopy"
"87","Eucalyptus diversicolor small","Eucalyptus diversicolor large",0.205136976910047,-0.134417563677703,0.544691517497797,0.201043754504932,0.209230199315163,"Potential 1","Dombakup",0.6791090811755,"small","large","Eucalyptus diversicolor","Eucalyptus diversicolor","small_large","N_WA","WA",NA,"Canopy","Canopy","Canopy_Canopy"
"88","Trymalium odoratissimum large","Eucalyptus diversicolor large",0.337902994737034,-0.256267953219055,0.932073942693124,0.330560310107206,0.345245679366863,"Potential 1","Dombakup",1.18834189591218,"large","large","Trymalium odoratissimum","Eucalyptus diversicolor","large_large","N_WA","WA",NA,"Canopy","Subcanopy","Subcanopy_Canopy"
"89","Trymalium odoratissimum small","Eucalyptus diversicolor large",0.0255471445262331,-0.169726347188292,0.220820636240758,0.0225025505985326,0.0285917384539336,"Potential 1","Dombakup",0.39054698342905,"small","large","Trymalium odoratissimum","Eucalyptus diversicolor","small_large","N_WA","WA",NA,"Canopy","Subcanopy","Subcanopy_Canopy"
"90","Eucalyptus diversicolor small","Eucalyptus diversicolor small",-0.0103523971257522,-0.321570640247768,0.300865845996263,-0.0156541381176656,-0.0050506561338388,"Potential 1","Dombakup",0.622436486244031,"small","small","Eucalyptus diversicolor","Eucalyptus diversicolor","small_small","N_WA","WA",NA,"Canopy","Canopy","Canopy_Canopy"
"91","Trymalium odoratissimum large","Eucalyptus diversicolor small",-0.0434524164140316,-0.410862972049836,0.323958139221772,-0.0476116875922829,-0.0392931452357803,"Potential 1","Dombakup",0.734821111271608,"large","small","Trymalium odoratissimum","Eucalyptus diversicolor","large_small","N_WA","WA",NA,"Canopy","Subcanopy","Subcanopy_Canopy"
"92","Trymalium odoratissimum small","Eucalyptus diversicolor small",-0.0964818048492618,-0.264738995094574,0.0717753853960505,-0.100035626669428,-0.0929279830290959,"Potential 1","Dombakup",0.336514380490624,"small","small","Trymalium odoratissimum","Eucalyptus diversicolor","small_small","N_WA","WA",NA,"Canopy","Subcanopy","Subcanopy_Canopy"
"93","Trymalium odoratissimum large","Trymalium odoratissimum large",-0.342066826379787,-1.28661548160641,0.602481828846839,-0.353729130477152,-0.330404522282422,"Potential 1","Dombakup",1.88909731045325,"large","large","Trymalium odoratissimum","Trymalium odoratissimum","large_large","N_WA","WA",NA,"Subcanopy","Subcanopy","Subcanopy_Subcanopy"
"94","Trymalium odoratissimum small","Trymalium odoratissimum large",0.234929478944249,-0.0752858589522618,0.54514481684076,0.228756599509379,0.24110235837912,"Potential 1","Dombakup",0.620430675793022,"small","large","Trymalium odoratissimum","Trymalium odoratissimum","small_large","N_WA","WA",NA,"Subcanopy","Subcanopy","Subcanopy_Subcanopy"
"95","Trymalium odoratissimum small","Trymalium odoratissimum small",0.338884156773406,0.0870829244844127,0.5906853890624,0.329337201785918,0.348431111760895,"Potential 1","Dombakup",0.503602464577988,"small","small","Trymalium odoratissimum","Trymalium odoratissimum","small_small","N_WA","WA","1","Subcanopy","Subcanopy","Subcanopy_Subcanopy"
"96","Acacia melanoxylon large","Acacia melanoxylon large",-0.428328833181924,-1.17108364444256,0.314425978078714,-0.43719882987254,-0.419458836491309,"Potential 1","Dip",1.48550962252128,"large","large","Acacia melanoxylon","Acacia melanoxylon","large_large","o_TAS","TAS",NA,"Subcanopy","Subcanopy","Subcanopy_Subcanopy"
"97","Acacia melanoxylon small","Acacia melanoxylon large",0.328813865161752,-0.224669051812399,0.882296782135902,0.323048878619402,0.334578851704101,"Potential 1","Dip",1.1069658339483,"small","large","Acacia melanoxylon","Acacia melanoxylon","small_large","o_TAS","TAS",NA,"Subcanopy","Subcanopy","Subcanopy_Subcanopy"
"98","Eucalyptus obliqua large","Acacia melanoxylon large",-0.511725569299464,-1.30870161126717,0.285250472668238,-0.519737535003299,-0.50371360359563,"Potential 1","Dip",1.5939520839354,"large","large","Eucalyptus obliqua","Acacia melanoxylon","large_large","o_TAS","TAS",NA,"Subcanopy","Canopy","Canopy_Subcanopy"
"99","Eucalyptus obliqua small","Acacia melanoxylon large",-0.473297058174654,-0.972464092249147,0.0258699758998395,-0.479349104288703,-0.467245012060605,"Potential 1","Dip",0.998334068148987,"small","large","Eucalyptus obliqua","Acacia melanoxylon","small_large","o_TAS","TAS",NA,"Subcanopy","Canopy","Canopy_Subcanopy"
"100","Olearia argophylla small","Acacia melanoxylon large",0.212621399117361,-0.371221658124595,0.796464456359317,0.204476305805317,0.220766492429405,"Potential 1","Dip",1.16768611448391,"small","large","Olearia argophylla","Acacia melanoxylon","small_large","o_TAS","TAS",NA,"Subcanopy","Subcanopy","Subcanopy_Subcanopy"
"101","Pomaderris apetala large","Acacia melanoxylon large",0.187240492553059,-0.138527582532612,0.513008567638729,0.179906025544651,0.194574959561467,"Potential 1","Dip",0.651536150171341,"large","large","Pomaderris apetala","Acacia melanoxylon","large_large","o_TAS","TAS",NA,"Subcanopy","Subcanopy","Subcanopy_Subcanopy"
"102","Pomaderris apetala small","Acacia melanoxylon large",-0.0277299697082916,-0.153050335252678,0.0975903958360946,-0.0309474115533419,-0.0245125278632412,"Potential 1","Dip",0.250640731088772,"small","large","Pomaderris apetala","Acacia melanoxylon","small_large","o_TAS","TAS",NA,"Subcanopy","Subcanopy","Subcanopy_Subcanopy"
"103","Acacia melanoxylon small","Acacia melanoxylon small",-0.314959497894865,-0.797616988989908,0.167697993200178,-0.321484106790259,-0.308434888999471,"Potential 1","Dip",0.965314982190085,"small","small","Acacia melanoxylon","Acacia melanoxylon","small_small","o_TAS","TAS",NA,"Subcanopy","Subcanopy","Subcanopy_Subcanopy"
"104","Eucalyptus obliqua large","Acacia melanoxylon small",0.456308197853458,-0.235998953102308,1.14861534880922,0.447624506988285,0.464991888718631,"Potential 1","Dip",1.38461430191153,"large","small","Eucalyptus obliqua","Acacia melanoxylon","large_small","o_TAS","TAS",NA,"Subcanopy","Canopy","Canopy_Subcanopy"
"105","Eucalyptus obliqua small","Acacia melanoxylon small",0.0935988506131666,-0.25732737080047,0.444525072026803,0.089910863842862,0.0972868373834711,"Potential 1","Dip",0.701852442827273,"small","small","Eucalyptus obliqua","Acacia melanoxylon","small_small","o_TAS","TAS",NA,"Subcanopy","Canopy","Canopy_Subcanopy"
"106","Olearia argophylla small","Acacia melanoxylon small",-0.147136135012075,-0.620167659673329,0.325895389649179,-0.153815319269459,-0.140456950754691,"Potential 1","Dip",0.946063049322508,"small","small","Olearia argophylla","Acacia melanoxylon","small_small","o_TAS","TAS",NA,"Subcanopy","Subcanopy","Subcanopy_Subcanopy"
"107","Pomaderris apetala large","Acacia melanoxylon small",-0.271671685332021,-0.547862884252756,0.00451951358871439,-0.27638917123424,-0.266954199429801,"Potential 1","Dip",0.55238239784147,"large","small","Pomaderris apetala","Acacia melanoxylon","large_small","o_TAS","TAS",NA,"Subcanopy","Subcanopy","Subcanopy_Subcanopy"
"108","Pomaderris apetala small","Acacia melanoxylon small",-0.0102892028040122,-0.112046616865886,0.091468211257862,-0.0124334105970688,-0.0081449950109557,"Potential 1","Dip",0.203514828123748,"small","small","Pomaderris apetala","Acacia melanoxylon","small_small","o_TAS","TAS",NA,"Subcanopy","Subcanopy","Subcanopy_Subcanopy"
"109","Eucalyptus obliqua large","Eucalyptus obliqua large",-0.912887106763954,-2.20557928993374,0.37980507640583,-0.931696173111791,-0.894078040416117,"Potential 1","Dip",2.58538436633957,"large","large","Eucalyptus obliqua","Eucalyptus obliqua","large_large","o_TAS","TAS",NA,"Canopy","Canopy","Canopy_Canopy"
"110","Eucalyptus obliqua small","Eucalyptus obliqua large",-0.129789172864355,-0.688920307910566,0.429341962181856,-0.136315426871149,-0.123262918857561,"Potential 1","Dip",1.11826227009242,"small","large","Eucalyptus obliqua","Eucalyptus obliqua","small_large","o_TAS","TAS",NA,"Canopy","Canopy","Canopy_Canopy"
"111","Olearia argophylla small","Eucalyptus obliqua large",0.751301306764539,-0.248924934221749,1.75152754775083,0.73651641023749,0.766086203291588,"Potential 1","Dip",2.00045248197258,"small","large","Olearia argophylla","Eucalyptus obliqua","small_large","o_TAS","TAS",NA,"Canopy","Subcanopy","Subcanopy_Canopy"
"112","Pomaderris apetala large","Eucalyptus obliqua large",0.103522201632455,-0.35338289094618,0.560427294211089,0.0954771538799463,0.111567249384963,"Potential 1","Dip",0.91381018515727,"large","large","Pomaderris apetala","Eucalyptus obliqua","large_large","o_TAS","TAS",NA,"Canopy","Subcanopy","Subcanopy_Canopy"
"113","Pomaderris apetala small","Eucalyptus obliqua large",0.0978718850091654,-0.0498514560376065,0.245595226055937,0.0945349212019047,0.101208848816426,"Potential 1","Dip",0.295446682093544,"small","large","Pomaderris apetala","Eucalyptus obliqua","small_large","o_TAS","TAS",NA,"Canopy","Subcanopy","Subcanopy_Canopy"
"114","Eucalyptus obliqua small","Eucalyptus obliqua small",-0.159645554808073,-0.59068627814035,0.271395168524204,-0.165203219777279,-0.154087889838867,"Potential 1","Dip",0.862081446664554,"small","small","Eucalyptus obliqua","Eucalyptus obliqua","small_small","o_TAS","TAS",NA,"Canopy","Canopy","Canopy_Canopy"
"115","Olearia argophylla small","Eucalyptus obliqua small",0.125863559546008,-0.302805092401289,0.554532211493305,0.119436813034069,0.132290306057946,"Potential 1","Dip",0.857337303894594,"small","small","Olearia argophylla","Eucalyptus obliqua","small_small","o_TAS","TAS",NA,"Canopy","Subcanopy","Subcanopy_Canopy"
"116","Pomaderris apetala large","Eucalyptus obliqua small",0.0259493161285069,-0.220219672094354,0.272118304351368,0.0212942998949052,0.0306043323621085,"Potential 1","Dip",0.492337976445722,"large","small","Pomaderris apetala","Eucalyptus obliqua","large_small","o_TAS","TAS",NA,"Canopy","Subcanopy","Subcanopy_Canopy"
"117","Pomaderris apetala small","Eucalyptus obliqua small",-0.00194276941758403,-0.0887912095968327,0.0849056707616646,-0.00379442567529382,-9.11131598742324e-05,"Potential 1","Dip",0.173696880358497,"small","small","Pomaderris apetala","Eucalyptus obliqua","small_small","o_TAS","TAS",NA,"Canopy","Subcanopy","Subcanopy_Canopy"
"118","Olearia argophylla small","Olearia argophylla small",-0.19710688471644,-1.1679813145894,0.773767545156524,-0.213544814549292,-0.180668954883589,"Potential 1","Dip",1.94174885974593,"small","small","Olearia argophylla","Olearia argophylla","small_small","o_TAS","TAS",NA,"Subcanopy","Subcanopy","Subcanopy_Subcanopy"
"119","Pomaderris apetala large","Olearia argophylla small",0.143913878473238,-0.162394345836692,0.450222102783169,0.136102382645908,0.151725374300568,"Potential 1","Dip",0.612616448619861,"large","small","Pomaderris apetala","Olearia argophylla","large_small","o_TAS","TAS",NA,"Subcanopy","Subcanopy","Subcanopy_Subcanopy"
"120","Pomaderris apetala small","Olearia argophylla small",-0.184263069744399,-0.319251149968596,-0.0492749895202011,-0.188417123734209,-0.180109015754588,"Potential 1","Dip",0.269976160448395,"small","small","Pomaderris apetala","Olearia argophylla","small_small","o_TAS","TAS","1","Subcanopy","Subcanopy","Subcanopy_Subcanopy"
"121","Pomaderris apetala large","Pomaderris apetala large",0.0613584282006737,-0.184683469965811,0.307400326367159,0.052965994908453,0.0697508614928945,"Potential 1","Dip",0.49208379633297,"large","large","Pomaderris apetala","Pomaderris apetala","large_large","o_TAS","TAS",NA,"Subcanopy","Subcanopy","Subcanopy_Subcanopy"
"122","Pomaderris apetala small","Pomaderris apetala large",0.117430705180386,0.0402965020386749,0.194564908322097,0.113700142287895,0.121161268072877,"Potential 1","Dip",0.154268406283422,"small","large","Pomaderris apetala","Pomaderris apetala","small_large","o_TAS","TAS","1","Subcanopy","Subcanopy","Subcanopy_Subcanopy"
"123","Pomaderris apetala small","Pomaderris apetala small",0.512654010779333,0.413244983337547,0.612063038221119,0.492626833505906,0.53268118805276,"Potential 1","Dip",0.198818054883573,"small","small","Pomaderris apetala","Pomaderris apetala","small_small","o_TAS","TAS","1","Subcanopy","Subcanopy","Subcanopy_Subcanopy"
"124","Acacia melanoxylon large","Acacia melanoxylon large",-0.0581250975756377,-0.331617465838696,0.21536727068742,-0.0631758553764432,-0.0530743397748321,"Potential 1","Weld",0.546984736526116,"large","large","Acacia melanoxylon","Acacia melanoxylon","large_large","o_TAS","TAS",NA,"Subcanopy","Subcanopy","Subcanopy_Subcanopy"
"125","Acacia melanoxylon small","Acacia melanoxylon large",0.0623209148002434,-0.0586749293548033,0.18331675895529,0.0592586583777474,0.0653831712227393,"Potential 1","Weld",0.241991688310093,"small","large","Acacia melanoxylon","Acacia melanoxylon","small_large","o_TAS","TAS",NA,"Subcanopy","Subcanopy","Subcanopy_Subcanopy"
"126","Eucalyptus obliqua small","Acacia melanoxylon large",0.170289692355925,-0.264515517065889,0.60509490177774,0.165002958697928,0.175576426013923,"Potential 1","Weld",0.869610418843628,"small","large","Eucalyptus obliqua","Acacia melanoxylon","small_large","o_TAS","TAS",NA,"Subcanopy","Canopy","Canopy_Subcanopy"
"127","Eucalyptus regnans large","Acacia melanoxylon large",-0.0456722007463692,-0.321238825034668,0.229894423541929,-0.0496230590169009,-0.0417213424758374,"Potential 1","Weld",0.551133248576597,"large","large","Eucalyptus regnans","Acacia melanoxylon","large_large","o_TAS","TAS",NA,"Subcanopy","Canopy","Canopy_Subcanopy"
"128","Eucalyptus regnans small","Acacia melanoxylon large",-0.233960564796122,-0.541574495587774,0.073653365995531,-0.237946104704712,-0.229975024887532,"Potential 1","Weld",0.615227861583306,"small","large","Eucalyptus regnans","Acacia melanoxylon","small_large","o_TAS","TAS",NA,"Subcanopy","Canopy","Canopy_Subcanopy"
"129","Pomaderris apetala small","Acacia melanoxylon large",0.0330323116459927,-0.0946982793703756,0.160762902662361,0.029858545765133,0.0362060775268525,"Potential 1","Weld",0.255461182032737,"small","large","Pomaderris apetala","Acacia melanoxylon","small_large","o_TAS","TAS",NA,"Subcanopy","Subcanopy","Subcanopy_Subcanopy"
"130","Acacia melanoxylon small","Acacia melanoxylon small",0.353092805021435,0.199444843889422,0.506740766153449,0.344349925115638,0.361835684927232,"Potential 1","Weld",0.307295922264027,"small","small","Acacia melanoxylon","Acacia melanoxylon","small_small","o_TAS","TAS","1","Subcanopy","Subcanopy","Subcanopy_Subcanopy"
"131","Eucalyptus obliqua small","Acacia melanoxylon small",-0.130407312573716,-0.318848989113866,0.0580343639664351,-0.134022580335046,-0.126792044812385,"Potential 1","Weld",0.376883353080301,"small","small","Eucalyptus obliqua","Acacia melanoxylon","small_small","o_TAS","TAS",NA,"Subcanopy","Canopy","Canopy_Subcanopy"
"132","Eucalyptus regnans large","Acacia melanoxylon small",0.0835963743856915,-0.0778434684067906,0.245036217178174,0.0803751608927185,0.0868175878786646,"Potential 1","Weld",0.322879685584964,"large","small","Eucalyptus regnans","Acacia melanoxylon","large_small","o_TAS","TAS",NA,"Subcanopy","Canopy","Canopy_Subcanopy"
"133","Eucalyptus regnans small","Acacia melanoxylon small",0.0016618735997372,-0.158673941341884,0.161997688541358,-0.0012631527768723,0.0045868999763467,"Potential 1","Weld",0.320671629883242,"small","small","Eucalyptus regnans","Acacia melanoxylon","small_small","o_TAS","TAS",NA,"Subcanopy","Canopy","Canopy_Subcanopy"
"134","Pomaderris apetala small","Acacia melanoxylon small",-0.0343444784029881,-0.104566959481503,0.0358780026755266,-0.0385017584743509,-0.0301871983316254,"Potential 1","Weld",0.140444962157029,"small","small","Pomaderris apetala","Acacia melanoxylon","small_small","o_TAS","TAS",NA,"Subcanopy","Subcanopy","Subcanopy_Subcanopy"
"135","Eucalyptus obliqua small","Eucalyptus obliqua small",-0.0341709693095894,-1.067296126547,0.998954187927826,-0.0465149957073608,-0.0218269429118181,"Potential 1","Weld",2.06625031447483,"small","small","Eucalyptus obliqua","Eucalyptus obliqua","small_small","o_TAS","TAS",NA,"Canopy","Canopy","Canopy_Canopy"
"136","Eucalyptus regnans large","Eucalyptus obliqua small",0.270831704853467,-0.39195890991329,0.933622319620223,0.264202054328938,0.277461355377995,"Potential 1","Weld",1.32558122953351,"large","small","Eucalyptus regnans","Eucalyptus obliqua","large_small","o_TAS","TAS",NA,"Canopy","Canopy","Canopy_Canopy"
"137","Eucalyptus regnans small","Eucalyptus obliqua small",0.459244287334983,-0.388712723266198,1.30720129793616,0.447617917632028,0.470870657037937,"Potential 1","Weld",1.69591402120236,"small","small","Eucalyptus regnans","Eucalyptus obliqua","small_small","o_TAS","TAS",NA,"Canopy","Canopy","Canopy_Canopy"
"138","Pomaderris apetala small","Eucalyptus obliqua small",-0.0792975596392029,-0.48695443057636,0.328359311297955,-0.0853299873491378,-0.073265131929268,"Potential 1","Weld",0.815313741874315,"small","small","Pomaderris apetala","Eucalyptus obliqua","small_small","o_TAS","TAS",NA,"Canopy","Subcanopy","Subcanopy_Canopy"
"139","Eucalyptus regnans large","Eucalyptus regnans large",-0.197301027358116,-0.804824564534487,0.410222509818256,-0.20398258654603,-0.190619468170201,"Potential 1","Weld",1.21504707435274,"large","large","Eucalyptus regnans","Eucalyptus regnans","large_large","o_TAS","TAS",NA,"Canopy","Canopy","Canopy_Canopy"
"140","Eucalyptus regnans small","Eucalyptus regnans large",0.197014060804717,-0.20999205527002,0.604020176879453,0.191393527939707,0.202634593669726,"Potential 1","Weld",0.814012232149473,"small","large","Eucalyptus regnans","Eucalyptus regnans","small_large","o_TAS","TAS",NA,"Canopy","Canopy","Canopy_Canopy"
"141","Pomaderris apetala small","Eucalyptus regnans large",0.0555564531209725,-0.139703319493868,0.250816225735813,0.0529828831169026,0.0581300231250424,"Potential 1","Weld",0.390519545229681,"small","large","Pomaderris apetala","Eucalyptus regnans","small_large","o_TAS","TAS",NA,"Canopy","Subcanopy","Subcanopy_Canopy"
"142","Eucalyptus regnans small","Eucalyptus regnans small",-0.223610265483797,-0.872236799876364,0.42501626890877,-0.233334755658022,-0.213885775309572,"Potential 1","Weld",1.29725306878513,"small","small","Eucalyptus regnans","Eucalyptus regnans","small_small","o_TAS","TAS",NA,"Canopy","Canopy","Canopy_Canopy"
"143","Pomaderris apetala small","Eucalyptus regnans small",0.0843586771447222,-0.102376776184936,0.27109413047438,0.080292076746633,0.0884252775428114,"Potential 1","Weld",0.373470906659316,"small","small","Pomaderris apetala","Eucalyptus regnans","small_small","o_TAS","TAS",NA,"Canopy","Subcanopy","Subcanopy_Canopy"
"144","Pomaderris apetala small","Pomaderris apetala small",0.603037126991595,0.388941652758916,0.817132601224274,0.584651954340253,0.621422299642938,"Potential 1","Weld",0.428190948465357,"small","small","Pomaderris apetala","Pomaderris apetala","small_small","o_TAS","TAS","1","Subcanopy","Subcanopy","Subcanopy_Subcanopy"
"145","Eucalyptus obliqua large","Eucalyptus obliqua large",-0.572257360231127,-0.970842859369482,-0.173671861092772,-0.584649527722863,-0.559865192739391,"Potential 1","ZigZag",0.797170998276711,"large","large","Eucalyptus obliqua","Eucalyptus obliqua","large_large","o_TAS","TAS","1","Canopy","Canopy","Canopy_Canopy"
"146","Eucalyptus obliqua small","Eucalyptus obliqua large",-0.130524146861708,-0.321086181434214,0.0600378877107994,-0.136032581931079,-0.125015711792336,"Potential 1","ZigZag",0.381124069145014,"small","large","Eucalyptus obliqua","Eucalyptus obliqua","small_large","o_TAS","TAS",NA,"Canopy","Canopy","Canopy_Canopy"
"147","Nematolepis squamea large","Eucalyptus obliqua large",0.255614899416225,-0.113762294876268,0.624992093708718,0.247601881479668,0.263627917352783,"Potential 1","ZigZag",0.738754388584986,"large","large","Nematolepis squamea","Eucalyptus obliqua","large_large","o_TAS","TAS",NA,"Canopy","Subcanopy","Subcanopy_Canopy"
"148","Nematolepis squamea small","Eucalyptus obliqua large",0.155991853053334,0.0231177924788101,0.288865913627859,0.150910122472275,0.161073583634394,"Potential 1","ZigZag",0.265748121149048,"small","large","Nematolepis squamea","Eucalyptus obliqua","small_large","o_TAS","TAS","1","Canopy","Subcanopy","Subcanopy_Canopy"
"149","Pomaderris apetala large","Eucalyptus obliqua large",-0.217172323757947,-0.423511253150304,-0.01083339436559,-0.223046660716163,-0.211297986799731,"Potential 1","ZigZag",0.412677858784714,"large","large","Pomaderris apetala","Eucalyptus obliqua","large_large","o_TAS","TAS","1","Canopy","Subcanopy","Subcanopy_Canopy"
"150","Pomaderris apetala small","Eucalyptus obliqua large",0.0800352549341264,-0.0185379669281082,0.178608476796361,0.0768782060888507,0.0831923037794021,"Potential 1","ZigZag",0.197146443724469,"small","large","Pomaderris apetala","Eucalyptus obliqua","small_large","o_TAS","TAS",NA,"Canopy","Subcanopy","Subcanopy_Canopy"
"151","Eucalyptus obliqua small","Eucalyptus obliqua small",0.113317514057426,-0.0532854559900726,0.279920484104924,0.105325543357982,0.121309484756869,"Potential 1","ZigZag",0.333205940094996,"small","small","Eucalyptus obliqua","Eucalyptus obliqua","small_small","o_TAS","TAS",NA,"Canopy","Canopy","Canopy_Canopy"
"152","Nematolepis squamea large","Eucalyptus obliqua small",0.171676652040655,-0.0292868894258495,0.37264019350716,0.166458609245905,0.176894694835405,"Potential 1","ZigZag",0.401927082933009,"large","small","Nematolepis squamea","Eucalyptus obliqua","large_small","o_TAS","TAS",NA,"Canopy","Subcanopy","Subcanopy_Canopy"
"153","Nematolepis squamea small","Eucalyptus obliqua small",0.124135462601999,0.0255897980994421,0.222681127104556,0.119453828385336,0.128817096818661,"Potential 1","ZigZag",0.197091329005114,"small","small","Nematolepis squamea","Eucalyptus obliqua","small_small","o_TAS","TAS","1","Canopy","Subcanopy","Subcanopy_Canopy"
"154","Pomaderris apetala large","Eucalyptus obliqua small",-0.0919402800094289,-0.220092079641391,0.0362115196225334,-0.0957254719307224,-0.0881550880881354,"Potential 1","ZigZag",0.256303599263925,"large","small","Pomaderris apetala","Eucalyptus obliqua","large_small","o_TAS","TAS",NA,"Canopy","Subcanopy","Subcanopy_Canopy"
"155","Pomaderris apetala small","Eucalyptus obliqua small",0.0628221735303016,-0.00146543913019236,0.127109786190796,0.0598775530374965,0.0657667940231068,"Potential 1","ZigZag",0.128575225320988,"small","small","Pomaderris apetala","Eucalyptus obliqua","small_small","o_TAS","TAS",NA,"Canopy","Subcanopy","Subcanopy_Canopy"
"156","Nematolepis squamea large","Nematolepis squamea large",-0.403018798055363,-0.777077883799912,-0.0289597123108148,-0.410584315663298,-0.395453280447429,"Potential 1","ZigZag",0.748118171489097,"large","large","Nematolepis squamea","Nematolepis squamea","large_large","o_TAS","TAS","1","Subcanopy","Subcanopy","Subcanopy_Subcanopy"
"157","Nematolepis squamea small","Nematolepis squamea large",-0.103121202024837,-0.25185835748501,0.0456159534353355,-0.107169309687935,-0.0990730943617393,"Potential 1","ZigZag",0.297474310920345,"small","large","Nematolepis squamea","Nematolepis squamea","small_large","o_TAS","TAS",NA,"Subcanopy","Subcanopy","Subcanopy_Subcanopy"
"158","Pomaderris apetala large","Nematolepis squamea large",0.0712483182805886,-0.16093116104291,0.303427797604087,0.066210067280707,0.0762865692804702,"Potential 1","ZigZag",0.464358958646997,"large","large","Pomaderris apetala","Nematolepis squamea","large_large","o_TAS","TAS",NA,"Subcanopy","Subcanopy","Subcanopy_Subcanopy"
"159","Pomaderris apetala small","Nematolepis squamea large",-0.0960323029613273,-0.206289093362722,0.0142244874400673,-0.0989882960368677,-0.0930763098857869,"Potential 1","ZigZag",0.220513580802789,"small","large","Pomaderris apetala","Nematolepis squamea","small_large","o_TAS","TAS",NA,"Subcanopy","Subcanopy","Subcanopy_Subcanopy"
"160","Nematolepis squamea small","Nematolepis squamea small",0.179151411481552,0.0182610209613743,0.340041802001729,0.163345220854922,0.194957602108181,"Potential 1","ZigZag",0.321780781040354,"small","small","Nematolepis squamea","Nematolepis squamea","small_small","o_TAS","TAS","1","Subcanopy","Subcanopy","Subcanopy_Subcanopy"
"161","Pomaderris apetala large","Nematolepis squamea small",-0.0489989097790779,-0.15890104489367,0.0609032253355145,-0.0529494342533803,-0.0450483853047755,"Potential 1","ZigZag",0.219804270229185,"large","small","Pomaderris apetala","Nematolepis squamea","large_small","o_TAS","TAS",NA,"Subcanopy","Subcanopy","Subcanopy_Subcanopy"
"162","Pomaderris apetala small","Nematolepis squamea small",-0.115214419548773,-0.164355274257573,-0.0660735648399739,-0.118760051293823,-0.111668787803724,"Potential 1","ZigZag",0.0982817094175987,"small","small","Pomaderris apetala","Nematolepis squamea","small_small","o_TAS","TAS","1","Subcanopy","Subcanopy","Subcanopy_Subcanopy"
"163","Pomaderris apetala large","Pomaderris apetala large",-0.0592200007405286,-0.379591144995249,0.261151143514191,-0.0712432864970715,-0.0471967149839857,"Potential 1","ZigZag",0.64074228850944,"large","large","Pomaderris apetala","Pomaderris apetala","large_large","o_TAS","TAS",NA,"Subcanopy","Subcanopy","Subcanopy_Subcanopy"
"164","Pomaderris apetala small","Pomaderris apetala large",0.0585007678180151,-0.00506054479594095,0.122062080431971,0.0560105786798732,0.0609909569561569,"Potential 1","ZigZag",0.127122625227912,"small","large","Pomaderris apetala","Pomaderris apetala","small_large","o_TAS","TAS",NA,"Subcanopy","Subcanopy","Subcanopy_Subcanopy"
"165","Pomaderris apetala small","Pomaderris apetala small",0.293834274111574,0.185021488975698,0.402647059247451,0.275062303229581,0.312606244993568,"Potential 1","ZigZag",0.217625570271752,"small","small","Pomaderris apetala","Pomaderris apetala","small_small","o_TAS","TAS","1","Subcanopy","Subcanopy","Subcanopy_Subcanopy"
"166","Eucalyptus cypellocarpa large","Eucalyptus cypellocarpa large",-0.271952911337112,-0.798115249513532,0.254209426839308,-0.279559488488776,-0.264346334185448,"Potential 1","Newline",1.05232467635284,"large","large","Eucalyptus cypellocarpa","Eucalyptus cypellocarpa","large_large","S_NSW","SE_AUS",NA,"Canopy","Canopy","Canopy_Canopy"
"167","Eucalyptus cypellocarpa small","Eucalyptus cypellocarpa large",0.00908581475562956,-0.236422055023132,0.254593684534391,0.00443787431586081,0.0137337551953983,"Potential 1","Newline",0.491015739557524,"small","large","Eucalyptus cypellocarpa","Eucalyptus cypellocarpa","small_large","S_NSW","SE_AUS",NA,"Canopy","Canopy","Canopy_Canopy"
"168","Eucalyptus fastigata large","Eucalyptus cypellocarpa large",-0.235930552604508,-0.467247074583192,-0.00461403062582416,-0.239915516210692,-0.231945588998323,"Potential 1","Newline",0.462633043957367,"large","large","Eucalyptus fastigata","Eucalyptus cypellocarpa","large_large","S_NSW","SE_AUS","1","Canopy","Canopy","Canopy_Canopy"
"169","Eucalyptus fastigata small","Eucalyptus cypellocarpa large",0.197937466844046,-0.0510855403973957,0.446960474085488,0.193111834565495,0.202763099122597,"Potential 1","Newline",0.498046014482884,"small","large","Eucalyptus fastigata","Eucalyptus cypellocarpa","small_large","S_NSW","SE_AUS",NA,"Canopy","Canopy","Canopy_Canopy"
"170","Eucalyptus obliqua large","Eucalyptus cypellocarpa large",-0.264036387794065,-0.700974785252702,0.172902009664572,-0.270652081184244,-0.257420694403886,"Potential 1","Newline",0.873876794917274,"large","large","Eucalyptus obliqua","Eucalyptus cypellocarpa","large_large","S_NSW","SE_AUS",NA,"Canopy","Canopy","Canopy_Canopy"
"171","Eucalyptus obliqua small","Eucalyptus cypellocarpa large",0.172155311010328,-0.13443409010259,0.478744712123246,0.166686887848704,0.177623734171952,"Potential 1","Newline",0.613178802225836,"small","large","Eucalyptus obliqua","Eucalyptus cypellocarpa","small_large","S_NSW","SE_AUS",NA,"Canopy","Canopy","Canopy_Canopy"
"172","Eucalyptus radiata small","Eucalyptus cypellocarpa large",0.0395008041815088,-0.418970328070422,0.49797193643344,0.0328498706328166,0.0461517377302009,"Potential 1","Newline",0.916942264503862,"small","large","Eucalyptus radiata","Eucalyptus cypellocarpa","small_large","S_NSW","SE_AUS",NA,"Canopy","Canopy","Canopy_Canopy"
"173","Eucalyptus cypellocarpa small","Eucalyptus cypellocarpa small",0.17647741649449,-0.0715921817795608,0.424547014768542,0.169237084787289,0.183717748201692,"Potential 1","Newline",0.496139196548102,"small","small","Eucalyptus cypellocarpa","Eucalyptus cypellocarpa","small_small","S_NSW","SE_AUS",NA,"Canopy","Canopy","Canopy_Canopy"
"174","Eucalyptus fastigata large","Eucalyptus cypellocarpa small",-0.0101847313501648,-0.175964944866443,0.155595482166114,-0.0135417006190861,-0.00682776208124359,"Potential 1","Newline",0.331560427032557,"large","small","Eucalyptus fastigata","Eucalyptus cypellocarpa","large_small","S_NSW","SE_AUS",NA,"Canopy","Canopy","Canopy_Canopy"
"175","Eucalyptus fastigata small","Eucalyptus cypellocarpa small",0.041124604094144,-0.108994699087464,0.191243907275752,0.0367541198976764,0.0454950882906116,"Potential 1","Newline",0.300238606363216,"small","small","Eucalyptus fastigata","Eucalyptus cypellocarpa","small_small","S_NSW","SE_AUS",NA,"Canopy","Canopy","Canopy_Canopy"
"176","Eucalyptus obliqua large","Eucalyptus cypellocarpa small",0.165658333933858,-0.141308564683868,0.472625232551585,0.160361082800164,0.170955585067553,"Potential 1","Newline",0.613933797235453,"large","small","Eucalyptus obliqua","Eucalyptus cypellocarpa","large_small","S_NSW","SE_AUS",NA,"Canopy","Canopy","Canopy_Canopy"
"177","Eucalyptus obliqua small","Eucalyptus cypellocarpa small",-0.0350237041761314,-0.248151865923321,0.178104457571058,-0.0395218528486902,-0.0305255555035726,"Potential 1","Newline",0.426256323494379,"small","small","Eucalyptus obliqua","Eucalyptus cypellocarpa","small_small","S_NSW","SE_AUS",NA,"Canopy","Canopy","Canopy_Canopy"
"178","Eucalyptus radiata small","Eucalyptus cypellocarpa small",-0.22672765169315,-0.633021931349748,0.179566627963447,-0.233254903754097,-0.220200399632204,"Potential 1","Newline",0.812588559313195,"small","small","Eucalyptus radiata","Eucalyptus cypellocarpa","small_small","S_NSW","SE_AUS",NA,"Canopy","Canopy","Canopy_Canopy"
"179","Eucalyptus fastigata large","Eucalyptus fastigata large",-0.153327833682655,-0.455081306698482,0.148425639333172,-0.161517180829982,-0.145138486535328,"Potential 1","Newline",0.603506946031654,"large","large","Eucalyptus fastigata","Eucalyptus fastigata","large_large","S_NSW","SE_AUS",NA,"Canopy","Canopy","Canopy_Canopy"
"180","Eucalyptus fastigata small","Eucalyptus fastigata large",0.113820627362986,-0.0491464480938663,0.276787702819838,0.110353478762571,0.117287775963401,"Potential 1","Newline",0.325934150913705,"small","large","Eucalyptus fastigata","Eucalyptus fastigata","small_large","S_NSW","SE_AUS",NA,"Canopy","Canopy","Canopy_Canopy"
"181","Eucalyptus obliqua large","Eucalyptus fastigata large",-0.362245803598257,-0.697803418440481,-0.0266881887560328,-0.367615528304522,-0.356876078891992,"Potential 1","Newline",0.671115229684448,"large","large","Eucalyptus obliqua","Eucalyptus fastigata","large_large","S_NSW","SE_AUS","1","Canopy","Canopy","Canopy_Canopy"
"182","Eucalyptus obliqua small","Eucalyptus fastigata large",-0.0900662373221593,-0.286242406993969,0.106109932349651,-0.0939469449419856,-0.0861855297023329,"Potential 1","Newline",0.39235233934362,"small","large","Eucalyptus obliqua","Eucalyptus fastigata","small_large","S_NSW","SE_AUS",NA,"Canopy","Canopy","Canopy_Canopy"
"183","Eucalyptus radiata small","Eucalyptus fastigata large",0.0488662010201717,-0.239057776400273,0.336790178440617,0.0437675157276759,0.0539648863126675,"Potential 1","Newline",0.57584795484089,"small","large","Eucalyptus radiata","Eucalyptus fastigata","small_large","S_NSW","SE_AUS",NA,"Canopy","Canopy","Canopy_Canopy"
"184","Eucalyptus fastigata small","Eucalyptus fastigata small",0.215181118612209,0.0161562129935471,0.414206024230871,0.208415660332373,0.221946576892045,"Potential 1","Newline",0.398049811237324,"small","small","Eucalyptus fastigata","Eucalyptus fastigata","small_small","S_NSW","SE_AUS","1","Canopy","Canopy","Canopy_Canopy"
"185","Eucalyptus obliqua large","Eucalyptus fastigata small",0.0228179831400589,-0.223876699095501,0.269512665375619,0.0182808140389575,0.0273551522411604,"Potential 1","Newline",0.49338936447112,"large","small","Eucalyptus obliqua","Eucalyptus fastigata","large_small","S_NSW","SE_AUS",NA,"Canopy","Canopy","Canopy_Canopy"
"186","Eucalyptus obliqua small","Eucalyptus fastigata small",0.0489537432875329,-0.131295751441793,0.229203238016859,0.044738950602789,0.0531685359722768,"Potential 1","Newline",0.360498989458652,"small","small","Eucalyptus obliqua","Eucalyptus fastigata","small_small","S_NSW","SE_AUS",NA,"Canopy","Canopy","Canopy_Canopy"
"187","Eucalyptus radiata small","Eucalyptus fastigata small",-0.246217439271268,-0.531985994456965,0.0395511159144282,-0.251592336595937,-0.240842541946599,"Potential 1","Newline",0.571537110371393,"small","small","Eucalyptus radiata","Eucalyptus fastigata","small_small","S_NSW","SE_AUS",NA,"Canopy","Canopy","Canopy_Canopy"
"188","Eucalyptus obliqua large","Eucalyptus obliqua large",-0.4351108741173,-1.16838733443821,0.298165586203606,-0.446920745937767,-0.423301002296834,"Potential 1","Newline",1.46655292064181,"large","large","Eucalyptus obliqua","Eucalyptus obliqua","large_large","S_NSW","SE_AUS",NA,"Canopy","Canopy","Canopy_Canopy"
"189","Eucalyptus obliqua small","Eucalyptus obliqua large",0.316326779301079,-0.0916859873396894,0.724339545941847,0.307105070212722,0.325548488389436,"Potential 1","Newline",0.816025533281536,"small","large","Eucalyptus obliqua","Eucalyptus obliqua","small_large","S_NSW","SE_AUS",NA,"Canopy","Canopy","Canopy_Canopy"
"190","Eucalyptus radiata small","Eucalyptus obliqua large",-0.340680215244828,-1.00520233694383,0.32384190645417,-0.35185013467063,-0.329510295819026,"Potential 1","Newline",1.329044243398,"small","large","Eucalyptus radiata","Eucalyptus obliqua","small_large","S_NSW","SE_AUS",NA,"Canopy","Canopy","Canopy_Canopy"
"191","Eucalyptus obliqua small","Eucalyptus obliqua small",0.14718810579659,-0.13928614646846,0.433662358061639,0.137915670219946,0.156460541373234,"Potential 1","Newline",0.572948504530099,"small","small","Eucalyptus obliqua","Eucalyptus obliqua","small_small","S_NSW","SE_AUS",NA,"Canopy","Canopy","Canopy_Canopy"
"192","Eucalyptus radiata small","Eucalyptus obliqua small",0.425365543157696,-0.00939606756564909,0.860127153881041,0.415931211028535,0.434799875286857,"Potential 1","Newline",0.86952322144669,"small","small","Eucalyptus radiata","Eucalyptus obliqua","small_small","S_NSW","SE_AUS",NA,"Canopy","Canopy","Canopy_Canopy"
"193","Eucalyptus radiata small","Eucalyptus radiata small",-0.127406543609216,-0.829684673879407,0.574871586660976,-0.138105572864123,-0.116707514354309,"Potential 1","Newline",1.40455626054038,"small","small","Eucalyptus radiata","Eucalyptus radiata","small_small","S_NSW","SE_AUS",NA,"Canopy","Canopy","Canopy_Canopy"
"194","Eucalyptus fastigata large","Eucalyptus fastigata large",0.213873740847879,-0.127828420529877,0.555575902225636,0.206711779839695,0.221035701856064,"Potential 1","WogWay",0.683404322755513,"large","large","Eucalyptus fastigata","Eucalyptus fastigata","large_large","S_NSW","SE_AUS",NA,"Canopy","Canopy","Canopy_Canopy"
"195","Eucalyptus fastigata small","Eucalyptus fastigata large",0.116426737378229,-0.0729928827701105,0.305846357526569,0.112459393759422,0.120394080997036,"Potential 1","WogWay",0.378839240296679,"small","large","Eucalyptus fastigata","Eucalyptus fastigata","small_large","S_NSW","SE_AUS",NA,"Canopy","Canopy","Canopy_Canopy"
"196","Eucalyptus viminalis large","Eucalyptus fastigata large",-0.0274929864756492,-0.163538909242976,0.108552936291678,-0.0297208746052299,-0.0252650983460685,"Potential 1","WogWay",0.272091845534654,"large","large","Eucalyptus viminalis","Eucalyptus fastigata","large_large","S_NSW","SE_AUS",NA,"Canopy","Canopy","Canopy_Canopy"
"197","Eucalyptus viminalis small","Eucalyptus fastigata large",-0.0588794493090605,-0.140427350855029,0.0226684522369085,-0.0608416928654504,-0.0569172057526705,"Potential 1","WogWay",0.163095803091938,"small","large","Eucalyptus viminalis","Eucalyptus fastigata","small_large","S_NSW","SE_AUS",NA,"Canopy","Canopy","Canopy_Canopy"
"198","Eucalyptus fastigata small","Eucalyptus fastigata small",0.435192508077138,0.257533027268009,0.612851988886268,0.424040458970524,0.446344557183752,"Potential 1","WogWay",0.355318961618259,"small","small","Eucalyptus fastigata","Eucalyptus fastigata","small_small","S_NSW","SE_AUS","1","Canopy","Canopy","Canopy_Canopy"
"199","Eucalyptus viminalis large","Eucalyptus fastigata small",-0.0849392201274203,-0.231198878418762,0.0613204381639217,-0.087342091925349,-0.0825363483294917,"Potential 1","WogWay",0.292519316582684,"large","small","Eucalyptus viminalis","Eucalyptus fastigata","large_small","S_NSW","SE_AUS",NA,"Canopy","Canopy","Canopy_Canopy"
"200","Eucalyptus viminalis small","Eucalyptus fastigata small",-0.0271342936947151,-0.10335541535262,0.0490868279631895,-0.0295478306777292,-0.024720756711701,"Potential 1","WogWay",0.152442243315809,"small","small","Eucalyptus viminalis","Eucalyptus fastigata","small_small","S_NSW","SE_AUS",NA,"Canopy","Canopy","Canopy_Canopy"
"201","Eucalyptus viminalis large","Eucalyptus viminalis large",0.176468493888082,0.00144499784836064,0.351491989927803,0.171832471658653,0.181104516117511,"Potential 1","WogWay",0.350046992079443,"large","large","Eucalyptus viminalis","Eucalyptus viminalis","large_large","S_NSW","SE_AUS","1","Canopy","Canopy","Canopy_Canopy"
"202","Eucalyptus viminalis small","Eucalyptus viminalis large",-0.0164089783333168,-0.0580205363292561,0.0252025796626225,-0.0177212908229773,-0.0150966658436563,"Potential 1","WogWay",0.0832231159918786,"small","large","Eucalyptus viminalis","Eucalyptus viminalis","small_large","S_NSW","SE_AUS",NA,"Canopy","Canopy","Canopy_Canopy"
"203","Eucalyptus viminalis small","Eucalyptus viminalis small",0.497969922858956,0.378177673007208,0.617762172710704,0.488744793306154,0.507195052411757,"Potential 1","WogWay",0.239584499703496,"small","small","Eucalyptus viminalis","Eucalyptus viminalis","small_small","S_NSW","SE_AUS","1","Canopy","Canopy","Canopy_Canopy"
"204","Acacia melanoxylon small","Acacia melanoxylon small",0.371728073903194,0.106515800606102,0.636940347200287,0.366429379587294,0.377026768219095,"Potential 1","Goodenia",0.530424546594184,"small","small","Acacia melanoxylon","Acacia melanoxylon","small_small","S_NSW","SE_AUS","1","Subcanopy","Subcanopy","Subcanopy_Subcanopy"
"205","Eucalyptus fastigata large","Acacia melanoxylon small",-0.0943991643781791,-0.308087824386922,0.119289495630564,-0.0964052355184164,-0.0923930932379417,"Potential 1","Goodenia",0.427377320017487,"large","small","Eucalyptus fastigata","Acacia melanoxylon","large_small","S_NSW","SE_AUS",NA,"Subcanopy","Canopy","Canopy_Subcanopy"
"206","Eucalyptus fastigata small","Acacia melanoxylon small",-0.0290107817033595,-0.170384716194367,0.112363152787648,-0.0314251744311209,-0.0265963889755981,"Potential 1","Goodenia",0.282747868982015,"small","small","Eucalyptus fastigata","Acacia melanoxylon","small_small","S_NSW","SE_AUS",NA,"Subcanopy","Canopy","Canopy_Subcanopy"
"207","Eucalyptus fastigata large","Eucalyptus fastigata large",-0.261038947795251,-0.653250111495795,0.131172215905292,-0.266911149779553,-0.255166745810949,"Potential 1","Goodenia",0.784422327401087,"large","large","Eucalyptus fastigata","Eucalyptus fastigata","large_large","S_NSW","SE_AUS",NA,"Canopy","Canopy","Canopy_Canopy"
"208","Eucalyptus fastigata small","Eucalyptus fastigata large",-0.0293980750182528,-0.191248380957277,0.132452230920772,-0.0318949331839247,-0.0269012168525809,"Potential 1","Goodenia",0.323700611878049,"small","large","Eucalyptus fastigata","Eucalyptus fastigata","small_large","S_NSW","SE_AUS",NA,"Canopy","Canopy","Canopy_Canopy"
"209","Eucalyptus fastigata small","Eucalyptus fastigata small",0.294121542267328,0.102460295263188,0.485782789271468,0.288014416043782,0.300228668490874,"Potential 1","Goodenia",0.38332249400828,"small","small","Eucalyptus fastigata","Eucalyptus fastigata","small_small","S_NSW","SE_AUS","1","Canopy","Canopy","Canopy_Canopy"
"210","Eucalyptus obliqua large","Eucalyptus obliqua large",-0.0933641346867735,-0.349914063138405,0.163185793764858,-0.0990597003103092,-0.0876685690632378,"Potential 1","Candelo",0.513099856903263,"large","large","Eucalyptus obliqua","Eucalyptus obliqua","large_large","S_NSW","SE_AUS",NA,"Canopy","Canopy","Canopy_Canopy"
"211","Eucalyptus obliqua small","Eucalyptus obliqua large",-0.0291794902538672,-0.132245937673198,0.0738869571654631,-0.0314910536875133,-0.0268679268202211,"Potential 1","Candelo",0.206132894838661,"small","large","Eucalyptus obliqua","Eucalyptus obliqua","small_large","S_NSW","SE_AUS",NA,"Canopy","Canopy","Canopy_Canopy"
"212","Eucalyptus obliqua small","Eucalyptus obliqua small",0.33299420275068,0.249074650986278,0.416913754515082,0.324064074083407,0.341924331417954,"Potential 1","Candelo",0.167839103528804,"small","small","Eucalyptus obliqua","Eucalyptus obliqua","small_small","S_NSW","SE_AUS","1","Canopy","Canopy","Canopy_Canopy"
"213","Eucalyptus regnans large","Eucalyptus regnans large",-0.271892801996982,-0.612226377392319,0.0684407733983542,-0.279746501088301,-0.264039102905664,"Potential 1","ANU101",0.680667150790673,"large","large","Eucalyptus regnans","Eucalyptus regnans","large_large","N_VIC","SE_AUS",NA,"Canopy","Canopy","Canopy_Canopy"
"214","Eucalyptus regnans small","Eucalyptus regnans large",-0.165355995543585,-0.279735994482042,-0.0509759966051267,-0.168180261745176,-0.162531729341993,"Potential 1","ANU101",0.228759997876916,"small","large","Eucalyptus regnans","Eucalyptus regnans","small_large","N_VIC","SE_AUS","1","Canopy","Canopy","Canopy_Canopy"
"215","Pomaderris aspera small","Eucalyptus regnans large",-0.0272296718747338,-0.157299816714382,0.102840472964914,-0.0304402331062681,-0.0240191106431996,"Potential 1","ANU101",0.260140289679296,"small","large","Pomaderris aspera","Eucalyptus regnans","small_large","N_VIC","SE_AUS",NA,"Canopy","Subcanopy","Subcanopy_Canopy"
"216","Eucalyptus regnans small","Eucalyptus regnans small",0.00901569110734981,-0.188057851825313,0.206089234040013,0.00245836046458536,0.0155730217501143,"Potential 1","ANU101",0.394147085865326,"small","small","Eucalyptus regnans","Eucalyptus regnans","small_small","N_VIC","SE_AUS",NA,"Canopy","Canopy","Canopy_Canopy"
"217","Pomaderris aspera small","Eucalyptus regnans small",-0.0843787635300037,-0.166483559006091,-0.00227396805391676,-0.0866153341784264,-0.082142192881581,"Potential 1","ANU101",0.164209590952174,"small","small","Pomaderris aspera","Eucalyptus regnans","small_small","N_VIC","SE_AUS","1","Canopy","Subcanopy","Subcanopy_Canopy"
"218","Pomaderris aspera small","Pomaderris aspera small",0.20338533640708,0.0555837954019691,0.351186877412191,0.196288995760531,0.210481677053628,"Potential 1","ANU101",0.295603082010222,"small","small","Pomaderris aspera","Pomaderris aspera","small_small","N_VIC","SE_AUS","1","Subcanopy","Subcanopy","Subcanopy_Subcanopy"
"219","Acacia melanoxylon large","Acacia melanoxylon large",0.0848998558536436,-0.101387481820309,0.271187193527596,0.0806194441292556,0.0891802675780315,"Potential 1","Ada Tree",0.372574675347905,"large","large","Acacia melanoxylon","Acacia melanoxylon","large_large","N_VIC","SE_AUS",NA,"Subcanopy","Subcanopy","Subcanopy_Subcanopy"
"220","Acacia melanoxylon small","Acacia melanoxylon large",-0.0230909686777663,-0.108397987983605,0.0622160506280723,-0.0250405680029599,-0.0211413693525728,"Potential 1","Ada Tree",0.170614038611677,"small","large","Acacia melanoxylon","Acacia melanoxylon","small_large","N_VIC","SE_AUS",NA,"Subcanopy","Subcanopy","Subcanopy_Subcanopy"
"221","Eucalyptus regnans large","Acacia melanoxylon large",0.189496762168338,-0.0589954568991883,0.437988981235865,0.184420667588218,0.194572856748459,"Potential 1","Ada Tree",0.496984438135053,"large","large","Eucalyptus regnans","Acacia melanoxylon","large_large","N_VIC","SE_AUS",NA,"Subcanopy","Canopy","Canopy_Subcanopy"
"222","Eucalyptus regnans small","Acacia melanoxylon large",0.0804903063239313,-0.0875101915002042,0.248490804148067,0.0767943371755603,0.0841862754723023,"Potential 1","Ada Tree",0.336000995648271,"small","large","Eucalyptus regnans","Acacia melanoxylon","small_large","N_VIC","SE_AUS",NA,"Subcanopy","Canopy","Canopy_Subcanopy"
"223","Acacia melanoxylon small","Acacia melanoxylon small",0.167313088154712,0.0233012734757626,0.311324902833661,0.159077313519427,0.175548862789996,"Potential 1","Ada Tree",0.288023629357898,"small","small","Acacia melanoxylon","Acacia melanoxylon","small_small","N_VIC","SE_AUS","1","Subcanopy","Subcanopy","Subcanopy_Subcanopy"
"224","Eucalyptus regnans large","Acacia melanoxylon small",-0.0515146421277232,-0.176695967735828,0.0736666834803819,-0.0554981028379764,-0.04753118141747,"Potential 1","Ada Tree",0.25036265121621,"large","small","Eucalyptus regnans","Acacia melanoxylon","large_small","N_VIC","SE_AUS",NA,"Subcanopy","Canopy","Canopy_Subcanopy"
"225","Eucalyptus regnans small","Acacia melanoxylon small",0.106255670799749,-0.0179656977877602,0.230477039387259,0.102318909360668,0.110192432238831,"Potential 1","Ada Tree",0.248442737175019,"small","small","Eucalyptus regnans","Acacia melanoxylon","small_small","N_VIC","SE_AUS",NA,"Subcanopy","Canopy","Canopy_Subcanopy"
"226","Eucalyptus regnans large","Eucalyptus regnans large",-0.701121176485261,-1.11680448519901,-0.28543786777151,-0.719198846319828,-0.683043506650693,"Potential 1","Ada Tree",0.831366617427501,"large","large","Eucalyptus regnans","Eucalyptus regnans","large_large","N_VIC","SE_AUS","1","Canopy","Canopy","Canopy_Canopy"
"227","Eucalyptus regnans small","Eucalyptus regnans large",-0.215539893237735,-0.448197244851034,0.0171174583755637,-0.222282617405237,-0.208797169070233,"Potential 1","Ada Tree",0.465314703226598,"small","large","Eucalyptus regnans","Eucalyptus regnans","small_large","N_VIC","SE_AUS",NA,"Canopy","Canopy","Canopy_Canopy"
"228","Eucalyptus regnans small","Eucalyptus regnans small",-0.263110676301452,-0.54171840844534,0.0154970558424347,-0.271774034756941,-0.254447317845964,"Potential 1","Ada Tree",0.557215464287774,"small","small","Eucalyptus regnans","Eucalyptus regnans","small_small","N_VIC","SE_AUS",NA,"Canopy","Canopy","Canopy_Canopy"
"229","Acacia melanoxylon large","Acacia melanoxylon large",-0.235695761792836,-0.604802140905687,0.133410617320014,-0.242944001477227,-0.228447522108446,"Potential 1","Weeaproinah",0.7382127582257,"large","large","Acacia melanoxylon","Acacia melanoxylon","large_large","S_VIC","SE_AUS",NA,"Subcanopy","Subcanopy","Subcanopy_Subcanopy"
"230","Acacia melanoxylon small","Acacia melanoxylon large",0.00737324174805818,-0.155388304902822,0.170134788398939,0.00330670270364319,0.0114397807924732,"Potential 1","Weeaproinah",0.325523093301761,"small","large","Acacia melanoxylon","Acacia melanoxylon","small_large","S_VIC","SE_AUS",NA,"Subcanopy","Subcanopy","Subcanopy_Subcanopy"
"231","Eucalyptus regnans large","Acacia melanoxylon large",-0.0690768122989681,-0.274372716118279,0.136219091520343,-0.0742850307874622,-0.0638685938104739,"Potential 1","Weeaproinah",0.410591807638622,"large","large","Eucalyptus regnans","Acacia melanoxylon","large_large","S_VIC","SE_AUS",NA,"Subcanopy","Canopy","Canopy_Subcanopy"
"232","Eucalyptus regnans small","Acacia melanoxylon large",0.135077764792531,-0.0436013181318283,0.31375684771689,0.130816355701874,0.139339173883188,"Potential 1","Weeaproinah",0.357358165848718,"small","large","Eucalyptus regnans","Acacia melanoxylon","small_large","S_VIC","SE_AUS",NA,"Subcanopy","Canopy","Canopy_Subcanopy"
"233","Nematolepis squamea subsp squamea large","Acacia melanoxylon large",-0.172896686335431,-0.373391347701753,0.0275979750308914,-0.176875760578721,-0.168917612092141,"Potential 1","Weeaproinah",0.400989322732645,"large","large","Nematolepis squamea","Acacia melanoxylon","large_large","S_VIC","SE_AUS",NA,"Subcanopy","Subcanopy","Subcanopy_Subcanopy"
"234","Nematolepis squamea subsp squamea small","Acacia melanoxylon large",0.0315792386012671,-0.0515576139698404,0.114716091172375,0.0291424753580025,0.0340160018445317,"Potential 1","Weeaproinah",0.166273705142215,"small","large","Nematolepis squamea","Acacia melanoxylon","small_large","S_VIC","SE_AUS",NA,"Subcanopy","Subcanopy","Subcanopy_Subcanopy"
"235","Acacia melanoxylon small","Acacia melanoxylon small",0.214044347612318,0.0438182644892582,0.384270430735378,0.206147421203284,0.221941274021352,"Potential 1","Weeaproinah",0.34045216624612,"small","small","Acacia melanoxylon","Acacia melanoxylon","small_small","S_VIC","SE_AUS","1","Subcanopy","Subcanopy","Subcanopy_Subcanopy"
"236","Eucalyptus regnans large","Acacia melanoxylon small",0.0405434384180768,-0.0961098114128274,0.177196688248981,0.0366985616348459,0.0443883152013076,"Potential 1","Weeaproinah",0.273306499661808,"large","small","Eucalyptus regnans","Acacia melanoxylon","large_small","S_VIC","SE_AUS",NA,"Subcanopy","Canopy","Canopy_Subcanopy"
"237","Eucalyptus regnans small","Acacia melanoxylon small",0.0171425566693464,-0.0947062460814348,0.128991359420128,0.0135329000459854,0.0207522132927074,"Potential 1","Weeaproinah",0.223697605501562,"small","small","Eucalyptus regnans","Acacia melanoxylon","small_small","S_VIC","SE_AUS",NA,"Subcanopy","Canopy","Canopy_Subcanopy"
"238","Nematolepis squamea subsp squamea large","Acacia melanoxylon small",-0.118372031466403,-0.248086187393033,0.0113421244602257,-0.121843558143115,-0.114900504789692,"Potential 1","Weeaproinah",0.259428311853258,"large","small","Nematolepis squamea","Acacia melanoxylon","large_small","S_VIC","SE_AUS",NA,"Subcanopy","Subcanopy","Subcanopy_Subcanopy"
"239","Nematolepis squamea subsp squamea small","Acacia melanoxylon small",0.0771031010632625,0.0107955514695003,0.143410650657025,0.073104498314911,0.081101703811614,"Potential 1","Weeaproinah",0.132615099187524,"small","small","Nematolepis squamea","Acacia melanoxylon","small_small","S_VIC","SE_AUS","1","Subcanopy","Subcanopy","Subcanopy_Subcanopy"
"240","Eucalyptus regnans large","Eucalyptus regnans large",-0.487478680036427,-0.763754939066465,-0.211202421006388,-0.502979275090265,-0.471978084982588,"Potential 1","Weeaproinah",0.552552518060077,"large","large","Eucalyptus regnans","Eucalyptus regnans","large_large","S_VIC","SE_AUS","1","Canopy","Canopy","Canopy_Canopy"
"241","Eucalyptus regnans small","Eucalyptus regnans large",-0.129668066415108,-0.275764348874676,0.0164282160444602,-0.134396413698507,-0.124939719131709,"Potential 1","Weeaproinah",0.292192564919136,"small","large","Eucalyptus regnans","Eucalyptus regnans","small_large","S_VIC","SE_AUS",NA,"Canopy","Canopy","Canopy_Canopy"
"242","Nematolepis squamea subsp squamea large","Eucalyptus regnans large",0.0344945673924041,-0.137759585147618,0.206748719932426,0.0304503503409219,0.0385387844438862,"Potential 1","Weeaproinah",0.344508305080044,"large","large","Nematolepis squamea","Eucalyptus regnans","large_large","S_VIC","SE_AUS",NA,"Canopy","Subcanopy","Subcanopy_Canopy"
"243","Nematolepis squamea subsp squamea small","Eucalyptus regnans large",0.0151925549325971,-0.0666349428667128,0.0970200527319069,0.0118956415489602,0.0184894683162339,"Potential 1","Weeaproinah",0.16365499559862,"small","large","Nematolepis squamea","Eucalyptus regnans","small_large","S_VIC","SE_AUS",NA,"Canopy","Subcanopy","Subcanopy_Canopy"
"244","Eucalyptus regnans small","Eucalyptus regnans small",-0.169623306325768,-0.381578872656205,0.0423322600046697,-0.17973541181672,-0.159511200834815,"Potential 1","Weeaproinah",0.423911132660875,"small","small","Eucalyptus regnans","Eucalyptus regnans","small_small","S_VIC","SE_AUS",NA,"Canopy","Canopy","Canopy_Canopy"
"245","Nematolepis squamea subsp squamea large","Eucalyptus regnans small",0.0881354271535603,-0.0519769763775542,0.228247830684675,0.084373738707993,0.0918971155991276,"Potential 1","Weeaproinah",0.280224807062229,"large","small","Nematolepis squamea","Eucalyptus regnans","large_small","S_VIC","SE_AUS",NA,"Canopy","Subcanopy","Subcanopy_Canopy"
"246","Nematolepis squamea subsp squamea small","Eucalyptus regnans small",-0.0217267330368161,-0.0921647912152511,0.0487113251416189,-0.0247196059689468,-0.0187338601046854,"Potential 1","Weeaproinah",0.14087611635687,"small","small","Nematolepis squamea","Eucalyptus regnans","small_small","S_VIC","SE_AUS",NA,"Canopy","Subcanopy","Subcanopy_Canopy"
"247","Nematolepis squamea subsp squamea large","Nematolepis squamea subsp squamea large",-0.00992976882798934,-0.260484617488378,0.240625079832399,-0.0165273823701246,-0.00333215528585407,"Potential 1","Weeaproinah",0.501109697320777,"large","large","Nematolepis squamea","Nematolepis squamea","large_large","S_VIC","SE_AUS",NA,"Subcanopy","Subcanopy","Subcanopy_Subcanopy"
"248","Nematolepis squamea subsp squamea small","Nematolepis squamea subsp squamea large",0.00693470025724015,-0.066579403829412,0.0804488043438923,0.00439930423647247,0.00947009627800782,"Potential 1","Weeaproinah",0.147028208173304,"small","large","Nematolepis squamea","Nematolepis squamea","small_large","S_VIC","SE_AUS",NA,"Subcanopy","Subcanopy","Subcanopy_Subcanopy"
"249","Nematolepis squamea subsp squamea small","Nematolepis squamea subsp squamea small",0.326634584226657,0.21255176992395,0.440717398529363,0.314642222663969,0.338626945789345,"Potential 1","Weeaproinah",0.228165628605413,"small","small","Nematolepis squamea","Nematolepis squamea","small_small","S_VIC","SE_AUS","1","Subcanopy","Subcanopy","Subcanopy_Subcanopy"
"250","Eucalyptus regnans large","Eucalyptus regnans large",-0.701516429778899,-1.12826597483938,-0.274766884718419,-0.724837802514595,-0.678195057043202,"Potential 1","ANU363",0.85349909012096,"large","large","Eucalyptus regnans","Eucalyptus regnans","large_large","N_VIC","SE_AUS","1","Canopy","Canopy","Canopy_Canopy"
"251","Eucalyptus regnans small","Eucalyptus regnans large",-0.254388480249757,-0.397444101131665,-0.11133285936785,-0.260484661467584,-0.248292299031931,"Potential 1","ANU363",0.286111241763814,"small","large","Eucalyptus regnans","Eucalyptus regnans","small_large","N_VIC","SE_AUS","1","Canopy","Canopy","Canopy_Canopy"
"252","Eucalyptus regnans small","Eucalyptus regnans small",0.000243036046757501,-0.182545242603068,0.183031314696583,-0.00522750931557943,0.00571358140909443,"Potential 1","ANU363",0.365576557299651,"small","small","Eucalyptus regnans","Eucalyptus regnans","small_small","N_VIC","SE_AUS",NA,"Canopy","Canopy","Canopy_Canopy"
"253","Eucalyptus regnans large","Eucalyptus regnans large",-0.43313459993303,-0.837143063333446,-0.0291261365326135,-0.446333808600095,-0.419935391265965,"Potential 1","ANU589",0.808016926800833,"large","large","Eucalyptus regnans","Eucalyptus regnans","large_large","N_VIC","SE_AUS","1","Canopy","Canopy","Canopy_Canopy"
"254","Eucalyptus regnans small","Eucalyptus regnans large",-0.108280369282604,-0.247533975303927,0.0309732367387181,-0.112731533632153,-0.103829204933055,"Potential 1","ANU589",0.278507212042645,"small","large","Eucalyptus regnans","Eucalyptus regnans","small_large","N_VIC","SE_AUS",NA,"Canopy","Canopy","Canopy_Canopy"
"255","Olearia argophylla small","Eucalyptus regnans large",-0.0393733658527237,-0.31809912160926,0.239352389903813,-0.0445870084543981,-0.0341597232510493,"Potential 1","ANU589",0.557451511513073,"small","large","Olearia argophylla","Eucalyptus regnans","small_large","N_VIC","SE_AUS",NA,"Canopy","Subcanopy","Subcanopy_Canopy"
"256","Pomaderris aspera small","Eucalyptus regnans large",-0.069669013343988,-0.168036638386771,0.0286986116987951,-0.0732266215001368,-0.0661114051878391,"Potential 1","ANU589",0.196735250085566,"small","large","Pomaderris aspera","Eucalyptus regnans","small_large","N_VIC","SE_AUS",NA,"Canopy","Subcanopy","Subcanopy_Canopy"
"257","Eucalyptus regnans small","Eucalyptus regnans small",0.0965636761128545,-0.0850976841274514,0.27822503635316,0.0898862509592959,0.103241101266413,"Potential 1","ANU589",0.363322720480612,"small","small","Eucalyptus regnans","Eucalyptus regnans","small_small","N_VIC","SE_AUS",NA,"Canopy","Canopy","Canopy_Canopy"
"258","Olearia argophylla small","Eucalyptus regnans small",-0.143391424405067,-0.286707601942014,-7.5246868119716e-05,-0.145908452791033,-0.140874396019101,"Potential 1","ANU589",0.286632355073895,"small","small","Olearia argophylla","Eucalyptus regnans","small_small","N_VIC","SE_AUS","1","Canopy","Subcanopy","Subcanopy_Canopy"
"259","Pomaderris aspera small","Eucalyptus regnans small",-0.0296010825745733,-0.103291406314873,0.0440892411657261,-0.0319446130402195,-0.0272575521089272,"Potential 1","ANU589",0.147380647480599,"small","small","Pomaderris aspera","Eucalyptus regnans","small_small","N_VIC","SE_AUS",NA,"Canopy","Subcanopy","Subcanopy_Canopy"
"260","Olearia argophylla small","Olearia argophylla small",0.246236985015625,-0.302265048048902,0.794739018080152,0.238871496957259,0.253602473073991,"Potential 1","ANU589",1.09700406612905,"small","small","Olearia argophylla","Olearia argophylla","small_small","N_VIC","SE_AUS",NA,"Subcanopy","Subcanopy","Subcanopy_Subcanopy"
"261","Pomaderris aspera small","Olearia argophylla small",0.011150036822129,-0.149704070566825,0.172004144211083,0.00705075599365423,0.0152493176506037,"Potential 1","ANU589",0.321708214777909,"small","small","Pomaderris aspera","Olearia argophylla","small_small","N_VIC","SE_AUS",NA,"Subcanopy","Subcanopy","Subcanopy_Subcanopy"
"262","Pomaderris aspera small","Pomaderris aspera small",0.424610347099376,0.31014811714007,0.539072577058682,0.414279616941403,0.434941077257349,"Potential 1","ANU589",0.228924459918612,"small","small","Pomaderris aspera","Pomaderris aspera","small_small","N_VIC","SE_AUS","1","Subcanopy","Subcanopy","Subcanopy_Subcanopy"
"263","Acacia melanoxylon large","Acacia melanoxylon large",-1.18409957637562,-3.36968205450686,1.00148290175563,-1.20584630204434,-1.16235285070689,"Potential 1","Turtons",4.37116495626249,"large","large","Acacia melanoxylon","Acacia melanoxylon","large_large","S_VIC","SE_AUS",NA,"Subcanopy","Subcanopy","Subcanopy_Subcanopy"
"264","Acacia melanoxylon small","Acacia melanoxylon large",-0.12509719032856,-0.645293046219815,0.395098665562694,-0.133091184015623,-0.117103196641498,"Potential 1","Turtons",1.04039171178251,"small","large","Acacia melanoxylon","Acacia melanoxylon","small_large","S_VIC","SE_AUS",NA,"Subcanopy","Subcanopy","Subcanopy_Subcanopy"
"265","Eucalyptus regnans large","Acacia melanoxylon large",0.860459863684205,-0.465840534452732,2.18676026182114,0.8404225630072,0.880497164361209,"Potential 1","Turtons",2.65260079627387,"large","large","Eucalyptus regnans","Acacia melanoxylon","large_large","S_VIC","SE_AUS",NA,"Subcanopy","Canopy","Canopy_Subcanopy"
"266","Eucalyptus regnans small","Acacia melanoxylon large",-0.162674429121117,-0.852697660249161,0.527348802006927,-0.171766425155423,-0.153582433086811,"Potential 1","Turtons",1.38004646225609,"small","large","Eucalyptus regnans","Acacia melanoxylon","small_large","S_VIC","SE_AUS",NA,"Subcanopy","Canopy","Canopy_Subcanopy"
"267","Hedycarya angustifolia large","Acacia melanoxylon large",-0.45860279060413,-1.412515171998,0.495309590789738,-0.470287380312787,-0.446918200895472,"Potential 1","Turtons",1.90782476278774,"large","large","Hedycarya angustifolia","Acacia melanoxylon","large_large","S_VIC","SE_AUS",NA,"Subcanopy","Subcanopy","Subcanopy_Subcanopy"
"268","Hedycarya angustifolia small","Acacia melanoxylon large",0.467615711180606,-0.0511848236279556,0.986416245989167,0.458427789459738,0.476803632901473,"Potential 1","Turtons",1.03760106961712,"small","large","Hedycarya angustifolia","Acacia melanoxylon","small_large","S_VIC","SE_AUS",NA,"Subcanopy","Subcanopy","Subcanopy_Subcanopy"
"269","Nematolepis squamea subsp squamea large","Acacia melanoxylon large",-0.201149924996246,-0.88637794288656,0.484078092894069,-0.21161908060537,-0.190680769387121,"Potential 1","Turtons",1.37045603578063,"large","large","Nematolepis squamea","Acacia melanoxylon","large_large","S_VIC","SE_AUS",NA,"Subcanopy","Subcanopy","Subcanopy_Subcanopy"
"270","Nematolepis squamea subsp squamea small","Acacia melanoxylon large",0.0258717197886733,-0.329471807496378,0.381215247073724,0.0188909855253401,0.0328524540520064,"Potential 1","Turtons",0.710687054570102,"small","large","Nematolepis squamea","Acacia melanoxylon","small_large","S_VIC","SE_AUS",NA,"Subcanopy","Subcanopy","Subcanopy_Subcanopy"
"271","Olearia argophylla large","Acacia melanoxylon large",0.133886799472034,-0.639755133564424,0.907528732508492,0.125205516575621,0.142568082368446,"Potential 1","Turtons",1.54728386607292,"large","large","Olearia argophylla","Acacia melanoxylon","large_large","S_VIC","SE_AUS",NA,"Subcanopy","Subcanopy","Subcanopy_Subcanopy"
"272","Olearia argophylla small","Acacia melanoxylon large",0.168367401506581,-0.246997707933221,0.583732510946383,0.16050931038496,0.176225492628202,"Potential 1","Turtons",0.830730218879604,"small","large","Olearia argophylla","Acacia melanoxylon","small_large","S_VIC","SE_AUS",NA,"Subcanopy","Subcanopy","Subcanopy_Subcanopy"
"273","Acacia melanoxylon small","Acacia melanoxylon small",0.110379106094901,-0.163377520986393,0.384135733176195,0.103120994462633,0.117637217727169,"Potential 1","Turtons",0.547513254162589,"small","small","Acacia melanoxylon","Acacia melanoxylon","small_small","S_VIC","SE_AUS",NA,"Subcanopy","Subcanopy","Subcanopy_Subcanopy"
"274","Eucalyptus regnans large","Acacia melanoxylon small",0.049296472227568,-0.775660701755047,0.874253646210183,0.0379240133193005,0.0606689311358355,"Potential 1","Turtons",1.64991434796523,"large","small","Eucalyptus regnans","Acacia melanoxylon","large_small","S_VIC","SE_AUS",NA,"Subcanopy","Canopy","Canopy_Subcanopy"
"275","Eucalyptus regnans small","Acacia melanoxylon small",-0.0104896489449446,-0.353937937368694,0.332958639478804,-0.016015204758679,-0.00496409313121008,"Potential 1","Turtons",0.686896576847498,"small","small","Eucalyptus regnans","Acacia melanoxylon","small_small","S_VIC","SE_AUS",NA,"Subcanopy","Canopy","Canopy_Subcanopy"
"276","Hedycarya angustifolia large","Acacia melanoxylon small",-0.176215788048836,-0.54295397637543,0.190522400277757,-0.182619568993405,-0.169812007104268,"Potential 1","Turtons",0.733476376653187,"large","small","Hedycarya angustifolia","Acacia melanoxylon","large_small","S_VIC","SE_AUS",NA,"Subcanopy","Subcanopy","Subcanopy_Subcanopy"
"277","Hedycarya angustifolia small","Acacia melanoxylon small",0.135546975564524,-0.056299603754521,0.327393554883568,0.131177941794917,0.13991600933413,"Potential 1","Turtons",0.383693158638089,"small","small","Hedycarya angustifolia","Acacia melanoxylon","small_small","S_VIC","SE_AUS",NA,"Subcanopy","Subcanopy","Subcanopy_Subcanopy"
"278","Nematolepis squamea subsp squamea large","Acacia melanoxylon small",-0.0383586989762931,-0.36464541550925,0.287928017556664,-0.0440384397276269,-0.0326789582249592,"Potential 1","Turtons",0.652573433065914,"large","small","Nematolepis squamea","Acacia melanoxylon","large_small","S_VIC","SE_AUS",NA,"Subcanopy","Subcanopy","Subcanopy_Subcanopy"
"279","Nematolepis squamea subsp squamea small","Acacia melanoxylon small",-0.0617261415215725,-0.272604647949224,0.149152364906079,-0.0659369862703365,-0.0575152967728086,"Potential 1","Turtons",0.421757012855302,"small","small","Nematolepis squamea","Acacia melanoxylon","small_small","S_VIC","SE_AUS",NA,"Subcanopy","Subcanopy","Subcanopy_Subcanopy"
"280","Olearia argophylla large","Acacia melanoxylon small",-0.154944648435817,-0.481922520579963,0.172033223708329,-0.160604489449577,-0.149284807422056,"Potential 1","Turtons",0.653955744288292,"large","small","Olearia argophylla","Acacia melanoxylon","large_small","S_VIC","SE_AUS",NA,"Subcanopy","Subcanopy","Subcanopy_Subcanopy"
"281","Olearia argophylla small","Acacia melanoxylon small",0.145971487084909,-0.0658886861398129,0.357831660309631,0.140456371349687,0.151486602820132,"Potential 1","Turtons",0.423720346449444,"small","small","Olearia argophylla","Acacia melanoxylon","small_small","S_VIC","SE_AUS",NA,"Subcanopy","Subcanopy","Subcanopy_Subcanopy"
"282","Eucalyptus regnans large","Eucalyptus regnans large",-3.30694741453716,-5.74408140683,-0.869813422244329,-3.34414902155915,-3.26974580751517,"Potential 1","Turtons",4.87426798458567,"large","large","Eucalyptus regnans","Eucalyptus regnans","large_large","S_VIC","SE_AUS","1","Canopy","Canopy","Canopy_Canopy"
"283","Eucalyptus regnans small","Eucalyptus regnans large",0.919315459981727,-0.118155005887946,1.9567859258514,0.90196084255344,0.936670077410015,"Potential 1","Turtons",2.07494093173935,"small","large","Eucalyptus regnans","Eucalyptus regnans","small_large","S_VIC","SE_AUS",NA,"Canopy","Canopy","Canopy_Canopy"
"284","Hedycarya angustifolia large","Eucalyptus regnans large",0.580842413075054,-0.324377329471662,1.48606215562177,0.566630199607092,0.595054626543017,"Potential 1","Turtons",1.81043948509343,"large","large","Hedycarya angustifolia","Eucalyptus regnans","large_large","S_VIC","SE_AUS",NA,"Canopy","Subcanopy","Subcanopy_Canopy"
"285","Hedycarya angustifolia small","Eucalyptus regnans large",-0.292216586480305,-0.712462176508902,0.128029003548291,-0.300621298320215,-0.283811874640396,"Potential 1","Turtons",0.840491180057193,"small","large","Hedycarya angustifolia","Eucalyptus regnans","small_large","S_VIC","SE_AUS",NA,"Canopy","Subcanopy","Subcanopy_Canopy"
"286","Nematolepis squamea subsp squamea large","Eucalyptus regnans large",0.38357757303277,-0.594378765188551,1.36153391125409,0.3697340771032,0.39742106896234,"Potential 1","Turtons",1.95591267644264,"large","large","Nematolepis squamea","Eucalyptus regnans","large_large","S_VIC","SE_AUS",NA,"Canopy","Subcanopy","Subcanopy_Canopy"
"287","Nematolepis squamea subsp squamea small","Eucalyptus regnans large",-0.023614870743478,-0.582080136716599,0.534850395229643,-0.0332714175071394,-0.0139583239798166,"Potential 1","Turtons",1.11693053194624,"small","large","Nematolepis squamea","Eucalyptus regnans","small_large","S_VIC","SE_AUS",NA,"Canopy","Subcanopy","Subcanopy_Canopy"
"288","Olearia argophylla large","Eucalyptus regnans large",-0.710495353745643,-1.62945478410178,0.208464076610494,-0.725254402502273,-0.695736304989013,"Potential 1","Turtons",1.83791886071227,"large","large","Olearia argophylla","Eucalyptus regnans","large_large","S_VIC","SE_AUS",NA,"Canopy","Subcanopy","Subcanopy_Canopy"
"289","Olearia argophylla small","Eucalyptus regnans large",0.557893189217944,-0.177358691376681,1.29314506981257,0.544451341634747,0.571335036801141,"Potential 1","Turtons",1.47050376118925,"small","large","Olearia argophylla","Eucalyptus regnans","small_large","S_VIC","SE_AUS",NA,"Canopy","Subcanopy","Subcanopy_Canopy"
"290","Eucalyptus regnans small","Eucalyptus regnans small",-0.718835742954443,-1.61778195743287,0.180110471523987,-0.730994618011439,-0.706676867897447,"Potential 1","Turtons",1.79789242895686,"small","small","Eucalyptus regnans","Eucalyptus regnans","small_small","S_VIC","SE_AUS",NA,"Canopy","Canopy","Canopy_Canopy"
"291","Hedycarya angustifolia large","Eucalyptus regnans small",-0.0514886746390347,-0.524867819638061,0.421890470359991,-0.0590774335912353,-0.0438999156868342,"Potential 1","Turtons",0.946758289998052,"large","small","Hedycarya angustifolia","Eucalyptus regnans","large_small","S_VIC","SE_AUS",NA,"Canopy","Subcanopy","Subcanopy_Canopy"
"292","Hedycarya angustifolia small","Eucalyptus regnans small",0.097478869817459,-0.169496198389387,0.364453938024305,0.0928312845933297,0.102126455041588,"Potential 1","Turtons",0.533950136413692,"small","small","Hedycarya angustifolia","Eucalyptus regnans","small_small","S_VIC","SE_AUS",NA,"Canopy","Subcanopy","Subcanopy_Canopy"
"293","Nematolepis squamea subsp squamea large","Eucalyptus regnans small",-0.0638062523455648,-0.509952802835073,0.382340298143943,-0.0715118905541777,-0.0561006141369518,"Potential 1","Turtons",0.892293100979016,"large","small","Nematolepis squamea","Eucalyptus regnans","large_small","S_VIC","SE_AUS",NA,"Canopy","Subcanopy","Subcanopy_Canopy"
"294","Nematolepis squamea subsp squamea small","Eucalyptus regnans small",0.0901663976576215,-0.208253069270032,0.388585864585275,0.0842164247429693,0.0961163705722737,"Potential 1","Turtons",0.596838933855308,"small","small","Nematolepis squamea","Eucalyptus regnans","small_small","S_VIC","SE_AUS",NA,"Canopy","Subcanopy","Subcanopy_Canopy"
"295","Olearia argophylla large","Eucalyptus regnans small",0.360924435486035,-0.13430700208774,0.856155873059809,0.35327033568551,0.36857853528656,"Potential 1","Turtons",0.990462875147549,"large","small","Olearia argophylla","Eucalyptus regnans","large_small","S_VIC","SE_AUS",NA,"Canopy","Subcanopy","Subcanopy_Canopy"
"296","Olearia argophylla small","Eucalyptus regnans small",-0.188897122104911,-0.542218659873748,0.164424415663926,-0.195444588466984,-0.182349655742838,"Potential 1","Turtons",0.706643075537675,"small","small","Olearia argophylla","Eucalyptus regnans","small_small","S_VIC","SE_AUS",NA,"Canopy","Subcanopy","Subcanopy_Canopy"
"297","Hedycarya angustifolia large","Hedycarya angustifolia large",-0.380699687657199,-1.16443203851773,0.403032663203335,-0.390899777935023,-0.370499597379374,"Potential 1","Turtons",1.56746470172107,"large","large","Hedycarya angustifolia","Hedycarya angustifolia","large_large","S_VIC","SE_AUS",NA,"Subcanopy","Subcanopy","Subcanopy_Subcanopy"
"298","Hedycarya angustifolia small","Hedycarya angustifolia large",0.362802086077532,-0.0307525337616222,0.756356705916686,0.354819967438845,0.370784204716219,"Potential 1","Turtons",0.787109239678308,"small","large","Hedycarya angustifolia","Hedycarya angustifolia","small_large","S_VIC","SE_AUS",NA,"Subcanopy","Subcanopy","Subcanopy_Subcanopy"
"299","Nematolepis squamea subsp squamea large","Hedycarya angustifolia large",-0.2113494015508,-0.881431890801385,0.458733087699786,-0.220362605329034,-0.202336197772565,"Potential 1","Turtons",1.34016497850117,"large","large","Nematolepis squamea","Hedycarya angustifolia","large_large","S_VIC","SE_AUS",NA,"Subcanopy","Subcanopy","Subcanopy_Subcanopy"
"300","Nematolepis squamea subsp squamea small","Hedycarya angustifolia large",-0.336637310813803,-0.760625310909347,0.0873506892817406,-0.343143056401429,-0.330131565226177,"Potential 1","Turtons",0.847976000191088,"small","large","Nematolepis squamea","Hedycarya angustifolia","small_large","S_VIC","SE_AUS",NA,"Subcanopy","Subcanopy","Subcanopy_Subcanopy"
"301","Olearia argophylla large","Hedycarya angustifolia large",-0.536254934367171,-1.17805233750555,0.105542468771206,-0.545653164678006,-0.526856704056336,"Potential 1","Turtons",1.28359480627675,"large","large","Olearia argophylla","Hedycarya angustifolia","large_large","S_VIC","SE_AUS",NA,"Subcanopy","Subcanopy","Subcanopy_Subcanopy"
"302","Olearia argophylla small","Hedycarya angustifolia large",0.190396320365207,-0.214766139876265,0.595558780606679,0.182693210347014,0.1980994303834,"Potential 1","Turtons",0.810324920482943,"small","large","Olearia argophylla","Hedycarya angustifolia","small_large","S_VIC","SE_AUS",NA,"Subcanopy","Subcanopy","Subcanopy_Subcanopy"
"303","Hedycarya angustifolia small","Hedycarya angustifolia small",0.0199457752080344,-0.215350843608134,0.255242394024203,0.0115832341807092,0.0283083162353595,"Potential 1","Turtons",0.470593237632337,"small","small","Hedycarya angustifolia","Hedycarya angustifolia","small_small","S_VIC","SE_AUS",NA,"Subcanopy","Subcanopy","Subcanopy_Subcanopy"
"304","Nematolepis squamea subsp squamea large","Hedycarya angustifolia small",-0.0653634100059208,-0.33400236230217,0.203275542290328,-0.069576053445425,-0.0611507665664166,"Potential 1","Turtons",0.537277904592497,"large","small","Nematolepis squamea","Hedycarya angustifolia","large_small","S_VIC","SE_AUS",NA,"Subcanopy","Subcanopy","Subcanopy_Subcanopy"
"305","Nematolepis squamea subsp squamea small","Hedycarya angustifolia small",0.0830115139596001,-0.106783525353112,0.272806553272313,0.0792969982059785,0.0867260297132217,"Potential 1","Turtons",0.379590078625425,"small","small","Nematolepis squamea","Hedycarya angustifolia","small_small","S_VIC","SE_AUS",NA,"Subcanopy","Subcanopy","Subcanopy_Subcanopy"
"306","Olearia argophylla large","Hedycarya angustifolia small",0.0653521486779391,-0.231032155758806,0.361736453114685,0.0606728172442164,0.0700314801116619,"Potential 1","Turtons",0.592768608873491,"large","small","Olearia argophylla","Hedycarya angustifolia","large_small","S_VIC","SE_AUS",NA,"Subcanopy","Subcanopy","Subcanopy_Subcanopy"
"307","Olearia argophylla small","Hedycarya angustifolia small",-0.16380967865778,-0.384359121073788,0.0567397637582284,-0.168146690124287,-0.159472667191273,"Potential 1","Turtons",0.441098884832017,"small","small","Olearia argophylla","Hedycarya angustifolia","small_small","S_VIC","SE_AUS",NA,"Subcanopy","Subcanopy","Subcanopy_Subcanopy"
"308","Nematolepis squamea subsp squamea large","Nematolepis squamea subsp squamea large",-0.18085964596755,-0.616935381883537,0.255216089948437,-0.190969239203066,-0.170750052732034,"Potential 1","Turtons",0.872151471831975,"large","large","Nematolepis squamea","Nematolepis squamea","large_large","S_VIC","SE_AUS",NA,"Subcanopy","Subcanopy","Subcanopy_Subcanopy"
"309","Nematolepis squamea subsp squamea small","Nematolepis squamea subsp squamea large",0.303924764187062,0.0365083647185563,0.571341163655567,0.296755331486024,0.3110941968881,"Potential 1","Turtons",0.534832798937011,"small","large","Nematolepis squamea","Nematolepis squamea","small_large","S_VIC","SE_AUS","1","Subcanopy","Subcanopy","Subcanopy_Subcanopy"
"310","Olearia argophylla large","Nematolepis squamea subsp squamea large",0.0993617886702776,-0.341534556163645,0.5402581335042,0.0931648364941551,0.1055587408464,"Potential 1","Turtons",0.881792689667846,"large","large","Olearia argophylla","Nematolepis squamea","large_large","S_VIC","SE_AUS",NA,"Subcanopy","Subcanopy","Subcanopy_Subcanopy"
"311","Olearia argophylla small","Nematolepis squamea subsp squamea large",-0.172125673021894,-0.468289891467473,0.124038545423684,-0.178339198509611,-0.165912147534178,"Potential 1","Turtons",0.592328436891158,"small","large","Olearia argophylla","Nematolepis squamea","small_large","S_VIC","SE_AUS",NA,"Subcanopy","Subcanopy","Subcanopy_Subcanopy"
"312","Nematolepis squamea subsp squamea small","Nematolepis squamea subsp squamea small",0.137727238466863,-0.0663304381640713,0.341784915097797,0.129979339504784,0.145475137428942,"Potential 1","Turtons",0.408115353261868,"small","small","Nematolepis squamea","Nematolepis squamea","small_small","S_VIC","SE_AUS",NA,"Subcanopy","Subcanopy","Subcanopy_Subcanopy"
"313","Olearia argophylla large","Nematolepis squamea subsp squamea small",-0.281186573803069,-0.591232213563363,0.0288590659572251,-0.286373717702564,-0.275999429903574,"Potential 1","Turtons",0.620091279520588,"large","small","Olearia argophylla","Nematolepis squamea","large_small","S_VIC","SE_AUS",NA,"Subcanopy","Subcanopy","Subcanopy_Subcanopy"
"314","Olearia argophylla small","Nematolepis squamea subsp squamea small",0.176925609870422,-0.0352286193740499,0.389079839114894,0.172061154178422,0.181790065562421,"Potential 1","Turtons",0.424308458488943,"small","small","Olearia argophylla","Nematolepis squamea","small_small","S_VIC","SE_AUS",NA,"Subcanopy","Subcanopy","Subcanopy_Subcanopy"
"315","Olearia argophylla large","Olearia argophylla large",-0.342843282415997,-0.931824564281082,0.246137999449088,-0.352740770935609,-0.332945793896385,"Potential 1","Turtons",1.17796256373017,"large","large","Olearia argophylla","Olearia argophylla","large_large","S_VIC","SE_AUS",NA,"Subcanopy","Subcanopy","Subcanopy_Subcanopy"
"316","Olearia argophylla small","Olearia argophylla large",0.392313195504069,0.0251983699549757,0.759428021053163,0.383906032881919,0.400720358126219,"Potential 1","Turtons",0.734229651098187,"small","large","Olearia argophylla","Olearia argophylla","small_large","S_VIC","SE_AUS","1","Subcanopy","Subcanopy","Subcanopy_Subcanopy"
"317","Olearia argophylla small","Olearia argophylla small",0.148561418580319,-0.136606980652898,0.433729817813535,0.139953218483593,0.157169618677045,"Potential 1","Turtons",0.570336798466433,"small","small","Olearia argophylla","Olearia argophylla","small_small","S_VIC","SE_AUS",NA,"Subcanopy","Subcanopy","Subcanopy_Subcanopy"
"318","Acacia melanoxylon large","Acacia melanoxylon large",-0.333725177564678,-1.16738831709488,0.499937961965529,-0.339487745524673,-0.327962609604683,"Potential 1","HardyCreek",1.66732627906041,"large","large","Acacia melanoxylon","Acacia melanoxylon","large_large","N_VIC","SE_AUS",NA,"Subcanopy","Subcanopy","Subcanopy_Subcanopy"
"319","Acacia melanoxylon small","Acacia melanoxylon large",0.337140053921734,-0.173289251023663,0.84756935886713,0.331748378941983,0.342531728901484,"Potential 1","HardyCreek",1.02085860989079,"small","large","Acacia melanoxylon","Acacia melanoxylon","small_large","N_VIC","SE_AUS",NA,"Subcanopy","Subcanopy","Subcanopy_Subcanopy"
"320","Eucalyptus regnans large","Acacia melanoxylon large",-0.432148571472252,-1.0357663131875,0.171469170242999,-0.438800703347897,-0.425496439596606,"Potential 1","HardyCreek",1.2072354834305,"large","large","Eucalyptus regnans","Acacia melanoxylon","large_large","N_VIC","SE_AUS",NA,"Subcanopy","Canopy","Canopy_Subcanopy"
"321","Eucalyptus regnans small","Acacia melanoxylon large",0.0111971725786744,-0.261340175656341,0.28373452081369,0.00753561103299893,0.0148587341243499,"Potential 1","HardyCreek",0.545074696470031,"small","large","Eucalyptus regnans","Acacia melanoxylon","small_large","N_VIC","SE_AUS",NA,"Subcanopy","Canopy","Canopy_Subcanopy"
"322","Acacia melanoxylon small","Acacia melanoxylon small",-0.198388941277084,-0.628776264507193,0.231998381953025,-0.204395352188424,-0.192382530365743,"Potential 1","HardyCreek",0.860774646460218,"small","small","Acacia melanoxylon","Acacia melanoxylon","small_small","N_VIC","SE_AUS",NA,"Subcanopy","Subcanopy","Subcanopy_Subcanopy"
"323","Eucalyptus regnans large","Acacia melanoxylon small",0.429882280017505,0.0277719744655183,0.831992585569492,0.423669972609758,0.436094587425252,"Potential 1","HardyCreek",0.804220611103974,"large","small","Eucalyptus regnans","Acacia melanoxylon","large_small","N_VIC","SE_AUS","1","Subcanopy","Canopy","Canopy_Subcanopy"
"324","Eucalyptus regnans small","Acacia melanoxylon small",0.0189462152321202,-0.161501125722291,0.199393556186532,0.0153322159228825,0.0225602145413579,"Potential 1","HardyCreek",0.360894681908823,"small","small","Eucalyptus regnans","Acacia melanoxylon","small_small","N_VIC","SE_AUS",NA,"Subcanopy","Canopy","Canopy_Subcanopy"
"325","Eucalyptus regnans large","Eucalyptus regnans large",-0.716707714118687,-1.44941865708318,0.0160032288458051,-0.729978389560748,-0.703437038676626,"Potential 1","HardyCreek",1.46542188592898,"large","large","Eucalyptus regnans","Eucalyptus regnans","large_large","N_VIC","SE_AUS",NA,"Canopy","Canopy","Canopy_Canopy"
"326","Eucalyptus regnans small","Eucalyptus regnans large",-0.0265036035825941,-0.262526715942887,0.209519508777698,-0.0312110159358211,-0.0217961912293671,"Potential 1","HardyCreek",0.472046224720585,"small","large","Eucalyptus regnans","Eucalyptus regnans","small_large","N_VIC","SE_AUS",NA,"Canopy","Canopy","Canopy_Canopy"
"327","Eucalyptus regnans small","Eucalyptus regnans small",0.111519703483256,-0.0699074943016896,0.292946901268201,0.105617252534901,0.11742215443161,"Potential 1","HardyCreek",0.362854395569891,"small","small","Eucalyptus regnans","Eucalyptus regnans","small_small","N_VIC","SE_AUS",NA,"Canopy","Canopy","Canopy_Canopy"
"328","Allocasuarina torulosa large","Allocasuarina torulosa large",0.0915381263380197,-0.101931366177863,0.285007618853902,0.0874743385171472,0.0956019141588922,"Potential 1","MinesRd",0.386938985031765,"large","large","Allocasuarina torulosa","Allocasuarina torulosa","large_large","N_NSW","N_AUS",NA,"Subcanopy","Subcanopy","Subcanopy_Subcanopy"
"329","Allocasuarina torulosa small","Allocasuarina torulosa large",-0.0131513722896979,-0.082413050734557,0.0561103061551611,-0.0148011166465874,-0.0115016279328085,"Potential 1","MinesRd",0.138523356889718,"small","large","Allocasuarina torulosa","Allocasuarina torulosa","small_large","N_NSW","N_AUS",NA,"Subcanopy","Subcanopy","Subcanopy_Subcanopy"
"330","Eucalyptus pilularis large","Allocasuarina torulosa large",0.0538779553661456,-0.13513040432785,0.242886315060142,0.0513253328017803,0.0564305779305109,"Potential 1","MinesRd",0.378016719387992,"large","large","Eucalyptus pilularis","Allocasuarina torulosa","large_large","N_NSW","N_AUS",NA,"Subcanopy","Canopy","Canopy_Subcanopy"
"331","Eucalyptus pilularis small","Allocasuarina torulosa large",0.0570432128529554,-0.0795539370453461,0.193640362751257,0.0541252512644025,0.0599611744415083,"Potential 1","MinesRd",0.273194299796603,"small","large","Eucalyptus pilularis","Allocasuarina torulosa","small_large","N_NSW","N_AUS",NA,"Subcanopy","Canopy","Canopy_Subcanopy"
"332","Allocasuarina torulosa small","Allocasuarina torulosa small",0.431768365217475,0.311595864829362,0.551940865605588,0.422630930262121,0.440905800172828,"Potential 1","MinesRd",0.240345000776226,"small","small","Allocasuarina torulosa","Allocasuarina torulosa","small_small","N_NSW","N_AUS","1","Subcanopy","Subcanopy","Subcanopy_Subcanopy"
"333","Eucalyptus pilularis large","Allocasuarina torulosa small",-0.00859841948108628,-0.0873136201799935,0.0701167812178209,-0.0100076207691903,-0.00718921819298222,"Potential 1","MinesRd",0.157430401397814,"large","small","Eucalyptus pilularis","Allocasuarina torulosa","large_small","N_NSW","N_AUS",NA,"Subcanopy","Canopy","Canopy_Subcanopy"
"334","Eucalyptus pilularis small","Allocasuarina torulosa small",-0.0474197107653074,-0.0991287481215624,0.00428932659094754,-0.0496632360753734,-0.0451761854552414,"Potential 1","MinesRd",0.10341807471251,"small","small","Eucalyptus pilularis","Allocasuarina torulosa","small_small","N_NSW","N_AUS",NA,"Subcanopy","Canopy","Canopy_Subcanopy"
"335","Eucalyptus pilularis large","Eucalyptus pilularis large",-0.0545763939523611,-0.420284951051316,0.311132163146594,-0.0590767100166598,-0.0500760778880624,"Potential 1","MinesRd",0.73141711419791,"large","large","Eucalyptus pilularis","Eucalyptus pilularis","large_large","N_NSW","N_AUS",NA,"Canopy","Canopy","Canopy_Canopy"
"336","Eucalyptus pilularis small","Eucalyptus pilularis large",-0.15076147859319,-0.390191279361454,0.088668322175074,-0.153813190537624,-0.147709766648756,"Potential 1","MinesRd",0.478859601536528,"small","large","Eucalyptus pilularis","Eucalyptus pilularis","small_large","N_NSW","N_AUS",NA,"Canopy","Canopy","Canopy_Canopy"
"337","Eucalyptus pilularis small","Eucalyptus pilularis small",0.187175857425083,-0.0728935173099628,0.447245232160128,0.180381343837314,0.193970371012851,"Potential 1","MinesRd",0.520138749470091,"small","small","Eucalyptus pilularis","Eucalyptus pilularis","small_small","N_NSW","N_AUS",NA,"Canopy","Canopy","Canopy_Canopy"
"338","Allocasuarina torulosa large","Allocasuarina torulosa large",0.113352217416576,-0.149898465207697,0.376602900040848,0.107340307403515,0.119364127429637,"Potential 1","Lorne",0.526501365248545,"large","large","Allocasuarina torulosa","Allocasuarina torulosa","large_large","N_NSW","N_AUS",NA,"Subcanopy","Subcanopy","Subcanopy_Subcanopy"
"339","Allocasuarina torulosa small","Allocasuarina torulosa large",-0.0640053312430844,-0.245990456800739,0.11797979431457,-0.06713410373417,-0.0608765587519988,"Potential 1","Lorne",0.363970251115309,"small","large","Allocasuarina torulosa","Allocasuarina torulosa","small_large","N_NSW","N_AUS",NA,"Subcanopy","Subcanopy","Subcanopy_Subcanopy"
"340","Cryptocarya glaucescens small","Allocasuarina torulosa large",0.113212179858743,-0.194997814814635,0.421422174532121,0.108852811604404,0.117571548113082,"Potential 1","Lorne",0.616419989346757,"small","large","Cryptocarya glaucescens","Allocasuarina torulosa","small_large","N_NSW","N_AUS",NA,"Subcanopy","Subcanopy","Subcanopy_Subcanopy"
"341","Cryptocarya rigida small","Allocasuarina torulosa large",0.134538280450857,-0.126441792745874,0.395518353647589,0.130245023791111,0.138831537110604,"Potential 1","Lorne",0.521960146393464,"small","large","Cryptocarya rigida","Allocasuarina torulosa","small_large","N_NSW","N_AUS",NA,"Subcanopy","Subcanopy","Subcanopy_Subcanopy"
"342","Eucalyptus microcorys large","Allocasuarina torulosa large",-0.156497419384432,-0.374586994272283,0.0615921555034203,-0.160433487024534,-0.15256135174433,"Potential 1","Lorne",0.436179149775704,"large","large","Eucalyptus microcorys","Allocasuarina torulosa","large_large","N_NSW","N_AUS",NA,"Subcanopy","Canopy","Canopy_Subcanopy"
"343","Eucalyptus microcorys small","Allocasuarina torulosa large",0.045773504276184,-0.102776720976004,0.194323729528372,0.0426014473095928,0.0489455612427752,"Potential 1","Lorne",0.297100450504376,"small","large","Eucalyptus microcorys","Allocasuarina torulosa","small_large","N_NSW","N_AUS",NA,"Subcanopy","Canopy","Canopy_Subcanopy"
"344","Eucalyptus pilularis large","Allocasuarina torulosa large",0.212563380771146,-0.220675487335626,0.645802248877918,0.206588520669393,0.218538240872899,"Potential 1","Lorne",0.866477736213543,"large","large","Eucalyptus pilularis","Allocasuarina torulosa","large_large","N_NSW","N_AUS",NA,"Subcanopy","Canopy","Canopy_Subcanopy"
"345","Eucalyptus pilularis small","Allocasuarina torulosa large",-0.364852957377185,-0.699714821555282,-0.0299910931990877,-0.369812601226683,-0.359893313527686,"Potential 1","Lorne",0.669723728356194,"small","large","Eucalyptus pilularis","Allocasuarina torulosa","small_large","N_NSW","N_AUS","1","Subcanopy","Canopy","Canopy_Subcanopy"
"346","Allocasuarina torulosa small","Allocasuarina torulosa small",0.0918474326105226,-0.158955088601503,0.342649953822548,0.0861275015856044,0.0975673636354408,"Potential 1","Lorne",0.501605042424052,"small","small","Allocasuarina torulosa","Allocasuarina torulosa","small_small","N_NSW","N_AUS",NA,"Subcanopy","Subcanopy","Subcanopy_Subcanopy"
"347","Cryptocarya glaucescens small","Allocasuarina torulosa small",-0.0622633211123318,-0.295344220820834,0.17081757859617,-0.0654797933131622,-0.0590468489115014,"Potential 1","Lorne",0.466161799417004,"small","small","Cryptocarya glaucescens","Allocasuarina torulosa","small_small","N_NSW","N_AUS",NA,"Subcanopy","Subcanopy","Subcanopy_Subcanopy"
"348","Cryptocarya rigida small","Allocasuarina torulosa small",0.0604552457142691,-0.134852145449565,0.255762636878103,0.0574799277364599,0.0634305636920783,"Potential 1","Lorne",0.390614782327668,"small","small","Cryptocarya rigida","Allocasuarina torulosa","small_small","N_NSW","N_AUS",NA,"Subcanopy","Subcanopy","Subcanopy_Subcanopy"
"349","Eucalyptus microcorys large","Allocasuarina torulosa small",-0.188800388868317,-0.411948339954714,0.034347562218079,-0.19292070660696,-0.184680071129674,"Potential 1","Lorne",0.446295902172793,"large","small","Eucalyptus microcorys","Allocasuarina torulosa","large_small","N_NSW","N_AUS",NA,"Subcanopy","Canopy","Canopy_Subcanopy"
"350","Eucalyptus microcorys small","Allocasuarina torulosa small",0.0767597668838399,-0.0637898086866607,0.217309342454341,0.0738321960000128,0.0796873377676671,"Potential 1","Lorne",0.281099151141001,"small","small","Eucalyptus microcorys","Allocasuarina torulosa","small_small","N_NSW","N_AUS",NA,"Subcanopy","Canopy","Canopy_Subcanopy"
"351","Eucalyptus pilularis large","Allocasuarina torulosa small",0.123121982008395,-0.234349329140058,0.480593293156847,0.118542554551314,0.127701409465476,"Potential 1","Lorne",0.714942622296904,"large","small","Eucalyptus pilularis","Allocasuarina torulosa","large_small","N_NSW","N_AUS",NA,"Subcanopy","Canopy","Canopy_Subcanopy"
"352","Eucalyptus pilularis small","Allocasuarina torulosa small",-0.101979134484948,-0.343828637119281,0.139870368149384,-0.105624961252677,-0.098333307717219,"Potential 1","Lorne",0.483699005268665,"small","small","Eucalyptus pilularis","Allocasuarina torulosa","small_small","N_NSW","N_AUS",NA,"Subcanopy","Canopy","Canopy_Subcanopy"
"353","Cryptocarya glaucescens small","Cryptocarya glaucescens small",-0.455949809541042,-1.25287707601972,0.340977456937632,-0.465139501174582,-0.446760117907502,"Potential 1","Lorne",1.59385453295735,"small","small","Cryptocarya glaucescens","Cryptocarya glaucescens","small_small","N_NSW","N_AUS",NA,"Subcanopy","Subcanopy","Subcanopy_Subcanopy"
"354","Cryptocarya rigida small","Cryptocarya glaucescens small",-0.047261901500425,-0.332452704072417,0.237928901071567,-0.0511528387220369,-0.0433709642788131,"Potential 1","Lorne",0.570381605143984,"small","small","Cryptocarya rigida","Cryptocarya glaucescens","small_small","N_NSW","N_AUS",NA,"Subcanopy","Subcanopy","Subcanopy_Subcanopy"
"355","Eucalyptus microcorys large","Cryptocarya glaucescens small",-0.196034576832939,-0.672213286355017,0.280144132689138,-0.202059516150782,-0.190009637515096,"Potential 1","Lorne",0.952357419044155,"large","small","Eucalyptus microcorys","Cryptocarya glaucescens","large_small","N_NSW","N_AUS",NA,"Subcanopy","Canopy","Canopy_Subcanopy"
"356","Eucalyptus microcorys small","Cryptocarya glaucescens small",0.131874651786112,-0.141883900484839,0.405633204057063,0.127616447968081,0.136132855604142,"Potential 1","Lorne",0.547517104541902,"small","small","Eucalyptus microcorys","Cryptocarya glaucescens","small_small","N_NSW","N_AUS",NA,"Subcanopy","Canopy","Canopy_Subcanopy"
"357","Eucalyptus pilularis large","Cryptocarya glaucescens small",0.0979932587131049,-0.364513786013467,0.560500303439677,0.0923198186433247,0.103666698782885,"Potential 1","Lorne",0.925014089453144,"large","small","Eucalyptus pilularis","Cryptocarya glaucescens","large_small","N_NSW","N_AUS",NA,"Subcanopy","Canopy","Canopy_Subcanopy"
"358","Eucalyptus pilularis small","Cryptocarya glaucescens small",0.106932664344594,-0.340319544470199,0.554184873159386,0.10014303639201,0.113722292297177,"Potential 1","Lorne",0.894504417629585,"small","small","Eucalyptus pilularis","Cryptocarya glaucescens","small_small","N_NSW","N_AUS",NA,"Subcanopy","Canopy","Canopy_Subcanopy"
"359","Cryptocarya rigida small","Cryptocarya rigida small",-0.0242450805103776,-0.391600498417564,0.343110337396808,-0.0296920896158483,-0.0187980714049069,"Potential 1","Lorne",0.734710835814372,"small","small","Cryptocarya rigida","Cryptocarya rigida","small_small","N_NSW","N_AUS",NA,"Subcanopy","Subcanopy","Subcanopy_Subcanopy"
"360","Eucalyptus microcorys large","Cryptocarya rigida small",0.174683156257111,-0.0868026560086136,0.436168968522835,0.17076839410849,0.178597918405731,"Potential 1","Lorne",0.522971624531449,"large","small","Eucalyptus microcorys","Cryptocarya rigida","large_small","N_NSW","N_AUS",NA,"Subcanopy","Canopy","Canopy_Subcanopy"
"361","Eucalyptus microcorys small","Cryptocarya rigida small",-0.178699040202416,-0.38607628972525,0.0286782093204191,-0.181936280904305,-0.175461799500526,"Potential 1","Lorne",0.414754499045669,"small","small","Eucalyptus microcorys","Cryptocarya rigida","small_small","N_NSW","N_AUS",NA,"Subcanopy","Canopy","Canopy_Subcanopy"
"362","Eucalyptus pilularis large","Cryptocarya rigida small",-0.0608031946715508,-0.472684596586862,0.351078207243761,-0.0657750783816102,-0.0558313109614914,"Potential 1","Lorne",0.823762803830623,"large","small","Eucalyptus pilularis","Cryptocarya rigida","large_small","N_NSW","N_AUS",NA,"Subcanopy","Canopy","Canopy_Subcanopy"
"363","Eucalyptus pilularis small","Cryptocarya rigida small",0.206691049059001,-0.165638117565654,0.579020215683655,0.201894403029224,0.211487695088777,"Potential 1","Lorne",0.744658333249308,"small","small","Eucalyptus pilularis","Cryptocarya rigida","small_small","N_NSW","N_AUS",NA,"Subcanopy","Canopy","Canopy_Subcanopy"
"364","Eucalyptus microcorys large","Eucalyptus microcorys large",-0.416722685559313,-0.932146565648014,0.0987011945293875,-0.426742978544546,-0.40670239257408,"Potential 1","Lorne",1.0308477601774,"large","large","Eucalyptus microcorys","Eucalyptus microcorys","large_large","N_NSW","N_AUS",NA,"Canopy","Canopy","Canopy_Canopy"
"365","Eucalyptus microcorys small","Eucalyptus microcorys large",0.264661190721824,0.0348566419770714,0.494465739466576,0.25996095066364,0.269361430780008,"Potential 1","Lorne",0.459609097489505,"small","large","Eucalyptus microcorys","Eucalyptus microcorys","small_large","N_NSW","N_AUS","1","Canopy","Canopy","Canopy_Canopy"
"366","Eucalyptus pilularis large","Eucalyptus microcorys large",0.427385643600592,-0.0140097558969465,0.86878104309813,0.419933794366426,0.434837492834757,"Potential 1","Lorne",0.882790798995076,"large","large","Eucalyptus pilularis","Eucalyptus microcorys","large_large","N_NSW","N_AUS",NA,"Canopy","Canopy","Canopy_Canopy"
"367","Eucalyptus pilularis small","Eucalyptus microcorys large",-0.281021627936621,-0.649699521906486,0.0876562660332432,-0.28680738815548,-0.275235867717763,"Potential 1","Lorne",0.737355787939729,"small","large","Eucalyptus pilularis","Eucalyptus microcorys","small_large","N_NSW","N_AUS",NA,"Canopy","Canopy","Canopy_Canopy"
"368","Eucalyptus microcorys small","Eucalyptus microcorys small",0.196200464073894,-0.0252903681556789,0.417691296303466,0.189174157119983,0.203226771027804,"Potential 1","Lorne",0.442981664459145,"small","small","Eucalyptus microcorys","Eucalyptus microcorys","small_small","N_NSW","N_AUS",NA,"Canopy","Canopy","Canopy_Canopy"
"369","Eucalyptus pilularis large","Eucalyptus microcorys small",-0.170322089428886,-0.528847424258217,0.188203245400445,-0.174554727222568,-0.166089451635203,"Potential 1","Lorne",0.717050669658663,"large","small","Eucalyptus pilularis","Eucalyptus microcorys","large_small","N_NSW","N_AUS",NA,"Canopy","Canopy","Canopy_Canopy"
"370","Eucalyptus pilularis small","Eucalyptus microcorys small",0.0433729662132214,-0.20862209014429,0.295368022570733,0.0393902881312721,0.0473556442951707,"Potential 1","Lorne",0.503990112715023,"small","small","Eucalyptus pilularis","Eucalyptus microcorys","small_small","N_NSW","N_AUS",NA,"Canopy","Canopy","Canopy_Canopy"
"371","Eucalyptus pilularis large","Eucalyptus pilularis large",-0.496656047729834,-1.55129549656262,0.557983401102954,-0.50679859441172,-0.486513501047948,"Potential 1","Lorne",2.10927889766557,"large","large","Eucalyptus pilularis","Eucalyptus pilularis","large_large","N_NSW","N_AUS",NA,"Canopy","Canopy","Canopy_Canopy"
"372","Eucalyptus pilularis small","Eucalyptus pilularis large",0.359622458533113,-0.227282958767159,0.946527875833385,0.352563116821856,0.366681800244371,"Potential 1","Lorne",1.17381083460054,"small","large","Eucalyptus pilularis","Eucalyptus pilularis","small_large","N_NSW","N_AUS",NA,"Canopy","Canopy","Canopy_Canopy"
"373","Eucalyptus pilularis small","Eucalyptus pilularis small",-0.142103996741758,-0.758619733603143,0.474411740119626,-0.149554792881605,-0.134653200601911,"Potential 1","Lorne",1.23303147372277,"small","small","Eucalyptus pilularis","Eucalyptus pilularis","small_small","N_NSW","N_AUS",NA,"Canopy","Canopy","Canopy_Canopy"
"374","Allocasuarina torulosa large","Allocasuarina torulosa large",-0.0181698574908394,-0.266382655784352,0.230042940802673,-0.0225869490384539,-0.0137527659432248,"Potential 1","A-Tree",0.496425596587025,"large","large","Allocasuarina torulosa","Allocasuarina torulosa","large_large","N_NSW","N_AUS",NA,"Subcanopy","Subcanopy","Subcanopy_Subcanopy"
"375","Allocasuarina torulosa small","Allocasuarina torulosa large",0.0301738363188336,-0.0851221922150542,0.145469864852721,0.0268545334361214,0.0334931392015457,"Potential 1","A-Tree",0.230592057067775,"small","large","Allocasuarina torulosa","Allocasuarina torulosa","small_large","N_NSW","N_AUS",NA,"Subcanopy","Subcanopy","Subcanopy_Subcanopy"
"376","Eucalyptus microcorys large","Allocasuarina torulosa large",-0.0375104424547171,-0.455876272270953,0.380855387361519,-0.0422471048798958,-0.0327737800295383,"Potential 1","A-Tree",0.836731659632472,"large","large","Eucalyptus microcorys","Allocasuarina torulosa","large_large","N_NSW","N_AUS",NA,"Subcanopy","Canopy","Canopy_Subcanopy"
"377","Eucalyptus microcorys small","Allocasuarina torulosa large",-0.0698362418096402,-0.264365158703366,0.124692675084086,-0.0725457611732384,-0.0671267224460421,"Potential 1","A-Tree",0.389057833787452,"small","large","Eucalyptus microcorys","Allocasuarina torulosa","small_large","N_NSW","N_AUS",NA,"Subcanopy","Canopy","Canopy_Subcanopy"
"378","Eucalyptus pilularis large","Allocasuarina torulosa large",0.0532948488603591,-0.119404137845728,0.225993835566446,0.0499895167128301,0.0566001810078881,"Potential 1","A-Tree",0.345397973412174,"large","large","Eucalyptus pilularis","Allocasuarina torulosa","large_large","N_NSW","N_AUS",NA,"Subcanopy","Canopy","Canopy_Subcanopy"
"379","Eucalyptus pilularis small","Allocasuarina torulosa large",0.00904364767767584,-0.0781431205596344,0.0962304159149861,0.00729737254231731,0.0107899228130344,"Potential 1","A-Tree",0.174373536474621,"small","large","Eucalyptus pilularis","Allocasuarina torulosa","small_large","N_NSW","N_AUS",NA,"Subcanopy","Canopy","Canopy_Subcanopy"
"380","Allocasuarina torulosa small","Allocasuarina torulosa small",0.206766230298092,0.0672567584922918,0.346275702103893,0.197640901452402,0.215891559143783,"Potential 1","A-Tree",0.279018943611601,"small","small","Allocasuarina torulosa","Allocasuarina torulosa","small_small","N_NSW","N_AUS","1","Subcanopy","Subcanopy","Subcanopy_Subcanopy"
"381","Eucalyptus microcorys large","Allocasuarina torulosa small",0.114941331979897,-0.167371642703065,0.397254306662859,0.109312509065491,0.120570154894303,"Potential 1","A-Tree",0.564625949365924,"large","small","Eucalyptus microcorys","Allocasuarina torulosa","large_small","N_NSW","N_AUS",NA,"Subcanopy","Canopy","Canopy_Subcanopy"
"382","Eucalyptus microcorys small","Allocasuarina torulosa small",-0.0218978182188545,-0.12633790501051,0.0825422685728012,-0.0245055867963523,-0.0192900496413566,"Potential 1","A-Tree",0.208880173583311,"small","small","Eucalyptus microcorys","Allocasuarina torulosa","small_small","N_NSW","N_AUS",NA,"Subcanopy","Canopy","Canopy_Subcanopy"
"383","Eucalyptus pilularis large","Allocasuarina torulosa small",-0.0534721899643734,-0.160374221435292,0.0534298415065455,-0.0567225626429139,-0.0502218172858329,"Potential 1","A-Tree",0.213804062941838,"large","small","Eucalyptus pilularis","Allocasuarina torulosa","large_small","N_NSW","N_AUS",NA,"Subcanopy","Canopy","Canopy_Subcanopy"
"384","Eucalyptus pilularis small","Allocasuarina torulosa small",-0.00729208514618272,-0.0663639217122999,0.0517797514199345,-0.0100986882412074,-0.00448548205115802,"Potential 1","A-Tree",0.118143673132234,"small","small","Eucalyptus pilularis","Allocasuarina torulosa","small_small","N_NSW","N_AUS",NA,"Subcanopy","Canopy","Canopy_Subcanopy"
"385","Eucalyptus microcorys large","Eucalyptus microcorys large",-0.705566950761605,-1.88814600607192,0.47701210454871,-0.721535761247286,-0.689598140275923,"Potential 1","A-Tree",2.36515811062063,"large","large","Eucalyptus microcorys","Eucalyptus microcorys","large_large","N_NSW","N_AUS",NA,"Canopy","Canopy","Canopy_Canopy"
"386","Eucalyptus microcorys small","Eucalyptus microcorys large",0.332242238629648,-0.192865290383984,0.857349767643279,0.326300016162443,0.338184461096853,"Potential 1","A-Tree",1.05021505802726,"small","large","Eucalyptus microcorys","Eucalyptus microcorys","small_large","N_NSW","N_AUS",NA,"Canopy","Canopy","Canopy_Canopy"
"387","Eucalyptus pilularis large","Eucalyptus microcorys large",0.155318460352037,-0.204985098207249,0.515622018911322,0.150238578960061,0.160398341744012,"Potential 1","A-Tree",0.720607117118572,"large","large","Eucalyptus pilularis","Eucalyptus microcorys","large_large","N_NSW","N_AUS",NA,"Canopy","Canopy","Canopy_Canopy"
"388","Eucalyptus pilularis small","Eucalyptus microcorys large",0.13871829182583,-0.0613667070069605,0.33880329065862,0.134738350203389,0.14269823344827,"Potential 1","A-Tree",0.40016999766558,"small","large","Eucalyptus pilularis","Eucalyptus microcorys","small_large","N_NSW","N_AUS",NA,"Canopy","Canopy","Canopy_Canopy"
"389","Eucalyptus microcorys small","Eucalyptus microcorys small",0.087143167692995,-0.223902130549652,0.398188465935642,0.0814280566387159,0.0928582787472741,"Potential 1","A-Tree",0.622090596485293,"small","small","Eucalyptus microcorys","Eucalyptus microcorys","small_small","N_NSW","N_AUS",NA,"Canopy","Canopy","Canopy_Canopy"
"390","Eucalyptus pilularis large","Eucalyptus microcorys small",-0.0322459372821085,-0.208720800736984,0.144228926172767,-0.0350819657612648,-0.0294099088029523,"Potential 1","A-Tree",0.352949726909752,"large","small","Eucalyptus pilularis","Eucalyptus microcorys","large_small","N_NSW","N_AUS",NA,"Canopy","Canopy","Canopy_Canopy"
"391","Eucalyptus pilularis small","Eucalyptus microcorys small",0.00311556195502524,-0.0844719728988438,0.0907030968088943,0.0011060167470773,0.00512510716297318,"Potential 1","A-Tree",0.175175069707738,"small","small","Eucalyptus pilularis","Eucalyptus microcorys","small_small","N_NSW","N_AUS",NA,"Canopy","Canopy","Canopy_Canopy"
"392","Eucalyptus pilularis large","Eucalyptus pilularis large",-0.132732425339694,-0.384925260227712,0.119460409548323,-0.139327763932491,-0.126137086746898,"Potential 1","A-Tree",0.504385669776034,"large","large","Eucalyptus pilularis","Eucalyptus pilularis","large_large","N_NSW","N_AUS",NA,"Canopy","Canopy","Canopy_Canopy"
"393","Eucalyptus pilularis small","Eucalyptus pilularis large",-0.0849403118417284,-0.16746485619557,-0.00241576748788644,-0.0868970605877376,-0.0829835630957192,"Potential 1","A-Tree",0.165049088707684,"small","large","Eucalyptus pilularis","Eucalyptus pilularis","small_large","N_NSW","N_AUS","1","Canopy","Canopy","Canopy_Canopy"
"394","Eucalyptus pilularis small","Eucalyptus pilularis small",0.423841319065129,0.316511183990892,0.531171454139366,0.411709245432358,0.4359733926979,"Potential 1","A-Tree",0.214660270148475,"small","small","Eucalyptus pilularis","Eucalyptus pilularis","small_small","N_NSW","N_AUS","1","Canopy","Canopy","Canopy_Canopy"
"395","Allocasuarina torulosa large","Allocasuarina torulosa large",0.115213616229889,-0.12805510869304,0.358482341152818,0.109238461162066,0.121188771297712,"Potential 1","BlackBull",0.486537449845857,"large","large","Allocasuarina torulosa","Allocasuarina torulosa","large_large","N_NSW","N_AUS",NA,"Subcanopy","Subcanopy","Subcanopy_Subcanopy"
"396","Allocasuarina torulosa small","Allocasuarina torulosa large",0.0970877606925628,-0.0378046835363021,0.231980204921428,0.0934814157734042,0.100694105611721,"Potential 1","BlackBull",0.26978488845773,"small","large","Allocasuarina torulosa","Allocasuarina torulosa","small_large","N_NSW","N_AUS",NA,"Subcanopy","Subcanopy","Subcanopy_Subcanopy"
"397","Eucalyptus pilularis large","Allocasuarina torulosa large",0.178884519511447,-0.163583416787663,0.521352455810558,0.173923191795928,0.183845847226967,"Potential 1","BlackBull",0.684935872598221,"large","large","Eucalyptus pilularis","Allocasuarina torulosa","large_large","N_NSW","N_AUS",NA,"Subcanopy","Canopy","Canopy_Subcanopy"
"398","Eucalyptus pilularis small","Allocasuarina torulosa large",-0.145879284515105,-0.419789495901628,0.128030926871418,-0.150140795621293,-0.141617773408918,"Potential 1","BlackBull",0.547820422773046,"small","large","Eucalyptus pilularis","Allocasuarina torulosa","small_large","N_NSW","N_AUS",NA,"Subcanopy","Canopy","Canopy_Subcanopy"
"399","Syncarpia glomulifera subsp glomulifera large","Allocasuarina torulosa large",0.352475507794307,-0.0503758035042195,0.755326819092834,0.346318129801079,0.358632885787535,"Potential 1","BlackBull",0.805702622597053,"large","large","Syncarpia glomulifera","Allocasuarina torulosa","large_large","N_NSW","N_AUS",NA,"Subcanopy","Canopy","Canopy_Subcanopy"
"400","Syncarpia glomulifera subsp glomulifera small","Allocasuarina torulosa large",0.0481422472425934,-0.121878011410104,0.218162505895291,0.0443249155563552,0.0519595789288317,"Potential 1","BlackBull",0.340040517305395,"small","large","Syncarpia glomulifera","Allocasuarina torulosa","small_large","N_NSW","N_AUS",NA,"Subcanopy","Canopy","Canopy_Subcanopy"
"401","Allocasuarina torulosa small","Allocasuarina torulosa small",0.0699948730994261,-0.140883159757806,0.280872905956658,0.0604449505635705,0.0795447956352818,"Potential 1","BlackBull",0.421756065714464,"small","small","Allocasuarina torulosa","Allocasuarina torulosa","small_small","N_NSW","N_AUS",NA,"Subcanopy","Subcanopy","Subcanopy_Subcanopy"
"402","Eucalyptus pilularis large","Allocasuarina torulosa small",-0.178793785796214,-0.385696612207843,0.0281090406154154,-0.183709789785952,-0.173877781806476,"Potential 1","BlackBull",0.413805652823259,"large","small","Eucalyptus pilularis","Allocasuarina torulosa","large_small","N_NSW","N_AUS",NA,"Subcanopy","Canopy","Canopy_Subcanopy"
"403","Eucalyptus pilularis small","Allocasuarina torulosa small",-0.0122385481802122,-0.195393979787463,0.170916883427038,-0.015711305158479,-0.00876579120194544,"Potential 1","BlackBull",0.366310863214501,"small","small","Eucalyptus pilularis","Allocasuarina torulosa","small_small","N_NSW","N_AUS",NA,"Subcanopy","Canopy","Canopy_Subcanopy"
"404","Syncarpia glomulifera subsp glomulifera large","Allocasuarina torulosa small",-0.127605747324469,-0.414733974318693,0.159522479669755,-0.132304807065923,-0.122906687583016,"Potential 1","BlackBull",0.574256453988447,"large","small","Syncarpia glomulifera","Allocasuarina torulosa","large_small","N_NSW","N_AUS",NA,"Subcanopy","Canopy","Canopy_Subcanopy"
"405","Syncarpia glomulifera subsp glomulifera small","Allocasuarina torulosa small",0.0462606235095638,-0.0707209007970142,0.163242147816142,0.0430600917028326,0.0494611553162949,"Potential 1","BlackBull",0.233963048613156,"small","small","Syncarpia glomulifera","Allocasuarina torulosa","small_small","N_NSW","N_AUS",NA,"Subcanopy","Canopy","Canopy_Subcanopy"
"406","Eucalyptus pilularis large","Eucalyptus pilularis large",-0.420361896222732,-1.23542865975976,0.394704867314297,-0.431839777430034,-0.408884015015429,"Potential 1","BlackBull",1.63013352707406,"large","large","Eucalyptus pilularis","Eucalyptus pilularis","large_large","N_NSW","N_AUS",NA,"Canopy","Canopy","Canopy_Canopy"
"407","Eucalyptus pilularis small","Eucalyptus pilularis large",0.0709018760856871,-0.376342445681241,0.518146197852616,0.0652849809788764,0.0765187711924978,"Potential 1","BlackBull",0.894488643533857,"small","large","Eucalyptus pilularis","Eucalyptus pilularis","small_large","N_NSW","N_AUS",NA,"Canopy","Canopy","Canopy_Canopy"
"408","Syncarpia glomulifera subsp glomulifera large","Eucalyptus pilularis large",-0.489200494305443,-1.31893330870572,0.340532320094834,-0.497472894847507,-0.480928093763379,"Potential 1","BlackBull",1.65946562880055,"large","large","Syncarpia glomulifera","Eucalyptus pilularis","large_large","N_NSW","N_AUS",NA,"Canopy","Canopy","Canopy_Canopy"
"409","Syncarpia glomulifera subsp glomulifera small","Eucalyptus pilularis large",0.0734735438918614,-0.251594472779527,0.39854156056325,0.0679529710792938,0.0789941167044289,"Potential 1","BlackBull",0.650136033342777,"small","large","Syncarpia glomulifera","Eucalyptus pilularis","small_large","N_NSW","N_AUS",NA,"Canopy","Canopy","Canopy_Canopy"
"410","Eucalyptus pilularis small","Eucalyptus pilularis small",-0.132765719679812,-0.641333087507219,0.375801648147595,-0.139162485237355,-0.12636895412227,"Potential 1","BlackBull",1.01713473565481,"small","small","Eucalyptus pilularis","Eucalyptus pilularis","small_small","N_NSW","N_AUS",NA,"Canopy","Canopy","Canopy_Canopy"
"411","Syncarpia glomulifera subsp glomulifera large","Eucalyptus pilularis small",0.384513043734779,-0.170748908757691,0.939774996227248,0.377063634693329,0.391962452776228,"Potential 1","BlackBull",1.11052390498494,"large","small","Syncarpia glomulifera","Eucalyptus pilularis","large_small","N_NSW","N_AUS",NA,"Canopy","Canopy","Canopy_Canopy"
"412","Syncarpia glomulifera subsp glomulifera small","Eucalyptus pilularis small",0.120602335977569,-0.104132141878449,0.345336813833586,0.116576782749556,0.124627889205581,"Potential 1","BlackBull",0.449468955712036,"small","small","Syncarpia glomulifera","Eucalyptus pilularis","small_small","N_NSW","N_AUS",NA,"Canopy","Canopy","Canopy_Canopy"
"413","Syncarpia glomulifera subsp glomulifera large","Syncarpia glomulifera subsp glomulifera large",-0.712485761660439,-2.05783850475186,0.632866981430985,-0.723918415704331,-0.701053107616548,"Potential 1","BlackBull",2.69070548618285,"large","large","Syncarpia glomulifera","Syncarpia glomulifera","large_large","N_NSW","N_AUS",NA,"Canopy","Canopy","Canopy_Canopy"
"414","Syncarpia glomulifera subsp glomulifera small","Syncarpia glomulifera subsp glomulifera large",-0.0781879718683221,-0.48900217439145,0.332626230654806,-0.0827848503918291,-0.0735910933448152,"Potential 1","BlackBull",0.821628405046256,"small","large","Syncarpia glomulifera","Syncarpia glomulifera","small_large","N_NSW","N_AUS",NA,"Canopy","Canopy","Canopy_Canopy"
"415","Syncarpia glomulifera subsp glomulifera small","Syncarpia glomulifera subsp glomulifera small",0.334993765015067,0.157991350944759,0.511996179085375,0.32814894244989,0.341838587580244,"Potential 1","BlackBull",0.354004828140615,"small","small","Syncarpia glomulifera","Syncarpia glomulifera","small_small","N_NSW","N_AUS","1","Canopy","Canopy","Canopy_Canopy"
"416","Acmena smithii small","Acmena smithii small",-0.123522192970051,-0.744476094961423,0.497431709021321,-0.134294326744587,-0.112750059195515,"Potential 1","Osullivans",1.24190780398274,"small","small","Acmena smithii","Acmena smithii","small_small","N_NSW","N_AUS",NA,"Subcanopy","Subcanopy","Subcanopy_Subcanopy"
"417","Allocasuarina torulosa small","Acmena smithii small",0.55396439697257,-0.123351170843225,1.23127996478836,0.542479867468744,0.565448926476395,"Potential 1","Osullivans",1.35463113563159,"small","small","Allocasuarina torulosa","Acmena smithii","small_small","N_NSW","N_AUS",NA,"Subcanopy","Subcanopy","Subcanopy_Subcanopy"
"418","Cryptocarya glaucescens small","Acmena smithii small",0.0688654128571258,-0.428491802594426,0.566222628308677,0.0615736357839437,0.0761571899303079,"Potential 1","Osullivans",0.994714430903103,"small","small","Cryptocarya glaucescens","Acmena smithii","small_small","N_NSW","N_AUS",NA,"Subcanopy","Subcanopy","Subcanopy_Subcanopy"
"419","Cryptocarya microneura large","Acmena smithii small",0.0400973708955999,-0.390408398427306,0.470603140218506,0.0336542415870723,0.0465405002041275,"Potential 1","Osullivans",0.861011538645812,"large","small","Cryptocarya microneura","Acmena smithii","large_small","N_NSW","N_AUS",NA,"Subcanopy","Subcanopy","Subcanopy_Subcanopy"
"420","Cryptocarya microneura small","Acmena smithii small",0.333677059396117,-0.123112879814208,0.790466998606443,0.325491623018688,0.341862495773547,"Potential 1","Osullivans",0.913579878420651,"small","small","Cryptocarya microneura","Acmena smithii","small_small","N_NSW","N_AUS",NA,"Subcanopy","Subcanopy","Subcanopy_Subcanopy"
"421","Eucalyptus grandis large","Acmena smithii small",0.268962701668492,-0.242232916194732,0.780158319531717,0.258497656344657,0.279427746992327,"Potential 1","Osullivans",1.02239123572645,"large","small","Eucalyptus grandis","Acmena smithii","large_small","N_NSW","N_AUS",NA,"Subcanopy","Canopy","Canopy_Subcanopy"
"422","Eucalyptus grandis small","Acmena smithii small",-0.0952112180811373,-0.365034244641744,0.174611808479469,-0.0993523523243024,-0.0910700838379723,"Potential 1","Osullivans",0.539646053121213,"small","small","Eucalyptus grandis","Acmena smithii","small_small","N_NSW","N_AUS",NA,"Subcanopy","Canopy","Canopy_Subcanopy"
"423","Syncarpia glomulifera subsp glomulifera large","Acmena smithii small",0.644074118276629,-0.227336093602508,1.51548433015577,0.626530983504239,0.66161725304902,"Potential 1","Osullivans",1.74282042375827,"large","small","Syncarpia glomulifera","Acmena smithii","large_small","N_NSW","N_AUS",NA,"Subcanopy","Canopy","Canopy_Subcanopy"
"424","Syncarpia glomulifera subsp glomulifera small","Acmena smithii small",-0.184737881039334,-0.511841153941573,0.142365391862905,-0.189362298996104,-0.180113463082565,"Potential 1","Osullivans",0.654206545804478,"small","small","Syncarpia glomulifera","Acmena smithii","small_small","N_NSW","N_AUS",NA,"Subcanopy","Canopy","Canopy_Subcanopy"
"425","Allocasuarina torulosa small","Allocasuarina torulosa small",-0.0345083497208532,-0.510462136874534,0.441445437432827,-0.0475452004309533,-0.0214714990107532,"Potential 1","Osullivans",0.951907574307361,"small","small","Allocasuarina torulosa","Allocasuarina torulosa","small_small","N_NSW","N_AUS",NA,"Subcanopy","Subcanopy","Subcanopy_Subcanopy"
"426","Cryptocarya glaucescens small","Allocasuarina torulosa small",-0.280857294646234,-1.08098592686869,0.519271337576222,-0.289504318617283,-0.272210270675185,"Potential 1","Osullivans",1.60025726444491,"small","small","Cryptocarya glaucescens","Allocasuarina torulosa","small_small","N_NSW","N_AUS",NA,"Subcanopy","Subcanopy","Subcanopy_Subcanopy"
"427","Cryptocarya microneura large","Allocasuarina torulosa small",-0.044572646843421,-0.434315202125564,0.345169908438722,-0.0502991287990244,-0.0388461648878175,"Potential 1","Osullivans",0.779485110564286,"large","small","Cryptocarya microneura","Allocasuarina torulosa","large_small","N_NSW","N_AUS",NA,"Subcanopy","Subcanopy","Subcanopy_Subcanopy"
"428","Cryptocarya microneura small","Allocasuarina torulosa small",-0.338329024757147,-0.679850248643429,0.00319219912913526,-0.343989827005508,-0.332668222508785,"Potential 1","Osullivans",0.683042447772564,"small","small","Cryptocarya microneura","Allocasuarina torulosa","small_small","N_NSW","N_AUS",NA,"Subcanopy","Subcanopy","Subcanopy_Subcanopy"
"429","Eucalyptus grandis large","Allocasuarina torulosa small",-0.163722423729497,-0.515714469716003,0.188269622257008,-0.17205994423285,-0.155384903226145,"Potential 1","Osullivans",0.703984091973011,"large","small","Eucalyptus grandis","Allocasuarina torulosa","large_small","N_NSW","N_AUS",NA,"Subcanopy","Canopy","Canopy_Subcanopy"
"430","Eucalyptus grandis small","Allocasuarina torulosa small",0.0338894564872134,-0.181774777618668,0.249553690593095,0.0306248126017527,0.0371541003726741,"Potential 1","Osullivans",0.431328468211763,"small","small","Eucalyptus grandis","Allocasuarina torulosa","small_small","N_NSW","N_AUS",NA,"Subcanopy","Canopy","Canopy_Subcanopy"
"431","Syncarpia glomulifera subsp glomulifera large","Allocasuarina torulosa small",-0.638194595733961,-1.44143420629494,0.165045014827014,-0.651931460238364,-0.624457731229557,"Potential 1","Osullivans",1.60647922112195,"large","small","Syncarpia glomulifera","Allocasuarina torulosa","large_small","N_NSW","N_AUS",NA,"Subcanopy","Canopy","Canopy_Subcanopy"
"432","Syncarpia glomulifera subsp glomulifera small","Allocasuarina torulosa small",0.0182592611936981,-0.141467519790473,0.177986042177869,0.0141485311244411,0.022369991262955,"Potential 1","Osullivans",0.319453561968341,"small","small","Syncarpia glomulifera","Allocasuarina torulosa","small_small","N_NSW","N_AUS",NA,"Subcanopy","Canopy","Canopy_Subcanopy"
"433","Cryptocarya glaucescens small","Cryptocarya glaucescens small",-0.257074598873136,-0.999112482475524,0.484963284729253,-0.267175937620803,-0.246973260125469,"Potential 1","Osullivans",1.48407576720478,"small","small","Cryptocarya glaucescens","Cryptocarya glaucescens","small_small","N_NSW","N_AUS",NA,"Subcanopy","Subcanopy","Subcanopy_Subcanopy"
"434","Cryptocarya microneura large","Cryptocarya glaucescens small",0.228873740904632,-0.177573362983587,0.635320844792852,0.22293581876707,0.234811663042195,"Potential 1","Osullivans",0.81289420777644,"large","small","Cryptocarya microneura","Cryptocarya glaucescens","large_small","N_NSW","N_AUS",NA,"Subcanopy","Subcanopy","Subcanopy_Subcanopy"
"435","Cryptocarya microneura small","Cryptocarya glaucescens small",0.0588812852296995,-0.357577182447322,0.475339752906721,0.0529060798486669,0.064856490610732,"Potential 1","Osullivans",0.832916935354044,"small","small","Cryptocarya microneura","Cryptocarya glaucescens","small_small","N_NSW","N_AUS",NA,"Subcanopy","Subcanopy","Subcanopy_Subcanopy"
"436","Eucalyptus grandis large","Cryptocarya glaucescens small",0.391752854404008,-0.180747365160496,0.964253073968511,0.383930072930417,0.399575635877599,"Potential 1","Osullivans",1.14500043912901,"large","small","Eucalyptus grandis","Cryptocarya glaucescens","large_small","N_NSW","N_AUS",NA,"Subcanopy","Canopy","Canopy_Subcanopy"
"437","Eucalyptus grandis small","Cryptocarya glaucescens small",0.0901283556008556,-0.130245638935331,0.310502350137042,0.0861962688444195,0.0940604423572918,"Potential 1","Osullivans",0.440747989072373,"small","small","Eucalyptus grandis","Cryptocarya glaucescens","small_small","N_NSW","N_AUS",NA,"Subcanopy","Canopy","Canopy_Subcanopy"
"438","Syncarpia glomulifera subsp glomulifera large","Cryptocarya glaucescens small",0.0586748003806232,-0.729308372369205,0.846657973130452,0.0489740093276811,0.0683755914335654,"Potential 1","Osullivans",1.57596634549966,"large","small","Syncarpia glomulifera","Cryptocarya glaucescens","large_small","N_NSW","N_AUS",NA,"Subcanopy","Canopy","Canopy_Subcanopy"
"439","Syncarpia glomulifera subsp glomulifera small","Cryptocarya glaucescens small",0.0399191820929198,-0.211627512430627,0.291465876616467,0.0359569915665581,0.0438813726192816,"Potential 1","Osullivans",0.503093389047095,"small","small","Syncarpia glomulifera","Cryptocarya glaucescens","small_small","N_NSW","N_AUS",NA,"Subcanopy","Canopy","Canopy_Subcanopy"
"440","Cryptocarya microneura large","Cryptocarya microneura large",0.122304726932778,-0.268417126069677,0.513026579935233,0.113490142821818,0.131119311043738,"Potential 1","Osullivans",0.78144370600491,"large","large","Cryptocarya microneura","Cryptocarya microneura","large_large","N_NSW","N_AUS",NA,"Subcanopy","Subcanopy","Subcanopy_Subcanopy"
"441","Cryptocarya microneura small","Cryptocarya microneura large",0.0356544155758593,-0.214558456550582,0.285867287702301,0.0308910818501026,0.0404177493016161,"Potential 1","Osullivans",0.500425744252883,"small","large","Cryptocarya microneura","Cryptocarya microneura","small_large","N_NSW","N_AUS",NA,"Subcanopy","Subcanopy","Subcanopy_Subcanopy"
"442","Eucalyptus grandis large","Cryptocarya microneura large",-0.118676180960639,-0.440186366007064,0.202834004085785,-0.125570302161205,-0.111782059760073,"Potential 1","Osullivans",0.643020370092849,"large","large","Eucalyptus grandis","Cryptocarya microneura","large_large","N_NSW","N_AUS",NA,"Subcanopy","Canopy","Canopy_Subcanopy"
"443","Eucalyptus grandis small","Cryptocarya microneura large",-0.00485587520069086,-0.154263492291482,0.1445517418901,-0.00774799450552459,-0.00196375589585715,"Potential 1","Osullivans",0.298815234181581,"small","large","Eucalyptus grandis","Cryptocarya microneura","small_large","N_NSW","N_AUS",NA,"Subcanopy","Canopy","Canopy_Subcanopy"
"444","Syncarpia glomulifera subsp glomulifera large","Cryptocarya microneura large",-0.349135498081995,-1.037958166939,0.339687170775013,-0.358114134835355,-0.340156861328634,"Potential 1","Osullivans",1.37764533771402,"large","large","Syncarpia glomulifera","Cryptocarya microneura","large_large","N_NSW","N_AUS",NA,"Subcanopy","Canopy","Canopy_Subcanopy"
"445","Syncarpia glomulifera subsp glomulifera small","Cryptocarya microneura large",-0.0875500270664201,-0.259308606522729,0.0842085523898883,-0.0907226447792395,-0.0843774093536007,"Potential 1","Osullivans",0.343517158912617,"small","large","Syncarpia glomulifera","Cryptocarya microneura","small_large","N_NSW","N_AUS",NA,"Subcanopy","Canopy","Canopy_Subcanopy"
"446","Cryptocarya microneura small","Cryptocarya microneura small",-0.0452217775731373,-0.383620975982703,0.293177420836429,-0.051449504134654,-0.0389940510116205,"Potential 1","Osullivans",0.676798396819132,"small","small","Cryptocarya microneura","Cryptocarya microneura","small_small","N_NSW","N_AUS",NA,"Subcanopy","Subcanopy","Subcanopy_Subcanopy"
"447","Eucalyptus grandis large","Cryptocarya microneura small",-0.157838760787268,-0.500771977948231,0.185094456373695,-0.164808349018884,-0.150869172555651,"Potential 1","Osullivans",0.685866434321926,"large","small","Eucalyptus grandis","Cryptocarya microneura","large_small","N_NSW","N_AUS",NA,"Subcanopy","Canopy","Canopy_Subcanopy"
"448","Eucalyptus grandis small","Cryptocarya microneura small",0.0389054752942807,-0.109929029790157,0.187739980378718,0.0356684978661989,0.0421424527223625,"Potential 1","Osullivans",0.297669010168875,"small","small","Eucalyptus grandis","Cryptocarya microneura","small_small","N_NSW","N_AUS",NA,"Subcanopy","Canopy","Canopy_Subcanopy"
"449","Syncarpia glomulifera subsp glomulifera large","Cryptocarya microneura small",-0.420254353509079,-0.987952731891309,0.147444024873151,-0.428838322230169,-0.411670384787989,"Potential 1","Osullivans",1.13539675676446,"large","small","Syncarpia glomulifera","Cryptocarya microneura","large_small","N_NSW","N_AUS",NA,"Subcanopy","Canopy","Canopy_Subcanopy"
"450","Syncarpia glomulifera subsp glomulifera small","Cryptocarya microneura small",0.0586112928550661,-0.116785462757583,0.234008048467715,0.0551205439210032,0.0621020417891289,"Potential 1","Osullivans",0.350793511225299,"small","small","Syncarpia glomulifera","Cryptocarya microneura","small_small","N_NSW","N_AUS",NA,"Subcanopy","Canopy","Canopy_Subcanopy"
"451","Eucalyptus grandis large","Eucalyptus grandis large",-0.996685995083586,-1.77403579856164,-0.21933619160553,-1.01405463034009,-0.97931735982708,"Potential 1","Osullivans",1.55469960695611,"large","large","Eucalyptus grandis","Eucalyptus grandis","large_large","N_NSW","N_AUS","1","Canopy","Canopy","Canopy_Canopy"
"452","Eucalyptus grandis small","Eucalyptus grandis large",0.0312152608541857,-0.209542466494548,0.27197298820292,0.0269973905305573,0.0354331311778141,"Potential 1","Osullivans",0.481515454697468,"small","large","Eucalyptus grandis","Eucalyptus grandis","small_large","N_NSW","N_AUS",NA,"Canopy","Canopy","Canopy_Canopy"
"453","Syncarpia glomulifera subsp glomulifera large","Eucalyptus grandis large",0.0327579091084436,-0.608445489618631,0.673961307835518,0.0218312444646049,0.0436845737522823,"Potential 1","Osullivans",1.28240679745415,"large","large","Syncarpia glomulifera","Eucalyptus grandis","large_large","N_NSW","N_AUS",NA,"Canopy","Canopy","Canopy_Canopy"
"454","Syncarpia glomulifera subsp glomulifera small","Eucalyptus grandis large",-0.179981956771918,-0.386987191730856,0.0270232781870206,-0.186078525046538,-0.173885388497298,"Potential 1","Osullivans",0.414010469917876,"small","large","Syncarpia glomulifera","Eucalyptus grandis","small_large","N_NSW","N_AUS",NA,"Canopy","Canopy","Canopy_Canopy"
"455","Eucalyptus grandis small","Eucalyptus grandis small",0.284166593298724,0.113839757831707,0.454493428765741,0.278539548616634,0.289793637980814,"Potential 1","Osullivans",0.340653670934034,"small","small","Eucalyptus grandis","Eucalyptus grandis","small_small","N_NSW","N_AUS","1","Canopy","Canopy","Canopy_Canopy"
"456","Syncarpia glomulifera subsp glomulifera large","Eucalyptus grandis small",0.128151656006023,-0.207554802151972,0.463858114164019,0.122771443923272,0.133531868088775,"Potential 1","Osullivans",0.671412916315991,"large","small","Syncarpia glomulifera","Eucalyptus grandis","large_small","N_NSW","N_AUS",NA,"Canopy","Canopy","Canopy_Canopy"
"457","Syncarpia glomulifera subsp glomulifera small","Eucalyptus grandis small",0.0542115314050169,-0.0571861664032023,0.165609229213236,0.0515129854096421,0.0569100774003917,"Potential 1","Osullivans",0.222795395616438,"small","small","Syncarpia glomulifera","Eucalyptus grandis","small_small","N_NSW","N_AUS",NA,"Canopy","Canopy","Canopy_Canopy"
"458","Syncarpia glomulifera subsp glomulifera large","Syncarpia glomulifera subsp glomulifera large",-0.828289552723426,-2.37740911167169,0.720830006224835,-0.848135506646021,-0.808443598800832,"Potential 1","Osullivans",3.09823911789652,"large","large","Syncarpia glomulifera","Syncarpia glomulifera","large_large","N_NSW","N_AUS",NA,"Canopy","Canopy","Canopy_Canopy"
"459","Syncarpia glomulifera subsp glomulifera small","Syncarpia glomulifera subsp glomulifera large",-0.130484774871841,-0.443088570129559,0.182119020385876,-0.135944459537717,-0.125025090205965,"Potential 1","Osullivans",0.625207590515435,"small","large","Syncarpia glomulifera","Syncarpia glomulifera","small_large","N_NSW","N_AUS",NA,"Canopy","Canopy","Canopy_Canopy"
"460","Syncarpia glomulifera subsp glomulifera small","Syncarpia glomulifera subsp glomulifera small",0.123127634378309,-0.0981431807121295,0.344398449468747,0.115535101233892,0.130720167522725,"Potential 1","Osullivans",0.442541630180876,"small","small","Syncarpia glomulifera","Syncarpia glomulifera","small_small","N_NSW","N_AUS",NA,"Canopy","Canopy","Canopy_Canopy"
"461","Acacia melanoxylon small","Acacia melanoxylon small",0.379208869083027,0.178729839745879,0.579687898420175,0.372013241782952,0.386404496383102,"Potential 1","Herberton",0.400958058674297,"small","small","Acacia melanoxylon","Acacia melanoxylon","small_small","QLD","N_AUS","1","Subcanopy","Subcanopy","Subcanopy_Subcanopy"
"462","Corymbia intermedia large","Acacia melanoxylon small",0.0946720892894516,-0.096202191695114,0.285546370274017,0.0910791272823936,0.0982650512965097,"Potential 1","Herberton",0.381748561969131,"large","small","Corymbia intermedia","Acacia melanoxylon","large_small","QLD","N_AUS",NA,"Subcanopy","Subcanopy","Subcanopy_Subcanopy"
"463","Corymbia intermedia small","Acacia melanoxylon small",0.124326056420703,-0.0312660577639524,0.279918170605359,0.120704961266486,0.12794715157492,"Potential 1","Herberton",0.311184228369311,"small","small","Corymbia intermedia","Acacia melanoxylon","small_small","QLD","N_AUS",NA,"Subcanopy","Subcanopy","Subcanopy_Subcanopy"
"464","Eucalyptus grandis large","Acacia melanoxylon small",0.169274088577717,-0.176446730298542,0.514994907453975,0.164075016922847,0.174473160232586,"Potential 1","Herberton",0.691441637752517,"large","small","Eucalyptus grandis","Acacia melanoxylon","large_small","QLD","N_AUS",NA,"Subcanopy","Canopy","Canopy_Subcanopy"
"465","Eucalyptus grandis small","Acacia melanoxylon small",0.0968824023789644,-0.0632420894453894,0.257006894203318,0.0933102782976358,0.100454526460293,"Potential 1","Herberton",0.320248983648708,"small","small","Eucalyptus grandis","Acacia melanoxylon","small_small","QLD","N_AUS",NA,"Subcanopy","Canopy","Canopy_Subcanopy"
"466","Corymbia intermedia large","Corymbia intermedia large",-0.0150619441804821,-0.387121661715231,0.356997773354267,-0.0211586957858745,-0.00896519257508974,"Potential 1","Herberton",0.744119435069499,"large","large","Corymbia intermedia","Corymbia intermedia","large_large","QLD","N_AUS",NA,"Subcanopy","Subcanopy","Subcanopy_Subcanopy"
"467","Corymbia intermedia small","Corymbia intermedia large",-0.00376450316042238,-0.160457006963525,0.15292800064268,-0.00686477780112417,-0.000664228519720586,"Potential 1","Herberton",0.313385007606205,"small","large","Corymbia intermedia","Corymbia intermedia","small_large","QLD","N_AUS",NA,"Subcanopy","Subcanopy","Subcanopy_Subcanopy"
"468","Eucalyptus grandis large","Corymbia intermedia large",-0.407325653772934,-0.798798230004402,-0.0158530775414651,-0.414706240293985,-0.399945067251883,"Potential 1","Herberton",0.782945152462937,"large","large","Eucalyptus grandis","Corymbia intermedia","large_large","QLD","N_AUS","1","Subcanopy","Canopy","Canopy_Subcanopy"
"469","Eucalyptus grandis small","Corymbia intermedia large",-0.0379054429626246,-0.229413504573183,0.153602618647934,-0.040919496724265,-0.0348913892009843,"Potential 1","Herberton",0.383016123221117,"small","large","Eucalyptus grandis","Corymbia intermedia","small_large","QLD","N_AUS",NA,"Subcanopy","Canopy","Canopy_Subcanopy"
"470","Corymbia intermedia small","Corymbia intermedia small",0.0187205071534255,-0.224108297205193,0.261549311512044,0.00988224738787313,0.0275587669189779,"Potential 1","Herberton",0.485657608717238,"small","small","Corymbia intermedia","Corymbia intermedia","small_small","QLD","N_AUS",NA,"Subcanopy","Subcanopy","Subcanopy_Subcanopy"
"471","Eucalyptus grandis large","Corymbia intermedia small",-0.18258165222127,-0.383985539543318,0.018822235100777,-0.187284877088283,-0.177878427354258,"Potential 1","Herberton",0.402807774644095,"large","small","Eucalyptus grandis","Corymbia intermedia","large_small","QLD","N_AUS",NA,"Subcanopy","Canopy","Canopy_Subcanopy"
"472","Eucalyptus grandis small","Corymbia intermedia small",-0.234117462465004,-0.365295506886078,-0.10293941804393,-0.237534140667273,-0.230700784262734,"Potential 1","Herberton",0.262356088842148,"small","small","Eucalyptus grandis","Corymbia intermedia","small_small","QLD","N_AUS","1","Subcanopy","Canopy","Canopy_Subcanopy"
"473","Eucalyptus grandis large","Eucalyptus grandis large",-0.608058695625558,-1.26410444540811,0.0479870541569959,-0.62698288854664,-0.589134502704476,"Potential 1","Herberton",1.31209149956511,"large","large","Eucalyptus grandis","Eucalyptus grandis","large_large","QLD","N_AUS",NA,"Canopy","Canopy","Canopy_Canopy"
"474","Eucalyptus grandis small","Eucalyptus grandis large",-0.151002643474207,-0.397877862730699,0.0958725757822845,-0.157434698060246,-0.144570588888169,"Potential 1","Herberton",0.493750438512984,"small","large","Eucalyptus grandis","Eucalyptus grandis","small_large","QLD","N_AUS",NA,"Canopy","Canopy","Canopy_Canopy"
"475","Eucalyptus grandis small","Eucalyptus grandis small",-0.00202474519433685,-0.276113717403169,0.272064227014495,-0.00986453068165919,0.0058150402929855,"Potential 1","Herberton",0.548177944417664,"small","small","Eucalyptus grandis","Eucalyptus grandis","small_small","QLD","N_AUS",NA,"Canopy","Canopy","Canopy_Canopy"
"476","Allocasuarina torulosa large","Allocasuarina torulosa large",0.0148923249659981,-0.19982147748837,0.229606127420366,0.0103101285167752,0.0194745214152211,"Potential 1","Lamb Range",0.429427604908737,"large","large","Allocasuarina torulosa","Allocasuarina torulosa","large_large","QLD","N_AUS",NA,"Subcanopy","Subcanopy","Subcanopy_Subcanopy"
"477","Allocasuarina torulosa small","Allocasuarina torulosa large",0.0761113700116028,-0.039529073910077,0.191751813933283,0.0735125374363471,0.0787102025868584,"Potential 1","Lamb Range",0.231280887843359,"small","large","Allocasuarina torulosa","Allocasuarina torulosa","small_large","QLD","N_AUS",NA,"Subcanopy","Subcanopy","Subcanopy_Subcanopy"
"478","Eucalyptus grandis large","Allocasuarina torulosa large",-0.0835582678053696,-0.262365155745598,0.0952486201348591,-0.0864510369339052,-0.0806654986768341,"Potential 1","Lamb Range",0.357613775880457,"large","large","Eucalyptus grandis","Allocasuarina torulosa","large_large","QLD","N_AUS",NA,"Subcanopy","Canopy","Canopy_Subcanopy"
"479","Eucalyptus grandis small","Allocasuarina torulosa large",-0.0721546684123691,-0.188363713805066,0.0440543769803278,-0.0747196351805783,-0.06958970164416,"Potential 1","Lamb Range",0.232418090785394,"small","large","Eucalyptus grandis","Allocasuarina torulosa","small_large","QLD","N_AUS",NA,"Subcanopy","Canopy","Canopy_Subcanopy"
"480","Allocasuarina torulosa small","Allocasuarina torulosa small",0.175267571516812,0.000868979703433581,0.349666163330191,0.169561731921562,0.180973411112063,"Potential 1","Lamb Range",0.348797183626758,"small","small","Allocasuarina torulosa","Allocasuarina torulosa","small_small","QLD","N_AUS","1","Subcanopy","Subcanopy","Subcanopy_Subcanopy"
"481","Eucalyptus grandis large","Allocasuarina torulosa small",0.00443973934391919,-0.13862993302794,0.147509411715779,0.00175390924892235,0.00712556943891603,"Potential 1","Lamb Range",0.286139344743719,"large","small","Eucalyptus grandis","Allocasuarina torulosa","large_small","QLD","N_AUS",NA,"Subcanopy","Canopy","Canopy_Subcanopy"
"482","Eucalyptus grandis small","Allocasuarina torulosa small",-0.0466953735793609,-0.142454731319991,0.0490639841612688,-0.0493681422548054,-0.0440226049039165,"Potential 1","Lamb Range",0.191518715481259,"small","small","Eucalyptus grandis","Allocasuarina torulosa","small_small","QLD","N_AUS",NA,"Subcanopy","Canopy","Canopy_Subcanopy"
"483","Eucalyptus grandis large","Eucalyptus grandis large",0.00881089642237624,-0.314387932339973,0.332009725184725,0.00382901612435627,0.0137927767203962,"Potential 1","Lamb Range",0.646397657524698,"large","large","Eucalyptus grandis","Eucalyptus grandis","large_large","QLD","N_AUS",NA,"Canopy","Canopy","Canopy_Canopy"
"484","Eucalyptus grandis small","Eucalyptus grandis large",0.0343005349165881,-0.0932436757838177,0.161844745616994,0.0315255187624915,0.0370755510706847,"Potential 1","Lamb Range",0.255088421400812,"small","large","Eucalyptus grandis","Eucalyptus grandis","small_large","QLD","N_AUS",NA,"Canopy","Canopy","Canopy_Canopy"
"485","Eucalyptus grandis small","Eucalyptus grandis small",0.350437395614579,0.20769205366787,0.493182737561288,0.343194643880641,0.357680147348517,"Potential 1","Lamb Range",0.285490683893418,"small","small","Eucalyptus grandis","Eucalyptus grandis","small_small","QLD","N_AUS","1","Canopy","Canopy","Canopy_Canopy"
"486","Allocasuarina torulosa small","Allocasuarina torulosa small",0.248917606539216,-0.0158616826611672,0.5136968957396,0.243341799538794,0.254493413539639,"Potential 1","Baldy",0.529558578400767,"small","small","Allocasuarina torulosa","Allocasuarina torulosa","small_small","QLD","N_AUS",NA,"Subcanopy","Subcanopy","Subcanopy_Subcanopy"
"487","Corymbia intermedia small","Allocasuarina torulosa small",0.137869441374242,-0.109808096735292,0.385546979483776,0.133572493438792,0.142166389309692,"Potential 1","Baldy",0.495355076219068,"small","small","Corymbia intermedia","Allocasuarina torulosa","small_small","QLD","N_AUS",NA,"Subcanopy","Subcanopy","Subcanopy_Subcanopy"
"488","Eucalyptus grandis large","Allocasuarina torulosa small",-0.118843933301609,-0.367033144895248,0.12934527829203,-0.121892203406259,-0.115795663196959,"Potential 1","Baldy",0.496378423187278,"large","small","Eucalyptus grandis","Allocasuarina torulosa","large_small","QLD","N_AUS",NA,"Subcanopy","Canopy","Canopy_Subcanopy"
"489","Eucalyptus grandis small","Allocasuarina torulosa small",0.155147295407355,-0.142493900692762,0.452788491507472,0.15077299554331,0.159521595271399,"Potential 1","Baldy",0.595282392200234,"small","small","Eucalyptus grandis","Allocasuarina torulosa","small_small","QLD","N_AUS",NA,"Subcanopy","Canopy","Canopy_Subcanopy"
"490","Corymbia intermedia small","Corymbia intermedia small",0.198514321200083,-0.183513447292369,0.580542089692536,0.191838505186974,0.205190137213193,"Potential 1","Baldy",0.764055536984906,"small","small","Corymbia intermedia","Corymbia intermedia","small_small","QLD","N_AUS",NA,"Subcanopy","Subcanopy","Subcanopy_Subcanopy"
"491","Eucalyptus grandis large","Corymbia intermedia small",0.202818292336741,-0.113553240932817,0.519189825606299,0.198547771329852,0.207088813343631,"Potential 1","Baldy",0.632743066539116,"large","small","Eucalyptus grandis","Corymbia intermedia","large_small","QLD","N_AUS",NA,"Subcanopy","Canopy","Canopy_Subcanopy"
"492","Eucalyptus grandis small","Corymbia intermedia small",0.158754008030664,-0.197085629820315,0.514593645881644,0.152941255238384,0.164566760822944,"Potential 1","Baldy",0.711679275701959,"small","small","Eucalyptus grandis","Corymbia intermedia","small_small","QLD","N_AUS",NA,"Subcanopy","Canopy","Canopy_Subcanopy"
"493","Eucalyptus grandis large","Eucalyptus grandis large",-0.0716519176127843,-0.462952095911451,0.319648260685882,-0.0760743220072375,-0.0672295132183311,"Potential 1","Baldy",0.782600356597333,"large","large","Eucalyptus grandis","Eucalyptus grandis","large_large","QLD","N_AUS",NA,"Canopy","Canopy","Canopy_Canopy"
"494","Eucalyptus grandis small","Eucalyptus grandis large",-0.101131769125473,-0.400748185880872,0.198484647629925,-0.104830155668619,-0.0974333825823274,"Potential 1","Baldy",0.599232833510797,"small","large","Eucalyptus grandis","Eucalyptus grandis","small_large","QLD","N_AUS",NA,"Canopy","Canopy","Canopy_Canopy"
"495","Eucalyptus grandis small","Eucalyptus grandis small",-0.157448695748198,-0.679119034790888,0.364221643294491,-0.16586047170218,-0.149036919794217,"Potential 1","Baldy",1.04334067808538,"small","small","Eucalyptus grandis","Eucalyptus grandis","small_small","QLD","N_AUS",NA,"Canopy","Canopy","Canopy_Canopy"
"496","Acacia melanoxylon large","Acacia melanoxylon large",0.236918345094077,-0.0244611662911815,0.498297856479335,0.230324176632494,0.243512513555659,"Potential 1","Koombooloomba",0.522759022770516,"large","large","Acacia melanoxylon","Acacia melanoxylon","large_large","QLD","N_AUS",NA,"Subcanopy","Subcanopy","Subcanopy_Subcanopy"
"497","Acacia melanoxylon small","Acacia melanoxylon large",0.0502973003188253,-0.0590988308514405,0.159693431489091,0.0469630044725215,0.053631596165129,"Potential 1","Koombooloomba",0.218792262340532,"small","large","Acacia melanoxylon","Acacia melanoxylon","small_large","QLD","N_AUS",NA,"Subcanopy","Subcanopy","Subcanopy_Subcanopy"
"498","Eucalyptus grandis large","Acacia melanoxylon large",-0.0724415833442702,-0.435749116835396,0.290865950146855,-0.0784677529475712,-0.0664154137409693,"Potential 1","Koombooloomba",0.726615066982251,"large","large","Eucalyptus grandis","Acacia melanoxylon","large_large","QLD","N_AUS",NA,"Subcanopy","Canopy","Canopy_Subcanopy"
"499","Eucalyptus grandis small","Acacia melanoxylon large",0.0582896116466782,-0.0902704885858986,0.206849711879255,0.0542611937916284,0.0623180295017279,"Potential 1","Koombooloomba",0.297120200465154,"small","large","Eucalyptus grandis","Acacia melanoxylon","small_large","QLD","N_AUS",NA,"Subcanopy","Canopy","Canopy_Subcanopy"
"500","Polyscias elegans small","Acacia melanoxylon large",0.105655604097226,-0.0991774511392348,0.310488659333687,0.101108513471032,0.11020269472342,"Potential 1","Koombooloomba",0.409666110472922,"small","large","Polyscias elegans","Acacia melanoxylon","small_large","QLD","N_AUS",NA,"Subcanopy","Subcanopy","Subcanopy_Subcanopy"
"501","Sloanea langii small","Acacia melanoxylon large",-0.104485429671183,-0.330810477646929,0.121839618304562,-0.108770220951847,-0.10020063839052,"Potential 1","Koombooloomba",0.452650095951491,"small","large","Sloanea langii","Acacia melanoxylon","small_large","QLD","N_AUS",NA,"Subcanopy","Subcanopy","Subcanopy_Subcanopy"
"502","Syncarpia glomulifera large","Acacia melanoxylon large",-0.0358860858445938,-0.61318848731835,0.541416315629162,-0.0457034332121581,-0.0260687384770295,"Potential 1","Koombooloomba",1.15460480294751,"large","large","Syncarpia glomulifera","Acacia melanoxylon","large_large","QLD","N_AUS",NA,"Subcanopy","Canopy","Canopy_Subcanopy"
"503","Syncarpia glomulifera small","Acacia melanoxylon large",-0.0523789619567531,-0.571864862337673,0.467106938424167,-0.0609378037555977,-0.0438201201579084,"Potential 1","Koombooloomba",1.03897180076184,"small","large","Syncarpia glomulifera","Acacia melanoxylon","small_large","QLD","N_AUS",NA,"Subcanopy","Canopy","Canopy_Subcanopy"
"504","Acacia melanoxylon small","Acacia melanoxylon small",0.355640819511842,0.242071630552482,0.469210008471202,0.343699554530647,0.367582084493036,"Potential 1","Koombooloomba",0.22713837791872,"small","small","Acacia melanoxylon","Acacia melanoxylon","small_small","QLD","N_AUS","1","Subcanopy","Subcanopy","Subcanopy_Subcanopy"
"505","Eucalyptus grandis large","Acacia melanoxylon small",-0.172023416556698,-0.400274256361522,0.056227423248126,-0.176995691653477,-0.167051141459919,"Potential 1","Koombooloomba",0.456501679609648,"large","small","Eucalyptus grandis","Acacia melanoxylon","large_small","QLD","N_AUS",NA,"Subcanopy","Canopy","Canopy_Subcanopy"
"506","Eucalyptus grandis small","Acacia melanoxylon small",0.000294351685276653,-0.0706600194892616,0.0712487228598149,-0.0028299625765604,0.00341866594711371,"Potential 1","Koombooloomba",0.141908742349076,"small","small","Eucalyptus grandis","Acacia melanoxylon","small_small","QLD","N_AUS",NA,"Subcanopy","Canopy","Canopy_Subcanopy"
"507","Polyscias elegans small","Acacia melanoxylon small",-0.0201039357261497,-0.146356462792974,0.106148591340675,-0.0237269230062474,-0.016480948446052,"Potential 1","Koombooloomba",0.252505054133649,"small","small","Polyscias elegans","Acacia melanoxylon","small_small","QLD","N_AUS",NA,"Subcanopy","Subcanopy","Subcanopy_Subcanopy"
"508","Sloanea langii small","Acacia melanoxylon small",0.024181710887481,-0.116506134449815,0.164869556224777,0.020382141486028,0.0279812802889339,"Potential 1","Koombooloomba",0.281375690674592,"small","small","Sloanea langii","Acacia melanoxylon","small_small","QLD","N_AUS",NA,"Subcanopy","Subcanopy","Subcanopy_Subcanopy"
"509","Syncarpia glomulifera large","Acacia melanoxylon small",0.124525876283313,-0.250286736028878,0.499338488595505,0.117916750807219,0.131135001759407,"Potential 1","Koombooloomba",0.749625224624383,"large","small","Syncarpia glomulifera","Acacia melanoxylon","large_small","QLD","N_AUS",NA,"Subcanopy","Canopy","Canopy_Subcanopy"
"510","Syncarpia glomulifera small","Acacia melanoxylon small",-0.0302387870298,-0.282103700064818,0.221626126005218,-0.0347794584640638,-0.0256981155955362,"Potential 1","Koombooloomba",0.503729826070036,"small","small","Syncarpia glomulifera","Acacia melanoxylon","small_small","QLD","N_AUS",NA,"Subcanopy","Canopy","Canopy_Subcanopy"
"511","Eucalyptus grandis large","Eucalyptus grandis large",-1.1013417236486,-2.5796223978575,0.376938950560312,-1.12303564091558,-1.07964780638161,"Potential 1","Koombooloomba",2.95656134841782,"large","large","Eucalyptus grandis","Eucalyptus grandis","large_large","QLD","N_AUS",NA,"Canopy","Canopy","Canopy_Canopy"
"512","Eucalyptus grandis small","Eucalyptus grandis large",-0.227120515053991,-0.539665735679801,0.0854247055718187,-0.233621291067542,-0.22061973904044,"Potential 1","Koombooloomba",0.62509044125162,"small","large","Eucalyptus grandis","Eucalyptus grandis","small_large","QLD","N_AUS",NA,"Canopy","Canopy","Canopy_Canopy"
"513","Polyscias elegans small","Eucalyptus grandis large",0.499837855552621,-0.0899669237117675,1.08964263481701,0.490992755925644,0.508682955179598,"Potential 1","Koombooloomba",1.17960955852878,"small","large","Polyscias elegans","Eucalyptus grandis","small_large","QLD","N_AUS",NA,"Canopy","Subcanopy","Subcanopy_Canopy"
"514","Sloanea langii small","Eucalyptus grandis large",-0.171991195230545,-0.597956089797162,0.253973699336073,-0.177738037605509,-0.16624435285558,"Potential 1","Koombooloomba",0.851929789133235,"small","large","Sloanea langii","Eucalyptus grandis","small_large","QLD","N_AUS",NA,"Canopy","Subcanopy","Subcanopy_Canopy"
"515","Syncarpia glomulifera large","Eucalyptus grandis large",-0.165559170419656,-1.28823985443676,0.957121513597448,-0.1867776134965,-0.144340727342813,"Potential 1","Koombooloomba",2.24536136803421,"large","large","Syncarpia glomulifera","Eucalyptus grandis","large_large","QLD","N_AUS",NA,"Canopy","Canopy","Canopy_Canopy"
"516","Syncarpia glomulifera small","Eucalyptus grandis large",0.523334355576593,-0.397965873753974,1.44463458490716,0.507478053844399,0.539190657308788,"Potential 1","Koombooloomba",1.84260045866114,"small","large","Syncarpia glomulifera","Eucalyptus grandis","small_large","QLD","N_AUS",NA,"Canopy","Canopy","Canopy_Canopy"
"517","Eucalyptus grandis small","Eucalyptus grandis small",0.309847726622233,0.14483259083944,0.474862862405026,0.301176411028933,0.318519042215534,"Potential 1","Koombooloomba",0.330030271565586,"small","small","Eucalyptus grandis","Eucalyptus grandis","small_small","QLD","N_AUS","1","Canopy","Canopy","Canopy_Canopy"
"518","Polyscias elegans small","Eucalyptus grandis small",0.0866393937373926,-0.103985586780247,0.277264374255033,0.0826105747545158,0.0906682127202694,"Potential 1","Koombooloomba",0.38124996103528,"small","small","Polyscias elegans","Eucalyptus grandis","small_small","QLD","N_AUS",NA,"Canopy","Subcanopy","Subcanopy_Canopy"
"519","Sloanea langii small","Eucalyptus grandis small",-0.0571786066375739,-0.266156010210335,0.151798796935188,-0.0610463511464872,-0.0533108621286605,"Potential 1","Koombooloomba",0.417954807145523,"small","small","Sloanea langii","Eucalyptus grandis","small_small","QLD","N_AUS",NA,"Canopy","Subcanopy","Subcanopy_Canopy"
"520","Syncarpia glomulifera large","Eucalyptus grandis small",-0.134540521452885,-0.559930625701576,0.290849582795806,-0.142281069351457,-0.126799973554313,"Potential 1","Koombooloomba",0.850780208497381,"large","small","Syncarpia glomulifera","Eucalyptus grandis","large_small","QLD","N_AUS",NA,"Canopy","Canopy","Canopy_Canopy"
"521","Syncarpia glomulifera small","Eucalyptus grandis small",0.0932517801443063,-0.31172247792026,0.498226038208872,0.0866968968482005,0.099806663440412,"Potential 1","Koombooloomba",0.809948516129132,"small","small","Syncarpia glomulifera","Eucalyptus grandis","small_small","QLD","N_AUS",NA,"Canopy","Canopy","Canopy_Canopy"
"522","Polyscias elegans small","Polyscias elegans small",0.28471200095165,0.0392732271682771,0.530150774735023,0.277336070221434,0.292087931681867,"Potential 1","Koombooloomba",0.490877547566746,"small","small","Polyscias elegans","Polyscias elegans","small_small","QLD","N_AUS","1","Subcanopy","Subcanopy","Subcanopy_Subcanopy"
"523","Sloanea langii small","Polyscias elegans small",0.191251864543078,-0.0206798369614264,0.403183566047582,0.18621688687603,0.196286842210126,"Potential 1","Koombooloomba",0.423863403009009,"small","small","Sloanea langii","Polyscias elegans","small_small","QLD","N_AUS",NA,"Subcanopy","Subcanopy","Subcanopy_Subcanopy"
"524","Syncarpia glomulifera large","Polyscias elegans small",0.186828464135352,-0.404595622262599,0.778252550533304,0.174603898286037,0.199053029984668,"Potential 1","Koombooloomba",1.1828481727959,"large","small","Syncarpia glomulifera","Polyscias elegans","large_small","QLD","N_AUS",NA,"Subcanopy","Canopy","Canopy_Subcanopy"
"525","Syncarpia glomulifera small","Polyscias elegans small",-0.257683653803516,-0.753397329870799,0.238030022263767,-0.268061191740216,-0.247306115866817,"Potential 1","Koombooloomba",0.991427352134566,"small","small","Syncarpia glomulifera","Polyscias elegans","small_small","QLD","N_AUS",NA,"Subcanopy","Canopy","Canopy_Subcanopy"
"526","Sloanea langii small","Sloanea langii small",0.288036327527475,0.0806856158268161,0.495387039228133,0.27973782654127,0.29633482851368,"Potential 1","Koombooloomba",0.414701423401317,"small","small","Sloanea langii","Sloanea langii","small_small","QLD","N_AUS","1","Subcanopy","Subcanopy","Subcanopy_Subcanopy"
"527","Syncarpia glomulifera large","Sloanea langii small",-0.0894989444654965,-0.591585246806066,0.412587357875073,-0.0978196305195634,-0.0811782584114297,"Potential 1","Koombooloomba",1.00417260468114,"large","small","Syncarpia glomulifera","Sloanea langii","large_small","QLD","N_AUS",NA,"Subcanopy","Canopy","Canopy_Subcanopy"
"528","Syncarpia glomulifera small","Sloanea langii small",0.0962920478677834,-0.254457878281344,0.447041974016911,0.0894951381045609,0.103088957631006,"Potential 1","Koombooloomba",0.701499852298255,"small","small","Syncarpia glomulifera","Sloanea langii","small_small","QLD","N_AUS",NA,"Subcanopy","Canopy","Canopy_Subcanopy"
"529","Syncarpia glomulifera large","Syncarpia glomulifera large",-0.922482323276824,-3.04881223533485,1.2038475887812,-0.960680356318703,-0.884284290234945,"Potential 1","Koombooloomba",4.25265982411605,"large","large","Syncarpia glomulifera","Syncarpia glomulifera","large_large","QLD","N_AUS",NA,"Canopy","Canopy","Canopy_Canopy"
"530","Syncarpia glomulifera small","Syncarpia glomulifera large",0.978514703522448,-0.402623221252301,2.3596526282972,0.951685797065365,1.00534360997953,"Potential 1","Koombooloomba",2.7622758495495,"small","large","Syncarpia glomulifera","Syncarpia glomulifera","small_large","QLD","N_AUS",NA,"Canopy","Canopy","Canopy_Canopy"
"531","Syncarpia glomulifera small","Syncarpia glomulifera small",-0.201768465414061,-1.10988178810477,0.70634485727665,-0.221722876376542,-0.18181405445158,"Potential 1","Koombooloomba",1.81622664538142,"small","small","Syncarpia glomulifera","Syncarpia glomulifera","small_small","QLD","N_AUS",NA,"Canopy","Canopy","Canopy_Canopy"
"532","Acacia melanoxylon large","Acacia melanoxylon large",-0.137123349040484,-0.631417678581091,0.357170980500124,-0.143882766006296,-0.130363932074671,"Potential 1","BondTier",0.988588659081215,"large","large","Acacia melanoxylon","Acacia melanoxylon","large_large","o_TAS","TAS",NA,"Subcanopy","Subcanopy","Subcanopy_Subcanopy"
"533","Acacia melanoxylon small","Acacia melanoxylon large",-0.0902614575091132,-0.727055731398018,0.546532816379791,-0.0982220712031822,-0.0823008438150441,"Potential 1","BondTier",1.27358854777781,"small","large","Acacia melanoxylon","Acacia melanoxylon","small_large","o_TAS","TAS",NA,"Subcanopy","Subcanopy","Subcanopy_Subcanopy"
"534","Eucalyptus obliqua large","Acacia melanoxylon large",0.0431659364027253,-0.417439205973353,0.503771078778803,0.0371003762251937,0.0492314965802568,"Potential 1","BondTier",0.921210284752156,"large","large","Eucalyptus obliqua","Acacia melanoxylon","large_large","o_TAS","TAS",NA,"Subcanopy","Canopy","Canopy_Subcanopy"
"535","Eucalyptus obliqua small","Acacia melanoxylon large",0.0459266149612737,-0.299097023164024,0.390950253086571,0.0411923390832575,0.05066089083929,"Potential 1","BondTier",0.690047276250595,"small","large","Eucalyptus obliqua","Acacia melanoxylon","small_large","o_TAS","TAS",NA,"Subcanopy","Canopy","Canopy_Subcanopy"
"536","Nothofagus cunninghamii large","Acacia melanoxylon large",-0.412104999432299,-1.21035728033978,0.386147281475181,-0.421745577979886,-0.402464420884712,"Potential 1","BondTier",1.59650456181496,"large","large","Nothofagus cunninghamii","Acacia melanoxylon","large_large","o_TAS","TAS",NA,"Subcanopy","Subcanopy","Subcanopy_Subcanopy"
"537","Nothofagus cunninghamii small","Acacia melanoxylon large",-0.0160308328083596,-0.405432030813597,0.373370365196878,-0.022360197285956,-0.00970146833076323,"Potential 1","BondTier",0.778802396010475,"small","large","Nothofagus cunninghamii","Acacia melanoxylon","small_large","o_TAS","TAS",NA,"Subcanopy","Subcanopy","Subcanopy_Subcanopy"
"538","Olearia argophylla small","Acacia melanoxylon large",0.267226242625693,-0.153769539141359,0.688222024392744,0.259599700057455,0.27485278519393,"Potential 1","BondTier",0.841991563534104,"small","large","Olearia argophylla","Acacia melanoxylon","small_large","o_TAS","TAS",NA,"Subcanopy","Subcanopy","Subcanopy_Subcanopy"
"539","Pittosporum bicolor large","Acacia melanoxylon large",0.161456008517907,-0.404745330551275,0.727657347587089,0.152503293738167,0.170408723297648,"Potential 1","BondTier",1.13240267813836,"large","large","Pittosporum bicolor","Acacia melanoxylon","large_large","o_TAS","TAS",NA,"Subcanopy","Subcanopy","Subcanopy_Subcanopy"
"540","Pittosporum bicolor small","Acacia melanoxylon large",-0.299497814026023,-0.63302113162407,0.0340255035720231,-0.304969765068576,-0.294025862983471,"Potential 1","BondTier",0.667046635196093,"small","large","Pittosporum bicolor","Acacia melanoxylon","small_large","o_TAS","TAS",NA,"Subcanopy","Subcanopy","Subcanopy_Subcanopy"
"541","Pomaderris apetala large","Acacia melanoxylon large",0.243942401730409,-0.298204750767867,0.786089554228686,0.236312154856773,0.251572648604046,"Potential 1","BondTier",1.08429430499655,"large","large","Pomaderris apetala","Acacia melanoxylon","large_large","o_TAS","TAS",NA,"Subcanopy","Subcanopy","Subcanopy_Subcanopy"
"542","Pomaderris apetala small","Acacia melanoxylon large",-0.12944788495244,-0.294548004824237,0.0356522349193559,-0.1323371571885,-0.126558612716381,"Potential 1","BondTier",0.330200239743593,"small","large","Pomaderris apetala","Acacia melanoxylon","small_large","o_TAS","TAS",NA,"Subcanopy","Subcanopy","Subcanopy_Subcanopy"
"543","Acacia melanoxylon small","Acacia melanoxylon small",-1.29714970503803,-2.75343728947999,0.159137879403927,-1.31641361911877,-1.2778857909573,"Potential 1","BondTier",2.91257516888392,"small","small","Acacia melanoxylon","Acacia melanoxylon","small_small","o_TAS","TAS",NA,"Subcanopy","Subcanopy","Subcanopy_Subcanopy"
"544","Eucalyptus obliqua large","Acacia melanoxylon small",0.0279124412782869,-0.864929177826701,0.920754060383275,0.0189558470605111,0.0368690354960627,"Potential 1","BondTier",1.78568323820998,"large","small","Eucalyptus obliqua","Acacia melanoxylon","large_small","o_TAS","TAS",NA,"Subcanopy","Canopy","Canopy_Subcanopy"
"545","Eucalyptus obliqua small","Acacia melanoxylon small",0.520019854721889,-0.0596522364201716,1.09969194586395,0.511109166265867,0.52893054317791,"Potential 1","BondTier",1.15934418228412,"small","small","Eucalyptus obliqua","Acacia melanoxylon","small_small","o_TAS","TAS",NA,"Subcanopy","Canopy","Canopy_Subcanopy"
"546","Nothofagus cunninghamii large","Acacia melanoxylon small",-1.1190776263033,-2.43248105376663,0.194325801160028,-1.13807121911164,-1.10008403349496,"Potential 1","BondTier",2.62680685492665,"large","small","Nothofagus cunninghamii","Acacia melanoxylon","large_small","o_TAS","TAS",NA,"Subcanopy","Subcanopy","Subcanopy_Subcanopy"
"547","Nothofagus cunninghamii small","Acacia melanoxylon small",0.32498701572904,-0.342280214984989,0.992254246443069,0.315069567071493,0.334904464386587,"Potential 1","BondTier",1.33453446142806,"small","small","Nothofagus cunninghamii","Acacia melanoxylon","small_small","o_TAS","TAS",NA,"Subcanopy","Subcanopy","Subcanopy_Subcanopy"
"548","Olearia argophylla small","Acacia melanoxylon small",0.291221511435227,-0.25392676315829,0.836369786028744,0.283208892654312,0.299234130216142,"Potential 1","BondTier",1.09029654918703,"small","small","Olearia argophylla","Acacia melanoxylon","small_small","o_TAS","TAS",NA,"Subcanopy","Subcanopy","Subcanopy_Subcanopy"
"549","Pittosporum bicolor large","Acacia melanoxylon small",0.323146945203161,-0.616618590726114,1.26291248113244,0.310223334624103,0.336070555782218,"Potential 1","BondTier",1.87953107185855,"large","small","Pittosporum bicolor","Acacia melanoxylon","large_small","o_TAS","TAS",NA,"Subcanopy","Subcanopy","Subcanopy_Subcanopy"
"550","Pittosporum bicolor small","Acacia melanoxylon small",0.287147508285084,-0.149363738259983,0.723658754830151,0.278677329205485,0.295617687364683,"Potential 1","BondTier",0.873022493090135,"small","small","Pittosporum bicolor","Acacia melanoxylon","small_small","o_TAS","TAS",NA,"Subcanopy","Subcanopy","Subcanopy_Subcanopy"
"551","Pomaderris apetala large","Acacia melanoxylon small",-0.434522880216961,-1.31585966003565,0.446813899601729,-0.445947612113512,-0.423098148320409,"Potential 1","BondTier",1.76267355963738,"large","small","Pomaderris apetala","Acacia melanoxylon","large_small","o_TAS","TAS",NA,"Subcanopy","Subcanopy","Subcanopy_Subcanopy"
"552","Pomaderris apetala small","Acacia melanoxylon small",-0.186821423218071,-0.45598321964405,0.0823403732079088,-0.191101982356643,-0.182540864079498,"Potential 1","BondTier",0.538323592851959,"small","small","Pomaderris apetala","Acacia melanoxylon","small_small","o_TAS","TAS",NA,"Subcanopy","Subcanopy","Subcanopy_Subcanopy"
"553","Eucalyptus obliqua large","Eucalyptus obliqua large",-0.479909874595064,-1.03124141452719,0.0714216653370617,-0.48892554989974,-0.470894199290387,"Potential 1","BondTier",1.10266307986425,"large","large","Eucalyptus obliqua","Eucalyptus obliqua","large_large","o_TAS","TAS",NA,"Canopy","Canopy","Canopy_Canopy"
"554","Eucalyptus obliqua small","Eucalyptus obliqua large",-0.0346673387322213,-0.374302388044402,0.30496771057996,-0.0393915574021401,-0.0299431200623025,"Potential 1","BondTier",0.679270098624362,"small","large","Eucalyptus obliqua","Eucalyptus obliqua","small_large","o_TAS","TAS",NA,"Canopy","Canopy","Canopy_Canopy"
"555","Nothofagus cunninghamii large","Eucalyptus obliqua large",-0.688169854386417,-1.46232665197357,0.0859869432007331,-0.701737425349751,-0.674602283423083,"Potential 1","BondTier",1.5483135951743,"large","large","Nothofagus cunninghamii","Eucalyptus obliqua","large_large","o_TAS","TAS",NA,"Canopy","Subcanopy","Subcanopy_Canopy"
"556","Nothofagus cunninghamii small","Eucalyptus obliqua large",0.212386813388394,-0.241092445978587,0.665866072755375,0.205547059412497,0.219226567364291,"Potential 1","BondTier",0.906958518733961,"small","large","Nothofagus cunninghamii","Eucalyptus obliqua","small_large","o_TAS","TAS",NA,"Canopy","Subcanopy","Subcanopy_Canopy"
"557","Olearia argophylla small","Eucalyptus obliqua large",0.146222710704791,-0.277266039912428,0.56971146132201,0.139642655230634,0.152802766178948,"Potential 1","BondTier",0.846977501234438,"small","large","Olearia argophylla","Eucalyptus obliqua","small_large","o_TAS","TAS",NA,"Canopy","Subcanopy","Subcanopy_Canopy"
"558","Pittosporum bicolor large","Eucalyptus obliqua large",-0.169293652507745,-0.804164998818521,0.46557769380303,-0.178597489415445,-0.159989815600046,"Potential 1","BondTier",1.26974269262155,"large","large","Pittosporum bicolor","Eucalyptus obliqua","large_large","o_TAS","TAS",NA,"Canopy","Subcanopy","Subcanopy_Canopy"
"559","Pittosporum bicolor small","Eucalyptus obliqua large",0.0759683620228719,-0.258538007345417,0.41047473139116,0.0706590841092466,0.0812776399364973,"Potential 1","BondTier",0.669012738736577,"small","large","Pittosporum bicolor","Eucalyptus obliqua","small_large","o_TAS","TAS",NA,"Canopy","Subcanopy","Subcanopy_Canopy"
"560","Pomaderris apetala large","Eucalyptus obliqua large",-0.0187823921238976,-0.53151422034332,0.493949436095525,-0.0259166048057978,-0.0116481794419975,"Potential 1","BondTier",1.02546365643884,"large","large","Pomaderris apetala","Eucalyptus obliqua","large_large","o_TAS","TAS",NA,"Canopy","Subcanopy","Subcanopy_Canopy"
"561","Pomaderris apetala small","Eucalyptus obliqua large",-0.0221445635267076,-0.176406646664692,0.132117519611277,-0.024949654778337,-0.0193394722750782,"Potential 1","BondTier",0.30852416627597,"small","large","Pomaderris apetala","Eucalyptus obliqua","small_large","o_TAS","TAS",NA,"Canopy","Subcanopy","Subcanopy_Canopy"
"562","Eucalyptus obliqua small","Eucalyptus obliqua small",0.19546113189145,-0.0506909723392658,0.441613236122166,0.188660385333321,0.202261878449579,"Potential 1","BondTier",0.492304208461432,"small","small","Eucalyptus obliqua","Eucalyptus obliqua","small_small","o_TAS","TAS",NA,"Canopy","Canopy","Canopy_Canopy"
"563","Nothofagus cunninghamii large","Eucalyptus obliqua small",0.270162075599879,-0.303595965086561,0.843920116286318,0.261937162924512,0.278386988275245,"Potential 1","BondTier",1.14751608137288,"large","small","Nothofagus cunninghamii","Eucalyptus obliqua","large_small","o_TAS","TAS",NA,"Canopy","Subcanopy","Subcanopy_Canopy"
"564","Nothofagus cunninghamii small","Eucalyptus obliqua small",-0.0191465877841661,-0.302154238681779,0.263861063113447,-0.0247472146490973,-0.013545960919235,"Potential 1","BondTier",0.566015301795226,"small","small","Nothofagus cunninghamii","Eucalyptus obliqua","small_small","o_TAS","TAS",NA,"Canopy","Subcanopy","Subcanopy_Canopy"
"565","Olearia argophylla small","Eucalyptus obliqua small",-0.194215209311091,-0.489641847331261,0.10121142870908,-0.199111047134681,-0.1893193714875,"Potential 1","BondTier",0.59085327604034,"small","small","Olearia argophylla","Eucalyptus obliqua","small_small","o_TAS","TAS",NA,"Canopy","Subcanopy","Subcanopy_Canopy"
"566","Pittosporum bicolor large","Eucalyptus obliqua small",-0.0115138045073422,-0.425619712487981,0.402592103473297,-0.0184384968599744,-0.0045891121547101,"Potential 1","BondTier",0.828211815961278,"large","small","Pittosporum bicolor","Eucalyptus obliqua","large_small","o_TAS","TAS",NA,"Canopy","Subcanopy","Subcanopy_Canopy"
"567","Pittosporum bicolor small","Eucalyptus obliqua small",0.0360230298387955,-0.179277701572612,0.251323761250203,0.0310420560732375,0.0410040036043535,"Potential 1","BondTier",0.430601462822815,"small","small","Pittosporum bicolor","Eucalyptus obliqua","small_small","o_TAS","TAS",NA,"Canopy","Subcanopy","Subcanopy_Canopy"
"568","Pomaderris apetala large","Eucalyptus obliqua small",0.00758083684925216,-0.275778899881187,0.290940573579691,0.00147226871623437,0.01368940498227,"Potential 1","BondTier",0.566719473460878,"large","small","Pomaderris apetala","Eucalyptus obliqua","large_small","o_TAS","TAS",NA,"Canopy","Subcanopy","Subcanopy_Canopy"
"569","Pomaderris apetala small","Eucalyptus obliqua small",0.095928349548374,-0.0108155955288052,0.202672294625553,0.0930540131174247,0.0988026859793232,"Potential 1","BondTier",0.213487890154358,"small","small","Pomaderris apetala","Eucalyptus obliqua","small_small","o_TAS","TAS",NA,"Canopy","Subcanopy","Subcanopy_Canopy"
"570","Nothofagus cunninghamii large","Nothofagus cunninghamii large",-1.1160318809583,-2.40579211270522,0.173728350788612,-1.14162242512597,-1.09044133679064,"Potential 1","BondTier",2.57952046349383,"large","large","Nothofagus cunninghamii","Nothofagus cunninghamii","large_large","o_TAS","TAS",NA,"Subcanopy","Subcanopy","Subcanopy_Subcanopy"
"571","Nothofagus cunninghamii small","Nothofagus cunninghamii large",0.156831275090046,-0.549729177721119,0.863391727901211,0.146561363179032,0.16710118700106,"Potential 1","BondTier",1.41312090562233,"small","large","Nothofagus cunninghamii","Nothofagus cunninghamii","small_large","o_TAS","TAS",NA,"Subcanopy","Subcanopy","Subcanopy_Subcanopy"
"572","Olearia argophylla small","Nothofagus cunninghamii large",0.397186582270019,-0.250226372458912,1.04459953699895,0.387319181231341,0.407053983308697,"Potential 1","BondTier",1.29482590945786,"small","large","Olearia argophylla","Nothofagus cunninghamii","small_large","o_TAS","TAS",NA,"Subcanopy","Subcanopy","Subcanopy_Subcanopy"
"573","Pittosporum bicolor large","Nothofagus cunninghamii large",0.572106107142833,-0.430745193761106,1.57495740804677,0.552436573996367,0.591775640289299,"Potential 1","BondTier",2.00570260180788,"large","large","Pittosporum bicolor","Nothofagus cunninghamii","large_large","o_TAS","TAS",NA,"Subcanopy","Subcanopy","Subcanopy_Subcanopy"
"574","Pittosporum bicolor small","Nothofagus cunninghamii large",-0.0885252551123769,-0.556298460406633,0.379247950181879,-0.0970801530549547,-0.0799703571697992,"Potential 1","BondTier",0.935546410588513,"small","large","Pittosporum bicolor","Nothofagus cunninghamii","small_large","o_TAS","TAS",NA,"Subcanopy","Subcanopy","Subcanopy_Subcanopy"
"575","Pomaderris apetala large","Nothofagus cunninghamii large",0.557175458608891,-0.195508356289058,1.30985927350684,0.542076401541634,0.572274515676147,"Potential 1","BondTier",1.5053676297959,"large","large","Pomaderris apetala","Nothofagus cunninghamii","large_large","o_TAS","TAS",NA,"Subcanopy","Subcanopy","Subcanopy_Subcanopy"
"576","Pomaderris apetala small","Nothofagus cunninghamii large",-0.324044428970236,-0.591004929157068,-0.0570839287834051,-0.331079083899342,-0.317009774041131,"Potential 1","BondTier",0.533921000373663,"small","large","Pomaderris apetala","Nothofagus cunninghamii","small_large","o_TAS","TAS","1","Subcanopy","Subcanopy","Subcanopy_Subcanopy"
"577","Nothofagus cunninghamii small","Nothofagus cunninghamii small",-0.200661910407418,-0.739209215213511,0.337885394398675,-0.211065075264823,-0.190258745550014,"Potential 1","BondTier",1.07709460961219,"small","small","Nothofagus cunninghamii","Nothofagus cunninghamii","small_small","o_TAS","TAS",NA,"Subcanopy","Subcanopy","Subcanopy_Subcanopy"
"578","Olearia argophylla small","Nothofagus cunninghamii small",-0.288410472700391,-0.652675405760236,0.0758544603594551,-0.294406487866382,-0.282414457534399,"Potential 1","BondTier",0.728529866119691,"small","small","Olearia argophylla","Nothofagus cunninghamii","small_small","o_TAS","TAS",NA,"Subcanopy","Subcanopy","Subcanopy_Subcanopy"
"579","Pittosporum bicolor large","Nothofagus cunninghamii small",0.405924329326282,-0.192523580603901,1.00437223925647,0.395365104325486,0.416483554327078,"Potential 1","BondTier",1.19689581986037,"large","small","Pittosporum bicolor","Nothofagus cunninghamii","large_small","o_TAS","TAS",NA,"Subcanopy","Subcanopy","Subcanopy_Subcanopy"
"580","Pittosporum bicolor small","Nothofagus cunninghamii small",-0.293824583491468,-0.60231179689069,0.0146626299077527,-0.299704866230038,-0.287944300752899,"Potential 1","BondTier",0.616974426798442,"small","small","Pittosporum bicolor","Nothofagus cunninghamii","small_small","o_TAS","TAS",NA,"Subcanopy","Subcanopy","Subcanopy_Subcanopy"
"581","Pomaderris apetala large","Nothofagus cunninghamii small",0.498493179990149,0.0650446572138907,0.931941702766406,0.489673693225532,0.507312666754765,"Potential 1","BondTier",0.866897045552516,"large","small","Pomaderris apetala","Nothofagus cunninghamii","large_small","o_TAS","TAS","1","Subcanopy","Subcanopy","Subcanopy_Subcanopy"
"582","Pomaderris apetala small","Nothofagus cunninghamii small",-0.166561367439449,-0.336744206142786,0.00362147126388776,-0.17011342200141,-0.163009312877488,"Potential 1","BondTier",0.340365677406674,"small","small","Pomaderris apetala","Nothofagus cunninghamii","small_small","o_TAS","TAS",NA,"Subcanopy","Subcanopy","Subcanopy_Subcanopy"
"583","Olearia argophylla small","Olearia argophylla small",-0.0164003145126018,-0.399490931882057,0.366690302856853,-0.0250777855339568,-0.00772284349124669,"Potential 1","BondTier",0.76618123473891,"small","small","Olearia argophylla","Olearia argophylla","small_small","o_TAS","TAS",NA,"Subcanopy","Subcanopy","Subcanopy_Subcanopy"
"584","Pittosporum bicolor large","Olearia argophylla small",0.259783897791956,-0.270872327292671,0.790440122876583,0.251670018619696,0.267897776964216,"Potential 1","BondTier",1.06131245016925,"large","small","Pittosporum bicolor","Olearia argophylla","large_small","o_TAS","TAS",NA,"Subcanopy","Subcanopy","Subcanopy_Subcanopy"
"585","Pittosporum bicolor small","Olearia argophylla small",-0.00895284216985383,-0.287925685633126,0.270020001293419,-0.0145277784778178,-0.00337790586188989,"Potential 1","BondTier",0.557945686926545,"small","small","Pittosporum bicolor","Olearia argophylla","small_small","o_TAS","TAS",NA,"Subcanopy","Subcanopy","Subcanopy_Subcanopy"
"586","Pomaderris apetala large","Olearia argophylla small",0.0429747784885276,-0.367033751635999,0.452983308613054,0.0363436466438778,0.0496059103331773,"Potential 1","BondTier",0.820017060249053,"large","small","Pomaderris apetala","Olearia argophylla","large_small","o_TAS","TAS",NA,"Subcanopy","Subcanopy","Subcanopy_Subcanopy"
"587","Pomaderris apetala small","Olearia argophylla small",0.00812823814378506,-0.120171217996177,0.136427694283747,0.00587314754265246,0.0103833287449177,"Potential 1","BondTier",0.256598912279924,"small","small","Pomaderris apetala","Olearia argophylla","small_small","o_TAS","TAS",NA,"Subcanopy","Subcanopy","Subcanopy_Subcanopy"
"588","Pittosporum bicolor large","Pittosporum bicolor large",-0.38965982214974,-1.46250462785187,0.683184983552391,-0.40492305341712,-0.37439659088236,"Potential 1","BondTier",2.14568961140426,"large","large","Pittosporum bicolor","Pittosporum bicolor","large_large","o_TAS","TAS",NA,"Subcanopy","Subcanopy","Subcanopy_Subcanopy"
"589","Pittosporum bicolor small","Pittosporum bicolor large",0.189199946082382,-0.242346751722621,0.620746643887384,0.180993687311144,0.197406204853619,"Potential 1","BondTier",0.863093395610005,"small","large","Pittosporum bicolor","Pittosporum bicolor","small_large","o_TAS","TAS",NA,"Subcanopy","Subcanopy","Subcanopy_Subcanopy"
"590","Pomaderris apetala large","Pittosporum bicolor large",-0.577857625601967,-1.29463915325829,0.13892390205436,-0.589677221843389,-0.566038029360546,"Potential 1","BondTier",1.43356305531265,"large","large","Pomaderris apetala","Pittosporum bicolor","large_large","o_TAS","TAS",NA,"Subcanopy","Subcanopy","Subcanopy_Subcanopy"
"591","Pomaderris apetala small","Pittosporum bicolor large",0.190215898550725,-0.0353397203937914,0.415771517495241,0.186556892056134,0.193874905045315,"Potential 1","BondTier",0.451111237889032,"small","large","Pomaderris apetala","Pittosporum bicolor","small_large","o_TAS","TAS",NA,"Subcanopy","Subcanopy","Subcanopy_Subcanopy"
"592","Pittosporum bicolor small","Pittosporum bicolor small",0.0384279768147097,-0.28233332369023,0.359189277319649,0.0284459159369954,0.048410037692424,"Potential 1","BondTier",0.641522601009879,"small","small","Pittosporum bicolor","Pittosporum bicolor","small_small","o_TAS","TAS",NA,"Subcanopy","Subcanopy","Subcanopy_Subcanopy"
"593","Pomaderris apetala large","Pittosporum bicolor small",0.366436658442287,0.00560960918337838,0.727263707701195,0.358913929208505,0.373959387676069,"Potential 1","BondTier",0.721654098517817,"large","small","Pomaderris apetala","Pittosporum bicolor","large_small","o_TAS","TAS","1","Subcanopy","Subcanopy","Subcanopy_Subcanopy"
"594","Pomaderris apetala small","Pittosporum bicolor small",-0.111453759448191,-0.203598818854414,-0.0193087000419669,-0.113865593329061,-0.10904192556732,"Potential 1","BondTier",0.184290118812448,"small","small","Pomaderris apetala","Pittosporum bicolor","small_small","o_TAS","TAS","1","Subcanopy","Subcanopy","Subcanopy_Subcanopy"
"595","Pomaderris apetala large","Pomaderris apetala large",-0.161810298477483,-0.707286993115646,0.38366639616068,-0.173834794287026,-0.14978580266794,"Potential 1","BondTier",1.09095338927633,"large","large","Pomaderris apetala","Pomaderris apetala","large_large","o_TAS","TAS",NA,"Subcanopy","Subcanopy","Subcanopy_Subcanopy"
"596","Pomaderris apetala small","Pomaderris apetala large",0.205668516956451,0.0273594477074245,0.383977586205478,0.200573613876794,0.210763420036109,"Potential 1","BondTier",0.356618138498054,"small","large","Pomaderris apetala","Pomaderris apetala","small_large","o_TAS","TAS","1","Subcanopy","Subcanopy","Subcanopy_Subcanopy"
"597","Pomaderris apetala small","Pomaderris apetala small",0.304749292942395,0.150086731298013,0.459411854586778,0.291991481317765,0.317507104567025,"Potential 1","BondTier",0.309325123288765,"small","small","Pomaderris apetala","Pomaderris apetala","small_small","o_TAS","TAS","1","Subcanopy","Subcanopy","Subcanopy_Subcanopy"
"598","Acacia melanoxylon large","Acacia melanoxylon large",-0.597209645869999,-1.36759217740547,0.173172885665476,-0.608535054723097,-0.5858842370169,"Potential 1","Supersite",1.54076506307095,"large","large","Acacia melanoxylon","Acacia melanoxylon","large_large","o_TAS","TAS",NA,"Subcanopy","Subcanopy","Subcanopy_Subcanopy"
"599","Acacia melanoxylon small","Acacia melanoxylon large",0.232245202849555,-0.32661586885037,0.791106274549481,0.223350049816486,0.241140355882625,"Potential 1","Supersite",1.11772214339985,"small","large","Acacia melanoxylon","Acacia melanoxylon","small_large","o_TAS","TAS",NA,"Subcanopy","Subcanopy","Subcanopy_Subcanopy"
"600","Atherosperma moschatum small","Acacia melanoxylon large",0.213839684421096,-0.311923198146223,0.739602566988416,0.206959028968732,0.220720339873461,"Potential 1","Supersite",1.05152576513464,"small","large","Atherosperma moschatum","Acacia melanoxylon","small_large","o_TAS","TAS",NA,"Subcanopy","Subcanopy","Subcanopy_Subcanopy"
"601","Eucalyptus obliqua large","Acacia melanoxylon large",0.0143623076274083,-0.488437528812003,0.517162144066819,0.0070386448829251,0.0216859703718915,"Potential 1","Supersite",1.00559967287882,"large","large","Eucalyptus obliqua","Acacia melanoxylon","large_large","o_TAS","TAS",NA,"Subcanopy","Canopy","Canopy_Subcanopy"
"602","Eucalyptus obliqua small","Acacia melanoxylon large",-0.241719103094855,-0.597217590522376,0.113779384332667,-0.247304395182817,-0.236133811006892,"Potential 1","Supersite",0.710996974855043,"small","large","Eucalyptus obliqua","Acacia melanoxylon","small_large","o_TAS","TAS",NA,"Subcanopy","Canopy","Canopy_Subcanopy"
"603","Nothofagus cunninghamii large","Acacia melanoxylon large",0.261903072683632,-0.562971520486129,1.08677766585339,0.245604621389852,0.278201523977413,"Potential 1","Supersite",1.64974918633952,"large","large","Nothofagus cunninghamii","Acacia melanoxylon","large_large","o_TAS","TAS",NA,"Subcanopy","Subcanopy","Subcanopy_Subcanopy"
"604","Nothofagus cunninghamii small","Acacia melanoxylon large",-0.262713260138247,-0.797850535416519,0.272424015140025,-0.273724213662887,-0.251702306613607,"Potential 1","Supersite",1.07027455055654,"small","large","Nothofagus cunninghamii","Acacia melanoxylon","small_large","o_TAS","TAS",NA,"Subcanopy","Subcanopy","Subcanopy_Subcanopy"
"605","Pomaderris apetala large","Acacia melanoxylon large",-0.059617014485942,-0.652688493331165,0.533454464359281,-0.0669160092504789,-0.0523180197214051,"Potential 1","Supersite",1.18614295769045,"large","large","Pomaderris apetala","Acacia melanoxylon","large_large","o_TAS","TAS",NA,"Subcanopy","Subcanopy","Subcanopy_Subcanopy"
"606","Pomaderris apetala small","Acacia melanoxylon large",0.0809435130814041,-0.100164432181565,0.262051458344374,0.0766203820825648,0.0852666440802435,"Potential 1","Supersite",0.362215890525939,"small","large","Pomaderris apetala","Acacia melanoxylon","small_large","o_TAS","TAS",NA,"Subcanopy","Subcanopy","Subcanopy_Subcanopy"
"607","Acacia melanoxylon small","Acacia melanoxylon small",-0.54891388590809,-1.56108905503039,0.463261283214213,-0.562677963775199,-0.535149808040981,"Potential 1","Supersite",2.02435033824461,"small","small","Acacia melanoxylon","Acacia melanoxylon","small_small","o_TAS","TAS",NA,"Subcanopy","Subcanopy","Subcanopy_Subcanopy"
"608","Atherosperma moschatum small","Acacia melanoxylon small",0.192249788806522,-0.236314715573746,0.620814293186789,0.185921265629548,0.198578311983495,"Potential 1","Supersite",0.857129008760536,"small","small","Atherosperma moschatum","Acacia melanoxylon","small_small","o_TAS","TAS",NA,"Subcanopy","Subcanopy","Subcanopy_Subcanopy"
"609","Eucalyptus obliqua large","Acacia melanoxylon small",0.225479923433635,-0.262481462988238,0.713441309855508,0.217753286734567,0.233206560132704,"Potential 1","Supersite",0.975922772843746,"large","small","Eucalyptus obliqua","Acacia melanoxylon","large_small","o_TAS","TAS",NA,"Subcanopy","Canopy","Canopy_Subcanopy"
"610","Eucalyptus obliqua small","Acacia melanoxylon small",0.272126989764839,-0.0706157496190326,0.61486972914871,0.265760054398776,0.278493925130901,"Potential 1","Supersite",0.685485478767743,"small","small","Eucalyptus obliqua","Acacia melanoxylon","small_small","o_TAS","TAS",NA,"Subcanopy","Canopy","Canopy_Subcanopy"
"611","Nothofagus cunninghamii large","Acacia melanoxylon small",0.521488055989348,0.0268694204160427,1.01610669156265,0.508323090584254,0.534653021394442,"Potential 1","Supersite",0.989237271146611,"large","small","Nothofagus cunninghamii","Acacia melanoxylon","large_small","o_TAS","TAS","1","Subcanopy","Subcanopy","Subcanopy_Subcanopy"
"612","Nothofagus cunninghamii small","Acacia melanoxylon small",-0.418133883935868,-0.778324903646282,-0.0579428642254537,-0.427024153155704,-0.409243614716032,"Potential 1","Supersite",0.720382039420828,"small","small","Nothofagus cunninghamii","Acacia melanoxylon","small_small","o_TAS","TAS","1","Subcanopy","Subcanopy","Subcanopy_Subcanopy"
"613","Pomaderris apetala large","Acacia melanoxylon small",0.314693989607469,-0.306133953580479,0.935521932795418,0.306819684109765,0.322568295105174,"Potential 1","Supersite",1.2416558863759,"large","small","Pomaderris apetala","Acacia melanoxylon","large_small","o_TAS","TAS",NA,"Subcanopy","Subcanopy","Subcanopy_Subcanopy"
"614","Pomaderris apetala small","Acacia melanoxylon small",0.100509317539474,-0.0989393651027436,0.299958000181691,0.0965615286584288,0.104457106420519,"Potential 1","Supersite",0.398897365284435,"small","small","Pomaderris apetala","Acacia melanoxylon","small_small","o_TAS","TAS",NA,"Subcanopy","Subcanopy","Subcanopy_Subcanopy"
"615","Atherosperma moschatum small","Atherosperma moschatum small",0.156955689168325,-0.428071191899195,0.741982570235845,0.145838138745305,0.168073239591345,"Potential 1","Supersite",1.17005376213504,"small","small","Atherosperma moschatum","Atherosperma moschatum","small_small","o_TAS","TAS",NA,"Subcanopy","Subcanopy","Subcanopy_Subcanopy"
"616","Eucalyptus obliqua large","Atherosperma moschatum small",-0.119561860995475,-0.580437555296186,0.341313833305235,-0.125846663856569,-0.113277058134381,"Potential 1","Supersite",0.921751388601421,"large","small","Eucalyptus obliqua","Atherosperma moschatum","large_small","o_TAS","TAS",NA,"Subcanopy","Canopy","Canopy_Subcanopy"
"617","Eucalyptus obliqua small","Atherosperma moschatum small",-0.215639608265387,-0.550504152278562,0.119224935747789,-0.221207321756557,-0.210071894774216,"Potential 1","Supersite",0.669729088026351,"small","small","Eucalyptus obliqua","Atherosperma moschatum","small_small","o_TAS","TAS",NA,"Subcanopy","Canopy","Canopy_Subcanopy"
"618","Nothofagus cunninghamii large","Atherosperma moschatum small",-0.00487241607720099,-0.475458570149607,0.465713737995205,-0.0127313254676563,0.00298649331325435,"Potential 1","Supersite",0.941172308144812,"large","small","Nothofagus cunninghamii","Atherosperma moschatum","large_small","o_TAS","TAS",NA,"Subcanopy","Subcanopy","Subcanopy_Subcanopy"
"619","Nothofagus cunninghamii small","Atherosperma moschatum small",0.138103296974752,-0.171178350628282,0.447384944577785,0.131634516278407,0.144572077671096,"Potential 1","Supersite",0.618563295206067,"small","small","Nothofagus cunninghamii","Atherosperma moschatum","small_small","o_TAS","TAS",NA,"Subcanopy","Subcanopy","Subcanopy_Subcanopy"
"620","Pomaderris apetala large","Atherosperma moschatum small",-0.138377543337691,-0.725334686018888,0.448579599343507,-0.14492525834044,-0.131829828334941,"Potential 1","Supersite",1.17391428536239,"large","small","Pomaderris apetala","Atherosperma moschatum","large_small","o_TAS","TAS",NA,"Subcanopy","Subcanopy","Subcanopy_Subcanopy"
"621","Pomaderris apetala small","Atherosperma moschatum small",-0.172965225068668,-0.459308025332546,0.113377575195209,-0.179396025653486,-0.166534424483851,"Potential 1","Supersite",0.572685600527755,"small","small","Pomaderris apetala","Atherosperma moschatum","small_small","o_TAS","TAS",NA,"Subcanopy","Subcanopy","Subcanopy_Subcanopy"
"622","Eucalyptus obliqua large","Eucalyptus obliqua large",-0.341075853505805,-0.787946833490542,0.105795126478932,-0.348562118202056,-0.333589588809554,"Potential 1","Supersite",0.893741959969474,"large","large","Eucalyptus obliqua","Eucalyptus obliqua","large_large","o_TAS","TAS",NA,"Canopy","Canopy","Canopy_Canopy"
"623","Eucalyptus obliqua small","Eucalyptus obliqua large",0.103077629733704,-0.199697720142498,0.405852979609905,0.0979199631431966,0.108235296324211,"Potential 1","Supersite",0.605550699752403,"small","large","Eucalyptus obliqua","Eucalyptus obliqua","small_large","o_TAS","TAS",NA,"Canopy","Canopy","Canopy_Canopy"
"624","Nothofagus cunninghamii large","Eucalyptus obliqua large",-0.603251090921338,-1.24655790669624,0.0400557248535606,-0.61474367513843,-0.591758506704245,"Potential 1","Supersite",1.2866136315498,"large","large","Nothofagus cunninghamii","Eucalyptus obliqua","large_large","o_TAS","TAS",NA,"Canopy","Subcanopy","Subcanopy_Canopy"
"625","Nothofagus cunninghamii small","Eucalyptus obliqua large",0.3328590376507,-0.0980700905401816,0.763788165841581,0.324673618754754,0.341044456546645,"Potential 1","Supersite",0.861858256381762,"small","large","Nothofagus cunninghamii","Eucalyptus obliqua","small_large","o_TAS","TAS",NA,"Canopy","Subcanopy","Subcanopy_Canopy"
"626","Pomaderris apetala large","Eucalyptus obliqua large",0.167799383196148,-0.348075945287984,0.683674711680281,0.160095881897212,0.175502884495085,"Potential 1","Supersite",1.03175065696826,"large","large","Pomaderris apetala","Eucalyptus obliqua","large_large","o_TAS","TAS",NA,"Canopy","Subcanopy","Subcanopy_Canopy"
"627","Pomaderris apetala small","Eucalyptus obliqua large",0.00434594840272027,-0.144236679438825,0.152928576244266,0.0011538286601328,0.00753806814530774,"Potential 1","Supersite",0.297165255683091,"small","large","Pomaderris apetala","Eucalyptus obliqua","small_large","o_TAS","TAS",NA,"Canopy","Subcanopy","Subcanopy_Canopy"
"628","Eucalyptus obliqua small","Eucalyptus obliqua small",0.016571341907449,-0.221878763042375,0.255021446857273,0.00997310520863397,0.0231695786062641,"Potential 1","Supersite",0.476900209899647,"small","small","Eucalyptus obliqua","Eucalyptus obliqua","small_small","o_TAS","TAS",NA,"Canopy","Canopy","Canopy_Canopy"
"629","Nothofagus cunninghamii large","Eucalyptus obliqua small",0.0858374827674397,-0.307083073048009,0.478758038582889,0.0771220939732677,0.0945528715616116,"Potential 1","Supersite",0.785841111630898,"large","small","Nothofagus cunninghamii","Eucalyptus obliqua","large_small","o_TAS","TAS",NA,"Canopy","Subcanopy","Subcanopy_Canopy"
"630","Nothofagus cunninghamii small","Eucalyptus obliqua small",0.0776959515992407,-0.185618671980885,0.341010575179367,0.0708931835577511,0.0844987196407302,"Potential 1","Supersite",0.526629247160252,"small","small","Nothofagus cunninghamii","Eucalyptus obliqua","small_small","o_TAS","TAS",NA,"Canopy","Subcanopy","Subcanopy_Canopy"
"631","Pomaderris apetala large","Eucalyptus obliqua small",-0.351671649257972,-0.792722185136072,0.0893788866201271,-0.35766040905967,-0.345682889456275,"Potential 1","Supersite",0.882101071756199,"large","small","Pomaderris apetala","Eucalyptus obliqua","large_small","o_TAS","TAS",NA,"Canopy","Subcanopy","Subcanopy_Canopy"
"632","Pomaderris apetala small","Eucalyptus obliqua small",0.0210064865069772,-0.0868618365363617,0.128874809550316,0.0181186706879514,0.0238943023260031,"Potential 1","Supersite",0.215736646086678,"small","small","Pomaderris apetala","Eucalyptus obliqua","small_small","o_TAS","TAS",NA,"Canopy","Subcanopy","Subcanopy_Canopy"
"633","Nothofagus cunninghamii large","Nothofagus cunninghamii large",-0.281579067134697,-0.928074259026358,0.364916124756963,-0.298582999617873,-0.264575134651522,"Potential 1","Supersite",1.29299038378332,"large","large","Nothofagus cunninghamii","Nothofagus cunninghamii","large_large","o_TAS","TAS",NA,"Subcanopy","Subcanopy","Subcanopy_Subcanopy"
"634","Nothofagus cunninghamii small","Nothofagus cunninghamii large",0.521260547596265,0.100205063419862,0.942316031772667,0.505336771593014,0.537184323599515,"Potential 1","Supersite",0.842110968352805,"small","large","Nothofagus cunninghamii","Nothofagus cunninghamii","small_large","o_TAS","TAS","1","Subcanopy","Subcanopy","Subcanopy_Subcanopy"
"635","Pomaderris apetala large","Nothofagus cunninghamii large",0.10106456220344,-0.671428920404938,0.873558044811819,0.0892532492541771,0.112875875152704,"Potential 1","Supersite",1.54498696521676,"large","large","Pomaderris apetala","Nothofagus cunninghamii","large_large","o_TAS","TAS",NA,"Subcanopy","Subcanopy","Subcanopy_Subcanopy"
"636","Pomaderris apetala small","Nothofagus cunninghamii large",-0.207268472566884,-0.479108789327007,0.0645718441932391,-0.213168985697564,-0.201367959436204,"Potential 1","Supersite",0.543680633520246,"small","large","Pomaderris apetala","Nothofagus cunninghamii","small_large","o_TAS","TAS",NA,"Subcanopy","Subcanopy","Subcanopy_Subcanopy"
"637","Nothofagus cunninghamii small","Nothofagus cunninghamii small",0.119028027331399,-0.187132122810534,0.425188177473332,0.100458471418859,0.137597583243939,"Potential 1","Supersite",0.612320300283866,"small","small","Nothofagus cunninghamii","Nothofagus cunninghamii","small_small","o_TAS","TAS",NA,"Subcanopy","Subcanopy","Subcanopy_Subcanopy"
"638","Pomaderris apetala large","Nothofagus cunninghamii small",-0.153026341371469,-0.698677813123581,0.392625130380642,-0.162573790716512,-0.143478892026427,"Potential 1","Supersite",1.09130294350422,"large","small","Pomaderris apetala","Nothofagus cunninghamii","large_small","o_TAS","TAS",NA,"Subcanopy","Subcanopy","Subcanopy_Subcanopy"
"639","Pomaderris apetala small","Nothofagus cunninghamii small",0.0602160599357883,-0.0727104236906343,0.193142543562211,0.0562154123123405,0.0642167075592361,"Potential 1","Supersite",0.265852967252845,"small","small","Pomaderris apetala","Nothofagus cunninghamii","small_small","o_TAS","TAS",NA,"Subcanopy","Subcanopy","Subcanopy_Subcanopy"
"640","Pomaderris apetala large","Pomaderris apetala large",-0.500384252323278,-1.46728625923242,0.46651775458587,-0.50952980352618,-0.491238701120375,"Potential 1","Supersite",1.93380401381829,"large","large","Pomaderris apetala","Pomaderris apetala","large_large","o_TAS","TAS",NA,"Subcanopy","Subcanopy","Subcanopy_Subcanopy"
"641","Pomaderris apetala small","Pomaderris apetala large",0.00225883523842054,-0.184762603571091,0.189280274047932,-0.00218573762650529,0.00670340810334637,"Potential 1","Supersite",0.374042877619023,"small","large","Pomaderris apetala","Pomaderris apetala","small_large","o_TAS","TAS",NA,"Subcanopy","Subcanopy","Subcanopy_Subcanopy"
"642","Pomaderris apetala small","Pomaderris apetala small",0.469112972844519,0.32544897884712,0.612776966841917,0.455766356944127,0.48245958874491,"Potential 1","Supersite",0.287327987994797,"small","small","Pomaderris apetala","Pomaderris apetala","small_small","o_TAS","TAS","1","Subcanopy","Subcanopy","Subcanopy_Subcanopy"
"643","Acacia dealbata large","Acacia dealbata large",-0.425616317135083,-1.26568285145531,0.414450217185148,-0.437757362354606,-0.41347527191556,"Potential 1","Mackenzie",1.68013306864046,"large","large","Acacia dealbata","Acacia dealbata","large_large","d_TAS","TAS",NA,"Subcanopy","Subcanopy","Subcanopy_Subcanopy"
"644","Acacia dealbata small","Acacia dealbata large",0.0909237111342498,-0.23646507079448,0.41831249306298,0.0847484887839583,0.0970989334845412,"Potential 1","Mackenzie",0.65477756385746,"small","large","Acacia dealbata","Acacia dealbata","small_large","d_TAS","TAS",NA,"Subcanopy","Subcanopy","Subcanopy_Subcanopy"
"645","Eucalyptus delegatensis large","Acacia dealbata large",-0.152451208683928,-0.351752654337604,0.046850236969748,-0.15647997153646,-0.148422445831396,"Potential 1","Mackenzie",0.398602891307352,"large","large","Eucalyptus delegatensis","Acacia dealbata","large_large","d_TAS","TAS",NA,"Subcanopy","Canopy","Canopy_Subcanopy"
"646","Eucalyptus delegatensis small","Acacia dealbata large",-0.13104047046978,-0.276406389193973,0.0143254482544119,-0.134152001751909,-0.127928939187652,"Potential 1","Mackenzie",0.290731837448385,"small","large","Eucalyptus delegatensis","Acacia dealbata","small_large","d_TAS","TAS",NA,"Subcanopy","Canopy","Canopy_Subcanopy"
"647","Leptospermum lanigerum large","Acacia dealbata large",-0.228714333429662,-0.571009739285156,0.113581072425833,-0.234595810932142,-0.222832855927181,"Potential 1","Mackenzie",0.684590811710989,"large","large","Leptospermum lanigerum","Acacia dealbata","large_large","d_TAS","TAS",NA,"Subcanopy","Subcanopy","Subcanopy_Subcanopy"
"648","Leptospermum lanigerum small","Acacia dealbata large",0.147763479321262,-0.12135596296206,0.416882921604584,0.144808459355873,0.150718499286651,"Potential 1","Mackenzie",0.538238884566644,"small","large","Leptospermum lanigerum","Acacia dealbata","small_large","d_TAS","TAS",NA,"Subcanopy","Subcanopy","Subcanopy_Subcanopy"
"649","Nematolepis squamea subsp squamea small","Acacia dealbata large",-0.021543773049005,-0.248681218597935,0.205593672499925,-0.0256064469488411,-0.0174810991491689,"Potential 1","Mackenzie",0.45427489109786,"small","large","Nematolepis squamea","Acacia dealbata","small_large","d_TAS","TAS",NA,"Subcanopy","Subcanopy","Subcanopy_Subcanopy"
"650","Acacia dealbata small","Acacia dealbata small",-0.0747967460104333,-0.440057707374196,0.290464215353329,-0.0819515862139533,-0.0676419058069133,"Potential 1","Mackenzie",0.730521922727525,"small","small","Acacia dealbata","Acacia dealbata","small_small","d_TAS","TAS",NA,"Subcanopy","Subcanopy","Subcanopy_Subcanopy"
"651","Eucalyptus delegatensis large","Acacia dealbata small",-0.112406115862239,-0.297365812732344,0.0725535810078654,-0.116261439751397,-0.108550791973081,"Potential 1","Mackenzie",0.369919393740209,"large","small","Eucalyptus delegatensis","Acacia dealbata","large_small","d_TAS","TAS",NA,"Subcanopy","Canopy","Canopy_Subcanopy"
"652","Eucalyptus delegatensis small","Acacia dealbata small",0.0470877441888295,-0.0945358244606995,0.188711312838359,0.04342381545526,0.0507516729223991,"Potential 1","Mackenzie",0.283247137299058,"small","small","Eucalyptus delegatensis","Acacia dealbata","small_small","d_TAS","TAS",NA,"Subcanopy","Canopy","Canopy_Subcanopy"
"653","Leptospermum lanigerum large","Acacia dealbata small",-0.271735762037635,-0.577476027624007,0.0340045035487367,-0.276589574302369,-0.266881949772901,"Potential 1","Mackenzie",0.611480531172743,"large","small","Leptospermum lanigerum","Acacia dealbata","large_small","d_TAS","TAS",NA,"Subcanopy","Subcanopy","Subcanopy_Subcanopy"
"654","Leptospermum lanigerum small","Acacia dealbata small",0.0218915454441213,-0.134794968001872,0.178578058890114,0.0189506942853701,0.0248323966028724,"Potential 1","Mackenzie",0.313373026891986,"small","small","Leptospermum lanigerum","Acacia dealbata","small_small","d_TAS","TAS",NA,"Subcanopy","Subcanopy","Subcanopy_Subcanopy"
"655","Nematolepis squamea subsp squamea small","Acacia dealbata small",0.216878445015117,0.0210934981925269,0.412663391837708,0.212283076327479,0.221473813702755,"Potential 1","Mackenzie",0.391569893645181,"small","small","Nematolepis squamea","Acacia dealbata","small_small","d_TAS","TAS","1","Subcanopy","Subcanopy","Subcanopy_Subcanopy"
"656","Eucalyptus delegatensis large","Eucalyptus delegatensis large",-0.10966199553947,-0.337893472980699,0.11856948190176,-0.116630338502669,-0.10269365257627,"Potential 1","Mackenzie",0.456462954882459,"large","large","Eucalyptus delegatensis","Eucalyptus delegatensis","large_large","d_TAS","TAS",NA,"Canopy","Canopy","Canopy_Canopy"
"657","Eucalyptus delegatensis small","Eucalyptus delegatensis large",0.0191016243291501,-0.074050266307985,0.112253514966285,0.0166865781478728,0.0215166705104274,"Potential 1","Mackenzie",0.18630378127427,"small","large","Eucalyptus delegatensis","Eucalyptus delegatensis","small_large","d_TAS","TAS",NA,"Canopy","Canopy","Canopy_Canopy"
"658","Leptospermum lanigerum large","Eucalyptus delegatensis large",-0.138604512720787,-0.286241073655834,0.00903204821426012,-0.141930429637103,-0.135278595804471,"Potential 1","Mackenzie",0.295273121870094,"large","large","Leptospermum lanigerum","Eucalyptus delegatensis","large_large","d_TAS","TAS",NA,"Canopy","Subcanopy","Subcanopy_Canopy"
"659","Leptospermum lanigerum small","Eucalyptus delegatensis large",-0.0166418294623872,-0.121502632584113,0.0882189736593385,-0.0193249487042318,-0.0139587102205426,"Potential 1","Mackenzie",0.209721606243451,"small","large","Leptospermum lanigerum","Eucalyptus delegatensis","small_large","d_TAS","TAS",NA,"Canopy","Subcanopy","Subcanopy_Canopy"
"660","Nematolepis squamea subsp squamea small","Eucalyptus delegatensis large",0.114163953121802,-0.0240769269253368,0.25240483316894,0.111194773872204,0.117133132371399,"Potential 1","Mackenzie",0.276481760094277,"small","large","Nematolepis squamea","Eucalyptus delegatensis","small_large","d_TAS","TAS",NA,"Canopy","Subcanopy","Subcanopy_Canopy"
"661","Eucalyptus delegatensis small","Eucalyptus delegatensis small",0.212735084406203,0.0587621915300649,0.366707977282341,0.203672403317218,0.221797765495188,"Potential 1","Mackenzie",0.307945785752276,"small","small","Eucalyptus delegatensis","Eucalyptus delegatensis","small_small","d_TAS","TAS","1","Canopy","Canopy","Canopy_Canopy"
"662","Leptospermum lanigerum large","Eucalyptus delegatensis small",-0.0504937684286062,-0.172682087961091,0.0716945511038782,-0.0534449642924915,-0.047542572564721,"Potential 1","Mackenzie",0.244376639064969,"large","small","Leptospermum lanigerum","Eucalyptus delegatensis","large_small","d_TAS","TAS",NA,"Canopy","Subcanopy","Subcanopy_Canopy"
"663","Leptospermum lanigerum small","Eucalyptus delegatensis small",-0.0451377984527862,-0.133177188083075,0.0429015911775025,-0.0472772389777364,-0.042998357927836,"Potential 1","Mackenzie",0.176078779260577,"small","small","Leptospermum lanigerum","Eucalyptus delegatensis","small_small","d_TAS","TAS",NA,"Canopy","Subcanopy","Subcanopy_Canopy"
"664","Nematolepis squamea subsp squamea small","Eucalyptus delegatensis small",-0.0599103672640595,-0.147461288709182,0.0276405541810633,-0.0623114997808065,-0.0575092347473124,"Potential 1","Mackenzie",0.175101842890246,"small","small","Nematolepis squamea","Eucalyptus delegatensis","small_small","d_TAS","TAS",NA,"Canopy","Subcanopy","Subcanopy_Canopy"
"665","Leptospermum lanigerum large","Leptospermum lanigerum large",0.0719380644027788,-0.231778041301708,0.375654170107266,0.0650510415913984,0.0788250872141593,"Potential 1","Mackenzie",0.607432211408974,"large","large","Leptospermum lanigerum","Leptospermum lanigerum","large_large","d_TAS","TAS",NA,"Subcanopy","Subcanopy","Subcanopy_Subcanopy"
"666","Leptospermum lanigerum small","Leptospermum lanigerum large",0.125491165808816,-0.0358962620575333,0.286878593675166,0.122741302302465,0.128241029315168,"Potential 1","Mackenzie",0.3227748557327,"small","large","Leptospermum lanigerum","Leptospermum lanigerum","small_large","d_TAS","TAS",NA,"Subcanopy","Subcanopy","Subcanopy_Subcanopy"
"667","Nematolepis squamea subsp squamea small","Leptospermum lanigerum large",0.0326783017511268,-0.165527368036178,0.230883971538431,0.0293527029622436,0.03600390054001,"Potential 1","Mackenzie",0.396411339574609,"small","large","Nematolepis squamea","Leptospermum lanigerum","small_large","d_TAS","TAS",NA,"Subcanopy","Subcanopy","Subcanopy_Subcanopy"
"668","Leptospermum lanigerum small","Leptospermum lanigerum small",0.311682029151009,0.175812868449311,0.447551189852706,0.301488217953057,0.32187584034896,"Potential 1","Mackenzie",0.271738321403395,"small","small","Leptospermum lanigerum","Leptospermum lanigerum","small_small","d_TAS","TAS","1","Subcanopy","Subcanopy","Subcanopy_Subcanopy"
"669","Nematolepis squamea subsp squamea small","Leptospermum lanigerum small",-0.0419037310773731,-0.146021053615144,0.0622135914603975,-0.0440266489847429,-0.0397808131700033,"Potential 1","Mackenzie",0.208234645075541,"small","small","Nematolepis squamea","Leptospermum lanigerum","small_small","d_TAS","TAS",NA,"Subcanopy","Subcanopy","Subcanopy_Subcanopy"
"670","Nematolepis squamea subsp squamea small","Nematolepis squamea subsp squamea small",0.344542408515774,0.152048835614677,0.537035981416872,0.335006337377515,0.354078479654034,"Potential 1","Mackenzie",0.384987145802195,"small","small","Nematolepis squamea","Nematolepis squamea","small_small","d_TAS","TAS","1","Subcanopy","Subcanopy","Subcanopy_Subcanopy"
"671","Acacia dealbata small","Acacia dealbata small",0.138910851386521,-0.301379964614704,0.579201667387746,0.132280388740615,0.145541314032427,"Potential 1","MtMaurice",0.88058163200245,"small","small","Acacia dealbata","Acacia dealbata","small_small","d_TAS","TAS",NA,"Subcanopy","Subcanopy","Subcanopy_Subcanopy"
"672","Eucalyptus dalrympleana large","Acacia dealbata small",-0.0688096108507066,-0.384133263934438,0.246514042233025,-0.07376295443241,-0.0638562672690033,"Potential 1","MtMaurice",0.630647306167462,"large","small","Eucalyptus dalrympleana","Acacia dealbata","large_small","d_TAS","TAS",NA,"Subcanopy","Canopy","Canopy_Subcanopy"
"673","Eucalyptus dalrympleana small","Acacia dealbata small",-0.0232775490037634,-0.259694942885656,0.213139844878129,-0.026935831596898,-0.0196192664106289,"Potential 1","MtMaurice",0.472834787763785,"small","small","Eucalyptus dalrympleana","Acacia dealbata","small_small","d_TAS","TAS",NA,"Subcanopy","Canopy","Canopy_Subcanopy"
"674","Eucalyptus delegatensis large","Acacia dealbata small",0.248023530638173,-0.072245446475953,0.5682925077523,0.241081390168559,0.254965671107788,"Potential 1","MtMaurice",0.640537954228253,"large","small","Eucalyptus delegatensis","Acacia dealbata","large_small","d_TAS","TAS",NA,"Subcanopy","Canopy","Canopy_Subcanopy"
"675","Eucalyptus delegatensis small","Acacia dealbata small",-0.0771725943010451,-0.234621845111649,0.0802766565095587,-0.080626762328373,-0.0737184262737173,"Potential 1","MtMaurice",0.314898501621208,"small","small","Eucalyptus delegatensis","Acacia dealbata","small_small","d_TAS","TAS",NA,"Subcanopy","Canopy","Canopy_Subcanopy"
"676","Leptospermum lanigerum small","Acacia dealbata small",0.363363318756436,-0.247723984719746,0.974450622232618,0.355170067515458,0.371556569997414,"Potential 1","MtMaurice",1.22217460695236,"small","small","Leptospermum lanigerum","Acacia dealbata","small_small","d_TAS","TAS",NA,"Subcanopy","Subcanopy","Subcanopy_Subcanopy"
"677","Eucalyptus dalrympleana large","Eucalyptus dalrympleana large",-0.219897873526036,-0.665537342526264,0.225741595474193,-0.228357526859798,-0.211438220192273,"Potential 1","MtMaurice",0.891278938000457,"large","large","Eucalyptus dalrympleana","Eucalyptus dalrympleana","large_large","d_TAS","TAS",NA,"Canopy","Canopy","Canopy_Canopy"
"678","Eucalyptus dalrympleana small","Eucalyptus dalrympleana large",0.0230587866902349,-0.18635075162784,0.23246832500831,0.0198198501401232,0.0262977232403465,"Potential 1","MtMaurice",0.418819076636149,"small","large","Eucalyptus dalrympleana","Eucalyptus dalrympleana","small_large","d_TAS","TAS",NA,"Canopy","Canopy","Canopy_Canopy"
"679","Eucalyptus delegatensis large","Eucalyptus dalrympleana large",0.208332290479541,-0.0766338052601805,0.493298386219262,0.201236623397603,0.215427957561479,"Potential 1","MtMaurice",0.569932191479443,"large","large","Eucalyptus delegatensis","Eucalyptus dalrympleana","large_large","d_TAS","TAS",NA,"Canopy","Canopy","Canopy_Canopy"
"680","Eucalyptus delegatensis small","Eucalyptus dalrympleana large",-0.241027886392268,-0.415011803191695,-0.06704396959284,-0.245218112806538,-0.236837659977997,"Potential 1","MtMaurice",0.347967833598855,"small","large","Eucalyptus delegatensis","Eucalyptus dalrympleana","small_large","d_TAS","TAS","1","Canopy","Canopy","Canopy_Canopy"
"681","Leptospermum lanigerum small","Eucalyptus dalrympleana large",-0.218018677180556,-0.901162017300337,0.465124662939225,-0.227168505518742,-0.208868848842369,"Potential 1","MtMaurice",1.36628668023956,"small","large","Leptospermum lanigerum","Eucalyptus dalrympleana","small_large","d_TAS","TAS",NA,"Canopy","Subcanopy","Subcanopy_Canopy"
"682","Eucalyptus dalrympleana small","Eucalyptus dalrympleana small",0.216326818024115,0.0268366997611093,0.40581693628712,0.211354481365248,0.221299154682981,"Potential 1","MtMaurice",0.378980236526011,"small","small","Eucalyptus dalrympleana","Eucalyptus dalrympleana","small_small","d_TAS","TAS","1","Canopy","Canopy","Canopy_Canopy"
"683","Eucalyptus delegatensis large","Eucalyptus dalrympleana small",0.0129127207982643,-0.165553294958597,0.191378736555126,0.00861991165614639,0.0172055299403822,"Potential 1","MtMaurice",0.356932031513723,"large","small","Eucalyptus delegatensis","Eucalyptus dalrympleana","large_small","d_TAS","TAS",NA,"Canopy","Canopy","Canopy_Canopy"
"684","Eucalyptus delegatensis small","Eucalyptus dalrympleana small",-0.0150243787309698,-0.124471942006043,0.0944231845441029,-0.0174162831183779,-0.0126324743435617,"Potential 1","MtMaurice",0.218895126550145,"small","small","Eucalyptus delegatensis","Eucalyptus dalrympleana","small_small","d_TAS","TAS",NA,"Canopy","Canopy","Canopy_Canopy"
"685","Leptospermum lanigerum small","Eucalyptus dalrympleana small",0.0664278294732998,-0.287750399227928,0.420606058174528,0.0611767250021266,0.0716789339444729,"Potential 1","MtMaurice",0.708356457402456,"small","small","Leptospermum lanigerum","Eucalyptus dalrympleana","small_small","d_TAS","TAS",NA,"Canopy","Subcanopy","Subcanopy_Canopy"
"686","Eucalyptus delegatensis large","Eucalyptus delegatensis large",-0.400494510262002,-0.786293585833032,-0.0146954346909707,-0.41354851433183,-0.387440506192173,"Potential 1","MtMaurice",0.771598151142062,"large","large","Eucalyptus delegatensis","Eucalyptus delegatensis","large_large","d_TAS","TAS","1","Canopy","Canopy","Canopy_Canopy"
"687","Eucalyptus delegatensis small","Eucalyptus delegatensis large",0.174457823808702,0.00925236658403158,0.339663281033372,0.169020511223991,0.179895136393412,"Potential 1","MtMaurice",0.33041091444934,"small","large","Eucalyptus delegatensis","Eucalyptus delegatensis","small_large","d_TAS","TAS","1","Canopy","Canopy","Canopy_Canopy"
"688","Leptospermum lanigerum small","Eucalyptus delegatensis large",-0.169780278035871,-0.599728755158825,0.260168199087083,-0.177991186761722,-0.16156936931002,"Potential 1","MtMaurice",0.859896954245908,"small","large","Leptospermum lanigerum","Eucalyptus delegatensis","small_large","d_TAS","TAS",NA,"Canopy","Subcanopy","Subcanopy_Canopy"
"689","Eucalyptus delegatensis small","Eucalyptus delegatensis small",0.179242232148832,0.0143925100370875,0.344091954260577,0.169522229508424,0.188962234789241,"Potential 1","MtMaurice",0.32969944422349,"small","small","Eucalyptus delegatensis","Eucalyptus delegatensis","small_small","d_TAS","TAS","1","Canopy","Canopy","Canopy_Canopy"
"690","Leptospermum lanigerum small","Eucalyptus delegatensis small",0.127367882355456,-0.106859110167997,0.361594874878909,0.122700998857025,0.132034765853887,"Potential 1","MtMaurice",0.468453985046906,"small","small","Leptospermum lanigerum","Eucalyptus delegatensis","small_small","d_TAS","TAS",NA,"Canopy","Subcanopy","Subcanopy_Canopy"
"691","Leptospermum lanigerum small","Leptospermum lanigerum small",-0.347646733388673,-1.37190700967247,0.676613542895123,-0.359303857119075,-0.335989609658271,"Potential 1","MtMaurice",2.04852055256759,"small","small","Leptospermum lanigerum","Leptospermum lanigerum","small_small","d_TAS","TAS",NA,"Subcanopy","Subcanopy","Subcanopy_Subcanopy"
"692","Acacia dealbata large","Acacia dealbata large",-0.115087427183096,-0.505784328032943,0.27560947366675,-0.122897082499835,-0.107277771866357,"Potential 1","BenRidge",0.781393801699693,"large","large","Acacia dealbata","Acacia dealbata","large_large","d_TAS","TAS",NA,"Subcanopy","Subcanopy","Subcanopy_Subcanopy"
"693","Acacia dealbata small","Acacia dealbata large",-0.0172246904991916,-0.18076380475366,0.146314423755277,-0.0210502500600145,-0.0133991309383687,"Potential 1","BenRidge",0.327078228508937,"small","large","Acacia dealbata","Acacia dealbata","small_large","d_TAS","TAS",NA,"Subcanopy","Subcanopy","Subcanopy_Subcanopy"
"694","Eucalyptus delegatensis large","Acacia dealbata large",-0.0574160719734039,-0.241805700707674,0.126973556760866,-0.0624484105581551,-0.0523837333886526,"Potential 1","BenRidge",0.368779257468541,"large","large","Eucalyptus delegatensis","Acacia dealbata","large_large","d_TAS","TAS",NA,"Subcanopy","Canopy","Canopy_Subcanopy"
"695","Eucalyptus delegatensis small","Acacia dealbata large",-0.0354973290597837,-0.109554564083221,0.0385599059636537,-0.0372796249576042,-0.0337150331619633,"Potential 1","BenRidge",0.148114470046875,"small","large","Eucalyptus delegatensis","Acacia dealbata","small_large","d_TAS","TAS",NA,"Subcanopy","Canopy","Canopy_Subcanopy"
"696","Tasmannia lanceolata large","Acacia dealbata large",-0.506796822674298,-1.26242284695095,0.248829201602354,-0.524866902122093,-0.488726743226502,"Potential 1","BenRidge",1.5112520485533,"large","large","Tasmannia lanceolata","Acacia dealbata","large_large","d_TAS","TAS",NA,"Subcanopy","Subcanopy","Subcanopy_Subcanopy"
"697","Tasmannia lanceolata small","Acacia dealbata large",-0.0153985090762194,-0.225038694536173,0.194241676383734,-0.0202541731422085,-0.0105428450102303,"Potential 1","BenRidge",0.419280370919907,"small","large","Tasmannia lanceolata","Acacia dealbata","small_large","d_TAS","TAS",NA,"Subcanopy","Subcanopy","Subcanopy_Subcanopy"
"698","Acacia dealbata small","Acacia dealbata small",0.212955700570027,0.0414043836719794,0.384507017468074,0.206285374372943,0.21962602676711,"Potential 1","BenRidge",0.343102633796094,"small","small","Acacia dealbata","Acacia dealbata","small_small","d_TAS","TAS","1","Subcanopy","Subcanopy","Subcanopy_Subcanopy"
"699","Eucalyptus delegatensis large","Acacia dealbata small",0.136627113350767,-0.00408340154111744,0.277337628242652,0.13215622477319,0.141098001928345,"Potential 1","BenRidge",0.281421029783769,"large","small","Eucalyptus delegatensis","Acacia dealbata","large_small","d_TAS","TAS",NA,"Subcanopy","Canopy","Canopy_Subcanopy"
"700","Eucalyptus delegatensis small","Acacia dealbata small",0.00404994416126599,-0.0546159982421694,0.0627158865647014,0.00188689239572751,0.00621299592680447,"Potential 1","BenRidge",0.117331884806871,"small","small","Eucalyptus delegatensis","Acacia dealbata","small_small","d_TAS","TAS",NA,"Subcanopy","Canopy","Canopy_Subcanopy"
"701","Tasmannia lanceolata large","Acacia dealbata small",0.0461614656320315,-0.331332189303796,0.423655120567859,0.0378945985839802,0.0544283326800827,"Potential 1","BenRidge",0.754987309871655,"large","small","Tasmannia lanceolata","Acacia dealbata","large_small","d_TAS","TAS",NA,"Subcanopy","Subcanopy","Subcanopy_Subcanopy"
"702","Tasmannia lanceolata small","Acacia dealbata small",-0.147141416819678,-0.273477984987564,-0.0208048486517914,-0.151009593064289,-0.143273240575066,"Potential 1","BenRidge",0.252673136335772,"small","small","Tasmannia lanceolata","Acacia dealbata","small_small","d_TAS","TAS","1","Subcanopy","Subcanopy","Subcanopy_Subcanopy"
"703","Eucalyptus delegatensis large","Eucalyptus delegatensis large",-0.346746247607261,-0.598363448882143,-0.0951290463323789,-0.3586250850241,-0.334867410190421,"Potential 1","BenRidge",0.503234402549764,"large","large","Eucalyptus delegatensis","Eucalyptus delegatensis","large_large","d_TAS","TAS","1","Canopy","Canopy","Canopy_Canopy"
"704","Eucalyptus delegatensis small","Eucalyptus delegatensis large",-0.0240806931095726,-0.10814645296037,0.0599850667412253,-0.0270252521651423,-0.0211361340540028,"Potential 1","BenRidge",0.168131519701596,"small","large","Eucalyptus delegatensis","Eucalyptus delegatensis","small_large","d_TAS","TAS",NA,"Canopy","Canopy","Canopy_Canopy"
"705","Tasmannia lanceolata large","Eucalyptus delegatensis large",0.0368021491643218,-0.290006851330122,0.363611149658766,0.0278930470685185,0.0457112512601252,"Potential 1","BenRidge",0.653618000988888,"large","large","Tasmannia lanceolata","Eucalyptus delegatensis","large_large","d_TAS","TAS",NA,"Canopy","Subcanopy","Subcanopy_Canopy"
"706","Tasmannia lanceolata small","Eucalyptus delegatensis large",0.0337228642436289,-0.0863588921472083,0.153804620634466,0.0297167410406099,0.037728987446648,"Potential 1","BenRidge",0.240163512781674,"small","large","Tasmannia lanceolata","Eucalyptus delegatensis","small_large","d_TAS","TAS",NA,"Canopy","Subcanopy","Subcanopy_Canopy"
"707","Eucalyptus delegatensis small","Eucalyptus delegatensis small",0.313320988224031,0.17192436220349,0.454717614244572,0.302255142334753,0.324386834113309,"Potential 1","BenRidge",0.282793252041082,"small","small","Eucalyptus delegatensis","Eucalyptus delegatensis","small_small","d_TAS","TAS","1","Canopy","Canopy","Canopy_Canopy"
"708","Tasmannia lanceolata large","Eucalyptus delegatensis small",-0.433669821642471,-0.759383282848974,-0.107956360435969,-0.443030398660816,-0.424309244624127,"Potential 1","BenRidge",0.651426922413006,"large","small","Tasmannia lanceolata","Eucalyptus delegatensis","large_small","d_TAS","TAS","1","Canopy","Subcanopy","Subcanopy_Canopy"
"709","Tasmannia lanceolata small","Eucalyptus delegatensis small",0.0804415216021177,-0.00376968056295297,0.164652723767188,0.0773970941160953,0.0834859490881401,"Potential 1","BenRidge",0.168422404330141,"small","small","Tasmannia lanceolata","Eucalyptus delegatensis","small_small","d_TAS","TAS",NA,"Canopy","Subcanopy","Subcanopy_Canopy"
"710","Tasmannia lanceolata large","Tasmannia lanceolata large",-0.770506490947821,-1.90059143907541,0.359578457179765,-0.797089230591161,-0.743923751304481,"Potential 1","BenRidge",2.26016989625517,"large","large","Tasmannia lanceolata","Tasmannia lanceolata","large_large","d_TAS","TAS",NA,"Subcanopy","Subcanopy","Subcanopy_Subcanopy"
"711","Tasmannia lanceolata small","Tasmannia lanceolata large",0.25594942090475,0.00535609900909778,0.506542742800403,0.248303489861423,0.263595351948077,"Potential 1","BenRidge",0.501186643791305,"small","large","Tasmannia lanceolata","Tasmannia lanceolata","small_large","d_TAS","TAS","1","Subcanopy","Subcanopy","Subcanopy_Subcanopy"
"712","Tasmannia lanceolata small","Tasmannia lanceolata small",0.525224482905743,0.392581422047506,0.657867543763981,0.50943157366534,0.541017392146147,"Potential 1","BenRidge",0.265286121716475,"small","small","Tasmannia lanceolata","Tasmannia lanceolata","small_small","d_TAS","TAS","1","Subcanopy","Subcanopy","Subcanopy_Subcanopy"
"713","Allocasuarina torulosa small","Allocasuarina torulosa small",-0.0209657971958605,-0.694480338956341,0.65254874456462,-0.0321155683384566,-0.00981602605326445,"Potential 1","BirdTree",1.34702908352096,"small","small","Allocasuarina torulosa","Allocasuarina torulosa","small_small","N_NSW","N_AUS",NA,"Subcanopy","Subcanopy","Subcanopy_Subcanopy"
"714","Archontophoenix cunninghamiana small","Allocasuarina torulosa small",-0.0167041679681777,-0.181330044961303,0.147921709024948,-0.0195822616525956,-0.0138260742837598,"Potential 1","BirdTree",0.329251753986251,"small","small","Archontophoenix cunninghamiana","Allocasuarina torulosa","small_small","N_NSW","N_AUS",NA,"Subcanopy","Subcanopy","Subcanopy_Subcanopy"
"715","Cryptocarya rigida small","Allocasuarina torulosa small",-0.0763336192135475,-0.32256837079719,0.169901132370095,-0.0813834644501845,-0.0712837739769105,"Potential 1","BirdTree",0.492469503167285,"small","small","Cryptocarya rigida","Allocasuarina torulosa","small_small","N_NSW","N_AUS",NA,"Subcanopy","Subcanopy","Subcanopy_Subcanopy"
"716","Eucalyptus microcorys small","Allocasuarina torulosa small",0.499165880224804,-0.243274018723406,1.24160577917301,0.487073882865457,0.511257877584151,"Potential 1","BirdTree",1.48487979789642,"small","small","Eucalyptus microcorys","Allocasuarina torulosa","small_small","N_NSW","N_AUS",NA,"Subcanopy","Canopy","Canopy_Subcanopy"
"717","Eucalyptus pilularis large","Allocasuarina torulosa small",-0.405169123464183,-1.74127335426011,0.930935107331748,-0.41999910213755,-0.390339144790817,"Potential 1","BirdTree",2.67220846159186,"large","small","Eucalyptus pilularis","Allocasuarina torulosa","large_small","N_NSW","N_AUS",NA,"Subcanopy","Canopy","Canopy_Subcanopy"
"718","Eucalyptus pilularis small","Allocasuarina torulosa small",-0.0163960625123564,-0.479226280275815,0.446434155251102,-0.0228061257435785,-0.00998599928113422,"Potential 1","BirdTree",0.925660435526917,"small","small","Eucalyptus pilularis","Allocasuarina torulosa","small_small","N_NSW","N_AUS",NA,"Subcanopy","Canopy","Canopy_Subcanopy"
"719","Schizomeria ovata large","Allocasuarina torulosa small",-0.26821287825417,-1.08876300483159,0.552337248323254,-0.279269278800597,-0.257156477707742,"Potential 1","BirdTree",1.64110025315485,"large","small","Schizomeria ovata","Allocasuarina torulosa","large_small","N_NSW","N_AUS",NA,"Subcanopy","Subcanopy","Subcanopy_Subcanopy"
"720","Schizomeria ovata small","Allocasuarina torulosa small",0.181619031690884,-0.105218801533582,0.468456864915349,0.177210662356043,0.186027401025725,"Potential 1","BirdTree",0.573675666448931,"small","small","Schizomeria ovata","Allocasuarina torulosa","small_small","N_NSW","N_AUS",NA,"Subcanopy","Subcanopy","Subcanopy_Subcanopy"
"721","Syncarpia glomulifera subsp glabra small","Allocasuarina torulosa small",0.0180996162083538,-0.749088513920891,0.785287746337599,0.00731932993915778,0.0288799024775497,"Potential 1","BirdTree",1.53437626025849,"small","small","Syncarpia glomulifera","Allocasuarina torulosa","small_small","N_NSW","N_AUS",NA,"Subcanopy","Canopy","Canopy_Subcanopy"
"722","Synoum glandulosum subsp glandulsoum small","Allocasuarina torulosa small",0.146594071794849,-0.158580224265564,0.451768367855262,0.14069068220192,0.152497461387779,"Potential 1","BirdTree",0.610348592120826,"small","small","Synoum glandulosum","Allocasuarina torulosa","small_small","N_NSW","N_AUS",NA,"Subcanopy","Subcanopy","Subcanopy_Subcanopy"
"723","Archontophoenix cunninghamiana small","Archontophoenix cunninghamiana small",0.273579235446424,0.0913687280495346,0.455789742843314,0.262191605513827,0.284966865379021,"Potential 1","BirdTree",0.36442101479378,"small","small","Archontophoenix cunninghamiana","Archontophoenix cunninghamiana","small_small","N_NSW","N_AUS","1","Subcanopy","Subcanopy","Subcanopy_Subcanopy"
"724","Cryptocarya rigida small","Archontophoenix cunninghamiana small",-0.0126646981573627,-0.123048416793596,0.0977190204788706,-0.0159801995723984,-0.00934919674232689,"Potential 1","BirdTree",0.220767437272467,"small","small","Cryptocarya rigida","Archontophoenix cunninghamiana","small_small","N_NSW","N_AUS",NA,"Subcanopy","Subcanopy","Subcanopy_Subcanopy"
"725","Eucalyptus microcorys small","Archontophoenix cunninghamiana small",-0.30705066491197,-0.633432515716625,0.0193311858926841,-0.314000670943002,-0.300100658880939,"Potential 1","BirdTree",0.652763701609309,"small","small","Eucalyptus microcorys","Archontophoenix cunninghamiana","small_small","N_NSW","N_AUS",NA,"Subcanopy","Canopy","Canopy_Subcanopy"
"726","Eucalyptus pilularis large","Archontophoenix cunninghamiana small",-0.245549747388341,-0.630622934303916,0.139523439527234,-0.25221150326245,-0.238887991514231,"Potential 1","BirdTree",0.77014637383115,"large","small","Eucalyptus pilularis","Archontophoenix cunninghamiana","large_small","N_NSW","N_AUS",NA,"Subcanopy","Canopy","Canopy_Subcanopy"
"727","Eucalyptus pilularis small","Archontophoenix cunninghamiana small",0.0759254727141203,-0.135048959938622,0.286899905366862,0.0724098791692211,0.0794410662590195,"Potential 1","BirdTree",0.421948865305484,"small","small","Eucalyptus pilularis","Archontophoenix cunninghamiana","small_small","N_NSW","N_AUS",NA,"Subcanopy","Canopy","Canopy_Subcanopy"
"728","Schizomeria ovata large","Archontophoenix cunninghamiana small",0.0340358897205876,-0.234175078263641,0.302246857704816,0.0293972763977881,0.0386745030433871,"Potential 1","BirdTree",0.536421935968457,"large","small","Schizomeria ovata","Archontophoenix cunninghamiana","large_small","N_NSW","N_AUS",NA,"Subcanopy","Subcanopy","Subcanopy_Subcanopy"
"729","Schizomeria ovata small","Archontophoenix cunninghamiana small",-0.104824860115828,-0.247488655435237,0.0378389352035805,-0.108496314486782,-0.101153405744874,"Potential 1","BirdTree",0.285327590638817,"small","small","Schizomeria ovata","Archontophoenix cunninghamiana","small_small","N_NSW","N_AUS",NA,"Subcanopy","Subcanopy","Subcanopy_Subcanopy"
"730","Syncarpia glomulifera subsp glabra small","Archontophoenix cunninghamiana small",0.102564339481424,-0.199305675310744,0.404434354273592,0.0975671903355071,0.107561488627341,"Potential 1","BirdTree",0.603740029584336,"small","small","Syncarpia glomulifera","Archontophoenix cunninghamiana","small_small","N_NSW","N_AUS",NA,"Subcanopy","Canopy","Canopy_Subcanopy"
"731","Synoum glandulosum subsp glandulsoum small","Archontophoenix cunninghamiana small",0.109204698367937,-0.056068817696206,0.274478214432081,0.106132609399776,0.112276787336098,"Potential 1","BirdTree",0.330547032128287,"small","small","Synoum glandulosum","Archontophoenix cunninghamiana","small_small","N_NSW","N_AUS",NA,"Subcanopy","Subcanopy","Subcanopy_Subcanopy"
"732","Cryptocarya rigida small","Cryptocarya rigida small",-0.00897651791163586,-0.274059843780233,0.256106807956961,-0.0170627383200783,-0.000890297503193456,"Potential 1","BirdTree",0.530166651737195,"small","small","Cryptocarya rigida","Cryptocarya rigida","small_small","N_NSW","N_AUS",NA,"Subcanopy","Subcanopy","Subcanopy_Subcanopy"
"733","Eucalyptus microcorys small","Cryptocarya rigida small",0.0674627895905738,-0.310705768492848,0.445631347673996,0.0596629277316951,0.0752626514494526,"Potential 1","BirdTree",0.756337116166844,"small","small","Eucalyptus microcorys","Cryptocarya rigida","small_small","N_NSW","N_AUS",NA,"Subcanopy","Canopy","Canopy_Subcanopy"
"734","Eucalyptus pilularis large","Cryptocarya rigida small",0.0879572783381883,-0.381969501570962,0.557884058247339,0.0784281477384512,0.0974864089379254,"Potential 1","BirdTree",0.939853559818301,"large","small","Eucalyptus pilularis","Cryptocarya rigida","large_small","N_NSW","N_AUS",NA,"Subcanopy","Canopy","Canopy_Subcanopy"
"735","Eucalyptus pilularis small","Cryptocarya rigida small",0.00240210952126133,-0.291411388948967,0.29621560799149,-0.00289740691822936,0.00770162596075203,"Potential 1","BirdTree",0.587626996940456,"small","small","Eucalyptus pilularis","Cryptocarya rigida","small_small","N_NSW","N_AUS",NA,"Subcanopy","Canopy","Canopy_Subcanopy"
"736","Schizomeria ovata large","Cryptocarya rigida small",-0.226287010378166,-0.634952611639516,0.182378590883183,-0.23313241391115,-0.219441606845183,"Potential 1","BirdTree",0.8173312025227,"large","small","Schizomeria ovata","Cryptocarya rigida","large_small","N_NSW","N_AUS",NA,"Subcanopy","Subcanopy","Subcanopy_Subcanopy"
"737","Schizomeria ovata small","Cryptocarya rigida small",-0.03115294473559,-0.237928628310869,0.175622738839689,-0.0355283889654884,-0.0267775005056916,"Potential 1","BirdTree",0.413551367150558,"small","small","Schizomeria ovata","Cryptocarya rigida","small_small","N_NSW","N_AUS",NA,"Subcanopy","Subcanopy","Subcanopy_Subcanopy"
"738","Syncarpia glomulifera subsp glabra small","Cryptocarya rigida small",0.0884681783019511,-0.339410891122166,0.516347247726068,0.0812502377892362,0.0956861188146659,"Potential 1","BirdTree",0.855758138848235,"small","small","Syncarpia glomulifera","Cryptocarya rigida","small_small","N_NSW","N_AUS",NA,"Subcanopy","Canopy","Canopy_Subcanopy"
"739","Synoum glandulosum subsp glandulsoum small","Cryptocarya rigida small",0.0519488015723577,-0.117016389121065,0.220913992265781,0.0478200559760678,0.0560775471686475,"Potential 1","BirdTree",0.337930381386846,"small","small","Synoum glandulosum","Cryptocarya rigida","small_small","N_NSW","N_AUS",NA,"Subcanopy","Subcanopy","Subcanopy_Subcanopy"
"740","Eucalyptus microcorys small","Eucalyptus microcorys small",-0.457131695405554,-1.35470725275091,0.440443861939797,-0.472638354119392,-0.441625036691716,"Potential 1","BirdTree",1.7951511146907,"small","small","Eucalyptus microcorys","Eucalyptus microcorys","small_small","N_NSW","N_AUS",NA,"Canopy","Canopy","Canopy_Canopy"
"741","Eucalyptus pilularis large","Eucalyptus microcorys small",0.130399858400823,-1.77503432107686,2.03583403787851,0.110963408962385,0.149836307839262,"Potential 1","BirdTree",3.81086835895537,"large","small","Eucalyptus pilularis","Eucalyptus microcorys","large_small","N_NSW","N_AUS",NA,"Canopy","Canopy","Canopy_Canopy"
"742","Eucalyptus pilularis small","Eucalyptus microcorys small",0.059551151112041,-0.645202501684104,0.764304803908186,0.0487421655827568,0.0703601366413252,"Potential 1","BirdTree",1.40950730559229,"small","small","Eucalyptus pilularis","Eucalyptus microcorys","small_small","N_NSW","N_AUS",NA,"Canopy","Canopy","Canopy_Canopy"
"743","Schizomeria ovata large","Eucalyptus microcorys small",0.39375499535632,-0.765744327920409,1.55325431863305,0.378789516220067,0.408720474492573,"Potential 1","BirdTree",2.31899864655346,"large","small","Schizomeria ovata","Eucalyptus microcorys","large_small","N_NSW","N_AUS",NA,"Canopy","Subcanopy","Subcanopy_Canopy"
"744","Schizomeria ovata small","Eucalyptus microcorys small",-0.652281545720271,-1.3500082427287,0.0454451512881616,-0.663655117258959,-0.640907974181583,"Potential 1","BirdTree",1.39545339401687,"small","small","Schizomeria ovata","Eucalyptus microcorys","small_small","N_NSW","N_AUS",NA,"Canopy","Subcanopy","Subcanopy_Canopy"
"745","Syncarpia glomulifera subsp glabra small","Eucalyptus microcorys small",0.334158033065943,-0.704220206287337,1.37253627241922,0.317730934676601,0.350585131455286,"Potential 1","BirdTree",2.07675647870656,"small","small","Syncarpia glomulifera","Eucalyptus microcorys","small_small","N_NSW","N_AUS",NA,"Canopy","Canopy","Canopy_Canopy"
"746","Synoum glandulosum subsp glandulsoum small","Eucalyptus microcorys small",0.15901309294955,-0.292082654805346,0.610108840704446,0.150197511061746,0.167828674837353,"Potential 1","BirdTree",0.902191495509792,"small","small","Synoum glandulosum","Eucalyptus microcorys","small_small","N_NSW","N_AUS",NA,"Canopy","Subcanopy","Subcanopy_Canopy"
"747","Eucalyptus pilularis large","Eucalyptus pilularis large",-2.23485150829967,-4.17450960539808,-0.295193411201251,-2.26726872794679,-2.20243428865254,"Potential 1","BirdTree",3.87931619419683,"large","large","Eucalyptus pilularis","Eucalyptus pilularis","large_large","N_NSW","N_AUS","1","Canopy","Canopy","Canopy_Canopy"
"748","Eucalyptus pilularis small","Eucalyptus pilularis large",0.422100747400412,-0.324604942126133,1.16880643692696,0.4072037183464,0.436997776454424,"Potential 1","BirdTree",1.49341137905309,"small","large","Eucalyptus pilularis","Eucalyptus pilularis","small_large","N_NSW","N_AUS",NA,"Canopy","Canopy","Canopy_Canopy"
"749","Schizomeria ovata large","Eucalyptus pilularis large",1.4581102213611,0.219499121607888,2.69672132111431,1.43378466420409,1.48243577851811,"Potential 1","BirdTree",2.47722219950642,"large","large","Schizomeria ovata","Eucalyptus pilularis","large_large","N_NSW","N_AUS","1","Canopy","Subcanopy","Subcanopy_Canopy"
"750","Schizomeria ovata small","Eucalyptus pilularis large",-0.205287919259105,-0.751969676318811,0.341393837800601,-0.21506577835312,-0.195510060165091,"Potential 1","BirdTree",1.09336351411941,"small","large","Schizomeria ovata","Eucalyptus pilularis","small_large","N_NSW","N_AUS",NA,"Canopy","Subcanopy","Subcanopy_Canopy"
"751","Syncarpia glomulifera subsp glabra small","Eucalyptus pilularis large",1.17353037911526,-0.385139465622971,2.73220022385349,1.14970611030179,1.19735464792872,"Potential 1","BirdTree",3.11733968947646,"small","large","Syncarpia glomulifera","Eucalyptus pilularis","small_large","N_NSW","N_AUS",NA,"Canopy","Canopy","Canopy_Canopy"
"752","Synoum glandulosum subsp glandulsoum small","Eucalyptus pilularis large",0.324503924028022,-0.20670932162971,0.855717169685755,0.314954264823976,0.334053583232068,"Potential 1","BirdTree",1.06242649131546,"small","large","Synoum glandulosum","Eucalyptus pilularis","small_large","N_NSW","N_AUS",NA,"Canopy","Subcanopy","Subcanopy_Canopy"
"753","Eucalyptus pilularis small","Eucalyptus pilularis small",-0.324798810871523,-0.95746495795439,0.307867336211344,-0.334034558651701,-0.315563063091345,"Potential 1","BirdTree",1.26533229416573,"small","small","Eucalyptus pilularis","Eucalyptus pilularis","small_small","N_NSW","N_AUS",NA,"Canopy","Canopy","Canopy_Canopy"
"754","Schizomeria ovata large","Eucalyptus pilularis small",-0.477901012724951,-1.18675510702584,0.230953081575934,-0.489077263514721,-0.466724761935181,"Potential 1","BirdTree",1.41770818860177,"large","small","Schizomeria ovata","Eucalyptus pilularis","large_small","N_NSW","N_AUS",NA,"Canopy","Subcanopy","Subcanopy_Canopy"
"755","Schizomeria ovata small","Eucalyptus pilularis small",0.201377817359506,-0.114359708488323,0.517115343207335,0.195429058658346,0.207326576060666,"Potential 1","BirdTree",0.631475051695658,"small","small","Schizomeria ovata","Eucalyptus pilularis","small_small","N_NSW","N_AUS",NA,"Canopy","Subcanopy","Subcanopy_Canopy"
"756","Syncarpia glomulifera subsp glabra small","Eucalyptus pilularis small",0.0481995599862314,-0.652022856944206,0.748421976916668,0.0388508406515977,0.057548279320865,"Potential 1","BirdTree",1.40044483386087,"small","small","Syncarpia glomulifera","Eucalyptus pilularis","small_small","N_NSW","N_AUS",NA,"Canopy","Canopy","Canopy_Canopy"
"757","Synoum glandulosum subsp glandulsoum small","Eucalyptus pilularis small",0.185873796315297,-0.115133534293028,0.486881126923622,0.180784377465457,0.190963215165137,"Potential 1","BirdTree",0.602014661216651,"small","small","Synoum glandulosum","Eucalyptus pilularis","small_small","N_NSW","N_AUS",NA,"Canopy","Subcanopy","Subcanopy_Canopy"
"758","Schizomeria ovata large","Schizomeria ovata large",-1.06043075316738,-2.41821131562136,0.297349809286595,-1.08157588937688,-1.03928561695788,"Potential 1","BirdTree",2.71556112490795,"large","large","Schizomeria ovata","Schizomeria ovata","large_large","N_NSW","N_AUS",NA,"Subcanopy","Subcanopy","Subcanopy_Subcanopy"
"759","Schizomeria ovata small","Schizomeria ovata large",0.450384450363336,-0.122000648824489,1.02276954955116,0.441942047226681,0.458826853499992,"Potential 1","BirdTree",1.14477019837565,"small","large","Schizomeria ovata","Schizomeria ovata","small_large","N_NSW","N_AUS",NA,"Subcanopy","Subcanopy","Subcanopy_Subcanopy"
"760","Syncarpia glomulifera subsp glabra small","Schizomeria ovata large",-1.09015480662227,-2.6204337171204,0.44012410387586,-1.10999450661408,-1.07031510663046,"Potential 1","BirdTree",3.06055782099626,"small","large","Syncarpia glomulifera","Schizomeria ovata","small_large","N_NSW","N_AUS",NA,"Subcanopy","Canopy","Canopy_Subcanopy"
"761","Synoum glandulosum subsp glandulsoum small","Schizomeria ovata large",0.0593170082573146,-0.413608750695113,0.532242767209742,0.0516498603258461,0.0669841561887832,"Potential 1","BirdTree",0.945851517904855,"small","large","Synoum glandulosum","Schizomeria ovata","small_large","N_NSW","N_AUS",NA,"Subcanopy","Subcanopy","Subcanopy_Subcanopy"
"762","Schizomeria ovata small","Schizomeria ovata small",-0.103117195329954,-0.465465843529912,0.259231452870004,-0.112286879651303,-0.0939475110086045,"Potential 1","BirdTree",0.724697296399915,"small","small","Schizomeria ovata","Schizomeria ovata","small_small","N_NSW","N_AUS",NA,"Subcanopy","Subcanopy","Subcanopy_Subcanopy"
"763","Syncarpia glomulifera subsp glabra small","Schizomeria ovata small",0.330017539449902,-0.231499722976032,0.891534801875836,0.321348378596693,0.338686700303111,"Potential 1","BirdTree",1.12303452485187,"small","small","Syncarpia glomulifera","Schizomeria ovata","small_small","N_NSW","N_AUS",NA,"Subcanopy","Canopy","Canopy_Subcanopy"
"764","Synoum glandulosum subsp glandulsoum small","Schizomeria ovata small",-0.056411243469758,-0.322538733851821,0.209716246912306,-0.0606126631967232,-0.0522098237427927,"Potential 1","BirdTree",0.532254980764127,"small","small","Synoum glandulosum","Schizomeria ovata","small_small","N_NSW","N_AUS",NA,"Subcanopy","Subcanopy","Subcanopy_Subcanopy"
"765","Syncarpia glomulifera subsp glabra small","Syncarpia glomulifera subsp glabra small",-0.937533425451318,-2.58274909966911,0.707682248766473,-0.956810012429731,-0.918256838472905,"Potential 1","BirdTree",3.29043134843558,"small","small","Syncarpia glomulifera","Syncarpia glomulifera","small_small","N_NSW","N_AUS",NA,"Canopy","Canopy","Canopy_Canopy"
"766","Synoum glandulosum subsp glandulsoum small","Syncarpia glomulifera subsp glabra small",-0.353727675077324,-0.8968068653681,0.189351515213451,-0.361940824098575,-0.345514526056073,"Potential 1","BirdTree",1.08615838058155,"small","small","Synoum glandulosum","Syncarpia glomulifera","small_small","N_NSW","N_AUS",NA,"Canopy","Subcanopy","Subcanopy_Canopy"
"767","Synoum glandulosum subsp glandulsoum small","Synoum glandulosum subsp glandulsoum small",0.114943192805766,-0.137223605487692,0.367109991099225,0.107770051591511,0.122116334020022,"Potential 1","BirdTree",0.504333596586916,"small","small","Synoum glandulosum","Synoum glandulosum","small_small","N_NSW","N_AUS",NA,"Subcanopy","Subcanopy","Subcanopy_Subcanopy"
"768","Acacia melanoxylon small","Acacia melanoxylon small",0.0524675860288002,-0.273536238624728,0.378471410682329,0.0465158434566472,0.0584193286009532,"Potential 1","Bird",0.652007649307057,"small","small","Acacia melanoxylon","Acacia melanoxylon","small_small","o_TAS","TAS",NA,"Subcanopy","Subcanopy","Subcanopy_Subcanopy"
"769","Eucalyptus obliqua large","Acacia melanoxylon small",0.103368293389629,-0.122921856250307,0.329658443029565,0.0993720249054911,0.107364561873766,"Potential 1","Bird",0.452580299279872,"large","small","Eucalyptus obliqua","Acacia melanoxylon","large_small","o_TAS","TAS",NA,"Subcanopy","Canopy","Canopy_Subcanopy"
"770","Eucalyptus obliqua small","Acacia melanoxylon small",-0.145847759609377,-0.358719949102051,0.0670244298832956,-0.149392901480941,-0.142302617737814,"Potential 1","Bird",0.425744378985346,"small","small","Eucalyptus obliqua","Acacia melanoxylon","small_small","o_TAS","TAS",NA,"Subcanopy","Canopy","Canopy_Subcanopy"
"771","Monotoca glauca small","Acacia melanoxylon small",0.253857508401805,-0.0476821650269847,0.555397181830595,0.249202393237654,0.258512623565956,"Potential 1","Bird",0.60307934685758,"small","small","Monotoca glauca","Acacia melanoxylon","small_small","o_TAS","TAS",NA,"Subcanopy","Subcanopy","Subcanopy_Subcanopy"
"772","Nothofagus cunninghamii large","Acacia melanoxylon small",-0.016604954856011,-0.2522871530969,0.219077243384878,-0.0198551166355668,-0.0133547930764552,"Potential 1","Bird",0.471364396481779,"large","small","Nothofagus cunninghamii","Acacia melanoxylon","large_small","o_TAS","TAS",NA,"Subcanopy","Subcanopy","Subcanopy_Subcanopy"
"773","Nothofagus cunninghamii small","Acacia melanoxylon small",0.0511995253769888,-0.0575529272966808,0.159951978050658,0.0488375468240232,0.0535615039299545,"Potential 1","Bird",0.217504905347339,"small","small","Nothofagus cunninghamii","Acacia melanoxylon","small_small","o_TAS","TAS",NA,"Subcanopy","Subcanopy","Subcanopy_Subcanopy"
"774","Phyllocladus aspleniifolius small","Acacia melanoxylon small",0.239464777880984,-0.105444880194173,0.584374435956141,0.234368368573934,0.244561187188034,"Potential 1","Bird",0.689819316150314,"small","small","Phyllocladus aspleniifolius","Acacia melanoxylon","small_small","o_TAS","TAS",NA,"Subcanopy","Subcanopy","Subcanopy_Subcanopy"
"775","Eucalyptus obliqua large","Eucalyptus obliqua large",-0.132527980149567,-0.440326601197883,0.175270640898749,-0.138852426833601,-0.126203533465534,"Potential 1","Bird",0.615597242096631,"large","large","Eucalyptus obliqua","Eucalyptus obliqua","large_large","o_TAS","TAS",NA,"Canopy","Canopy","Canopy_Canopy"
"776","Eucalyptus obliqua small","Eucalyptus obliqua large",0.0610765112410541,-0.153818078095216,0.275971100577324,0.0567464014036783,0.0654066210784299,"Potential 1","Bird",0.42978917867254,"small","large","Eucalyptus obliqua","Eucalyptus obliqua","small_large","o_TAS","TAS",NA,"Canopy","Canopy","Canopy_Canopy"
"777","Monotoca glauca small","Eucalyptus obliqua large",-0.0226131150592563,-0.343464685916285,0.298238455797773,-0.0274942195349299,-0.0177320105835828,"Potential 1","Bird",0.641703141714058,"small","large","Monotoca glauca","Eucalyptus obliqua","small_large","o_TAS","TAS",NA,"Canopy","Subcanopy","Subcanopy_Canopy"
"778","Nothofagus cunninghamii large","Eucalyptus obliqua large",-0.0901013507788975,-0.318208663101614,0.138005961543819,-0.0940357748789655,-0.0861669266788294,"Potential 1","Bird",0.456214624645434,"large","large","Nothofagus cunninghamii","Eucalyptus obliqua","large_large","o_TAS","TAS",NA,"Canopy","Subcanopy","Subcanopy_Canopy"
"779","Nothofagus cunninghamii small","Eucalyptus obliqua large",0.0499635343683762,-0.0590842072452469,0.159011275981999,0.0472719972702783,0.0526550714664741,"Potential 1","Bird",0.218095483227246,"small","large","Nothofagus cunninghamii","Eucalyptus obliqua","small_large","o_TAS","TAS",NA,"Canopy","Subcanopy","Subcanopy_Canopy"
"780","Phyllocladus aspleniifolius small","Eucalyptus obliqua large",0.334250944042765,-0.105278374225415,0.773780262310945,0.326636318336059,0.341865569749471,"Potential 1","Bird",0.87905863653636,"small","large","Phyllocladus aspleniifolius","Eucalyptus obliqua","small_large","o_TAS","TAS",NA,"Canopy","Subcanopy","Subcanopy_Canopy"
"781","Eucalyptus obliqua small","Eucalyptus obliqua small",-0.0712974457334902,-0.364516412624343,0.221921521157362,-0.0781105799158857,-0.0644843115510946,"Potential 1","Bird",0.586437933781705,"small","small","Eucalyptus obliqua","Eucalyptus obliqua","small_small","o_TAS","TAS",NA,"Canopy","Canopy","Canopy_Canopy"
"782","Monotoca glauca small","Eucalyptus obliqua small",0.235950812280552,-0.0752052238289762,0.54710684839008,0.229835194758106,0.242066429802998,"Potential 1","Bird",0.622312072219056,"small","small","Monotoca glauca","Eucalyptus obliqua","small_small","o_TAS","TAS",NA,"Canopy","Subcanopy","Subcanopy_Canopy"
"783","Nothofagus cunninghamii large","Eucalyptus obliqua small",0.10829780018675,-0.130268516735314,0.346864117108815,0.103772999213491,0.11282260116001,"Potential 1","Bird",0.477132633844129,"large","small","Nothofagus cunninghamii","Eucalyptus obliqua","large_small","o_TAS","TAS",NA,"Canopy","Subcanopy","Subcanopy_Canopy"
"784","Nothofagus cunninghamii small","Eucalyptus obliqua small",0.0989232332347094,-0.0203838382876247,0.218230304757044,0.0958894009432132,0.101957065526206,"Potential 1","Bird",0.238614143044668,"small","small","Nothofagus cunninghamii","Eucalyptus obliqua","small_small","o_TAS","TAS",NA,"Canopy","Subcanopy","Subcanopy_Canopy"
"785","Phyllocladus aspleniifolius small","Eucalyptus obliqua small",0.28926996462328,-0.0405496235889979,0.619089552835558,0.283034645832298,0.295505283414262,"Potential 1","Bird",0.659639176424555,"small","small","Phyllocladus aspleniifolius","Eucalyptus obliqua","small_small","o_TAS","TAS",NA,"Canopy","Subcanopy","Subcanopy_Canopy"
"786","Monotoca glauca small","Monotoca glauca small",-0.0579417190409906,-0.661701002566294,0.545817564484313,-0.0665864498151207,-0.0492969882668605,"Potential 1","Bird",1.20751856705061,"small","small","Monotoca glauca","Monotoca glauca","small_small","o_TAS","TAS",NA,"Subcanopy","Subcanopy","Subcanopy_Subcanopy"
"787","Nothofagus cunninghamii large","Monotoca glauca small",-0.046725222966694,-0.384155639784089,0.290705193850701,-0.0519172863095686,-0.0415331596238195,"Potential 1","Bird",0.674860833634791,"large","small","Nothofagus cunninghamii","Monotoca glauca","large_small","o_TAS","TAS",NA,"Subcanopy","Subcanopy","Subcanopy_Subcanopy"
"788","Nothofagus cunninghamii small","Monotoca glauca small",-0.272937948295881,-0.44093853453019,-0.104937362061572,-0.277774322250857,-0.268101574340905,"Potential 1","Bird",0.336001172468617,"small","small","Nothofagus cunninghamii","Monotoca glauca","small_small","o_TAS","TAS","1","Subcanopy","Subcanopy","Subcanopy_Subcanopy"
"789","Phyllocladus aspleniifolius small","Monotoca glauca small",-0.110097944955994,-0.694500877376582,0.474304987464595,-0.117572120447512,-0.102623769464475,"Potential 1","Bird",1.16880586484118,"small","small","Phyllocladus aspleniifolius","Monotoca glauca","small_small","o_TAS","TAS",NA,"Subcanopy","Subcanopy","Subcanopy_Subcanopy"
"790","Nothofagus cunninghamii large","Nothofagus cunninghamii large",-0.186233263136738,-0.534661285322472,0.162194759048996,-0.191909915534956,-0.18055661073852,"Potential 1","Bird",0.696856044371469,"large","large","Nothofagus cunninghamii","Nothofagus cunninghamii","large_large","o_TAS","TAS",NA,"Subcanopy","Subcanopy","Subcanopy_Subcanopy"
"791","Nothofagus cunninghamii small","Nothofagus cunninghamii large",0.0363749688601057,-0.0835704808568879,0.156320418577099,0.0335584062618713,0.03919153145834,"Potential 1","Bird",0.239890899433987,"small","large","Nothofagus cunninghamii","Nothofagus cunninghamii","small_large","o_TAS","TAS",NA,"Subcanopy","Subcanopy","Subcanopy_Subcanopy"
"792","Phyllocladus aspleniifolius small","Nothofagus cunninghamii large",0.136995683199914,-0.290220726237044,0.564212092636871,0.131348037057208,0.14264332934262,"Potential 1","Bird",0.854432818873915,"small","large","Phyllocladus aspleniifolius","Nothofagus cunninghamii","small_large","o_TAS","TAS",NA,"Subcanopy","Subcanopy","Subcanopy_Subcanopy"
"793","Nothofagus cunninghamii small","Nothofagus cunninghamii small",0.396341279664101,0.273705759901086,0.518976799427117,0.385977678717992,0.406704880610211,"Potential 1","Bird",0.245271039526031,"small","small","Nothofagus cunninghamii","Nothofagus cunninghamii","small_small","o_TAS","TAS","1","Subcanopy","Subcanopy","Subcanopy_Subcanopy"
"794","Phyllocladus aspleniifolius small","Nothofagus cunninghamii small",-0.121805861311106,-0.320391225048245,0.0767795024260335,-0.125719678919218,-0.117892043702993,"Potential 1","Bird",0.397170727474278,"small","small","Phyllocladus aspleniifolius","Nothofagus cunninghamii","small_small","o_TAS","TAS",NA,"Subcanopy","Subcanopy","Subcanopy_Subcanopy"
"795","Phyllocladus aspleniifolius small","Phyllocladus aspleniifolius small",-0.419045926922861,-1.19043986721249,0.352348013366766,-0.430066081946512,-0.408025771899211,"Potential 1","Bird",1.54278788057925,"small","small","Phyllocladus aspleniifolius","Phyllocladus aspleniifolius","small_small","o_TAS","TAS",NA,"Subcanopy","Subcanopy","Subcanopy_Subcanopy"
"796","Allocasuarina torulosa small","Allocasuarina torulosa small",0.0774574520098519,-0.32385516706628,0.478770071085984,0.0656968891677991,0.0892180148519047,"Potential 1","Bruxner",0.802625238152264,"small","small","Allocasuarina torulosa","Allocasuarina torulosa","small_small","N_NSW","N_AUS",NA,"Subcanopy","Subcanopy","Subcanopy_Subcanopy"
"797","Archontophoenix cunninghamiana small","Allocasuarina torulosa small",0.0339836962498435,-0.162913731525634,0.230881124025321,0.0291482002535182,0.0388191922461689,"Potential 1","Bruxner",0.393794855550956,"small","small","Archontophoenix cunninghamiana","Allocasuarina torulosa","small_small","N_NSW","N_AUS",NA,"Subcanopy","Subcanopy","Subcanopy_Subcanopy"
"798","Caldcluvia paniculosa small","Allocasuarina torulosa small",-0.119114331220851,-0.404425696498864,0.166197034057163,-0.124924710112267,-0.113303952329435,"Potential 1","Bruxner",0.570622730556027,"small","small","Caldcluvia paniculosa","Allocasuarina torulosa","small_small","N_NSW","N_AUS",NA,"Subcanopy","Subcanopy","Subcanopy_Subcanopy"
"799","Ceratopetalum apetalum small","Allocasuarina torulosa small",0.0246115966645775,-0.349665114455181,0.398888307784336,0.0183422194801943,0.0308809738489606,"Potential 1","Bruxner",0.748553422239518,"small","small","Ceratopetalum apetalum","Allocasuarina torulosa","small_small","N_NSW","N_AUS",NA,"Subcanopy","Subcanopy","Subcanopy_Subcanopy"
"800","Eucalyptus grandis large","Allocasuarina torulosa small",0.209104826526438,-0.250432028129318,0.668641681182194,0.201402383390386,0.21680726966249,"Potential 1","Bruxner",0.919073709311513,"large","small","Eucalyptus grandis","Allocasuarina torulosa","large_small","N_NSW","N_AUS",NA,"Subcanopy","Canopy","Canopy_Subcanopy"
"801","Eucalyptus grandis small","Allocasuarina torulosa small",0.159073236478551,-0.166007345207898,0.484153818165,0.151480916535565,0.166665556421537,"Potential 1","Bruxner",0.650161163372897,"small","small","Eucalyptus grandis","Allocasuarina torulosa","small_small","N_NSW","N_AUS",NA,"Subcanopy","Canopy","Canopy_Subcanopy"
"802","Geissois benthamii small","Allocasuarina torulosa small",-0.99515178079565,-2.39129517421063,0.400991612619326,-1.01459381974137,-0.975709741849926,"Potential 1","Bruxner",2.79228678682995,"small","small","Geissois benthamii","Allocasuarina torulosa","small_small","N_NSW","N_AUS",NA,"Subcanopy","Subcanopy","Subcanopy_Subcanopy"
"803","Lophostemon sp. small","Allocasuarina torulosa small",0.00129462220724824,-0.279363081773037,0.281952326187533,-0.0029617804639637,0.00555102487846019,"Potential 1","Bruxner",0.56131540796057,"small","small","Lophostemon sp","Allocasuarina torulosa","small_small","N_NSW","N_AUS",NA,"Subcanopy","Canopy","Canopy_Subcanopy"
"804","Niemeyeria whitei small","Allocasuarina torulosa small",-0.0393874775816119,-0.630049441746169,0.551274486582945,-0.0476563723635129,-0.0311185827997109,"Potential 1","Bruxner",1.18132392832911,"small","small","Niemeyeria whitei","Allocasuarina torulosa","small_small","N_NSW","N_AUS",NA,"Subcanopy","Subcanopy","Subcanopy_Subcanopy"
"805","Schizomeria ovata small","Allocasuarina torulosa small",0.475189955540116,-0.204055098521157,1.15443500960139,0.464368062678125,0.486011848402107,"Potential 1","Bruxner",1.35849010812255,"small","small","Schizomeria ovata","Allocasuarina torulosa","small_small","N_NSW","N_AUS",NA,"Subcanopy","Subcanopy","Subcanopy_Subcanopy"
"806","Syncarpia glomulifera subsp glabra small","Allocasuarina torulosa small",0.10607435238391,-0.34497504418943,0.55712374895725,0.0981961175919583,0.113952587175862,"Potential 1","Bruxner",0.90209879314668,"small","small","Syncarpia glomulifera","Allocasuarina torulosa","small_small","N_NSW","N_AUS",NA,"Subcanopy","Canopy","Canopy_Subcanopy"
"807","Archontophoenix cunninghamiana small","Archontophoenix cunninghamiana small",0.218100909439628,0.073663915649622,0.362537903229635,0.207963653941606,0.228238164937651,"Potential 1","Bruxner",0.288873987580013,"small","small","Archontophoenix cunninghamiana","Archontophoenix cunninghamiana","small_small","N_NSW","N_AUS","1","Subcanopy","Subcanopy","Subcanopy_Subcanopy"
"808","Caldcluvia paniculosa small","Archontophoenix cunninghamiana small",0.063168060085246,-0.0628994179731506,0.189235538143643,0.0594076162210655,0.0669285039494266,"Potential 1","Bruxner",0.252134956116793,"small","small","Caldcluvia paniculosa","Archontophoenix cunninghamiana","small_small","N_NSW","N_AUS",NA,"Subcanopy","Subcanopy","Subcanopy_Subcanopy"
"809","Ceratopetalum apetalum small","Archontophoenix cunninghamiana small",0.0785046385391459,-0.032389632210614,0.189398909288906,0.0740403307787693,0.0829689462995225,"Potential 1","Bruxner",0.22178854149952,"small","small","Ceratopetalum apetalum","Archontophoenix cunninghamiana","small_small","N_NSW","N_AUS",NA,"Subcanopy","Subcanopy","Subcanopy_Subcanopy"
"810","Eucalyptus grandis large","Archontophoenix cunninghamiana small",-0.267337584843075,-0.497532708371495,-0.0371424613146562,-0.273449939450597,-0.261225230235553,"Potential 1","Bruxner",0.460390247056838,"large","small","Eucalyptus grandis","Archontophoenix cunninghamiana","large_small","N_NSW","N_AUS","1","Subcanopy","Canopy","Canopy_Subcanopy"
"811","Eucalyptus grandis small","Archontophoenix cunninghamiana small",-0.0550925498522877,-0.196489397923218,0.086304298218643,-0.0591326730476677,-0.0510524266569077,"Potential 1","Bruxner",0.282793696141862,"small","small","Eucalyptus grandis","Archontophoenix cunninghamiana","small_small","N_NSW","N_AUS",NA,"Subcanopy","Canopy","Canopy_Subcanopy"
"812","Geissois benthamii small","Archontophoenix cunninghamiana small",0.0446402121854005,-0.21155981943144,0.300840243802241,0.0388338569685686,0.0504465674022324,"Potential 1","Bruxner",0.512400063233681,"small","small","Geissois benthamii","Archontophoenix cunninghamiana","small_small","N_NSW","N_AUS",NA,"Subcanopy","Subcanopy","Subcanopy_Subcanopy"
"813","Lophostemon sp. small","Archontophoenix cunninghamiana small",-0.102844806305311,-0.236337881423885,0.030648268813262,-0.105908353086123,-0.0997812595245001,"Potential 1","Bruxner",0.266986150237147,"small","small","Lophostemon sp","Archontophoenix cunninghamiana","small_small","N_NSW","N_AUS",NA,"Subcanopy","Canopy","Canopy_Subcanopy"
"814","Niemeyeria whitei small","Archontophoenix cunninghamiana small",0.0955015430016671,-0.212265266660534,0.403268352663868,0.090364452277219,0.100638633726115,"Potential 1","Bruxner",0.615533619324401,"small","small","Niemeyeria whitei","Archontophoenix cunninghamiana","small_small","N_NSW","N_AUS",NA,"Subcanopy","Subcanopy","Subcanopy_Subcanopy"
"815","Schizomeria ovata small","Archontophoenix cunninghamiana small",0.0556500621307529,-0.247199066135144,0.35849919039665,0.0499627670519994,0.0613373572095064,"Potential 1","Bruxner",0.605698256531794,"small","small","Schizomeria ovata","Archontophoenix cunninghamiana","small_small","N_NSW","N_AUS",NA,"Subcanopy","Subcanopy","Subcanopy_Subcanopy"
"816","Syncarpia glomulifera subsp glabra small","Archontophoenix cunninghamiana small",0.0292740989638258,-0.192515699074456,0.251063897002108,0.024143826258286,0.0344043716693656,"Potential 1","Bruxner",0.443579596076564,"small","small","Syncarpia glomulifera","Archontophoenix cunninghamiana","small_small","N_NSW","N_AUS",NA,"Subcanopy","Canopy","Canopy_Subcanopy"
"817","Caldcluvia paniculosa small","Caldcluvia paniculosa small",0.317414960013393,0.122364684437619,0.512465235589167,0.307626618482618,0.327203301544168,"Potential 1","Bruxner",0.390100551151548,"small","small","Caldcluvia paniculosa","Caldcluvia paniculosa","small_small","N_NSW","N_AUS","1","Subcanopy","Subcanopy","Subcanopy_Subcanopy"
"818","Ceratopetalum apetalum small","Caldcluvia paniculosa small",-0.107304592132822,-0.298812370155169,0.0842031858895252,-0.110616677653927,-0.103992506611717,"Potential 1","Bruxner",0.383015556044695,"small","small","Ceratopetalum apetalum","Caldcluvia paniculosa","small_small","N_NSW","N_AUS",NA,"Subcanopy","Subcanopy","Subcanopy_Subcanopy"
"819","Eucalyptus grandis large","Caldcluvia paniculosa small",0.0625676102458474,-0.240705264869308,0.365840485361003,0.0570342553649191,0.0681009651267757,"Potential 1","Bruxner",0.606545750230311,"large","small","Eucalyptus grandis","Caldcluvia paniculosa","large_small","N_NSW","N_AUS",NA,"Subcanopy","Canopy","Canopy_Subcanopy"
"820","Eucalyptus grandis small","Caldcluvia paniculosa small",0.138919162318774,-0.0569061899231676,0.334744514560715,0.133742382268563,0.144095942368984,"Potential 1","Bruxner",0.391650704483882,"small","small","Eucalyptus grandis","Caldcluvia paniculosa","small_small","N_NSW","N_AUS",NA,"Subcanopy","Canopy","Canopy_Subcanopy"
"821","Geissois benthamii small","Caldcluvia paniculosa small",-0.111701809699569,-0.566419465768541,0.343015846369403,-0.118798426753776,-0.104605192645362,"Potential 1","Bruxner",0.909435312137944,"small","small","Geissois benthamii","Caldcluvia paniculosa","small_small","N_NSW","N_AUS",NA,"Subcanopy","Subcanopy","Subcanopy_Subcanopy"
"822","Lophostemon sp. small","Caldcluvia paniculosa small",-0.00677858207314614,-0.176487964331664,0.162930800185372,-0.00990130138897082,-0.00365586275732146,"Potential 1","Bruxner",0.339418764517036,"small","small","Lophostemon sp","Caldcluvia paniculosa","small_small","N_NSW","N_AUS",NA,"Subcanopy","Canopy","Canopy_Subcanopy"
"823","Niemeyeria whitei small","Caldcluvia paniculosa small",-0.38766858179331,-0.951386122885696,0.176048959299075,-0.394602354926783,-0.380734808659837,"Potential 1","Bruxner",1.12743508218477,"small","small","Niemeyeria whitei","Caldcluvia paniculosa","small_small","N_NSW","N_AUS",NA,"Subcanopy","Subcanopy","Subcanopy_Subcanopy"
"824","Schizomeria ovata small","Caldcluvia paniculosa small",0.178383810041002,-0.184250422909388,0.541018042991393,0.173199129065078,0.183568491016927,"Potential 1","Bruxner",0.725268465900781,"small","small","Schizomeria ovata","Caldcluvia paniculosa","small_small","N_NSW","N_AUS",NA,"Subcanopy","Subcanopy","Subcanopy_Subcanopy"
"825","Syncarpia glomulifera subsp glabra small","Caldcluvia paniculosa small",0.0030460881547884,-0.272054532014404,0.278146708323981,-0.00391591086620762,0.0100080871757844,"Potential 1","Bruxner",0.550201240338384,"small","small","Syncarpia glomulifera","Caldcluvia paniculosa","small_small","N_NSW","N_AUS",NA,"Subcanopy","Canopy","Canopy_Subcanopy"
"826","Ceratopetalum apetalum small","Ceratopetalum apetalum small",0.266364914571168,0.0837532092883484,0.448976619853989,0.255098859136088,0.277630970006249,"Potential 1","Bruxner",0.36522341056564,"small","small","Ceratopetalum apetalum","Ceratopetalum apetalum","small_small","N_NSW","N_AUS","1","Subcanopy","Subcanopy","Subcanopy_Subcanopy"
"827","Eucalyptus grandis large","Ceratopetalum apetalum small",0.232427253614498,-0.0520099687622349,0.516864475991231,0.224576409315672,0.240278097913324,"Potential 1","Bruxner",0.568874444753466,"large","small","Eucalyptus grandis","Ceratopetalum apetalum","large_small","N_NSW","N_AUS",NA,"Subcanopy","Canopy","Canopy_Subcanopy"
"828","Eucalyptus grandis small","Ceratopetalum apetalum small",0.0549325290417217,-0.0964400708952989,0.206305128978742,0.0498378312658692,0.0600272268175743,"Potential 1","Bruxner",0.302745199874041,"small","small","Eucalyptus grandis","Ceratopetalum apetalum","small_small","N_NSW","N_AUS",NA,"Subcanopy","Canopy","Canopy_Subcanopy"
"829","Geissois benthamii small","Ceratopetalum apetalum small",0.150978135164473,-0.158651194142308,0.460607464471254,0.143178053964397,0.158778216364548,"Potential 1","Bruxner",0.619258658613562,"small","small","Geissois benthamii","Ceratopetalum apetalum","small_small","N_NSW","N_AUS",NA,"Subcanopy","Subcanopy","Subcanopy_Subcanopy"
"830","Lophostemon sp. small","Ceratopetalum apetalum small",-0.0681759590845392,-0.202865565820935,0.0665136476518566,-0.0718567567279863,-0.0644951614410921,"Potential 1","Bruxner",0.269379213472792,"small","small","Lophostemon sp","Ceratopetalum apetalum","small_small","N_NSW","N_AUS",NA,"Subcanopy","Canopy","Canopy_Subcanopy"
"831","Niemeyeria whitei small","Ceratopetalum apetalum small",-0.0301126939108814,-0.31813152171991,0.257906133898147,-0.0365612698259863,-0.0236641179957766,"Potential 1","Bruxner",0.576037655618058,"small","small","Niemeyeria whitei","Ceratopetalum apetalum","small_small","N_NSW","N_AUS",NA,"Subcanopy","Subcanopy","Subcanopy_Subcanopy"
"832","Schizomeria ovata small","Ceratopetalum apetalum small",-0.111433851669522,-0.440750230321932,0.217882526982887,-0.117808591949709,-0.105059111389336,"Potential 1","Bruxner",0.658632757304818,"small","small","Schizomeria ovata","Ceratopetalum apetalum","small_small","N_NSW","N_AUS",NA,"Subcanopy","Subcanopy","Subcanopy_Subcanopy"
"833","Syncarpia glomulifera subsp glabra small","Ceratopetalum apetalum small",-0.151138750527115,-0.570173923891972,0.267896422837742,-0.158621021211575,-0.143656479842655,"Potential 1","Bruxner",0.838070346729713,"small","small","Syncarpia glomulifera","Ceratopetalum apetalum","small_small","N_NSW","N_AUS",NA,"Subcanopy","Canopy","Canopy_Subcanopy"
"834","Eucalyptus grandis large","Eucalyptus grandis large",-0.775325918697967,-1.4308244277417,-0.119827409654236,-0.791623714721925,-0.75902812267401,"Potential 1","Bruxner",1.31099701808746,"large","large","Eucalyptus grandis","Eucalyptus grandis","large_large","N_NSW","N_AUS","1","Canopy","Canopy","Canopy_Canopy"
"835","Eucalyptus grandis small","Eucalyptus grandis large",0.378563802525297,0.04592357115535,0.711204033895244,0.368763593554271,0.388364011496323,"Potential 1","Bruxner",0.665280462739894,"small","large","Eucalyptus grandis","Eucalyptus grandis","small_large","N_NSW","N_AUS","1","Canopy","Canopy","Canopy_Canopy"
"836","Geissois benthamii small","Eucalyptus grandis large",0.1389196494611,-0.327180093218179,0.605019392140379,0.127348268341382,0.150491030580818,"Potential 1","Bruxner",0.932199485358558,"small","large","Geissois benthamii","Eucalyptus grandis","small_large","N_NSW","N_AUS",NA,"Canopy","Subcanopy","Subcanopy_Canopy"
"837","Lophostemon sp. small","Eucalyptus grandis large",-0.191834739052016,-0.496861013422959,0.113191535318927,-0.197834939726194,-0.185834538377839,"Potential 1","Bruxner",0.610052548741886,"small","large","Lophostemon sp","Eucalyptus grandis","small_large","N_NSW","N_AUS",NA,"Canopy","Canopy","Canopy_Canopy"
"838","Niemeyeria whitei small","Eucalyptus grandis large",0.204448887850549,-0.47828334803214,0.887181123733237,0.193935023827693,0.214962751873405,"Potential 1","Bruxner",1.36546447176538,"small","large","Niemeyeria whitei","Eucalyptus grandis","small_large","N_NSW","N_AUS",NA,"Canopy","Subcanopy","Subcanopy_Canopy"
"839","Schizomeria ovata small","Eucalyptus grandis large",0.00339988910945428,-0.604281558597605,0.611081336816514,-0.00719273230220004,0.0139925105211086,"Potential 1","Bruxner",1.21536289541412,"small","large","Schizomeria ovata","Eucalyptus grandis","small_large","N_NSW","N_AUS",NA,"Canopy","Subcanopy","Subcanopy_Canopy"
"840","Syncarpia glomulifera subsp glabra small","Eucalyptus grandis large",0.450288444588367,-0.204784930871954,1.10536182004869,0.439126776525925,0.461450112650809,"Potential 1","Bruxner",1.31014675092064,"small","large","Syncarpia glomulifera","Eucalyptus grandis","small_large","N_NSW","N_AUS",NA,"Canopy","Canopy","Canopy_Canopy"
"841","Eucalyptus grandis small","Eucalyptus grandis small",0.0156156738528259,-0.254648949740026,0.285880297445677,0.00536971975924681,0.0258616279464049,"Potential 1","Bruxner",0.540529247185703,"small","small","Eucalyptus grandis","Eucalyptus grandis","small_small","N_NSW","N_AUS",NA,"Canopy","Canopy","Canopy_Canopy"
"842","Geissois benthamii small","Eucalyptus grandis small",0.193095382701962,-0.154146920687691,0.540337686091615,0.185133739865885,0.201057025538038,"Potential 1","Bruxner",0.694484606779306,"small","small","Geissois benthamii","Eucalyptus grandis","small_small","N_NSW","N_AUS",NA,"Canopy","Subcanopy","Subcanopy_Canopy"
"843","Lophostemon sp. small","Eucalyptus grandis small",0.126874091279657,-0.042909150778986,0.2966573333383,0.122309117170554,0.13143906538876,"Potential 1","Bruxner",0.339566484117286,"small","small","Lophostemon sp","Eucalyptus grandis","small_small","N_NSW","N_AUS",NA,"Canopy","Canopy","Canopy_Canopy"
"844","Niemeyeria whitei small","Eucalyptus grandis small",0.110839553868369,-0.272010723561117,0.493689831297856,0.101430557247068,0.12024855048967,"Potential 1","Bruxner",0.765700554858973,"small","small","Niemeyeria whitei","Eucalyptus grandis","small_small","N_NSW","N_AUS",NA,"Canopy","Subcanopy","Subcanopy_Canopy"
"845","Schizomeria ovata small","Eucalyptus grandis small",-0.282841358142445,-0.763075485355731,0.197392769070842,-0.291641589787261,-0.274041126497628,"Potential 1","Bruxner",0.960468254426573,"small","small","Schizomeria ovata","Eucalyptus grandis","small_small","N_NSW","N_AUS",NA,"Canopy","Subcanopy","Subcanopy_Canopy"
"846","Syncarpia glomulifera subsp glabra small","Eucalyptus grandis small",-0.163623740485798,-0.57028539092155,0.243037909949954,-0.17335925353478,-0.153888227436816,"Potential 1","Bruxner",0.813323300871504,"small","small","Syncarpia glomulifera","Eucalyptus grandis","small_small","N_NSW","N_AUS",NA,"Canopy","Canopy","Canopy_Canopy"
"847","Geissois benthamii small","Geissois benthamii small",-0.282730060594372,-1.05734506187949,0.491884940690746,-0.295022364997016,-0.270437756191727,"Potential 1","Bruxner",1.54923000257023,"small","small","Geissois benthamii","Geissois benthamii","small_small","N_NSW","N_AUS",NA,"Subcanopy","Subcanopy","Subcanopy_Subcanopy"
"848","Lophostemon sp. small","Geissois benthamii small",0.166976647550983,-0.146382493954267,0.480335789056233,0.16125543034473,0.172697864757235,"Potential 1","Bruxner",0.6267182830105,"small","small","Lophostemon sp","Geissois benthamii","small_small","N_NSW","N_AUS",NA,"Subcanopy","Canopy","Canopy_Subcanopy"
"849","Niemeyeria whitei small","Geissois benthamii small",-0.368303098884954,-1.12643799868663,0.38983180091672,-0.379026959827795,-0.357579237942112,"Potential 1","Bruxner",1.51626979960335,"small","small","Niemeyeria whitei","Geissois benthamii","small_small","N_NSW","N_AUS",NA,"Subcanopy","Subcanopy","Subcanopy_Subcanopy"
"850","Schizomeria ovata small","Geissois benthamii small",0.77029516312407,-0.196653969778024,1.73724429602616,0.754694345634242,0.785895980613899,"Potential 1","Bruxner",1.93389826580419,"small","small","Schizomeria ovata","Geissois benthamii","small_small","N_NSW","N_AUS",NA,"Subcanopy","Subcanopy","Subcanopy_Subcanopy"
"851","Syncarpia glomulifera subsp glabra small","Geissois benthamii small",-0.472075485464377,-1.92992565485588,0.985774683927125,-0.490722358557743,-0.45342861237101,"Potential 1","Bruxner",2.915700338783,"small","small","Syncarpia glomulifera","Geissois benthamii","small_small","N_NSW","N_AUS",NA,"Subcanopy","Canopy","Canopy_Subcanopy"
"852","Lophostemon sp. small","Lophostemon sp. small",0.168280243897728,-0.0850438686955594,0.421604356491016,0.16134271971339,0.175217768082066,"Potential 1","Bruxner",0.506648225186575,"small","small","Lophostemon sp","Lophostemon sp","small_small","N_NSW","N_AUS",NA,"Canopy","Canopy","Canopy_Canopy"
"853","Niemeyeria whitei small","Lophostemon sp. small",0.0811255268772956,-0.188752424627309,0.3510034783819,0.0768373322128321,0.0854137215417592,"Potential 1","Bruxner",0.53975590300921,"small","small","Niemeyeria whitei","Lophostemon sp","small_small","N_NSW","N_AUS",NA,"Canopy","Subcanopy","Subcanopy_Canopy"
"854","Schizomeria ovata small","Lophostemon sp. small",0.0624885726109441,-0.240097368929106,0.365074514150994,0.0580295253796831,0.066947619842205,"Potential 1","Bruxner",0.605171883080101,"small","small","Schizomeria ovata","Lophostemon sp","small_small","N_NSW","N_AUS",NA,"Canopy","Subcanopy","Subcanopy_Canopy"
"855","Syncarpia glomulifera subsp glabra small","Lophostemon sp. small",0.223607858904084,-0.170849953052659,0.618065670860826,0.217648535800792,0.229567182007375,"Potential 1","Bruxner",0.788915623913485,"small","small","Syncarpia glomulifera","Lophostemon sp","small_small","N_NSW","N_AUS",NA,"Canopy","Canopy","Canopy_Canopy"
"856","Niemeyeria whitei small","Niemeyeria whitei small",-0.146955909763473,-1.17724944852695,0.883337629000007,-0.158640197828129,-0.135271621698816,"Potential 1","Bruxner",2.06058707752696,"small","small","Niemeyeria whitei","Niemeyeria whitei","small_small","N_NSW","N_AUS",NA,"Subcanopy","Subcanopy","Subcanopy_Subcanopy"
"857","Schizomeria ovata small","Niemeyeria whitei small",0.452131050293706,-0.419993833971529,1.32425593455894,0.441245510760288,0.463016589827125,"Potential 1","Bruxner",1.74424976853047,"small","small","Schizomeria ovata","Niemeyeria whitei","small_small","N_NSW","N_AUS",NA,"Subcanopy","Subcanopy","Subcanopy_Subcanopy"
"858","Syncarpia glomulifera subsp glabra small","Niemeyeria whitei small",-0.0210154328121391,-1.00774112031648,0.965710254692206,-0.032542821856502,-0.00948804376777605,"Potential 1","Bruxner",1.97345137500869,"small","small","Syncarpia glomulifera","Niemeyeria whitei","small_small","N_NSW","N_AUS",NA,"Subcanopy","Canopy","Canopy_Subcanopy"
"859","Schizomeria ovata small","Schizomeria ovata small",-0.74485731700678,-2.09053921342746,0.6008245794139,-0.760548475522091,-0.72916615849147,"Potential 1","Bruxner",2.69136379284136,"small","small","Schizomeria ovata","Schizomeria ovata","small_small","N_NSW","N_AUS",NA,"Subcanopy","Subcanopy","Subcanopy_Subcanopy"
"860","Syncarpia glomulifera subsp glabra small","Schizomeria ovata small",-0.291590562484703,-1.19665900774684,0.613477882777433,-0.303141922072114,-0.280039202897292,"Potential 1","Bruxner",1.81013689052427,"small","small","Syncarpia glomulifera","Schizomeria ovata","small_small","N_NSW","N_AUS",NA,"Subcanopy","Canopy","Canopy_Subcanopy"
"861","Syncarpia glomulifera subsp glabra small","Syncarpia glomulifera subsp glabra small",-0.0935357769855789,-0.881340629707114,0.694269075735956,-0.104112499547561,-0.0829590544235963,"Potential 1","Bruxner",1.57560970544307,"small","small","Syncarpia glomulifera","Syncarpia glomulifera","small_small","N_NSW","N_AUS",NA,"Canopy","Canopy","Canopy_Canopy"
"862","Acacia mucronata small","Acacia mucronata small",0.0497508773683727,-0.320736152429788,0.420237907166534,0.0400971317319804,0.059404623004765,"Potential 1","BlackRiver",0.740974059596322,"small","small","Acacia mucronata","Acacia mucronata","small_small","o_TAS","TAS",NA,"Subcanopy","Subcanopy","Subcanopy_Subcanopy"
"863","Eucalyptus obliqua large","Acacia mucronata small",0.179401917694288,-0.277148188640142,0.635952024028718,0.172438623047962,0.186365212340614,"Potential 1","BlackRiver",0.913100212668859,"large","small","Eucalyptus obliqua","Acacia mucronata","large_small","o_TAS","TAS",NA,"Subcanopy","Canopy","Canopy_Subcanopy"
"864","Eucalyptus obliqua small","Acacia mucronata small",-0.0159835192434116,-0.257958469858353,0.22599143137153,-0.0203338403438048,-0.0116331981430184,"Potential 1","BlackRiver",0.483949901229883,"small","small","Eucalyptus obliqua","Acacia mucronata","small_small","o_TAS","TAS",NA,"Subcanopy","Canopy","Canopy_Subcanopy"
"865","Eucalyptus ovata large","Acacia mucronata small",0.402837090890176,-0.433679895533555,1.23935407731391,0.39327769237872,0.412396489401633,"Potential 1","BlackRiver",1.67303397284746,"large","small","Eucalyptus ovata","Acacia mucronata","large_small","o_TAS","TAS",NA,"Subcanopy","Canopy","Canopy_Subcanopy"
"866","Eucalyptus ovata small","Acacia mucronata small",0.340138227702838,-0.103363784866104,0.783640240271781,0.330745114396447,0.34953134100923,"Potential 1","BlackRiver",0.887004025137886,"small","small","Eucalyptus ovata","Acacia mucronata","small_small","o_TAS","TAS",NA,"Subcanopy","Canopy","Canopy_Subcanopy"
"867","Leptospermum scoparium small","Acacia mucronata small",-0.162762395817093,-0.541040912155905,0.21551612052172,-0.169894123428835,-0.15563066820535,"Potential 1","BlackRiver",0.756557032677625,"small","small","Leptospermum scoparium","Acacia mucronata","small_small","o_TAS","TAS",NA,"Subcanopy","Subcanopy","Subcanopy_Subcanopy"
"868","Monotoca glauca small","Acacia mucronata small",-0.180579915357986,-0.420138433659717,0.0589786029437453,-0.185181368810909,-0.175978461905062,"Potential 1","BlackRiver",0.479117036603462,"small","small","Monotoca glauca","Acacia mucronata","small_small","o_TAS","TAS",NA,"Subcanopy","Subcanopy","Subcanopy_Subcanopy"
"869","Nematolepis squamea subsp squamea large","Acacia mucronata small",0.232360638811192,-0.189902634714391,0.654623912336776,0.225199352801216,0.239521924821169,"Potential 1","BlackRiver",0.844526547051168,"large","small","Nematolepis squamea","Acacia mucronata","large_small","o_TAS","TAS",NA,"Subcanopy","Subcanopy","Subcanopy_Subcanopy"
"870","Nematolepis squamea subsp squamea small","Acacia mucronata small",-0.0172947022197291,-0.194484275130078,0.159894870690619,-0.0242740598799689,-0.0103153445594893,"Potential 1","BlackRiver",0.354379145820697,"small","small","Nematolepis squamea","Acacia mucronata","small_small","o_TAS","TAS",NA,"Subcanopy","Subcanopy","Subcanopy_Subcanopy"
"871","Zieria arborescens small","Acacia mucronata small",-0.335519144373447,-0.998608448487424,0.32757015974053,-0.344192538230548,-0.326845750516346,"Potential 1","BlackRiver",1.32617860822795,"small","small","Zieria arborescens","Acacia mucronata","small_small","o_TAS","TAS",NA,"Subcanopy","Subcanopy","Subcanopy_Subcanopy"
"872","Eucalyptus obliqua large","Eucalyptus obliqua large",-0.869085089510974,-1.56049455821249,-0.177675620809461,-0.884217300872955,-0.853952878148992,"Potential 1","BlackRiver",1.38281893740302,"large","large","Eucalyptus obliqua","Eucalyptus obliqua","large_large","o_TAS","TAS","1","Canopy","Canopy","Canopy_Canopy"
"873","Eucalyptus obliqua small","Eucalyptus obliqua large",0.0763740944414833,-0.26305236543368,0.415800554316646,0.0703495130888755,0.082398675794091,"Potential 1","BlackRiver",0.678852919750326,"small","large","Eucalyptus obliqua","Eucalyptus obliqua","small_large","o_TAS","TAS",NA,"Canopy","Canopy","Canopy_Canopy"
"874","Eucalyptus ovata large","Eucalyptus obliqua large",-0.612825984514497,-1.29889921949319,0.0732472504641967,-0.623150190412319,-0.602501778616676,"Potential 1","BlackRiver",1.37214646995739,"large","large","Eucalyptus ovata","Eucalyptus obliqua","large_large","o_TAS","TAS",NA,"Canopy","Canopy","Canopy_Canopy"
"875","Eucalyptus ovata small","Eucalyptus obliqua large",-0.611869645606788,-1.13750847830562,-0.0862308129079606,-0.621696410085498,-0.602042881128079,"Potential 1","BlackRiver",1.05127766539766,"small","large","Eucalyptus ovata","Eucalyptus obliqua","small_large","o_TAS","TAS","1","Canopy","Canopy","Canopy_Canopy"
"876","Leptospermum scoparium small","Eucalyptus obliqua large",0.434388227656547,-0.0555121963545932,0.924288651667687,0.425343343866506,0.443433111446588,"Potential 1","BlackRiver",0.97980084802228,"small","large","Leptospermum scoparium","Eucalyptus obliqua","small_large","o_TAS","TAS",NA,"Canopy","Subcanopy","Subcanopy_Canopy"
"877","Monotoca glauca small","Eucalyptus obliqua large",-0.0748102537519548,-0.313883999231806,0.164263491727897,-0.0804379312125734,-0.0691825762913362,"Potential 1","BlackRiver",0.478147490959703,"small","large","Monotoca glauca","Eucalyptus obliqua","small_large","o_TAS","TAS",NA,"Canopy","Subcanopy","Subcanopy_Canopy"
"878","Nematolepis squamea subsp squamea large","Eucalyptus obliqua large",0.552904891394931,-0.0710465568294786,1.17685633961934,0.545273420594908,0.560536362194955,"Potential 1","BlackRiver",1.24790289644882,"large","large","Nematolepis squamea","Eucalyptus obliqua","large_large","o_TAS","TAS",NA,"Canopy","Subcanopy","Subcanopy_Canopy"
"879","Nematolepis squamea subsp squamea small","Eucalyptus obliqua large",-0.0449517458817232,-0.276040364240758,0.186136872477311,-0.0507585622911289,-0.0391449294723176,"Potential 1","BlackRiver",0.462177236718069,"small","large","Nematolepis squamea","Eucalyptus obliqua","small_large","o_TAS","TAS",NA,"Canopy","Subcanopy","Subcanopy_Canopy"
"880","Zieria arborescens small","Eucalyptus obliqua large",0.904603220384172,0.0186525556819248,1.79055388508642,0.890908399724246,0.918298041044097,"Potential 1","BlackRiver",1.77190132940449,"small","large","Zieria arborescens","Eucalyptus obliqua","small_large","o_TAS","TAS","1","Canopy","Subcanopy","Subcanopy_Canopy"
"881","Eucalyptus obliqua small","Eucalyptus obliqua small",0.12680222432538,-0.0587431960477988,0.312347644698559,0.120445447766951,0.13315900088381,"Potential 1","BlackRiver",0.371090840746358,"small","small","Eucalyptus obliqua","Eucalyptus obliqua","small_small","o_TAS","TAS",NA,"Canopy","Canopy","Canopy_Canopy"
"882","Eucalyptus ovata large","Eucalyptus obliqua small",0.330655754417279,-0.221699230361131,0.883010739195688,0.323358587689811,0.337952921144746,"Potential 1","BlackRiver",1.10470996955682,"large","small","Eucalyptus ovata","Eucalyptus obliqua","large_small","o_TAS","TAS",NA,"Canopy","Canopy","Canopy_Canopy"
"883","Eucalyptus ovata small","Eucalyptus obliqua small",0.00804652965579686,-0.26501174941946,0.281104808731054,0.00205427769590644,0.0140387816156873,"Potential 1","BlackRiver",0.546116558150514,"small","small","Eucalyptus ovata","Eucalyptus obliqua","small_small","o_TAS","TAS",NA,"Canopy","Canopy","Canopy_Canopy"
"884","Leptospermum scoparium small","Eucalyptus obliqua small",-0.0180749318609092,-0.232708613580413,0.196558749858595,-0.022801846163724,-0.0133480175580943,"Potential 1","BlackRiver",0.429267363439008,"small","small","Leptospermum scoparium","Eucalyptus obliqua","small_small","o_TAS","TAS",NA,"Canopy","Subcanopy","Subcanopy_Canopy"
"885","Monotoca glauca small","Eucalyptus obliqua small",0.00488101855984099,-0.12432837631464,0.134090413434322,0.00155787042209949,0.00820416669758248,"Potential 1","BlackRiver",0.258418789748963,"small","small","Monotoca glauca","Eucalyptus obliqua","small_small","o_TAS","TAS",NA,"Canopy","Subcanopy","Subcanopy_Canopy"
"886","Nematolepis squamea subsp squamea large","Eucalyptus obliqua small",-0.252494411686576,-0.52882995917614,0.0238411358029885,-0.256817452214326,-0.248171371158826,"Potential 1","BlackRiver",0.552671094979128,"large","small","Nematolepis squamea","Eucalyptus obliqua","large_small","o_TAS","TAS",NA,"Canopy","Subcanopy","Subcanopy_Canopy"
"887","Nematolepis squamea subsp squamea small","Eucalyptus obliqua small",0.0108892942782107,-0.131651916245751,0.153430504802172,0.00669058417371786,0.0150880043827035,"Potential 1","BlackRiver",0.285082421047923,"small","small","Nematolepis squamea","Eucalyptus obliqua","small_small","o_TAS","TAS",NA,"Canopy","Subcanopy","Subcanopy_Canopy"
"888","Zieria arborescens small","Eucalyptus obliqua small",-0.11395834409099,-0.386779973889251,0.158863285707271,-0.119634160141307,-0.108282528040674,"Potential 1","BlackRiver",0.545643259596522,"small","small","Zieria arborescens","Eucalyptus obliqua","small_small","o_TAS","TAS",NA,"Canopy","Subcanopy","Subcanopy_Canopy"
"889","Eucalyptus ovata large","Eucalyptus ovata large",-1.42429791666566,-3.52324385958064,0.674648026249329,-1.44276275485655,-1.40583307847477,"Potential 1","BlackRiver",4.19789188582997,"large","large","Eucalyptus ovata","Eucalyptus ovata","large_large","o_TAS","TAS",NA,"Canopy","Canopy","Canopy_Canopy"
"890","Eucalyptus ovata small","Eucalyptus ovata large",-0.499406474936299,-1.35902147584044,0.360208525967845,-0.510836611524402,-0.487976338348195,"Potential 1","BlackRiver",1.71923000180829,"small","large","Eucalyptus ovata","Eucalyptus ovata","small_large","o_TAS","TAS",NA,"Canopy","Canopy","Canopy_Canopy"
"891","Leptospermum scoparium small","Eucalyptus ovata large",0.394145448591889,-0.38193339397131,1.17022429115509,0.382864988050827,0.40542590913295,"Potential 1","BlackRiver",1.5521576851264,"small","large","Leptospermum scoparium","Eucalyptus ovata","small_large","o_TAS","TAS",NA,"Canopy","Subcanopy","Subcanopy_Canopy"
"892","Monotoca glauca small","Eucalyptus ovata large",0.126159378096193,-0.283517193273878,0.535835949466263,0.120067566340522,0.132251189851863,"Potential 1","BlackRiver",0.819353142740141,"small","large","Monotoca glauca","Eucalyptus ovata","small_large","o_TAS","TAS",NA,"Canopy","Subcanopy","Subcanopy_Canopy"
"893","Nematolepis squamea subsp squamea large","Eucalyptus ovata large",0.411919516428933,-0.516338897973897,1.34017793083176,0.40155222067599,0.422286812181875,"Potential 1","BlackRiver",1.85651682880566,"large","large","Nematolepis squamea","Eucalyptus ovata","large_large","o_TAS","TAS",NA,"Canopy","Subcanopy","Subcanopy_Canopy"
"894","Nematolepis squamea subsp squamea small","Eucalyptus ovata large",-0.0172365227899299,-0.393192257539782,0.358719211959923,-0.024664680142033,-0.00980836543782682,"Potential 1","BlackRiver",0.751911469499705,"small","large","Nematolepis squamea","Eucalyptus ovata","small_large","o_TAS","TAS",NA,"Canopy","Subcanopy","Subcanopy_Canopy"
"895","Zieria arborescens small","Eucalyptus ovata large",0.90205766198178,-0.451152178827417,2.25526750279098,0.886523916615686,0.917591407347873,"Potential 1","BlackRiver",2.70641968161839,"small","large","Zieria arborescens","Eucalyptus ovata","small_large","o_TAS","TAS",NA,"Canopy","Subcanopy","Subcanopy_Canopy"
"896","Eucalyptus ovata small","Eucalyptus ovata small",-0.655063422088723,-1.38293776700897,0.0728109228315234,-0.670960899707225,-0.639165944470221,"Potential 1","BlackRiver",1.45574868984049,"small","small","Eucalyptus ovata","Eucalyptus ovata","small_small","o_TAS","TAS",NA,"Canopy","Canopy","Canopy_Canopy"
"897","Leptospermum scoparium small","Eucalyptus ovata small",0.57426812709108,0.080266234539442,1.06827001964272,0.562687952246887,0.585848301935274,"Potential 1","BlackRiver",0.988003785103277,"small","small","Leptospermum scoparium","Eucalyptus ovata","small_small","o_TAS","TAS","1","Canopy","Subcanopy","Subcanopy_Canopy"
"898","Monotoca glauca small","Eucalyptus ovata small",-0.0333969812114321,-0.287833343102269,0.221039380679405,-0.0387708184546526,-0.0280231439682115,"Potential 1","BlackRiver",0.508872723781673,"small","small","Monotoca glauca","Eucalyptus ovata","small_small","o_TAS","TAS",NA,"Canopy","Subcanopy","Subcanopy_Canopy"
"899","Nematolepis squamea subsp squamea large","Eucalyptus ovata small",-0.129735233167383,-0.723843922318328,0.464373455983561,-0.139315979612144,-0.120154486722622,"Potential 1","BlackRiver",1.18821737830189,"large","small","Nematolepis squamea","Eucalyptus ovata","large_small","o_TAS","TAS",NA,"Canopy","Subcanopy","Subcanopy_Canopy"
"900","Nematolepis squamea subsp squamea small","Eucalyptus ovata small",0.200158505617391,-0.0469631581766727,0.447280169411455,0.192882021712371,0.207434989522411,"Potential 1","BlackRiver",0.494243327588128,"small","small","Nematolepis squamea","Eucalyptus ovata","small_small","o_TAS","TAS",NA,"Canopy","Subcanopy","Subcanopy_Canopy"
"901","Zieria arborescens small","Eucalyptus ovata small",0.708863428226514,-0.257932856537222,1.67565971299025,0.696054600237028,0.721672256216,"Potential 1","BlackRiver",1.93359256952747,"small","small","Zieria arborescens","Eucalyptus ovata","small_small","o_TAS","TAS",NA,"Canopy","Subcanopy","Subcanopy_Canopy"
"902","Leptospermum scoparium small","Leptospermum scoparium small",-0.0431339843551778,-0.466779783352029,0.380511814641673,-0.0526390322297285,-0.033628936480627,"Potential 1","BlackRiver",0.847291597993702,"small","small","Leptospermum scoparium","Leptospermum scoparium","small_small","o_TAS","TAS",NA,"Subcanopy","Subcanopy","Subcanopy_Subcanopy"
"903","Monotoca glauca small","Leptospermum scoparium small",0.150296616089406,-0.0874593435989953,0.388052575777807,0.144186051397333,0.156407180781479,"Potential 1","BlackRiver",0.475511919376802,"small","small","Monotoca glauca","Leptospermum scoparium","small_small","o_TAS","TAS",NA,"Subcanopy","Subcanopy","Subcanopy_Subcanopy"
"904","Nematolepis squamea subsp squamea large","Leptospermum scoparium small",-0.0857024739437555,-0.47399480895663,0.30258986106912,-0.0930456998608207,-0.0783592480266902,"Potential 1","BlackRiver",0.77658467002575,"large","small","Nematolepis squamea","Leptospermum scoparium","large_small","o_TAS","TAS",NA,"Subcanopy","Subcanopy","Subcanopy_Subcanopy"
"905","Nematolepis squamea subsp squamea small","Leptospermum scoparium small",0.0210419930705922,-0.20726908645661,0.249353072597795,0.0142997084605068,0.0277842776806776,"Potential 1","BlackRiver",0.456622159054405,"small","small","Nematolepis squamea","Leptospermum scoparium","small_small","o_TAS","TAS",NA,"Subcanopy","Subcanopy","Subcanopy_Subcanopy"
"906","Zieria arborescens small","Leptospermum scoparium small",-0.175769166068284,-0.788308214650289,0.436769882513721,-0.186223865455086,-0.165314466681482,"Potential 1","BlackRiver",1.22507809716401,"small","small","Zieria arborescens","Leptospermum scoparium","small_small","o_TAS","TAS",NA,"Subcanopy","Subcanopy","Subcanopy_Subcanopy"
"907","Monotoca glauca small","Monotoca glauca small",0.00412917083579032,-0.225162762420063,0.233421104091643,-0.00442792147513602,0.0126862631467167,"Potential 1","BlackRiver",0.458583866511706,"small","small","Monotoca glauca","Monotoca glauca","small_small","o_TAS","TAS",NA,"Subcanopy","Subcanopy","Subcanopy_Subcanopy"
"908","Nematolepis squamea subsp squamea large","Monotoca glauca small",-0.0204299496422393,-0.26581203756621,0.224952138281731,-0.0247787390599912,-0.0160811602244874,"Potential 1","BlackRiver",0.490764175847941,"large","small","Nematolepis squamea","Monotoca glauca","large_small","o_TAS","TAS",NA,"Subcanopy","Subcanopy","Subcanopy_Subcanopy"
"909","Nematolepis squamea subsp squamea small","Monotoca glauca small",-0.0510439858443821,-0.180890147174243,0.0788021754854785,-0.0552270320873065,-0.0468609396014578,"Potential 1","BlackRiver",0.259692322659721,"small","small","Nematolepis squamea","Monotoca glauca","small_small","o_TAS","TAS",NA,"Subcanopy","Subcanopy","Subcanopy_Subcanopy"
"910","Zieria arborescens small","Monotoca glauca small",-0.359886571228934,-0.743494612998528,0.02372147054066,-0.366162873697184,-0.353610268760684,"Potential 1","BlackRiver",0.767216083539188,"small","small","Zieria arborescens","Monotoca glauca","small_small","o_TAS","TAS",NA,"Subcanopy","Subcanopy","Subcanopy_Subcanopy"
"911","Nematolepis squamea subsp squamea large","Nematolepis squamea subsp squamea large",-0.173215875539722,-0.722920658211938,0.376488907132495,-0.181810641326515,-0.164621109752928,"Potential 1","BlackRiver",1.09940956534443,"large","large","Nematolepis squamea","Nematolepis squamea","large_large","o_TAS","TAS",NA,"Subcanopy","Subcanopy","Subcanopy_Subcanopy"
"912","Nematolepis squamea subsp squamea small","Nematolepis squamea subsp squamea large",0.176505641754211,-0.0871711627273573,0.44018244623578,0.170280386129034,0.182730897379388,"Potential 1","BlackRiver",0.527353608963137,"small","large","Nematolepis squamea","Nematolepis squamea","small_large","o_TAS","TAS",NA,"Subcanopy","Subcanopy","Subcanopy_Subcanopy"
"913","Zieria arborescens small","Nematolepis squamea subsp squamea large",-0.613532735002349,-1.48313681642261,0.256071346417908,-0.623275167951495,-0.603790302053203,"Potential 1","BlackRiver",1.73920816284051,"small","large","Zieria arborescens","Nematolepis squamea","small_large","o_TAS","TAS",NA,"Subcanopy","Subcanopy","Subcanopy_Subcanopy"
"914","Nematolepis squamea subsp squamea small","Nematolepis squamea subsp squamea small",0.350561931859592,0.191099233026293,0.51002463069289,0.339318431454698,0.361805432264485,"Potential 1","BlackRiver",0.318925397666597,"small","small","Nematolepis squamea","Nematolepis squamea","small_small","o_TAS","TAS","1","Subcanopy","Subcanopy","Subcanopy_Subcanopy"
"915","Zieria arborescens small","Nematolepis squamea subsp squamea small",-0.13710086062279,-0.531858777932521,0.257657056686942,-0.14524449325577,-0.128957227989809,"Potential 1","BlackRiver",0.789515834619463,"small","small","Zieria arborescens","Nematolepis squamea","small_small","o_TAS","TAS",NA,"Subcanopy","Subcanopy","Subcanopy_Subcanopy"
"916","Zieria arborescens small","Zieria arborescens small",-0.943143494307877,-1.89594489867441,0.00965791005865846,-0.958930606943379,-0.927356381672375,"Potential 1","BlackRiver",1.90560280873307,"small","small","Zieria arborescens","Zieria arborescens","small_small","o_TAS","TAS",NA,"Subcanopy","Subcanopy","Subcanopy_Subcanopy"
"917","Bedfordia salicina large","Bedfordia salicina large",-0.149139712016952,-1.05923564019049,0.760956216156581,-0.168446995887325,-0.12983242814658,"Potential 1","Caveside",1.82019185634707,"large","large","Bedfordia salicina","Bedfordia salicina","large_large","d_TAS","TAS",NA,"Subcanopy","Subcanopy","Subcanopy_Subcanopy"
"918","Bedfordia salicina small","Bedfordia salicina large",0.118718250897541,-0.204143690369825,0.441580192164907,0.114738181679516,0.122698320115566,"Potential 1","Caveside",0.645723882534732,"small","large","Bedfordia salicina","Bedfordia salicina","small_large","d_TAS","TAS",NA,"Subcanopy","Subcanopy","Subcanopy_Subcanopy"
"919","Eucalyptus delegatensis large","Bedfordia salicina large",0.340630381862188,-0.360405197164049,1.04166596088842,0.328337978577202,0.352922785147174,"Potential 1","Caveside",1.40207115805247,"large","large","Eucalyptus delegatensis","Bedfordia salicina","large_large","d_TAS","TAS",NA,"Subcanopy","Canopy","Canopy_Subcanopy"
"920","Eucalyptus delegatensis small","Bedfordia salicina large",0.0175855742312752,-0.392709834299996,0.427880982762547,0.00755235714573446,0.0276187913168159,"Potential 1","Caveside",0.820590817062543,"small","large","Eucalyptus delegatensis","Bedfordia salicina","small_large","d_TAS","TAS",NA,"Subcanopy","Canopy","Canopy_Subcanopy"
"921","Eucalyptus obliqua large","Bedfordia salicina large",0.260853304535681,-0.284113477832448,0.805820086903811,0.24899991986249,0.272706689208873,"Potential 1","Caveside",1.08993356473626,"large","large","Eucalyptus obliqua","Bedfordia salicina","large_large","d_TAS","TAS",NA,"Subcanopy","Canopy","Canopy_Subcanopy"
"922","Eucalyptus obliqua small","Bedfordia salicina large",0.0406752957452231,-0.315851484362945,0.397202075853391,0.0339842573841465,0.0473663341062997,"Potential 1","Caveside",0.713053560216336,"small","large","Eucalyptus obliqua","Bedfordia salicina","small_large","d_TAS","TAS",NA,"Subcanopy","Canopy","Canopy_Subcanopy"
"923","Nothofagus cunninghamii large","Bedfordia salicina large",-0.215716654503193,-1.15340760684585,0.721974297839465,-0.2305962910438,-0.200837017962585,"Potential 1","Caveside",1.87538190468531,"large","large","Nothofagus cunninghamii","Bedfordia salicina","large_large","d_TAS","TAS",NA,"Subcanopy","Subcanopy","Subcanopy_Subcanopy"
"924","Nothofagus cunninghamii small","Bedfordia salicina large",-0.222348546240823,-0.68979613129269,0.245099038811043,-0.235663974653794,-0.209033117827852,"Potential 1","Caveside",0.934895170103734,"small","large","Nothofagus cunninghamii","Bedfordia salicina","small_large","d_TAS","TAS",NA,"Subcanopy","Subcanopy","Subcanopy_Subcanopy"
"925","Pomaderris apetala large","Bedfordia salicina large",0.123741031775377,-0.394069341073777,0.641551404624532,0.113834792127586,0.133647271423169,"Potential 1","Caveside",1.03562074569831,"large","large","Pomaderris apetala","Bedfordia salicina","large_large","d_TAS","TAS",NA,"Subcanopy","Subcanopy","Subcanopy_Subcanopy"
"926","Pomaderris apetala small","Bedfordia salicina large",-0.0687523351741477,-0.162898922641916,0.0253942522936206,-0.0714340946901257,-0.0660705756581697,"Potential 1","Caveside",0.188293174935537,"small","large","Pomaderris apetala","Bedfordia salicina","small_large","d_TAS","TAS",NA,"Subcanopy","Subcanopy","Subcanopy_Subcanopy"
"927","Bedfordia salicina small","Bedfordia salicina small",0.482007160163588,0.39136039805246,0.572653922274715,0.464653520637808,0.499360799689367,"Potential 1","Caveside",0.181293524222255,"small","small","Bedfordia salicina","Bedfordia salicina","small_small","d_TAS","TAS","1","Subcanopy","Subcanopy","Subcanopy_Subcanopy"
"928","Eucalyptus delegatensis large","Bedfordia salicina small",-0.102737430455365,-0.318406552393369,0.112931691482639,-0.105254800091063,-0.100220060819668,"Potential 1","Caveside",0.431338243876008,"large","small","Eucalyptus delegatensis","Bedfordia salicina","large_small","d_TAS","TAS",NA,"Subcanopy","Canopy","Canopy_Subcanopy"
"929","Eucalyptus delegatensis small","Bedfordia salicina small",-0.0420831122641828,-0.1043816836017,0.020215459073335,-0.0442125162951415,-0.039953708233224,"Potential 1","Caveside",0.124597142675035,"small","small","Eucalyptus delegatensis","Bedfordia salicina","small_small","d_TAS","TAS",NA,"Subcanopy","Canopy","Canopy_Subcanopy"
"930","Eucalyptus obliqua large","Bedfordia salicina small",-0.128935890605541,-0.257703656266458,-0.000168124944624565,-0.132198601002873,-0.125673180208209,"Potential 1","Caveside",0.257535531321833,"large","small","Eucalyptus obliqua","Bedfordia salicina","large_small","d_TAS","TAS","1","Subcanopy","Canopy","Canopy_Subcanopy"
"931","Eucalyptus obliqua small","Bedfordia salicina small",0.0053483080691924,-0.0516958188384827,0.0623924349768675,0.00378747483978022,0.00690914129860457,"Potential 1","Caveside",0.11408825381535,"small","small","Eucalyptus obliqua","Bedfordia salicina","small_small","d_TAS","TAS",NA,"Subcanopy","Canopy","Canopy_Subcanopy"
"932","Nothofagus cunninghamii large","Bedfordia salicina small",-0.0207734306903289,-0.113376846201639,0.071829984820981,-0.0229872583384701,-0.0185596030421878,"Potential 1","Caveside",0.18520683102262,"large","small","Nothofagus cunninghamii","Bedfordia salicina","large_small","d_TAS","TAS",NA,"Subcanopy","Subcanopy","Subcanopy_Subcanopy"
"933","Nothofagus cunninghamii small","Bedfordia salicina small",0.0156178778935255,-0.0374484814266351,0.0686842372136861,0.0135295677726502,0.0177061880144007,"Potential 1","Caveside",0.106132718640321,"small","small","Nothofagus cunninghamii","Bedfordia salicina","small_small","d_TAS","TAS",NA,"Subcanopy","Subcanopy","Subcanopy_Subcanopy"
"934","Pomaderris apetala large","Bedfordia salicina small",-0.0311201935511182,-0.0944849858838385,0.0322445987816022,-0.0331686115790902,-0.0290717755231461,"Potential 1","Caveside",0.126729584665441,"large","small","Pomaderris apetala","Bedfordia salicina","large_small","d_TAS","TAS",NA,"Subcanopy","Subcanopy","Subcanopy_Subcanopy"
"935","Pomaderris apetala small","Bedfordia salicina small",-0.00288423950812786,-0.0444381670430695,0.0386696880268137,-0.00539709741469624,-0.000371381601559479,"Potential 1","Caveside",0.0831078550698832,"small","small","Pomaderris apetala","Bedfordia salicina","small_small","d_TAS","TAS",NA,"Subcanopy","Subcanopy","Subcanopy_Subcanopy"
"936","Eucalyptus delegatensis large","Eucalyptus delegatensis large",-0.952385469492408,-2.21465431888483,0.309883379900012,-0.967677517624719,-0.937093421360096,"Potential 1","Caveside",2.52453769878484,"large","large","Eucalyptus delegatensis","Eucalyptus delegatensis","large_large","d_TAS","TAS",NA,"Canopy","Canopy","Canopy_Canopy"
"937","Eucalyptus delegatensis small","Eucalyptus delegatensis large",0.1551821485981,-0.221512017508894,0.531876314705094,0.14803172974325,0.162332567452949,"Potential 1","Caveside",0.753388332213987,"small","large","Eucalyptus delegatensis","Eucalyptus delegatensis","small_large","d_TAS","TAS",NA,"Canopy","Canopy","Canopy_Canopy"
"938","Eucalyptus obliqua large","Eucalyptus delegatensis large",-0.566087230281608,-1.60367877786334,0.471504317300123,-0.579974541189894,-0.552199919373322,"Potential 1","Caveside",2.07518309516346,"large","large","Eucalyptus obliqua","Eucalyptus delegatensis","large_large","d_TAS","TAS",NA,"Canopy","Canopy","Canopy_Canopy"
"939","Eucalyptus obliqua small","Eucalyptus delegatensis large",-0.022808796891345,-0.379935223782788,0.334317630000099,-0.027716048407092,-0.017901545375598,"Potential 1","Caveside",0.714252853782887,"small","large","Eucalyptus obliqua","Eucalyptus delegatensis","small_large","d_TAS","TAS",NA,"Canopy","Canopy","Canopy_Canopy"
"940","Nothofagus cunninghamii large","Eucalyptus delegatensis large",0.208369756577234,-0.410661071698565,0.827400584853033,0.197100199971544,0.219639313182923,"Potential 1","Caveside",1.2380616565516,"large","large","Nothofagus cunninghamii","Eucalyptus delegatensis","large_large","d_TAS","TAS",NA,"Canopy","Subcanopy","Subcanopy_Canopy"
"941","Nothofagus cunninghamii small","Eucalyptus delegatensis large",0.0393740028606629,-0.160003190391449,0.238751196112775,0.0346013072453585,0.0441466984759672,"Potential 1","Caveside",0.398754386504224,"small","large","Nothofagus cunninghamii","Eucalyptus delegatensis","small_large","d_TAS","TAS",NA,"Canopy","Subcanopy","Subcanopy_Canopy"
"942","Pomaderris apetala large","Eucalyptus delegatensis large",-0.0713768299327369,-0.337200305827083,0.19444664596161,-0.0777353354859089,-0.0650183243795648,"Potential 1","Caveside",0.531646951788693,"large","large","Pomaderris apetala","Eucalyptus delegatensis","large_large","d_TAS","TAS",NA,"Canopy","Subcanopy","Subcanopy_Canopy"
"943","Pomaderris apetala small","Eucalyptus delegatensis large",0.138968719282951,-0.0292392390525937,0.307176677618495,0.135991695236138,0.141945743329763,"Potential 1","Caveside",0.336415916671088,"small","large","Pomaderris apetala","Eucalyptus delegatensis","small_large","d_TAS","TAS",NA,"Canopy","Subcanopy","Subcanopy_Canopy"
"944","Eucalyptus delegatensis small","Eucalyptus delegatensis small",0.146998236547642,-0.125106282580183,0.419102755675467,0.137263776429217,0.156732696666067,"Potential 1","Caveside",0.54420903825565,"small","small","Eucalyptus delegatensis","Eucalyptus delegatensis","small_small","d_TAS","TAS",NA,"Canopy","Canopy","Canopy_Canopy"
"945","Eucalyptus obliqua large","Eucalyptus delegatensis small",-0.201837017326554,-0.523297253580006,0.119623218926898,-0.210023422315627,-0.193650612337482,"Potential 1","Caveside",0.642920472506904,"large","small","Eucalyptus obliqua","Eucalyptus delegatensis","large_small","d_TAS","TAS",NA,"Canopy","Canopy","Canopy_Canopy"
"946","Eucalyptus obliqua small","Eucalyptus delegatensis small",0.078365037523893,-0.0917638135743282,0.248493888622114,0.0738605374179118,0.0828695376298742,"Potential 1","Caveside",0.340257702196442,"small","small","Eucalyptus obliqua","Eucalyptus delegatensis","small_small","d_TAS","TAS",NA,"Canopy","Canopy","Canopy_Canopy"
"947","Nothofagus cunninghamii large","Eucalyptus delegatensis small",-0.057628676924362,-0.272645874927836,0.157388521079112,-0.0657328387051767,-0.0495245151435472,"Potential 1","Caveside",0.430034396006949,"large","small","Nothofagus cunninghamii","Eucalyptus delegatensis","large_small","d_TAS","TAS",NA,"Canopy","Subcanopy","Subcanopy_Canopy"
"948","Nothofagus cunninghamii small","Eucalyptus delegatensis small",0.0696193151784256,-0.04799012283094,0.187228753187791,0.0642890887148402,0.074949541642011,"Potential 1","Caveside",0.235218876018731,"small","small","Nothofagus cunninghamii","Eucalyptus delegatensis","small_small","d_TAS","TAS",NA,"Canopy","Subcanopy","Subcanopy_Canopy"
"949","Pomaderris apetala large","Eucalyptus delegatensis small",0.0272824444636088,-0.122415499828924,0.176980388756142,0.0213585133024633,0.0332063756247543,"Potential 1","Caveside",0.299395888585066,"large","small","Pomaderris apetala","Eucalyptus delegatensis","large_small","d_TAS","TAS",NA,"Canopy","Subcanopy","Subcanopy_Canopy"
"950","Pomaderris apetala small","Eucalyptus delegatensis small",0.0342391552128878,-0.0267157575465212,0.0951940679722969,0.0319239370584342,0.0365543733673414,"Potential 1","Caveside",0.121909825518818,"small","small","Pomaderris apetala","Eucalyptus delegatensis","small_small","d_TAS","TAS",NA,"Canopy","Subcanopy","Subcanopy_Canopy"
"951","Eucalyptus obliqua large","Eucalyptus obliqua large",-0.483819844667866,-1.62864420349878,0.661004514163045,-0.502246360986832,-0.4653933283489,"Potential 1","Caveside",2.28964871766182,"large","large","Eucalyptus obliqua","Eucalyptus obliqua","large_large","d_TAS","TAS",NA,"Canopy","Canopy","Canopy_Canopy"
"952","Eucalyptus obliqua small","Eucalyptus obliqua large",0.387757501283886,-0.0444197010746614,0.819934703642433,0.377962123869707,0.397552878698064,"Potential 1","Caveside",0.864354404717094,"small","large","Eucalyptus obliqua","Eucalyptus obliqua","small_large","d_TAS","TAS",NA,"Canopy","Canopy","Canopy_Canopy"
"953","Nothofagus cunninghamii large","Eucalyptus obliqua large",0.225560278865712,-0.227573173483702,0.678693731215127,0.216399951756651,0.234720605974774,"Potential 1","Caveside",0.906266904698829,"large","large","Nothofagus cunninghamii","Eucalyptus obliqua","large_large","d_TAS","TAS",NA,"Canopy","Subcanopy","Subcanopy_Canopy"
"954","Nothofagus cunninghamii small","Eucalyptus obliqua large",-0.0177801875348121,-0.215573749495482,0.180013374425858,-0.0222309117493579,-0.0133294633202662,"Potential 1","Caveside",0.39558712392134,"small","large","Nothofagus cunninghamii","Eucalyptus obliqua","small_large","d_TAS","TAS",NA,"Canopy","Subcanopy","Subcanopy_Canopy"
"955","Pomaderris apetala large","Eucalyptus obliqua large",-0.0297804730248452,-0.219592940652264,0.160031994602573,-0.0356973842354465,-0.023863561814244,"Potential 1","Caveside",0.379624935254837,"large","large","Pomaderris apetala","Eucalyptus obliqua","large_large","d_TAS","TAS",NA,"Canopy","Subcanopy","Subcanopy_Canopy"
"956","Pomaderris apetala small","Eucalyptus obliqua large",0.191658595427682,0.0366247291595203,0.346692461695844,0.18761785823918,0.195699332616184,"Potential 1","Caveside",0.310067732536324,"small","large","Pomaderris apetala","Eucalyptus obliqua","small_large","d_TAS","TAS","1","Canopy","Subcanopy","Subcanopy_Canopy"
"957","Eucalyptus obliqua small","Eucalyptus obliqua small",0.0688394516541018,-0.293070427096764,0.430749330404967,0.0578273431577288,0.0798515601504748,"Potential 1","Caveside",0.723819757501731,"small","small","Eucalyptus obliqua","Eucalyptus obliqua","small_small","d_TAS","TAS",NA,"Canopy","Canopy","Canopy_Canopy"
"958","Nothofagus cunninghamii large","Eucalyptus obliqua small",-0.0358043125667948,-0.251689974654171,0.180081349520582,-0.0405045299003321,-0.0311040952332575,"Potential 1","Caveside",0.431771324174753,"large","small","Nothofagus cunninghamii","Eucalyptus obliqua","large_small","d_TAS","TAS",NA,"Canopy","Subcanopy","Subcanopy_Canopy"
"959","Nothofagus cunninghamii small","Eucalyptus obliqua small",-0.00848349521935174,-0.118686126895954,0.10171913645725,-0.011307217022234,-0.00565977341646948,"Potential 1","Caveside",0.220405263353204,"small","small","Nothofagus cunninghamii","Eucalyptus obliqua","small_small","d_TAS","TAS",NA,"Canopy","Subcanopy","Subcanopy_Canopy"
"960","Pomaderris apetala large","Eucalyptus obliqua small",-0.0506668615296665,-0.162196749817129,0.0608630267577962,-0.0546897585790716,-0.0466439644802614,"Potential 1","Caveside",0.223059776574925,"large","small","Pomaderris apetala","Eucalyptus obliqua","large_small","d_TAS","TAS",NA,"Canopy","Subcanopy","Subcanopy_Canopy"
"961","Pomaderris apetala small","Eucalyptus obliqua small",-0.0576988559914011,-0.125070781441074,0.00967306945827161,-0.0594730218207577,-0.0559246901620445,"Potential 1","Caveside",0.134743850899345,"small","small","Pomaderris apetala","Eucalyptus obliqua","small_small","d_TAS","TAS",NA,"Canopy","Subcanopy","Subcanopy_Canopy"
"962","Nothofagus cunninghamii large","Nothofagus cunninghamii large",-0.101778897869906,-0.410676591363735,0.207118795623922,-0.117038963893706,-0.0865188318461071,"Potential 1","Caveside",0.617795386987657,"large","large","Nothofagus cunninghamii","Nothofagus cunninghamii","large_large","d_TAS","TAS",NA,"Subcanopy","Subcanopy","Subcanopy_Subcanopy"
"963","Nothofagus cunninghamii small","Nothofagus cunninghamii large",0.0255852057874227,-0.122706330870454,0.173876742445299,0.0157797257155436,0.0353906858593017,"Potential 1","Caveside",0.296583073315753,"small","large","Nothofagus cunninghamii","Nothofagus cunninghamii","small_large","d_TAS","TAS",NA,"Subcanopy","Subcanopy","Subcanopy_Subcanopy"
"964","Pomaderris apetala large","Nothofagus cunninghamii large",-0.170075833018871,-0.404143419268708,0.0639917532309651,-0.177018416585037,-0.163133249452706,"Potential 1","Caveside",0.468135172499673,"large","large","Pomaderris apetala","Nothofagus cunninghamii","large_large","d_TAS","TAS",NA,"Subcanopy","Subcanopy","Subcanopy_Subcanopy"
"965","Pomaderris apetala small","Nothofagus cunninghamii large",-0.0456464809496539,-0.111254998072036,0.019962036172728,-0.0483351528802646,-0.0429578090190431,"Potential 1","Caveside",0.131217034244764,"small","large","Pomaderris apetala","Nothofagus cunninghamii","small_large","d_TAS","TAS",NA,"Subcanopy","Subcanopy","Subcanopy_Subcanopy"
"966","Nothofagus cunninghamii small","Nothofagus cunninghamii small",0.287439990239769,0.0993913815059158,0.475488598973623,0.265814026514072,0.309065953965467,"Potential 1","Caveside",0.376097217467707,"small","small","Nothofagus cunninghamii","Nothofagus cunninghamii","small_small","d_TAS","TAS","1","Subcanopy","Subcanopy","Subcanopy_Subcanopy"
"967","Pomaderris apetala large","Nothofagus cunninghamii small",0.0488829592201164,-0.060167766222099,0.157933684662332,0.045165594721897,0.0526003237183358,"Potential 1","Caveside",0.218101450884431,"large","small","Pomaderris apetala","Nothofagus cunninghamii","large_small","d_TAS","TAS",NA,"Subcanopy","Subcanopy","Subcanopy_Subcanopy"
"968","Pomaderris apetala small","Nothofagus cunninghamii small",-0.0570106146208758,-0.0906609383085992,-0.0233602909331524,-0.0592027825649098,-0.0548184466768418,"Potential 1","Caveside",0.0673006473754467,"small","small","Pomaderris apetala","Nothofagus cunninghamii","small_small","d_TAS","TAS","1","Subcanopy","Subcanopy","Subcanopy_Subcanopy"
"969","Pomaderris apetala large","Pomaderris apetala large",0.296540340805324,0.0915764664692617,0.501504215141386,0.28266138086471,0.310419300745938,"Potential 1","Caveside",0.409927748672124,"large","large","Pomaderris apetala","Pomaderris apetala","large_large","d_TAS","TAS","1","Subcanopy","Subcanopy","Subcanopy_Subcanopy"
"970","Pomaderris apetala small","Pomaderris apetala large",0.0227816009243112,-0.0304178564909245,0.0759810583395469,0.0201732172101325,0.02538998463849,"Potential 1","Caveside",0.106398914830471,"small","large","Pomaderris apetala","Pomaderris apetala","small_large","d_TAS","TAS",NA,"Subcanopy","Subcanopy","Subcanopy_Subcanopy"
"971","Pomaderris apetala small","Pomaderris apetala small",0.426600142131284,0.3179095441601,0.535290740102469,0.404893169062246,0.448307115200322,"Potential 1","Caveside",0.217381195942369,"small","small","Pomaderris apetala","Pomaderris apetala","small_small","d_TAS","TAS","1","Subcanopy","Subcanopy","Subcanopy_Subcanopy"
"972","Acacia melanoxylon small","Acacia melanoxylon small",0.290167810167564,0.103297352000859,0.47703826833427,0.282058873429221,0.298276746905908,"Potential 1","Flowerdale",0.37374091633341,"small","small","Acacia melanoxylon","Acacia melanoxylon","small_small","o_TAS","TAS","1","Subcanopy","Subcanopy","Subcanopy_Subcanopy"
"973","Eucalyptus obliqua large","Acacia melanoxylon small",0.115573863485757,-0.106772676544482,0.337920403515996,0.111383251142133,0.119764475829381,"Potential 1","Flowerdale",0.444693080060479,"large","small","Eucalyptus obliqua","Acacia melanoxylon","large_small","o_TAS","TAS",NA,"Subcanopy","Canopy","Canopy_Subcanopy"
"974","Eucalyptus obliqua small","Acacia melanoxylon small",0.0476318110980259,-0.107207466815514,0.202471089011566,0.0432463622927575,0.0520172599032944,"Potential 1","Flowerdale",0.30967855582708,"small","small","Eucalyptus obliqua","Acacia melanoxylon","small_small","o_TAS","TAS",NA,"Subcanopy","Canopy","Canopy_Subcanopy"
"975","Nematolepis squamea large","Acacia melanoxylon small",0.21038661445389,-0.446569158479451,0.867342387387232,0.201837076606113,0.218936152301668,"Potential 1","Flowerdale",1.31391154586668,"large","small","Nematolepis squamea","Acacia melanoxylon","large_small","o_TAS","TAS",NA,"Subcanopy","Subcanopy","Subcanopy_Subcanopy"
"976","Nematolepis squamea small","Acacia melanoxylon small",-0.122363114704482,-0.315631619838806,0.0709053904298429,-0.12597172803891,-0.118754501370053,"Potential 1","Flowerdale",0.386537010268649,"small","small","Nematolepis squamea","Acacia melanoxylon","small_small","o_TAS","TAS",NA,"Subcanopy","Subcanopy","Subcanopy_Subcanopy"
"977","Pomaderris apetala small","Acacia melanoxylon small",0.0953362380566609,-0.0488058051316343,0.239478281244956,0.091165571378668,0.0995069047346539,"Potential 1","Flowerdale",0.288284086376591,"small","small","Pomaderris apetala","Acacia melanoxylon","small_small","o_TAS","TAS",NA,"Subcanopy","Subcanopy","Subcanopy_Subcanopy"
"978","Eucalyptus obliqua large","Eucalyptus obliqua large",-0.343280826424459,-0.712485212406721,0.0259235595578021,-0.352150986397658,-0.334410666451261,"Potential 1","Flowerdale",0.738408771964523,"large","large","Eucalyptus obliqua","Eucalyptus obliqua","large_large","o_TAS","TAS",NA,"Canopy","Canopy","Canopy_Canopy"
"979","Eucalyptus obliqua small","Eucalyptus obliqua large",0.0172830471563003,-0.157628049944568,0.192194144257169,0.0128515457547043,0.0217145485578963,"Potential 1","Flowerdale",0.349822194201737,"small","large","Eucalyptus obliqua","Eucalyptus obliqua","small_large","o_TAS","TAS",NA,"Canopy","Canopy","Canopy_Canopy"
"980","Nematolepis squamea large","Eucalyptus obliqua large",0.152954889292252,-0.400849907996519,0.706759686581024,0.144602398900836,0.161307379683668,"Potential 1","Flowerdale",1.10760959457754,"large","large","Nematolepis squamea","Eucalyptus obliqua","large_large","o_TAS","TAS",NA,"Canopy","Subcanopy","Subcanopy_Canopy"
"981","Nematolepis squamea small","Eucalyptus obliqua large",-0.00601232079622428,-0.181318282664482,0.169293641072034,-0.00920299098925326,-0.0028216506031953,"Potential 1","Flowerdale",0.350611923736516,"small","large","Nematolepis squamea","Eucalyptus obliqua","small_large","o_TAS","TAS",NA,"Canopy","Subcanopy","Subcanopy_Canopy"
"982","Pomaderris apetala small","Eucalyptus obliqua large",-0.0204343335766664,-0.142866280394585,0.101997613241252,-0.0236912203818199,-0.0171774467715129,"Potential 1","Flowerdale",0.244863893635837,"small","large","Pomaderris apetala","Eucalyptus obliqua","small_large","o_TAS","TAS",NA,"Canopy","Subcanopy","Subcanopy_Canopy"
"983","Eucalyptus obliqua small","Eucalyptus obliqua small",0.0127656085982995,-0.189516101145615,0.215047318342214,0.00527823082229602,0.0202529863743029,"Potential 1","Flowerdale",0.40456341948783,"small","small","Eucalyptus obliqua","Eucalyptus obliqua","small_small","o_TAS","TAS",NA,"Canopy","Canopy","Canopy_Canopy"
"984","Nematolepis squamea large","Eucalyptus obliqua small",-0.117018359758193,-0.44535889165139,0.211322172135004,-0.12194192124609,-0.112094798270297,"Potential 1","Flowerdale",0.656681063786394,"large","small","Nematolepis squamea","Eucalyptus obliqua","large_small","o_TAS","TAS",NA,"Canopy","Subcanopy","Subcanopy_Canopy"
"985","Nematolepis squamea small","Eucalyptus obliqua small",-0.017579487544775,-0.136598062502252,0.101439087412702,-0.0201505936365479,-0.0150083814530022,"Potential 1","Flowerdale",0.238037149914953,"small","small","Nematolepis squamea","Eucalyptus obliqua","small_small","o_TAS","TAS",NA,"Canopy","Subcanopy","Subcanopy_Canopy"
"986","Pomaderris apetala small","Eucalyptus obliqua small",-0.112401470429823,-0.198280852577015,-0.0265220882826313,-0.11483263243531,-0.109970308424337,"Potential 1","Flowerdale",0.171758764294384,"small","small","Pomaderris apetala","Eucalyptus obliqua","small_small","o_TAS","TAS","1","Canopy","Subcanopy","Subcanopy_Canopy"
"987","Nematolepis squamea large","Nematolepis squamea large",-1.2296973351224,-2.78984023481072,0.330445564565909,-1.25431920097796,-1.20507546926685,"Potential 1","Flowerdale",3.12028579937663,"large","large","Nematolepis squamea","Nematolepis squamea","large_large","o_TAS","TAS",NA,"Subcanopy","Subcanopy","Subcanopy_Subcanopy"
"988","Nematolepis squamea small","Nematolepis squamea large",0.416025310587588,-0.140944894560601,0.972995515735777,0.407505410789767,0.424545210385409,"Potential 1","Flowerdale",1.11394041029638,"small","large","Nematolepis squamea","Nematolepis squamea","small_large","o_TAS","TAS",NA,"Subcanopy","Subcanopy","Subcanopy_Subcanopy"
"989","Pomaderris apetala small","Nematolepis squamea large",-0.224930174578265,-0.639912091440748,0.190051742284219,-0.229682049384719,-0.22017829977181,"Potential 1","Flowerdale",0.829963833724968,"small","large","Pomaderris apetala","Nematolepis squamea","small_large","o_TAS","TAS",NA,"Subcanopy","Subcanopy","Subcanopy_Subcanopy"
"990","Nematolepis squamea small","Nematolepis squamea small",0.3086287326271,0.141789030842967,0.475468434411233,0.300372742839107,0.316884722415093,"Potential 1","Flowerdale",0.333679403568267,"small","small","Nematolepis squamea","Nematolepis squamea","small_small","o_TAS","TAS","1","Subcanopy","Subcanopy","Subcanopy_Subcanopy"
"991","Pomaderris apetala small","Nematolepis squamea small",0.0507955794815831,-0.0815892509703813,0.183180409933548,0.0479950666512918,0.0535960923118745,"Potential 1","Flowerdale",0.264769660903929,"small","small","Pomaderris apetala","Nematolepis squamea","small_small","o_TAS","TAS",NA,"Subcanopy","Subcanopy","Subcanopy_Subcanopy"
"992","Pomaderris apetala small","Pomaderris apetala small",0.360338197720987,0.224971960053652,0.495704435388322,0.34637143011583,0.374304965326143,"Potential 1","Flowerdale",0.27073247533467,"small","small","Pomaderris apetala","Pomaderris apetala","small_small","o_TAS","TAS","1","Subcanopy","Subcanopy","Subcanopy_Subcanopy"
"993","Acacia melanoxylon small","Acacia melanoxylon small",0.0596884052716538,-0.204033118487053,0.32340992903036,0.0544636262590239,0.0649131842842837,"Potential 1","Lardner",0.527443047517413,"small","small","Acacia melanoxylon","Acacia melanoxylon","small_small","S_VIC","SE_AUS",NA,"Subcanopy","Subcanopy","Subcanopy_Subcanopy"
"994","Eucalyptus regnans large","Acacia melanoxylon small",0.218342995390178,-0.0265348256552692,0.463220816435625,0.214228690309292,0.222457300471064,"Potential 1","Lardner",0.489755642090894,"large","small","Eucalyptus regnans","Acacia melanoxylon","large_small","S_VIC","SE_AUS",NA,"Subcanopy","Canopy","Canopy_Subcanopy"
"995","Eucalyptus regnans small","Acacia melanoxylon small",0.074274872313301,-0.108513608089158,0.25706335271576,0.0707957019577835,0.0777540426688185,"Potential 1","Lardner",0.365576960804918,"small","small","Eucalyptus regnans","Acacia melanoxylon","small_small","S_VIC","SE_AUS",NA,"Subcanopy","Canopy","Canopy_Subcanopy"
"996","Hedycarya angustifolia small","Acacia melanoxylon small",-0.198133072395587,-0.409824516348309,0.0135583715571364,-0.201697985955274,-0.194568158835899,"Potential 1","Lardner",0.423382887905446,"small","small","Hedycarya angustifolia","Acacia melanoxylon","small_small","S_VIC","SE_AUS",NA,"Subcanopy","Subcanopy","Subcanopy_Subcanopy"
"997","Nematolepis squamea subsp squamea large","Acacia melanoxylon small",-0.171661071668782,-0.457509429225995,0.114187285888431,-0.176031373004058,-0.167290770333505,"Potential 1","Lardner",0.571696715114426,"large","small","Nematolepis squamea","Acacia melanoxylon","large_small","S_VIC","SE_AUS",NA,"Subcanopy","Subcanopy","Subcanopy_Subcanopy"
"998","Nematolepis squamea subsp squamea small","Acacia melanoxylon small",-0.0732630016622262,-0.206685874644827,0.060159871320375,-0.0757608502844276,-0.0707651530400248,"Potential 1","Lardner",0.266845745965202,"small","small","Nematolepis squamea","Acacia melanoxylon","small_small","S_VIC","SE_AUS",NA,"Subcanopy","Subcanopy","Subcanopy_Subcanopy"
"999","Olearia argophylla large","Acacia melanoxylon small",-0.184143503525777,-0.396756196269311,0.0284691892177568,-0.187088629031838,-0.181198378019717,"Potential 1","Lardner",0.425225385487068,"large","small","Olearia argophylla","Acacia melanoxylon","large_small","S_VIC","SE_AUS",NA,"Subcanopy","Subcanopy","Subcanopy_Subcanopy"
"1000","Olearia argophylla small","Acacia melanoxylon small",0.0105256624421096,-0.0997279029442245,0.120779227828444,0.00826890315264881,0.0127824217315703,"Potential 1","Lardner",0.220507130772668,"small","small","Olearia argophylla","Acacia melanoxylon","small_small","S_VIC","SE_AUS",NA,"Subcanopy","Subcanopy","Subcanopy_Subcanopy"
"1001","Eucalyptus regnans large","Eucalyptus regnans large",-0.41899079654508,-0.876922683567204,0.0389410904770434,-0.427269900611025,-0.410711692479136,"Potential 1","Lardner",0.915863774044247,"large","large","Eucalyptus regnans","Eucalyptus regnans","large_large","S_VIC","SE_AUS",NA,"Canopy","Canopy","Canopy_Canopy"
"1002","Eucalyptus regnans small","Eucalyptus regnans large",-0.113381493181677,-0.33432348617259,0.107560499809237,-0.118011961825515,-0.108751024537839,"Potential 1","Lardner",0.441883985981827,"small","large","Eucalyptus regnans","Eucalyptus regnans","small_large","S_VIC","SE_AUS",NA,"Canopy","Canopy","Canopy_Canopy"
"1003","Hedycarya angustifolia small","Eucalyptus regnans large",0.198442945621239,-0.0910322963275421,0.48791818757002,0.192855015244373,0.204030875998105,"Potential 1","Lardner",0.578950483897562,"small","large","Hedycarya angustifolia","Eucalyptus regnans","small_large","S_VIC","SE_AUS",NA,"Canopy","Subcanopy","Subcanopy_Canopy"
"1004","Nematolepis squamea subsp squamea large","Eucalyptus regnans large",0.183023904433179,-0.126762091987017,0.492809900853375,0.177461372630893,0.188586436235465,"Potential 1","Lardner",0.619571992840392,"large","large","Nematolepis squamea","Eucalyptus regnans","large_large","S_VIC","SE_AUS",NA,"Canopy","Subcanopy","Subcanopy_Canopy"
"1005","Nematolepis squamea subsp squamea small","Eucalyptus regnans large",-0.042219667710038,-0.226917848322042,0.142478512901966,-0.0456280689449876,-0.0388112664750885,"Potential 1","Lardner",0.369396361224007,"small","large","Nematolepis squamea","Eucalyptus regnans","small_large","S_VIC","SE_AUS",NA,"Canopy","Subcanopy","Subcanopy_Canopy"
"1006","Olearia argophylla large","Eucalyptus regnans large",0.139786902762138,-0.0972851372726173,0.376858942796892,0.13592896703975,0.143644838484525,"Potential 1","Lardner",0.47414408006951,"large","large","Olearia argophylla","Eucalyptus regnans","large_large","S_VIC","SE_AUS",NA,"Canopy","Subcanopy","Subcanopy_Canopy"
"1007","Olearia argophylla small","Eucalyptus regnans large",-0.131739033345827,-0.311289364561485,0.0478112978698305,-0.135135960900851,-0.128342105790804,"Potential 1","Lardner",0.359100662431315,"small","large","Olearia argophylla","Eucalyptus regnans","small_large","S_VIC","SE_AUS",NA,"Canopy","Subcanopy","Subcanopy_Canopy"
"1008","Eucalyptus regnans small","Eucalyptus regnans small",-0.0439991304621175,-0.337538692963537,0.249540432039302,-0.0521184232286847,-0.0358798376955504,"Potential 1","Lardner",0.587079125002839,"small","small","Eucalyptus regnans","Eucalyptus regnans","small_small","S_VIC","SE_AUS",NA,"Canopy","Canopy","Canopy_Canopy"
"1009","Hedycarya angustifolia small","Eucalyptus regnans small",0.039168858829766,-0.183752122935098,0.26208984059463,0.0345815129725872,0.0437562046869448,"Potential 1","Lardner",0.445841963529728,"small","small","Hedycarya angustifolia","Eucalyptus regnans","small_small","S_VIC","SE_AUS",NA,"Canopy","Subcanopy","Subcanopy_Canopy"
"1010","Nematolepis squamea subsp squamea large","Eucalyptus regnans small",0.214117271462645,-0.0477596443283291,0.47599418725362,0.207922763464557,0.220311779460734,"Potential 1","Lardner",0.523753831581949,"large","small","Nematolepis squamea","Eucalyptus regnans","large_small","S_VIC","SE_AUS",NA,"Canopy","Subcanopy","Subcanopy_Canopy"
"1011","Nematolepis squamea subsp squamea small","Eucalyptus regnans small",0.0564987628129256,-0.0847251140370038,0.197722639662855,0.0527711764769171,0.060226349148934,"Potential 1","Lardner",0.282447753699859,"small","small","Nematolepis squamea","Eucalyptus regnans","small_small","S_VIC","SE_AUS",NA,"Canopy","Subcanopy","Subcanopy_Canopy"
"1012","Olearia argophylla large","Eucalyptus regnans small",0.232261685323033,0.00736941512989073,0.457153955516176,0.226936374337739,0.237586996308328,"Potential 1","Lardner",0.449784540386285,"large","small","Olearia argophylla","Eucalyptus regnans","large_small","S_VIC","SE_AUS","1","Canopy","Subcanopy","Subcanopy_Canopy"
"1013","Olearia argophylla small","Eucalyptus regnans small",-0.0358079359909925,-0.158286322841555,0.0866704508595701,-0.0388567283501522,-0.0327591436318329,"Potential 1","Lardner",0.244956773701125,"small","small","Olearia argophylla","Eucalyptus regnans","small_small","S_VIC","SE_AUS",NA,"Canopy","Subcanopy","Subcanopy_Canopy"
"1014","Hedycarya angustifolia small","Hedycarya angustifolia small",-0.0221533728081231,-0.322629801333119,0.278323055716873,-0.0283804167071011,-0.0159263289091451,"Potential 1","Lardner",0.600952857049991,"small","small","Hedycarya angustifolia","Hedycarya angustifolia","small_small","S_VIC","SE_AUS",NA,"Subcanopy","Subcanopy","Subcanopy_Subcanopy"
"1015","Nematolepis squamea subsp squamea large","Hedycarya angustifolia small",-0.0581509093564006,-0.358828402724915,0.242526584012114,-0.0624896730431008,-0.0538121456697004,"Potential 1","Lardner",0.601354986737029,"large","small","Nematolepis squamea","Hedycarya angustifolia","large_small","S_VIC","SE_AUS",NA,"Subcanopy","Subcanopy","Subcanopy_Subcanopy"
"1016","Nematolepis squamea subsp squamea small","Hedycarya angustifolia small",-0.116524887460041,-0.280403511461019,0.0473537365409357,-0.119465955237815,-0.113583819682268,"Potential 1","Lardner",0.327757248001954,"small","small","Nematolepis squamea","Hedycarya angustifolia","small_small","S_VIC","SE_AUS",NA,"Subcanopy","Subcanopy","Subcanopy_Subcanopy"
"1017","Olearia argophylla large","Hedycarya angustifolia small",-0.140339126811311,-0.366651244083288,0.0859729904606657,-0.143984188310911,-0.136694065311711,"Potential 1","Lardner",0.452624234543954,"large","small","Olearia argophylla","Hedycarya angustifolia","large_small","S_VIC","SE_AUS",NA,"Subcanopy","Subcanopy","Subcanopy_Subcanopy"
"1018","Olearia argophylla small","Hedycarya angustifolia small",0.0729630732275949,-0.0589647966925212,0.204890943147711,0.0699738675056568,0.075952278949533,"Potential 1","Lardner",0.263855739840232,"small","small","Olearia argophylla","Hedycarya angustifolia","small_small","S_VIC","SE_AUS",NA,"Subcanopy","Subcanopy","Subcanopy_Subcanopy"
"1019","Nematolepis squamea subsp squamea large","Nematolepis squamea subsp squamea large",0.0798718757654126,-0.353996899227334,0.513740650758159,0.0724505325638281,0.0872932189669972,"Potential 1","Lardner",0.867737549985493,"large","large","Nematolepis squamea","Nematolepis squamea","large_large","S_VIC","SE_AUS",NA,"Subcanopy","Subcanopy","Subcanopy_Subcanopy"
"1020","Nematolepis squamea subsp squamea small","Nematolepis squamea subsp squamea large",-0.0157328893129524,-0.19559280718627,0.164127028560365,-0.0192670848989684,-0.0121986937269363,"Potential 1","Lardner",0.359719835746635,"small","large","Nematolepis squamea","Nematolepis squamea","small_large","S_VIC","SE_AUS",NA,"Subcanopy","Subcanopy","Subcanopy_Subcanopy"
"1021","Olearia argophylla large","Nematolepis squamea subsp squamea large",-0.248654899062194,-0.581601340199242,0.0842915420748549,-0.253833423650204,-0.243476374474183,"Potential 1","Lardner",0.665892882274097,"large","large","Olearia argophylla","Nematolepis squamea","large_large","S_VIC","SE_AUS",NA,"Subcanopy","Subcanopy","Subcanopy_Subcanopy"
"1022","Olearia argophylla small","Nematolepis squamea subsp squamea large",-0.0982147594515786,-0.262161124572318,0.0657316056691605,-0.100780373697008,-0.0956491452061487,"Potential 1","Lardner",0.327892730241478,"small","large","Olearia argophylla","Nematolepis squamea","small_large","S_VIC","SE_AUS",NA,"Subcanopy","Subcanopy","Subcanopy_Subcanopy"
"1023","Nematolepis squamea subsp squamea small","Nematolepis squamea subsp squamea small",0.22542237378332,0.0204526038001511,0.430392143766488,0.218167607660431,0.232677139906209,"Potential 1","Lardner",0.409939539966337,"small","small","Nematolepis squamea","Nematolepis squamea","small_small","S_VIC","SE_AUS","1","Subcanopy","Subcanopy","Subcanopy_Subcanopy"
"1024","Olearia argophylla large","Nematolepis squamea subsp squamea small",-0.108468858584496,-0.284548347710869,0.0676106305418762,-0.111525297228888,-0.105412419940105,"Potential 1","Lardner",0.352158978252745,"large","small","Olearia argophylla","Nematolepis squamea","large_small","S_VIC","SE_AUS",NA,"Subcanopy","Subcanopy","Subcanopy_Subcanopy"
"1025","Olearia argophylla small","Nematolepis squamea subsp squamea small",-0.0170011951865109,-0.113412032516732,0.07940964214371,-0.0192755273955292,-0.0147268629774927,"Potential 1","Lardner",0.192821674660442,"small","small","Olearia argophylla","Nematolepis squamea","small_small","S_VIC","SE_AUS",NA,"Subcanopy","Subcanopy","Subcanopy_Subcanopy"
"1026","Olearia argophylla large","Olearia argophylla large",0.167648114977074,-0.146019978413391,0.481316208367539,0.162113483181835,0.173182746772312,"Potential 1","Lardner",0.62733618678093,"large","large","Olearia argophylla","Olearia argophylla","large_large","S_VIC","SE_AUS",NA,"Subcanopy","Subcanopy","Subcanopy_Subcanopy"
"1027","Olearia argophylla small","Olearia argophylla large",0.0299386209567417,-0.0789360792147203,0.138813321128204,0.0274900528255998,0.0323871890878836,"Potential 1","Lardner",0.217749400342924,"small","large","Olearia argophylla","Olearia argophylla","small_large","S_VIC","SE_AUS",NA,"Subcanopy","Subcanopy","Subcanopy_Subcanopy"
"1028","Olearia argophylla small","Olearia argophylla small",0.151415614620002,-0.00294725814569149,0.305778487385695,0.145384243952319,0.157446985287685,"Potential 1","Lardner",0.308725745531387,"small","small","Olearia argophylla","Olearia argophylla","small_small","S_VIC","SE_AUS",NA,"Subcanopy","Subcanopy","Subcanopy_Subcanopy"
"1029","Atherosperma moschatum small","Atherosperma moschatum small",-0.0407886999723859,-0.562846791718486,0.481269391773714,-0.049619050376407,-0.0319583495683648,"Potential 1","MtField",1.0441161834922,"small","small","Atherosperma moschatum","Atherosperma moschatum","small_small","d_TAS","TAS",NA,"Subcanopy","Subcanopy","Subcanopy_Subcanopy"
"1030","Eucalyptus coccifera large","Atherosperma moschatum small",0.105902830609819,-0.422154067525569,0.633959728745207,0.0960490272696302,0.115756633950007,"Potential 1","MtField",1.05611379627078,"large","small","Eucalyptus coccifera","Atherosperma moschatum","large_small","d_TAS","TAS",NA,"Subcanopy","Canopy","Canopy_Subcanopy"
"1031","Eucalyptus coccifera small","Atherosperma moschatum small",-0.00310583704793688,-0.731572642851264,0.72536096875539,-0.0169666096826897,0.0107549355868159,"Potential 1","MtField",1.45693361160665,"small","small","Eucalyptus coccifera","Atherosperma moschatum","small_small","d_TAS","TAS",NA,"Subcanopy","Canopy","Canopy_Subcanopy"
"1032","Eucalyptus delegatensis large","Atherosperma moschatum small",0.201963335063552,-0.339995528653487,0.74392219878059,0.192838461299188,0.211088208827916,"Potential 1","MtField",1.08391772743408,"large","small","Eucalyptus delegatensis","Atherosperma moschatum","large_small","d_TAS","TAS",NA,"Subcanopy","Canopy","Canopy_Subcanopy"
"1033","Eucalyptus delegatensis small","Atherosperma moschatum small",-0.200760352443683,-0.579537934138266,0.178017229250901,-0.207850935884325,-0.19366976900304,"Potential 1","MtField",0.757555163389168,"small","small","Eucalyptus delegatensis","Atherosperma moschatum","small_small","d_TAS","TAS",NA,"Subcanopy","Canopy","Canopy_Subcanopy"
"1034","Eucalyptus subcrenulata large","Atherosperma moschatum small",-0.0529110691032311,-0.59297149296643,0.487149354759968,-0.0615144742248241,-0.0443076639816381,"Potential 1","MtField",1.0801208477264,"large","small","Eucalyptus subcrenulata","Atherosperma moschatum","large_small","d_TAS","TAS",NA,"Subcanopy","Canopy","Canopy_Subcanopy"
"1035","Eucalyptus subcrenulata small","Atherosperma moschatum small",0.0348742959151697,-0.322248161982133,0.391996753812473,0.0284010105422167,0.0413475812881228,"Potential 1","MtField",0.714244915794606,"small","small","Eucalyptus subcrenulata","Atherosperma moschatum","small_small","d_TAS","TAS",NA,"Subcanopy","Canopy","Canopy_Subcanopy"
"1036","Eucalyptus urnigera large","Atherosperma moschatum small",0.109945248932804,-0.512776085164877,0.732666583030485,0.100642577012131,0.119247920853478,"Potential 1","MtField",1.24544266819536,"large","small","Eucalyptus urnigera","Atherosperma moschatum","large_small","d_TAS","TAS",NA,"Subcanopy","Canopy","Canopy_Subcanopy"
"1037","Leptospermum lanigerum large","Atherosperma moschatum small",-0.20116574503691,-0.864160620934352,0.461829130860532,-0.209781234934468,-0.192550255139352,"Potential 1","MtField",1.32598975179488,"large","small","Leptospermum lanigerum","Atherosperma moschatum","large_small","d_TAS","TAS",NA,"Subcanopy","Subcanopy","Subcanopy_Subcanopy"
"1038","Leptospermum lanigerum small","Atherosperma moschatum small",-0.0461530453197892,-0.337536323925492,0.245230233285913,-0.0522601878437549,-0.0400459027958236,"Potential 1","MtField",0.582766557211405,"small","small","Leptospermum lanigerum","Atherosperma moschatum","small_small","d_TAS","TAS",NA,"Subcanopy","Subcanopy","Subcanopy_Subcanopy"
"1039","Phyllocladus aspleniifolius large","Atherosperma moschatum small",0.0135735246529848,-0.4949857816489,0.52213283095487,0.0055140126714402,0.0216330366345294,"Potential 1","MtField",1.01711861260377,"large","small","Phyllocladus aspleniifolius","Atherosperma moschatum","large_small","d_TAS","TAS",NA,"Subcanopy","Subcanopy","Subcanopy_Subcanopy"
"1040","Phyllocladus aspleniifolius small","Atherosperma moschatum small",-0.18361574373179,-0.388028178044587,0.0207966905810068,-0.188237182881196,-0.178994304582384,"Potential 1","MtField",0.408824868625594,"small","small","Phyllocladus aspleniifolius","Atherosperma moschatum","small_small","d_TAS","TAS",NA,"Subcanopy","Subcanopy","Subcanopy_Subcanopy"
"1041","Pittosporum bicolor small","Atherosperma moschatum small",0.344391062427729,-0.130847798311213,0.81962992316667,0.334573507962791,0.354208616892667,"Potential 1","MtField",0.950477721477883,"small","small","Pittosporum bicolor","Atherosperma moschatum","small_small","d_TAS","TAS",NA,"Subcanopy","Subcanopy","Subcanopy_Subcanopy"
"1042","Eucalyptus coccifera large","Eucalyptus coccifera large",-0.920976661913459,-2.10630933490471,0.264356011077789,-0.941581621058879,-0.900371702768038,"Potential 1","MtField",2.37066534598249,"large","large","Eucalyptus coccifera","Eucalyptus coccifera","large_large","d_TAS","TAS",NA,"Canopy","Canopy","Canopy_Canopy"
"1043","Eucalyptus coccifera small","Eucalyptus coccifera large",1.23122847984452,0.131372656900108,2.33108430278893,1.21111947211471,1.25133748757433,"Potential 1","MtField",2.19971164588882,"small","large","Eucalyptus coccifera","Eucalyptus coccifera","small_large","d_TAS","TAS","1","Canopy","Canopy","Canopy_Canopy"
"1044","Eucalyptus delegatensis large","Eucalyptus coccifera large",-1.12331859710628,-2.16146116069393,-0.0851760335186325,-1.14046578584007,-1.10617140837249,"Potential 1","MtField",2.0762851271753,"large","large","Eucalyptus delegatensis","Eucalyptus coccifera","large_large","d_TAS","TAS","1","Canopy","Canopy","Canopy_Canopy"
"1045","Eucalyptus delegatensis small","Eucalyptus coccifera large",-0.435915994589494,-1.0467085778944,0.174876588715408,-0.446691653781029,-0.42514033539796,"Potential 1","MtField",1.22158516660981,"small","large","Eucalyptus delegatensis","Eucalyptus coccifera","small_large","d_TAS","TAS",NA,"Canopy","Canopy","Canopy_Canopy"
"1046","Eucalyptus subcrenulata large","Eucalyptus coccifera large",0.563291976729982,-0.214936686712267,1.34152064017223,0.551254198463666,0.575329754996297,"Potential 1","MtField",1.5564573268845,"large","large","Eucalyptus subcrenulata","Eucalyptus coccifera","large_large","d_TAS","TAS",NA,"Canopy","Canopy","Canopy_Canopy"
"1047","Eucalyptus subcrenulata small","Eucalyptus coccifera large",0.445426069650118,0.00684530361643965,0.884006835683796,0.436879832808074,0.453972306492162,"Potential 1","MtField",0.877161532067356,"small","large","Eucalyptus subcrenulata","Eucalyptus coccifera","small_large","d_TAS","TAS","1","Canopy","Canopy","Canopy_Canopy"
"1048","Eucalyptus urnigera large","Eucalyptus coccifera large",-0.755502955216459,-1.72910797582283,0.218102065389911,-0.769994754848329,-0.74101115558459,"Potential 1","MtField",1.94721004121274,"large","large","Eucalyptus urnigera","Eucalyptus coccifera","large_large","d_TAS","TAS",NA,"Canopy","Canopy","Canopy_Canopy"
"1049","Leptospermum lanigerum large","Eucalyptus coccifera large",0.772214695827267,-0.183899735672725,1.72832912732726,0.757409861696027,0.787019529958506,"Potential 1","MtField",1.91222886299998,"large","large","Leptospermum lanigerum","Eucalyptus coccifera","large_large","d_TAS","TAS",NA,"Canopy","Subcanopy","Subcanopy_Canopy"
"1050","Leptospermum lanigerum small","Eucalyptus coccifera large",0.196042454500387,-0.215027204735157,0.607112113735931,0.187124915178889,0.204959993821885,"Potential 1","MtField",0.822139318471087,"small","large","Leptospermum lanigerum","Eucalyptus coccifera","small_large","d_TAS","TAS",NA,"Canopy","Subcanopy","Subcanopy_Canopy"
"1051","Phyllocladus aspleniifolius large","Eucalyptus coccifera large",0.384422946696672,-0.261032305195254,1.0298781985886,0.37256188293834,0.396284010455005,"Potential 1","MtField",1.29091050378385,"large","large","Phyllocladus aspleniifolius","Eucalyptus coccifera","large_large","d_TAS","TAS",NA,"Canopy","Subcanopy","Subcanopy_Canopy"
"1052","Phyllocladus aspleniifolius small","Eucalyptus coccifera large",-0.0912727939933616,-0.364311837189162,0.181766249202439,-0.0969006873329468,-0.0856449006537763,"Potential 1","MtField",0.546078086391601,"small","large","Phyllocladus aspleniifolius","Eucalyptus coccifera","small_large","d_TAS","TAS",NA,"Canopy","Subcanopy","Subcanopy_Canopy"
"1053","Pittosporum bicolor small","Eucalyptus coccifera large",0.0857551560738356,-0.547353711495372,0.718864023643043,0.075205082604151,0.0963052295435201,"Potential 1","MtField",1.26621773513841,"small","large","Pittosporum bicolor","Eucalyptus coccifera","small_large","d_TAS","TAS",NA,"Canopy","Subcanopy","Subcanopy_Canopy"
"1054","Eucalyptus coccifera small","Eucalyptus coccifera small",-1.83058878682637,-3.44686872745842,-0.214308846194324,-1.86360094893965,-1.79757662471309,"Potential 1","MtField",3.23255988126409,"small","small","Eucalyptus coccifera","Eucalyptus coccifera","small_small","d_TAS","TAS","1","Canopy","Canopy","Canopy_Canopy"
"1055","Eucalyptus delegatensis large","Eucalyptus coccifera small",0.793240782695594,-0.0974998654898079,1.683981430881,0.776293673173878,0.81018789221731,"Potential 1","MtField",1.7814812963708,"large","small","Eucalyptus delegatensis","Eucalyptus coccifera","large_small","d_TAS","TAS",NA,"Canopy","Canopy","Canopy_Canopy"
"1056","Eucalyptus delegatensis small","Eucalyptus coccifera small",0.075093189503064,-0.527995838471642,0.67818221747777,0.0638968610444109,0.0862895179617171,"Potential 1","MtField",1.20617805594941,"small","small","Eucalyptus delegatensis","Eucalyptus coccifera","small_small","d_TAS","TAS",NA,"Canopy","Canopy","Canopy_Canopy"
"1057","Eucalyptus subcrenulata large","Eucalyptus coccifera small",-0.610047143614391,-1.61378249368009,0.393688206451309,-0.624815925810771,-0.595278361418012,"Potential 1","MtField",2.0074707001314,"large","small","Eucalyptus subcrenulata","Eucalyptus coccifera","large_small","d_TAS","TAS",NA,"Canopy","Canopy","Canopy_Canopy"
"1058","Eucalyptus subcrenulata small","Eucalyptus coccifera small",-0.295131585852087,-0.819863421487676,0.229600249783503,-0.307080722352037,-0.283182449352137,"Potential 1","MtField",1.04946367127118,"small","small","Eucalyptus subcrenulata","Eucalyptus coccifera","small_small","d_TAS","TAS",NA,"Canopy","Canopy","Canopy_Canopy"
"1059","Eucalyptus urnigera large","Eucalyptus coccifera small",0.933960849880072,-0.331064781772437,2.19898648153258,0.914235646632329,0.953686053127814,"Potential 1","MtField",2.53005126330502,"large","small","Eucalyptus urnigera","Eucalyptus coccifera","large_small","d_TAS","TAS",NA,"Canopy","Canopy","Canopy_Canopy"
"1060","Leptospermum lanigerum large","Eucalyptus coccifera small",-0.925612273182118,-2.03314840982296,0.181923863458724,-0.945398558041002,-0.905825988323234,"Potential 1","MtField",2.21507227328168,"large","small","Leptospermum lanigerum","Eucalyptus coccifera","large_small","d_TAS","TAS",NA,"Canopy","Subcanopy","Subcanopy_Canopy"
"1061","Leptospermum lanigerum small","Eucalyptus coccifera small",-0.104452400254206,-0.548969187417384,0.340064386908971,-0.115531034871782,-0.0933737656366308,"Potential 1","MtField",0.889033574326355,"small","small","Leptospermum lanigerum","Eucalyptus coccifera","small_small","d_TAS","TAS",NA,"Canopy","Subcanopy","Subcanopy_Canopy"
"1062","Phyllocladus aspleniifolius large","Eucalyptus coccifera small",-0.121674922418362,-0.966980975095089,0.723631130258365,-0.135923535012527,-0.107426309824197,"Potential 1","MtField",1.69061210535345,"large","small","Phyllocladus aspleniifolius","Eucalyptus coccifera","large_small","d_TAS","TAS",NA,"Canopy","Subcanopy","Subcanopy_Canopy"
"1063","Phyllocladus aspleniifolius small","Eucalyptus coccifera small",0.179519951815958,-0.195977496389225,0.555017400021141,0.173295775912961,0.185744127718954,"Potential 1","MtField",0.750994896410366,"small","small","Phyllocladus aspleniifolius","Eucalyptus coccifera","small_small","d_TAS","TAS",NA,"Canopy","Subcanopy","Subcanopy_Canopy"
"1064","Pittosporum bicolor small","Eucalyptus coccifera small",-0.618107275810133,-1.53077752823503,0.294562976614761,-0.632183345692437,-0.60403120592783,"Potential 1","MtField",1.82534050484979,"small","small","Pittosporum bicolor","Eucalyptus coccifera","small_small","d_TAS","TAS",NA,"Canopy","Subcanopy","Subcanopy_Canopy"
"1065","Eucalyptus delegatensis large","Eucalyptus delegatensis large",-0.900958233691639,-1.73075089530165,-0.0711655720816273,-0.919083841395436,-0.882832625987843,"Potential 1","MtField",1.65958532322002,"large","large","Eucalyptus delegatensis","Eucalyptus delegatensis","large_large","d_TAS","TAS","1","Canopy","Canopy","Canopy_Canopy"
"1066","Eucalyptus delegatensis small","Eucalyptus delegatensis large",0.329302617800027,-0.133372745364189,0.791977980964244,0.319331280646154,0.339273954953901,"Potential 1","MtField",0.925350726328433,"small","large","Eucalyptus delegatensis","Eucalyptus delegatensis","small_large","d_TAS","TAS",NA,"Canopy","Canopy","Canopy_Canopy"
"1067","Eucalyptus subcrenulata large","Eucalyptus delegatensis large",0.0877231330588713,-0.492527315886943,0.667973582004685,0.0748109666793013,0.100635299438441,"Potential 1","MtField",1.16050089789163,"large","large","Eucalyptus subcrenulata","Eucalyptus delegatensis","large_large","d_TAS","TAS",NA,"Canopy","Canopy","Canopy_Canopy"
"1068","Eucalyptus subcrenulata small","Eucalyptus delegatensis large",0.0445811314577503,-0.303820089407398,0.392982352322899,0.0368360040016705,0.0523262589138302,"Potential 1","MtField",0.696802441730297,"small","large","Eucalyptus subcrenulata","Eucalyptus delegatensis","small_large","d_TAS","TAS",NA,"Canopy","Canopy","Canopy_Canopy"
"1069","Eucalyptus urnigera large","Eucalyptus delegatensis large",-0.305369802557138,-1.12358887301078,0.512849267896499,-0.320595329136123,-0.290144275978154,"Potential 1","MtField",1.63643814090728,"large","large","Eucalyptus urnigera","Eucalyptus delegatensis","large_large","d_TAS","TAS",NA,"Canopy","Canopy","Canopy_Canopy"
"1070","Leptospermum lanigerum large","Eucalyptus delegatensis large",0.874679200397936,0.0589557498828678,1.690402650913,0.858743430485236,0.890614970310635,"Potential 1","MtField",1.63144690103014,"large","large","Leptospermum lanigerum","Eucalyptus delegatensis","large_large","d_TAS","TAS","1","Canopy","Subcanopy","Subcanopy_Canopy"
"1071","Leptospermum lanigerum small","Eucalyptus delegatensis large",0.194665745677287,-0.135974197471594,0.525305688826167,0.185706767559345,0.203624723795228,"Potential 1","MtField",0.661279886297761,"small","large","Leptospermum lanigerum","Eucalyptus delegatensis","small_large","d_TAS","TAS",NA,"Canopy","Subcanopy","Subcanopy_Canopy"
"1072","Phyllocladus aspleniifolius large","Eucalyptus delegatensis large",0.168343848155075,-0.425653483684135,0.762341179994285,0.155581370590294,0.181106325719855,"Potential 1","MtField",1.18799466367842,"large","large","Phyllocladus aspleniifolius","Eucalyptus delegatensis","large_large","d_TAS","TAS",NA,"Canopy","Subcanopy","Subcanopy_Canopy"
"1073","Phyllocladus aspleniifolius small","Eucalyptus delegatensis large",0.0831704688332646,-0.216282164029749,0.382623101696279,0.0782042205902875,0.0881367170762418,"Potential 1","MtField",0.598905265726028,"small","large","Phyllocladus aspleniifolius","Eucalyptus delegatensis","small_large","d_TAS","TAS",NA,"Canopy","Subcanopy","Subcanopy_Canopy"
"1074","Pittosporum bicolor small","Eucalyptus delegatensis large",-0.126133491322624,-0.608779498594756,0.356512515949508,-0.135557072123109,-0.116709910522139,"Potential 1","MtField",0.965292014544264,"small","large","Pittosporum bicolor","Eucalyptus delegatensis","small_large","d_TAS","TAS",NA,"Canopy","Subcanopy","Subcanopy_Canopy"
"1075","Eucalyptus delegatensis small","Eucalyptus delegatensis small",-0.398154544761729,-0.879411143207191,0.0831020536837334,-0.40852601462209,-0.387783074901368,"Potential 1","MtField",0.962513196890924,"small","small","Eucalyptus delegatensis","Eucalyptus delegatensis","small_small","d_TAS","TAS",NA,"Canopy","Canopy","Canopy_Canopy"
"1076","Eucalyptus subcrenulata large","Eucalyptus delegatensis small",0.504404644548663,-0.0257783730430039,1.03458766214033,0.493943893338684,0.514865395758641,"Potential 1","MtField",1.06036603518333,"large","small","Eucalyptus subcrenulata","Eucalyptus delegatensis","large_small","d_TAS","TAS",NA,"Canopy","Canopy","Canopy_Canopy"
"1077","Eucalyptus subcrenulata small","Eucalyptus delegatensis small",0.206710736460393,-0.100073627006153,0.51349509992694,0.19978979275135,0.213631680169437,"Potential 1","MtField",0.613568726933093,"small","small","Eucalyptus subcrenulata","Eucalyptus delegatensis","small_small","d_TAS","TAS",NA,"Canopy","Canopy","Canopy_Canopy"
"1078","Eucalyptus urnigera large","Eucalyptus delegatensis small",-0.225336460893098,-0.925959523131805,0.47528660134561,-0.235786907156904,-0.214886014629292,"Potential 1","MtField",1.40124612447741,"large","small","Eucalyptus urnigera","Eucalyptus delegatensis","large_small","d_TAS","TAS",NA,"Canopy","Canopy","Canopy_Canopy"
"1079","Leptospermum lanigerum large","Eucalyptus delegatensis small",-0.429523891524707,-0.941807783153651,0.0827600001042369,-0.438967683135392,-0.420080099914022,"Potential 1","MtField",1.02456778325789,"large","small","Leptospermum lanigerum","Eucalyptus delegatensis","large_small","d_TAS","TAS",NA,"Canopy","Subcanopy","Subcanopy_Canopy"
"1080","Leptospermum lanigerum small","Eucalyptus delegatensis small",0.216637951954855,-0.0298094102049268,0.463085314114636,0.209366539619351,0.223909364290359,"Potential 1","MtField",0.492894724319563,"small","small","Leptospermum lanigerum","Eucalyptus delegatensis","small_small","d_TAS","TAS",NA,"Canopy","Subcanopy","Subcanopy_Canopy"
"1081","Phyllocladus aspleniifolius large","Eucalyptus delegatensis small",0.562385478185509,0.0772819945810315,1.04748896178999,0.550999814735973,0.573771141635045,"Potential 1","MtField",0.970206967208955,"large","small","Phyllocladus aspleniifolius","Eucalyptus delegatensis","large_small","d_TAS","TAS","1","Canopy","Subcanopy","Subcanopy_Canopy"
"1082","Phyllocladus aspleniifolius small","Eucalyptus delegatensis small",-0.223265559038814,-0.41301188562538,-0.0335192324522474,-0.227631575825313,-0.218899542252315,"Potential 1","MtField",0.379492653173133,"small","small","Phyllocladus aspleniifolius","Eucalyptus delegatensis","small_small","d_TAS","TAS","1","Canopy","Subcanopy","Subcanopy_Canopy"
"1083","Pittosporum bicolor small","Eucalyptus delegatensis small",0.173027429652976,-0.117946749799905,0.464001609105857,0.16598015050019,0.180074708805762,"Potential 1","MtField",0.581948358905761,"small","small","Pittosporum bicolor","Eucalyptus delegatensis","small_small","d_TAS","TAS",NA,"Canopy","Subcanopy","Subcanopy_Canopy"
"1084","Eucalyptus subcrenulata large","Eucalyptus subcrenulata large",-1.01534870128979,-1.96866576665269,-0.062031635926887,-1.02927830855137,-1.00141909402821,"Potential 1","MtField",1.90663413072581,"large","large","Eucalyptus subcrenulata","Eucalyptus subcrenulata","large_large","d_TAS","TAS","1","Canopy","Canopy","Canopy_Canopy"
"1085","Eucalyptus subcrenulata small","Eucalyptus subcrenulata large",0.00166177026737966,-0.470967811756189,0.474291352290948,-0.00629781442853582,0.00962135496329513,"Potential 1","MtField",0.945259164047137,"small","large","Eucalyptus subcrenulata","Eucalyptus subcrenulata","small_large","d_TAS","TAS",NA,"Canopy","Canopy","Canopy_Canopy"
"1086","Eucalyptus urnigera large","Eucalyptus subcrenulata large",0.937731266914088,-0.0936129916232542,1.96907552545143,0.923591401976948,0.951871131851228,"Potential 1","MtField",2.06268851707468,"large","large","Eucalyptus urnigera","Eucalyptus subcrenulata","large_large","d_TAS","TAS",NA,"Canopy","Canopy","Canopy_Canopy"
"1087","Leptospermum lanigerum large","Eucalyptus subcrenulata large",0.468944082076992,-0.428123127837142,1.36601129199113,0.457114730798669,0.480773433355316,"Potential 1","MtField",1.79413441982827,"large","large","Leptospermum lanigerum","Eucalyptus subcrenulata","large_large","d_TAS","TAS",NA,"Canopy","Subcanopy","Subcanopy_Canopy"
"1088","Leptospermum lanigerum small","Eucalyptus subcrenulata large",-0.192226223689551,-0.631880232106462,0.24742778472736,-0.200936073166986,-0.183516374212116,"Potential 1","MtField",0.879308016833822,"small","large","Leptospermum lanigerum","Eucalyptus subcrenulata","small_large","d_TAS","TAS",NA,"Canopy","Subcanopy","Subcanopy_Canopy"
"1089","Phyllocladus aspleniifolius large","Eucalyptus subcrenulata large",0.07025056717832,-0.608782316225525,0.749283450582165,0.0580596852517472,0.0824414491048928,"Potential 1","MtField",1.35806576680769,"large","large","Phyllocladus aspleniifolius","Eucalyptus subcrenulata","large_large","d_TAS","TAS",NA,"Canopy","Subcanopy","Subcanopy_Canopy"
"1090","Phyllocladus aspleniifolius small","Eucalyptus subcrenulata large",0.00754690157349532,-0.274580842401096,0.289674645548087,0.00208219836054806,0.0130116047864426,"Potential 1","MtField",0.564255487949183,"small","large","Phyllocladus aspleniifolius","Eucalyptus subcrenulata","small_large","d_TAS","TAS",NA,"Canopy","Subcanopy","Subcanopy_Canopy"
"1091","Pittosporum bicolor small","Eucalyptus subcrenulata large",0.196898638430864,-0.481204424200834,0.875001701062561,0.186557070622675,0.207240206239052,"Potential 1","MtField",1.3562061252634,"small","large","Pittosporum bicolor","Eucalyptus subcrenulata","small_large","d_TAS","TAS",NA,"Canopy","Subcanopy","Subcanopy_Canopy"
"1092","Eucalyptus subcrenulata small","Eucalyptus subcrenulata small",-0.269424867961571,-0.696690116413678,0.157840380490537,-0.280823451766546,-0.258026284156595,"Potential 1","MtField",0.854530496904214,"small","small","Eucalyptus subcrenulata","Eucalyptus subcrenulata","small_small","d_TAS","TAS",NA,"Canopy","Canopy","Canopy_Canopy"
"1093","Eucalyptus urnigera large","Eucalyptus subcrenulata small",-0.277535843231322,-0.823471175151731,0.268399488689086,-0.286827570659448,-0.268244115803196,"Potential 1","MtField",1.09187066384082,"large","small","Eucalyptus urnigera","Eucalyptus subcrenulata","large_small","d_TAS","TAS",NA,"Canopy","Canopy","Canopy_Canopy"
"1094","Leptospermum lanigerum large","Eucalyptus subcrenulata small",-0.251571537121106,-0.673973691876555,0.170830617634342,-0.25915918339748,-0.243983890844733,"Potential 1","MtField",0.844804309510896,"large","small","Leptospermum lanigerum","Eucalyptus subcrenulata","large_small","d_TAS","TAS",NA,"Canopy","Subcanopy","Subcanopy_Canopy"
"1095","Leptospermum lanigerum small","Eucalyptus subcrenulata small",-0.00171293188910749,-0.214042534760756,0.210616670982541,-0.00810660113477839,0.00468073735656341,"Potential 1","MtField",0.424659205743297,"small","small","Leptospermum lanigerum","Eucalyptus subcrenulata","small_small","d_TAS","TAS",NA,"Canopy","Subcanopy","Subcanopy_Canopy"
"1096","Phyllocladus aspleniifolius large","Eucalyptus subcrenulata small",-0.0594267008587176,-0.472273863413985,0.35342046169655,-0.0671274793457081,-0.0517259223717272,"Potential 1","MtField",0.825694325110535,"large","small","Phyllocladus aspleniifolius","Eucalyptus subcrenulata","large_small","d_TAS","TAS",NA,"Canopy","Subcanopy","Subcanopy_Canopy"
"1097","Phyllocladus aspleniifolius small","Eucalyptus subcrenulata small",-0.0428139709018456,-0.207122039671635,0.121494097867944,-0.0467907927651701,-0.0388371490385212,"Potential 1","MtField",0.328616137539579,"small","small","Phyllocladus aspleniifolius","Eucalyptus subcrenulata","small_small","d_TAS","TAS",NA,"Canopy","Subcanopy","Subcanopy_Canopy"
"1098","Pittosporum bicolor small","Eucalyptus subcrenulata small",0.164856920665057,-0.145196702087263,0.474910543417376,0.157480902045355,0.172232939284758,"Potential 1","MtField",0.620107245504639,"small","small","Pittosporum bicolor","Eucalyptus subcrenulata","small_small","d_TAS","TAS",NA,"Canopy","Subcanopy","Subcanopy_Canopy"
"1099","Eucalyptus urnigera large","Eucalyptus urnigera large",-0.782388459424154,-2.11139697026247,0.546620051414164,-0.802398870722734,-0.762378048125574,"Potential 1","MtField",2.65801702167664,"large","large","Eucalyptus urnigera","Eucalyptus urnigera","large_large","d_TAS","TAS",NA,"Canopy","Canopy","Canopy_Canopy"
"1100","Leptospermum lanigerum large","Eucalyptus urnigera large",0.101101972805753,-0.827478514683503,1.02968246029501,0.0880105041880747,0.114193441423431,"Potential 1","MtField",1.85716097497851,"large","large","Leptospermum lanigerum","Eucalyptus urnigera","large_large","d_TAS","TAS",NA,"Canopy","Subcanopy","Subcanopy_Canopy"
"1101","Leptospermum lanigerum small","Eucalyptus urnigera large",-0.171597644137863,-0.664285797999135,0.32109050972341,-0.182493498445269,-0.160701789830456,"Potential 1","MtField",0.985376307722545,"small","large","Leptospermum lanigerum","Eucalyptus urnigera","small_large","d_TAS","TAS",NA,"Canopy","Subcanopy","Subcanopy_Canopy"
"1102","Phyllocladus aspleniifolius large","Eucalyptus urnigera large",-0.0357548103078602,-1.02453062405968,0.953021003443956,-0.0487733911811633,-0.022736229434557,"Potential 1","MtField",1.97755162750363,"large","large","Phyllocladus aspleniifolius","Eucalyptus urnigera","large_large","d_TAS","TAS",NA,"Canopy","Subcanopy","Subcanopy_Canopy"
"1103","Phyllocladus aspleniifolius small","Eucalyptus urnigera large",-0.0431518550351702,-0.35714975594836,0.27084604587802,-0.0490365393012424,-0.0372671707690981,"Potential 1","MtField",0.62799580182638,"small","large","Phyllocladus aspleniifolius","Eucalyptus urnigera","small_large","d_TAS","TAS",NA,"Canopy","Subcanopy","Subcanopy_Canopy"
"1104","Pittosporum bicolor small","Eucalyptus urnigera large",0.198326952395829,-0.465615490029919,0.862269394821578,0.185561479053622,0.211092425738037,"Potential 1","MtField",1.3278848848515,"small","large","Pittosporum bicolor","Eucalyptus urnigera","small_large","d_TAS","TAS",NA,"Canopy","Subcanopy","Subcanopy_Canopy"
"1105","Leptospermum lanigerum large","Leptospermum lanigerum large",-0.777175976482175,-1.69802790347787,0.14367595051352,-0.793059385983594,-0.761292566980757,"Potential 1","MtField",1.84170385399139,"large","large","Leptospermum lanigerum","Leptospermum lanigerum","large_large","d_TAS","TAS",NA,"Subcanopy","Subcanopy","Subcanopy_Subcanopy"
"1106","Leptospermum lanigerum small","Leptospermum lanigerum large",0.100018984881191,-0.245318381584129,0.445356351346511,0.0927713185173468,0.107266651245035,"Potential 1","MtField",0.690674732930639,"small","large","Leptospermum lanigerum","Leptospermum lanigerum","small_large","d_TAS","TAS",NA,"Subcanopy","Subcanopy","Subcanopy_Subcanopy"
"1107","Phyllocladus aspleniifolius large","Leptospermum lanigerum large",-0.229909905622672,-1.05499120002905,0.595171388783707,-0.241920266869816,-0.217899544375527,"Potential 1","MtField",1.65016258881276,"large","large","Phyllocladus aspleniifolius","Leptospermum lanigerum","large_large","d_TAS","TAS",NA,"Subcanopy","Subcanopy","Subcanopy_Subcanopy"
"1108","Phyllocladus aspleniifolius small","Leptospermum lanigerum large",-0.124136784050255,-0.390552343378867,0.142278775278358,-0.128853679006019,-0.11941988909449,"Potential 1","MtField",0.532831118657225,"small","large","Phyllocladus aspleniifolius","Leptospermum lanigerum","small_large","d_TAS","TAS",NA,"Subcanopy","Subcanopy","Subcanopy_Subcanopy"
"1109","Pittosporum bicolor small","Leptospermum lanigerum large",-0.0263861039944906,-0.532274302704842,0.479502094715861,-0.0353556974223492,-0.017416510566632,"Potential 1","MtField",1.0117763974207,"small","large","Pittosporum bicolor","Leptospermum lanigerum","small_large","d_TAS","TAS",NA,"Subcanopy","Subcanopy","Subcanopy_Subcanopy"
"1110","Leptospermum lanigerum small","Leptospermum lanigerum small",0.147781047526958,-0.0883782883919814,0.383940383445898,0.138202567804558,0.157359527249359,"Potential 1","MtField",0.472318671837879,"small","small","Leptospermum lanigerum","Leptospermum lanigerum","small_small","d_TAS","TAS",NA,"Subcanopy","Subcanopy","Subcanopy_Subcanopy"
"1111","Phyllocladus aspleniifolius large","Leptospermum lanigerum small",-0.573314864567887,-1.04023270250867,-0.106397026627103,-0.583482336483513,-0.563147392652262,"Potential 1","MtField",0.933835675881568,"large","small","Phyllocladus aspleniifolius","Leptospermum lanigerum","large_small","d_TAS","TAS","1","Subcanopy","Subcanopy","Subcanopy_Subcanopy"
"1112","Phyllocladus aspleniifolius small","Leptospermum lanigerum small",0.123274144611378,-0.0255193688001822,0.272067658022939,0.118914108122803,0.127634181099954,"Potential 1","MtField",0.297587026823121,"small","small","Phyllocladus aspleniifolius","Leptospermum lanigerum","small_small","d_TAS","TAS",NA,"Subcanopy","Subcanopy","Subcanopy_Subcanopy"
"1113","Pittosporum bicolor small","Leptospermum lanigerum small",-0.0724526747181692,-0.359655621013245,0.214750271576907,-0.0794973671979369,-0.0654079822384014,"Potential 1","MtField",0.574405892590151,"small","small","Pittosporum bicolor","Leptospermum lanigerum","small_small","d_TAS","TAS",NA,"Subcanopy","Subcanopy","Subcanopy_Subcanopy"
"1114","Phyllocladus aspleniifolius large","Phyllocladus aspleniifolius large",-0.9372132981345,-1.81698858150379,-0.0574380147652126,-0.95484456722088,-0.91958202904812,"Potential 1","MtField",1.75955056673858,"large","large","Phyllocladus aspleniifolius","Phyllocladus aspleniifolius","large_large","d_TAS","TAS","1","Subcanopy","Subcanopy","Subcanopy_Subcanopy"
"1115","Phyllocladus aspleniifolius small","Phyllocladus aspleniifolius large",0.33392973357944,0.0394615762243718,0.628397890934508,0.326905418752321,0.340954048406559,"Potential 1","MtField",0.588936314710137,"small","large","Phyllocladus aspleniifolius","Phyllocladus aspleniifolius","small_large","d_TAS","TAS","1","Subcanopy","Subcanopy","Subcanopy_Subcanopy"
"1116","Pittosporum bicolor small","Phyllocladus aspleniifolius large",-0.21159679103141,-0.637102034972232,0.213908452909411,-0.221760265371696,-0.201433316691125,"Potential 1","MtField",0.851010487881644,"small","large","Pittosporum bicolor","Phyllocladus aspleniifolius","small_large","d_TAS","TAS",NA,"Subcanopy","Subcanopy","Subcanopy_Subcanopy"
"1117","Phyllocladus aspleniifolius small","Phyllocladus aspleniifolius small",0.235586423107665,0.0474659958603217,0.423706850355008,0.224647763546262,0.246525082669068,"Potential 1","MtField",0.376240854494686,"small","small","Phyllocladus aspleniifolius","Phyllocladus aspleniifolius","small_small","d_TAS","TAS","1","Subcanopy","Subcanopy","Subcanopy_Subcanopy"
"1118","Pittosporum bicolor small","Phyllocladus aspleniifolius small",0.249026462488748,0.019760957495619,0.478291967481877,0.243089859352743,0.254963065624753,"Potential 1","MtField",0.458531009986258,"small","small","Pittosporum bicolor","Phyllocladus aspleniifolius","small_small","d_TAS","TAS","1","Subcanopy","Subcanopy","Subcanopy_Subcanopy"
"1119","Pittosporum bicolor small","Pittosporum bicolor small",-0.0924717034068664,-0.517880296080527,0.332936889266794,-0.10127525127783,-0.0836681555359026,"Potential 1","MtField",0.850817185347322,"small","small","Pittosporum bicolor","Pittosporum bicolor","small_small","d_TAS","TAS",NA,"Subcanopy","Subcanopy","Subcanopy_Subcanopy"
"1120","Atherosperma moschatum small","Atherosperma moschatum small",-0.0407886999723859,-0.562846791718486,0.481269391773714,-0.049619050376407,-0.0319583495683648,"Potential 1","NorthStyx",1.0441161834922,"small","small","Atherosperma moschatum","Atherosperma moschatum","small_small","d_TAS","TAS",NA,"Subcanopy","Subcanopy","Subcanopy_Subcanopy"
"1121","Eucalyptus coccifera large","Atherosperma moschatum small",0.105902830609819,-0.422154067525569,0.633959728745207,0.0960490272696302,0.115756633950007,"Potential 1","NorthStyx",1.05611379627078,"large","small","Eucalyptus coccifera","Atherosperma moschatum","large_small","d_TAS","TAS",NA,"Subcanopy","Canopy","Canopy_Subcanopy"
"1122","Eucalyptus coccifera small","Atherosperma moschatum small",-0.00310583704793688,-0.731572642851264,0.72536096875539,-0.0169666096826897,0.0107549355868159,"Potential 1","NorthStyx",1.45693361160665,"small","small","Eucalyptus coccifera","Atherosperma moschatum","small_small","d_TAS","TAS",NA,"Subcanopy","Canopy","Canopy_Subcanopy"
"1123","Eucalyptus delegatensis large","Atherosperma moschatum small",0.201963335063552,-0.339995528653487,0.74392219878059,0.192838461299188,0.211088208827916,"Potential 1","NorthStyx",1.08391772743408,"large","small","Eucalyptus delegatensis","Atherosperma moschatum","large_small","d_TAS","TAS",NA,"Subcanopy","Canopy","Canopy_Subcanopy"
"1124","Eucalyptus delegatensis small","Atherosperma moschatum small",-0.200760352443683,-0.579537934138266,0.178017229250901,-0.207850935884325,-0.19366976900304,"Potential 1","NorthStyx",0.757555163389168,"small","small","Eucalyptus delegatensis","Atherosperma moschatum","small_small","d_TAS","TAS",NA,"Subcanopy","Canopy","Canopy_Subcanopy"
"1125","Eucalyptus subcrenulata large","Atherosperma moschatum small",-0.0529110691032311,-0.59297149296643,0.487149354759968,-0.0615144742248241,-0.0443076639816381,"Potential 1","NorthStyx",1.0801208477264,"large","small","Eucalyptus subcrenulata","Atherosperma moschatum","large_small","d_TAS","TAS",NA,"Subcanopy","Canopy","Canopy_Subcanopy"
"1126","Eucalyptus subcrenulata small","Atherosperma moschatum small",0.0348742959151697,-0.322248161982133,0.391996753812473,0.0284010105422167,0.0413475812881228,"Potential 1","NorthStyx",0.714244915794606,"small","small","Eucalyptus subcrenulata","Atherosperma moschatum","small_small","d_TAS","TAS",NA,"Subcanopy","Canopy","Canopy_Subcanopy"
"1127","Eucalyptus urnigera large","Atherosperma moschatum small",0.109945248932804,-0.512776085164877,0.732666583030485,0.100642577012131,0.119247920853478,"Potential 1","NorthStyx",1.24544266819536,"large","small","Eucalyptus urnigera","Atherosperma moschatum","large_small","d_TAS","TAS",NA,"Subcanopy","Canopy","Canopy_Subcanopy"
"1128","Leptospermum lanigerum large","Atherosperma moschatum small",-0.20116574503691,-0.864160620934352,0.461829130860532,-0.209781234934468,-0.192550255139352,"Potential 1","NorthStyx",1.32598975179488,"large","small","Leptospermum lanigerum","Atherosperma moschatum","large_small","d_TAS","TAS",NA,"Subcanopy","Subcanopy","Subcanopy_Subcanopy"
"1129","Leptospermum lanigerum small","Atherosperma moschatum small",-0.0461530453197892,-0.337536323925492,0.245230233285913,-0.0522601878437549,-0.0400459027958236,"Potential 1","NorthStyx",0.582766557211405,"small","small","Leptospermum lanigerum","Atherosperma moschatum","small_small","d_TAS","TAS",NA,"Subcanopy","Subcanopy","Subcanopy_Subcanopy"
"1130","Phyllocladus aspleniifolius large","Atherosperma moschatum small",0.0135735246529848,-0.4949857816489,0.52213283095487,0.0055140126714402,0.0216330366345294,"Potential 1","NorthStyx",1.01711861260377,"large","small","Phyllocladus aspleniifolius","Atherosperma moschatum","large_small","d_TAS","TAS",NA,"Subcanopy","Subcanopy","Subcanopy_Subcanopy"
"1131","Phyllocladus aspleniifolius small","Atherosperma moschatum small",-0.18361574373179,-0.388028178044587,0.0207966905810068,-0.188237182881196,-0.178994304582384,"Potential 1","NorthStyx",0.408824868625594,"small","small","Phyllocladus aspleniifolius","Atherosperma moschatum","small_small","d_TAS","TAS",NA,"Subcanopy","Subcanopy","Subcanopy_Subcanopy"
"1132","Pittosporum bicolor small","Atherosperma moschatum small",0.344391062427729,-0.130847798311213,0.81962992316667,0.334573507962791,0.354208616892667,"Potential 1","NorthStyx",0.950477721477883,"small","small","Pittosporum bicolor","Atherosperma moschatum","small_small","d_TAS","TAS",NA,"Subcanopy","Subcanopy","Subcanopy_Subcanopy"
"1133","Eucalyptus coccifera large","Eucalyptus coccifera large",-0.920976661913459,-2.10630933490471,0.264356011077789,-0.941581621058879,-0.900371702768038,"Potential 1","NorthStyx",2.37066534598249,"large","large","Eucalyptus coccifera","Eucalyptus coccifera","large_large","d_TAS","TAS",NA,"Canopy","Canopy","Canopy_Canopy"
"1134","Eucalyptus coccifera small","Eucalyptus coccifera large",1.23122847984452,0.131372656900108,2.33108430278893,1.21111947211471,1.25133748757433,"Potential 1","NorthStyx",2.19971164588882,"small","large","Eucalyptus coccifera","Eucalyptus coccifera","small_large","d_TAS","TAS","1","Canopy","Canopy","Canopy_Canopy"
"1135","Eucalyptus delegatensis large","Eucalyptus coccifera large",-1.12331859710628,-2.16146116069393,-0.0851760335186325,-1.14046578584007,-1.10617140837249,"Potential 1","NorthStyx",2.0762851271753,"large","large","Eucalyptus delegatensis","Eucalyptus coccifera","large_large","d_TAS","TAS","1","Canopy","Canopy","Canopy_Canopy"
"1136","Eucalyptus delegatensis small","Eucalyptus coccifera large",-0.435915994589494,-1.0467085778944,0.174876588715408,-0.446691653781029,-0.42514033539796,"Potential 1","NorthStyx",1.22158516660981,"small","large","Eucalyptus delegatensis","Eucalyptus coccifera","small_large","d_TAS","TAS",NA,"Canopy","Canopy","Canopy_Canopy"
"1137","Eucalyptus subcrenulata large","Eucalyptus coccifera large",0.563291976729982,-0.214936686712267,1.34152064017223,0.551254198463666,0.575329754996297,"Potential 1","NorthStyx",1.5564573268845,"large","large","Eucalyptus subcrenulata","Eucalyptus coccifera","large_large","d_TAS","TAS",NA,"Canopy","Canopy","Canopy_Canopy"
"1138","Eucalyptus subcrenulata small","Eucalyptus coccifera large",0.445426069650118,0.00684530361643965,0.884006835683796,0.436879832808074,0.453972306492162,"Potential 1","NorthStyx",0.877161532067356,"small","large","Eucalyptus subcrenulata","Eucalyptus coccifera","small_large","d_TAS","TAS","1","Canopy","Canopy","Canopy_Canopy"
"1139","Eucalyptus urnigera large","Eucalyptus coccifera large",-0.755502955216459,-1.72910797582283,0.218102065389911,-0.769994754848329,-0.74101115558459,"Potential 1","NorthStyx",1.94721004121274,"large","large","Eucalyptus urnigera","Eucalyptus coccifera","large_large","d_TAS","TAS",NA,"Canopy","Canopy","Canopy_Canopy"
"1140","Leptospermum lanigerum large","Eucalyptus coccifera large",0.772214695827267,-0.183899735672725,1.72832912732726,0.757409861696027,0.787019529958506,"Potential 1","NorthStyx",1.91222886299998,"large","large","Leptospermum lanigerum","Eucalyptus coccifera","large_large","d_TAS","TAS",NA,"Canopy","Subcanopy","Subcanopy_Canopy"
"1141","Leptospermum lanigerum small","Eucalyptus coccifera large",0.196042454500387,-0.215027204735157,0.607112113735931,0.187124915178889,0.204959993821885,"Potential 1","NorthStyx",0.822139318471087,"small","large","Leptospermum lanigerum","Eucalyptus coccifera","small_large","d_TAS","TAS",NA,"Canopy","Subcanopy","Subcanopy_Canopy"
"1142","Phyllocladus aspleniifolius large","Eucalyptus coccifera large",0.384422946696672,-0.261032305195254,1.0298781985886,0.37256188293834,0.396284010455005,"Potential 1","NorthStyx",1.29091050378385,"large","large","Phyllocladus aspleniifolius","Eucalyptus coccifera","large_large","d_TAS","TAS",NA,"Canopy","Subcanopy","Subcanopy_Canopy"
"1143","Phyllocladus aspleniifolius small","Eucalyptus coccifera large",-0.0912727939933616,-0.364311837189162,0.181766249202439,-0.0969006873329468,-0.0856449006537763,"Potential 1","NorthStyx",0.546078086391601,"small","large","Phyllocladus aspleniifolius","Eucalyptus coccifera","small_large","d_TAS","TAS",NA,"Canopy","Subcanopy","Subcanopy_Canopy"
"1144","Pittosporum bicolor small","Eucalyptus coccifera large",0.0857551560738356,-0.547353711495372,0.718864023643043,0.075205082604151,0.0963052295435201,"Potential 1","NorthStyx",1.26621773513841,"small","large","Pittosporum bicolor","Eucalyptus coccifera","small_large","d_TAS","TAS",NA,"Canopy","Subcanopy","Subcanopy_Canopy"
"1145","Eucalyptus coccifera small","Eucalyptus coccifera small",-1.83058878682637,-3.44686872745842,-0.214308846194324,-1.86360094893965,-1.79757662471309,"Potential 1","NorthStyx",3.23255988126409,"small","small","Eucalyptus coccifera","Eucalyptus coccifera","small_small","d_TAS","TAS","1","Canopy","Canopy","Canopy_Canopy"
"1146","Eucalyptus delegatensis large","Eucalyptus coccifera small",0.793240782695594,-0.0974998654898079,1.683981430881,0.776293673173878,0.81018789221731,"Potential 1","NorthStyx",1.7814812963708,"large","small","Eucalyptus delegatensis","Eucalyptus coccifera","large_small","d_TAS","TAS",NA,"Canopy","Canopy","Canopy_Canopy"
"1147","Eucalyptus delegatensis small","Eucalyptus coccifera small",0.075093189503064,-0.527995838471642,0.67818221747777,0.0638968610444109,0.0862895179617171,"Potential 1","NorthStyx",1.20617805594941,"small","small","Eucalyptus delegatensis","Eucalyptus coccifera","small_small","d_TAS","TAS",NA,"Canopy","Canopy","Canopy_Canopy"
"1148","Eucalyptus subcrenulata large","Eucalyptus coccifera small",-0.610047143614391,-1.61378249368009,0.393688206451309,-0.624815925810771,-0.595278361418012,"Potential 1","NorthStyx",2.0074707001314,"large","small","Eucalyptus subcrenulata","Eucalyptus coccifera","large_small","d_TAS","TAS",NA,"Canopy","Canopy","Canopy_Canopy"
"1149","Eucalyptus subcrenulata small","Eucalyptus coccifera small",-0.295131585852087,-0.819863421487676,0.229600249783503,-0.307080722352037,-0.283182449352137,"Potential 1","NorthStyx",1.04946367127118,"small","small","Eucalyptus subcrenulata","Eucalyptus coccifera","small_small","d_TAS","TAS",NA,"Canopy","Canopy","Canopy_Canopy"
"1150","Eucalyptus urnigera large","Eucalyptus coccifera small",0.933960849880072,-0.331064781772437,2.19898648153258,0.914235646632329,0.953686053127814,"Potential 1","NorthStyx",2.53005126330502,"large","small","Eucalyptus urnigera","Eucalyptus coccifera","large_small","d_TAS","TAS",NA,"Canopy","Canopy","Canopy_Canopy"
"1151","Leptospermum lanigerum large","Eucalyptus coccifera small",-0.925612273182118,-2.03314840982296,0.181923863458724,-0.945398558041002,-0.905825988323234,"Potential 1","NorthStyx",2.21507227328168,"large","small","Leptospermum lanigerum","Eucalyptus coccifera","large_small","d_TAS","TAS",NA,"Canopy","Subcanopy","Subcanopy_Canopy"
"1152","Leptospermum lanigerum small","Eucalyptus coccifera small",-0.104452400254206,-0.548969187417384,0.340064386908971,-0.115531034871782,-0.0933737656366308,"Potential 1","NorthStyx",0.889033574326355,"small","small","Leptospermum lanigerum","Eucalyptus coccifera","small_small","d_TAS","TAS",NA,"Canopy","Subcanopy","Subcanopy_Canopy"
"1153","Phyllocladus aspleniifolius large","Eucalyptus coccifera small",-0.121674922418362,-0.966980975095089,0.723631130258365,-0.135923535012527,-0.107426309824197,"Potential 1","NorthStyx",1.69061210535345,"large","small","Phyllocladus aspleniifolius","Eucalyptus coccifera","large_small","d_TAS","TAS",NA,"Canopy","Subcanopy","Subcanopy_Canopy"
"1154","Phyllocladus aspleniifolius small","Eucalyptus coccifera small",0.179519951815958,-0.195977496389225,0.555017400021141,0.173295775912961,0.185744127718954,"Potential 1","NorthStyx",0.750994896410366,"small","small","Phyllocladus aspleniifolius","Eucalyptus coccifera","small_small","d_TAS","TAS",NA,"Canopy","Subcanopy","Subcanopy_Canopy"
"1155","Pittosporum bicolor small","Eucalyptus coccifera small",-0.618107275810133,-1.53077752823503,0.294562976614761,-0.632183345692437,-0.60403120592783,"Potential 1","NorthStyx",1.82534050484979,"small","small","Pittosporum bicolor","Eucalyptus coccifera","small_small","d_TAS","TAS",NA,"Canopy","Subcanopy","Subcanopy_Canopy"
"1156","Eucalyptus delegatensis large","Eucalyptus delegatensis large",-0.900958233691639,-1.73075089530165,-0.0711655720816273,-0.919083841395436,-0.882832625987843,"Potential 1","NorthStyx",1.65958532322002,"large","large","Eucalyptus delegatensis","Eucalyptus delegatensis","large_large","d_TAS","TAS","1","Canopy","Canopy","Canopy_Canopy"
"1157","Eucalyptus delegatensis small","Eucalyptus delegatensis large",0.329302617800027,-0.133372745364189,0.791977980964244,0.319331280646154,0.339273954953901,"Potential 1","NorthStyx",0.925350726328433,"small","large","Eucalyptus delegatensis","Eucalyptus delegatensis","small_large","d_TAS","TAS",NA,"Canopy","Canopy","Canopy_Canopy"
"1158","Eucalyptus subcrenulata large","Eucalyptus delegatensis large",0.0877231330588713,-0.492527315886943,0.667973582004685,0.0748109666793013,0.100635299438441,"Potential 1","NorthStyx",1.16050089789163,"large","large","Eucalyptus subcrenulata","Eucalyptus delegatensis","large_large","d_TAS","TAS",NA,"Canopy","Canopy","Canopy_Canopy"
"1159","Eucalyptus subcrenulata small","Eucalyptus delegatensis large",0.0445811314577503,-0.303820089407398,0.392982352322899,0.0368360040016705,0.0523262589138302,"Potential 1","NorthStyx",0.696802441730297,"small","large","Eucalyptus subcrenulata","Eucalyptus delegatensis","small_large","d_TAS","TAS",NA,"Canopy","Canopy","Canopy_Canopy"
"1160","Eucalyptus urnigera large","Eucalyptus delegatensis large",-0.305369802557138,-1.12358887301078,0.512849267896499,-0.320595329136123,-0.290144275978154,"Potential 1","NorthStyx",1.63643814090728,"large","large","Eucalyptus urnigera","Eucalyptus delegatensis","large_large","d_TAS","TAS",NA,"Canopy","Canopy","Canopy_Canopy"
"1161","Leptospermum lanigerum large","Eucalyptus delegatensis large",0.874679200397936,0.0589557498828678,1.690402650913,0.858743430485236,0.890614970310635,"Potential 1","NorthStyx",1.63144690103014,"large","large","Leptospermum lanigerum","Eucalyptus delegatensis","large_large","d_TAS","TAS","1","Canopy","Subcanopy","Subcanopy_Canopy"
"1162","Leptospermum lanigerum small","Eucalyptus delegatensis large",0.194665745677287,-0.135974197471594,0.525305688826167,0.185706767559345,0.203624723795228,"Potential 1","NorthStyx",0.661279886297761,"small","large","Leptospermum lanigerum","Eucalyptus delegatensis","small_large","d_TAS","TAS",NA,"Canopy","Subcanopy","Subcanopy_Canopy"
"1163","Phyllocladus aspleniifolius large","Eucalyptus delegatensis large",0.168343848155075,-0.425653483684135,0.762341179994285,0.155581370590294,0.181106325719855,"Potential 1","NorthStyx",1.18799466367842,"large","large","Phyllocladus aspleniifolius","Eucalyptus delegatensis","large_large","d_TAS","TAS",NA,"Canopy","Subcanopy","Subcanopy_Canopy"
"1164","Phyllocladus aspleniifolius small","Eucalyptus delegatensis large",0.0831704688332646,-0.216282164029749,0.382623101696279,0.0782042205902875,0.0881367170762418,"Potential 1","NorthStyx",0.598905265726028,"small","large","Phyllocladus aspleniifolius","Eucalyptus delegatensis","small_large","d_TAS","TAS",NA,"Canopy","Subcanopy","Subcanopy_Canopy"
"1165","Pittosporum bicolor small","Eucalyptus delegatensis large",-0.126133491322624,-0.608779498594756,0.356512515949508,-0.135557072123109,-0.116709910522139,"Potential 1","NorthStyx",0.965292014544264,"small","large","Pittosporum bicolor","Eucalyptus delegatensis","small_large","d_TAS","TAS",NA,"Canopy","Subcanopy","Subcanopy_Canopy"
"1166","Eucalyptus delegatensis small","Eucalyptus delegatensis small",-0.398154544761729,-0.879411143207191,0.0831020536837334,-0.40852601462209,-0.387783074901368,"Potential 1","NorthStyx",0.962513196890924,"small","small","Eucalyptus delegatensis","Eucalyptus delegatensis","small_small","d_TAS","TAS",NA,"Canopy","Canopy","Canopy_Canopy"
"1167","Eucalyptus subcrenulata large","Eucalyptus delegatensis small",0.504404644548663,-0.0257783730430039,1.03458766214033,0.493943893338684,0.514865395758641,"Potential 1","NorthStyx",1.06036603518333,"large","small","Eucalyptus subcrenulata","Eucalyptus delegatensis","large_small","d_TAS","TAS",NA,"Canopy","Canopy","Canopy_Canopy"
"1168","Eucalyptus subcrenulata small","Eucalyptus delegatensis small",0.206710736460393,-0.100073627006153,0.51349509992694,0.19978979275135,0.213631680169437,"Potential 1","NorthStyx",0.613568726933093,"small","small","Eucalyptus subcrenulata","Eucalyptus delegatensis","small_small","d_TAS","TAS",NA,"Canopy","Canopy","Canopy_Canopy"
"1169","Eucalyptus urnigera large","Eucalyptus delegatensis small",-0.225336460893098,-0.925959523131805,0.47528660134561,-0.235786907156904,-0.214886014629292,"Potential 1","NorthStyx",1.40124612447741,"large","small","Eucalyptus urnigera","Eucalyptus delegatensis","large_small","d_TAS","TAS",NA,"Canopy","Canopy","Canopy_Canopy"
"1170","Leptospermum lanigerum large","Eucalyptus delegatensis small",-0.429523891524707,-0.941807783153651,0.0827600001042369,-0.438967683135392,-0.420080099914022,"Potential 1","NorthStyx",1.02456778325789,"large","small","Leptospermum lanigerum","Eucalyptus delegatensis","large_small","d_TAS","TAS",NA,"Canopy","Subcanopy","Subcanopy_Canopy"
"1171","Leptospermum lanigerum small","Eucalyptus delegatensis small",0.216637951954855,-0.0298094102049268,0.463085314114636,0.209366539619351,0.223909364290359,"Potential 1","NorthStyx",0.492894724319563,"small","small","Leptospermum lanigerum","Eucalyptus delegatensis","small_small","d_TAS","TAS",NA,"Canopy","Subcanopy","Subcanopy_Canopy"
"1172","Phyllocladus aspleniifolius large","Eucalyptus delegatensis small",0.562385478185509,0.0772819945810315,1.04748896178999,0.550999814735973,0.573771141635045,"Potential 1","NorthStyx",0.970206967208955,"large","small","Phyllocladus aspleniifolius","Eucalyptus delegatensis","large_small","d_TAS","TAS","1","Canopy","Subcanopy","Subcanopy_Canopy"
"1173","Phyllocladus aspleniifolius small","Eucalyptus delegatensis small",-0.223265559038814,-0.41301188562538,-0.0335192324522474,-0.227631575825313,-0.218899542252315,"Potential 1","NorthStyx",0.379492653173133,"small","small","Phyllocladus aspleniifolius","Eucalyptus delegatensis","small_small","d_TAS","TAS","1","Canopy","Subcanopy","Subcanopy_Canopy"
"1174","Pittosporum bicolor small","Eucalyptus delegatensis small",0.173027429652976,-0.117946749799905,0.464001609105857,0.16598015050019,0.180074708805762,"Potential 1","NorthStyx",0.581948358905761,"small","small","Pittosporum bicolor","Eucalyptus delegatensis","small_small","d_TAS","TAS",NA,"Canopy","Subcanopy","Subcanopy_Canopy"
"1175","Eucalyptus subcrenulata large","Eucalyptus subcrenulata large",-1.01534870128979,-1.96866576665269,-0.062031635926887,-1.02927830855137,-1.00141909402821,"Potential 1","NorthStyx",1.90663413072581,"large","large","Eucalyptus subcrenulata","Eucalyptus subcrenulata","large_large","d_TAS","TAS","1","Canopy","Canopy","Canopy_Canopy"
"1176","Eucalyptus subcrenulata small","Eucalyptus subcrenulata large",0.00166177026737966,-0.470967811756189,0.474291352290948,-0.00629781442853582,0.00962135496329513,"Potential 1","NorthStyx",0.945259164047137,"small","large","Eucalyptus subcrenulata","Eucalyptus subcrenulata","small_large","d_TAS","TAS",NA,"Canopy","Canopy","Canopy_Canopy"
"1177","Eucalyptus urnigera large","Eucalyptus subcrenulata large",0.937731266914088,-0.0936129916232542,1.96907552545143,0.923591401976948,0.951871131851228,"Potential 1","NorthStyx",2.06268851707468,"large","large","Eucalyptus urnigera","Eucalyptus subcrenulata","large_large","d_TAS","TAS",NA,"Canopy","Canopy","Canopy_Canopy"
"1178","Leptospermum lanigerum large","Eucalyptus subcrenulata large",0.468944082076992,-0.428123127837142,1.36601129199113,0.457114730798669,0.480773433355316,"Potential 1","NorthStyx",1.79413441982827,"large","large","Leptospermum lanigerum","Eucalyptus subcrenulata","large_large","d_TAS","TAS",NA,"Canopy","Subcanopy","Subcanopy_Canopy"
"1179","Leptospermum lanigerum small","Eucalyptus subcrenulata large",-0.192226223689551,-0.631880232106462,0.24742778472736,-0.200936073166986,-0.183516374212116,"Potential 1","NorthStyx",0.879308016833822,"small","large","Leptospermum lanigerum","Eucalyptus subcrenulata","small_large","d_TAS","TAS",NA,"Canopy","Subcanopy","Subcanopy_Canopy"
"1180","Phyllocladus aspleniifolius large","Eucalyptus subcrenulata large",0.07025056717832,-0.608782316225525,0.749283450582165,0.0580596852517472,0.0824414491048928,"Potential 1","NorthStyx",1.35806576680769,"large","large","Phyllocladus aspleniifolius","Eucalyptus subcrenulata","large_large","d_TAS","TAS",NA,"Canopy","Subcanopy","Subcanopy_Canopy"
"1181","Phyllocladus aspleniifolius small","Eucalyptus subcrenulata large",0.00754690157349532,-0.274580842401096,0.289674645548087,0.00208219836054806,0.0130116047864426,"Potential 1","NorthStyx",0.564255487949183,"small","large","Phyllocladus aspleniifolius","Eucalyptus subcrenulata","small_large","d_TAS","TAS",NA,"Canopy","Subcanopy","Subcanopy_Canopy"
"1182","Pittosporum bicolor small","Eucalyptus subcrenulata large",0.196898638430864,-0.481204424200834,0.875001701062561,0.186557070622675,0.207240206239052,"Potential 1","NorthStyx",1.3562061252634,"small","large","Pittosporum bicolor","Eucalyptus subcrenulata","small_large","d_TAS","TAS",NA,"Canopy","Subcanopy","Subcanopy_Canopy"
"1183","Eucalyptus subcrenulata small","Eucalyptus subcrenulata small",-0.269424867961571,-0.696690116413678,0.157840380490537,-0.280823451766546,-0.258026284156595,"Potential 1","NorthStyx",0.854530496904214,"small","small","Eucalyptus subcrenulata","Eucalyptus subcrenulata","small_small","d_TAS","TAS",NA,"Canopy","Canopy","Canopy_Canopy"
"1184","Eucalyptus urnigera large","Eucalyptus subcrenulata small",-0.277535843231322,-0.823471175151731,0.268399488689086,-0.286827570659448,-0.268244115803196,"Potential 1","NorthStyx",1.09187066384082,"large","small","Eucalyptus urnigera","Eucalyptus subcrenulata","large_small","d_TAS","TAS",NA,"Canopy","Canopy","Canopy_Canopy"
"1185","Leptospermum lanigerum large","Eucalyptus subcrenulata small",-0.251571537121106,-0.673973691876555,0.170830617634342,-0.25915918339748,-0.243983890844733,"Potential 1","NorthStyx",0.844804309510896,"large","small","Leptospermum lanigerum","Eucalyptus subcrenulata","large_small","d_TAS","TAS",NA,"Canopy","Subcanopy","Subcanopy_Canopy"
"1186","Leptospermum lanigerum small","Eucalyptus subcrenulata small",-0.00171293188910749,-0.214042534760756,0.210616670982541,-0.00810660113477839,0.00468073735656341,"Potential 1","NorthStyx",0.424659205743297,"small","small","Leptospermum lanigerum","Eucalyptus subcrenulata","small_small","d_TAS","TAS",NA,"Canopy","Subcanopy","Subcanopy_Canopy"
"1187","Phyllocladus aspleniifolius large","Eucalyptus subcrenulata small",-0.0594267008587176,-0.472273863413985,0.35342046169655,-0.0671274793457081,-0.0517259223717272,"Potential 1","NorthStyx",0.825694325110535,"large","small","Phyllocladus aspleniifolius","Eucalyptus subcrenulata","large_small","d_TAS","TAS",NA,"Canopy","Subcanopy","Subcanopy_Canopy"
"1188","Phyllocladus aspleniifolius small","Eucalyptus subcrenulata small",-0.0428139709018456,-0.207122039671635,0.121494097867944,-0.0467907927651701,-0.0388371490385212,"Potential 1","NorthStyx",0.328616137539579,"small","small","Phyllocladus aspleniifolius","Eucalyptus subcrenulata","small_small","d_TAS","TAS",NA,"Canopy","Subcanopy","Subcanopy_Canopy"
"1189","Pittosporum bicolor small","Eucalyptus subcrenulata small",0.164856920665057,-0.145196702087263,0.474910543417376,0.157480902045355,0.172232939284758,"Potential 1","NorthStyx",0.620107245504639,"small","small","Pittosporum bicolor","Eucalyptus subcrenulata","small_small","d_TAS","TAS",NA,"Canopy","Subcanopy","Subcanopy_Canopy"
"1190","Eucalyptus urnigera large","Eucalyptus urnigera large",-0.782388459424154,-2.11139697026247,0.546620051414164,-0.802398870722734,-0.762378048125574,"Potential 1","NorthStyx",2.65801702167664,"large","large","Eucalyptus urnigera","Eucalyptus urnigera","large_large","d_TAS","TAS",NA,"Canopy","Canopy","Canopy_Canopy"
"1191","Leptospermum lanigerum large","Eucalyptus urnigera large",0.101101972805753,-0.827478514683503,1.02968246029501,0.0880105041880747,0.114193441423431,"Potential 1","NorthStyx",1.85716097497851,"large","large","Leptospermum lanigerum","Eucalyptus urnigera","large_large","d_TAS","TAS",NA,"Canopy","Subcanopy","Subcanopy_Canopy"
"1192","Leptospermum lanigerum small","Eucalyptus urnigera large",-0.171597644137863,-0.664285797999135,0.32109050972341,-0.182493498445269,-0.160701789830456,"Potential 1","NorthStyx",0.985376307722545,"small","large","Leptospermum lanigerum","Eucalyptus urnigera","small_large","d_TAS","TAS",NA,"Canopy","Subcanopy","Subcanopy_Canopy"
"1193","Phyllocladus aspleniifolius large","Eucalyptus urnigera large",-0.0357548103078602,-1.02453062405968,0.953021003443956,-0.0487733911811633,-0.022736229434557,"Potential 1","NorthStyx",1.97755162750363,"large","large","Phyllocladus aspleniifolius","Eucalyptus urnigera","large_large","d_TAS","TAS",NA,"Canopy","Subcanopy","Subcanopy_Canopy"
"1194","Phyllocladus aspleniifolius small","Eucalyptus urnigera large",-0.0431518550351702,-0.35714975594836,0.27084604587802,-0.0490365393012424,-0.0372671707690981,"Potential 1","NorthStyx",0.62799580182638,"small","large","Phyllocladus aspleniifolius","Eucalyptus urnigera","small_large","d_TAS","TAS",NA,"Canopy","Subcanopy","Subcanopy_Canopy"
"1195","Pittosporum bicolor small","Eucalyptus urnigera large",0.198326952395829,-0.465615490029919,0.862269394821578,0.185561479053622,0.211092425738037,"Potential 1","NorthStyx",1.3278848848515,"small","large","Pittosporum bicolor","Eucalyptus urnigera","small_large","d_TAS","TAS",NA,"Canopy","Subcanopy","Subcanopy_Canopy"
"1196","Leptospermum lanigerum large","Leptospermum lanigerum large",-0.777175976482175,-1.69802790347787,0.14367595051352,-0.793059385983594,-0.761292566980757,"Potential 1","NorthStyx",1.84170385399139,"large","large","Leptospermum lanigerum","Leptospermum lanigerum","large_large","d_TAS","TAS",NA,"Subcanopy","Subcanopy","Subcanopy_Subcanopy"
"1197","Leptospermum lanigerum small","Leptospermum lanigerum large",0.100018984881191,-0.245318381584129,0.445356351346511,0.0927713185173468,0.107266651245035,"Potential 1","NorthStyx",0.690674732930639,"small","large","Leptospermum lanigerum","Leptospermum lanigerum","small_large","d_TAS","TAS",NA,"Subcanopy","Subcanopy","Subcanopy_Subcanopy"
"1198","Phyllocladus aspleniifolius large","Leptospermum lanigerum large",-0.229909905622672,-1.05499120002905,0.595171388783707,-0.241920266869816,-0.217899544375527,"Potential 1","NorthStyx",1.65016258881276,"large","large","Phyllocladus aspleniifolius","Leptospermum lanigerum","large_large","d_TAS","TAS",NA,"Subcanopy","Subcanopy","Subcanopy_Subcanopy"
"1199","Phyllocladus aspleniifolius small","Leptospermum lanigerum large",-0.124136784050255,-0.390552343378867,0.142278775278358,-0.128853679006019,-0.11941988909449,"Potential 1","NorthStyx",0.532831118657225,"small","large","Phyllocladus aspleniifolius","Leptospermum lanigerum","small_large","d_TAS","TAS",NA,"Subcanopy","Subcanopy","Subcanopy_Subcanopy"
"1200","Pittosporum bicolor small","Leptospermum lanigerum large",-0.0263861039944906,-0.532274302704842,0.479502094715861,-0.0353556974223492,-0.017416510566632,"Potential 1","NorthStyx",1.0117763974207,"small","large","Pittosporum bicolor","Leptospermum lanigerum","small_large","d_TAS","TAS",NA,"Subcanopy","Subcanopy","Subcanopy_Subcanopy"
"1201","Leptospermum lanigerum small","Leptospermum lanigerum small",0.147781047526958,-0.0883782883919814,0.383940383445898,0.138202567804558,0.157359527249359,"Potential 1","NorthStyx",0.472318671837879,"small","small","Leptospermum lanigerum","Leptospermum lanigerum","small_small","d_TAS","TAS",NA,"Subcanopy","Subcanopy","Subcanopy_Subcanopy"
"1202","Phyllocladus aspleniifolius large","Leptospermum lanigerum small",-0.573314864567887,-1.04023270250867,-0.106397026627103,-0.583482336483513,-0.563147392652262,"Potential 1","NorthStyx",0.933835675881568,"large","small","Phyllocladus aspleniifolius","Leptospermum lanigerum","large_small","d_TAS","TAS","1","Subcanopy","Subcanopy","Subcanopy_Subcanopy"
"1203","Phyllocladus aspleniifolius small","Leptospermum lanigerum small",0.123274144611378,-0.0255193688001822,0.272067658022939,0.118914108122803,0.127634181099954,"Potential 1","NorthStyx",0.297587026823121,"small","small","Phyllocladus aspleniifolius","Leptospermum lanigerum","small_small","d_TAS","TAS",NA,"Subcanopy","Subcanopy","Subcanopy_Subcanopy"
"1204","Pittosporum bicolor small","Leptospermum lanigerum small",-0.0724526747181692,-0.359655621013245,0.214750271576907,-0.0794973671979369,-0.0654079822384014,"Potential 1","NorthStyx",0.574405892590151,"small","small","Pittosporum bicolor","Leptospermum lanigerum","small_small","d_TAS","TAS",NA,"Subcanopy","Subcanopy","Subcanopy_Subcanopy"
"1205","Phyllocladus aspleniifolius large","Phyllocladus aspleniifolius large",-0.9372132981345,-1.81698858150379,-0.0574380147652126,-0.95484456722088,-0.91958202904812,"Potential 1","NorthStyx",1.75955056673858,"large","large","Phyllocladus aspleniifolius","Phyllocladus aspleniifolius","large_large","d_TAS","TAS","1","Subcanopy","Subcanopy","Subcanopy_Subcanopy"
"1206","Phyllocladus aspleniifolius small","Phyllocladus aspleniifolius large",0.33392973357944,0.0394615762243718,0.628397890934508,0.326905418752321,0.340954048406559,"Potential 1","NorthStyx",0.588936314710137,"small","large","Phyllocladus aspleniifolius","Phyllocladus aspleniifolius","small_large","d_TAS","TAS","1","Subcanopy","Subcanopy","Subcanopy_Subcanopy"
"1207","Pittosporum bicolor small","Phyllocladus aspleniifolius large",-0.21159679103141,-0.637102034972232,0.213908452909411,-0.221760265371696,-0.201433316691125,"Potential 1","NorthStyx",0.851010487881644,"small","large","Pittosporum bicolor","Phyllocladus aspleniifolius","small_large","d_TAS","TAS",NA,"Subcanopy","Subcanopy","Subcanopy_Subcanopy"
"1208","Phyllocladus aspleniifolius small","Phyllocladus aspleniifolius small",0.235586423107665,0.0474659958603217,0.423706850355008,0.224647763546262,0.246525082669068,"Potential 1","NorthStyx",0.376240854494686,"small","small","Phyllocladus aspleniifolius","Phyllocladus aspleniifolius","small_small","d_TAS","TAS","1","Subcanopy","Subcanopy","Subcanopy_Subcanopy"
"1209","Pittosporum bicolor small","Phyllocladus aspleniifolius small",0.249026462488748,0.019760957495619,0.478291967481877,0.243089859352743,0.254963065624753,"Potential 1","NorthStyx",0.458531009986258,"small","small","Pittosporum bicolor","Phyllocladus aspleniifolius","small_small","d_TAS","TAS","1","Subcanopy","Subcanopy","Subcanopy_Subcanopy"
"1210","Pittosporum bicolor small","Pittosporum bicolor small",-0.0924717034068664,-0.517880296080527,0.332936889266794,-0.10127525127783,-0.0836681555359026,"Potential 1","NorthStyx",0.850817185347322,"small","small","Pittosporum bicolor","Pittosporum bicolor","small_small","d_TAS","TAS",NA,"Subcanopy","Subcanopy","Subcanopy_Subcanopy"
"1211","Allocasuarina torulosa large","Allocasuarina torulosa large",-0.533610521165962,-1.7695691686107,0.702348126278778,-0.548431589950655,-0.518789452381269,"Potential 1","Tinebank",2.47191729488948,"large","large","Allocasuarina torulosa","Allocasuarina torulosa","large_large","N_NSW","N_AUS",NA,"Subcanopy","Subcanopy","Subcanopy_Subcanopy"
"1212","Allocasuarina torulosa small","Allocasuarina torulosa large",0.310108138712303,-0.128157281981498,0.748373559406104,0.303572122889671,0.316644154534935,"Potential 1","Tinebank",0.876530841387602,"small","large","Allocasuarina torulosa","Allocasuarina torulosa","small_large","N_NSW","N_AUS",NA,"Subcanopy","Subcanopy","Subcanopy_Subcanopy"
"1213","Cryptocarya rigida large","Allocasuarina torulosa large",0.906957978645824,-0.0259566064449799,1.83987256373663,0.890443401179101,0.923472556112547,"Potential 1","Tinebank",1.86582917018161,"large","large","Cryptocarya rigida","Allocasuarina torulosa","large_large","N_NSW","N_AUS",NA,"Subcanopy","Subcanopy","Subcanopy_Subcanopy"
"1214","Cryptocarya rigida small","Allocasuarina torulosa large",-0.23659020932286,-0.485375094103736,0.012194675458015,-0.240888568106064,-0.232291850539657,"Potential 1","Tinebank",0.497569769561751,"small","large","Cryptocarya rigida","Allocasuarina torulosa","small_large","N_NSW","N_AUS",NA,"Subcanopy","Subcanopy","Subcanopy_Subcanopy"
"1215","Eucalyptus pilularis small","Allocasuarina torulosa large",-0.601759452632825,-1.32090706003943,0.117388154773782,-0.610738128894751,-0.5927807763709,"Potential 1","Tinebank",1.43829521481321,"small","large","Eucalyptus pilularis","Allocasuarina torulosa","small_large","N_NSW","N_AUS",NA,"Subcanopy","Canopy","Canopy_Subcanopy"
"1216","Syncarpia glomulifera subsp glabra large","Allocasuarina torulosa large",-0.163364479096102,-1.01140662455575,0.684677666363546,-0.173174852033557,-0.153554106158646,"Potential 1","Tinebank",1.6960842909193,"large","large","Syncarpia glomulifera","Allocasuarina torulosa","large_large","N_NSW","N_AUS",NA,"Subcanopy","Canopy","Canopy_Subcanopy"
"1217","Syncarpia glomulifera subsp glabra small","Allocasuarina torulosa large",0.364400422417137,-0.225319492423784,0.954120337258058,0.356831436681101,0.371969408153173,"Potential 1","Tinebank",1.17943982968184,"small","large","Syncarpia glomulifera","Allocasuarina torulosa","small_large","N_NSW","N_AUS",NA,"Subcanopy","Canopy","Canopy_Subcanopy"
"1218","Synoum glandulosum subsp glandulsoum small","Allocasuarina torulosa large",-0.501842581503851,-1.28100568426469,0.277320521256988,-0.513915249372468,-0.489769913635234,"Potential 1","Tinebank",1.55832620552168,"small","large","Synoum glandulosum","Allocasuarina torulosa","small_large","N_NSW","N_AUS",NA,"Subcanopy","Subcanopy","Subcanopy_Subcanopy"
"1219","Allocasuarina torulosa small","Allocasuarina torulosa small",0.24190493767843,0.0193230026787227,0.464486872678138,0.235268734343593,0.248541141013268,"Potential 1","Tinebank",0.445163869999415,"small","small","Allocasuarina torulosa","Allocasuarina torulosa","small_small","N_NSW","N_AUS","1","Subcanopy","Subcanopy","Subcanopy_Subcanopy"
"1220","Cryptocarya rigida large","Allocasuarina torulosa small",-0.254176710832386,-0.741523573693616,0.233170152028843,-0.261255483658503,-0.247097938006269,"Potential 1","Tinebank",0.974693725722459,"large","small","Cryptocarya rigida","Allocasuarina torulosa","large_small","N_NSW","N_AUS",NA,"Subcanopy","Subcanopy","Subcanopy_Subcanopy"
"1221","Cryptocarya rigida small","Allocasuarina torulosa small",0.144538514845848,0.00567427096991077,0.283402758721785,0.14109697386171,0.147980055829986,"Potential 1","Tinebank",0.277728487751874,"small","small","Cryptocarya rigida","Allocasuarina torulosa","small_small","N_NSW","N_AUS","1","Subcanopy","Subcanopy","Subcanopy_Subcanopy"
"1222","Eucalyptus pilularis small","Allocasuarina torulosa small",0.159966551978437,-0.17022381442626,0.490156918383134,0.155845600078071,0.164087503878803,"Potential 1","Tinebank",0.660380732809394,"small","small","Eucalyptus pilularis","Allocasuarina torulosa","small_small","N_NSW","N_AUS",NA,"Subcanopy","Canopy","Canopy_Subcanopy"
"1223","Syncarpia glomulifera subsp glabra large","Allocasuarina torulosa small",-0.358129441588023,-0.892060544806075,0.175801661630029,-0.3638966250647,-0.352362258111345,"Potential 1","Tinebank",1.0678622064361,"large","small","Syncarpia glomulifera","Allocasuarina torulosa","large_small","N_NSW","N_AUS",NA,"Subcanopy","Canopy","Canopy_Subcanopy"
"1224","Syncarpia glomulifera subsp glabra small","Allocasuarina torulosa small",-0.000383623236562393,-0.236753485967784,0.235986239494659,-0.00370330323887228,0.00293605676574749,"Potential 1","Tinebank",0.472739725462442,"small","small","Syncarpia glomulifera","Allocasuarina torulosa","small_small","N_NSW","N_AUS",NA,"Subcanopy","Canopy","Canopy_Subcanopy"
"1225","Synoum glandulosum subsp glandulsoum small","Allocasuarina torulosa small",0.288442126796627,-0.155247218407244,0.732131472000498,0.282896192741339,0.293988060851914,"Potential 1","Tinebank",0.887378690407742,"small","small","Synoum glandulosum","Allocasuarina torulosa","small_small","N_NSW","N_AUS",NA,"Subcanopy","Subcanopy","Subcanopy_Subcanopy"
"1226","Cryptocarya rigida large","Cryptocarya rigida large",-0.977758391074423,-2.15711637521845,0.201599593069606,-1.00005713051845,-0.955459651630394,"Potential 1","Tinebank",2.35871596828806,"large","large","Cryptocarya rigida","Cryptocarya rigida","large_large","N_NSW","N_AUS",NA,"Subcanopy","Subcanopy","Subcanopy_Subcanopy"
"1227","Cryptocarya rigida small","Cryptocarya rigida large",0.271325254073986,-0.0349594300690886,0.57760993821706,0.265210463008618,0.277440045139354,"Potential 1","Tinebank",0.612569368286149,"small","large","Cryptocarya rigida","Cryptocarya rigida","small_large","N_NSW","N_AUS",NA,"Subcanopy","Subcanopy","Subcanopy_Subcanopy"
"1228","Eucalyptus pilularis small","Cryptocarya rigida large",-0.108551310113828,-1.13677303264541,0.919670412417755,-0.12004606982597,-0.0970565504016857,"Potential 1","Tinebank",2.05644344506317,"small","large","Eucalyptus pilularis","Cryptocarya rigida","small_large","N_NSW","N_AUS",NA,"Subcanopy","Canopy","Canopy_Subcanopy"
"1229","Syncarpia glomulifera subsp glabra large","Cryptocarya rigida large",0.272121496957897,-0.744327077428324,1.28857007134412,0.261884924295692,0.282358069620102,"Potential 1","Tinebank",2.03289714877244,"large","large","Syncarpia glomulifera","Cryptocarya rigida","large_large","N_NSW","N_AUS",NA,"Subcanopy","Canopy","Canopy_Subcanopy"
"1230","Syncarpia glomulifera subsp glabra small","Cryptocarya rigida large",-0.483383170359783,-1.28320589730321,0.316439556583643,-0.49225619957549,-0.474510141144076,"Potential 1","Tinebank",1.59964545388685,"small","large","Syncarpia glomulifera","Cryptocarya rigida","small_large","N_NSW","N_AUS",NA,"Subcanopy","Canopy","Canopy_Subcanopy"
"1231","Synoum glandulosum subsp glandulsoum small","Cryptocarya rigida large",1.06332758009176,-0.038258447512947,2.16491360769647,1.04165178460819,1.08500337557534,"Potential 1","Tinebank",2.20317205520942,"small","large","Synoum glandulosum","Cryptocarya rigida","small_large","N_NSW","N_AUS",NA,"Subcanopy","Subcanopy","Subcanopy_Subcanopy"
"1232","Cryptocarya rigida small","Cryptocarya rigida small",0.086709067398067,-0.108399913620311,0.281818048416445,0.0776605167441093,0.0957576180520248,"Potential 1","Tinebank",0.390217962036756,"small","small","Cryptocarya rigida","Cryptocarya rigida","small_small","N_NSW","N_AUS",NA,"Subcanopy","Subcanopy","Subcanopy_Subcanopy"
"1233","Eucalyptus pilularis small","Cryptocarya rigida small",-0.0738690193553161,-0.2495540309923,0.101815992281668,-0.0764092945333996,-0.0713287441772327,"Potential 1","Tinebank",0.351370023273968,"small","small","Eucalyptus pilularis","Cryptocarya rigida","small_small","N_NSW","N_AUS",NA,"Subcanopy","Canopy","Canopy_Subcanopy"
"1234","Syncarpia glomulifera subsp glabra large","Cryptocarya rigida small",0.0800542003926784,-0.211701755450674,0.37181015623603,0.076087169706217,0.0840212310791398,"Potential 1","Tinebank",0.583511911686704,"large","small","Syncarpia glomulifera","Cryptocarya rigida","large_small","N_NSW","N_AUS",NA,"Subcanopy","Canopy","Canopy_Subcanopy"
"1235","Syncarpia glomulifera subsp glabra small","Cryptocarya rigida small",-0.058437680608869,-0.208771158013315,0.0918957967955766,-0.0610555642936779,-0.0558197969240601,"Potential 1","Tinebank",0.300666954808891,"small","small","Syncarpia glomulifera","Cryptocarya rigida","small_small","N_NSW","N_AUS",NA,"Subcanopy","Canopy","Canopy_Subcanopy"
"1236","Synoum glandulosum subsp glandulsoum small","Cryptocarya rigida small",-0.285029676811027,-0.52187261668216,-0.048186736939894,-0.288955051867669,-0.281104301754385,"Potential 1","Tinebank",0.473685879742266,"small","small","Synoum glandulosum","Cryptocarya rigida","small_small","N_NSW","N_AUS","1","Subcanopy","Subcanopy","Subcanopy_Subcanopy"
"1237","Eucalyptus pilularis small","Eucalyptus pilularis small",0.0347664497984511,-0.540875581064506,0.610408480661409,0.0276449103759044,0.0418879892209977,"Potential 1","Tinebank",1.15128406172591,"small","small","Eucalyptus pilularis","Eucalyptus pilularis","small_small","N_NSW","N_AUS",NA,"Canopy","Canopy","Canopy_Canopy"
"1238","Syncarpia glomulifera subsp glabra large","Eucalyptus pilularis small",0.113035891749646,-0.594757360347641,0.820829143846934,0.106873888907956,0.119197894591336,"Potential 1","Tinebank",1.41558650419457,"large","small","Syncarpia glomulifera","Eucalyptus pilularis","large_small","N_NSW","N_AUS",NA,"Canopy","Canopy","Canopy_Canopy"
"1239","Syncarpia glomulifera subsp glabra small","Eucalyptus pilularis small",0.0525800183910847,-0.305855713348229,0.411015750130398,0.0482337201439421,0.0569263166382273,"Potential 1","Tinebank",0.716871463478627,"small","small","Syncarpia glomulifera","Eucalyptus pilularis","small_small","N_NSW","N_AUS",NA,"Canopy","Canopy","Canopy_Canopy"
"1240","Synoum glandulosum subsp glandulsoum small","Eucalyptus pilularis small",-0.0469499267852224,-0.624181170342695,0.53028131677225,-0.0534460963468242,-0.0404537572236206,"Potential 1","Tinebank",1.15446248711495,"small","small","Synoum glandulosum","Eucalyptus pilularis","small_small","N_NSW","N_AUS",NA,"Canopy","Subcanopy","Subcanopy_Canopy"
"1241","Syncarpia glomulifera subsp glabra large","Syncarpia glomulifera subsp glabra large",-0.971587734301628,-2.50919667941716,0.5660212108139,-0.983583856122109,-0.959591612481147,"Potential 1","Tinebank",3.07521789023106,"large","large","Syncarpia glomulifera","Syncarpia glomulifera","large_large","N_NSW","N_AUS",NA,"Canopy","Canopy","Canopy_Canopy"
"1242","Syncarpia glomulifera subsp glabra small","Syncarpia glomulifera subsp glabra large",0.0944734091151764,-0.371535956113876,0.560482774344229,0.0892661256251352,0.0996806926052176,"Potential 1","Tinebank",0.932018730458105,"small","large","Syncarpia glomulifera","Syncarpia glomulifera","small_large","N_NSW","N_AUS",NA,"Canopy","Canopy","Canopy_Canopy"
"1243","Synoum glandulosum subsp glandulsoum small","Syncarpia glomulifera subsp glabra large",0.419443974951725,-0.431458190335732,1.27034614023918,0.410328308565615,0.428559641337836,"Potential 1","Tinebank",1.70180433057492,"small","large","Synoum glandulosum","Syncarpia glomulifera","small_large","N_NSW","N_AUS",NA,"Canopy","Subcanopy","Subcanopy_Canopy"
"1244","Syncarpia glomulifera subsp glabra small","Syncarpia glomulifera subsp glabra small",-0.0807683542672392,-0.46216820296383,0.300631494429352,-0.0871373304828777,-0.0743993780516007,"Potential 1","Tinebank",0.762799697393181,"small","small","Syncarpia glomulifera","Syncarpia glomulifera","small_small","N_NSW","N_AUS",NA,"Canopy","Canopy","Canopy_Canopy"
"1245","Synoum glandulosum subsp glandulsoum small","Syncarpia glomulifera subsp glabra small",0.156528528757834,-0.350116511883089,0.663173569398757,0.149421664262248,0.16363539325342,"Potential 1","Tinebank",1.01329008128185,"small","small","Synoum glandulosum","Syncarpia glomulifera","small_small","N_NSW","N_AUS",NA,"Canopy","Subcanopy","Subcanopy_Canopy"
"1246","Synoum glandulosum subsp glandulsoum small","Synoum glandulosum subsp glandulsoum small",-0.682648599891078,-1.61419531880658,0.248898119024421,-0.69946614077971,-0.665831059002446,"Potential 1","Tinebank",1.863093437831,"small","small","Synoum glandulosum","Synoum glandulosum","small_small","N_NSW","N_AUS",NA,"Subcanopy","Subcanopy","Subcanopy_Subcanopy"
"1247","Eucalyptus cypellocarpa small","Eucalyptus cypellocarpa small",0.158654307409081,-0.216704520718217,0.534013135536379,0.153918071348029,0.163390543470133,"Potential 1","WaratahMix",0.750717656254597,"small","small","Eucalyptus cypellocarpa","Eucalyptus cypellocarpa","small_small","S_NSW","SE_AUS",NA,"Canopy","Canopy","Canopy_Canopy"
"1248","Eucalyptus fastigata large","Eucalyptus cypellocarpa small",-0.00465218270565861,-0.294833228595566,0.285528863184248,-0.00818535171730609,-0.00111901369401114,"Potential 1","WaratahMix",0.580362091779814,"large","small","Eucalyptus fastigata","Eucalyptus cypellocarpa","large_small","S_NSW","SE_AUS",NA,"Canopy","Canopy","Canopy_Canopy"
"1249","Eucalyptus fastigata small","Eucalyptus cypellocarpa small",-0.0760242236308091,-0.298568739276542,0.146520292014924,-0.0787772687299286,-0.0732711785316897,"Potential 1","WaratahMix",0.445089031291466,"small","small","Eucalyptus fastigata","Eucalyptus cypellocarpa","small_small","S_NSW","SE_AUS",NA,"Canopy","Canopy","Canopy_Canopy"
"1250","Eucalyptus obliqua large","Eucalyptus cypellocarpa small",-0.0254006639344177,-0.337225162893786,0.286423835024951,-0.0287904091370171,-0.0220109187318183,"Potential 1","WaratahMix",0.623648997918737,"large","small","Eucalyptus obliqua","Eucalyptus cypellocarpa","large_small","S_NSW","SE_AUS",NA,"Canopy","Canopy","Canopy_Canopy"
"1251","Eucalyptus obliqua small","Eucalyptus cypellocarpa small",-0.0342428444495383,-0.243387473324259,0.174901784425182,-0.0366823512944131,-0.0318033376046636,"Potential 1","WaratahMix",0.418289257749441,"small","small","Eucalyptus obliqua","Eucalyptus cypellocarpa","small_small","S_NSW","SE_AUS",NA,"Canopy","Canopy","Canopy_Canopy"
"1252","Eucalyptus radiata large","Eucalyptus cypellocarpa small",-0.0209543585236634,-0.23474038403994,0.192831666992613,-0.0234088161735037,-0.018499900873823,"Potential 1","WaratahMix",0.427572051032552,"large","small","Eucalyptus radiata","Eucalyptus cypellocarpa","large_small","S_NSW","SE_AUS",NA,"Canopy","Canopy","Canopy_Canopy"
"1253","Eucalyptus radiata small","Eucalyptus cypellocarpa small",0.0103218674235958,-0.128989784014675,0.149633518861867,0.00832330169492559,0.012320433152266,"Potential 1","WaratahMix",0.278623302876542,"small","small","Eucalyptus radiata","Eucalyptus cypellocarpa","small_small","S_NSW","SE_AUS",NA,"Canopy","Canopy","Canopy_Canopy"
"1254","Eucalyptus fastigata large","Eucalyptus fastigata large",-0.146806891951338,-0.541812736216268,0.248198952313592,-0.153381571017214,-0.140232212885462,"Potential 1","WaratahMix",0.79001168852986,"large","large","Eucalyptus fastigata","Eucalyptus fastigata","large_large","S_NSW","SE_AUS",NA,"Canopy","Canopy","Canopy_Canopy"
"1255","Eucalyptus fastigata small","Eucalyptus fastigata large",0.153321892569882,-0.0832639767246193,0.389907761864384,0.150077317743654,0.156566467396111,"Potential 1","WaratahMix",0.473171738589003,"small","large","Eucalyptus fastigata","Eucalyptus fastigata","small_large","S_NSW","SE_AUS",NA,"Canopy","Canopy","Canopy_Canopy"
"1256","Eucalyptus obliqua large","Eucalyptus fastigata large",-0.012660364742882,-0.275280927573125,0.249960198087361,-0.015921264440491,-0.00939946504527302,"Potential 1","WaratahMix",0.525241125660487,"large","large","Eucalyptus obliqua","Eucalyptus fastigata","large_large","S_NSW","SE_AUS",NA,"Canopy","Canopy","Canopy_Canopy"
"1257","Eucalyptus obliqua small","Eucalyptus fastigata large",-0.117655277840236,-0.324373348694833,0.0890627930143608,-0.12028410571346,-0.115026449967012,"Potential 1","WaratahMix",0.413436141709194,"small","large","Eucalyptus obliqua","Eucalyptus fastigata","small_large","S_NSW","SE_AUS",NA,"Canopy","Canopy","Canopy_Canopy"
"1258","Eucalyptus radiata large","Eucalyptus fastigata large",-0.185012937221132,-0.394337468310799,0.0243115938685346,-0.18819905240114,-0.181826822041125,"Potential 1","WaratahMix",0.418649062179334,"large","large","Eucalyptus radiata","Eucalyptus fastigata","large_large","S_NSW","SE_AUS",NA,"Canopy","Canopy","Canopy_Canopy"
"1259","Eucalyptus radiata small","Eucalyptus fastigata large",-0.19550860426806,-0.359021331388739,-0.0319958771473801,-0.198566802963625,-0.192450405572495,"Potential 1","WaratahMix",0.327025454241359,"small","large","Eucalyptus radiata","Eucalyptus fastigata","small_large","S_NSW","SE_AUS","1","Canopy","Canopy","Canopy_Canopy"
"1260","Eucalyptus fastigata small","Eucalyptus fastigata small",0.187131593268228,-0.0361330061529427,0.4103961926894,0.182698721431213,0.191564465105244,"Potential 1","WaratahMix",0.446529198842342,"small","small","Eucalyptus fastigata","Eucalyptus fastigata","small_small","S_NSW","SE_AUS",NA,"Canopy","Canopy","Canopy_Canopy"
"1261","Eucalyptus obliqua large","Eucalyptus fastigata small",-0.0550619498325904,-0.272154850683371,0.16203095101819,-0.0580181075487302,-0.0521057921164507,"Potential 1","WaratahMix",0.434185801701562,"large","small","Eucalyptus obliqua","Eucalyptus fastigata","large_small","S_NSW","SE_AUS",NA,"Canopy","Canopy","Canopy_Canopy"
"1262","Eucalyptus obliqua small","Eucalyptus fastigata small",0.0350235541719238,-0.137408393207659,0.207455501551507,0.032549411353922,0.0374976969899256,"Potential 1","WaratahMix",0.344863894759167,"small","small","Eucalyptus obliqua","Eucalyptus fastigata","small_small","S_NSW","SE_AUS",NA,"Canopy","Canopy","Canopy_Canopy"
"1263","Eucalyptus radiata large","Eucalyptus fastigata small",0.108659195933151,-0.0625721340671204,0.279890525933423,0.105871730564613,0.111446661301689,"Potential 1","WaratahMix",0.342462660000543,"large","small","Eucalyptus radiata","Eucalyptus fastigata","large_small","S_NSW","SE_AUS",NA,"Canopy","Canopy","Canopy_Canopy"
"1264","Eucalyptus radiata small","Eucalyptus fastigata small",0.0646602579282258,-0.058234572702599,0.187555088559051,0.0624068587624809,0.0669136570939707,"Potential 1","WaratahMix",0.24578966126165,"small","small","Eucalyptus radiata","Eucalyptus fastigata","small_small","S_NSW","SE_AUS",NA,"Canopy","Canopy","Canopy_Canopy"
"1265","Eucalyptus obliqua large","Eucalyptus obliqua large",0.174722389778245,-0.250377879537411,0.599822659093901,0.168684326746811,0.180760452809679,"Potential 1","WaratahMix",0.850200538631312,"large","large","Eucalyptus obliqua","Eucalyptus obliqua","large_large","S_NSW","SE_AUS",NA,"Canopy","Canopy","Canopy_Canopy"
"1266","Eucalyptus obliqua small","Eucalyptus obliqua large",0.100742598138291,-0.146206163905315,0.347691360181897,0.0973472817032987,0.104137914573284,"Potential 1","WaratahMix",0.493897524087212,"small","large","Eucalyptus obliqua","Eucalyptus obliqua","small_large","S_NSW","SE_AUS",NA,"Canopy","Canopy","Canopy_Canopy"
"1267","Eucalyptus radiata large","Eucalyptus obliqua large",-0.0149433875030125,-0.23804870972221,0.208161934716185,-0.0176088219873857,-0.0122779530186393,"Potential 1","WaratahMix",0.446210644438396,"large","large","Eucalyptus radiata","Eucalyptus obliqua","large_large","S_NSW","SE_AUS",NA,"Canopy","Canopy","Canopy_Canopy"
"1268","Eucalyptus radiata small","Eucalyptus obliqua large",-0.0330743444268519,-0.167248137171442,0.101099448317739,-0.035048016166134,-0.0311006726875698,"Potential 1","WaratahMix",0.268347585489181,"small","large","Eucalyptus radiata","Eucalyptus obliqua","small_large","S_NSW","SE_AUS",NA,"Canopy","Canopy","Canopy_Canopy"
"1269","Eucalyptus obliqua small","Eucalyptus obliqua small",0.111653808525872,-0.179771652657287,0.403079269709031,0.106663917926621,0.116643699125123,"Potential 1","WaratahMix",0.582850922366318,"small","small","Eucalyptus obliqua","Eucalyptus obliqua","small_small","S_NSW","SE_AUS",NA,"Canopy","Canopy","Canopy_Canopy"
"1270","Eucalyptus radiata large","Eucalyptus obliqua small",-0.111602244939044,-0.288167392767131,0.0649629028890434,-0.113822091039503,-0.109382398838584,"Potential 1","WaratahMix",0.353130295656174,"large","small","Eucalyptus radiata","Eucalyptus obliqua","large_small","S_NSW","SE_AUS",NA,"Canopy","Canopy","Canopy_Canopy"
"1271","Eucalyptus radiata small","Eucalyptus obliqua small",-0.0482660569409856,-0.157909014519488,0.0613769006375168,-0.0501518950932623,-0.046380218788709,"Potential 1","WaratahMix",0.219285915157005,"small","small","Eucalyptus radiata","Eucalyptus obliqua","small_small","S_NSW","SE_AUS",NA,"Canopy","Canopy","Canopy_Canopy"
"1272","Eucalyptus radiata large","Eucalyptus radiata large",0.119724809285739,-0.117956036620572,0.357405655192049,0.114535322337519,0.124914296233958,"Potential 1","WaratahMix",0.475361691812621,"large","large","Eucalyptus radiata","Eucalyptus radiata","large_large","S_NSW","SE_AUS",NA,"Canopy","Canopy","Canopy_Canopy"
"1273","Eucalyptus radiata small","Eucalyptus radiata large",-0.0663653192360089,-0.16940558616438,0.0366749476923625,-0.0681536945878037,-0.064576943884214,"Potential 1","WaratahMix",0.206080533856743,"small","large","Eucalyptus radiata","Eucalyptus radiata","small_large","S_NSW","SE_AUS",NA,"Canopy","Canopy","Canopy_Canopy"
"1274","Eucalyptus radiata small","Eucalyptus radiata small",0.295609203958287,0.147179132935647,0.444039274980928,0.287081172168832,0.304137235747743,"Potential 1","WaratahMix",0.296860142045281,"small","small","Eucalyptus radiata","Eucalyptus radiata","small_small","S_NSW","SE_AUS","1","Canopy","Canopy","Canopy_Canopy"
