"","from","to","alpha","lo","hi","lo_numerical","hi_numerical","se","site","range_ci","class_from","class_to","species_from","species_to","class_int","georegion","region","sig","cc_from","cc_to","cc_int","group"
"1","Allocasuarina decussata small","Allocasuarina decussata small",-0.0796564198373596,-0.743450061385624,0.584137221710905,-0.0885320343403826,-0.0707808053343366,0.338676448538945,"Frankland",1.32758728309653,"small","small","Allocasuarina decussata","Allocasuarina decussata","small_small","S_WA","WA",NA,"Subcanopy","Subcanopy","Subcanopy_Subcanopy","Subcanopy.small_Subcanopy.small"
"2","Eucalyptus diversicolor large","Allocasuarina decussata small",0.233173290326232,-0.302715045475833,0.769061626128298,0.226825950290589,0.239520630361876,0.273417440335172,"Frankland",1.07177667160413,"large","small","Eucalyptus diversicolor","Allocasuarina decussata","large_small","S_WA","WA",NA,"Canopy","Subcanopy","Canopy_Subcanopy","Canopy.large_Subcanopy.small"
"3","Eucalyptus diversicolor small","Allocasuarina decussata small",0.0996502722143858,-0.0906528716263054,0.289953416055077,0.0966119023267662,0.102688642102005,0.0970952248825887,"Frankland",0.380606287681382,"small","small","Eucalyptus diversicolor","Allocasuarina decussata","small_small","S_WA","WA",NA,"Canopy","Subcanopy","Canopy_Subcanopy","Canopy.small_Subcanopy.small"
"4","Eucalyptus guilfoylei large","Allocasuarina decussata small",0.0935979388405531,-0.385739252069923,0.57293512975103,0.0876842757388722,0.099511601942234,0.244564285206987,"Frankland",0.958674381820953,"large","small","Eucalyptus guilfoylei","Allocasuarina decussata","large_small","S_WA","WA",NA,"Canopy","Subcanopy","Canopy_Subcanopy","Canopy.large_Subcanopy.small"
"5","Eucalyptus guilfoylei small","Allocasuarina decussata small",0.30694229132192,-0.00635211747099751,0.620236700114837,0.298702715122253,0.315181867521587,0.1598470233454,"Frankland",0.626588817585834,"small","small","Eucalyptus guilfoylei","Allocasuarina decussata","small_small","S_WA","WA",NA,"Canopy","Subcanopy","Canopy_Subcanopy","Canopy.small_Subcanopy.small"
"6","Eucalyptus diversicolor large","Eucalyptus diversicolor large",-0.0499989233910122,-0.456259205694157,0.356261358912132,-0.0559289847553208,-0.0440688620267035,0.207279463045073,"Frankland",0.812520564606289,"large","large","Eucalyptus diversicolor","Eucalyptus diversicolor","large_large","S_WA","WA",NA,"Canopy","Canopy","Canopy_Canopy","Canopy.large_Canopy.large"
"7","Eucalyptus diversicolor small","Eucalyptus diversicolor large",-0.0634864328716537,-0.206306799774883,0.0793339340315756,-0.0653482446452172,-0.0616246210980902,0.0728688731169441,"Frankland",0.285640733806459,"small","large","Eucalyptus diversicolor","Eucalyptus diversicolor","small_large","S_WA","WA",NA,"Canopy","Canopy","Canopy_Canopy","Canopy.large_Canopy.small"
"8","Eucalyptus guilfoylei large","Eucalyptus diversicolor large",-0.245763824048984,-0.490410809800955,-0.00111683829701303,-0.24926573635816,-0.242261911739808,0.12482218432671,"Frankland",0.489293971503942,"large","large","Eucalyptus guilfoylei","Eucalyptus diversicolor","large_large","S_WA","WA",1,"Canopy","Canopy","Canopy_Canopy","Canopy.large_Canopy.large"
"9","Eucalyptus guilfoylei small","Eucalyptus diversicolor large",-0.0729169393082427,-0.273970846968645,0.12813696835216,-0.0762578422741169,-0.0695760363423685,0.102580409255624,"Frankland",0.402107815320805,"small","large","Eucalyptus guilfoylei","Eucalyptus diversicolor","small_large","S_WA","WA",NA,"Canopy","Canopy","Canopy_Canopy","Canopy.large_Canopy.small"
"10","Eucalyptus diversicolor small","Eucalyptus diversicolor small",0.404987203801866,0.229019226025152,0.580955181578579,0.398381418354518,0.411592989249214,0.0897812302494977,"Frankland",0.351935955553427,"small","small","Eucalyptus diversicolor","Eucalyptus diversicolor","small_small","S_WA","WA",1,"Canopy","Canopy","Canopy_Canopy","Canopy.small_Canopy.small"
"11","Eucalyptus guilfoylei large","Eucalyptus diversicolor small",-0.0334882164072237,-0.18418263419083,0.117206201376382,-0.035423040711337,-0.0315533921031105,0.0768863198366218,"Frankland",0.301388835567212,"large","small","Eucalyptus guilfoylei","Eucalyptus diversicolor","large_small","S_WA","WA",NA,"Canopy","Canopy","Canopy_Canopy","Canopy.large_Canopy.small"
"12","Eucalyptus guilfoylei small","Eucalyptus diversicolor small",-0.0419393698994381,-0.142115169054332,0.0582364292554562,-0.0444374913053652,-0.039441248493511,0.0511110407870085,"Frankland",0.200351598309789,"small","small","Eucalyptus guilfoylei","Eucalyptus diversicolor","small_small","S_WA","WA",NA,"Canopy","Canopy","Canopy_Canopy","Canopy.small_Canopy.small"
"13","Eucalyptus guilfoylei large","Eucalyptus guilfoylei large",-0.211511952684829,-0.576629040343704,0.153605134974047,-0.217634601249413,-0.205389304120244,0.186287651476697,"Frankland",0.730234175317751,"large","large","Eucalyptus guilfoylei","Eucalyptus guilfoylei","large_large","S_WA","WA",NA,"Canopy","Canopy","Canopy_Canopy","Canopy.large_Canopy.large"
"14","Eucalyptus guilfoylei small","Eucalyptus guilfoylei large",0.127243521822149,-0.0842424742011874,0.338729517845486,0.123421916737814,0.131065126906485,0.10790300112222,"Frankland",0.422971992046673,"small","large","Eucalyptus guilfoylei","Eucalyptus guilfoylei","small_large","S_WA","WA",NA,"Canopy","Canopy","Canopy_Canopy","Canopy.large_Canopy.small"
"15","Eucalyptus guilfoylei small","Eucalyptus guilfoylei small",0.244156825444484,0.0559964386476664,0.432317212241302,0.237258604442142,0.251055046446826,0.0960019614038845,"Frankland",0.376320773593636,"small","small","Eucalyptus guilfoylei","Eucalyptus guilfoylei","small_small","S_WA","WA",1,"Canopy","Canopy","Canopy_Canopy","Canopy.small_Canopy.small"
"16","Eucalyptus diversicolor large","Eucalyptus diversicolor large",-0.391633631779556,-0.810779647697897,0.0275123841387861,-0.398495945167151,-0.38477131839196,0.213853937737893,"Collins",0.838292031836683,"large","large","Eucalyptus diversicolor","Eucalyptus diversicolor","large_large","N_WA","WA",NA,"Canopy","Canopy","Canopy_Canopy","Canopy.large_Canopy.large"
"17","Eucalyptus diversicolor small","Eucalyptus diversicolor large",-0.0402821171858627,-0.218717012780864,0.138152778409139,-0.0425209588071657,-0.0380432755645597,0.0910398849175153,"Collins",0.356869791190003,"small","large","Eucalyptus diversicolor","Eucalyptus diversicolor","small_large","N_WA","WA",NA,"Canopy","Canopy","Canopy_Canopy","Canopy.large_Canopy.small"
"18","Eucalyptus diversicolor small","Eucalyptus diversicolor small",0.329667102145392,0.185598328065147,0.473735876225636,0.323279490960907,0.336054713329877,0.0735058272583785,"Collins",0.288137548160489,"small","small","Eucalyptus diversicolor","Eucalyptus diversicolor","small_small","N_WA","WA",1,"Canopy","Canopy","Canopy_Canopy","Canopy.small_Canopy.small"
"19","Allocasuarina decussata large","Allocasuarina decussata large",0.00238470306833227,-0.450795319365647,0.455564725502312,-0.00104934390021001,0.00581875003687455,0.231218545855233,"Clare",0.906360044867959,"large","large","Allocasuarina decussata","Allocasuarina decussata","large_large","S_WA","WA",NA,"Subcanopy","Subcanopy","Subcanopy_Subcanopy","Subcanopy.large_Subcanopy.large"
"20","Allocasuarina decussata small","Allocasuarina decussata large",0.0452335340394722,-0.165281169660277,0.255748237739222,0.0426753667997205,0.0477917012792239,0.107407434708118,"Clare",0.421029407399499,"small","large","Allocasuarina decussata","Allocasuarina decussata","small_large","S_WA","WA",NA,"Subcanopy","Subcanopy","Subcanopy_Subcanopy","Subcanopy.large_Subcanopy.small"
"21","Allocasuarina decussata small","Allocasuarina decussata small",0.215271249621625,0.0743476432984941,0.356194855944755,0.209812237585316,0.220730261657934,0.0719011203444135,"Clare",0.281847212646261,"small","small","Allocasuarina decussata","Allocasuarina decussata","small_small","S_WA","WA",1,"Subcanopy","Subcanopy","Subcanopy_Subcanopy","Subcanopy.small_Subcanopy.small"
"22","Acacia melanoxylon small","Acacia melanoxylon small",0.453797838164389,0.197820295876571,0.709775380452206,0.439634603127553,0.467961073201224,0.130603186745744,"Sutton",0.511955084575634,"small","small","Acacia melanoxylon","Acacia melanoxylon","small_small","N_WA","WA",1,"Subcanopy","Subcanopy","Subcanopy_Subcanopy","Subcanopy.small_Subcanopy.small"
"23","Corymbia calophylla small","Acacia melanoxylon small",0.00479106895153909,-0.0976774837361481,0.107259621639226,0.00212701559424876,0.00745512230882943,0.0522808344928509,"Sutton",0.204937105375374,"small","small","Corymbia calophylla","Acacia melanoxylon","small_small","N_WA","WA",NA,"Canopy","Subcanopy","Canopy_Subcanopy","Canopy.small_Subcanopy.small"
"24","Eucalyptus diversicolor large","Acacia melanoxylon small",-0.0563895684165877,-0.184187822227261,0.0714086853940853,-0.0590968341343698,-0.0536823026988056,0.0652043888656778,"Sutton",0.255596507621346,"large","small","Eucalyptus diversicolor","Acacia melanoxylon","large_small","N_WA","WA",NA,"Canopy","Subcanopy","Canopy_Subcanopy","Canopy.large_Subcanopy.small"
"25","Eucalyptus diversicolor small","Acacia melanoxylon small",-0.113380482967046,-0.236784093247114,0.0100231273130214,-0.117042545954786,-0.109718419979306,0.062962182597976,"Sutton",0.246807220560135,"small","small","Eucalyptus diversicolor","Acacia melanoxylon","small_small","N_WA","WA",NA,"Canopy","Subcanopy","Canopy_Subcanopy","Canopy.small_Subcanopy.small"
"26","Corymbia calophylla small","Corymbia calophylla small",0.487730169127079,0.349378651334844,0.626081686919314,0.477991994673468,0.497468343580689,0.0705888061635489,"Sutton",0.27670303558447,"small","small","Corymbia calophylla","Corymbia calophylla","small_small","N_WA","WA",1,"Canopy","Canopy","Canopy_Canopy","Canopy.small_Canopy.small"
"27","Eucalyptus diversicolor large","Corymbia calophylla small",-0.0107693255709637,-0.0708653998701071,0.0493267487281797,-0.0121581294223244,-0.009380521719603,0.0306618258157668,"Sutton",0.120192148598287,"large","small","Eucalyptus diversicolor","Corymbia calophylla","large_small","N_WA","WA",NA,"Canopy","Canopy","Canopy_Canopy","Canopy.large_Canopy.small"
"28","Eucalyptus diversicolor small","Corymbia calophylla small",-0.0750172407240529,-0.122374901717941,-0.0276595797301648,-0.0771760453928936,-0.0728584360552122,0.0241625159275575,"Sutton",0.0947153219877763,"small","small","Eucalyptus diversicolor","Corymbia calophylla","small_small","N_WA","WA",1,"Canopy","Canopy","Canopy_Canopy","Canopy.small_Canopy.small"
"29","Eucalyptus diversicolor large","Eucalyptus diversicolor large",-0.0540783721564902,-0.273101626325993,0.164944882013013,-0.0590924859678201,-0.0490642583451603,0.111748611656709,"Sutton",0.438046508339006,"large","large","Eucalyptus diversicolor","Eucalyptus diversicolor","large_large","N_WA","WA",NA,"Canopy","Canopy","Canopy_Canopy","Canopy.large_Canopy.large"
"30","Eucalyptus diversicolor small","Eucalyptus diversicolor large",-0.0625898336223192,-0.165930339086918,0.04075067184228,-0.0649781112688463,-0.060201555975792,0.0527257165334342,"Sutton",0.206681010929198,"small","large","Eucalyptus diversicolor","Eucalyptus diversicolor","small_large","N_WA","WA",NA,"Canopy","Canopy","Canopy_Canopy","Canopy.large_Canopy.small"
"31","Eucalyptus diversicolor small","Eucalyptus diversicolor small",-0.00225684851059231,-0.209858802616272,0.205345105595088,-0.00982652512056079,0.00531282809937618,0.105921310668572,"Sutton",0.41520390821136,"small","small","Eucalyptus diversicolor","Eucalyptus diversicolor","small_small","N_WA","WA",NA,"Canopy","Canopy","Canopy_Canopy","Canopy.small_Canopy.small"
"32","Allocasuarina decussata large","Allocasuarina decussata large",-0.154107751129136,-0.536213132985784,0.227997630727511,-0.16263044703155,-0.145585055226723,0.194955307786595,"Giants",0.764210763713295,"large","large","Allocasuarina decussata","Allocasuarina decussata","large_large","S_WA","WA",NA,"Subcanopy","Subcanopy","Subcanopy_Subcanopy","Subcanopy.large_Subcanopy.large"
"33","Allocasuarina decussata small","Allocasuarina decussata large",-0.0178755068231169,-0.129163176417425,0.0934121627711912,-0.0200980619295491,-0.0156529517166847,0.0567804666168006,"Giants",0.222575339188616,"small","large","Allocasuarina decussata","Allocasuarina decussata","small_large","S_WA","WA",NA,"Subcanopy","Subcanopy","Subcanopy_Subcanopy","Subcanopy.large_Subcanopy.small"
"34","Eucalyptus jacksonii large","Allocasuarina decussata large",-0.275417790345481,-0.550083898680286,-0.00075168201067477,-0.282023006803419,-0.268812573887542,0.140138344633543,"Giants",0.549332216669612,"large","large","Eucalyptus jacksonii","Allocasuarina decussata","large_large","S_WA","WA",1,"Canopy","Subcanopy","Canopy_Subcanopy","Canopy.large_Subcanopy.large"
"35","Eucalyptus jacksonii small","Allocasuarina decussata large",-0.0120236087889269,-0.186341229626677,0.162294012048823,-0.0165853537680296,-0.00746186380982429,0.0889391959305096,"Giants",0.3486352416755,"small","large","Eucalyptus jacksonii","Allocasuarina decussata","small_large","S_WA","WA",NA,"Canopy","Subcanopy","Canopy_Subcanopy","Canopy.small_Subcanopy.large"
"36","Allocasuarina decussata small","Allocasuarina decussata small",0.329065185593069,0.192294744769462,0.465835626416676,0.321646970714407,0.336483400471731,0.0697821194177214,"Giants",0.273540881647214,"small","small","Allocasuarina decussata","Allocasuarina decussata","small_small","S_WA","WA",1,"Subcanopy","Subcanopy","Subcanopy_Subcanopy","Subcanopy.small_Subcanopy.small"
"37","Eucalyptus jacksonii large","Allocasuarina decussata small",-0.0194193058325579,-0.189020142937315,0.150181531272199,-0.0223317167703829,-0.0165068948947329,0.0865326293965333,"Giants",0.339201674209514,"large","small","Eucalyptus jacksonii","Allocasuarina decussata","large_small","S_WA","WA",NA,"Canopy","Subcanopy","Canopy_Subcanopy","Canopy.large_Subcanopy.small"
"38","Eucalyptus jacksonii small","Allocasuarina decussata small",-0.0269243194422851,-0.124357796135715,0.0705091572511445,-0.0290909313669755,-0.0247577075175947,0.0497118709639424,"Giants",0.194866953386859,"small","small","Eucalyptus jacksonii","Allocasuarina decussata","small_small","S_WA","WA",NA,"Canopy","Subcanopy","Canopy_Subcanopy","Canopy.small_Subcanopy.small"
"39","Eucalyptus jacksonii large","Eucalyptus jacksonii large",-0.502194439494587,-0.983074486100563,-0.0213143928886108,-0.522143006893524,-0.48224587209565,0.245351470944924,"Giants",0.961760093211953,"large","large","Eucalyptus jacksonii","Eucalyptus jacksonii","large_large","S_WA","WA",1,"Canopy","Canopy","Canopy_Canopy","Canopy.large_Canopy.large"
"40","Eucalyptus jacksonii small","Eucalyptus jacksonii large",0.366687122011711,0.0987669041886224,0.634607339834799,0.354254255385944,0.379119988637477,0.136696500515524,"Giants",0.535840435646177,"small","large","Eucalyptus jacksonii","Eucalyptus jacksonii","small_large","S_WA","WA",1,"Canopy","Canopy","Canopy_Canopy","Canopy.large_Canopy.small"
"41","Eucalyptus jacksonii small","Eucalyptus jacksonii small",0.335413410922916,0.171106948507998,0.499719873337834,0.323893939979724,0.346932881866109,0.0838313681837761,"Giants",0.328612924829836,"small","small","Eucalyptus jacksonii","Eucalyptus jacksonii","small_small","S_WA","WA",1,"Canopy","Canopy","Canopy_Canopy","Canopy.small_Canopy.small"
"42","Eucalyptus diversicolor large","Eucalyptus diversicolor large",-0.141327270679442,-0.381202185446107,0.0985476440872224,-0.147158979813163,-0.135495561545722,0.122387409492607,"Warren",0.479749829533329,"large","large","Eucalyptus diversicolor","Eucalyptus diversicolor","large_large","N_WA","WA",NA,"Canopy","Canopy","Canopy_Canopy","Canopy.large_Canopy.large"
"43","Eucalyptus diversicolor small","Eucalyptus diversicolor large",-0.235043958748124,-0.37751463887552,-0.0925732786207282,-0.238541343050684,-0.231546574445564,0.0726904582182054,"Warren",0.284941360254792,"small","large","Eucalyptus diversicolor","Eucalyptus diversicolor","small_large","N_WA","WA",1,"Canopy","Canopy","Canopy_Canopy","Canopy.large_Canopy.small"
"44","Trymalium odoratissimum small","Eucalyptus diversicolor large",-0.0450817964650355,-0.146788946563449,0.0566253536333784,-0.0477929458769085,-0.0423706470531626,0.0518923566456665,"Warren",0.203414300196828,"small","large","Trymalium odoratissimum","Eucalyptus diversicolor","small_large","N_WA","WA",NA,"Subcanopy","Canopy","Subcanopy_Canopy","Canopy.large_Subcanopy.small"
"45","Eucalyptus diversicolor small","Eucalyptus diversicolor small",0.0322439154213292,-0.21553841137248,0.280026242215138,0.0255369371346382,0.0389508937080203,0.126421877518304,"Warren",0.495564653587618,"small","small","Eucalyptus diversicolor","Eucalyptus diversicolor","small_small","N_WA","WA",NA,"Canopy","Canopy","Canopy_Canopy","Canopy.small_Canopy.small"
"46","Trymalium odoratissimum small","Eucalyptus diversicolor small",-0.087749655062372,-0.202374484949508,0.0268751748247641,-0.0906624019549723,-0.0848369081697716,0.0584831307061161,"Warren",0.229249659774272,"small","small","Trymalium odoratissimum","Eucalyptus diversicolor","small_small","N_WA","WA",NA,"Subcanopy","Canopy","Subcanopy_Canopy","Canopy.small_Subcanopy.small"
"47","Trymalium odoratissimum small","Trymalium odoratissimum small",0.367625933143529,0.224767330283925,0.510484536003133,0.359155335084142,0.376096531202916,0.0728883816164248,"Warren",0.285717205719208,"small","small","Trymalium odoratissimum","Trymalium odoratissimum","small_small","N_WA","WA",1,"Subcanopy","Subcanopy","Subcanopy_Subcanopy","Subcanopy.small_Subcanopy.small"
"48","Allocasuarina decussata large","Allocasuarina decussata large",0.215393852980974,-0.163128911008035,0.593916616969983,0.205523949401658,0.22526375656029,0.193127407939507,"Dawson",0.757045527978018,"large","large","Allocasuarina decussata","Allocasuarina decussata","large_large","S_WA","WA",NA,"Subcanopy","Subcanopy","Subcanopy_Subcanopy","Subcanopy.large_Subcanopy.large"
"49","Allocasuarina decussata small","Allocasuarina decussata large",0.0777794094483525,-0.150203248576322,0.305762067473027,0.0735682951001587,0.0819905237965463,0.116319820069641,"Dawson",0.45596531604935,"small","large","Allocasuarina decussata","Allocasuarina decussata","small_large","S_WA","WA",NA,"Subcanopy","Subcanopy","Subcanopy_Subcanopy","Subcanopy.large_Subcanopy.small"
"50","Eucalyptus diversicolor large","Allocasuarina decussata large",-0.16906716912969,-0.448006774330791,0.109872436071412,-0.172047397916914,-0.166086940342465,0.142318740242852,"Dawson",0.557879210402203,"large","large","Eucalyptus diversicolor","Allocasuarina decussata","large_large","S_WA","WA",NA,"Canopy","Subcanopy","Canopy_Subcanopy","Canopy.large_Subcanopy.large"
"51","Eucalyptus diversicolor small","Allocasuarina decussata large",-0.00684806538680582,-0.215791608883486,0.202095478109875,-0.00919453490583263,-0.004501595867779,0.106605807629528,"Dawson",0.417887086993361,"small","large","Eucalyptus diversicolor","Allocasuarina decussata","small_large","S_WA","WA",NA,"Canopy","Subcanopy","Canopy_Subcanopy","Canopy.small_Subcanopy.large"
"52","Allocasuarina decussata small","Allocasuarina decussata small",0.229625888582174,0.0424625683156758,0.416789208848672,0.223748562204051,0.235503214960297,0.0954932446426662,"Dawson",0.374326640532996,"small","small","Allocasuarina decussata","Allocasuarina decussata","small_small","S_WA","WA",1,"Subcanopy","Subcanopy","Subcanopy_Subcanopy","Subcanopy.small_Subcanopy.small"
"53","Eucalyptus diversicolor large","Allocasuarina decussata small",-0.0152040764310719,-0.184089468432204,0.15368131557006,-0.0182486108116446,-0.0121595420504993,0.0861675996769731,"Dawson",0.337770784002265,"large","small","Eucalyptus diversicolor","Allocasuarina decussata","large_small","S_WA","WA",NA,"Canopy","Subcanopy","Canopy_Subcanopy","Canopy.large_Subcanopy.small"
"54","Eucalyptus diversicolor small","Allocasuarina decussata small",-0.0266093256863424,-0.16031673367052,0.107098082297835,-0.0292217072024956,-0.0239969441701891,0.0682193188440422,"Dawson",0.267414815968355,"small","small","Eucalyptus diversicolor","Allocasuarina decussata","small_small","S_WA","WA",NA,"Canopy","Subcanopy","Canopy_Subcanopy","Canopy.small_Subcanopy.small"
"55","Eucalyptus diversicolor large","Eucalyptus diversicolor large",-0.148186328820615,-0.445300961050096,0.148928303408866,-0.152274922229918,-0.144097735411312,0.151591883612701,"Dawson",0.594229264458963,"large","large","Eucalyptus diversicolor","Eucalyptus diversicolor","large_large","S_WA","WA",NA,"Canopy","Canopy","Canopy_Canopy","Canopy.large_Canopy.large"
"56","Eucalyptus diversicolor small","Eucalyptus diversicolor large",0.0630542360617758,-0.117218800797801,0.243327272921352,0.0606969662874425,0.065411505836109,0.0919777293264301,"Dawson",0.360546073719153,"small","large","Eucalyptus diversicolor","Eucalyptus diversicolor","small_large","S_WA","WA",NA,"Canopy","Canopy","Canopy_Canopy","Canopy.large_Canopy.small"
"57","Eucalyptus diversicolor small","Eucalyptus diversicolor small",0.182705948300568,-0.00476275606835935,0.370174652669494,0.178266211745659,0.187145684855477,0.0956490557212562,"Dawson",0.374937408737854,"small","small","Eucalyptus diversicolor","Eucalyptus diversicolor","small_small","S_WA","WA",NA,"Canopy","Canopy","Canopy_Canopy","Canopy.small_Canopy.small"
"58","Eucalyptus diversicolor large","Eucalyptus diversicolor large",-0.978814422020078,-1.94326243714227,-0.0143664068978823,-0.994236053891053,-0.963392790149103,0.492074355819616,"Carey",1.92889603024439,"large","large","Eucalyptus diversicolor","Eucalyptus diversicolor","large_large","N_WA","WA",1,"Canopy","Canopy","Canopy_Canopy","Canopy.large_Canopy.large"
"59","Eucalyptus diversicolor small","Eucalyptus diversicolor large",0.13418046019492,-0.214402363761598,0.482763284151438,0.130479835898174,0.137881084491665,0.177851647635413,"Carey",0.697165647913037,"small","large","Eucalyptus diversicolor","Eucalyptus diversicolor","small_large","N_WA","WA",NA,"Canopy","Canopy","Canopy_Canopy","Canopy.large_Canopy.small"
"60","Trymalium odoratissimum small","Eucalyptus diversicolor large",-0.0248272166386596,-0.35049150406822,0.300837070790901,-0.0292578736191907,-0.0203965596581285,0.16615830188634,"Carey",0.65132857485912,"small","large","Trymalium odoratissimum","Eucalyptus diversicolor","small_large","N_WA","WA",NA,"Subcanopy","Canopy","Subcanopy_Canopy","Canopy.large_Subcanopy.small"
"61","Eucalyptus diversicolor small","Eucalyptus diversicolor small",0.216555351910738,0.0188695273724723,0.414241176449004,0.211297733960733,0.221812969860743,0.100861967922669,"Carey",0.395371649076531,"small","small","Eucalyptus diversicolor","Eucalyptus diversicolor","small_small","N_WA","WA",1,"Canopy","Canopy","Canopy_Canopy","Canopy.small_Canopy.small"
"62","Trymalium odoratissimum small","Eucalyptus diversicolor small",-0.0717690483597693,-0.199439231668527,0.0559011349489879,-0.0735389888787698,-0.0699991078407688,0.0651390455721653,"Carey",0.255340366617514,"small","small","Trymalium odoratissimum","Eucalyptus diversicolor","small_small","N_WA","WA",NA,"Subcanopy","Canopy","Subcanopy_Canopy","Canopy.small_Subcanopy.small"
"63","Trymalium odoratissimum small","Trymalium odoratissimum small",0.219492220256163,0.0381218615446466,0.400862578967679,0.214854104162264,0.224130336350062,0.0925375977018673,"Carey",0.362740717423033,"small","small","Trymalium odoratissimum","Trymalium odoratissimum","small_small","N_WA","WA",1,"Subcanopy","Subcanopy","Subcanopy_Subcanopy","Subcanopy.small_Subcanopy.small"
"64","Allocasuarina decussata large","Allocasuarina decussata large",-0.164854387810773,-0.489869904520425,0.160161128898879,-0.171828635128779,-0.157880140492767,0.165827290334584,"Dombakup",0.650031033419304,"large","large","Allocasuarina decussata","Allocasuarina decussata","large_large","N_WA","WA",NA,"Subcanopy","Subcanopy","Subcanopy_Subcanopy","Subcanopy.large_Subcanopy.large"
"65","Allocasuarina decussata small","Allocasuarina decussata large",-0.0149449285244336,-0.12775423821203,0.0978643811631629,-0.0175918322516363,-0.0122980247972309,0.0575568278689925,"Dombakup",0.225618619375193,"small","large","Allocasuarina decussata","Allocasuarina decussata","small_large","N_WA","WA",NA,"Subcanopy","Subcanopy","Subcanopy_Subcanopy","Subcanopy.large_Subcanopy.small"
"66","Eucalyptus diversicolor large","Allocasuarina decussata large",0.223055268260043,-0.0882752153683533,0.53438575188844,0.218487160065973,0.227623376454113,0.158845002298069,"Dombakup",0.622660967256793,"large","large","Eucalyptus diversicolor","Allocasuarina decussata","large_large","N_WA","WA",NA,"Canopy","Subcanopy","Canopy_Subcanopy","Canopy.large_Subcanopy.large"
"67","Eucalyptus diversicolor small","Allocasuarina decussata large",-0.146892299943499,-0.352940726497417,0.0591561266104194,-0.150226978957981,-0.143557620929017,0.10512868000596,"Dombakup",0.412096853107836,"small","large","Eucalyptus diversicolor","Allocasuarina decussata","small_large","N_WA","WA",NA,"Canopy","Subcanopy","Canopy_Subcanopy","Canopy.small_Subcanopy.large"
"68","Trymalium odoratissimum small","Allocasuarina decussata large",-0.176840081949309,-0.350313603252415,-0.00336656064620208,-0.180456639639563,-0.173223524259054,0.0885085249889506,"Dombakup",0.346947042606213,"small","large","Trymalium odoratissimum","Allocasuarina decussata","small_large","N_WA","WA",1,"Subcanopy","Subcanopy","Subcanopy_Subcanopy","Subcanopy.large_Subcanopy.small"
"69","Allocasuarina decussata small","Allocasuarina decussata small",0.402112977282111,0.284073408819408,0.520152545744813,0.392615112901617,0.411610841662605,0.0602253762792498,"Dombakup",0.236079136925405,"small","small","Allocasuarina decussata","Allocasuarina decussata","small_small","N_WA","WA",1,"Subcanopy","Subcanopy","Subcanopy_Subcanopy","Subcanopy.small_Subcanopy.small"
"70","Eucalyptus diversicolor large","Allocasuarina decussata small",0.00488687426379208,-0.187740614912829,0.197514363440413,0.00158042458846177,0.00819332393912239,0.09828113715152,"Dombakup",0.385254978353241,"large","small","Eucalyptus diversicolor","Allocasuarina decussata","large_small","N_WA","WA",NA,"Canopy","Subcanopy","Canopy_Subcanopy","Canopy.large_Subcanopy.small"
"71","Eucalyptus diversicolor small","Allocasuarina decussata small",0.0254919988038379,-0.0718885213360644,0.12287251894374,0.0227609217006162,0.0282230759070597,0.0496848518177005,"Dombakup",0.194761040279805,"small","small","Eucalyptus diversicolor","Allocasuarina decussata","small_small","N_WA","WA",NA,"Canopy","Subcanopy","Canopy_Subcanopy","Canopy.small_Subcanopy.small"
"72","Trymalium odoratissimum small","Allocasuarina decussata small",-0.0103069414159741,-0.0748935231591066,0.0542796403271584,-0.0138951592926783,-0.00671872353926986,0.0329529431421104,"Dombakup",0.129173163486265,"small","small","Trymalium odoratissimum","Allocasuarina decussata","small_small","N_WA","WA",NA,"Subcanopy","Subcanopy","Subcanopy_Subcanopy","Subcanopy.small_Subcanopy.small"
"73","Eucalyptus diversicolor large","Eucalyptus diversicolor large",-0.344367018556648,-0.861133136604274,0.172399099490979,-0.35093436761755,-0.337799669495745,0.263661027510614,"Dombakup",1.03353223609525,"large","large","Eucalyptus diversicolor","Eucalyptus diversicolor","large_large","N_WA","WA",NA,"Canopy","Canopy","Canopy_Canopy","Canopy.large_Canopy.large"
"74","Eucalyptus diversicolor small","Eucalyptus diversicolor large",0.189857674155975,-0.121605339417568,0.501320687729519,0.185877767261419,0.193837581050532,0.158912620859528,"Dombakup",0.622926027147087,"small","large","Eucalyptus diversicolor","Eucalyptus diversicolor","small_large","N_WA","WA",NA,"Canopy","Canopy","Canopy_Canopy","Canopy.large_Canopy.small"
"75","Trymalium odoratissimum small","Eucalyptus diversicolor large",0.0761726242726908,-0.0739752818949667,0.226320530440348,0.0728743395361871,0.0794709090091944,0.0766074822557991,"Dombakup",0.300295812335315,"small","large","Trymalium odoratissimum","Eucalyptus diversicolor","small_large","N_WA","WA",NA,"Subcanopy","Canopy","Subcanopy_Canopy","Canopy.large_Subcanopy.small"
"76","Eucalyptus diversicolor small","Eucalyptus diversicolor small",-0.00232135179896286,-0.306909639419252,0.302266935821326,-0.00767621179786319,0.00303350819993747,0.155405043165508,"Dombakup",0.609176575240577,"small","small","Eucalyptus diversicolor","Eucalyptus diversicolor","small_small","N_WA","WA",NA,"Canopy","Canopy","Canopy_Canopy","Canopy.small_Canopy.small"
"77","Trymalium odoratissimum small","Eucalyptus diversicolor small",-0.0938036820243073,-0.233113584582285,0.0455062205336705,-0.0970560479358912,-0.0905513161127234,0.0710777869679426,"Dombakup",0.278619805115956,"small","small","Trymalium odoratissimum","Eucalyptus diversicolor","small_small","N_WA","WA",NA,"Subcanopy","Canopy","Subcanopy_Canopy","Canopy.small_Subcanopy.small"
"78","Trymalium odoratissimum small","Trymalium odoratissimum small",0.377857827040136,0.164464843482742,0.59125081059753,0.368533475924456,0.387182178155816,0.108875971824284,"Dombakup",0.426785967114789,"small","small","Trymalium odoratissimum","Trymalium odoratissimum","small_small","N_WA","WA",1,"Subcanopy","Subcanopy","Subcanopy_Subcanopy","Subcanopy.small_Subcanopy.small"
"79","Acacia melanoxylon large","Acacia melanoxylon large",-0.385251820619794,-1.07011136191849,0.299607720678905,-0.393991431135006,-0.376512210104582,0.349424554073842,"Dip",1.3697190825974,"large","large","Acacia melanoxylon","Acacia melanoxylon","large_large","o_TAS","TAS",NA,"Subcanopy","Subcanopy","Subcanopy_Subcanopy","Subcanopy.large_Subcanopy.large"
"80","Acacia melanoxylon small","Acacia melanoxylon large",0.311824999700496,-0.201285358866803,0.824935358267795,0.306389603962916,0.317260395438076,0.261795809828471,"Dip",1.0262207171346,"small","large","Acacia melanoxylon","Acacia melanoxylon","small_large","o_TAS","TAS",NA,"Subcanopy","Subcanopy","Subcanopy_Subcanopy","Subcanopy.large_Subcanopy.small"
"81","Eucalyptus obliqua large","Acacia melanoxylon large",-0.347242868015551,-0.933620972989119,0.239135236958018,-0.353818924428859,-0.340666811602243,0.299178000003492,"Dip",1.17275620994714,"large","large","Eucalyptus obliqua","Acacia melanoxylon","large_large","o_TAS","TAS",NA,"Canopy","Subcanopy","Canopy_Subcanopy","Canopy.large_Subcanopy.large"
"82","Eucalyptus obliqua small","Acacia melanoxylon large",-0.431339190944017,-0.91533459271127,0.0526562108232366,-0.437497287260151,-0.425181094627882,0.246940967071307,"Dip",0.967990803534507,"small","large","Eucalyptus obliqua","Acacia melanoxylon","small_large","o_TAS","TAS",NA,"Canopy","Subcanopy","Canopy_Subcanopy","Canopy.small_Subcanopy.large"
"83","Pomaderris apetala large","Acacia melanoxylon large",0.195780499880127,-0.104821896491706,0.496382896251961,0.189266101440455,0.2022948983198,0.153371387812708,"Dip",0.601204792743667,"large","large","Pomaderris apetala","Acacia melanoxylon","large_large","o_TAS","TAS",NA,"Subcanopy","Subcanopy","Subcanopy_Subcanopy","Subcanopy.large_Subcanopy.large"
"84","Pomaderris apetala small","Acacia melanoxylon large",-0.0504906451596548,-0.148840014133784,0.0478587238144748,-0.0528996028727153,-0.0480816874465942,0.050179171530649,"Dip",0.196698737948259,"small","large","Pomaderris apetala","Acacia melanoxylon","small_large","o_TAS","TAS",NA,"Subcanopy","Subcanopy","Subcanopy_Subcanopy","Subcanopy.large_Subcanopy.small"
"85","Acacia melanoxylon small","Acacia melanoxylon small",-0.306446893227186,-0.76404106646151,0.151147280007138,-0.312610275430828,-0.300283511023544,0.233470704994463,"Dip",0.915188346468648,"small","small","Acacia melanoxylon","Acacia melanoxylon","small_small","o_TAS","TAS",NA,"Subcanopy","Subcanopy","Subcanopy_Subcanopy","Subcanopy.small_Subcanopy.small"
"86","Eucalyptus obliqua large","Acacia melanoxylon small",0.349744264852314,-0.164270204234749,0.863758733939377,0.343310431349817,0.356178098354811,0.262257099182201,"Dip",1.02802893817413,"large","small","Eucalyptus obliqua","Acacia melanoxylon","large_small","o_TAS","TAS",NA,"Canopy","Subcanopy","Canopy_Subcanopy","Canopy.large_Subcanopy.small"
"87","Eucalyptus obliqua small","Acacia melanoxylon small",0.0558066391352502,-0.26919993500034,0.380813213270841,0.0519664970932164,0.059646781177284,0.165822727712958,"Dip",0.650013148271181,"small","small","Eucalyptus obliqua","Acacia melanoxylon","small_small","o_TAS","TAS",NA,"Canopy","Subcanopy","Canopy_Subcanopy","Canopy.small_Subcanopy.small"
"88","Pomaderris apetala large","Acacia melanoxylon small",-0.268188966045262,-0.526148477364042,-0.0102294547264816,-0.272457457327314,-0.26392047476321,0.131614414016549,"Dip",0.515919022637561,"large","small","Pomaderris apetala","Acacia melanoxylon","large_small","o_TAS","TAS",1,"Subcanopy","Subcanopy","Subcanopy_Subcanopy","Subcanopy.large_Subcanopy.small"
"89","Pomaderris apetala small","Acacia melanoxylon small",0.00131179142146726,-0.0778068334755569,0.0804304163184915,-0.00040569228111736,0.00302927512405188,0.0403673871158357,"Dip",0.158237249794048,"small","small","Pomaderris apetala","Acacia melanoxylon","small_small","o_TAS","TAS",NA,"Subcanopy","Subcanopy","Subcanopy_Subcanopy","Subcanopy.small_Subcanopy.small"
"90","Eucalyptus obliqua large","Eucalyptus obliqua large",-0.477167341737674,-1.445295334658,0.490960651182654,-0.487099377546343,-0.467235305929004,0.493951930013407,"Dip",1.93625598584065,"large","large","Eucalyptus obliqua","Eucalyptus obliqua","large_large","o_TAS","TAS",NA,"Canopy","Canopy","Canopy_Canopy","Canopy.large_Canopy.large"
"91","Eucalyptus obliqua small","Eucalyptus obliqua large",0.00229118555401187,-0.466426405744993,0.471008776853016,-0.00273393759480704,0.00731630870283078,0.239146022578062,"Dip",0.937435182598009,"small","large","Eucalyptus obliqua","Eucalyptus obliqua","small_large","o_TAS","TAS",NA,"Canopy","Canopy","Canopy_Canopy","Canopy.large_Canopy.small"
"92","Pomaderris apetala large","Eucalyptus obliqua large",0.155168120997607,-0.174677358809817,0.485013600805031,0.148487847943102,0.161848394052112,0.168291602503517,"Dip",0.659690959614849,"large","large","Pomaderris apetala","Eucalyptus obliqua","large_large","o_TAS","TAS",NA,"Subcanopy","Canopy","Subcanopy_Canopy","Canopy.large_Subcanopy.large"
"93","Pomaderris apetala small","Eucalyptus obliqua large",0.00480319196959623,-0.0998787363946041,0.109485120333797,0.00272920881396836,0.0068771751252241,0.0534101285482376,"Dip",0.209363856728401,"small","large","Pomaderris apetala","Eucalyptus obliqua","small_large","o_TAS","TAS",NA,"Subcanopy","Canopy","Subcanopy_Canopy","Canopy.large_Subcanopy.small"
"94","Eucalyptus obliqua small","Eucalyptus obliqua small",-0.148780768798258,-0.575313560579993,0.277752022983478,-0.154903311242685,-0.14265822635383,0.217622770186683,"Dip",0.853065583563471,"small","small","Eucalyptus obliqua","Eucalyptus obliqua","small_small","o_TAS","TAS",NA,"Canopy","Canopy","Canopy_Canopy","Canopy.small_Canopy.small"
"95","Pomaderris apetala large","Eucalyptus obliqua small",0.0562982688268183,-0.180948005335579,0.293544542989216,0.0516385652339737,0.060957972419663,0.121046241682891,"Dip",0.474492548324795,"large","small","Pomaderris apetala","Eucalyptus obliqua","large_small","o_TAS","TAS",NA,"Subcanopy","Canopy","Subcanopy_Canopy","Canopy.small_Subcanopy.large"
"96","Pomaderris apetala small","Eucalyptus obliqua small",-0.0285054939050483,-0.0958750154743411,0.0388640276642444,-0.0301623415353034,-0.0268486462747933,0.0343728364912289,"Dip",0.134739043138586,"small","small","Pomaderris apetala","Eucalyptus obliqua","small_small","o_TAS","TAS",NA,"Subcanopy","Canopy","Subcanopy_Canopy","Canopy.small_Subcanopy.small"
"97","Pomaderris apetala large","Pomaderris apetala large",0.0571685712262792,-0.180328834444379,0.294665976896938,0.0493165293786808,0.0650206130738777,0.121174372357864,"Dip",0.474994811341317,"large","large","Pomaderris apetala","Pomaderris apetala","large_large","o_TAS","TAS",NA,"Subcanopy","Subcanopy","Subcanopy_Subcanopy","Subcanopy.large_Subcanopy.large"
"98","Pomaderris apetala small","Pomaderris apetala large",0.108195567492765,0.0423110526861077,0.174080082299422,0.105015465285695,0.111375669699835,0.0336151660573082,"Dip",0.131769029613315,"small","large","Pomaderris apetala","Pomaderris apetala","small_large","o_TAS","TAS",1,"Subcanopy","Subcanopy","Subcanopy_Subcanopy","Subcanopy.large_Subcanopy.small"
"99","Pomaderris apetala small","Pomaderris apetala small",0.513146795068098,0.420573055787224,0.605720534348971,0.494484762408967,0.531808827727228,0.0472323675389361,"Dip",0.185147478561747,"small","small","Pomaderris apetala","Pomaderris apetala","small_small","o_TAS","TAS",1,"Subcanopy","Subcanopy","Subcanopy_Subcanopy","Subcanopy.small_Subcanopy.small"
"100","Acacia melanoxylon large","Acacia melanoxylon large",-0.0612343176507393,-0.336370444789862,0.213901809488383,-0.066538779159299,-0.0559298561421796,0.140378154552513,"Weld",0.550272254278245,"large","large","Acacia melanoxylon","Acacia melanoxylon","large_large","o_TAS","TAS",NA,"Subcanopy","Subcanopy","Subcanopy_Subcanopy","Subcanopy.large_Subcanopy.large"
"101","Acacia melanoxylon small","Acacia melanoxylon large",0.0604225757876645,-0.061506207987969,0.182351359563298,0.0573271820352749,0.0635179695400541,0.0622097062687846,"Weld",0.243857567551267,"small","large","Acacia melanoxylon","Acacia melanoxylon","small_large","o_TAS","TAS",NA,"Subcanopy","Subcanopy","Subcanopy_Subcanopy","Subcanopy.large_Subcanopy.small"
"102","Eucalyptus obliqua small","Acacia melanoxylon large",0.163563355440791,-0.269174214513776,0.596300925395358,0.15782736680719,0.169299344074391,0.220788531507694,"Weld",0.865475139909134,"small","large","Eucalyptus obliqua","Acacia melanoxylon","small_large","o_TAS","TAS",NA,"Canopy","Subcanopy","Canopy_Subcanopy","Canopy.small_Subcanopy.large"
"103","Eucalyptus regnans large","Acacia melanoxylon large",-0.0443740156903813,-0.319604134552284,0.230856103171521,-0.0483080446046466,-0.040439986776116,0.140426110394315,"Weld",0.550460237723805,"large","large","Eucalyptus regnans","Acacia melanoxylon","large_large","o_TAS","TAS",NA,"Canopy","Subcanopy","Canopy_Subcanopy","Canopy.large_Subcanopy.large"
"104","Eucalyptus regnans small","Acacia melanoxylon large",-0.229108723432823,-0.5337111625177,0.0754937156520533,-0.233389911592417,-0.22482753527323,0.155412263433176,"Weld",0.609204878169753,"small","large","Eucalyptus regnans","Acacia melanoxylon","small_large","o_TAS","TAS",NA,"Canopy","Subcanopy","Canopy_Subcanopy","Canopy.small_Subcanopy.large"
"105","Pomaderris apetala small","Acacia melanoxylon large",0.0318308726640215,-0.096033697031272,0.159695442359315,0.0286259365597645,0.0350358087682784,0.065238224122419,"Weld",0.255729139390587,"small","large","Pomaderris apetala","Acacia melanoxylon","small_large","o_TAS","TAS",NA,"Subcanopy","Subcanopy","Subcanopy_Subcanopy","Subcanopy.large_Subcanopy.small"
"106","Acacia melanoxylon small","Acacia melanoxylon small",0.342956964864654,0.191428134532492,0.494485795196815,0.335671041017692,0.350242888711616,0.0773120483475215,"Weld",0.303057660664323,"small","small","Acacia melanoxylon","Acacia melanoxylon","small_small","o_TAS","TAS",1,"Subcanopy","Subcanopy","Subcanopy_Subcanopy","Subcanopy.small_Subcanopy.small"
"107","Eucalyptus obliqua small","Acacia melanoxylon small",-0.131742043035153,-0.319528672071369,0.0560445860010638,-0.1353913107462,-0.128092775324106,0.0958112651647956,"Weld",0.375573258072433,"small","small","Eucalyptus obliqua","Acacia melanoxylon","small_small","o_TAS","TAS",NA,"Canopy","Subcanopy","Canopy_Subcanopy","Canopy.small_Subcanopy.small"
"108","Eucalyptus regnans large","Acacia melanoxylon small",0.0823505349390965,-0.078912442356383,0.243613512234576,0.0791608861532787,0.0855401837249143,0.0822785411198886,"Weld",0.322525954590959,"large","small","Eucalyptus regnans","Acacia melanoxylon","large_small","o_TAS","TAS",NA,"Canopy","Subcanopy","Canopy_Subcanopy","Canopy.large_Subcanopy.small"
"109","Eucalyptus regnans small","Acacia melanoxylon small",0.00198529808938752,-0.157593856540896,0.161564452719671,-0.00087992765597322,0.00485052383474827,0.0814194321370306,"Weld",0.319158309260566,"small","small","Eucalyptus regnans","Acacia melanoxylon","small_small","o_TAS","TAS",NA,"Canopy","Subcanopy","Canopy_Subcanopy","Canopy.small_Subcanopy.small"
"110","Pomaderris apetala small","Acacia melanoxylon small",-0.0314005947291183,-0.10316125600374,0.0403600665455033,-0.0355881602237401,-0.0272130292344965,0.0366132550601239,"Weld",0.143521322549243,"small","small","Pomaderris apetala","Acacia melanoxylon","small_small","o_TAS","TAS",NA,"Subcanopy","Subcanopy","Subcanopy_Subcanopy","Subcanopy.small_Subcanopy.small"
"111","Eucalyptus obliqua small","Eucalyptus obliqua small",-0.0323603987112774,-1.04735091967662,0.982630122254067,-0.0450181576809246,-0.0197026397416301,0.517861822447484,"Weld",2.02998104193069,"small","small","Eucalyptus obliqua","Eucalyptus obliqua","small_small","o_TAS","TAS",NA,"Canopy","Canopy","Canopy_Canopy","Canopy.small_Canopy.small"
"112","Eucalyptus regnans large","Eucalyptus obliqua small",0.2834571360525,-0.376257227725779,0.94317149983078,0.276502111734899,0.290412160370101,0.336595146126165,"Weld",1.31942872755656,"large","small","Eucalyptus regnans","Eucalyptus obliqua","large_small","o_TAS","TAS",NA,"Canopy","Canopy","Canopy_Canopy","Canopy.large_Canopy.small"
"113","Eucalyptus regnans small","Eucalyptus obliqua small",0.450320008751779,-0.377424725710336,1.27806474321389,0.438593511206187,0.462046506297371,0.422326502421096,"Weld",1.65548946892423,"small","small","Eucalyptus regnans","Eucalyptus obliqua","small_small","o_TAS","TAS",NA,"Canopy","Canopy","Canopy_Canopy","Canopy.small_Canopy.small"
"114","Pomaderris apetala small","Eucalyptus obliqua small",-0.0719096817034972,-0.474338348241398,0.330518984834404,-0.0768128024542337,-0.0670065609527606,0.205324521119881,"Weld",0.804857333075803,"small","small","Pomaderris apetala","Eucalyptus obliqua","small_small","o_TAS","TAS",NA,"Subcanopy","Canopy","Subcanopy_Canopy","Canopy.small_Subcanopy.small"
"115","Eucalyptus regnans large","Eucalyptus regnans large",-0.211298623967358,-0.825735455692469,0.403138207757752,-0.218279082524227,-0.204318165410489,0.313493939976301,"Weld",1.22887366345022,"large","large","Eucalyptus regnans","Eucalyptus regnans","large_large","o_TAS","TAS",NA,"Canopy","Canopy","Canopy_Canopy","Canopy.large_Canopy.large"
"116","Eucalyptus regnans small","Eucalyptus regnans large",0.197963498853477,-0.202101118044024,0.598028115750978,0.191717814744687,0.204209182962267,0.204118351180511,"Weld",0.800129233795001,"small","large","Eucalyptus regnans","Eucalyptus regnans","small_large","o_TAS","TAS",NA,"Canopy","Canopy","Canopy_Canopy","Canopy.large_Canopy.small"
"117","Pomaderris apetala small","Eucalyptus regnans large",0.0595070857653644,-0.136519012673417,0.255533184204146,0.0570194026429067,0.0619947688878221,0.100015153331903,"Weld",0.392052196877564,"small","large","Pomaderris apetala","Eucalyptus regnans","small_large","o_TAS","TAS",NA,"Subcanopy","Canopy","Subcanopy_Canopy","Canopy.large_Subcanopy.small"
"118","Eucalyptus regnans small","Eucalyptus regnans small",-0.216264238574702,-0.853964437139589,0.421435959990185,-0.225598864053944,-0.20692961309546,0.325363222791329,"Weld",1.27540039712977,"small","small","Eucalyptus regnans","Eucalyptus regnans","small_small","o_TAS","TAS",NA,"Canopy","Canopy","Canopy_Canopy","Canopy.small_Canopy.small"
"119","Pomaderris apetala small","Eucalyptus regnans small",0.0823741822152681,-0.100042906649717,0.264791271080253,0.0786247363049083,0.086123628125628,0.0930716535119359,"Weld",0.36483417772997,"small","small","Pomaderris apetala","Eucalyptus regnans","small_small","o_TAS","TAS",NA,"Subcanopy","Canopy","Subcanopy_Canopy","Canopy.small_Subcanopy.small"
"120","Pomaderris apetala small","Pomaderris apetala small",0.619357211138987,0.39714850745825,0.841565914819725,0.60706802420015,0.631646398077825,0.113373870863695,"Weld",0.444417407361476,"small","small","Pomaderris apetala","Pomaderris apetala","small_small","o_TAS","TAS",1,"Subcanopy","Subcanopy","Subcanopy_Subcanopy","Subcanopy.small_Subcanopy.small"
"121","Eucalyptus obliqua large","Eucalyptus obliqua large",-0.573926528255509,-0.976852663544652,-0.171000392966367,-0.587840995958275,-0.560012060552743,0.205578336371164,"ZigZag",0.805852270578286,"large","large","Eucalyptus obliqua","Eucalyptus obliqua","large_large","o_TAS","TAS",1,"Canopy","Canopy","Canopy_Canopy","Canopy.large_Canopy.large"
"122","Eucalyptus obliqua small","Eucalyptus obliqua large",-0.120038747203379,-0.311479465354862,0.0714019709481045,-0.125447198134262,-0.114630296272495,0.0976756306042066,"ZigZag",0.382881436302966,"small","large","Eucalyptus obliqua","Eucalyptus obliqua","small_large","o_TAS","TAS",NA,"Canopy","Canopy","Canopy_Canopy","Canopy.large_Canopy.small"
"123","Nematolepis squamea large","Eucalyptus obliqua large",0.256620460370586,-0.112814189084351,0.626055109825523,0.248809532762903,0.26443138797827,0.188490529606151,"ZigZag",0.738869298909874,"large","large","Nematolepis squamea","Eucalyptus obliqua","large_large","o_TAS","TAS",NA,"Subcanopy","Canopy","Subcanopy_Canopy","Canopy.large_Subcanopy.large"
"124","Nematolepis squamea small","Eucalyptus obliqua large",0.148987992752089,0.0173865145998208,0.280589470904357,0.143735444491522,0.154240541012656,0.0671448451044631,"ZigZag",0.263202956304536,"small","large","Nematolepis squamea","Eucalyptus obliqua","small_large","o_TAS","TAS",1,"Subcanopy","Canopy","Subcanopy_Canopy","Canopy.large_Subcanopy.small"
"125","Pomaderris apetala large","Eucalyptus obliqua large",-0.212678484975041,-0.418961364502329,-0.00639560544775297,-0.218795231085949,-0.206561738864133,0.10524830106799,"ZigZag",0.412565759054576,"large","large","Pomaderris apetala","Eucalyptus obliqua","large_large","o_TAS","TAS",1,"Subcanopy","Canopy","Subcanopy_Canopy","Canopy.large_Subcanopy.large"
"126","Pomaderris apetala small","Eucalyptus obliqua large",0.075206400804754,-0.0228462212217194,0.173259022831227,0.0720864325516723,0.0783263690578357,0.0500277672446534,"ZigZag",0.196105244052947,"small","large","Pomaderris apetala","Eucalyptus obliqua","small_large","o_TAS","TAS",NA,"Subcanopy","Canopy","Subcanopy_Canopy","Canopy.large_Subcanopy.small"
"127","Eucalyptus obliqua small","Eucalyptus obliqua small",0.116034844364782,-0.0507397717209653,0.28280946045053,0.108007484717752,0.124062204011812,0.0850906534003912,"ZigZag",0.333549232171495,"small","small","Eucalyptus obliqua","Eucalyptus obliqua","small_small","o_TAS","TAS",NA,"Canopy","Canopy","Canopy_Canopy","Canopy.small_Canopy.small"
"128","Nematolepis squamea large","Eucalyptus obliqua small",0.171571336079728,-0.0303722191606504,0.373514891320107,0.16655652673855,0.176586145420907,0.103034319422849,"ZigZag",0.403887110480758,"large","small","Nematolepis squamea","Eucalyptus obliqua","large_small","o_TAS","TAS",NA,"Subcanopy","Canopy","Subcanopy_Canopy","Canopy.small_Subcanopy.large"
"129","Nematolepis squamea small","Eucalyptus obliqua small",0.114958283101424,0.0173339577839445,0.212582608418904,0.110190610607457,0.119725955595392,0.0498092445001684,"ZigZag",0.19524865063496,"small","small","Nematolepis squamea","Eucalyptus obliqua","small_small","o_TAS","TAS",1,"Subcanopy","Canopy","Subcanopy_Canopy","Canopy.small_Subcanopy.small"
"130","Pomaderris apetala large","Eucalyptus obliqua small",-0.0898445491510341,-0.217459452022949,0.0377703537208813,-0.0936233473839104,-0.0860657509181578,0.0651108407493839,"ZigZag",0.255229805743831,"large","small","Pomaderris apetala","Eucalyptus obliqua","large_small","o_TAS","TAS",NA,"Subcanopy","Canopy","Subcanopy_Canopy","Canopy.small_Subcanopy.large"
"131","Pomaderris apetala small","Eucalyptus obliqua small",0.0582121755124885,-0.0052074505427789,0.121631801567756,0.0552021986530925,0.0612221523718845,0.0323575466465269,"ZigZag",0.126839252110535,"small","small","Pomaderris apetala","Eucalyptus obliqua","small_small","o_TAS","TAS",NA,"Subcanopy","Canopy","Subcanopy_Canopy","Canopy.small_Subcanopy.small"
"132","Nematolepis squamea large","Nematolepis squamea large",-0.401615285822159,-0.774025524317952,-0.0292050473263655,-0.408797881094171,-0.394432690550146,0.190008715177073,"ZigZag",0.744820476991586,"large","large","Nematolepis squamea","Nematolepis squamea","large_large","o_TAS","TAS",1,"Subcanopy","Subcanopy","Subcanopy_Subcanopy","Subcanopy.large_Subcanopy.large"
"133","Nematolepis squamea small","Nematolepis squamea large",-0.104744781723441,-0.253921199463664,0.0444316360167814,-0.108861390373083,-0.1006281730738,0.0761118157868754,"ZigZag",0.298352835480446,"small","large","Nematolepis squamea","Nematolepis squamea","small_large","o_TAS","TAS",NA,"Subcanopy","Subcanopy","Subcanopy_Subcanopy","Subcanopy.large_Subcanopy.small"
"134","Pomaderris apetala large","Nematolepis squamea large",0.0684275429445583,-0.163143150801297,0.299998236690414,0.063423048321373,0.0734320375677437,0.118150484178513,"ZigZag",0.463141387491711,"large","large","Pomaderris apetala","Nematolepis squamea","large_large","o_TAS","TAS",NA,"Subcanopy","Subcanopy","Subcanopy_Subcanopy","Subcanopy.large_Subcanopy.large"
"135","Pomaderris apetala small","Nematolepis squamea large",-0.09521416876598,-0.206165375237482,0.0157370377055222,-0.0982013266074099,-0.09222701092455,0.0566087986037862,"ZigZag",0.221902412943004,"small","large","Pomaderris apetala","Nematolepis squamea","small_large","o_TAS","TAS",NA,"Subcanopy","Subcanopy","Subcanopy_Subcanopy","Subcanopy.large_Subcanopy.small"
"136","Nematolepis squamea small","Nematolepis squamea small",0.193552263787719,0.0331437354208163,0.353960792154622,0.177223784137903,0.209880743437536,0.081842589778274,"ZigZag",0.320817056733806,"small","small","Nematolepis squamea","Nematolepis squamea","small_small","o_TAS","TAS",1,"Subcanopy","Subcanopy","Subcanopy_Subcanopy","Subcanopy.small_Subcanopy.small"
"137","Pomaderris apetala large","Nematolepis squamea small",-0.0536012200710667,-0.16352142106355,0.0563189809214166,-0.0576237674475755,-0.0495786726945578,0.0560827657342277,"ZigZag",0.219840401984967,"large","small","Pomaderris apetala","Nematolepis squamea","large_small","o_TAS","TAS",NA,"Subcanopy","Subcanopy","Subcanopy_Subcanopy","Subcanopy.large_Subcanopy.small"
"138","Pomaderris apetala small","Nematolepis squamea small",-0.108300617499891,-0.157378418022119,-0.0592228169776621,-0.111752160015766,-0.104849074984015,0.0250401542627048,"ZigZag",0.0981556010444572,"small","small","Pomaderris apetala","Nematolepis squamea","small_small","o_TAS","TAS",1,"Subcanopy","Subcanopy","Subcanopy_Subcanopy","Subcanopy.small_Subcanopy.small"
"139","Pomaderris apetala large","Pomaderris apetala large",-0.0621384500180375,-0.380960809660232,0.256683909624157,-0.0740675201684799,-0.0502093798675952,0.162667458257919,"ZigZag",0.637644719284388,"large","large","Pomaderris apetala","Pomaderris apetala","large_large","o_TAS","TAS",NA,"Subcanopy","Subcanopy","Subcanopy_Subcanopy","Subcanopy.large_Subcanopy.large"
"140","Pomaderris apetala small","Pomaderris apetala large",0.0589316600183004,-0.0047273973578045,0.122590717394405,0.0563559103707425,0.0615074096658583,0.0324797077284274,"ZigZag",0.12731811475221,"small","large","Pomaderris apetala","Pomaderris apetala","small_large","o_TAS","TAS",NA,"Subcanopy","Subcanopy","Subcanopy_Subcanopy","Subcanopy.large_Subcanopy.small"
"141","Pomaderris apetala small","Pomaderris apetala small",0.313249818832673,0.205006097923299,0.421493539742048,0.294619724036197,0.33187991362915,0.0552274030355593,"ZigZag",0.216487441818748,"small","small","Pomaderris apetala","Pomaderris apetala","small_small","o_TAS","TAS",1,"Subcanopy","Subcanopy","Subcanopy_Subcanopy","Subcanopy.small_Subcanopy.small"
"142","Eucalyptus delegatensis large","Eucalyptus delegatensis large",-0.293647293788666,-0.937103200838798,0.349808613261465,-0.306207421099236,-0.281087166478097,0.328299862714637,"NorthStyx",1.28691181410026,"large","large","Eucalyptus delegatensis","Eucalyptus delegatensis","large_large","d_TAS","TAS",NA,"Canopy","Canopy","Canopy_Canopy","Canopy.large_Canopy.large"
"143","Eucalyptus delegatensis small","Eucalyptus delegatensis large",0.476099582826627,0.0628784529016194,0.889320712751634,0.465116757239358,0.487082408413896,0.21083098117335,"NorthStyx",0.826442259850015,"small","large","Eucalyptus delegatensis","Eucalyptus delegatensis","small_large","d_TAS","TAS",1,"Canopy","Canopy","Canopy_Canopy","Canopy.large_Canopy.small"
"144","Eucalyptus regnans large","Eucalyptus delegatensis large",0.337830471104562,0.0487070138235182,0.626953928385605,0.331194183759922,0.344466758449201,0.147514678617369,"NorthStyx",0.578246914562087,"large","large","Eucalyptus regnans","Eucalyptus delegatensis","large_large","d_TAS","TAS",1,"Canopy","Canopy","Canopy_Canopy","Canopy.large_Canopy.large"
"145","Eucalyptus regnans small","Eucalyptus delegatensis large",-0.242807839665443,-0.468349358397624,-0.0172663209332621,-0.248982786476547,-0.23663289285434,0.115074317952383,"NorthStyx",0.451083037464362,"small","large","Eucalyptus regnans","Eucalyptus delegatensis","small_large","d_TAS","TAS",1,"Canopy","Canopy","Canopy_Canopy","Canopy.large_Canopy.small"
"146","Monotoca glauca small","Eucalyptus delegatensis large",0.226273414744557,-0.0630275327255364,0.51557436221465,0.217187387379633,0.235359442109481,0.147605236500294,"NorthStyx",0.578601894940187,"small","large","Monotoca glauca","Eucalyptus delegatensis","small_large","d_TAS","TAS",NA,"Subcanopy","Canopy","Subcanopy_Canopy","Canopy.large_Subcanopy.small"
"147","Nothofagus cunninghamii small","Eucalyptus delegatensis large",0.361218566841241,-0.102457907015815,0.824895040698298,0.352533779511551,0.369903354170932,0.236573976621243,"NorthStyx",0.927352947714113,"small","large","Nothofagus cunninghamii","Eucalyptus delegatensis","small_large","d_TAS","TAS",NA,"Subcanopy","Canopy","Subcanopy_Canopy","Canopy.large_Subcanopy.small"
"148","Phyllocladus aspleniifolius small","Eucalyptus delegatensis large",0.168251510358845,-0.460500311642328,0.797003332360017,0.152281331744494,0.184221688973195,0.320797640650893,"NorthStyx",1.25750364400234,"small","large","Phyllocladus aspleniifolius","Eucalyptus delegatensis","small_large","d_TAS","TAS",NA,"Subcanopy","Canopy","Subcanopy_Canopy","Canopy.large_Subcanopy.small"
"149","Eucalyptus delegatensis small","Eucalyptus delegatensis small",0.0173334904927371,-0.36734345466411,0.402010435649585,0.00234240225033874,0.0323245787351355,0.196267353987691,"NorthStyx",0.769353890313695,"small","small","Eucalyptus delegatensis","Eucalyptus delegatensis","small_small","d_TAS","TAS",NA,"Canopy","Canopy","Canopy_Canopy","Canopy.small_Canopy.small"
"150","Eucalyptus regnans large","Eucalyptus delegatensis small",-0.284100980120563,-0.472454115738226,-0.0957478445029003,-0.28993939400212,-0.278262566239006,0.096100304446086,"NorthStyx",0.376706271235326,"large","small","Eucalyptus regnans","Eucalyptus delegatensis","large_small","d_TAS","TAS",1,"Canopy","Canopy","Canopy_Canopy","Canopy.large_Canopy.small"
"151","Eucalyptus regnans small","Eucalyptus delegatensis small",0.116449085423777,-0.0551063417769267,0.288004512624481,0.111040895186141,0.121857275661413,0.0875298875662569,"NorthStyx",0.343110854401408,"small","small","Eucalyptus regnans","Eucalyptus delegatensis","small_small","d_TAS","TAS",NA,"Canopy","Canopy","Canopy_Canopy","Canopy.small_Canopy.small"
"152","Monotoca glauca small","Eucalyptus delegatensis small",-0.0258431408837111,-0.226230836436944,0.174544554669521,-0.0330027440289052,-0.0186835377385169,0.10224049887338,"NorthStyx",0.400775391106465,"small","small","Monotoca glauca","Eucalyptus delegatensis","small_small","d_TAS","TAS",NA,"Subcanopy","Canopy","Subcanopy_Canopy","Canopy.small_Subcanopy.small"
"153","Nothofagus cunninghamii small","Eucalyptus delegatensis small",-0.330318891972892,-0.651654389472849,-0.00898339447293522,-0.338462152747205,-0.32217563119858,0.163949695012057,"NorthStyx",0.642670994999914,"small","small","Nothofagus cunninghamii","Eucalyptus delegatensis","small_small","d_TAS","TAS",1,"Subcanopy","Canopy","Subcanopy_Canopy","Canopy.small_Subcanopy.small"
"154","Phyllocladus aspleniifolius small","Eucalyptus delegatensis small",-0.151943320440087,-0.4734572134557,0.169570572575526,-0.161603461499052,-0.142283179381123,0.164040714804799,"NorthStyx",0.643027786031225,"small","small","Phyllocladus aspleniifolius","Eucalyptus delegatensis","small_small","d_TAS","TAS",NA,"Subcanopy","Canopy","Subcanopy_Canopy","Canopy.small_Subcanopy.small"
"155","Eucalyptus regnans large","Eucalyptus regnans large",-0.154479960932408,-0.404800806350295,0.0958408844854793,-0.16216925153451,-0.146790670330306,0.127717063880962,"NorthStyx",0.500641690835774,"large","large","Eucalyptus regnans","Eucalyptus regnans","large_large","d_TAS","TAS",NA,"Canopy","Canopy","Canopy_Canopy","Canopy.large_Canopy.large"
"156","Eucalyptus regnans small","Eucalyptus regnans large",0.188166603596351,0.0291778472034907,0.347155359989211,0.183337442862633,0.192995764330068,0.0811182030113528,"NorthStyx",0.31797751278572,"small","large","Eucalyptus regnans","Eucalyptus regnans","small_large","d_TAS","TAS",1,"Canopy","Canopy","Canopy_Canopy","Canopy.large_Canopy.small"
"157","Monotoca glauca small","Eucalyptus regnans large",-0.117041786120096,-0.297993845886837,0.0639102736466447,-0.122302629701068,-0.111780942539124,0.0923241759512254,"NorthStyx",0.361904119533481,"small","large","Monotoca glauca","Eucalyptus regnans","small_large","d_TAS","TAS",NA,"Subcanopy","Canopy","Subcanopy_Canopy","Canopy.large_Subcanopy.small"
"158","Nothofagus cunninghamii small","Eucalyptus regnans large",-0.205830485360158,-0.408949546137835,-0.00271142458248097,-0.210458564194501,-0.201202406525815,0.103634078166667,"NorthStyx",0.406238121555354,"small","large","Nothofagus cunninghamii","Eucalyptus regnans","small_large","d_TAS","TAS",1,"Subcanopy","Canopy","Subcanopy_Canopy","Canopy.large_Subcanopy.small"
"159","Phyllocladus aspleniifolius small","Eucalyptus regnans large",-0.29923589262384,-0.581328715503196,-0.0171430697444847,-0.308432638915279,-0.290039146332402,0.14392755433491,"NorthStyx",0.564185645758711,"small","large","Phyllocladus aspleniifolius","Eucalyptus regnans","small_large","d_TAS","TAS",1,"Subcanopy","Canopy","Subcanopy_Canopy","Canopy.large_Subcanopy.small"
"160","Eucalyptus regnans small","Eucalyptus regnans small",0.227866973168898,0.0654760246396646,0.390257921698132,0.218691106137353,0.237042840200444,0.0828540472223738,"NorthStyx",0.324781897058467,"small","small","Eucalyptus regnans","Eucalyptus regnans","small_small","d_TAS","TAS",1,"Canopy","Canopy","Canopy_Canopy","Canopy.small_Canopy.small"
"161","Monotoca glauca small","Eucalyptus regnans small",0.195028585805006,0.0331767621037597,0.356880409506252,0.18743732180336,0.202619849806652,0.0825789784801725,"NorthStyx",0.323703647402492,"small","small","Monotoca glauca","Eucalyptus regnans","small_small","d_TAS","TAS",1,"Subcanopy","Canopy","Subcanopy_Canopy","Canopy.small_Subcanopy.small"
"162","Nothofagus cunninghamii small","Eucalyptus regnans small",0.00479041617992388,-0.209001235784166,0.218582068144014,0.0002155245492523,0.00936530781059546,0.109079377810231,"NorthStyx",0.42758330392818,"small","small","Nothofagus cunninghamii","Eucalyptus regnans","small_small","d_TAS","TAS",NA,"Subcanopy","Canopy","Subcanopy_Canopy","Canopy.small_Subcanopy.small"
"163","Phyllocladus aspleniifolius small","Eucalyptus regnans small",0.209330729931956,-0.0220498247773845,0.440711284641297,0.198673633637952,0.21998782622596,0.118053472683397,"NorthStyx",0.462761109418682,"small","small","Phyllocladus aspleniifolius","Eucalyptus regnans","small_small","d_TAS","TAS",NA,"Subcanopy","Canopy","Subcanopy_Canopy","Canopy.small_Subcanopy.small"
"164","Monotoca glauca small","Monotoca glauca small",0.352391130098097,0.119129707913012,0.585652552283182,0.337627766809839,0.367154493386355,0.119013116580213,"NorthStyx",0.46652284437017,"small","small","Monotoca glauca","Monotoca glauca","small_small","d_TAS","TAS",1,"Subcanopy","Subcanopy","Subcanopy_Subcanopy","Subcanopy.small_Subcanopy.small"
"165","Nothofagus cunninghamii small","Monotoca glauca small",0.194107628666352,-0.194952256121682,0.583167513454386,0.184532482920206,0.203682774412498,0.19850358876841,"NorthStyx",0.778119769576068,"small","small","Nothofagus cunninghamii","Monotoca glauca","small_small","d_TAS","TAS",NA,"Subcanopy","Subcanopy","Subcanopy_Subcanopy","Subcanopy.small_Subcanopy.small"
"166","Phyllocladus aspleniifolius small","Monotoca glauca small",-0.00760792733057581,-0.269516531089141,0.254300676427989,-0.0180508065348687,0.00283495187371704,0.133629294121967,"NorthStyx",0.523817207517131,"small","small","Phyllocladus aspleniifolius","Monotoca glauca","small_small","d_TAS","TAS",NA,"Subcanopy","Subcanopy","Subcanopy_Subcanopy","Subcanopy.small_Subcanopy.small"
"167","Nothofagus cunninghamii small","Nothofagus cunninghamii small",-0.188037875957538,-0.869459629690356,0.493383877775281,-0.198507195302035,-0.177568556613041,0.347670548595682,"NorthStyx",1.36284350746564,"small","small","Nothofagus cunninghamii","Nothofagus cunninghamii","small_small","d_TAS","TAS",NA,"Subcanopy","Subcanopy","Subcanopy_Subcanopy","Subcanopy.small_Subcanopy.small"
"168","Phyllocladus aspleniifolius small","Nothofagus cunninghamii small",-0.296604577653461,-1.00977010346848,0.41656094816156,-0.310293020197723,-0.2829161351092,0.363866648285571,"NorthStyx",1.42633105163004,"small","small","Phyllocladus aspleniifolius","Nothofagus cunninghamii","small_small","d_TAS","TAS",NA,"Subcanopy","Subcanopy","Subcanopy_Subcanopy","Subcanopy.small_Subcanopy.small"
"169","Phyllocladus aspleniifolius small","Phyllocladus aspleniifolius small",0.0276817949566903,-0.469460523637847,0.524824113551228,0.00911014687701473,0.0462534430363658,0.253648700953657,"NorthStyx",0.994284637189075,"small","small","Phyllocladus aspleniifolius","Phyllocladus aspleniifolius","small_small","d_TAS","TAS",NA,"Subcanopy","Subcanopy","Subcanopy_Subcanopy","Subcanopy.small_Subcanopy.small"
"170","Eucalyptus cypellocarpa large","Eucalyptus cypellocarpa large",-0.270172737933249,-0.80365934442426,0.263313868557762,-0.277804262757155,-0.262541213109342,0.272192045720781,"Newline",1.06697321298202,"large","large","Eucalyptus cypellocarpa","Eucalyptus cypellocarpa","large_large","S_NSW","SE_AUS",NA,"Canopy","Canopy","Canopy_Canopy","Canopy.large_Canopy.large"
"171","Eucalyptus cypellocarpa small","Eucalyptus cypellocarpa large",-0.00671954841609368,-0.228741070016581,0.215301973184394,-0.010857600046673,-0.00258149678551436,0.113278368047456,"Newline",0.444043043200974,"small","large","Eucalyptus cypellocarpa","Eucalyptus cypellocarpa","small_large","S_NSW","SE_AUS",NA,"Canopy","Canopy","Canopy_Canopy","Canopy.large_Canopy.small"
"172","Eucalyptus fastigata large","Eucalyptus cypellocarpa large",-0.226379493556852,-0.449544706268371,-0.0032142808453339,-0.230170038428319,-0.222588948685386,0.11386189464287,"Newline",0.446330425423037,"large","large","Eucalyptus fastigata","Eucalyptus cypellocarpa","large_large","S_NSW","SE_AUS",1,"Canopy","Canopy","Canopy_Canopy","Canopy.large_Canopy.large"
"173","Eucalyptus fastigata small","Eucalyptus cypellocarpa large",0.194478927742917,-0.0500197920033026,0.438977647489137,0.1900859974599,0.198871858025934,0.124746537015371,"Newline",0.48899743949244,"small","large","Eucalyptus fastigata","Eucalyptus cypellocarpa","small_large","S_NSW","SE_AUS",NA,"Canopy","Canopy","Canopy_Canopy","Canopy.large_Canopy.small"
"174","Eucalyptus obliqua large","Eucalyptus cypellocarpa large",-0.279215424388993,-0.665213852810653,0.106783004032667,-0.284920433913866,-0.273510414864119,0.196941592532499,"Newline",0.77199685684332,"large","large","Eucalyptus obliqua","Eucalyptus cypellocarpa","large_large","S_NSW","SE_AUS",NA,"Canopy","Canopy","Canopy_Canopy","Canopy.large_Canopy.large"
"175","Eucalyptus obliqua small","Eucalyptus cypellocarpa large",0.192286543449273,-0.0703166873623711,0.454889774260916,0.187930397122512,0.196642689776033,0.133983702191992,"Newline",0.525206461623287,"small","large","Eucalyptus obliqua","Eucalyptus cypellocarpa","small_large","S_NSW","SE_AUS",NA,"Canopy","Canopy","Canopy_Canopy","Canopy.large_Canopy.small"
"176","Eucalyptus cypellocarpa small","Eucalyptus cypellocarpa small",0.20895395666679,-0.0199344157402622,0.437842329073843,0.202555475725032,0.215352437608548,0.11678192773566,"Newline",0.457776744814105,"small","small","Eucalyptus cypellocarpa","Eucalyptus cypellocarpa","small_small","S_NSW","SE_AUS",NA,"Canopy","Canopy","Canopy_Canopy","Canopy.small_Canopy.small"
"177","Eucalyptus fastigata large","Eucalyptus cypellocarpa small",-0.0205151192529081,-0.177884926332581,0.136854687826765,-0.023576767948212,-0.0174534705576042,0.0802921932856858,"Newline",0.314739614159346,"large","small","Eucalyptus fastigata","Eucalyptus cypellocarpa","large_small","S_NSW","SE_AUS",NA,"Canopy","Canopy","Canopy_Canopy","Canopy.large_Canopy.small"
"178","Eucalyptus fastigata small","Eucalyptus cypellocarpa small",0.080735842104599,-0.0549147011684913,0.216386385377689,0.0768945283511256,0.0845771558580723,0.0692107326170708,"Newline",0.271301086546181,"small","small","Eucalyptus fastigata","Eucalyptus cypellocarpa","small_small","S_NSW","SE_AUS",NA,"Canopy","Canopy","Canopy_Canopy","Canopy.small_Canopy.small"
"179","Eucalyptus obliqua large","Eucalyptus cypellocarpa small",0.202439659218595,-0.0795793114041112,0.484458629841301,0.197754443496914,0.207124874940275,0.143889873919743,"Newline",0.564037941245412,"large","small","Eucalyptus obliqua","Eucalyptus cypellocarpa","large_small","S_NSW","SE_AUS",NA,"Canopy","Canopy","Canopy_Canopy","Canopy.large_Canopy.small"
"180","Eucalyptus obliqua small","Eucalyptus cypellocarpa small",-0.103956670189974,-0.272739283214213,0.0648259428342642,-0.107579307410697,-0.100334032969251,0.0861151604598729,"Newline",0.337565226048477,"small","small","Eucalyptus obliqua","Eucalyptus cypellocarpa","small_small","S_NSW","SE_AUS",NA,"Canopy","Canopy","Canopy_Canopy","Canopy.small_Canopy.small"
"181","Eucalyptus fastigata large","Eucalyptus fastigata large",-0.132410982629387,-0.429271056361813,0.164449091103039,-0.141254359631125,-0.123567605627649,0.151462004441929,"Newline",0.593720147464853,"large","large","Eucalyptus fastigata","Eucalyptus fastigata","large_large","S_NSW","SE_AUS",NA,"Canopy","Canopy","Canopy_Canopy","Canopy.large_Canopy.large"
"182","Eucalyptus fastigata small","Eucalyptus fastigata large",0.0856840263020116,-0.0620460211326075,0.233414073736631,0.0826351497065463,0.0887329028974768,0.0753738581932601,"Newline",0.295460094869238,"small","large","Eucalyptus fastigata","Eucalyptus fastigata","small_large","S_NSW","SE_AUS",NA,"Canopy","Canopy","Canopy_Canopy","Canopy.large_Canopy.small"
"183","Eucalyptus obliqua large","Eucalyptus fastigata large",-0.393145693414697,-0.72182684583287,-0.0644645409965243,-0.398469450461006,-0.387821936368389,0.167697547001255,"Newline",0.657362304836346,"large","large","Eucalyptus obliqua","Eucalyptus fastigata","large_large","S_NSW","SE_AUS",1,"Canopy","Canopy","Canopy_Canopy","Canopy.large_Canopy.large"
"184","Eucalyptus obliqua small","Eucalyptus fastigata large",-0.0300649843533531,-0.170844922957914,0.110714954251208,-0.0329975645826135,-0.0271324041240928,0.0718278191410736,"Newline",0.281559877209122,"small","large","Eucalyptus obliqua","Eucalyptus fastigata","small_large","S_NSW","SE_AUS",NA,"Canopy","Canopy","Canopy_Canopy","Canopy.large_Canopy.small"
"185","Eucalyptus fastigata small","Eucalyptus fastigata small",0.249093535173438,0.0701624477252963,0.42802462262158,0.243031924704196,0.25515514564268,0.091293048678204,"Newline",0.357862174896284,"small","small","Eucalyptus fastigata","Eucalyptus fastigata","small_small","S_NSW","SE_AUS",1,"Canopy","Canopy","Canopy_Canopy","Canopy.small_Canopy.small"
"186","Eucalyptus obliqua large","Eucalyptus fastigata small",0.0631864097312303,-0.156584037409958,0.282956856872418,0.059410578651885,0.0669622408105756,0.112129839565783,"Newline",0.439540894282376,"large","small","Eucalyptus obliqua","Eucalyptus fastigata","large_small","S_NSW","SE_AUS",NA,"Canopy","Canopy","Canopy_Canopy","Canopy.large_Canopy.small"
"187","Eucalyptus obliqua small","Eucalyptus fastigata small",-0.0277676160135346,-0.167951551051093,0.112416319024024,-0.0311091085317217,-0.0244261234953476,0.0715237301008139,"Newline",0.280367870075117,"small","small","Eucalyptus obliqua","Eucalyptus fastigata","small_small","S_NSW","SE_AUS",NA,"Canopy","Canopy","Canopy_Canopy","Canopy.small_Canopy.small"
"188","Eucalyptus obliqua large","Eucalyptus obliqua large",-0.295919079001174,-0.954686192217743,0.362848034215394,-0.305484082436197,-0.286354075566152,0.3361118461425,"Newline",1.31753422643314,"large","large","Eucalyptus obliqua","Eucalyptus obliqua","large_large","S_NSW","SE_AUS",NA,"Canopy","Canopy","Canopy_Canopy","Canopy.large_Canopy.large"
"189","Eucalyptus obliqua small","Eucalyptus obliqua large",0.165589468435776,-0.123208869937792,0.454387806809344,0.159206019305449,0.171972917566102,0.147348798575674,"Newline",0.577596676747136,"small","large","Eucalyptus obliqua","Eucalyptus obliqua","small_large","S_NSW","SE_AUS",NA,"Canopy","Canopy","Canopy_Canopy","Canopy.large_Canopy.small"
"190","Eucalyptus obliqua small","Eucalyptus obliqua small",0.238793460931811,0.0160772139101041,0.461509707953518,0.230311038477369,0.247275883386253,0.11363282630623,"Newline",0.445432494043414,"small","small","Eucalyptus obliqua","Eucalyptus obliqua","small_small","S_NSW","SE_AUS",1,"Canopy","Canopy","Canopy_Canopy","Canopy.small_Canopy.small"
"191","Eucalyptus fastigata large","Eucalyptus fastigata large",0.217091951241685,-0.12146788878209,0.55565179126546,0.209905431337103,0.224278471146266,0.172737786354388,"WogWay",0.67711968004755,"large","large","Eucalyptus fastigata","Eucalyptus fastigata","large_large","S_NSW","SE_AUS",NA,"Canopy","Canopy","Canopy_Canopy","Canopy.large_Canopy.large"
"192","Eucalyptus fastigata small","Eucalyptus fastigata large",0.114240536055243,-0.072248928207639,0.300730000318125,0.110113417638605,0.118367654471881,0.0951494342415917,"WogWay",0.372978928525764,"small","large","Eucalyptus fastigata","Eucalyptus fastigata","small_large","S_NSW","SE_AUS",NA,"Canopy","Canopy","Canopy_Canopy","Canopy.large_Canopy.small"
"193","Eucalyptus viminalis large","Eucalyptus fastigata large",-0.0286495449785748,-0.164232769147561,0.106933679190411,-0.0310944362794386,-0.0262046536777111,0.0691763855042486,"WogWay",0.271166448337972,"large","large","Eucalyptus viminalis","Eucalyptus fastigata","large_large","S_NSW","SE_AUS",NA,"Canopy","Canopy","Canopy_Canopy","Canopy.large_Canopy.large"
"194","Eucalyptus viminalis small","Eucalyptus fastigata large",-0.0599468618124463,-0.141545098148187,0.0216513745232945,-0.0618833111961536,-0.058010412428739,0.0416325182398132,"WogWay",0.163196472671482,"small","large","Eucalyptus viminalis","Eucalyptus fastigata","small_large","S_NSW","SE_AUS",NA,"Canopy","Canopy","Canopy_Canopy","Canopy.large_Canopy.small"
"195","Eucalyptus fastigata small","Eucalyptus fastigata small",0.423765850871072,0.247240168712966,0.600291533029178,0.412128099513963,0.43540360222818,0.09006577852987,"WogWay",0.353051364316212,"small","small","Eucalyptus fastigata","Eucalyptus fastigata","small_small","S_NSW","SE_AUS",1,"Canopy","Canopy","Canopy_Canopy","Canopy.small_Canopy.small"
"196","Eucalyptus viminalis large","Eucalyptus fastigata small",-0.0851331398442373,-0.231489228851722,0.0612229491632473,-0.087942935273181,-0.0823233444152936,0.0746728461144811,"WogWay",0.292712178014969,"large","small","Eucalyptus viminalis","Eucalyptus fastigata","large_small","S_NSW","SE_AUS",NA,"Canopy","Canopy","Canopy_Canopy","Canopy.large_Canopy.small"
"197","Eucalyptus viminalis small","Eucalyptus fastigata small",-0.030604032149205,-0.106962024499738,0.0457539602013279,-0.0330857529460611,-0.028122311352349,0.0389588752409917,"WogWay",0.152715984701066,"small","small","Eucalyptus viminalis","Eucalyptus fastigata","small_small","S_NSW","SE_AUS",NA,"Canopy","Canopy","Canopy_Canopy","Canopy.small_Canopy.small"
"198","Eucalyptus viminalis large","Eucalyptus viminalis large",0.176357804327001,0.00233826178186927,0.350377346872132,0.172092462470581,0.180623146183421,0.0887871123743984,"WogWay",0.348039085090263,"large","large","Eucalyptus viminalis","Eucalyptus viminalis","large_large","S_NSW","SE_AUS",1,"Canopy","Canopy","Canopy_Canopy","Canopy.large_Canopy.large"
"199","Eucalyptus viminalis small","Eucalyptus viminalis large",-0.0159444890264367,-0.0577259328816309,0.0258369548287576,-0.0173100906725368,-0.0145788873803366,0.021317454904662,"WogWay",0.0835628877103885,"small","large","Eucalyptus viminalis","Eucalyptus viminalis","small_large","S_NSW","SE_AUS",NA,"Canopy","Canopy","Canopy_Canopy","Canopy.large_Canopy.small"
"200","Eucalyptus viminalis small","Eucalyptus viminalis small",0.504799109335206,0.38403014902717,0.625568069643243,0.494789584711557,0.514808633958856,0.0616179487279597,"WogWay",0.241537920616073,"small","small","Eucalyptus viminalis","Eucalyptus viminalis","small_small","S_NSW","SE_AUS",1,"Canopy","Canopy","Canopy_Canopy","Canopy.small_Canopy.small"
"201","Eucalyptus fastigata large","Eucalyptus fastigata large",-0.244668180004344,-0.631963001947911,0.142626641939222,-0.250162795267489,-0.2391735647412,0.197603029952846,"Goodenia",0.774589643887134,"large","large","Eucalyptus fastigata","Eucalyptus fastigata","large_large","S_NSW","SE_AUS",NA,"Canopy","Canopy","Canopy_Canopy","Canopy.large_Canopy.large"
"202","Eucalyptus fastigata small","Eucalyptus fastigata large",-0.0274966528943439,-0.191034059706389,0.136040753917701,-0.0298881676924527,-0.025105138096235,0.0834389856660669,"Goodenia",0.32707481362409,"small","large","Eucalyptus fastigata","Eucalyptus fastigata","small_large","S_NSW","SE_AUS",NA,"Canopy","Canopy","Canopy_Canopy","Canopy.large_Canopy.small"
"203","Eucalyptus fastigata small","Eucalyptus fastigata small",0.293143952261814,0.105442816217177,0.48084508830645,0.287367688464301,0.298920216059326,0.095767645490019,"Goodenia",0.375402272089274,"small","small","Eucalyptus fastigata","Eucalyptus fastigata","small_small","S_NSW","SE_AUS",1,"Canopy","Canopy","Canopy_Canopy","Canopy.small_Canopy.small"
"204","Eucalyptus obliqua large","Eucalyptus obliqua large",-0.0934291551039938,-0.346571904714613,0.159713594506626,-0.0990116680290162,-0.0878466421789714,0.129156837374246,"Candelo",0.506285499221239,"large","large","Eucalyptus obliqua","Eucalyptus obliqua","large_large","S_NSW","SE_AUS",NA,"Canopy","Canopy","Canopy_Canopy","Canopy.large_Canopy.large"
"205","Eucalyptus obliqua small","Eucalyptus obliqua large",-0.0273432666693102,-0.130534118610519,0.0758475852718981,-0.029590348838245,-0.0250961845003755,0.0526493612919241,"Candelo",0.206381703882417,"small","large","Eucalyptus obliqua","Eucalyptus obliqua","small_large","S_NSW","SE_AUS",NA,"Canopy","Canopy","Canopy_Canopy","Canopy.large_Canopy.small"
"206","Eucalyptus obliqua small","Eucalyptus obliqua small",0.330796291276172,0.246132629193513,0.415459953358832,0.321900969527966,0.339691613024379,0.0431965397070946,"Candelo",0.16932732416532,"small","small","Eucalyptus obliqua","Eucalyptus obliqua","small_small","S_NSW","SE_AUS",1,"Canopy","Canopy","Canopy_Canopy","Canopy.small_Canopy.small"
"207","Eucalyptus regnans large","Eucalyptus regnans large",-0.26159969788345,-0.597673477070141,0.0744740813032407,-0.27003593606874,-0.253163459698161,0.171469364660574,"ANU101",0.672147558373382,"large","large","Eucalyptus regnans","Eucalyptus regnans","large_large","N_VIC","SE_AUS",NA,"Canopy","Canopy","Canopy_Canopy","Canopy.large_Canopy.large"
"208","Eucalyptus regnans small","Eucalyptus regnans large",-0.181119499715893,-0.295067667506805,-0.0671713319249819,-0.184244069274468,-0.177994930157319,0.0581378885988314,"ANU101",0.227896335581823,"small","large","Eucalyptus regnans","Eucalyptus regnans","small_large","N_VIC","SE_AUS",1,"Canopy","Canopy","Canopy_Canopy","Canopy.large_Canopy.small"
"209","Pomaderris aspera small","Eucalyptus regnans large",-0.0213642600480333,-0.152266655911085,0.109538135815018,-0.02466203828023,-0.0180664818158366,0.0667881639130072,"ANU101",0.261804791726104,"small","large","Pomaderris aspera","Eucalyptus regnans","small_large","N_VIC","SE_AUS",NA,"Subcanopy","Canopy","Subcanopy_Canopy","Canopy.large_Subcanopy.small"
"210","Eucalyptus regnans small","Eucalyptus regnans small",-0.0194250599084648,-0.22222457209889,0.18337445228196,-0.0263734545705141,-0.0124766652464156,0.10347104017731,"ANU101",0.40559902438085,"small","small","Eucalyptus regnans","Eucalyptus regnans","small_small","N_VIC","SE_AUS",NA,"Canopy","Canopy","Canopy_Canopy","Canopy.small_Canopy.small"
"211","Pomaderris aspera small","Eucalyptus regnans small",-0.0832683105910297,-0.166536958466211,3.37284151386008e-07,-0.0856008519961724,-0.080935769185887,0.0424847846858379,"ANU101",0.166537295750362,"small","small","Pomaderris aspera","Eucalyptus regnans","small_small","N_VIC","SE_AUS",NA,"Subcanopy","Canopy","Subcanopy_Canopy","Canopy.small_Subcanopy.small"
"212","Pomaderris aspera small","Pomaderris aspera small",0.209464922007145,0.0605927578603184,0.358337086153972,0.202240501233043,0.216689342781248,0.0759565815092072,"ANU101",0.297744328293654,"small","small","Pomaderris aspera","Pomaderris aspera","small_small","N_VIC","SE_AUS",1,"Subcanopy","Subcanopy","Subcanopy_Subcanopy","Subcanopy.small_Subcanopy.small"
"213","Acacia melanoxylon large","Acacia melanoxylon large",0.0895270821199519,-0.0977398974491263,0.27679406168903,0.0853024962677733,0.0937516679721305,0.095546133013778,"Ada Tree",0.374533959138156,"large","large","Acacia melanoxylon","Acacia melanoxylon","large_large","N_VIC","SE_AUS",NA,"Subcanopy","Subcanopy","Subcanopy_Subcanopy","Subcanopy.large_Subcanopy.large"
"214","Acacia melanoxylon small","Acacia melanoxylon large",-0.0246283748706429,-0.109833570744375,0.0605768210030892,-0.0265953113124389,-0.0226614384288468,0.0434728375346791,"Ada Tree",0.170410391747464,"small","large","Acacia melanoxylon","Acacia melanoxylon","small_large","N_VIC","SE_AUS",NA,"Subcanopy","Subcanopy","Subcanopy_Subcanopy","Subcanopy.large_Subcanopy.small"
"215","Eucalyptus regnans large","Acacia melanoxylon large",0.191415699153424,-0.0604798250657691,0.443311223372616,0.185688016812106,0.197143381494741,0.128520486195722,"Ada Tree",0.503791048438385,"large","large","Eucalyptus regnans","Acacia melanoxylon","large_large","N_VIC","SE_AUS",NA,"Canopy","Subcanopy","Canopy_Subcanopy","Canopy.large_Subcanopy.large"
"216","Eucalyptus regnans small","Acacia melanoxylon large",0.0878867777507851,-0.0809346048804155,0.256708160381986,0.0841489153841871,0.091624640117383,0.0861349412350646,"Ada Tree",0.337642765262401,"small","large","Eucalyptus regnans","Acacia melanoxylon","small_large","N_VIC","SE_AUS",NA,"Canopy","Subcanopy","Canopy_Subcanopy","Canopy.small_Subcanopy.large"
"217","Acacia melanoxylon small","Acacia melanoxylon small",0.174892354128552,0.0311487756460758,0.318635932611029,0.165601637939376,0.184183070317729,0.0733399080882647,"Ada Tree",0.287487156964953,"small","small","Acacia melanoxylon","Acacia melanoxylon","small_small","N_VIC","SE_AUS",1,"Subcanopy","Subcanopy","Subcanopy_Subcanopy","Subcanopy.small_Subcanopy.small"
"218","Eucalyptus regnans large","Acacia melanoxylon small",-0.0518223551296065,-0.177491406573619,0.0738466963144059,-0.0559415127963521,-0.0477031974628609,0.0641180411656918,"Ada Tree",0.251338102888025,"large","small","Eucalyptus regnans","Acacia melanoxylon","large_small","N_VIC","SE_AUS",NA,"Canopy","Subcanopy","Canopy_Subcanopy","Canopy.large_Subcanopy.small"
"219","Eucalyptus regnans small","Acacia melanoxylon small",0.106369284484814,-0.0180095512964435,0.230748120266072,0.10254743577378,0.110191133195848,0.0634597557722194,"Ada Tree",0.248757671562515,"small","small","Eucalyptus regnans","Acacia melanoxylon","small_small","N_VIC","SE_AUS",NA,"Canopy","Subcanopy","Canopy_Subcanopy","Canopy.small_Subcanopy.small"
"220","Eucalyptus regnans large","Eucalyptus regnans large",-0.73161463638145,-1.16558602776433,-0.297643244998569,-0.749099600627375,-0.714129672135524,0.221418043803861,"Ada Tree",0.867942782765761,"large","large","Eucalyptus regnans","Eucalyptus regnans","large_large","N_VIC","SE_AUS",1,"Canopy","Canopy","Canopy_Canopy","Canopy.large_Canopy.large"
"221","Eucalyptus regnans small","Eucalyptus regnans large",-0.222177204267358,-0.455762613932658,0.0114082053979415,-0.229102956660566,-0.21525145187415,0.119178419352494,"Ada Tree",0.4671708193306,"small","large","Eucalyptus regnans","Eucalyptus regnans","small_large","N_VIC","SE_AUS",NA,"Canopy","Canopy","Canopy_Canopy","Canopy.large_Canopy.small"
"222","Eucalyptus regnans small","Eucalyptus regnans small",-0.272210529941873,-0.550550305356216,0.00612924547246974,-0.280811055281778,-0.263610004601969,0.142012699013784,"Ada Tree",0.556679550828686,"small","small","Eucalyptus regnans","Eucalyptus regnans","small_small","N_VIC","SE_AUS",NA,"Canopy","Canopy","Canopy_Canopy","Canopy.small_Canopy.small"
"223","Acacia melanoxylon large","Acacia melanoxylon large",-0.241982845506498,-0.600345763250371,0.116380072237376,-0.249216021606764,-0.234749669406232,0.182841583095707,"Weeaproinah",0.716725835487747,"large","large","Acacia melanoxylon","Acacia melanoxylon","large_large","S_VIC","SE_AUS",NA,"Subcanopy","Subcanopy","Subcanopy_Subcanopy","Subcanopy.large_Subcanopy.large"
"224","Acacia melanoxylon small","Acacia melanoxylon large",0.00694771078928663,-0.152471243404405,0.166366664982979,0.0031105536448615,0.0107848679337118,0.0813376957184767,"Weeaproinah",0.318837908387384,"small","large","Acacia melanoxylon","Acacia melanoxylon","small_large","S_VIC","SE_AUS",NA,"Subcanopy","Subcanopy","Subcanopy_Subcanopy","Subcanopy.large_Subcanopy.small"
"225","Eucalyptus regnans large","Acacia melanoxylon large",-0.088397857210552,-0.28878817462165,0.111992460200545,-0.093417402909278,-0.083378311511826,0.102241836580545,"Weeaproinah",0.400780634822195,"large","large","Eucalyptus regnans","Acacia melanoxylon","large_large","S_VIC","SE_AUS",NA,"Canopy","Subcanopy","Canopy_Subcanopy","Canopy.large_Subcanopy.large"
"226","Eucalyptus regnans small","Acacia melanoxylon large",0.13816263849938,-0.0442802309648907,0.32060550796365,0.133863994018947,0.142461282979813,0.0930848071206188,"Weeaproinah",0.364885738928541,"small","large","Eucalyptus regnans","Acacia melanoxylon","small_large","S_VIC","SE_AUS",NA,"Canopy","Subcanopy","Canopy_Subcanopy","Canopy.small_Subcanopy.large"
"227","Nematolepis squamea subsp squamea large","Acacia melanoxylon large",-0.189266140776436,-0.390851983525829,0.0123197019729556,-0.193292922032685,-0.185239359520188,0.102851809696237,"Weeaproinah",0.403171685498784,"large","large","Nematolepis squamea","Acacia melanoxylon","large_large","S_VIC","SE_AUS",NA,"Subcanopy","Subcanopy","Subcanopy_Subcanopy","Subcanopy.large_Subcanopy.large"
"228","Nematolepis squamea subsp squamea small","Acacia melanoxylon large",0.0282783037158593,-0.0528747092624371,0.109431316694156,0.0259507643139067,0.0306058431178118,0.0414053592915079,"Weeaproinah",0.162306025956593,"small","large","Nematolepis squamea","Acacia melanoxylon","small_large","S_VIC","SE_AUS",NA,"Subcanopy","Subcanopy","Subcanopy_Subcanopy","Subcanopy.large_Subcanopy.small"
"229","Acacia melanoxylon small","Acacia melanoxylon small",0.208697174102683,0.040295213033115,0.377099135172251,0.200741728262146,0.21665261994322,0.0859209467101953,"Weeaproinah",0.336803922139136,"small","small","Acacia melanoxylon","Acacia melanoxylon","small_small","S_VIC","SE_AUS",1,"Subcanopy","Subcanopy","Subcanopy_Subcanopy","Subcanopy.small_Subcanopy.small"
"230","Eucalyptus regnans large","Acacia melanoxylon small",0.0352906487490731,-0.10077965828087,0.171360955779016,0.031527696297503,0.0390536012006432,0.0694249017345465,"Weeaproinah",0.272140614059887,"large","small","Eucalyptus regnans","Acacia melanoxylon","large_small","S_VIC","SE_AUS",NA,"Canopy","Subcanopy","Canopy_Subcanopy","Canopy.large_Subcanopy.small"
"231","Eucalyptus regnans small","Acacia melanoxylon small",0.0099246993988115,-0.105080137445046,0.124929536242669,0.0064045637487086,0.0134448350489144,0.0586770153691606,"Weeaproinah",0.230009673687716,"small","small","Eucalyptus regnans","Acacia melanoxylon","small_small","S_VIC","SE_AUS",NA,"Canopy","Subcanopy","Canopy_Subcanopy","Canopy.small_Subcanopy.small"
"232","Nematolepis squamea subsp squamea large","Acacia melanoxylon small",-0.123295587243733,-0.255588133775681,0.00899695928821545,-0.12680688650692,-0.119784287980545,0.0674974374914311,"Weeaproinah",0.264585093063897,"large","small","Nematolepis squamea","Acacia melanoxylon","large_small","S_VIC","SE_AUS",NA,"Subcanopy","Subcanopy","Subcanopy_Subcanopy","Subcanopy.large_Subcanopy.small"
"233","Nematolepis squamea subsp squamea small","Acacia melanoxylon small",0.0787814629937741,0.0119854242269722,0.145577501760576,0.075030762943163,0.0825321630443852,0.0340802378480832,"Weeaproinah",0.133592077533604,"small","small","Nematolepis squamea","Acacia melanoxylon","small_small","S_VIC","SE_AUS",1,"Subcanopy","Subcanopy","Subcanopy_Subcanopy","Subcanopy.small_Subcanopy.small"
"234","Eucalyptus regnans large","Eucalyptus regnans large",-0.48437517288142,-0.759893681754467,-0.208856664008372,-0.498609878722347,-0.470140467040492,0.140573250858844,"Weeaproinah",0.551037017746095,"large","large","Eucalyptus regnans","Eucalyptus regnans","large_large","S_VIC","SE_AUS",1,"Canopy","Canopy","Canopy_Canopy","Canopy.large_Canopy.large"
"235","Eucalyptus regnans small","Eucalyptus regnans large",-0.120200585831323,-0.271921647549404,0.031520475886758,-0.12508405721272,-0.115317114449925,0.0774101273874608,"Weeaproinah",0.303442123436162,"small","large","Eucalyptus regnans","Eucalyptus regnans","small_large","S_VIC","SE_AUS",NA,"Canopy","Canopy","Canopy_Canopy","Canopy.large_Canopy.small"
"236","Nematolepis squamea subsp squamea large","Eucalyptus regnans large",0.0257146136258112,-0.149414343737979,0.200843570989602,0.0218077504271436,0.0296214768244787,0.0893531507441898,"Weeaproinah",0.350257914727581,"large","large","Nematolepis squamea","Eucalyptus regnans","large_large","S_VIC","SE_AUS",NA,"Subcanopy","Canopy","Subcanopy_Canopy","Canopy.large_Subcanopy.large"
"237","Nematolepis squamea subsp squamea small","Eucalyptus regnans large",0.0218395547300156,-0.0605881315888813,0.104267241048913,0.0188373402052177,0.0248417692548136,0.0420557147830654,"Weeaproinah",0.164855372637794,"small","large","Nematolepis squamea","Eucalyptus regnans","small_large","S_VIC","SE_AUS",NA,"Subcanopy","Canopy","Subcanopy_Canopy","Canopy.large_Subcanopy.small"
"238","Eucalyptus regnans small","Eucalyptus regnans small",-0.218245304436892,-0.445495832938839,0.00900522406505405,-0.228604953601059,-0.207885655272726,0.115946277734933,"Weeaproinah",0.454501057003893,"small","small","Eucalyptus regnans","Eucalyptus regnans","small_small","S_VIC","SE_AUS",NA,"Canopy","Canopy","Canopy_Canopy","Canopy.small_Canopy.small"
"239","Nematolepis squamea subsp squamea large","Eucalyptus regnans small",0.113300013617037,-0.0368337672671429,0.263433794501217,0.109395494203512,0.117204533030561,0.0766002753460859,"Weeaproinah",0.30026756176836,"large","small","Nematolepis squamea","Eucalyptus regnans","large_small","S_VIC","SE_AUS",NA,"Subcanopy","Canopy","Subcanopy_Canopy","Canopy.small_Subcanopy.large"
"240","Nematolepis squamea subsp squamea small","Eucalyptus regnans small",-0.0177774371344145,-0.0912676415091464,0.0557127672403173,-0.0208600363236577,-0.0146948379451713,0.0374956912241313,"Weeaproinah",0.146980408749464,"small","small","Nematolepis squamea","Eucalyptus regnans","small_small","S_VIC","SE_AUS",NA,"Subcanopy","Canopy","Subcanopy_Canopy","Canopy.small_Subcanopy.small"
"241","Nematolepis squamea subsp squamea large","Nematolepis squamea subsp squamea large",-0.0280805082705067,-0.28339346284203,0.227232446301017,-0.0351081182152312,-0.0210528983257822,0.130264105149584,"Weeaproinah",0.510625909143047,"large","large","Nematolepis squamea","Nematolepis squamea","large_large","S_VIC","SE_AUS",NA,"Subcanopy","Subcanopy","Subcanopy_Subcanopy","Subcanopy.large_Subcanopy.large"
"242","Nematolepis squamea subsp squamea small","Nematolepis squamea subsp squamea large",0.0109980699654443,-0.0634747202716616,0.0854708602025503,0.00843836109012039,0.0135577788407682,0.0379970197536984,"Weeaproinah",0.148945580474212,"small","large","Nematolepis squamea","Nematolepis squamea","small_large","S_VIC","SE_AUS",NA,"Subcanopy","Subcanopy","Subcanopy_Subcanopy","Subcanopy.large_Subcanopy.small"
"243","Nematolepis squamea subsp squamea small","Nematolepis squamea subsp squamea small",0.33366486237631,0.21837404454559,0.44895568020703,0.320734033974133,0.346595690778486,0.0588229267170822,"Weeaproinah",0.23058163566144,"small","small","Nematolepis squamea","Nematolepis squamea","small_small","S_VIC","SE_AUS",1,"Subcanopy","Subcanopy","Subcanopy_Subcanopy","Subcanopy.small_Subcanopy.small"
"244","Eucalyptus regnans large","Eucalyptus regnans large",-0.684007954745619,-1.10019347490749,-0.267822434583747,-0.702601115156644,-0.665414794334593,0.212343452963774,"ANU363",0.832371040323743,"large","large","Eucalyptus regnans","Eucalyptus regnans","large_large","N_VIC","SE_AUS",1,"Canopy","Canopy","Canopy_Canopy","Canopy.large_Canopy.large"
"245","Eucalyptus regnans small","Eucalyptus regnans large",-0.254135581051557,-0.39723806631277,-0.111033095790343,-0.259307603109807,-0.248963558993307,0.0730128136996332,"ANU363",0.286204970522427,"small","large","Eucalyptus regnans","Eucalyptus regnans","small_large","N_VIC","SE_AUS",1,"Canopy","Canopy","Canopy_Canopy","Canopy.large_Canopy.small"
"246","Eucalyptus regnans small","Eucalyptus regnans small",0.00106554223505288,-0.181200711564518,0.183331796034624,-0.00408233657895668,0.00621342104906245,0.0929946954317853,"ANU363",0.364532507599141,"small","small","Eucalyptus regnans","Eucalyptus regnans","small_small","N_VIC","SE_AUS",NA,"Canopy","Canopy","Canopy_Canopy","Canopy.small_Canopy.small"
"247","Eucalyptus regnans large","Eucalyptus regnans large",-0.404799569982495,-0.793170242132084,-0.0164288978329064,-0.418024590279033,-0.391574549685958,0.198151943205593,"ANU589",0.776741344299178,"large","large","Eucalyptus regnans","Eucalyptus regnans","large_large","N_VIC","SE_AUS",1,"Canopy","Canopy","Canopy_Canopy","Canopy.large_Canopy.large"
"248","Eucalyptus regnans small","Eucalyptus regnans large",-0.101306172914775,-0.236980408404225,0.0343680625746746,-0.10551300520889,-0.0970993406206601,0.0692228207046817,"ANU589",0.271348470978899,"small","large","Eucalyptus regnans","Eucalyptus regnans","small_large","N_VIC","SE_AUS",NA,"Canopy","Canopy","Canopy_Canopy","Canopy.large_Canopy.small"
"249","Pomaderris aspera small","Eucalyptus regnans large",-0.0621286061824754,-0.159526385064199,0.0352691726992478,-0.0657374162990672,-0.0585197960658836,0.049693657460027,"ANU589",0.194795557763446,"small","large","Pomaderris aspera","Eucalyptus regnans","small_large","N_VIC","SE_AUS",NA,"Subcanopy","Canopy","Subcanopy_Canopy","Canopy.large_Subcanopy.small"
"250","Eucalyptus regnans small","Eucalyptus regnans small",0.110941681163154,-0.0694327799421636,0.291316142268472,0.104506406672373,0.117376955653935,0.0920294773414656,"ANU589",0.360748922210635,"small","small","Eucalyptus regnans","Eucalyptus regnans","small_small","N_VIC","SE_AUS",NA,"Canopy","Canopy","Canopy_Canopy","Canopy.small_Canopy.small"
"251","Pomaderris aspera small","Eucalyptus regnans small",-0.0517205191484914,-0.119474651232873,0.0160336129358898,-0.0542415039169109,-0.0491995343800718,0.0345690699517017,"ANU589",0.135508264168762,"small","small","Pomaderris aspera","Eucalyptus regnans","small_small","N_VIC","SE_AUS",NA,"Subcanopy","Canopy","Subcanopy_Canopy","Canopy.small_Subcanopy.small"
"252","Pomaderris aspera small","Pomaderris aspera small",0.36338159456497,0.243515437823093,0.483247751306847,0.351505572527396,0.375257616602544,0.0611573261995457,"ANU589",0.239732313483755,"small","small","Pomaderris aspera","Pomaderris aspera","small_small","N_VIC","SE_AUS",1,"Subcanopy","Subcanopy","Subcanopy_Subcanopy","Subcanopy.small_Subcanopy.small"
"253","Acacia melanoxylon large","Acacia melanoxylon large",-1.17462283943042,-3.31673611941,0.96749044054915,-1.19482191216998,-1.15442376669087,1.09293502170259,"Turtons",4.28422655995915,"large","large","Acacia melanoxylon","Acacia melanoxylon","large_large","S_VIC","SE_AUS",NA,"Subcanopy","Subcanopy","Subcanopy_Subcanopy","Subcanopy.large_Subcanopy.large"
"254","Acacia melanoxylon small","Acacia melanoxylon large",-0.120810799350026,-0.632372218753334,0.390750620053282,-0.128732625106692,-0.11288897359336,0.261005520223045,"Turtons",1.02312283880662,"small","large","Acacia melanoxylon","Acacia melanoxylon","small_large","S_VIC","SE_AUS",NA,"Subcanopy","Subcanopy","Subcanopy_Subcanopy","Subcanopy.large_Subcanopy.small"
"255","Eucalyptus regnans large","Acacia melanoxylon large",0.861711532891074,-0.475776167746878,2.19919923352903,0.838753429248403,0.884669636533744,0.682404223336696,"Turtons",2.6749754012759,"large","large","Eucalyptus regnans","Acacia melanoxylon","large_large","S_VIC","SE_AUS",NA,"Canopy","Subcanopy","Canopy_Subcanopy","Canopy.large_Subcanopy.large"
"256","Eucalyptus regnans small","Acacia melanoxylon large",-0.158849658020108,-0.841816896682469,0.524117580642253,-0.167852195549685,-0.149847120490531,0.348459075804209,"Turtons",1.36593447732472,"small","large","Eucalyptus regnans","Acacia melanoxylon","small_large","S_VIC","SE_AUS",NA,"Canopy","Subcanopy","Canopy_Subcanopy","Canopy.small_Subcanopy.large"
"257","Hedycarya angustifolia large","Acacia melanoxylon large",-0.464551894655329,-1.39921799485458,0.470114205543925,-0.477081237575501,-0.452022551735157,0.476879222052947,"Turtons",1.86933220039851,"large","large","Hedycarya angustifolia","Acacia melanoxylon","large_large","S_VIC","SE_AUS",NA,"Subcanopy","Subcanopy","Subcanopy_Subcanopy","Subcanopy.large_Subcanopy.large"
"258","Hedycarya angustifolia small","Acacia melanoxylon large",0.462675009450715,-0.0508850907949733,0.976235109696404,0.453841923129361,0.471508095772069,0.262025274084925,"Turtons",1.02712020049138,"small","large","Hedycarya angustifolia","Acacia melanoxylon","small_large","S_VIC","SE_AUS",NA,"Subcanopy","Subcanopy","Subcanopy_Subcanopy","Subcanopy.large_Subcanopy.small"
"259","Nematolepis squamea subsp squamea large","Acacia melanoxylon large",-0.198879361712698,-0.875566564276844,0.477807840851448,-0.209537196663266,-0.18822152676213,0.345254916876926,"Turtons",1.35337440512829,"large","large","Nematolepis squamea","Acacia melanoxylon","large_large","S_VIC","SE_AUS",NA,"Subcanopy","Subcanopy","Subcanopy_Subcanopy","Subcanopy.large_Subcanopy.large"
"260","Nematolepis squamea subsp squamea small","Acacia melanoxylon large",0.0223153149710982,-0.328854424933164,0.37348505487536,0.0150793290286185,0.029551300913578,0.179171526963885,"Turtons",0.702339479808524,"small","large","Nematolepis squamea","Acacia melanoxylon","small_large","S_VIC","SE_AUS",NA,"Subcanopy","Subcanopy","Subcanopy_Subcanopy","Subcanopy.large_Subcanopy.small"
"261","Olearia argophylla large","Acacia melanoxylon large",0.126650958267742,-0.631946425209785,0.885248341745268,0.11796204317593,0.135339873359554,0.387046593438066,"Turtons",1.51719476695505,"large","large","Olearia argophylla","Acacia melanoxylon","large_large","S_VIC","SE_AUS",NA,"Subcanopy","Subcanopy","Subcanopy_Subcanopy","Subcanopy.large_Subcanopy.large"
"262","Olearia argophylla small","Acacia melanoxylon large",0.167319458414256,-0.251452473928119,0.586091390756631,0.159625059750924,0.175013857077587,0.213663075263421,"Turtons",0.83754386468475,"small","large","Olearia argophylla","Acacia melanoxylon","small_large","S_VIC","SE_AUS",NA,"Subcanopy","Subcanopy","Subcanopy_Subcanopy","Subcanopy.large_Subcanopy.small"
"263","Acacia melanoxylon small","Acacia melanoxylon small",0.106226630909126,-0.165057770463534,0.377511032281787,0.0990933385579473,0.113359923260306,0.13841295223408,"Turtons",0.54256880274532,"small","small","Acacia melanoxylon","Acacia melanoxylon","small_small","S_VIC","SE_AUS",NA,"Subcanopy","Subcanopy","Subcanopy_Subcanopy","Subcanopy.small_Subcanopy.small"
"264","Eucalyptus regnans large","Acacia melanoxylon small",0.0409516183238098,-0.781047366247802,0.862950602895421,0.029089487010236,0.0528137496373837,0.419394943506837,"Turtons",1.64399796914322,"large","small","Eucalyptus regnans","Acacia melanoxylon","large_small","S_VIC","SE_AUS",NA,"Canopy","Subcanopy","Canopy_Subcanopy","Canopy.large_Subcanopy.small"
"265","Eucalyptus regnans small","Acacia melanoxylon small",-0.0121722682381914,-0.356276119010696,0.331931582534313,-0.0176504040871472,-0.00669413238923551,0.175566415243725,"Turtons",0.688207701545009,"small","small","Eucalyptus regnans","Acacia melanoxylon","small_small","S_VIC","SE_AUS",NA,"Canopy","Subcanopy","Canopy_Subcanopy","Canopy.small_Subcanopy.small"
"266","Hedycarya angustifolia large","Acacia melanoxylon small",-0.184350494265703,-0.551264928425701,0.182563939894296,-0.190852835834062,-0.177848152697344,0.187204681848326,"Turtons",0.733828868319997,"large","small","Hedycarya angustifolia","Acacia melanoxylon","large_small","S_VIC","SE_AUS",NA,"Subcanopy","Subcanopy","Subcanopy_Subcanopy","Subcanopy.large_Subcanopy.small"
"267","Hedycarya angustifolia small","Acacia melanoxylon small",0.137982033725149,-0.0526510253034372,0.328615092753736,0.13366399911656,0.142300068333739,0.0972635520510967,"Turtons",0.381266118057173,"small","small","Hedycarya angustifolia","Acacia melanoxylon","small_small","S_VIC","SE_AUS",NA,"Subcanopy","Subcanopy","Subcanopy_Subcanopy","Subcanopy.small_Subcanopy.small"
"268","Nematolepis squamea subsp squamea large","Acacia melanoxylon small",-0.0417031487680652,-0.369404807982711,0.28599851044658,-0.0480725818493929,-0.0353337156867375,0.167197796387849,"Turtons",0.655403318429291,"large","small","Nematolepis squamea","Acacia melanoxylon","large_small","S_VIC","SE_AUS",NA,"Subcanopy","Subcanopy","Subcanopy_Subcanopy","Subcanopy.large_Subcanopy.small"
"269","Nematolepis squamea subsp squamea small","Acacia melanoxylon small",-0.0587607260948067,-0.268984873671253,0.151463421481639,-0.0631505146684154,-0.0543709375211979,0.107259189064017,"Turtons",0.420448295152892,"small","small","Nematolepis squamea","Acacia melanoxylon","small_small","S_VIC","SE_AUS",NA,"Subcanopy","Subcanopy","Subcanopy_Subcanopy","Subcanopy.small_Subcanopy.small"
"270","Olearia argophylla large","Acacia melanoxylon small",-0.162686981621251,-0.489270717217381,0.163896753974878,-0.168615705823358,-0.156758257419144,0.166627416713868,"Turtons",0.653167471192259,"large","small","Olearia argophylla","Acacia melanoxylon","large_small","S_VIC","SE_AUS",NA,"Subcanopy","Subcanopy","Subcanopy_Subcanopy","Subcanopy.large_Subcanopy.small"
"271","Olearia argophylla small","Acacia melanoxylon small",0.149486389129412,-0.0633818480661302,0.362354626324954,0.143661452220615,0.155311326038208,0.108608239168995,"Turtons",0.425736474391084,"small","small","Olearia argophylla","Acacia melanoxylon","small_small","S_VIC","SE_AUS",NA,"Subcanopy","Subcanopy","Subcanopy_Subcanopy","Subcanopy.small_Subcanopy.small"
"272","Eucalyptus regnans large","Eucalyptus regnans large",-3.30722207326588,-5.73412278116794,-0.880321365363828,-3.35684126660698,-3.25760287992479,1.2382373997916,"Turtons",4.85380141580411,"large","large","Eucalyptus regnans","Eucalyptus regnans","large_large","S_VIC","SE_AUS",1,"Canopy","Canopy","Canopy_Canopy","Canopy.large_Canopy.large"
"273","Eucalyptus regnans small","Eucalyptus regnans large",0.897760484588719,-0.129712459334098,1.92523342851154,0.877979776931745,0.917541192245693,0.524230522615412,"Turtons",2.05494588784563,"small","large","Eucalyptus regnans","Eucalyptus regnans","small_large","S_VIC","SE_AUS",NA,"Canopy","Canopy","Canopy_Canopy","Canopy.large_Canopy.small"
"274","Hedycarya angustifolia large","Eucalyptus regnans large",0.582798147671982,-0.310030482085245,1.47562677742921,0.567821137351523,0.597775157992442,0.455533181629737,"Turtons",1.78565725951445,"large","large","Hedycarya angustifolia","Eucalyptus regnans","large_large","S_VIC","SE_AUS",NA,"Subcanopy","Canopy","Subcanopy_Canopy","Canopy.large_Subcanopy.large"
"275","Hedycarya angustifolia small","Eucalyptus regnans large",-0.284339662112842,-0.704662654106102,0.135983329880418,-0.293403654023622,-0.275275670202062,0.214454446769795,"Turtons",0.840645983986519,"small","large","Hedycarya angustifolia","Eucalyptus regnans","small_large","S_VIC","SE_AUS",NA,"Subcanopy","Canopy","Subcanopy_Canopy","Canopy.large_Subcanopy.small"
"276","Nematolepis squamea subsp squamea large","Eucalyptus regnans large",0.392452732507679,-0.584013191821196,1.36891865683655,0.377296467243017,0.407608997772341,0.498206054820963,"Turtons",1.95293184865775,"large","large","Nematolepis squamea","Eucalyptus regnans","large_large","S_VIC","SE_AUS",NA,"Subcanopy","Canopy","Subcanopy_Canopy","Canopy.large_Subcanopy.large"
"277","Nematolepis squamea subsp squamea small","Eucalyptus regnans large",-0.0208674675782166,-0.570330307418722,0.528595372262289,-0.0318621173577773,-0.00987281779865593,0.280343334966662,"Turtons",1.09892567968101,"small","large","Nematolepis squamea","Eucalyptus regnans","small_large","S_VIC","SE_AUS",NA,"Subcanopy","Canopy","Subcanopy_Canopy","Canopy.large_Subcanopy.small"
"278","Olearia argophylla large","Eucalyptus regnans large",-0.702655623195361,-1.61330592259077,0.207994676200048,-0.718526471573931,-0.68678477481679,0.464626037304003,"Turtons",1.82130059879082,"large","large","Olearia argophylla","Eucalyptus regnans","large_large","S_VIC","SE_AUS",NA,"Subcanopy","Canopy","Subcanopy_Canopy","Canopy.large_Subcanopy.large"
"279","Olearia argophylla small","Eucalyptus regnans large",0.560209608005878,-0.175153995720975,1.29557321173273,0.54235616368545,0.578063052326306,0.375192406354049,"Turtons",1.47072720745371,"small","large","Olearia argophylla","Eucalyptus regnans","small_large","S_VIC","SE_AUS",NA,"Subcanopy","Canopy","Subcanopy_Canopy","Canopy.large_Subcanopy.small"
"280","Eucalyptus regnans small","Eucalyptus regnans small",-0.704028873169972,-1.5951431807689,0.187085434428955,-0.716222377072166,-0.691835369267778,0.454658511395068,"Turtons",1.78222861519785,"small","small","Eucalyptus regnans","Eucalyptus regnans","small_small","S_VIC","SE_AUS",NA,"Canopy","Canopy","Canopy_Canopy","Canopy.small_Canopy.small"
"281","Hedycarya angustifolia large","Eucalyptus regnans small",-0.0527946101824885,-0.522164230304844,0.416575009939867,-0.0601078037536886,-0.0454814166112884,0.239478696458039,"Turtons",0.938739240244712,"large","small","Hedycarya angustifolia","Eucalyptus regnans","large_small","S_VIC","SE_AUS",NA,"Subcanopy","Canopy","Subcanopy_Canopy","Canopy.small_Subcanopy.large"
"282","Hedycarya angustifolia small","Eucalyptus regnans small",0.0955113601476236,-0.169142572897044,0.360165293192291,0.0908583482743014,0.100164372020946,0.135029998067426,"Turtons",0.529307866089335,"small","small","Hedycarya angustifolia","Eucalyptus regnans","small_small","S_VIC","SE_AUS",NA,"Subcanopy","Canopy","Subcanopy_Canopy","Canopy.small_Subcanopy.small"
"283","Nematolepis squamea subsp squamea large","Eucalyptus regnans small",-0.0660437979475896,-0.513894927901128,0.381807332005949,-0.0739522109544552,-0.0581353849407241,0.228499673201207,"Turtons",0.895702259907077,"large","small","Nematolepis squamea","Eucalyptus regnans","large_small","S_VIC","SE_AUS",NA,"Subcanopy","Canopy","Subcanopy_Canopy","Canopy.small_Subcanopy.large"
"284","Nematolepis squamea subsp squamea small","Eucalyptus regnans small",0.0898677348849747,-0.208023248618985,0.387758718388934,0.083488774096858,0.0962466956730913,0.15198798848024,"Turtons",0.59578196700792,"small","small","Nematolepis squamea","Eucalyptus regnans","small_small","S_VIC","SE_AUS",NA,"Subcanopy","Canopy","Subcanopy_Canopy","Canopy.small_Subcanopy.small"
"285","Olearia argophylla large","Eucalyptus regnans small",0.346746923193755,-0.14210729564622,0.83560114203373,0.338427944366214,0.355065902021295,0.249420000926545,"Turtons",0.97770843767995,"large","small","Olearia argophylla","Eucalyptus regnans","large_small","S_VIC","SE_AUS",NA,"Subcanopy","Canopy","Subcanopy_Canopy","Canopy.small_Subcanopy.large"
"286","Olearia argophylla small","Eucalyptus regnans small",-0.183443198345718,-0.534198149884017,0.16731175319258,-0.190292935481882,-0.176593461209555,0.178959896357795,"Turtons",0.701509903076597,"small","small","Olearia argophylla","Eucalyptus regnans","small_small","S_VIC","SE_AUS",NA,"Subcanopy","Canopy","Subcanopy_Canopy","Canopy.small_Subcanopy.small"
"287","Hedycarya angustifolia large","Hedycarya angustifolia large",-0.385552536864962,-1.16232196949046,0.391216895760533,-0.396634515009108,-0.374470558720816,0.396318217453256,"Turtons",1.55353886525099,"large","large","Hedycarya angustifolia","Hedycarya angustifolia","large_large","S_VIC","SE_AUS",NA,"Subcanopy","Subcanopy","Subcanopy_Subcanopy","Subcanopy.large_Subcanopy.large"
"288","Hedycarya angustifolia small","Hedycarya angustifolia large",0.36791744434216,-0.0265698433446848,0.762404732029005,0.359641886123736,0.376193002560584,0.201272722763536,"Turtons",0.78897457537369,"small","large","Hedycarya angustifolia","Hedycarya angustifolia","small_large","S_VIC","SE_AUS",NA,"Subcanopy","Subcanopy","Subcanopy_Subcanopy","Subcanopy.large_Subcanopy.small"
"289","Nematolepis squamea subsp squamea large","Hedycarya angustifolia large",-0.211731305914582,-0.8786605570721,0.455197945242937,-0.221014819291068,-0.202447792538096,0.340276278757248,"Turtons",1.33385850231504,"large","large","Nematolepis squamea","Hedycarya angustifolia","large_large","S_VIC","SE_AUS",NA,"Subcanopy","Subcanopy","Subcanopy_Subcanopy","Subcanopy.large_Subcanopy.large"
"290","Nematolepis squamea subsp squamea small","Hedycarya angustifolia large",-0.345010345667623,-0.768478611247238,0.0784579199119927,-0.352052627405655,-0.33796806392959,0.216059207679263,"Turtons",0.84693653115923,"small","large","Nematolepis squamea","Hedycarya angustifolia","small_large","S_VIC","SE_AUS",NA,"Subcanopy","Subcanopy","Subcanopy_Subcanopy","Subcanopy.large_Subcanopy.small"
"291","Olearia argophylla large","Hedycarya angustifolia large",-0.542098346835151,-1.18685116317182,0.102654469501523,-0.551833184263008,-0.532363509407294,0.328961563285041,"Turtons",1.28950563267335,"large","large","Olearia argophylla","Hedycarya angustifolia","large_large","S_VIC","SE_AUS",NA,"Subcanopy","Subcanopy","Subcanopy_Subcanopy","Subcanopy.large_Subcanopy.large"
"292","Olearia argophylla small","Hedycarya angustifolia large",0.197050407944584,-0.209745977833703,0.60384679372287,0.188914363018791,0.205186452870377,0.207552990252395,"Turtons",0.813592771556573,"small","large","Olearia argophylla","Hedycarya angustifolia","small_large","S_VIC","SE_AUS",NA,"Subcanopy","Subcanopy","Subcanopy_Subcanopy","Subcanopy.large_Subcanopy.small"
"293","Hedycarya angustifolia small","Hedycarya angustifolia small",0.0187408506556092,-0.214386478330425,0.251868179641643,0.00992283280271273,0.0275588685085056,0.118944700425576,"Turtons",0.466254657972069,"small","small","Hedycarya angustifolia","Hedycarya angustifolia","small_small","S_VIC","SE_AUS",NA,"Subcanopy","Subcanopy","Subcanopy_Subcanopy","Subcanopy.small_Subcanopy.small"
"294","Nematolepis squamea subsp squamea large","Hedycarya angustifolia small",-0.0688056301037464,-0.336636925447643,0.19902566524015,-0.073059589285452,-0.0645516709220408,0.136651131070018,"Turtons",0.535662590687793,"large","small","Nematolepis squamea","Hedycarya angustifolia","large_small","S_VIC","SE_AUS",NA,"Subcanopy","Subcanopy","Subcanopy_Subcanopy","Subcanopy.large_Subcanopy.small"
"295","Nematolepis squamea subsp squamea small","Hedycarya angustifolia small",0.0864074807455321,-0.103971358132667,0.276786319623731,0.0826192371959731,0.090195724295091,0.0971338455093477,"Turtons",0.380757677756398,"small","small","Nematolepis squamea","Hedycarya angustifolia","small_small","S_VIC","SE_AUS",NA,"Subcanopy","Subcanopy","Subcanopy_Subcanopy","Subcanopy.small_Subcanopy.small"
"296","Olearia argophylla large","Hedycarya angustifolia small",0.0709212792726834,-0.223187580485193,0.365030139030559,0.0658800482251327,0.0759625103202341,0.150058298049234,"Turtons",0.588217719515752,"large","small","Olearia argophylla","Hedycarya angustifolia","large_small","S_VIC","SE_AUS",NA,"Subcanopy","Subcanopy","Subcanopy_Subcanopy","Subcanopy.large_Subcanopy.small"
"297","Olearia argophylla small","Hedycarya angustifolia small",-0.167443108581466,-0.38855984230301,0.0536736251400782,-0.172000884202367,-0.162885332960564,0.112816733095957,"Turtons",0.442233467443088,"small","small","Olearia argophylla","Hedycarya angustifolia","small_small","S_VIC","SE_AUS",NA,"Subcanopy","Subcanopy","Subcanopy_Subcanopy","Subcanopy.small_Subcanopy.small"
"298","Nematolepis squamea subsp squamea large","Nematolepis squamea subsp squamea large",-0.189940308360051,-0.625818080845573,0.245937464125472,-0.1999935990396,-0.179887017680502,0.222390705096456,"Turtons",0.871755544971045,"large","large","Nematolepis squamea","Nematolepis squamea","large_large","S_VIC","SE_AUS",NA,"Subcanopy","Subcanopy","Subcanopy_Subcanopy","Subcanopy.large_Subcanopy.large"
"299","Nematolepis squamea subsp squamea small","Nematolepis squamea subsp squamea large",0.310203609682281,0.040561116065184,0.579846103299377,0.302098770014576,0.318308449349985,0.137575228802163,"Turtons",0.539284987234193,"small","large","Nematolepis squamea","Nematolepis squamea","small_large","S_VIC","SE_AUS",1,"Subcanopy","Subcanopy","Subcanopy_Subcanopy","Subcanopy.large_Subcanopy.small"
"300","Olearia argophylla large","Nematolepis squamea subsp squamea large",0.100027532450779,-0.342972819566769,0.543027884468327,0.0937485015878382,0.10630656331372,0.226024741021712,"Turtons",0.886000704035096,"large","large","Olearia argophylla","Nematolepis squamea","large_large","S_VIC","SE_AUS",NA,"Subcanopy","Subcanopy","Subcanopy_Subcanopy","Subcanopy.large_Subcanopy.large"
"301","Olearia argophylla small","Nematolepis squamea subsp squamea large",-0.173408062397526,-0.470820431606994,0.124004306811941,-0.179673107708366,-0.167143017086687,0.151743793026514,"Turtons",0.594824738418935,"small","large","Olearia argophylla","Nematolepis squamea","small_large","S_VIC","SE_AUS",NA,"Subcanopy","Subcanopy","Subcanopy_Subcanopy","Subcanopy.large_Subcanopy.small"
"302","Nematolepis squamea subsp squamea small","Nematolepis squamea subsp squamea small",0.13253509407519,-0.0732811802849849,0.338351368435365,0.122939615458684,0.142130572691696,0.105010232832658,"Turtons",0.411632548720349,"small","small","Nematolepis squamea","Nematolepis squamea","small_small","S_VIC","SE_AUS",NA,"Subcanopy","Subcanopy","Subcanopy_Subcanopy","Subcanopy.small_Subcanopy.small"
"303","Olearia argophylla large","Nematolepis squamea subsp squamea small",-0.283482160127123,-0.593377007960246,0.0264126877059994,-0.28903176708301,-0.277932553171237,0.158112521596077,"Turtons",0.619789695666245,"large","small","Olearia argophylla","Nematolepis squamea","large_small","S_VIC","SE_AUS",NA,"Subcanopy","Subcanopy","Subcanopy_Subcanopy","Subcanopy.large_Subcanopy.small"
"304","Olearia argophylla small","Nematolepis squamea subsp squamea small",0.178862273835043,-0.0327653238763297,0.390489871546416,0.173839648193503,0.183884899476583,0.107975248208979,"Turtons",0.423255195422745,"small","small","Olearia argophylla","Nematolepis squamea","small_small","S_VIC","SE_AUS",NA,"Subcanopy","Subcanopy","Subcanopy_Subcanopy","Subcanopy.small_Subcanopy.small"
"305","Olearia argophylla large","Olearia argophylla large",-0.348672847953595,-0.938556782925442,0.241211087018251,-0.359381708900244,-0.337963987006947,0.300966721646304,"Turtons",1.17976786994369,"large","large","Olearia argophylla","Olearia argophylla","large_large","S_VIC","SE_AUS",NA,"Subcanopy","Subcanopy","Subcanopy_Subcanopy","Subcanopy.large_Subcanopy.large"
"306","Olearia argophylla small","Olearia argophylla large",0.399913688905437,0.0321527100712614,0.767674667739613,0.391091624139226,0.408735753671648,0.187636600332979,"Turtons",0.735521957668351,"small","large","Olearia argophylla","Olearia argophylla","small_large","S_VIC","SE_AUS",1,"Subcanopy","Subcanopy","Subcanopy_Subcanopy","Subcanopy.large_Subcanopy.small"
"307","Olearia argophylla small","Olearia argophylla small",0.142645468084319,-0.143178686456785,0.428469622625422,0.134696775985691,0.150594160182947,0.145831329960983,"Turtons",0.571648309082207,"small","small","Olearia argophylla","Olearia argophylla","small_small","S_VIC","SE_AUS",NA,"Subcanopy","Subcanopy","Subcanopy_Subcanopy","Subcanopy.small_Subcanopy.small"
"308","Acacia melanoxylon small","Acacia melanoxylon small",-0.151763304366082,-0.583630016014011,0.280103407281846,-0.157901688237035,-0.14562492049513,0.220344207880572,"HardyCreek",0.863733423295857,"small","small","Acacia melanoxylon","Acacia melanoxylon","small_small","N_VIC","SE_AUS",NA,"Subcanopy","Subcanopy","Subcanopy_Subcanopy","Subcanopy.small_Subcanopy.small"
"309","Eucalyptus regnans large","Acacia melanoxylon small",0.389338156993551,0.00906396969549006,0.769612344291611,0.383879889467234,0.394796424519867,0.194021007680557,"HardyCreek",0.760548374596121,"large","small","Eucalyptus regnans","Acacia melanoxylon","large_small","N_VIC","SE_AUS",1,"Canopy","Subcanopy","Canopy_Subcanopy","Canopy.large_Subcanopy.small"
"310","Eucalyptus regnans small","Acacia melanoxylon small",0.0400649223489509,-0.137361307201942,0.217491151899843,0.036404323403791,0.0437255212941108,0.0905252499282681,"HardyCreek",0.354852459101785,"small","small","Eucalyptus regnans","Acacia melanoxylon","small_small","N_VIC","SE_AUS",NA,"Canopy","Subcanopy","Canopy_Subcanopy","Canopy.small_Subcanopy.small"
"311","Eucalyptus regnans large","Eucalyptus regnans large",-0.715484657454324,-1.45049159303592,0.0195222781272749,-0.727585408557909,-0.703383906350739,0.375010429466684,"HardyCreek",1.4700138711632,"large","large","Eucalyptus regnans","Eucalyptus regnans","large_large","N_VIC","SE_AUS",NA,"Canopy","Canopy","Canopy_Canopy","Canopy.large_Canopy.large"
"312","Eucalyptus regnans small","Eucalyptus regnans large",-0.0489327061050613,-0.281737931776415,0.183872519566292,-0.0531679507119299,-0.0446974614981928,0.118780358979905,"HardyCreek",0.465610451342706,"small","large","Eucalyptus regnans","Eucalyptus regnans","small_large","N_VIC","SE_AUS",NA,"Canopy","Canopy","Canopy_Canopy","Canopy.large_Canopy.small"
"313","Eucalyptus regnans small","Eucalyptus regnans small",0.104975122632363,-0.0746973412300645,0.28464758649479,0.0991620026383386,0.110788242626386,0.0916713089014189,"HardyCreek",0.359344927724854,"small","small","Eucalyptus regnans","Eucalyptus regnans","small_small","N_VIC","SE_AUS",NA,"Canopy","Canopy","Canopy_Canopy","Canopy.small_Canopy.small"
"314","Allocasuarina torulosa large","Allocasuarina torulosa large",0.0923446512058154,-0.0991103555997252,0.283799658011356,0.0883103105833388,0.0963789918282919,0.097682920867788,"MinesRd",0.382910013611081,"large","large","Allocasuarina torulosa","Allocasuarina torulosa","large_large","N_NSW","N_AUS",NA,"Subcanopy","Subcanopy","Subcanopy_Subcanopy","Subcanopy.large_Subcanopy.large"
"315","Allocasuarina torulosa small","Allocasuarina torulosa large",-0.0157020685506002,-0.0847755170781804,0.0533713799769801,-0.0173787574160555,-0.0140253796851448,0.0352422029549639,"MinesRd",0.13814689705516,"small","large","Allocasuarina torulosa","Allocasuarina torulosa","small_large","N_NSW","N_AUS",NA,"Subcanopy","Subcanopy","Subcanopy_Subcanopy","Subcanopy.large_Subcanopy.small"
"316","Eucalyptus pilularis large","Allocasuarina torulosa large",0.0556809243982194,-0.134587721206188,0.245949570002627,0.0530520097695015,0.0583098390269373,0.0970776234181968,"MinesRd",0.380537291208816,"large","large","Eucalyptus pilularis","Allocasuarina torulosa","large_large","N_NSW","N_AUS",NA,"Canopy","Subcanopy","Canopy_Subcanopy","Canopy.large_Subcanopy.large"
"317","Eucalyptus pilularis small","Allocasuarina torulosa large",0.0545564331964482,-0.0806430454815098,0.189755911874406,0.0514714393753336,0.0576414270175629,0.068980593390692,"MinesRd",0.270398957355916,"small","large","Eucalyptus pilularis","Allocasuarina torulosa","small_large","N_NSW","N_AUS",NA,"Canopy","Subcanopy","Canopy_Subcanopy","Canopy.small_Subcanopy.large"
"318","Allocasuarina torulosa small","Allocasuarina torulosa small",0.429381375388718,0.31015157503504,0.548611175742396,0.420356983408172,0.438405767369264,0.0608326486068865,"MinesRd",0.238459600707357,"small","small","Allocasuarina torulosa","Allocasuarina torulosa","small_small","N_NSW","N_AUS",1,"Subcanopy","Subcanopy","Subcanopy_Subcanopy","Subcanopy.small_Subcanopy.small"
"319","Eucalyptus pilularis large","Allocasuarina torulosa small",-0.0082510311069488,-0.0874976060489093,0.0709955438350117,-0.00972556401075911,-0.00677649820313848,0.0404326689505763,"MinesRd",0.158493149883921,"large","small","Eucalyptus pilularis","Allocasuarina torulosa","large_small","N_NSW","N_AUS",NA,"Canopy","Subcanopy","Canopy_Subcanopy","Canopy.large_Subcanopy.small"
"320","Eucalyptus pilularis small","Allocasuarina torulosa small",-0.0470158194938343,-0.0978955574391671,0.00386391845149847,-0.0491814503725734,-0.0448501886150953,0.0259595269845087,"MinesRd",0.101759475890666,"small","small","Eucalyptus pilularis","Allocasuarina torulosa","small_small","N_NSW","N_AUS",NA,"Canopy","Subcanopy","Canopy_Subcanopy","Canopy.small_Subcanopy.small"
"321","Eucalyptus pilularis large","Eucalyptus pilularis large",-0.0595277866132043,-0.431677426610605,0.312621853384197,-0.0644639163506708,-0.0545916568757377,0.189875754316339,"MinesRd",0.744299279994802,"large","large","Eucalyptus pilularis","Eucalyptus pilularis","large_large","N_NSW","N_AUS",NA,"Canopy","Canopy","Canopy_Canopy","Canopy.large_Canopy.large"
"322","Eucalyptus pilularis small","Eucalyptus pilularis large",-0.149656109142937,-0.39185071854597,0.0925385002600962,-0.152986324917997,-0.146325893367876,0.123570948912038,"MinesRd",0.484389218806066,"small","large","Eucalyptus pilularis","Eucalyptus pilularis","small_large","N_NSW","N_AUS",NA,"Canopy","Canopy","Canopy_Canopy","Canopy.large_Canopy.small"
"323","Eucalyptus pilularis small","Eucalyptus pilularis small",0.194855137926308,-0.0651516862794717,0.454861962132088,0.18815406933178,0.201556206520836,0.132658980602032,"MinesRd",0.52001364841156,"small","small","Eucalyptus pilularis","Eucalyptus pilularis","small_small","N_NSW","N_AUS",NA,"Canopy","Canopy","Canopy_Canopy","Canopy.small_Canopy.small"
"324","Allocasuarina torulosa small","Allocasuarina torulosa small",0.23972976692912,0.0373880048558807,0.442071529002359,0.233745083544729,0.245714450313512,0.103237489907613,"Tinebank",0.404683524146479,"small","small","Allocasuarina torulosa","Allocasuarina torulosa","small_small","N_NSW","N_AUS",1,"Subcanopy","Subcanopy","Subcanopy_Subcanopy","Subcanopy.small_Subcanopy.small"
"325","Cryptocarya rigida large","Allocasuarina torulosa small",-0.0438492357633704,-0.416825064021766,0.329126592495025,-0.0483854298412283,-0.0393130416855125,0.190297286685052,"Tinebank",0.745951656516791,"large","small","Cryptocarya rigida","Allocasuarina torulosa","large_small","N_NSW","N_AUS",NA,"Subcanopy","Subcanopy","Subcanopy_Subcanopy","Subcanopy.large_Subcanopy.small"
"326","Cryptocarya rigida small","Allocasuarina torulosa small",0.0924540661152734,-0.0320820714850365,0.216990203715583,0.089299835680063,0.0956082965504837,0.0635400132770985,"Tinebank",0.24907227520062,"small","small","Cryptocarya rigida","Allocasuarina torulosa","small_small","N_NSW","N_AUS",NA,"Subcanopy","Subcanopy","Subcanopy_Subcanopy","Subcanopy.small_Subcanopy.small"
"327","Syncarpia glomulifera subsp glabra large","Allocasuarina torulosa small",-0.365562809309904,-0.821512420159527,0.090386801539719,-0.370714994304625,-0.360410624315184,0.232631627135037,"Tinebank",0.911899221699246,"large","small","Syncarpia glomulifera","Allocasuarina torulosa","large_small","N_NSW","N_AUS",NA,"Canopy","Subcanopy","Canopy_Subcanopy","Canopy.large_Subcanopy.small"
"328","Syncarpia glomulifera subsp glabra small","Allocasuarina torulosa small",0.094913270146896,-0.0974586613632717,0.287285201657064,0.0920065366664245,0.0978200036273676,0.0981507481910755,"Tinebank",0.384743863020335,"small","small","Syncarpia glomulifera","Allocasuarina torulosa","small_small","N_NSW","N_AUS",NA,"Canopy","Subcanopy","Canopy_Subcanopy","Canopy.small_Subcanopy.small"
"329","Synoum glandulosum subsp glandulsoum small","Allocasuarina torulosa small",0.163617619939356,-0.196128953450589,0.523364193329301,0.158984877447644,0.168250362431067,0.183547542826083,"Tinebank",0.71949314677989,"small","small","Synoum glandulosum","Allocasuarina torulosa","small_small","N_NSW","N_AUS",NA,"Subcanopy","Subcanopy","Subcanopy_Subcanopy","Subcanopy.small_Subcanopy.small"
"330","Cryptocarya rigida large","Cryptocarya rigida large",-0.69972144949668,-1.79657364666483,0.397130747671465,-0.720413474150291,-0.679029424843069,0.559628751252562,"Tinebank",2.19370439433629,"large","large","Cryptocarya rigida","Cryptocarya rigida","large_large","N_NSW","N_AUS",NA,"Subcanopy","Subcanopy","Subcanopy_Subcanopy","Subcanopy.large_Subcanopy.large"
"331","Cryptocarya rigida small","Cryptocarya rigida large",0.096510690757958,-0.0912165580775567,0.284237939593473,0.0928165585123816,0.100204823003534,0.0957809685873227,"Tinebank",0.375454497671029,"small","large","Cryptocarya rigida","Cryptocarya rigida","small_large","N_NSW","N_AUS",NA,"Subcanopy","Subcanopy","Subcanopy_Subcanopy","Subcanopy.large_Subcanopy.small"
"332","Syncarpia glomulifera subsp glabra large","Cryptocarya rigida large",0.135745688374766,-0.716763568553709,0.988254945303241,0.127005408135315,0.144485968614217,0.434961695037745,"Tinebank",1.70501851385695,"large","large","Syncarpia glomulifera","Cryptocarya rigida","large_large","N_NSW","N_AUS",NA,"Canopy","Subcanopy","Canopy_Subcanopy","Canopy.large_Subcanopy.large"
"333","Syncarpia glomulifera subsp glabra small","Cryptocarya rigida large",-0.169061507860269,-0.700477153846217,0.362354138125679,-0.174572970469764,-0.163550045250773,0.271135413802339,"Tinebank",1.0628312919719,"small","large","Syncarpia glomulifera","Cryptocarya rigida","small_large","N_NSW","N_AUS",NA,"Canopy","Subcanopy","Canopy_Subcanopy","Canopy.small_Subcanopy.large"
"334","Synoum glandulosum subsp glandulsoum small","Cryptocarya rigida large",0.865954435700893,-0.0751510811690512,1.80705995257084,0.847162858042448,0.884746013359338,0.480164699093078,"Tinebank",1.88221103373989,"small","large","Synoum glandulosum","Cryptocarya rigida","small_large","N_NSW","N_AUS",NA,"Subcanopy","Subcanopy","Subcanopy_Subcanopy","Subcanopy.large_Subcanopy.small"
"335","Cryptocarya rigida small","Cryptocarya rigida small",0.105274716250247,-0.0724836946293268,0.283033127129821,0.0961537060630975,0.114395726437397,0.0906947333123005,"Tinebank",0.355516821759148,"small","small","Cryptocarya rigida","Cryptocarya rigida","small_small","N_NSW","N_AUS",NA,"Subcanopy","Subcanopy","Subcanopy_Subcanopy","Subcanopy.small_Subcanopy.small"
"336","Syncarpia glomulifera subsp glabra large","Cryptocarya rigida small",0.0982524566420797,-0.176913746120397,0.373418659404556,0.0941243892675048,0.102380524016655,0.140393499540273,"Tinebank",0.550332405524952,"large","small","Syncarpia glomulifera","Cryptocarya rigida","large_small","N_NSW","N_AUS",NA,"Canopy","Subcanopy","Canopy_Subcanopy","Canopy.large_Subcanopy.small"
"337","Syncarpia glomulifera subsp glabra small","Cryptocarya rigida small",-0.134390324279629,-0.24323230017291,-0.0255483483863487,-0.136796081131648,-0.13198456742761,0.0555326407790206,"Tinebank",0.217683951786561,"small","small","Syncarpia glomulifera","Cryptocarya rigida","small_small","N_NSW","N_AUS",1,"Canopy","Subcanopy","Canopy_Subcanopy","Canopy.small_Subcanopy.small"
"338","Synoum glandulosum subsp glandulsoum small","Cryptocarya rigida small",-0.210219029380043,-0.40598110780208,-0.0144569509580064,-0.213951690323821,-0.206486368436266,0.0998804467664626,"Tinebank",0.391524156844073,"small","small","Synoum glandulosum","Cryptocarya rigida","small_small","N_NSW","N_AUS",1,"Subcanopy","Subcanopy","Subcanopy_Subcanopy","Subcanopy.small_Subcanopy.small"
"339","Syncarpia glomulifera subsp glabra large","Syncarpia glomulifera subsp glabra large",-0.880663721700588,-2.27949651550375,0.518169072102571,-0.892509058240847,-0.868818385160328,0.713703315385881,"Tinebank",2.79766558760632,"large","large","Syncarpia glomulifera","Syncarpia glomulifera","large_large","N_NSW","N_AUS",NA,"Canopy","Canopy","Canopy_Canopy","Canopy.large_Canopy.large"
"340","Syncarpia glomulifera subsp glabra small","Syncarpia glomulifera subsp glabra large",0.0263943881909136,-0.32414431885277,0.376933095234598,0.0217414437185353,0.031047332663292,0.178849565506657,"Tinebank",0.701077414087368,"small","large","Syncarpia glomulifera","Syncarpia glomulifera","small_large","N_NSW","N_AUS",NA,"Canopy","Canopy","Canopy_Canopy","Canopy.large_Canopy.small"
"341","Synoum glandulosum subsp glandulsoum small","Syncarpia glomulifera subsp glabra large",0.452372490375896,-0.379378827317259,1.28412380806905,0.443169275029756,0.461575705722036,0.424370715101861,"Tinebank",1.66350263538631,"small","large","Synoum glandulosum","Syncarpia glomulifera","small_large","N_NSW","N_AUS",NA,"Subcanopy","Canopy","Subcanopy_Canopy","Canopy.large_Subcanopy.small"
"342","Syncarpia glomulifera subsp glabra small","Syncarpia glomulifera subsp glabra small",-0.0334358388365298,-0.364870907111386,0.297999229438327,-0.0404091414086544,-0.0264625362644051,0.169102631930573,"Tinebank",0.662870136549713,"small","small","Syncarpia glomulifera","Syncarpia glomulifera","small_small","N_NSW","N_AUS",NA,"Canopy","Canopy","Canopy_Canopy","Canopy.small_Canopy.small"
"343","Synoum glandulosum subsp glandulsoum small","Syncarpia glomulifera subsp glabra small",0.0536771812557572,-0.346944332057327,0.454298694568842,0.0484876409096431,0.0588667216018713,0.204402487225855,"Tinebank",0.801243026626169,"small","small","Synoum glandulosum","Syncarpia glomulifera","small_small","N_NSW","N_AUS",NA,"Subcanopy","Canopy","Subcanopy_Canopy","Canopy.small_Subcanopy.small"
"344","Synoum glandulosum subsp glandulsoum small","Synoum glandulosum subsp glandulsoum small",-0.586371065698121,-1.48571600765807,0.312973876261831,-0.602822396085474,-0.569919735310768,0.45885789180509,"Tinebank",1.7986898839199,"small","small","Synoum glandulosum","Synoum glandulosum","small_small","N_NSW","N_AUS",NA,"Subcanopy","Subcanopy","Subcanopy_Subcanopy","Subcanopy.small_Subcanopy.small"
"345","Allocasuarina torulosa large","Allocasuarina torulosa large",0.116407215036584,-0.146285623902607,0.379100053975776,0.110236614834777,0.122577815238392,0.134029421464516,"Lorne",0.525385677878383,"large","large","Allocasuarina torulosa","Allocasuarina torulosa","large_large","N_NSW","N_AUS",NA,"Subcanopy","Subcanopy","Subcanopy_Subcanopy","Subcanopy.large_Subcanopy.large"
"346","Allocasuarina torulosa small","Allocasuarina torulosa large",-0.0626559722226974,-0.244694567435961,0.119382622990566,-0.0656809492666618,-0.0596309951787331,0.0928785409574671,"Lorne",0.364077190426527,"small","large","Allocasuarina torulosa","Allocasuarina torulosa","small_large","N_NSW","N_AUS",NA,"Subcanopy","Subcanopy","Subcanopy_Subcanopy","Subcanopy.large_Subcanopy.small"
"347","Cryptocarya glaucescens small","Allocasuarina torulosa large",0.11159443490423,-0.199408557305537,0.422597427113996,0.107252345452726,0.115936524355733,0.158677911769256,"Lorne",0.622005984419533,"small","large","Cryptocarya glaucescens","Allocasuarina torulosa","small_large","N_NSW","N_AUS",NA,"Subcanopy","Subcanopy","Subcanopy_Subcanopy","Subcanopy.large_Subcanopy.small"
"348","Cryptocarya rigida small","Allocasuarina torulosa large",0.135894616410644,-0.126991436754496,0.398780669575784,0.131448219490729,0.140341013330559,0.134128001962665,"Lorne",0.52577210633028,"small","large","Cryptocarya rigida","Allocasuarina torulosa","small_large","N_NSW","N_AUS",NA,"Subcanopy","Subcanopy","Subcanopy_Subcanopy","Subcanopy.large_Subcanopy.small"
"349","Eucalyptus microcorys large","Allocasuarina torulosa large",-0.16229746544863,-0.382365339531699,0.0577704086344397,-0.165871741874569,-0.15872318902269,0.112281590793982,"Lorne",0.440135748166139,"large","large","Eucalyptus microcorys","Allocasuarina torulosa","large_large","N_NSW","N_AUS",NA,"Canopy","Subcanopy","Canopy_Subcanopy","Canopy.large_Subcanopy.large"
"350","Eucalyptus microcorys small","Allocasuarina torulosa large",0.0486249840367896,-0.102405869051249,0.199655837124828,0.0453555405716159,0.0518944275019632,0.0770579736563278,"Lorne",0.302061706176077,"small","large","Eucalyptus microcorys","Allocasuarina torulosa","small_large","N_NSW","N_AUS",NA,"Canopy","Subcanopy","Canopy_Subcanopy","Canopy.small_Subcanopy.large"
"351","Eucalyptus pilularis large","Allocasuarina torulosa large",0.213847284850934,-0.220621842853661,0.648316412555529,0.20801865914678,0.219675910555088,0.2216719955732,"Lorne",0.868938255409189,"large","large","Eucalyptus pilularis","Allocasuarina torulosa","large_large","N_NSW","N_AUS",NA,"Canopy","Subcanopy","Canopy_Subcanopy","Canopy.large_Subcanopy.large"
"352","Eucalyptus pilularis small","Allocasuarina torulosa large",-0.364649793691503,-0.699562693572262,-0.0297368938107434,-0.369797125796278,-0.359502461586727,0.170877068416823,"Lorne",0.669825799761519,"small","large","Eucalyptus pilularis","Allocasuarina torulosa","small_large","N_NSW","N_AUS",1,"Canopy","Subcanopy","Canopy_Subcanopy","Canopy.small_Subcanopy.large"
"353","Allocasuarina torulosa small","Allocasuarina torulosa small",0.100744036986622,-0.150998818965255,0.352486892938499,0.0950123793582429,0.106475694615001,0.128442592791293,"Lorne",0.503485711903755,"small","small","Allocasuarina torulosa","Allocasuarina torulosa","small_small","N_NSW","N_AUS",NA,"Subcanopy","Subcanopy","Subcanopy_Subcanopy","Subcanopy.small_Subcanopy.small"
"354","Cryptocarya glaucescens small","Allocasuarina torulosa small",-0.0630106099931753,-0.296840990269736,0.170819770283385,-0.0662603531506408,-0.0597608668357098,0.11930340665491,"Lorne",0.467660760553121,"small","small","Cryptocarya glaucescens","Allocasuarina torulosa","small_small","N_NSW","N_AUS",NA,"Subcanopy","Subcanopy","Subcanopy_Subcanopy","Subcanopy.small_Subcanopy.small"
"355","Cryptocarya rigida small","Allocasuarina torulosa small",0.0624646741801726,-0.134100173155282,0.259029521515628,0.0593008796844999,0.0656284686758454,0.100290030268889,"Lorne",0.39312969467091,"small","small","Cryptocarya rigida","Allocasuarina torulosa","small_small","N_NSW","N_AUS",NA,"Subcanopy","Subcanopy","Subcanopy_Subcanopy","Subcanopy.small_Subcanopy.small"
"356","Eucalyptus microcorys large","Allocasuarina torulosa small",-0.18745251298621,-0.412275365932323,0.037370339959904,-0.191456121798192,-0.183448904174227,0.1147076449973,"Lorne",0.449645705892227,"large","small","Eucalyptus microcorys","Allocasuarina torulosa","large_small","N_NSW","N_AUS",NA,"Canopy","Subcanopy","Canopy_Subcanopy","Canopy.large_Subcanopy.small"
"357","Eucalyptus microcorys small","Allocasuarina torulosa small",0.0776186999518927,-0.0639665553999573,0.219203955303743,0.074652187907571,0.0805852119962144,0.0722387025826273,"Lorne",0.2831705107037,"small","small","Eucalyptus microcorys","Allocasuarina torulosa","small_small","N_NSW","N_AUS",NA,"Canopy","Subcanopy","Canopy_Subcanopy","Canopy.small_Subcanopy.small"
"358","Eucalyptus pilularis large","Allocasuarina torulosa small",0.121614793689909,-0.237526925887465,0.480756513267284,0.117083281121136,0.126146306258682,0.183238938271437,"Lorne",0.718283439154749,"large","small","Eucalyptus pilularis","Allocasuarina torulosa","large_small","N_NSW","N_AUS",NA,"Canopy","Subcanopy","Canopy_Subcanopy","Canopy.large_Subcanopy.small"
"359","Eucalyptus pilularis small","Allocasuarina torulosa small",-0.103393347739097,-0.345406597928352,0.138619902450157,-0.10698363343058,-0.0998030620476144,0.123478417000631,"Lorne",0.484026500378509,"small","small","Eucalyptus pilularis","Allocasuarina torulosa","small_small","N_NSW","N_AUS",NA,"Canopy","Subcanopy","Canopy_Subcanopy","Canopy.small_Subcanopy.small"
"360","Cryptocarya glaucescens small","Cryptocarya glaucescens small",-0.452092403335303,-1.25323655799186,0.349051751321253,-0.461960935590667,-0.442223871079939,0.408754528642301,"Lorne",1.60228830931311,"small","small","Cryptocarya glaucescens","Cryptocarya glaucescens","small_small","N_NSW","N_AUS",NA,"Subcanopy","Subcanopy","Subcanopy_Subcanopy","Subcanopy.small_Subcanopy.small"
"361","Cryptocarya rigida small","Cryptocarya glaucescens small",-0.0438475369062446,-0.328815732927953,0.241120659115463,-0.0478372809880279,-0.0398577928244613,0.145394608405818,"Lorne",0.569936392043416,"small","small","Cryptocarya rigida","Cryptocarya glaucescens","small_small","N_NSW","N_AUS",NA,"Subcanopy","Subcanopy","Subcanopy_Subcanopy","Subcanopy.small_Subcanopy.small"
"362","Eucalyptus microcorys large","Cryptocarya glaucescens small",-0.198675437919204,-0.676477778289327,0.279126902450919,-0.205128644146274,-0.192222231692133,0.24378118380693,"Lorne",0.955604680740245,"large","small","Eucalyptus microcorys","Cryptocarya glaucescens","large_small","N_NSW","N_AUS",NA,"Canopy","Subcanopy","Canopy_Subcanopy","Canopy.large_Subcanopy.small"
"363","Eucalyptus microcorys small","Cryptocarya glaucescens small",0.133075662191991,-0.141853199826447,0.408004524210428,0.12819148708013,0.137959837303852,0.140272405098788,"Lorne",0.549857724036875,"small","small","Eucalyptus microcorys","Cryptocarya glaucescens","small_small","N_NSW","N_AUS",NA,"Canopy","Subcanopy","Canopy_Subcanopy","Canopy.small_Subcanopy.small"
"364","Eucalyptus pilularis large","Cryptocarya glaucescens small",0.0999238208239904,-0.363012320377129,0.56285996202511,0.0940631970581379,0.105784444589843,0.236196248937583,"Lorne",0.925872282402238,"large","small","Eucalyptus pilularis","Cryptocarya glaucescens","large_small","N_NSW","N_AUS",NA,"Canopy","Subcanopy","Canopy_Subcanopy","Canopy.large_Subcanopy.small"
"365","Eucalyptus pilularis small","Cryptocarya glaucescens small",0.103351656198212,-0.343446765292722,0.550150077689147,0.0969943857611092,0.109708926635316,0.227962567177368,"Lorne",0.893596842981869,"small","small","Eucalyptus pilularis","Cryptocarya glaucescens","small_small","N_NSW","N_AUS",NA,"Canopy","Subcanopy","Canopy_Subcanopy","Canopy.small_Subcanopy.small"
"366","Cryptocarya rigida small","Cryptocarya rigida small",-0.0273700171606038,-0.394623393185464,0.339883358864256,-0.0326993881585094,-0.0220406461626982,0.187377614548894,"Lorne",0.73450675204972,"small","small","Cryptocarya rigida","Cryptocarya rigida","small_small","N_NSW","N_AUS",NA,"Subcanopy","Subcanopy","Subcanopy_Subcanopy","Subcanopy.small_Subcanopy.small"
"367","Eucalyptus microcorys large","Cryptocarya rigida small",0.180535523628891,-0.0836131925701813,0.444684239827963,0.176421495205279,0.184649552052503,0.134772229634138,"Lorne",0.528297432398144,"large","small","Eucalyptus microcorys","Cryptocarya rigida","large_small","N_NSW","N_AUS",NA,"Canopy","Subcanopy","Canopy_Subcanopy","Canopy.large_Subcanopy.small"
"368","Eucalyptus microcorys small","Cryptocarya rigida small",-0.184359466840745,-0.392445192761751,0.0237262590802606,-0.187724119185605,-0.180994814495885,0.106168137558832,"Lorne",0.416171451842012,"small","small","Eucalyptus microcorys","Cryptocarya rigida","small_small","N_NSW","N_AUS",NA,"Canopy","Subcanopy","Canopy_Subcanopy","Canopy.small_Subcanopy.small"
"369","Eucalyptus pilularis large","Cryptocarya rigida small",-0.0623888993888539,-0.476411468908501,0.351633670130793,-0.0672939936423606,-0.0574838051353471,0.211239886439447,"Lorne",0.828045139039294,"large","small","Eucalyptus pilularis","Cryptocarya rigida","large_small","N_NSW","N_AUS",NA,"Canopy","Subcanopy","Canopy_Subcanopy","Canopy.large_Subcanopy.small"
"370","Eucalyptus pilularis small","Cryptocarya rigida small",0.210532458958114,-0.165321887974851,0.586386805891078,0.205613492062594,0.215451425853634,0.191765945648826,"Lorne",0.751708693865929,"small","small","Eucalyptus pilularis","Cryptocarya rigida","small_small","N_NSW","N_AUS",NA,"Canopy","Subcanopy","Canopy_Subcanopy","Canopy.small_Subcanopy.small"
"371","Eucalyptus microcorys large","Eucalyptus microcorys large",-0.422478140173476,-0.947514932324651,0.102558651977699,-0.4314271523753,-0.413529127971653,0.267880836736082,"Lorne",1.05007358430235,"large","large","Eucalyptus microcorys","Eucalyptus microcorys","large_large","N_NSW","N_AUS",NA,"Canopy","Canopy","Canopy_Canopy","Canopy.large_Canopy.large"
"372","Eucalyptus microcorys small","Eucalyptus microcorys large",0.268760981823254,0.0360099107966835,0.501512052849824,0.263908790881568,0.273613172764939,0.118752728551382,"Lorne",0.465502142053141,"small","large","Eucalyptus microcorys","Eucalyptus microcorys","small_large","N_NSW","N_AUS",1,"Canopy","Canopy","Canopy_Canopy","Canopy.large_Canopy.small"
"373","Eucalyptus pilularis large","Eucalyptus microcorys large",0.424048756041679,-0.0145765207948292,0.862674032878187,0.417087118864703,0.431010393218654,0.223792518789288,"Lorne",0.877250553673016,"large","large","Eucalyptus pilularis","Eucalyptus microcorys","large_large","N_NSW","N_AUS",NA,"Canopy","Canopy","Canopy_Canopy","Canopy.large_Canopy.large"
"374","Eucalyptus pilularis small","Eucalyptus microcorys large",-0.284034703411025,-0.657980207375961,0.0899108005539105,-0.289204844038135,-0.278864562783915,0.190792028279382,"Lorne",0.747891007929871,"small","large","Eucalyptus pilularis","Eucalyptus microcorys","small_large","N_NSW","N_AUS",NA,"Canopy","Canopy","Canopy_Canopy","Canopy.large_Canopy.small"
"375","Eucalyptus microcorys small","Eucalyptus microcorys small",0.194180618562262,-0.0240813795265704,0.412442616651095,0.186357853675331,0.202003383449194,0.111360208560186,"Lorne",0.436523996177666,"small","small","Eucalyptus microcorys","Eucalyptus microcorys","small_small","N_NSW","N_AUS",NA,"Canopy","Canopy","Canopy_Canopy","Canopy.small_Canopy.small"
"376","Eucalyptus pilularis large","Eucalyptus microcorys small",-0.171209805680952,-0.529927490895836,0.187507879533932,-0.175390054393555,-0.167029556968349,0.183022590233496,"Lorne",0.717435370429767,"large","small","Eucalyptus pilularis","Eucalyptus microcorys","large_small","N_NSW","N_AUS",NA,"Canopy","Canopy","Canopy_Canopy","Canopy.large_Canopy.small"
"377","Eucalyptus pilularis small","Eucalyptus microcorys small",0.0466681049392965,-0.207197489258041,0.300533699136634,0.0426082113802678,0.0507279984983252,0.129525642409655,"Lorne",0.507731188394676,"small","small","Eucalyptus pilularis","Eucalyptus microcorys","small_small","N_NSW","N_AUS",NA,"Canopy","Canopy","Canopy_Canopy","Canopy.small_Canopy.small"
"378","Eucalyptus pilularis large","Eucalyptus pilularis large",-0.494177239678869,-1.5459149683525,0.557560488994762,-0.504288123290337,-0.484066356067401,0.536610742324657,"Lorne",2.10347545734726,"large","large","Eucalyptus pilularis","Eucalyptus pilularis","large_large","N_NSW","N_AUS",NA,"Canopy","Canopy","Canopy_Canopy","Canopy.large_Canopy.large"
"379","Eucalyptus pilularis small","Eucalyptus pilularis large",0.362411468043789,-0.223613559818121,0.9484364959057,0.355926976551542,0.368895959536036,0.298997855309792,"Lorne",1.17205005572382,"small","large","Eucalyptus pilularis","Eucalyptus pilularis","small_large","N_NSW","N_AUS",NA,"Canopy","Canopy","Canopy_Canopy","Canopy.large_Canopy.small"
"380","Eucalyptus pilularis small","Eucalyptus pilularis small",-0.143341637847471,-0.766352267160824,0.479668991465881,-0.151226602593131,-0.135456673101812,0.31786840688277,"Lorne",1.2460212586267,"small","small","Eucalyptus pilularis","Eucalyptus pilularis","small_small","N_NSW","N_AUS",NA,"Canopy","Canopy","Canopy_Canopy","Canopy.small_Canopy.small"
"381","Allocasuarina torulosa small","Allocasuarina torulosa small",0.176610081916819,-0.164685430062811,0.517905593896449,0.1687034698032,0.184516694030438,0.174133562999997,"BirdTree",0.68259102395926,"small","small","Allocasuarina torulosa","Allocasuarina torulosa","small_small","N_NSW","N_AUS",NA,"Subcanopy","Subcanopy","Subcanopy_Subcanopy","Subcanopy.small_Subcanopy.small"
"382","Archontophoenix cunninghamiana small","Allocasuarina torulosa small",-0.096306617705618,-0.205279634250342,0.0126663988391058,-0.0987631063629112,-0.0938501290483248,0.0555994994827911,"BirdTree",0.217946033089448,"small","small","Archontophoenix cunninghamiana","Allocasuarina torulosa","small_small","N_NSW","N_AUS",NA,"Subcanopy","Subcanopy","Subcanopy_Subcanopy","Subcanopy.small_Subcanopy.small"
"383","Cryptocarya rigida small","Allocasuarina torulosa small",-0.0354875179627621,-0.212710612491488,0.141735576565963,-0.039609371480222,-0.0313656644453023,0.0904216077063858,"BirdTree",0.354446189057451,"small","small","Cryptocarya rigida","Allocasuarina torulosa","small_small","N_NSW","N_AUS",NA,"Subcanopy","Subcanopy","Subcanopy_Subcanopy","Subcanopy.small_Subcanopy.small"
"384","Eucalyptus pilularis large","Allocasuarina torulosa small",-0.337513219359249,-0.937832071400728,0.262805632682231,-0.348097941928887,-0.326928496789611,0.306290756757123,"BirdTree",1.20063770408296,"large","small","Eucalyptus pilularis","Allocasuarina torulosa","large_small","N_NSW","N_AUS",NA,"Canopy","Subcanopy","Canopy_Subcanopy","Canopy.large_Subcanopy.small"
"385","Eucalyptus pilularis small","Allocasuarina torulosa small",0.0135175482326529,-0.353942695017728,0.380977791483034,0.00805808081240512,0.0189770156529007,0.187483160991151,"BirdTree",0.734920486500761,"small","small","Eucalyptus pilularis","Allocasuarina torulosa","small_small","N_NSW","N_AUS",NA,"Canopy","Subcanopy","Canopy_Subcanopy","Canopy.small_Subcanopy.small"
"386","Schizomeria ovata large","Allocasuarina torulosa small",-0.175255144541957,-0.730809495432213,0.380299206348298,-0.184943629907013,-0.165566659176902,0.28345130587725,"BirdTree",1.11110870178051,"large","small","Schizomeria ovata","Allocasuarina torulosa","large_small","N_NSW","N_AUS",NA,"Subcanopy","Subcanopy","Subcanopy_Subcanopy","Subcanopy.large_Subcanopy.small"
"387","Schizomeria ovata small","Allocasuarina torulosa small",0.0309815178889722,-0.183920749597223,0.245883785375167,0.0277021924155852,0.0342608433623593,0.109646028795078,"BirdTree",0.42980453497239,"small","small","Schizomeria ovata","Allocasuarina torulosa","small_small","N_NSW","N_AUS",NA,"Subcanopy","Subcanopy","Subcanopy_Subcanopy","Subcanopy.small_Subcanopy.small"
"388","Syncarpia glomulifera subsp glabra small","Allocasuarina torulosa small",0.0999073647992141,-0.508199022050758,0.708013751649186,0.0918489268103782,0.10796580278805,0.310264061812685,"BirdTree",1.21621277369994,"small","small","Syncarpia glomulifera","Allocasuarina torulosa","small_small","N_NSW","N_AUS",NA,"Canopy","Subcanopy","Canopy_Subcanopy","Canopy.small_Subcanopy.small"
"389","Synoum glandulosum subsp glandulsoum small","Allocasuarina torulosa small",0.178929882368058,-0.074471962922322,0.432331727658438,0.173499065276127,0.18436069945999,0.129289031476691,"BirdTree",0.50680369058076,"small","small","Synoum glandulosum","Allocasuarina torulosa","small_small","N_NSW","N_AUS",NA,"Subcanopy","Subcanopy","Subcanopy_Subcanopy","Subcanopy.small_Subcanopy.small"
"390","Archontophoenix cunninghamiana small","Archontophoenix cunninghamiana small",0.30580519392843,0.149044590860876,0.462565796995985,0.294366003069351,0.317244384787509,0.0799813692006906,"BirdTree",0.313521206135109,"small","small","Archontophoenix cunninghamiana","Archontophoenix cunninghamiana","small_small","N_NSW","N_AUS",1,"Subcanopy","Subcanopy","Subcanopy_Subcanopy","Subcanopy.small_Subcanopy.small"
"391","Cryptocarya rigida small","Archontophoenix cunninghamiana small",-0.0323839929032246,-0.13241610002819,0.0676481142217412,-0.0356675063181546,-0.0291004794882946,0.0510377271796861,"BirdTree",0.200064214249932,"small","small","Cryptocarya rigida","Archontophoenix cunninghamiana","small_small","N_NSW","N_AUS",NA,"Subcanopy","Subcanopy","Subcanopy_Subcanopy","Subcanopy.small_Subcanopy.small"
"392","Eucalyptus pilularis large","Archontophoenix cunninghamiana small",-0.269801457769518,-0.595641003364127,0.0560380878250919,-0.275367565037976,-0.26423535050106,0.166247720960584,"BirdTree",0.651679091189219,"large","small","Eucalyptus pilularis","Archontophoenix cunninghamiana","large_small","N_NSW","N_AUS",NA,"Canopy","Subcanopy","Canopy_Subcanopy","Canopy.large_Subcanopy.small"
"393","Eucalyptus pilularis small","Archontophoenix cunninghamiana small",0.0641468408502967,-0.129701867368347,0.25799554906894,0.0610666110742955,0.067227070626298,0.0989042195406127,"BirdTree",0.387697416437287,"small","small","Eucalyptus pilularis","Archontophoenix cunninghamiana","small_small","N_NSW","N_AUS",NA,"Canopy","Subcanopy","Canopy_Subcanopy","Canopy.small_Subcanopy.small"
"394","Schizomeria ovata large","Archontophoenix cunninghamiana small",-0.00455162493197157,-0.247745632570477,0.238642382706534,-0.00930827161398941,0.00020502175004627,0.124080855340603,"BirdTree",0.486388015277011,"large","small","Schizomeria ovata","Archontophoenix cunninghamiana","large_small","N_NSW","N_AUS",NA,"Subcanopy","Subcanopy","Subcanopy_Subcanopy","Subcanopy.large_Subcanopy.small"
"395","Schizomeria ovata small","Archontophoenix cunninghamiana small",-0.0348447831989704,-0.143855310835243,0.0741657444373021,-0.0377984770702715,-0.0318910893276692,0.0556186381464831,"BirdTree",0.218021055272545,"small","small","Schizomeria ovata","Archontophoenix cunninghamiana","small_small","N_NSW","N_AUS",NA,"Subcanopy","Subcanopy","Subcanopy_Subcanopy","Subcanopy.small_Subcanopy.small"
"396","Syncarpia glomulifera subsp glabra small","Archontophoenix cunninghamiana small",0.07093904076023,-0.213320439261188,0.355198520781648,0.0664972636519108,0.0753808178685492,0.145033011965333,"BirdTree",0.568518960042837,"small","small","Syncarpia glomulifera","Archontophoenix cunninghamiana","small_small","N_NSW","N_AUS",NA,"Canopy","Subcanopy","Canopy_Subcanopy","Canopy.small_Subcanopy.small"
"397","Synoum glandulosum subsp glandulsoum small","Archontophoenix cunninghamiana small",0.0744149385022753,-0.0554658717492583,0.204295748753809,0.0720114604231996,0.076818416581351,0.06626693718661,"BirdTree",0.259761620503067,"small","small","Synoum glandulosum","Archontophoenix cunninghamiana","small_small","N_NSW","N_AUS",NA,"Subcanopy","Subcanopy","Subcanopy_Subcanopy","Subcanopy.small_Subcanopy.small"
"398","Cryptocarya rigida small","Cryptocarya rigida small",-0.0166477174484963,-0.276282226045283,0.24298679114829,-0.0254572959160149,-0.00783813898097769,0.1324690201681,"BirdTree",0.519269017193573,"small","small","Cryptocarya rigida","Cryptocarya rigida","small_small","N_NSW","N_AUS",NA,"Subcanopy","Subcanopy","Subcanopy_Subcanopy","Subcanopy.small_Subcanopy.small"
"399","Eucalyptus pilularis large","Cryptocarya rigida small",0.0794169211253117,-0.376539061722084,0.535372903972707,0.0689360510339399,0.0898977912166835,0.232634878214048,"BirdTree",0.91191196569479,"large","small","Eucalyptus pilularis","Cryptocarya rigida","large_small","N_NSW","N_AUS",NA,"Canopy","Subcanopy","Canopy_Subcanopy","Canopy.large_Subcanopy.small"
"400","Eucalyptus pilularis small","Cryptocarya rigida small",0.00876370643106486,-0.274702036568989,0.292229449431118,0.00326258972435357,0.0142648231377761,0.144628036655773,"BirdTree",0.566931486000107,"small","small","Eucalyptus pilularis","Cryptocarya rigida","small_small","N_NSW","N_AUS",NA,"Canopy","Subcanopy","Canopy_Subcanopy","Canopy.small_Subcanopy.small"
"401","Schizomeria ovata large","Cryptocarya rigida small",-0.186541261664972,-0.572659806606525,0.199577283276582,-0.193942074131373,-0.17914044919857,0.197002877597348,"BirdTree",0.772237089883108,"large","small","Schizomeria ovata","Cryptocarya rigida","large_small","N_NSW","N_AUS",NA,"Subcanopy","Subcanopy","Subcanopy_Subcanopy","Subcanopy.large_Subcanopy.small"
"402","Schizomeria ovata small","Cryptocarya rigida small",-0.0712040369028881,-0.234963569748204,0.0925554959424278,-0.0747513058471947,-0.0676567679585815,0.083552317357375,"BirdTree",0.327519065690632,"small","small","Schizomeria ovata","Cryptocarya rigida","small_small","N_NSW","N_AUS",NA,"Subcanopy","Subcanopy","Subcanopy_Subcanopy","Subcanopy.small_Subcanopy.small"
"403","Syncarpia glomulifera subsp glabra small","Cryptocarya rigida small",0.127430727087302,-0.264693900867421,0.519555355042025,0.120550176749796,0.134311277424808,0.200067261974073,"BirdTree",0.784249255909446,"small","small","Syncarpia glomulifera","Cryptocarya rigida","small_small","N_NSW","N_AUS",NA,"Canopy","Subcanopy","Canopy_Subcanopy","Canopy.small_Subcanopy.small"
"404","Synoum glandulosum subsp glandulsoum small","Cryptocarya rigida small",0.0535546630945969,-0.108251669463678,0.215360995652872,0.0494334297530379,0.057675896436156,0.0825557682868577,"BirdTree",0.32361266511655,"small","small","Synoum glandulosum","Cryptocarya rigida","small_small","N_NSW","N_AUS",NA,"Subcanopy","Subcanopy","Subcanopy_Subcanopy","Subcanopy.small_Subcanopy.small"
"405","Eucalyptus pilularis large","Eucalyptus pilularis large",-2.16987986453789,-4.03492237899063,-0.304837350085159,-2.20697204720288,-2.1327876818729,0.951569788610378,"BirdTree",3.73008502890547,"large","large","Eucalyptus pilularis","Eucalyptus pilularis","large_large","N_NSW","N_AUS",1,"Canopy","Canopy","Canopy_Canopy","Canopy.large_Canopy.large"
"406","Eucalyptus pilularis small","Eucalyptus pilularis large",0.396650227707138,-0.322631985702524,1.1159324411168,0.384382533726403,0.408917921687873,0.36698746460816,"BirdTree",1.43856442681932,"small","large","Eucalyptus pilularis","Eucalyptus pilularis","small_large","N_NSW","N_AUS",NA,"Canopy","Canopy","Canopy_Canopy","Canopy.large_Canopy.small"
"407","Schizomeria ovata large","Eucalyptus pilularis large",1.41513862235339,0.212836399222422,2.61744084548436,1.37876608662854,1.45151115807824,0.613430773531848,"BirdTree",2.40460444626194,"large","large","Schizomeria ovata","Eucalyptus pilularis","large_large","N_NSW","N_AUS",1,"Subcanopy","Canopy","Subcanopy_Canopy","Canopy.large_Subcanopy.large"
"408","Schizomeria ovata small","Eucalyptus pilularis large",-0.230669587555715,-0.613111740763443,0.151772565652014,-0.239234419734276,-0.222104755377153,0.195127133061824,"BirdTree",0.764884306415458,"small","large","Schizomeria ovata","Eucalyptus pilularis","small_large","N_NSW","N_AUS",NA,"Subcanopy","Canopy","Subcanopy_Canopy","Canopy.large_Subcanopy.small"
"409","Syncarpia glomulifera subsp glabra small","Eucalyptus pilularis large",1.13246049719333,-0.360458995859033,2.62537999024569,1.10655085348343,1.15837014090322,0.761707615460447,"BirdTree",2.98583898610472,"small","large","Syncarpia glomulifera","Eucalyptus pilularis","small_large","N_NSW","N_AUS",NA,"Canopy","Canopy","Canopy_Canopy","Canopy.large_Canopy.small"
"410","Synoum glandulosum subsp glandulsoum small","Eucalyptus pilularis large",0.32226795279899,-0.204167897249026,0.848703802847005,0.312885503583929,0.331650402014051,0.268594654902067,"BirdTree",1.05287170009603,"small","large","Synoum glandulosum","Eucalyptus pilularis","small_large","N_NSW","N_AUS",NA,"Subcanopy","Canopy","Subcanopy_Canopy","Canopy.large_Subcanopy.small"
"411","Eucalyptus pilularis small","Eucalyptus pilularis small",-0.311589908911505,-0.924716329322631,0.301536511499621,-0.32049498212716,-0.302684835695851,0.312825350489799,"BirdTree",1.22625284082225,"small","small","Eucalyptus pilularis","Eucalyptus pilularis","small_small","N_NSW","N_AUS",NA,"Canopy","Canopy","Canopy_Canopy","Canopy.small_Canopy.small"
"412","Schizomeria ovata large","Eucalyptus pilularis small",-0.431006189285279,-1.10334871767558,0.24133633910502,-0.441320634167757,-0.420691744402801,0.343038205647477,"BirdTree",1.3446850567806,"large","small","Schizomeria ovata","Eucalyptus pilularis","large_small","N_NSW","N_AUS",NA,"Subcanopy","Canopy","Subcanopy_Canopy","Canopy.small_Subcanopy.large"
"413","Schizomeria ovata small","Eucalyptus pilularis small",0.172866191804345,-0.0817465374191299,0.42747892102782,0.168438906492671,0.177293477116019,0.12990684075413,"BirdTree",0.50922545844695,"small","small","Schizomeria ovata","Eucalyptus pilularis","small_small","N_NSW","N_AUS",NA,"Subcanopy","Canopy","Subcanopy_Canopy","Canopy.small_Subcanopy.small"
"414","Syncarpia glomulifera subsp glabra small","Eucalyptus pilularis small",0.0876883540760183,-0.570040731292054,0.745417439444091,0.0794099250888426,0.095966783063194,0.335582230365535,"BirdTree",1.31545817073615,"small","small","Syncarpia glomulifera","Eucalyptus pilularis","small_small","N_NSW","N_AUS",NA,"Canopy","Canopy","Canopy_Canopy","Canopy.small_Canopy.small"
"415","Synoum glandulosum subsp glandulsoum small","Eucalyptus pilularis small",0.199841585987249,-0.0755693095260969,0.475252481500596,0.19479948193353,0.204883690040969,0.140518345074579,"BirdTree",0.550821791026693,"small","small","Synoum glandulosum","Eucalyptus pilularis","small_small","N_NSW","N_AUS",NA,"Subcanopy","Canopy","Subcanopy_Canopy","Canopy.small_Subcanopy.small"
"416","Schizomeria ovata large","Schizomeria ovata large",-0.986873925256831,-2.24555001289369,0.271802162380027,-1.01697185422199,-0.956775996291669,0.6421934778216,"BirdTree",2.51735217527372,"large","large","Schizomeria ovata","Schizomeria ovata","large_large","N_NSW","N_AUS",NA,"Subcanopy","Subcanopy","Subcanopy_Subcanopy","Subcanopy.large_Subcanopy.large"
"417","Schizomeria ovata small","Schizomeria ovata large",0.347021549918694,-0.111974777616208,0.806017877453597,0.339282853156824,0.354760246680565,0.234186102987303,"BirdTree",0.917992655069805,"small","large","Schizomeria ovata","Schizomeria ovata","small_large","N_NSW","N_AUS",NA,"Subcanopy","Subcanopy","Subcanopy_Subcanopy","Subcanopy.large_Subcanopy.small"
"418","Syncarpia glomulifera subsp glabra small","Schizomeria ovata large",-1.03054737030219,-2.51556421977936,0.454469479174974,-1.05460362344326,-1.00649111716112,0.757675580363104,"BirdTree",2.97003369895433,"small","large","Syncarpia glomulifera","Schizomeria ovata","small_large","N_NSW","N_AUS",NA,"Canopy","Subcanopy","Canopy_Subcanopy","Canopy.small_Subcanopy.large"
"419","Synoum glandulosum subsp glandulsoum small","Schizomeria ovata large",0.109909435095811,-0.364052105864017,0.583870976055639,0.102263462191451,0.117555408000171,0.24182155626245,"BirdTree",0.947923081919656,"small","large","Synoum glandulosum","Schizomeria ovata","small_large","N_NSW","N_AUS",NA,"Subcanopy","Subcanopy","Subcanopy_Subcanopy","Subcanopy.large_Subcanopy.small"
"420","Schizomeria ovata small","Schizomeria ovata small",0.0775130998046527,-0.170027230231853,0.325053429841159,0.0706553694521172,0.0843708301571883,0.126298407516195,"BirdTree",0.495080660073012,"small","small","Schizomeria ovata","Schizomeria ovata","small_small","N_NSW","N_AUS",NA,"Subcanopy","Subcanopy","Subcanopy_Subcanopy","Subcanopy.small_Subcanopy.small"
"421","Syncarpia glomulifera subsp glabra small","Schizomeria ovata small",0.257595388742617,-0.265224880863256,0.780415658348489,0.250568011159083,0.26462276632615,0.266749937105892,"BirdTree",1.04564053921175,"small","small","Syncarpia glomulifera","Schizomeria ovata","small_small","N_NSW","N_AUS",NA,"Canopy","Subcanopy","Canopy_Subcanopy","Canopy.small_Subcanopy.small"
"422","Synoum glandulosum subsp glandulsoum small","Schizomeria ovata small",-0.151585815910946,-0.362957786914902,0.0597861550930091,-0.154800981543111,-0.148370650278782,0.107844824022906,"BirdTree",0.422743942007911,"small","small","Synoum glandulosum","Schizomeria ovata","small_small","N_NSW","N_AUS",NA,"Subcanopy","Subcanopy","Subcanopy_Subcanopy","Subcanopy.small_Subcanopy.small"
"423","Syncarpia glomulifera subsp glabra small","Syncarpia glomulifera subsp glabra small",-0.906289646492126,-2.54655555411312,0.733976261128869,-0.924900314355148,-0.887678978629104,0.836885739002964,"BirdTree",3.28053181524199,"small","small","Syncarpia glomulifera","Syncarpia glomulifera","small_small","N_NSW","N_AUS",NA,"Canopy","Canopy","Canopy_Canopy","Canopy.small_Canopy.small"
"424","Synoum glandulosum subsp glandulsoum small","Syncarpia glomulifera subsp glabra small",-0.271935169480904,-0.779493135702355,0.235622796740546,-0.279153186078255,-0.264717152883554,0.258962904535493,"BirdTree",1.0151159324429,"small","small","Synoum glandulosum","Syncarpia glomulifera","small_small","N_NSW","N_AUS",NA,"Subcanopy","Canopy","Subcanopy_Canopy","Canopy.small_Subcanopy.small"
"425","Synoum glandulosum subsp glandulsoum small","Synoum glandulosum subsp glandulsoum small",0.11679125729655,-0.127360530336722,0.360943044929822,0.109260441049692,0.124322073543407,0.124569527582706,"BirdTree",0.488303575266544,"small","small","Synoum glandulosum","Synoum glandulosum","small_small","N_NSW","N_AUS",NA,"Subcanopy","Subcanopy","Subcanopy_Subcanopy","Subcanopy.small_Subcanopy.small"
"426","Allocasuarina torulosa large","Allocasuarina torulosa large",-0.0209268149738677,-0.269471183303558,0.227617553355822,-0.0252469572301011,-0.0166066727176344,0.126810681364646,"A-Tree",0.49708873665938,"large","large","Allocasuarina torulosa","Allocasuarina torulosa","large_large","N_NSW","N_AUS",NA,"Subcanopy","Subcanopy","Subcanopy_Subcanopy","Subcanopy.large_Subcanopy.large"
"427","Allocasuarina torulosa small","Allocasuarina torulosa large",0.029211971880915,-0.0851071882524789,0.143531132014309,0.025954144344688,0.032469799417142,0.058327173884382,"A-Tree",0.228638320266788,"small","large","Allocasuarina torulosa","Allocasuarina torulosa","small_large","N_NSW","N_AUS",NA,"Subcanopy","Subcanopy","Subcanopy_Subcanopy","Subcanopy.large_Subcanopy.small"
"428","Eucalyptus microcorys large","Allocasuarina torulosa large",-0.0413862852258565,-0.462193891963712,0.379421321511999,-0.0462084857030984,-0.0365640847486147,0.214701703733912,"A-Tree",0.841615213475711,"large","large","Eucalyptus microcorys","Allocasuarina torulosa","large_large","N_NSW","N_AUS",NA,"Canopy","Subcanopy","Canopy_Subcanopy","Canopy.large_Subcanopy.large"
"429","Eucalyptus microcorys small","Allocasuarina torulosa large",-0.0696786760391135,-0.26356118558676,0.124203833508533,-0.0724179459112867,-0.0669394061669404,0.0989214654335322,"A-Tree",0.387765019095294,"small","large","Eucalyptus microcorys","Allocasuarina torulosa","small_large","N_NSW","N_AUS",NA,"Canopy","Subcanopy","Canopy_Subcanopy","Canopy.small_Subcanopy.large"
"430","Eucalyptus pilularis large","Allocasuarina torulosa large",0.0548290192071715,-0.118821328054405,0.228479366468748,0.0512221667362475,0.0584358716780955,0.0885987439724957,"A-Tree",0.347300694523154,"large","large","Eucalyptus pilularis","Allocasuarina torulosa","large_large","N_NSW","N_AUS",NA,"Canopy","Subcanopy","Canopy_Subcanopy","Canopy.large_Subcanopy.large"
"431","Eucalyptus pilularis small","Allocasuarina torulosa large",0.00962264896232201,-0.0780320347322703,0.0972773326569143,0.00783747743289737,0.0114078204917467,0.044722599183455,"A-Tree",0.175309367389185,"small","large","Eucalyptus pilularis","Allocasuarina torulosa","small_large","N_NSW","N_AUS",NA,"Canopy","Subcanopy","Canopy_Subcanopy","Canopy.small_Subcanopy.large"
"432","Allocasuarina torulosa small","Allocasuarina torulosa small",0.202893097313106,0.0655494462380912,0.340236748388121,0.19367811571042,0.212108078915792,0.0700745790016368,"A-Tree",0.27468730215003,"small","small","Allocasuarina torulosa","Allocasuarina torulosa","small_small","N_NSW","N_AUS",1,"Subcanopy","Subcanopy","Subcanopy_Subcanopy","Subcanopy.small_Subcanopy.small"
"433","Eucalyptus microcorys large","Allocasuarina torulosa small",0.128533207797162,-0.156675981091956,0.413742396686279,0.122928625141074,0.13413779045325,0.145517566209793,"A-Tree",0.570418377778235,"large","small","Eucalyptus microcorys","Allocasuarina torulosa","large_small","N_NSW","N_AUS",NA,"Canopy","Subcanopy","Canopy_Subcanopy","Canopy.large_Subcanopy.small"
"434","Eucalyptus microcorys small","Allocasuarina torulosa small",-0.0266349359064622,-0.12998197605637,0.0767121042434454,-0.0293520485609573,-0.0239178232519671,0.0527290506178154,"A-Tree",0.206694080299815,"small","small","Eucalyptus microcorys","Allocasuarina torulosa","small_small","N_NSW","N_AUS",NA,"Canopy","Subcanopy","Canopy_Subcanopy","Canopy.small_Subcanopy.small"
"435","Eucalyptus pilularis large","Allocasuarina torulosa small",-0.0528646376760087,-0.157844800927115,0.0521155255750974,-0.0560109468409771,-0.0497183285110403,0.0535622920008614,"A-Tree",0.209960326502212,"large","small","Eucalyptus pilularis","Allocasuarina torulosa","large_small","N_NSW","N_AUS",NA,"Canopy","Subcanopy","Canopy_Subcanopy","Canopy.large_Subcanopy.small"
"436","Eucalyptus pilularis small","Allocasuarina torulosa small",-0.00877569861339147,-0.0679585010663972,0.0504071038396143,-0.0115883978002968,-0.00596299942648617,0.030195862230037,"A-Tree",0.118365604906012,"small","small","Eucalyptus pilularis","Allocasuarina torulosa","small_small","N_NSW","N_AUS",NA,"Canopy","Subcanopy","Canopy_Subcanopy","Canopy.small_Subcanopy.small"
"437","Eucalyptus microcorys large","Eucalyptus microcorys large",-0.70812308681628,-1.89007237912902,0.473826205496458,-0.723332112629688,-0.692914061002872,0.603046434340531,"A-Tree",2.36389858462548,"large","large","Eucalyptus microcorys","Eucalyptus microcorys","large_large","N_NSW","N_AUS",NA,"Canopy","Canopy","Canopy_Canopy","Canopy.large_Canopy.large"
"438","Eucalyptus microcorys small","Eucalyptus microcorys large",0.341668977370002,-0.184108071563833,0.867446026303836,0.335274929993051,0.348063024746952,0.268258525708175,"A-Tree",1.05155409786767,"small","large","Eucalyptus microcorys","Eucalyptus microcorys","small_large","N_NSW","N_AUS",NA,"Canopy","Canopy","Canopy_Canopy","Canopy.large_Canopy.small"
"439","Eucalyptus pilularis large","Eucalyptus microcorys large",0.149968194465354,-0.209616627814538,0.509553016745245,0.144811787431418,0.155124601499289,0.183465015233061,"A-Tree",0.719169644559783,"large","large","Eucalyptus pilularis","Eucalyptus microcorys","large_large","N_NSW","N_AUS",NA,"Canopy","Canopy","Canopy_Canopy","Canopy.large_Canopy.large"
"440","Eucalyptus pilularis small","Eucalyptus microcorys large",0.135201425343616,-0.062828732628423,0.333231583315655,0.131382596131184,0.139020254556048,0.101037651474249,"A-Tree",0.396060315944078,"small","large","Eucalyptus pilularis","Eucalyptus microcorys","small_large","N_NSW","N_AUS",NA,"Canopy","Canopy","Canopy_Canopy","Canopy.large_Canopy.small"
"441","Eucalyptus microcorys small","Eucalyptus microcorys small",0.0764745740348239,-0.232374274408561,0.385323422478209,0.0701768811543795,0.0827722669152684,0.157578838631498,"A-Tree",0.61769769688677,"small","small","Eucalyptus microcorys","Eucalyptus microcorys","small_small","N_NSW","N_AUS",NA,"Canopy","Canopy","Canopy_Canopy","Canopy.small_Canopy.small"
"442","Eucalyptus pilularis large","Eucalyptus microcorys small",-0.0328175096087163,-0.209531357998213,0.143896338780781,-0.0356750335773359,-0.0299599856400967,0.0901617834732644,"A-Tree",0.353427696778994,"large","small","Eucalyptus pilularis","Eucalyptus microcorys","large_small","N_NSW","N_AUS",NA,"Canopy","Canopy","Canopy_Canopy","Canopy.large_Canopy.small"
"443","Eucalyptus pilularis small","Eucalyptus microcorys small",0.00371486978453875,-0.0838043909043332,0.0912341304734107,0.00174854149735783,0.00568119807171967,0.0446535045435594,"A-Tree",0.175038521377744,"small","small","Eucalyptus pilularis","Eucalyptus microcorys","small_small","N_NSW","N_AUS",NA,"Canopy","Canopy","Canopy_Canopy","Canopy.small_Canopy.small"
"444","Eucalyptus pilularis large","Eucalyptus pilularis large",-0.134874903114141,-0.38413091762562,0.114381111397339,-0.141124500373077,-0.128625305855205,0.127173772823164,"A-Tree",0.498512029022959,"large","large","Eucalyptus pilularis","Eucalyptus pilularis","large_large","N_NSW","N_AUS",NA,"Canopy","Canopy","Canopy_Canopy","Canopy.large_Canopy.large"
"445","Eucalyptus pilularis small","Eucalyptus pilularis large",-0.0833940153092261,-0.166268751447021,-0.00051927917143106,-0.0853688723726413,-0.0814191582458109,0.042283805616583,"A-Tree",0.16574947227559,"small","large","Eucalyptus pilularis","Eucalyptus pilularis","small_large","N_NSW","N_AUS",1,"Canopy","Canopy","Canopy_Canopy","Canopy.large_Canopy.small"
"446","Eucalyptus pilularis small","Eucalyptus pilularis small",0.426171676552412,0.318879103139693,0.533464249965131,0.414056431657873,0.438286921446951,0.0547421147832455,"A-Tree",0.214585146825438,"small","small","Eucalyptus pilularis","Eucalyptus pilularis","small_small","N_NSW","N_AUS",1,"Canopy","Canopy","Canopy_Canopy","Canopy.small_Canopy.small"
"447","Allocasuarina torulosa large","Allocasuarina torulosa large",0.0897528664711776,-0.155813311699618,0.335319044641974,0.0835181932006816,0.0959875397416737,0.125291168668297,"BlackBull",0.491132356341592,"large","large","Allocasuarina torulosa","Allocasuarina torulosa","large_large","N_NSW","N_AUS",NA,"Subcanopy","Subcanopy","Subcanopy_Subcanopy","Subcanopy.large_Subcanopy.large"
"448","Allocasuarina torulosa small","Allocasuarina torulosa large",0.0975012423289335,-0.0413968611571056,0.236399345814973,0.0938600827601656,0.101142401897701,0.0708676815398903,"BlackBull",0.277796206972078,"small","large","Allocasuarina torulosa","Allocasuarina torulosa","small_large","N_NSW","N_AUS",NA,"Subcanopy","Subcanopy","Subcanopy_Subcanopy","Subcanopy.large_Subcanopy.small"
"449","Eucalyptus pilularis large","Allocasuarina torulosa large",0.163936072324889,-0.189122411796971,0.516994556446748,0.158603073019682,0.169269071630095,0.180135189680392,"BlackBull",0.706116968243718,"large","large","Eucalyptus pilularis","Allocasuarina torulosa","large_large","N_NSW","N_AUS",NA,"Canopy","Subcanopy","Canopy_Subcanopy","Canopy.large_Subcanopy.large"
"450","Eucalyptus pilularis small","Allocasuarina torulosa large",-0.102231918258275,-0.37003139599215,0.165567559475599,-0.106431832598312,-0.0980320039182383,0.136634897297217,"BlackBull",0.535598955467749,"small","large","Eucalyptus pilularis","Allocasuarina torulosa","small_large","N_NSW","N_AUS",NA,"Canopy","Subcanopy","Canopy_Subcanopy","Canopy.small_Subcanopy.large"
"451","Syncarpia glomulifera subsp glomulifera large","Allocasuarina torulosa large",0.324877657337064,-0.0797263207887849,0.729481635462912,0.31885398041432,0.330901334259807,0.206434394365056,"BlackBull",0.809207956251697,"large","large","Syncarpia glomulifera","Allocasuarina torulosa","large_large","N_NSW","N_AUS",NA,"Canopy","Subcanopy","Canopy_Subcanopy","Canopy.large_Subcanopy.large"
"452","Syncarpia glomulifera subsp glomulifera small","Allocasuarina torulosa large",0.0495264373324997,-0.126629888822077,0.225682763487077,0.0456327488040733,0.0534201258609261,0.0898773281264737,"BlackBull",0.352312652309154,"small","large","Syncarpia glomulifera","Allocasuarina torulosa","small_large","N_NSW","N_AUS",NA,"Canopy","Subcanopy","Canopy_Subcanopy","Canopy.small_Subcanopy.large"
"453","Allocasuarina torulosa small","Allocasuarina torulosa small",0.0828428267809085,-0.12866601820987,0.294351671771687,0.0734403727625909,0.0922452807992261,0.107914658972886,"BlackBull",0.423017689981557,"small","small","Allocasuarina torulosa","Allocasuarina torulosa","small_small","N_NSW","N_AUS",NA,"Subcanopy","Subcanopy","Subcanopy_Subcanopy","Subcanopy.small_Subcanopy.small"
"454","Eucalyptus pilularis large","Allocasuarina torulosa small",-0.171376597419149,-0.379683567357274,0.0369303725189763,-0.176147792004037,-0.166605402834261,0.106281019233631,"BlackBull",0.41661393987625,"large","small","Eucalyptus pilularis","Allocasuarina torulosa","large_small","N_NSW","N_AUS",NA,"Canopy","Subcanopy","Canopy_Subcanopy","Canopy.large_Subcanopy.small"
"455","Eucalyptus pilularis small","Allocasuarina torulosa small",-0.0136331048218476,-0.195243985499597,0.167977775855902,-0.0171749959030032,-0.0100912137406919,0.0926603152457255,"BlackBull",0.363221761355499,"small","small","Eucalyptus pilularis","Allocasuarina torulosa","small_small","N_NSW","N_AUS",NA,"Canopy","Subcanopy","Canopy_Subcanopy","Canopy.small_Subcanopy.small"
"456","Syncarpia glomulifera subsp glomulifera large","Allocasuarina torulosa small",-0.115037057429863,-0.389951353725584,0.159877238865857,-0.119706447565007,-0.11036766729472,0.140264973471048,"BlackBull",0.54982859259144,"large","small","Syncarpia glomulifera","Allocasuarina torulosa","large_small","N_NSW","N_AUS",NA,"Canopy","Subcanopy","Canopy_Subcanopy","Canopy.large_Subcanopy.small"
"457","Syncarpia glomulifera subsp glomulifera small","Allocasuarina torulosa small",0.040603252764388,-0.0801620612145857,0.161368566743362,0.0372622502274452,0.0439442553013309,0.0616160883218034,"BlackBull",0.241530627957947,"small","small","Syncarpia glomulifera","Allocasuarina torulosa","small_small","N_NSW","N_AUS",NA,"Canopy","Subcanopy","Canopy_Subcanopy","Canopy.small_Subcanopy.small"
"458","Eucalyptus pilularis large","Eucalyptus pilularis large",-0.445445009333073,-1.27602537313016,0.385135354464015,-0.457413828793397,-0.433476189872749,0.423773278666649,"BlackBull",1.66116072759418,"large","large","Eucalyptus pilularis","Eucalyptus pilularis","large_large","N_NSW","N_AUS",NA,"Canopy","Canopy","Canopy_Canopy","Canopy.large_Canopy.large"
"459","Eucalyptus pilularis small","Eucalyptus pilularis large",0.0870811825145137,-0.373917044216723,0.54807940924575,0.0810229726089798,0.0931393924200476,0.23520749889668,"BlackBull",0.921996453462473,"small","large","Eucalyptus pilularis","Eucalyptus pilularis","small_large","N_NSW","N_AUS",NA,"Canopy","Canopy","Canopy_Canopy","Canopy.large_Canopy.small"
"460","Syncarpia glomulifera subsp glomulifera large","Eucalyptus pilularis large",-0.470796386064647,-1.27812103129989,0.336528259170592,-0.479084337646693,-0.462508434482602,0.411907898105941,"BlackBull",1.61464929047048,"large","large","Syncarpia glomulifera","Eucalyptus pilularis","large_large","N_NSW","N_AUS",NA,"Canopy","Canopy","Canopy_Canopy","Canopy.large_Canopy.large"
"461","Syncarpia glomulifera subsp glomulifera small","Eucalyptus pilularis large",0.0917392189010229,-0.218998879279517,0.402477317081562,0.0855767552390043,0.0979016825630415,0.158542759270886,"BlackBull",0.621476196361079,"small","large","Syncarpia glomulifera","Eucalyptus pilularis","small_large","N_NSW","N_AUS",NA,"Canopy","Canopy","Canopy_Canopy","Canopy.large_Canopy.small"
"462","Eucalyptus pilularis small","Eucalyptus pilularis small",-0.0615702458391463,-0.559515893167668,0.436375401489375,-0.0679262847776246,-0.0552142069006679,0.25405857008407,"BlackBull",0.995891294657044,"small","small","Eucalyptus pilularis","Eucalyptus pilularis","small_small","N_NSW","N_AUS",NA,"Canopy","Canopy","Canopy_Canopy","Canopy.small_Canopy.small"
"463","Syncarpia glomulifera subsp glomulifera large","Eucalyptus pilularis small",0.352213534208454,-0.189470715835436,0.893897784252344,0.345502821552863,0.358924246864044,0.276374593776532,"BlackBull",1.08336850008778,"large","small","Syncarpia glomulifera","Eucalyptus pilularis","large_small","N_NSW","N_AUS",NA,"Canopy","Canopy","Canopy_Canopy","Canopy.large_Canopy.small"
"464","Syncarpia glomulifera subsp glomulifera small","Eucalyptus pilularis small",0.101129708435086,-0.129838509764582,0.332097926634753,0.0966947349778282,0.105564681892343,0.11784309304738,"BlackBull",0.461936436399335,"small","small","Syncarpia glomulifera","Eucalyptus pilularis","small_small","N_NSW","N_AUS",NA,"Canopy","Canopy","Canopy_Canopy","Canopy.small_Canopy.small"
"465","Syncarpia glomulifera subsp glomulifera large","Syncarpia glomulifera subsp glomulifera large",-0.634721002125175,-1.87933533784622,0.609893333595874,-0.644655504086833,-0.624786500163516,0.635018982766218,"BlackBull",2.4892286714421,"large","large","Syncarpia glomulifera","Syncarpia glomulifera","large_large","N_NSW","N_AUS",NA,"Canopy","Canopy","Canopy_Canopy","Canopy.large_Canopy.large"
"466","Syncarpia glomulifera subsp glomulifera small","Syncarpia glomulifera subsp glomulifera large",-0.0687390589765907,-0.45381061731088,0.316332499357699,-0.0732228782109423,-0.0642552397422392,0.196468690941101,"BlackBull",0.770143116668579,"small","large","Syncarpia glomulifera","Syncarpia glomulifera","small_large","N_NSW","N_AUS",NA,"Canopy","Canopy","Canopy_Canopy","Canopy.large_Canopy.small"
"467","Syncarpia glomulifera subsp glomulifera small","Syncarpia glomulifera subsp glomulifera small",0.308835188910316,0.130151691738282,0.48751868608235,0.300185900690018,0.317484477130614,0.0911667247875303,"BlackBull",0.357366994344069,"small","small","Syncarpia glomulifera","Syncarpia glomulifera","small_small","N_NSW","N_AUS",1,"Canopy","Canopy","Canopy_Canopy","Canopy.small_Canopy.small"
"468","Allocasuarina torulosa small","Allocasuarina torulosa small",0.0794504179909477,-0.327850678542023,0.486751514523919,0.0676195944041429,0.0912812415777525,0.207810500471289,"Bruxner",0.814602193065942,"small","small","Allocasuarina torulosa","Allocasuarina torulosa","small_small","N_NSW","N_AUS",NA,"Subcanopy","Subcanopy","Subcanopy_Subcanopy","Subcanopy.small_Subcanopy.small"
"469","Archontophoenix cunninghamiana small","Allocasuarina torulosa small",0.0395870573283243,-0.146119914886776,0.225294029543425,0.0345421484360658,0.0446319662205829,0.0947501962688769,"Bruxner",0.3714139444302,"small","small","Archontophoenix cunninghamiana","Allocasuarina torulosa","small_small","N_NSW","N_AUS",NA,"Subcanopy","Subcanopy","Subcanopy_Subcanopy","Subcanopy.small_Subcanopy.small"
"470","Caldcluvia paniculosa small","Allocasuarina torulosa small",-0.127265814399063,-0.392112671266483,0.137581042468356,-0.133670659720461,-0.120860969077666,0.135128430397955,"Bruxner",0.529693713734838,"small","small","Caldcluvia paniculosa","Allocasuarina torulosa","small_small","N_NSW","N_AUS",NA,"Subcanopy","Subcanopy","Subcanopy_Subcanopy","Subcanopy.small_Subcanopy.small"
"471","Ceratopetalum apetalum small","Allocasuarina torulosa small",0.0241017073615541,-0.335805682515781,0.38400909723889,0.01765047531783,0.0305529394052782,0.183629593562045,"Bruxner",0.719814779754671,"small","small","Ceratopetalum apetalum","Allocasuarina torulosa","small_small","N_NSW","N_AUS",NA,"Subcanopy","Subcanopy","Subcanopy_Subcanopy","Subcanopy.small_Subcanopy.small"
"472","Eucalyptus grandis large","Allocasuarina torulosa small",0.220680267024817,-0.233261283370348,0.674621817419982,0.212553486745498,0.228807047304136,0.231607087668854,"Bruxner",0.90788310079033,"large","small","Eucalyptus grandis","Allocasuarina torulosa","large_small","N_NSW","N_AUS",NA,"Canopy","Subcanopy","Canopy_Subcanopy","Canopy.large_Subcanopy.small"
"473","Eucalyptus grandis small","Allocasuarina torulosa small",0.143292724377104,-0.169279660262126,0.455865109016334,0.136274307168594,0.150311141585613,0.159478636905964,"Bruxner",0.62514476927846,"small","small","Eucalyptus grandis","Allocasuarina torulosa","small_small","N_NSW","N_AUS",NA,"Canopy","Subcanopy","Canopy_Subcanopy","Canopy.small_Subcanopy.small"
"474","Geissois benthamii small","Allocasuarina torulosa small",-1.00313894618392,-2.37956595435921,0.373288061991379,-1.02199779233883,-0.984280100029005,0.702271582045576,"Bruxner",2.75285401635059,"small","small","Geissois benthamii","Allocasuarina torulosa","small_small","N_NSW","N_AUS",NA,"Subcanopy","Subcanopy","Subcanopy_Subcanopy","Subcanopy.small_Subcanopy.small"
"475","Lophostemon sp. small","Allocasuarina torulosa small",-0.00123928964099048,-0.24794078077266,0.245462201490679,-0.00536722780937128,0.00288864852739031,0.125870420618756,"Bruxner",0.49340298226334,"small","small","Lophostemon sp","Allocasuarina torulosa","small_small","N_NSW","N_AUS",NA,"Canopy","Subcanopy","Canopy_Subcanopy","Canopy.small_Subcanopy.small"
"476","Schizomeria ovata small","Allocasuarina torulosa small",0.44161741521863,-0.151413935398537,1.0346487658358,0.432031929458537,0.451202900978723,0.302572575463081,"Bruxner",1.18606270123433,"small","small","Schizomeria ovata","Allocasuarina torulosa","small_small","N_NSW","N_AUS",NA,"Subcanopy","Subcanopy","Subcanopy_Subcanopy","Subcanopy.small_Subcanopy.small"
"477","Syncarpia glomulifera subsp glabra small","Allocasuarina torulosa small",0.112668634752839,-0.300275592511588,0.525612862017265,0.103344413462786,0.121992856042892,0.210689701709663,"Bruxner",0.825888454528853,"small","small","Syncarpia glomulifera","Allocasuarina torulosa","small_small","N_NSW","N_AUS",NA,"Canopy","Subcanopy","Canopy_Subcanopy","Canopy.small_Subcanopy.small"
"478","Archontophoenix cunninghamiana small","Archontophoenix cunninghamiana small",0.234296379350972,0.0930234729328554,0.375569285769088,0.223014964650897,0.245577794051046,0.0720793379533801,"Bruxner",0.282545812836232,"small","small","Archontophoenix cunninghamiana","Archontophoenix cunninghamiana","small_small","N_NSW","N_AUS",1,"Subcanopy","Subcanopy","Subcanopy_Subcanopy","Subcanopy.small_Subcanopy.small"
"479","Caldcluvia paniculosa small","Archontophoenix cunninghamiana small",0.0338265081176822,-0.0753054546952736,0.142958470930638,0.0301777670679602,0.0374752491674043,0.055680596007771,"Bruxner",0.218263925625912,"small","small","Caldcluvia paniculosa","Archontophoenix cunninghamiana","small_small","N_NSW","N_AUS",NA,"Subcanopy","Subcanopy","Subcanopy_Subcanopy","Subcanopy.small_Subcanopy.small"
"480","Ceratopetalum apetalum small","Archontophoenix cunninghamiana small",0.0736984033092233,-0.0361962561748927,0.183593062793339,0.0690742384884453,0.0783225681300013,0.0560697341129485,"Bruxner",0.219789318968232,"small","small","Ceratopetalum apetalum","Archontophoenix cunninghamiana","small_small","N_NSW","N_AUS",NA,"Subcanopy","Subcanopy","Subcanopy_Subcanopy","Subcanopy.small_Subcanopy.small"
"481","Eucalyptus grandis large","Archontophoenix cunninghamiana small",-0.256479574915941,-0.48197398333941,-0.0309851664924722,-0.262846375413667,-0.250112774418215,0.115050281638918,"Bruxner",0.450988816846938,"large","small","Eucalyptus grandis","Archontophoenix cunninghamiana","large_small","N_NSW","N_AUS",1,"Canopy","Subcanopy","Canopy_Subcanopy","Canopy.large_Subcanopy.small"
"482","Eucalyptus grandis small","Archontophoenix cunninghamiana small",-0.0524914158108537,-0.189950050076475,0.0849672184547676,-0.0567034367425787,-0.0482793948791287,0.0701332449728044,"Bruxner",0.274917268531243,"small","small","Eucalyptus grandis","Archontophoenix cunninghamiana","small_small","N_NSW","N_AUS",NA,"Canopy","Subcanopy","Canopy_Subcanopy","Canopy.small_Subcanopy.small"
"483","Geissois benthamii small","Archontophoenix cunninghamiana small",0.0311625644149649,-0.210957691865456,0.273282820695385,0.0249986582453764,0.0373264705845533,0.123533012948317,"Bruxner",0.484240512560841,"small","small","Geissois benthamii","Archontophoenix cunninghamiana","small_small","N_NSW","N_AUS",NA,"Subcanopy","Subcanopy","Subcanopy_Subcanopy","Subcanopy.small_Subcanopy.small"
"484","Lophostemon sp. small","Archontophoenix cunninghamiana small",-0.0790528176444285,-0.190478787558248,0.0323731522693909,-0.0819269732925426,-0.0761786619963145,0.0568510293009123,"Bruxner",0.222851939827639,"small","small","Lophostemon sp","Archontophoenix cunninghamiana","small_small","N_NSW","N_AUS",NA,"Canopy","Subcanopy","Canopy_Subcanopy","Canopy.small_Subcanopy.small"
"485","Schizomeria ovata small","Archontophoenix cunninghamiana small",0.0841270005346785,-0.17443133397239,0.342685335041747,0.0789872676160757,0.0892667334532813,0.131919941665532,"Bruxner",0.517116669014137,"small","small","Schizomeria ovata","Archontophoenix cunninghamiana","small_small","N_NSW","N_AUS",NA,"Subcanopy","Subcanopy","Subcanopy_Subcanopy","Subcanopy.small_Subcanopy.small"
"486","Syncarpia glomulifera subsp glabra small","Archontophoenix cunninghamiana small",0.0214069498296289,-0.184013943069969,0.226827842729226,0.0159606258729441,0.0268532737863137,0.104808503890853,"Bruxner",0.410841785799195,"small","small","Syncarpia glomulifera","Archontophoenix cunninghamiana","small_small","N_NSW","N_AUS",NA,"Canopy","Subcanopy","Canopy_Subcanopy","Canopy.small_Subcanopy.small"
"487","Caldcluvia paniculosa small","Caldcluvia paniculosa small",0.325343397199428,0.146017476742487,0.504669317656368,0.313123568871272,0.337563225527583,0.0914944977925312,"Bruxner",0.358651840913881,"small","small","Caldcluvia paniculosa","Caldcluvia paniculosa","small_small","N_NSW","N_AUS",1,"Subcanopy","Subcanopy","Subcanopy_Subcanopy","Subcanopy.small_Subcanopy.small"
"488","Ceratopetalum apetalum small","Caldcluvia paniculosa small",-0.1222263053378,-0.303681224380137,0.0592286137045369,-0.125814047787088,-0.118638562888512,0.0925807415205739,"Bruxner",0.362909838084674,"small","small","Ceratopetalum apetalum","Caldcluvia paniculosa","small_small","N_NSW","N_AUS",NA,"Subcanopy","Subcanopy","Subcanopy_Subcanopy","Subcanopy.small_Subcanopy.small"
"489","Eucalyptus grandis large","Caldcluvia paniculosa small",0.0158447579597602,-0.273674547770503,0.305364063690023,0.0100022231777826,0.0216872927417378,0.147716645823063,"Bruxner",0.579038611460526,"large","small","Eucalyptus grandis","Caldcluvia paniculosa","large_small","N_NSW","N_AUS",NA,"Canopy","Subcanopy","Canopy_Subcanopy","Canopy.large_Subcanopy.small"
"490","Eucalyptus grandis small","Caldcluvia paniculosa small",0.106206072013671,-0.0691710995498628,0.281583243577204,0.101305758911667,0.111106385115674,0.0894797929690985,"Bruxner",0.350754343127067,"small","small","Eucalyptus grandis","Caldcluvia paniculosa","small_small","N_NSW","N_AUS",NA,"Canopy","Subcanopy","Canopy_Subcanopy","Canopy.small_Subcanopy.small"
"491","Geissois benthamii small","Caldcluvia paniculosa small",-0.0516561077150725,-0.473380592676855,0.37006837724671,-0.0588082844011501,-0.044503931028995,0.21516950734212,"Bruxner",0.843448969923565,"small","small","Geissois benthamii","Caldcluvia paniculosa","small_small","N_NSW","N_AUS",NA,"Subcanopy","Subcanopy","Subcanopy_Subcanopy","Subcanopy.small_Subcanopy.small"
"492","Lophostemon sp. small","Caldcluvia paniculosa small",-0.0592578794209923,-0.204204599928605,0.0856888410866204,-0.0623974273582833,-0.0561183314837014,0.0739537673400807,"Bruxner",0.289893441015225,"small","small","Lophostemon sp","Caldcluvia paniculosa","small_small","N_NSW","N_AUS",NA,"Canopy","Subcanopy","Canopy_Subcanopy","Canopy.small_Subcanopy.small"
"493","Schizomeria ovata small","Caldcluvia paniculosa small",0.0629718305530146,-0.2051727420578,0.33111640316383,0.0585479894579866,0.0673956716480426,0.136810969347348,"Bruxner",0.53628914522163,"small","small","Schizomeria ovata","Caldcluvia paniculosa","small_small","N_NSW","N_AUS",NA,"Subcanopy","Subcanopy","Subcanopy_Subcanopy","Subcanopy.small_Subcanopy.small"
"494","Syncarpia glomulifera subsp glabra small","Caldcluvia paniculosa small",0.0245531668184719,-0.235153730383089,0.284260064020032,0.0172967988322993,0.0318095348046445,0.132505953808384,"Bruxner",0.519413794403121,"small","small","Syncarpia glomulifera","Caldcluvia paniculosa","small_small","N_NSW","N_AUS",NA,"Canopy","Subcanopy","Canopy_Subcanopy","Canopy.small_Subcanopy.small"
"495","Ceratopetalum apetalum small","Ceratopetalum apetalum small",0.251077689986146,0.0691135215034445,0.433041858468848,0.239392457559332,0.262762922412961,0.0928405674379794,"Bruxner",0.363928336965403,"small","small","Ceratopetalum apetalum","Ceratopetalum apetalum","small_small","N_NSW","N_AUS",1,"Subcanopy","Subcanopy","Subcanopy_Subcanopy","Subcanopy.small_Subcanopy.small"
"496","Eucalyptus grandis large","Ceratopetalum apetalum small",0.227778884647426,-0.0456434874678167,0.50120125676267,0.220513511423191,0.235044257871662,0.139503773677457,"Bruxner",0.546844744230486,"large","small","Eucalyptus grandis","Ceratopetalum apetalum","large_small","N_NSW","N_AUS",NA,"Canopy","Subcanopy","Canopy_Subcanopy","Canopy.large_Subcanopy.small"
"497","Eucalyptus grandis small","Ceratopetalum apetalum small",0.0510086523311033,-0.0964474282820173,0.198464732944224,0.045671775659022,0.0563455290031846,0.0752340766341807,"Bruxner",0.294912161226241,"small","small","Eucalyptus grandis","Ceratopetalum apetalum","small_small","N_NSW","N_AUS",NA,"Canopy","Subcanopy","Canopy_Subcanopy","Canopy.small_Subcanopy.small"
"498","Geissois benthamii small","Ceratopetalum apetalum small",0.166388477941211,-0.140710874122148,0.47348783000457,0.158868657918653,0.173908297963769,0.156686222035568,"Bruxner",0.614198704126718,"small","small","Geissois benthamii","Ceratopetalum apetalum","small_small","N_NSW","N_AUS",NA,"Subcanopy","Subcanopy","Subcanopy_Subcanopy","Subcanopy.small_Subcanopy.small"
"499","Lophostemon sp. small","Ceratopetalum apetalum small",-0.0810739376832292,-0.204605153938663,0.0424572785722046,-0.0844032400062079,-0.0777446353602506,0.0630272888837919,"Bruxner",0.247062432510868,"small","small","Lophostemon sp","Ceratopetalum apetalum","small_small","N_NSW","N_AUS",NA,"Canopy","Subcanopy","Canopy_Subcanopy","Canopy.small_Subcanopy.small"
"500","Schizomeria ovata small","Ceratopetalum apetalum small",-0.0936275403077015,-0.373597819775761,0.186342739160358,-0.0989750804631405,-0.0882800001522624,0.14284460412356,"Bruxner",0.559940558936118,"small","small","Schizomeria ovata","Ceratopetalum apetalum","small_small","N_NSW","N_AUS",NA,"Subcanopy","Subcanopy","Subcanopy_Subcanopy","Subcanopy.small_Subcanopy.small"
"501","Syncarpia glomulifera subsp glabra small","Ceratopetalum apetalum small",-0.13261478991065,-0.510716530425029,0.245486950603728,-0.140404904901875,-0.124824674919426,0.19291259609707,"Bruxner",0.756203481028757,"small","small","Syncarpia glomulifera","Ceratopetalum apetalum","small_small","N_NSW","N_AUS",NA,"Canopy","Subcanopy","Canopy_Subcanopy","Canopy.small_Subcanopy.small"
"502","Eucalyptus grandis large","Eucalyptus grandis large",-0.759251251565749,-1.40825564545373,-0.110246857677765,-0.776579107214023,-0.741923395917476,0.331130775364878,"Bruxner",1.29800878777597,"large","large","Eucalyptus grandis","Eucalyptus grandis","large_large","N_NSW","N_AUS",1,"Canopy","Canopy","Canopy_Canopy","Canopy.large_Canopy.large"
"503","Eucalyptus grandis small","Eucalyptus grandis large",0.371651017389226,0.0515595119795753,0.691742522798877,0.3623568209983,0.380945213780152,0.163314993507275,"Bruxner",0.640183010819302,"small","large","Eucalyptus grandis","Eucalyptus grandis","small_large","N_NSW","N_AUS",1,"Canopy","Canopy","Canopy_Canopy","Canopy.large_Canopy.small"
"504","Geissois benthamii small","Eucalyptus grandis large",0.122046307319027,-0.326120363445362,0.570212978083416,0.110298140850194,0.13379447378786,0.228660666369112,"Bruxner",0.896333341528778,"small","large","Geissois benthamii","Eucalyptus grandis","small_large","N_NSW","N_AUS",NA,"Subcanopy","Canopy","Subcanopy_Canopy","Canopy.large_Subcanopy.small"
"505","Lophostemon sp. small","Eucalyptus grandis large",-0.150433041946696,-0.391435632863244,0.0905695489698525,-0.15548103049921,-0.145385053394181,0.12296276503933,"Bruxner",0.482005181833096,"small","large","Lophostemon sp","Eucalyptus grandis","small_large","N_NSW","N_AUS",NA,"Canopy","Canopy","Canopy_Canopy","Canopy.large_Canopy.small"
"506","Schizomeria ovata small","Eucalyptus grandis large",0.0505495789282593,-0.515593286827618,0.616692444684137,0.0413999908104639,0.0596991670460548,0.288853708650537,"Bruxner",1.13228573151175,"small","large","Schizomeria ovata","Eucalyptus grandis","small_large","N_NSW","N_AUS",NA,"Subcanopy","Canopy","Subcanopy_Canopy","Canopy.large_Subcanopy.small"
"507","Syncarpia glomulifera subsp glabra small","Eucalyptus grandis large",0.439641171652713,-0.199936582638124,1.07921892594355,0.42691951705718,0.452362826248247,0.326321176988835,"Bruxner",1.27915550858167,"small","large","Syncarpia glomulifera","Eucalyptus grandis","small_large","N_NSW","N_AUS",NA,"Canopy","Canopy","Canopy_Canopy","Canopy.large_Canopy.small"
"508","Eucalyptus grandis small","Eucalyptus grandis small",0.0390284844296271,-0.223341873637083,0.301398842496337,0.0290607944492949,0.0489961744099593,0.133864887383776,"Bruxner",0.524740716133421,"small","small","Eucalyptus grandis","Eucalyptus grandis","small_small","N_NSW","N_AUS",NA,"Canopy","Canopy","Canopy_Canopy","Canopy.small_Canopy.small"
"509","Geissois benthamii small","Eucalyptus grandis small",0.132197739296155,-0.165713631780751,0.430109110373062,0.125032631299667,0.139362847292644,0.151998390494312,"Bruxner",0.595822742153813,"small","small","Geissois benthamii","Eucalyptus grandis","small_small","N_NSW","N_AUS",NA,"Subcanopy","Canopy","Subcanopy_Canopy","Canopy.small_Subcanopy.small"
"510","Lophostemon sp. small","Eucalyptus grandis small",0.137304063624159,-0.0181468523556947,0.292754979604012,0.132826008523829,0.141782118724488,0.079313149224185,"Bruxner",0.310901831959707,"small","small","Lophostemon sp","Eucalyptus grandis","small_small","N_NSW","N_AUS",NA,"Canopy","Canopy","Canopy_Canopy","Canopy.small_Canopy.small"
"511","Schizomeria ovata small","Eucalyptus grandis small",-0.199774688678088,-0.611090732349184,0.211541354993007,-0.206561160942684,-0.192988216413493,0.209858980530002,"Bruxner",0.822632087342191,"small","small","Schizomeria ovata","Eucalyptus grandis","small_small","N_NSW","N_AUS",NA,"Subcanopy","Canopy","Subcanopy_Canopy","Canopy.small_Subcanopy.small"
"512","Syncarpia glomulifera subsp glabra small","Eucalyptus grandis small",-0.166816826467009,-0.559744855425319,0.226111202491301,-0.175902690291144,-0.157730962642875,0.20047716797741,"Bruxner",0.78585605791662,"small","small","Syncarpia glomulifera","Eucalyptus grandis","small_small","N_NSW","N_AUS",NA,"Canopy","Canopy","Canopy_Canopy","Canopy.small_Canopy.small"
"513","Geissois benthamii small","Geissois benthamii small",-0.115622954106987,-0.724536091996301,0.493290183782328,-0.127079483959836,-0.104166424254137,0.310675677049346,"Bruxner",1.21782627577863,"small","small","Geissois benthamii","Geissois benthamii","small_small","N_NSW","N_AUS",NA,"Subcanopy","Subcanopy","Subcanopy_Subcanopy","Subcanopy.small_Subcanopy.small"
"514","Lophostemon sp. small","Geissois benthamii small",0.157632800770322,-0.143932153361002,0.459197754901645,0.152156667626243,0.1631089339144,0.153862497734667,"Bruxner",0.603129908262647,"small","small","Lophostemon sp","Geissois benthamii","small_small","N_NSW","N_AUS",NA,"Canopy","Subcanopy","Canopy_Subcanopy","Canopy.small_Subcanopy.small"
"515","Schizomeria ovata small","Geissois benthamii small",0.549202928506856,-0.147690692524554,1.24609654953827,0.5385069613284,0.559898895685311,0.355564503495176,"Bruxner",1.39378724206282,"small","small","Schizomeria ovata","Geissois benthamii","small_small","N_NSW","N_AUS",NA,"Subcanopy","Subcanopy","Subcanopy_Subcanopy","Subcanopy.small_Subcanopy.small"
"516","Syncarpia glomulifera subsp glabra small","Geissois benthamii small",-0.508921306119025,-1.84759520747518,0.829752595237132,-0.526930068923009,-0.490912543315041,0.683009438905738,"Bruxner",2.67734780271231,"small","small","Syncarpia glomulifera","Geissois benthamii","small_small","N_NSW","N_AUS",NA,"Canopy","Subcanopy","Canopy_Subcanopy","Canopy.small_Subcanopy.small"
"517","Lophostemon sp. small","Lophostemon sp. small",0.193720391108011,-0.0302412156513894,0.417681997867412,0.186386735704694,0.201054046511328,0.114268225603114,"Bruxner",0.447923213518801,"small","small","Lophostemon sp","Lophostemon sp","small_small","N_NSW","N_AUS",NA,"Canopy","Canopy","Canopy_Canopy","Canopy.small_Canopy.small"
"518","Schizomeria ovata small","Lophostemon sp. small",0.1020826976263,-0.154504058434485,0.358669453687085,0.0982076735416773,0.105957721710922,0.130914015810856,"Bruxner",0.51317351212157,"small","small","Schizomeria ovata","Lophostemon sp","small_small","N_NSW","N_AUS",NA,"Subcanopy","Canopy","Subcanopy_Canopy","Canopy.small_Subcanopy.small"
"519","Syncarpia glomulifera subsp glabra small","Lophostemon sp. small",0.234177631376152,-0.108076562051604,0.576431824803909,0.228422904938784,0.23993235781352,0.174622695175735,"Bruxner",0.684508386855513,"small","small","Syncarpia glomulifera","Lophostemon sp","small_small","N_NSW","N_AUS",NA,"Canopy","Canopy","Canopy_Canopy","Canopy.small_Canopy.small"
"520","Schizomeria ovata small","Schizomeria ovata small",-0.491816092594535,-1.45349684869552,0.469864663506447,-0.503776510644303,-0.479855674544768,0.490662463028197,"Bruxner",1.92336151220197,"small","small","Schizomeria ovata","Schizomeria ovata","small_small","N_NSW","N_AUS",NA,"Subcanopy","Subcanopy","Subcanopy_Subcanopy","Subcanopy.small_Subcanopy.small"
"521","Syncarpia glomulifera subsp glabra small","Schizomeria ovata small",-0.284007425030569,-1.07378869320109,0.505773843139956,-0.295117677914966,-0.272897172146172,0.402957031047621,"Bruxner",1.57956253634105,"small","small","Syncarpia glomulifera","Schizomeria ovata","small_small","N_NSW","N_AUS",NA,"Canopy","Subcanopy","Canopy_Subcanopy","Canopy.small_Subcanopy.small"
"522","Syncarpia glomulifera subsp glabra small","Syncarpia glomulifera subsp glabra small",-0.102889984809167,-0.850630835829567,0.644850866211232,-0.11437769203794,-0.0914022775803942,0.381507444482901,"Bruxner",1.4954817020408,"small","small","Syncarpia glomulifera","Syncarpia glomulifera","small_small","N_NSW","N_AUS",NA,"Canopy","Canopy","Canopy_Canopy","Canopy.small_Canopy.small"
"523","Allocasuarina torulosa small","Allocasuarina torulosa small",0.129798029970306,-0.200082327357215,0.459678387297827,0.121096509186758,0.138499550753855,0.168309397483615,"Osullivans",0.659760714655042,"small","small","Allocasuarina torulosa","Allocasuarina torulosa","small_small","N_NSW","N_AUS",NA,"Subcanopy","Subcanopy","Subcanopy_Subcanopy","Subcanopy.small_Subcanopy.small"
"524","Cryptocarya glaucescens small","Allocasuarina torulosa small",-0.228727077241929,-0.881066264141379,0.423612109657522,-0.23555058326665,-0.221903571217207,0.332832231635387,"Osullivans",1.3046783737989,"small","small","Cryptocarya glaucescens","Allocasuarina torulosa","small_small","N_NSW","N_AUS",NA,"Subcanopy","Subcanopy","Subcanopy_Subcanopy","Subcanopy.small_Subcanopy.small"
"525","Cryptocarya microneura large","Allocasuarina torulosa small",-0.00296392852735862,-0.291320475188028,0.28539261813331,-0.00702070388122077,0.00109284682650353,0.147123390498595,"Osullivans",0.576713093321338,"large","small","Cryptocarya microneura","Allocasuarina torulosa","large_small","N_NSW","N_AUS",NA,"Subcanopy","Subcanopy","Subcanopy_Subcanopy","Subcanopy.large_Subcanopy.small"
"526","Cryptocarya microneura small","Allocasuarina torulosa small",-0.15090745955218,-0.382563289771953,0.0807483706675927,-0.154147869754782,-0.147667049349579,0.118193921953181,"Osullivans",0.463311660439546,"small","small","Cryptocarya microneura","Allocasuarina torulosa","small_small","N_NSW","N_AUS",NA,"Subcanopy","Subcanopy","Subcanopy_Subcanopy","Subcanopy.small_Subcanopy.small"
"527","Eucalyptus grandis large","Allocasuarina torulosa small",-0.0735622323681271,-0.372508776910948,0.225384312174693,-0.0804293778069147,-0.0666950869293394,0.152526549926873,"Osullivans",0.597893089085641,"large","small","Eucalyptus grandis","Allocasuarina torulosa","large_small","N_NSW","N_AUS",NA,"Canopy","Subcanopy","Canopy_Subcanopy","Canopy.large_Subcanopy.small"
"528","Eucalyptus grandis small","Allocasuarina torulosa small",-0.0145557141913531,-0.192626164511967,0.163514736129261,-0.0173495308910136,-0.0117618974916926,0.0908539400342105,"Osullivans",0.356140900641229,"small","small","Eucalyptus grandis","Allocasuarina torulosa","small_small","N_NSW","N_AUS",NA,"Canopy","Subcanopy","Canopy_Subcanopy","Canopy.small_Subcanopy.small"
"529","Syncarpia glomulifera subsp glomulifera large","Allocasuarina torulosa small",-0.340520791072094,-0.875553768183566,0.194512186039378,-0.347545123023378,-0.33349645912081,0.272981024820733,"Osullivans",1.07006595422294,"large","small","Syncarpia glomulifera","Allocasuarina torulosa","large_small","N_NSW","N_AUS",NA,"Canopy","Subcanopy","Canopy_Subcanopy","Canopy.large_Subcanopy.small"
"530","Syncarpia glomulifera subsp glomulifera small","Allocasuarina torulosa small",-0.0230475830334753,-0.153038487408026,0.106943321341076,-0.0262154648516693,-0.0198797012152813,0.0663231086897019,"Osullivans",0.259981808749102,"small","small","Syncarpia glomulifera","Allocasuarina torulosa","small_small","N_NSW","N_AUS",NA,"Canopy","Subcanopy","Canopy_Subcanopy","Canopy.small_Subcanopy.small"
"531","Cryptocarya glaucescens small","Cryptocarya glaucescens small",-0.263175002705898,-0.966453872851047,0.440103867439251,-0.272520830526778,-0.253829174885018,0.358822343518821,"Osullivans",1.4065577402903,"small","small","Cryptocarya glaucescens","Cryptocarya glaucescens","small_small","N_NSW","N_AUS",NA,"Subcanopy","Subcanopy","Subcanopy_Subcanopy","Subcanopy.small_Subcanopy.small"
"532","Cryptocarya microneura large","Cryptocarya glaucescens small",0.217824625587562,-0.173922437855947,0.609571689031072,0.212245841333793,0.223403409841332,0.199874623479595,"Osullivans",0.783494126887019,"large","small","Cryptocarya microneura","Cryptocarya glaucescens","large_small","N_NSW","N_AUS",NA,"Subcanopy","Subcanopy","Subcanopy_Subcanopy","Subcanopy.large_Subcanopy.small"
"533","Cryptocarya microneura small","Cryptocarya glaucescens small",0.0985709337294477,-0.243086905296352,0.440228772755248,0.0934820168201035,0.103659850638792,0.17431842713476,"Osullivans",0.6833156780516,"small","small","Cryptocarya microneura","Cryptocarya glaucescens","small_small","N_NSW","N_AUS",NA,"Subcanopy","Subcanopy","Subcanopy_Subcanopy","Subcanopy.small_Subcanopy.small"
"534","Eucalyptus grandis large","Cryptocarya glaucescens small",0.445149372394818,-0.0926651468322806,0.982963891621917,0.437012647211186,0.453286097578451,0.274400205039129,"Osullivans",1.0756290384542,"large","small","Eucalyptus grandis","Cryptocarya glaucescens","large_small","N_NSW","N_AUS",NA,"Canopy","Subcanopy","Canopy_Subcanopy","Canopy.large_Subcanopy.small"
"535","Eucalyptus grandis small","Cryptocarya glaucescens small",0.0793469294297644,-0.135531373532063,0.294225232391591,0.0755976348155702,0.0830962240439586,0.109633801772257,"Osullivans",0.429756605923654,"small","small","Eucalyptus grandis","Cryptocarya glaucescens","small_small","N_NSW","N_AUS",NA,"Canopy","Subcanopy","Canopy_Subcanopy","Canopy.small_Subcanopy.small"
"536","Syncarpia glomulifera subsp glomulifera large","Cryptocarya glaucescens small",0.108496695160477,-0.553908607760907,0.77090199808186,0.100113555996503,0.11687983432445,0.337968099488742,"Osullivans",1.32481060584277,"large","small","Syncarpia glomulifera","Cryptocarya glaucescens","large_small","N_NSW","N_AUS",NA,"Canopy","Subcanopy","Canopy_Subcanopy","Canopy.large_Subcanopy.small"
"537","Syncarpia glomulifera subsp glomulifera small","Cryptocarya glaucescens small",0.0190264599400279,-0.222952801119322,0.261005720999378,0.0150637938244994,0.0229891260555565,0.123461075289164,"Osullivans",0.4839585221187,"small","small","Syncarpia glomulifera","Cryptocarya glaucescens","small_small","N_NSW","N_AUS",NA,"Canopy","Subcanopy","Canopy_Subcanopy","Canopy.small_Subcanopy.small"
"538","Cryptocarya microneura large","Cryptocarya microneura large",0.123535533006247,-0.231818448941176,0.478889514953669,0.116528846602742,0.130542219409751,0.181306383561335,"Osullivans",0.710707963894845,"large","large","Cryptocarya microneura","Cryptocarya microneura","large_large","N_NSW","N_AUS",NA,"Subcanopy","Subcanopy","Subcanopy_Subcanopy","Subcanopy.large_Subcanopy.large"
"539","Cryptocarya microneura small","Cryptocarya microneura large",0.0650958328369287,-0.134537918854375,0.264729584528232,0.0611334262359306,0.0690582394379268,0.101855826569258,"Osullivans",0.399267503382607,"small","large","Cryptocarya microneura","Cryptocarya microneura","small_large","N_NSW","N_AUS",NA,"Subcanopy","Subcanopy","Subcanopy_Subcanopy","Subcanopy.large_Subcanopy.small"
"540","Eucalyptus grandis large","Cryptocarya microneura large",-0.0987824161121834,-0.384639023494389,0.187074191270022,-0.105291476433854,-0.0922733557905124,0.145847887837229,"Osullivans",0.571713214764412,"large","large","Eucalyptus grandis","Cryptocarya microneura","large_large","N_NSW","N_AUS",NA,"Canopy","Subcanopy","Canopy_Subcanopy","Canopy.large_Subcanopy.large"
"541","Eucalyptus grandis small","Cryptocarya microneura large",-0.0144511549033592,-0.15727447587104,0.128372166064322,-0.0173408626810473,-0.0115614471256711,0.0728703803203801,"Osullivans",0.285646641935363,"small","large","Eucalyptus grandis","Cryptocarya microneura","small_large","N_NSW","N_AUS",NA,"Canopy","Subcanopy","Canopy_Subcanopy","Canopy.small_Subcanopy.large"
"542","Syncarpia glomulifera subsp glomulifera large","Cryptocarya microneura large",-0.240179559632282,-0.702421193335589,0.222062074071025,-0.24660581849755,-0.233753300767014,0.235841901866264,"Osullivans",0.924483267406614,"large","large","Syncarpia glomulifera","Cryptocarya microneura","large_large","N_NSW","N_AUS",NA,"Canopy","Subcanopy","Canopy_Subcanopy","Canopy.large_Subcanopy.large"
"543","Syncarpia glomulifera subsp glomulifera small","Cryptocarya microneura large",-0.108609302386798,-0.277761147358176,0.0605425425845798,-0.111612298809938,-0.105606305963658,0.0863035475680298,"Osullivans",0.338303689942756,"small","large","Syncarpia glomulifera","Cryptocarya microneura","small_large","N_NSW","N_AUS",NA,"Canopy","Subcanopy","Canopy_Subcanopy","Canopy.small_Subcanopy.large"
"544","Cryptocarya microneura small","Cryptocarya microneura small",0.0887557058911136,-0.14125494700836,0.318766358790588,0.0830681952581933,0.094443216524034,0.117354530345337,"Osullivans",0.460021305798948,"small","small","Cryptocarya microneura","Cryptocarya microneura","small_small","N_NSW","N_AUS",NA,"Subcanopy","Subcanopy","Subcanopy_Subcanopy","Subcanopy.small_Subcanopy.small"
"545","Eucalyptus grandis large","Cryptocarya microneura small",-0.0772703505841149,-0.366199144143336,0.211658442975106,-0.0833696173522095,-0.0711710838160202,0.14741535856692,"Osullivans",0.577857587118442,"large","small","Eucalyptus grandis","Cryptocarya microneura","large_small","N_NSW","N_AUS",NA,"Canopy","Subcanopy","Canopy_Subcanopy","Canopy.large_Subcanopy.small"
"546","Eucalyptus grandis small","Cryptocarya microneura small",0.00644819931813226,-0.117566533540467,0.130462932176731,0.00354200903354289,0.00935438960272162,0.0632739855613734,"Osullivans",0.248029465717198,"small","small","Eucalyptus grandis","Cryptocarya microneura","small_small","N_NSW","N_AUS",NA,"Canopy","Subcanopy","Canopy_Subcanopy","Canopy.small_Subcanopy.small"
"547","Syncarpia glomulifera subsp glomulifera large","Cryptocarya microneura small",-0.184588803003986,-0.542899525382557,0.173721919374584,-0.189353638402259,-0.179823967605713,0.18281495231794,"Osullivans",0.716621444757141,"large","small","Syncarpia glomulifera","Cryptocarya microneura","large_small","N_NSW","N_AUS",NA,"Canopy","Subcanopy","Canopy_Subcanopy","Canopy.large_Subcanopy.small"
"548","Syncarpia glomulifera subsp glomulifera small","Cryptocarya microneura small",0.0181727937325273,-0.120083470020801,0.156429057485855,0.0151297668629513,0.0212158206021034,0.0705402062710722,"Osullivans",0.276512527506656,"small","small","Syncarpia glomulifera","Cryptocarya microneura","small_small","N_NSW","N_AUS",NA,"Canopy","Subcanopy","Canopy_Subcanopy","Canopy.small_Subcanopy.small"
"549","Eucalyptus grandis large","Eucalyptus grandis large",-0.905664109849347,-1.59692414874006,-0.214404070958634,-0.922215861275288,-0.889112358423406,0.352690174076302,"Osullivans",1.38252007778143,"large","large","Eucalyptus grandis","Eucalyptus grandis","large_large","N_NSW","N_AUS",1,"Canopy","Canopy","Canopy_Canopy","Canopy.large_Canopy.large"
"550","Eucalyptus grandis small","Eucalyptus grandis large",-0.00327074224700431,-0.223885353860967,0.217343869366958,-0.00729974697577769,0.00075826248176906,0.11256054363965,"Osullivans",0.441229223227925,"small","large","Eucalyptus grandis","Eucalyptus grandis","small_large","N_NSW","N_AUS",NA,"Canopy","Canopy","Canopy_Canopy","Canopy.large_Canopy.small"
"551","Syncarpia glomulifera subsp glomulifera large","Eucalyptus grandis large",0.141888464174099,-0.433019627749244,0.716796556097442,0.132265549133063,0.151511379215135,0.293325844994166,"Osullivans",1.14981618384669,"large","large","Syncarpia glomulifera","Eucalyptus grandis","large_large","N_NSW","N_AUS",NA,"Canopy","Canopy","Canopy_Canopy","Canopy.large_Canopy.large"
"552","Syncarpia glomulifera subsp glomulifera small","Eucalyptus grandis large",-0.200339922734489,-0.389382565183159,-0.0112972802858195,-0.206301924562875,-0.194377920906104,0.0964521001099072,"Osullivans",0.37808528489734,"small","large","Syncarpia glomulifera","Eucalyptus grandis","small_large","N_NSW","N_AUS",1,"Canopy","Canopy","Canopy_Canopy","Canopy.large_Canopy.small"
"553","Eucalyptus grandis small","Eucalyptus grandis small",0.281204967670016,0.11353801706611,0.448871918273922,0.274975857430618,0.287434077909415,0.0855459344796341,"Osullivans",0.335333901207812,"small","small","Eucalyptus grandis","Eucalyptus grandis","small_small","N_NSW","N_AUS",1,"Canopy","Canopy","Canopy_Canopy","Canopy.small_Canopy.small"
"554","Syncarpia glomulifera subsp glomulifera large","Eucalyptus grandis small",0.0702588773981253,-0.215181002157626,0.355698756953877,0.0659059399664369,0.0746118148298137,0.145635267692297,"Osullivans",0.570879759111503,"large","small","Syncarpia glomulifera","Eucalyptus grandis","large_small","N_NSW","N_AUS",NA,"Canopy","Canopy","Canopy_Canopy","Canopy.large_Canopy.small"
"555","Syncarpia glomulifera subsp glomulifera small","Eucalyptus grandis small",0.0573805752385381,-0.0466266154443052,0.161387765921381,0.0546143341805678,0.0601468162965083,0.0530658683033151,"Osullivans",0.208014381365686,"small","small","Syncarpia glomulifera","Eucalyptus grandis","small_small","N_NSW","N_AUS",NA,"Canopy","Canopy","Canopy_Canopy","Canopy.small_Canopy.small"
"556","Syncarpia glomulifera subsp glomulifera large","Syncarpia glomulifera subsp glomulifera large",-0.505073120959329,-1.61768759932511,0.60754135740645,-0.518886494253341,-0.491259747665316,0.567670879231424,"Osullivans",2.22522895673156,"large","large","Syncarpia glomulifera","Syncarpia glomulifera","large_large","N_NSW","N_AUS",NA,"Canopy","Canopy","Canopy_Canopy","Canopy.large_Canopy.large"
"557","Syncarpia glomulifera subsp glomulifera small","Syncarpia glomulifera subsp glomulifera large",-0.138535741384351,-0.383916792946749,0.106845310178047,-0.142768946699556,-0.134302536069146,0.125196714581458,"Osullivans",0.490762103124796,"small","large","Syncarpia glomulifera","Syncarpia glomulifera","small_large","N_NSW","N_AUS",NA,"Canopy","Canopy","Canopy_Canopy","Canopy.large_Canopy.small"
"558","Syncarpia glomulifera subsp glomulifera small","Syncarpia glomulifera subsp glomulifera small",0.136487845324934,-0.0846762729259476,0.357651963575816,0.128517564564497,0.144458126085372,0.112840909320475,"Osullivans",0.442328236501764,"small","small","Syncarpia glomulifera","Syncarpia glomulifera","small_small","N_NSW","N_AUS",NA,"Canopy","Canopy","Canopy_Canopy","Canopy.small_Canopy.small"
"559","Acacia melanoxylon small","Acacia melanoxylon small",0.382254981060972,0.180788336787902,0.583721625334043,0.375040991484307,0.389468970637638,0.102790993029573,"Herberton",0.40293328854614,"small","small","Acacia melanoxylon","Acacia melanoxylon","small_small","QLD","N_AUS",1,"Subcanopy","Subcanopy","Subcanopy_Subcanopy","Subcanopy.small_Subcanopy.small"
"560","Corymbia intermedia large","Acacia melanoxylon small",0.0951217318500049,-0.0961772960215175,0.286420759721527,0.0914218831178516,0.0988215805821581,0.0976033383166552,"Herberton",0.382598055743045,"large","small","Corymbia intermedia","Acacia melanoxylon","large_small","QLD","N_AUS",NA,"Subcanopy","Subcanopy","Subcanopy_Subcanopy","Subcanopy.large_Subcanopy.small"
"561","Corymbia intermedia small","Acacia melanoxylon small",0.121870895280824,-0.0316384399172031,0.275380230478851,0.118309537742191,0.125432252819457,0.0783225285815909,"Herberton",0.307018670396054,"small","small","Corymbia intermedia","Acacia melanoxylon","small_small","QLD","N_AUS",NA,"Subcanopy","Subcanopy","Subcanopy_Subcanopy","Subcanopy.small_Subcanopy.small"
"562","Eucalyptus grandis large","Acacia melanoxylon small",0.164932879222783,-0.177574767023507,0.507440525469074,0.159551924814438,0.170313833631128,0.174752010214446,"Herberton",0.685015292492581,"large","small","Eucalyptus grandis","Acacia melanoxylon","large_small","QLD","N_AUS",NA,"Canopy","Subcanopy","Canopy_Subcanopy","Canopy.large_Subcanopy.small"
"563","Eucalyptus grandis small","Acacia melanoxylon small",0.0971064649905944,-0.0616350924657291,0.255848022446918,0.0935094848105665,0.100703445170622,0.0809920787873944,"Herberton",0.317483114912647,"small","small","Eucalyptus grandis","Acacia melanoxylon","small_small","QLD","N_AUS",NA,"Canopy","Subcanopy","Canopy_Subcanopy","Canopy.small_Subcanopy.small"
"564","Corymbia intermedia large","Corymbia intermedia large",-0.0161592734090799,-0.389649067282972,0.357330520464812,-0.0223247886391586,-0.00999375817900126,0.190559518858475,"Herberton",0.746979587747784,"large","large","Corymbia intermedia","Corymbia intermedia","large_large","QLD","N_AUS",NA,"Subcanopy","Subcanopy","Subcanopy_Subcanopy","Subcanopy.large_Subcanopy.large"
"565","Corymbia intermedia small","Corymbia intermedia large",-0.00246724691934931,-0.159551939148409,0.15461744530971,-0.00571604764344738,0.00078155380474875,0.0801467238521336,"Herberton",0.314169384458118,"small","large","Corymbia intermedia","Corymbia intermedia","small_large","QLD","N_AUS",NA,"Subcanopy","Subcanopy","Subcanopy_Subcanopy","Subcanopy.large_Subcanopy.small"
"566","Eucalyptus grandis large","Corymbia intermedia large",-0.411564523997724,-0.803289230397532,-0.0198398175979149,-0.41967023767963,-0.403458810315817,0.199863216615042,"Herberton",0.783449412799617,"large","large","Eucalyptus grandis","Corymbia intermedia","large_large","QLD","N_AUS",1,"Canopy","Subcanopy","Canopy_Subcanopy","Canopy.large_Subcanopy.large"
"567","Eucalyptus grandis small","Corymbia intermedia large",-0.0359681885777221,-0.227005365645859,0.155068988490414,-0.0389915722541117,-0.0329448049013325,0.0974697385130611,"Herberton",0.382074354136273,"small","large","Eucalyptus grandis","Corymbia intermedia","small_large","QLD","N_AUS",NA,"Canopy","Subcanopy","Canopy_Subcanopy","Canopy.small_Subcanopy.large"
"568","Corymbia intermedia small","Corymbia intermedia small",0.0225612451702327,-0.220879546462623,0.266002036803089,0.0128639612685466,0.0322585290719187,0.124206767855474,"Herberton",0.486881583265712,"small","small","Corymbia intermedia","Corymbia intermedia","small_small","QLD","N_AUS",NA,"Subcanopy","Subcanopy","Subcanopy_Subcanopy","Subcanopy.small_Subcanopy.small"
"569","Eucalyptus grandis large","Corymbia intermedia small",-0.182777688075095,-0.3844462614868,0.0188908853366107,-0.188167480521833,-0.177387895628356,0.10289401999345,"Herberton",0.403337146823411,"large","small","Eucalyptus grandis","Corymbia intermedia","large_small","QLD","N_AUS",NA,"Canopy","Subcanopy","Canopy_Subcanopy","Canopy.large_Subcanopy.small"
"570","Eucalyptus grandis small","Corymbia intermedia small",-0.231658919004176,-0.362527729505772,-0.10079010850258,-0.235055518461802,-0.22826231954655,0.0667710282096366,"Herberton",0.261737621003191,"small","small","Eucalyptus grandis","Corymbia intermedia","small_small","QLD","N_AUS",1,"Canopy","Subcanopy","Canopy_Subcanopy","Canopy.small_Subcanopy.small"
"571","Eucalyptus grandis large","Eucalyptus grandis large",-0.633015761867761,-1.29840178454266,0.0323702608071412,-0.65369994954435,-0.612331574191171,0.339488902818308,"Herberton",1.3307720453498,"large","large","Eucalyptus grandis","Eucalyptus grandis","large_large","QLD","N_AUS",NA,"Canopy","Canopy","Canopy_Canopy","Canopy.large_Canopy.large"
"572","Eucalyptus grandis small","Eucalyptus grandis large",-0.15183255716124,-0.398515293320596,0.0948501789981159,-0.159344256047092,-0.144320858275388,0.125860851579497,"Herberton",0.493365472318712,"small","large","Eucalyptus grandis","Eucalyptus grandis","small_large","QLD","N_AUS",NA,"Canopy","Canopy","Canopy_Canopy","Canopy.large_Canopy.small"
"573","Eucalyptus grandis small","Eucalyptus grandis small",0.0005453331974947,-0.271539811917153,0.272630478312142,-0.00683318651509572,0.00792385291008513,0.138821502466791,"Herberton",0.544170290229295,"small","small","Eucalyptus grandis","Eucalyptus grandis","small_small","QLD","N_AUS",NA,"Canopy","Canopy","Canopy_Canopy","Canopy.small_Canopy.small"
"574","Allocasuarina torulosa large","Allocasuarina torulosa large",0.0121316481218103,-0.203121994809561,0.227385291053181,0.00771599991980318,0.0165472963238175,0.10982530527564,"Lamb Range",0.430507285862742,"large","large","Allocasuarina torulosa","Allocasuarina torulosa","large_large","QLD","N_AUS",NA,"Subcanopy","Subcanopy","Subcanopy_Subcanopy","Subcanopy.large_Subcanopy.large"
"575","Allocasuarina torulosa small","Allocasuarina torulosa large",0.0750246717963379,-0.0409974313080599,0.191046774900736,0.0724470941103969,0.0776022494822789,0.0591960383045634,"Lamb Range",0.232044206208795,"small","large","Allocasuarina torulosa","Allocasuarina torulosa","small_large","QLD","N_AUS",NA,"Subcanopy","Subcanopy","Subcanopy_Subcanopy","Subcanopy.large_Subcanopy.small"
"576","Eucalyptus grandis large","Allocasuarina torulosa large",-0.084663409184725,-0.264561064929669,0.0952342465602186,-0.0875496241130484,-0.0817771942564016,0.091786204830269,"Lamb Range",0.359795311489887,"large","large","Eucalyptus grandis","Allocasuarina torulosa","large_large","QLD","N_AUS",NA,"Canopy","Subcanopy","Canopy_Subcanopy","Canopy.large_Subcanopy.large"
"577","Eucalyptus grandis small","Allocasuarina torulosa large",-0.0711005625321658,-0.187428662048655,0.0452275369843235,-0.0737375699131949,-0.0684635551511368,0.0593521617917832,"Lamb Range",0.232656199032979,"small","large","Eucalyptus grandis","Allocasuarina torulosa","small_large","QLD","N_AUS",NA,"Canopy","Subcanopy","Canopy_Subcanopy","Canopy.small_Subcanopy.large"
"578","Allocasuarina torulosa small","Allocasuarina torulosa small",0.175771951781295,0.00182140463516745,0.349722498927423,0.170163124922741,0.181380778639849,0.0887519099933608,"Lamb Range",0.347901094292255,"small","small","Allocasuarina torulosa","Allocasuarina torulosa","small_small","QLD","N_AUS",1,"Subcanopy","Subcanopy","Subcanopy_Subcanopy","Subcanopy.small_Subcanopy.small"
"579","Eucalyptus grandis large","Allocasuarina torulosa small",0.00837255376511275,-0.135230011131325,0.151975118661551,0.00563364859691323,0.0111114589333123,0.0732679610590586,"Lamb Range",0.287205129792876,"large","small","Eucalyptus grandis","Allocasuarina torulosa","large_small","QLD","N_AUS",NA,"Canopy","Subcanopy","Canopy_Subcanopy","Canopy.large_Subcanopy.small"
"580","Eucalyptus grandis small","Allocasuarina torulosa small",-0.0470410927509632,-0.142785134669213,0.048702949167287,-0.0498737495544157,-0.0442084359475108,0.0488498986070494,"Lamb Range",0.1914880838365,"small","small","Eucalyptus grandis","Allocasuarina torulosa","small_small","QLD","N_AUS",NA,"Canopy","Subcanopy","Canopy_Subcanopy","Canopy.small_Subcanopy.small"
"581","Eucalyptus grandis large","Eucalyptus grandis large",0.00948832225428757,-0.315121522435561,0.334098166944136,0.00435395563697364,0.0146226888716015,0.165620311010982,"Lamb Range",0.649219689379696,"large","large","Eucalyptus grandis","Eucalyptus grandis","large_large","QLD","N_AUS",NA,"Canopy","Canopy","Canopy_Canopy","Canopy.large_Canopy.large"
"582","Eucalyptus grandis small","Eucalyptus grandis large",0.0345459431636573,-0.0924792182727956,0.16157110460011,0.0317118803766467,0.0373800059506679,0.0648099467329049,"Lamb Range",0.254050322872906,"small","large","Eucalyptus grandis","Eucalyptus grandis","small_large","QLD","N_AUS",NA,"Canopy","Canopy","Canopy_Canopy","Canopy.large_Canopy.small"
"583","Eucalyptus grandis small","Eucalyptus grandis small",0.35464782416479,0.212665814094358,0.496629834235223,0.347078360821517,0.362217287508063,0.0724411321791465,"Lamb Range",0.283964020140865,"small","small","Eucalyptus grandis","Eucalyptus grandis","small_small","QLD","N_AUS",1,"Canopy","Canopy","Canopy_Canopy","Canopy.small_Canopy.small"
"584","Allocasuarina torulosa small","Allocasuarina torulosa small",0.251480744513314,-0.0119350041026331,0.514896493129262,0.246802219639508,0.256159269387121,0.134398259709738,"Baldy",0.526831497231895,"small","small","Allocasuarina torulosa","Allocasuarina torulosa","small_small","QLD","N_AUS",NA,"Subcanopy","Subcanopy","Subcanopy_Subcanopy","Subcanopy.small_Subcanopy.small"
"585","Corymbia intermedia small","Allocasuarina torulosa small",0.136479341771964,-0.110500787850311,0.383459471394238,0.132381123241903,0.140577560302025,0.12601258572628,"Baldy",0.493960259244549,"small","small","Corymbia intermedia","Allocasuarina torulosa","small_small","QLD","N_AUS",NA,"Subcanopy","Subcanopy","Subcanopy_Subcanopy","Subcanopy.small_Subcanopy.small"
"586","Eucalyptus grandis large","Allocasuarina torulosa small",-0.116920768724139,-0.364911683450703,0.131070146002425,-0.119860296740392,-0.113981240707886,0.126528301888547,"Baldy",0.495981829453128,"large","small","Eucalyptus grandis","Allocasuarina torulosa","large_small","QLD","N_AUS",NA,"Canopy","Subcanopy","Canopy_Subcanopy","Canopy.large_Subcanopy.small"
"587","Eucalyptus grandis small","Allocasuarina torulosa small",0.153651420048187,-0.144212616966233,0.451515457062606,0.14913531564854,0.158167524447833,0.15197424001866,"Baldy",0.59572807402884,"small","small","Eucalyptus grandis","Allocasuarina torulosa","small_small","QLD","N_AUS",NA,"Canopy","Subcanopy","Canopy_Subcanopy","Canopy.small_Subcanopy.small"
"588","Corymbia intermedia small","Corymbia intermedia small",0.197046549569943,-0.187140216995158,0.581233316135044,0.189842243930658,0.204250855209228,0.196017258273885,"Baldy",0.768373533130202,"small","small","Corymbia intermedia","Corymbia intermedia","small_small","QLD","N_AUS",NA,"Subcanopy","Subcanopy","Subcanopy_Subcanopy","Subcanopy.small_Subcanopy.small"
"589","Eucalyptus grandis large","Corymbia intermedia small",0.20102515582902,-0.116717622524266,0.518767934182306,0.196870713150524,0.205179598507516,0.162116641356474,"Baldy",0.635485556706572,"large","small","Eucalyptus grandis","Corymbia intermedia","large_small","QLD","N_AUS",NA,"Canopy","Subcanopy","Canopy_Subcanopy","Canopy.large_Subcanopy.small"
"590","Eucalyptus grandis small","Corymbia intermedia small",0.162598117595484,-0.192167179268659,0.517363414459628,0.156693921170577,0.168502314020391,0.181006028509956,"Baldy",0.709530593728287,"small","small","Eucalyptus grandis","Corymbia intermedia","small_small","QLD","N_AUS",NA,"Canopy","Subcanopy","Canopy_Subcanopy","Canopy.small_Subcanopy.small"
"591","Eucalyptus grandis large","Eucalyptus grandis large",-0.0734241914799322,-0.464631677588987,0.317783294629122,-0.0777891634211183,-0.0690592195387461,0.199599323862504,"Baldy",0.782414972218109,"large","large","Eucalyptus grandis","Eucalyptus grandis","large_large","QLD","N_AUS",NA,"Canopy","Canopy","Canopy_Canopy","Canopy.large_Canopy.large"
"592","Eucalyptus grandis small","Eucalyptus grandis large",-0.102891931537727,-0.402995410906708,0.197211547831253,-0.106519142674939,-0.0992647204005157,0.153116833643964,"Baldy",0.600206958737961,"small","large","Eucalyptus grandis","Eucalyptus grandis","small_large","QLD","N_AUS",NA,"Canopy","Canopy","Canopy_Canopy","Canopy.large_Canopy.small"
"593","Eucalyptus grandis small","Eucalyptus grandis small",-0.161360834595468,-0.686840089980441,0.364118420789505,-0.169275122241847,-0.153446546949089,0.26810658743216,"Baldy",1.05095851076995,"small","small","Eucalyptus grandis","Eucalyptus grandis","small_small","QLD","N_AUS",NA,"Canopy","Canopy","Canopy_Canopy","Canopy.small_Canopy.small"
"594","Acacia melanoxylon large","Acacia melanoxylon large",0.236551200470692,-0.0210088164273806,0.494111217368765,0.23010348923332,0.242998911708064,0.131410586587138,"Koombooloomba",0.515120033796146,"large","large","Acacia melanoxylon","Acacia melanoxylon","large_large","QLD","N_AUS",NA,"Subcanopy","Subcanopy","Subcanopy_Subcanopy","Subcanopy.large_Subcanopy.large"
"595","Acacia melanoxylon small","Acacia melanoxylon large",0.0463051358823888,-0.0561028500294623,0.14871312179424,0.0430695506164487,0.0495407211483289,0.0522499325087768,"Koombooloomba",0.204815971823702,"small","large","Acacia melanoxylon","Acacia melanoxylon","small_large","QLD","N_AUS",NA,"Subcanopy","Subcanopy","Subcanopy_Subcanopy","Subcanopy.large_Subcanopy.small"
"596","Eucalyptus grandis large","Acacia melanoxylon large",-0.0678474358664545,-0.435172270385388,0.299477398652479,-0.0738118022454892,-0.0618830694874198,0.187414073634182,"Koombooloomba",0.734649669037868,"large","large","Eucalyptus grandis","Acacia melanoxylon","large_large","QLD","N_AUS",NA,"Canopy","Subcanopy","Canopy_Subcanopy","Canopy.large_Subcanopy.large"
"597","Eucalyptus grandis small","Acacia melanoxylon large",0.0615298289610797,-0.0776291050692064,0.200688762991366,0.0575743961907929,0.0654852617313665,0.0710007607935422,"Koombooloomba",0.278317868060572,"small","large","Eucalyptus grandis","Acacia melanoxylon","small_large","QLD","N_AUS",NA,"Canopy","Subcanopy","Canopy_Subcanopy","Canopy.small_Subcanopy.large"
"598","Polyscias elegans small","Acacia melanoxylon large",0.0992954615130698,-0.100852645224812,0.299443568250952,0.0950386284401016,0.103552294586038,0.102118257435659,"Koombooloomba",0.400296213475764,"small","large","Polyscias elegans","Acacia melanoxylon","small_large","QLD","N_AUS",NA,"Subcanopy","Subcanopy","Subcanopy_Subcanopy","Subcanopy.large_Subcanopy.small"
"599","Sloanea langii small","Acacia melanoxylon large",-0.103831969825294,-0.320737304860567,0.113073365209978,-0.107873132346736,-0.0997908073038527,0.110668020813747,"Koombooloomba",0.433810670070544,"small","large","Sloanea langii","Acacia melanoxylon","small_large","QLD","N_AUS",NA,"Subcanopy","Subcanopy","Subcanopy_Subcanopy","Subcanopy.large_Subcanopy.small"
"600","Syncarpia glomulifera small","Acacia melanoxylon large",-0.0798494976184369,-0.321386059769357,0.161687064532483,-0.0846231327614373,-0.0750758624754366,0.123235204348717,"Koombooloomba",0.483073124301839,"small","large","Syncarpia glomulifera","Acacia melanoxylon","small_large","QLD","N_AUS",NA,"Canopy","Subcanopy","Canopy_Subcanopy","Canopy.small_Subcanopy.large"
"601","Acacia melanoxylon small","Acacia melanoxylon small",0.350641731954275,0.243463290301467,0.457820173607084,0.338776933584246,0.362506530324305,0.0546838832234767,"Koombooloomba",0.214356883305617,"small","small","Acacia melanoxylon","Acacia melanoxylon","small_small","QLD","N_AUS",1,"Subcanopy","Subcanopy","Subcanopy_Subcanopy","Subcanopy.small_Subcanopy.small"
"602","Eucalyptus grandis large","Acacia melanoxylon small",-0.191723026241788,-0.409104232592017,0.0256581801084414,-0.195892752115852,-0.187553300367724,0.110910816762402,"Koombooloomba",0.434762412700459,"large","small","Eucalyptus grandis","Acacia melanoxylon","large_small","QLD","N_AUS",NA,"Canopy","Subcanopy","Canopy_Subcanopy","Canopy.large_Subcanopy.small"
"603","Eucalyptus grandis small","Acacia melanoxylon small",-0.010569023003261,-0.0730589992980742,0.0519209532915521,-0.0137966412209281,-0.00734140478559398,0.0318832268285163,"Koombooloomba",0.124979952589626,"small","small","Eucalyptus grandis","Acacia melanoxylon","small_small","QLD","N_AUS",NA,"Canopy","Subcanopy","Canopy_Subcanopy","Canopy.small_Subcanopy.small"
"604","Polyscias elegans small","Acacia melanoxylon small",-0.00506600463634728,-0.121132822249881,0.111000812977186,-0.00833025139330432,-0.00180175787939025,0.0592188522488442,"Koombooloomba",0.232133635227067,"small","small","Polyscias elegans","Acacia melanoxylon","small_small","QLD","N_AUS",NA,"Subcanopy","Subcanopy","Subcanopy_Subcanopy","Subcanopy.small_Subcanopy.small"
"605","Sloanea langii small","Acacia melanoxylon small",0.0194404486945039,-0.117275172866451,0.156156070255458,0.0157204347306392,0.0231604626583685,0.0697541498922174,"Koombooloomba",0.273431243121909,"small","small","Sloanea langii","Acacia melanoxylon","small_small","QLD","N_AUS",NA,"Subcanopy","Subcanopy","Subcanopy_Subcanopy","Subcanopy.small_Subcanopy.small"
"606","Syncarpia glomulifera small","Acacia melanoxylon small",0.0467886167649972,-0.0699866259198754,0.16356385944987,0.0436934140793518,0.0498838194506425,0.0595803002534643,"Koombooloomba",0.233550485369745,"small","small","Syncarpia glomulifera","Acacia melanoxylon","small_small","QLD","N_AUS",NA,"Canopy","Subcanopy","Canopy_Subcanopy","Canopy.small_Subcanopy.small"
"607","Eucalyptus grandis large","Eucalyptus grandis large",-1.13633479370718,-2.67770777631066,0.405038188896306,-1.1562298555821,-1.11643973183226,0.786429237864388,"Koombooloomba",3.08274596520697,"large","large","Eucalyptus grandis","Eucalyptus grandis","large_large","QLD","N_AUS",NA,"Canopy","Canopy","Canopy_Canopy","Canopy.large_Canopy.large"
"608","Eucalyptus grandis small","Eucalyptus grandis large",-0.203935199439369,-0.495136166502803,0.087265767624064,-0.209371594221381,-0.198498804657358,0.148574652065237,"Koombooloomba",0.582401934126867,"small","large","Eucalyptus grandis","Eucalyptus grandis","small_large","QLD","N_AUS",NA,"Canopy","Canopy","Canopy_Canopy","Canopy.large_Canopy.small"
"609","Polyscias elegans small","Eucalyptus grandis large",0.49405658922009,-0.10256232762183,1.09067550606201,0.485575718911451,0.502537459528729,0.304403000028559,"Koombooloomba",1.19323783368384,"small","large","Polyscias elegans","Eucalyptus grandis","small_large","QLD","N_AUS",NA,"Subcanopy","Canopy","Subcanopy_Canopy","Canopy.large_Subcanopy.small"
"610","Sloanea langii small","Eucalyptus grandis large",-0.165936338831389,-0.587982489232996,0.256109811570219,-0.171607633081315,-0.160265044581463,0.215333625378147,"Koombooloomba",0.844092300803215,"small","large","Sloanea langii","Eucalyptus grandis","small_large","QLD","N_AUS",NA,"Subcanopy","Canopy","Subcanopy_Canopy","Canopy.large_Subcanopy.small"
"611","Syncarpia glomulifera small","Eucalyptus grandis large",0.445538551726687,-0.234396354124781,1.12547345757815,0.438024821536757,0.453052281916617,0.346911938798216,"Koombooloomba",1.35986981170293,"small","large","Syncarpia glomulifera","Eucalyptus grandis","small_large","QLD","N_AUS",NA,"Canopy","Canopy","Canopy_Canopy","Canopy.large_Canopy.small"
"612","Eucalyptus grandis small","Eucalyptus grandis small",0.332981266292333,0.181340263405114,0.484622269179552,0.324423420211792,0.341539112372873,0.0773692802946095,"Koombooloomba",0.303282005774438,"small","small","Eucalyptus grandis","Eucalyptus grandis","small_small","QLD","N_AUS",1,"Canopy","Canopy","Canopy_Canopy","Canopy.small_Canopy.small"
"613","Polyscias elegans small","Eucalyptus grandis small",0.0597008560064208,-0.119504625637676,0.238906337650517,0.0560285591563495,0.063373152856492,0.091433048289482,"Koombooloomba",0.358410963288193,"small","small","Polyscias elegans","Eucalyptus grandis","small_small","QLD","N_AUS",NA,"Subcanopy","Canopy","Subcanopy_Canopy","Canopy.small_Subcanopy.small"
"614","Sloanea langii small","Eucalyptus grandis small",-0.0398605297492951,-0.234751932892269,0.155030873393679,-0.0434503948072148,-0.0362706646913754,0.099436216522473,"Koombooloomba",0.389782806285947,"small","small","Sloanea langii","Eucalyptus grandis","small_small","QLD","N_AUS",NA,"Subcanopy","Canopy","Subcanopy_Canopy","Canopy.small_Subcanopy.small"
"615","Syncarpia glomulifera small","Eucalyptus grandis small",0.0179045370275247,-0.17301086613988,0.208819940194929,0.0143363245868031,0.0214727494682463,0.0974076078302054,"Koombooloomba",0.381830806334809,"small","small","Syncarpia glomulifera","Eucalyptus grandis","small_small","QLD","N_AUS",NA,"Canopy","Canopy","Canopy_Canopy","Canopy.small_Canopy.small"
"616","Polyscias elegans small","Polyscias elegans small",0.30548322894905,0.065758307822603,0.545208150075498,0.297923938699891,0.31304251919821,0.122310880718915,"Koombooloomba",0.479449842252895,"small","small","Polyscias elegans","Polyscias elegans","small_small","QLD","N_AUS",1,"Subcanopy","Subcanopy","Subcanopy_Subcanopy","Subcanopy.small_Subcanopy.small"
"617","Sloanea langii small","Polyscias elegans small",0.173250200953992,-0.0288952019595006,0.375395603867484,0.168684327622891,0.177816074285093,0.10313730482192,"Koombooloomba",0.404290805826985,"small","small","Sloanea langii","Polyscias elegans","small_small","QLD","N_AUS",NA,"Subcanopy","Subcanopy","Subcanopy_Subcanopy","Subcanopy.small_Subcanopy.small"
"618","Syncarpia glomulifera small","Polyscias elegans small",-0.117256246846177,-0.385064507701068,0.150552014008713,-0.122088335781692,-0.112424157910662,0.136639378563753,"Koombooloomba",0.535616521709781,"small","small","Syncarpia glomulifera","Polyscias elegans","small_small","QLD","N_AUS",NA,"Canopy","Subcanopy","Canopy_Subcanopy","Canopy.small_Subcanopy.small"
"619","Sloanea langii small","Sloanea langii small",0.311127204947402,0.106263178776376,0.515991231118428,0.302509703466529,0.319744706428275,0.104524382992222,"Koombooloomba",0.409728052342052,"small","small","Sloanea langii","Sloanea langii","small_small","QLD","N_AUS",1,"Subcanopy","Subcanopy","Subcanopy_Subcanopy","Subcanopy.small_Subcanopy.small"
"620","Syncarpia glomulifera small","Sloanea langii small",0.032432257274251,-0.174581987058489,0.239446501606991,0.0282774302424328,0.0365870843060692,0.105621453233652,"Koombooloomba",0.414028488665481,"small","small","Syncarpia glomulifera","Sloanea langii","small_small","QLD","N_AUS",NA,"Canopy","Subcanopy","Canopy_Subcanopy","Canopy.small_Subcanopy.small"
"621","Syncarpia glomulifera small","Syncarpia glomulifera small",0.357172171311792,0.0677298293461408,0.646614513277443,0.346913357309451,0.367430985314132,0.147677377874663,"Koombooloomba",0.578884683931302,"small","small","Syncarpia glomulifera","Syncarpia glomulifera","small_small","QLD","N_AUS",1,"Canopy","Canopy","Canopy_Canopy","Canopy.small_Canopy.small"
"622","Acacia mucronata small","Acacia mucronata small",0.0503501384508203,-0.318817777871402,0.419518054773043,0.0401789362789654,0.0605213406226752,0.188354438772433,"BlackRiver",0.738335832644445,"small","small","Acacia mucronata","Acacia mucronata","small_small","o_TAS","TAS",NA,"Subcanopy","Subcanopy","Subcanopy_Subcanopy","Subcanopy.small_Subcanopy.small"
"623","Eucalyptus obliqua large","Acacia mucronata small",0.196259502747336,-0.271110048513055,0.663629054007728,0.188618699795057,0.203900305699615,0.238458234409889,"BlackRiver",0.934739102520782,"large","small","Eucalyptus obliqua","Acacia mucronata","large_small","o_TAS","TAS",NA,"Canopy","Subcanopy","Canopy_Subcanopy","Canopy.large_Subcanopy.small"
"624","Eucalyptus obliqua small","Acacia mucronata small",-0.0217301947821366,-0.271022602716724,0.22756221315245,-0.0264706046458523,-0.0169897849184209,0.127192341237377,"BlackRiver",0.498584815869174,"small","small","Eucalyptus obliqua","Acacia mucronata","small_small","o_TAS","TAS",NA,"Canopy","Subcanopy","Canopy_Subcanopy","Canopy.small_Subcanopy.small"
"625","Eucalyptus ovata large","Acacia mucronata small",0.421217821654704,-0.405680694214094,1.2481163375235,0.410412909968782,0.432022733340627,0.421894750307286,"BlackRiver",1.6537970317376,"large","small","Eucalyptus ovata","Acacia mucronata","large_small","o_TAS","TAS",NA,"Canopy","Subcanopy","Canopy_Subcanopy","Canopy.large_Subcanopy.small"
"626","Eucalyptus ovata small","Acacia mucronata small",0.32633391708341,-0.115316395765127,0.767984229931947,0.315047580090259,0.337620254076561,0.225335932870307,"BlackRiver",0.883300625697074,"small","small","Eucalyptus ovata","Acacia mucronata","small_small","o_TAS","TAS",NA,"Canopy","Subcanopy","Canopy_Subcanopy","Canopy.small_Subcanopy.small"
"627","Leptospermum scoparium small","Acacia mucronata small",-0.147669206725506,-0.520797113951937,0.225458700500925,-0.155233015126244,-0.140105398324768,0.190374879421059,"BlackRiver",0.746255814452861,"small","small","Leptospermum scoparium","Acacia mucronata","small_small","o_TAS","TAS",NA,"Subcanopy","Subcanopy","Subcanopy_Subcanopy","Subcanopy.small_Subcanopy.small"
"628","Monotoca glauca large","Acacia mucronata small",-0.0744217948040842,-0.718887750958694,0.570044161350525,-0.0850165491449335,-0.0638270404632349,0.328815203359896,"BlackRiver",1.28893191230922,"large","small","Monotoca glauca","Acacia mucronata","large_small","o_TAS","TAS",NA,"Subcanopy","Subcanopy","Subcanopy_Subcanopy","Subcanopy.large_Subcanopy.small"
"629","Monotoca glauca small","Acacia mucronata small",-0.186200616286427,-0.47847498174482,0.106073749171966,-0.191500287524383,-0.180900945048471,0.149122314370986,"BlackRiver",0.584548730916785,"small","small","Monotoca glauca","Acacia mucronata","small_small","o_TAS","TAS",NA,"Subcanopy","Subcanopy","Subcanopy_Subcanopy","Subcanopy.small_Subcanopy.small"
"630","Nematolepis squamea subsp squamea large","Acacia mucronata small",0.225191812432127,-0.206956656353439,0.657340281217693,0.217200638191846,0.233182986672408,0.220487964163779,"BlackRiver",0.864296937571131,"large","small","Nematolepis squamea","Acacia mucronata","large_small","o_TAS","TAS",NA,"Subcanopy","Subcanopy","Subcanopy_Subcanopy","Subcanopy.large_Subcanopy.small"
"631","Nematolepis squamea subsp squamea small","Acacia mucronata small",-0.00943361704770875,-0.200837713508209,0.181970479412791,-0.016595726526836,-0.00227150756858149,0.0976569457246515,"BlackRiver",0.382808192921,"small","small","Nematolepis squamea","Acacia mucronata","small_small","o_TAS","TAS",NA,"Subcanopy","Subcanopy","Subcanopy_Subcanopy","Subcanopy.small_Subcanopy.small"
"632","Zieria arborescens small","Acacia mucronata small",-0.341279683109171,-1.04341682598311,0.36085745976477,-0.350750597970301,-0.33180876824804,0.358239818900913,"BlackRiver",1.40427428574788,"small","small","Zieria arborescens","Acacia mucronata","small_small","o_TAS","TAS",NA,"Subcanopy","Subcanopy","Subcanopy_Subcanopy","Subcanopy.small_Subcanopy.small"
"633","Eucalyptus obliqua large","Eucalyptus obliqua large",-0.983106134502944,-1.73623457844863,-0.229977690557255,-1.00240621726792,-0.963806051737972,0.384256266893815,"BlackRiver",1.50625688789138,"large","large","Eucalyptus obliqua","Eucalyptus obliqua","large_large","o_TAS","TAS",1,"Canopy","Canopy","Canopy_Canopy","Canopy.large_Canopy.large"
"634","Eucalyptus obliqua small","Eucalyptus obliqua large",0.0287038885124625,-0.334184977984626,0.391592755009551,0.0225212359258839,0.0348865410990412,0.185150783054949,"BlackRiver",0.725777732994178,"small","large","Eucalyptus obliqua","Eucalyptus obliqua","small_large","o_TAS","TAS",NA,"Canopy","Canopy","Canopy_Canopy","Canopy.large_Canopy.small"
"635","Eucalyptus ovata large","Eucalyptus obliqua large",-0.589424623500751,-1.29774833802422,0.11889909102272,-0.601069811357983,-0.57777943564352,0.361396291008732,"BlackRiver",1.41664742904694,"large","large","Eucalyptus ovata","Eucalyptus obliqua","large_large","o_TAS","TAS",NA,"Canopy","Canopy","Canopy_Canopy","Canopy.large_Canopy.large"
"636","Eucalyptus ovata small","Eucalyptus obliqua large",-0.511833933453943,-1.06474410898004,0.0410762420721551,-0.52214563776243,-0.501522229145456,0.282102212023988,"BlackRiver",1.1058203510522,"small","large","Eucalyptus ovata","Eucalyptus obliqua","small_large","o_TAS","TAS",NA,"Canopy","Canopy","Canopy_Canopy","Canopy.large_Canopy.small"
"637","Leptospermum scoparium small","Eucalyptus obliqua large",0.44092970450501,-0.0480274119319768,0.929886820941997,0.430515013325552,0.451344395684468,0.249472500665226,"BlackRiver",0.977914232873974,"small","large","Leptospermum scoparium","Eucalyptus obliqua","small_large","o_TAS","TAS",NA,"Subcanopy","Canopy","Subcanopy_Canopy","Canopy.large_Subcanopy.small"
"638","Monotoca glauca large","Eucalyptus obliqua large",-0.603904754912588,-1.30343883375486,0.0956293239296828,-0.61649941963143,-0.591310090193745,0.356911700602718,"BlackRiver",1.39906815768454,"large","large","Monotoca glauca","Eucalyptus obliqua","large_large","o_TAS","TAS",NA,"Subcanopy","Canopy","Subcanopy_Canopy","Canopy.large_Subcanopy.large"
"639","Monotoca glauca small","Eucalyptus obliqua large",0.0586505264386129,-0.24954805993403,0.366849112811255,0.0518551192209452,0.0654459336562807,0.157247066172477,"BlackRiver",0.616397172745285,"small","large","Monotoca glauca","Eucalyptus obliqua","small_large","o_TAS","TAS",NA,"Subcanopy","Canopy","Subcanopy_Canopy","Canopy.large_Subcanopy.small"
"640","Nematolepis squamea subsp squamea large","Eucalyptus obliqua large",0.66338431873637,-0.00664102340315686,1.3334096608759,0.653654208913139,0.673114428559601,0.341855946040132,"BlackRiver",1.34005068427905,"large","large","Nematolepis squamea","Eucalyptus obliqua","large_large","o_TAS","TAS",NA,"Subcanopy","Canopy","Subcanopy_Canopy","Canopy.large_Subcanopy.large"
"641","Nematolepis squamea subsp squamea small","Eucalyptus obliqua large",-0.10630438681575,-0.356449429352898,0.143840655721398,-0.112635310954822,-0.0999734626766779,0.127627366885443,"BlackRiver",0.500290085074296,"small","large","Nematolepis squamea","Eucalyptus obliqua","small_large","o_TAS","TAS",NA,"Subcanopy","Canopy","Subcanopy_Canopy","Canopy.large_Subcanopy.small"
"642","Zieria arborescens small","Eucalyptus obliqua large",0.98651513241576,0.0491070810648142,1.92392318376671,0.971257433947542,1.00177283088398,0.47827820242877,"BlackRiver",1.87481610270189,"small","large","Zieria arborescens","Eucalyptus obliqua","small_large","o_TAS","TAS",1,"Subcanopy","Canopy","Subcanopy_Canopy","Canopy.large_Subcanopy.small"
"643","Eucalyptus obliqua small","Eucalyptus obliqua small",0.101176498248637,-0.111413583972091,0.313766580469366,0.0943625606368947,0.10799043586038,0.108466320757734,"BlackRiver",0.425180164441456,"small","small","Eucalyptus obliqua","Eucalyptus obliqua","small_small","o_TAS","TAS",NA,"Canopy","Canopy","Canopy_Canopy","Canopy.small_Canopy.small"
"644","Eucalyptus ovata large","Eucalyptus obliqua small",0.34332228795828,-0.239006433447586,0.925651009364146,0.335184379919122,0.351460195997438,0.297111950015001,"BlackRiver",1.16465744281173,"large","small","Eucalyptus ovata","Eucalyptus obliqua","large_small","o_TAS","TAS",NA,"Canopy","Canopy","Canopy_Canopy","Canopy.large_Canopy.small"
"645","Eucalyptus ovata small","Eucalyptus obliqua small",0.0339908168220601,-0.265966958593828,0.333948592237949,0.0272154915212648,0.0407661421228553,0.153042493526369,"BlackRiver",0.599915550831777,"small","small","Eucalyptus ovata","Eucalyptus obliqua","small_small","o_TAS","TAS",NA,"Canopy","Canopy","Canopy_Canopy","Canopy.small_Canopy.small"
"646","Leptospermum scoparium small","Eucalyptus obliqua small",-0.016767400204216,-0.241005685912359,0.207470885503927,-0.0217787628662653,-0.0117560375421667,0.11440939092601,"BlackRiver",0.448476571416285,"small","small","Leptospermum scoparium","Eucalyptus obliqua","small_small","o_TAS","TAS",NA,"Subcanopy","Canopy","Subcanopy_Canopy","Canopy.small_Subcanopy.small"
"647","Monotoca glauca large","Eucalyptus obliqua small",-0.206694822176648,-0.680184714377606,0.266795070024309,-0.213466023594461,-0.199923620758836,0.241580914718732,"BlackRiver",0.946979784401914,"large","small","Monotoca glauca","Eucalyptus obliqua","large_small","o_TAS","TAS",NA,"Subcanopy","Canopy","Subcanopy_Canopy","Canopy.small_Subcanopy.large"
"648","Monotoca glauca small","Eucalyptus obliqua small",0.0502470147703112,-0.113832397252507,0.21432642679313,0.0462613060188454,0.054232723521777,0.0837155240183269,"BlackRiver",0.328158824045637,"small","small","Monotoca glauca","Eucalyptus obliqua","small_small","o_TAS","TAS",NA,"Subcanopy","Canopy","Subcanopy_Canopy","Canopy.small_Subcanopy.small"
"649","Nematolepis squamea subsp squamea large","Eucalyptus obliqua small",-0.215025231647589,-0.499119990543454,0.0690695272482769,-0.219806979119996,-0.210243484175181,0.144948969030436,"BlackRiver",0.568189517791731,"large","small","Nematolepis squamea","Eucalyptus obliqua","large_small","o_TAS","TAS",NA,"Subcanopy","Canopy","Subcanopy_Canopy","Canopy.small_Subcanopy.large"
"650","Nematolepis squamea subsp squamea small","Eucalyptus obliqua small",-0.0128511589229981,-0.17351155605327,0.147809238207274,-0.0175590116971,-0.00814330614889622,0.081971096610724,"BlackRiver",0.321320794260545,"small","small","Nematolepis squamea","Eucalyptus obliqua","small_small","o_TAS","TAS",NA,"Subcanopy","Canopy","Subcanopy_Canopy","Canopy.small_Subcanopy.small"
"651","Zieria arborescens small","Eucalyptus obliqua small",-0.0480438089168599,-0.349511605500028,0.253423987666308,-0.054446507744248,-0.0416411100894717,0.153812926646157,"BlackRiver",0.602935593166336,"small","small","Zieria arborescens","Eucalyptus obliqua","small_small","o_TAS","TAS",NA,"Subcanopy","Canopy","Subcanopy_Canopy","Canopy.small_Subcanopy.small"
"652","Eucalyptus ovata large","Eucalyptus ovata large",-1.43226754314082,-3.53600235348867,0.671467267207027,-1.45284310288926,-1.41169198339239,1.07335381004031,"BlackRiver",4.20746962069569,"large","large","Eucalyptus ovata","Eucalyptus ovata","large_large","o_TAS","TAS",NA,"Canopy","Canopy","Canopy_Canopy","Canopy.large_Canopy.large"
"653","Eucalyptus ovata small","Eucalyptus ovata large",-0.498543116068896,-1.37594709348466,0.378860861346871,-0.511911401809832,-0.48517483032796,0.44766331643674,"BlackRiver",1.75480795483153,"small","large","Eucalyptus ovata","Eucalyptus ovata","small_large","o_TAS","TAS",NA,"Canopy","Canopy","Canopy_Canopy","Canopy.large_Canopy.small"
"654","Leptospermum scoparium small","Eucalyptus ovata large",0.383273718423433,-0.384377310870883,1.15092474771775,0.37189991036882,0.394647526478046,0.391665885368022,"BlackRiver",1.53530205858863,"small","large","Leptospermum scoparium","Eucalyptus ovata","small_large","o_TAS","TAS",NA,"Subcanopy","Canopy","Subcanopy_Canopy","Canopy.large_Subcanopy.small"
"655","Monotoca glauca large","Eucalyptus ovata large",0.0463067340781707,-1.18854895846244,1.28116242661878,0.0319724973138423,0.0606409708424992,0.630039991694235,"BlackRiver",2.46971138508123,"large","large","Monotoca glauca","Eucalyptus ovata","large_large","o_TAS","TAS",NA,"Subcanopy","Canopy","Subcanopy_Canopy","Canopy.large_Subcanopy.large"
"656","Monotoca glauca small","Eucalyptus ovata large",0.125089911234862,-0.32392586977189,0.574105692241613,0.117955211005351,0.132224611464373,0.229093893841178,"BlackRiver",0.898031562013504,"small","large","Monotoca glauca","Eucalyptus ovata","small_large","o_TAS","TAS",NA,"Subcanopy","Canopy","Subcanopy_Canopy","Canopy.large_Subcanopy.small"
"657","Nematolepis squamea subsp squamea large","Eucalyptus ovata large",0.381183396358766,-0.582765089314813,1.34513188203235,0.36953213974904,0.392834652968493,0.491819489172802,"BlackRiver",1.92789697134716,"large","large","Nematolepis squamea","Eucalyptus ovata","large_large","o_TAS","TAS",NA,"Subcanopy","Canopy","Subcanopy_Canopy","Canopy.large_Subcanopy.large"
"658","Nematolepis squamea subsp squamea small","Eucalyptus ovata large",-0.0161097288931556,-0.428350874605229,0.396131416818918,-0.0245621367886937,-0.00765732099761753,0.210330980040337,"BlackRiver",0.824482291424148,"small","large","Nematolepis squamea","Eucalyptus ovata","small_large","o_TAS","TAS",NA,"Subcanopy","Canopy","Subcanopy_Canopy","Canopy.large_Subcanopy.small"
"659","Zieria arborescens small","Eucalyptus ovata large",0.845617827046427,-0.503197996241975,2.19443365033483,0.829748843193952,0.861486810898901,0.688183983954649,"BlackRiver",2.6976316465768,"small","large","Zieria arborescens","Eucalyptus ovata","small_large","o_TAS","TAS",NA,"Subcanopy","Canopy","Subcanopy_Canopy","Canopy.large_Subcanopy.small"
"660","Eucalyptus ovata small","Eucalyptus ovata small",-0.590167098752697,-1.31225171329815,0.131917515792753,-0.608497353953023,-0.571836843552371,0.36841728737934,"BlackRiver",1.4441692290909,"small","small","Eucalyptus ovata","Eucalyptus ovata","small_small","o_TAS","TAS",NA,"Canopy","Canopy","Canopy_Canopy","Canopy.small_Canopy.small"
"661","Leptospermum scoparium small","Eucalyptus ovata small",0.549645735784456,0.0684072068317029,1.03088426473721,0.535340273598733,0.563951197970179,0.24553437346232,"BlackRiver",0.962477057905507,"small","small","Leptospermum scoparium","Eucalyptus ovata","small_small","o_TAS","TAS",1,"Subcanopy","Canopy","Subcanopy_Canopy","Canopy.small_Subcanopy.small"
"662","Monotoca glauca large","Eucalyptus ovata small",0.289435709194897,-0.505513833185583,1.08438525157538,0.274420340680485,0.304451077709308,0.405593954098616,"BlackRiver",1.58989908476096,"large","small","Monotoca glauca","Eucalyptus ovata","large_small","o_TAS","TAS",NA,"Subcanopy","Canopy","Subcanopy_Canopy","Canopy.small_Subcanopy.large"
"663","Monotoca glauca small","Eucalyptus ovata small",-0.0885945933426039,-0.40732066357051,0.230131476885302,-0.09562559693301,-0.0815635897521977,0.16261833010299,"BlackRiver",0.637452140455811,"small","small","Monotoca glauca","Eucalyptus ovata","small_small","o_TAS","TAS",NA,"Subcanopy","Canopy","Subcanopy_Canopy","Canopy.small_Subcanopy.small"
"664","Nematolepis squamea subsp squamea large","Eucalyptus ovata small",-0.202506881802616,-0.807857458988336,0.402843695383103,-0.212810626241228,-0.192203137364004,0.30885801063726,"BlackRiver",1.21070115437144,"large","small","Nematolepis squamea","Eucalyptus ovata","large_small","o_TAS","TAS",NA,"Subcanopy","Canopy","Subcanopy_Canopy","Canopy.small_Subcanopy.large"
"665","Nematolepis squamea subsp squamea small","Eucalyptus ovata small",0.232485264714351,-0.0376734988705716,0.502644028299275,0.22345977719216,0.241510752236543,0.137838636687154,"BlackRiver",0.540317527169846,"small","small","Nematolepis squamea","Eucalyptus ovata","small_small","o_TAS","TAS",NA,"Subcanopy","Canopy","Subcanopy_Canopy","Canopy.small_Subcanopy.small"
"666","Zieria arborescens small","Eucalyptus ovata small",0.609272517515007,-0.383710300009978,1.60225533503999,0.595229228668002,0.623315806362012,0.506633195996206,"BlackRiver",1.98596563504997,"small","small","Zieria arborescens","Eucalyptus ovata","small_small","o_TAS","TAS",NA,"Subcanopy","Canopy","Subcanopy_Canopy","Canopy.small_Subcanopy.small"
"667","Leptospermum scoparium small","Leptospermum scoparium small",-0.014394210391506,-0.450787881558542,0.42199946077553,-0.0237568185287576,-0.00503160225425454,0.222653923546174,"BlackRiver",0.872787342334072,"small","small","Leptospermum scoparium","Leptospermum scoparium","small_small","o_TAS","TAS",NA,"Subcanopy","Subcanopy","Subcanopy_Subcanopy","Subcanopy.small_Subcanopy.small"
"668","Monotoca glauca large","Leptospermum scoparium small",0.0650338088880113,-0.629074305752071,0.759141923528094,0.053713745270203,0.0763538725058196,0.354143300649971,"BlackRiver",1.38821622928017,"large","small","Monotoca glauca","Leptospermum scoparium","large_small","o_TAS","TAS",NA,"Subcanopy","Subcanopy","Subcanopy_Subcanopy","Subcanopy.large_Subcanopy.small"
"669","Monotoca glauca small","Leptospermum scoparium small",0.139025645965889,-0.136915449744585,0.414966741676363,0.132617572603825,0.145433719327953,0.140788860350018,"BlackRiver",0.551882191420948,"small","small","Monotoca glauca","Leptospermum scoparium","small_small","o_TAS","TAS",NA,"Subcanopy","Subcanopy","Subcanopy_Subcanopy","Subcanopy.small_Subcanopy.small"
"670","Nematolepis squamea subsp squamea large","Leptospermum scoparium small",-0.100414053758267,-0.501800189883356,0.300972082366822,-0.108179517047859,-0.0926485904686752,0.204792608074011,"BlackRiver",0.802772272250178,"large","small","Nematolepis squamea","Leptospermum scoparium","large_small","o_TAS","TAS",NA,"Subcanopy","Subcanopy","Subcanopy_Subcanopy","Subcanopy.large_Subcanopy.small"
"671","Nematolepis squamea subsp squamea small","Leptospermum scoparium small",0.0269726314166645,-0.204300417483017,0.258245680316346,0.0193867882982787,0.0345584745350503,0.117998621772611,"BlackRiver",0.462546097799363,"small","small","Nematolepis squamea","Leptospermum scoparium","small_small","o_TAS","TAS",NA,"Subcanopy","Subcanopy","Subcanopy_Subcanopy","Subcanopy.small_Subcanopy.small"
"672","Zieria arborescens small","Leptospermum scoparium small",-0.188388039007085,-0.841003611813672,0.464227533799502,-0.199207652284443,-0.177568425729726,0.332973247444512,"BlackRiver",1.30523114561317,"small","small","Zieria arborescens","Leptospermum scoparium","small_small","o_TAS","TAS",NA,"Subcanopy","Subcanopy","Subcanopy_Subcanopy","Subcanopy.small_Subcanopy.small"
"673","Monotoca glauca large","Monotoca glauca large",-1.07526849006954,-3.30931110524476,1.15877412510569,-1.09838442780117,-1.0521525523379,1.13983860560554,"BlackRiver",4.46808523035044,"large","large","Monotoca glauca","Monotoca glauca","large_large","o_TAS","TAS",NA,"Subcanopy","Subcanopy","Subcanopy_Subcanopy","Subcanopy.large_Subcanopy.large"
"674","Monotoca glauca small","Monotoca glauca large",0.413244433549439,-0.206037156221685,1.03252602332056,0.403135469442691,0.423353397656188,0.315965800726921,"BlackRiver",1.23856317954225,"small","large","Monotoca glauca","Monotoca glauca","small_large","o_TAS","TAS",NA,"Subcanopy","Subcanopy","Subcanopy_Subcanopy","Subcanopy.large_Subcanopy.small"
"675","Nematolepis squamea subsp squamea large","Monotoca glauca large",0.275052186386996,-0.548183797625007,1.098288170399,0.265223481573818,0.284880891200175,0.420026077267533,"BlackRiver",1.64647196802401,"large","large","Nematolepis squamea","Monotoca glauca","large_large","o_TAS","TAS",NA,"Subcanopy","Subcanopy","Subcanopy_Subcanopy","Subcanopy.large_Subcanopy.large"
"676","Nematolepis squamea subsp squamea small","Monotoca glauca large",-0.292154589379161,-0.724176890875811,0.139867712117489,-0.300487623723483,-0.283821555034839,0.220423591915151,"BlackRiver",0.8640446029933,"small","large","Nematolepis squamea","Monotoca glauca","small_large","o_TAS","TAS",NA,"Subcanopy","Subcanopy","Subcanopy_Subcanopy","Subcanopy.large_Subcanopy.small"
"677","Zieria arborescens small","Monotoca glauca large",0.688038121882076,-0.466506483597519,1.84258272736167,0.671804901091957,0.704271342672195,0.589064194335455,"BlackRiver",2.30908921095919,"small","large","Zieria arborescens","Monotoca glauca","small_large","o_TAS","TAS",NA,"Subcanopy","Subcanopy","Subcanopy_Subcanopy","Subcanopy.large_Subcanopy.small"
"678","Monotoca glauca small","Monotoca glauca small",-0.0711899523913955,-0.364048362089005,0.221668457306214,-0.0806366039664337,-0.0617433008163574,0.149420301601274,"BlackRiver",0.58571681939522,"small","small","Monotoca glauca","Monotoca glauca","small_small","o_TAS","TAS",NA,"Subcanopy","Subcanopy","Subcanopy_Subcanopy","Subcanopy.small_Subcanopy.small"
"679","Nematolepis squamea subsp squamea large","Monotoca glauca small",-0.127427375111156,-0.449695596451118,0.194840846228806,-0.132818332541544,-0.122036417680768,0.164425583266822,"BlackRiver",0.644536442679924,"large","small","Nematolepis squamea","Monotoca glauca","large_small","o_TAS","TAS",NA,"Subcanopy","Subcanopy","Subcanopy_Subcanopy","Subcanopy.large_Subcanopy.small"
"680","Nematolepis squamea subsp squamea small","Monotoca glauca small",0.0194772004179043,-0.162542656586647,0.201497057422456,0.0144234462456715,0.0245309545901371,0.0928689804712234,"BlackRiver",0.364039714009103,"small","small","Nematolepis squamea","Monotoca glauca","small_small","o_TAS","TAS",NA,"Subcanopy","Subcanopy","Subcanopy_Subcanopy","Subcanopy.small_Subcanopy.small"
"681","Zieria arborescens small","Monotoca glauca small",-0.505496424303899,-1.02740731058809,0.0164144619802891,-0.513065645359659,-0.497927203248139,0.266285957497666,"BlackRiver",1.04382177256838,"small","small","Zieria arborescens","Monotoca glauca","small_small","o_TAS","TAS",NA,"Subcanopy","Subcanopy","Subcanopy_Subcanopy","Subcanopy.small_Subcanopy.small"
"682","Nematolepis squamea subsp squamea large","Nematolepis squamea subsp squamea large",-0.191160032567434,-0.769198918123443,0.386878852988575,-0.202096173449439,-0.180223891685429,0.294923218036406,"BlackRiver",1.15607777111202,"large","large","Nematolepis squamea","Nematolepis squamea","large_large","o_TAS","TAS",NA,"Subcanopy","Subcanopy","Subcanopy_Subcanopy","Subcanopy.large_Subcanopy.large"
"683","Nematolepis squamea subsp squamea small","Nematolepis squamea subsp squamea large",0.242900892364455,-0.0507094101427596,0.536511194871669,0.236033412744278,0.249768371984631,0.149803927430899,"BlackRiver",0.587220605014428,"small","large","Nematolepis squamea","Nematolepis squamea","small_large","o_TAS","TAS",NA,"Subcanopy","Subcanopy","Subcanopy_Subcanopy","Subcanopy.large_Subcanopy.small"
"684","Zieria arborescens small","Nematolepis squamea subsp squamea large",-0.72387107069776,-1.65716926385179,0.209427122456268,-0.735010705078534,-0.712731436316986,0.47618129747065,"BlackRiver",1.86659638630806,"small","large","Zieria arborescens","Nematolepis squamea","small_large","o_TAS","TAS",NA,"Subcanopy","Subcanopy","Subcanopy_Subcanopy","Subcanopy.large_Subcanopy.small"
"685","Nematolepis squamea subsp squamea small","Nematolepis squamea subsp squamea small",0.294797987104479,0.112942789386072,0.476653184822886,0.283364022685151,0.306231951523807,0.092784969087625,"BlackRiver",0.363710395436814,"small","small","Nematolepis squamea","Nematolepis squamea","small_small","o_TAS","TAS",1,"Subcanopy","Subcanopy","Subcanopy_Subcanopy","Subcanopy.small_Subcanopy.small"
"686","Zieria arborescens small","Nematolepis squamea subsp squamea small",-0.0772931893568081,-0.4915934149122,0.337007036198584,-0.0855830120715035,-0.0690033666421128,0.21138155028528,"BlackRiver",0.828600451110784,"small","small","Zieria arborescens","Nematolepis squamea","small_small","o_TAS","TAS",NA,"Subcanopy","Subcanopy","Subcanopy_Subcanopy","Subcanopy.small_Subcanopy.small"
"687","Zieria arborescens small","Zieria arborescens small",-1.19086432882977,-2.33993235982825,-0.0417962978312936,-1.20887271626025,-1.1728559413993,0.586269972337339,"BlackRiver",2.29813606199696,"small","small","Zieria arborescens","Zieria arborescens","small_small","o_TAS","TAS",1,"Subcanopy","Subcanopy","Subcanopy_Subcanopy","Subcanopy.small_Subcanopy.small"
"688","Acacia melanoxylon large","Acacia melanoxylon large",-0.122968115997812,-0.622895322693092,0.376959090697468,-0.129643354742312,-0.116292877253312,0.255069588338685,"BondTier",0.99985441339056,"large","large","Acacia melanoxylon","Acacia melanoxylon","large_large","o_TAS","TAS",NA,"Subcanopy","Subcanopy","Subcanopy_Subcanopy","Subcanopy.large_Subcanopy.large"
"689","Acacia melanoxylon small","Acacia melanoxylon large",-0.0507573885800864,-0.657954239266261,0.556439462106088,-0.0584361447825327,-0.0430786323776402,0.309800004222356,"BondTier",1.21439370137235,"small","large","Acacia melanoxylon","Acacia melanoxylon","small_large","o_TAS","TAS",NA,"Subcanopy","Subcanopy","Subcanopy_Subcanopy","Subcanopy.large_Subcanopy.small"
"690","Eucalyptus obliqua large","Acacia melanoxylon large",0.0229021723694936,-0.419808974642191,0.465613319381178,0.0171523551913576,0.0286519895476295,0.22587718473591,"BondTier",0.885422294023369,"large","large","Eucalyptus obliqua","Acacia melanoxylon","large_large","o_TAS","TAS",NA,"Canopy","Subcanopy","Canopy_Subcanopy","Canopy.large_Subcanopy.large"
"691","Eucalyptus obliqua small","Acacia melanoxylon large",0.04716162669846,-0.287784256158212,0.382107509555132,0.0423375153872893,0.0519857380096307,0.170893896774983,"BondTier",0.669891765713344,"small","large","Eucalyptus obliqua","Acacia melanoxylon","small_large","o_TAS","TAS",NA,"Canopy","Subcanopy","Canopy_Subcanopy","Canopy.small_Subcanopy.large"
"692","Nothofagus cunninghamii large","Acacia melanoxylon large",-0.362082952390074,-1.07879048620543,0.354624581425278,-0.370302875167824,-0.353863029612323,0.365673828431874,"BondTier",1.4334150676307,"large","large","Nothofagus cunninghamii","Acacia melanoxylon","large_large","o_TAS","TAS",NA,"Subcanopy","Subcanopy","Subcanopy_Subcanopy","Subcanopy.large_Subcanopy.large"
"693","Nothofagus cunninghamii small","Acacia melanoxylon large",0.0308815604259451,-0.308650378084836,0.370413498936726,0.0260543498275516,0.0357087710243386,0.173233764083915,"BondTier",0.679063877021562,"small","large","Nothofagus cunninghamii","Acacia melanoxylon","small_large","o_TAS","TAS",NA,"Subcanopy","Subcanopy","Subcanopy_Subcanopy","Subcanopy.large_Subcanopy.small"
"694","Olearia argophylla small","Acacia melanoxylon large",0.270646608108167,-0.151864002451519,0.693157218667853,0.263207157630872,0.278086058585462,0.215570599201004,"BondTier",0.845021221119372,"small","large","Olearia argophylla","Acacia melanoxylon","small_large","o_TAS","TAS",NA,"Subcanopy","Subcanopy","Subcanopy_Subcanopy","Subcanopy.large_Subcanopy.small"
"695","Pittosporum bicolor small","Acacia melanoxylon large",-0.301235556940874,-0.639336765369076,0.0368656514873287,-0.306959850548971,-0.295511263332777,0.172503786342556,"BondTier",0.676202416856405,"small","large","Pittosporum bicolor","Acacia melanoxylon","small_large","o_TAS","TAS",NA,"Subcanopy","Subcanopy","Subcanopy_Subcanopy","Subcanopy.large_Subcanopy.small"
"696","Pomaderris apetala large","Acacia melanoxylon large",0.217003998072068,-0.300968964558519,0.734976960702655,0.209338900431545,0.224669095712591,0.264276775857256,"BondTier",1.03594592526117,"large","large","Pomaderris apetala","Acacia melanoxylon","large_large","o_TAS","TAS",NA,"Subcanopy","Subcanopy","Subcanopy_Subcanopy","Subcanopy.large_Subcanopy.large"
"697","Pomaderris apetala small","Acacia melanoxylon large",-0.122310459676508,-0.280159030857405,0.0355381115043895,-0.125166292441781,-0.119454626911235,0.080536465172823,"BondTier",0.315697142361795,"small","large","Pomaderris apetala","Acacia melanoxylon","small_large","o_TAS","TAS",NA,"Subcanopy","Subcanopy","Subcanopy_Subcanopy","Subcanopy.large_Subcanopy.small"
"698","Acacia melanoxylon small","Acacia melanoxylon small",-1.16169076689784,-2.49585983459496,0.172478300799275,-1.1776358533832,-1.14574568041248,0.680711012151688,"BondTier",2.66833813539423,"small","small","Acacia melanoxylon","Acacia melanoxylon","small_small","o_TAS","TAS",NA,"Subcanopy","Subcanopy","Subcanopy_Subcanopy","Subcanopy.small_Subcanopy.small"
"699","Eucalyptus obliqua large","Acacia melanoxylon small",-0.00364751731983924,-0.800174489517004,0.792879454877325,-0.0119058202410403,0.00461078560136185,0.406398780018443,"BondTier",1.59305394439433,"large","small","Eucalyptus obliqua","Acacia melanoxylon","large_small","o_TAS","TAS",NA,"Canopy","Subcanopy","Canopy_Subcanopy","Canopy.large_Subcanopy.small"
"700","Eucalyptus obliqua small","Acacia melanoxylon small",0.466400782430542,-0.0178644162168671,0.950665981077951,0.458187365197799,0.474614199663285,0.247078621070199,"BondTier",0.968530397294818,"small","small","Eucalyptus obliqua","Acacia melanoxylon","small_small","o_TAS","TAS",NA,"Canopy","Subcanopy","Canopy_Subcanopy","Canopy.small_Subcanopy.small"
"701","Nothofagus cunninghamii large","Acacia melanoxylon small",-0.939789596560831,-2.09286545238173,0.213286259260067,-0.956482680865845,-0.923096512255816,0.588314818494734,"BondTier",2.3061517116418,"large","small","Nothofagus cunninghamii","Acacia melanoxylon","large_small","o_TAS","TAS",NA,"Subcanopy","Subcanopy","Subcanopy_Subcanopy","Subcanopy.large_Subcanopy.small"
"702","Nothofagus cunninghamii small","Acacia melanoxylon small",0.467571848569069,-0.108632224540298,1.04377592167844,0.459230892110978,0.475912805027159,0.293987072035196,"BondTier",1.15240814621873,"small","small","Nothofagus cunninghamii","Acacia melanoxylon","small_small","o_TAS","TAS",NA,"Subcanopy","Subcanopy","Subcanopy_Subcanopy","Subcanopy.small_Subcanopy.small"
"703","Olearia argophylla small","Acacia melanoxylon small",0.306063211132724,-0.207573143668614,0.819699565934061,0.298157235567458,0.313969186697989,0.262064180185369,"BondTier",1.02727270960268,"small","small","Olearia argophylla","Acacia melanoxylon","small_small","o_TAS","TAS",NA,"Subcanopy","Subcanopy","Subcanopy_Subcanopy","Subcanopy.small_Subcanopy.small"
"704","Pittosporum bicolor small","Acacia melanoxylon small",0.360353188238458,-0.0683904477882261,0.789096824265142,0.352769178557792,0.367937197919124,0.21875077267162,"BondTier",0.857487272053368,"small","small","Pittosporum bicolor","Acacia melanoxylon","small_small","o_TAS","TAS",NA,"Subcanopy","Subcanopy","Subcanopy_Subcanopy","Subcanopy.small_Subcanopy.small"
"705","Pomaderris apetala large","Acacia melanoxylon small",-0.556599410524442,-1.35168518611023,0.238486365061347,-0.566361872430211,-0.546836948618673,0.405663462113245,"BondTier",1.59017155117158,"large","small","Pomaderris apetala","Acacia melanoxylon","large_small","o_TAS","TAS",NA,"Subcanopy","Subcanopy","Subcanopy_Subcanopy","Subcanopy.large_Subcanopy.small"
"706","Pomaderris apetala small","Acacia melanoxylon small",-0.139536160313523,-0.376083223420206,0.0970109027931606,-0.143247984918749,-0.135824335708297,0.120689494793035,"BondTier",0.473094126213367,"small","small","Pomaderris apetala","Acacia melanoxylon","small_small","o_TAS","TAS",NA,"Subcanopy","Subcanopy","Subcanopy_Subcanopy","Subcanopy.small_Subcanopy.small"
"707","Eucalyptus obliqua large","Eucalyptus obliqua large",-0.457505659646967,-1.00552287252334,0.090511553229407,-0.466912312125277,-0.448099007168658,0.279605756635869,"BondTier",1.09603442575275,"large","large","Eucalyptus obliqua","Eucalyptus obliqua","large_large","o_TAS","TAS",NA,"Canopy","Canopy","Canopy_Canopy","Canopy.large_Canopy.large"
"708","Eucalyptus obliqua small","Eucalyptus obliqua large",-0.0253646520915048,-0.346829375643757,0.296100071460747,-0.0299391927259369,-0.0207901114570728,0.164015627882923,"BondTier",0.642929447104504,"small","large","Eucalyptus obliqua","Eucalyptus obliqua","small_large","o_TAS","TAS",NA,"Canopy","Canopy","Canopy_Canopy","Canopy.large_Canopy.small"
"709","Nothofagus cunninghamii large","Eucalyptus obliqua large",-0.698098714094614,-1.41006001865357,0.0138625904643392,-0.708663213067964,-0.687534215121264,0.36325223839561,"BondTier",1.42392260911791,"large","large","Nothofagus cunninghamii","Eucalyptus obliqua","large_large","o_TAS","TAS",NA,"Subcanopy","Canopy","Subcanopy_Canopy","Canopy.large_Subcanopy.large"
"710","Nothofagus cunninghamii small","Eucalyptus obliqua large",0.115298339701725,-0.250727032002226,0.481323711405675,0.11043775089251,0.120158928510939,0.186751070219204,"BondTier",0.732050743407902,"small","large","Nothofagus cunninghamii","Eucalyptus obliqua","small_large","o_TAS","TAS",NA,"Subcanopy","Canopy","Subcanopy_Canopy","Canopy.large_Subcanopy.small"
"711","Olearia argophylla small","Eucalyptus obliqua large",0.124218540447506,-0.292345043940932,0.540782124835944,0.118073359858903,0.130363721036109,0.21253634641975,"BondTier",0.833127168776876,"small","large","Olearia argophylla","Eucalyptus obliqua","small_large","o_TAS","TAS",NA,"Subcanopy","Canopy","Subcanopy_Canopy","Canopy.large_Subcanopy.small"
"712","Pittosporum bicolor small","Eucalyptus obliqua large",0.0371978794354628,-0.273446770092108,0.347842528963033,0.0324033110195781,0.0419924478513474,0.158495080510609,"BondTier",0.621289299055141,"small","large","Pittosporum bicolor","Eucalyptus obliqua","small_large","o_TAS","TAS",NA,"Subcanopy","Canopy","Subcanopy_Canopy","Canopy.large_Subcanopy.small"
"713","Pomaderris apetala large","Eucalyptus obliqua large",0.0557282359096635,-0.43323447777828,0.544690949597607,0.0491815069471691,0.0622749648721578,0.249475356457985,"BondTier",0.977925427375887,"large","large","Pomaderris apetala","Eucalyptus obliqua","large_large","o_TAS","TAS",NA,"Subcanopy","Canopy","Subcanopy_Canopy","Canopy.large_Subcanopy.large"
"714","Pomaderris apetala small","Eucalyptus obliqua large",-0.0458373934214407,-0.184121740884834,0.0924469540419522,-0.0485369047775008,-0.0431378820653806,0.0705545349578677,"BondTier",0.276568694926786,"small","large","Pomaderris apetala","Eucalyptus obliqua","small_large","o_TAS","TAS",NA,"Subcanopy","Canopy","Subcanopy_Canopy","Canopy.large_Subcanopy.small"
"715","Eucalyptus obliqua small","Eucalyptus obliqua small",0.201889127534876,-0.0347581270579197,0.438536382127671,0.196391615397561,0.207386639672191,0.120740613837519,"BondTier",0.473294509185591,"small","small","Eucalyptus obliqua","Eucalyptus obliqua","small_small","o_TAS","TAS",NA,"Canopy","Canopy","Canopy_Canopy","Canopy.small_Canopy.small"
"716","Nothofagus cunninghamii large","Eucalyptus obliqua small",0.244903402183466,-0.244952386390267,0.7347591907572,0.237929038189781,0.251877766177151,0.249931015282757,"BondTier",0.979711577147467,"large","small","Nothofagus cunninghamii","Eucalyptus obliqua","large_small","o_TAS","TAS",NA,"Subcanopy","Canopy","Subcanopy_Canopy","Canopy.small_Subcanopy.large"
"717","Nothofagus cunninghamii small","Eucalyptus obliqua small",0.0218885915670584,-0.240085010456946,0.283862193591063,0.0170511720169954,0.0267260111171215,0.133662457111671,"BondTier",0.523947204048009,"small","small","Nothofagus cunninghamii","Eucalyptus obliqua","small_small","o_TAS","TAS",NA,"Subcanopy","Canopy","Subcanopy_Canopy","Canopy.small_Subcanopy.small"
"718","Olearia argophylla small","Eucalyptus obliqua small",-0.164195383829161,-0.429427993334415,0.101037225676094,-0.168851374366784,-0.159539393291537,0.135325246584823,"BondTier",0.530465219010509,"small","small","Olearia argophylla","Eucalyptus obliqua","small_small","o_TAS","TAS",NA,"Subcanopy","Canopy","Subcanopy_Canopy","Canopy.small_Subcanopy.small"
"719","Pittosporum bicolor small","Eucalyptus obliqua small",0.0582292248237748,-0.149285462243522,0.265743911891072,0.0537552874480549,0.0627031621994948,0.105876785851243,"BondTier",0.415029374134594,"small","small","Pittosporum bicolor","Eucalyptus obliqua","small_small","o_TAS","TAS",NA,"Subcanopy","Canopy","Subcanopy_Canopy","Canopy.small_Subcanopy.small"
"720","Pomaderris apetala large","Eucalyptus obliqua small",-0.00486841946084882,-0.284367434643917,0.274630595722219,-0.0105472086799008,0.00081036975820317,0.142604158743589,"BondTier",0.558998030366135,"large","small","Pomaderris apetala","Eucalyptus obliqua","large_small","o_TAS","TAS",NA,"Subcanopy","Canopy","Subcanopy_Canopy","Canopy.small_Subcanopy.large"
"721","Pomaderris apetala small","Eucalyptus obliqua small",0.103846172395201,0.00265933961898694,0.205033005171415,0.100910439141104,0.106781905649299,0.0516268837460091,"BondTier",0.202373665552428,"small","small","Pomaderris apetala","Eucalyptus obliqua","small_small","o_TAS","TAS",1,"Subcanopy","Canopy","Subcanopy_Canopy","Canopy.small_Subcanopy.small"
"722","Nothofagus cunninghamii large","Nothofagus cunninghamii large",-0.931909378201496,-2.04520439384231,0.18138563743932,-0.950788430960969,-0.913030325442023,0.568018098507088,"BondTier",2.22659003128163,"large","large","Nothofagus cunninghamii","Nothofagus cunninghamii","large_large","o_TAS","TAS",NA,"Subcanopy","Subcanopy","Subcanopy_Subcanopy","Subcanopy.large_Subcanopy.large"
"723","Nothofagus cunninghamii small","Nothofagus cunninghamii large",0.316435477353731,-0.26216232275742,0.895033277464881,0.308439604425278,0.324431350282184,0.29520838376371,"BondTier",1.1571956002223,"small","large","Nothofagus cunninghamii","Nothofagus cunninghamii","small_large","o_TAS","TAS",NA,"Subcanopy","Subcanopy","Subcanopy_Subcanopy","Subcanopy.large_Subcanopy.small"
"724","Olearia argophylla small","Nothofagus cunninghamii large",0.452402168826759,-0.186589841846623,1.09139417950014,0.442738303811539,0.462066033841979,0.326022322712902,"BondTier",1.27798402134676,"small","large","Olearia argophylla","Nothofagus cunninghamii","small_large","o_TAS","TAS",NA,"Subcanopy","Subcanopy","Subcanopy_Subcanopy","Subcanopy.large_Subcanopy.small"
"725","Pittosporum bicolor small","Nothofagus cunninghamii large",-0.0498598748744484,-0.493900044158083,0.394180294409186,-0.0571943219825872,-0.0425254277663097,0.226555269783612,"BondTier",0.888080338567269,"small","large","Pittosporum bicolor","Nothofagus cunninghamii","small_large","o_TAS","TAS",NA,"Subcanopy","Subcanopy","Subcanopy_Subcanopy","Subcanopy.large_Subcanopy.small"
"726","Pomaderris apetala large","Nothofagus cunninghamii large",0.448746066447621,-0.238437581378175,1.13592971427342,0.435830043352292,0.461662089542951,0.350610344499294,"BondTier",1.37436729565159,"large","large","Pomaderris apetala","Nothofagus cunninghamii","large_large","o_TAS","TAS",NA,"Subcanopy","Subcanopy","Subcanopy_Subcanopy","Subcanopy.large_Subcanopy.large"
"727","Pomaderris apetala small","Nothofagus cunninghamii large",-0.268441009382293,-0.491442247487384,-0.0454397712772008,-0.274499821865769,-0.262382196898816,0.113778232592077,"BondTier",0.446002476210183,"small","large","Pomaderris apetala","Nothofagus cunninghamii","small_large","o_TAS","TAS",1,"Subcanopy","Subcanopy","Subcanopy_Subcanopy","Subcanopy.large_Subcanopy.small"
"728","Nothofagus cunninghamii small","Nothofagus cunninghamii small",-0.0245775206002791,-0.388540327435436,0.339385286234878,-0.0329192589126994,-0.0162357822878589,0.185698721867366,"BondTier",0.727925613670314,"small","small","Nothofagus cunninghamii","Nothofagus cunninghamii","small_small","o_TAS","TAS",NA,"Subcanopy","Subcanopy","Subcanopy_Subcanopy","Subcanopy.small_Subcanopy.small"
"729","Olearia argophylla small","Nothofagus cunninghamii small",-0.190525122403411,-0.460995337048139,0.0799450922413174,-0.195047398873429,-0.186002845933393,0.13799754320904,"BondTier",0.540940429289457,"small","small","Olearia argophylla","Nothofagus cunninghamii","small_small","o_TAS","TAS",NA,"Subcanopy","Subcanopy","Subcanopy_Subcanopy","Subcanopy.small_Subcanopy.small"
"730","Pittosporum bicolor small","Nothofagus cunninghamii small",-0.246558712947357,-0.515958591811057,0.0228411659163424,-0.251562642173641,-0.241554783721073,0.137451443490131,"BondTier",0.5387997577274,"small","small","Pittosporum bicolor","Nothofagus cunninghamii","small_small","o_TAS","TAS",NA,"Subcanopy","Subcanopy","Subcanopy_Subcanopy","Subcanopy.small_Subcanopy.small"
"731","Pomaderris apetala large","Nothofagus cunninghamii small",0.333676969672157,-0.0285822472189935,0.695936186563307,0.327377292017489,0.339976647326824,0.184829527352852,"BondTier",0.7245184337823,"large","small","Pomaderris apetala","Nothofagus cunninghamii","large_small","o_TAS","TAS",NA,"Subcanopy","Subcanopy","Subcanopy_Subcanopy","Subcanopy.large_Subcanopy.small"
"732","Pomaderris apetala small","Nothofagus cunninghamii small",-0.105865640314856,-0.247495604949794,0.0357643243200814,-0.108659829520572,-0.103071451109141,0.0722615138605081,"BondTier",0.283259929269876,"small","small","Pomaderris apetala","Nothofagus cunninghamii","small_small","o_TAS","TAS",NA,"Subcanopy","Subcanopy","Subcanopy_Subcanopy","Subcanopy.small_Subcanopy.small"
"733","Olearia argophylla small","Olearia argophylla small",0.0279913549618359,-0.324480815135202,0.380463525058873,0.0198165733631988,0.0361661365604729,0.179836044374944,"BondTier",0.704944340194075,"small","small","Olearia argophylla","Olearia argophylla","small_small","o_TAS","TAS",NA,"Subcanopy","Subcanopy","Subcanopy_Subcanopy","Subcanopy.small_Subcanopy.small"
"734","Pittosporum bicolor small","Olearia argophylla small",0.027110457047753,-0.237886007110523,0.292106921206029,0.0217086431620072,0.0325122709334987,0.135204762051004,"BondTier",0.529992928316552,"small","small","Pittosporum bicolor","Olearia argophylla","small_small","o_TAS","TAS",NA,"Subcanopy","Subcanopy","Subcanopy_Subcanopy","Subcanopy.small_Subcanopy.small"
"735","Pomaderris apetala large","Olearia argophylla small",0.0192484032292488,-0.369561368372486,0.408058174830983,0.0130071407637052,0.0254896656947924,0.198375977655006,"BondTier",0.777619543203469,"large","small","Pomaderris apetala","Olearia argophylla","large_small","o_TAS","TAS",NA,"Subcanopy","Subcanopy","Subcanopy_Subcanopy","Subcanopy.large_Subcanopy.small"
"736","Pomaderris apetala small","Olearia argophylla small",0.0114861504213056,-0.109848021037341,0.132820321879952,0.00931086388966625,0.013661436952945,0.0619063270630049,"BondTier",0.242668342917294,"small","small","Pomaderris apetala","Olearia argophylla","small_small","o_TAS","TAS",NA,"Subcanopy","Subcanopy","Subcanopy_Subcanopy","Subcanopy.small_Subcanopy.small"
"737","Pittosporum bicolor small","Pittosporum bicolor small",0.0516873997944039,-0.269913762407956,0.373288561996764,0.0410412760857712,0.0623335235030366,0.164085240718252,"BondTier",0.643202324404719,"small","small","Pittosporum bicolor","Pittosporum bicolor","small_small","o_TAS","TAS",NA,"Subcanopy","Subcanopy","Subcanopy_Subcanopy","Subcanopy.small_Subcanopy.small"
"738","Pomaderris apetala large","Pittosporum bicolor small",0.351568636101207,0.0124070238228106,0.690730248379604,0.344516544882334,0.35862072732008,0.1730448186567,"BondTier",0.678323224556793,"large","small","Pomaderris apetala","Pittosporum bicolor","large_small","o_TAS","TAS",1,"Subcanopy","Subcanopy","Subcanopy_Subcanopy","Subcanopy.large_Subcanopy.small"
"739","Pomaderris apetala small","Pittosporum bicolor small",-0.110843234465513,-0.201442266262468,-0.0202442026685578,-0.113249839309419,-0.108436629621606,0.046224845207151,"BondTier",0.18119806359391,"small","small","Pomaderris apetala","Pittosporum bicolor","small_small","o_TAS","TAS",1,"Subcanopy","Subcanopy","Subcanopy_Subcanopy","Subcanopy.small_Subcanopy.small"
"740","Pomaderris apetala large","Pomaderris apetala large",-0.074974006688427,-0.551651480631553,0.401703467254699,-0.0874008131062555,-0.0625472002705985,0.243207261818634,"BondTier",0.953354947886253,"large","large","Pomaderris apetala","Pomaderris apetala","large_large","o_TAS","TAS",NA,"Subcanopy","Subcanopy","Subcanopy_Subcanopy","Subcanopy.large_Subcanopy.large"
"741","Pomaderris apetala small","Pomaderris apetala large",0.177655797108469,0.0170048440248648,0.338306750192072,0.172841349810347,0.18247024440659,0.0819662781310259,"BondTier",0.321301906167208,"small","large","Pomaderris apetala","Pomaderris apetala","small_large","o_TAS","TAS",1,"Subcanopy","Subcanopy","Subcanopy_Subcanopy","Subcanopy.large_Subcanopy.small"
"742","Pomaderris apetala small","Pomaderris apetala small",0.326201727798832,0.18425818506833,0.468145270529335,0.312677947105278,0.339725508492387,0.0724215056246619,"BondTier",0.283887085461005,"small","small","Pomaderris apetala","Pomaderris apetala","small_small","o_TAS","TAS",1,"Subcanopy","Subcanopy","Subcanopy_Subcanopy","Subcanopy.small_Subcanopy.small"
"743","Acacia melanoxylon large","Acacia melanoxylon large",-0.532821274276593,-1.24825543530884,0.182612886755658,-0.544193761699575,-0.521448786853611,0.365024136502254,"Supersite",1.4308683220645,"large","large","Acacia melanoxylon","Acacia melanoxylon","large_large","o_TAS","TAS",NA,"Subcanopy","Subcanopy","Subcanopy_Subcanopy","Subcanopy.large_Subcanopy.large"
"744","Acacia melanoxylon small","Acacia melanoxylon large",0.22631584873503,-0.298017409581426,0.750649107051486,0.217634999354741,0.23499669811532,0.267521884306207,"Supersite",1.04866651663291,"small","large","Acacia melanoxylon","Acacia melanoxylon","small_large","o_TAS","TAS",NA,"Subcanopy","Subcanopy","Subcanopy_Subcanopy","Subcanopy.large_Subcanopy.small"
"745","Eucalyptus obliqua large","Acacia melanoxylon large",0.00514025174998368,-0.489942982325608,0.500223485825575,-0.00237643859667628,0.0126569420966436,0.252598128323145,"Supersite",0.990166468151183,"large","large","Eucalyptus obliqua","Acacia melanoxylon","large_large","o_TAS","TAS",NA,"Canopy","Subcanopy","Canopy_Subcanopy","Canopy.large_Subcanopy.large"
"746","Eucalyptus obliqua small","Acacia melanoxylon large",-0.245215816814237,-0.5718726041847,0.0814409705562269,-0.250516164100844,-0.239915469527629,0.166664688712186,"Supersite",0.653313574740927,"small","large","Eucalyptus obliqua","Acacia melanoxylon","small_large","o_TAS","TAS",NA,"Canopy","Subcanopy","Canopy_Subcanopy","Canopy.small_Subcanopy.large"
"747","Nothofagus cunninghamii large","Acacia melanoxylon large",0.243597649502056,-0.547512691392403,1.03470799039652,0.227174212546179,0.260021086457933,0.403635141836604,"Supersite",1.58222068178892,"large","large","Nothofagus cunninghamii","Acacia melanoxylon","large_large","o_TAS","TAS",NA,"Subcanopy","Subcanopy","Subcanopy_Subcanopy","Subcanopy.large_Subcanopy.large"
"748","Nothofagus cunninghamii small","Acacia melanoxylon large",-0.21137149489122,-0.7144778329783,0.29173484319586,-0.222111043571544,-0.200631946210897,0.256691623956113,"Supersite",1.00621267617416,"small","large","Nothofagus cunninghamii","Acacia melanoxylon","small_large","o_TAS","TAS",NA,"Subcanopy","Subcanopy","Subcanopy_Subcanopy","Subcanopy.large_Subcanopy.small"
"749","Pomaderris apetala large","Acacia melanoxylon large",-0.0673374702353037,-0.631017032880072,0.496342092409464,-0.0741706500550732,-0.0605042904155342,0.287596898254764,"Supersite",1.12735912528954,"large","large","Pomaderris apetala","Acacia melanoxylon","large_large","o_TAS","TAS",NA,"Subcanopy","Subcanopy","Subcanopy_Subcanopy","Subcanopy.large_Subcanopy.large"
"750","Pomaderris apetala small","Acacia melanoxylon large",0.0569598686742383,-0.106622316328298,0.220542053676775,0.0531958255516587,0.0607239117968178,0.0834618321014325,"Supersite",0.327164370005073,"small","large","Pomaderris apetala","Acacia melanoxylon","small_large","o_TAS","TAS",NA,"Subcanopy","Subcanopy","Subcanopy_Subcanopy","Subcanopy.large_Subcanopy.small"
"751","Acacia melanoxylon small","Acacia melanoxylon small",-0.539869836118215,-1.4931096062037,0.413369933967267,-0.553508959633851,-0.526230712602578,0.486355758373376,"Supersite",1.90647954017096,"small","small","Acacia melanoxylon","Acacia melanoxylon","small_small","o_TAS","TAS",NA,"Subcanopy","Subcanopy","Subcanopy_Subcanopy","Subcanopy.small_Subcanopy.small"
"752","Eucalyptus obliqua large","Acacia melanoxylon small",0.225049344549894,-0.25473179325536,0.704830482355149,0.216939400138682,0.233159288961107,0.244790792886863,"Supersite",0.959562275610508,"large","small","Eucalyptus obliqua","Acacia melanoxylon","large_small","o_TAS","TAS",NA,"Canopy","Subcanopy","Canopy_Subcanopy","Canopy.large_Subcanopy.small"
"753","Eucalyptus obliqua small","Acacia melanoxylon small",0.236932961438564,-0.0992468199393357,0.573112742816464,0.230701950736579,0.243163972140549,0.171523448404993,"Supersite",0.6723595627558,"small","small","Eucalyptus obliqua","Acacia melanoxylon","small_small","o_TAS","TAS",NA,"Canopy","Subcanopy","Canopy_Subcanopy","Canopy.small_Subcanopy.small"
"754","Nothofagus cunninghamii large","Acacia melanoxylon small",0.543633783927954,0.0473624385979081,1.039905129258,0.529325054933564,0.557942512922345,0.253204318673492,"Supersite",0.992542690660092,"large","small","Nothofagus cunninghamii","Acacia melanoxylon","large_small","o_TAS","TAS",1,"Subcanopy","Subcanopy","Subcanopy_Subcanopy","Subcanopy.large_Subcanopy.small"
"755","Nothofagus cunninghamii small","Acacia melanoxylon small",-0.394276740330607,-0.758091234693719,-0.0304622459674959,-0.403888947794082,-0.384664532867132,0.185623050848298,"Supersite",0.727628988726223,"small","small","Nothofagus cunninghamii","Acacia melanoxylon","small_small","o_TAS","TAS",1,"Subcanopy","Subcanopy","Subcanopy_Subcanopy","Subcanopy.small_Subcanopy.small"
"756","Pomaderris apetala large","Acacia melanoxylon small",0.309071488555721,-0.297813648181451,0.915956625292893,0.301544622022753,0.31659835508869,0.309640963570864,"Supersite",1.21377027347434,"large","small","Pomaderris apetala","Acacia melanoxylon","large_small","o_TAS","TAS",NA,"Subcanopy","Subcanopy","Subcanopy_Subcanopy","Subcanopy.large_Subcanopy.small"
"757","Pomaderris apetala small","Acacia melanoxylon small",0.0829091178192247,-0.0970114002005652,0.262829635839015,0.0794568915134865,0.0863613441249629,0.0917978694705515,"Supersite",0.35984103603958,"small","small","Pomaderris apetala","Acacia melanoxylon","small_small","o_TAS","TAS",NA,"Subcanopy","Subcanopy","Subcanopy_Subcanopy","Subcanopy.small_Subcanopy.small"
"758","Eucalyptus obliqua large","Eucalyptus obliqua large",-0.327479453486403,-0.776182946641255,0.121224039668448,-0.334595572573079,-0.320363334399728,0.228934560376705,"Supersite",0.897406986309703,"large","large","Eucalyptus obliqua","Eucalyptus obliqua","large_large","o_TAS","TAS",NA,"Canopy","Canopy","Canopy_Canopy","Canopy.large_Canopy.large"
"759","Eucalyptus obliqua small","Eucalyptus obliqua large",0.109547504288641,-0.181119549261079,0.400214557838362,0.104341587709646,0.114753420867637,0.148302242205707,"Supersite",0.581334107099441,"small","large","Eucalyptus obliqua","Eucalyptus obliqua","small_large","o_TAS","TAS",NA,"Canopy","Canopy","Canopy_Canopy","Canopy.large_Canopy.small"
"760","Nothofagus cunninghamii large","Eucalyptus obliqua large",-0.636442208603456,-1.27537114511949,0.00248672791257576,-0.648917834070711,-0.6239665831362,0.325990141429037,"Supersite",1.27785787303206,"large","large","Nothofagus cunninghamii","Eucalyptus obliqua","large_large","o_TAS","TAS",NA,"Subcanopy","Canopy","Subcanopy_Canopy","Canopy.large_Subcanopy.large"
"761","Nothofagus cunninghamii small","Eucalyptus obliqua large",0.347558055606305,-0.0822394433925657,0.777355554605175,0.338500742070255,0.356615369142354,0.219288467741784,"Supersite",0.859594997997741,"small","large","Nothofagus cunninghamii","Eucalyptus obliqua","small_large","o_TAS","TAS",NA,"Subcanopy","Canopy","Subcanopy_Canopy","Canopy.large_Subcanopy.small"
"762","Pomaderris apetala large","Eucalyptus obliqua large",0.183144307307933,-0.329455754987118,0.695744369602984,0.175476504345656,0.19081211027021,0.261535449803351,"Supersite",1.0252001245901,"large","large","Pomaderris apetala","Eucalyptus obliqua","large_large","o_TAS","TAS",NA,"Subcanopy","Canopy","Subcanopy_Canopy","Canopy.large_Subcanopy.large"
"763","Pomaderris apetala small","Eucalyptus obliqua large",0.0189976127076495,-0.129463367337722,0.167458592753021,0.0156023688324725,0.0223928565828266,0.0757467898473709,"Supersite",0.296921960090742,"small","large","Pomaderris apetala","Eucalyptus obliqua","small_large","o_TAS","TAS",NA,"Subcanopy","Canopy","Subcanopy_Canopy","Canopy.large_Subcanopy.small"
"764","Eucalyptus obliqua small","Eucalyptus obliqua small",0.0435795598041389,-0.197759325767461,0.284918445375738,0.0365927276074596,0.0505663920008183,0.123134347097829,"Supersite",0.482677771143199,"small","small","Eucalyptus obliqua","Eucalyptus obliqua","small_small","o_TAS","TAS",NA,"Canopy","Canopy","Canopy_Canopy","Canopy.small_Canopy.small"
"765","Nothofagus cunninghamii large","Eucalyptus obliqua small",0.0669323680951494,-0.30936005829558,0.443224794485879,0.0584991565690217,0.0753655796212772,0.19198945968338,"Supersite",0.752584852781459,"large","small","Nothofagus cunninghamii","Eucalyptus obliqua","large_small","o_TAS","TAS",NA,"Subcanopy","Canopy","Subcanopy_Canopy","Canopy.small_Subcanopy.large"
"766","Nothofagus cunninghamii small","Eucalyptus obliqua small",0.0604398780051146,-0.188029502451553,0.308909258461782,0.054067089306236,0.0668126667039932,0.126772421542723,"Supersite",0.496938760913335,"small","small","Nothofagus cunninghamii","Eucalyptus obliqua","small_small","o_TAS","TAS",NA,"Subcanopy","Canopy","Subcanopy_Canopy","Canopy.small_Subcanopy.small"
"767","Pomaderris apetala large","Eucalyptus obliqua small",-0.356281542560755,-0.794339691985516,0.0817766068640061,-0.362317771075496,-0.350245314046014,0.223503162752024,"Supersite",0.876116298849522,"large","small","Pomaderris apetala","Eucalyptus obliqua","large_small","o_TAS","TAS",NA,"Subcanopy","Canopy","Subcanopy_Canopy","Canopy.small_Subcanopy.large"
"768","Pomaderris apetala small","Eucalyptus obliqua small",0.0401680770439153,-0.0645291378569065,0.144865291944737,0.0373442018623176,0.0429919522255129,0.0534179279449317,"Supersite",0.209394429801644,"small","small","Pomaderris apetala","Eucalyptus obliqua","small_small","o_TAS","TAS",NA,"Subcanopy","Canopy","Subcanopy_Canopy","Canopy.small_Subcanopy.small"
"769","Nothofagus cunninghamii large","Nothofagus cunninghamii large",-0.29464591531441,-0.928963428525036,0.339671597896215,-0.313599787661149,-0.275692042967672,0.323637331203043,"Supersite",1.26863502642125,"large","large","Nothofagus cunninghamii","Nothofagus cunninghamii","large_large","o_TAS","TAS",NA,"Subcanopy","Subcanopy","Subcanopy_Subcanopy","Subcanopy.large_Subcanopy.large"
"770","Nothofagus cunninghamii small","Nothofagus cunninghamii large",0.534657757354787,0.113330279930569,0.955985234779005,0.516965447756998,0.552350066952576,0.214966948753954,"Supersite",0.842654954848436,"small","large","Nothofagus cunninghamii","Nothofagus cunninghamii","small_large","o_TAS","TAS",1,"Subcanopy","Subcanopy","Subcanopy_Subcanopy","Subcanopy.large_Subcanopy.small"
"771","Pomaderris apetala large","Nothofagus cunninghamii large",0.101392031886324,-0.643705600986945,0.846489664759592,0.0894240450927032,0.113360018679944,0.380158839014647,"Supersite",1.49019526574654,"large","large","Pomaderris apetala","Nothofagus cunninghamii","large_large","o_TAS","TAS",NA,"Subcanopy","Subcanopy","Subcanopy_Subcanopy","Subcanopy.large_Subcanopy.large"
"772","Pomaderris apetala small","Nothofagus cunninghamii large",-0.223074516190289,-0.483691510667207,0.037542478286628,-0.228757009919008,-0.21739202246157,0.132970297685382,"Supersite",0.521233988953835,"small","large","Pomaderris apetala","Nothofagus cunninghamii","small_large","o_TAS","TAS",NA,"Subcanopy","Subcanopy","Subcanopy_Subcanopy","Subcanopy.large_Subcanopy.small"
"773","Nothofagus cunninghamii small","Nothofagus cunninghamii small",0.126930826988728,-0.179280096594933,0.43314175057239,0.110731434277218,0.143130219700239,0.156232933869711,"Supersite",0.612421847167324,"small","small","Nothofagus cunninghamii","Nothofagus cunninghamii","small_small","o_TAS","TAS",NA,"Subcanopy","Subcanopy","Subcanopy_Subcanopy","Subcanopy.small_Subcanopy.small"
"774","Pomaderris apetala large","Nothofagus cunninghamii small",-0.184648618894201,-0.71693023787378,0.347633000085378,-0.19420499253654,-0.175092245251861,0.271577244877022,"Supersite",1.06456323795916,"large","small","Pomaderris apetala","Nothofagus cunninghamii","large_small","o_TAS","TAS",NA,"Subcanopy","Subcanopy","Subcanopy_Subcanopy","Subcanopy.large_Subcanopy.small"
"775","Pomaderris apetala small","Nothofagus cunninghamii small",0.0390388659020775,-0.0873822382289351,0.16545997003309,0.035485765414412,0.0425919663897431,0.0645017485669156,"Supersite",0.252842208262025,"small","small","Pomaderris apetala","Nothofagus cunninghamii","small_small","o_TAS","TAS",NA,"Subcanopy","Subcanopy","Subcanopy_Subcanopy","Subcanopy.small_Subcanopy.small"
"776","Pomaderris apetala large","Pomaderris apetala large",-0.514155549373405,-1.46820135282963,0.439890254082816,-0.523018789256429,-0.505292309490382,0.486767007445858,"Supersite",1.90809160691244,"large","large","Pomaderris apetala","Pomaderris apetala","large_large","o_TAS","TAS",NA,"Subcanopy","Subcanopy","Subcanopy_Subcanopy","Subcanopy.large_Subcanopy.large"
"777","Pomaderris apetala small","Pomaderris apetala large",0.00485197044818126,-0.177584220781967,0.187288161678329,0.00053762687371351,0.009166314022649,0.0930813997957011,"Supersite",0.364872382460296,"small","large","Pomaderris apetala","Pomaderris apetala","small_large","o_TAS","TAS",NA,"Subcanopy","Subcanopy","Subcanopy_Subcanopy","Subcanopy.large_Subcanopy.small"
"778","Pomaderris apetala small","Pomaderris apetala small",0.485761451016759,0.351472396239062,0.620050505794456,0.473062957912516,0.498459944121002,0.0685160828652728,"Supersite",0.268578109555393,"small","small","Pomaderris apetala","Pomaderris apetala","small_small","o_TAS","TAS",1,"Subcanopy","Subcanopy","Subcanopy_Subcanopy","Subcanopy.small_Subcanopy.small"
"779","Acacia dealbata large","Acacia dealbata large",-0.429255562419033,-1.27265175000822,0.414140625170157,-0.443998864335695,-0.41451226050237,0.430312084426955,"Mackenzie",1.68679237517838,"large","large","Acacia dealbata","Acacia dealbata","large_large","d_TAS","TAS",NA,"Subcanopy","Subcanopy","Subcanopy_Subcanopy","Subcanopy.large_Subcanopy.large"
"780","Acacia dealbata small","Acacia dealbata large",0.0947511035902853,-0.233216595197265,0.422718802377835,0.0882346568774153,0.101267550303155,0.16733353335802,"Mackenzie",0.6559353975751,"small","large","Acacia dealbata","Acacia dealbata","small_large","d_TAS","TAS",NA,"Subcanopy","Subcanopy","Subcanopy_Subcanopy","Subcanopy.large_Subcanopy.small"
"781","Eucalyptus delegatensis large","Acacia dealbata large",-0.150687995510548,-0.350126595382993,0.0487506043618961,-0.155246043211561,-0.146129947809536,0.101756257485133,"Mackenzie",0.398877199744889,"large","large","Eucalyptus delegatensis","Acacia dealbata","large_large","d_TAS","TAS",NA,"Canopy","Subcanopy","Canopy_Subcanopy","Canopy.large_Subcanopy.large"
"782","Eucalyptus delegatensis small","Acacia dealbata large",-0.131998765065119,-0.274709450968809,0.0107119208385702,-0.135301872521746,-0.128695657608493,0.07281291239501,"Mackenzie",0.285421371807379,"small","large","Eucalyptus delegatensis","Acacia dealbata","small_large","d_TAS","TAS",NA,"Canopy","Subcanopy","Canopy_Subcanopy","Canopy.small_Subcanopy.large"
"783","Leptospermum lanigerum large","Acacia dealbata large",-0.23316197129633,-0.579671254914507,0.113347312321846,-0.239621824487901,-0.22670211810476,0.176793699451315,"Mackenzie",0.693018567236353,"large","large","Leptospermum lanigerum","Acacia dealbata","large_large","d_TAS","TAS",NA,"Subcanopy","Subcanopy","Subcanopy_Subcanopy","Subcanopy.large_Subcanopy.large"
"784","Leptospermum lanigerum small","Acacia dealbata large",0.144891585702537,-0.125064258235839,0.414847429640912,0.14165642640706,0.148126744998013,0.137735104352811,"Mackenzie",0.539911687876751,"small","large","Leptospermum lanigerum","Acacia dealbata","small_large","d_TAS","TAS",NA,"Subcanopy","Subcanopy","Subcanopy_Subcanopy","Subcanopy.large_Subcanopy.small"
"785","Nematolepis squamea subsp squamea small","Acacia dealbata large",-0.0241180066515515,-0.253199856827889,0.204963843524786,-0.0283282263638709,-0.0199077869392321,0.116880642697165,"Mackenzie",0.458163700352675,"small","large","Nematolepis squamea","Acacia dealbata","small_large","d_TAS","TAS",NA,"Subcanopy","Subcanopy","Subcanopy_Subcanopy","Subcanopy.large_Subcanopy.small"
"786","Acacia dealbata small","Acacia dealbata small",-0.0780893800819066,-0.446018976594723,0.28984021643091,-0.0856024345995962,-0.0705763255642171,0.187722631341697,"Mackenzie",0.735859193025633,"small","small","Acacia dealbata","Acacia dealbata","small_small","d_TAS","TAS",NA,"Subcanopy","Subcanopy","Subcanopy_Subcanopy","Subcanopy.small_Subcanopy.small"
"787","Eucalyptus delegatensis large","Acacia dealbata small",-0.116909220293026,-0.302253637707372,0.0684351971213189,-0.1209284410136,-0.112889999572452,0.0945652159306592,"Mackenzie",0.370688834828691,"large","small","Eucalyptus delegatensis","Acacia dealbata","large_small","d_TAS","TAS",NA,"Canopy","Subcanopy","Canopy_Subcanopy","Canopy.large_Subcanopy.small"
"788","Eucalyptus delegatensis small","Acacia dealbata small",0.0465275021161778,-0.0958517629190938,0.188906767151449,0.0428352278084075,0.050219776423948,0.0726438170080375,"Mackenzie",0.284758530070543,"small","small","Eucalyptus delegatensis","Acacia dealbata","small_small","d_TAS","TAS",NA,"Canopy","Subcanopy","Canopy_Subcanopy","Canopy.small_Subcanopy.small"
"789","Leptospermum lanigerum large","Acacia dealbata small",-0.268529548343932,-0.575789224641123,0.0387301279532585,-0.27337051711527,-0.263688579572595,0.15676802161714,"Mackenzie",0.614519352594382,"large","small","Leptospermum lanigerum","Acacia dealbata","large_small","d_TAS","TAS",NA,"Subcanopy","Subcanopy","Subcanopy_Subcanopy","Subcanopy.large_Subcanopy.small"
"790","Leptospermum lanigerum small","Acacia dealbata small",0.0207330764606582,-0.137551443594492,0.179017596515808,0.0178426140393361,0.0236235388819803,0.0807588921549979,"Mackenzie",0.3165690401103,"small","small","Leptospermum lanigerum","Acacia dealbata","small_small","d_TAS","TAS",NA,"Subcanopy","Subcanopy","Subcanopy_Subcanopy","Subcanopy.small_Subcanopy.small"
"791","Nematolepis squamea subsp squamea small","Acacia dealbata small",0.217967923983198,0.0220670083821735,0.413868839584222,0.213440233159612,0.222495614806783,0.0999512833635034,"Mackenzie",0.391801831202048,"small","small","Nematolepis squamea","Acacia dealbata","small_small","d_TAS","TAS",1,"Subcanopy","Subcanopy","Subcanopy_Subcanopy","Subcanopy.small_Subcanopy.small"
"792","Eucalyptus delegatensis large","Eucalyptus delegatensis large",-0.115537131607369,-0.343954157173832,0.112879893959095,-0.122631864897533,-0.108442398317205,0.116541440234712,"Mackenzie",0.456834051132927,"large","large","Eucalyptus delegatensis","Eucalyptus delegatensis","large_large","d_TAS","TAS",NA,"Canopy","Canopy","Canopy_Canopy","Canopy.large_Canopy.large"
"793","Eucalyptus delegatensis small","Eucalyptus delegatensis large",0.0191375781323312,-0.0735246220935766,0.111799778358239,0.0165889462530167,0.0216862100116457,0.0472775015035049,"Mackenzie",0.185324400451816,"small","large","Eucalyptus delegatensis","Eucalyptus delegatensis","small_large","d_TAS","TAS",NA,"Canopy","Canopy","Canopy_Canopy","Canopy.large_Canopy.small"
"794","Leptospermum lanigerum large","Eucalyptus delegatensis large",-0.142431407080401,-0.290537575195537,0.00567476103473438,-0.145786999940947,-0.139075814219856,0.0755657600258874,"Mackenzie",0.296212336230271,"large","large","Leptospermum lanigerum","Eucalyptus delegatensis","large_large","d_TAS","TAS",NA,"Subcanopy","Canopy","Subcanopy_Canopy","Canopy.large_Subcanopy.large"
"795","Leptospermum lanigerum small","Eucalyptus delegatensis large",-0.0144011495057043,-0.119605705271377,0.0908034062599688,-0.0169753787896928,-0.0118269202217158,0.0536767800814266,"Mackenzie",0.210409111531346,"small","large","Leptospermum lanigerum","Eucalyptus delegatensis","small_large","d_TAS","TAS",NA,"Subcanopy","Canopy","Subcanopy_Canopy","Canopy.large_Subcanopy.small"
"796","Nematolepis squamea subsp squamea small","Eucalyptus delegatensis large",0.115987717804527,-0.0230385381649011,0.255013973773956,0.112834022564344,0.119141413044711,0.0709330666614539,"Mackenzie",0.278052511938857,"small","large","Nematolepis squamea","Eucalyptus delegatensis","small_large","d_TAS","TAS",NA,"Subcanopy","Canopy","Subcanopy_Canopy","Canopy.large_Subcanopy.small"
"797","Eucalyptus delegatensis small","Eucalyptus delegatensis small",0.197268961781575,0.0457214634425089,0.348816460120641,0.188605501881404,0.205932421681745,0.0773215730158581,"Mackenzie",0.303094996678132,"small","small","Eucalyptus delegatensis","Eucalyptus delegatensis","small_small","d_TAS","TAS",1,"Canopy","Canopy","Canopy_Canopy","Canopy.small_Canopy.small"
"798","Leptospermum lanigerum large","Eucalyptus delegatensis small",-0.0534182497441823,-0.175541072244556,0.0687045727561915,-0.0561505665383363,-0.0506859329500282,0.0623087074373116,"Mackenzie",0.244245645000748,"large","small","Leptospermum lanigerum","Eucalyptus delegatensis","large_small","d_TAS","TAS",NA,"Subcanopy","Canopy","Subcanopy_Canopy","Canopy.small_Subcanopy.large"
"799","Leptospermum lanigerum small","Eucalyptus delegatensis small",-0.0446338334324933,-0.131686682165853,0.0424190153008666,-0.046825599368507,-0.0424420674964796,0.0444155348873865,"Mackenzie",0.17410569746672,"small","small","Leptospermum lanigerum","Eucalyptus delegatensis","small_small","d_TAS","TAS",NA,"Subcanopy","Canopy","Subcanopy_Canopy","Canopy.small_Subcanopy.small"
"800","Nematolepis squamea subsp squamea small","Eucalyptus delegatensis small",-0.0601525379928096,-0.146867558326189,0.0265624823405697,-0.0625967109547625,-0.0577083650308567,0.0442431702915851,"Mackenzie",0.173430040666759,"small","small","Nematolepis squamea","Eucalyptus delegatensis","small_small","d_TAS","TAS",NA,"Subcanopy","Canopy","Subcanopy_Canopy","Canopy.small_Subcanopy.small"
"801","Leptospermum lanigerum large","Leptospermum lanigerum large",0.0685133582924566,-0.239230658213082,0.376257374797996,0.0613437246982969,0.0756829918866164,0.157015138509169,"Mackenzie",0.615488033011078,"large","large","Leptospermum lanigerum","Leptospermum lanigerum","large_large","d_TAS","TAS",NA,"Subcanopy","Subcanopy","Subcanopy_Subcanopy","Subcanopy.large_Subcanopy.large"
"802","Leptospermum lanigerum small","Leptospermum lanigerum large",0.125764764516133,-0.0346930120570707,0.286222541089338,0.122917089350615,0.128612439681652,0.0818677168758583,"Mackenzie",0.320915553146408,"small","large","Leptospermum lanigerum","Leptospermum lanigerum","small_large","d_TAS","TAS",NA,"Subcanopy","Subcanopy","Subcanopy_Subcanopy","Subcanopy.large_Subcanopy.small"
"803","Nematolepis squamea subsp squamea small","Leptospermum lanigerum large",0.0310873839421504,-0.167895563703671,0.230070331587972,0.0276182033693773,0.0345565645149235,0.101523777587432,"Mackenzie",0.397965895291643,"small","large","Nematolepis squamea","Leptospermum lanigerum","small_large","d_TAS","TAS",NA,"Subcanopy","Subcanopy","Subcanopy_Subcanopy","Subcanopy.large_Subcanopy.small"
"804","Leptospermum lanigerum small","Leptospermum lanigerum small",0.314869263751313,0.178304961301719,0.451433566200907,0.304477065933976,0.32526146156865,0.0696769448453115,"Mackenzie",0.273128604899188,"small","small","Leptospermum lanigerum","Leptospermum lanigerum","small_small","d_TAS","TAS",1,"Subcanopy","Subcanopy","Subcanopy_Subcanopy","Subcanopy.small_Subcanopy.small"
"805","Nematolepis squamea subsp squamea small","Leptospermum lanigerum small",-0.0450050165441917,-0.149959628632553,0.0599495955441693,-0.0471709912224122,-0.0428390418659711,0.0535492554537888,"Mackenzie",0.209909224176722,"small","small","Nematolepis squamea","Leptospermum lanigerum","small_small","d_TAS","TAS",NA,"Subcanopy","Subcanopy","Subcanopy_Subcanopy","Subcanopy.small_Subcanopy.small"
"806","Nematolepis squamea subsp squamea small","Nematolepis squamea subsp squamea small",0.346407567787384,0.15328580944228,0.539529326132489,0.3342841064404,0.358531029134369,0.0985333199326235,"Mackenzie",0.386243516690209,"small","small","Nematolepis squamea","Nematolepis squamea","small_small","d_TAS","TAS",1,"Subcanopy","Subcanopy","Subcanopy_Subcanopy","Subcanopy.small_Subcanopy.small"
"807","Acacia dealbata small","Acacia dealbata small",0.27954097105406,-0.0181010561524259,0.577182998260547,0.272497933246571,0.28658400886155,0.151860967627083,"MtMaurice",0.595284054412973,"small","small","Acacia dealbata","Acacia dealbata","small_small","d_TAS","TAS",NA,"Subcanopy","Subcanopy","Subcanopy_Subcanopy","Subcanopy.small_Subcanopy.small"
"808","Eucalyptus dalrympleana large","Acacia dealbata small",-0.115769261347499,-0.402028036274061,0.170489513579063,-0.120542213170492,-0.110996309524505,0.146053079130298,"MtMaurice",0.572517549853124,"large","small","Eucalyptus dalrympleana","Acacia dealbata","large_small","d_TAS","TAS",NA,"Canopy","Subcanopy","Canopy_Subcanopy","Canopy.large_Subcanopy.small"
"809","Eucalyptus dalrympleana small","Acacia dealbata small",0.00588573911083694,-0.167729499792299,0.179500978013973,0.00282699291867563,0.00894448530299825,0.0885808312155688,"MtMaurice",0.347230477806273,"small","small","Eucalyptus dalrympleana","Acacia dealbata","small_small","d_TAS","TAS",NA,"Canopy","Subcanopy","Canopy_Subcanopy","Canopy.small_Subcanopy.small"
"810","Eucalyptus delegatensis large","Acacia dealbata small",0.164168475183319,-0.0765308135667168,0.404867763933355,0.158897096654745,0.169439853711893,0.122808016192461,"MtMaurice",0.481398577500072,"large","small","Eucalyptus delegatensis","Acacia dealbata","large_small","d_TAS","TAS",NA,"Canopy","Subcanopy","Canopy_Subcanopy","Canopy.large_Subcanopy.small"
"811","Eucalyptus delegatensis small","Acacia dealbata small",-0.0369333467996584,-0.158599639084536,0.0847329454852192,-0.0400196389123759,-0.0338470546869409,0.0620757795778728,"MtMaurice",0.243332584569755,"small","small","Eucalyptus delegatensis","Acacia dealbata","small_small","d_TAS","TAS",NA,"Canopy","Subcanopy","Canopy_Subcanopy","Canopy.small_Subcanopy.small"
"812","Eucalyptus dalrympleana large","Eucalyptus dalrympleana large",-0.190389554476338,-0.593386155928325,0.212607046975648,-0.198411989778572,-0.182367119174105,0.205614289155705,"MtMaurice",0.805993202903972,"large","large","Eucalyptus dalrympleana","Eucalyptus dalrympleana","large_large","d_TAS","TAS",NA,"Canopy","Canopy","Canopy_Canopy","Canopy.large_Canopy.large"
"813","Eucalyptus dalrympleana small","Eucalyptus dalrympleana large",0.0144426080764299,-0.194717943151471,0.223603159304331,0.0112090685142352,0.0176761476386246,0.106716527894254,"MtMaurice",0.418321102455802,"small","large","Eucalyptus dalrympleana","Eucalyptus dalrympleana","small_large","d_TAS","TAS",NA,"Canopy","Canopy","Canopy_Canopy","Canopy.large_Canopy.small"
"814","Eucalyptus delegatensis large","Eucalyptus dalrympleana large",0.216473765308863,-0.0515805775878576,0.484528108205583,0.209706753732633,0.223240776885092,0.136764932933002,"MtMaurice",0.536108685793441,"large","large","Eucalyptus delegatensis","Eucalyptus dalrympleana","large_large","d_TAS","TAS",NA,"Canopy","Canopy","Canopy_Canopy","Canopy.large_Canopy.large"
"815","Eucalyptus delegatensis small","Eucalyptus dalrympleana large",-0.261262081485258,-0.418781586314894,-0.103742576655622,-0.265326806570767,-0.25719735639975,0.0803685710921883,"MtMaurice",0.315039009659272,"small","large","Eucalyptus delegatensis","Eucalyptus dalrympleana","small_large","d_TAS","TAS",1,"Canopy","Canopy","Canopy_Canopy","Canopy.large_Canopy.small"
"816","Eucalyptus dalrympleana small","Eucalyptus dalrympleana small",0.207648537491016,0.0196264739241033,0.395670601057929,0.202912829635647,0.212384245346385,0.0959313870305816,"MtMaurice",0.376044127133825,"small","small","Eucalyptus dalrympleana","Eucalyptus dalrympleana","small_small","d_TAS","TAS",1,"Canopy","Canopy","Canopy_Canopy","Canopy.small_Canopy.small"
"817","Eucalyptus delegatensis large","Eucalyptus dalrympleana small",0.00418487535699536,-0.167464381614223,0.175834132328213,0.00043979129072206,0.00792995942326865,0.0875777607778335,"MtMaurice",0.343298513942436,"large","small","Eucalyptus delegatensis","Eucalyptus dalrympleana","large_small","d_TAS","TAS",NA,"Canopy","Canopy","Canopy_Canopy","Canopy.large_Canopy.small"
"818","Eucalyptus delegatensis small","Eucalyptus dalrympleana small",-0.00925326181915155,-0.107248626856898,0.0887421032185948,-0.0114488992413152,-0.0070576243969879,0.0499985539585019,"MtMaurice",0.195990730075493,"small","small","Eucalyptus delegatensis","Eucalyptus dalrympleana","small_small","d_TAS","TAS",NA,"Canopy","Canopy","Canopy_Canopy","Canopy.small_Canopy.small"
"819","Eucalyptus delegatensis large","Eucalyptus delegatensis large",-0.38438089960212,-0.751217170888211,-0.0175446283160283,-0.396153763232292,-0.372608035971947,0.187164802098227,"MtMaurice",0.733672542572183,"large","large","Eucalyptus delegatensis","Eucalyptus delegatensis","large_large","d_TAS","TAS",1,"Canopy","Canopy","Canopy_Canopy","Canopy.large_Canopy.large"
"820","Eucalyptus delegatensis small","Eucalyptus delegatensis large",0.144924749364199,-0.00765371267427203,0.297503211402671,0.139973520593964,0.149875978134434,0.0778475845688956,"MtMaurice",0.305156924076943,"small","large","Eucalyptus delegatensis","Eucalyptus delegatensis","small_large","d_TAS","TAS",NA,"Canopy","Canopy","Canopy_Canopy","Canopy.large_Canopy.small"
"821","Eucalyptus delegatensis small","Eucalyptus delegatensis small",0.212524200985703,0.0596133861223608,0.365435015849046,0.202204732872548,0.222843669098859,0.0780171554525919,"MtMaurice",0.305821629726685,"small","small","Eucalyptus delegatensis","Eucalyptus delegatensis","small_small","d_TAS","TAS",1,"Canopy","Canopy","Canopy_Canopy","Canopy.small_Canopy.small"
"822","Acacia dealbata large","Acacia dealbata large",-0.0452739318917824,-0.385719775125606,0.295171911342041,-0.0522234280219325,-0.0383244357616323,0.173700050571958,"BenRidge",0.680891686467647,"large","large","Acacia dealbata","Acacia dealbata","large_large","d_TAS","TAS",NA,"Subcanopy","Subcanopy","Subcanopy_Subcanopy","Subcanopy.large_Subcanopy.large"
"823","Acacia dealbata small","Acacia dealbata large",-0.00732972873910497,-0.162444148759552,0.147784691281342,-0.0110248307521517,-0.00363462672605822,0.0791414644574951,"BenRidge",0.310228840040894,"small","large","Acacia dealbata","Acacia dealbata","small_large","d_TAS","TAS",NA,"Subcanopy","Subcanopy","Subcanopy_Subcanopy","Subcanopy.large_Subcanopy.small"
"824","Eucalyptus delegatensis large","Acacia dealbata large",-0.0667934157402075,-0.243564345406179,0.109977513925764,-0.0714924642335186,-0.0620943672468964,0.09019090710866,"BenRidge",0.353541859331942,"large","large","Eucalyptus delegatensis","Acacia dealbata","large_large","d_TAS","TAS",NA,"Canopy","Subcanopy","Canopy_Subcanopy","Canopy.large_Subcanopy.large"
"825","Eucalyptus delegatensis small","Acacia dealbata large",-0.00523888641362748,-0.0634960078617418,0.0530182350344869,-0.00676010361795804,-0.00371766920929691,0.0297235673245218,"BenRidge",0.116514242896229,"small","large","Eucalyptus delegatensis","Acacia dealbata","small_large","d_TAS","TAS",NA,"Canopy","Subcanopy","Canopy_Subcanopy","Canopy.small_Subcanopy.large"
"826","Tasmannia lanceolata small","Acacia dealbata large",-0.113040385160609,-0.241623618847986,0.0155428485267678,-0.116064174607406,-0.110016595713813,0.0656048961621872,"BenRidge",0.257166467374754,"small","large","Tasmannia lanceolata","Acacia dealbata","small_large","d_TAS","TAS",NA,"Subcanopy","Subcanopy","Subcanopy_Subcanopy","Subcanopy.large_Subcanopy.small"
"827","Acacia dealbata small","Acacia dealbata small",0.204137945489475,0.0367116708175631,0.371564220161386,0.197317571523908,0.210958319455041,0.0854231383803726,"BenRidge",0.334852549343823,"small","small","Acacia dealbata","Acacia dealbata","small_small","d_TAS","TAS",1,"Subcanopy","Subcanopy","Subcanopy_Subcanopy","Subcanopy.small_Subcanopy.small"
"828","Eucalyptus delegatensis large","Acacia dealbata small",0.137691976845651,-0.0003131417115442,0.275697095402847,0.133224265505478,0.142159688185825,0.0704120686123634,"BenRidge",0.276010237114391,"large","small","Eucalyptus delegatensis","Acacia dealbata","large_small","d_TAS","TAS",NA,"Canopy","Subcanopy","Canopy_Subcanopy","Canopy.large_Subcanopy.small"
"829","Eucalyptus delegatensis small","Acacia dealbata small",0.00681142136070217,-0.0466779791715482,0.0603008218929526,0.00475045031605955,0.00887239240534478,0.0272910119543869,"BenRidge",0.106978801064501,"small","small","Eucalyptus delegatensis","Acacia dealbata","small_small","d_TAS","TAS",NA,"Canopy","Subcanopy","Canopy_Subcanopy","Canopy.small_Subcanopy.small"
"830","Tasmannia lanceolata small","Acacia dealbata small",-0.126199101082845,-0.21333768207523,-0.0390605200904605,-0.129058061596077,-0.123340140569613,0.0444592766396335,"BenRidge",0.174277161984769,"small","small","Tasmannia lanceolata","Acacia dealbata","small_small","d_TAS","TAS",1,"Subcanopy","Subcanopy","Subcanopy_Subcanopy","Subcanopy.small_Subcanopy.small"
"831","Eucalyptus delegatensis large","Eucalyptus delegatensis large",-0.345527262022938,-0.597372654462421,-0.0936818695834558,-0.358745572567961,-0.332308951477915,0.128494908287095,"BenRidge",0.503690784878965,"large","large","Eucalyptus delegatensis","Eucalyptus delegatensis","large_large","d_TAS","TAS",1,"Canopy","Canopy","Canopy_Canopy","Canopy.large_Canopy.large"
"832","Eucalyptus delegatensis small","Eucalyptus delegatensis large",-0.0396271451000164,-0.112571552919359,0.0333172627193259,-0.04243494282987,-0.0368193473701628,0.0372172184768284,"BenRidge",0.145888815638685,"small","large","Eucalyptus delegatensis","Eucalyptus delegatensis","small_large","d_TAS","TAS",NA,"Canopy","Canopy","Canopy_Canopy","Canopy.large_Canopy.small"
"833","Tasmannia lanceolata small","Eucalyptus delegatensis large",0.044993274327889,-0.0431753788798755,0.133161927535653,0.0417858055446829,0.0482007431110951,0.0449848333455245,"BenRidge",0.176337306415529,"small","large","Tasmannia lanceolata","Eucalyptus delegatensis","small_large","d_TAS","TAS",NA,"Subcanopy","Canopy","Subcanopy_Canopy","Canopy.large_Subcanopy.small"
"834","Eucalyptus delegatensis small","Eucalyptus delegatensis small",0.384375671318944,0.266510016126558,0.502241326511331,0.373780634018113,0.394970708619775,0.0601366433883967,"BenRidge",0.235731310384773,"small","small","Eucalyptus delegatensis","Eucalyptus delegatensis","small_small","d_TAS","TAS",1,"Canopy","Canopy","Canopy_Canopy","Canopy.small_Canopy.small"
"835","Tasmannia lanceolata small","Eucalyptus delegatensis small",-0.00256857910465405,-0.0301425610347051,0.025005402825397,-0.00464797538295672,-0.00048918282635138,0.0140686166417093,"BenRidge",0.055147963860102,"small","small","Tasmannia lanceolata","Eucalyptus delegatensis","small_small","d_TAS","TAS",NA,"Subcanopy","Canopy","Subcanopy_Canopy","Canopy.small_Subcanopy.small"
"836","Tasmannia lanceolata small","Tasmannia lanceolata small",0.505396901714963,0.401779074700069,0.609014728729857,0.490208142994196,0.520585660435729,0.0528672097202898,"BenRidge",0.207235654029788,"small","small","Tasmannia lanceolata","Tasmannia lanceolata","small_small","d_TAS","TAS",1,"Subcanopy","Subcanopy","Subcanopy_Subcanopy","Subcanopy.small_Subcanopy.small"
"837","Acacia melanoxylon small","Acacia melanoxylon small",0.134581858242268,-0.144256320407917,0.413420036892453,0.129568079373022,0.139595637111514,0.142266991051685,"Bird",0.557676357300369,"small","small","Acacia melanoxylon","Acacia melanoxylon","small_small","o_TAS","TAS",NA,"Subcanopy","Subcanopy","Subcanopy_Subcanopy","Subcanopy.small_Subcanopy.small"
"838","Eucalyptus obliqua large","Acacia melanoxylon small",0.176877750727852,-0.0239792106815036,0.377734712137207,0.173580021585687,0.180175479870016,0.102479924628049,"Bird",0.401713922818711,"large","small","Eucalyptus obliqua","Acacia melanoxylon","large_small","o_TAS","TAS",NA,"Canopy","Subcanopy","Canopy_Subcanopy","Canopy.large_Subcanopy.small"
"839","Eucalyptus obliqua small","Acacia melanoxylon small",-0.0910301444124815,-0.282708896190069,0.100648607365106,-0.0941356329117137,-0.0879246559132494,0.0977970785634455,"Bird",0.383357503555175,"small","small","Eucalyptus obliqua","Acacia melanoxylon","small_small","o_TAS","TAS",NA,"Canopy","Subcanopy","Canopy_Subcanopy","Canopy.small_Subcanopy.small"
"840","Monotoca glauca small","Acacia melanoxylon small",0.217087897775328,-0.0511814276660271,0.485357223216683,0.212797453675259,0.221378341875397,0.136874619920279,"Bird",0.53653865088271,"small","small","Monotoca glauca","Acacia melanoxylon","small_small","o_TAS","TAS",NA,"Subcanopy","Subcanopy","Subcanopy_Subcanopy","Subcanopy.small_Subcanopy.small"
"841","Nothofagus cunninghamii large","Acacia melanoxylon small",0.0118022245827342,-0.195737559081619,0.219342008247087,0.00899153822095689,0.0146129109445114,0.105889590472784,"Bird",0.415079567328706,"large","small","Nothofagus cunninghamii","Acacia melanoxylon","large_small","o_TAS","TAS",NA,"Subcanopy","Subcanopy","Subcanopy_Subcanopy","Subcanopy.large_Subcanopy.small"
"842","Nothofagus cunninghamii small","Acacia melanoxylon small",0.0219600563911811,-0.0730626627026888,0.116982775485051,0.0197460518663218,0.0241740609160405,0.0484818699952637,"Bird",0.19004543818774,"small","small","Nothofagus cunninghamii","Acacia melanoxylon","small_small","o_TAS","TAS",NA,"Subcanopy","Subcanopy","Subcanopy_Subcanopy","Subcanopy.small_Subcanopy.small"
"843","Eucalyptus obliqua large","Eucalyptus obliqua large",-0.0534664203759877,-0.307011720200877,0.200078879448902,-0.0587238057890701,-0.0482090349629052,0.129362223910655,"Bird",0.507090599649778,"large","large","Eucalyptus obliqua","Eucalyptus obliqua","large_large","o_TAS","TAS",NA,"Canopy","Canopy","Canopy_Canopy","Canopy.large_Canopy.large"
"844","Eucalyptus obliqua small","Eucalyptus obliqua large",0.120637816675106,-0.0727915476452246,0.314067180995436,0.116639320490135,0.124636312860076,0.0986902646406141,"Bird",0.386858728640661,"small","large","Eucalyptus obliqua","Eucalyptus obliqua","small_large","o_TAS","TAS",NA,"Canopy","Canopy","Canopy_Canopy","Canopy.large_Canopy.small"
"845","Monotoca glauca small","Eucalyptus obliqua large",-0.0519639295529096,-0.329658790882457,0.225730931776638,-0.0563870850799357,-0.0475407740258836,0.141683655169161,"Bird",0.555389722659095,"small","large","Monotoca glauca","Eucalyptus obliqua","small_large","o_TAS","TAS",NA,"Subcanopy","Canopy","Subcanopy_Canopy","Canopy.large_Subcanopy.small"
"846","Nothofagus cunninghamii large","Eucalyptus obliqua large",-0.0701812206449278,-0.282037675313913,0.141675234024057,-0.0737253375634291,-0.0666371037264265,0.108092014108464,"Bird",0.42371290933797,"large","large","Nothofagus cunninghamii","Eucalyptus obliqua","large_large","o_TAS","TAS",NA,"Subcanopy","Canopy","Subcanopy_Canopy","Canopy.large_Subcanopy.large"
"847","Nothofagus cunninghamii small","Eucalyptus obliqua large",0.0120188524122216,-0.076033477130818,0.100071181955261,0.00959941200606292,0.0144382928183803,0.0449254834464231,"Bird",0.176104659086079,"small","large","Nothofagus cunninghamii","Eucalyptus obliqua","small_large","o_TAS","TAS",NA,"Subcanopy","Canopy","Subcanopy_Canopy","Canopy.large_Subcanopy.small"
"848","Eucalyptus obliqua small","Eucalyptus obliqua small",-0.028228416486524,-0.301007231129673,0.244550398156625,-0.0351059139170144,-0.0213509190560336,0.13917542199489,"Bird",0.545557629286298,"small","small","Eucalyptus obliqua","Eucalyptus obliqua","small_small","o_TAS","TAS",NA,"Canopy","Canopy","Canopy_Canopy","Canopy.small_Canopy.small"
"849","Monotoca glauca small","Eucalyptus obliqua small",0.218512410564959,-0.0680812252304069,0.505106046360325,0.212528460440469,0.224496360689449,0.146223929651759,"Bird",0.573187271590732,"small","small","Monotoca glauca","Eucalyptus obliqua","small_small","o_TAS","TAS",NA,"Subcanopy","Canopy","Subcanopy_Canopy","Canopy.small_Subcanopy.small"
"850","Nothofagus cunninghamii large","Eucalyptus obliqua small",0.139250026941618,-0.0848963282067685,0.363396382090004,0.135003219696835,0.143496834186401,0.11436248671732,"Bird",0.448292710296773,"large","small","Nothofagus cunninghamii","Eucalyptus obliqua","large_small","o_TAS","TAS",NA,"Subcanopy","Canopy","Subcanopy_Canopy","Canopy.small_Subcanopy.large"
"851","Nothofagus cunninghamii small","Eucalyptus obliqua small",0.065149588847539,-0.04072899766082,0.171028175355898,0.0623790494267848,0.0679201282682931,0.0540206796367259,"Bird",0.211757173016718,"small","small","Nothofagus cunninghamii","Eucalyptus obliqua","small_small","o_TAS","TAS",NA,"Subcanopy","Canopy","Subcanopy_Canopy","Canopy.small_Subcanopy.small"
"852","Monotoca glauca small","Monotoca glauca small",-0.0702380817462975,-0.687125458123108,0.546649294630513,-0.0791882366125336,-0.0612879268800614,0.314744240834393,"Bird",1.23377475275362,"small","small","Monotoca glauca","Monotoca glauca","small_small","o_TAS","TAS",NA,"Subcanopy","Subcanopy","Subcanopy_Subcanopy","Subcanopy.small_Subcanopy.small"
"853","Nothofagus cunninghamii large","Monotoca glauca small",-0.0741408470864226,-0.394241063265133,0.245959369092288,-0.0791080482039971,-0.0691736459688481,0.163319437858869,"Bird",0.640200432357421,"large","small","Nothofagus cunninghamii","Monotoca glauca","large_small","o_TAS","TAS",NA,"Subcanopy","Subcanopy","Subcanopy_Subcanopy","Subcanopy.large_Subcanopy.small"
"854","Nothofagus cunninghamii small","Monotoca glauca small",-0.258971984753291,-0.421467012334811,-0.0964769571717711,-0.263881781061953,-0.254062188444629,0.0829071497554343,"Bird",0.32499005516304,"small","small","Nothofagus cunninghamii","Monotoca glauca","small_small","o_TAS","TAS",1,"Subcanopy","Subcanopy","Subcanopy_Subcanopy","Subcanopy.small_Subcanopy.small"
"855","Nothofagus cunninghamii large","Nothofagus cunninghamii large",-0.164193779479458,-0.499664922080624,0.171277363121708,-0.169425875648878,-0.158961683310038,0.171161891365004,"Bird",0.670942285202332,"large","large","Nothofagus cunninghamii","Nothofagus cunninghamii","large_large","o_TAS","TAS",NA,"Subcanopy","Subcanopy","Subcanopy_Subcanopy","Subcanopy.large_Subcanopy.large"
"856","Nothofagus cunninghamii small","Nothofagus cunninghamii large",0.0215977920218645,-0.087495654647355,0.130691238691084,0.0187761079896362,0.0244194760540928,0.0556609445529279,"Bird",0.218186893338439,"small","large","Nothofagus cunninghamii","Nothofagus cunninghamii","small_large","o_TAS","TAS",NA,"Subcanopy","Subcanopy","Subcanopy_Subcanopy","Subcanopy.large_Subcanopy.small"
"857","Nothofagus cunninghamii small","Nothofagus cunninghamii small",0.409421850888198,0.288566517283603,0.530277184492793,0.39837933977608,0.420464362000317,0.0616620175461827,"Bird",0.24171066720919,"small","small","Nothofagus cunninghamii","Nothofagus cunninghamii","small_small","o_TAS","TAS",1,"Subcanopy","Subcanopy","Subcanopy_Subcanopy","Subcanopy.small_Subcanopy.small"
"858","Acacia melanoxylon small","Acacia melanoxylon small",0.134581858242268,-0.144256320407917,0.413420036892453,0.129568079373022,0.139595637111514,0.142266991051685,"Flowerdale",0.557676357300369,"small","small","Acacia melanoxylon","Acacia melanoxylon","small_small","o_TAS","TAS",NA,"Subcanopy","Subcanopy","Subcanopy_Subcanopy","Subcanopy.small_Subcanopy.small"
"859","Eucalyptus obliqua large","Acacia melanoxylon small",0.176877750727852,-0.0239792106815036,0.377734712137207,0.173580021585687,0.180175479870016,0.102479924628049,"Flowerdale",0.401713922818711,"large","small","Eucalyptus obliqua","Acacia melanoxylon","large_small","o_TAS","TAS",NA,"Canopy","Subcanopy","Canopy_Subcanopy","Canopy.large_Subcanopy.small"
"860","Eucalyptus obliqua small","Acacia melanoxylon small",-0.0910301444124815,-0.282708896190069,0.100648607365106,-0.0941356329117137,-0.0879246559132494,0.0977970785634455,"Flowerdale",0.383357503555175,"small","small","Eucalyptus obliqua","Acacia melanoxylon","small_small","o_TAS","TAS",NA,"Canopy","Subcanopy","Canopy_Subcanopy","Canopy.small_Subcanopy.small"
"861","Monotoca glauca small","Acacia melanoxylon small",0.217087897775328,-0.0511814276660271,0.485357223216683,0.212797453675259,0.221378341875397,0.136874619920279,"Flowerdale",0.53653865088271,"small","small","Monotoca glauca","Acacia melanoxylon","small_small","o_TAS","TAS",NA,"Subcanopy","Subcanopy","Subcanopy_Subcanopy","Subcanopy.small_Subcanopy.small"
"862","Nothofagus cunninghamii large","Acacia melanoxylon small",0.0118022245827342,-0.195737559081619,0.219342008247087,0.00899153822095689,0.0146129109445114,0.105889590472784,"Flowerdale",0.415079567328706,"large","small","Nothofagus cunninghamii","Acacia melanoxylon","large_small","o_TAS","TAS",NA,"Subcanopy","Subcanopy","Subcanopy_Subcanopy","Subcanopy.large_Subcanopy.small"
"863","Nothofagus cunninghamii small","Acacia melanoxylon small",0.0219600563911811,-0.0730626627026888,0.116982775485051,0.0197460518663218,0.0241740609160405,0.0484818699952637,"Flowerdale",0.19004543818774,"small","small","Nothofagus cunninghamii","Acacia melanoxylon","small_small","o_TAS","TAS",NA,"Subcanopy","Subcanopy","Subcanopy_Subcanopy","Subcanopy.small_Subcanopy.small"
"864","Eucalyptus obliqua large","Eucalyptus obliqua large",-0.0534664203759877,-0.307011720200877,0.200078879448902,-0.0587238057890701,-0.0482090349629052,0.129362223910655,"Flowerdale",0.507090599649778,"large","large","Eucalyptus obliqua","Eucalyptus obliqua","large_large","o_TAS","TAS",NA,"Canopy","Canopy","Canopy_Canopy","Canopy.large_Canopy.large"
"865","Eucalyptus obliqua small","Eucalyptus obliqua large",0.120637816675106,-0.0727915476452246,0.314067180995436,0.116639320490135,0.124636312860076,0.0986902646406141,"Flowerdale",0.386858728640661,"small","large","Eucalyptus obliqua","Eucalyptus obliqua","small_large","o_TAS","TAS",NA,"Canopy","Canopy","Canopy_Canopy","Canopy.large_Canopy.small"
"866","Monotoca glauca small","Eucalyptus obliqua large",-0.0519639295529096,-0.329658790882457,0.225730931776638,-0.0563870850799357,-0.0475407740258836,0.141683655169161,"Flowerdale",0.555389722659095,"small","large","Monotoca glauca","Eucalyptus obliqua","small_large","o_TAS","TAS",NA,"Subcanopy","Canopy","Subcanopy_Canopy","Canopy.large_Subcanopy.small"
"867","Nothofagus cunninghamii large","Eucalyptus obliqua large",-0.0701812206449278,-0.282037675313913,0.141675234024057,-0.0737253375634291,-0.0666371037264265,0.108092014108464,"Flowerdale",0.42371290933797,"large","large","Nothofagus cunninghamii","Eucalyptus obliqua","large_large","o_TAS","TAS",NA,"Subcanopy","Canopy","Subcanopy_Canopy","Canopy.large_Subcanopy.large"
"868","Nothofagus cunninghamii small","Eucalyptus obliqua large",0.0120188524122216,-0.076033477130818,0.100071181955261,0.00959941200606292,0.0144382928183803,0.0449254834464231,"Flowerdale",0.176104659086079,"small","large","Nothofagus cunninghamii","Eucalyptus obliqua","small_large","o_TAS","TAS",NA,"Subcanopy","Canopy","Subcanopy_Canopy","Canopy.large_Subcanopy.small"
"869","Eucalyptus obliqua small","Eucalyptus obliqua small",-0.028228416486524,-0.301007231129673,0.244550398156625,-0.0351059139170144,-0.0213509190560336,0.13917542199489,"Flowerdale",0.545557629286298,"small","small","Eucalyptus obliqua","Eucalyptus obliqua","small_small","o_TAS","TAS",NA,"Canopy","Canopy","Canopy_Canopy","Canopy.small_Canopy.small"
"870","Monotoca glauca small","Eucalyptus obliqua small",0.218512410564959,-0.0680812252304069,0.505106046360325,0.212528460440469,0.224496360689449,0.146223929651759,"Flowerdale",0.573187271590732,"small","small","Monotoca glauca","Eucalyptus obliqua","small_small","o_TAS","TAS",NA,"Subcanopy","Canopy","Subcanopy_Canopy","Canopy.small_Subcanopy.small"
"871","Nothofagus cunninghamii large","Eucalyptus obliqua small",0.139250026941618,-0.0848963282067685,0.363396382090004,0.135003219696835,0.143496834186401,0.11436248671732,"Flowerdale",0.448292710296773,"large","small","Nothofagus cunninghamii","Eucalyptus obliqua","large_small","o_TAS","TAS",NA,"Subcanopy","Canopy","Subcanopy_Canopy","Canopy.small_Subcanopy.large"
"872","Nothofagus cunninghamii small","Eucalyptus obliqua small",0.065149588847539,-0.04072899766082,0.171028175355898,0.0623790494267848,0.0679201282682931,0.0540206796367259,"Flowerdale",0.211757173016718,"small","small","Nothofagus cunninghamii","Eucalyptus obliqua","small_small","o_TAS","TAS",NA,"Subcanopy","Canopy","Subcanopy_Canopy","Canopy.small_Subcanopy.small"
"873","Monotoca glauca small","Monotoca glauca small",-0.0702380817462975,-0.687125458123108,0.546649294630513,-0.0791882366125336,-0.0612879268800614,0.314744240834393,"Flowerdale",1.23377475275362,"small","small","Monotoca glauca","Monotoca glauca","small_small","o_TAS","TAS",NA,"Subcanopy","Subcanopy","Subcanopy_Subcanopy","Subcanopy.small_Subcanopy.small"
"874","Nothofagus cunninghamii large","Monotoca glauca small",-0.0741408470864226,-0.394241063265133,0.245959369092288,-0.0791080482039971,-0.0691736459688481,0.163319437858869,"Flowerdale",0.640200432357421,"large","small","Nothofagus cunninghamii","Monotoca glauca","large_small","o_TAS","TAS",NA,"Subcanopy","Subcanopy","Subcanopy_Subcanopy","Subcanopy.large_Subcanopy.small"
"875","Nothofagus cunninghamii small","Monotoca glauca small",-0.258971984753291,-0.421467012334811,-0.0964769571717711,-0.263881781061953,-0.254062188444629,0.0829071497554343,"Flowerdale",0.32499005516304,"small","small","Nothofagus cunninghamii","Monotoca glauca","small_small","o_TAS","TAS",1,"Subcanopy","Subcanopy","Subcanopy_Subcanopy","Subcanopy.small_Subcanopy.small"
"876","Nothofagus cunninghamii large","Nothofagus cunninghamii large",-0.164193779479458,-0.499664922080624,0.171277363121708,-0.169425875648878,-0.158961683310038,0.171161891365004,"Flowerdale",0.670942285202332,"large","large","Nothofagus cunninghamii","Nothofagus cunninghamii","large_large","o_TAS","TAS",NA,"Subcanopy","Subcanopy","Subcanopy_Subcanopy","Subcanopy.large_Subcanopy.large"
"877","Nothofagus cunninghamii small","Nothofagus cunninghamii large",0.0215977920218645,-0.087495654647355,0.130691238691084,0.0187761079896362,0.0244194760540928,0.0556609445529279,"Flowerdale",0.218186893338439,"small","large","Nothofagus cunninghamii","Nothofagus cunninghamii","small_large","o_TAS","TAS",NA,"Subcanopy","Subcanopy","Subcanopy_Subcanopy","Subcanopy.large_Subcanopy.small"
"878","Nothofagus cunninghamii small","Nothofagus cunninghamii small",0.409421850888198,0.288566517283603,0.530277184492793,0.39837933977608,0.420464362000317,0.0616620175461827,"Flowerdale",0.24171066720919,"small","small","Nothofagus cunninghamii","Nothofagus cunninghamii","small_small","o_TAS","TAS",1,"Subcanopy","Subcanopy","Subcanopy_Subcanopy","Subcanopy.small_Subcanopy.small"
"879","Acacia melanoxylon small","Acacia melanoxylon small",0.0496046114745562,-0.221611471669683,0.320820694618796,0.0440145172698624,0.0551947056792501,0.138378095354587,"Lardner",0.542432166288479,"small","small","Acacia melanoxylon","Acacia melanoxylon","small_small","S_VIC","SE_AUS",NA,"Subcanopy","Subcanopy","Subcanopy_Subcanopy","Subcanopy.small_Subcanopy.small"
"880","Eucalyptus regnans large","Acacia melanoxylon small",0.235550260527101,-0.0161751431373622,0.487275664191564,0.231140294980485,0.239960226073716,0.1284336883994,"Lardner",0.503450807328926,"large","small","Eucalyptus regnans","Acacia melanoxylon","large_small","S_VIC","SE_AUS",NA,"Canopy","Subcanopy","Canopy_Subcanopy","Canopy.large_Subcanopy.small"
"881","Eucalyptus regnans small","Acacia melanoxylon small",0.081484472355075,-0.105143994460988,0.268112939171138,0.0779411333457576,0.0850278113643924,0.0952203552147717,"Lardner",0.373256933632127,"small","small","Eucalyptus regnans","Acacia melanoxylon","small_small","S_VIC","SE_AUS",NA,"Canopy","Subcanopy","Canopy_Subcanopy","Canopy.small_Subcanopy.small"
"882","Hedycarya angustifolia small","Acacia melanoxylon small",-0.211438976992595,-0.426865062731583,0.00398710874639377,-0.215033087439163,-0.207844866546026,0.109913287916636,"Lardner",0.430852171477977,"small","small","Hedycarya angustifolia","Acacia melanoxylon","small_small","S_VIC","SE_AUS",NA,"Subcanopy","Subcanopy","Subcanopy_Subcanopy","Subcanopy.small_Subcanopy.small"
"883","Nematolepis squamea subsp squamea large","Acacia melanoxylon small",-0.181182754226389,-0.476280043245685,0.113914534792906,-0.185794777138088,-0.17657073131469,0.150562607959628,"Lardner",0.59019457803859,"large","small","Nematolepis squamea","Acacia melanoxylon","large_small","S_VIC","SE_AUS",NA,"Subcanopy","Subcanopy","Subcanopy_Subcanopy","Subcanopy.large_Subcanopy.small"
"884","Nematolepis squamea subsp squamea small","Acacia melanoxylon small",-0.0764370035288932,-0.211837610510035,0.0589636034522488,-0.078989721185483,-0.0738842858723034,0.0690832117575449,"Lardner",0.270801213962284,"small","small","Nematolepis squamea","Acacia melanoxylon","small_small","S_VIC","SE_AUS",NA,"Subcanopy","Subcanopy","Subcanopy_Subcanopy","Subcanopy.small_Subcanopy.small"
"885","Olearia argophylla large","Acacia melanoxylon small",-0.192074319903027,-0.411901083991248,0.0277524441851942,-0.195091576362061,-0.189057063443993,0.112158573230012,"Lardner",0.439653528176442,"large","small","Olearia argophylla","Acacia melanoxylon","large_small","S_VIC","SE_AUS",NA,"Subcanopy","Subcanopy","Subcanopy_Subcanopy","Subcanopy.large_Subcanopy.small"
"886","Olearia argophylla small","Acacia melanoxylon small",0.0147105782230639,-0.0963319043254112,0.125753060771539,0.012496785208898,0.0169243712372298,0.0566553688865531,"Lardner",0.22208496509695,"small","small","Olearia argophylla","Acacia melanoxylon","small_small","S_VIC","SE_AUS",NA,"Subcanopy","Subcanopy","Subcanopy_Subcanopy","Subcanopy.small_Subcanopy.small"
"887","Eucalyptus regnans large","Eucalyptus regnans large",-0.400947128386278,-0.844893166214958,0.0429989094424016,-0.408661120420207,-0.393233136352349,0.226507242648574,"Lardner",0.88789207565736,"large","large","Eucalyptus regnans","Eucalyptus regnans","large_large","S_VIC","SE_AUS",NA,"Canopy","Canopy","Canopy_Canopy","Canopy.large_Canopy.large"
"888","Eucalyptus regnans small","Eucalyptus regnans large",-0.11813448227136,-0.339484454011551,0.103215489468831,-0.122609496148808,-0.113659468393912,0.112935734271737,"Lardner",0.442699943480382,"small","large","Eucalyptus regnans","Eucalyptus regnans","small_large","S_VIC","SE_AUS",NA,"Canopy","Canopy","Canopy_Canopy","Canopy.large_Canopy.small"
"889","Hedycarya angustifolia small","Eucalyptus regnans large",0.207702397024014,-0.0752979529036311,0.490702746951659,0.202567740132314,0.212837053915714,0.14439058684747,"Lardner",0.56600069985529,"small","large","Hedycarya angustifolia","Eucalyptus regnans","small_large","S_VIC","SE_AUS",NA,"Subcanopy","Canopy","Subcanopy_Canopy","Canopy.large_Subcanopy.small"
"890","Nematolepis squamea subsp squamea large","Eucalyptus regnans large",0.187722937750632,-0.125842069214712,0.501287944715976,0.182163516034558,0.193282359466706,0.159985086174391,"Lardner",0.627130013930688,"large","large","Nematolepis squamea","Eucalyptus regnans","large_large","S_VIC","SE_AUS",NA,"Subcanopy","Canopy","Subcanopy_Canopy","Canopy.large_Subcanopy.large"
"891","Nematolepis squamea subsp squamea small","Eucalyptus regnans large",-0.040549479733295,-0.226465903082664,0.145366943616074,-0.0439970099744566,-0.0371019494921335,0.0948570610561492,"Lardner",0.371832846698739,"small","large","Nematolepis squamea","Eucalyptus regnans","small_large","S_VIC","SE_AUS",NA,"Subcanopy","Canopy","Subcanopy_Canopy","Canopy.large_Subcanopy.small"
"892","Olearia argophylla large","Eucalyptus regnans large",0.146970547847436,-0.094594594777426,0.388535690472299,0.143103333601399,0.150837762093474,0.123249786491128,"Lardner",0.483130285249725,"large","large","Olearia argophylla","Eucalyptus regnans","large_large","S_VIC","SE_AUS",NA,"Subcanopy","Canopy","Subcanopy_Canopy","Canopy.large_Subcanopy.large"
"893","Olearia argophylla small","Eucalyptus regnans large",-0.128230930129144,-0.305442719337761,0.0489808590794721,-0.131402104476553,-0.125059755781736,0.0904158395799313,"Lardner",0.354423578417233,"small","large","Olearia argophylla","Eucalyptus regnans","small_large","S_VIC","SE_AUS",NA,"Subcanopy","Canopy","Subcanopy_Canopy","Canopy.large_Subcanopy.small"
"894","Eucalyptus regnans small","Eucalyptus regnans small",-0.0420435015579971,-0.335965924476455,0.251878921360461,-0.0498649732379491,-0.0342220298780452,0.149963175464897,"Lardner",0.587844845836916,"small","small","Eucalyptus regnans","Eucalyptus regnans","small_small","S_VIC","SE_AUS",NA,"Canopy","Canopy","Canopy_Canopy","Canopy.small_Canopy.small"
"895","Hedycarya angustifolia small","Eucalyptus regnans small",0.0424953762505858,-0.183467031596526,0.268457784097697,0.0380791323980955,0.0469116201030762,0.115289061242693,"Lardner",0.451924815694223,"small","small","Hedycarya angustifolia","Eucalyptus regnans","small_small","S_VIC","SE_AUS",NA,"Subcanopy","Canopy","Subcanopy_Canopy","Canopy.small_Subcanopy.small"
"896","Nematolepis squamea subsp squamea large","Eucalyptus regnans small",0.211794142363963,-0.0484127644076816,0.472001049135607,0.205641788313301,0.217946496414625,0.132761065419632,"Lardner",0.520413813543289,"large","small","Nematolepis squamea","Eucalyptus regnans","large_small","S_VIC","SE_AUS",NA,"Subcanopy","Canopy","Subcanopy_Canopy","Canopy.small_Subcanopy.large"
"897","Nematolepis squamea subsp squamea small","Eucalyptus regnans small",0.0543861121010887,-0.0861249492480661,0.194897173450244,0.0509477552633028,0.0578244689388746,0.0716906343471044,"Lardner",0.28102212269831,"small","small","Nematolepis squamea","Eucalyptus regnans","small_small","S_VIC","SE_AUS",NA,"Subcanopy","Canopy","Subcanopy_Canopy","Canopy.small_Subcanopy.small"
"898","Olearia argophylla large","Eucalyptus regnans small",0.231580186169352,0.00646319980720722,0.456697172531496,0.226422872289838,0.236737500048865,0.11485771582429,"Lardner",0.450233972724289,"large","small","Olearia argophylla","Eucalyptus regnans","large_small","S_VIC","SE_AUS",1,"Subcanopy","Canopy","Subcanopy_Canopy","Canopy.small_Subcanopy.large"
"899","Olearia argophylla small","Eucalyptus regnans small",-0.0383453742522446,-0.160412830182543,0.0837220816780534,-0.0414523519833224,-0.0352383965211669,0.0622804586681952,"Lardner",0.244134911860596,"small","small","Olearia argophylla","Eucalyptus regnans","small_small","S_VIC","SE_AUS",NA,"Subcanopy","Canopy","Subcanopy_Canopy","Canopy.small_Subcanopy.small"
"900","Hedycarya angustifolia small","Hedycarya angustifolia small",-0.0261280397480535,-0.330703868228202,0.278447788732095,-0.0320810860674757,-0.0201749934286314,0.155398686344547,"Lardner",0.609151656960296,"small","small","Hedycarya angustifolia","Hedycarya angustifolia","small_small","S_VIC","SE_AUS",NA,"Subcanopy","Subcanopy","Subcanopy_Subcanopy","Subcanopy.small_Subcanopy.small"
"901","Nematolepis squamea subsp squamea large","Hedycarya angustifolia small",-0.0644528551030962,-0.368122256562256,0.239216546356064,-0.0687513162579634,-0.0601543939482291,0.154936215080719,"Lardner",0.60733880291832,"large","small","Nematolepis squamea","Hedycarya angustifolia","large_small","S_VIC","SE_AUS",NA,"Subcanopy","Subcanopy","Subcanopy_Subcanopy","Subcanopy.large_Subcanopy.small"
"902","Nematolepis squamea subsp squamea small","Hedycarya angustifolia small",-0.117089287858151,-0.280553561463769,0.0463749857474666,-0.119867183723351,-0.114311391992951,0.0834016721199996,"Lardner",0.326928547211235,"small","small","Nematolepis squamea","Hedycarya angustifolia","small_small","S_VIC","SE_AUS",NA,"Subcanopy","Subcanopy","Subcanopy_Subcanopy","Subcanopy.small_Subcanopy.small"
"903","Olearia argophylla large","Hedycarya angustifolia small",-0.148664548824618,-0.37793370238165,0.0806046047324133,-0.152344845535976,-0.144984252113261,0.116976207402522,"Lardner",0.458538307114063,"large","small","Olearia argophylla","Hedycarya angustifolia","large_small","S_VIC","SE_AUS",NA,"Subcanopy","Subcanopy","Subcanopy_Subcanopy","Subcanopy.large_Subcanopy.small"
"904","Olearia argophylla small","Hedycarya angustifolia small",0.0733190829382634,-0.0593558530259323,0.205994018902459,0.0703783521423106,0.0762598137342162,0.0676925377255494,"Lardner",0.265349871928391,"small","small","Olearia argophylla","Hedycarya angustifolia","small_small","S_VIC","SE_AUS",NA,"Subcanopy","Subcanopy","Subcanopy_Subcanopy","Subcanopy.small_Subcanopy.small"
"905","Nematolepis squamea subsp squamea large","Nematolepis squamea subsp squamea large",0.0737792516710684,-0.363437766817315,0.510996270159452,0.0658280873150053,0.0817304160271315,0.223074006429249,"Lardner",0.874434036976767,"large","large","Nematolepis squamea","Nematolepis squamea","large_large","S_VIC","SE_AUS",NA,"Subcanopy","Subcanopy","Subcanopy_Subcanopy","Subcanopy.large_Subcanopy.large"
"906","Nematolepis squamea subsp squamea small","Nematolepis squamea subsp squamea large",-0.0170804579708559,-0.196854399742558,0.162693483800847,-0.0204657311080849,-0.0136951848336268,0.0917230842963118,"Lardner",0.359547883543405,"small","large","Nematolepis squamea","Nematolepis squamea","small_large","S_VIC","SE_AUS",NA,"Subcanopy","Subcanopy","Subcanopy_Subcanopy","Subcanopy.large_Subcanopy.small"
"907","Olearia argophylla large","Nematolepis squamea subsp squamea large",-0.246461509157613,-0.578364876576696,0.0854418582614696,-0.25155136513996,-0.241371653175267,0.169341564455824,"Lardner",0.663806734838166,"large","large","Olearia argophylla","Nematolepis squamea","large_large","S_VIC","SE_AUS",NA,"Subcanopy","Subcanopy","Subcanopy_Subcanopy","Subcanopy.large_Subcanopy.large"
"908","Olearia argophylla small","Nematolepis squamea subsp squamea large",-0.095691068529409,-0.258646349836614,0.0672642127777959,-0.0982059130046265,-0.0931762240541915,0.0831419773998785,"Lardner",0.32591056261441,"small","large","Olearia argophylla","Nematolepis squamea","small_large","S_VIC","SE_AUS",NA,"Subcanopy","Subcanopy","Subcanopy_Subcanopy","Subcanopy.large_Subcanopy.small"
"909","Nematolepis squamea subsp squamea small","Nematolepis squamea subsp squamea small",0.216864749525288,0.0139294446780645,0.419800054372512,0.209764484616247,0.223965014434329,0.10354032341816,"Lardner",0.405870609694447,"small","small","Nematolepis squamea","Nematolepis squamea","small_small","S_VIC","SE_AUS",1,"Subcanopy","Subcanopy","Subcanopy_Subcanopy","Subcanopy.small_Subcanopy.small"
"910","Olearia argophylla large","Nematolepis squamea subsp squamea small",-0.110273796631397,-0.285238740891747,0.0646911476289528,-0.113248359333783,-0.107299233929011,0.0892694690517024,"Lardner",0.349929888520699,"large","small","Olearia argophylla","Nematolepis squamea","large_small","S_VIC","SE_AUS",NA,"Subcanopy","Subcanopy","Subcanopy_Subcanopy","Subcanopy.large_Subcanopy.small"
"911","Olearia argophylla small","Nematolepis squamea subsp squamea small",-0.0177222652946697,-0.114260554599961,0.0788160240106213,-0.0198483647231523,-0.0155961658661871,0.0492551343120449,"Lardner",0.193076578610582,"small","small","Olearia argophylla","Nematolepis squamea","small_small","S_VIC","SE_AUS",NA,"Subcanopy","Subcanopy","Subcanopy_Subcanopy","Subcanopy.small_Subcanopy.small"
"912","Olearia argophylla large","Olearia argophylla large",0.158746667450193,-0.16160029731765,0.479093632218036,0.1524708344491,0.165022500451285,0.163445332309522,"Lardner",0.640693929535686,"large","large","Olearia argophylla","Olearia argophylla","large_large","S_VIC","SE_AUS",NA,"Subcanopy","Subcanopy","Subcanopy_Subcanopy","Subcanopy.large_Subcanopy.large"
"913","Olearia argophylla small","Olearia argophylla large",0.0337601127241955,-0.0755399156977409,0.143060141146132,0.0314238114880831,0.036096413960308,0.0557663453431191,"Lardner",0.218600056843873,"small","large","Olearia argophylla","Olearia argophylla","small_large","S_VIC","SE_AUS",NA,"Subcanopy","Subcanopy","Subcanopy_Subcanopy","Subcanopy.large_Subcanopy.small"
"914","Olearia argophylla small","Olearia argophylla small",0.148139875760578,-0.00512826056274285,0.301408012083899,0.142452636949885,0.153827114571271,0.0781994656699208,"Lardner",0.306536272646642,"small","small","Olearia argophylla","Olearia argophylla","small_small","S_VIC","SE_AUS",NA,"Subcanopy","Subcanopy","Subcanopy_Subcanopy","Subcanopy.small_Subcanopy.small"
"915","Atherosperma moschatum small","Atherosperma moschatum small",-0.0603872981315621,-0.618657177023513,0.497882580760388,-0.069666342615645,-0.0511082536474793,0.28483680480637,"MtField",1.1165397577839,"small","small","Atherosperma moschatum","Atherosperma moschatum","small_small","d_TAS","TAS",NA,"Subcanopy","Subcanopy","Subcanopy_Subcanopy","Subcanopy.small_Subcanopy.small"
"916","Eucalyptus coccifera large","Atherosperma moschatum small",0.105551847367636,-0.40553390767288,0.616637602408153,0.0965901282260042,0.114513566509268,0.260762829864169,"MtField",1.02217151008103,"large","small","Eucalyptus coccifera","Atherosperma moschatum","large_small","d_TAS","TAS",NA,"Canopy","Subcanopy","Canopy_Subcanopy","Canopy.large_Subcanopy.small"
"917","Eucalyptus coccifera small","Atherosperma moschatum small",0.00697587376753658,-0.63513247894678,0.649084226481853,-0.00722377086724021,0.0211755184023134,0.327612322358566,"MtField",1.28421670542863,"small","small","Eucalyptus coccifera","Atherosperma moschatum","small_small","d_TAS","TAS",NA,"Canopy","Subcanopy","Canopy_Subcanopy","Canopy.small_Subcanopy.small"
"918","Eucalyptus delegatensis large","Atherosperma moschatum small",0.265238339549621,-0.281056764276545,0.811533443375786,0.256676875381557,0.273799803717685,0.278727113424161,"MtField",1.09259020765233,"large","small","Eucalyptus delegatensis","Atherosperma moschatum","large_small","d_TAS","TAS",NA,"Canopy","Subcanopy","Canopy_Subcanopy","Canopy.large_Subcanopy.small"
"919","Eucalyptus delegatensis small","Atherosperma moschatum small",-0.257134460294331,-0.647488691197774,0.133219770609112,-0.264133175278948,-0.250135745309714,0.19916398157441,"MtField",0.780708461806885,"small","small","Eucalyptus delegatensis","Atherosperma moschatum","small_small","d_TAS","TAS",NA,"Canopy","Subcanopy","Canopy_Subcanopy","Canopy.small_Subcanopy.small"
"920","Eucalyptus subcrenulata large","Atherosperma moschatum small",0.0283889493076814,-0.444231093282915,0.501008991898278,0.0207291129280158,0.036048785687347,0.241137105742026,"MtField",0.945240085181193,"large","small","Eucalyptus subcrenulata","Atherosperma moschatum","large_small","d_TAS","TAS",NA,"Canopy","Subcanopy","Canopy_Subcanopy","Canopy.large_Subcanopy.small"
"921","Eucalyptus subcrenulata small","Atherosperma moschatum small",-0.00883792109435221,-0.345261875498428,0.327586033309723,-0.0143812437934654,-0.00329459839523907,0.171648028768766,"MtField",0.672847908808151,"small","small","Eucalyptus subcrenulata","Atherosperma moschatum","small_small","d_TAS","TAS",NA,"Canopy","Subcanopy","Canopy_Subcanopy","Canopy.small_Subcanopy.small"
"922","Leptospermum lanigerum large","Atherosperma moschatum small",-0.294276349903699,-0.945328076798332,0.356775376990934,-0.302507483543752,-0.286045216263646,0.332175352215676,"MtField",1.30210345378927,"large","small","Leptospermum lanigerum","Atherosperma moschatum","large_small","d_TAS","TAS",NA,"Subcanopy","Subcanopy","Subcanopy_Subcanopy","Subcanopy.large_Subcanopy.small"
"923","Leptospermum lanigerum small","Atherosperma moschatum small",-0.0345469928903051,-0.327831833582089,0.258737847801479,-0.040476020931187,-0.0286179648494231,0.149637872432951,"MtField",0.586569681383567,"small","small","Leptospermum lanigerum","Atherosperma moschatum","small_small","d_TAS","TAS",NA,"Subcanopy","Subcanopy","Subcanopy_Subcanopy","Subcanopy.small_Subcanopy.small"
"924","Phyllocladus aspleniifolius large","Atherosperma moschatum small",0.0345166984254245,-0.482771113633981,0.55180451048483,0.0263623279164804,0.0426710689343686,0.26392720281582,"MtField",1.03457562411881,"large","small","Phyllocladus aspleniifolius","Atherosperma moschatum","large_small","d_TAS","TAS",NA,"Subcanopy","Subcanopy","Subcanopy_Subcanopy","Subcanopy.large_Subcanopy.small"
"925","Phyllocladus aspleniifolius small","Atherosperma moschatum small",-0.179510339252143,-0.381076847863724,0.0220561693594383,-0.183766264357844,-0.175254414146442,0.102841945158948,"MtField",0.403133017223162,"small","small","Phyllocladus aspleniifolius","Atherosperma moschatum","small_small","d_TAS","TAS",NA,"Subcanopy","Subcanopy","Subcanopy_Subcanopy","Subcanopy.small_Subcanopy.small"
"926","Pittosporum bicolor small","Atherosperma moschatum small",0.350090213268563,-0.10792071458533,0.808101141122456,0.340437686575912,0.359742739961214,0.233683338809603,"MtField",0.916021855707785,"small","small","Pittosporum bicolor","Atherosperma moschatum","small_small","d_TAS","TAS",NA,"Subcanopy","Subcanopy","Subcanopy_Subcanopy","Subcanopy.small_Subcanopy.small"
"927","Eucalyptus coccifera large","Eucalyptus coccifera large",-0.727385515531889,-1.75568287291298,0.300911841849202,-0.743288272056787,-0.71148275900699,0.524651149455893,"MtField",2.05659471476218,"large","large","Eucalyptus coccifera","Eucalyptus coccifera","large_large","d_TAS","TAS",NA,"Canopy","Canopy","Canopy_Canopy","Canopy.large_Canopy.large"
"928","Eucalyptus coccifera small","Eucalyptus coccifera large",0.876467391132466,-0.0980019253589954,1.85093670762393,0.858741952470795,0.894192829794137,0.497187358634113,"MtField",1.94893863298292,"small","large","Eucalyptus coccifera","Eucalyptus coccifera","small_large","d_TAS","TAS",NA,"Canopy","Canopy","Canopy_Canopy","Canopy.large_Canopy.small"
"929","Eucalyptus delegatensis large","Eucalyptus coccifera large",-1.01212475440401,-2.01017876166021,-0.0140707471478175,-1.02669992513639,-0.997549583671638,0.509220585239687,"MtField",1.99610801451239,"large","large","Eucalyptus delegatensis","Eucalyptus coccifera","large_large","d_TAS","TAS",1,"Canopy","Canopy","Canopy_Canopy","Canopy.large_Canopy.large"
"930","Eucalyptus delegatensis small","Eucalyptus coccifera large",-0.29635128069293,-0.84564820768784,0.252945646301979,-0.305558218139137,-0.287144343246724,0.280258684000162,"MtField",1.09859385398982,"small","large","Eucalyptus delegatensis","Eucalyptus coccifera","small_large","d_TAS","TAS",NA,"Canopy","Canopy","Canopy_Canopy","Canopy.large_Canopy.small"
"931","Eucalyptus subcrenulata large","Eucalyptus coccifera large",0.282926291491325,-0.395739069207807,0.961591652190458,0.273093635539237,0.292758947443413,0.346264199777322,"MtField",1.35733072139826,"large","large","Eucalyptus subcrenulata","Eucalyptus coccifera","large_large","d_TAS","TAS",NA,"Canopy","Canopy","Canopy_Canopy","Canopy.large_Canopy.large"
"932","Eucalyptus subcrenulata small","Eucalyptus coccifera large",0.549879016799446,0.110717435925573,0.98904059767332,0.541220414186983,0.55853761941191,0.224066148326155,"MtField",0.878323161747746,"small","large","Eucalyptus subcrenulata","Eucalyptus coccifera","small_large","d_TAS","TAS",1,"Canopy","Canopy","Canopy_Canopy","Canopy.large_Canopy.small"
"933","Leptospermum lanigerum large","Eucalyptus coccifera large",0.685457298806679,-0.225665621234139,1.5965802188475,0.672630324582994,0.698284273030364,0.464867174717311,"MtField",1.82224584008164,"large","large","Leptospermum lanigerum","Eucalyptus coccifera","large_large","d_TAS","TAS",NA,"Subcanopy","Canopy","Subcanopy_Canopy","Canopy.large_Subcanopy.large"
"934","Leptospermum lanigerum small","Eucalyptus coccifera large",0.174673529710984,-0.240499503419147,0.589846562841116,0.166385931040931,0.182961128381038,0.211826868455218,"MtField",0.830346066260263,"small","large","Leptospermum lanigerum","Eucalyptus coccifera","small_large","d_TAS","TAS",NA,"Subcanopy","Canopy","Subcanopy_Canopy","Canopy.large_Subcanopy.small"
"935","Phyllocladus aspleniifolius large","Eucalyptus coccifera large",0.378582463170914,-0.217165297707542,0.97433022404937,0.367217838093738,0.38994708824809,0.303958524532919,"MtField",1.19149552175691,"large","large","Phyllocladus aspleniifolius","Eucalyptus coccifera","large_large","d_TAS","TAS",NA,"Subcanopy","Canopy","Subcanopy_Canopy","Canopy.large_Subcanopy.large"
"936","Phyllocladus aspleniifolius small","Eucalyptus coccifera large",-0.127958135657788,-0.390892647371162,0.134976376055586,-0.13310726171337,-0.122809009602206,0.134152726166076,"MtField",0.525869023426748,"small","large","Phyllocladus aspleniifolius","Eucalyptus coccifera","small_large","d_TAS","TAS",NA,"Subcanopy","Canopy","Subcanopy_Canopy","Canopy.large_Subcanopy.small"
"937","Pittosporum bicolor small","Eucalyptus coccifera large",-0.0642588091519568,-0.691350786666768,0.562833168362855,-0.0736885461939581,-0.0548290721099555,0.319950765657549,"MtField",1.25418395502962,"small","large","Pittosporum bicolor","Eucalyptus coccifera","small_large","d_TAS","TAS",NA,"Subcanopy","Canopy","Subcanopy_Canopy","Canopy.large_Subcanopy.small"
"938","Eucalyptus coccifera small","Eucalyptus coccifera small",-1.43362422792883,-2.87941577778842,0.0121673219307552,-1.46705527183638,-1.40019318402129,0.737662304646314,"MtField",2.89158309971918,"small","small","Eucalyptus coccifera","Eucalyptus coccifera","small_small","d_TAS","TAS",NA,"Canopy","Canopy","Canopy_Canopy","Canopy.small_Canopy.small"
"939","Eucalyptus delegatensis large","Eucalyptus coccifera small",0.595297832077212,-0.139597722823931,1.33019338697835,0.581352291367793,0.60924337278663,0.374953601544674,"MtField",1.46979110980229,"large","small","Eucalyptus delegatensis","Eucalyptus coccifera","large_small","d_TAS","TAS",NA,"Canopy","Canopy","Canopy_Canopy","Canopy.large_Canopy.small"
"940","Eucalyptus delegatensis small","Eucalyptus coccifera small",-0.0492225138161831,-0.568097634528453,0.469652606896087,-0.0591914367687623,-0.0392535908636039,0.264737069050804,"MtField",1.03775024142454,"small","small","Eucalyptus delegatensis","Eucalyptus coccifera","small_small","d_TAS","TAS",NA,"Canopy","Canopy","Canopy_Canopy","Canopy.small_Canopy.small"
"941","Eucalyptus subcrenulata large","Eucalyptus coccifera small",-0.048904465080827,-0.833831642512104,0.73602271235045,-0.0617424353564374,-0.0360664948052166,0.400480408631323,"MtField",1.56985435486255,"large","small","Eucalyptus subcrenulata","Eucalyptus coccifera","large_small","d_TAS","TAS",NA,"Canopy","Canopy","Canopy_Canopy","Canopy.large_Canopy.small"
"942","Eucalyptus subcrenulata small","Eucalyptus coccifera small",-0.434769990675962,-0.907251467436419,0.0377114860844952,-0.445597624570928,-0.423942356780997,0.241066407590819,"MtField",0.944962953520915,"small","small","Eucalyptus subcrenulata","Eucalyptus coccifera","small_small","d_TAS","TAS",NA,"Canopy","Canopy","Canopy_Canopy","Canopy.small_Canopy.small"
"943","Leptospermum lanigerum large","Eucalyptus coccifera small",-0.722446457705685,-1.62652052136376,0.181627605952391,-0.740088268002199,-0.704804647409171,0.461270753334907,"MtField",1.80814812731615,"large","small","Leptospermum lanigerum","Eucalyptus coccifera","large_small","d_TAS","TAS",NA,"Subcanopy","Canopy","Subcanopy_Canopy","Canopy.small_Subcanopy.large"
"944","Leptospermum lanigerum small","Eucalyptus coccifera small",-0.160490144414999,-0.55567613391185,0.234695845081852,-0.170760224283653,-0.150220064546345,0.201629209829378,"MtField",0.790371978993701,"small","small","Leptospermum lanigerum","Eucalyptus coccifera","small_small","d_TAS","TAS",NA,"Subcanopy","Canopy","Subcanopy_Canopy","Canopy.small_Subcanopy.small"
"945","Phyllocladus aspleniifolius large","Eucalyptus coccifera small",-0.128135661553256,-0.948113391278278,0.691842068171766,-0.141410882953381,-0.114860440153131,0.418363672084233,"MtField",1.63995545945004,"large","small","Phyllocladus aspleniifolius","Eucalyptus coccifera","large_small","d_TAS","TAS",NA,"Subcanopy","Canopy","Subcanopy_Canopy","Canopy.small_Subcanopy.large"
"946","Phyllocladus aspleniifolius small","Eucalyptus coccifera small",0.161230268443382,-0.131676369110092,0.454136905996857,0.155894242231145,0.16656629465562,0.149444908102335,"MtField",0.585813275106948,"small","small","Phyllocladus aspleniifolius","Eucalyptus coccifera","small_small","d_TAS","TAS",NA,"Subcanopy","Canopy","Subcanopy_Canopy","Canopy.small_Subcanopy.small"
"947","Pittosporum bicolor small","Eucalyptus coccifera small",-0.435601092079345,-1.14370324348972,0.27250105933103,-0.447159677183475,-0.424042506975216,0.361283246526872,"MtField",1.41620430282075,"small","small","Pittosporum bicolor","Eucalyptus coccifera","small_small","d_TAS","TAS",NA,"Subcanopy","Canopy","Subcanopy_Canopy","Canopy.small_Subcanopy.small"
"948","Eucalyptus delegatensis large","Eucalyptus delegatensis large",-0.814455646996486,-1.61132469795033,-0.0175865960426377,-0.829331881165687,-0.799579412827286,0.406573313203431,"MtField",1.5937381019077,"large","large","Eucalyptus delegatensis","Eucalyptus delegatensis","large_large","d_TAS","TAS",1,"Canopy","Canopy","Canopy_Canopy","Canopy.large_Canopy.large"
"949","Eucalyptus delegatensis small","Eucalyptus delegatensis large",0.344634640493007,-0.093537750573108,0.782807031559121,0.334751059735606,0.354518221250407,0.223561450374784,"MtField",0.876344782132229,"small","large","Eucalyptus delegatensis","Eucalyptus delegatensis","small_large","d_TAS","TAS",NA,"Canopy","Canopy","Canopy_Canopy","Canopy.large_Canopy.small"
"950","Eucalyptus subcrenulata large","Eucalyptus delegatensis large",-0.0233547289132736,-0.504679562113121,0.457970104286573,-0.0336555314933306,-0.0130539263332167,0.245578407050576,"MtField",0.962649666399694,"large","large","Eucalyptus subcrenulata","Eucalyptus delegatensis","large_large","d_TAS","TAS",NA,"Canopy","Canopy","Canopy_Canopy","Canopy.large_Canopy.large"
"951","Eucalyptus subcrenulata small","Eucalyptus delegatensis large",0.100137556401778,-0.2428489771864,0.443124089989957,0.0926255217447741,0.107649591058783,0.174996344980628,"MtField",0.685973067176356,"small","large","Eucalyptus subcrenulata","Eucalyptus delegatensis","small_large","d_TAS","TAS",NA,"Canopy","Canopy","Canopy_Canopy","Canopy.large_Canopy.small"
"952","Leptospermum lanigerum large","Eucalyptus delegatensis large",0.828324539531799,-0.00544799144481933,1.66209707050842,0.815365576675976,0.841283502387622,0.425401965318398,"MtField",1.66754506195324,"large","large","Leptospermum lanigerum","Eucalyptus delegatensis","large_large","d_TAS","TAS",NA,"Subcanopy","Canopy","Subcanopy_Canopy","Canopy.large_Subcanopy.large"
"953","Leptospermum lanigerum small","Eucalyptus delegatensis large",0.174008911371465,-0.14592944698827,0.4939472697312,0.165924755693268,0.182093067049662,0.163236855821519,"MtField",0.639876716719469,"small","large","Leptospermum lanigerum","Eucalyptus delegatensis","small_large","d_TAS","TAS",NA,"Subcanopy","Canopy","Subcanopy_Canopy","Canopy.large_Subcanopy.small"
"954","Phyllocladus aspleniifolius large","Eucalyptus delegatensis large",0.164848705247154,-0.399385260653909,0.729082671148216,0.15274815987148,0.176949250622827,0.287879762256688,"MtField",1.12846793180212,"large","large","Phyllocladus aspleniifolius","Eucalyptus delegatensis","large_large","d_TAS","TAS",NA,"Subcanopy","Canopy","Subcanopy_Canopy","Canopy.large_Subcanopy.large"
"955","Phyllocladus aspleniifolius small","Eucalyptus delegatensis large",0.0662608833121544,-0.230862686470299,0.363384453094607,0.0614803195433355,0.0710414470809732,0.151596443672499,"MtField",0.594247139564906,"small","large","Phyllocladus aspleniifolius","Eucalyptus delegatensis","small_large","d_TAS","TAS",NA,"Subcanopy","Canopy","Subcanopy_Canopy","Canopy.large_Subcanopy.small"
"956","Pittosporum bicolor small","Eucalyptus delegatensis large",-0.15270031091866,-0.615128053413207,0.309727431575888,-0.161546131498582,-0.143854490338737,0.235936857076007,"MtField",0.924855484989095,"small","large","Pittosporum bicolor","Eucalyptus delegatensis","small_large","d_TAS","TAS",NA,"Subcanopy","Canopy","Subcanopy_Canopy","Canopy.large_Subcanopy.small"
"957","Eucalyptus delegatensis small","Eucalyptus delegatensis small",-0.350841890831675,-0.821374120303139,0.11969033863979,-0.36105186196193,-0.34063191970142,0.240071875393101,"MtField",0.941064458942929,"small","small","Eucalyptus delegatensis","Eucalyptus delegatensis","small_small","d_TAS","TAS",NA,"Canopy","Canopy","Canopy_Canopy","Canopy.small_Canopy.small"
"958","Eucalyptus subcrenulata large","Eucalyptus delegatensis small",0.4189869502218,-0.0159892162427895,0.853963116686389,0.410498245077948,0.427475655365652,0.221930693571732,"MtField",0.869952332929178,"large","small","Eucalyptus subcrenulata","Eucalyptus delegatensis","large_small","d_TAS","TAS",NA,"Canopy","Canopy","Canopy_Canopy","Canopy.large_Canopy.small"
"959","Eucalyptus subcrenulata small","Eucalyptus delegatensis small",0.231006913527967,-0.0634049969551719,0.525418824011107,0.224601712241992,0.237412114813943,0.150212918607394,"MtField",0.588823820966279,"small","small","Eucalyptus subcrenulata","Eucalyptus delegatensis","small_small","d_TAS","TAS",NA,"Canopy","Canopy","Canopy_Canopy","Canopy.small_Canopy.small"
"960","Leptospermum lanigerum large","Eucalyptus delegatensis small",-0.442890382339672,-0.928627202540829,0.0428464378614842,-0.451502956707313,-0.434277807972032,0.247829462190421,"MtField",0.971473640402313,"large","small","Leptospermum lanigerum","Eucalyptus delegatensis","large_small","d_TAS","TAS",NA,"Subcanopy","Canopy","Subcanopy_Canopy","Canopy.small_Subcanopy.large"
"961","Leptospermum lanigerum small","Eucalyptus delegatensis small",0.234404185466068,-0.00491287728937798,0.473721248221513,0.226657902090234,0.242150468841901,0.12210278588951,"MtField",0.478634125510891,"small","small","Leptospermum lanigerum","Eucalyptus delegatensis","small_small","d_TAS","TAS",NA,"Subcanopy","Canopy","Subcanopy_Canopy","Canopy.small_Subcanopy.small"
"962","Phyllocladus aspleniifolius large","Eucalyptus delegatensis small",0.555628411393911,0.0804805284040165,1.03077629438381,0.544724273860676,0.566532548927145,0.242426843930705,"MtField",0.950295765979789,"large","small","Phyllocladus aspleniifolius","Eucalyptus delegatensis","large_small","d_TAS","TAS",1,"Subcanopy","Canopy","Subcanopy_Canopy","Canopy.small_Subcanopy.large"
"963","Phyllocladus aspleniifolius small","Eucalyptus delegatensis small",-0.227413552165296,-0.410934289041874,-0.0438928152887172,-0.231909563547626,-0.222917540782965,0.093634749579159,"MtField",0.367041473753157,"small","small","Phyllocladus aspleniifolius","Eucalyptus delegatensis","small_small","d_TAS","TAS",1,"Subcanopy","Canopy","Subcanopy_Canopy","Canopy.small_Subcanopy.small"
"964","Pittosporum bicolor small","Eucalyptus delegatensis small",0.141123039169963,-0.146180668034662,0.428426746374589,0.133805162872172,0.148440915467754,0.146586217640141,"MtField",0.574607414409251,"small","small","Pittosporum bicolor","Eucalyptus delegatensis","small_small","d_TAS","TAS",NA,"Subcanopy","Canopy","Subcanopy_Canopy","Canopy.small_Subcanopy.small"
"965","Eucalyptus subcrenulata large","Eucalyptus subcrenulata large",-0.738201066829727,-1.58779265558202,0.111390521922565,-0.750314937823828,-0.726087195835625,0.433473061471416,"MtField",1.69918317750458,"large","large","Eucalyptus subcrenulata","Eucalyptus subcrenulata","large_large","d_TAS","TAS",NA,"Canopy","Canopy","Canopy_Canopy","Canopy.large_Canopy.large"
"966","Eucalyptus subcrenulata small","Eucalyptus subcrenulata large",-0.159981064841466,-0.53780035843445,0.217838228751518,-0.166389374261826,-0.153572755421106,0.192768487876907,"MtField",0.755638587185968,"small","large","Eucalyptus subcrenulata","Eucalyptus subcrenulata","small_large","d_TAS","TAS",NA,"Canopy","Canopy","Canopy_Canopy","Canopy.large_Canopy.small"
"967","Leptospermum lanigerum large","Eucalyptus subcrenulata large",0.619508255733431,-0.1280374279219,1.36705393938876,0.608899464158253,0.630117047308609,0.38140786746689,"MtField",1.49509136731066,"large","large","Leptospermum lanigerum","Eucalyptus subcrenulata","large_large","d_TAS","TAS",NA,"Subcanopy","Canopy","Subcanopy_Canopy","Canopy.large_Subcanopy.large"
"968","Leptospermum lanigerum small","Eucalyptus subcrenulata large",-0.229181276842755,-0.58799106354695,0.12962850986144,-0.236369227895532,-0.221993325789978,0.183069581652745,"MtField",0.71761957340839,"small","large","Leptospermum lanigerum","Eucalyptus subcrenulata","small_large","d_TAS","TAS",NA,"Subcanopy","Canopy","Subcanopy_Canopy","Canopy.large_Subcanopy.small"
"969","Phyllocladus aspleniifolius large","Eucalyptus subcrenulata large",0.0336932237457955,-0.568986584085706,0.636373031577297,0.0239491375701285,0.0434373099214624,0.307495348172396,"MtField",1.205359615663,"large","large","Phyllocladus aspleniifolius","Eucalyptus subcrenulata","large_large","d_TAS","TAS",NA,"Subcanopy","Canopy","Subcanopy_Canopy","Canopy.large_Subcanopy.large"
"970","Phyllocladus aspleniifolius small","Eucalyptus subcrenulata large",0.0199400623076079,-0.22839637173814,0.268276496353356,0.0153266196291947,0.024553504986021,0.126704590494823,"MtField",0.496672868091497,"small","large","Phyllocladus aspleniifolius","Eucalyptus subcrenulata","small_large","d_TAS","TAS",NA,"Subcanopy","Canopy","Subcanopy_Canopy","Canopy.large_Subcanopy.small"
"971","Pittosporum bicolor small","Eucalyptus subcrenulata large",0.32803968832799,-0.274646952708062,0.930726329364042,0.318706577212617,0.337372799443363,0.307498834565312,"MtField",1.2053732820721,"small","large","Pittosporum bicolor","Eucalyptus subcrenulata","small_large","d_TAS","TAS",NA,"Subcanopy","Canopy","Subcanopy_Canopy","Canopy.large_Subcanopy.small"
"972","Eucalyptus subcrenulata small","Eucalyptus subcrenulata small",-0.211583261708274,-0.615637064024693,0.192470540608145,-0.220898597189076,-0.202267926227472,0.206153687263411,"MtField",0.808107604632838,"small","small","Eucalyptus subcrenulata","Eucalyptus subcrenulata","small_small","d_TAS","TAS",NA,"Canopy","Canopy","Canopy_Canopy","Canopy.small_Canopy.small"
"973","Leptospermum lanigerum large","Eucalyptus subcrenulata small",-0.283973556844893,-0.709121956383642,0.141174842693855,-0.290512474106344,-0.277434639583442,0.216916434634649,"MtField",0.850296799077497,"large","small","Leptospermum lanigerum","Eucalyptus subcrenulata","large_small","d_TAS","TAS",NA,"Subcanopy","Canopy","Subcanopy_Canopy","Canopy.small_Subcanopy.large"
"974","Leptospermum lanigerum small","Eucalyptus subcrenulata small",0.0196708988987679,-0.178593553012656,0.217935350810192,0.0136314844916015,0.0257103133059343,0.101157191395,"MtField",0.396528903822849,"small","small","Leptospermum lanigerum","Eucalyptus subcrenulata","small_small","d_TAS","TAS",NA,"Subcanopy","Canopy","Subcanopy_Canopy","Canopy.small_Subcanopy.small"
"975","Phyllocladus aspleniifolius large","Eucalyptus subcrenulata small",-0.0557632177207695,-0.41988081159138,0.308354376149841,-0.0628875791202292,-0.0486388563213098,0.185777696295812,"MtField",0.728235187741222,"large","small","Phyllocladus aspleniifolius","Eucalyptus subcrenulata","large_small","d_TAS","TAS",NA,"Subcanopy","Canopy","Subcanopy_Canopy","Canopy.small_Subcanopy.large"
"976","Phyllocladus aspleniifolius small","Eucalyptus subcrenulata small",-0.0411246987036238,-0.196125131237428,0.113875733830181,-0.0446320856369134,-0.0376173117703342,0.0790833065078891,"MtField",0.310000865067609,"small","small","Phyllocladus aspleniifolius","Eucalyptus subcrenulata","small_small","d_TAS","TAS",NA,"Subcanopy","Canopy","Subcanopy_Canopy","Canopy.small_Subcanopy.small"
"977","Pittosporum bicolor small","Eucalyptus subcrenulata small",0.134383484958961,-0.159599000278078,0.428365970195999,0.128056648415357,0.140710321502564,0.149993820068091,"MtField",0.587964970474078,"small","small","Pittosporum bicolor","Eucalyptus subcrenulata","small_small","d_TAS","TAS",NA,"Subcanopy","Canopy","Subcanopy_Canopy","Canopy.small_Subcanopy.small"
"978","Leptospermum lanigerum large","Leptospermum lanigerum large",-0.786565324684285,-1.67380941796705,0.100678768598479,-0.800989819416864,-0.772140829951706,0.452683875969779,"MtField",1.77448818656553,"large","large","Leptospermum lanigerum","Leptospermum lanigerum","large_large","d_TAS","TAS",NA,"Subcanopy","Subcanopy","Subcanopy_Subcanopy","Subcanopy.large_Subcanopy.large"
"979","Leptospermum lanigerum small","Leptospermum lanigerum large",0.10170646216601,-0.228568343976244,0.431981268308263,0.0947955653060374,0.108617359025982,0.168510650576959,"MtField",0.660549612284506,"small","large","Leptospermum lanigerum","Leptospermum lanigerum","small_large","d_TAS","TAS",NA,"Subcanopy","Subcanopy","Subcanopy_Subcanopy","Subcanopy.large_Subcanopy.small"
"980","Phyllocladus aspleniifolius large","Leptospermum lanigerum large",-0.204183347833673,-0.934660708137225,0.526294012469879,-0.215074991163362,-0.193291704503984,0.372699379205671,"MtField",1.4609547206071,"large","large","Phyllocladus aspleniifolius","Leptospermum lanigerum","large_large","d_TAS","TAS",NA,"Subcanopy","Subcanopy","Subcanopy_Subcanopy","Subcanopy.large_Subcanopy.large"
"981","Phyllocladus aspleniifolius small","Leptospermum lanigerum large",-0.111828943380674,-0.365262408690534,0.141604521929186,-0.116188921681487,-0.10746896507986,0.129305164436138,"MtField",0.50686693061972,"small","large","Phyllocladus aspleniifolius","Leptospermum lanigerum","small_large","d_TAS","TAS",NA,"Subcanopy","Subcanopy","Subcanopy_Subcanopy","Subcanopy.large_Subcanopy.small"
"982","Pittosporum bicolor small","Leptospermum lanigerum large",-0.0304816554609844,-0.527537483418521,0.466574172496552,-0.0389262744234869,-0.022037036498482,0.253604572266761,"MtField",0.994111655915073,"small","large","Pittosporum bicolor","Leptospermum lanigerum","small_large","d_TAS","TAS",NA,"Subcanopy","Subcanopy","Subcanopy_Subcanopy","Subcanopy.large_Subcanopy.small"
"983","Leptospermum lanigerum small","Leptospermum lanigerum small",0.152163444646771,-0.0846890483089857,0.389015937602527,0.142998191638616,0.161328697654926,0.120845329212179,"MtField",0.473704985911513,"small","small","Leptospermum lanigerum","Leptospermum lanigerum","small_small","d_TAS","TAS",NA,"Subcanopy","Subcanopy","Subcanopy_Subcanopy","Subcanopy.small_Subcanopy.small"
"984","Phyllocladus aspleniifolius large","Leptospermum lanigerum small",-0.547827808121506,-1.00066324996258,-0.0949923662804285,-0.557365976225123,-0.538289640017888,0.231042736199739,"MtField",0.905670883682154,"large","small","Phyllocladus aspleniifolius","Leptospermum lanigerum","large_small","d_TAS","TAS",1,"Subcanopy","Subcanopy","Subcanopy_Subcanopy","Subcanopy.large_Subcanopy.small"
"985","Phyllocladus aspleniifolius small","Leptospermum lanigerum small",0.119102338467985,-0.0263915155314119,0.264596192467381,0.114769440464919,0.12343523647105,0.074232922210323,"MtField",0.290987707998793,"small","small","Phyllocladus aspleniifolius","Leptospermum lanigerum","small_small","d_TAS","TAS",NA,"Subcanopy","Subcanopy","Subcanopy_Subcanopy","Subcanopy.small_Subcanopy.small"
"986","Pittosporum bicolor small","Leptospermum lanigerum small",-0.0737562634824614,-0.351752106170038,0.204239579205115,-0.0809853279182689,-0.0665271990466538,0.141837219908311,"MtField",0.555991685375154,"small","small","Pittosporum bicolor","Leptospermum lanigerum","small_small","d_TAS","TAS",NA,"Subcanopy","Subcanopy","Subcanopy_Subcanopy","Subcanopy.small_Subcanopy.small"
"987","Phyllocladus aspleniifolius large","Phyllocladus aspleniifolius large",-0.890655058850132,-1.7333978120285,-0.0479123056717666,-0.906747918660162,-0.874562199040103,0.429978693397334,"MtField",1.68548550635673,"large","large","Phyllocladus aspleniifolius","Phyllocladus aspleniifolius","large_large","d_TAS","TAS",1,"Subcanopy","Subcanopy","Subcanopy_Subcanopy","Subcanopy.large_Subcanopy.large"
"988","Phyllocladus aspleniifolius small","Phyllocladus aspleniifolius large",0.337951633730112,0.049308956710318,0.626594310749907,0.331816694595958,0.344086572864267,0.147269378058256,"MtField",0.577285354039589,"small","large","Phyllocladus aspleniifolius","Phyllocladus aspleniifolius","small_large","d_TAS","TAS",1,"Subcanopy","Subcanopy","Subcanopy_Subcanopy","Subcanopy.large_Subcanopy.small"
"989","Pittosporum bicolor small","Phyllocladus aspleniifolius large",-0.23180274372755,-0.659140215278521,0.19553472782342,-0.241089490763339,-0.222515996691762,0.218033328633462,"MtField",0.854674943101941,"small","large","Pittosporum bicolor","Phyllocladus aspleniifolius","small_large","d_TAS","TAS",NA,"Subcanopy","Subcanopy","Subcanopy_Subcanopy","Subcanopy.large_Subcanopy.small"
"990","Phyllocladus aspleniifolius small","Phyllocladus aspleniifolius small",0.224822943873385,0.0441103587488894,0.405535528997881,0.213990413631954,0.235655474114816,0.0922019927661599,"MtField",0.361425170248992,"small","small","Phyllocladus aspleniifolius","Phyllocladus aspleniifolius","small_small","d_TAS","TAS",1,"Subcanopy","Subcanopy","Subcanopy_Subcanopy","Subcanopy.small_Subcanopy.small"
"991","Pittosporum bicolor small","Phyllocladus aspleniifolius small",0.252147812004771,0.0355036757191786,0.468791948290363,0.246771511061094,0.257524112948448,0.110534753696728,"MtField",0.433288272571185,"small","small","Pittosporum bicolor","Phyllocladus aspleniifolius","small_small","d_TAS","TAS",1,"Subcanopy","Subcanopy","Subcanopy_Subcanopy","Subcanopy.small_Subcanopy.small"
"992","Pittosporum bicolor small","Pittosporum bicolor small",-0.0806529346370046,-0.477645395188899,0.31633952591489,-0.0893423134234923,-0.0719635558505168,0.202550895671207,"MtField",0.793984921103789,"small","small","Pittosporum bicolor","Pittosporum bicolor","small_small","d_TAS","TAS",NA,"Subcanopy","Subcanopy","Subcanopy_Subcanopy","Subcanopy.small_Subcanopy.small"
"993","Eucalyptus cypellocarpa small","Eucalyptus cypellocarpa small",0.163275342126756,-0.212603248491191,0.539153932744702,0.158227623207436,0.168323061046075,0.191778315103149,"WaratahMix",0.751757181235893,"small","small","Eucalyptus cypellocarpa","Eucalyptus cypellocarpa","small_small","S_NSW","SE_AUS",NA,"Canopy","Canopy","Canopy_Canopy","Canopy.small_Canopy.small"
"994","Eucalyptus fastigata large","Eucalyptus cypellocarpa small",-0.00347126086879529,-0.293469471551578,0.286526949813987,-0.00725939367291992,0.00031687193532935,0.147960989574427,"WaratahMix",0.579996421365565,"large","small","Eucalyptus fastigata","Eucalyptus cypellocarpa","large_small","S_NSW","SE_AUS",NA,"Canopy","Canopy","Canopy_Canopy","Canopy.large_Canopy.small"
"995","Eucalyptus fastigata small","Eucalyptus cypellocarpa small",-0.0785284881847699,-0.301299627931543,0.144242651562004,-0.0814972159919001,-0.0755597603776396,0.113660833313247,"WaratahMix",0.445542279493547,"small","small","Eucalyptus fastigata","Eucalyptus cypellocarpa","small_small","S_NSW","SE_AUS",NA,"Canopy","Canopy","Canopy_Canopy","Canopy.small_Canopy.small"
"996","Eucalyptus obliqua large","Eucalyptus cypellocarpa small",-0.0274747732024068,-0.337392216554968,0.282442670150154,-0.0309079593165452,-0.0240415870882683,0.158124050134161,"WaratahMix",0.619834886705122,"large","small","Eucalyptus obliqua","Eucalyptus cypellocarpa","large_small","S_NSW","SE_AUS",NA,"Canopy","Canopy","Canopy_Canopy","Canopy.large_Canopy.small"
"997","Eucalyptus obliqua small","Eucalyptus cypellocarpa small",-0.0344950090947291,-0.242635225234828,0.17364520704537,-0.0370143701802567,-0.0319756480092015,0.106195939201884,"WaratahMix",0.416280432280198,"small","small","Eucalyptus obliqua","Eucalyptus cypellocarpa","small_small","S_NSW","SE_AUS",NA,"Canopy","Canopy","Canopy_Canopy","Canopy.small_Canopy.small"
"998","Eucalyptus radiata large","Eucalyptus cypellocarpa small",-0.0218723135480896,-0.234696240456724,0.190951613360545,-0.0243739313711201,-0.019370695725059,0.108585631464334,"WaratahMix",0.425647853817269,"large","small","Eucalyptus radiata","Eucalyptus cypellocarpa","large_small","S_NSW","SE_AUS",NA,"Canopy","Canopy","Canopy_Canopy","Canopy.large_Canopy.small"
"999","Eucalyptus radiata small","Eucalyptus cypellocarpa small",0.010812455930503,-0.128822544320721,0.150447456181727,0.00858165811175877,0.0130432537492472,0.0712436561858519,"WaratahMix",0.279270000502448,"small","small","Eucalyptus radiata","Eucalyptus cypellocarpa","small_small","S_NSW","SE_AUS",NA,"Canopy","Canopy","Canopy_Canopy","Canopy.small_Canopy.small"
"1000","Eucalyptus fastigata large","Eucalyptus fastigata large",-0.146650190545128,-0.542408401678039,0.249108020587784,-0.153135608905493,-0.140164772184762,0.20192116500844,"WaratahMix",0.791516422265823,"large","large","Eucalyptus fastigata","Eucalyptus fastigata","large_large","S_NSW","SE_AUS",NA,"Canopy","Canopy","Canopy_Canopy","Canopy.large_Canopy.large"
"1001","Eucalyptus fastigata small","Eucalyptus fastigata large",0.153618550153112,-0.0821977118150651,0.389434812121289,0.150260463420356,0.156976636885868,0.120316630217834,"WaratahMix",0.471632523936354,"small","large","Eucalyptus fastigata","Eucalyptus fastigata","small_large","S_NSW","SE_AUS",NA,"Canopy","Canopy","Canopy_Canopy","Canopy.large_Canopy.small"
"1002","Eucalyptus obliqua large","Eucalyptus fastigata large",-0.012414422258973,-0.277929823433994,0.253100978916048,-0.0157661144379743,-0.00906273007997174,0.135469530700244,"WaratahMix",0.531030802350042,"large","large","Eucalyptus obliqua","Eucalyptus fastigata","large_large","S_NSW","SE_AUS",NA,"Canopy","Canopy","Canopy_Canopy","Canopy.large_Canopy.large"
"1003","Eucalyptus obliqua small","Eucalyptus fastigata large",-0.119199208986832,-0.328220781999762,0.0898223640260978,-0.121786050587576,-0.116612367386088,0.106645619338756,"WaratahMix",0.41804314602586,"small","large","Eucalyptus obliqua","Eucalyptus fastigata","small_large","S_NSW","SE_AUS",NA,"Canopy","Canopy","Canopy_Canopy","Canopy.large_Canopy.small"
"1004","Eucalyptus radiata large","Eucalyptus fastigata large",-0.183337579142595,-0.392621715458911,0.0259465571737203,-0.186413060103749,-0.180262098181442,0.106779582669438,"WaratahMix",0.418568272632632,"large","large","Eucalyptus radiata","Eucalyptus fastigata","large_large","S_NSW","SE_AUS",NA,"Canopy","Canopy","Canopy_Canopy","Canopy.large_Canopy.large"
"1005","Eucalyptus radiata small","Eucalyptus fastigata large",-0.193249290649404,-0.356254640736425,-0.0302439405623836,-0.19673362039072,-0.189764960908088,0.0831675231651122,"WaratahMix",0.326010700174041,"small","large","Eucalyptus radiata","Eucalyptus fastigata","small_large","S_NSW","SE_AUS",1,"Canopy","Canopy","Canopy_Canopy","Canopy.large_Canopy.small"
"1006","Eucalyptus fastigata small","Eucalyptus fastigata small",0.185713120718976,-0.0378533124111042,0.409279553849057,0.18068875468902,0.190737486748933,0.114066602699613,"WaratahMix",0.447132866260161,"small","small","Eucalyptus fastigata","Eucalyptus fastigata","small_small","S_NSW","SE_AUS",NA,"Canopy","Canopy","Canopy_Canopy","Canopy.small_Canopy.small"
"1007","Eucalyptus obliqua large","Eucalyptus fastigata small",-0.0546071238481616,-0.271611193462499,0.162396945766176,-0.0575634432388951,-0.0516508044574281,0.11071839652465,"WaratahMix",0.434008139228676,"large","small","Eucalyptus obliqua","Eucalyptus fastigata","large_small","S_NSW","SE_AUS",NA,"Canopy","Canopy","Canopy_Canopy","Canopy.large_Canopy.small"
"1008","Eucalyptus obliqua small","Eucalyptus fastigata small",0.0356013337946768,-0.136339675618328,0.207542343207681,0.0330362880350454,0.0381663795543081,0.0877266167997236,"WaratahMix",0.343882018826009,"small","small","Eucalyptus obliqua","Eucalyptus fastigata","small_small","S_NSW","SE_AUS",NA,"Canopy","Canopy","Canopy_Canopy","Canopy.small_Canopy.small"
"1009","Eucalyptus radiata large","Eucalyptus fastigata small",0.110132972068936,-0.0618480487013579,0.282113992839229,0.107403282478727,0.112862661659144,0.0877470311326422,"WaratahMix",0.343962041540587,"large","small","Eucalyptus radiata","Eucalyptus fastigata","large_small","S_NSW","SE_AUS",NA,"Canopy","Canopy","Canopy_Canopy","Canopy.large_Canopy.small"
"1010","Eucalyptus radiata small","Eucalyptus fastigata small",0.0648933078145285,-0.057961072670377,0.187747688299434,0.062413462278267,0.0673731533507899,0.0626819581655404,"WaratahMix",0.245708760969811,"small","small","Eucalyptus radiata","Eucalyptus fastigata","small_small","S_NSW","SE_AUS",NA,"Canopy","Canopy","Canopy_Canopy","Canopy.small_Canopy.small"
"1011","Eucalyptus obliqua large","Eucalyptus obliqua large",0.174447401954214,-0.251534460946943,0.600429264855371,0.168625704861012,0.180269099047416,0.217341678858003,"WaratahMix",0.851963725802314,"large","large","Eucalyptus obliqua","Eucalyptus obliqua","large_large","S_NSW","SE_AUS",NA,"Canopy","Canopy","Canopy_Canopy","Canopy.large_Canopy.large"
"1012","Eucalyptus obliqua small","Eucalyptus obliqua large",0.101788661982558,-0.148923056919508,0.352500380884624,0.0984611982304876,0.105116125734628,0.127916492792545,"WaratahMix",0.501423437804132,"small","large","Eucalyptus obliqua","Eucalyptus obliqua","small_large","S_NSW","SE_AUS",NA,"Canopy","Canopy","Canopy_Canopy","Canopy.large_Canopy.small"
"1013","Eucalyptus radiata large","Eucalyptus obliqua large",-0.0164799197995552,-0.239162482583317,0.206202642984207,-0.0192807291337846,-0.0136791104653258,0.113615640154744,"WaratahMix",0.445365125567524,"large","large","Eucalyptus radiata","Eucalyptus obliqua","large_large","S_NSW","SE_AUS",NA,"Canopy","Canopy","Canopy_Canopy","Canopy.large_Canopy.large"
"1014","Eucalyptus radiata small","Eucalyptus obliqua large",-0.033017427280998,-0.16735368802045,0.101318833458454,-0.0351071903702695,-0.0309276641917266,0.0685401679822073,"WaratahMix",0.268672521478903,"small","large","Eucalyptus radiata","Eucalyptus obliqua","small_large","S_NSW","SE_AUS",NA,"Canopy","Canopy","Canopy_Canopy","Canopy.large_Canopy.small"
"1015","Eucalyptus obliqua small","Eucalyptus obliqua small",0.109604465752558,-0.180631215320473,0.39984014682559,0.104537793522115,0.114671137983002,0.148082150163153,"WaratahMix",0.580471362146063,"small","small","Eucalyptus obliqua","Eucalyptus obliqua","small_small","S_NSW","SE_AUS",NA,"Canopy","Canopy","Canopy_Canopy","Canopy.small_Canopy.small"
"1016","Eucalyptus radiata large","Eucalyptus obliqua small",-0.11074614391279,-0.286820034071832,0.065327746246253,-0.112992390877202,-0.108499896948377,0.089835268172217,"WaratahMix",0.352147780318085,"large","small","Eucalyptus radiata","Eucalyptus obliqua","large_small","S_NSW","SE_AUS",NA,"Canopy","Canopy","Canopy_Canopy","Canopy.large_Canopy.small"
"1017","Eucalyptus radiata small","Eucalyptus obliqua small",-0.0482504343003023,-0.158537360249159,0.0620364916485548,-0.0501525102965467,-0.0463483583040578,0.0562698737419597,"WaratahMix",0.220573851897714,"small","small","Eucalyptus radiata","Eucalyptus obliqua","small_small","S_NSW","SE_AUS",NA,"Canopy","Canopy","Canopy_Canopy","Canopy.small_Canopy.small"
"1018","Eucalyptus radiata large","Eucalyptus radiata large",0.119087678390233,-0.11903612993456,0.357211486715027,0.113728667079687,0.12444668970078,0.121493971421457,"WaratahMix",0.476247616649587,"large","large","Eucalyptus radiata","Eucalyptus radiata","large_large","S_NSW","SE_AUS",NA,"Canopy","Canopy","Canopy_Canopy","Canopy.large_Canopy.large"
"1019","Eucalyptus radiata small","Eucalyptus radiata large",-0.0652120843319383,-0.168554970278083,0.0381308016142062,-0.0670008943860089,-0.0634232742778677,0.0527269310871527,"WaratahMix",0.206685771892289,"small","large","Eucalyptus radiata","Eucalyptus radiata","small_large","S_NSW","SE_AUS",NA,"Canopy","Canopy","Canopy_Canopy","Canopy.large_Canopy.small"
"1020","Eucalyptus radiata small","Eucalyptus radiata small",0.304826159416079,0.15511213433824,0.454540184493918,0.2945387739559,0.315113544876259,0.0763861102850686,"WaratahMix",0.299428050155678,"small","small","Eucalyptus radiata","Eucalyptus radiata","small_small","S_NSW","SE_AUS",1,"Canopy","Canopy","Canopy_Canopy","Canopy.small_Canopy.small"
"1021","Bedfordia salicina large","Bedfordia salicina large",-0.137229944403368,-0.986694100035128,0.712234211228392,-0.152130792697781,-0.122329096108955,0.433408043378463,"Caveside",1.69892831126352,"large","large","Bedfordia salicina","Bedfordia salicina","large_large","d_TAS","TAS",NA,"Subcanopy","Subcanopy","Subcanopy_Subcanopy","Subcanopy.large_Subcanopy.large"
"1022","Bedfordia salicina small","Bedfordia salicina large",0.11848383466025,-0.194258948350814,0.431226617671313,0.114700045050471,0.122267624270029,0.159565576448312,"Caveside",0.625485566022127,"small","large","Bedfordia salicina","Bedfordia salicina","small_large","d_TAS","TAS",NA,"Subcanopy","Subcanopy","Subcanopy_Subcanopy","Subcanopy.small_Subcanopy.large"
"1023","Eucalyptus delegatensis large","Bedfordia salicina large",0.342425123283738,-0.339341520351749,1.02419176691923,0.330263366995652,0.354586879571825,0.347846516065181,"Caveside",1.36353328727098,"large","large","Eucalyptus delegatensis","Bedfordia salicina","large_large","d_TAS","TAS",NA,"Canopy","Subcanopy","Canopy_Subcanopy","Canopy.large_Subcanopy.large"
"1024","Eucalyptus delegatensis small","Bedfordia salicina large",0.0159374415985644,-0.396446185762255,0.428321068959384,0.00605203201908276,0.0258228511780461,0.210403676094892,"Caveside",0.824767254721639,"small","large","Eucalyptus delegatensis","Bedfordia salicina","small_large","d_TAS","TAS",NA,"Canopy","Subcanopy","Canopy_Subcanopy","Canopy.small_Subcanopy.large"
"1025","Eucalyptus obliqua large","Bedfordia salicina large",0.275940028519191,-0.271206902407249,0.823086959445632,0.264021392985823,0.287858664052559,0.279161727073694,"Caveside",1.09429386185288,"large","large","Eucalyptus obliqua","Bedfordia salicina","large_large","d_TAS","TAS",NA,"Canopy","Subcanopy","Canopy_Subcanopy","Canopy.large_Subcanopy.large"
"1026","Eucalyptus obliqua small","Bedfordia salicina large",0.0403442390955019,-0.321296891286914,0.401985369477918,0.033778653542849,0.0469098246481548,0.184514171298552,"Caveside",0.723282260764831,"small","large","Eucalyptus obliqua","Bedfordia salicina","small_large","d_TAS","TAS",NA,"Canopy","Subcanopy","Canopy_Subcanopy","Canopy.small_Subcanopy.large"
"1027","Nothofagus cunninghamii large","Bedfordia salicina large",-0.212170090684357,-1.14424645736741,0.719906275998699,-0.226885083367696,-0.197455098001018,0.475557905163133,"Caveside",1.86415273336611,"large","large","Nothofagus cunninghamii","Bedfordia salicina","large_large","d_TAS","TAS",NA,"Subcanopy","Subcanopy","Subcanopy_Subcanopy","Subcanopy.large_Subcanopy.large"
"1028","Nothofagus cunninghamii small","Bedfordia salicina large",-0.225035447099423,-0.698493088047253,0.248422193848408,-0.237277208813554,-0.212793685385291,0.241564459695384,"Caveside",0.946915281895661,"small","large","Nothofagus cunninghamii","Bedfordia salicina","small_large","d_TAS","TAS",NA,"Subcanopy","Subcanopy","Subcanopy_Subcanopy","Subcanopy.small_Subcanopy.large"
"1029","Pomaderris apetala large","Bedfordia salicina large",0.123945821168026,-0.37782687704686,0.625718519382912,0.114022023393074,0.133869618942978,0.256011182946628,"Caveside",1.00354539642977,"large","large","Pomaderris apetala","Bedfordia salicina","large_large","d_TAS","TAS",NA,"Subcanopy","Subcanopy","Subcanopy_Subcanopy","Subcanopy.large_Subcanopy.large"
"1030","Pomaderris apetala small","Bedfordia salicina large",-0.0710484096285337,-0.16575951809155,0.0236626988344828,-0.0737707304088167,-0.0683260888482508,0.0483228820580815,"Caveside",0.189422216926033,"small","large","Pomaderris apetala","Bedfordia salicina","small_large","d_TAS","TAS",NA,"Subcanopy","Subcanopy","Subcanopy_Subcanopy","Subcanopy.small_Subcanopy.large"
"1031","Bedfordia salicina small","Bedfordia salicina small",0.484768666145436,0.394321065794891,0.57521626649598,0.469649130096329,0.499888202194542,0.046147582845391,"Caveside",0.18089520070109,"small","small","Bedfordia salicina","Bedfordia salicina","small_small","d_TAS","TAS",1,"Subcanopy","Subcanopy","Subcanopy_Subcanopy","Subcanopy.small_Subcanopy.small"
"1032","Eucalyptus delegatensis large","Bedfordia salicina small",-0.102196629876204,-0.315127759480509,0.110734499728101,-0.104658352735124,-0.0997349070172844,0.108640327722284,"Caveside",0.42586225920861,"large","small","Eucalyptus delegatensis","Bedfordia salicina","large_small","d_TAS","TAS",NA,"Canopy","Subcanopy","Canopy_Subcanopy","Canopy.large_Subcanopy.small"
"1033","Eucalyptus delegatensis small","Bedfordia salicina small",-0.0434292195120156,-0.105569646903194,0.0187112078791632,-0.0455235006049503,-0.0413349384190809,0.0317048822740288,"Caveside",0.124280854782358,"small","small","Eucalyptus delegatensis","Bedfordia salicina","small_small","d_TAS","TAS",NA,"Canopy","Subcanopy","Canopy_Subcanopy","Canopy.small_Subcanopy.small"
"1034","Eucalyptus obliqua large","Bedfordia salicina small",-0.131294050414716,-0.260275274297668,-0.00231282653176454,-0.134602174824151,-0.127985926005281,0.0658079561156935,"Caveside",0.257962447765903,"large","small","Eucalyptus obliqua","Bedfordia salicina","large_small","d_TAS","TAS",1,"Canopy","Subcanopy","Canopy_Subcanopy","Canopy.large_Subcanopy.small"
"1035","Eucalyptus obliqua small","Bedfordia salicina small",0.00459428521526779,-0.0520236624880764,0.061212232918612,0.00299163065695096,0.00619693977358462,0.0288872388217025,"Caveside",0.113235895406688,"small","small","Eucalyptus obliqua","Bedfordia salicina","small_small","d_TAS","TAS",NA,"Canopy","Subcanopy","Canopy_Subcanopy","Canopy.small_Subcanopy.small"
"1036","Nothofagus cunninghamii large","Bedfordia salicina small",-0.0201127197234199,-0.111855535443756,0.0716300959969162,-0.022302228774591,-0.0179232106722488,0.0468084191566742,"Caveside",0.183485631440672,"large","small","Nothofagus cunninghamii","Bedfordia salicina","large_small","d_TAS","TAS",NA,"Subcanopy","Subcanopy","Subcanopy_Subcanopy","Subcanopy.large_Subcanopy.small"
"1037","Nothofagus cunninghamii small","Bedfordia salicina small",0.0149918711349675,-0.0383768553038097,0.0683605975737446,0.0131219443883543,0.0168617978815807,0.0272294424079947,"Caveside",0.106737452877554,"small","small","Nothofagus cunninghamii","Bedfordia salicina","small_small","d_TAS","TAS",NA,"Subcanopy","Subcanopy","Subcanopy_Subcanopy","Subcanopy.small_Subcanopy.small"
"1038","Pomaderris apetala large","Bedfordia salicina small",-0.0326940422405493,-0.0935226322936217,0.0281345478125231,-0.0347090870828974,-0.0306789973982011,0.0310355652108307,"Caveside",0.121657180106145,"large","small","Pomaderris apetala","Bedfordia salicina","large_small","d_TAS","TAS",NA,"Subcanopy","Subcanopy","Subcanopy_Subcanopy","Subcanopy.large_Subcanopy.small"
"1039","Pomaderris apetala small","Bedfordia salicina small",-0.000702944829524107,-0.04242567887948,0.0410197892204318,-0.00319595142331309,0.00179006176426487,0.021287500371976,"Caveside",0.0834454680999118,"small","small","Pomaderris apetala","Bedfordia salicina","small_small","d_TAS","TAS",NA,"Subcanopy","Subcanopy","Subcanopy_Subcanopy","Subcanopy.small_Subcanopy.small"
"1040","Eucalyptus delegatensis large","Eucalyptus delegatensis large",-0.94481546120365,-2.19596890604691,0.30633798363961,-0.959173430513316,-0.930457491893985,0.638355324236669,"Caveside",2.50230688968652,"large","large","Eucalyptus delegatensis","Eucalyptus delegatensis","large_large","d_TAS","TAS",NA,"Canopy","Canopy","Canopy_Canopy","Canopy.large_Canopy.large"
"1041","Eucalyptus delegatensis small","Eucalyptus delegatensis large",0.16109404012947,-0.226385240048458,0.548573320307398,0.153219353325535,0.168968726933404,0.197697143026257,"Caveside",0.774958560355856,"small","large","Eucalyptus delegatensis","Eucalyptus delegatensis","small_large","d_TAS","TAS",NA,"Canopy","Canopy","Canopy_Canopy","Canopy.small_Canopy.large"
"1042","Eucalyptus obliqua large","Eucalyptus delegatensis large",-0.562507857874162,-1.58978721944497,0.464771503696643,-0.576418209574885,-0.548597506173439,0.524131754294392,"Caveside",2.05455872314161,"large","large","Eucalyptus obliqua","Eucalyptus delegatensis","large_large","d_TAS","TAS",NA,"Canopy","Canopy","Canopy_Canopy","Canopy.large_Canopy.large"
"1043","Eucalyptus obliqua small","Eucalyptus delegatensis large",-0.0228562396069339,-0.38128388222991,0.335571403016042,-0.027946268317332,-0.0177662108965358,0.182874606600023,"Caveside",0.716855285245952,"small","large","Eucalyptus obliqua","Eucalyptus delegatensis","small_large","d_TAS","TAS",NA,"Canopy","Canopy","Canopy_Canopy","Canopy.small_Canopy.large"
"1044","Nothofagus cunninghamii large","Eucalyptus delegatensis large",0.201786764658946,-0.417558066466113,0.821131595784004,0.191181564376184,0.212391964941707,0.315998067316732,"Caveside",1.23868966225012,"large","large","Nothofagus cunninghamii","Eucalyptus delegatensis","large_large","d_TAS","TAS",NA,"Subcanopy","Canopy","Subcanopy_Canopy","Subcanopy.large_Canopy.large"
"1045","Nothofagus cunninghamii small","Eucalyptus delegatensis large",0.0393693420562551,-0.162612996085485,0.241351680197996,0.0345176627561093,0.0442210213564009,0.103054106981022,"Caveside",0.403964676283481,"small","large","Nothofagus cunninghamii","Eucalyptus delegatensis","small_large","d_TAS","TAS",NA,"Subcanopy","Canopy","Subcanopy_Canopy","Subcanopy.small_Canopy.large"
"1046","Pomaderris apetala large","Eucalyptus delegatensis large",-0.0768332985083968,-0.340626807512171,0.186960210495377,-0.0828538300819654,-0.0708127669348282,0.1345909981431,"Caveside",0.527587018007548,"large","large","Pomaderris apetala","Eucalyptus delegatensis","large_large","d_TAS","TAS",NA,"Subcanopy","Canopy","Subcanopy_Canopy","Subcanopy.large_Canopy.large"
"1047","Pomaderris apetala small","Eucalyptus delegatensis large",0.137807130416537,-0.0303508221175214,0.305965082950594,0.134977757517837,0.140636503315236,0.0857964502717736,"Caveside",0.336315905068116,"small","large","Pomaderris apetala","Eucalyptus delegatensis","small_large","d_TAS","TAS",NA,"Subcanopy","Canopy","Subcanopy_Canopy","Subcanopy.small_Canopy.large"
"1048","Eucalyptus delegatensis small","Eucalyptus delegatensis small",0.145548760511885,-0.118790160486287,0.409887681510056,0.137134829300763,0.153962691723006,0.13486927468221,"Caveside",0.528677841996343,"small","small","Eucalyptus delegatensis","Eucalyptus delegatensis","small_small","d_TAS","TAS",NA,"Canopy","Canopy","Canopy_Canopy","Canopy.small_Canopy.small"
"1049","Eucalyptus obliqua large","Eucalyptus delegatensis small",-0.208160499672773,-0.531632247390617,0.115311248045071,-0.216508746834706,-0.199812252510841,0.165039638620581,"Caveside",0.646943495435688,"large","small","Eucalyptus obliqua","Eucalyptus delegatensis","large_small","d_TAS","TAS",NA,"Canopy","Canopy","Canopy_Canopy","Canopy.large_Canopy.small"
"1050","Eucalyptus obliqua small","Eucalyptus delegatensis small",0.0809546468147654,-0.0880816050407008,0.249990898670232,0.0762296463199063,0.0856796473096244,0.0862445704047639,"Caveside",0.338072503710932,"small","small","Eucalyptus obliqua","Eucalyptus delegatensis","small_small","d_TAS","TAS",NA,"Canopy","Canopy","Canopy_Canopy","Canopy.small_Canopy.small"
"1051","Nothofagus cunninghamii large","Eucalyptus delegatensis small",-0.0497783895580627,-0.26448345000372,0.164926670887595,-0.0577197905116105,-0.041836988604515,0.109545411109196,"Caveside",0.429410120891315,"large","small","Nothofagus cunninghamii","Eucalyptus delegatensis","large_small","d_TAS","TAS",NA,"Subcanopy","Canopy","Subcanopy_Canopy","Subcanopy.large_Canopy.small"
"1052","Nothofagus cunninghamii small","Eucalyptus delegatensis small",0.060163724002941,-0.0572360550519287,0.177563503057811,0.0549707168019037,0.0653567312039782,0.0598989471137756,"Caveside",0.234799558109739,"small","small","Nothofagus cunninghamii","Eucalyptus delegatensis","small_small","d_TAS","TAS",NA,"Subcanopy","Canopy","Subcanopy_Canopy","Subcanopy.small_Canopy.small"
"1053","Pomaderris apetala large","Eucalyptus delegatensis small",0.0245034349249804,-0.125637013534601,0.174643883384561,0.0186173027187144,0.0303895671312465,0.0766036772327807,"Caveside",0.300280896919162,"large","small","Pomaderris apetala","Eucalyptus delegatensis","large_small","d_TAS","TAS",NA,"Subcanopy","Canopy","Subcanopy_Canopy","Subcanopy.large_Canopy.small"
"1054","Pomaderris apetala small","Eucalyptus delegatensis small",0.032416198377254,-0.0284364388369424,0.0932688355914505,0.0300548414933035,0.0347775552612045,0.031047834396037,"Caveside",0.121705274428393,"small","small","Pomaderris apetala","Eucalyptus delegatensis","small_small","d_TAS","TAS",NA,"Subcanopy","Canopy","Subcanopy_Canopy","Subcanopy.small_Canopy.small"
"1055","Eucalyptus obliqua large","Eucalyptus obliqua large",-0.475651354480031,-1.59404271002747,0.642740001067409,-0.491776833938507,-0.459525875021555,0.570618319708509,"Caveside",2.23678271109488,"large","large","Eucalyptus obliqua","Eucalyptus obliqua","large_large","d_TAS","TAS",NA,"Canopy","Canopy","Canopy_Canopy","Canopy.large_Canopy.large"
"1056","Eucalyptus obliqua small","Eucalyptus obliqua large",0.383754554343217,-0.0382794132374089,0.805788521923843,0.375295941523854,0.39221316716258,0.215327409538939,"Caveside",0.844067935161252,"small","large","Eucalyptus obliqua","Eucalyptus obliqua","small_large","d_TAS","TAS",NA,"Canopy","Canopy","Canopy_Canopy","Canopy.small_Canopy.large"
"1057","Nothofagus cunninghamii large","Eucalyptus obliqua large",0.231405940320591,-0.212596109817756,0.675407990458937,0.222326149927989,0.240485730713192,0.226535820882719,"Caveside",0.888004100276693,"large","large","Nothofagus cunninghamii","Eucalyptus obliqua","large_large","d_TAS","TAS",NA,"Subcanopy","Canopy","Subcanopy_Canopy","Subcanopy.large_Canopy.large"
"1058","Nothofagus cunninghamii small","Eucalyptus obliqua large",-0.0206423613769372,-0.212963938911425,0.17167921615755,-0.0251072902411072,-0.0161774325127671,0.0981250569150738,"Caveside",0.384643155068975,"small","large","Nothofagus cunninghamii","Eucalyptus obliqua","small_large","d_TAS","TAS",NA,"Subcanopy","Canopy","Subcanopy_Canopy","Subcanopy.small_Canopy.large"
"1059","Pomaderris apetala large","Eucalyptus obliqua large",-0.031688049174682,-0.222141875657124,0.15876577730776,-0.0377902763776047,-0.0255858219717592,0.0971721051941347,"Caveside",0.380907652964883,"large","large","Pomaderris apetala","Eucalyptus obliqua","large_large","d_TAS","TAS",NA,"Subcanopy","Canopy","Subcanopy_Canopy","Subcanopy.large_Canopy.large"
"1060","Pomaderris apetala small","Eucalyptus obliqua large",0.19040150372266,0.0383344403233199,0.342468567122,0.186582219809103,0.194220787636218,0.0775866621013579,"Caveside",0.30413412679868,"small","large","Pomaderris apetala","Eucalyptus obliqua","small_large","d_TAS","TAS",1,"Subcanopy","Canopy","Subcanopy_Canopy","Subcanopy.small_Canopy.large"
"1061","Eucalyptus obliqua small","Eucalyptus obliqua small",0.0664434616989737,-0.301837176974575,0.434724100372523,0.054244557622399,0.0786423657755484,0.187901737776051,"Caveside",0.736561277347098,"small","small","Eucalyptus obliqua","Eucalyptus obliqua","small_small","d_TAS","TAS",NA,"Canopy","Canopy","Canopy_Canopy","Canopy.small_Canopy.small"
"1062","Nothofagus cunninghamii large","Eucalyptus obliqua small",-0.0380177088734657,-0.252215259534465,0.176179841787533,-0.0431690012040346,-0.0328664165428969,0.109286472787542,"Caveside",0.428395101321998,"large","small","Nothofagus cunninghamii","Eucalyptus obliqua","large_small","d_TAS","TAS",NA,"Subcanopy","Canopy","Subcanopy_Canopy","Subcanopy.large_Canopy.small"
"1063","Nothofagus cunninghamii small","Eucalyptus obliqua small",-0.00967602877748818,-0.119052652385177,0.0997005948302008,-0.0128625698651089,-0.00648948768986748,0.0558054252376257,"Caveside",0.218753247215378,"small","small","Nothofagus cunninghamii","Eucalyptus obliqua","small_small","d_TAS","TAS",NA,"Subcanopy","Canopy","Subcanopy_Canopy","Subcanopy.small_Canopy.small"
"1064","Pomaderris apetala large","Eucalyptus obliqua small",-0.0534415497186427,-0.163514079398228,0.0566309799609429,-0.0577221252739317,-0.0491609741633537,0.056160485880263,"Caveside",0.220145059359171,"large","small","Pomaderris apetala","Eucalyptus obliqua","large_small","d_TAS","TAS",NA,"Subcanopy","Canopy","Subcanopy_Canopy","Subcanopy.large_Canopy.small"
"1065","Pomaderris apetala small","Eucalyptus obliqua small",-0.0574497278168665,-0.124094011834711,0.00919455620097816,-0.0591359332446772,-0.0557635223890558,0.034002810533013,"Caveside",0.133288568035689,"small","small","Pomaderris apetala","Eucalyptus obliqua","small_small","d_TAS","TAS",NA,"Subcanopy","Canopy","Subcanopy_Canopy","Subcanopy.small_Canopy.small"
"1066","Nothofagus cunninghamii large","Nothofagus cunninghamii large",-0.0914084239892922,-0.398263735171774,0.215446887193189,-0.106392944952039,-0.0764239030265456,0.156561709094104,"Caveside",0.613710622364963,"large","large","Nothofagus cunninghamii","Nothofagus cunninghamii","large_large","d_TAS","TAS",NA,"Subcanopy","Subcanopy","Subcanopy_Subcanopy","Subcanopy.large_Subcanopy.large"
"1067","Nothofagus cunninghamii small","Nothofagus cunninghamii large",0.0153812214439876,-0.130032138542691,0.160794581430666,0.0059268507223501,0.0248355921656251,0.0741918530818325,"Caveside",0.290826719973357,"small","large","Nothofagus cunninghamii","Nothofagus cunninghamii","small_large","d_TAS","TAS",NA,"Subcanopy","Subcanopy","Subcanopy_Subcanopy","Subcanopy.small_Subcanopy.large"
"1068","Pomaderris apetala large","Nothofagus cunninghamii large",-0.165334877431426,-0.397843060038002,0.0671733051751508,-0.172137241746663,-0.158532513116189,0.11862880361097,"Caveside",0.465016365213153,"large","large","Pomaderris apetala","Nothofagus cunninghamii","large_large","d_TAS","TAS",NA,"Subcanopy","Subcanopy","Subcanopy_Subcanopy","Subcanopy.large_Subcanopy.large"
"1069","Pomaderris apetala small","Nothofagus cunninghamii large",-0.0481905812673366,-0.113389815989597,0.017008653454924,-0.0507090549184498,-0.0456721076162235,0.0332655269364866,"Caveside",0.130398469444521,"small","large","Pomaderris apetala","Nothofagus cunninghamii","small_large","d_TAS","TAS",NA,"Subcanopy","Subcanopy","Subcanopy_Subcanopy","Subcanopy.small_Subcanopy.large"
"1070","Nothofagus cunninghamii small","Nothofagus cunninghamii small",0.300844447340436,0.120700015372527,0.480988879308345,0.278140529385622,0.323548365295249,0.0919121133800751,"Caveside",0.360288863935818,"small","small","Nothofagus cunninghamii","Nothofagus cunninghamii","small_small","d_TAS","TAS",1,"Subcanopy","Subcanopy","Subcanopy_Subcanopy","Subcanopy.small_Subcanopy.small"
"1071","Pomaderris apetala large","Nothofagus cunninghamii small",0.0471644984930033,-0.0619237845915704,0.156252781577577,0.0434888328323677,0.050840164153639,0.0556583100225556,"Caveside",0.218176566169148,"large","small","Pomaderris apetala","Nothofagus cunninghamii","large_small","d_TAS","TAS",NA,"Subcanopy","Subcanopy","Subcanopy_Subcanopy","Subcanopy.large_Subcanopy.small"
"1072","Pomaderris apetala small","Nothofagus cunninghamii small",-0.0547405659293476,-0.0880842437870712,-0.0213968880716241,-0.0570143332248532,-0.0524667986338421,0.0170123931463712,"Caveside",0.066687355715447,"small","small","Pomaderris apetala","Nothofagus cunninghamii","small_small","d_TAS","TAS",1,"Subcanopy","Subcanopy","Subcanopy_Subcanopy","Subcanopy.small_Subcanopy.small"
"1073","Pomaderris apetala large","Pomaderris apetala large",0.296685301978903,0.0947489081620674,0.498621695795738,0.283372230070034,0.309998373887772,0.103030665568186,"Caveside",0.403872787633671,"large","large","Pomaderris apetala","Pomaderris apetala","large_large","d_TAS","TAS",1,"Subcanopy","Subcanopy","Subcanopy_Subcanopy","Subcanopy.large_Subcanopy.large"
"1074","Pomaderris apetala small","Pomaderris apetala large",0.0233802592768749,-0.0293010931727996,0.0760616117265493,0.0207798661546988,0.025980652399051,0.0268787349488145,"Caveside",0.105362704899349,"small","large","Pomaderris apetala","Pomaderris apetala","small_large","d_TAS","TAS",NA,"Subcanopy","Subcanopy","Subcanopy_Subcanopy","Subcanopy.small_Subcanopy.large"
"1075","Pomaderris apetala small","Pomaderris apetala small",0.429823265700339,0.319452272307145,0.540194259093534,0.408332108149795,0.451314423250884,0.0563127660833498,"Caveside",0.220741986786389,"small","small","Pomaderris apetala","Pomaderris apetala","small_small","d_TAS","TAS",1,"Subcanopy","Subcanopy","Subcanopy_Subcanopy","Subcanopy.small_Subcanopy.small"
