"","iter","types","value","split","site"
"1",1,"large Eucalyptus diversicolor",0.585211181640625,"train","Collins"
"2",1,"small Eucalyptus diversicolor",0.537684122721354,"train","Collins"
"3",1,"small Non-euc",0.675576782226562,"train","Collins"
"4",2,"large Eucalyptus diversicolor",0.557961018880208,"train","Collins"
"5",2,"small Eucalyptus diversicolor",0.553546481662326,"train","Collins"
"6",2,"small Non-euc",0.662692260742187,"train","Collins"
"7",3,"large Eucalyptus diversicolor",0.572206624348958,"train","Collins"
"8",3,"small Eucalyptus diversicolor",0.531400892469618,"train","Collins"
"9",3,"small Non-euc",0.67265625,"train","Collins"
"10",4,"large Eucalyptus diversicolor",0.589910888671875,"train","Collins"
"11",4,"small Eucalyptus diversicolor",0.454513549804688,"train","Collins"
"12",4,"small Non-euc",0.671124267578125,"train","Collins"
"13",5,"large Eucalyptus diversicolor",0.586905924479167,"train","Collins"
"14",5,"small Eucalyptus diversicolor",0.52481926812066,"train","Collins"
"15",5,"small Non-euc",0.69825439453125,"train","Collins"
"16",6,"large Eucalyptus diversicolor",0.561604817708333,"train","Collins"
"17",6,"small Eucalyptus diversicolor",0.492265489366319,"train","Collins"
"18",6,"small Non-euc",0.701406860351563,"train","Collins"
"19",7,"large Eucalyptus diversicolor",0.567832438151042,"train","Collins"
"20",7,"small Eucalyptus diversicolor",0.513902452256944,"train","Collins"
"21",7,"small Non-euc",0.696853637695312,"train","Collins"
"22",8,"large Eucalyptus diversicolor",0.58458251953125,"train","Collins"
"23",8,"small Eucalyptus diversicolor",0.539530436197917,"train","Collins"
"24",8,"small Non-euc",0.691128540039063,"train","Collins"
"25",9,"large Eucalyptus diversicolor",0.616975911458333,"train","Collins"
"26",9,"small Eucalyptus diversicolor",0.548119439019097,"train","Collins"
"27",9,"small Non-euc",0.69217529296875,"train","Collins"
"28",10,"large Eucalyptus diversicolor",0.564320882161458,"train","Collins"
"29",10,"small Eucalyptus diversicolor",0.526231553819444,"train","Collins"
"30",10,"small Non-euc",0.701058959960937,"train","Collins"
"31",11,"large Eucalyptus diversicolor",0.588348388671875,"train","Collins"
"32",11,"small Eucalyptus diversicolor",0.549023098415799,"train","Collins"
"33",11,"small Non-euc",0.638504028320312,"train","Collins"
"34",12,"large Eucalyptus diversicolor",0.576271565755208,"train","Collins"
"35",12,"small Eucalyptus diversicolor",0.566538492838542,"train","Collins"
"36",12,"small Non-euc",0.709536743164062,"train","Collins"
"37",13,"large Eucalyptus diversicolor",0.580487060546875,"train","Collins"
"38",13,"small Eucalyptus diversicolor",0.552174886067708,"train","Collins"
"39",13,"small Non-euc",0.6839111328125,"train","Collins"
"40",14,"large Eucalyptus diversicolor",0.528662109375,"train","Collins"
"41",14,"small Eucalyptus diversicolor",0.503048366970486,"train","Collins"
"42",14,"small Non-euc",0.723410034179688,"train","Collins"
"43",15,"large Eucalyptus diversicolor",0.612119547526042,"train","Collins"
"44",15,"small Eucalyptus diversicolor",0.543621487087674,"train","Collins"
"45",15,"small Non-euc",0.685159301757812,"train","Collins"
"46",16,"large Eucalyptus diversicolor",0.566520182291667,"train","Collins"
"47",16,"small Eucalyptus diversicolor",0.556428697374132,"train","Collins"
"48",16,"small Non-euc",0.597616577148438,"train","Collins"
"49",17,"large Eucalyptus diversicolor",0.575319417317708,"train","Collins"
"50",17,"small Eucalyptus diversicolor",0.570904201931424,"train","Collins"
"51",17,"small Non-euc",0.7093017578125,"train","Collins"
"52",18,"large Eucalyptus diversicolor",0.544124348958333,"train","Collins"
"53",18,"small Eucalyptus diversicolor",0.469923231336806,"train","Collins"
"54",18,"small Non-euc",0.691763305664063,"train","Collins"
"55",19,"large Eucalyptus diversicolor",0.578059895833333,"train","Collins"
"56",19,"small Eucalyptus diversicolor",0.521977742513021,"train","Collins"
"57",19,"small Non-euc",0.666668701171875,"train","Collins"
"58",20,"large Eucalyptus diversicolor",0.529317220052083,"train","Collins"
"59",20,"small Eucalyptus diversicolor",0.599185519748264,"train","Collins"
"60",20,"small Non-euc",0.634170532226562,"train","Collins"
"61",1,"large Eucalyptus diversicolor",0.6080322265625,"test","Collins"
"62",1,"small Eucalyptus diversicolor",0.7139404296875,"test","Collins"
"63",1,"small Non-euc",0.79515380859375,"test","Collins"
"64",2,"large Eucalyptus diversicolor",0.599273681640625,"test","Collins"
"65",2,"small Eucalyptus diversicolor",0.73297119140625,"test","Collins"
"66",2,"small Non-euc",0.665435791015625,"test","Collins"
"67",3,"large Eucalyptus diversicolor",0.614410400390625,"test","Collins"
"68",3,"small Eucalyptus diversicolor",0.633367919921875,"test","Collins"
"69",3,"small Non-euc",0.874005126953125,"test","Collins"
"70",4,"large Eucalyptus diversicolor",0.571435546875,"test","Collins"
"71",4,"small Eucalyptus diversicolor",0.661724853515625,"test","Collins"
"72",4,"small Non-euc",0.824932861328125,"test","Collins"
"73",5,"large Eucalyptus diversicolor",0.46463623046875,"test","Collins"
"74",5,"small Eucalyptus diversicolor",0.749798583984375,"test","Collins"
"75",5,"small Non-euc",0.7859619140625,"test","Collins"
"76",6,"large Eucalyptus diversicolor",0.490618896484375,"test","Collins"
"77",6,"small Eucalyptus diversicolor",0.785565185546875,"test","Collins"
"78",6,"small Non-euc",0.7786376953125,"test","Collins"
"79",7,"large Eucalyptus diversicolor",0.630816650390625,"test","Collins"
"80",7,"small Eucalyptus diversicolor",0.712432861328125,"test","Collins"
"81",7,"small Non-euc",0.816363525390625,"test","Collins"
"82",8,"large Eucalyptus diversicolor",0.595538330078125,"test","Collins"
"83",8,"small Eucalyptus diversicolor",0.697259521484375,"test","Collins"
"84",8,"small Non-euc",0.813946533203125,"test","Collins"
"85",9,"large Eucalyptus diversicolor",0.46337890625,"test","Collins"
"86",9,"small Eucalyptus diversicolor",0.612493896484375,"test","Collins"
"87",9,"small Non-euc",0.8109375,"test","Collins"
"88",10,"large Eucalyptus diversicolor",0.606549072265625,"test","Collins"
"89",10,"small Eucalyptus diversicolor",0.801300048828125,"test","Collins"
"90",10,"small Non-euc",0.7816162109375,"test","Collins"
"91",11,"large Eucalyptus diversicolor",0.541082763671875,"test","Collins"
"92",11,"small Eucalyptus diversicolor",0.66148681640625,"test","Collins"
"93",11,"small Non-euc",0.788616943359375,"test","Collins"
"94",12,"large Eucalyptus diversicolor",0.6862060546875,"test","Collins"
"95",12,"small Eucalyptus diversicolor",0.800933837890625,"test","Collins"
"96",12,"small Non-euc",0.723638916015625,"test","Collins"
"97",13,"large Eucalyptus diversicolor",0.6095703125,"test","Collins"
"98",13,"small Eucalyptus diversicolor",0.782659912109375,"test","Collins"
"99",13,"small Non-euc",0.84678955078125,"test","Collins"
"100",14,"large Eucalyptus diversicolor",0.52559814453125,"test","Collins"
"101",14,"small Eucalyptus diversicolor",0.6771484375,"test","Collins"
"102",14,"small Non-euc",0.642828369140625,"test","Collins"
"103",15,"large Eucalyptus diversicolor",0.446514892578125,"test","Collins"
"104",15,"small Eucalyptus diversicolor",0.778533935546875,"test","Collins"
"105",15,"small Non-euc",0.77879638671875,"test","Collins"
"106",16,"large Eucalyptus diversicolor",0.642333984375,"test","Collins"
"107",16,"small Eucalyptus diversicolor",0.586102294921875,"test","Collins"
"108",16,"small Non-euc",0.849053955078125,"test","Collins"
"109",17,"large Eucalyptus diversicolor",0.6230224609375,"test","Collins"
"110",17,"small Eucalyptus diversicolor",0.762567138671875,"test","Collins"
"111",17,"small Non-euc",0.788311767578125,"test","Collins"
"112",18,"large Eucalyptus diversicolor",0.56864013671875,"test","Collins"
"113",18,"small Eucalyptus diversicolor",0.678094482421875,"test","Collins"
"114",18,"small Non-euc",0.7844482421875,"test","Collins"
"115",19,"large Eucalyptus diversicolor",0.503338623046875,"test","Collins"
"116",19,"small Eucalyptus diversicolor",0.717626953125,"test","Collins"
"117",19,"small Non-euc",0.747747802734375,"test","Collins"
"118",20,"large Eucalyptus diversicolor",0.667755126953125,"test","Collins"
"119",20,"small Eucalyptus diversicolor",0.57198486328125,"test","Collins"
"120",20,"small Non-euc",0.853564453125,"test","Collins"
"121",1,"large Eucalyptus diversicolor",0.692916067023026,"train","Frankland"
"122",1,"small Eucalyptus diversicolor",0.590315385298295,"train","Frankland"
"123",1,"small Eucalyptus guilfoylei",0.670003255208333,"train","Frankland"
"124",1,"small Non-euc",0.829170735677083,"train","Frankland"
"125",2,"large Eucalyptus diversicolor",0.701367829975329,"train","Frankland"
"126",2,"small Eucalyptus diversicolor",0.661307594992898,"train","Frankland"
"127",2,"small Eucalyptus guilfoylei",0.662574297116127,"train","Frankland"
"128",2,"small Non-euc",0.70452880859375,"train","Frankland"
"129",3,"large Eucalyptus diversicolor",0.618478875411184,"train","Frankland"
"130",3,"small Eucalyptus diversicolor",0.603221546519886,"train","Frankland"
"131",3,"small Eucalyptus guilfoylei",0.655617796344522,"train","Frankland"
"132",3,"small Non-euc",0.774820963541667,"train","Frankland"
"133",4,"large Eucalyptus diversicolor",0.649208470394737,"train","Frankland"
"134",4,"small Eucalyptus diversicolor",0.617944890802557,"train","Frankland"
"135",4,"small Eucalyptus guilfoylei",0.657757040895062,"train","Frankland"
"136",4,"small Non-euc",0.788509114583333,"train","Frankland"
"137",5,"large Eucalyptus diversicolor",0.639192280016447,"train","Frankland"
"138",5,"small Eucalyptus diversicolor",0.630842729048295,"train","Frankland"
"139",5,"small Eucalyptus guilfoylei",0.662961606626157,"train","Frankland"
"140",5,"small Non-euc",0.719258626302083,"train","Frankland"
"141",6,"large Eucalyptus diversicolor",0.602885999177632,"train","Frankland"
"142",6,"small Eucalyptus diversicolor",0.570659290660511,"train","Frankland"
"143",6,"small Eucalyptus guilfoylei",0.662886254581404,"train","Frankland"
"144",6,"small Non-euc",0.70467529296875,"train","Frankland"
"145",7,"large Eucalyptus diversicolor",0.629513389185855,"train","Frankland"
"146",7,"small Eucalyptus diversicolor",0.631092418323864,"train","Frankland"
"147",7,"small Eucalyptus guilfoylei",0.658701202015818,"train","Frankland"
"148",7,"small Non-euc",0.656131998697917,"train","Frankland"
"149",8,"large Eucalyptus diversicolor",0.684085243626645,"train","Frankland"
"150",8,"small Eucalyptus diversicolor",0.620294744318182,"train","Frankland"
"151",8,"small Eucalyptus guilfoylei",0.667363673080633,"train","Frankland"
"152",8,"small Non-euc",0.696036783854167,"train","Frankland"
"153",9,"large Eucalyptus diversicolor",0.679118909333882,"train","Frankland"
"154",9,"small Eucalyptus diversicolor",0.622966419566761,"train","Frankland"
"155",9,"small Eucalyptus guilfoylei",0.676064573688272,"train","Frankland"
"156",9,"small Non-euc",0.729451497395833,"train","Frankland"
"157",10,"large Eucalyptus diversicolor",0.643297697368421,"train","Frankland"
"158",10,"small Eucalyptus diversicolor",0.610911976207386,"train","Frankland"
"159",10,"small Eucalyptus guilfoylei",0.673012062355324,"train","Frankland"
"160",10,"small Non-euc",0.664762369791667,"train","Frankland"
"161",11,"large Eucalyptus diversicolor",0.663827996504934,"train","Frankland"
"162",11,"small Eucalyptus diversicolor",0.616022283380682,"train","Frankland"
"163",11,"small Eucalyptus guilfoylei",0.65411376953125,"train","Frankland"
"164",11,"small Non-euc",0.785795084635417,"train","Frankland"
"165",12,"large Eucalyptus diversicolor",0.641039396587171,"train","Frankland"
"166",12,"small Eucalyptus diversicolor",0.668193470348011,"train","Frankland"
"167",12,"small Eucalyptus guilfoylei",0.655098620756173,"train","Frankland"
"168",12,"small Non-euc",0.693489583333333,"train","Frankland"
"169",13,"large Eucalyptus diversicolor",0.656690095600329,"train","Frankland"
"170",13,"small Eucalyptus diversicolor",0.570220947265625,"train","Frankland"
"171",13,"small Eucalyptus guilfoylei",0.687298056520062,"train","Frankland"
"172",13,"small Non-euc",0.70501708984375,"train","Frankland"
"173",14,"large Eucalyptus diversicolor",0.672963995682566,"train","Frankland"
"174",14,"small Eucalyptus diversicolor",0.59004072709517,"train","Frankland"
"175",14,"small Eucalyptus guilfoylei",0.666194209346065,"train","Frankland"
"176",14,"small Non-euc",0.77132568359375,"train","Frankland"
"177",15,"large Eucalyptus diversicolor",0.647505910773026,"train","Frankland"
"178",15,"small Eucalyptus diversicolor",0.602206143465909,"train","Frankland"
"179",15,"small Eucalyptus guilfoylei",0.680374710648148,"train","Frankland"
"180",15,"small Non-euc",0.742110188802083,"train","Frankland"
"181",16,"large Eucalyptus diversicolor",0.734198319284539,"train","Frankland"
"182",16,"small Eucalyptus diversicolor",0.605965354225852,"train","Frankland"
"183",16,"small Eucalyptus guilfoylei",0.670609839168596,"train","Frankland"
"184",16,"small Non-euc",0.678120930989583,"train","Frankland"
"185",17,"large Eucalyptus diversicolor",0.654515316611842,"train","Frankland"
"186",17,"small Eucalyptus diversicolor",0.625832297585227,"train","Frankland"
"187",17,"small Eucalyptus guilfoylei",0.656124162085262,"train","Frankland"
"188",17,"small Non-euc",0.750663248697917,"train","Frankland"
"189",18,"large Eucalyptus diversicolor",0.700111790707237,"train","Frankland"
"190",18,"small Eucalyptus diversicolor",0.614865389737216,"train","Frankland"
"191",18,"small Eucalyptus guilfoylei",0.685613184799383,"train","Frankland"
"192",18,"small Non-euc",0.73193359375,"train","Frankland"
"193",19,"large Eucalyptus diversicolor",0.63958740234375,"train","Frankland"
"194",19,"small Eucalyptus diversicolor",0.607710404829545,"train","Frankland"
"195",19,"small Eucalyptus guilfoylei",0.67558910228588,"train","Frankland"
"196",19,"small Non-euc",0.647224934895833,"train","Frankland"
"197",20,"large Eucalyptus diversicolor",0.553428248355263,"train","Frankland"
"198",20,"small Eucalyptus diversicolor",0.589718905362216,"train","Frankland"
"199",20,"small Eucalyptus guilfoylei",0.665060161072531,"train","Frankland"
"200",20,"small Non-euc",0.8121826171875,"train","Frankland"
"201",1,"large Eucalyptus diversicolor",0.533563232421875,"test","Frankland"
"202",1,"small Eucalyptus diversicolor",0.873455810546875,"test","Frankland"
"203",1,"small Eucalyptus guilfoylei",0.676123046875,"test","Frankland"
"204",1,"small Non-euc",0.56170654296875,"test","Frankland"
"205",2,"large Eucalyptus diversicolor",0.527484130859375,"test","Frankland"
"206",2,"small Eucalyptus diversicolor",0.772955322265625,"test","Frankland"
"207",2,"small Eucalyptus guilfoylei",0.69139404296875,"test","Frankland"
"208",2,"small Non-euc",0.831793212890625,"test","Frankland"
"209",3,"large Eucalyptus diversicolor",0.575494384765625,"test","Frankland"
"210",3,"small Eucalyptus diversicolor",0.7006103515625,"test","Frankland"
"211",3,"small Eucalyptus guilfoylei",0.792578125,"test","Frankland"
"212",3,"small Non-euc",0.617547607421875,"test","Frankland"
"213",4,"large Eucalyptus diversicolor",0.6330078125,"test","Frankland"
"214",4,"small Eucalyptus diversicolor",0.811492919921875,"test","Frankland"
"215",4,"small Eucalyptus guilfoylei",0.78624267578125,"test","Frankland"
"216",4,"small Non-euc",0.633197021484375,"test","Frankland"
"217",5,"large Eucalyptus diversicolor",0.5742919921875,"test","Frankland"
"218",5,"small Eucalyptus diversicolor",0.798583984375,"test","Frankland"
"219",5,"small Eucalyptus guilfoylei",0.67564697265625,"test","Frankland"
"220",5,"small Non-euc",0.684942626953125,"test","Frankland"
"221",6,"large Eucalyptus diversicolor",0.685552978515625,"test","Frankland"
"222",6,"small Eucalyptus diversicolor",0.793292236328125,"test","Frankland"
"223",6,"small Eucalyptus guilfoylei",0.703668212890625,"test","Frankland"
"224",6,"small Non-euc",0.77667236328125,"test","Frankland"
"225",7,"large Eucalyptus diversicolor",0.6280517578125,"test","Frankland"
"226",7,"small Eucalyptus diversicolor",0.780267333984375,"test","Frankland"
"227",7,"small Eucalyptus guilfoylei",0.66036376953125,"test","Frankland"
"228",7,"small Non-euc",0.74344482421875,"test","Frankland"
"229",8,"large Eucalyptus diversicolor",0.6120849609375,"test","Frankland"
"230",8,"small Eucalyptus diversicolor",0.767633056640625,"test","Frankland"
"231",8,"small Eucalyptus guilfoylei",0.682159423828125,"test","Frankland"
"232",8,"small Non-euc",0.729071044921875,"test","Frankland"
"233",9,"large Eucalyptus diversicolor",0.5982421875,"test","Frankland"
"234",9,"small Eucalyptus diversicolor",0.758209228515625,"test","Frankland"
"235",9,"small Eucalyptus guilfoylei",0.6019775390625,"test","Frankland"
"236",9,"small Non-euc",0.743695068359375,"test","Frankland"
"237",10,"large Eucalyptus diversicolor",0.62156982421875,"test","Frankland"
"238",10,"small Eucalyptus diversicolor",0.802056884765625,"test","Frankland"
"239",10,"small Eucalyptus guilfoylei",0.60743408203125,"test","Frankland"
"240",10,"small Non-euc",0.66019287109375,"test","Frankland"
"241",11,"large Eucalyptus diversicolor",0.63963623046875,"test","Frankland"
"242",11,"small Eucalyptus diversicolor",0.873797607421875,"test","Frankland"
"243",11,"small Eucalyptus guilfoylei",0.7736083984375,"test","Frankland"
"244",11,"small Non-euc",0.631463623046875,"test","Frankland"
"245",12,"large Eucalyptus diversicolor",0.706695556640625,"test","Frankland"
"246",12,"small Eucalyptus diversicolor",0.75694580078125,"test","Frankland"
"247",12,"small Eucalyptus guilfoylei",0.781011962890625,"test","Frankland"
"248",12,"small Non-euc",0.661773681640625,"test","Frankland"
"249",13,"large Eucalyptus diversicolor",0.618994140625,"test","Frankland"
"250",13,"small Eucalyptus diversicolor",0.736431884765625,"test","Frankland"
"251",13,"small Eucalyptus guilfoylei",0.55313720703125,"test","Frankland"
"252",13,"small Non-euc",0.560302734375,"test","Frankland"
"253",14,"large Eucalyptus diversicolor",0.64022216796875,"test","Frankland"
"254",14,"small Eucalyptus diversicolor",0.765667724609375,"test","Frankland"
"255",14,"small Eucalyptus guilfoylei",0.69521484375,"test","Frankland"
"256",14,"small Non-euc",0.701263427734375,"test","Frankland"
"257",15,"large Eucalyptus diversicolor",0.66455078125,"test","Frankland"
"258",15,"small Eucalyptus diversicolor",0.792120361328125,"test","Frankland"
"259",15,"small Eucalyptus guilfoylei",0.547955322265625,"test","Frankland"
"260",15,"small Non-euc",0.69615478515625,"test","Frankland"
"261",16,"large Eucalyptus diversicolor",0.538623046875,"test","Frankland"
"262",16,"small Eucalyptus diversicolor",0.84527587890625,"test","Frankland"
"263",16,"small Eucalyptus guilfoylei",0.648309326171875,"test","Frankland"
"264",16,"small Non-euc",0.85162353515625,"test","Frankland"
"265",17,"large Eucalyptus diversicolor",0.64730224609375,"test","Frankland"
"266",17,"small Eucalyptus diversicolor",0.84935302734375,"test","Frankland"
"267",17,"small Eucalyptus guilfoylei",0.7701904296875,"test","Frankland"
"268",17,"small Non-euc",0.719537353515625,"test","Frankland"
"269",18,"large Eucalyptus diversicolor",0.573724365234375,"test","Frankland"
"270",18,"small Eucalyptus diversicolor",0.7759765625,"test","Frankland"
"271",18,"small Eucalyptus guilfoylei",0.540667724609375,"test","Frankland"
"272",18,"small Non-euc",0.7777587890625,"test","Frankland"
"273",19,"large Eucalyptus diversicolor",0.595245361328125,"test","Frankland"
"274",19,"small Eucalyptus diversicolor",0.764520263671875,"test","Frankland"
"275",19,"small Eucalyptus guilfoylei",0.621026611328125,"test","Frankland"
"276",19,"small Non-euc",0.5852294921875,"test","Frankland"
"277",20,"large Eucalyptus diversicolor",0.717596435546875,"test","Frankland"
"278",20,"small Eucalyptus diversicolor",0.75521240234375,"test","Frankland"
"279",20,"small Eucalyptus guilfoylei",0.693255615234375,"test","Frankland"
"280",20,"small Non-euc",0.60533447265625,"test","Frankland"
"281",1,"large Eucalyptus jacksonii",0.542223249162946,"train","Clare"
"282",1,"large Non-euc",0.469079153878348,"train","Clare"
"283",1,"small Non-euc",0.590890066964286,"train","Clare"
"284",2,"large Eucalyptus jacksonii",0.556174142020089,"train","Clare"
"285",2,"large Non-euc",0.564525059291295,"train","Clare"
"286",2,"small Non-euc",0.633688790457589,"train","Clare"
"287",3,"large Eucalyptus jacksonii",0.548108782087054,"train","Clare"
"288",3,"large Non-euc",0.559860229492188,"train","Clare"
"289",3,"small Non-euc",0.650264195033482,"train","Clare"
"290",4,"large Eucalyptus jacksonii",0.567735944475446,"train","Clare"
"291",4,"large Non-euc",0.522351946149554,"train","Clare"
"292",4,"small Non-euc",0.681967599051339,"train","Clare"
"293",5,"large Eucalyptus jacksonii",0.570042201450893,"train","Clare"
"294",5,"large Non-euc",0.513327462332589,"train","Clare"
"295",5,"small Non-euc",0.724108014787946,"train","Clare"
"296",6,"large Eucalyptus jacksonii",0.512791224888393,"train","Clare"
"297",6,"large Non-euc",0.613732474190848,"train","Clare"
"298",6,"small Non-euc",0.527622767857143,"train","Clare"
"299",7,"large Eucalyptus jacksonii",0.575971330915179,"train","Clare"
"300",7,"large Non-euc",0.578569684709821,"train","Clare"
"301",7,"small Non-euc",0.75042724609375,"train","Clare"
"302",8,"large Eucalyptus jacksonii",0.563829694475446,"train","Clare"
"303",8,"large Non-euc",0.473547799246652,"train","Clare"
"304",8,"small Non-euc",0.762730189732143,"train","Clare"
"305",9,"large Eucalyptus jacksonii",0.512804303850446,"train","Clare"
"306",9,"large Non-euc",0.541135515485491,"train","Clare"
"307",9,"small Non-euc",0.675589425223214,"train","Clare"
"308",10,"large Eucalyptus jacksonii",0.569392613002232,"train","Clare"
"309",10,"large Non-euc",0.543352399553571,"train","Clare"
"310",10,"small Non-euc",0.800816127232143,"train","Clare"
"311",11,"large Eucalyptus jacksonii",0.601453508649554,"train","Clare"
"312",11,"large Non-euc",0.582301548549107,"train","Clare"
"313",11,"small Non-euc",0.618552071707589,"train","Clare"
"314",12,"large Eucalyptus jacksonii",0.522203717912946,"train","Clare"
"315",12,"large Non-euc",0.518689836774554,"train","Clare"
"316",12,"small Non-euc",0.703983851841518,"train","Clare"
"317",13,"large Eucalyptus jacksonii",0.636452811104911,"train","Clare"
"318",13,"large Non-euc",0.591116768973214,"train","Clare"
"319",13,"small Non-euc",0.581403459821429,"train","Clare"
"320",14,"large Eucalyptus jacksonii",0.620378766741071,"train","Clare"
"321",14,"large Non-euc",0.575526646205357,"train","Clare"
"322",14,"small Non-euc",0.690643310546875,"train","Clare"
"323",15,"large Eucalyptus jacksonii",0.569122314453125,"train","Clare"
"324",15,"large Non-euc",0.553183419363839,"train","Clare"
"325",15,"small Non-euc",0.677403041294643,"train","Clare"
"326",16,"large Eucalyptus jacksonii",0.506923130580357,"train","Clare"
"327",16,"large Non-euc",0.577540806361607,"train","Clare"
"328",16,"small Non-euc",0.715502057756696,"train","Clare"
"329",17,"large Eucalyptus jacksonii",0.607164655412946,"train","Clare"
"330",17,"large Non-euc",0.609242030552455,"train","Clare"
"331",17,"small Non-euc",0.580531529017857,"train","Clare"
"332",18,"large Eucalyptus jacksonii",0.62060546875,"train","Clare"
"333",18,"large Non-euc",0.568677629743304,"train","Clare"
"334",18,"small Non-euc",0.632380894252232,"train","Clare"
"335",19,"large Eucalyptus jacksonii",0.605146135602679,"train","Clare"
"336",19,"large Non-euc",0.486386980329241,"train","Clare"
"337",19,"small Non-euc",0.568198067801339,"train","Clare"
"338",20,"large Eucalyptus jacksonii",0.535108293805804,"train","Clare"
"339",20,"large Non-euc",0.593231201171875,"train","Clare"
"340",20,"small Non-euc",0.707811628069196,"train","Clare"
"341",1,"large Eucalyptus jacksonii",0.634173583984375,"test","Clare"
"342",1,"large Non-euc",0.399749755859375,"test","Clare"
"343",1,"small Non-euc",0.459075927734375,"test","Clare"
"344",2,"large Eucalyptus jacksonii",0.6868408203125,"test","Clare"
"345",2,"large Non-euc",0.545220947265625,"test","Clare"
"346",2,"small Non-euc",0.459881591796875,"test","Clare"
"347",3,"large Eucalyptus jacksonii",0.617559814453125,"test","Clare"
"348",3,"large Non-euc",0.49044189453125,"test","Clare"
"349",3,"small Non-euc",0.544927978515625,"test","Clare"
"350",4,"large Eucalyptus jacksonii",0.5530517578125,"test","Clare"
"351",4,"large Non-euc",0.46380615234375,"test","Clare"
"352",4,"small Non-euc",0.413690185546875,"test","Clare"
"353",5,"large Eucalyptus jacksonii",0.633203125,"test","Clare"
"354",5,"large Non-euc",0.607879638671875,"test","Clare"
"355",5,"small Non-euc",0.5537353515625,"test","Clare"
"356",6,"large Eucalyptus jacksonii",0.57310791015625,"test","Clare"
"357",6,"large Non-euc",0.38062744140625,"test","Clare"
"358",6,"small Non-euc",0.673211669921875,"test","Clare"
"359",7,"large Eucalyptus jacksonii",0.606695556640625,"test","Clare"
"360",7,"large Non-euc",0.464691162109375,"test","Clare"
"361",7,"small Non-euc",0.551263427734375,"test","Clare"
"362",8,"large Eucalyptus jacksonii",0.607012939453125,"test","Clare"
"363",8,"large Non-euc",0.648675537109375,"test","Clare"
"364",8,"small Non-euc",0.622576904296875,"test","Clare"
"365",9,"large Eucalyptus jacksonii",0.719976806640625,"test","Clare"
"366",9,"large Non-euc",0.5565185546875,"test","Clare"
"367",9,"small Non-euc",0.614251708984375,"test","Clare"
"368",10,"large Eucalyptus jacksonii",0.632781982421875,"test","Clare"
"369",10,"large Non-euc",0.613543701171875,"test","Clare"
"370",10,"small Non-euc",0.4618896484375,"test","Clare"
"371",11,"large Eucalyptus jacksonii",0.63099365234375,"test","Clare"
"372",11,"large Non-euc",0.52674560546875,"test","Clare"
"373",11,"small Non-euc",0.471337890625,"test","Clare"
"374",12,"large Eucalyptus jacksonii",0.644677734375,"test","Clare"
"375",12,"large Non-euc",0.64786376953125,"test","Clare"
"376",12,"small Non-euc",0.67386474609375,"test","Clare"
"377",13,"large Eucalyptus jacksonii",0.577935791015625,"test","Clare"
"378",13,"large Non-euc",0.409271240234375,"test","Clare"
"379",13,"small Non-euc",0.46094970703125,"test","Clare"
"380",14,"large Eucalyptus jacksonii",0.62218017578125,"test","Clare"
"381",14,"large Non-euc",0.4197509765625,"test","Clare"
"382",14,"small Non-euc",0.64949951171875,"test","Clare"
"383",15,"large Eucalyptus jacksonii",0.70545654296875,"test","Clare"
"384",15,"large Non-euc",0.603204345703125,"test","Clare"
"385",15,"small Non-euc",0.553955078125,"test","Clare"
"386",16,"large Eucalyptus jacksonii",0.66680908203125,"test","Clare"
"387",16,"large Non-euc",0.39964599609375,"test","Clare"
"388",16,"small Non-euc",0.664971923828125,"test","Clare"
"389",17,"large Eucalyptus jacksonii",0.50950927734375,"test","Clare"
"390",17,"large Non-euc",0.41982421875,"test","Clare"
"391",17,"small Non-euc",0.534130859375,"test","Clare"
"392",18,"large Eucalyptus jacksonii",0.59444580078125,"test","Clare"
"393",18,"large Non-euc",0.4823974609375,"test","Clare"
"394",18,"small Non-euc",0.670843505859375,"test","Clare"
"395",19,"large Eucalyptus jacksonii",0.6036376953125,"test","Clare"
"396",19,"large Non-euc",0.403271484375,"test","Clare"
"397",19,"small Non-euc",0.393072509765625,"test","Clare"
"398",20,"large Eucalyptus jacksonii",0.58194580078125,"test","Clare"
"399",20,"large Non-euc",0.5197265625,"test","Clare"
"400",20,"small Non-euc",0.504803466796875,"test","Clare"
"401",1,"large Eucalyptus diversicolor",0.507835036057692,"train","Sutton"
"402",1,"small Corymbia calophylla",0.743717134915865,"train","Sutton"
"403",1,"small Eucalyptus diversicolor",0.603639573317308,"train","Sutton"
"404",1,"small Non-euc",0.810988482306985,"train","Sutton"
"405",2,"large Eucalyptus diversicolor",0.51875,"train","Sutton"
"406",2,"small Corymbia calophylla",0.762546950120192,"train","Sutton"
"407",2,"small Eucalyptus diversicolor",0.629371056189904,"train","Sutton"
"408",2,"small Non-euc",0.7691650390625,"train","Sutton"
"409",3,"large Eucalyptus diversicolor",0.526268592247596,"train","Sutton"
"410",3,"small Corymbia calophylla",0.753325946514423,"train","Sutton"
"411",3,"small Eucalyptus diversicolor",0.632574932391827,"train","Sutton"
"412",3,"small Non-euc",0.776119456571691,"train","Sutton"
"413",4,"large Eucalyptus diversicolor",0.498684457632212,"train","Sutton"
"414",4,"small Corymbia calophylla",0.729400165264423,"train","Sutton"
"415",4,"small Eucalyptus diversicolor",0.621142578125,"train","Sutton"
"416",4,"small Non-euc",0.707494399126838,"train","Sutton"
"417",5,"large Eucalyptus diversicolor",0.480454664963942,"train","Sutton"
"418",5,"small Corymbia calophylla",0.738454026442308,"train","Sutton"
"419",5,"small Eucalyptus diversicolor",0.622765174278846,"train","Sutton"
"420",5,"small Non-euc",0.733262005974265,"train","Sutton"
"421",6,"large Eucalyptus diversicolor",0.510447340745192,"train","Sutton"
"422",6,"small Corymbia calophylla",0.731459397536058,"train","Sutton"
"423",6,"small Eucalyptus diversicolor",0.622382061298077,"train","Sutton"
"424",6,"small Non-euc",0.775185977711397,"train","Sutton"
"425",7,"large Eucalyptus diversicolor",0.498966158353365,"train","Sutton"
"426",7,"small Corymbia calophylla",0.765101975661058,"train","Sutton"
"427",7,"small Eucalyptus diversicolor",0.626323993389423,"train","Sutton"
"428",7,"small Non-euc",0.819389792049632,"train","Sutton"
"429",8,"large Eucalyptus diversicolor",0.534836989182692,"train","Sutton"
"430",8,"small Corymbia calophylla",0.740170522836539,"train","Sutton"
"431",8,"small Eucalyptus diversicolor",0.624895770733173,"train","Sutton"
"432",8,"small Non-euc",0.827055089613971,"train","Sutton"
"433",9,"large Eucalyptus diversicolor",0.503663048377404,"train","Sutton"
"434",9,"small Corymbia calophylla",0.733589054987981,"train","Sutton"
"435",9,"small Eucalyptus diversicolor",0.618284254807692,"train","Sutton"
"436",9,"small Non-euc",0.762271656709559,"train","Sutton"
"437",10,"large Eucalyptus diversicolor",0.511676494891827,"train","Sutton"
"438",10,"small Corymbia calophylla",0.76357421875,"train","Sutton"
"439",10,"small Eucalyptus diversicolor",0.605500676081731,"train","Sutton"
"440",10,"small Non-euc",0.704489315257353,"train","Sutton"
"441",11,"large Eucalyptus diversicolor",0.518117112379808,"train","Sutton"
"442",11,"small Corymbia calophylla",0.738294396033654,"train","Sutton"
"443",11,"small Eucalyptus diversicolor",0.605842472956731,"train","Sutton"
"444",11,"small Non-euc",0.749601476332721,"train","Sutton"
"445",12,"large Eucalyptus diversicolor",0.500033804086538,"train","Sutton"
"446",12,"small Corymbia calophylla",0.722789588341346,"train","Sutton"
"447",12,"small Eucalyptus diversicolor",0.623407451923077,"train","Sutton"
"448",12,"small Non-euc",0.764458151424632,"train","Sutton"
"449",13,"large Eucalyptus diversicolor",0.52469482421875,"train","Sutton"
"450",13,"small Corymbia calophylla",0.7282470703125,"train","Sutton"
"451",13,"small Eucalyptus diversicolor",0.626259202223558,"train","Sutton"
"452",13,"small Non-euc",0.729366526884191,"train","Sutton"
"453",14,"large Eucalyptus diversicolor",0.518625112680288,"train","Sutton"
"454",14,"small Corymbia calophylla",0.738365760216346,"train","Sutton"
"455",14,"small Eucalyptus diversicolor",0.638731971153846,"train","Sutton"
"456",14,"small Non-euc",0.746955422794118,"train","Sutton"
"457",15,"large Eucalyptus diversicolor",0.514497258112981,"train","Sutton"
"458",15,"small Corymbia calophylla",0.753952261117788,"train","Sutton"
"459",15,"small Eucalyptus diversicolor",0.613920710637019,"train","Sutton"
"460",15,"small Non-euc",0.846044203814338,"train","Sutton"
"461",16,"large Eucalyptus diversicolor",0.527137169471154,"train","Sutton"
"462",16,"small Corymbia calophylla",0.723948317307692,"train","Sutton"
"463",16,"small Eucalyptus diversicolor",0.619884314903846,"train","Sutton"
"464",16,"small Non-euc",0.757895076976103,"train","Sutton"
"465",17,"large Eucalyptus diversicolor",0.518738731971154,"train","Sutton"
"466",17,"small Corymbia calophylla",0.755049015925481,"train","Sutton"
"467",17,"small Eucalyptus diversicolor",0.627095853365385,"train","Sutton"
"468",17,"small Non-euc",0.755543428308823,"train","Sutton"
"469",18,"large Eucalyptus diversicolor",0.513804274338942,"train","Sutton"
"470",18,"small Corymbia calophylla",0.769047663762019,"train","Sutton"
"471",18,"small Eucalyptus diversicolor",0.599911733774039,"train","Sutton"
"472",18,"small Non-euc",0.805003446691177,"train","Sutton"
"473",19,"large Eucalyptus diversicolor",0.513612717848558,"train","Sutton"
"474",19,"small Corymbia calophylla",0.737030498798077,"train","Sutton"
"475",19,"small Eucalyptus diversicolor",0.610744065504808,"train","Sutton"
"476",19,"small Non-euc",0.809491325827206,"train","Sutton"
"477",20,"large Eucalyptus diversicolor",0.520612041766827,"train","Sutton"
"478",20,"small Corymbia calophylla",0.729633976862981,"train","Sutton"
"479",20,"small Eucalyptus diversicolor",0.617179048978365,"train","Sutton"
"480",20,"small Non-euc",0.797991584329044,"train","Sutton"
"481",1,"large Eucalyptus diversicolor",0.514154052734375,"test","Sutton"
"482",1,"small Corymbia calophylla",0.775872802734375,"test","Sutton"
"483",1,"small Eucalyptus diversicolor",0.662811279296875,"test","Sutton"
"484",1,"small Non-euc",0.68408203125,"test","Sutton"
"485",2,"large Eucalyptus diversicolor",0.480462646484375,"test","Sutton"
"486",2,"small Corymbia calophylla",0.835235595703125,"test","Sutton"
"487",2,"small Eucalyptus diversicolor",0.44761962890625,"test","Sutton"
"488",2,"small Non-euc",0.841778564453125,"test","Sutton"
"489",3,"large Eucalyptus diversicolor",0.481732177734375,"test","Sutton"
"490",3,"small Corymbia calophylla",0.910516357421875,"test","Sutton"
"491",3,"small Eucalyptus diversicolor",0.51123046875,"test","Sutton"
"492",3,"small Non-euc",0.821527099609375,"test","Sutton"
"493",4,"large Eucalyptus diversicolor",0.492626953125,"test","Sutton"
"494",4,"small Corymbia calophylla",0.829046630859375,"test","Sutton"
"495",4,"small Eucalyptus diversicolor",0.5444091796875,"test","Sutton"
"496",4,"small Non-euc",0.886962890625,"test","Sutton"
"497",5,"large Eucalyptus diversicolor",0.68035888671875,"test","Sutton"
"498",5,"small Corymbia calophylla",0.909039306640625,"test","Sutton"
"499",5,"small Eucalyptus diversicolor",0.56151123046875,"test","Sutton"
"500",5,"small Non-euc",0.880560302734375,"test","Sutton"
"501",6,"large Eucalyptus diversicolor",0.581549072265625,"test","Sutton"
"502",6,"small Corymbia calophylla",0.74095458984375,"test","Sutton"
"503",6,"small Eucalyptus diversicolor",0.52637939453125,"test","Sutton"
"504",6,"small Non-euc",0.863787841796875,"test","Sutton"
"505",7,"large Eucalyptus diversicolor",0.66160888671875,"test","Sutton"
"506",7,"small Corymbia calophylla",0.835711669921875,"test","Sutton"
"507",7,"small Eucalyptus diversicolor",0.528265380859375,"test","Sutton"
"508",7,"small Non-euc",0.623046875,"test","Sutton"
"509",8,"large Eucalyptus diversicolor",0.384332275390625,"test","Sutton"
"510",8,"small Corymbia calophylla",0.87099609375,"test","Sutton"
"511",8,"small Eucalyptus diversicolor",0.583612060546875,"test","Sutton"
"512",8,"small Non-euc",0.7697509765625,"test","Sutton"
"513",9,"large Eucalyptus diversicolor",0.587237548828125,"test","Sutton"
"514",9,"small Corymbia calophylla",0.895086669921875,"test","Sutton"
"515",9,"small Eucalyptus diversicolor",0.60732421875,"test","Sutton"
"516",9,"small Non-euc",0.790826416015625,"test","Sutton"
"517",10,"large Eucalyptus diversicolor",0.470294189453125,"test","Sutton"
"518",10,"small Corymbia calophylla",0.9224609375,"test","Sutton"
"519",10,"small Eucalyptus diversicolor",0.6817138671875,"test","Sutton"
"520",10,"small Non-euc",0.939874267578125,"test","Sutton"
"521",11,"large Eucalyptus diversicolor",0.400958251953125,"test","Sutton"
"522",11,"small Corymbia calophylla",0.820782470703125,"test","Sutton"
"523",11,"small Eucalyptus diversicolor",0.662353515625,"test","Sutton"
"524",11,"small Non-euc",0.762628173828125,"test","Sutton"
"525",12,"large Eucalyptus diversicolor",0.64239501953125,"test","Sutton"
"526",12,"small Corymbia calophylla",0.8694091796875,"test","Sutton"
"527",12,"small Eucalyptus diversicolor",0.5003662109375,"test","Sutton"
"528",12,"small Non-euc",0.87015380859375,"test","Sutton"
"529",13,"large Eucalyptus diversicolor",0.441943359375,"test","Sutton"
"530",13,"small Corymbia calophylla",0.918487548828125,"test","Sutton"
"531",13,"small Eucalyptus diversicolor",0.52391357421875,"test","Sutton"
"532",13,"small Non-euc",0.933984375,"test","Sutton"
"533",14,"large Eucalyptus diversicolor",0.54725341796875,"test","Sutton"
"534",14,"small Corymbia calophylla",0.947613525390625,"test","Sutton"
"535",14,"small Eucalyptus diversicolor",0.506170654296875,"test","Sutton"
"536",14,"small Non-euc",0.906317138671875,"test","Sutton"
"537",15,"large Eucalyptus diversicolor",0.521337890625,"test","Sutton"
"538",15,"small Corymbia calophylla",0.89678955078125,"test","Sutton"
"539",15,"small Eucalyptus diversicolor",0.643975830078125,"test","Sutton"
"540",15,"small Non-euc",0.6511474609375,"test","Sutton"
"541",16,"large Eucalyptus diversicolor",0.400653076171875,"test","Sutton"
"542",16,"small Corymbia calophylla",0.923931884765625,"test","Sutton"
"543",16,"small Eucalyptus diversicolor",0.577154541015625,"test","Sutton"
"544",16,"small Non-euc",0.85184326171875,"test","Sutton"
"545",17,"large Eucalyptus diversicolor",0.5438232421875,"test","Sutton"
"546",17,"small Corymbia calophylla",0.87340087890625,"test","Sutton"
"547",17,"small Eucalyptus diversicolor",0.49564208984375,"test","Sutton"
"548",17,"small Non-euc",0.89781494140625,"test","Sutton"
"549",18,"large Eucalyptus diversicolor",0.40277099609375,"test","Sutton"
"550",18,"small Corymbia calophylla",0.84085693359375,"test","Sutton"
"551",18,"small Eucalyptus diversicolor",0.66336669921875,"test","Sutton"
"552",18,"small Non-euc",0.749627685546875,"test","Sutton"
"553",19,"large Eucalyptus diversicolor",0.530023193359375,"test","Sutton"
"554",19,"small Corymbia calophylla",0.90699462890625,"test","Sutton"
"555",19,"small Eucalyptus diversicolor",0.6054443359375,"test","Sutton"
"556",19,"small Non-euc",0.792462158203125,"test","Sutton"
"557",20,"large Eucalyptus diversicolor",0.472308349609375,"test","Sutton"
"558",20,"small Corymbia calophylla",0.81712646484375,"test","Sutton"
"559",20,"small Eucalyptus diversicolor",0.576397705078125,"test","Sutton"
"560",20,"small Non-euc",0.832147216796875,"test","Sutton"
"561",1,"large Eucalyptus jacksonii",0.715112756799768,"train","Giants"
"562",1,"small Eucalyptus jacksonii",0.845800622717127,"train","Giants"
"563",1,"small Non-euc",0.623887062072754,"train","Giants"
"564",2,"large Eucalyptus jacksonii",0.712809244791667,"train","Giants"
"565",2,"small Eucalyptus jacksonii",0.84818257913961,"train","Giants"
"566",2,"small Non-euc",0.616486549377441,"train","Giants"
"567",3,"large Eucalyptus jacksonii",0.719527633101852,"train","Giants"
"568",3,"small Eucalyptus jacksonii",0.825359394023945,"train","Giants"
"569",3,"small Non-euc",0.634533882141113,"train","Giants"
"570",4,"large Eucalyptus jacksonii",0.742017957899306,"train","Giants"
"571",4,"small Eucalyptus jacksonii",0.844363522219968,"train","Giants"
"572",4,"small Non-euc",0.62382698059082,"train","Giants"
"573",5,"large Eucalyptus jacksonii",0.721173321759259,"train","Giants"
"574",5,"small Eucalyptus jacksonii",0.840734704748377,"train","Giants"
"575",5,"small Non-euc",0.620885848999023,"train","Giants"
"576",6,"large Eucalyptus jacksonii",0.734494809751157,"train","Giants"
"577",6,"small Eucalyptus jacksonii",0.835114714387175,"train","Giants"
"578",6,"small Non-euc",0.637728691101074,"train","Giants"
"579",7,"large Eucalyptus jacksonii",0.700797752097801,"train","Giants"
"580",7,"small Eucalyptus jacksonii",0.831865583147321,"train","Giants"
"581",7,"small Non-euc",0.630105018615723,"train","Giants"
"582",8,"large Eucalyptus jacksonii",0.713324652777778,"train","Giants"
"583",8,"small Eucalyptus jacksonii",0.830464152546672,"train","Giants"
"584",8,"small Non-euc",0.62937068939209,"train","Giants"
"585",9,"large Eucalyptus jacksonii",0.721513536241319,"train","Giants"
"586",9,"small Eucalyptus jacksonii",0.826666497564935,"train","Giants"
"587",9,"small Non-euc",0.622554779052734,"train","Giants"
"588",10,"large Eucalyptus jacksonii",0.714249222366898,"train","Giants"
"589",10,"small Eucalyptus jacksonii",0.825227811739042,"train","Giants"
"590",10,"small Non-euc",0.633413314819336,"train","Giants"
"591",11,"large Eucalyptus jacksonii",0.723187481915509,"train","Giants"
"592",11,"small Eucalyptus jacksonii",0.826219434862013,"train","Giants"
"593",11,"small Non-euc",0.621617317199707,"train","Giants"
"594",12,"large Eucalyptus jacksonii",0.722214310257523,"train","Giants"
"595",12,"small Eucalyptus jacksonii",0.836604923396916,"train","Giants"
"596",12,"small Non-euc",0.626828193664551,"train","Giants"
"597",13,"large Eucalyptus jacksonii",0.698893229166667,"train","Giants"
"598",13,"small Eucalyptus jacksonii",0.840859153053977,"train","Giants"
"599",13,"small Non-euc",0.635313034057617,"train","Giants"
"600",14,"large Eucalyptus jacksonii",0.733375831886574,"train","Giants"
"601",14,"small Eucalyptus jacksonii",0.824852881493506,"train","Giants"
"602",14,"small Non-euc",0.607126235961914,"train","Giants"
"603",15,"large Eucalyptus jacksonii",0.731242992259838,"train","Giants"
"604",15,"small Eucalyptus jacksonii",0.823843027090097,"train","Giants"
"605",15,"small Non-euc",0.636111259460449,"train","Giants"
"606",16,"large Eucalyptus jacksonii",0.736355251736111,"train","Giants"
"607",16,"small Eucalyptus jacksonii",0.832869096235795,"train","Giants"
"608",16,"small Non-euc",0.620996475219727,"train","Giants"
"609",17,"large Eucalyptus jacksonii",0.73465417932581,"train","Giants"
"610",17,"small Eucalyptus jacksonii",0.84051513671875,"train","Giants"
"611",17,"small Non-euc",0.635419845581055,"train","Giants"
"612",18,"large Eucalyptus jacksonii",0.715650770399306,"train","Giants"
"613",18,"small Eucalyptus jacksonii",0.839091511515828,"train","Giants"
"614",18,"small Non-euc",0.645925521850586,"train","Giants"
"615",19,"large Eucalyptus jacksonii",0.742507369429977,"train","Giants"
"616",19,"small Eucalyptus jacksonii",0.847805270900974,"train","Giants"
"617",19,"small Non-euc",0.638308525085449,"train","Giants"
"618",20,"large Eucalyptus jacksonii",0.731986716941551,"train","Giants"
"619",20,"small Eucalyptus jacksonii",0.840503246753247,"train","Giants"
"620",20,"small Non-euc",0.630783081054688,"train","Giants"
"621",1,"large Eucalyptus jacksonii",0.718145751953125,"test","Giants"
"622",1,"small Eucalyptus jacksonii",0.736676025390625,"test","Giants"
"623",1,"small Non-euc",0.67904052734375,"test","Giants"
"624",2,"large Eucalyptus jacksonii",0.78160400390625,"test","Giants"
"625",2,"small Eucalyptus jacksonii",0.689898681640625,"test","Giants"
"626",2,"small Non-euc",0.660748291015625,"test","Giants"
"627",3,"large Eucalyptus jacksonii",0.68623046875,"test","Giants"
"628",3,"small Eucalyptus jacksonii",0.89534912109375,"test","Giants"
"629",3,"small Non-euc",0.634375,"test","Giants"
"630",4,"large Eucalyptus jacksonii",0.625689697265625,"test","Giants"
"631",4,"small Eucalyptus jacksonii",0.785162353515625,"test","Giants"
"632",4,"small Non-euc",0.644195556640625,"test","Giants"
"633",5,"large Eucalyptus jacksonii",0.6986083984375,"test","Giants"
"634",5,"small Eucalyptus jacksonii",0.765435791015625,"test","Giants"
"635",5,"small Non-euc",0.564068603515625,"test","Giants"
"636",6,"large Eucalyptus jacksonii",0.622503662109375,"test","Giants"
"637",6,"small Eucalyptus jacksonii",0.820806884765625,"test","Giants"
"638",6,"small Non-euc",0.665557861328125,"test","Giants"
"639",7,"large Eucalyptus jacksonii",0.813397216796875,"test","Giants"
"640",7,"small Eucalyptus jacksonii",0.854888916015625,"test","Giants"
"641",7,"small Non-euc",0.682855224609375,"test","Giants"
"642",8,"large Eucalyptus jacksonii",0.745123291015625,"test","Giants"
"643",8,"small Eucalyptus jacksonii",0.881158447265625,"test","Giants"
"644",8,"small Non-euc",0.5650146484375,"test","Giants"
"645",9,"large Eucalyptus jacksonii",0.628387451171875,"test","Giants"
"646",9,"small Eucalyptus jacksonii",0.86473388671875,"test","Giants"
"647",9,"small Non-euc",0.716162109375,"test","Giants"
"648",10,"large Eucalyptus jacksonii",0.805084228515625,"test","Giants"
"649",10,"small Eucalyptus jacksonii",0.933123779296875,"test","Giants"
"650",10,"small Non-euc",0.59134521484375,"test","Giants"
"651",11,"large Eucalyptus jacksonii",0.735498046875,"test","Giants"
"652",11,"small Eucalyptus jacksonii",0.903533935546875,"test","Giants"
"653",11,"small Non-euc",0.66962890625,"test","Giants"
"654",12,"large Eucalyptus jacksonii",0.745208740234375,"test","Giants"
"655",12,"small Eucalyptus jacksonii",0.80882568359375,"test","Giants"
"656",12,"small Non-euc",0.564697265625,"test","Giants"
"657",13,"large Eucalyptus jacksonii",0.799798583984375,"test","Giants"
"658",13,"small Eucalyptus jacksonii",0.7854248046875,"test","Giants"
"659",13,"small Non-euc",0.652752685546875,"test","Giants"
"660",14,"large Eucalyptus jacksonii",0.6982177734375,"test","Giants"
"661",14,"small Eucalyptus jacksonii",0.927264404296875,"test","Giants"
"662",14,"small Non-euc",0.84342041015625,"test","Giants"
"663",15,"large Eucalyptus jacksonii",0.73172607421875,"test","Giants"
"664",15,"small Eucalyptus jacksonii",0.90252685546875,"test","Giants"
"665",15,"small Non-euc",0.6380859375,"test","Giants"
"666",16,"large Eucalyptus jacksonii",0.627508544921875,"test","Giants"
"667",16,"small Eucalyptus jacksonii",0.817926025390625,"test","Giants"
"668",16,"small Non-euc",0.813824462890625,"test","Giants"
"669",17,"large Eucalyptus jacksonii",0.6255615234375,"test","Giants"
"670",17,"small Eucalyptus jacksonii",0.82120361328125,"test","Giants"
"671",17,"small Non-euc",0.689764404296875,"test","Giants"
"672",18,"large Eucalyptus jacksonii",0.77701416015625,"test","Giants"
"673",18,"small Eucalyptus jacksonii",0.77130126953125,"test","Giants"
"674",18,"small Non-euc",0.6198974609375,"test","Giants"
"675",19,"large Eucalyptus jacksonii",0.608270263671875,"test","Giants"
"676",19,"small Eucalyptus jacksonii",0.7378173828125,"test","Giants"
"677",19,"small Non-euc",0.590374755859375,"test","Giants"
"678",20,"large Eucalyptus jacksonii",0.605084228515625,"test","Giants"
"679",20,"small Eucalyptus jacksonii",0.778350830078125,"test","Giants"
"680",20,"small Non-euc",0.5425537109375,"test","Giants"
"681",1,"large Eucalyptus diversicolor",0.538432820638021,"train","Warren"
"682",1,"small Eucalyptus diversicolor",0.732832688551683,"train","Warren"
"683",1,"small Non-euc",0.615330849924395,"train","Warren"
"684",2,"large Eucalyptus diversicolor",0.520713297526042,"train","Warren"
"685",2,"small Eucalyptus diversicolor",0.706061730018029,"train","Warren"
"686",2,"small Non-euc",0.613860099546371,"train","Warren"
"687",3,"large Eucalyptus diversicolor",0.547906494140625,"train","Warren"
"688",3,"small Eucalyptus diversicolor",0.666189340444712,"train","Warren"
"689",3,"small Non-euc",0.6199951171875,"train","Warren"
"690",4,"large Eucalyptus diversicolor",0.533061726888021,"train","Warren"
"691",4,"small Eucalyptus diversicolor",0.632514366736779,"train","Warren"
"692",4,"small Non-euc",0.625982469128024,"train","Warren"
"693",5,"large Eucalyptus diversicolor",0.551048787434896,"train","Warren"
"694",5,"small Eucalyptus diversicolor",0.675518329326923,"train","Warren"
"695",5,"small Non-euc",0.631369313886089,"train","Warren"
"696",6,"large Eucalyptus diversicolor",0.555272420247396,"train","Warren"
"697",6,"small Eucalyptus diversicolor",0.680419921875,"train","Warren"
"698",6,"small Non-euc",0.605681388608871,"train","Warren"
"699",7,"large Eucalyptus diversicolor",0.540534464518229,"train","Warren"
"700",7,"small Eucalyptus diversicolor",0.691845233623798,"train","Warren"
"701",7,"small Non-euc",0.668965001260081,"train","Warren"
"702",8,"large Eucalyptus diversicolor",0.532260131835937,"train","Warren"
"703",8,"small Eucalyptus diversicolor",0.672950157752404,"train","Warren"
"704",8,"small Non-euc",0.618498771421371,"train","Warren"
"705",9,"large Eucalyptus diversicolor",0.537409464518229,"train","Warren"
"706",9,"small Eucalyptus diversicolor",0.640657865084135,"train","Warren"
"707",9,"small Non-euc",0.621298513104839,"train","Warren"
"708",10,"large Eucalyptus diversicolor",0.552362060546875,"train","Warren"
"709",10,"small Eucalyptus diversicolor",0.706348125751202,"train","Warren"
"710",10,"small Non-euc",0.614218434979839,"train","Warren"
"711",11,"large Eucalyptus diversicolor",0.55450439453125,"train","Warren"
"712",11,"small Eucalyptus diversicolor",0.637124868539663,"train","Warren"
"713",11,"small Non-euc",0.598636750252016,"train","Warren"
"714",12,"large Eucalyptus diversicolor",0.538968912760417,"train","Warren"
"715",12,"small Eucalyptus diversicolor",0.692861703725962,"train","Warren"
"716",12,"small Non-euc",0.647982689642137,"train","Warren"
"717",13,"large Eucalyptus diversicolor",0.537307739257812,"train","Warren"
"718",13,"small Eucalyptus diversicolor",0.684300349308894,"train","Warren"
"719",13,"small Non-euc",0.673822218371976,"train","Warren"
"720",14,"large Eucalyptus diversicolor",0.521324666341146,"train","Warren"
"721",14,"small Eucalyptus diversicolor",0.62426992563101,"train","Warren"
"722",14,"small Non-euc",0.609030446698589,"train","Warren"
"723",15,"large Eucalyptus diversicolor",0.558380126953125,"train","Warren"
"724",15,"small Eucalyptus diversicolor",0.662024864783654,"train","Warren"
"725",15,"small Non-euc",0.623609973538306,"train","Warren"
"726",16,"large Eucalyptus diversicolor",0.544475301106771,"train","Warren"
"727",16,"small Eucalyptus diversicolor",0.679243821364183,"train","Warren"
"728",16,"small Non-euc",0.660378732988911,"train","Warren"
"729",17,"large Eucalyptus diversicolor",0.533433024088542,"train","Warren"
"730",17,"small Eucalyptus diversicolor",0.737095759465144,"train","Warren"
"731",17,"small Non-euc",0.65355460874496,"train","Warren"
"732",18,"large Eucalyptus diversicolor",0.550855509440104,"train","Warren"
"733",18,"small Eucalyptus diversicolor",0.6854248046875,"train","Warren"
"734",18,"small Non-euc",0.655862131426411,"train","Warren"
"735",19,"large Eucalyptus diversicolor",0.553927612304687,"train","Warren"
"736",19,"small Eucalyptus diversicolor",0.691086989182692,"train","Warren"
"737",19,"small Non-euc",0.595199092741935,"train","Warren"
"738",20,"large Eucalyptus diversicolor",0.529578653971354,"train","Warren"
"739",20,"small Eucalyptus diversicolor",0.658717228816106,"train","Warren"
"740",20,"small Non-euc",0.613866006174395,"train","Warren"
"741",1,"large Eucalyptus diversicolor",0.685302734375,"test","Warren"
"742",1,"small Eucalyptus diversicolor",0.531109619140625,"test","Warren"
"743",1,"small Non-euc",0.620098876953125,"test","Warren"
"744",2,"large Eucalyptus diversicolor",0.757940673828125,"test","Warren"
"745",2,"small Eucalyptus diversicolor",0.544873046875,"test","Warren"
"746",2,"small Non-euc",0.692108154296875,"test","Warren"
"747",3,"large Eucalyptus diversicolor",0.5786376953125,"test","Warren"
"748",3,"small Eucalyptus diversicolor",0.673028564453125,"test","Warren"
"749",3,"small Non-euc",0.733270263671875,"test","Warren"
"750",4,"large Eucalyptus diversicolor",0.64244384765625,"test","Warren"
"751",4,"small Eucalyptus diversicolor",0.79276123046875,"test","Warren"
"752",4,"small Non-euc",0.78201904296875,"test","Warren"
"753",5,"large Eucalyptus diversicolor",0.54124755859375,"test","Warren"
"754",5,"small Eucalyptus diversicolor",0.685406494140625,"test","Warren"
"755",5,"small Non-euc",0.77137451171875,"test","Warren"
"756",6,"large Eucalyptus diversicolor",0.558331298828125,"test","Warren"
"757",6,"small Eucalyptus diversicolor",0.628155517578125,"test","Warren"
"758",6,"small Non-euc",0.717449951171875,"test","Warren"
"759",7,"large Eucalyptus diversicolor",0.637109375,"test","Warren"
"760",7,"small Eucalyptus diversicolor",0.642791748046875,"test","Warren"
"761",7,"small Non-euc",0.50948486328125,"test","Warren"
"762",8,"large Eucalyptus diversicolor",0.55242919921875,"test","Warren"
"763",8,"small Eucalyptus diversicolor",0.62086181640625,"test","Warren"
"764",8,"small Non-euc",0.707757568359375,"test","Warren"
"765",9,"large Eucalyptus diversicolor",0.510223388671875,"test","Warren"
"766",9,"small Eucalyptus diversicolor",0.69805908203125,"test","Warren"
"767",9,"small Non-euc",0.81021728515625,"test","Warren"
"768",10,"large Eucalyptus diversicolor",0.588714599609375,"test","Warren"
"769",10,"small Eucalyptus diversicolor",0.601611328125,"test","Warren"
"770",10,"small Non-euc",0.62017822265625,"test","Warren"
"771",11,"large Eucalyptus diversicolor",0.490631103515625,"test","Warren"
"772",11,"small Eucalyptus diversicolor",0.759722900390625,"test","Warren"
"773",11,"small Non-euc",0.73734130859375,"test","Warren"
"774",12,"large Eucalyptus diversicolor",0.549114990234375,"test","Warren"
"775",12,"small Eucalyptus diversicolor",0.61890869140625,"test","Warren"
"776",12,"small Non-euc",0.533404541015625,"test","Warren"
"777",13,"large Eucalyptus diversicolor",0.64609375,"test","Warren"
"778",13,"small Eucalyptus diversicolor",0.644219970703125,"test","Warren"
"779",13,"small Non-euc",0.432366943359375,"test","Warren"
"780",14,"large Eucalyptus diversicolor",0.618438720703125,"test","Warren"
"781",14,"small Eucalyptus diversicolor",0.81796875,"test","Warren"
"782",14,"small Non-euc",0.78568115234375,"test","Warren"
"783",15,"large Eucalyptus diversicolor",0.453240966796875,"test","Warren"
"784",15,"small Eucalyptus diversicolor",0.568359375,"test","Warren"
"785",15,"small Non-euc",0.698822021484375,"test","Warren"
"786",16,"large Eucalyptus diversicolor",0.56458740234375,"test","Warren"
"787",16,"small Eucalyptus diversicolor",0.663787841796875,"test","Warren"
"788",16,"small Non-euc",0.57265625,"test","Warren"
"789",17,"large Eucalyptus diversicolor",0.751751708984375,"test","Warren"
"790",17,"small Eucalyptus diversicolor",0.45987548828125,"test","Warren"
"791",17,"small Non-euc",0.580181884765625,"test","Warren"
"792",18,"large Eucalyptus diversicolor",0.615380859375,"test","Warren"
"793",18,"small Eucalyptus diversicolor",0.5877685546875,"test","Warren"
"794",18,"small Non-euc",0.6305419921875,"test","Warren"
"795",19,"large Eucalyptus diversicolor",0.51630859375,"test","Warren"
"796",19,"small Eucalyptus diversicolor",0.633984375,"test","Warren"
"797",19,"small Non-euc",0.8570556640625,"test","Warren"
"798",20,"large Eucalyptus diversicolor",0.717181396484375,"test","Warren"
"799",20,"small Eucalyptus diversicolor",0.7095458984375,"test","Warren"
"800",20,"small Non-euc",0.734881591796875,"test","Warren"
"801",1,"large Eucalyptus diversicolor",0.604521833147321,"train","Dawson"
"802",1,"small Eucalyptus diversicolor",0.608640398297991,"train","Dawson"
"803",1,"small Non-euc",0.576251983642578,"train","Dawson"
"804",2,"large Eucalyptus diversicolor",0.588225446428571,"train","Dawson"
"805",2,"small Eucalyptus diversicolor",0.570770263671875,"train","Dawson"
"806",2,"small Non-euc",0.565766334533691,"train","Dawson"
"807",3,"large Eucalyptus diversicolor",0.592912946428571,"train","Dawson"
"808",3,"small Eucalyptus diversicolor",0.554445539202009,"train","Dawson"
"809",3,"small Non-euc",0.591419219970703,"train","Dawson"
"810",4,"large Eucalyptus diversicolor",0.602280970982143,"train","Dawson"
"811",4,"small Eucalyptus diversicolor",0.55841064453125,"train","Dawson"
"812",4,"small Non-euc",0.58332347869873,"train","Dawson"
"813",5,"large Eucalyptus diversicolor",0.544731794084821,"train","Dawson"
"814",5,"small Eucalyptus diversicolor",0.478417532784598,"train","Dawson"
"815",5,"small Non-euc",0.5762939453125,"train","Dawson"
"816",6,"large Eucalyptus diversicolor",0.58211669921875,"train","Dawson"
"817",6,"small Eucalyptus diversicolor",0.564115251813616,"train","Dawson"
"818",6,"small Non-euc",0.568037033081055,"train","Dawson"
"819",7,"large Eucalyptus diversicolor",0.559491838727679,"train","Dawson"
"820",7,"small Eucalyptus diversicolor",0.532852172851562,"train","Dawson"
"821",7,"small Non-euc",0.571221351623535,"train","Dawson"
"822",8,"large Eucalyptus diversicolor",0.657083565848214,"train","Dawson"
"823",8,"small Eucalyptus diversicolor",0.579541887555804,"train","Dawson"
"824",8,"small Non-euc",0.572434425354004,"train","Dawson"
"825",9,"large Eucalyptus diversicolor",0.63560791015625,"train","Dawson"
"826",9,"small Eucalyptus diversicolor",0.611271449497768,"train","Dawson"
"827",9,"small Non-euc",0.603801727294922,"train","Dawson"
"828",10,"large Eucalyptus diversicolor",0.579793875558036,"train","Dawson"
"829",10,"small Eucalyptus diversicolor",0.554779052734375,"train","Dawson"
"830",10,"small Non-euc",0.566267013549805,"train","Dawson"
"831",11,"large Eucalyptus diversicolor",0.623721749441964,"train","Dawson"
"832",11,"small Eucalyptus diversicolor",0.507476806640625,"train","Dawson"
"833",11,"small Non-euc",0.576171875,"train","Dawson"
"834",12,"large Eucalyptus diversicolor",0.569920131138393,"train","Dawson"
"835",12,"small Eucalyptus diversicolor",0.560470581054688,"train","Dawson"
"836",12,"small Non-euc",0.568813323974609,"train","Dawson"
"837",13,"large Eucalyptus diversicolor",0.57996826171875,"train","Dawson"
"838",13,"small Eucalyptus diversicolor",0.479812622070312,"train","Dawson"
"839",13,"small Non-euc",0.551515579223633,"train","Dawson"
"840",14,"large Eucalyptus diversicolor",0.59322509765625,"train","Dawson"
"841",14,"small Eucalyptus diversicolor",0.526975359235491,"train","Dawson"
"842",14,"small Non-euc",0.554415702819824,"train","Dawson"
"843",15,"large Eucalyptus diversicolor",0.624850027901786,"train","Dawson"
"844",15,"small Eucalyptus diversicolor",0.521480015345982,"train","Dawson"
"845",15,"small Non-euc",0.558714866638184,"train","Dawson"
"846",16,"large Eucalyptus diversicolor",0.566109793526786,"train","Dawson"
"847",16,"small Eucalyptus diversicolor",0.556422642299107,"train","Dawson"
"848",16,"small Non-euc",0.574644088745117,"train","Dawson"
"849",17,"large Eucalyptus diversicolor",0.588628278459821,"train","Dawson"
"850",17,"small Eucalyptus diversicolor",0.580631801060268,"train","Dawson"
"851",17,"small Non-euc",0.566537857055664,"train","Dawson"
"852",18,"large Eucalyptus diversicolor",0.584805733816964,"train","Dawson"
"853",18,"small Eucalyptus diversicolor",0.627208164760045,"train","Dawson"
"854",18,"small Non-euc",0.591536521911621,"train","Dawson"
"855",19,"large Eucalyptus diversicolor",0.564894321986607,"train","Dawson"
"856",19,"small Eucalyptus diversicolor",0.524806431361607,"train","Dawson"
"857",19,"small Non-euc",0.567624092102051,"train","Dawson"
"858",20,"large Eucalyptus diversicolor",0.592857142857143,"train","Dawson"
"859",20,"small Eucalyptus diversicolor",0.532570975167411,"train","Dawson"
"860",20,"small Non-euc",0.573408126831055,"train","Dawson"
"861",1,"large Eucalyptus diversicolor",0.576910400390625,"test","Dawson"
"862",1,"small Eucalyptus diversicolor",0.430767822265625,"test","Dawson"
"863",1,"small Non-euc",0.54832763671875,"test","Dawson"
"864",2,"large Eucalyptus diversicolor",0.475634765625,"test","Dawson"
"865",2,"small Eucalyptus diversicolor",0.484588623046875,"test","Dawson"
"866",2,"small Non-euc",0.515411376953125,"test","Dawson"
"867",3,"large Eucalyptus diversicolor",0.5751220703125,"test","Dawson"
"868",3,"small Eucalyptus diversicolor",0.59150390625,"test","Dawson"
"869",3,"small Non-euc",0.564178466796875,"test","Dawson"
"870",4,"large Eucalyptus diversicolor",0.55889892578125,"test","Dawson"
"871",4,"small Eucalyptus diversicolor",0.540008544921875,"test","Dawson"
"872",4,"small Non-euc",0.518804931640625,"test","Dawson"
"873",5,"large Eucalyptus diversicolor",0.628253173828125,"test","Dawson"
"874",5,"small Eucalyptus diversicolor",0.7086181640625,"test","Dawson"
"875",5,"small Non-euc",0.60924072265625,"test","Dawson"
"876",6,"large Eucalyptus diversicolor",0.605242919921875,"test","Dawson"
"877",6,"small Eucalyptus diversicolor",0.54139404296875,"test","Dawson"
"878",6,"small Non-euc",0.552642822265625,"test","Dawson"
"879",7,"large Eucalyptus diversicolor",0.669110107421875,"test","Dawson"
"880",7,"small Eucalyptus diversicolor",0.634698486328125,"test","Dawson"
"881",7,"small Non-euc",0.620343017578125,"test","Dawson"
"882",8,"large Eucalyptus diversicolor",0.38697509765625,"test","Dawson"
"883",8,"small Eucalyptus diversicolor",0.531158447265625,"test","Dawson"
"884",8,"small Non-euc",0.573272705078125,"test","Dawson"
"885",9,"large Eucalyptus diversicolor",0.455853271484375,"test","Dawson"
"886",9,"small Eucalyptus diversicolor",0.43228759765625,"test","Dawson"
"887",9,"small Non-euc",0.48741455078125,"test","Dawson"
"888",10,"large Eucalyptus diversicolor",0.654180908203125,"test","Dawson"
"889",10,"small Eucalyptus diversicolor",0.535321044921875,"test","Dawson"
"890",10,"small Non-euc",0.562109375,"test","Dawson"
"891",11,"large Eucalyptus diversicolor",0.4468505859375,"test","Dawson"
"892",11,"small Eucalyptus diversicolor",0.687115478515625,"test","Dawson"
"893",11,"small Non-euc",0.588214111328125,"test","Dawson"
"894",12,"large Eucalyptus diversicolor",0.508758544921875,"test","Dawson"
"895",12,"small Eucalyptus diversicolor",0.51990966796875,"test","Dawson"
"896",12,"small Non-euc",0.597906494140625,"test","Dawson"
"897",13,"large Eucalyptus diversicolor",0.535577392578125,"test","Dawson"
"898",13,"small Eucalyptus diversicolor",0.7597412109375,"test","Dawson"
"899",13,"small Non-euc",0.75428466796875,"test","Dawson"
"900",14,"large Eucalyptus diversicolor",0.543499755859375,"test","Dawson"
"901",14,"small Eucalyptus diversicolor",0.680950927734375,"test","Dawson"
"902",14,"small Non-euc",0.61083984375,"test","Dawson"
"903",15,"large Eucalyptus diversicolor",0.50345458984375,"test","Dawson"
"904",15,"small Eucalyptus diversicolor",0.693963623046875,"test","Dawson"
"905",15,"small Non-euc",0.731488037109375,"test","Dawson"
"906",16,"large Eucalyptus diversicolor",0.66033935546875,"test","Dawson"
"907",16,"small Eucalyptus diversicolor",0.553790283203125,"test","Dawson"
"908",16,"small Non-euc",0.6571044921875,"test","Dawson"
"909",17,"large Eucalyptus diversicolor",0.52744140625,"test","Dawson"
"910",17,"small Eucalyptus diversicolor",0.467523193359375,"test","Dawson"
"911",17,"small Non-euc",0.621917724609375,"test","Dawson"
"912",18,"large Eucalyptus diversicolor",0.493084716796875,"test","Dawson"
"913",18,"small Eucalyptus diversicolor",0.351898193359375,"test","Dawson"
"914",18,"small Non-euc",0.5148681640625,"test","Dawson"
"915",19,"large Eucalyptus diversicolor",0.501190185546875,"test","Dawson"
"916",19,"small Eucalyptus diversicolor",0.65291748046875,"test","Dawson"
"917",19,"small Non-euc",0.49462890625,"test","Dawson"
"918",20,"large Eucalyptus diversicolor",0.551904296875,"test","Dawson"
"919",20,"small Eucalyptus diversicolor",0.62633056640625,"test","Dawson"
"920",20,"small Non-euc",0.614166259765625,"test","Dawson"
"921",1,"large Eucalyptus diversicolor",0.545041170987216,"train","Carey"
"922",1,"small Non-euc",0.588938685825893,"train","Carey"
"923",2,"large Eucalyptus diversicolor",0.525873357599432,"train","Carey"
"924",2,"small Non-euc",0.575390625,"train","Carey"
"925",3,"large Eucalyptus diversicolor",0.567812832919034,"train","Carey"
"926",3,"small Non-euc",0.536385672433036,"train","Carey"
"927",4,"large Eucalyptus diversicolor",0.54620361328125,"train","Carey"
"928",4,"small Non-euc",0.594923618861607,"train","Carey"
"929",5,"large Eucalyptus diversicolor",0.531981034712358,"train","Carey"
"930",5,"small Non-euc",0.588738141741071,"train","Carey"
"931",6,"large Eucalyptus diversicolor",0.54704423384233,"train","Carey"
"932",6,"small Non-euc",0.532915387834821,"train","Carey"
"933",7,"large Eucalyptus diversicolor",0.552133733575994,"train","Carey"
"934",7,"small Non-euc",0.586104910714286,"train","Carey"
"935",8,"large Eucalyptus diversicolor",0.570515025745739,"train","Carey"
"936",8,"small Non-euc",0.556645856584821,"train","Carey"
"937",9,"large Eucalyptus diversicolor",0.545390735973011,"train","Carey"
"938",9,"small Non-euc",0.569008091517857,"train","Carey"
"939",10,"large Eucalyptus diversicolor",0.523345947265625,"train","Carey"
"940",10,"small Non-euc",0.535274832589286,"train","Carey"
"941",11,"large Eucalyptus diversicolor",0.567793412642045,"train","Carey"
"942",11,"small Non-euc",0.578485979352679,"train","Carey"
"943",12,"large Eucalyptus diversicolor",0.542391690340909,"train","Carey"
"944",12,"small Non-euc",0.563351004464286,"train","Carey"
"945",13,"large Eucalyptus diversicolor",0.532143332741477,"train","Carey"
"946",13,"small Non-euc",0.561898367745536,"train","Carey"
"947",14,"large Eucalyptus diversicolor",0.5194091796875,"train","Carey"
"948",14,"small Non-euc",0.556734793526786,"train","Carey"
"949",15,"large Eucalyptus diversicolor",0.571380615234375,"train","Carey"
"950",15,"small Non-euc",0.547523716517857,"train","Carey"
"951",16,"large Eucalyptus diversicolor",0.530312278053977,"train","Carey"
"952",16,"small Non-euc",0.560402134486607,"train","Carey"
"953",17,"large Eucalyptus diversicolor",0.570458152077415,"train","Carey"
"954",17,"small Non-euc",0.576365443638393,"train","Carey"
"955",18,"large Eucalyptus diversicolor",0.545390735973011,"train","Carey"
"956",18,"small Non-euc",0.554835728236607,"train","Carey"
"957",19,"large Eucalyptus diversicolor",0.549541126598011,"train","Carey"
"958",19,"small Non-euc",0.558682686941964,"train","Carey"
"959",20,"large Eucalyptus diversicolor",0.564738880504261,"train","Carey"
"960",20,"small Non-euc",0.5388671875,"train","Carey"
"961",1,"large Eucalyptus diversicolor",0.444744873046875,"test","Carey"
"962",1,"small Non-euc",0.60093994140625,"test","Carey"
"963",2,"large Eucalyptus diversicolor",0.51820068359375,"test","Carey"
"964",2,"small Non-euc",0.452362060546875,"test","Carey"
"965",3,"large Eucalyptus diversicolor",0.426873779296875,"test","Carey"
"966",3,"small Non-euc",0.6427978515625,"test","Carey"
"967",4,"large Eucalyptus diversicolor",0.48260498046875,"test","Carey"
"968",4,"small Non-euc",0.62354736328125,"test","Carey"
"969",5,"large Eucalyptus diversicolor",0.4831787109375,"test","Carey"
"970",5,"small Non-euc",0.620806884765625,"test","Carey"
"971",6,"large Eucalyptus diversicolor",0.5369384765625,"test","Carey"
"972",6,"small Non-euc",0.7720947265625,"test","Carey"
"973",7,"large Eucalyptus diversicolor",0.46556396484375,"test","Carey"
"974",7,"small Non-euc",0.631878662109375,"test","Carey"
"975",8,"large Eucalyptus diversicolor",0.44381103515625,"test","Carey"
"976",8,"small Non-euc",0.66693115234375,"test","Carey"
"977",9,"large Eucalyptus diversicolor",0.538031005859375,"test","Carey"
"978",9,"small Non-euc",0.640142822265625,"test","Carey"
"979",10,"large Eucalyptus diversicolor",0.642626953125,"test","Carey"
"980",10,"small Non-euc",0.767901611328125,"test","Carey"
"981",11,"large Eucalyptus diversicolor",0.43143310546875,"test","Carey"
"982",11,"small Non-euc",0.667901611328125,"test","Carey"
"983",12,"large Eucalyptus diversicolor",0.5664306640625,"test","Carey"
"984",12,"small Non-euc",0.661279296875,"test","Carey"
"985",13,"large Eucalyptus diversicolor",0.542779541015625,"test","Carey"
"986",13,"small Non-euc",0.710528564453125,"test","Carey"
"987",14,"large Eucalyptus diversicolor",0.6912109375,"test","Carey"
"988",14,"small Non-euc",0.69971923828125,"test","Carey"
"989",15,"large Eucalyptus diversicolor",0.434112548828125,"test","Carey"
"990",15,"small Non-euc",0.719635009765625,"test","Carey"
"991",16,"large Eucalyptus diversicolor",0.524603271484375,"test","Carey"
"992",16,"small Non-euc",0.649774169921875,"test","Carey"
"993",17,"large Eucalyptus diversicolor",0.377734375,"test","Carey"
"994",17,"small Non-euc",0.638140869140625,"test","Carey"
"995",18,"large Eucalyptus diversicolor",0.522515869140625,"test","Carey"
"996",18,"small Non-euc",0.58074951171875,"test","Carey"
"997",19,"large Eucalyptus diversicolor",0.4458740234375,"test","Carey"
"998",19,"small Non-euc",0.687286376953125,"test","Carey"
"999",20,"large Eucalyptus diversicolor",0.398046875,"test","Carey"
"1000",20,"small Non-euc",0.678515625,"test","Carey"
"1001",1,"large Eucalyptus obliqua",0.598736763000488,"train","Bird"
"1002",1,"small Eucalyptus obliqua",0.548325835681352,"train","Bird"
"1003",1,"small Non-euc",0.514444370462437,"train","Bird"
"1004",2,"large Eucalyptus obliqua",0.604091644287109,"train","Bird"
"1005",2,"small Eucalyptus obliqua",0.528573458311988,"train","Bird"
"1006",2,"small Non-euc",0.510809593329125,"train","Bird"
"1007",3,"large Eucalyptus obliqua",0.598723411560059,"train","Bird"
"1008",3,"small Eucalyptus obliqua",0.565361648309426,"train","Bird"
"1009",3,"small Non-euc",0.512755525633944,"train","Bird"
"1010",4,"large Eucalyptus obliqua",0.608857154846191,"train","Bird"
"1011",4,"small Eucalyptus obliqua",0.535885670146004,"train","Bird"
"1012",4,"small Non-euc",0.509388111255787,"train","Bird"
"1013",5,"large Eucalyptus obliqua",0.599996566772461,"train","Bird"
"1014",5,"small Eucalyptus obliqua",0.547265224769467,"train","Bird"
"1015",5,"small Non-euc",0.516131982257471,"train","Bird"
"1016",6,"large Eucalyptus obliqua",0.581924438476562,"train","Bird"
"1017",6,"small Eucalyptus obliqua",0.527979115970799,"train","Bird"
"1018",6,"small Non-euc",0.512691818905198,"train","Bird"
"1019",7,"large Eucalyptus obliqua",0.605707168579102,"train","Bird"
"1020",7,"small Eucalyptus obliqua",0.550063836769979,"train","Bird"
"1021",7,"small Non-euc",0.513542817497896,"train","Bird"
"1022",8,"large Eucalyptus obliqua",0.609329223632812,"train","Bird"
"1023",8,"small Eucalyptus obliqua",0.539707871734119,"train","Bird"
"1024",8,"small Non-euc",0.512772582596801,"train","Bird"
"1025",9,"large Eucalyptus obliqua",0.595970153808594,"train","Bird"
"1026",9,"small Eucalyptus obliqua",0.519828421170594,"train","Bird"
"1027",9,"small Non-euc",0.509891805424032,"train","Bird"
"1028",10,"large Eucalyptus obliqua",0.601367950439453,"train","Bird"
"1029",10,"small Eucalyptus obliqua",0.536052766393443,"train","Bird"
"1030",10,"small Non-euc",0.511785744817971,"train","Bird"
"1031",11,"large Eucalyptus obliqua",0.596903800964355,"train","Bird"
"1032",11,"small Eucalyptus obliqua",0.544925877305328,"train","Bird"
"1033",11,"small Non-euc",0.51198344118266,"train","Bird"
"1034",12,"large Eucalyptus obliqua",0.608728408813477,"train","Bird"
"1035",12,"small Eucalyptus obliqua",0.526745405353484,"train","Bird"
"1036",12,"small Non-euc",0.510199858283354,"train","Bird"
"1037",13,"large Eucalyptus obliqua",0.616183280944824,"train","Bird"
"1038",13,"small Eucalyptus obliqua",0.540184146068135,"train","Bird"
"1039",13,"small Non-euc",0.510628337410564,"train","Bird"
"1040",14,"large Eucalyptus obliqua",0.614245414733887,"train","Bird"
"1041",14,"small Eucalyptus obliqua",0.543994340740266,"train","Bird"
"1042",14,"small Non-euc",0.508995390098906,"train","Bird"
"1043",15,"large Eucalyptus obliqua",0.605374336242676,"train","Bird"
"1044",15,"small Eucalyptus obliqua",0.531758292776639,"train","Bird"
"1045",15,"small Non-euc",0.511246087173822,"train","Bird"
"1046",16,"large Eucalyptus obliqua",0.587135314941406,"train","Bird"
"1047",16,"small Eucalyptus obliqua",0.519793400998975,"train","Bird"
"1048",16,"small Non-euc",0.509571833241267,"train","Bird"
"1049",17,"large Eucalyptus obliqua",0.601113319396973,"train","Bird"
"1050",17,"small Eucalyptus obliqua",0.541776063012295,"train","Bird"
"1051",17,"small Non-euc",0.510867134890572,"train","Bird"
"1052",18,"large Eucalyptus obliqua",0.593629837036133,"train","Bird"
"1053",18,"small Eucalyptus obliqua",0.546576828253074,"train","Bird"
"1054",18,"small Non-euc",0.512955071548822,"train","Bird"
"1055",19,"large Eucalyptus obliqua",0.594598770141602,"train","Bird"
"1056",19,"small Eucalyptus obliqua",0.552352154841188,"train","Bird"
"1057",19,"small Non-euc",0.512468023332281,"train","Bird"
"1058",20,"large Eucalyptus obliqua",0.609114646911621,"train","Bird"
"1059",20,"small Eucalyptus obliqua",0.525753834208504,"train","Bird"
"1060",20,"small Non-euc",0.512274026067971,"train","Bird"
"1061",1,"large Eucalyptus obliqua",0.529302978515625,"test","Bird"
"1062",1,"small Eucalyptus obliqua",0.4653076171875,"test","Bird"
"1063",1,"small Non-euc",0.74970703125,"test","Bird"
"1064",2,"large Eucalyptus obliqua",0.483184814453125,"test","Bird"
"1065",2,"small Eucalyptus obliqua",0.578424072265625,"test","Bird"
"1066",2,"small Non-euc",0.576873779296875,"test","Bird"
"1067",3,"large Eucalyptus obliqua",0.61895751953125,"test","Bird"
"1068",3,"small Eucalyptus obliqua",0.359832763671875,"test","Bird"
"1069",3,"small Non-euc",0.60863037109375,"test","Bird"
"1070",4,"large Eucalyptus obliqua",0.529046630859375,"test","Bird"
"1071",4,"small Eucalyptus obliqua",0.515692138671875,"test","Bird"
"1072",4,"small Non-euc",0.5810791015625,"test","Bird"
"1073",5,"large Eucalyptus obliqua",0.568182373046875,"test","Bird"
"1074",5,"small Eucalyptus obliqua",0.397808837890625,"test","Bird"
"1075",5,"small Non-euc",0.57530517578125,"test","Bird"
"1076",6,"large Eucalyptus obliqua",0.54613037109375,"test","Bird"
"1077",6,"small Eucalyptus obliqua",0.586480712890625,"test","Bird"
"1078",6,"small Non-euc",0.826702880859375,"test","Bird"
"1079",7,"large Eucalyptus obliqua",0.518670654296875,"test","Bird"
"1080",7,"small Eucalyptus obliqua",0.464599609375,"test","Bird"
"1081",7,"small Non-euc",0.55965576171875,"test","Bird"
"1082",8,"large Eucalyptus obliqua",0.533349609375,"test","Bird"
"1083",8,"small Eucalyptus obliqua",0.4373291015625,"test","Bird"
"1084",8,"small Non-euc",0.618115234375,"test","Bird"
"1085",9,"large Eucalyptus obliqua",0.66092529296875,"test","Bird"
"1086",9,"small Eucalyptus obliqua",0.4712890625,"test","Bird"
"1087",9,"small Non-euc",0.4630126953125,"test","Bird"
"1088",10,"large Eucalyptus obliqua",0.48626708984375,"test","Bird"
"1089",10,"small Eucalyptus obliqua",0.36802978515625,"test","Bird"
"1090",10,"small Non-euc",0.5922607421875,"test","Bird"
"1091",11,"large Eucalyptus obliqua",0.555828857421875,"test","Bird"
"1092",11,"small Eucalyptus obliqua",0.38585205078125,"test","Bird"
"1093",11,"small Non-euc",0.671636962890625,"test","Bird"
"1094",12,"large Eucalyptus obliqua",0.49202880859375,"test","Bird"
"1095",12,"small Eucalyptus obliqua",0.358172607421875,"test","Bird"
"1096",12,"small Non-euc",0.65447998046875,"test","Bird"
"1097",13,"large Eucalyptus obliqua",0.4783203125,"test","Bird"
"1098",13,"small Eucalyptus obliqua",0.5566650390625,"test","Bird"
"1099",13,"small Non-euc",0.553814697265625,"test","Bird"
"1100",14,"large Eucalyptus obliqua",0.430255126953125,"test","Bird"
"1101",14,"small Eucalyptus obliqua",0.471783447265625,"test","Bird"
"1102",14,"small Non-euc",0.723541259765625,"test","Bird"
"1103",15,"large Eucalyptus obliqua",0.436553955078125,"test","Bird"
"1104",15,"small Eucalyptus obliqua",0.49544677734375,"test","Bird"
"1105",15,"small Non-euc",0.46678466796875,"test","Bird"
"1106",16,"large Eucalyptus obliqua",0.726458740234375,"test","Bird"
"1107",16,"small Eucalyptus obliqua",0.419610595703125,"test","Bird"
"1108",16,"small Non-euc",0.52183837890625,"test","Bird"
"1109",17,"large Eucalyptus obliqua",0.509271240234375,"test","Bird"
"1110",17,"small Eucalyptus obliqua",0.513372802734375,"test","Bird"
"1111",17,"small Non-euc",0.524676513671875,"test","Bird"
"1112",18,"large Eucalyptus obliqua",0.5396484375,"test","Bird"
"1113",18,"small Eucalyptus obliqua",0.3860107421875,"test","Bird"
"1114",18,"small Non-euc",0.550799560546875,"test","Bird"
"1115",19,"large Eucalyptus obliqua",0.518011474609375,"test","Bird"
"1116",19,"small Eucalyptus obliqua",0.31282958984375,"test","Bird"
"1117",19,"small Non-euc",0.711602783203125,"test","Bird"
"1118",20,"large Eucalyptus obliqua",0.525836181640625,"test","Bird"
"1119",20,"small Eucalyptus obliqua",0.4354248046875,"test","Bird"
"1120",20,"small Non-euc",0.589520263671875,"test","Bird"
"1121",1,"large Eucalyptus diversicolor",0.555953702059659,"train","Dombakup"
"1122",1,"small Eucalyptus diversicolor",0.718130929129464,"train","Dombakup"
"1123",1,"small Non-euc",0.565900780688757,"train","Dombakup"
"1124",2,"large Eucalyptus diversicolor",0.516773570667614,"train","Dombakup"
"1125",2,"small Eucalyptus diversicolor",0.770638602120536,"train","Dombakup"
"1126",2,"small Non-euc",0.570689585017062,"train","Dombakup"
"1127",3,"large Eucalyptus diversicolor",0.524712579900568,"train","Dombakup"
"1128",3,"small Eucalyptus diversicolor",0.689714704241071,"train","Dombakup"
"1129",3,"small Non-euc",0.566584444594109,"train","Dombakup"
"1130",4,"large Eucalyptus diversicolor",0.581439763849432,"train","Dombakup"
"1131",4,"small Eucalyptus diversicolor",0.700020926339286,"train","Dombakup"
"1132",4,"small Non-euc",0.567549782237787,"train","Dombakup"
"1133",5,"large Eucalyptus diversicolor",0.525668057528409,"train","Dombakup"
"1134",5,"small Eucalyptus diversicolor",0.68499755859375,"train","Dombakup"
"1135",5,"small Non-euc",0.558158436040769,"train","Dombakup"
"1136",6,"large Eucalyptus diversicolor",0.541678133877841,"train","Dombakup"
"1137",6,"small Eucalyptus diversicolor",0.744890485491071,"train","Dombakup"
"1138",6,"small Non-euc",0.580265790566631,"train","Dombakup"
"1139",7,"large Eucalyptus diversicolor",0.504498845880682,"train","Dombakup"
"1140",7,"small Eucalyptus diversicolor",0.749616350446429,"train","Dombakup"
"1141",7,"small Non-euc",0.569860348756286,"train","Dombakup"
"1142",8,"large Eucalyptus diversicolor",0.547905939275568,"train","Dombakup"
"1143",8,"small Eucalyptus diversicolor",0.662309919084821,"train","Dombakup"
"1144",8,"small Non-euc",0.582809623630568,"train","Dombakup"
"1145",9,"large Eucalyptus diversicolor",0.533126553622159,"train","Dombakup"
"1146",9,"small Eucalyptus diversicolor",0.728733607700893,"train","Dombakup"
"1147",9,"small Non-euc",0.568616143588362,"train","Dombakup"
"1148",10,"large Eucalyptus diversicolor",0.49979248046875,"train","Dombakup"
"1149",10,"small Eucalyptus diversicolor",0.875828334263393,"train","Dombakup"
"1150",10,"small Non-euc",0.569811941563398,"train","Dombakup"
"1151",11,"large Eucalyptus diversicolor",0.52379150390625,"train","Dombakup"
"1152",11,"small Eucalyptus diversicolor",0.683393205915179,"train","Dombakup"
"1153",11,"small Non-euc",0.563868730917744,"train","Dombakup"
"1154",12,"large Eucalyptus diversicolor",0.539419833096591,"train","Dombakup"
"1155",12,"small Eucalyptus diversicolor",0.747044154575893,"train","Dombakup"
"1156",12,"small Non-euc",0.574509193157328,"train","Dombakup"
"1157",13,"large Eucalyptus diversicolor",0.536759810014205,"train","Dombakup"
"1158",13,"small Eucalyptus diversicolor",0.756295340401786,"train","Dombakup"
"1159",13,"small Non-euc",0.569304016814835,"train","Dombakup"
"1160",14,"large Eucalyptus diversicolor",0.545184881036932,"train","Dombakup"
"1161",14,"small Eucalyptus diversicolor",0.716910226004464,"train","Dombakup"
"1162",14,"small Non-euc",0.565497387414691,"train","Dombakup"
"1163",15,"large Eucalyptus diversicolor",0.562164861505682,"train","Dombakup"
"1164",15,"small Eucalyptus diversicolor",0.683942522321429,"train","Dombakup"
"1165",15,"small Non-euc",0.566779125695941,"train","Dombakup"
"1166",16,"large Eucalyptus diversicolor",0.538225763494318,"train","Dombakup"
"1167",16,"small Eucalyptus diversicolor",0.702244349888393,"train","Dombakup"
"1168",16,"small Non-euc",0.566776670258621,"train","Dombakup"
"1169",17,"large Eucalyptus diversicolor",0.573196688565341,"train","Dombakup"
"1170",17,"small Eucalyptus diversicolor",0.743722098214286,"train","Dombakup"
"1171",17,"small Non-euc",0.56304791329921,"train","Dombakup"
"1172",18,"large Eucalyptus diversicolor",0.523180042613636,"train","Dombakup"
"1173",18,"small Eucalyptus diversicolor",0.68365478515625,"train","Dombakup"
"1174",18,"small Non-euc",0.562933910852191,"train","Dombakup"
"1175",19,"large Eucalyptus diversicolor",0.545649857954545,"train","Dombakup"
"1176",19,"small Eucalyptus diversicolor",0.631862095424107,"train","Dombakup"
"1177",19,"small Non-euc",0.555923988079203,"train","Dombakup"
"1178",20,"large Eucalyptus diversicolor",0.553875177556818,"train","Dombakup"
"1179",20,"small Eucalyptus diversicolor",0.701546805245536,"train","Dombakup"
"1180",20,"small Non-euc",0.566026709545618,"train","Dombakup"
"1181",1,"large Eucalyptus diversicolor",0.37186279296875,"test","Dombakup"
"1182",1,"small Eucalyptus diversicolor",0.47593994140625,"test","Dombakup"
"1183",1,"small Non-euc",0.7560791015625,"test","Dombakup"
"1184",2,"large Eucalyptus diversicolor",0.407257080078125,"test","Dombakup"
"1185",2,"small Eucalyptus diversicolor",0.533233642578125,"test","Dombakup"
"1186",2,"small Non-euc",0.64842529296875,"test","Dombakup"
"1187",3,"large Eucalyptus diversicolor",0.429510498046875,"test","Dombakup"
"1188",3,"small Eucalyptus diversicolor",0.679833984375,"test","Dombakup"
"1189",3,"small Non-euc",0.626873779296875,"test","Dombakup"
"1190",4,"large Eucalyptus diversicolor",0.34178466796875,"test","Dombakup"
"1191",4,"small Eucalyptus diversicolor",0.631085205078125,"test","Dombakup"
"1192",4,"small Non-euc",0.636395263671875,"test","Dombakup"
"1193",5,"large Eucalyptus diversicolor",0.54246826171875,"test","Dombakup"
"1194",5,"small Eucalyptus diversicolor",0.32572021484375,"test","Dombakup"
"1195",5,"small Non-euc",0.73160400390625,"test","Dombakup"
"1196",6,"large Eucalyptus diversicolor",0.431451416015625,"test","Dombakup"
"1197",6,"small Eucalyptus diversicolor",0.45274658203125,"test","Dombakup"
"1198",6,"small Non-euc",0.527490234375,"test","Dombakup"
"1199",7,"large Eucalyptus diversicolor",0.575555419921875,"test","Dombakup"
"1200",7,"small Eucalyptus diversicolor",0.60411376953125,"test","Dombakup"
"1201",7,"small Non-euc",0.600921630859375,"test","Dombakup"
"1202",8,"large Eucalyptus diversicolor",0.44056396484375,"test","Dombakup"
"1203",8,"small Eucalyptus diversicolor",0.653961181640625,"test","Dombakup"
"1204",8,"small Non-euc",0.49791259765625,"test","Dombakup"
"1205",9,"large Eucalyptus diversicolor",0.455755615234375,"test","Dombakup"
"1206",9,"small Eucalyptus diversicolor",0.61209716796875,"test","Dombakup"
"1207",9,"small Non-euc",0.6854736328125,"test","Dombakup"
"1208",10,"large Eucalyptus diversicolor",0.529620361328125,"test","Dombakup"
"1209",10,"small Eucalyptus diversicolor",0.54022216796875,"test","Dombakup"
"1210",10,"small Non-euc",0.6582763671875,"test","Dombakup"
"1211",11,"large Eucalyptus diversicolor",0.47398681640625,"test","Dombakup"
"1212",11,"small Eucalyptus diversicolor",0.5814208984375,"test","Dombakup"
"1213",11,"small Non-euc",0.744769287109375,"test","Dombakup"
"1214",12,"large Eucalyptus diversicolor",0.454949951171875,"test","Dombakup"
"1215",12,"small Eucalyptus diversicolor",0.625860595703125,"test","Dombakup"
"1216",12,"small Non-euc",0.680780029296875,"test","Dombakup"
"1217",13,"large Eucalyptus diversicolor",0.40963134765625,"test","Dombakup"
"1218",13,"small Eucalyptus diversicolor",0.432745361328125,"test","Dombakup"
"1219",13,"small Non-euc",0.599273681640625,"test","Dombakup"
"1220",14,"large Eucalyptus diversicolor",0.435968017578125,"test","Dombakup"
"1221",14,"small Eucalyptus diversicolor",0.624127197265625,"test","Dombakup"
"1222",14,"small Non-euc",0.603631591796875,"test","Dombakup"
"1223",15,"large Eucalyptus diversicolor",0.4082763671875,"test","Dombakup"
"1224",15,"small Eucalyptus diversicolor",0.5457763671875,"test","Dombakup"
"1225",15,"small Non-euc",0.53499755859375,"test","Dombakup"
"1226",16,"large Eucalyptus diversicolor",0.450921630859375,"test","Dombakup"
"1227",16,"small Eucalyptus diversicolor",0.504290771484375,"test","Dombakup"
"1228",16,"small Non-euc",0.764593505859375,"test","Dombakup"
"1229",17,"large Eucalyptus diversicolor",0.363763427734375,"test","Dombakup"
"1230",17,"small Eucalyptus diversicolor",0.536688232421875,"test","Dombakup"
"1231",17,"small Non-euc",0.7155029296875,"test","Dombakup"
"1232",18,"large Eucalyptus diversicolor",0.5298095703125,"test","Dombakup"
"1233",18,"small Eucalyptus diversicolor",0.46864013671875,"test","Dombakup"
"1234",18,"small Non-euc",0.598724365234375,"test","Dombakup"
"1235",19,"large Eucalyptus diversicolor",0.371697998046875,"test","Dombakup"
"1236",19,"small Eucalyptus diversicolor",0.723431396484375,"test","Dombakup"
"1237",19,"small Non-euc",0.660333251953125,"test","Dombakup"
"1238",20,"large Eucalyptus diversicolor",0.445452880859375,"test","Dombakup"
"1239",20,"small Eucalyptus diversicolor",0.578961181640625,"test","Dombakup"
"1240",20,"small Non-euc",0.6187744140625,"test","Dombakup"
"1241",1,"large Eucalyptus obliqua",0.557686754452285,"train","Flowerdale"
"1242",1,"small Eucalyptus obliqua",0.522052965666118,"train","Flowerdale"
"1243",1,"small Non-euc",0.575300039489413,"train","Flowerdale"
"1244",2,"large Eucalyptus obliqua",0.551770282048051,"train","Flowerdale"
"1245",2,"small Eucalyptus obliqua",0.489797491776316,"train","Flowerdale"
"1246",2,"small Non-euc",0.569986645641223,"train","Flowerdale"
"1247",3,"large Eucalyptus obliqua",0.539917648479503,"train","Flowerdale"
"1248",3,"small Eucalyptus obliqua",0.531686883223684,"train","Flowerdale"
"1249",3,"small Non-euc",0.565650481343921,"train","Flowerdale"
"1250",4,"large Eucalyptus obliqua",0.550413726478495,"train","Flowerdale"
"1251",4,"small Eucalyptus obliqua",0.541456791392544,"train","Flowerdale"
"1252",4,"small Non-euc",0.561690867272883,"train","Flowerdale"
"1253",5,"large Eucalyptus obliqua",0.552889259912634,"train","Flowerdale"
"1254",5,"small Eucalyptus obliqua",0.521571109169408,"train","Flowerdale"
"1255",5,"small Non-euc",0.562559701054474,"train","Flowerdale"
"1256",6,"large Eucalyptus obliqua",0.552996235509073,"train","Flowerdale"
"1257",6,"small Eucalyptus obliqua",0.543197899533991,"train","Flowerdale"
"1258",6,"small Non-euc",0.565478048689378,"train","Flowerdale"
"1259",7,"large Eucalyptus obliqua",0.540846957955309,"train","Flowerdale"
"1260",7,"small Eucalyptus obliqua",0.524789910567434,"train","Flowerdale"
"1261",7,"small Non-euc",0.558805538656933,"train","Flowerdale"
"1262",8,"large Eucalyptus obliqua",0.555925923009073,"train","Flowerdale"
"1263",8,"small Eucalyptus obliqua",0.527578253495066,"train","Flowerdale"
"1264",8,"small Non-euc",0.559802446209016,"train","Flowerdale"
"1265",9,"large Eucalyptus obliqua",0.531680527553763,"train","Flowerdale"
"1266",9,"small Eucalyptus obliqua",0.537371719092653,"train","Flowerdale"
"1267",9,"small Non-euc",0.564551848531421,"train","Flowerdale"
"1268",10,"large Eucalyptus obliqua",0.558646909652218,"train","Flowerdale"
"1269",10,"small Eucalyptus obliqua",0.502764785498903,"train","Flowerdale"
"1270",10,"small Non-euc",0.564005533854167,"train","Flowerdale"
"1271",11,"large Eucalyptus obliqua",0.541604975218414,"train","Flowerdale"
"1272",11,"small Eucalyptus obliqua",0.503527189555921,"train","Flowerdale"
"1273",11,"small Non-euc",0.568204952719433,"train","Flowerdale"
"1274",12,"large Eucalyptus obliqua",0.55057123655914,"train","Flowerdale"
"1275",12,"small Eucalyptus obliqua",0.542401230126097,"train","Flowerdale"
"1276",12,"small Non-euc",0.569512038934426,"train","Flowerdale"
"1277",13,"large Eucalyptus obliqua",0.541742140246976,"train","Flowerdale"
"1278",13,"small Eucalyptus obliqua",0.527730305989583,"train","Flowerdale"
"1279",13,"small Non-euc",0.559721733051571,"train","Flowerdale"
"1280",14,"large Eucalyptus obliqua",0.547024634576613,"train","Flowerdale"
"1281",14,"small Eucalyptus obliqua",0.504604406524123,"train","Flowerdale"
"1282",14,"small Non-euc",0.573698783832821,"train","Flowerdale"
"1283",15,"large Eucalyptus obliqua",0.551312846522177,"train","Flowerdale"
"1284",15,"small Eucalyptus obliqua",0.498552288925439,"train","Flowerdale"
"1285",15,"small Non-euc",0.569714488878928,"train","Flowerdale"
"1286",16,"large Eucalyptus obliqua",0.544974378360215,"train","Flowerdale"
"1287",16,"small Eucalyptus obliqua",0.517428214089912,"train","Flowerdale"
"1288",16,"small Non-euc",0.560903747225068,"train","Flowerdale"
"1289",17,"large Eucalyptus obliqua",0.539036248319892,"train","Flowerdale"
"1290",17,"small Eucalyptus obliqua",0.528604072436952,"train","Flowerdale"
"1291",17,"small Non-euc",0.566509309362193,"train","Flowerdale"
"1292",18,"large Eucalyptus obliqua",0.560736543388777,"train","Flowerdale"
"1293",18,"small Eucalyptus obliqua",0.512654622395833,"train","Flowerdale"
"1294",18,"small Non-euc",0.575853024675546,"train","Flowerdale"
"1295",19,"large Eucalyptus obliqua",0.540318642893145,"train","Flowerdale"
"1296",19,"small Eucalyptus obliqua",0.512747781318531,"train","Flowerdale"
"1297",19,"small Non-euc",0.565925973360656,"train","Flowerdale"
"1298",20,"large Eucalyptus obliqua",0.553067115045363,"train","Flowerdale"
"1299",20,"small Eucalyptus obliqua",0.530172783031798,"train","Flowerdale"
"1300",20,"small Non-euc",0.581994895726605,"train","Flowerdale"
"1301",1,"large Eucalyptus obliqua",0.40472412109375,"test","Flowerdale"
"1302",1,"small Eucalyptus obliqua",0.46395263671875,"test","Flowerdale"
"1303",1,"small Non-euc",0.641558837890625,"test","Flowerdale"
"1304",2,"large Eucalyptus obliqua",0.37322998046875,"test","Flowerdale"
"1305",2,"small Eucalyptus obliqua",0.47225341796875,"test","Flowerdale"
"1306",2,"small Non-euc",0.67962646484375,"test","Flowerdale"
"1307",3,"large Eucalyptus obliqua",0.65303955078125,"test","Flowerdale"
"1308",3,"small Eucalyptus obliqua",0.54937744140625,"test","Flowerdale"
"1309",3,"small Non-euc",0.72484130859375,"test","Flowerdale"
"1310",4,"large Eucalyptus obliqua",0.5919921875,"test","Flowerdale"
"1311",4,"small Eucalyptus obliqua",0.525396728515625,"test","Flowerdale"
"1312",4,"small Non-euc",0.7363525390625,"test","Flowerdale"
"1313",5,"large Eucalyptus obliqua",0.534124755859375,"test","Flowerdale"
"1314",5,"small Eucalyptus obliqua",0.59404296875,"test","Flowerdale"
"1315",5,"small Non-euc",0.663153076171875,"test","Flowerdale"
"1316",6,"large Eucalyptus obliqua",0.499798583984375,"test","Flowerdale"
"1317",6,"small Eucalyptus obliqua",0.54222412109375,"test","Flowerdale"
"1318",6,"small Non-euc",0.772296142578125,"test","Flowerdale"
"1319",7,"large Eucalyptus obliqua",0.53214111328125,"test","Flowerdale"
"1320",7,"small Eucalyptus obliqua",0.58104248046875,"test","Flowerdale"
"1321",7,"small Non-euc",0.716790771484375,"test","Flowerdale"
"1322",8,"large Eucalyptus obliqua",0.589752197265625,"test","Flowerdale"
"1323",8,"small Eucalyptus obliqua",0.64793701171875,"test","Flowerdale"
"1324",8,"small Non-euc",0.912445068359375,"test","Flowerdale"
"1325",9,"large Eucalyptus obliqua",0.5828857421875,"test","Flowerdale"
"1326",9,"small Eucalyptus obliqua",0.50576171875,"test","Flowerdale"
"1327",9,"small Non-euc",0.572265625,"test","Flowerdale"
"1328",10,"large Eucalyptus obliqua",0.491827392578125,"test","Flowerdale"
"1329",10,"small Eucalyptus obliqua",0.623724365234375,"test","Flowerdale"
"1330",10,"small Non-euc",0.625091552734375,"test","Flowerdale"
"1331",11,"large Eucalyptus obliqua",0.680047607421875,"test","Flowerdale"
"1332",11,"small Eucalyptus obliqua",0.4994140625,"test","Flowerdale"
"1333",11,"small Non-euc",0.653515625,"test","Flowerdale"
"1334",12,"large Eucalyptus obliqua",0.61829833984375,"test","Flowerdale"
"1335",12,"small Eucalyptus obliqua",0.488116455078125,"test","Flowerdale"
"1336",12,"small Non-euc",0.581280517578125,"test","Flowerdale"
"1337",13,"large Eucalyptus obliqua",0.5199951171875,"test","Flowerdale"
"1338",13,"small Eucalyptus obliqua",0.5663330078125,"test","Flowerdale"
"1339",13,"small Non-euc",0.80858154296875,"test","Flowerdale"
"1340",14,"large Eucalyptus obliqua",0.548638916015625,"test","Flowerdale"
"1341",14,"small Eucalyptus obliqua",0.556585693359375,"test","Flowerdale"
"1342",14,"small Non-euc",0.6118408203125,"test","Flowerdale"
"1343",15,"large Eucalyptus obliqua",0.56876220703125,"test","Flowerdale"
"1344",15,"small Eucalyptus obliqua",0.563922119140625,"test","Flowerdale"
"1345",15,"small Non-euc",0.57208251953125,"test","Flowerdale"
"1346",16,"large Eucalyptus obliqua",0.588848876953125,"test","Flowerdale"
"1347",16,"small Eucalyptus obliqua",0.536932373046875,"test","Flowerdale"
"1348",16,"small Non-euc",0.6060791015625,"test","Flowerdale"
"1349",17,"large Eucalyptus obliqua",0.650244140625,"test","Flowerdale"
"1350",17,"small Eucalyptus obliqua",0.55010986328125,"test","Flowerdale"
"1351",17,"small Non-euc",0.575244140625,"test","Flowerdale"
"1352",18,"large Eucalyptus obliqua",0.5547607421875,"test","Flowerdale"
"1353",18,"small Eucalyptus obliqua",0.392486572265625,"test","Flowerdale"
"1354",18,"small Non-euc",0.58203125,"test","Flowerdale"
"1355",19,"large Eucalyptus obliqua",0.628155517578125,"test","Flowerdale"
"1356",19,"small Eucalyptus obliqua",0.641033935546875,"test","Flowerdale"
"1357",19,"small Non-euc",0.7420654296875,"test","Flowerdale"
"1358",20,"large Eucalyptus obliqua",0.4982666015625,"test","Flowerdale"
"1359",20,"small Eucalyptus obliqua",0.393597412109375,"test","Flowerdale"
"1360",20,"small Non-euc",0.555596923828125,"test","Flowerdale"
"1361",1,"large Eucalyptus obliqua",0.614208324535473,"train","Dip"
"1362",1,"large Non-euc",0.61553955078125,"train","Dip"
"1363",1,"small Non-euc",0.531158158819707,"train","Dip"
"1364",2,"large Eucalyptus obliqua",0.635601971600507,"train","Dip"
"1365",2,"large Non-euc",0.59398193359375,"train","Dip"
"1366",2,"small Non-euc",0.525992207806593,"train","Dip"
"1367",3,"large Eucalyptus obliqua",0.593439875422297,"train","Dip"
"1368",3,"large Non-euc",0.58870849609375,"train","Dip"
"1369",3,"small Non-euc",0.522171107041588,"train","Dip"
"1370",4,"large Eucalyptus obliqua",0.601473421663851,"train","Dip"
"1371",4,"large Non-euc",0.5663818359375,"train","Dip"
"1372",4,"small Non-euc",0.528540223667888,"train","Dip"
"1373",5,"large Eucalyptus obliqua",0.600115801836993,"train","Dip"
"1374",5,"large Non-euc",0.639593505859375,"train","Dip"
"1375",5,"small Non-euc",0.530644148193821,"train","Dip"
"1376",6,"large Eucalyptus obliqua",0.625004948796453,"train","Dip"
"1377",6,"large Non-euc",0.581951904296875,"train","Dip"
"1378",6,"small Non-euc",0.523617028739367,"train","Dip"
"1379",7,"large Eucalyptus obliqua",0.642015611803209,"train","Dip"
"1380",7,"large Non-euc",0.50325927734375,"train","Dip"
"1381",7,"small Non-euc",0.514000241833058,"train","Dip"
"1382",8,"large Eucalyptus obliqua",0.628155682538007,"train","Dip"
"1383",8,"large Non-euc",0.615118408203125,"train","Dip"
"1384",8,"small Non-euc",0.508382699890714,"train","Dip"
"1385",9,"large Eucalyptus obliqua",0.622022474134291,"train","Dip"
"1386",9,"large Non-euc",0.59178466796875,"train","Dip"
"1387",9,"small Non-euc",0.526702823170191,"train","Dip"
"1388",10,"large Eucalyptus obliqua",0.565939413534628,"train","Dip"
"1389",10,"large Non-euc",0.6324462890625,"train","Dip"
"1390",10,"small Non-euc",0.518703294836957,"train","Dip"
"1391",11,"large Eucalyptus obliqua",0.622283110747466,"train","Dip"
"1392",11,"large Non-euc",0.5853759765625,"train","Dip"
"1393",11,"small Non-euc",0.520914175109286,"train","Dip"
"1394",12,"large Eucalyptus obliqua",0.650765083931588,"train","Dip"
"1395",12,"large Non-euc",0.609027099609375,"train","Dip"
"1396",12,"small Non-euc",0.525671686702505,"train","Dip"
"1397",13,"large Eucalyptus obliqua",0.589525377428209,"train","Dip"
"1398",13,"large Non-euc",0.53927001953125,"train","Dip"
"1399",13,"small Non-euc",0.527086110106037,"train","Dip"
"1400",14,"large Eucalyptus obliqua",0.626172864759291,"train","Dip"
"1401",14,"large Non-euc",0.60648193359375,"train","Dip"
"1402",14,"small Non-euc",0.525786718934605,"train","Dip"
"1403",15,"large Eucalyptus obliqua",0.641649400865709,"train","Dip"
"1404",15,"large Non-euc",0.687615966796875,"train","Dip"
"1405",15,"small Non-euc",0.507687199093218,"train","Dip"
"1406",16,"large Eucalyptus obliqua",0.661134462098818,"train","Dip"
"1407",16,"large Non-euc",0.613763427734375,"train","Dip"
"1408",16,"small Non-euc",0.525791564826028,"train","Dip"
"1409",17,"large Eucalyptus obliqua",0.605953732052365,"train","Dip"
"1410",17,"large Non-euc",0.502099609375,"train","Dip"
"1411",17,"small Non-euc",0.534306026812086,"train","Dip"
"1412",18,"large Eucalyptus obliqua",0.630402436127534,"train","Dip"
"1413",18,"large Non-euc",0.67879638671875,"train","Dip"
"1414",18,"small Non-euc",0.526008937669837,"train","Dip"
"1415",19,"large Eucalyptus obliqua",0.636814426731419,"train","Dip"
"1416",19,"large Non-euc",0.6409423828125,"train","Dip"
"1417",19,"small Non-euc",0.529959723719577,"train","Dip"
"1418",20,"large Eucalyptus obliqua",0.594728212098818,"train","Dip"
"1419",20,"large Non-euc",0.61375732421875,"train","Dip"
"1420",20,"small Non-euc",0.530450543293655,"train","Dip"
"1421",1,"large Eucalyptus obliqua",0.6086181640625,"test","Dip"
"1422",1,"large Non-euc",0.51552734375,"test","Dip"
"1423",1,"small Non-euc",0.5796142578125,"test","Dip"
"1424",2,"large Eucalyptus obliqua",0.546319580078125,"test","Dip"
"1425",2,"large Non-euc",0.529364013671875,"test","Dip"
"1426",2,"small Non-euc",0.7404296875,"test","Dip"
"1427",3,"large Eucalyptus obliqua",0.606268310546875,"test","Dip"
"1428",3,"large Non-euc",0.615081787109375,"test","Dip"
"1429",3,"small Non-euc",0.641943359375,"test","Dip"
"1430",4,"large Eucalyptus obliqua",0.7309326171875,"test","Dip"
"1431",4,"large Non-euc",0.637652587890625,"test","Dip"
"1432",4,"small Non-euc",0.575970458984375,"test","Dip"
"1433",5,"large Eucalyptus obliqua",0.59512939453125,"test","Dip"
"1434",5,"large Non-euc",0.537139892578125,"test","Dip"
"1435",5,"small Non-euc",0.690289306640625,"test","Dip"
"1436",6,"large Eucalyptus obliqua",0.594970703125,"test","Dip"
"1437",6,"large Non-euc",0.529827880859375,"test","Dip"
"1438",6,"small Non-euc",0.749981689453125,"test","Dip"
"1439",7,"large Eucalyptus obliqua",0.49423828125,"test","Dip"
"1440",7,"large Non-euc",0.467852783203125,"test","Dip"
"1441",7,"small Non-euc",0.732867431640625,"test","Dip"
"1442",8,"large Eucalyptus obliqua",0.56741943359375,"test","Dip"
"1443",8,"large Non-euc",0.660089111328125,"test","Dip"
"1444",8,"small Non-euc",0.67593994140625,"test","Dip"
"1445",9,"large Eucalyptus obliqua",0.62723388671875,"test","Dip"
"1446",9,"large Non-euc",0.5638427734375,"test","Dip"
"1447",9,"small Non-euc",0.560784912109375,"test","Dip"
"1448",10,"large Eucalyptus obliqua",0.557049560546875,"test","Dip"
"1449",10,"large Non-euc",0.562066650390625,"test","Dip"
"1450",10,"small Non-euc",0.546099853515625,"test","Dip"
"1451",11,"large Eucalyptus obliqua",0.542236328125,"test","Dip"
"1452",11,"large Non-euc",0.5767578125,"test","Dip"
"1453",11,"small Non-euc",0.4373779296875,"test","Dip"
"1454",12,"large Eucalyptus obliqua",0.535675048828125,"test","Dip"
"1455",12,"large Non-euc",0.5276611328125,"test","Dip"
"1456",12,"small Non-euc",0.68685302734375,"test","Dip"
"1457",13,"large Eucalyptus obliqua",0.654241943359375,"test","Dip"
"1458",13,"large Non-euc",0.5222412109375,"test","Dip"
"1459",13,"small Non-euc",0.587298583984375,"test","Dip"
"1460",14,"large Eucalyptus obliqua",0.622930908203125,"test","Dip"
"1461",14,"large Non-euc",0.49278564453125,"test","Dip"
"1462",14,"small Non-euc",0.59375,"test","Dip"
"1463",15,"large Eucalyptus obliqua",0.44739990234375,"test","Dip"
"1464",15,"large Non-euc",0.529998779296875,"test","Dip"
"1465",15,"small Non-euc",0.72666015625,"test","Dip"
"1466",16,"large Eucalyptus obliqua",0.487139892578125,"test","Dip"
"1467",16,"large Non-euc",0.592059326171875,"test","Dip"
"1468",16,"small Non-euc",0.529840087890625,"test","Dip"
"1469",17,"large Eucalyptus obliqua",0.6690673828125,"test","Dip"
"1470",17,"large Non-euc",0.69443359375,"test","Dip"
"1471",17,"small Non-euc",0.7089111328125,"test","Dip"
"1472",18,"large Eucalyptus obliqua",0.55421142578125,"test","Dip"
"1473",18,"large Non-euc",0.54031982421875,"test","Dip"
"1474",18,"small Non-euc",0.6573974609375,"test","Dip"
"1475",19,"large Eucalyptus obliqua",0.5066162109375,"test","Dip"
"1476",19,"large Non-euc",0.508917236328125,"test","Dip"
"1477",19,"small Non-euc",0.679156494140625,"test","Dip"
"1478",20,"large Eucalyptus obliqua",0.714874267578125,"test","Dip"
"1479",20,"large Non-euc",0.5232666015625,"test","Dip"
"1480",20,"small Non-euc",0.58074951171875,"test","Dip"
"1481",1,"large Eucalyptus regnans",0.673192517510776,"train","Weld"
"1482",1,"small Eucalyptus obliqua",0.771151029146635,"train","Weld"
"1483",1,"small Eucalyptus regnans",0.690046037946429,"train","Weld"
"1484",1,"small Non-euc",0.567230224609375,"train","Weld"
"1485",2,"large Eucalyptus regnans",0.664512897359914,"train","Weld"
"1486",2,"small Eucalyptus obliqua",0.711087740384615,"train","Weld"
"1487",2,"small Eucalyptus regnans",0.660387311662946,"train","Weld"
"1488",2,"small Non-euc",0.572995079888238,"train","Weld"
"1489",3,"large Eucalyptus regnans",0.675505539466595,"train","Weld"
"1490",3,"small Eucalyptus obliqua",0.733022836538462,"train","Weld"
"1491",3,"small Eucalyptus regnans",0.71372549874442,"train","Weld"
"1492",3,"small Non-euc",0.571705712212457,"train","Weld"
"1493",4,"large Eucalyptus regnans",0.659308071794181,"train","Weld"
"1494",4,"small Eucalyptus obliqua",0.638700045072115,"train","Weld"
"1495",4,"small Eucalyptus regnans",0.715087890625,"train","Weld"
"1496",4,"small Non-euc",0.549965328640408,"train","Weld"
"1497",5,"large Eucalyptus regnans",0.652118551320043,"train","Weld"
"1498",5,"small Eucalyptus obliqua",0.783217210036058,"train","Weld"
"1499",5,"small Eucalyptus regnans",0.671870640345982,"train","Weld"
"1500",5,"small Non-euc",0.559950086805556,"train","Weld"
"1501",6,"large Eucalyptus regnans",0.700050090921336,"train","Weld"
"1502",6,"small Eucalyptus obliqua",0.70819091796875,"train","Weld"
"1503",6,"small Eucalyptus regnans",0.692945207868304,"train","Weld"
"1504",6,"small Non-euc",0.555195702446832,"train","Weld"
"1505",7,"large Eucalyptus regnans",0.651583967537716,"train","Weld"
"1506",7,"small Eucalyptus obliqua",0.694697453425481,"train","Weld"
"1507",7,"small Eucalyptus regnans",0.699168613978795,"train","Weld"
"1508",7,"small Non-euc",0.565863715277778,"train","Weld"
"1509",8,"large Eucalyptus regnans",0.64892578125,"train","Weld"
"1510",8,"small Eucalyptus obliqua",0.723801832932692,"train","Weld"
"1511",8,"small Eucalyptus regnans",0.691816057477679,"train","Weld"
"1512",8,"small Non-euc",0.557199266221788,"train","Weld"
"1513",9,"large Eucalyptus regnans",0.663641567887931,"train","Weld"
"1514",9,"small Eucalyptus obliqua",0.733290452223558,"train","Weld"
"1515",9,"small Eucalyptus regnans",0.7080078125,"train","Weld"
"1516",9,"small Non-euc",0.574122111002604,"train","Weld"
"1517",10,"large Eucalyptus regnans",0.706343025996767,"train","Weld"
"1518",10,"small Eucalyptus obliqua",0.786015437199519,"train","Weld"
"1519",10,"small Eucalyptus regnans",0.661311558314732,"train","Weld"
"1520",10,"small Non-euc",0.559925927056207,"train","Weld"
"1521",11,"large Eucalyptus regnans",0.656460466056034,"train","Weld"
"1522",11,"small Eucalyptus obliqua",0.70477294921875,"train","Weld"
"1523",11,"small Eucalyptus regnans",0.737768990652902,"train","Weld"
"1524",11,"small Non-euc",0.551219940185547,"train","Weld"
"1525",12,"large Eucalyptus regnans",0.663182751885776,"train","Weld"
"1526",12,"small Eucalyptus obliqua",0.812847430889423,"train","Weld"
"1527",12,"small Eucalyptus regnans",0.72332763671875,"train","Weld"
"1528",12,"small Non-euc",0.557638804117839,"train","Weld"
"1529",13,"large Eucalyptus regnans",0.619115369073276,"train","Weld"
"1530",13,"small Eucalyptus obliqua",0.809307391826923,"train","Weld"
"1531",13,"small Eucalyptus regnans",0.722429547991071,"train","Weld"
"1532",13,"small Non-euc",0.570954216851128,"train","Weld"
"1533",14,"large Eucalyptus regnans",0.67248324690194,"train","Weld"
"1534",14,"small Eucalyptus obliqua",0.783545860877404,"train","Weld"
"1535",14,"small Eucalyptus regnans",0.682752336774554,"train","Weld"
"1536",14,"small Non-euc",0.565757327609592,"train","Weld"
"1537",15,"large Eucalyptus regnans",0.652996194773707,"train","Weld"
"1538",15,"small Eucalyptus obliqua",0.797475961538462,"train","Weld"
"1539",15,"small Eucalyptus regnans",0.727443150111607,"train","Weld"
"1540",15,"small Non-euc",0.558801015218099,"train","Weld"
"1541",16,"large Eucalyptus regnans",0.677909061826509,"train","Weld"
"1542",16,"small Eucalyptus obliqua",0.773249699519231,"train","Weld"
"1543",16,"small Eucalyptus regnans",0.672417776925223,"train","Weld"
"1544",16,"small Non-euc",0.56602054172092,"train","Weld"
"1545",17,"large Eucalyptus regnans",0.658910290948276,"train","Weld"
"1546",17,"small Eucalyptus obliqua",0.773836576021635,"train","Weld"
"1547",17,"small Eucalyptus regnans",0.73543221609933,"train","Weld"
"1548",17,"small Non-euc",0.5665283203125,"train","Weld"
"1549",18,"large Eucalyptus regnans",0.631372912176724,"train","Weld"
"1550",18,"small Eucalyptus obliqua",0.819547213040865,"train","Weld"
"1551",18,"small Eucalyptus regnans",0.712031773158482,"train","Weld"
"1552",18,"small Non-euc",0.553766462537977,"train","Weld"
"1553",19,"large Eucalyptus regnans",0.626104946794181,"train","Weld"
"1554",19,"small Eucalyptus obliqua",0.709125225360577,"train","Weld"
"1555",19,"small Eucalyptus regnans",0.687768118722098,"train","Weld"
"1556",19,"small Non-euc",0.556447347005208,"train","Weld"
"1557",20,"large Eucalyptus regnans",0.703739560883621,"train","Weld"
"1558",20,"small Eucalyptus obliqua",0.829425518329327,"train","Weld"
"1559",20,"small Eucalyptus regnans",0.701653616768973,"train","Weld"
"1560",20,"small Non-euc",0.563449859619141,"train","Weld"
"1561",1,"large Eucalyptus regnans",0.630474853515625,"test","Weld"
"1562",1,"small Eucalyptus obliqua",0.625054931640625,"test","Weld"
"1563",1,"small Eucalyptus regnans",0.681414794921875,"test","Weld"
"1564",1,"small Non-euc",0.55179443359375,"test","Weld"
"1565",2,"large Eucalyptus regnans",0.664495849609375,"test","Weld"
"1566",2,"small Eucalyptus obliqua",0.766607666015625,"test","Weld"
"1567",2,"small Eucalyptus regnans",0.611505126953125,"test","Weld"
"1568",2,"small Non-euc",0.600091552734375,"test","Weld"
"1569",3,"large Eucalyptus regnans",0.61256103515625,"test","Weld"
"1570",3,"small Eucalyptus obliqua",0.690081787109375,"test","Weld"
"1571",3,"small Eucalyptus regnans",0.53538818359375,"test","Weld"
"1572",3,"small Non-euc",0.589599609375,"test","Weld"
"1573",4,"large Eucalyptus regnans",0.707244873046875,"test","Weld"
"1574",4,"small Eucalyptus obliqua",0.7287109375,"test","Weld"
"1575",4,"small Eucalyptus regnans",0.64649658203125,"test","Weld"
"1576",4,"small Non-euc",0.623773193359375,"test","Weld"
"1577",5,"large Eucalyptus regnans",0.692205810546875,"test","Weld"
"1578",5,"small Eucalyptus obliqua",0.696771240234375,"test","Weld"
"1579",5,"small Eucalyptus regnans",0.721307373046875,"test","Weld"
"1580",5,"small Non-euc",0.610577392578125,"test","Weld"
"1581",6,"large Eucalyptus regnans",0.48992919921875,"test","Weld"
"1582",6,"small Eucalyptus obliqua",0.77431640625,"test","Weld"
"1583",6,"small Eucalyptus regnans",0.62943115234375,"test","Weld"
"1584",6,"small Non-euc",0.661773681640625,"test","Weld"
"1585",7,"large Eucalyptus regnans",0.624078369140625,"test","Weld"
"1586",7,"small Eucalyptus obliqua",0.784503173828125,"test","Weld"
"1587",7,"small Eucalyptus regnans",0.613580322265625,"test","Weld"
"1588",7,"small Non-euc",0.6747314453125,"test","Weld"
"1589",8,"large Eucalyptus regnans",0.699993896484375,"test","Weld"
"1590",8,"small Eucalyptus obliqua",0.494830322265625,"test","Weld"
"1591",8,"small Eucalyptus regnans",0.648370361328125,"test","Weld"
"1592",8,"small Non-euc",0.657208251953125,"test","Weld"
"1593",9,"large Eucalyptus regnans",0.6289306640625,"test","Weld"
"1594",9,"small Eucalyptus obliqua",0.703619384765625,"test","Weld"
"1595",9,"small Eucalyptus regnans",0.568121337890625,"test","Weld"
"1596",9,"small Non-euc",0.550506591796875,"test","Weld"
"1597",10,"large Eucalyptus regnans",0.575396728515625,"test","Weld"
"1598",10,"small Eucalyptus obliqua",0.396331787109375,"test","Weld"
"1599",10,"small Eucalyptus regnans",0.737139892578125,"test","Weld"
"1600",10,"small Non-euc",0.76551513671875,"test","Weld"
"1601",11,"large Eucalyptus regnans",0.669110107421875,"test","Weld"
"1602",11,"small Eucalyptus obliqua",0.678314208984375,"test","Weld"
"1603",11,"small Eucalyptus regnans",0.529833984375,"test","Weld"
"1604",11,"small Non-euc",0.751971435546875,"test","Weld"
"1605",12,"large Eucalyptus regnans",0.591033935546875,"test","Weld"
"1606",12,"small Eucalyptus obliqua",0.632891845703125,"test","Weld"
"1607",12,"small Eucalyptus regnans",0.6248046875,"test","Weld"
"1608",12,"small Non-euc",0.688885498046875,"test","Weld"
"1609",13,"large Eucalyptus regnans",0.603369140625,"test","Weld"
"1610",13,"small Eucalyptus obliqua",0.568817138671875,"test","Weld"
"1611",13,"small Eucalyptus regnans",0.631829833984375,"test","Weld"
"1612",13,"small Non-euc",0.5042724609375,"test","Weld"
"1613",14,"large Eucalyptus regnans",0.472833251953125,"test","Weld"
"1614",14,"small Eucalyptus obliqua",0.640350341796875,"test","Weld"
"1615",14,"small Eucalyptus regnans",0.78194580078125,"test","Weld"
"1616",14,"small Non-euc",0.572705078125,"test","Weld"
"1617",15,"large Eucalyptus regnans",0.60714111328125,"test","Weld"
"1618",15,"small Eucalyptus obliqua",0.611505126953125,"test","Weld"
"1619",15,"small Eucalyptus regnans",0.607159423828125,"test","Weld"
"1620",15,"small Non-euc",0.659454345703125,"test","Weld"
"1621",16,"large Eucalyptus regnans",0.597589111328125,"test","Weld"
"1622",16,"small Eucalyptus obliqua",0.61937255859375,"test","Weld"
"1623",16,"small Eucalyptus regnans",0.74239501953125,"test","Weld"
"1624",16,"small Non-euc",0.532989501953125,"test","Weld"
"1625",17,"large Eucalyptus regnans",0.563330078125,"test","Weld"
"1626",17,"small Eucalyptus obliqua",0.660540771484375,"test","Weld"
"1627",17,"small Eucalyptus regnans",0.524786376953125,"test","Weld"
"1628",17,"small Non-euc",0.581817626953125,"test","Weld"
"1629",18,"large Eucalyptus regnans",0.657611083984375,"test","Weld"
"1630",18,"small Eucalyptus obliqua",0.618499755859375,"test","Weld"
"1631",18,"small Eucalyptus regnans",0.6675537109375,"test","Weld"
"1632",18,"small Non-euc",0.715997314453125,"test","Weld"
"1633",19,"large Eucalyptus regnans",0.58013916015625,"test","Weld"
"1634",19,"small Eucalyptus obliqua",0.59779052734375,"test","Weld"
"1635",19,"small Eucalyptus regnans",0.72633056640625,"test","Weld"
"1636",19,"small Non-euc",0.6549560546875,"test","Weld"
"1637",20,"large Eucalyptus regnans",0.516522216796875,"test","Weld"
"1638",20,"small Eucalyptus obliqua",0.627197265625,"test","Weld"
"1639",20,"small Eucalyptus regnans",0.644677734375,"test","Weld"
"1640",20,"small Non-euc",0.595318603515625,"test","Weld"
"1641",1,"large Eucalyptus obliqua",0.547003688582455,"train","ZigZag"
"1642",1,"small Eucalyptus obliqua",0.54923677444458,"train","ZigZag"
"1643",1,"small Non-euc",0.519572444746451,"train","ZigZag"
"1644",2,"large Eucalyptus obliqua",0.542843738234187,"train","ZigZag"
"1645",2,"small Eucalyptus obliqua",0.58067798614502,"train","ZigZag"
"1646",2,"small Non-euc",0.518644805987884,"train","ZigZag"
"1647",3,"large Eucalyptus obliqua",0.525815665003765,"train","ZigZag"
"1648",3,"small Eucalyptus obliqua",0.599210739135742,"train","ZigZag"
"1649",3,"small Non-euc",0.519728777614026,"train","ZigZag"
"1650",4,"large Eucalyptus obliqua",0.566479050969503,"train","ZigZag"
"1651",4,"small Eucalyptus obliqua",0.580986022949219,"train","ZigZag"
"1652",4,"small Non-euc",0.516729130757384,"train","ZigZag"
"1653",5,"large Eucalyptus obliqua",0.564195012471762,"train","ZigZag"
"1654",5,"small Eucalyptus obliqua",0.575016498565674,"train","ZigZag"
"1655",5,"small Non-euc",0.519607504105132,"train","ZigZag"
"1656",6,"large Eucalyptus obliqua",0.557399519954819,"train","ZigZag"
"1657",6,"small Eucalyptus obliqua",0.568002223968506,"train","ZigZag"
"1658",6,"small Non-euc",0.517074306079675,"train","ZigZag"
"1659",7,"large Eucalyptus obliqua",0.545254994587726,"train","ZigZag"
"1660",7,"small Eucalyptus obliqua",0.564113140106201,"train","ZigZag"
"1661",7,"small Non-euc",0.519788537884506,"train","ZigZag"
"1662",8,"large Eucalyptus obliqua",0.541387718844127,"train","ZigZag"
"1663",8,"small Eucalyptus obliqua",0.589943885803223,"train","ZigZag"
"1664",8,"small Non-euc",0.519294997730703,"train","ZigZag"
"1665",9,"large Eucalyptus obliqua",0.549248017460467,"train","ZigZag"
"1666",9,"small Eucalyptus obliqua",0.562631607055664,"train","ZigZag"
"1667",9,"small Non-euc",0.518967670809195,"train","ZigZag"
"1668",10,"large Eucalyptus obliqua",0.536412985928087,"train","ZigZag"
"1669",10,"small Eucalyptus obliqua",0.572800159454346,"train","ZigZag"
"1670",10,"small Non-euc",0.51969188560705,"train","ZigZag"
"1671",11,"large Eucalyptus obliqua",0.559948289250753,"train","ZigZag"
"1672",11,"small Eucalyptus obliqua",0.571828365325928,"train","ZigZag"
"1673",11,"small Non-euc",0.521676723390584,"train","ZigZag"
"1674",12,"large Eucalyptus obliqua",0.556882559535015,"train","ZigZag"
"1675",12,"small Eucalyptus obliqua",0.592466831207275,"train","ZigZag"
"1676",12,"small Non-euc",0.517750234578982,"train","ZigZag"
"1677",13,"large Eucalyptus obliqua",0.541489934346762,"train","ZigZag"
"1678",13,"small Eucalyptus obliqua",0.593948841094971,"train","ZigZag"
"1679",13,"small Non-euc",0.520449486476012,"train","ZigZag"
"1680",14,"large Eucalyptus obliqua",0.548537656485316,"train","ZigZag"
"1681",14,"small Eucalyptus obliqua",0.590383529663086,"train","ZigZag"
"1682",14,"small Non-euc",0.521308201722626,"train","ZigZag"
"1683",15,"large Eucalyptus obliqua",0.550648884600904,"train","ZigZag"
"1684",15,"small Eucalyptus obliqua",0.582058906555176,"train","ZigZag"
"1685",15,"small Non-euc",0.520346858171508,"train","ZigZag"
"1686",16,"large Eucalyptus obliqua",0.541893648814006,"train","ZigZag"
"1687",16,"small Eucalyptus obliqua",0.582469463348389,"train","ZigZag"
"1688",16,"small Non-euc",0.520785976638993,"train","ZigZag"
"1689",17,"large Eucalyptus obliqua",0.521569677146084,"train","ZigZag"
"1690",17,"small Eucalyptus obliqua",0.598630428314209,"train","ZigZag"
"1691",17,"small Non-euc",0.517848241422569,"train","ZigZag"
"1692",18,"large Eucalyptus obliqua",0.554107298333961,"train","ZigZag"
"1693",18,"small Eucalyptus obliqua",0.605027198791504,"train","ZigZag"
"1694",18,"small Non-euc",0.521058881874184,"train","ZigZag"
"1695",19,"large Eucalyptus obliqua",0.54307317159262,"train","ZigZag"
"1696",19,"small Eucalyptus obliqua",0.592948913574219,"train","ZigZag"
"1697",19,"small Non-euc",0.521823494614883,"train","ZigZag"
"1698",20,"large Eucalyptus obliqua",0.564512689429593,"train","ZigZag"
"1699",20,"small Eucalyptus obliqua",0.537539005279541,"train","ZigZag"
"1700",20,"small Non-euc",0.51938057443803,"train","ZigZag"
"1701",1,"large Eucalyptus obliqua",0.58284912109375,"test","ZigZag"
"1702",1,"small Eucalyptus obliqua",0.50938720703125,"test","ZigZag"
"1703",1,"small Non-euc",0.50740966796875,"test","ZigZag"
"1704",2,"large Eucalyptus obliqua",0.497540283203125,"test","ZigZag"
"1705",2,"small Eucalyptus obliqua",0.6939697265625,"test","ZigZag"
"1706",2,"small Non-euc",0.504864501953125,"test","ZigZag"
"1707",3,"large Eucalyptus obliqua",0.63035888671875,"test","ZigZag"
"1708",3,"small Eucalyptus obliqua",0.53134765625,"test","ZigZag"
"1709",3,"small Non-euc",0.580218505859375,"test","ZigZag"
"1710",4,"large Eucalyptus obliqua",0.464306640625,"test","ZigZag"
"1711",4,"small Eucalyptus obliqua",0.658782958984375,"test","ZigZag"
"1712",4,"small Non-euc",0.7018310546875,"test","ZigZag"
"1713",5,"large Eucalyptus obliqua",0.424676513671875,"test","ZigZag"
"1714",5,"small Eucalyptus obliqua",0.546441650390625,"test","ZigZag"
"1715",5,"small Non-euc",0.59091796875,"test","ZigZag"
"1716",6,"large Eucalyptus obliqua",0.565594482421875,"test","ZigZag"
"1717",6,"small Eucalyptus obliqua",0.610205078125,"test","ZigZag"
"1718",6,"small Non-euc",0.654071044921875,"test","ZigZag"
"1719",7,"large Eucalyptus obliqua",0.568890380859375,"test","ZigZag"
"1720",7,"small Eucalyptus obliqua",0.451141357421875,"test","ZigZag"
"1721",7,"small Non-euc",0.442303466796875,"test","ZigZag"
"1722",8,"large Eucalyptus obliqua",0.509661865234375,"test","ZigZag"
"1723",8,"small Eucalyptus obliqua",0.604364013671875,"test","ZigZag"
"1724",8,"small Non-euc",0.474298095703125,"test","ZigZag"
"1725",9,"large Eucalyptus obliqua",0.458428955078125,"test","ZigZag"
"1726",9,"small Eucalyptus obliqua",0.4190185546875,"test","ZigZag"
"1727",9,"small Non-euc",0.523529052734375,"test","ZigZag"
"1728",10,"large Eucalyptus obliqua",0.47052001953125,"test","ZigZag"
"1729",10,"small Eucalyptus obliqua",0.723822021484375,"test","ZigZag"
"1730",10,"small Non-euc",0.4768798828125,"test","ZigZag"
"1731",11,"large Eucalyptus obliqua",0.62269287109375,"test","ZigZag"
"1732",11,"small Eucalyptus obliqua",0.54091796875,"test","ZigZag"
"1733",11,"small Non-euc",0.493115234375,"test","ZigZag"
"1734",12,"large Eucalyptus obliqua",0.533087158203125,"test","ZigZag"
"1735",12,"small Eucalyptus obliqua",0.57943115234375,"test","ZigZag"
"1736",12,"small Non-euc",0.594854736328125,"test","ZigZag"
"1737",13,"large Eucalyptus obliqua",0.683111572265625,"test","ZigZag"
"1738",13,"small Eucalyptus obliqua",0.64886474609375,"test","ZigZag"
"1739",13,"small Non-euc",0.4268798828125,"test","ZigZag"
"1740",14,"large Eucalyptus obliqua",0.452105712890625,"test","ZigZag"
"1741",14,"small Eucalyptus obliqua",0.600531005859375,"test","ZigZag"
"1742",14,"small Non-euc",0.569952392578125,"test","ZigZag"
"1743",15,"large Eucalyptus obliqua",0.52930908203125,"test","ZigZag"
"1744",15,"small Eucalyptus obliqua",0.563446044921875,"test","ZigZag"
"1745",15,"small Non-euc",0.462725830078125,"test","ZigZag"
"1746",16,"large Eucalyptus obliqua",0.603045654296875,"test","ZigZag"
"1747",16,"small Eucalyptus obliqua",0.606231689453125,"test","ZigZag"
"1748",16,"small Non-euc",0.489013671875,"test","ZigZag"
"1749",17,"large Eucalyptus obliqua",0.628509521484375,"test","ZigZag"
"1750",17,"small Eucalyptus obliqua",0.474957275390625,"test","ZigZag"
"1751",17,"small Non-euc",0.637188720703125,"test","ZigZag"
"1752",18,"large Eucalyptus obliqua",0.552783203125,"test","ZigZag"
"1753",18,"small Eucalyptus obliqua",0.437823486328125,"test","ZigZag"
"1754",18,"small Non-euc",0.433221435546875,"test","ZigZag"
"1755",19,"large Eucalyptus obliqua",0.591082763671875,"test","ZigZag"
"1756",19,"small Eucalyptus obliqua",0.597479248046875,"test","ZigZag"
"1757",19,"small Non-euc",0.40394287109375,"test","ZigZag"
"1758",20,"large Eucalyptus obliqua",0.574615478515625,"test","ZigZag"
"1759",20,"small Eucalyptus obliqua",0.7610107421875,"test","ZigZag"
"1760",20,"small Non-euc",0.414105224609375,"test","ZigZag"
"1761",1,"large Eucalyptus regnans",0.565055739711708,"train","NorthStyx"
"1762",1,"small Eucalyptus delegatensis",0.754986198580995,"train","NorthStyx"
"1763",1,"small Eucalyptus regnans",0.677865642390839,"train","NorthStyx"
"1764",1,"small Non-euc",0.667014425115068,"train","NorthStyx"
"1765",2,"large Eucalyptus regnans",0.562274771676937,"train","NorthStyx"
"1766",2,"small Eucalyptus delegatensis",0.761713767538265,"train","NorthStyx"
"1767",2,"small Eucalyptus regnans",0.677631534942209,"train","NorthStyx"
"1768",2,"small Non-euc",0.664275413335756,"train","NorthStyx"
"1769",3,"large Eucalyptus regnans",0.561722016670335,"train","NorthStyx"
"1770",3,"small Eucalyptus delegatensis",0.759205098054847,"train","NorthStyx"
"1771",3,"small Eucalyptus regnans",0.668639300620719,"train","NorthStyx"
"1772",3,"small Non-euc",0.67144160307655,"train","NorthStyx"
"1773",4,"large Eucalyptus regnans",0.577549034441021,"train","NorthStyx"
"1774",4,"small Eucalyptus delegatensis",0.757961973852041,"train","NorthStyx"
"1775",4,"small Eucalyptus regnans",0.668677761130137,"train","NorthStyx"
"1776",4,"small Non-euc",0.672669403312742,"train","NorthStyx"
"1777",5,"large Eucalyptus regnans",0.55621337890625,"train","NorthStyx"
"1778",5,"small Eucalyptus delegatensis",0.759677186304209,"train","NorthStyx"
"1779",5,"small Eucalyptus regnans",0.67400663192958,"train","NorthStyx"
"1780",5,"small Non-euc",0.670842133751211,"train","NorthStyx"
"1781",6,"large Eucalyptus regnans",0.568955112511004,"train","NorthStyx"
"1782",6,"small Eucalyptus delegatensis",0.786149005500638,"train","NorthStyx"
"1783",6,"small Eucalyptus regnans",0.669933162323416,"train","NorthStyx"
"1784",6,"small Non-euc",0.673475162003392,"train","NorthStyx"
"1785",7,"large Eucalyptus regnans",0.556530589788732,"train","NorthStyx"
"1786",7,"small Eucalyptus delegatensis",0.748705805564413,"train","NorthStyx"
"1787",7,"small Eucalyptus regnans",0.673865749411387,"train","NorthStyx"
"1788",7,"small Non-euc",0.653836035913275,"train","NorthStyx"
"1789",8,"large Eucalyptus regnans",0.577311771016725,"train","NorthStyx"
"1790",8,"small Eucalyptus delegatensis",0.804197973134566,"train","NorthStyx"
"1791",8,"small Eucalyptus regnans",0.673724030795163,"train","NorthStyx"
"1792",8,"small Non-euc",0.658699449642684,"train","NorthStyx"
"1793",9,"large Eucalyptus regnans",0.584182954170335,"train","NorthStyx"
"1794",9,"small Eucalyptus delegatensis",0.756417410714286,"train","NorthStyx"
"1795",9,"small Eucalyptus regnans",0.672128337703339,"train","NorthStyx"
"1796",9,"small Non-euc",0.664252229439196,"train","NorthStyx"
"1797",10,"large Eucalyptus regnans",0.558379697128081,"train","NorthStyx"
"1798",10,"small Eucalyptus delegatensis",0.769177495216837,"train","NorthStyx"
"1799",10,"small Eucalyptus regnans",0.67260282333583,"train","NorthStyx"
"1800",10,"small Non-euc",0.656740646953731,"train","NorthStyx"
"1801",11,"large Eucalyptus regnans",0.564133335167254,"train","NorthStyx"
"1802",11,"small Eucalyptus delegatensis",0.767890774473852,"train","NorthStyx"
"1803",11,"small Eucalyptus regnans",0.674279617936644,"train","NorthStyx"
"1804",11,"small Non-euc",0.668642029281735,"train","NorthStyx"
"1805",12,"large Eucalyptus regnans",0.554041043133803,"train","NorthStyx"
"1806",12,"small Eucalyptus delegatensis",0.758502570950255,"train","NorthStyx"
"1807",12,"small Eucalyptus regnans",0.665111803028682,"train","NorthStyx"
"1808",12,"small Non-euc",0.670659028282461,"train","NorthStyx"
"1809",13,"large Eucalyptus regnans",0.563008053202025,"train","NorthStyx"
"1810",13,"small Eucalyptus delegatensis",0.775736906090561,"train","NorthStyx"
"1811",13,"small Eucalyptus regnans",0.674915470489084,"train","NorthStyx"
"1812",13,"small Non-euc",0.665354174236919,"train","NorthStyx"
"1813",14,"large Eucalyptus regnans",0.550208723041373,"train","NorthStyx"
"1814",14,"small Eucalyptus delegatensis",0.773976851482781,"train","NorthStyx"
"1815",14,"small Eucalyptus regnans",0.667056567048373,"train","NorthStyx"
"1816",14,"small Non-euc",0.667322439740795,"train","NorthStyx"
"1817",15,"large Eucalyptus regnans",0.548131808428697,"train","NorthStyx"
"1818",15,"small Eucalyptus delegatensis",0.774690589126276,"train","NorthStyx"
"1819",15,"small Eucalyptus regnans",0.675732756314212,"train","NorthStyx"
"1820",15,"small Non-euc",0.66653560667999,"train","NorthStyx"
"1821",16,"large Eucalyptus regnans",0.589363205600792,"train","NorthStyx"
"1822",16,"small Eucalyptus delegatensis",0.76840895049426,"train","NorthStyx"
"1823",16,"small Eucalyptus regnans",0.678013213693279,"train","NorthStyx"
"1824",16,"small Non-euc",0.665116657582364,"train","NorthStyx"
"1825",17,"large Eucalyptus regnans",0.551020232724472,"train","NorthStyx"
"1826",17,"small Eucalyptus delegatensis",0.776724679129464,"train","NorthStyx"
"1827",17,"small Eucalyptus regnans",0.673300129093536,"train","NorthStyx"
"1828",17,"small Non-euc",0.666307079699612,"train","NorthStyx"
"1829",18,"large Eucalyptus regnans",0.559066557548415,"train","NorthStyx"
"1830",18,"small Eucalyptus delegatensis",0.774737922512755,"train","NorthStyx"
"1831",18,"small Eucalyptus regnans",0.672976559155608,"train","NorthStyx"
"1832",18,"small Non-euc",0.666890462239583,"train","NorthStyx"
"1833",19,"large Eucalyptus regnans",0.570212780589789,"train","NorthStyx"
"1834",19,"small Eucalyptus delegatensis",0.75214993223852,"train","NorthStyx"
"1835",19,"small Eucalyptus regnans",0.672599896992723,"train","NorthStyx"
"1836",19,"small Non-euc",0.663650394410126,"train","NorthStyx"
"1837",20,"large Eucalyptus regnans",0.552323462257923,"train","NorthStyx"
"1838",20,"small Eucalyptus delegatensis",0.785392916932398,"train","NorthStyx"
"1839",20,"small Eucalyptus regnans",0.674359465298587,"train","NorthStyx"
"1840",20,"small Non-euc",0.666806716327519,"train","NorthStyx"
"1841",1,"large Eucalyptus regnans",0.596148681640625,"test","NorthStyx"
"1842",1,"small Eucalyptus delegatensis",0.874029541015625,"test","NorthStyx"
"1843",1,"small Eucalyptus regnans",0.771563720703125,"test","NorthStyx"
"1844",1,"small Non-euc",0.6567138671875,"test","NorthStyx"
"1845",2,"large Eucalyptus regnans",0.565728759765625,"test","NorthStyx"
"1846",2,"small Eucalyptus delegatensis",0.873687744140625,"test","NorthStyx"
"1847",2,"small Eucalyptus regnans",0.75126953125,"test","NorthStyx"
"1848",2,"small Non-euc",0.680322265625,"test","NorthStyx"
"1849",3,"large Eucalyptus regnans",0.576739501953125,"test","NorthStyx"
"1850",3,"small Eucalyptus delegatensis",0.68912353515625,"test","NorthStyx"
"1851",3,"small Eucalyptus regnans",0.85340576171875,"test","NorthStyx"
"1852",3,"small Non-euc",0.678948974609375,"test","NorthStyx"
"1853",4,"large Eucalyptus regnans",0.4224609375,"test","NorthStyx"
"1854",4,"small Eucalyptus delegatensis",0.8740234375,"test","NorthStyx"
"1855",4,"small Eucalyptus regnans",0.726995849609375,"test","NorthStyx"
"1856",4,"small Non-euc",0.5453125,"test","NorthStyx"
"1857",5,"large Eucalyptus regnans",0.581549072265625,"test","NorthStyx"
"1858",5,"small Eucalyptus delegatensis",0.926116943359375,"test","NorthStyx"
"1859",5,"small Eucalyptus regnans",0.790966796875,"test","NorthStyx"
"1860",5,"small Non-euc",0.750274658203125,"test","NorthStyx"
"1861",6,"large Eucalyptus regnans",0.49876708984375,"test","NorthStyx"
"1862",6,"small Eucalyptus delegatensis",0.860382080078125,"test","NorthStyx"
"1863",6,"small Eucalyptus regnans",0.787078857421875,"test","NorthStyx"
"1864",6,"small Non-euc",0.6052490234375,"test","NorthStyx"
"1865",7,"large Eucalyptus regnans",0.62972412109375,"test","NorthStyx"
"1866",7,"small Eucalyptus delegatensis",0.9099365234375,"test","NorthStyx"
"1867",7,"small Eucalyptus regnans",0.691522216796875,"test","NorthStyx"
"1868",7,"small Non-euc",0.82061767578125,"test","NorthStyx"
"1869",8,"large Eucalyptus regnans",0.462109375,"test","NorthStyx"
"1870",8,"small Eucalyptus delegatensis",0.668231201171875,"test","NorthStyx"
"1871",8,"small Eucalyptus regnans",0.6623046875,"test","NorthStyx"
"1872",8,"small Non-euc",0.800909423828125,"test","NorthStyx"
"1873",9,"large Eucalyptus regnans",0.420098876953125,"test","NorthStyx"
"1874",9,"small Eucalyptus delegatensis",0.88870849609375,"test","NorthStyx"
"1875",9,"small Eucalyptus regnans",0.676849365234375,"test","NorthStyx"
"1876",9,"small Non-euc",0.685693359375,"test","NorthStyx"
"1877",10,"large Eucalyptus regnans",0.590753173828125,"test","NorthStyx"
"1878",10,"small Eucalyptus delegatensis",0.870770263671875,"test","NorthStyx"
"1879",10,"small Eucalyptus regnans",0.76572265625,"test","NorthStyx"
"1880",10,"small Non-euc",0.757470703125,"test","NorthStyx"
"1881",11,"large Eucalyptus regnans",0.5387451171875,"test","NorthStyx"
"1882",11,"small Eucalyptus delegatensis",0.874560546875,"test","NorthStyx"
"1883",11,"small Eucalyptus regnans",0.788201904296875,"test","NorthStyx"
"1884",11,"small Non-euc",0.599273681640625,"test","NorthStyx"
"1885",12,"large Eucalyptus regnans",0.609820556640625,"test","NorthStyx"
"1886",12,"small Eucalyptus delegatensis",0.835321044921875,"test","NorthStyx"
"1887",12,"small Eucalyptus regnans",0.78297119140625,"test","NorthStyx"
"1888",12,"small Non-euc",0.784765625,"test","NorthStyx"
"1889",13,"large Eucalyptus regnans",0.55780029296875,"test","NorthStyx"
"1890",13,"small Eucalyptus delegatensis",0.87803955078125,"test","NorthStyx"
"1891",13,"small Eucalyptus regnans",0.765118408203125,"test","NorthStyx"
"1892",13,"small Non-euc",0.701910400390625,"test","NorthStyx"
"1893",14,"large Eucalyptus regnans",0.6624755859375,"test","NorthStyx"
"1894",14,"small Eucalyptus delegatensis",0.818133544921875,"test","NorthStyx"
"1895",14,"small Eucalyptus regnans",0.7724365234375,"test","NorthStyx"
"1896",14,"small Non-euc",0.6496826171875,"test","NorthStyx"
"1897",15,"large Eucalyptus regnans",0.63265380859375,"test","NorthStyx"
"1898",15,"small Eucalyptus delegatensis",0.86778564453125,"test","NorthStyx"
"1899",15,"small Eucalyptus regnans",0.679888916015625,"test","NorthStyx"
"1900",15,"small Non-euc",0.737158203125,"test","NorthStyx"
"1901",16,"large Eucalyptus regnans",0.420263671875,"test","NorthStyx"
"1902",16,"small Eucalyptus delegatensis",0.83388671875,"test","NorthStyx"
"1903",16,"small Eucalyptus regnans",0.685833740234375,"test","NorthStyx"
"1904",16,"small Non-euc",0.69517822265625,"test","NorthStyx"
"1905",17,"large Eucalyptus regnans",0.70701904296875,"test","NorthStyx"
"1906",17,"small Eucalyptus delegatensis",0.8076416015625,"test","NorthStyx"
"1907",17,"small Eucalyptus regnans",0.754144287109375,"test","NorthStyx"
"1908",17,"small Non-euc",0.59932861328125,"test","NorthStyx"
"1909",18,"large Eucalyptus regnans",0.604107666015625,"test","NorthStyx"
"1910",18,"small Eucalyptus delegatensis",0.88299560546875,"test","NorthStyx"
"1911",18,"small Eucalyptus regnans",0.598577880859375,"test","NorthStyx"
"1912",18,"small Non-euc",0.63497314453125,"test","NorthStyx"
"1913",19,"large Eucalyptus regnans",0.5477294921875,"test","NorthStyx"
"1914",19,"small Eucalyptus delegatensis",0.935687255859375,"test","NorthStyx"
"1915",19,"small Eucalyptus regnans",0.726641845703125,"test","NorthStyx"
"1916",19,"small Non-euc",0.700665283203125,"test","NorthStyx"
"1917",20,"large Eucalyptus regnans",0.57081298828125,"test","NorthStyx"
"1918",20,"small Eucalyptus delegatensis",0.839312744140625,"test","NorthStyx"
"1919",20,"small Eucalyptus regnans",0.73466796875,"test","NorthStyx"
"1920",20,"small Non-euc",0.659063720703125,"test","NorthStyx"
"1921",1,"large Eucalyptus cypellocarpa",0.67698974609375,"train","Newline"
"1922",1,"large Eucalyptus fastigata",0.696988192471591,"train","Newline"
"1923",1,"small Eucalyptus cypellocarpa",0.678648296155428,"train","Newline"
"1924",1,"small Eucalyptus fastigata",0.660234339096967,"train","Newline"
"1925",1,"small Eucalyptus obliqua",0.72711181640625,"train","Newline"
"1926",1,"small Eucalyptus radiata",0.794464111328125,"train","Newline"
"1927",2,"large Eucalyptus cypellocarpa",0.59517333984375,"train","Newline"
"1928",2,"large Eucalyptus fastigata",0.674702037464489,"train","Newline"
"1929",2,"small Eucalyptus cypellocarpa",0.670180471319901,"train","Newline"
"1930",2,"small Eucalyptus fastigata",0.638162051930147,"train","Newline"
"1931",2,"small Eucalyptus obliqua",0.681167602539062,"train","Newline"
"1932",2,"small Eucalyptus radiata",0.807413736979167,"train","Newline"
"1933",3,"large Eucalyptus cypellocarpa",0.6401953125,"train","Newline"
"1934",3,"large Eucalyptus fastigata",0.692219127308239,"train","Newline"
"1935",3,"small Eucalyptus cypellocarpa",0.647538034539474,"train","Newline"
"1936",3,"small Eucalyptus fastigata",0.612634995404412,"train","Newline"
"1937",3,"small Eucalyptus obliqua",0.7221435546875,"train","Newline"
"1938",3,"small Eucalyptus radiata",0.807973225911458,"train","Newline"
"1939",4,"large Eucalyptus cypellocarpa",0.65683837890625,"train","Newline"
"1940",4,"large Eucalyptus fastigata",0.688292069868608,"train","Newline"
"1941",4,"small Eucalyptus cypellocarpa",0.670652690686678,"train","Newline"
"1942",4,"small Eucalyptus fastigata",0.620838838465073,"train","Newline"
"1943",4,"small Eucalyptus obliqua",0.705018615722656,"train","Newline"
"1944",4,"small Eucalyptus radiata",0.907430013020833,"train","Newline"
"1945",5,"large Eucalyptus cypellocarpa",0.70172607421875,"train","Newline"
"1946",5,"large Eucalyptus fastigata",0.712306629527699,"train","Newline"
"1947",5,"small Eucalyptus cypellocarpa",0.634897332442434,"train","Newline"
"1948",5,"small Eucalyptus fastigata",0.611005895278033,"train","Newline"
"1949",5,"small Eucalyptus obliqua",0.747018432617187,"train","Newline"
"1950",5,"small Eucalyptus radiata",0.834564208984375,"train","Newline"
"1951",6,"large Eucalyptus cypellocarpa",0.69705810546875,"train","Newline"
"1952",6,"large Eucalyptus fastigata",0.679013338955966,"train","Newline"
"1953",6,"small Eucalyptus cypellocarpa",0.720495926706414,"train","Newline"
"1954",6,"small Eucalyptus fastigata",0.609528485466452,"train","Newline"
"1955",6,"small Eucalyptus obliqua",0.750859069824219,"train","Newline"
"1956",6,"small Eucalyptus radiata",0.875691731770833,"train","Newline"
"1957",7,"large Eucalyptus cypellocarpa",0.664697265625,"train","Newline"
"1958",7,"large Eucalyptus fastigata",0.675295743075284,"train","Newline"
"1959",7,"small Eucalyptus cypellocarpa",0.686499344675164,"train","Newline"
"1960",7,"small Eucalyptus fastigata",0.615998212028952,"train","Newline"
"1961",7,"small Eucalyptus obliqua",0.720196533203125,"train","Newline"
"1962",7,"small Eucalyptus radiata",0.861297607421875,"train","Newline"
"1963",8,"large Eucalyptus cypellocarpa",0.6763916015625,"train","Newline"
"1964",8,"large Eucalyptus fastigata",0.717479359019886,"train","Newline"
"1965",8,"small Eucalyptus cypellocarpa",0.652118883634868,"train","Newline"
"1966",8,"small Eucalyptus fastigata",0.643738690544577,"train","Newline"
"1967",8,"small Eucalyptus obliqua",0.712013244628906,"train","Newline"
"1968",8,"small Eucalyptus radiata",0.901407877604167,"train","Newline"
"1969",9,"large Eucalyptus cypellocarpa",0.6572314453125,"train","Newline"
"1970",9,"large Eucalyptus fastigata",0.729026100852273,"train","Newline"
"1971",9,"small Eucalyptus cypellocarpa",0.682204397101151,"train","Newline"
"1972",9,"small Eucalyptus fastigata",0.61906343347886,"train","Newline"
"1973",9,"small Eucalyptus obliqua",0.735780334472656,"train","Newline"
"1974",9,"small Eucalyptus radiata",0.902730305989583,"train","Newline"
"1975",10,"large Eucalyptus cypellocarpa",0.6609326171875,"train","Newline"
"1976",10,"large Eucalyptus fastigata",0.716576316139915,"train","Newline"
"1977",10,"small Eucalyptus cypellocarpa",0.707802220394737,"train","Newline"
"1978",10,"small Eucalyptus fastigata",0.613815307617188,"train","Newline"
"1979",10,"small Eucalyptus obliqua",0.722525024414063,"train","Newline"
"1980",10,"small Eucalyptus radiata",0.935251871744792,"train","Newline"
"1981",11,"large Eucalyptus cypellocarpa",0.6036572265625,"train","Newline"
"1982",11,"large Eucalyptus fastigata",0.693133267489347,"train","Newline"
"1983",11,"small Eucalyptus cypellocarpa",0.699761641652961,"train","Newline"
"1984",11,"small Eucalyptus fastigata",0.614770328297335,"train","Newline"
"1985",11,"small Eucalyptus obliqua",0.707835388183594,"train","Newline"
"1986",11,"small Eucalyptus radiata",0.908925374348958,"train","Newline"
"1987",12,"large Eucalyptus cypellocarpa",0.686328125,"train","Newline"
"1988",12,"large Eucalyptus fastigata",0.70826582475142,"train","Newline"
"1989",12,"small Eucalyptus cypellocarpa",0.655225251850329,"train","Newline"
"1990",12,"small Eucalyptus fastigata",0.649052339441636,"train","Newline"
"1991",12,"small Eucalyptus obliqua",0.726507568359375,"train","Newline"
"1992",12,"small Eucalyptus radiata",0.881256103515625,"train","Newline"
"1993",13,"large Eucalyptus cypellocarpa",0.6666650390625,"train","Newline"
"1994",13,"large Eucalyptus fastigata",0.689496127041903,"train","Newline"
"1995",13,"small Eucalyptus cypellocarpa",0.662748637952303,"train","Newline"
"1996",13,"small Eucalyptus fastigata",0.622143016142004,"train","Newline"
"1997",13,"small Eucalyptus obliqua",0.720295715332031,"train","Newline"
"1998",13,"small Eucalyptus radiata",0.842295328776042,"train","Newline"
"1999",14,"large Eucalyptus cypellocarpa",0.60311767578125,"train","Newline"
"2000",14,"large Eucalyptus fastigata",0.681582364169034,"train","Newline"
"2001",14,"small Eucalyptus cypellocarpa",0.685281853926809,"train","Newline"
"2002",14,"small Eucalyptus fastigata",0.64512544519761,"train","Newline"
"2003",14,"small Eucalyptus obliqua",0.715231323242188,"train","Newline"
"2004",14,"small Eucalyptus radiata",0.817830403645833,"train","Newline"
"2005",15,"large Eucalyptus cypellocarpa",0.6641064453125,"train","Newline"
"2006",15,"large Eucalyptus fastigata",0.688991199840199,"train","Newline"
"2007",15,"small Eucalyptus cypellocarpa",0.692360325863487,"train","Newline"
"2008",15,"small Eucalyptus fastigata",0.635782578412224,"train","Newline"
"2009",15,"small Eucalyptus obliqua",0.744583129882812,"train","Newline"
"2010",15,"small Eucalyptus radiata",0.846628824869792,"train","Newline"
"2011",16,"large Eucalyptus cypellocarpa",0.618310546875,"train","Newline"
"2012",16,"large Eucalyptus fastigata",0.675531560724432,"train","Newline"
"2013",16,"small Eucalyptus cypellocarpa",0.686508981805099,"train","Newline"
"2014",16,"small Eucalyptus fastigata",0.651533239028033,"train","Newline"
"2015",16,"small Eucalyptus obliqua",0.702281188964844,"train","Newline"
"2016",16,"small Eucalyptus radiata",0.884633382161458,"train","Newline"
"2017",17,"large Eucalyptus cypellocarpa",0.6592138671875,"train","Newline"
"2018",17,"large Eucalyptus fastigata",0.695644031871449,"train","Newline"
"2019",17,"small Eucalyptus cypellocarpa",0.673619320518092,"train","Newline"
"2020",17,"small Eucalyptus fastigata",0.633482091567096,"train","Newline"
"2021",17,"small Eucalyptus obliqua",0.724470520019531,"train","Newline"
"2022",17,"small Eucalyptus radiata",0.837443033854167,"train","Newline"
"2023",18,"large Eucalyptus cypellocarpa",0.66119873046875,"train","Newline"
"2024",18,"large Eucalyptus fastigata",0.695571899414062,"train","Newline"
"2025",18,"small Eucalyptus cypellocarpa",0.663991827713816,"train","Newline"
"2026",18,"small Eucalyptus fastigata",0.635434318991268,"train","Newline"
"2027",18,"small Eucalyptus obliqua",0.706805419921875,"train","Newline"
"2028",18,"small Eucalyptus radiata",0.827718098958333,"train","Newline"
"2029",19,"large Eucalyptus cypellocarpa",0.64390869140625,"train","Newline"
"2030",19,"large Eucalyptus fastigata",0.719630848277699,"train","Newline"
"2031",19,"small Eucalyptus cypellocarpa",0.67110884817023,"train","Newline"
"2032",19,"small Eucalyptus fastigata",0.624176922966452,"train","Newline"
"2033",19,"small Eucalyptus obliqua",0.731507873535156,"train","Newline"
"2034",19,"small Eucalyptus radiata",0.837046305338542,"train","Newline"
"2035",20,"large Eucalyptus cypellocarpa",0.628359375,"train","Newline"
"2036",20,"large Eucalyptus fastigata",0.709856900301847,"train","Newline"
"2037",20,"small Eucalyptus cypellocarpa",0.694910952919408,"train","Newline"
"2038",20,"small Eucalyptus fastigata",0.602636898265165,"train","Newline"
"2039",20,"small Eucalyptus obliqua",0.719435119628906,"train","Newline"
"2040",20,"small Eucalyptus radiata",0.883036295572917,"train","Newline"
"2041",1,"large Eucalyptus cypellocarpa",0.6080078125,"test","Newline"
"2042",1,"large Eucalyptus fastigata",0.696881103515625,"test","Newline"
"2043",1,"small Eucalyptus cypellocarpa",0.635888671875,"test","Newline"
"2044",1,"small Eucalyptus fastigata",0.5078369140625,"test","Newline"
"2045",1,"small Eucalyptus obliqua",0.690191650390625,"test","Newline"
"2046",1,"small Eucalyptus radiata",0.721820068359375,"test","Newline"
"2047",2,"large Eucalyptus cypellocarpa",0.740826416015625,"test","Newline"
"2048",2,"large Eucalyptus fastigata",0.794366455078125,"test","Newline"
"2049",2,"small Eucalyptus cypellocarpa",0.6985107421875,"test","Newline"
"2050",2,"small Eucalyptus fastigata",0.584429931640625,"test","Newline"
"2051",2,"small Eucalyptus obliqua",0.865789794921875,"test","Newline"
"2052",2,"small Eucalyptus radiata",0.4622314453125,"test","Newline"
"2053",3,"large Eucalyptus cypellocarpa",0.64677734375,"test","Newline"
"2054",3,"large Eucalyptus fastigata",0.680670166015625,"test","Newline"
"2055",3,"small Eucalyptus cypellocarpa",0.793896484375,"test","Newline"
"2056",3,"small Eucalyptus fastigata",0.69686279296875,"test","Newline"
"2057",3,"small Eucalyptus obliqua",0.68690185546875,"test","Newline"
"2058",3,"small Eucalyptus radiata",0.69580078125,"test","Newline"
"2059",4,"large Eucalyptus cypellocarpa",0.574896240234375,"test","Newline"
"2060",4,"large Eucalyptus fastigata",0.6961181640625,"test","Newline"
"2061",4,"small Eucalyptus cypellocarpa",0.660211181640625,"test","Newline"
"2062",4,"small Eucalyptus fastigata",0.665753173828125,"test","Newline"
"2063",4,"small Eucalyptus obliqua",0.75498046875,"test","Newline"
"2064",4,"small Eucalyptus radiata",0.740740966796875,"test","Newline"
"2065",5,"large Eucalyptus cypellocarpa",0.507958984375,"test","Newline"
"2066",5,"large Eucalyptus fastigata",0.63558349609375,"test","Newline"
"2067",5,"small Eucalyptus cypellocarpa",0.796270751953125,"test","Newline"
"2068",5,"small Eucalyptus fastigata",0.677203369140625,"test","Newline"
"2069",5,"small Eucalyptus obliqua",0.58096923828125,"test","Newline"
"2070",5,"small Eucalyptus radiata",0.760162353515625,"test","Newline"
"2071",6,"large Eucalyptus cypellocarpa",0.418798828125,"test","Newline"
"2072",6,"large Eucalyptus fastigata",0.7544677734375,"test","Newline"
"2073",6,"small Eucalyptus cypellocarpa",0.4930908203125,"test","Newline"
"2074",6,"small Eucalyptus fastigata",0.72486572265625,"test","Newline"
"2075",6,"small Eucalyptus obliqua",0.563818359375,"test","Newline"
"2076",6,"small Eucalyptus radiata",0.675433349609375,"test","Newline"
"2077",7,"large Eucalyptus cypellocarpa",0.564141845703125,"test","Newline"
"2078",7,"large Eucalyptus fastigata",0.795074462890625,"test","Newline"
"2079",7,"small Eucalyptus cypellocarpa",0.577752685546875,"test","Newline"
"2080",7,"small Eucalyptus fastigata",0.6451904296875,"test","Newline"
"2081",7,"small Eucalyptus obliqua",0.710089111328125,"test","Newline"
"2082",7,"small Eucalyptus radiata",0.564013671875,"test","Newline"
"2083",8,"large Eucalyptus cypellocarpa",0.578228759765625,"test","Newline"
"2084",8,"large Eucalyptus fastigata",0.579150390625,"test","Newline"
"2085",8,"small Eucalyptus cypellocarpa",0.684039306640625,"test","Newline"
"2086",8,"small Eucalyptus fastigata",0.539141845703125,"test","Newline"
"2087",8,"small Eucalyptus obliqua",0.737646484375,"test","Newline"
"2088",8,"small Eucalyptus radiata",0.305792236328125,"test","Newline"
"2089",9,"large Eucalyptus cypellocarpa",0.577886962890625,"test","Newline"
"2090",9,"large Eucalyptus fastigata",0.556396484375,"test","Newline"
"2091",9,"small Eucalyptus cypellocarpa",0.62440185546875,"test","Newline"
"2092",9,"small Eucalyptus fastigata",0.704046630859375,"test","Newline"
"2093",9,"small Eucalyptus obliqua",0.64364013671875,"test","Newline"
"2094",9,"small Eucalyptus radiata",0.48948974609375,"test","Newline"
"2095",10,"large Eucalyptus cypellocarpa",0.577728271484375,"test","Newline"
"2096",10,"large Eucalyptus fastigata",0.582073974609375,"test","Newline"
"2097",10,"small Eucalyptus cypellocarpa",0.573614501953125,"test","Newline"
"2098",10,"small Eucalyptus fastigata",0.679669189453125,"test","Newline"
"2099",10,"small Eucalyptus obliqua",0.74910888671875,"test","Newline"
"2100",10,"small Eucalyptus radiata",0.60123291015625,"test","Newline"
"2101",11,"large Eucalyptus cypellocarpa",0.666937255859375,"test","Newline"
"2102",11,"large Eucalyptus fastigata",0.6970458984375,"test","Newline"
"2103",11,"small Eucalyptus cypellocarpa",0.57884521484375,"test","Newline"
"2104",11,"small Eucalyptus fastigata",0.645379638671875,"test","Newline"
"2105",11,"small Eucalyptus obliqua",0.77525634765625,"test","Newline"
"2106",11,"small Eucalyptus radiata",0.656878662109375,"test","Newline"
"2107",12,"large Eucalyptus cypellocarpa",0.5165283203125,"test","Newline"
"2108",12,"large Eucalyptus fastigata",0.631170654296875,"test","Newline"
"2109",12,"small Eucalyptus cypellocarpa",0.776318359375,"test","Newline"
"2110",12,"small Eucalyptus fastigata",0.48985595703125,"test","Newline"
"2111",12,"small Eucalyptus obliqua",0.663604736328125,"test","Newline"
"2112",12,"small Eucalyptus radiata",0.7139892578125,"test","Newline"
"2113",13,"large Eucalyptus cypellocarpa",0.605621337890625,"test","Newline"
"2114",13,"large Eucalyptus fastigata",0.66134033203125,"test","Newline"
"2115",13,"small Eucalyptus cypellocarpa",0.700518798828125,"test","Newline"
"2116",13,"small Eucalyptus fastigata",0.614532470703125,"test","Newline"
"2117",13,"small Eucalyptus obliqua",0.70980224609375,"test","Newline"
"2118",13,"small Eucalyptus radiata",0.647467041015625,"test","Newline"
"2119",14,"large Eucalyptus cypellocarpa",0.555316162109375,"test","Newline"
"2120",14,"large Eucalyptus fastigata",0.773028564453125,"test","Newline"
"2121",14,"small Eucalyptus cypellocarpa",0.58851318359375,"test","Newline"
"2122",14,"small Eucalyptus fastigata",0.511370849609375,"test","Newline"
"2123",14,"small Eucalyptus obliqua",0.69898681640625,"test","Newline"
"2124",14,"small Eucalyptus radiata",0.638812255859375,"test","Newline"
"2125",15,"large Eucalyptus cypellocarpa",0.61256103515625,"test","Newline"
"2126",15,"large Eucalyptus fastigata",0.702264404296875,"test","Newline"
"2127",15,"small Eucalyptus cypellocarpa",0.572589111328125,"test","Newline"
"2128",15,"small Eucalyptus fastigata",0.649896240234375,"test","Newline"
"2129",15,"small Eucalyptus obliqua",0.61068115234375,"test","Newline"
"2130",15,"small Eucalyptus radiata",0.676123046875,"test","Newline"
"2131",16,"large Eucalyptus cypellocarpa",0.586614990234375,"test","Newline"
"2132",16,"large Eucalyptus fastigata",0.749163818359375,"test","Newline"
"2133",16,"small Eucalyptus cypellocarpa",0.655517578125,"test","Newline"
"2134",16,"small Eucalyptus fastigata",0.517022705078125,"test","Newline"
"2135",16,"small Eucalyptus obliqua",0.733978271484375,"test","Newline"
"2136",16,"small Eucalyptus radiata",0.562896728515625,"test","Newline"
"2137",17,"large Eucalyptus cypellocarpa",0.484832763671875,"test","Newline"
"2138",17,"large Eucalyptus fastigata",0.62774658203125,"test","Newline"
"2139",17,"small Eucalyptus cypellocarpa",0.597735595703125,"test","Newline"
"2140",17,"small Eucalyptus fastigata",0.591253662109375,"test","Newline"
"2141",17,"small Eucalyptus obliqua",0.6876953125,"test","Newline"
"2142",17,"small Eucalyptus radiata",0.57501220703125,"test","Newline"
"2143",18,"large Eucalyptus cypellocarpa",0.606256103515625,"test","Newline"
"2144",18,"large Eucalyptus fastigata",0.67833251953125,"test","Newline"
"2145",18,"small Eucalyptus cypellocarpa",0.622344970703125,"test","Newline"
"2146",18,"small Eucalyptus fastigata",0.5569091796875,"test","Newline"
"2147",18,"small Eucalyptus obliqua",0.775079345703125,"test","Newline"
"2148",18,"small Eucalyptus radiata",0.7404541015625,"test","Newline"
"2149",19,"large Eucalyptus cypellocarpa",0.60048828125,"test","Newline"
"2150",19,"large Eucalyptus fastigata",0.5578857421875,"test","Newline"
"2151",19,"small Eucalyptus cypellocarpa",0.622174072265625,"test","Newline"
"2152",19,"small Eucalyptus fastigata",0.557598876953125,"test","Newline"
"2153",19,"small Eucalyptus obliqua",0.683795166015625,"test","Newline"
"2154",19,"small Eucalyptus radiata",0.697857666015625,"test","Newline"
"2155",20,"large Eucalyptus cypellocarpa",0.581500244140625,"test","Newline"
"2156",20,"large Eucalyptus fastigata",0.645050048828125,"test","Newline"
"2157",20,"small Eucalyptus cypellocarpa",0.56312255859375,"test","Newline"
"2158",20,"small Eucalyptus fastigata",0.769287109375,"test","Newline"
"2159",20,"small Eucalyptus obliqua",0.72435302734375,"test","Newline"
"2160",20,"small Eucalyptus radiata",0.519830322265625,"test","Newline"
"2161",1,"large Eucalyptus fastigata",0.774144222861842,"train","WaratahMix"
"2162",1,"large Eucalyptus obliqua",0.631967397836538,"train","WaratahMix"
"2163",1,"large Eucalyptus radiata",0.8309326171875,"train","WaratahMix"
"2164",1,"small Eucalyptus cypellocarpa",0.579721551192434,"train","WaratahMix"
"2165",1,"small Eucalyptus fastigata",0.616782052176339,"train","WaratahMix"
"2166",1,"small Eucalyptus obliqua",0.686786358173077,"train","WaratahMix"
"2167",1,"small Eucalyptus radiata",0.743297139152152,"train","WaratahMix"
"2168",2,"large Eucalyptus fastigata",0.780585038034539,"train","WaratahMix"
"2169",2,"large Eucalyptus obliqua",0.704890324519231,"train","WaratahMix"
"2170",2,"large Eucalyptus radiata",0.606101989746094,"train","WaratahMix"
"2171",2,"small Eucalyptus cypellocarpa",0.703115362870066,"train","WaratahMix"
"2172",2,"small Eucalyptus fastigata",0.70167977469308,"train","WaratahMix"
"2173",2,"small Eucalyptus obliqua",0.659341665414663,"train","WaratahMix"
"2174",2,"small Eucalyptus radiata",0.748209968942111,"train","WaratahMix"
"2175",3,"large Eucalyptus fastigata",0.796919973273026,"train","WaratahMix"
"2176",3,"large Eucalyptus obliqua",0.695134089543269,"train","WaratahMix"
"2177",3,"large Eucalyptus radiata",0.75469970703125,"train","WaratahMix"
"2178",3,"small Eucalyptus cypellocarpa",0.638675087376645,"train","WaratahMix"
"2179",3,"small Eucalyptus fastigata",0.664210728236607,"train","WaratahMix"
"2180",3,"small Eucalyptus obliqua",0.622650146484375,"train","WaratahMix"
"2181",3,"small Eucalyptus radiata",0.753374943967725,"train","WaratahMix"
"2182",4,"large Eucalyptus fastigata",0.787751850328947,"train","WaratahMix"
"2183",4,"large Eucalyptus obliqua",0.575157752403846,"train","WaratahMix"
"2184",4,"large Eucalyptus radiata",0.793380737304688,"train","WaratahMix"
"2185",4,"small Eucalyptus cypellocarpa",0.599769993832237,"train","WaratahMix"
"2186",4,"small Eucalyptus fastigata",0.663750784737723,"train","WaratahMix"
"2187",4,"small Eucalyptus obliqua",0.672802264873798,"train","WaratahMix"
"2188",4,"small Eucalyptus radiata",0.725151687371926,"train","WaratahMix"
"2189",5,"large Eucalyptus fastigata",0.762348375822368,"train","WaratahMix"
"2190",5,"large Eucalyptus obliqua",0.622779259314904,"train","WaratahMix"
"2191",5,"large Eucalyptus radiata",0.718475341796875,"train","WaratahMix"
"2192",5,"small Eucalyptus cypellocarpa",0.641652960526316,"train","WaratahMix"
"2193",5,"small Eucalyptus fastigata",0.649533952985491,"train","WaratahMix"
"2194",5,"small Eucalyptus obliqua",0.646151029146635,"train","WaratahMix"
"2195",5,"small Eucalyptus radiata",0.74846911821209,"train","WaratahMix"
"2196",6,"large Eucalyptus fastigata",0.747291966488487,"train","WaratahMix"
"2197",6,"large Eucalyptus obliqua",0.646489070012019,"train","WaratahMix"
"2198",6,"large Eucalyptus radiata",0.776695251464844,"train","WaratahMix"
"2199",6,"small Eucalyptus cypellocarpa",0.583595677425987,"train","WaratahMix"
"2200",6,"small Eucalyptus fastigata",0.673915318080357,"train","WaratahMix"
"2201",6,"small Eucalyptus obliqua",0.66698983999399,"train","WaratahMix"
"2202",6,"small Eucalyptus radiata",0.744963098744877,"train","WaratahMix"
"2203",7,"large Eucalyptus fastigata",0.774513646175987,"train","WaratahMix"
"2204",7,"large Eucalyptus obliqua",0.561875563401442,"train","WaratahMix"
"2205",7,"large Eucalyptus radiata",0.579750061035156,"train","WaratahMix"
"2206",7,"small Eucalyptus cypellocarpa",0.561321057771382,"train","WaratahMix"
"2207",7,"small Eucalyptus fastigata",0.652021135602679,"train","WaratahMix"
"2208",7,"small Eucalyptus obliqua",0.593865027794471,"train","WaratahMix"
"2209",7,"small Eucalyptus radiata",0.731715468109631,"train","WaratahMix"
"2210",8,"large Eucalyptus fastigata",0.811398154810855,"train","WaratahMix"
"2211",8,"large Eucalyptus obliqua",0.713538536658654,"train","WaratahMix"
"2212",8,"large Eucalyptus radiata",0.678077697753906,"train","WaratahMix"
"2213",8,"small Eucalyptus cypellocarpa",0.586522152549342,"train","WaratahMix"
"2214",8,"small Eucalyptus fastigata",0.630120413643973,"train","WaratahMix"
"2215",8,"small Eucalyptus obliqua",0.681588979867788,"train","WaratahMix"
"2216",8,"small Eucalyptus radiata",0.743102026767418,"train","WaratahMix"
"2217",9,"large Eucalyptus fastigata",0.745223195929276,"train","WaratahMix"
"2218",9,"large Eucalyptus obliqua",0.697237454927885,"train","WaratahMix"
"2219",9,"large Eucalyptus radiata",0.720901489257812,"train","WaratahMix"
"2220",9,"small Eucalyptus cypellocarpa",0.579361765008224,"train","WaratahMix"
"2221",9,"small Eucalyptus fastigata",0.658022199358259,"train","WaratahMix"
"2222",9,"small Eucalyptus obliqua",0.619319035456731,"train","WaratahMix"
"2223",9,"small Eucalyptus radiata",0.751199691022029,"train","WaratahMix"
"2224",10,"large Eucalyptus fastigata",0.808982447574013,"train","WaratahMix"
"2225",10,"large Eucalyptus obliqua",0.7335205078125,"train","WaratahMix"
"2226",10,"large Eucalyptus radiata",0.692840576171875,"train","WaratahMix"
"2227",10,"small Eucalyptus cypellocarpa",0.531009071751645,"train","WaratahMix"
"2228",10,"small Eucalyptus fastigata",0.642835344587054,"train","WaratahMix"
"2229",10,"small Eucalyptus obliqua",0.592538686899038,"train","WaratahMix"
"2230",10,"small Eucalyptus radiata",0.75663782338627,"train","WaratahMix"
"2231",11,"large Eucalyptus fastigata",0.754706131784539,"train","WaratahMix"
"2232",11,"large Eucalyptus obliqua",0.679527869591346,"train","WaratahMix"
"2233",11,"large Eucalyptus radiata",0.725189208984375,"train","WaratahMix"
"2234",11,"small Eucalyptus cypellocarpa",0.523052014802632,"train","WaratahMix"
"2235",11,"small Eucalyptus fastigata",0.652234758649554,"train","WaratahMix"
"2236",11,"small Eucalyptus obliqua",0.643284724308894,"train","WaratahMix"
"2237",11,"small Eucalyptus radiata",0.720782170530225,"train","WaratahMix"
"2238",12,"large Eucalyptus fastigata",0.721612227590461,"train","WaratahMix"
"2239",12,"large Eucalyptus obliqua",0.645460862379808,"train","WaratahMix"
"2240",12,"large Eucalyptus radiata",0.624725341796875,"train","WaratahMix"
"2241",12,"small Eucalyptus cypellocarpa",0.608671489514803,"train","WaratahMix"
"2242",12,"small Eucalyptus fastigata",0.625994001116071,"train","WaratahMix"
"2243",12,"small Eucalyptus obliqua",0.608006403996394,"train","WaratahMix"
"2244",12,"small Eucalyptus radiata",0.734150870901639,"train","WaratahMix"
"2245",13,"large Eucalyptus fastigata",0.744169536389803,"train","WaratahMix"
"2246",13,"large Eucalyptus obliqua",0.624840369591346,"train","WaratahMix"
"2247",13,"large Eucalyptus radiata",0.665779113769531,"train","WaratahMix"
"2248",13,"small Eucalyptus cypellocarpa",0.628739206414474,"train","WaratahMix"
"2249",13,"small Eucalyptus fastigata",0.610410417829241,"train","WaratahMix"
"2250",13,"small Eucalyptus obliqua",0.619783841646635,"train","WaratahMix"
"2251",13,"small Eucalyptus radiata",0.754473576780225,"train","WaratahMix"
"2252",14,"large Eucalyptus fastigata",0.753719932154605,"train","WaratahMix"
"2253",14,"large Eucalyptus obliqua",0.691119854266827,"train","WaratahMix"
"2254",14,"large Eucalyptus radiata",0.663078308105469,"train","WaratahMix"
"2255",14,"small Eucalyptus cypellocarpa",0.555644788240132,"train","WaratahMix"
"2256",14,"small Eucalyptus fastigata",0.64310782296317,"train","WaratahMix"
"2257",14,"small Eucalyptus obliqua",0.637648362379808,"train","WaratahMix"
"2258",14,"small Eucalyptus radiata",0.731721471567623,"train","WaratahMix"
"2259",15,"large Eucalyptus fastigata",0.763604415090461,"train","WaratahMix"
"2260",15,"large Eucalyptus obliqua",0.644535945012019,"train","WaratahMix"
"2261",15,"large Eucalyptus radiata",0.641578674316406,"train","WaratahMix"
"2262",15,"small Eucalyptus cypellocarpa",0.634527909128289,"train","WaratahMix"
"2263",15,"small Eucalyptus fastigata",0.646573747907366,"train","WaratahMix"
"2264",15,"small Eucalyptus obliqua",0.629859337439904,"train","WaratahMix"
"2265",15,"small Eucalyptus radiata",0.727059786436988,"train","WaratahMix"
"2266",16,"large Eucalyptus fastigata",0.811513800370066,"train","WaratahMix"
"2267",16,"large Eucalyptus obliqua",0.637216421274038,"train","WaratahMix"
"2268",16,"large Eucalyptus radiata",0.759811401367188,"train","WaratahMix"
"2269",16,"small Eucalyptus cypellocarpa",0.634678890830592,"train","WaratahMix"
"2270",16,"small Eucalyptus fastigata",0.644149780273438,"train","WaratahMix"
"2271",16,"small Eucalyptus obliqua",0.656848614032452,"train","WaratahMix"
"2272",16,"small Eucalyptus radiata",0.711743964523565,"train","WaratahMix"
"2273",17,"large Eucalyptus fastigata",0.811767578125,"train","WaratahMix"
"2274",17,"large Eucalyptus obliqua",0.656761756310096,"train","WaratahMix"
"2275",17,"large Eucalyptus radiata",0.664535522460938,"train","WaratahMix"
"2276",17,"small Eucalyptus cypellocarpa",0.620387027138158,"train","WaratahMix"
"2277",17,"small Eucalyptus fastigata",0.654412405831473,"train","WaratahMix"
"2278",17,"small Eucalyptus obliqua",0.624413123497596,"train","WaratahMix"
"2279",17,"small Eucalyptus radiata",0.714555584016393,"train","WaratahMix"
"2280",18,"large Eucalyptus fastigata",0.827803762335526,"train","WaratahMix"
"2281",18,"large Eucalyptus obliqua",0.739412747896635,"train","WaratahMix"
"2282",18,"large Eucalyptus radiata",0.662605285644531,"train","WaratahMix"
"2283",18,"small Eucalyptus cypellocarpa",0.547902960526316,"train","WaratahMix"
"2284",18,"small Eucalyptus fastigata",0.670985630580357,"train","WaratahMix"
"2285",18,"small Eucalyptus obliqua",0.68469473031851,"train","WaratahMix"
"2286",18,"small Eucalyptus radiata",0.740520539830943,"train","WaratahMix"
"2287",19,"large Eucalyptus fastigata",0.767420718544408,"train","WaratahMix"
"2288",19,"large Eucalyptus obliqua",0.672344501201923,"train","WaratahMix"
"2289",19,"large Eucalyptus radiata",0.732025146484375,"train","WaratahMix"
"2290",19,"small Eucalyptus cypellocarpa",0.602526212993421,"train","WaratahMix"
"2291",19,"small Eucalyptus fastigata",0.60410635811942,"train","WaratahMix"
"2292",19,"small Eucalyptus obliqua",0.670112022986779,"train","WaratahMix"
"2293",19,"small Eucalyptus radiata",0.749788878393955,"train","WaratahMix"
"2294",20,"large Eucalyptus fastigata",0.739585474917763,"train","WaratahMix"
"2295",20,"large Eucalyptus obliqua",0.615910456730769,"train","WaratahMix"
"2296",20,"large Eucalyptus radiata",0.608619689941406,"train","WaratahMix"
"2297",20,"small Eucalyptus cypellocarpa",0.637280915912829,"train","WaratahMix"
"2298",20,"small Eucalyptus fastigata",0.671892438616071,"train","WaratahMix"
"2299",20,"small Eucalyptus obliqua",0.620805006760817,"train","WaratahMix"
"2300",20,"small Eucalyptus radiata",0.72406005859375,"train","WaratahMix"
"2301",1,"large Eucalyptus fastigata",0.717620849609375,"test","WaratahMix"
"2302",1,"large Eucalyptus obliqua",0.2624755859375,"test","WaratahMix"
"2303",1,"large Eucalyptus radiata",0.4908203125,"test","WaratahMix"
"2304",1,"small Eucalyptus cypellocarpa",0.5328369140625,"test","WaratahMix"
"2305",1,"small Eucalyptus fastigata",0.42830810546875,"test","WaratahMix"
"2306",1,"small Eucalyptus obliqua",0.429248046875,"test","WaratahMix"
"2307",1,"small Eucalyptus radiata",0.7193115234375,"test","WaratahMix"
"2308",2,"large Eucalyptus fastigata",0.752288818359375,"test","WaratahMix"
"2309",2,"large Eucalyptus obliqua",0.401641845703125,"test","WaratahMix"
"2310",2,"large Eucalyptus radiata",0.43619384765625,"test","WaratahMix"
"2311",2,"small Eucalyptus cypellocarpa",0.372833251953125,"test","WaratahMix"
"2312",2,"small Eucalyptus fastigata",0.48099365234375,"test","WaratahMix"
"2313",2,"small Eucalyptus obliqua",0.543902587890625,"test","WaratahMix"
"2314",2,"small Eucalyptus radiata",0.635491943359375,"test","WaratahMix"
"2315",3,"large Eucalyptus fastigata",0.734033203125,"test","WaratahMix"
"2316",3,"large Eucalyptus obliqua",0.441204833984375,"test","WaratahMix"
"2317",3,"large Eucalyptus radiata",0.445477294921875,"test","WaratahMix"
"2318",3,"small Eucalyptus cypellocarpa",0.376654052734375,"test","WaratahMix"
"2319",3,"small Eucalyptus fastigata",0.53798828125,"test","WaratahMix"
"2320",3,"small Eucalyptus obliqua",0.59031982421875,"test","WaratahMix"
"2321",3,"small Eucalyptus radiata",0.58341064453125,"test","WaratahMix"
"2322",4,"large Eucalyptus fastigata",0.75335693359375,"test","WaratahMix"
"2323",4,"large Eucalyptus obliqua",0.45291748046875,"test","WaratahMix"
"2324",4,"large Eucalyptus radiata",0.36600341796875,"test","WaratahMix"
"2325",4,"small Eucalyptus cypellocarpa",0.487261962890625,"test","WaratahMix"
"2326",4,"small Eucalyptus fastigata",0.60355224609375,"test","WaratahMix"
"2327",4,"small Eucalyptus obliqua",0.435491943359375,"test","WaratahMix"
"2328",4,"small Eucalyptus radiata",0.852691650390625,"test","WaratahMix"
"2329",5,"large Eucalyptus fastigata",0.782171630859375,"test","WaratahMix"
"2330",5,"large Eucalyptus obliqua",0.403424072265625,"test","WaratahMix"
"2331",5,"large Eucalyptus radiata",0.442218017578125,"test","WaratahMix"
"2332",5,"small Eucalyptus cypellocarpa",0.45604248046875,"test","WaratahMix"
"2333",5,"small Eucalyptus fastigata",0.638836669921875,"test","WaratahMix"
"2334",5,"small Eucalyptus obliqua",0.561212158203125,"test","WaratahMix"
"2335",5,"small Eucalyptus radiata",0.64615478515625,"test","WaratahMix"
"2336",6,"large Eucalyptus fastigata",0.738818359375,"test","WaratahMix"
"2337",6,"large Eucalyptus obliqua",0.57449951171875,"test","WaratahMix"
"2338",6,"large Eucalyptus radiata",0.502655029296875,"test","WaratahMix"
"2339",6,"small Eucalyptus cypellocarpa",0.513397216796875,"test","WaratahMix"
"2340",6,"small Eucalyptus fastigata",0.6225830078125,"test","WaratahMix"
"2341",6,"small Eucalyptus obliqua",0.378118896484375,"test","WaratahMix"
"2342",6,"small Eucalyptus radiata",0.714697265625,"test","WaratahMix"
"2343",7,"large Eucalyptus fastigata",0.813861083984375,"test","WaratahMix"
"2344",7,"large Eucalyptus obliqua",0.477825927734375,"test","WaratahMix"
"2345",7,"large Eucalyptus radiata",0.392108154296875,"test","WaratahMix"
"2346",7,"small Eucalyptus cypellocarpa",0.282989501953125,"test","WaratahMix"
"2347",7,"small Eucalyptus fastigata",0.507427978515625,"test","WaratahMix"
"2348",7,"small Eucalyptus obliqua",0.511077880859375,"test","WaratahMix"
"2349",7,"small Eucalyptus radiata",0.71864013671875,"test","WaratahMix"
"2350",8,"large Eucalyptus fastigata",0.707720947265625,"test","WaratahMix"
"2351",8,"large Eucalyptus obliqua",0.483624267578125,"test","WaratahMix"
"2352",8,"large Eucalyptus radiata",0.510040283203125,"test","WaratahMix"
"2353",8,"small Eucalyptus cypellocarpa",0.41986083984375,"test","WaratahMix"
"2354",8,"small Eucalyptus fastigata",0.397113037109375,"test","WaratahMix"
"2355",8,"small Eucalyptus obliqua",0.4392822265625,"test","WaratahMix"
"2356",8,"small Eucalyptus radiata",0.66771240234375,"test","WaratahMix"
"2357",9,"large Eucalyptus fastigata",0.807501220703125,"test","WaratahMix"
"2358",9,"large Eucalyptus obliqua",0.3753662109375,"test","WaratahMix"
"2359",9,"large Eucalyptus radiata",0.3513427734375,"test","WaratahMix"
"2360",9,"small Eucalyptus cypellocarpa",0.30596923828125,"test","WaratahMix"
"2361",9,"small Eucalyptus fastigata",0.621368408203125,"test","WaratahMix"
"2362",9,"small Eucalyptus obliqua",0.533856201171875,"test","WaratahMix"
"2363",9,"small Eucalyptus radiata",0.63184814453125,"test","WaratahMix"
"2364",10,"large Eucalyptus fastigata",0.73665771484375,"test","WaratahMix"
"2365",10,"large Eucalyptus obliqua",0.419049072265625,"test","WaratahMix"
"2366",10,"large Eucalyptus radiata",0.56180419921875,"test","WaratahMix"
"2367",10,"small Eucalyptus cypellocarpa",0.488861083984375,"test","WaratahMix"
"2368",10,"small Eucalyptus fastigata",0.621002197265625,"test","WaratahMix"
"2369",10,"small Eucalyptus obliqua",0.72039794921875,"test","WaratahMix"
"2370",10,"small Eucalyptus radiata",0.562994384765625,"test","WaratahMix"
"2371",11,"large Eucalyptus fastigata",0.81663818359375,"test","WaratahMix"
"2372",11,"large Eucalyptus obliqua",0.3011962890625,"test","WaratahMix"
"2373",11,"large Eucalyptus radiata",0.514129638671875,"test","WaratahMix"
"2374",11,"small Eucalyptus cypellocarpa",0.2012451171875,"test","WaratahMix"
"2375",11,"small Eucalyptus fastigata",0.470538330078125,"test","WaratahMix"
"2376",11,"small Eucalyptus obliqua",0.55537109375,"test","WaratahMix"
"2377",11,"small Eucalyptus radiata",0.724346923828125,"test","WaratahMix"
"2378",12,"large Eucalyptus fastigata",0.761297607421875,"test","WaratahMix"
"2379",12,"large Eucalyptus obliqua",0.4076171875,"test","WaratahMix"
"2380",12,"large Eucalyptus radiata",0.53201904296875,"test","WaratahMix"
"2381",12,"small Eucalyptus cypellocarpa",0.56939697265625,"test","WaratahMix"
"2382",12,"small Eucalyptus fastigata",0.404315185546875,"test","WaratahMix"
"2383",12,"small Eucalyptus obliqua",0.46033935546875,"test","WaratahMix"
"2384",12,"small Eucalyptus radiata",0.73828125,"test","WaratahMix"
"2385",13,"large Eucalyptus fastigata",0.817138671875,"test","WaratahMix"
"2386",13,"large Eucalyptus obliqua",0.4576904296875,"test","WaratahMix"
"2387",13,"large Eucalyptus radiata",0.435595703125,"test","WaratahMix"
"2388",13,"small Eucalyptus cypellocarpa",0.440008544921875,"test","WaratahMix"
"2389",13,"small Eucalyptus fastigata",0.49969482421875,"test","WaratahMix"
"2390",13,"small Eucalyptus obliqua",0.606805419921875,"test","WaratahMix"
"2391",13,"small Eucalyptus radiata",0.622442626953125,"test","WaratahMix"
"2392",14,"large Eucalyptus fastigata",0.783740234375,"test","WaratahMix"
"2393",14,"large Eucalyptus obliqua",0.476373291015625,"test","WaratahMix"
"2394",14,"large Eucalyptus radiata",0.378662109375,"test","WaratahMix"
"2395",14,"small Eucalyptus cypellocarpa",0.52249755859375,"test","WaratahMix"
"2396",14,"small Eucalyptus fastigata",0.64439697265625,"test","WaratahMix"
"2397",14,"small Eucalyptus obliqua",0.543292236328125,"test","WaratahMix"
"2398",14,"small Eucalyptus radiata",0.79815673828125,"test","WaratahMix"
"2399",15,"large Eucalyptus fastigata",0.789312744140625,"test","WaratahMix"
"2400",15,"large Eucalyptus obliqua",0.489093017578125,"test","WaratahMix"
"2401",15,"large Eucalyptus radiata",0.353826904296875,"test","WaratahMix"
"2402",15,"small Eucalyptus cypellocarpa",0.29134521484375,"test","WaratahMix"
"2403",15,"small Eucalyptus fastigata",0.4654296875,"test","WaratahMix"
"2404",15,"small Eucalyptus obliqua",0.50196533203125,"test","WaratahMix"
"2405",15,"small Eucalyptus radiata",0.71708984375,"test","WaratahMix"
"2406",16,"large Eucalyptus fastigata",0.713116455078125,"test","WaratahMix"
"2407",16,"large Eucalyptus obliqua",0.362066650390625,"test","WaratahMix"
"2408",16,"large Eucalyptus radiata",0.4915283203125,"test","WaratahMix"
"2409",16,"small Eucalyptus cypellocarpa",0.387567138671875,"test","WaratahMix"
"2410",16,"small Eucalyptus fastigata",0.52894287109375,"test","WaratahMix"
"2411",16,"small Eucalyptus obliqua",0.374530029296875,"test","WaratahMix"
"2412",16,"small Eucalyptus radiata",0.906719970703125,"test","WaratahMix"
"2413",17,"large Eucalyptus fastigata",0.732696533203125,"test","WaratahMix"
"2414",17,"large Eucalyptus obliqua",0.471453857421875,"test","WaratahMix"
"2415",17,"large Eucalyptus radiata",0.397723388671875,"test","WaratahMix"
"2416",17,"small Eucalyptus cypellocarpa",0.196502685546875,"test","WaratahMix"
"2417",17,"small Eucalyptus fastigata",0.56492919921875,"test","WaratahMix"
"2418",17,"small Eucalyptus obliqua",0.592181396484375,"test","WaratahMix"
"2419",17,"small Eucalyptus radiata",0.841253662109375,"test","WaratahMix"
"2420",18,"large Eucalyptus fastigata",0.676141357421875,"test","WaratahMix"
"2421",18,"large Eucalyptus obliqua",0.403643798828125,"test","WaratahMix"
"2422",18,"large Eucalyptus radiata",0.467095947265625,"test","WaratahMix"
"2423",18,"small Eucalyptus cypellocarpa",0.5038330078125,"test","WaratahMix"
"2424",18,"small Eucalyptus fastigata",0.521820068359375,"test","WaratahMix"
"2425",18,"small Eucalyptus obliqua",0.376959228515625,"test","WaratahMix"
"2426",18,"small Eucalyptus radiata",0.716278076171875,"test","WaratahMix"
"2427",19,"large Eucalyptus fastigata",0.72950439453125,"test","WaratahMix"
"2428",19,"large Eucalyptus obliqua",0.4025390625,"test","WaratahMix"
"2429",19,"large Eucalyptus radiata",0.36131591796875,"test","WaratahMix"
"2430",19,"small Eucalyptus cypellocarpa",0.47508544921875,"test","WaratahMix"
"2431",19,"small Eucalyptus fastigata",0.562359619140625,"test","WaratahMix"
"2432",19,"small Eucalyptus obliqua",0.462188720703125,"test","WaratahMix"
"2433",19,"small Eucalyptus radiata",0.65677490234375,"test","WaratahMix"
"2434",20,"large Eucalyptus fastigata",0.76287841796875,"test","WaratahMix"
"2435",20,"large Eucalyptus obliqua",0.263372802734375,"test","WaratahMix"
"2436",20,"large Eucalyptus radiata",0.435101318359375,"test","WaratahMix"
"2437",20,"small Eucalyptus cypellocarpa",0.434320068359375,"test","WaratahMix"
"2438",20,"small Eucalyptus fastigata",0.5876220703125,"test","WaratahMix"
"2439",20,"small Eucalyptus obliqua",0.4882568359375,"test","WaratahMix"
"2440",20,"small Eucalyptus radiata",0.7859130859375,"test","WaratahMix"
"2441",1,"large Eucalyptus fastigata",0.7643798828125,"train","WogWay"
"2442",1,"large Eucalyptus viminalis",0.77325439453125,"train","WogWay"
"2443",1,"small Eucalyptus fastigata",0.830334078881048,"train","WogWay"
"2444",1,"small Eucalyptus viminalis",0.758312803326231,"train","WogWay"
"2445",2,"large Eucalyptus fastigata",0.8265869140625,"train","WogWay"
"2446",2,"large Eucalyptus viminalis",0.778590275691106,"train","WogWay"
"2447",2,"small Eucalyptus fastigata",0.824864541330645,"train","WogWay"
"2448",2,"small Eucalyptus viminalis",0.737443403764205,"train","WogWay"
"2449",3,"large Eucalyptus fastigata",0.868487548828125,"train","WogWay"
"2450",3,"large Eucalyptus viminalis",0.745316725510817,"train","WogWay"
"2451",3,"small Eucalyptus fastigata",0.803874354208669,"train","WogWay"
"2452",3,"small Eucalyptus viminalis",0.760719068122633,"train","WogWay"
"2453",4,"large Eucalyptus fastigata",0.766851806640625,"train","WogWay"
"2454",4,"large Eucalyptus viminalis",0.762873722956731,"train","WogWay"
"2455",4,"small Eucalyptus fastigata",0.837425970262097,"train","WogWay"
"2456",4,"small Eucalyptus viminalis",0.756752707741477,"train","WogWay"
"2457",5,"large Eucalyptus fastigata",0.824835205078125,"train","WogWay"
"2458",5,"large Eucalyptus viminalis",0.753349891075721,"train","WogWay"
"2459",5,"small Eucalyptus fastigata",0.830511277721774,"train","WogWay"
"2460",5,"small Eucalyptus viminalis",0.739640669389205,"train","WogWay"
"2461",6,"large Eucalyptus fastigata",0.785430908203125,"train","WogWay"
"2462",6,"large Eucalyptus viminalis",0.756418081430288,"train","WogWay"
"2463",6,"small Eucalyptus fastigata",0.81092293031754,"train","WogWay"
"2464",6,"small Eucalyptus viminalis",0.744489265210701,"train","WogWay"
"2465",7,"large Eucalyptus fastigata",0.765234375,"train","WogWay"
"2466",7,"large Eucalyptus viminalis",0.755443866436298,"train","WogWay"
"2467",7,"small Eucalyptus fastigata",0.824447139616935,"train","WogWay"
"2468",7,"small Eucalyptus viminalis",0.76199433297822,"train","WogWay"
"2469",8,"large Eucalyptus fastigata",0.8249267578125,"train","WogWay"
"2470",8,"large Eucalyptus viminalis",0.780757023737981,"train","WogWay"
"2471",8,"small Eucalyptus fastigata",0.822840536794355,"train","WogWay"
"2472",8,"small Eucalyptus viminalis",0.742820970939867,"train","WogWay"
"2473",9,"large Eucalyptus fastigata",0.83526611328125,"train","WogWay"
"2474",9,"large Eucalyptus viminalis",0.763939490685096,"train","WogWay"
"2475",9,"small Eucalyptus fastigata",0.820259340347782,"train","WogWay"
"2476",9,"small Eucalyptus viminalis",0.759728633996212,"train","WogWay"
"2477",10,"large Eucalyptus fastigata",0.861083984375,"train","WogWay"
"2478",10,"large Eucalyptus viminalis",0.778252234825721,"train","WogWay"
"2479",10,"small Eucalyptus fastigata",0.808891050277218,"train","WogWay"
"2480",10,"small Eucalyptus viminalis",0.756276448567708,"train","WogWay"
"2481",11,"large Eucalyptus fastigata",0.890338134765625,"train","WogWay"
"2482",11,"large Eucalyptus viminalis",0.762805645282452,"train","WogWay"
"2483",11,"small Eucalyptus fastigata",0.799991730720766,"train","WogWay"
"2484",11,"small Eucalyptus viminalis",0.755421956380208,"train","WogWay"
"2485",12,"large Eucalyptus fastigata",0.871868896484375,"train","WogWay"
"2486",12,"large Eucalyptus viminalis",0.755943885216346,"train","WogWay"
"2487",12,"small Eucalyptus fastigata",0.817869124873992,"train","WogWay"
"2488",12,"small Eucalyptus viminalis",0.753077651515151,"train","WogWay"
"2489",13,"large Eucalyptus fastigata",0.859234619140625,"train","WogWay"
"2490",13,"large Eucalyptus viminalis",0.768474872295673,"train","WogWay"
"2491",13,"small Eucalyptus fastigata",0.798753307711694,"train","WogWay"
"2492",13,"small Eucalyptus viminalis",0.748922637014678,"train","WogWay"
"2493",14,"large Eucalyptus fastigata",0.80384521484375,"train","WogWay"
"2494",14,"large Eucalyptus viminalis",0.776782696063702,"train","WogWay"
"2495",14,"small Eucalyptus fastigata",0.842598207535282,"train","WogWay"
"2496",14,"small Eucalyptus viminalis",0.767444032611269,"train","WogWay"
"2497",15,"large Eucalyptus fastigata",0.824615478515625,"train","WogWay"
"2498",15,"large Eucalyptus viminalis",0.742530235877404,"train","WogWay"
"2499",15,"small Eucalyptus fastigata",0.789127472908266,"train","WogWay"
"2500",15,"small Eucalyptus viminalis",0.761789957682292,"train","WogWay"
"2501",16,"large Eucalyptus fastigata",0.812799072265625,"train","WogWay"
"2502",16,"large Eucalyptus viminalis",0.741595928485577,"train","WogWay"
"2503",16,"small Eucalyptus fastigata",0.819810436617944,"train","WogWay"
"2504",16,"small Eucalyptus viminalis",0.756624164003314,"train","WogWay"
"2505",17,"large Eucalyptus fastigata",0.853192138671875,"train","WogWay"
"2506",17,"large Eucalyptus viminalis",0.763526329627404,"train","WogWay"
"2507",17,"small Eucalyptus fastigata",0.796329621345766,"train","WogWay"
"2508",17,"small Eucalyptus viminalis",0.746268532492898,"train","WogWay"
"2509",18,"large Eucalyptus fastigata",0.8048583984375,"train","WogWay"
"2510",18,"large Eucalyptus viminalis",0.746690016526442,"train","WogWay"
"2511",18,"small Eucalyptus fastigata",0.818784652217742,"train","WogWay"
"2512",18,"small Eucalyptus viminalis",0.755870472301136,"train","WogWay"
"2513",19,"large Eucalyptus fastigata",0.768743896484375,"train","WogWay"
"2514",19,"large Eucalyptus viminalis",0.747788649338942,"train","WogWay"
"2515",19,"small Eucalyptus fastigata",0.824055333291331,"train","WogWay"
"2516",19,"small Eucalyptus viminalis",0.751954049775095,"train","WogWay"
"2517",20,"large Eucalyptus fastigata",0.790374755859375,"train","WogWay"
"2518",20,"large Eucalyptus viminalis",0.740450345552885,"train","WogWay"
"2519",20,"small Eucalyptus fastigata",0.824132119455645,"train","WogWay"
"2520",20,"small Eucalyptus viminalis",0.758869517933239,"train","WogWay"
"2521",1,"large Eucalyptus fastigata",0.630035400390625,"test","WogWay"
"2522",1,"large Eucalyptus viminalis",0.673187255859375,"test","WogWay"
"2523",1,"small Eucalyptus fastigata",0.722430419921875,"test","WogWay"
"2524",1,"small Eucalyptus viminalis",0.859600830078125,"test","WogWay"
"2525",2,"large Eucalyptus fastigata",0.667437744140625,"test","WogWay"
"2526",2,"large Eucalyptus viminalis",0.66033935546875,"test","WogWay"
"2527",2,"small Eucalyptus fastigata",0.797991943359375,"test","WogWay"
"2528",2,"small Eucalyptus viminalis",0.899969482421875,"test","WogWay"
"2529",3,"large Eucalyptus fastigata",0.651812744140625,"test","WogWay"
"2530",3,"large Eucalyptus viminalis",0.800445556640625,"test","WogWay"
"2531",3,"small Eucalyptus fastigata",0.850048828125,"test","WogWay"
"2532",3,"small Eucalyptus viminalis",0.84072265625,"test","WogWay"
"2533",4,"large Eucalyptus fastigata",0.73212890625,"test","WogWay"
"2534",4,"large Eucalyptus viminalis",0.6809814453125,"test","WogWay"
"2535",4,"small Eucalyptus fastigata",0.738385009765625,"test","WogWay"
"2536",4,"small Eucalyptus viminalis",0.8751220703125,"test","WogWay"
"2537",5,"large Eucalyptus fastigata",0.533770751953125,"test","WogWay"
"2538",5,"large Eucalyptus viminalis",0.698626708984375,"test","WogWay"
"2539",5,"small Eucalyptus fastigata",0.7683837890625,"test","WogWay"
"2540",5,"small Eucalyptus viminalis",0.9191162109375,"test","WogWay"
"2541",6,"large Eucalyptus fastigata",0.657855224609375,"test","WogWay"
"2542",6,"large Eucalyptus viminalis",0.719927978515625,"test","WogWay"
"2543",6,"small Eucalyptus fastigata",0.811737060546875,"test","WogWay"
"2544",6,"small Eucalyptus viminalis",0.83529052734375,"test","WogWay"
"2545",7,"large Eucalyptus fastigata",0.508074951171875,"test","WogWay"
"2546",7,"large Eucalyptus viminalis",0.772918701171875,"test","WogWay"
"2547",7,"small Eucalyptus fastigata",0.82208251953125,"test","WogWay"
"2548",7,"small Eucalyptus viminalis",0.843243408203125,"test","WogWay"
"2549",8,"large Eucalyptus fastigata",0.736285400390625,"test","WogWay"
"2550",8,"large Eucalyptus viminalis",0.64248046875,"test","WogWay"
"2551",8,"small Eucalyptus fastigata",0.79617919921875,"test","WogWay"
"2552",8,"small Eucalyptus viminalis",0.848046875,"test","WogWay"
"2553",9,"large Eucalyptus fastigata",0.4881591796875,"test","WogWay"
"2554",9,"large Eucalyptus viminalis",0.7181640625,"test","WogWay"
"2555",9,"small Eucalyptus fastigata",0.805206298828125,"test","WogWay"
"2556",9,"small Eucalyptus viminalis",0.812481689453125,"test","WogWay"
"2557",10,"large Eucalyptus fastigata",0.64493408203125,"test","WogWay"
"2558",10,"large Eucalyptus viminalis",0.659228515625,"test","WogWay"
"2559",10,"small Eucalyptus fastigata",0.8603759765625,"test","WogWay"
"2560",10,"small Eucalyptus viminalis",0.841485595703125,"test","WogWay"
"2561",11,"large Eucalyptus fastigata",0.68040771484375,"test","WogWay"
"2562",11,"large Eucalyptus viminalis",0.696173095703125,"test","WogWay"
"2563",11,"small Eucalyptus fastigata",0.887518310546875,"test","WogWay"
"2564",11,"small Eucalyptus viminalis",0.88385009765625,"test","WogWay"
"2565",12,"large Eucalyptus fastigata",0.675921630859375,"test","WogWay"
"2566",12,"large Eucalyptus viminalis",0.70657958984375,"test","WogWay"
"2567",12,"small Eucalyptus fastigata",0.8324462890625,"test","WogWay"
"2568",12,"small Eucalyptus viminalis",0.87430419921875,"test","WogWay"
"2569",13,"large Eucalyptus fastigata",0.7099365234375,"test","WogWay"
"2570",13,"large Eucalyptus viminalis",0.71787109375,"test","WogWay"
"2571",13,"small Eucalyptus fastigata",0.900390625,"test","WogWay"
"2572",13,"small Eucalyptus viminalis",0.851251220703125,"test","WogWay"
"2573",14,"large Eucalyptus fastigata",0.567779541015625,"test","WogWay"
"2574",14,"large Eucalyptus viminalis",0.609942626953125,"test","WogWay"
"2575",14,"small Eucalyptus fastigata",0.7107421875,"test","WogWay"
"2576",14,"small Eucalyptus viminalis",0.83162841796875,"test","WogWay"
"2577",15,"large Eucalyptus fastigata",0.55731201171875,"test","WogWay"
"2578",15,"large Eucalyptus viminalis",0.78262939453125,"test","WogWay"
"2579",15,"small Eucalyptus fastigata",0.879669189453125,"test","WogWay"
"2580",15,"small Eucalyptus viminalis",0.8112548828125,"test","WogWay"
"2581",16,"large Eucalyptus fastigata",0.684979248046875,"test","WogWay"
"2582",16,"large Eucalyptus viminalis",0.631695556640625,"test","WogWay"
"2583",16,"small Eucalyptus fastigata",0.8120849609375,"test","WogWay"
"2584",16,"small Eucalyptus viminalis",0.862042236328125,"test","WogWay"
"2585",17,"large Eucalyptus fastigata",0.68719482421875,"test","WogWay"
"2586",17,"large Eucalyptus viminalis",0.7001953125,"test","WogWay"
"2587",17,"small Eucalyptus fastigata",0.891851806640625,"test","WogWay"
"2588",17,"small Eucalyptus viminalis",0.87901611328125,"test","WogWay"
"2589",18,"large Eucalyptus fastigata",0.536419677734375,"test","WogWay"
"2590",18,"large Eucalyptus viminalis",0.77275390625,"test","WogWay"
"2591",18,"small Eucalyptus fastigata",0.831536865234375,"test","WogWay"
"2592",18,"small Eucalyptus viminalis",0.872796630859375,"test","WogWay"
"2593",19,"large Eucalyptus fastigata",0.669134521484375,"test","WogWay"
"2594",19,"large Eucalyptus viminalis",0.638873291015625,"test","WogWay"
"2595",19,"small Eucalyptus fastigata",0.8015380859375,"test","WogWay"
"2596",19,"small Eucalyptus viminalis",0.86478271484375,"test","WogWay"
"2597",20,"large Eucalyptus fastigata",0.450848388671875,"test","WogWay"
"2598",20,"large Eucalyptus viminalis",0.7080810546875,"test","WogWay"
"2599",20,"small Eucalyptus fastigata",0.80286865234375,"test","WogWay"
"2600",20,"small Eucalyptus viminalis",0.850738525390625,"test","WogWay"
"2601",1,"large Eucalyptus fastigata",0.571657927139946,"train","Goodenia"
"2602",1,"small Eucalyptus fastigata",0.598179029381793,"train","Goodenia"
"2603",1,"small Non-euc",0.676387241908482,"train","Goodenia"
"2604",2,"large Eucalyptus fastigata",0.541161578634511,"train","Goodenia"
"2605",2,"small Eucalyptus fastigata",0.641118588654891,"train","Goodenia"
"2606",2,"small Non-euc",0.633115495954241,"train","Goodenia"
"2607",3,"large Eucalyptus fastigata",0.553513236667799,"train","Goodenia"
"2608",3,"small Eucalyptus fastigata",0.656791355298913,"train","Goodenia"
"2609",3,"small Non-euc",0.647417340959821,"train","Goodenia"
"2610",4,"large Eucalyptus fastigata",0.565665867017663,"train","Goodenia"
"2611",4,"small Eucalyptus fastigata",0.619437839673913,"train","Goodenia"
"2612",4,"small Non-euc",0.663323538643973,"train","Goodenia"
"2613",5,"large Eucalyptus fastigata",0.584046737007473,"train","Goodenia"
"2614",5,"small Eucalyptus fastigata",0.593813688858696,"train","Goodenia"
"2615",5,"small Non-euc",0.653200422014509,"train","Goodenia"
"2616",6,"large Eucalyptus fastigata",0.570713209069293,"train","Goodenia"
"2617",6,"small Eucalyptus fastigata",0.671853770380435,"train","Goodenia"
"2618",6,"small Non-euc",0.670200892857143,"train","Goodenia"
"2619",7,"large Eucalyptus fastigata",0.580858313519022,"train","Goodenia"
"2620",7,"small Eucalyptus fastigata",0.658932893172554,"train","Goodenia"
"2621",7,"small Non-euc",0.669389997209821,"train","Goodenia"
"2622",8,"large Eucalyptus fastigata",0.539950163468071,"train","Goodenia"
"2623",8,"small Eucalyptus fastigata",0.602562945822011,"train","Goodenia"
"2624",8,"small Non-euc",0.644075666155134,"train","Goodenia"
"2625",9,"large Eucalyptus fastigata",0.569098431131114,"train","Goodenia"
"2626",9,"small Eucalyptus fastigata",0.652234948199728,"train","Goodenia"
"2627",9,"small Non-euc",0.649956839425223,"train","Goodenia"
"2628",10,"large Eucalyptus fastigata",0.568177596382473,"train","Goodenia"
"2629",10,"small Eucalyptus fastigata",0.579770295516304,"train","Goodenia"
"2630",10,"small Non-euc",0.668975830078125,"train","Goodenia"
"2631",11,"large Eucalyptus fastigata",0.566051980723505,"train","Goodenia"
"2632",11,"small Eucalyptus fastigata",0.588039232336957,"train","Goodenia"
"2633",11,"small Non-euc",0.650682721819196,"train","Goodenia"
"2634",12,"large Eucalyptus fastigata",0.579114831012228,"train","Goodenia"
"2635",12,"small Eucalyptus fastigata",0.61244533372962,"train","Goodenia"
"2636",12,"small Non-euc",0.613252912248884,"train","Goodenia"
"2637",13,"large Eucalyptus fastigata",0.56303074048913,"train","Goodenia"
"2638",13,"small Eucalyptus fastigata",0.575089164402174,"train","Goodenia"
"2639",13,"small Non-euc",0.692881992885045,"train","Goodenia"
"2640",14,"large Eucalyptus fastigata",0.558920155400815,"train","Goodenia"
"2641",14,"small Eucalyptus fastigata",0.603950832201087,"train","Goodenia"
"2642",14,"small Non-euc",0.639142717633929,"train","Goodenia"
"2643",15,"large Eucalyptus fastigata",0.55475782311481,"train","Goodenia"
"2644",15,"small Eucalyptus fastigata",0.593062691066576,"train","Goodenia"
"2645",15,"small Non-euc",0.712003435407366,"train","Goodenia"
"2646",16,"large Eucalyptus fastigata",0.574912693189538,"train","Goodenia"
"2647",16,"small Eucalyptus fastigata",0.626236625339674,"train","Goodenia"
"2648",16,"small Non-euc",0.658203125,"train","Goodenia"
"2649",17,"large Eucalyptus fastigata",0.577405846637228,"train","Goodenia"
"2650",17,"small Eucalyptus fastigata",0.614310886548913,"train","Goodenia"
"2651",17,"small Non-euc",0.664345877511161,"train","Goodenia"
"2652",18,"large Eucalyptus fastigata",0.550498630689538,"train","Goodenia"
"2653",18,"small Eucalyptus fastigata",0.654543669327446,"train","Goodenia"
"2654",18,"small Non-euc",0.68397957938058,"train","Goodenia"
"2655",19,"large Eucalyptus fastigata",0.543092147163723,"train","Goodenia"
"2656",19,"small Eucalyptus fastigata",0.621796981148098,"train","Goodenia"
"2657",19,"small Non-euc",0.682979038783482,"train","Goodenia"
"2658",20,"large Eucalyptus fastigata",0.564365552819293,"train","Goodenia"
"2659",20,"small Eucalyptus fastigata",0.60675048828125,"train","Goodenia"
"2660",20,"small Non-euc",0.663467407226562,"train","Goodenia"
"2661",1,"large Eucalyptus fastigata",0.49033203125,"test","Goodenia"
"2662",1,"small Eucalyptus fastigata",0.575054931640625,"test","Goodenia"
"2663",1,"small Non-euc",0.700323486328125,"test","Goodenia"
"2664",2,"large Eucalyptus fastigata",0.628125,"test","Goodenia"
"2665",2,"small Eucalyptus fastigata",0.57059326171875,"test","Goodenia"
"2666",2,"small Non-euc",0.76446533203125,"test","Goodenia"
"2667",3,"large Eucalyptus fastigata",0.546478271484375,"test","Goodenia"
"2668",3,"small Eucalyptus fastigata",0.513134765625,"test","Goodenia"
"2669",3,"small Non-euc",0.7132568359375,"test","Goodenia"
"2670",4,"large Eucalyptus fastigata",0.540948486328125,"test","Goodenia"
"2671",4,"small Eucalyptus fastigata",0.59971923828125,"test","Goodenia"
"2672",4,"small Non-euc",0.60291748046875,"test","Goodenia"
"2673",5,"large Eucalyptus fastigata",0.41363525390625,"test","Goodenia"
"2674",5,"small Eucalyptus fastigata",0.572216796875,"test","Goodenia"
"2675",5,"small Non-euc",0.667816162109375,"test","Goodenia"
"2676",6,"large Eucalyptus fastigata",0.593890380859375,"test","Goodenia"
"2677",6,"small Eucalyptus fastigata",0.42049560546875,"test","Goodenia"
"2678",6,"small Non-euc",0.623455810546875,"test","Goodenia"
"2679",7,"large Eucalyptus fastigata",0.478094482421875,"test","Goodenia"
"2680",7,"small Eucalyptus fastigata",0.464031982421875,"test","Goodenia"
"2681",7,"small Non-euc",0.643017578125,"test","Goodenia"
"2682",8,"large Eucalyptus fastigata",0.526629638671875,"test","Goodenia"
"2683",8,"small Eucalyptus fastigata",0.6427490234375,"test","Goodenia"
"2684",8,"small Non-euc",0.72991943359375,"test","Goodenia"
"2685",9,"large Eucalyptus fastigata",0.598370361328125,"test","Goodenia"
"2686",9,"small Eucalyptus fastigata",0.501995849609375,"test","Goodenia"
"2687",9,"small Non-euc",0.708880615234375,"test","Goodenia"
"2688",10,"large Eucalyptus fastigata",0.581781005859375,"test","Goodenia"
"2689",10,"small Eucalyptus fastigata",0.642266845703125,"test","Goodenia"
"2690",10,"small Non-euc",0.54564208984375,"test","Goodenia"
"2691",11,"large Eucalyptus fastigata",0.5548095703125,"test","Goodenia"
"2692",11,"small Eucalyptus fastigata",0.58524169921875,"test","Goodenia"
"2693",11,"small Non-euc",0.71654052734375,"test","Goodenia"
"2694",12,"large Eucalyptus fastigata",0.556768798828125,"test","Goodenia"
"2695",12,"small Eucalyptus fastigata",0.6123779296875,"test","Goodenia"
"2696",12,"small Non-euc",0.692059326171875,"test","Goodenia"
"2697",13,"large Eucalyptus fastigata",0.550543212890625,"test","Goodenia"
"2698",13,"small Eucalyptus fastigata",0.740582275390625,"test","Goodenia"
"2699",13,"small Non-euc",0.621453857421875,"test","Goodenia"
"2700",14,"large Eucalyptus fastigata",0.6385498046875,"test","Goodenia"
"2701",14,"small Eucalyptus fastigata",0.62781982421875,"test","Goodenia"
"2702",14,"small Non-euc",0.7551513671875,"test","Goodenia"
"2703",15,"large Eucalyptus fastigata",0.649810791015625,"test","Goodenia"
"2704",15,"small Eucalyptus fastigata",0.643865966796875,"test","Goodenia"
"2705",15,"small Non-euc",0.527850341796875,"test","Goodenia"
"2706",16,"large Eucalyptus fastigata",0.453466796875,"test","Goodenia"
"2707",16,"small Eucalyptus fastigata",0.581170654296875,"test","Goodenia"
"2708",16,"small Non-euc",0.663665771484375,"test","Goodenia"
"2709",17,"large Eucalyptus fastigata",0.61683349609375,"test","Goodenia"
"2710",17,"small Eucalyptus fastigata",0.610479736328125,"test","Goodenia"
"2711",17,"small Non-euc",0.67054443359375,"test","Goodenia"
"2712",18,"large Eucalyptus fastigata",0.5343017578125,"test","Goodenia"
"2713",18,"small Eucalyptus fastigata",0.44405517578125,"test","Goodenia"
"2714",18,"small Non-euc",0.593414306640625,"test","Goodenia"
"2715",19,"large Eucalyptus fastigata",0.636212158203125,"test","Goodenia"
"2716",19,"small Eucalyptus fastigata",0.6069091796875,"test","Goodenia"
"2717",19,"small Non-euc",0.607171630859375,"test","Goodenia"
"2718",20,"large Eucalyptus fastigata",0.647076416015625,"test","Goodenia"
"2719",20,"small Eucalyptus fastigata",0.6413330078125,"test","Goodenia"
"2720",20,"small Non-euc",0.689129638671875,"test","Goodenia"
"2721",1,"large Eucalyptus obliqua",0.546560946377841,"train","Candelo"
"2722",1,"small Eucalyptus obliqua",0.552613603307846,"train","Candelo"
"2723",2,"large Eucalyptus obliqua",0.52327880859375,"train","Candelo"
"2724",2,"small Eucalyptus obliqua",0.542212952958777,"train","Candelo"
"2725",3,"large Eucalyptus obliqua",0.562950550426136,"train","Candelo"
"2726",3,"small Eucalyptus obliqua",0.595592742270612,"train","Candelo"
"2727",4,"large Eucalyptus obliqua",0.554934969815341,"train","Candelo"
"2728",4,"small Eucalyptus obliqua",0.544708901263298,"train","Candelo"
"2729",5,"large Eucalyptus obliqua",0.554255814985795,"train","Candelo"
"2730",5,"small Eucalyptus obliqua",0.554512186253324,"train","Candelo"
"2731",6,"large Eucalyptus obliqua",0.537173739346591,"train","Candelo"
"2732",6,"small Eucalyptus obliqua",0.558517131399601,"train","Candelo"
"2733",7,"large Eucalyptus obliqua",0.564845969460227,"train","Candelo"
"2734",7,"small Eucalyptus obliqua",0.572999345495346,"train","Candelo"
"2735",8,"large Eucalyptus obliqua",0.570103870738636,"train","Candelo"
"2736",8,"small Eucalyptus obliqua",0.575544641373005,"train","Candelo"
"2737",9,"large Eucalyptus obliqua",0.560019753196023,"train","Candelo"
"2738",9,"small Eucalyptus obliqua",0.542892131399601,"train","Candelo"
"2739",10,"large Eucalyptus obliqua",0.540641645951704,"train","Candelo"
"2740",10,"small Eucalyptus obliqua",0.564051851313165,"train","Candelo"
"2741",11,"large Eucalyptus obliqua",0.572756125710227,"train","Candelo"
"2742",11,"small Eucalyptus obliqua",0.580974173038564,"train","Candelo"
"2743",12,"large Eucalyptus obliqua",0.542402787642045,"train","Candelo"
"2744",12,"small Eucalyptus obliqua",0.543967389045878,"train","Candelo"
"2745",13,"large Eucalyptus obliqua",0.555859375,"train","Candelo"
"2746",13,"small Eucalyptus obliqua",0.592217627992021,"train","Candelo"
"2747",14,"large Eucalyptus obliqua",0.523485218394886,"train","Candelo"
"2748",14,"small Eucalyptus obliqua",0.581428690159574,"train","Candelo"
"2749",15,"large Eucalyptus obliqua",0.5781494140625,"train","Candelo"
"2750",15,"small Eucalyptus obliqua",0.516898946559176,"train","Candelo"
"2751",16,"large Eucalyptus obliqua",0.536647727272727,"train","Candelo"
"2752",16,"small Eucalyptus obliqua",0.578047082779255,"train","Candelo"
"2753",17,"large Eucalyptus obliqua",0.558794611150568,"train","Candelo"
"2754",17,"small Eucalyptus obliqua",0.550943577543218,"train","Candelo"
"2755",18,"large Eucalyptus obliqua",0.542269620028409,"train","Candelo"
"2756",18,"small Eucalyptus obliqua",0.554290122174202,"train","Candelo"
"2757",19,"large Eucalyptus obliqua",0.551022061434659,"train","Candelo"
"2758",19,"small Eucalyptus obliqua",0.548211280335771,"train","Candelo"
"2759",20,"large Eucalyptus obliqua",0.564018110795454,"train","Candelo"
"2760",20,"small Eucalyptus obliqua",0.55916124709109,"train","Candelo"
"2761",1,"large Eucalyptus obliqua",0.60489501953125,"test","Candelo"
"2762",1,"small Eucalyptus obliqua",0.6126220703125,"test","Candelo"
"2763",2,"large Eucalyptus obliqua",0.64188232421875,"test","Candelo"
"2764",2,"small Eucalyptus obliqua",0.50887451171875,"test","Candelo"
"2765",3,"large Eucalyptus obliqua",0.378533935546875,"test","Candelo"
"2766",3,"small Eucalyptus obliqua",0.46923828125,"test","Candelo"
"2767",4,"large Eucalyptus obliqua",0.497637939453125,"test","Candelo"
"2768",4,"small Eucalyptus obliqua",0.61700439453125,"test","Candelo"
"2769",5,"large Eucalyptus obliqua",0.57137451171875,"test","Candelo"
"2770",5,"small Eucalyptus obliqua",0.509765625,"test","Candelo"
"2771",6,"large Eucalyptus obliqua",0.630633544921875,"test","Candelo"
"2772",6,"small Eucalyptus obliqua",0.706329345703125,"test","Candelo"
"2773",7,"large Eucalyptus obliqua",0.532952880859375,"test","Candelo"
"2774",7,"small Eucalyptus obliqua",0.698736572265625,"test","Candelo"
"2775",8,"large Eucalyptus obliqua",0.46207275390625,"test","Candelo"
"2776",8,"small Eucalyptus obliqua",0.5874267578125,"test","Candelo"
"2777",9,"large Eucalyptus obliqua",0.461004638671875,"test","Candelo"
"2778",9,"small Eucalyptus obliqua",0.819183349609375,"test","Candelo"
"2779",10,"large Eucalyptus obliqua",0.64085693359375,"test","Candelo"
"2780",10,"small Eucalyptus obliqua",0.680682373046875,"test","Candelo"
"2781",11,"large Eucalyptus obliqua",0.46895751953125,"test","Candelo"
"2782",11,"small Eucalyptus obliqua",0.621087646484375,"test","Candelo"
"2783",12,"large Eucalyptus obliqua",0.55675048828125,"test","Candelo"
"2784",12,"small Eucalyptus obliqua",0.52406005859375,"test","Candelo"
"2785",13,"large Eucalyptus obliqua",0.533697509765625,"test","Candelo"
"2786",13,"small Eucalyptus obliqua",0.611700439453125,"test","Candelo"
"2787",14,"large Eucalyptus obliqua",0.3694580078125,"test","Candelo"
"2788",14,"small Eucalyptus obliqua",0.562249755859375,"test","Candelo"
"2789",15,"large Eucalyptus obliqua",0.426373291015625,"test","Candelo"
"2790",15,"small Eucalyptus obliqua",0.64940185546875,"test","Candelo"
"2791",16,"large Eucalyptus obliqua",0.4352294921875,"test","Candelo"
"2792",16,"small Eucalyptus obliqua",0.69993896484375,"test","Candelo"
"2793",17,"large Eucalyptus obliqua",0.532525634765625,"test","Candelo"
"2794",17,"small Eucalyptus obliqua",0.7590576171875,"test","Candelo"
"2795",18,"large Eucalyptus obliqua",0.456475830078125,"test","Candelo"
"2796",18,"small Eucalyptus obliqua",0.542633056640625,"test","Candelo"
"2797",19,"large Eucalyptus obliqua",0.606610107421875,"test","Candelo"
"2798",19,"small Eucalyptus obliqua",0.625299072265625,"test","Candelo"
"2799",20,"large Eucalyptus obliqua",0.475347900390625,"test","Candelo"
"2800",20,"small Eucalyptus obliqua",0.565203857421875,"test","Candelo"
"2801",1,"large Eucalyptus regnans",0.581842651367187,"train","ANU101"
"2802",1,"small Non-euc",0.548084155933277,"train","ANU101"
"2803",2,"large Eucalyptus regnans",0.581703491210937,"train","ANU101"
"2804",2,"small Non-euc",0.540808325415259,"train","ANU101"
"2805",3,"large Eucalyptus regnans",0.573451538085938,"train","ANU101"
"2806",3,"small Non-euc",0.536193297789977,"train","ANU101"
"2807",4,"large Eucalyptus regnans",0.594368896484375,"train","ANU101"
"2808",4,"small Non-euc",0.554139283326295,"train","ANU101"
"2809",5,"large Eucalyptus regnans",0.595756225585938,"train","ANU101"
"2810",5,"small Non-euc",0.5442614856067,"train","ANU101"
"2811",6,"large Eucalyptus regnans",0.590518188476562,"train","ANU101"
"2812",6,"small Non-euc",0.553646603146115,"train","ANU101"
"2813",7,"large Eucalyptus regnans",0.57013671875,"train","ANU101"
"2814",7,"small Non-euc",0.539837261577984,"train","ANU101"
"2815",8,"large Eucalyptus regnans",0.585693359375,"train","ANU101"
"2816",8,"small Non-euc",0.55017749683277,"train","ANU101"
"2817",9,"large Eucalyptus regnans",0.573067016601562,"train","ANU101"
"2818",9,"small Non-euc",0.561410714914133,"train","ANU101"
"2819",10,"large Eucalyptus regnans",0.583699340820312,"train","ANU101"
"2820",10,"small Non-euc",0.552055840019707,"train","ANU101"
"2821",11,"large Eucalyptus regnans",0.590530395507812,"train","ANU101"
"2822",11,"small Non-euc",0.555803178666948,"train","ANU101"
"2823",12,"large Eucalyptus regnans",0.5764306640625,"train","ANU101"
"2824",12,"small Non-euc",0.552078934403153,"train","ANU101"
"2825",13,"large Eucalyptus regnans",0.575130615234375,"train","ANU101"
"2826",13,"small Non-euc",0.545665844066723,"train","ANU101"
"2827",14,"large Eucalyptus regnans",0.587276611328125,"train","ANU101"
"2828",14,"small Non-euc",0.546701242257883,"train","ANU101"
"2829",15,"large Eucalyptus regnans",0.584879150390625,"train","ANU101"
"2830",15,"small Non-euc",0.548824275936092,"train","ANU101"
"2831",16,"large Eucalyptus regnans",0.586524658203125,"train","ANU101"
"2832",16,"small Non-euc",0.537169860289977,"train","ANU101"
"2833",17,"large Eucalyptus regnans",0.589947509765625,"train","ANU101"
"2834",17,"small Non-euc",0.559509827210023,"train","ANU101"
"2835",18,"large Eucalyptus regnans",0.59440185546875,"train","ANU101"
"2836",18,"small Non-euc",0.555025667757601,"train","ANU101"
"2837",19,"large Eucalyptus regnans",0.583285522460937,"train","ANU101"
"2838",19,"small Non-euc",0.549275166279561,"train","ANU101"
"2839",20,"large Eucalyptus regnans",0.587637329101563,"train","ANU101"
"2840",20,"small Non-euc",0.555290703300957,"train","ANU101"
"2841",1,"large Eucalyptus regnans",0.62191162109375,"test","ANU101"
"2842",1,"small Non-euc",0.646575927734375,"test","ANU101"
"2843",2,"large Eucalyptus regnans",0.570892333984375,"test","ANU101"
"2844",2,"small Non-euc",0.680596923828125,"test","ANU101"
"2845",3,"large Eucalyptus regnans",0.72564697265625,"test","ANU101"
"2846",3,"small Non-euc",0.692822265625,"test","ANU101"
"2847",4,"large Eucalyptus regnans",0.4911865234375,"test","ANU101"
"2848",4,"small Non-euc",0.510400390625,"test","ANU101"
"2849",5,"large Eucalyptus regnans",0.43306884765625,"test","ANU101"
"2850",5,"small Non-euc",0.606805419921875,"test","ANU101"
"2851",6,"large Eucalyptus regnans",0.5700927734375,"test","ANU101"
"2852",6,"small Non-euc",0.573968505859375,"test","ANU101"
"2853",7,"large Eucalyptus regnans",0.670269775390625,"test","ANU101"
"2854",7,"small Non-euc",0.568487548828125,"test","ANU101"
"2855",8,"large Eucalyptus regnans",0.5780517578125,"test","ANU101"
"2856",8,"small Non-euc",0.62901611328125,"test","ANU101"
"2857",9,"large Eucalyptus regnans",0.564288330078125,"test","ANU101"
"2858",9,"small Non-euc",0.456756591796875,"test","ANU101"
"2859",10,"large Eucalyptus regnans",0.569842529296875,"test","ANU101"
"2860",10,"small Non-euc",0.59342041015625,"test","ANU101"
"2861",11,"large Eucalyptus regnans",0.538214111328125,"test","ANU101"
"2862",11,"small Non-euc",0.602642822265625,"test","ANU101"
"2863",12,"large Eucalyptus regnans",0.62252197265625,"test","ANU101"
"2864",12,"small Non-euc",0.51802978515625,"test","ANU101"
"2865",13,"large Eucalyptus regnans",0.591473388671875,"test","ANU101"
"2866",13,"small Non-euc",0.693133544921875,"test","ANU101"
"2867",14,"large Eucalyptus regnans",0.457354736328125,"test","ANU101"
"2868",14,"small Non-euc",0.5498046875,"test","ANU101"
"2869",15,"large Eucalyptus regnans",0.60057373046875,"test","ANU101"
"2870",15,"small Non-euc",0.68837890625,"test","ANU101"
"2871",16,"large Eucalyptus regnans",0.496099853515625,"test","ANU101"
"2872",16,"small Non-euc",0.590570068359375,"test","ANU101"
"2873",17,"large Eucalyptus regnans",0.5337646484375,"test","ANU101"
"2874",17,"small Non-euc",0.487164306640625,"test","ANU101"
"2875",18,"large Eucalyptus regnans",0.509014892578125,"test","ANU101"
"2876",18,"small Non-euc",0.644183349609375,"test","ANU101"
"2877",19,"large Eucalyptus regnans",0.5892822265625,"test","ANU101"
"2878",19,"small Non-euc",0.543658447265625,"test","ANU101"
"2879",20,"large Eucalyptus regnans",0.54715576171875,"test","ANU101"
"2880",20,"small Non-euc",0.52056884765625,"test","ANU101"
"2881",1,"large Eucalyptus regnans",0.506587357954545,"train","Ada Tree"
"2882",1,"small Eucalyptus regnans",0.548971424932065,"train","Ada Tree"
"2883",1,"small Non-euc",0.545216705839513,"train","Ada Tree"
"2884",2,"large Eucalyptus regnans",0.515094549005682,"train","Ada Tree"
"2885",2,"small Eucalyptus regnans",0.606826118800951,"train","Ada Tree"
"2886",2,"small Non-euc",0.538100937665519,"train","Ada Tree"
"2887",3,"large Eucalyptus regnans",0.567697975852273,"train","Ada Tree"
"2888",3,"small Eucalyptus regnans",0.575967539911685,"train","Ada Tree"
"2889",3,"small Non-euc",0.54583662647312,"train","Ada Tree"
"2890",4,"large Eucalyptus regnans",0.499665971235795,"train","Ada Tree"
"2891",4,"small Eucalyptus regnans",0.514404296875,"train","Ada Tree"
"2892",4,"small Non-euc",0.552586183709613,"train","Ada Tree"
"2893",5,"large Eucalyptus regnans",0.559950949928977,"train","Ada Tree"
"2894",5,"small Eucalyptus regnans",0.542014743970788,"train","Ada Tree"
"2895",5,"small Non-euc",0.540659500380694,"train","Ada Tree"
"2896",6,"large Eucalyptus regnans",0.519774280894886,"train","Ada Tree"
"2897",6,"small Eucalyptus regnans",0.549760901409647,"train","Ada Tree"
"2898",6,"small Non-euc",0.542875904147908,"train","Ada Tree"
"2899",7,"large Eucalyptus regnans",0.51916670365767,"train","Ada Tree"
"2900",7,"small Eucalyptus regnans",0.56269239342731,"train","Ada Tree"
"2901",7,"small Non-euc",0.540529929985434,"train","Ada Tree"
"2902",8,"large Eucalyptus regnans",0.513063742897727,"train","Ada Tree"
"2903",8,"small Eucalyptus regnans",0.553438932999321,"train","Ada Tree"
"2904",8,"small Non-euc",0.551611690197961,"train","Ada Tree"
"2905",9,"large Eucalyptus regnans",0.522388250177557,"train","Ada Tree"
"2906",9,"small Eucalyptus regnans",0.545422097911005,"train","Ada Tree"
"2907",9,"small Non-euc",0.543270305051642,"train","Ada Tree"
"2908",10,"large Eucalyptus regnans",0.544009121981534,"train","Ada Tree"
"2909",10,"small Eucalyptus regnans",0.542664901069973,"train","Ada Tree"
"2910",10,"small Non-euc",0.540316824185646,"train","Ada Tree"
"2911",11,"large Eucalyptus regnans",0.549636008522727,"train","Ada Tree"
"2912",11,"small Eucalyptus regnans",0.52803371263587,"train","Ada Tree"
"2913",11,"small Non-euc",0.54529636189089,"train","Ada Tree"
"2914",12,"large Eucalyptus regnans",0.5212158203125,"train","Ada Tree"
"2915",12,"small Eucalyptus regnans",0.541367240574049,"train","Ada Tree"
"2916",12,"small Non-euc",0.53955983307402,"train","Ada Tree"
"2917",13,"large Eucalyptus regnans",0.499013449928977,"train","Ada Tree"
"2918",13,"small Eucalyptus regnans",0.533562701681386,"train","Ada Tree"
"2919",13,"small Non-euc",0.547381643521584,"train","Ada Tree"
"2920",14,"large Eucalyptus regnans",0.520995538884943,"train","Ada Tree"
"2921",14,"small Eucalyptus regnans",0.563603940217391,"train","Ada Tree"
"2922",14,"small Non-euc",0.545580589165122,"train","Ada Tree"
"2923",15,"large Eucalyptus regnans",0.558765203302557,"train","Ada Tree"
"2924",15,"small Eucalyptus regnans",0.531751549762228,"train","Ada Tree"
"2925",15,"small Non-euc",0.542100292141155,"train","Ada Tree"
"2926",16,"large Eucalyptus regnans",0.486487371271307,"train","Ada Tree"
"2927",16,"small Eucalyptus regnans",0.604149859884511,"train","Ada Tree"
"2928",16,"small Non-euc",0.544595233464645,"train","Ada Tree"
"2929",17,"large Eucalyptus regnans",0.56423506303267,"train","Ada Tree"
"2930",17,"small Eucalyptus regnans",0.537602963654891,"train","Ada Tree"
"2931",17,"small Non-euc",0.548649416131488,"train","Ada Tree"
"2932",18,"large Eucalyptus regnans",0.516009521484375,"train","Ada Tree"
"2933",18,"small Eucalyptus regnans",0.573917554772418,"train","Ada Tree"
"2934",18,"small Non-euc",0.545489036430747,"train","Ada Tree"
"2935",19,"large Eucalyptus regnans",0.536640514026989,"train","Ada Tree"
"2936",19,"small Eucalyptus regnans",0.522313657014266,"train","Ada Tree"
"2937",19,"small Non-euc",0.546149302337129,"train","Ada Tree"
"2938",20,"large Eucalyptus regnans",0.532491787997159,"train","Ada Tree"
"2939",20,"small Eucalyptus regnans",0.55756544030231,"train","Ada Tree"
"2940",20,"small Non-euc",0.535953845007945,"train","Ada Tree"
"2941",1,"large Eucalyptus regnans",0.47315673828125,"test","Ada Tree"
"2942",1,"small Eucalyptus regnans",0.630914306640625,"test","Ada Tree"
"2943",1,"small Non-euc",0.502203369140625,"test","Ada Tree"
"2944",2,"large Eucalyptus regnans",0.5427490234375,"test","Ada Tree"
"2945",2,"small Eucalyptus regnans",0.5626953125,"test","Ada Tree"
"2946",2,"small Non-euc",0.625,"test","Ada Tree"
"2947",3,"large Eucalyptus regnans",0.72138671875,"test","Ada Tree"
"2948",3,"small Eucalyptus regnans",0.53447265625,"test","Ada Tree"
"2949",3,"small Non-euc",0.46224365234375,"test","Ada Tree"
"2950",4,"large Eucalyptus regnans",0.7576904296875,"test","Ada Tree"
"2951",4,"small Eucalyptus regnans",0.654278564453125,"test","Ada Tree"
"2952",4,"small Non-euc",0.381591796875,"test","Ada Tree"
"2953",5,"large Eucalyptus regnans",0.60087890625,"test","Ada Tree"
"2954",5,"small Eucalyptus regnans",0.602679443359375,"test","Ada Tree"
"2955",5,"small Non-euc",0.585357666015625,"test","Ada Tree"
"2956",6,"large Eucalyptus regnans",0.588555908203125,"test","Ada Tree"
"2957",6,"small Eucalyptus regnans",0.643341064453125,"test","Ada Tree"
"2958",6,"small Non-euc",0.5866943359375,"test","Ada Tree"
"2959",7,"large Eucalyptus regnans",0.66571044921875,"test","Ada Tree"
"2960",7,"small Eucalyptus regnans",0.589691162109375,"test","Ada Tree"
"2961",7,"small Non-euc",0.534490966796875,"test","Ada Tree"
"2962",8,"large Eucalyptus regnans",0.66630859375,"test","Ada Tree"
"2963",8,"small Eucalyptus regnans",0.53697509765625,"test","Ada Tree"
"2964",8,"small Non-euc",0.37344970703125,"test","Ada Tree"
"2965",9,"large Eucalyptus regnans",0.68349609375,"test","Ada Tree"
"2966",9,"small Eucalyptus regnans",0.545654296875,"test","Ada Tree"
"2967",9,"small Non-euc",0.350860595703125,"test","Ada Tree"
"2968",10,"large Eucalyptus regnans",0.598272705078125,"test","Ada Tree"
"2969",10,"small Eucalyptus regnans",0.454827880859375,"test","Ada Tree"
"2970",10,"small Non-euc",0.608404541015625,"test","Ada Tree"
"2971",11,"large Eucalyptus regnans",0.495013427734375,"test","Ada Tree"
"2972",11,"small Eucalyptus regnans",0.60201416015625,"test","Ada Tree"
"2973",11,"small Non-euc",0.4225341796875,"test","Ada Tree"
"2974",12,"large Eucalyptus regnans",0.679791259765625,"test","Ada Tree"
"2975",12,"small Eucalyptus regnans",0.485296630859375,"test","Ada Tree"
"2976",12,"small Non-euc",0.552301025390625,"test","Ada Tree"
"2977",13,"large Eucalyptus regnans",0.6744873046875,"test","Ada Tree"
"2978",13,"small Eucalyptus regnans",0.636041259765625,"test","Ada Tree"
"2979",13,"small Non-euc",0.477734375,"test","Ada Tree"
"2980",14,"large Eucalyptus regnans",0.6754638671875,"test","Ada Tree"
"2981",14,"small Eucalyptus regnans",0.582220458984375,"test","Ada Tree"
"2982",14,"small Non-euc",0.516497802734375,"test","Ada Tree"
"2983",15,"large Eucalyptus regnans",0.603692626953125,"test","Ada Tree"
"2984",15,"small Eucalyptus regnans",0.637359619140625,"test","Ada Tree"
"2985",15,"small Non-euc",0.50595703125,"test","Ada Tree"
"2986",16,"large Eucalyptus regnans",0.61898193359375,"test","Ada Tree"
"2987",16,"small Eucalyptus regnans",0.56630859375,"test","Ada Tree"
"2988",16,"small Non-euc",0.468280029296875,"test","Ada Tree"
"2989",17,"large Eucalyptus regnans",0.565643310546875,"test","Ada Tree"
"2990",17,"small Eucalyptus regnans",0.537249755859375,"test","Ada Tree"
"2991",17,"small Non-euc",0.35931396484375,"test","Ada Tree"
"2992",18,"large Eucalyptus regnans",0.585443115234375,"test","Ada Tree"
"2993",18,"small Eucalyptus regnans",0.68739013671875,"test","Ada Tree"
"2994",18,"small Non-euc",0.42952880859375,"test","Ada Tree"
"2995",19,"large Eucalyptus regnans",0.815338134765625,"test","Ada Tree"
"2996",19,"small Eucalyptus regnans",0.635211181640625,"test","Ada Tree"
"2997",19,"small Non-euc",0.59637451171875,"test","Ada Tree"
"2998",20,"large Eucalyptus regnans",0.61312255859375,"test","Ada Tree"
"2999",20,"small Eucalyptus regnans",0.758709716796875,"test","Ada Tree"
"3000",20,"small Non-euc",0.5212158203125,"test","Ada Tree"
"3001",1,"large Eucalyptus grandis",0.561738044984879,"train","Lamb Range"
"3002",1,"small Eucalyptus grandis",0.539176940917969,"train","Lamb Range"
"3003",1,"small Non-euc",0.525954555457746,"train","Lamb Range"
"3004",2,"large Eucalyptus grandis",0.548465851814516,"train","Lamb Range"
"3005",2,"small Eucalyptus grandis",0.557888793945313,"train","Lamb Range"
"3006",2,"small Non-euc",0.520268829775528,"train","Lamb Range"
"3007",3,"large Eucalyptus grandis",0.520612162928427,"train","Lamb Range"
"3008",3,"small Eucalyptus grandis",0.552630615234375,"train","Lamb Range"
"3009",3,"small Non-euc",0.5156142543739,"train","Lamb Range"
"3010",4,"large Eucalyptus grandis",0.539233792212702,"train","Lamb Range"
"3011",4,"small Eucalyptus grandis",0.535786437988281,"train","Lamb Range"
"3012",4,"small Non-euc",0.527612390652509,"train","Lamb Range"
"3013",5,"large Eucalyptus grandis",0.551478232106855,"train","Lamb Range"
"3014",5,"small Eucalyptus grandis",0.555050659179688,"train","Lamb Range"
"3015",5,"small Non-euc",0.52803018059529,"train","Lamb Range"
"3016",6,"large Eucalyptus grandis",0.546195737777218,"train","Lamb Range"
"3017",6,"small Eucalyptus grandis",0.540556335449219,"train","Lamb Range"
"3018",6,"small Non-euc",0.524457045004401,"train","Lamb Range"
"3019",7,"large Eucalyptus grandis",0.499596380418347,"train","Lamb Range"
"3020",7,"small Eucalyptus grandis",0.54617919921875,"train","Lamb Range"
"3021",7,"small Non-euc",0.523784368810519,"train","Lamb Range"
"3022",8,"large Eucalyptus grandis",0.524433751260081,"train","Lamb Range"
"3023",8,"small Eucalyptus grandis",0.546644592285156,"train","Lamb Range"
"3024",8,"small Non-euc",0.528474189865757,"train","Lamb Range"
"3025",9,"large Eucalyptus grandis",0.538158785912298,"train","Lamb Range"
"3026",9,"small Eucalyptus grandis",0.538368225097656,"train","Lamb Range"
"3027",9,"small Non-euc",0.534241582306338,"train","Lamb Range"
"3028",10,"large Eucalyptus grandis",0.532067083543347,"train","Lamb Range"
"3029",10,"small Eucalyptus grandis",0.528866577148438,"train","Lamb Range"
"3030",10,"small Non-euc",0.524053009463028,"train","Lamb Range"
"3031",11,"large Eucalyptus grandis",0.569314279863911,"train","Lamb Range"
"3032",11,"small Eucalyptus grandis",0.540226745605469,"train","Lamb Range"
"3033",11,"small Non-euc",0.522089998487016,"train","Lamb Range"
"3034",12,"large Eucalyptus grandis",0.57532722719254,"train","Lamb Range"
"3035",12,"small Eucalyptus grandis",0.541471862792969,"train","Lamb Range"
"3036",12,"small Non-euc",0.528899716659331,"train","Lamb Range"
"3037",13,"large Eucalyptus grandis",0.511372227822581,"train","Lamb Range"
"3038",13,"small Eucalyptus grandis",0.534457397460937,"train","Lamb Range"
"3039",13,"small Non-euc",0.536485269036092,"train","Lamb Range"
"3040",14,"large Eucalyptus grandis",0.535691784274194,"train","Lamb Range"
"3041",14,"small Eucalyptus grandis",0.564688110351563,"train","Lamb Range"
"3042",14,"small Non-euc",0.542459837147887,"train","Lamb Range"
"3043",15,"large Eucalyptus grandis",0.581952494959677,"train","Lamb Range"
"3044",15,"small Eucalyptus grandis",0.562532043457031,"train","Lamb Range"
"3045",15,"small Non-euc",0.534279836735255,"train","Lamb Range"
"3046",16,"large Eucalyptus grandis",0.49885017641129,"train","Lamb Range"
"3047",16,"small Eucalyptus grandis",0.542710876464844,"train","Lamb Range"
"3048",16,"small Non-euc",0.53290224746919,"train","Lamb Range"
"3049",17,"large Eucalyptus grandis",0.527828093497984,"train","Lamb Range"
"3050",17,"small Eucalyptus grandis",0.542359924316406,"train","Lamb Range"
"3051",17,"small Non-euc",0.533510879731514,"train","Lamb Range"
"3052",18,"large Eucalyptus grandis",0.537286573840726,"train","Lamb Range"
"3053",18,"small Eucalyptus grandis",0.5494384765625,"train","Lamb Range"
"3054",18,"small Non-euc",0.5245468784386,"train","Lamb Range"
"3055",19,"large Eucalyptus grandis",0.552161432081653,"train","Lamb Range"
"3056",19,"small Eucalyptus grandis",0.554154968261719,"train","Lamb Range"
"3057",19,"small Non-euc",0.523844114491637,"train","Lamb Range"
"3058",20,"large Eucalyptus grandis",0.508602019279234,"train","Lamb Range"
"3059",20,"small Eucalyptus grandis",0.533343505859375,"train","Lamb Range"
"3060",20,"small Non-euc",0.537777323118398,"train","Lamb Range"
"3061",1,"large Eucalyptus grandis",0.46964111328125,"test","Lamb Range"
"3062",1,"small Eucalyptus grandis",0.63741455078125,"test","Lamb Range"
"3063",1,"small Non-euc",0.6453125,"test","Lamb Range"
"3064",2,"large Eucalyptus grandis",0.348504638671875,"test","Lamb Range"
"3065",2,"small Eucalyptus grandis",0.6339599609375,"test","Lamb Range"
"3066",2,"small Non-euc",0.62083740234375,"test","Lamb Range"
"3067",3,"large Eucalyptus grandis",0.501031494140625,"test","Lamb Range"
"3068",3,"small Eucalyptus grandis",0.831268310546875,"test","Lamb Range"
"3069",3,"small Non-euc",0.715673828125,"test","Lamb Range"
"3070",4,"large Eucalyptus grandis",0.39033203125,"test","Lamb Range"
"3071",4,"small Eucalyptus grandis",0.814599609375,"test","Lamb Range"
"3072",4,"small Non-euc",0.5149658203125,"test","Lamb Range"
"3073",5,"large Eucalyptus grandis",0.376129150390625,"test","Lamb Range"
"3074",5,"small Eucalyptus grandis",0.687567138671875,"test","Lamb Range"
"3075",5,"small Non-euc",0.705841064453125,"test","Lamb Range"
"3076",6,"large Eucalyptus grandis",0.4570556640625,"test","Lamb Range"
"3077",6,"small Eucalyptus grandis",0.723052978515625,"test","Lamb Range"
"3078",6,"small Non-euc",0.61075439453125,"test","Lamb Range"
"3079",7,"large Eucalyptus grandis",0.642462158203125,"test","Lamb Range"
"3080",7,"small Eucalyptus grandis",0.772564697265625,"test","Lamb Range"
"3081",7,"small Non-euc",0.51241455078125,"test","Lamb Range"
"3082",8,"large Eucalyptus grandis",0.50145263671875,"test","Lamb Range"
"3083",8,"small Eucalyptus grandis",0.7165771484375,"test","Lamb Range"
"3084",8,"small Non-euc",0.6674560546875,"test","Lamb Range"
"3085",9,"large Eucalyptus grandis",0.410205078125,"test","Lamb Range"
"3086",9,"small Eucalyptus grandis",0.732080078125,"test","Lamb Range"
"3087",9,"small Non-euc",0.563592529296875,"test","Lamb Range"
"3088",10,"large Eucalyptus grandis",0.402215576171875,"test","Lamb Range"
"3089",10,"small Eucalyptus grandis",0.66470947265625,"test","Lamb Range"
"3090",10,"small Non-euc",0.471435546875,"test","Lamb Range"
"3091",11,"large Eucalyptus grandis",0.310235595703125,"test","Lamb Range"
"3092",11,"small Eucalyptus grandis",0.577142333984375,"test","Lamb Range"
"3093",11,"small Non-euc",0.577685546875,"test","Lamb Range"
"3094",12,"large Eucalyptus grandis",0.46334228515625,"test","Lamb Range"
"3095",12,"small Eucalyptus grandis",0.759515380859375,"test","Lamb Range"
"3096",12,"small Non-euc",0.54154052734375,"test","Lamb Range"
"3097",13,"large Eucalyptus grandis",0.507452392578125,"test","Lamb Range"
"3098",13,"small Eucalyptus grandis",0.6093017578125,"test","Lamb Range"
"3099",13,"small Non-euc",0.638128662109375,"test","Lamb Range"
"3100",14,"large Eucalyptus grandis",0.518115234375,"test","Lamb Range"
"3101",14,"small Eucalyptus grandis",0.75355224609375,"test","Lamb Range"
"3102",14,"small Non-euc",0.5598876953125,"test","Lamb Range"
"3103",15,"large Eucalyptus grandis",0.383978271484375,"test","Lamb Range"
"3104",15,"small Eucalyptus grandis",0.695123291015625,"test","Lamb Range"
"3105",15,"small Non-euc",0.607220458984375,"test","Lamb Range"
"3106",16,"large Eucalyptus grandis",0.575970458984375,"test","Lamb Range"
"3107",16,"small Eucalyptus grandis",0.633392333984375,"test","Lamb Range"
"3108",16,"small Non-euc",0.594451904296875,"test","Lamb Range"
"3109",17,"large Eucalyptus grandis",0.416650390625,"test","Lamb Range"
"3110",17,"small Eucalyptus grandis",0.742889404296875,"test","Lamb Range"
"3111",17,"small Non-euc",0.631494140625,"test","Lamb Range"
"3112",18,"large Eucalyptus grandis",0.45911865234375,"test","Lamb Range"
"3113",18,"small Eucalyptus grandis",0.69051513671875,"test","Lamb Range"
"3114",18,"small Non-euc",0.5845947265625,"test","Lamb Range"
"3115",19,"large Eucalyptus grandis",0.437811279296875,"test","Lamb Range"
"3116",19,"small Eucalyptus grandis",0.672589111328125,"test","Lamb Range"
"3117",19,"small Non-euc",0.538360595703125,"test","Lamb Range"
"3118",20,"large Eucalyptus grandis",0.516754150390625,"test","Lamb Range"
"3119",20,"small Eucalyptus grandis",0.674169921875,"test","Lamb Range"
"3120",20,"small Non-euc",0.534918212890625,"test","Lamb Range"
"3121",1,"large Eucalyptus regnans",0.549518132613877,"train","Weeaproinah"
"3122",1,"small Eucalyptus regnans",0.549020119083738,"train","Weeaproinah"
"3123",1,"small Non-euc",0.462824600277745,"train","Weeaproinah"
"3124",2,"large Eucalyptus regnans",0.559861005362818,"train","Weeaproinah"
"3125",2,"small Eucalyptus regnans",0.560524949749697,"train","Weeaproinah"
"3126",2,"small Non-euc",0.462223647665162,"train","Weeaproinah"
"3127",3,"large Eucalyptus regnans",0.552495406845869,"train","Weeaproinah"
"3128",3,"small Eucalyptus regnans",0.546203020706918,"train","Weeaproinah"
"3129",3,"small Non-euc",0.467250229287963,"train","Weeaproinah"
"3130",4,"large Eucalyptus regnans",0.566657114837129,"train","Weeaproinah"
"3131",4,"small Eucalyptus regnans",0.53985832732858,"train","Weeaproinah"
"3132",4,"small Non-euc",0.466657051115435,"train","Weeaproinah"
"3133",5,"large Eucalyptus regnans",0.565502619339248,"train","Weeaproinah"
"3134",5,"small Eucalyptus regnans",0.530973860361044,"train","Weeaproinah"
"3135",5,"small Non-euc",0.463969531621317,"train","Weeaproinah"
"3136",6,"large Eucalyptus regnans",0.559074789790784,"train","Weeaproinah"
"3137",6,"small Eucalyptus regnans",0.550994576759709,"train","Weeaproinah"
"3138",6,"small Non-euc",0.459777715994831,"train","Weeaproinah"
"3139",7,"large Eucalyptus regnans",0.546870344776218,"train","Weeaproinah"
"3140",7,"small Eucalyptus regnans",0.552344461089199,"train","Weeaproinah"
"3141",7,"small Non-euc",0.458719115746792,"train","Weeaproinah"
"3142",8,"large Eucalyptus regnans",0.554204391220869,"train","Weeaproinah"
"3143",8,"small Eucalyptus regnans",0.552088468977549,"train","Weeaproinah"
"3144",8,"small Non-euc",0.457304631802519,"train","Weeaproinah"
"3145",9,"large Eucalyptus regnans",0.544929116459216,"train","Weeaproinah"
"3146",9,"small Eucalyptus regnans",0.553065031477549,"train","Weeaproinah"
"3147",9,"small Non-euc",0.462728754195877,"train","Weeaproinah"
"3148",10,"large Eucalyptus regnans",0.568157648636123,"train","Weeaproinah"
"3149",10,"small Eucalyptus regnans",0.554211070236651,"train","Weeaproinah"
"3150",10,"small Non-euc",0.459808581682212,"train","Weeaproinah"
"3151",11,"large Eucalyptus regnans",0.554908364506091,"train","Weeaproinah"
"3152",11,"small Eucalyptus regnans",0.541157250265473,"train","Weeaproinah"
"3153",11,"small Non-euc",0.461057597693382,"train","Weeaproinah"
"3154",12,"large Eucalyptus regnans",0.566552113678496,"train","Weeaproinah"
"3155",12,"small Eucalyptus regnans",0.557598817695692,"train","Weeaproinah"
"3156",12,"small Non-euc",0.46369684603731,"train","Weeaproinah"
"3157",13,"large Eucalyptus regnans",0.55009331137447,"train","Weeaproinah"
"3158",13,"small Eucalyptus regnans",0.545452821601942,"train","Weeaproinah"
"3159",13,"small Non-euc",0.463007821782913,"train","Weeaproinah"
"3160",14,"large Eucalyptus regnans",0.56252637960143,"train","Weeaproinah"
"3161",14,"small Eucalyptus regnans",0.557367121131675,"train","Weeaproinah"
"3162",14,"small Non-euc",0.466114464821471,"train","Weeaproinah"
"3163",15,"large Eucalyptus regnans",0.551180047503972,"train","Weeaproinah"
"3164",15,"small Eucalyptus regnans",0.545098462151092,"train","Weeaproinah"
"3165",15,"small Non-euc",0.458915681440114,"train","Weeaproinah"
"3166",16,"large Eucalyptus regnans",0.560715497550318,"train","Weeaproinah"
"3167",16,"small Eucalyptus regnans",0.540998440344357,"train","Weeaproinah"
"3168",16,"small Non-euc",0.461737687143536,"train","Weeaproinah"
"3169",17,"large Eucalyptus regnans",0.56169826701536,"train","Weeaproinah"
"3170",17,"small Eucalyptus regnans",0.559591645175971,"train","Weeaproinah"
"3171",17,"small Non-euc",0.460952932843691,"train","Weeaproinah"
"3172",18,"large Eucalyptus regnans",0.560437218617585,"train","Weeaproinah"
"3173",18,"small Eucalyptus regnans",0.542760756409284,"train","Weeaproinah"
"3174",18,"small Non-euc",0.461136502458115,"train","Weeaproinah"
"3175",19,"large Eucalyptus regnans",0.560218940346928,"train","Weeaproinah"
"3176",19,"small Eucalyptus regnans",0.541369984450849,"train","Weeaproinah"
"3177",19,"small Non-euc",0.459155992863296,"train","Weeaproinah"
"3178",20,"large Eucalyptus regnans",0.561473264532574,"train","Weeaproinah"
"3179",20,"small Eucalyptus regnans",0.541135917589502,"train","Weeaproinah"
"3180",20,"small Non-euc",0.466408036960848,"train","Weeaproinah"
"3181",1,"large Eucalyptus regnans",0.766351318359375,"test","Weeaproinah"
"3182",1,"small Eucalyptus regnans",0.56055908203125,"test","Weeaproinah"
"3183",1,"small Non-euc",0.364117431640625,"test","Weeaproinah"
"3184",2,"large Eucalyptus regnans",0.70087890625,"test","Weeaproinah"
"3185",2,"small Eucalyptus regnans",0.390185546875,"test","Weeaproinah"
"3186",2,"small Non-euc",0.507379150390625,"test","Weeaproinah"
"3187",3,"large Eucalyptus regnans",0.690771484375,"test","Weeaproinah"
"3188",3,"small Eucalyptus regnans",0.426568603515625,"test","Weeaproinah"
"3189",3,"small Non-euc",0.644866943359375,"test","Weeaproinah"
"3190",4,"large Eucalyptus regnans",0.77025146484375,"test","Weeaproinah"
"3191",4,"small Eucalyptus regnans",0.6189697265625,"test","Weeaproinah"
"3192",4,"small Non-euc",0.526336669921875,"test","Weeaproinah"
"3193",5,"large Eucalyptus regnans",0.7248291015625,"test","Weeaproinah"
"3194",5,"small Eucalyptus regnans",0.746142578125,"test","Weeaproinah"
"3195",5,"small Non-euc",0.44371337890625,"test","Weeaproinah"
"3196",6,"large Eucalyptus regnans",0.693988037109375,"test","Weeaproinah"
"3197",6,"small Eucalyptus regnans",0.53419189453125,"test","Weeaproinah"
"3198",6,"small Non-euc",0.615228271484375,"test","Weeaproinah"
"3199",7,"large Eucalyptus regnans",0.81419677734375,"test","Weeaproinah"
"3200",7,"small Eucalyptus regnans",0.5150390625,"test","Weeaproinah"
"3201",7,"small Non-euc",0.60482177734375,"test","Weeaproinah"
"3202",8,"large Eucalyptus regnans",0.66546630859375,"test","Weeaproinah"
"3203",8,"small Eucalyptus regnans",0.501092529296875,"test","Weeaproinah"
"3204",8,"small Non-euc",0.542535400390625,"test","Weeaproinah"
"3205",9,"large Eucalyptus regnans",0.659234619140625,"test","Weeaproinah"
"3206",9,"small Eucalyptus regnans",0.58428955078125,"test","Weeaproinah"
"3207",9,"small Non-euc",0.636187744140625,"test","Weeaproinah"
"3208",10,"large Eucalyptus regnans",0.56932373046875,"test","Weeaproinah"
"3209",10,"small Eucalyptus regnans",0.517218017578125,"test","Weeaproinah"
"3210",10,"small Non-euc",0.4625244140625,"test","Weeaproinah"
"3211",11,"large Eucalyptus regnans",0.70814208984375,"test","Weeaproinah"
"3212",11,"small Eucalyptus regnans",0.702667236328125,"test","Weeaproinah"
"3213",11,"small Non-euc",0.61600341796875,"test","Weeaproinah"
"3214",12,"large Eucalyptus regnans",0.7830078125,"test","Weeaproinah"
"3215",12,"small Eucalyptus regnans",0.511053466796875,"test","Weeaproinah"
"3216",12,"small Non-euc",0.552569580078125,"test","Weeaproinah"
"3217",13,"large Eucalyptus regnans",0.645245361328125,"test","Weeaproinah"
"3218",13,"small Eucalyptus regnans",0.584124755859375,"test","Weeaproinah"
"3219",13,"small Non-euc",0.537261962890625,"test","Weeaproinah"
"3220",14,"large Eucalyptus regnans",0.67220458984375,"test","Weeaproinah"
"3221",14,"small Eucalyptus regnans",0.4546875,"test","Weeaproinah"
"3222",14,"small Non-euc",0.553338623046875,"test","Weeaproinah"
"3223",15,"large Eucalyptus regnans",0.618994140625,"test","Weeaproinah"
"3224",15,"small Eucalyptus regnans",0.597064208984375,"test","Weeaproinah"
"3225",15,"small Non-euc",0.59979248046875,"test","Weeaproinah"
"3226",16,"large Eucalyptus regnans",0.6961181640625,"test","Weeaproinah"
"3227",16,"small Eucalyptus regnans",0.556805419921875,"test","Weeaproinah"
"3228",16,"small Non-euc",0.57744140625,"test","Weeaproinah"
"3229",17,"large Eucalyptus regnans",0.675042724609375,"test","Weeaproinah"
"3230",17,"small Eucalyptus regnans",0.4420166015625,"test","Weeaproinah"
"3231",17,"small Non-euc",0.549554443359375,"test","Weeaproinah"
"3232",18,"large Eucalyptus regnans",0.709271240234375,"test","Weeaproinah"
"3233",18,"small Eucalyptus regnans",0.546905517578125,"test","Weeaproinah"
"3234",18,"small Non-euc",0.572235107421875,"test","Weeaproinah"
"3235",19,"large Eucalyptus regnans",0.48614501953125,"test","Weeaproinah"
"3236",19,"small Eucalyptus regnans",0.6249267578125,"test","Weeaproinah"
"3237",19,"small Non-euc",0.4265380859375,"test","Weeaproinah"
"3238",20,"large Eucalyptus regnans",0.703863525390625,"test","Weeaproinah"
"3239",20,"small Eucalyptus regnans",0.704266357421875,"test","Weeaproinah"
"3240",20,"small Non-euc",0.49932861328125,"test","Weeaproinah"
"3241",1,"large Eucalyptus regnans",0.538574719038166,"train","ANU589"
"3242",1,"small Eucalyptus regnans",0.606605529785156,"train","ANU589"
"3243",1,"small Non-euc",0.651881552150107,"train","ANU589"
"3244",2,"large Eucalyptus regnans",0.539444720158811,"train","ANU589"
"3245",2,"small Eucalyptus regnans",0.6278076171875,"train","ANU589"
"3246",2,"small Non-euc",0.671505137386485,"train","ANU589"
"3247",3,"large Eucalyptus regnans",0.550413037909836,"train","ANU589"
"3248",3,"small Eucalyptus regnans",0.619682312011719,"train","ANU589"
"3249",3,"small Non-euc",0.65913586738782,"train","ANU589"
"3250",4,"large Eucalyptus regnans",0.526774922355277,"train","ANU589"
"3251",4,"small Eucalyptus regnans",0.711074829101562,"train","ANU589"
"3252",4,"small Non-euc",0.666719876802885,"train","ANU589"
"3253",5,"large Eucalyptus regnans",0.534102142834272,"train","ANU589"
"3254",5,"small Eucalyptus regnans",0.663780212402344,"train","ANU589"
"3255",5,"small Non-euc",0.661986783019498,"train","ANU589"
"3256",6,"large Eucalyptus regnans",0.534905605628842,"train","ANU589"
"3257",6,"small Eucalyptus regnans",0.638427734375,"train","ANU589"
"3258",6,"small Non-euc",0.672968416132479,"train","ANU589"
"3259",7,"large Eucalyptus regnans",0.542061227266906,"train","ANU589"
"3260",7,"small Eucalyptus regnans",0.748222351074219,"train","ANU589"
"3261",7,"small Non-euc",0.671195788261218,"train","ANU589"
"3262",8,"large Eucalyptus regnans",0.539145047547387,"train","ANU589"
"3263",8,"small Eucalyptus regnans",0.522819519042969,"train","ANU589"
"3264",8,"small Non-euc",0.657763358874199,"train","ANU589"
"3265",9,"large Eucalyptus regnans",0.545180523981813,"train","ANU589"
"3266",9,"small Eucalyptus regnans",0.740089416503906,"train","ANU589"
"3267",9,"small Non-euc",0.652248284755609,"train","ANU589"
"3268",10,"large Eucalyptus regnans",0.538980452740779,"train","ANU589"
"3269",10,"small Eucalyptus regnans",0.626968383789062,"train","ANU589"
"3270",10,"small Non-euc",0.67301745292468,"train","ANU589"
"3271",11,"large Eucalyptus regnans",0.527886562660092,"train","ANU589"
"3272",11,"small Eucalyptus regnans",0.707313537597656,"train","ANU589"
"3273",11,"small Non-euc",0.667806511251335,"train","ANU589"
"3274",12,"large Eucalyptus regnans",0.53729498190958,"train","ANU589"
"3275",12,"small Eucalyptus regnans",0.607223510742188,"train","ANU589"
"3276",12,"small Non-euc",0.668069953592415,"train","ANU589"
"3277",13,"large Eucalyptus regnans",0.546365706647029,"train","ANU589"
"3278",13,"small Eucalyptus regnans",0.65704345703125,"train","ANU589"
"3279",13,"small Non-euc",0.667468470385951,"train","ANU589"
"3280",14,"large Eucalyptus regnans",0.538693287333504,"train","ANU589"
"3281",14,"small Eucalyptus regnans",0.758331298828125,"train","ANU589"
"3282",14,"small Non-euc",0.665576380542201,"train","ANU589"
"3283",15,"large Eucalyptus regnans",0.534908607357838,"train","ANU589"
"3284",15,"small Eucalyptus regnans",0.519859313964844,"train","ANU589"
"3285",15,"small Non-euc",0.658778003138355,"train","ANU589"
"3286",16,"large Eucalyptus regnans",0.541161709144467,"train","ANU589"
"3287",16,"small Eucalyptus regnans",0.709419250488281,"train","ANU589"
"3288",16,"small Non-euc",0.667316664997329,"train","ANU589"
"3289",17,"large Eucalyptus regnans",0.542869692943135,"train","ANU589"
"3290",17,"small Eucalyptus regnans",0.581184387207031,"train","ANU589"
"3291",17,"small Non-euc",0.683463332999466,"train","ANU589"
"3292",18,"large Eucalyptus regnans",0.533738933625768,"train","ANU589"
"3293",18,"small Eucalyptus regnans",0.61224365234375,"train","ANU589"
"3294",18,"small Non-euc",0.678028074085203,"train","ANU589"
"3295",19,"large Eucalyptus regnans",0.540958091860912,"train","ANU589"
"3296",19,"small Eucalyptus regnans",0.618568420410156,"train","ANU589"
"3297",19,"small Non-euc",0.673137958233173,"train","ANU589"
"3298",20,"large Eucalyptus regnans",0.532028448386271,"train","ANU589"
"3299",20,"small Eucalyptus regnans",0.716552734375,"train","ANU589"
"3300",20,"small Non-euc",0.679837218716613,"train","ANU589"
"3301",1,"large Eucalyptus regnans",0.455908203125,"test","ANU589"
"3302",1,"small Eucalyptus regnans",0.65330810546875,"test","ANU589"
"3303",1,"small Non-euc",0.872564697265625,"test","ANU589"
"3304",2,"large Eucalyptus regnans",0.6318359375,"test","ANU589"
"3305",2,"small Eucalyptus regnans",0.676507568359375,"test","ANU589"
"3306",2,"small Non-euc",0.65716552734375,"test","ANU589"
"3307",3,"large Eucalyptus regnans",0.565576171875,"test","ANU589"
"3308",3,"small Eucalyptus regnans",0.583587646484375,"test","ANU589"
"3309",3,"small Non-euc",0.7391357421875,"test","ANU589"
"3310",4,"large Eucalyptus regnans",0.635455322265625,"test","ANU589"
"3311",4,"small Eucalyptus regnans",0.537725830078125,"test","ANU589"
"3312",4,"small Non-euc",0.749945068359375,"test","ANU589"
"3313",5,"large Eucalyptus regnans",0.5171875,"test","ANU589"
"3314",5,"small Eucalyptus regnans",0.55703125,"test","ANU589"
"3315",5,"small Non-euc",0.751300048828125,"test","ANU589"
"3316",6,"large Eucalyptus regnans",0.63837890625,"test","ANU589"
"3317",6,"small Eucalyptus regnans",0.485687255859375,"test","ANU589"
"3318",6,"small Non-euc",0.58536376953125,"test","ANU589"
"3319",7,"large Eucalyptus regnans",0.509619140625,"test","ANU589"
"3320",7,"small Eucalyptus regnans",0.554437255859375,"test","ANU589"
"3321",7,"small Non-euc",0.5943115234375,"test","ANU589"
"3322",8,"large Eucalyptus regnans",0.69107666015625,"test","ANU589"
"3323",8,"small Eucalyptus regnans",0.554833984375,"test","ANU589"
"3324",8,"small Non-euc",0.74168701171875,"test","ANU589"
"3325",9,"large Eucalyptus regnans",0.525030517578125,"test","ANU589"
"3326",9,"small Eucalyptus regnans",0.5824951171875,"test","ANU589"
"3327",9,"small Non-euc",0.736065673828125,"test","ANU589"
"3328",10,"large Eucalyptus regnans",0.546099853515625,"test","ANU589"
"3329",10,"small Eucalyptus regnans",0.422015380859375,"test","ANU589"
"3330",10,"small Non-euc",0.723919677734375,"test","ANU589"
"3331",11,"large Eucalyptus regnans",0.74381103515625,"test","ANU589"
"3332",11,"small Eucalyptus regnans",0.56256103515625,"test","ANU589"
"3333",11,"small Non-euc",0.66583251953125,"test","ANU589"
"3334",12,"large Eucalyptus regnans",0.57908935546875,"test","ANU589"
"3335",12,"small Eucalyptus regnans",0.52735595703125,"test","ANU589"
"3336",12,"small Non-euc",0.739605712890625,"test","ANU589"
"3337",13,"large Eucalyptus regnans",0.5932373046875,"test","ANU589"
"3338",13,"small Eucalyptus regnans",0.61082763671875,"test","ANU589"
"3339",13,"small Non-euc",0.643988037109375,"test","ANU589"
"3340",14,"large Eucalyptus regnans",0.642755126953125,"test","ANU589"
"3341",14,"small Eucalyptus regnans",0.4617919921875,"test","ANU589"
"3342",14,"small Non-euc",0.74376220703125,"test","ANU589"
"3343",15,"large Eucalyptus regnans",0.673944091796875,"test","ANU589"
"3344",15,"small Eucalyptus regnans",0.666192626953125,"test","ANU589"
"3345",15,"small Non-euc",0.77996826171875,"test","ANU589"
"3346",16,"large Eucalyptus regnans",0.495947265625,"test","ANU589"
"3347",16,"small Eucalyptus regnans",0.616571044921875,"test","ANU589"
"3348",16,"small Non-euc",0.668328857421875,"test","ANU589"
"3349",17,"large Eucalyptus regnans",0.511370849609375,"test","ANU589"
"3350",17,"small Eucalyptus regnans",0.37437744140625,"test","ANU589"
"3351",17,"small Non-euc",0.540936279296875,"test","ANU589"
"3352",18,"large Eucalyptus regnans",0.539813232421875,"test","ANU589"
"3353",18,"small Eucalyptus regnans",0.285089111328125,"test","ANU589"
"3354",18,"small Non-euc",0.53585205078125,"test","ANU589"
"3355",19,"large Eucalyptus regnans",0.560418701171875,"test","ANU589"
"3356",19,"small Eucalyptus regnans",0.653460693359375,"test","ANU589"
"3357",19,"small Non-euc",0.518560791015625,"test","ANU589"
"3358",20,"large Eucalyptus regnans",0.603082275390625,"test","ANU589"
"3359",20,"small Eucalyptus regnans",0.464312744140625,"test","ANU589"
"3360",20,"small Non-euc",0.575372314453125,"test","ANU589"
"3361",1,"large Eucalyptus regnans",0.536171733469203,"train","Turtons"
"3362",1,"large Non-euc",0.482640584309896,"train","Turtons"
"3363",1,"small Non-euc",0.512277391221788,"train","Turtons"
"3364",2,"large Eucalyptus regnans",0.545952396116395,"train","Turtons"
"3365",2,"large Non-euc",0.6806640625,"train","Turtons"
"3366",2,"small Non-euc",0.517192247178819,"train","Turtons"
"3367",3,"large Eucalyptus regnans",0.532802415930707,"train","Turtons"
"3368",3,"large Non-euc",0.498001098632812,"train","Turtons"
"3369",3,"small Non-euc",0.520128207736545,"train","Turtons"
"3370",4,"large Eucalyptus regnans",0.537865680197011,"train","Turtons"
"3371",4,"large Non-euc",0.568201700846354,"train","Turtons"
"3372",4,"small Non-euc",0.51975351969401,"train","Turtons"
"3373",5,"large Eucalyptus regnans",0.549105879189312,"train","Turtons"
"3374",5,"large Non-euc",0.513071695963542,"train","Turtons"
"3375",5,"small Non-euc",0.514933098687066,"train","Turtons"
"3376",6,"large Eucalyptus regnans",0.534768809442935,"train","Turtons"
"3377",6,"large Non-euc",0.759267171223958,"train","Turtons"
"3378",6,"small Non-euc",0.516724141438802,"train","Turtons"
"3379",7,"large Eucalyptus regnans",0.549290753793025,"train","Turtons"
"3380",7,"large Non-euc",0.543451944986979,"train","Turtons"
"3381",7,"small Non-euc",0.519757419162326,"train","Turtons"
"3382",8,"large Eucalyptus regnans",0.55128810716712,"train","Turtons"
"3383",8,"large Non-euc",0.548833211263021,"train","Turtons"
"3384",8,"small Non-euc",0.518130154079861,"train","Turtons"
"3385",9,"large Eucalyptus regnans",0.51888816944067,"train","Turtons"
"3386",9,"large Non-euc",0.535191853841146,"train","Turtons"
"3387",9,"small Non-euc",0.51802724202474,"train","Turtons"
"3388",10,"large Eucalyptus regnans",0.53947559301404,"train","Turtons"
"3389",10,"large Non-euc",0.533035278320312,"train","Turtons"
"3390",10,"small Non-euc",0.518751864963108,"train","Turtons"
"3391",11,"large Eucalyptus regnans",0.497925689254982,"train","Turtons"
"3392",11,"large Non-euc",0.637842814127604,"train","Turtons"
"3393",11,"small Non-euc",0.515666876898871,"train","Turtons"
"3394",12,"large Eucalyptus regnans",0.546443331068841,"train","Turtons"
"3395",12,"large Non-euc",0.557912190755208,"train","Turtons"
"3396",12,"small Non-euc",0.521621365017361,"train","Turtons"
"3397",13,"large Eucalyptus regnans",0.552035566689312,"train","Turtons"
"3398",13,"large Non-euc",0.606150309244792,"train","Turtons"
"3399",13,"small Non-euc",0.523168775770399,"train","Turtons"
"3400",14,"large Eucalyptus regnans",0.546859077785326,"train","Turtons"
"3401",14,"large Non-euc",0.573994954427083,"train","Turtons"
"3402",14,"small Non-euc",0.521127149793837,"train","Turtons"
"3403",15,"large Eucalyptus regnans",0.517960258152174,"train","Turtons"
"3404",15,"large Non-euc",0.585957845052083,"train","Turtons"
"3405",15,"small Non-euc",0.514598592122396,"train","Turtons"
"3406",16,"large Eucalyptus regnans",0.556818423063859,"train","Turtons"
"3407",16,"large Non-euc",0.654347737630208,"train","Turtons"
"3408",16,"small Non-euc",0.521107991536458,"train","Turtons"
"3409",17,"large Eucalyptus regnans",0.520253057065217,"train","Turtons"
"3410",17,"large Non-euc",0.596949259440104,"train","Turtons"
"3411",17,"small Non-euc",0.519200812445747,"train","Turtons"
"3412",18,"large Eucalyptus regnans",0.520684725996377,"train","Turtons"
"3413",18,"large Non-euc",0.672342936197917,"train","Turtons"
"3414",18,"small Non-euc",0.518064880371094,"train","Turtons"
"3415",19,"large Eucalyptus regnans",0.538808629132699,"train","Turtons"
"3416",19,"large Non-euc",0.625452677408854,"train","Turtons"
"3417",19,"small Non-euc",0.516084120008681,"train","Turtons"
"3418",20,"large Eucalyptus regnans",0.531999228657156,"train","Turtons"
"3419",20,"large Non-euc",0.585316975911458,"train","Turtons"
"3420",20,"small Non-euc",0.520657348632813,"train","Turtons"
"3421",1,"large Eucalyptus regnans",0.55509033203125,"test","Turtons"
"3422",1,"large Non-euc",0.5318603515625,"test","Turtons"
"3423",1,"small Non-euc",0.70616455078125,"test","Turtons"
"3424",2,"large Eucalyptus regnans",0.65665283203125,"test","Turtons"
"3425",2,"large Non-euc",0.38643798828125,"test","Turtons"
"3426",2,"small Non-euc",0.481451416015625,"test","Turtons"
"3427",3,"large Eucalyptus regnans",0.61983642578125,"test","Turtons"
"3428",3,"large Non-euc",0.50948486328125,"test","Turtons"
"3429",3,"small Non-euc",0.636761474609375,"test","Turtons"
"3430",4,"large Eucalyptus regnans",0.59771728515625,"test","Turtons"
"3431",4,"large Non-euc",0.60106201171875,"test","Turtons"
"3432",4,"small Non-euc",0.542913818359375,"test","Turtons"
"3433",5,"large Eucalyptus regnans",0.648931884765625,"test","Turtons"
"3434",5,"large Non-euc",0.514923095703125,"test","Turtons"
"3435",5,"small Non-euc",0.602069091796875,"test","Turtons"
"3436",6,"large Eucalyptus regnans",0.486883544921875,"test","Turtons"
"3437",6,"large Non-euc",0.386962890625,"test","Turtons"
"3438",6,"small Non-euc",0.6443115234375,"test","Turtons"
"3439",7,"large Eucalyptus regnans",0.539154052734375,"test","Turtons"
"3440",7,"large Non-euc",0.571624755859375,"test","Turtons"
"3441",7,"small Non-euc",0.5609619140625,"test","Turtons"
"3442",8,"large Eucalyptus regnans",0.61578369140625,"test","Turtons"
"3443",8,"large Non-euc",0.563134765625,"test","Turtons"
"3444",8,"small Non-euc",0.56983642578125,"test","Turtons"
"3445",9,"large Eucalyptus regnans",0.546002197265625,"test","Turtons"
"3446",9,"large Non-euc",0.585833740234375,"test","Turtons"
"3447",9,"small Non-euc",0.636651611328125,"test","Turtons"
"3448",10,"large Eucalyptus regnans",0.63612060546875,"test","Turtons"
"3449",10,"large Non-euc",0.580096435546875,"test","Turtons"
"3450",10,"small Non-euc",0.5659423828125,"test","Turtons"
"3451",11,"large Eucalyptus regnans",0.61207275390625,"test","Turtons"
"3452",11,"large Non-euc",0.4260009765625,"test","Turtons"
"3453",11,"small Non-euc",0.5382080078125,"test","Turtons"
"3454",12,"large Eucalyptus regnans",0.591748046875,"test","Turtons"
"3455",12,"large Non-euc",0.62525634765625,"test","Turtons"
"3456",12,"small Non-euc",0.50556640625,"test","Turtons"
"3457",13,"large Eucalyptus regnans",0.5920166015625,"test","Turtons"
"3458",13,"large Non-euc",0.4775390625,"test","Turtons"
"3459",13,"small Non-euc",0.4316650390625,"test","Turtons"
"3460",14,"large Eucalyptus regnans",0.46536865234375,"test","Turtons"
"3461",14,"large Non-euc",0.629461669921875,"test","Turtons"
"3462",14,"small Non-euc",0.42901611328125,"test","Turtons"
"3463",15,"large Eucalyptus regnans",0.7140869140625,"test","Turtons"
"3464",15,"large Non-euc",0.630999755859375,"test","Turtons"
"3465",15,"small Non-euc",0.518585205078125,"test","Turtons"
"3466",16,"large Eucalyptus regnans",0.550677490234375,"test","Turtons"
"3467",16,"large Non-euc",0.45516357421875,"test","Turtons"
"3468",16,"small Non-euc",0.530035400390625,"test","Turtons"
"3469",17,"large Eucalyptus regnans",0.4269775390625,"test","Turtons"
"3470",17,"large Non-euc",0.572442626953125,"test","Turtons"
"3471",17,"small Non-euc",0.587603759765625,"test","Turtons"
"3472",18,"large Eucalyptus regnans",0.554840087890625,"test","Turtons"
"3473",18,"large Non-euc",0.469903564453125,"test","Turtons"
"3474",18,"small Non-euc",0.5857666015625,"test","Turtons"
"3475",19,"large Eucalyptus regnans",0.46409912109375,"test","Turtons"
"3476",19,"large Non-euc",0.51485595703125,"test","Turtons"
"3477",19,"small Non-euc",0.625811767578125,"test","Turtons"
"3478",20,"large Eucalyptus regnans",0.629998779296875,"test","Turtons"
"3479",20,"large Non-euc",0.53927001953125,"test","Turtons"
"3480",20,"small Non-euc",0.353936767578125,"test","Turtons"
"3481",1,"large Eucalyptus regnans",0.487106953770661,"train","Lardner"
"3482",1,"small Non-euc",0.520669241931951,"train","Lardner"
"3483",2,"large Eucalyptus regnans",0.506208939985795,"train","Lardner"
"3484",2,"small Non-euc",0.521055988062208,"train","Lardner"
"3485",3,"large Eucalyptus regnans",0.503097660285382,"train","Lardner"
"3486",3,"small Non-euc",0.524406076591706,"train","Lardner"
"3487",4,"large Eucalyptus regnans",0.507297988765496,"train","Lardner"
"3488",4,"small Non-euc",0.518036744304907,"train","Lardner"
"3489",5,"large Eucalyptus regnans",0.520364556430785,"train","Lardner"
"3490",5,"small Non-euc",0.529047790717484,"train","Lardner"
"3491",6,"large Eucalyptus regnans",0.516110759136105,"train","Lardner"
"3492",6,"small Non-euc",0.52669613086546,"train","Lardner"
"3493",7,"large Eucalyptus regnans",0.509902827995868,"train","Lardner"
"3494",7,"small Non-euc",0.524225823233061,"train","Lardner"
"3495",8,"large Eucalyptus regnans",0.502551370415806,"train","Lardner"
"3496",8,"small Non-euc",0.522243796850662,"train","Lardner"
"3497",9,"large Eucalyptus regnans",0.499790664546746,"train","Lardner"
"3498",9,"small Non-euc",0.523662816698306,"train","Lardner"
"3499",10,"large Eucalyptus regnans",0.491289627453512,"train","Lardner"
"3500",10,"small Non-euc",0.521756086022683,"train","Lardner"
"3501",11,"large Eucalyptus regnans",0.51365321135718,"train","Lardner"
"3502",11,"small Non-euc",0.528209270346573,"train","Lardner"
"3503",12,"large Eucalyptus regnans",0.499634797908058,"train","Lardner"
"3504",12,"small Non-euc",0.525846202054128,"train","Lardner"
"3505",13,"large Eucalyptus regnans",0.49403721833032,"train","Lardner"
"3506",13,"small Non-euc",0.520842650226343,"train","Lardner"
"3507",14,"large Eucalyptus regnans",0.492573383425878,"train","Lardner"
"3508",14,"small Non-euc",0.521543128468166,"train","Lardner"
"3509",15,"large Eucalyptus regnans",0.513781334743027,"train","Lardner"
"3510",15,"small Non-euc",0.525224442051207,"train","Lardner"
"3511",16,"large Eucalyptus regnans",0.517800575445506,"train","Lardner"
"3512",16,"small Non-euc",0.525181850540304,"train","Lardner"
"3513",17,"large Eucalyptus regnans",0.515021205933626,"train","Lardner"
"3514",17,"small Non-euc",0.520768305222936,"train","Lardner"
"3515",18,"large Eucalyptus regnans",0.497817362635589,"train","Lardner"
"3516",18,"small Non-euc",0.521122917579342,"train","Lardner"
"3517",19,"large Eucalyptus regnans",0.516887570215651,"train","Lardner"
"3518",19,"small Non-euc",0.517250512619256,"train","Lardner"
"3519",20,"large Eucalyptus regnans",0.512081429978048,"train","Lardner"
"3520",20,"small Non-euc",0.523525154850565,"train","Lardner"
"3521",1,"large Eucalyptus regnans",0.54326171875,"test","Lardner"
"3522",1,"small Non-euc",0.710052490234375,"test","Lardner"
"3523",2,"large Eucalyptus regnans",0.5492431640625,"test","Lardner"
"3524",2,"small Non-euc",0.610003662109375,"test","Lardner"
"3525",3,"large Eucalyptus regnans",0.494366455078125,"test","Lardner"
"3526",3,"small Non-euc",0.527239990234375,"test","Lardner"
"3527",4,"large Eucalyptus regnans",0.552069091796875,"test","Lardner"
"3528",4,"small Non-euc",0.52535400390625,"test","Lardner"
"3529",5,"large Eucalyptus regnans",0.50269775390625,"test","Lardner"
"3530",5,"small Non-euc",0.5109375,"test","Lardner"
"3531",6,"large Eucalyptus regnans",0.5271240234375,"test","Lardner"
"3532",6,"small Non-euc",0.557183837890625,"test","Lardner"
"3533",7,"large Eucalyptus regnans",0.548486328125,"test","Lardner"
"3534",7,"small Non-euc",0.5860595703125,"test","Lardner"
"3535",8,"large Eucalyptus regnans",0.507110595703125,"test","Lardner"
"3536",8,"small Non-euc",0.5056884765625,"test","Lardner"
"3537",9,"large Eucalyptus regnans",0.637225341796875,"test","Lardner"
"3538",9,"small Non-euc",0.626123046875,"test","Lardner"
"3539",10,"large Eucalyptus regnans",0.538311767578125,"test","Lardner"
"3540",10,"small Non-euc",0.44306640625,"test","Lardner"
"3541",11,"large Eucalyptus regnans",0.555426025390625,"test","Lardner"
"3542",11,"small Non-euc",0.464459228515625,"test","Lardner"
"3543",12,"large Eucalyptus regnans",0.68089599609375,"test","Lardner"
"3544",12,"small Non-euc",0.47745361328125,"test","Lardner"
"3545",13,"large Eucalyptus regnans",0.5528564453125,"test","Lardner"
"3546",13,"small Non-euc",0.64544677734375,"test","Lardner"
"3547",14,"large Eucalyptus regnans",0.565093994140625,"test","Lardner"
"3548",14,"small Non-euc",0.608135986328125,"test","Lardner"
"3549",15,"large Eucalyptus regnans",0.662872314453125,"test","Lardner"
"3550",15,"small Non-euc",0.45960693359375,"test","Lardner"
"3551",16,"large Eucalyptus regnans",0.650543212890625,"test","Lardner"
"3552",16,"small Non-euc",0.423431396484375,"test","Lardner"
"3553",17,"large Eucalyptus regnans",0.58175048828125,"test","Lardner"
"3554",17,"small Non-euc",0.61507568359375,"test","Lardner"
"3555",18,"large Eucalyptus regnans",0.56693115234375,"test","Lardner"
"3556",18,"small Non-euc",0.52081298828125,"test","Lardner"
"3557",19,"large Eucalyptus regnans",0.645062255859375,"test","Lardner"
"3558",19,"small Non-euc",0.530621337890625,"test","Lardner"
"3559",20,"large Eucalyptus regnans",0.44163818359375,"test","Lardner"
"3560",20,"small Non-euc",0.68773193359375,"test","Lardner"
"3561",1,"large Eucalyptus regnans",0.487361941717367,"train","HardyCreek"
"3562",1,"small Eucalyptus regnans",0.585456848144531,"train","HardyCreek"
"3563",1,"small Non-euc",0.549515860421317,"train","HardyCreek"
"3564",2,"large Eucalyptus regnans",0.512241059699945,"train","HardyCreek"
"3565",2,"small Eucalyptus regnans",0.631599426269531,"train","HardyCreek"
"3566",2,"small Non-euc",0.528364998953683,"train","HardyCreek"
"3567",3,"large Eucalyptus regnans",0.51394788353844,"train","HardyCreek"
"3568",3,"small Eucalyptus regnans",0.675582885742188,"train","HardyCreek"
"3569",3,"small Non-euc",0.54695565359933,"train","HardyCreek"
"3570",4,"large Eucalyptus regnans",0.519486418867533,"train","HardyCreek"
"3571",4,"small Eucalyptus regnans",0.7274169921875,"train","HardyCreek"
"3572",4,"small Non-euc",0.554714747837612,"train","HardyCreek"
"3573",5,"large Eucalyptus regnans",0.508546002143252,"train","HardyCreek"
"3574",5,"small Eucalyptus regnans",0.614036560058594,"train","HardyCreek"
"3575",5,"small Non-euc",0.554855346679688,"train","HardyCreek"
"3576",6,"large Eucalyptus regnans",0.500347306243086,"train","HardyCreek"
"3577",6,"small Eucalyptus regnans",0.527557373046875,"train","HardyCreek"
"3578",6,"small Non-euc",0.560199192592076,"train","HardyCreek"
"3579",7,"large Eucalyptus regnans",0.499626227184734,"train","HardyCreek"
"3580",7,"small Eucalyptus regnans",0.603073120117188,"train","HardyCreek"
"3581",7,"small Non-euc",0.520217895507812,"train","HardyCreek"
"3582",8,"large Eucalyptus regnans",0.51412828833656,"train","HardyCreek"
"3583",8,"small Eucalyptus regnans",0.618354797363281,"train","HardyCreek"
"3584",8,"small Non-euc",0.566211155482701,"train","HardyCreek"
"3585",9,"large Eucalyptus regnans",0.505836689366704,"train","HardyCreek"
"3586",9,"small Eucalyptus regnans",0.625640869140625,"train","HardyCreek"
"3587",9,"small Non-euc",0.546432495117188,"train","HardyCreek"
"3588",10,"large Eucalyptus regnans",0.510861017007743,"train","HardyCreek"
"3589",10,"small Eucalyptus regnans",0.603012084960938,"train","HardyCreek"
"3590",10,"small Non-euc",0.5418701171875,"train","HardyCreek"
"3591",11,"large Eucalyptus regnans",0.506167791586007,"train","HardyCreek"
"3592",11,"small Eucalyptus regnans",0.574470520019531,"train","HardyCreek"
"3593",11,"small Non-euc",0.566320146833147,"train","HardyCreek"
"3594",12,"large Eucalyptus regnans",0.512476558178927,"train","HardyCreek"
"3595",12,"small Eucalyptus regnans",0.699325561523438,"train","HardyCreek"
"3596",12,"small Non-euc",0.525469098772321,"train","HardyCreek"
"3597",13,"large Eucalyptus regnans",0.510460237486173,"train","HardyCreek"
"3598",13,"small Eucalyptus regnans",0.613273620605469,"train","HardyCreek"
"3599",13,"small Non-euc",0.529441833496094,"train","HardyCreek"
"3600",14,"large Eucalyptus regnans",0.499221126590155,"train","HardyCreek"
"3601",14,"small Eucalyptus regnans",0.569549560546875,"train","HardyCreek"
"3602",14,"small Non-euc",0.525706699916295,"train","HardyCreek"
"3603",15,"large Eucalyptus regnans",0.514918504563053,"train","HardyCreek"
"3604",15,"small Eucalyptus regnans",0.568641662597656,"train","HardyCreek"
"3605",15,"small Non-euc",0.543607439313616,"train","HardyCreek"
"3606",16,"large Eucalyptus regnans",0.494571652032633,"train","HardyCreek"
"3607",16,"small Eucalyptus regnans",0.517448425292969,"train","HardyCreek"
"3608",16,"small Non-euc",0.560425894601004,"train","HardyCreek"
"3609",17,"large Eucalyptus regnans",0.513678896743639,"train","HardyCreek"
"3610",17,"small Eucalyptus regnans",0.601829528808594,"train","HardyCreek"
"3611",17,"small Non-euc",0.547950744628906,"train","HardyCreek"
"3612",18,"large Eucalyptus regnans",0.503305080717644,"train","HardyCreek"
"3613",18,"small Eucalyptus regnans",0.69482421875,"train","HardyCreek"
"3614",18,"small Non-euc",0.569744655064174,"train","HardyCreek"
"3615",19,"large Eucalyptus regnans",0.49714377074115,"train","HardyCreek"
"3616",19,"small Eucalyptus regnans",0.626914978027344,"train","HardyCreek"
"3617",19,"small Non-euc",0.56257084437779,"train","HardyCreek"
"3618",20,"large Eucalyptus regnans",0.503839273368363,"train","HardyCreek"
"3619",20,"small Eucalyptus regnans",0.604072570800781,"train","HardyCreek"
"3620",20,"small Non-euc",0.549623761858259,"train","HardyCreek"
"3621",1,"large Eucalyptus regnans",0.612139892578125,"test","HardyCreek"
"3622",1,"small Eucalyptus regnans",0.557989501953125,"test","HardyCreek"
"3623",1,"small Non-euc",0.381103515625,"test","HardyCreek"
"3624",2,"large Eucalyptus regnans",0.524688720703125,"test","HardyCreek"
"3625",2,"small Eucalyptus regnans",0.490576171875,"test","HardyCreek"
"3626",2,"small Non-euc",0.48740234375,"test","HardyCreek"
"3627",3,"large Eucalyptus regnans",0.475189208984375,"test","HardyCreek"
"3628",3,"small Eucalyptus regnans",0.409759521484375,"test","HardyCreek"
"3629",3,"small Non-euc",0.433355712890625,"test","HardyCreek"
"3630",4,"large Eucalyptus regnans",0.616510009765625,"test","HardyCreek"
"3631",4,"small Eucalyptus regnans",0.38734130859375,"test","HardyCreek"
"3632",4,"small Non-euc",0.36201171875,"test","HardyCreek"
"3633",5,"large Eucalyptus regnans",0.520404052734375,"test","HardyCreek"
"3634",5,"small Eucalyptus regnans",0.3618896484375,"test","HardyCreek"
"3635",5,"small Non-euc",0.431646728515625,"test","HardyCreek"
"3636",6,"large Eucalyptus regnans",0.491754150390625,"test","HardyCreek"
"3637",6,"small Eucalyptus regnans",0.443646240234375,"test","HardyCreek"
"3638",6,"small Non-euc",0.408184814453125,"test","HardyCreek"
"3639",7,"large Eucalyptus regnans",0.57882080078125,"test","HardyCreek"
"3640",7,"small Eucalyptus regnans",0.54674072265625,"test","HardyCreek"
"3641",7,"small Non-euc",0.4146484375,"test","HardyCreek"
"3642",8,"large Eucalyptus regnans",0.562335205078125,"test","HardyCreek"
"3643",8,"small Eucalyptus regnans",0.518414306640625,"test","HardyCreek"
"3644",8,"small Non-euc",0.41907958984375,"test","HardyCreek"
"3645",9,"large Eucalyptus regnans",0.592913818359375,"test","HardyCreek"
"3646",9,"small Eucalyptus regnans",0.414666748046875,"test","HardyCreek"
"3647",9,"small Non-euc",0.488848876953125,"test","HardyCreek"
"3648",10,"large Eucalyptus regnans",0.519378662109375,"test","HardyCreek"
"3649",10,"small Eucalyptus regnans",0.37152099609375,"test","HardyCreek"
"3650",10,"small Non-euc",0.49801025390625,"test","HardyCreek"
"3651",11,"large Eucalyptus regnans",0.504901123046875,"test","HardyCreek"
"3652",11,"small Eucalyptus regnans",0.51837158203125,"test","HardyCreek"
"3653",11,"small Non-euc",0.4119140625,"test","HardyCreek"
"3654",12,"large Eucalyptus regnans",0.580926513671875,"test","HardyCreek"
"3655",12,"small Eucalyptus regnans",0.42470703125,"test","HardyCreek"
"3656",12,"small Non-euc",0.438397216796875,"test","HardyCreek"
"3657",13,"large Eucalyptus regnans",0.632733154296875,"test","HardyCreek"
"3658",13,"small Eucalyptus regnans",0.493914794921875,"test","HardyCreek"
"3659",13,"small Non-euc",0.502294921875,"test","HardyCreek"
"3660",14,"large Eucalyptus regnans",0.509429931640625,"test","HardyCreek"
"3661",14,"small Eucalyptus regnans",0.338818359375,"test","HardyCreek"
"3662",14,"small Non-euc",0.343328857421875,"test","HardyCreek"
"3663",15,"large Eucalyptus regnans",0.537176513671875,"test","HardyCreek"
"3664",15,"small Eucalyptus regnans",0.467254638671875,"test","HardyCreek"
"3665",15,"small Non-euc",0.530426025390625,"test","HardyCreek"
"3666",16,"large Eucalyptus regnans",0.5553955078125,"test","HardyCreek"
"3667",16,"small Eucalyptus regnans",0.490673828125,"test","HardyCreek"
"3668",16,"small Non-euc",0.3862548828125,"test","HardyCreek"
"3669",17,"large Eucalyptus regnans",0.53994140625,"test","HardyCreek"
"3670",17,"small Eucalyptus regnans",0.47703857421875,"test","HardyCreek"
"3671",17,"small Non-euc",0.486968994140625,"test","HardyCreek"
"3672",18,"large Eucalyptus regnans",0.59195556640625,"test","HardyCreek"
"3673",18,"small Eucalyptus regnans",0.4812255859375,"test","HardyCreek"
"3674",18,"small Non-euc",0.406292724609375,"test","HardyCreek"
"3675",19,"large Eucalyptus regnans",0.537774658203125,"test","HardyCreek"
"3676",19,"small Eucalyptus regnans",0.514801025390625,"test","HardyCreek"
"3677",19,"small Non-euc",0.477398681640625,"test","HardyCreek"
"3678",20,"large Eucalyptus regnans",0.57166748046875,"test","HardyCreek"
"3679",20,"small Eucalyptus regnans",0.46680908203125,"test","HardyCreek"
"3680",20,"small Non-euc",0.435589599609375,"test","HardyCreek"
"3681",1,"large Eucalyptus pilularis",0.54293212890625,"train","MinesRd"
"3682",1,"small Eucalyptus pilularis",0.603220621744792,"train","MinesRd"
"3683",1,"small Non-euc",0.60456488542496,"train","MinesRd"
"3684",2,"large Eucalyptus pilularis",0.58503662109375,"train","MinesRd"
"3685",2,"small Eucalyptus pilularis",0.605348714192708,"train","MinesRd"
"3686",2,"small Non-euc",0.607837069566083,"train","MinesRd"
"3687",3,"large Eucalyptus pilularis",0.59556884765625,"train","MinesRd"
"3688",3,"small Eucalyptus pilularis",0.632464599609375,"train","MinesRd"
"3689",3,"small Non-euc",0.600360068545979,"train","MinesRd"
"3690",4,"large Eucalyptus pilularis",0.63476806640625,"train","MinesRd"
"3691",4,"small Eucalyptus pilularis",0.625954182942708,"train","MinesRd"
"3692",4,"small Non-euc",0.593110880274682,"train","MinesRd"
"3693",5,"large Eucalyptus pilularis",0.64336181640625,"train","MinesRd"
"3694",5,"small Eucalyptus pilularis",0.631085205078125,"train","MinesRd"
"3695",5,"small Non-euc",0.613484570934514,"train","MinesRd"
"3696",6,"large Eucalyptus pilularis",0.58082275390625,"train","MinesRd"
"3697",6,"small Eucalyptus pilularis",0.596193440755208,"train","MinesRd"
"3698",6,"small Non-euc",0.605751766520701,"train","MinesRd"
"3699",7,"large Eucalyptus pilularis",0.60967041015625,"train","MinesRd"
"3700",7,"small Eucalyptus pilularis",0.59976806640625,"train","MinesRd"
"3701",7,"small Non-euc",0.600706064017715,"train","MinesRd"
"3702",8,"large Eucalyptus pilularis",0.6365673828125,"train","MinesRd"
"3703",8,"small Eucalyptus pilularis",0.613553873697917,"train","MinesRd"
"3704",8,"small Non-euc",0.602418158464371,"train","MinesRd"
"3705",9,"large Eucalyptus pilularis",0.550341796875,"train","MinesRd"
"3706",9,"small Eucalyptus pilularis",0.635345458984375,"train","MinesRd"
"3707",9,"small Non-euc",0.596526516470939,"train","MinesRd"
"3708",10,"large Eucalyptus pilularis",0.62658935546875,"train","MinesRd"
"3709",10,"small Eucalyptus pilularis",0.684798177083333,"train","MinesRd"
"3710",10,"small Non-euc",0.602591933718153,"train","MinesRd"
"3711",11,"large Eucalyptus pilularis",0.59177978515625,"train","MinesRd"
"3712",11,"small Eucalyptus pilularis",0.611521402994792,"train","MinesRd"
"3713",11,"small Non-euc",0.600127201930732,"train","MinesRd"
"3714",12,"large Eucalyptus pilularis",0.63047607421875,"train","MinesRd"
"3715",12,"small Eucalyptus pilularis",0.640260823567708,"train","MinesRd"
"3716",12,"small Non-euc",0.611068045257763,"train","MinesRd"
"3717",13,"large Eucalyptus pilularis",0.56626220703125,"train","MinesRd"
"3718",13,"small Eucalyptus pilularis",0.678599039713542,"train","MinesRd"
"3719",13,"small Non-euc",0.603053001841162,"train","MinesRd"
"3720",14,"large Eucalyptus pilularis",0.59573974609375,"train","MinesRd"
"3721",14,"small Eucalyptus pilularis",0.66429443359375,"train","MinesRd"
"3722",14,"small Non-euc",0.595013855369228,"train","MinesRd"
"3723",15,"large Eucalyptus pilularis",0.581796875,"train","MinesRd"
"3724",15,"small Eucalyptus pilularis",0.632765706380208,"train","MinesRd"
"3725",15,"small Non-euc",0.60579725131867,"train","MinesRd"
"3726",16,"large Eucalyptus pilularis",0.545546875,"train","MinesRd"
"3727",16,"small Eucalyptus pilularis",0.616603597005208,"train","MinesRd"
"3728",16,"small Non-euc",0.601333520974323,"train","MinesRd"
"3729",17,"large Eucalyptus pilularis",0.5700390625,"train","MinesRd"
"3730",17,"small Eucalyptus pilularis",0.625821940104167,"train","MinesRd"
"3731",17,"small Non-euc",0.607376778960987,"train","MinesRd"
"3732",18,"large Eucalyptus pilularis",0.61361572265625,"train","MinesRd"
"3733",18,"small Eucalyptus pilularis",0.595326741536458,"train","MinesRd"
"3734",18,"small Non-euc",0.605591986589371,"train","MinesRd"
"3735",19,"large Eucalyptus pilularis",0.5905712890625,"train","MinesRd"
"3736",19,"small Eucalyptus pilularis",0.585160319010417,"train","MinesRd"
"3737",19,"small Non-euc",0.601011239798965,"train","MinesRd"
"3738",20,"large Eucalyptus pilularis",0.60691162109375,"train","MinesRd"
"3739",20,"small Eucalyptus pilularis",0.615016682942708,"train","MinesRd"
"3740",20,"small Non-euc",0.608710999701433,"train","MinesRd"
"3741",1,"large Eucalyptus pilularis",0.540032958984375,"test","MinesRd"
"3742",1,"small Eucalyptus pilularis",0.493658447265625,"test","MinesRd"
"3743",1,"small Non-euc",0.616644287109375,"test","MinesRd"
"3744",2,"large Eucalyptus pilularis",0.56312255859375,"test","MinesRd"
"3745",2,"small Eucalyptus pilularis",0.696270751953125,"test","MinesRd"
"3746",2,"small Non-euc",0.572125244140625,"test","MinesRd"
"3747",3,"large Eucalyptus pilularis",0.42110595703125,"test","MinesRd"
"3748",3,"small Eucalyptus pilularis",0.67626953125,"test","MinesRd"
"3749",3,"small Non-euc",0.642431640625,"test","MinesRd"
"3750",4,"large Eucalyptus pilularis",0.43291015625,"test","MinesRd"
"3751",4,"small Eucalyptus pilularis",0.52889404296875,"test","MinesRd"
"3752",4,"small Non-euc",0.68466796875,"test","MinesRd"
"3753",5,"large Eucalyptus pilularis",0.4089111328125,"test","MinesRd"
"3754",5,"small Eucalyptus pilularis",0.63865966796875,"test","MinesRd"
"3755",5,"small Non-euc",0.512109375,"test","MinesRd"
"3756",6,"large Eucalyptus pilularis",0.52738037109375,"test","MinesRd"
"3757",6,"small Eucalyptus pilularis",0.664471435546875,"test","MinesRd"
"3758",6,"small Non-euc",0.6490478515625,"test","MinesRd"
"3759",7,"large Eucalyptus pilularis",0.47314453125,"test","MinesRd"
"3760",7,"small Eucalyptus pilularis",0.769964599609375,"test","MinesRd"
"3761",7,"small Non-euc",0.572161865234375,"test","MinesRd"
"3762",8,"large Eucalyptus pilularis",0.386346435546875,"test","MinesRd"
"3763",8,"small Eucalyptus pilularis",0.70638427734375,"test","MinesRd"
"3764",8,"small Non-euc",0.5822509765625,"test","MinesRd"
"3765",9,"large Eucalyptus pilularis",0.380279541015625,"test","MinesRd"
"3766",9,"small Eucalyptus pilularis",0.590283203125,"test","MinesRd"
"3767",9,"small Non-euc",0.677398681640625,"test","MinesRd"
"3768",10,"large Eucalyptus pilularis",0.44981689453125,"test","MinesRd"
"3769",10,"small Eucalyptus pilularis",0.4870849609375,"test","MinesRd"
"3770",10,"small Non-euc",0.595562744140625,"test","MinesRd"
"3771",11,"large Eucalyptus pilularis",0.47879638671875,"test","MinesRd"
"3772",11,"small Eucalyptus pilularis",0.5138916015625,"test","MinesRd"
"3773",11,"small Non-euc",0.687890625,"test","MinesRd"
"3774",12,"large Eucalyptus pilularis",0.4341796875,"test","MinesRd"
"3775",12,"small Eucalyptus pilularis",0.551953125,"test","MinesRd"
"3776",12,"small Non-euc",0.526068115234375,"test","MinesRd"
"3777",13,"large Eucalyptus pilularis",0.51270751953125,"test","MinesRd"
"3778",13,"small Eucalyptus pilularis",0.35372314453125,"test","MinesRd"
"3779",13,"small Non-euc",0.644915771484375,"test","MinesRd"
"3780",14,"large Eucalyptus pilularis",0.522406005859375,"test","MinesRd"
"3781",14,"small Eucalyptus pilularis",0.56962890625,"test","MinesRd"
"3782",14,"small Non-euc",0.77822265625,"test","MinesRd"
"3783",15,"large Eucalyptus pilularis",0.543914794921875,"test","MinesRd"
"3784",15,"small Eucalyptus pilularis",0.63017578125,"test","MinesRd"
"3785",15,"small Non-euc",0.505853271484375,"test","MinesRd"
"3786",16,"large Eucalyptus pilularis",0.611712646484375,"test","MinesRd"
"3787",16,"small Eucalyptus pilularis",0.5541259765625,"test","MinesRd"
"3788",16,"small Non-euc",0.65323486328125,"test","MinesRd"
"3789",17,"large Eucalyptus pilularis",0.497882080078125,"test","MinesRd"
"3790",17,"small Eucalyptus pilularis",0.6766845703125,"test","MinesRd"
"3791",17,"small Non-euc",0.533251953125,"test","MinesRd"
"3792",18,"large Eucalyptus pilularis",0.4382080078125,"test","MinesRd"
"3793",18,"small Eucalyptus pilularis",0.66170654296875,"test","MinesRd"
"3794",18,"small Non-euc",0.51644287109375,"test","MinesRd"
"3795",19,"large Eucalyptus pilularis",0.450604248046875,"test","MinesRd"
"3796",19,"small Eucalyptus pilularis",0.705908203125,"test","MinesRd"
"3797",19,"small Non-euc",0.64056396484375,"test","MinesRd"
"3798",20,"large Eucalyptus pilularis",0.449212646484375,"test","MinesRd"
"3799",20,"small Eucalyptus pilularis",0.61485595703125,"test","MinesRd"
"3800",20,"small Non-euc",0.565283203125,"test","MinesRd"
"3801",1,"large Eucalyptus pilularis",0.646620806525735,"train","Tinebank"
"3802",1,"large Non-euc",0.684918212890625,"train","Tinebank"
"3803",1,"large Syncarpia glomulifera subsp glabra",0.613259708180147,"train","Tinebank"
"3804",1,"small Non-euc",0.530957825790496,"train","Tinebank"
"3805",1,"small Syncarpia glomulifera subsp glabra",0.645208185369318,"train","Tinebank"
"3806",2,"large Eucalyptus pilularis",0.551007439108456,"train","Tinebank"
"3807",2,"large Non-euc",0.612139892578125,"train","Tinebank"
"3808",2,"large Syncarpia glomulifera subsp glabra",0.643195657169118,"train","Tinebank"
"3809",2,"small Non-euc",0.533802461341993,"train","Tinebank"
"3810",2,"small Syncarpia glomulifera subsp glabra",0.698092373934659,"train","Tinebank"
"3811",3,"large Eucalyptus pilularis",0.662899241727941,"train","Tinebank"
"3812",3,"large Non-euc",0.711798095703125,"train","Tinebank"
"3813",3,"large Syncarpia glomulifera subsp glabra",0.565738453584559,"train","Tinebank"
"3814",3,"small Non-euc",0.529496954742973,"train","Tinebank"
"3815",3,"small Syncarpia glomulifera subsp glabra",0.622669566761364,"train","Tinebank"
"3816",4,"large Eucalyptus pilularis",0.552396886488971,"train","Tinebank"
"3817",4,"large Non-euc",0.68011474609375,"train","Tinebank"
"3818",4,"large Syncarpia glomulifera subsp glabra",0.667071174172794,"train","Tinebank"
"3819",4,"small Non-euc",0.53482308472402,"train","Tinebank"
"3820",4,"small Syncarpia glomulifera subsp glabra",0.619548450816761,"train","Tinebank"
"3821",5,"large Eucalyptus pilularis",0.540197035845588,"train","Tinebank"
"3822",5,"large Non-euc",0.710205078125,"train","Tinebank"
"3823",5,"large Syncarpia glomulifera subsp glabra",0.650218290441177,"train","Tinebank"
"3824",5,"small Non-euc",0.533795057669194,"train","Tinebank"
"3825",5,"small Syncarpia glomulifera subsp glabra",0.698677756569602,"train","Tinebank"
"3826",6,"large Eucalyptus pilularis",0.630170036764706,"train","Tinebank"
"3827",6,"large Non-euc",0.730291748046875,"train","Tinebank"
"3828",6,"large Syncarpia glomulifera subsp glabra",0.637497845818015,"train","Tinebank"
"3829",6,"small Non-euc",0.534219233947393,"train","Tinebank"
"3830",6,"small Syncarpia glomulifera subsp glabra",0.609805020419034,"train","Tinebank"
"3831",7,"large Eucalyptus pilularis",0.528783461626838,"train","Tinebank"
"3832",7,"large Non-euc",0.62177734375,"train","Tinebank"
"3833",7,"large Syncarpia glomulifera subsp glabra",0.655790441176471,"train","Tinebank"
"3834",7,"small Non-euc",0.534801957169933,"train","Tinebank"
"3835",7,"small Syncarpia glomulifera subsp glabra",0.65510420365767,"train","Tinebank"
"3836",8,"large Eucalyptus pilularis",0.633254107306985,"train","Tinebank"
"3837",8,"large Non-euc",0.730419921875,"train","Tinebank"
"3838",8,"large Syncarpia glomulifera subsp glabra",0.645461138556985,"train","Tinebank"
"3839",8,"small Non-euc",0.532071265948595,"train","Tinebank"
"3840",8,"small Syncarpia glomulifera subsp glabra",0.670310280539773,"train","Tinebank"
"3841",9,"large Eucalyptus pilularis",0.578494801240809,"train","Tinebank"
"3842",9,"large Non-euc",0.652459716796875,"train","Tinebank"
"3843",9,"large Syncarpia glomulifera subsp glabra",0.69696044921875,"train","Tinebank"
"3844",9,"small Non-euc",0.532964221119175,"train","Tinebank"
"3845",9,"small Syncarpia glomulifera subsp glabra",0.637318004261364,"train","Tinebank"
"3846",10,"large Eucalyptus pilularis",0.660066492417279,"train","Tinebank"
"3847",10,"large Non-euc",0.75960693359375,"train","Tinebank"
"3848",10,"large Syncarpia glomulifera subsp glabra",0.667789234834559,"train","Tinebank"
"3849",10,"small Non-euc",0.533885346361871,"train","Tinebank"
"3850",10,"small Syncarpia glomulifera subsp glabra",0.643610174005682,"train","Tinebank"
"3851",11,"large Eucalyptus pilularis",0.614979463465073,"train","Tinebank"
"3852",11,"large Non-euc",0.676739501953125,"train","Tinebank"
"3853",11,"large Syncarpia glomulifera subsp glabra",0.529067095588235,"train","Tinebank"
"3854",11,"small Non-euc",0.532756918280788,"train","Tinebank"
"3855",11,"small Syncarpia glomulifera subsp glabra",0.689769398082386,"train","Tinebank"
"3856",12,"large Eucalyptus pilularis",0.556367761948529,"train","Tinebank"
"3857",12,"large Non-euc",0.637640380859375,"train","Tinebank"
"3858",12,"large Syncarpia glomulifera subsp glabra",0.514357622931985,"train","Tinebank"
"3859",12,"small Non-euc",0.533019477799094,"train","Tinebank"
"3860",12,"small Syncarpia glomulifera subsp glabra",0.669206099076705,"train","Tinebank"
"3861",13,"large Eucalyptus pilularis",0.602826286764706,"train","Tinebank"
"3862",13,"large Non-euc",0.778448486328125,"train","Tinebank"
"3863",13,"large Syncarpia glomulifera subsp glabra",0.624651740579044,"train","Tinebank"
"3864",13,"small Non-euc",0.534034142127404,"train","Tinebank"
"3865",13,"small Syncarpia glomulifera subsp glabra",0.653758655894886,"train","Tinebank"
"3866",14,"large Eucalyptus pilularis",0.595369226792279,"train","Tinebank"
"3867",14,"large Non-euc",0.773529052734375,"train","Tinebank"
"3868",14,"large Syncarpia glomulifera subsp glabra",0.602359547334559,"train","Tinebank"
"3869",14,"small Non-euc",0.532517472667807,"train","Tinebank"
"3870",14,"small Syncarpia glomulifera subsp glabra",0.622242320667614,"train","Tinebank"
"3871",15,"large Eucalyptus pilularis",0.704647288602941,"train","Tinebank"
"3872",15,"large Non-euc",0.57884521484375,"train","Tinebank"
"3873",15,"large Syncarpia glomulifera subsp glabra",0.708018583409927,"train","Tinebank"
"3874",15,"small Non-euc",0.536312486998428,"train","Tinebank"
"3875",15,"small Syncarpia glomulifera subsp glabra",0.70170731977983,"train","Tinebank"
"3876",16,"large Eucalyptus pilularis",0.652968462775735,"train","Tinebank"
"3877",16,"large Non-euc",0.66580810546875,"train","Tinebank"
"3878",16,"large Syncarpia glomulifera subsp glabra",0.620451085707721,"train","Tinebank"
"3879",16,"small Non-euc",0.538238164235854,"train","Tinebank"
"3880",16,"small Syncarpia glomulifera subsp glabra",0.61839433149858,"train","Tinebank"
"3881",17,"large Eucalyptus pilularis",0.672758214613971,"train","Tinebank"
"3882",17,"large Non-euc",0.7421875,"train","Tinebank"
"3883",17,"large Syncarpia glomulifera subsp glabra",0.569443646599265,"train","Tinebank"
"3884",17,"small Non-euc",0.535261887770433,"train","Tinebank"
"3885",17,"small Syncarpia glomulifera subsp glabra",0.640688809481534,"train","Tinebank"
"3886",18,"large Eucalyptus pilularis",0.725043801700368,"train","Tinebank"
"3887",18,"large Non-euc",0.78016357421875,"train","Tinebank"
"3888",18,"large Syncarpia glomulifera subsp glabra",0.591721478630515,"train","Tinebank"
"3889",18,"small Non-euc",0.532336353550296,"train","Tinebank"
"3890",18,"small Syncarpia glomulifera subsp glabra",0.643260609019886,"train","Tinebank"
"3891",19,"large Eucalyptus pilularis",0.681694479549632,"train","Tinebank"
"3892",19,"large Non-euc",0.63568115234375,"train","Tinebank"
"3893",19,"large Syncarpia glomulifera subsp glabra",0.610768037683823,"train","Tinebank"
"3894",19,"small Non-euc",0.533371242545766,"train","Tinebank"
"3895",19,"small Syncarpia glomulifera subsp glabra",0.625391179865057,"train","Tinebank"
"3896",20,"large Eucalyptus pilularis",0.604578354779412,"train","Tinebank"
"3897",20,"large Non-euc",0.551605224609375,"train","Tinebank"
"3898",20,"large Syncarpia glomulifera subsp glabra",0.662439682904412,"train","Tinebank"
"3899",20,"small Non-euc",0.531503711226424,"train","Tinebank"
"3900",20,"small Syncarpia glomulifera subsp glabra",0.646528764204545,"train","Tinebank"
"3901",1,"large Eucalyptus pilularis",0.4859375,"test","Tinebank"
"3902",1,"large Non-euc",0.495440673828125,"test","Tinebank"
"3903",1,"large Syncarpia glomulifera subsp glabra",0.370660400390625,"test","Tinebank"
"3904",1,"small Non-euc",0.64456787109375,"test","Tinebank"
"3905",1,"small Syncarpia glomulifera subsp glabra",0.59140625,"test","Tinebank"
"3906",2,"large Eucalyptus pilularis",0.45980224609375,"test","Tinebank"
"3907",2,"large Non-euc",0.46356201171875,"test","Tinebank"
"3908",2,"large Syncarpia glomulifera subsp glabra",0.50040283203125,"test","Tinebank"
"3909",2,"small Non-euc",0.450567626953125,"test","Tinebank"
"3910",2,"small Syncarpia glomulifera subsp glabra",0.516851806640625,"test","Tinebank"
"3911",3,"large Eucalyptus pilularis",0.39365234375,"test","Tinebank"
"3912",3,"large Non-euc",0.372833251953125,"test","Tinebank"
"3913",3,"large Syncarpia glomulifera subsp glabra",0.40406494140625,"test","Tinebank"
"3914",3,"small Non-euc",0.60284423828125,"test","Tinebank"
"3915",3,"small Syncarpia glomulifera subsp glabra",0.614300537109375,"test","Tinebank"
"3916",4,"large Eucalyptus pilularis",0.400091552734375,"test","Tinebank"
"3917",4,"large Non-euc",0.532049560546875,"test","Tinebank"
"3918",4,"large Syncarpia glomulifera subsp glabra",0.512017822265625,"test","Tinebank"
"3919",4,"small Non-euc",0.382159423828125,"test","Tinebank"
"3920",4,"small Syncarpia glomulifera subsp glabra",0.652423095703125,"test","Tinebank"
"3921",5,"large Eucalyptus pilularis",0.491656494140625,"test","Tinebank"
"3922",5,"large Non-euc",0.538311767578125,"test","Tinebank"
"3923",5,"large Syncarpia glomulifera subsp glabra",0.4611083984375,"test","Tinebank"
"3924",5,"small Non-euc",0.530487060546875,"test","Tinebank"
"3925",5,"small Syncarpia glomulifera subsp glabra",0.517608642578125,"test","Tinebank"
"3926",6,"large Eucalyptus pilularis",0.49324951171875,"test","Tinebank"
"3927",6,"large Non-euc",0.54287109375,"test","Tinebank"
"3928",6,"large Syncarpia glomulifera subsp glabra",0.492755126953125,"test","Tinebank"
"3929",6,"small Non-euc",0.414532470703125,"test","Tinebank"
"3930",6,"small Syncarpia glomulifera subsp glabra",0.507904052734375,"test","Tinebank"
"3931",7,"large Eucalyptus pilularis",0.448980712890625,"test","Tinebank"
"3932",7,"large Non-euc",0.33028564453125,"test","Tinebank"
"3933",7,"large Syncarpia glomulifera subsp glabra",0.48056640625,"test","Tinebank"
"3934",7,"small Non-euc",0.432781982421875,"test","Tinebank"
"3935",7,"small Syncarpia glomulifera subsp glabra",0.577520751953125,"test","Tinebank"
"3936",8,"large Eucalyptus pilularis",0.486572265625,"test","Tinebank"
"3937",8,"large Non-euc",0.474114990234375,"test","Tinebank"
"3938",8,"large Syncarpia glomulifera subsp glabra",0.5351806640625,"test","Tinebank"
"3939",8,"small Non-euc",0.556317138671875,"test","Tinebank"
"3940",8,"small Syncarpia glomulifera subsp glabra",0.5489501953125,"test","Tinebank"
"3941",9,"large Eucalyptus pilularis",0.507598876953125,"test","Tinebank"
"3942",9,"large Non-euc",0.534136962890625,"test","Tinebank"
"3943",9,"large Syncarpia glomulifera subsp glabra",0.426202392578125,"test","Tinebank"
"3944",9,"small Non-euc",0.502734375,"test","Tinebank"
"3945",9,"small Syncarpia glomulifera subsp glabra",0.609259033203125,"test","Tinebank"
"3946",10,"large Eucalyptus pilularis",0.507476806640625,"test","Tinebank"
"3947",10,"large Non-euc",0.48851318359375,"test","Tinebank"
"3948",10,"large Syncarpia glomulifera subsp glabra",0.473388671875,"test","Tinebank"
"3949",10,"small Non-euc",0.47342529296875,"test","Tinebank"
"3950",10,"small Syncarpia glomulifera subsp glabra",0.57044677734375,"test","Tinebank"
"3951",11,"large Eucalyptus pilularis",0.554083251953125,"test","Tinebank"
"3952",11,"large Non-euc",0.52557373046875,"test","Tinebank"
"3953",11,"large Syncarpia glomulifera subsp glabra",0.53824462890625,"test","Tinebank"
"3954",11,"small Non-euc",0.516424560546875,"test","Tinebank"
"3955",11,"small Syncarpia glomulifera subsp glabra",0.51837158203125,"test","Tinebank"
"3956",12,"large Eucalyptus pilularis",0.5018310546875,"test","Tinebank"
"3957",12,"large Non-euc",0.638079833984375,"test","Tinebank"
"3958",12,"large Syncarpia glomulifera subsp glabra",0.444427490234375,"test","Tinebank"
"3959",12,"small Non-euc",0.493182373046875,"test","Tinebank"
"3960",12,"small Syncarpia glomulifera subsp glabra",0.59625244140625,"test","Tinebank"
"3961",13,"large Eucalyptus pilularis",0.518206787109375,"test","Tinebank"
"3962",13,"large Non-euc",0.49422607421875,"test","Tinebank"
"3963",13,"large Syncarpia glomulifera subsp glabra",0.425042724609375,"test","Tinebank"
"3964",13,"small Non-euc",0.491265869140625,"test","Tinebank"
"3965",13,"small Syncarpia glomulifera subsp glabra",0.621380615234375,"test","Tinebank"
"3966",14,"large Eucalyptus pilularis",0.5640869140625,"test","Tinebank"
"3967",14,"large Non-euc",0.514031982421875,"test","Tinebank"
"3968",14,"large Syncarpia glomulifera subsp glabra",0.44970703125,"test","Tinebank"
"3969",14,"small Non-euc",0.538031005859375,"test","Tinebank"
"3970",14,"small Syncarpia glomulifera subsp glabra",0.578302001953125,"test","Tinebank"
"3971",15,"large Eucalyptus pilularis",0.501483154296875,"test","Tinebank"
"3972",15,"large Non-euc",0.51842041015625,"test","Tinebank"
"3973",15,"large Syncarpia glomulifera subsp glabra",0.37744140625,"test","Tinebank"
"3974",15,"small Non-euc",0.38831787109375,"test","Tinebank"
"3975",15,"small Syncarpia glomulifera subsp glabra",0.48524169921875,"test","Tinebank"
"3976",16,"large Eucalyptus pilularis",0.43521728515625,"test","Tinebank"
"3977",16,"large Non-euc",0.476812744140625,"test","Tinebank"
"3978",16,"large Syncarpia glomulifera subsp glabra",0.44422607421875,"test","Tinebank"
"3979",16,"small Non-euc",0.29127197265625,"test","Tinebank"
"3980",16,"small Syncarpia glomulifera subsp glabra",0.685125732421875,"test","Tinebank"
"3981",17,"large Eucalyptus pilularis",0.42750244140625,"test","Tinebank"
"3982",17,"large Non-euc",0.574609375,"test","Tinebank"
"3983",17,"large Syncarpia glomulifera subsp glabra",0.644268798828125,"test","Tinebank"
"3984",17,"small Non-euc",0.394061279296875,"test","Tinebank"
"3985",17,"small Syncarpia glomulifera subsp glabra",0.638543701171875,"test","Tinebank"
"3986",18,"large Eucalyptus pilularis",0.45478515625,"test","Tinebank"
"3987",18,"large Non-euc",0.549151611328125,"test","Tinebank"
"3988",18,"large Syncarpia glomulifera subsp glabra",0.501043701171875,"test","Tinebank"
"3989",18,"small Non-euc",0.43753662109375,"test","Tinebank"
"3990",18,"small Syncarpia glomulifera subsp glabra",0.6006103515625,"test","Tinebank"
"3991",19,"large Eucalyptus pilularis",0.502850341796875,"test","Tinebank"
"3992",19,"large Non-euc",0.567620849609375,"test","Tinebank"
"3993",19,"large Syncarpia glomulifera subsp glabra",0.48997802734375,"test","Tinebank"
"3994",19,"small Non-euc",0.524285888671875,"test","Tinebank"
"3995",19,"small Syncarpia glomulifera subsp glabra",0.675262451171875,"test","Tinebank"
"3996",20,"large Eucalyptus pilularis",0.51849365234375,"test","Tinebank"
"3997",20,"large Non-euc",0.616180419921875,"test","Tinebank"
"3998",20,"large Syncarpia glomulifera subsp glabra",0.44765625,"test","Tinebank"
"3999",20,"small Non-euc",0.51199951171875,"test","Tinebank"
"4000",20,"small Syncarpia glomulifera subsp glabra",0.616790771484375,"test","Tinebank"
"4001",1,"large Eucalyptus pilularis",0.544902547200521,"train","A-Tree"
"4002",1,"small Eucalyptus microcorys",0.631966255806588,"train","A-Tree"
"4003",1,"small Eucalyptus pilularis",0.745449066162109,"train","A-Tree"
"4004",1,"small Non-euc",0.513800474654797,"train","A-Tree"
"4005",2,"large Eucalyptus pilularis",0.5023193359375,"train","A-Tree"
"4006",2,"small Eucalyptus microcorys",0.665096798458615,"train","A-Tree"
"4007",2,"small Eucalyptus pilularis",0.755222320556641,"train","A-Tree"
"4008",2,"small Non-euc",0.519708677779796,"train","A-Tree"
"4009",3,"large Eucalyptus pilularis",0.531663004557292,"train","A-Tree"
"4010",3,"small Eucalyptus microcorys",0.562607223923142,"train","A-Tree"
"4011",3,"small Eucalyptus pilularis",0.751412963867187,"train","A-Tree"
"4012",3,"small Non-euc",0.519855162154797,"train","A-Tree"
"4013",4,"large Eucalyptus pilularis",0.553665161132812,"train","A-Tree"
"4014",4,"small Eucalyptus microcorys",0.665888605891047,"train","A-Tree"
"4015",4,"small Eucalyptus pilularis",0.748349761962891,"train","A-Tree"
"4016",4,"small Non-euc",0.519489518986192,"train","A-Tree"
"4017",5,"large Eucalyptus pilularis",0.542718505859375,"train","A-Tree"
"4018",5,"small Eucalyptus microcorys",0.641623007284628,"train","A-Tree"
"4019",5,"small Eucalyptus pilularis",0.778124237060547,"train","A-Tree"
"4020",5,"small Non-euc",0.53206787109375,"train","A-Tree"
"4021",6,"large Eucalyptus pilularis",0.547300211588542,"train","A-Tree"
"4022",6,"small Eucalyptus microcorys",0.63654224292652,"train","A-Tree"
"4023",6,"small Eucalyptus pilularis",0.752359008789062,"train","A-Tree"
"4024",6,"small Non-euc",0.510914221475291,"train","A-Tree"
"4025",7,"large Eucalyptus pilularis",0.536525472005208,"train","A-Tree"
"4026",7,"small Eucalyptus microcorys",0.625331569362331,"train","A-Tree"
"4027",7,"small Eucalyptus pilularis",0.750265502929688,"train","A-Tree"
"4028",7,"small Non-euc",0.529310785337936,"train","A-Tree"
"4029",8,"large Eucalyptus pilularis",0.508389282226563,"train","A-Tree"
"4030",8,"small Eucalyptus microcorys",0.648782266152872,"train","A-Tree"
"4031",8,"small Eucalyptus pilularis",0.769123840332031,"train","A-Tree"
"4032",8,"small Non-euc",0.526060876180959,"train","A-Tree"
"4033",9,"large Eucalyptus pilularis",0.5334228515625,"train","A-Tree"
"4034",9,"small Eucalyptus microcorys",0.636694006017737,"train","A-Tree"
"4035",9,"small Eucalyptus pilularis",0.750599670410156,"train","A-Tree"
"4036",9,"small Non-euc",0.521872445039971,"train","A-Tree"
"4037",10,"large Eucalyptus pilularis",0.531179809570313,"train","A-Tree"
"4038",10,"small Eucalyptus microcorys",0.609894623627534,"train","A-Tree"
"4039",10,"small Eucalyptus pilularis",0.769258117675781,"train","A-Tree"
"4040",10,"small Non-euc",0.51886355377907,"train","A-Tree"
"4041",11,"large Eucalyptus pilularis",0.555422973632812,"train","A-Tree"
"4042",11,"small Eucalyptus microcorys",0.575086438978041,"train","A-Tree"
"4043",11,"small Eucalyptus pilularis",0.739237976074219,"train","A-Tree"
"4044",11,"small Non-euc",0.519028774527616,"train","A-Tree"
"4045",12,"large Eucalyptus pilularis",0.528128051757813,"train","A-Tree"
"4046",12,"small Eucalyptus microcorys",0.6300048828125,"train","A-Tree"
"4047",12,"small Eucalyptus pilularis",0.775192260742188,"train","A-Tree"
"4048",12,"small Non-euc",0.51844482421875,"train","A-Tree"
"4049",13,"large Eucalyptus pilularis",0.535277303059896,"train","A-Tree"
"4050",13,"small Eucalyptus microcorys",0.59406177417652,"train","A-Tree"
"4051",13,"small Eucalyptus pilularis",0.728851318359375,"train","A-Tree"
"4052",13,"small Non-euc",0.530697276980378,"train","A-Tree"
"4053",14,"large Eucalyptus pilularis",0.533271280924479,"train","A-Tree"
"4054",14,"small Eucalyptus microcorys",0.616072371199324,"train","A-Tree"
"4055",14,"small Eucalyptus pilularis",0.729705047607422,"train","A-Tree"
"4056",14,"small Non-euc",0.520270768986192,"train","A-Tree"
"4057",15,"large Eucalyptus pilularis",0.553652954101562,"train","A-Tree"
"4058",15,"small Eucalyptus microcorys",0.573222392314189,"train","A-Tree"
"4059",15,"small Eucalyptus pilularis",0.745262908935547,"train","A-Tree"
"4060",15,"small Non-euc",0.509567473655523,"train","A-Tree"
"4061",16,"large Eucalyptus pilularis",0.538340250651042,"train","A-Tree"
"4062",16,"small Eucalyptus microcorys",0.601260623416385,"train","A-Tree"
"4063",16,"small Eucalyptus pilularis",0.733014678955078,"train","A-Tree"
"4064",16,"small Non-euc",0.525797999182413,"train","A-Tree"
"4065",17,"large Eucalyptus pilularis",0.538037109375,"train","A-Tree"
"4066",17,"small Eucalyptus microcorys",0.600594185494088,"train","A-Tree"
"4067",17,"small Eucalyptus pilularis",0.774646759033203,"train","A-Tree"
"4068",17,"small Non-euc",0.521730502816134,"train","A-Tree"
"4069",18,"large Eucalyptus pilularis",0.537949625651042,"train","A-Tree"
"4070",18,"small Eucalyptus microcorys",0.657198519320101,"train","A-Tree"
"4071",18,"small Eucalyptus pilularis",0.785181427001953,"train","A-Tree"
"4072",18,"small Non-euc",0.523731888172238,"train","A-Tree"
"4073",19,"large Eucalyptus pilularis",0.538367716471354,"train","A-Tree"
"4074",19,"small Eucalyptus microcorys",0.626253695101351,"train","A-Tree"
"4075",19,"small Eucalyptus pilularis",0.759736633300781,"train","A-Tree"
"4076",19,"small Non-euc",0.521107660337936,"train","A-Tree"
"4077",20,"large Eucalyptus pilularis",0.535639444986979,"train","A-Tree"
"4078",20,"small Eucalyptus microcorys",0.642454405088682,"train","A-Tree"
"4079",20,"small Eucalyptus pilularis",0.759001922607422,"train","A-Tree"
"4080",20,"small Non-euc",0.519546579760174,"train","A-Tree"
"4081",1,"large Eucalyptus pilularis",0.497686767578125,"test","A-Tree"
"4082",1,"small Eucalyptus microcorys",0.607476806640625,"test","A-Tree"
"4083",1,"small Eucalyptus pilularis",0.777984619140625,"test","A-Tree"
"4084",1,"small Non-euc",0.553533935546875,"test","A-Tree"
"4085",2,"large Eucalyptus pilularis",0.671051025390625,"test","A-Tree"
"4086",2,"small Eucalyptus microcorys",0.462628173828125,"test","A-Tree"
"4087",2,"small Eucalyptus pilularis",0.83516845703125,"test","A-Tree"
"4088",2,"small Non-euc",0.517218017578125,"test","A-Tree"
"4089",3,"large Eucalyptus pilularis",0.542828369140625,"test","A-Tree"
"4090",3,"small Eucalyptus microcorys",0.72188720703125,"test","A-Tree"
"4091",3,"small Eucalyptus pilularis",0.723480224609375,"test","A-Tree"
"4092",3,"small Non-euc",0.62266845703125,"test","A-Tree"
"4093",4,"large Eucalyptus pilularis",0.49078369140625,"test","A-Tree"
"4094",4,"small Eucalyptus microcorys",0.49384765625,"test","A-Tree"
"4095",4,"small Eucalyptus pilularis",0.8040771484375,"test","A-Tree"
"4096",4,"small Non-euc",0.536737060546875,"test","A-Tree"
"4097",5,"large Eucalyptus pilularis",0.497265625,"test","A-Tree"
"4098",5,"small Eucalyptus microcorys",0.5750244140625,"test","A-Tree"
"4099",5,"small Eucalyptus pilularis",0.6577880859375,"test","A-Tree"
"4100",5,"small Non-euc",0.579254150390625,"test","A-Tree"
"4101",6,"large Eucalyptus pilularis",0.49149169921875,"test","A-Tree"
"4102",6,"small Eucalyptus microcorys",0.601824951171875,"test","A-Tree"
"4103",6,"small Eucalyptus pilularis",0.715185546875,"test","A-Tree"
"4104",6,"small Non-euc",0.52353515625,"test","A-Tree"
"4105",7,"large Eucalyptus pilularis",0.4589599609375,"test","A-Tree"
"4106",7,"small Eucalyptus microcorys",0.64228515625,"test","A-Tree"
"4107",7,"small Eucalyptus pilularis",0.846875,"test","A-Tree"
"4108",7,"small Non-euc",0.68740234375,"test","A-Tree"
"4109",8,"large Eucalyptus pilularis",0.675213623046875,"test","A-Tree"
"4110",8,"small Eucalyptus microcorys",0.62691650390625,"test","A-Tree"
"4111",8,"small Eucalyptus pilularis",0.784600830078125,"test","A-Tree"
"4112",8,"small Non-euc",0.537054443359375,"test","A-Tree"
"4113",9,"large Eucalyptus pilularis",0.545147705078125,"test","A-Tree"
"4114",9,"small Eucalyptus microcorys",0.57581787109375,"test","A-Tree"
"4115",9,"small Eucalyptus pilularis",0.8731201171875,"test","A-Tree"
"4116",9,"small Non-euc",0.514154052734375,"test","A-Tree"
"4117",10,"large Eucalyptus pilularis",0.582977294921875,"test","A-Tree"
"4118",10,"small Eucalyptus microcorys",0.656036376953125,"test","A-Tree"
"4119",10,"small Eucalyptus pilularis",0.62960205078125,"test","A-Tree"
"4120",10,"small Non-euc",0.62520751953125,"test","A-Tree"
"4121",11,"large Eucalyptus pilularis",0.48026123046875,"test","A-Tree"
"4122",11,"small Eucalyptus microcorys",0.712298583984375,"test","A-Tree"
"4123",11,"small Eucalyptus pilularis",0.870574951171875,"test","A-Tree"
"4124",11,"small Non-euc",0.6449951171875,"test","A-Tree"
"4125",12,"large Eucalyptus pilularis",0.51483154296875,"test","A-Tree"
"4126",12,"small Eucalyptus microcorys",0.693621826171875,"test","A-Tree"
"4127",12,"small Eucalyptus pilularis",0.715618896484375,"test","A-Tree"
"4128",12,"small Non-euc",0.61236572265625,"test","A-Tree"
"4129",13,"large Eucalyptus pilularis",0.5313232421875,"test","A-Tree"
"4130",13,"small Eucalyptus microcorys",0.7769775390625,"test","A-Tree"
"4131",13,"small Eucalyptus pilularis",0.810675048828125,"test","A-Tree"
"4132",13,"small Non-euc",0.53817138671875,"test","A-Tree"
"4133",14,"large Eucalyptus pilularis",0.54781494140625,"test","A-Tree"
"4134",14,"small Eucalyptus microcorys",0.651287841796875,"test","A-Tree"
"4135",14,"small Eucalyptus pilularis",0.8696533203125,"test","A-Tree"
"4136",14,"small Non-euc",0.570281982421875,"test","A-Tree"
"4137",15,"large Eucalyptus pilularis",0.427435302734375,"test","A-Tree"
"4138",15,"small Eucalyptus microcorys",0.707891845703125,"test","A-Tree"
"4139",15,"small Eucalyptus pilularis",0.805291748046875,"test","A-Tree"
"4140",15,"small Non-euc",0.412664794921875,"test","A-Tree"
"4141",16,"large Eucalyptus pilularis",0.51761474609375,"test","A-Tree"
"4142",16,"small Eucalyptus microcorys",0.684881591796875,"test","A-Tree"
"4143",16,"small Eucalyptus pilularis",0.794140625,"test","A-Tree"
"4144",16,"small Non-euc",0.51512451171875,"test","A-Tree"
"4145",17,"large Eucalyptus pilularis",0.551959228515625,"test","A-Tree"
"4146",17,"small Eucalyptus microcorys",0.70015869140625,"test","A-Tree"
"4147",17,"small Eucalyptus pilularis",0.78909912109375,"test","A-Tree"
"4148",17,"small Non-euc",0.566558837890625,"test","A-Tree"
"4149",18,"large Eucalyptus pilularis",0.480096435546875,"test","A-Tree"
"4150",18,"small Eucalyptus microcorys",0.520452880859375,"test","A-Tree"
"4151",18,"small Eucalyptus pilularis",0.601971435546875,"test","A-Tree"
"4152",18,"small Non-euc",0.634783935546875,"test","A-Tree"
"4153",19,"large Eucalyptus pilularis",0.574951171875,"test","A-Tree"
"4154",19,"small Eucalyptus microcorys",0.565496826171875,"test","A-Tree"
"4155",19,"small Eucalyptus pilularis",0.7864990234375,"test","A-Tree"
"4156",19,"small Non-euc",0.495458984375,"test","A-Tree"
"4157",20,"large Eucalyptus pilularis",0.55579833984375,"test","A-Tree"
"4158",20,"small Eucalyptus microcorys",0.57310791015625,"test","A-Tree"
"4159",20,"small Eucalyptus pilularis",0.731854248046875,"test","A-Tree"
"4160",20,"small Non-euc",0.520263671875,"test","A-Tree"
"4161",1,"large Eucalyptus pilularis",0.630657196044922,"train","BlackBull"
"4162",1,"small Eucalyptus pilularis",0.673104858398437,"train","BlackBull"
"4163",1,"small Non-euc",0.544962974049937,"train","BlackBull"
"4164",1,"small Syncarpia glomulifera subsp glomulifera",0.589755311304209,"train","BlackBull"
"4165",2,"large Eucalyptus pilularis",0.578598022460938,"train","BlackBull"
"4166",2,"small Eucalyptus pilularis",0.5728271484375,"train","BlackBull"
"4167",2,"small Non-euc",0.540157759009893,"train","BlackBull"
"4168",2,"small Syncarpia glomulifera subsp glomulifera",0.548693598533163,"train","BlackBull"
"4169",3,"large Eucalyptus pilularis",0.633064270019531,"train","BlackBull"
"4170",3,"small Eucalyptus pilularis",0.651278686523437,"train","BlackBull"
"4171",3,"small Non-euc",0.53262620475424,"train","BlackBull"
"4172",3,"small Syncarpia glomulifera subsp glomulifera",0.56143873565051,"train","BlackBull"
"4173",4,"large Eucalyptus pilularis",0.580806732177734,"train","BlackBull"
"4174",4,"small Eucalyptus pilularis",0.681103515625,"train","BlackBull"
"4175",4,"small Non-euc",0.544662398908606,"train","BlackBull"
"4176",4,"small Syncarpia glomulifera subsp glomulifera",0.585880201690051,"train","BlackBull"
"4177",5,"large Eucalyptus pilularis",0.651325225830078,"train","BlackBull"
"4178",5,"small Eucalyptus pilularis",0.597979736328125,"train","BlackBull"
"4179",5,"small Non-euc",0.541436123488536,"train","BlackBull"
"4180",5,"small Syncarpia glomulifera subsp glomulifera",0.569653569435587,"train","BlackBull"
"4181",6,"large Eucalyptus pilularis",0.528659820556641,"train","BlackBull"
"4182",6,"small Eucalyptus pilularis",0.592910766601562,"train","BlackBull"
"4183",6,"small Non-euc",0.540869938069253,"train","BlackBull"
"4184",6,"small Syncarpia glomulifera subsp glomulifera",0.583525988520408,"train","BlackBull"
"4185",7,"large Eucalyptus pilularis",0.624599456787109,"train","BlackBull"
"4186",7,"small Eucalyptus pilularis",0.613662719726562,"train","BlackBull"
"4187",7,"small Non-euc",0.531966779699278,"train","BlackBull"
"4188",7,"small Syncarpia glomulifera subsp glomulifera",0.555466009646046,"train","BlackBull"
"4189",8,"large Eucalyptus pilularis",0.580276489257812,"train","BlackBull"
"4190",8,"small Eucalyptus pilularis",0.615802001953125,"train","BlackBull"
"4191",8,"small Non-euc",0.543719267725346,"train","BlackBull"
"4192",8,"small Syncarpia glomulifera subsp glomulifera",0.596272371253189,"train","BlackBull"
"4193",9,"large Eucalyptus pilularis",0.555923461914062,"train","BlackBull"
"4194",9,"small Eucalyptus pilularis",0.637716674804688,"train","BlackBull"
"4195",9,"small Non-euc",0.540822704832758,"train","BlackBull"
"4196",9,"small Syncarpia glomulifera subsp glomulifera",0.525966099330357,"train","BlackBull"
"4197",10,"large Eucalyptus pilularis",0.663604736328125,"train","BlackBull"
"4198",10,"small Eucalyptus pilularis",0.639309692382813,"train","BlackBull"
"4199",10,"small Non-euc",0.537012454852387,"train","BlackBull"
"4200",10,"small Syncarpia glomulifera subsp glomulifera",0.519669513313138,"train","BlackBull"
"4201",11,"large Eucalyptus pilularis",0.663124084472656,"train","BlackBull"
"4202",11,"small Eucalyptus pilularis",0.6477783203125,"train","BlackBull"
"4203",11,"small Non-euc",0.539487905837783,"train","BlackBull"
"4204",11,"small Syncarpia glomulifera subsp glomulifera",0.566773706552934,"train","BlackBull"
"4205",12,"large Eucalyptus pilularis",0.577766418457031,"train","BlackBull"
"4206",12,"small Eucalyptus pilularis",0.60687255859375,"train","BlackBull"
"4207",12,"small Non-euc",0.531525424976445,"train","BlackBull"
"4208",12,"small Syncarpia glomulifera subsp glomulifera",0.573161222496811,"train","BlackBull"
"4209",13,"large Eucalyptus pilularis",0.596134185791016,"train","BlackBull"
"4210",13,"small Eucalyptus pilularis",0.58841552734375,"train","BlackBull"
"4211",13,"small Non-euc",0.542573708385678,"train","BlackBull"
"4212",13,"small Syncarpia glomulifera subsp glomulifera",0.549946687659439,"train","BlackBull"
"4213",14,"large Eucalyptus pilularis",0.550979614257812,"train","BlackBull"
"4214",14,"small Eucalyptus pilularis",0.6926513671875,"train","BlackBull"
"4215",14,"small Non-euc",0.54445690365892,"train","BlackBull"
"4216",14,"small Syncarpia glomulifera subsp glomulifera",0.555071149553571,"train","BlackBull"
"4217",15,"large Eucalyptus pilularis",0.604297637939453,"train","BlackBull"
"4218",15,"small Eucalyptus pilularis",0.598287963867188,"train","BlackBull"
"4219",15,"small Non-euc",0.53976578448885,"train","BlackBull"
"4220",15,"small Syncarpia glomulifera subsp glomulifera",0.574520188934949,"train","BlackBull"
"4221",16,"large Eucalyptus pilularis",0.621410369873047,"train","BlackBull"
"4222",16,"small Eucalyptus pilularis",0.633004760742187,"train","BlackBull"
"4223",16,"small Non-euc",0.548299971537374,"train","BlackBull"
"4224",16,"small Syncarpia glomulifera subsp glomulifera",0.564251335299745,"train","BlackBull"
"4225",17,"large Eucalyptus pilularis",0.562892913818359,"train","BlackBull"
"4226",17,"small Eucalyptus pilularis",0.623428344726562,"train","BlackBull"
"4227",17,"small Non-euc",0.540019739812343,"train","BlackBull"
"4228",17,"small Syncarpia glomulifera subsp glomulifera",0.570404675542092,"train","BlackBull"
"4229",18,"large Eucalyptus pilularis",0.63922119140625,"train","BlackBull"
"4230",18,"small Eucalyptus pilularis",0.569461059570312,"train","BlackBull"
"4231",18,"small Non-euc",0.53693639093907,"train","BlackBull"
"4232",18,"small Syncarpia glomulifera subsp glomulifera",0.600357989875638,"train","BlackBull"
"4233",19,"large Eucalyptus pilularis",0.588298797607422,"train","BlackBull"
"4234",19,"small Eucalyptus pilularis",0.574069213867187,"train","BlackBull"
"4235",19,"small Non-euc",0.544881389368719,"train","BlackBull"
"4236",19,"small Syncarpia glomulifera subsp glomulifera",0.533023756377551,"train","BlackBull"
"4237",20,"large Eucalyptus pilularis",0.537429809570312,"train","BlackBull"
"4238",20,"small Eucalyptus pilularis",0.632144165039062,"train","BlackBull"
"4239",20,"small Non-euc",0.533729438206658,"train","BlackBull"
"4240",20,"small Syncarpia glomulifera subsp glomulifera",0.586758360570791,"train","BlackBull"
"4241",1,"large Eucalyptus pilularis",0.452264404296875,"test","BlackBull"
"4242",1,"small Eucalyptus pilularis",0.546368408203125,"test","BlackBull"
"4243",1,"small Non-euc",0.70191650390625,"test","BlackBull"
"4244",1,"small Syncarpia glomulifera subsp glomulifera",0.5323974609375,"test","BlackBull"
"4245",2,"large Eucalyptus pilularis",0.43994140625,"test","BlackBull"
"4246",2,"small Eucalyptus pilularis",0.4480224609375,"test","BlackBull"
"4247",2,"small Non-euc",0.508221435546875,"test","BlackBull"
"4248",2,"small Syncarpia glomulifera subsp glomulifera",0.6957763671875,"test","BlackBull"
"4249",3,"large Eucalyptus pilularis",0.40084228515625,"test","BlackBull"
"4250",3,"small Eucalyptus pilularis",0.543707275390625,"test","BlackBull"
"4251",3,"small Non-euc",0.681268310546875,"test","BlackBull"
"4252",3,"small Syncarpia glomulifera subsp glomulifera",0.60609130859375,"test","BlackBull"
"4253",4,"large Eucalyptus pilularis",0.487396240234375,"test","BlackBull"
"4254",4,"small Eucalyptus pilularis",0.472210693359375,"test","BlackBull"
"4255",4,"small Non-euc",0.574481201171875,"test","BlackBull"
"4256",4,"small Syncarpia glomulifera subsp glomulifera",0.520709228515625,"test","BlackBull"
"4257",5,"large Eucalyptus pilularis",0.422576904296875,"test","BlackBull"
"4258",5,"small Eucalyptus pilularis",0.526849365234375,"test","BlackBull"
"4259",5,"small Non-euc",0.494970703125,"test","BlackBull"
"4260",5,"small Syncarpia glomulifera subsp glomulifera",0.60103759765625,"test","BlackBull"
"4261",6,"large Eucalyptus pilularis",0.484588623046875,"test","BlackBull"
"4262",6,"small Eucalyptus pilularis",0.428643798828125,"test","BlackBull"
"4263",6,"small Non-euc",0.664324951171875,"test","BlackBull"
"4264",6,"small Syncarpia glomulifera subsp glomulifera",0.453265380859375,"test","BlackBull"
"4265",7,"large Eucalyptus pilularis",0.4052978515625,"test","BlackBull"
"4266",7,"small Eucalyptus pilularis",0.558056640625,"test","BlackBull"
"4267",7,"small Non-euc",0.574786376953125,"test","BlackBull"
"4268",7,"small Syncarpia glomulifera subsp glomulifera",0.674810791015625,"test","BlackBull"
"4269",8,"large Eucalyptus pilularis",0.51883544921875,"test","BlackBull"
"4270",8,"small Eucalyptus pilularis",0.4900390625,"test","BlackBull"
"4271",8,"small Non-euc",0.70560302734375,"test","BlackBull"
"4272",8,"small Syncarpia glomulifera subsp glomulifera",0.450244140625,"test","BlackBull"
"4273",9,"large Eucalyptus pilularis",0.534759521484375,"test","BlackBull"
"4274",9,"small Eucalyptus pilularis",0.523895263671875,"test","BlackBull"
"4275",9,"small Non-euc",0.495782470703125,"test","BlackBull"
"4276",9,"small Syncarpia glomulifera subsp glomulifera",0.739990234375,"test","BlackBull"
"4277",10,"large Eucalyptus pilularis",0.43701171875,"test","BlackBull"
"4278",10,"small Eucalyptus pilularis",0.50545654296875,"test","BlackBull"
"4279",10,"small Non-euc",0.76146240234375,"test","BlackBull"
"4280",10,"small Syncarpia glomulifera subsp glomulifera",0.6772705078125,"test","BlackBull"
"4281",11,"large Eucalyptus pilularis",0.484356689453125,"test","BlackBull"
"4282",11,"small Eucalyptus pilularis",0.444329833984375,"test","BlackBull"
"4283",11,"small Non-euc",0.51026611328125,"test","BlackBull"
"4284",11,"small Syncarpia glomulifera subsp glomulifera",0.5400390625,"test","BlackBull"
"4285",12,"large Eucalyptus pilularis",0.4712646484375,"test","BlackBull"
"4286",12,"small Eucalyptus pilularis",0.415203857421875,"test","BlackBull"
"4287",12,"small Non-euc",0.614581298828125,"test","BlackBull"
"4288",12,"small Syncarpia glomulifera subsp glomulifera",0.57786865234375,"test","BlackBull"
"4289",13,"large Eucalyptus pilularis",0.546771240234375,"test","BlackBull"
"4290",13,"small Eucalyptus pilularis",0.40302734375,"test","BlackBull"
"4291",13,"small Non-euc",0.751129150390625,"test","BlackBull"
"4292",13,"small Syncarpia glomulifera subsp glomulifera",0.649267578125,"test","BlackBull"
"4293",14,"large Eucalyptus pilularis",0.548785400390625,"test","BlackBull"
"4294",14,"small Eucalyptus pilularis",0.485491943359375,"test","BlackBull"
"4295",14,"small Non-euc",0.605316162109375,"test","BlackBull"
"4296",14,"small Syncarpia glomulifera subsp glomulifera",0.53074951171875,"test","BlackBull"
"4297",15,"large Eucalyptus pilularis",0.50889892578125,"test","BlackBull"
"4298",15,"small Eucalyptus pilularis",0.5220947265625,"test","BlackBull"
"4299",15,"small Non-euc",0.676507568359375,"test","BlackBull"
"4300",15,"small Syncarpia glomulifera subsp glomulifera",0.5669189453125,"test","BlackBull"
"4301",16,"large Eucalyptus pilularis",0.458941650390625,"test","BlackBull"
"4302",16,"small Eucalyptus pilularis",0.57467041015625,"test","BlackBull"
"4303",16,"small Non-euc",0.50537109375,"test","BlackBull"
"4304",16,"small Syncarpia glomulifera subsp glomulifera",0.5775634765625,"test","BlackBull"
"4305",17,"large Eucalyptus pilularis",0.475531005859375,"test","BlackBull"
"4306",17,"small Eucalyptus pilularis",0.564617919921875,"test","BlackBull"
"4307",17,"small Non-euc",0.570947265625,"test","BlackBull"
"4308",17,"small Syncarpia glomulifera subsp glomulifera",0.557501220703125,"test","BlackBull"
"4309",18,"large Eucalyptus pilularis",0.45858154296875,"test","BlackBull"
"4310",18,"small Eucalyptus pilularis",0.377783203125,"test","BlackBull"
"4311",18,"small Non-euc",0.55594482421875,"test","BlackBull"
"4312",18,"small Syncarpia glomulifera subsp glomulifera",0.53126220703125,"test","BlackBull"
"4313",19,"large Eucalyptus pilularis",0.397601318359375,"test","BlackBull"
"4314",19,"small Eucalyptus pilularis",0.6017822265625,"test","BlackBull"
"4315",19,"small Non-euc",0.573052978515625,"test","BlackBull"
"4316",19,"small Syncarpia glomulifera subsp glomulifera",0.75394287109375,"test","BlackBull"
"4317",20,"large Eucalyptus pilularis",0.37349853515625,"test","BlackBull"
"4318",20,"small Eucalyptus pilularis",0.441424560546875,"test","BlackBull"
"4319",20,"small Non-euc",0.627545166015625,"test","BlackBull"
"4320",20,"small Syncarpia glomulifera subsp glomulifera",0.596868896484375,"test","BlackBull"
"4321",1,"large Eucalyptus grandis",0.587025609509698,"train","Bruxner"
"4322",1,"small Eucalyptus grandis",0.652899755190497,"train","Bruxner"
"4323",1,"small Non-euc",0.52224899652436,"train","Bruxner"
"4324",1,"small Syncarpia glomulifera subsp glabra",0.795907827524038,"train","Bruxner"
"4325",2,"large Eucalyptus grandis",0.578610124259159,"train","Bruxner"
"4326",2,"small Eucalyptus grandis",0.668095000802654,"train","Bruxner"
"4327",2,"small Non-euc",0.519115730345718,"train","Bruxner"
"4328",2,"small Syncarpia glomulifera subsp glabra",0.759718674879808,"train","Bruxner"
"4329",3,"large Eucalyptus grandis",0.59014682112069,"train","Bruxner"
"4330",3,"small Eucalyptus grandis",0.675856498822774,"train","Bruxner"
"4331",3,"small Non-euc",0.520076721671998,"train","Bruxner"
"4332",3,"small Syncarpia glomulifera subsp glabra",0.741610013521635,"train","Bruxner"
"4333",4,"large Eucalyptus grandis",0.582110174771013,"train","Bruxner"
"4334",4,"small Eucalyptus grandis",0.679112264554795,"train","Bruxner"
"4335",4,"small Non-euc",0.520317017562746,"train","Bruxner"
"4336",4,"small Syncarpia glomulifera subsp glabra",0.790513258713942,"train","Bruxner"
"4337",5,"large Eucalyptus grandis",0.604218581627155,"train","Bruxner"
"4338",5,"small Eucalyptus grandis",0.682402310306079,"train","Bruxner"
"4339",5,"small Non-euc",0.519835849071112,"train","Bruxner"
"4340",5,"small Syncarpia glomulifera subsp glabra",0.803166316105769,"train","Bruxner"
"4341",6,"large Eucalyptus grandis",0.602534853178879,"train","Bruxner"
"4342",6,"small Eucalyptus grandis",0.672395889073202,"train","Bruxner"
"4343",6,"small Non-euc",0.521039539247047,"train","Bruxner"
"4344",6,"small Syncarpia glomulifera subsp glabra",0.730886606069712,"train","Bruxner"
"4345",7,"large Eucalyptus grandis",0.570203057650862,"train","Bruxner"
"4346",7,"small Eucalyptus grandis",0.647486020440925,"train","Bruxner"
"4347",7,"small Non-euc",0.522836087444636,"train","Bruxner"
"4348",7,"small Syncarpia glomulifera subsp glabra",0.812213604266827,"train","Bruxner"
"4349",8,"large Eucalyptus grandis",0.583954909752155,"train","Bruxner"
"4350",8,"small Eucalyptus grandis",0.655806868043664,"train","Bruxner"
"4351",8,"small Non-euc",0.520910452294537,"train","Bruxner"
"4352",8,"small Syncarpia glomulifera subsp glabra",0.760652982271635,"train","Bruxner"
"4353",9,"large Eucalyptus grandis",0.601993955414871,"train","Bruxner"
"4354",9,"small Eucalyptus grandis",0.649276942422945,"train","Bruxner"
"4355",9,"small Non-euc",0.522962290846457,"train","Bruxner"
"4356",9,"small Syncarpia glomulifera subsp glabra",0.764995868389423,"train","Bruxner"
"4357",10,"large Eucalyptus grandis",0.573191675646552,"train","Bruxner"
"4358",10,"small Eucalyptus grandis",0.674107381742295,"train","Bruxner"
"4359",10,"small Non-euc",0.520478496401329,"train","Bruxner"
"4360",10,"small Syncarpia glomulifera subsp glabra",0.811481182391827,"train","Bruxner"
"4361",11,"large Eucalyptus grandis",0.590012122844828,"train","Bruxner"
"4362",11,"small Eucalyptus grandis",0.668783109482021,"train","Bruxner"
"4363",11,"small Non-euc",0.52350891593873,"train","Bruxner"
"4364",11,"small Syncarpia glomulifera subsp glabra",0.748164250300481,"train","Bruxner"
"4365",12,"large Eucalyptus grandis",0.579703495420259,"train","Bruxner"
"4366",12,"small Eucalyptus grandis",0.670859976990582,"train","Bruxner"
"4367",12,"small Non-euc",0.519878429502953,"train","Bruxner"
"4368",12,"small Syncarpia glomulifera subsp glabra",0.773850661057692,"train","Bruxner"
"4369",13,"large Eucalyptus grandis",0.612531990840517,"train","Bruxner"
"4370",13,"small Eucalyptus grandis",0.674206877407962,"train","Bruxner"
"4371",13,"small Non-euc",0.522014852208415,"train","Bruxner"
"4372",13,"small Syncarpia glomulifera subsp glabra",0.6971435546875,"train","Bruxner"
"4373",14,"large Eucalyptus grandis",0.596195615571121,"train","Bruxner"
"4374",14,"small Eucalyptus grandis",0.662178771136558,"train","Bruxner"
"4375",14,"small Non-euc",0.521060300812008,"train","Bruxner"
"4376",14,"small Syncarpia glomulifera subsp glabra",0.798485389122596,"train","Bruxner"
"4377",15,"large Eucalyptus grandis",0.597817256532866,"train","Bruxner"
"4378",15,"small Eucalyptus grandis",0.681730923587329,"train","Bruxner"
"4379",15,"small Non-euc",0.519206946665846,"train","Bruxner"
"4380",15,"small Syncarpia glomulifera subsp glabra",0.8048095703125,"train","Bruxner"
"4381",16,"large Eucalyptus grandis",0.583444529566272,"train","Bruxner"
"4382",16,"small Eucalyptus grandis",0.683000956496147,"train","Bruxner"
"4383",16,"small Non-euc",0.519389283187746,"train","Bruxner"
"4384",16,"small Syncarpia glomulifera subsp glabra",0.777545635516827,"train","Bruxner"
"4385",17,"large Eucalyptus grandis",0.598881162446121,"train","Bruxner"
"4386",17,"small Eucalyptus grandis",0.66855903520976,"train","Bruxner"
"4387",17,"small Non-euc",0.519427538293553,"train","Bruxner"
"4388",17,"small Syncarpia glomulifera subsp glabra",0.827862079326923,"train","Bruxner"
"4389",18,"large Eucalyptus grandis",0.585954337284483,"train","Bruxner"
"4390",18,"small Eucalyptus grandis",0.658665487211045,"train","Bruxner"
"4391",18,"small Non-euc",0.520626422551673,"train","Bruxner"
"4392",18,"small Syncarpia glomulifera subsp glabra",0.782724233774038,"train","Bruxner"
"4393",19,"large Eucalyptus grandis",0.583282470703125,"train","Bruxner"
"4394",19,"small Eucalyptus grandis",0.696600927065497,"train","Bruxner"
"4395",19,"small Non-euc",0.519783945158711,"train","Bruxner"
"4396",19,"small Syncarpia glomulifera subsp glabra",0.744478665865385,"train","Bruxner"
"4397",20,"large Eucalyptus grandis",0.564563619679418,"train","Bruxner"
"4398",20,"small Eucalyptus grandis",0.656675573897688,"train","Bruxner"
"4399",20,"small Non-euc",0.521279546782726,"train","Bruxner"
"4400",20,"small Syncarpia glomulifera subsp glabra",0.826040414663462,"train","Bruxner"
"4401",1,"large Eucalyptus grandis",0.56561279296875,"test","Bruxner"
"4402",1,"small Eucalyptus grandis",0.787432861328125,"test","Bruxner"
"4403",1,"small Non-euc",0.49521484375,"test","Bruxner"
"4404",1,"small Syncarpia glomulifera subsp glabra",0.765533447265625,"test","Bruxner"
"4405",2,"large Eucalyptus grandis",0.543115234375,"test","Bruxner"
"4406",2,"small Eucalyptus grandis",0.660430908203125,"test","Bruxner"
"4407",2,"small Non-euc",0.605712890625,"test","Bruxner"
"4408",2,"small Syncarpia glomulifera subsp glabra",0.785992431640625,"test","Bruxner"
"4409",3,"large Eucalyptus grandis",0.652154541015625,"test","Bruxner"
"4410",3,"small Eucalyptus grandis",0.5936279296875,"test","Bruxner"
"4411",3,"small Non-euc",0.368402099609375,"test","Bruxner"
"4412",3,"small Syncarpia glomulifera subsp glabra",0.708740234375,"test","Bruxner"
"4413",4,"large Eucalyptus grandis",0.642413330078125,"test","Bruxner"
"4414",4,"small Eucalyptus grandis",0.60889892578125,"test","Bruxner"
"4415",4,"small Non-euc",0.435003662109375,"test","Bruxner"
"4416",4,"small Syncarpia glomulifera subsp glabra",0.722149658203125,"test","Bruxner"
"4417",5,"large Eucalyptus grandis",0.591448974609375,"test","Bruxner"
"4418",5,"small Eucalyptus grandis",0.6289794921875,"test","Bruxner"
"4419",5,"small Non-euc",0.549029541015625,"test","Bruxner"
"4420",5,"small Syncarpia glomulifera subsp glabra",0.698583984375,"test","Bruxner"
"4421",6,"large Eucalyptus grandis",0.583154296875,"test","Bruxner"
"4422",6,"small Eucalyptus grandis",0.678314208984375,"test","Bruxner"
"4423",6,"small Non-euc",0.413995361328125,"test","Bruxner"
"4424",6,"small Syncarpia glomulifera subsp glabra",0.733282470703125,"test","Bruxner"
"4425",7,"large Eucalyptus grandis",0.646978759765625,"test","Bruxner"
"4426",7,"small Eucalyptus grandis",0.770916748046875,"test","Bruxner"
"4427",7,"small Non-euc",0.378717041015625,"test","Bruxner"
"4428",7,"small Syncarpia glomulifera subsp glabra",0.73074951171875,"test","Bruxner"
"4429",8,"large Eucalyptus grandis",0.571826171875,"test","Bruxner"
"4430",8,"small Eucalyptus grandis",0.7151611328125,"test","Bruxner"
"4431",8,"small Non-euc",0.613336181640625,"test","Bruxner"
"4432",8,"small Syncarpia glomulifera subsp glabra",0.781103515625,"test","Bruxner"
"4433",9,"large Eucalyptus grandis",0.604644775390625,"test","Bruxner"
"4434",9,"small Eucalyptus grandis",0.689312744140625,"test","Bruxner"
"4435",9,"small Non-euc",0.3820068359375,"test","Bruxner"
"4436",9,"small Syncarpia glomulifera subsp glabra",0.753192138671875,"test","Bruxner"
"4437",10,"large Eucalyptus grandis",0.690435791015625,"test","Bruxner"
"4438",10,"small Eucalyptus grandis",0.628436279296875,"test","Bruxner"
"4439",10,"small Non-euc",0.62210693359375,"test","Bruxner"
"4440",10,"small Syncarpia glomulifera subsp glabra",0.68427734375,"test","Bruxner"
"4441",11,"large Eucalyptus grandis",0.511846923828125,"test","Bruxner"
"4442",11,"small Eucalyptus grandis",0.646014404296875,"test","Bruxner"
"4443",11,"small Non-euc",0.41473388671875,"test","Bruxner"
"4444",11,"small Syncarpia glomulifera subsp glabra",0.70869140625,"test","Bruxner"
"4445",12,"large Eucalyptus grandis",0.499310302734375,"test","Bruxner"
"4446",12,"small Eucalyptus grandis",0.664361572265625,"test","Bruxner"
"4447",12,"small Non-euc",0.443896484375,"test","Bruxner"
"4448",12,"small Syncarpia glomulifera subsp glabra",0.693701171875,"test","Bruxner"
"4449",13,"large Eucalyptus grandis",0.651837158203125,"test","Bruxner"
"4450",13,"small Eucalyptus grandis",0.612799072265625,"test","Bruxner"
"4451",13,"small Non-euc",0.462286376953125,"test","Bruxner"
"4452",13,"small Syncarpia glomulifera subsp glabra",0.7827392578125,"test","Bruxner"
"4453",14,"large Eucalyptus grandis",0.529644775390625,"test","Bruxner"
"4454",14,"small Eucalyptus grandis",0.68338623046875,"test","Bruxner"
"4455",14,"small Non-euc",0.47926025390625,"test","Bruxner"
"4456",14,"small Syncarpia glomulifera subsp glabra",0.730999755859375,"test","Bruxner"
"4457",15,"large Eucalyptus grandis",0.635638427734375,"test","Bruxner"
"4458",15,"small Eucalyptus grandis",0.6150146484375,"test","Bruxner"
"4459",15,"small Non-euc",0.51790771484375,"test","Bruxner"
"4460",15,"small Syncarpia glomulifera subsp glabra",0.65545654296875,"test","Bruxner"
"4461",16,"large Eucalyptus grandis",0.6516845703125,"test","Bruxner"
"4462",16,"small Eucalyptus grandis",0.61513671875,"test","Bruxner"
"4463",16,"small Non-euc",0.404278564453125,"test","Bruxner"
"4464",16,"small Syncarpia glomulifera subsp glabra",0.67459716796875,"test","Bruxner"
"4465",17,"large Eucalyptus grandis",0.458563232421875,"test","Bruxner"
"4466",17,"small Eucalyptus grandis",0.6885986328125,"test","Bruxner"
"4467",17,"small Non-euc",0.596759033203125,"test","Bruxner"
"4468",17,"small Syncarpia glomulifera subsp glabra",0.621929931640625,"test","Bruxner"
"4469",18,"large Eucalyptus grandis",0.715264892578125,"test","Bruxner"
"4470",18,"small Eucalyptus grandis",0.723236083984375,"test","Bruxner"
"4471",18,"small Non-euc",0.544024658203125,"test","Bruxner"
"4472",18,"small Syncarpia glomulifera subsp glabra",0.702197265625,"test","Bruxner"
"4473",19,"large Eucalyptus grandis",0.617694091796875,"test","Bruxner"
"4474",19,"small Eucalyptus grandis",0.54617919921875,"test","Bruxner"
"4475",19,"small Non-euc",0.49569091796875,"test","Bruxner"
"4476",19,"small Syncarpia glomulifera subsp glabra",0.703643798828125,"test","Bruxner"
"4477",20,"large Eucalyptus grandis",0.701611328125,"test","Bruxner"
"4478",20,"small Eucalyptus grandis",0.715399169921875,"test","Bruxner"
"4479",20,"small Non-euc",0.498883056640625,"test","Bruxner"
"4480",20,"small Syncarpia glomulifera subsp glabra",0.612322998046875,"test","Bruxner"
"4481",1,"large Eucalyptus pilularis",0.557763235909598,"train","BirdTree"
"4482",1,"large Syncarpia glomulifera subsp glabra",0.716435359074519,"train","BirdTree"
"4483",1,"small Eucalyptus microcorys",0.823842366536458,"train","BirdTree"
"4484",1,"small Non-euc",0.510699880570502,"train","BirdTree"
"4485",2,"large Eucalyptus pilularis",0.543983459472656,"train","BirdTree"
"4486",2,"large Syncarpia glomulifera subsp glabra",0.582937387319712,"train","BirdTree"
"4487",2,"small Eucalyptus microcorys",0.597869873046875,"train","BirdTree"
"4488",2,"small Non-euc",0.517038105339404,"train","BirdTree"
"4489",3,"large Eucalyptus pilularis",0.555573599679129,"train","BirdTree"
"4490",3,"large Syncarpia glomulifera subsp glabra",0.700505183293269,"train","BirdTree"
"4491",3,"small Eucalyptus microcorys",0.823933919270833,"train","BirdTree"
"4492",3,"small Non-euc",0.513801894703711,"train","BirdTree"
"4493",4,"large Eucalyptus pilularis",0.564316885811942,"train","BirdTree"
"4494",4,"large Syncarpia glomulifera subsp glabra",0.705172025240385,"train","BirdTree"
"4495",4,"small Eucalyptus microcorys",0.72174072265625,"train","BirdTree"
"4496",4,"small Non-euc",0.509691385770212,"train","BirdTree"
"4497",5,"large Eucalyptus pilularis",0.555794852120536,"train","BirdTree"
"4498",5,"large Syncarpia glomulifera subsp glabra",0.711604191706731,"train","BirdTree"
"4499",5,"small Eucalyptus microcorys",0.763498942057292,"train","BirdTree"
"4500",5,"small Non-euc",0.519496353519937,"train","BirdTree"
"4501",6,"large Eucalyptus pilularis",0.564251491001674,"train","BirdTree"
"4502",6,"large Syncarpia glomulifera subsp glabra",0.707533616286058,"train","BirdTree"
"4503",6,"small Eucalyptus microcorys",0.7841796875,"train","BirdTree"
"4504",6,"small Non-euc",0.514821842016763,"train","BirdTree"
"4505",7,"large Eucalyptus pilularis",0.557998657226562,"train","BirdTree"
"4506",7,"large Syncarpia glomulifera subsp glabra",0.594130295973558,"train","BirdTree"
"4507",7,"small Eucalyptus microcorys",0.792765299479167,"train","BirdTree"
"4508",7,"small Non-euc",0.517788716499379,"train","BirdTree"
"4509",8,"large Eucalyptus pilularis",0.560723440987723,"train","BirdTree"
"4510",8,"large Syncarpia glomulifera subsp glabra",0.689453125,"train","BirdTree"
"4511",8,"small Eucalyptus microcorys",0.80908203125,"train","BirdTree"
"4512",8,"small Non-euc",0.510759972578642,"train","BirdTree"
"4513",9,"large Eucalyptus pilularis",0.562625340053013,"train","BirdTree"
"4514",9,"large Syncarpia glomulifera subsp glabra",0.663405198317308,"train","BirdTree"
"4515",9,"small Eucalyptus microcorys",0.872273763020833,"train","BirdTree"
"4516",9,"small Non-euc",0.516018023290908,"train","BirdTree"
"4517",10,"large Eucalyptus pilularis",0.511913844517299,"train","BirdTree"
"4518",10,"large Syncarpia glomulifera subsp glabra",0.713045560396635,"train","BirdTree"
"4519",10,"small Eucalyptus microcorys",0.794209798177083,"train","BirdTree"
"4520",10,"small Non-euc",0.518900822856305,"train","BirdTree"
"4521",11,"large Eucalyptus pilularis",0.566149030412946,"train","BirdTree"
"4522",11,"large Syncarpia glomulifera subsp glabra",0.600144606370192,"train","BirdTree"
"4523",11,"small Eucalyptus microcorys",0.742045084635417,"train","BirdTree"
"4524",11,"small Non-euc",0.515201795969578,"train","BirdTree"
"4525",12,"large Eucalyptus pilularis",0.557126726422991,"train","BirdTree"
"4526",12,"large Syncarpia glomulifera subsp glabra",0.685880220853365,"train","BirdTree"
"4527",12,"small Eucalyptus microcorys",0.87518310546875,"train","BirdTree"
"4528",12,"small Non-euc",0.515927750543253,"train","BirdTree"
"4529",13,"large Eucalyptus pilularis",0.557182312011719,"train","BirdTree"
"4530",13,"large Syncarpia glomulifera subsp glabra",0.696213942307692,"train","BirdTree"
"4531",13,"small Eucalyptus microcorys",0.788726806640625,"train","BirdTree"
"4532",13,"small Non-euc",0.518079745058982,"train","BirdTree"
"4533",14,"large Eucalyptus pilularis",0.556215558733259,"train","BirdTree"
"4534",14,"large Syncarpia glomulifera subsp glabra",0.689528245192308,"train","BirdTree"
"4535",14,"small Eucalyptus microcorys",0.705291748046875,"train","BirdTree"
"4536",14,"small Non-euc",0.513407119852028,"train","BirdTree"
"4537",15,"large Eucalyptus pilularis",0.571836199079241,"train","BirdTree"
"4538",15,"large Syncarpia glomulifera subsp glabra",0.705312875600962,"train","BirdTree"
"4539",15,"small Eucalyptus microcorys",0.833292643229167,"train","BirdTree"
"4540",15,"small Non-euc",0.50713478071537,"train","BirdTree"
"4541",16,"large Eucalyptus pilularis",0.555694580078125,"train","BirdTree"
"4542",16,"large Syncarpia glomulifera subsp glabra",0.740858811598558,"train","BirdTree"
"4543",16,"small Eucalyptus microcorys",0.733500162760417,"train","BirdTree"
"4544",16,"small Non-euc",0.5091388357133,"train","BirdTree"
"4545",17,"large Eucalyptus pilularis",0.564796447753906,"train","BirdTree"
"4546",17,"large Syncarpia glomulifera subsp glabra",0.701251690204327,"train","BirdTree"
"4547",17,"small Eucalyptus microcorys",0.711130777994792,"train","BirdTree"
"4548",17,"small Non-euc",0.51709900576021,"train","BirdTree"
"4549",18,"large Eucalyptus pilularis",0.581816537039621,"train","BirdTree"
"4550",18,"large Syncarpia glomulifera subsp glabra",0.757789024939904,"train","BirdTree"
"4551",18,"small Eucalyptus microcorys",0.7979736328125,"train","BirdTree"
"4552",18,"small Non-euc",0.515010202167839,"train","BirdTree"
"4553",19,"large Eucalyptus pilularis",0.581326075962612,"train","BirdTree"
"4554",19,"large Syncarpia glomulifera subsp glabra",0.709125225360577,"train","BirdTree"
"4555",19,"small Eucalyptus microcorys",0.774424235026042,"train","BirdTree"
"4556",19,"small Non-euc",0.51608417839404,"train","BirdTree"
"4557",20,"large Eucalyptus pilularis",0.587867736816406,"train","BirdTree"
"4558",20,"large Syncarpia glomulifera subsp glabra",0.682504507211538,"train","BirdTree"
"4559",20,"small Eucalyptus microcorys",0.699615478515625,"train","BirdTree"
"4560",20,"small Non-euc",0.518244391771868,"train","BirdTree"
"4561",1,"large Eucalyptus pilularis",0.4868896484375,"test","BirdTree"
"4562",1,"large Syncarpia glomulifera subsp glabra",0.545391845703125,"test","BirdTree"
"4563",1,"small Eucalyptus microcorys",0.43543701171875,"test","BirdTree"
"4564",1,"small Non-euc",0.483404541015625,"test","BirdTree"
"4565",2,"large Eucalyptus pilularis",0.51312255859375,"test","BirdTree"
"4566",2,"large Syncarpia glomulifera subsp glabra",0.4846435546875,"test","BirdTree"
"4567",2,"small Eucalyptus microcorys",0.830206298828125,"test","BirdTree"
"4568",2,"small Non-euc",0.376031494140625,"test","BirdTree"
"4569",3,"large Eucalyptus pilularis",0.506549072265625,"test","BirdTree"
"4570",3,"large Syncarpia glomulifera subsp glabra",0.55699462890625,"test","BirdTree"
"4571",3,"small Eucalyptus microcorys",0.634356689453125,"test","BirdTree"
"4572",3,"small Non-euc",0.353814697265625,"test","BirdTree"
"4573",4,"large Eucalyptus pilularis",0.2533203125,"test","BirdTree"
"4574",4,"large Syncarpia glomulifera subsp glabra",0.532763671875,"test","BirdTree"
"4575",4,"small Eucalyptus microcorys",0.8199951171875,"test","BirdTree"
"4576",4,"small Non-euc",0.56197509765625,"test","BirdTree"
"4577",5,"large Eucalyptus pilularis",0.42149658203125,"test","BirdTree"
"4578",5,"large Syncarpia glomulifera subsp glabra",0.54107666015625,"test","BirdTree"
"4579",5,"small Eucalyptus microcorys",0.700164794921875,"test","BirdTree"
"4580",5,"small Non-euc",0.442266845703125,"test","BirdTree"
"4581",6,"large Eucalyptus pilularis",0.433612060546875,"test","BirdTree"
"4582",6,"large Syncarpia glomulifera subsp glabra",0.440673828125,"test","BirdTree"
"4583",6,"small Eucalyptus microcorys",0.788165283203125,"test","BirdTree"
"4584",6,"small Non-euc",0.4843017578125,"test","BirdTree"
"4585",7,"large Eucalyptus pilularis",0.5605712890625,"test","BirdTree"
"4586",7,"large Syncarpia glomulifera subsp glabra",0.406829833984375,"test","BirdTree"
"4587",7,"small Eucalyptus microcorys",0.7601806640625,"test","BirdTree"
"4588",7,"small Non-euc",0.586663818359375,"test","BirdTree"
"4589",8,"large Eucalyptus pilularis",0.532275390625,"test","BirdTree"
"4590",8,"large Syncarpia glomulifera subsp glabra",0.614434814453125,"test","BirdTree"
"4591",8,"small Eucalyptus microcorys",0.767498779296875,"test","BirdTree"
"4592",8,"small Non-euc",0.302996826171875,"test","BirdTree"
"4593",9,"large Eucalyptus pilularis",0.45799560546875,"test","BirdTree"
"4594",9,"large Syncarpia glomulifera subsp glabra",0.656964111328125,"test","BirdTree"
"4595",9,"small Eucalyptus microcorys",0.66478271484375,"test","BirdTree"
"4596",9,"small Non-euc",0.44273681640625,"test","BirdTree"
"4597",10,"large Eucalyptus pilularis",0.4696044921875,"test","BirdTree"
"4598",10,"large Syncarpia glomulifera subsp glabra",0.59361572265625,"test","BirdTree"
"4599",10,"small Eucalyptus microcorys",0.590509033203125,"test","BirdTree"
"4600",10,"small Non-euc",0.452972412109375,"test","BirdTree"
"4601",11,"large Eucalyptus pilularis",0.497991943359375,"test","BirdTree"
"4602",11,"large Syncarpia glomulifera subsp glabra",0.655999755859375,"test","BirdTree"
"4603",11,"small Eucalyptus microcorys",0.760955810546875,"test","BirdTree"
"4604",11,"small Non-euc",0.481390380859375,"test","BirdTree"
"4605",12,"large Eucalyptus pilularis",0.4132568359375,"test","BirdTree"
"4606",12,"large Syncarpia glomulifera subsp glabra",0.59127197265625,"test","BirdTree"
"4607",12,"small Eucalyptus microcorys",0.652142333984375,"test","BirdTree"
"4608",12,"small Non-euc",0.43543701171875,"test","BirdTree"
"4609",13,"large Eucalyptus pilularis",0.4537109375,"test","BirdTree"
"4610",13,"large Syncarpia glomulifera subsp glabra",0.531719970703125,"test","BirdTree"
"4611",13,"small Eucalyptus microcorys",0.76622314453125,"test","BirdTree"
"4612",13,"small Non-euc",0.43890380859375,"test","BirdTree"
"4613",14,"large Eucalyptus pilularis",0.52572021484375,"test","BirdTree"
"4614",14,"large Syncarpia glomulifera subsp glabra",0.559423828125,"test","BirdTree"
"4615",14,"small Eucalyptus microcorys",0.823846435546875,"test","BirdTree"
"4616",14,"small Non-euc",0.471697998046875,"test","BirdTree"
"4617",15,"large Eucalyptus pilularis",0.390753173828125,"test","BirdTree"
"4618",15,"large Syncarpia glomulifera subsp glabra",0.53544921875,"test","BirdTree"
"4619",15,"small Eucalyptus microcorys",0.76090087890625,"test","BirdTree"
"4620",15,"small Non-euc",0.589190673828125,"test","BirdTree"
"4621",16,"large Eucalyptus pilularis",0.528125,"test","BirdTree"
"4622",16,"large Syncarpia glomulifera subsp glabra",0.571136474609375,"test","BirdTree"
"4623",16,"small Eucalyptus microcorys",0.823138427734375,"test","BirdTree"
"4624",16,"small Non-euc",0.509625244140625,"test","BirdTree"
"4625",17,"large Eucalyptus pilularis",0.44022216796875,"test","BirdTree"
"4626",17,"large Syncarpia glomulifera subsp glabra",0.475445556640625,"test","BirdTree"
"4627",17,"small Eucalyptus microcorys",0.84803466796875,"test","BirdTree"
"4628",17,"small Non-euc",0.415106201171875,"test","BirdTree"
"4629",18,"large Eucalyptus pilularis",0.422894287109375,"test","BirdTree"
"4630",18,"large Syncarpia glomulifera subsp glabra",0.537432861328125,"test","BirdTree"
"4631",18,"small Eucalyptus microcorys",0.699652099609375,"test","BirdTree"
"4632",18,"small Non-euc",0.55081787109375,"test","BirdTree"
"4633",19,"large Eucalyptus pilularis",0.446356201171875,"test","BirdTree"
"4634",19,"large Syncarpia glomulifera subsp glabra",0.384197998046875,"test","BirdTree"
"4635",19,"small Eucalyptus microcorys",0.839520263671875,"test","BirdTree"
"4636",19,"small Non-euc",0.55504150390625,"test","BirdTree"
"4637",20,"large Eucalyptus pilularis",0.4411376953125,"test","BirdTree"
"4638",20,"large Syncarpia glomulifera subsp glabra",0.5649658203125,"test","BirdTree"
"4639",20,"small Eucalyptus microcorys",0.815875244140625,"test","BirdTree"
"4640",20,"small Non-euc",0.462774658203125,"test","BirdTree"
"4641",1,"large Eucalyptus microcorys",0.56553955078125,"train","Lorne"
"4642",1,"large Eucalyptus pilularis",0.644816080729167,"train","Lorne"
"4643",1,"small Eucalyptus microcorys",0.657906087239583,"train","Lorne"
"4644",1,"small Non-euc",0.557945449117552,"train","Lorne"
"4645",2,"large Eucalyptus microcorys",0.536590576171875,"train","Lorne"
"4646",2,"large Eucalyptus pilularis",0.63623951099537,"train","Lorne"
"4647",2,"small Eucalyptus microcorys",0.649251980251736,"train","Lorne"
"4648",2,"small Non-euc",0.571998714783031,"train","Lorne"
"4649",3,"large Eucalyptus microcorys",0.645977783203125,"train","Lorne"
"4650",3,"large Eucalyptus pilularis",0.672632288049768,"train","Lorne"
"4651",3,"small Eucalyptus microcorys",0.647972276475694,"train","Lorne"
"4652",3,"small Non-euc",0.558889754695596,"train","Lorne"
"4653",4,"large Eucalyptus microcorys",0.6774169921875,"train","Lorne"
"4654",4,"large Eucalyptus pilularis",0.622287326388889,"train","Lorne"
"4655",4,"small Eucalyptus microcorys",0.650324842664931,"train","Lorne"
"4656",4,"small Non-euc",0.554647020725389,"train","Lorne"
"4657",5,"large Eucalyptus microcorys",0.622998046875,"train","Lorne"
"4658",5,"large Eucalyptus pilularis",0.665913899739583,"train","Lorne"
"4659",5,"small Eucalyptus microcorys",0.646145290798611,"train","Lorne"
"4660",5,"small Non-euc",0.561588267588245,"train","Lorne"
"4661",6,"large Eucalyptus microcorys",0.666998291015625,"train","Lorne"
"4662",6,"large Eucalyptus pilularis",0.626091851128472,"train","Lorne"
"4663",6,"small Eucalyptus microcorys",0.635311550564236,"train","Lorne"
"4664",6,"small Non-euc",0.559505482411755,"train","Lorne"
"4665",7,"large Eucalyptus microcorys",0.514898681640625,"train","Lorne"
"4666",7,"large Eucalyptus pilularis",0.594204372829861,"train","Lorne"
"4667",7,"small Eucalyptus microcorys",0.631575520833333,"train","Lorne"
"4668",7,"small Non-euc",0.560111406553595,"train","Lorne"
"4669",8,"large Eucalyptus microcorys",0.633746337890625,"train","Lorne"
"4670",8,"large Eucalyptus pilularis",0.592120135271991,"train","Lorne"
"4671",8,"small Eucalyptus microcorys",0.643429904513889,"train","Lorne"
"4672",8,"small Non-euc",0.561638550437176,"train","Lorne"
"4673",9,"large Eucalyptus microcorys",0.68082275390625,"train","Lorne"
"4674",9,"large Eucalyptus pilularis",0.641884132667824,"train","Lorne"
"4675",9,"small Eucalyptus microcorys",0.64482421875,"train","Lorne"
"4676",9,"small Non-euc",0.564590058796146,"train","Lorne"
"4677",10,"large Eucalyptus microcorys",0.631103515625,"train","Lorne"
"4678",10,"large Eucalyptus pilularis",0.632532190393518,"train","Lorne"
"4679",10,"small Eucalyptus microcorys",0.639500596788194,"train","Lorne"
"4680",10,"small Non-euc",0.55646732310557,"train","Lorne"
"4681",11,"large Eucalyptus microcorys",0.666973876953125,"train","Lorne"
"4682",11,"large Eucalyptus pilularis",0.637401439525463,"train","Lorne"
"4683",11,"small Eucalyptus microcorys",0.653739420572917,"train","Lorne"
"4684",11,"small Non-euc",0.563024016859618,"train","Lorne"
"4685",12,"large Eucalyptus microcorys",0.720654296875,"train","Lorne"
"4686",12,"large Eucalyptus pilularis",0.685863353587963,"train","Lorne"
"4687",12,"small Eucalyptus microcorys",0.632149251302083,"train","Lorne"
"4688",12,"small Non-euc",0.563594521636172,"train","Lorne"
"4689",13,"large Eucalyptus microcorys",0.60025634765625,"train","Lorne"
"4690",13,"large Eucalyptus pilularis",0.656001338252315,"train","Lorne"
"4691",13,"small Eucalyptus microcorys",0.657413058810764,"train","Lorne"
"4692",13,"small Non-euc",0.562023419790317,"train","Lorne"
"4693",14,"large Eucalyptus microcorys",0.6083984375,"train","Lorne"
"4694",14,"large Eucalyptus pilularis",0.598727756076389,"train","Lorne"
"4695",14,"small Eucalyptus microcorys",0.662927924262153,"train","Lorne"
"4696",14,"small Non-euc",0.558570980408031,"train","Lorne"
"4697",15,"large Eucalyptus microcorys",0.599359130859375,"train","Lorne"
"4698",15,"large Eucalyptus pilularis",0.619891131365741,"train","Lorne"
"4699",15,"small Eucalyptus microcorys",0.666105821397569,"train","Lorne"
"4700",15,"small Non-euc",0.567844845470369,"train","Lorne"
"4701",16,"large Eucalyptus microcorys",0.64058837890625,"train","Lorne"
"4702",16,"large Eucalyptus pilularis",0.643853081597222,"train","Lorne"
"4703",16,"small Eucalyptus microcorys",0.643873426649306,"train","Lorne"
"4704",16,"small Non-euc",0.560201536188471,"train","Lorne"
"4705",17,"large Eucalyptus microcorys",0.57508544921875,"train","Lorne"
"4706",17,"large Eucalyptus pilularis",0.661453812210648,"train","Lorne"
"4707",17,"small Eucalyptus microcorys",0.642262776692708,"train","Lorne"
"4708",17,"small Non-euc",0.559165519753886,"train","Lorne"
"4709",18,"large Eucalyptus microcorys",0.6668212890625,"train","Lorne"
"4710",18,"large Eucalyptus pilularis",0.654328522858796,"train","Lorne"
"4711",18,"small Eucalyptus microcorys",0.642081705729167,"train","Lorne"
"4712",18,"small Non-euc",0.558545997105732,"train","Lorne"
"4713",19,"large Eucalyptus microcorys",0.675103759765625,"train","Lorne"
"4714",19,"large Eucalyptus pilularis",0.69854736328125,"train","Lorne"
"4715",19,"small Eucalyptus microcorys",0.657628038194444,"train","Lorne"
"4716",19,"small Non-euc",0.56688694138601,"train","Lorne"
"4717",20,"large Eucalyptus microcorys",0.550390625,"train","Lorne"
"4718",20,"large Eucalyptus pilularis",0.578276457609954,"train","Lorne"
"4719",20,"small Eucalyptus microcorys",0.653354899088542,"train","Lorne"
"4720",20,"small Non-euc",0.556055572984132,"train","Lorne"
"4721",1,"large Eucalyptus microcorys",0.626422119140625,"test","Lorne"
"4722",1,"large Eucalyptus pilularis",0.491253662109375,"test","Lorne"
"4723",1,"small Eucalyptus microcorys",0.5498779296875,"test","Lorne"
"4724",1,"small Non-euc",0.507464599609375,"test","Lorne"
"4725",2,"large Eucalyptus microcorys",0.6207275390625,"test","Lorne"
"4726",2,"large Eucalyptus pilularis",0.40272216796875,"test","Lorne"
"4727",2,"small Eucalyptus microcorys",0.679119873046875,"test","Lorne"
"4728",2,"small Non-euc",0.312286376953125,"test","Lorne"
"4729",3,"large Eucalyptus microcorys",0.617132568359375,"test","Lorne"
"4730",3,"large Eucalyptus pilularis",0.509130859375,"test","Lorne"
"4731",3,"small Eucalyptus microcorys",0.7328125,"test","Lorne"
"4732",3,"small Non-euc",0.398193359375,"test","Lorne"
"4733",4,"large Eucalyptus microcorys",0.479522705078125,"test","Lorne"
"4734",4,"large Eucalyptus pilularis",0.4626220703125,"test","Lorne"
"4735",4,"small Eucalyptus microcorys",0.6420166015625,"test","Lorne"
"4736",4,"small Non-euc",0.522747802734375,"test","Lorne"
"4737",5,"large Eucalyptus microcorys",0.585205078125,"test","Lorne"
"4738",5,"large Eucalyptus pilularis",0.441748046875,"test","Lorne"
"4739",5,"small Eucalyptus microcorys",0.704608154296875,"test","Lorne"
"4740",5,"small Non-euc",0.51414794921875,"test","Lorne"
"4741",6,"large Eucalyptus microcorys",0.591009521484375,"test","Lorne"
"4742",6,"large Eucalyptus pilularis",0.36888427734375,"test","Lorne"
"4743",6,"small Eucalyptus microcorys",0.665771484375,"test","Lorne"
"4744",6,"small Non-euc",0.54921875,"test","Lorne"
"4745",7,"large Eucalyptus microcorys",0.715753173828125,"test","Lorne"
"4746",7,"large Eucalyptus pilularis",0.630218505859375,"test","Lorne"
"4747",7,"small Eucalyptus microcorys",0.711627197265625,"test","Lorne"
"4748",7,"small Non-euc",0.500994873046875,"test","Lorne"
"4749",8,"large Eucalyptus microcorys",0.588128662109375,"test","Lorne"
"4750",8,"large Eucalyptus pilularis",0.502789306640625,"test","Lorne"
"4751",8,"small Eucalyptus microcorys",0.758282470703125,"test","Lorne"
"4752",8,"small Non-euc",0.565118408203125,"test","Lorne"
"4753",9,"large Eucalyptus microcorys",0.5434814453125,"test","Lorne"
"4754",9,"large Eucalyptus pilularis",0.510894775390625,"test","Lorne"
"4755",9,"small Eucalyptus microcorys",0.67020263671875,"test","Lorne"
"4756",9,"small Non-euc",0.47667236328125,"test","Lorne"
"4757",10,"large Eucalyptus microcorys",0.530072021484375,"test","Lorne"
"4758",10,"large Eucalyptus pilularis",0.45118408203125,"test","Lorne"
"4759",10,"small Eucalyptus microcorys",0.559442138671875,"test","Lorne"
"4760",10,"small Non-euc",0.40426025390625,"test","Lorne"
"4761",11,"large Eucalyptus microcorys",0.593463134765625,"test","Lorne"
"4762",11,"large Eucalyptus pilularis",0.428173828125,"test","Lorne"
"4763",11,"small Eucalyptus microcorys",0.631707763671875,"test","Lorne"
"4764",11,"small Non-euc",0.484503173828125,"test","Lorne"
"4765",12,"large Eucalyptus microcorys",0.452825927734375,"test","Lorne"
"4766",12,"large Eucalyptus pilularis",0.437353515625,"test","Lorne"
"4767",12,"small Eucalyptus microcorys",0.737506103515625,"test","Lorne"
"4768",12,"small Non-euc",0.48800048828125,"test","Lorne"
"4769",13,"large Eucalyptus microcorys",0.62418212890625,"test","Lorne"
"4770",13,"large Eucalyptus pilularis",0.548736572265625,"test","Lorne"
"4771",13,"small Eucalyptus microcorys",0.630078125,"test","Lorne"
"4772",13,"small Non-euc",0.54342041015625,"test","Lorne"
"4773",14,"large Eucalyptus microcorys",0.575628662109375,"test","Lorne"
"4774",14,"large Eucalyptus pilularis",0.390692138671875,"test","Lorne"
"4775",14,"small Eucalyptus microcorys",0.52161865234375,"test","Lorne"
"4776",14,"small Non-euc",0.519549560546875,"test","Lorne"
"4777",15,"large Eucalyptus microcorys",0.58553466796875,"test","Lorne"
"4778",15,"large Eucalyptus pilularis",0.62987060546875,"test","Lorne"
"4779",15,"small Eucalyptus microcorys",0.483026123046875,"test","Lorne"
"4780",15,"small Non-euc",0.423712158203125,"test","Lorne"
"4781",16,"large Eucalyptus microcorys",0.540069580078125,"test","Lorne"
"4782",16,"large Eucalyptus pilularis",0.55836181640625,"test","Lorne"
"4783",16,"small Eucalyptus microcorys",0.678912353515625,"test","Lorne"
"4784",16,"small Non-euc",0.51007080078125,"test","Lorne"
"4785",17,"large Eucalyptus microcorys",0.616131591796875,"test","Lorne"
"4786",17,"large Eucalyptus pilularis",0.477581787109375,"test","Lorne"
"4787",17,"small Eucalyptus microcorys",0.717333984375,"test","Lorne"
"4788",17,"small Non-euc",0.560699462890625,"test","Lorne"
"4789",18,"large Eucalyptus microcorys",0.479229736328125,"test","Lorne"
"4790",18,"large Eucalyptus pilularis",0.543585205078125,"test","Lorne"
"4791",18,"small Eucalyptus microcorys",0.664752197265625,"test","Lorne"
"4792",18,"small Non-euc",0.5328369140625,"test","Lorne"
"4793",19,"large Eucalyptus microcorys",0.470440673828125,"test","Lorne"
"4794",19,"large Eucalyptus pilularis",0.355535888671875,"test","Lorne"
"4795",19,"small Eucalyptus microcorys",0.70648193359375,"test","Lorne"
"4796",19,"small Non-euc",0.456976318359375,"test","Lorne"
"4797",20,"large Eucalyptus microcorys",0.661163330078125,"test","Lorne"
"4798",20,"large Eucalyptus pilularis",0.543182373046875,"test","Lorne"
"4799",20,"small Eucalyptus microcorys",0.649786376953125,"test","Lorne"
"4800",20,"small Non-euc",0.567510986328125,"test","Lorne"
"4801",1,"large Eucalyptus grandis",0.603798828125,"train","Koombooloomba"
"4802",1,"small Eucalyptus grandis",0.709906005859375,"train","Koombooloomba"
"4803",1,"small Non-euc",0.571694007286659,"train","Koombooloomba"
"4804",1,"small Syncarpia glomulifera",0.8010009765625,"train","Koombooloomba"
"4805",2,"large Eucalyptus grandis",0.6338525390625,"train","Koombooloomba"
"4806",2,"small Eucalyptus grandis",0.703341674804687,"train","Koombooloomba"
"4807",2,"small Non-euc",0.563988084059495,"train","Koombooloomba"
"4808",2,"small Syncarpia glomulifera",0.86783447265625,"train","Koombooloomba"
"4809",3,"large Eucalyptus grandis",0.643837890625,"train","Koombooloomba"
"4810",3,"small Eucalyptus grandis",0.7214599609375,"train","Koombooloomba"
"4811",3,"small Non-euc",0.568824650691106,"train","Koombooloomba"
"4812",3,"small Syncarpia glomulifera",0.882598876953125,"train","Koombooloomba"
"4813",4,"large Eucalyptus grandis",0.607333984375,"train","Koombooloomba"
"4814",4,"small Eucalyptus grandis",0.664599609375,"train","Koombooloomba"
"4815",4,"small Non-euc",0.565099862905649,"train","Koombooloomba"
"4816",4,"small Syncarpia glomulifera",0.882366943359375,"train","Koombooloomba"
"4817",5,"large Eucalyptus grandis",0.6441455078125,"train","Koombooloomba"
"4818",5,"small Eucalyptus grandis",0.7109375,"train","Koombooloomba"
"4819",5,"small Non-euc",0.567740572415865,"train","Koombooloomba"
"4820",5,"small Syncarpia glomulifera",0.882708740234375,"train","Koombooloomba"
"4821",6,"large Eucalyptus grandis",0.6177490234375,"train","Koombooloomba"
"4822",6,"small Eucalyptus grandis",0.649295043945312,"train","Koombooloomba"
"4823",6,"small Non-euc",0.565943556565505,"train","Koombooloomba"
"4824",6,"small Syncarpia glomulifera",0.86392822265625,"train","Koombooloomba"
"4825",7,"large Eucalyptus grandis",0.5889794921875,"train","Koombooloomba"
"4826",7,"small Eucalyptus grandis",0.693414306640625,"train","Koombooloomba"
"4827",7,"small Non-euc",0.564501953125,"train","Koombooloomba"
"4828",7,"small Syncarpia glomulifera",0.83193359375,"train","Koombooloomba"
"4829",8,"large Eucalyptus grandis",0.64572265625,"train","Koombooloomba"
"4830",8,"small Eucalyptus grandis",0.667095947265625,"train","Koombooloomba"
"4831",8,"small Non-euc",0.564639986478365,"train","Koombooloomba"
"4832",8,"small Syncarpia glomulifera",0.9247802734375,"train","Koombooloomba"
"4833",9,"large Eucalyptus grandis",0.63991455078125,"train","Koombooloomba"
"4834",9,"small Eucalyptus grandis",0.722787475585937,"train","Koombooloomba"
"4835",9,"small Non-euc",0.564979905348558,"train","Koombooloomba"
"4836",9,"small Syncarpia glomulifera",0.866015625,"train","Koombooloomba"
"4837",10,"large Eucalyptus grandis",0.64728515625,"train","Koombooloomba"
"4838",10,"small Eucalyptus grandis",0.7043212890625,"train","Koombooloomba"
"4839",10,"small Non-euc",0.566678795447716,"train","Koombooloomba"
"4840",10,"small Syncarpia glomulifera",0.8565673828125,"train","Koombooloomba"
"4841",11,"large Eucalyptus grandis",0.5855908203125,"train","Koombooloomba"
"4842",11,"small Eucalyptus grandis",0.682864379882812,"train","Koombooloomba"
"4843",11,"small Non-euc",0.560624577448918,"train","Koombooloomba"
"4844",11,"small Syncarpia glomulifera",0.809320068359375,"train","Koombooloomba"
"4845",12,"large Eucalyptus grandis",0.61510009765625,"train","Koombooloomba"
"4846",12,"small Eucalyptus grandis",0.679110717773437,"train","Koombooloomba"
"4847",12,"small Non-euc",0.567130690354567,"train","Koombooloomba"
"4848",12,"small Syncarpia glomulifera",0.839971923828125,"train","Koombooloomba"
"4849",13,"large Eucalyptus grandis",0.64118896484375,"train","Koombooloomba"
"4850",13,"small Eucalyptus grandis",0.683416748046875,"train","Koombooloomba"
"4851",13,"small Non-euc",0.570635986328125,"train","Koombooloomba"
"4852",13,"small Syncarpia glomulifera",0.79486083984375,"train","Koombooloomba"
"4853",14,"large Eucalyptus grandis",0.64990966796875,"train","Koombooloomba"
"4854",14,"small Eucalyptus grandis",0.710665893554687,"train","Koombooloomba"
"4855",14,"small Non-euc",0.564913705679086,"train","Koombooloomba"
"4856",14,"small Syncarpia glomulifera",0.918109130859375,"train","Koombooloomba"
"4857",15,"large Eucalyptus grandis",0.63205810546875,"train","Koombooloomba"
"4858",15,"small Eucalyptus grandis",0.69603271484375,"train","Koombooloomba"
"4859",15,"small Non-euc",0.563671405498798,"train","Koombooloomba"
"4860",15,"small Syncarpia glomulifera",0.7337646484375,"train","Koombooloomba"
"4861",16,"large Eucalyptus grandis",0.6538671875,"train","Koombooloomba"
"4862",16,"small Eucalyptus grandis",0.637835693359375,"train","Koombooloomba"
"4863",16,"small Non-euc",0.575690166766827,"train","Koombooloomba"
"4864",16,"small Syncarpia glomulifera",0.807080078125,"train","Koombooloomba"
"4865",17,"large Eucalyptus grandis",0.60591552734375,"train","Koombooloomba"
"4866",17,"small Eucalyptus grandis",0.66732177734375,"train","Koombooloomba"
"4867",17,"small Non-euc",0.569877272385817,"train","Koombooloomba"
"4868",17,"small Syncarpia glomulifera",0.805059814453125,"train","Koombooloomba"
"4869",18,"large Eucalyptus grandis",0.6166796875,"train","Koombooloomba"
"4870",18,"small Eucalyptus grandis",0.676519775390625,"train","Koombooloomba"
"4871",18,"small Non-euc",0.564801025390625,"train","Koombooloomba"
"4872",18,"small Syncarpia glomulifera",0.73980712890625,"train","Koombooloomba"
"4873",19,"large Eucalyptus grandis",0.63481689453125,"train","Koombooloomba"
"4874",19,"small Eucalyptus grandis",0.618441772460937,"train","Koombooloomba"
"4875",19,"small Non-euc",0.562879356971154,"train","Koombooloomba"
"4876",19,"small Syncarpia glomulifera",0.87313232421875,"train","Koombooloomba"
"4877",20,"large Eucalyptus grandis",0.57624267578125,"train","Koombooloomba"
"4878",20,"small Eucalyptus grandis",0.696652221679688,"train","Koombooloomba"
"4879",20,"small Non-euc",0.573215895432692,"train","Koombooloomba"
"4880",20,"small Syncarpia glomulifera",0.899945068359375,"train","Koombooloomba"
"4881",1,"large Eucalyptus grandis",0.595318603515625,"test","Koombooloomba"
"4882",1,"small Eucalyptus grandis",0.74854736328125,"test","Koombooloomba"
"4883",1,"small Non-euc",0.604376220703125,"test","Koombooloomba"
"4884",1,"small Syncarpia glomulifera",0.828375244140625,"test","Koombooloomba"
"4885",2,"large Eucalyptus grandis",0.5602294921875,"test","Koombooloomba"
"4886",2,"small Eucalyptus grandis",0.746435546875,"test","Koombooloomba"
"4887",2,"small Non-euc",0.829888916015625,"test","Koombooloomba"
"4888",2,"small Syncarpia glomulifera",0.7719970703125,"test","Koombooloomba"
"4889",3,"large Eucalyptus grandis",0.577001953125,"test","Koombooloomba"
"4890",3,"small Eucalyptus grandis",0.75157470703125,"test","Koombooloomba"
"4891",3,"small Non-euc",0.6067626953125,"test","Koombooloomba"
"4892",3,"small Syncarpia glomulifera",0.737921142578125,"test","Koombooloomba"
"4893",4,"large Eucalyptus grandis",0.63636474609375,"test","Koombooloomba"
"4894",4,"small Eucalyptus grandis",0.75458984375,"test","Koombooloomba"
"4895",4,"small Non-euc",0.518023681640625,"test","Koombooloomba"
"4896",4,"small Syncarpia glomulifera",0.766705322265625,"test","Koombooloomba"
"4897",5,"large Eucalyptus grandis",0.49775390625,"test","Koombooloomba"
"4898",5,"small Eucalyptus grandis",0.75,"test","Koombooloomba"
"4899",5,"small Non-euc",0.68133544921875,"test","Koombooloomba"
"4900",5,"small Syncarpia glomulifera",0.7095458984375,"test","Koombooloomba"
"4901",6,"large Eucalyptus grandis",0.638250732421875,"test","Koombooloomba"
"4902",6,"small Eucalyptus grandis",0.90069580078125,"test","Koombooloomba"
"4903",6,"small Non-euc",0.640289306640625,"test","Koombooloomba"
"4904",6,"small Syncarpia glomulifera",0.77767333984375,"test","Koombooloomba"
"4905",7,"large Eucalyptus grandis",0.7090576171875,"test","Koombooloomba"
"4906",7,"small Eucalyptus grandis",0.793402099609375,"test","Koombooloomba"
"4907",7,"small Non-euc",0.7408935546875,"test","Koombooloomba"
"4908",7,"small Syncarpia glomulifera",0.758868408203125,"test","Koombooloomba"
"4909",8,"large Eucalyptus grandis",0.508111572265625,"test","Koombooloomba"
"4910",8,"small Eucalyptus grandis",0.872857666015625,"test","Koombooloomba"
"4911",8,"small Non-euc",0.730517578125,"test","Koombooloomba"
"4912",8,"small Syncarpia glomulifera",0.7458740234375,"test","Koombooloomba"
"4913",9,"large Eucalyptus grandis",0.555657958984375,"test","Koombooloomba"
"4914",9,"small Eucalyptus grandis",0.7544677734375,"test","Koombooloomba"
"4915",9,"small Non-euc",0.6851806640625,"test","Koombooloomba"
"4916",9,"small Syncarpia glomulifera",0.62296142578125,"test","Koombooloomba"
"4917",10,"large Eucalyptus grandis",0.620086669921875,"test","Koombooloomba"
"4918",10,"small Eucalyptus grandis",0.74029541015625,"test","Koombooloomba"
"4919",10,"small Non-euc",0.520599365234375,"test","Koombooloomba"
"4920",10,"small Syncarpia glomulifera",0.565625,"test","Koombooloomba"
"4921",11,"large Eucalyptus grandis",0.615673828125,"test","Koombooloomba"
"4922",11,"small Eucalyptus grandis",0.777056884765625,"test","Koombooloomba"
"4923",11,"small Non-euc",0.56937255859375,"test","Koombooloomba"
"4924",11,"small Syncarpia glomulifera",0.714410400390625,"test","Koombooloomba"
"4925",12,"large Eucalyptus grandis",0.586785888671875,"test","Koombooloomba"
"4926",12,"small Eucalyptus grandis",0.850286865234375,"test","Koombooloomba"
"4927",12,"small Non-euc",0.659130859375,"test","Koombooloomba"
"4928",12,"small Syncarpia glomulifera",0.64931640625,"test","Koombooloomba"
"4929",13,"large Eucalyptus grandis",0.54031982421875,"test","Koombooloomba"
"4930",13,"small Eucalyptus grandis",0.829461669921875,"test","Koombooloomba"
"4931",13,"small Non-euc",0.678448486328125,"test","Koombooloomba"
"4932",13,"small Syncarpia glomulifera",0.760113525390625,"test","Koombooloomba"
"4933",14,"large Eucalyptus grandis",0.586651611328125,"test","Koombooloomba"
"4934",14,"small Eucalyptus grandis",0.73016357421875,"test","Koombooloomba"
"4935",14,"small Non-euc",0.7599365234375,"test","Koombooloomba"
"4936",14,"small Syncarpia glomulifera",0.730413818359375,"test","Koombooloomba"
"4937",15,"large Eucalyptus grandis",0.4552490234375,"test","Koombooloomba"
"4938",15,"small Eucalyptus grandis",0.75162353515625,"test","Koombooloomba"
"4939",15,"small Non-euc",0.51064453125,"test","Koombooloomba"
"4940",15,"small Syncarpia glomulifera",0.519781494140625,"test","Koombooloomba"
"4941",16,"large Eucalyptus grandis",0.4895263671875,"test","Koombooloomba"
"4942",16,"small Eucalyptus grandis",0.880487060546875,"test","Koombooloomba"
"4943",16,"small Non-euc",0.477325439453125,"test","Koombooloomba"
"4944",16,"small Syncarpia glomulifera",0.827880859375,"test","Koombooloomba"
"4945",17,"large Eucalyptus grandis",0.59749755859375,"test","Koombooloomba"
"4946",17,"small Eucalyptus grandis",0.792266845703125,"test","Koombooloomba"
"4947",17,"small Non-euc",0.634881591796875,"test","Koombooloomba"
"4948",17,"small Syncarpia glomulifera",0.764471435546875,"test","Koombooloomba"
"4949",18,"large Eucalyptus grandis",0.498992919921875,"test","Koombooloomba"
"4950",18,"small Eucalyptus grandis",0.83099365234375,"test","Koombooloomba"
"4951",18,"small Non-euc",0.71798095703125,"test","Koombooloomba"
"4952",18,"small Syncarpia glomulifera",0.67083740234375,"test","Koombooloomba"
"4953",19,"large Eucalyptus grandis",0.551629638671875,"test","Koombooloomba"
"4954",19,"small Eucalyptus grandis",0.928631591796875,"test","Koombooloomba"
"4955",19,"small Non-euc",0.63336181640625,"test","Koombooloomba"
"4956",19,"small Syncarpia glomulifera",0.733746337890625,"test","Koombooloomba"
"4957",20,"large Eucalyptus grandis",0.56492919921875,"test","Koombooloomba"
"4958",20,"small Eucalyptus grandis",0.744390869140625,"test","Koombooloomba"
"4959",20,"small Non-euc",0.632464599609375,"test","Koombooloomba"
"4960",20,"small Syncarpia glomulifera",0.618939208984375,"test","Koombooloomba"
"4961",1,"large Eucalyptus grandis",0.6456591796875,"train","Baldy"
"4962",1,"small Corymbia intermedia",0.733051500822368,"train","Baldy"
"4963",1,"small Eucalyptus grandis",0.566141764322917,"train","Baldy"
"4964",1,"small Non-euc",0.654839324951172,"train","Baldy"
"4965",2,"large Eucalyptus grandis",0.6352001953125,"train","Baldy"
"4966",2,"small Corymbia intermedia",0.682026110197368,"train","Baldy"
"4967",2,"small Eucalyptus grandis",0.573286946614583,"train","Baldy"
"4968",2,"small Non-euc",0.663050842285156,"train","Baldy"
"4969",3,"large Eucalyptus grandis",0.635419921875,"train","Baldy"
"4970",3,"small Corymbia intermedia",0.667721396998355,"train","Baldy"
"4971",3,"small Eucalyptus grandis",0.649296061197917,"train","Baldy"
"4972",3,"small Non-euc",0.650088500976562,"train","Baldy"
"4973",4,"large Eucalyptus grandis",0.63484130859375,"train","Baldy"
"4974",4,"small Corymbia intermedia",0.632218210320724,"train","Baldy"
"4975",4,"small Eucalyptus grandis",0.596940104166667,"train","Baldy"
"4976",4,"small Non-euc",0.660848236083984,"train","Baldy"
"4977",5,"large Eucalyptus grandis",0.66042236328125,"train","Baldy"
"4978",5,"small Corymbia intermedia",0.649529708059211,"train","Baldy"
"4979",5,"small Eucalyptus grandis",0.590498860677083,"train","Baldy"
"4980",5,"small Non-euc",0.665248107910156,"train","Baldy"
"4981",6,"large Eucalyptus grandis",0.6324365234375,"train","Baldy"
"4982",6,"small Corymbia intermedia",0.690445749383224,"train","Baldy"
"4983",6,"small Eucalyptus grandis",0.588077799479167,"train","Baldy"
"4984",6,"small Non-euc",0.655387878417969,"train","Baldy"
"4985",7,"large Eucalyptus grandis",0.61902587890625,"train","Baldy"
"4986",7,"small Corymbia intermedia",0.724554764597039,"train","Baldy"
"4987",7,"small Eucalyptus grandis",0.648006184895833,"train","Baldy"
"4988",7,"small Non-euc",0.656160736083984,"train","Baldy"
"4989",8,"large Eucalyptus grandis",0.64340087890625,"train","Baldy"
"4990",8,"small Corymbia intermedia",0.657075580797697,"train","Baldy"
"4991",8,"small Eucalyptus grandis",0.533723958333333,"train","Baldy"
"4992",8,"small Non-euc",0.661593627929687,"train","Baldy"
"4993",9,"large Eucalyptus grandis",0.66095703125,"train","Baldy"
"4994",9,"small Corymbia intermedia",0.569075734991776,"train","Baldy"
"4995",9,"small Eucalyptus grandis",0.597737630208333,"train","Baldy"
"4996",9,"small Non-euc",0.643868255615234,"train","Baldy"
"4997",10,"large Eucalyptus grandis",0.6355224609375,"train","Baldy"
"4998",10,"small Corymbia intermedia",0.601886950041118,"train","Baldy"
"4999",10,"small Eucalyptus grandis",0.6041259765625,"train","Baldy"
"5000",10,"small Non-euc",0.640459442138672,"train","Baldy"
"5001",11,"large Eucalyptus grandis",0.64372314453125,"train","Baldy"
"5002",11,"small Corymbia intermedia",0.718203895970395,"train","Baldy"
"5003",11,"small Eucalyptus grandis",0.6026611328125,"train","Baldy"
"5004",11,"small Non-euc",0.653530883789063,"train","Baldy"
"5005",12,"large Eucalyptus grandis",0.6397705078125,"train","Baldy"
"5006",12,"small Corymbia intermedia",0.681055972450658,"train","Baldy"
"5007",12,"small Eucalyptus grandis",0.555570475260417,"train","Baldy"
"5008",12,"small Non-euc",0.650709533691406,"train","Baldy"
"5009",13,"large Eucalyptus grandis",0.654853515625,"train","Baldy"
"5010",13,"small Corymbia intermedia",0.614177503083882,"train","Baldy"
"5011",13,"small Eucalyptus grandis",0.59320068359375,"train","Baldy"
"5012",13,"small Non-euc",0.655316162109375,"train","Baldy"
"5013",14,"large Eucalyptus grandis",0.64123291015625,"train","Baldy"
"5014",14,"small Corymbia intermedia",0.63812255859375,"train","Baldy"
"5015",14,"small Eucalyptus grandis",0.59534912109375,"train","Baldy"
"5016",14,"small Non-euc",0.652973937988281,"train","Baldy"
"5017",15,"large Eucalyptus grandis",0.6545458984375,"train","Baldy"
"5018",15,"small Corymbia intermedia",0.633159436677632,"train","Baldy"
"5019",15,"small Eucalyptus grandis",0.624442545572917,"train","Baldy"
"5020",15,"small Non-euc",0.666883087158203,"train","Baldy"
"5021",16,"large Eucalyptus grandis",0.63034423828125,"train","Baldy"
"5022",16,"small Corymbia intermedia",0.653394197162829,"train","Baldy"
"5023",16,"small Eucalyptus grandis",0.654536946614583,"train","Baldy"
"5024",16,"small Non-euc",0.649700927734375,"train","Baldy"
"5025",17,"large Eucalyptus grandis",0.62776123046875,"train","Baldy"
"5026",17,"small Corymbia intermedia",0.635613692434211,"train","Baldy"
"5027",17,"small Eucalyptus grandis",0.59957275390625,"train","Baldy"
"5028",17,"small Non-euc",0.645135498046875,"train","Baldy"
"5029",18,"large Eucalyptus grandis",0.64023193359375,"train","Baldy"
"5030",18,"small Corymbia intermedia",0.693034924958882,"train","Baldy"
"5031",18,"small Eucalyptus grandis",0.595621744791667,"train","Baldy"
"5032",18,"small Non-euc",0.659442901611328,"train","Baldy"
"5033",19,"large Eucalyptus grandis",0.6622900390625,"train","Baldy"
"5034",19,"small Corymbia intermedia",0.656105443050987,"train","Baldy"
"5035",19,"small Eucalyptus grandis",0.64591064453125,"train","Baldy"
"5036",19,"small Non-euc",0.645470428466797,"train","Baldy"
"5037",20,"large Eucalyptus grandis",0.6073095703125,"train","Baldy"
"5038",20,"small Corymbia intermedia",0.69134521484375,"train","Baldy"
"5039",20,"small Eucalyptus grandis",0.676900227864583,"train","Baldy"
"5040",20,"small Non-euc",0.653219604492188,"train","Baldy"
"5041",1,"large Eucalyptus grandis",0.5047119140625,"test","Baldy"
"5042",1,"small Corymbia intermedia",0.44117431640625,"test","Baldy"
"5043",1,"small Eucalyptus grandis",0.491766357421875,"test","Baldy"
"5044",1,"small Non-euc",0.763494873046875,"test","Baldy"
"5045",2,"large Eucalyptus grandis",0.56346435546875,"test","Baldy"
"5046",2,"small Corymbia intermedia",0.552923583984375,"test","Baldy"
"5047",2,"small Eucalyptus grandis",0.562799072265625,"test","Baldy"
"5048",2,"small Non-euc",0.707672119140625,"test","Baldy"
"5049",3,"large Eucalyptus grandis",0.573309326171875,"test","Baldy"
"5050",3,"small Corymbia intermedia",0.67845458984375,"test","Baldy"
"5051",3,"small Eucalyptus grandis",0.4666015625,"test","Baldy"
"5052",3,"small Non-euc",0.7614013671875,"test","Baldy"
"5053",4,"large Eucalyptus grandis",0.65948486328125,"test","Baldy"
"5054",4,"small Corymbia intermedia",0.668878173828125,"test","Baldy"
"5055",4,"small Eucalyptus grandis",0.468731689453125,"test","Baldy"
"5056",4,"small Non-euc",0.709600830078125,"test","Baldy"
"5057",5,"large Eucalyptus grandis",0.515667724609375,"test","Baldy"
"5058",5,"small Corymbia intermedia",0.693914794921875,"test","Baldy"
"5059",5,"small Eucalyptus grandis",0.396881103515625,"test","Baldy"
"5060",5,"small Non-euc",0.63814697265625,"test","Baldy"
"5061",6,"large Eucalyptus grandis",0.563916015625,"test","Baldy"
"5062",6,"small Corymbia intermedia",0.600531005859375,"test","Baldy"
"5063",6,"small Eucalyptus grandis",0.36654052734375,"test","Baldy"
"5064",6,"small Non-euc",0.671697998046875,"test","Baldy"
"5065",7,"large Eucalyptus grandis",0.5875,"test","Baldy"
"5066",7,"small Corymbia intermedia",0.525018310546875,"test","Baldy"
"5067",7,"small Eucalyptus grandis",0.407489013671875,"test","Baldy"
"5068",7,"small Non-euc",0.714495849609375,"test","Baldy"
"5069",8,"large Eucalyptus grandis",0.58245849609375,"test","Baldy"
"5070",8,"small Corymbia intermedia",0.62633056640625,"test","Baldy"
"5071",8,"small Eucalyptus grandis",0.516790771484375,"test","Baldy"
"5072",8,"small Non-euc",0.773480224609375,"test","Baldy"
"5073",9,"large Eucalyptus grandis",0.559222412109375,"test","Baldy"
"5074",9,"small Corymbia intermedia",0.697955322265625,"test","Baldy"
"5075",9,"small Eucalyptus grandis",0.554498291015625,"test","Baldy"
"5076",9,"small Non-euc",0.811431884765625,"test","Baldy"
"5077",10,"large Eucalyptus grandis",0.4929931640625,"test","Baldy"
"5078",10,"small Corymbia intermedia",0.774713134765625,"test","Baldy"
"5079",10,"small Eucalyptus grandis",0.569818115234375,"test","Baldy"
"5080",10,"small Non-euc",0.78828125,"test","Baldy"
"5081",11,"large Eucalyptus grandis",0.563702392578125,"test","Baldy"
"5082",11,"small Corymbia intermedia",0.536383056640625,"test","Baldy"
"5083",11,"small Eucalyptus grandis",0.455908203125,"test","Baldy"
"5084",11,"small Non-euc",0.6879150390625,"test","Baldy"
"5085",12,"large Eucalyptus grandis",0.54825439453125,"test","Baldy"
"5086",12,"small Corymbia intermedia",0.603326416015625,"test","Baldy"
"5087",12,"small Eucalyptus grandis",0.50589599609375,"test","Baldy"
"5088",12,"small Non-euc",0.72406005859375,"test","Baldy"
"5089",13,"large Eucalyptus grandis",0.541900634765625,"test","Baldy"
"5090",13,"small Corymbia intermedia",0.73758544921875,"test","Baldy"
"5091",13,"small Eucalyptus grandis",0.45062255859375,"test","Baldy"
"5092",13,"small Non-euc",0.749493408203125,"test","Baldy"
"5093",14,"large Eucalyptus grandis",0.42774658203125,"test","Baldy"
"5094",14,"small Corymbia intermedia",0.709661865234375,"test","Baldy"
"5095",14,"small Eucalyptus grandis",0.34964599609375,"test","Baldy"
"5096",14,"small Non-euc",0.765576171875,"test","Baldy"
"5097",15,"large Eucalyptus grandis",0.463568115234375,"test","Baldy"
"5098",15,"small Corymbia intermedia",0.712542724609375,"test","Baldy"
"5099",15,"small Eucalyptus grandis",0.53955078125,"test","Baldy"
"5100",15,"small Non-euc",0.639227294921875,"test","Baldy"
"5101",16,"large Eucalyptus grandis",0.403533935546875,"test","Baldy"
"5102",16,"small Corymbia intermedia",0.687542724609375,"test","Baldy"
"5103",16,"small Eucalyptus grandis",0.3860595703125,"test","Baldy"
"5104",16,"small Non-euc",0.71995849609375,"test","Baldy"
"5105",17,"large Eucalyptus grandis",0.5466064453125,"test","Baldy"
"5106",17,"small Corymbia intermedia",0.716497802734375,"test","Baldy"
"5107",17,"small Eucalyptus grandis",0.477496337890625,"test","Baldy"
"5108",17,"small Non-euc",0.61314697265625,"test","Baldy"
"5109",18,"large Eucalyptus grandis",0.568408203125,"test","Baldy"
"5110",18,"small Corymbia intermedia",0.54932861328125,"test","Baldy"
"5111",18,"small Eucalyptus grandis",0.407354736328125,"test","Baldy"
"5112",18,"small Non-euc",0.712127685546875,"test","Baldy"
"5113",19,"large Eucalyptus grandis",0.521319580078125,"test","Baldy"
"5114",19,"small Corymbia intermedia",0.673150634765625,"test","Baldy"
"5115",19,"small Eucalyptus grandis",0.495697021484375,"test","Baldy"
"5116",19,"small Non-euc",0.76566162109375,"test","Baldy"
"5117",20,"large Eucalyptus grandis",0.59202880859375,"test","Baldy"
"5118",20,"small Corymbia intermedia",0.4947265625,"test","Baldy"
"5119",20,"small Eucalyptus grandis",0.475,"test","Baldy"
"5120",20,"small Non-euc",0.702978515625,"test","Baldy"
"5121",1,"small Corymbia intermedia",0.712906494140625,"train","Herberton"
"5122",1,"small Eucalyptus grandis",0.717538871017157,"train","Herberton"
"5123",1,"small Non-euc",0.685855865478516,"train","Herberton"
"5124",2,"small Corymbia intermedia",0.7204541015625,"train","Herberton"
"5125",2,"small Eucalyptus grandis",0.69164919385723,"train","Herberton"
"5126",2,"small Non-euc",0.677797317504883,"train","Herberton"
"5127",3,"small Corymbia intermedia",0.712910766601562,"train","Herberton"
"5128",3,"small Eucalyptus grandis",0.704236797257966,"train","Herberton"
"5129",3,"small Non-euc",0.68035888671875,"train","Herberton"
"5130",4,"small Corymbia intermedia",0.709057006835938,"train","Herberton"
"5131",4,"small Eucalyptus grandis",0.702442842371323,"train","Herberton"
"5132",4,"small Non-euc",0.642297744750977,"train","Herberton"
"5133",5,"small Corymbia intermedia",0.722699584960937,"train","Herberton"
"5134",5,"small Eucalyptus grandis",0.703664742264093,"train","Herberton"
"5135",5,"small Non-euc",0.654258728027344,"train","Herberton"
"5136",6,"small Corymbia intermedia",0.704675903320312,"train","Herberton"
"5137",6,"small Eucalyptus grandis",0.693862017463235,"train","Herberton"
"5138",6,"small Non-euc",0.640254974365234,"train","Herberton"
"5139",7,"small Corymbia intermedia",0.716039428710938,"train","Herberton"
"5140",7,"small Eucalyptus grandis",0.717692057291667,"train","Herberton"
"5141",7,"small Non-euc",0.675115585327148,"train","Herberton"
"5142",8,"small Corymbia intermedia",0.707927856445313,"train","Herberton"
"5143",8,"small Eucalyptus grandis",0.689053404564951,"train","Herberton"
"5144",8,"small Non-euc",0.659505844116211,"train","Herberton"
"5145",9,"small Corymbia intermedia",0.708074951171875,"train","Herberton"
"5146",9,"small Eucalyptus grandis",0.694541781556372,"train","Herberton"
"5147",9,"small Non-euc",0.682929992675781,"train","Herberton"
"5148",10,"small Corymbia intermedia",0.720170288085938,"train","Herberton"
"5149",10,"small Eucalyptus grandis",0.685299144071691,"train","Herberton"
"5150",10,"small Non-euc",0.627050399780273,"train","Herberton"
"5151",11,"small Corymbia intermedia",0.71728271484375,"train","Herberton"
"5152",11,"small Eucalyptus grandis",0.711797976026348,"train","Herberton"
"5153",11,"small Non-euc",0.652278900146484,"train","Herberton"
"5154",12,"small Corymbia intermedia",0.715916137695312,"train","Herberton"
"5155",12,"small Eucalyptus grandis",0.691928040747549,"train","Herberton"
"5156",12,"small Non-euc",0.641672134399414,"train","Herberton"
"5157",13,"small Corymbia intermedia",0.712899780273437,"train","Herberton"
"5158",13,"small Eucalyptus grandis",0.714621151194853,"train","Herberton"
"5159",13,"small Non-euc",0.631296157836914,"train","Herberton"
"5160",14,"small Corymbia intermedia",0.7105078125,"train","Herberton"
"5161",14,"small Eucalyptus grandis",0.73702943091299,"train","Herberton"
"5162",14,"small Non-euc",0.643360137939453,"train","Herberton"
"5163",15,"small Corymbia intermedia",0.718947143554687,"train","Herberton"
"5164",15,"small Eucalyptus grandis",0.714317172181372,"train","Herberton"
"5165",15,"small Non-euc",0.647882461547852,"train","Herberton"
"5166",16,"small Corymbia intermedia",0.698074951171875,"train","Herberton"
"5167",16,"small Eucalyptus grandis",0.711935604319853,"train","Herberton"
"5168",16,"small Non-euc",0.664875030517578,"train","Herberton"
"5169",17,"small Corymbia intermedia",0.705881958007813,"train","Herberton"
"5170",17,"small Eucalyptus grandis",0.696845559512868,"train","Herberton"
"5171",17,"small Non-euc",0.646572113037109,"train","Herberton"
"5172",18,"small Corymbia intermedia",0.7176904296875,"train","Herberton"
"5173",18,"small Eucalyptus grandis",0.70196652879902,"train","Herberton"
"5174",18,"small Non-euc",0.647151947021484,"train","Herberton"
"5175",19,"small Corymbia intermedia",0.702514038085937,"train","Herberton"
"5176",19,"small Eucalyptus grandis",0.714312385110294,"train","Herberton"
"5177",19,"small Non-euc",0.663902282714844,"train","Herberton"
"5178",20,"small Corymbia intermedia",0.7069091796875,"train","Herberton"
"5179",20,"small Eucalyptus grandis",0.74466002221201,"train","Herberton"
"5180",20,"small Non-euc",0.671356201171875,"train","Herberton"
"5181",1,"small Corymbia intermedia",0.742767333984375,"test","Herberton"
"5182",1,"small Eucalyptus grandis",0.63218994140625,"test","Herberton"
"5183",1,"small Non-euc",0.671942138671875,"test","Herberton"
"5184",2,"small Corymbia intermedia",0.641864013671875,"test","Herberton"
"5185",2,"small Eucalyptus grandis",0.76771240234375,"test","Herberton"
"5186",2,"small Non-euc",0.688983154296875,"test","Herberton"
"5187",3,"small Corymbia intermedia",0.678515625,"test","Herberton"
"5188",3,"small Eucalyptus grandis",0.72772216796875,"test","Herberton"
"5189",3,"small Non-euc",0.738861083984375,"test","Herberton"
"5190",4,"small Corymbia intermedia",0.775311279296875,"test","Herberton"
"5191",4,"small Eucalyptus grandis",0.692144775390625,"test","Herberton"
"5192",4,"small Non-euc",0.770391845703125,"test","Herberton"
"5193",5,"small Corymbia intermedia",0.634405517578125,"test","Herberton"
"5194",5,"small Eucalyptus grandis",0.68931884765625,"test","Herberton"
"5195",5,"small Non-euc",0.7807373046875,"test","Herberton"
"5196",6,"small Corymbia intermedia",0.805853271484375,"test","Herberton"
"5197",6,"small Eucalyptus grandis",0.71798095703125,"test","Herberton"
"5198",6,"small Non-euc",0.773828125,"test","Herberton"
"5199",7,"small Corymbia intermedia",0.6953125,"test","Herberton"
"5200",7,"small Eucalyptus grandis",0.5906005859375,"test","Herberton"
"5201",7,"small Non-euc",0.730413818359375,"test","Herberton"
"5202",8,"small Corymbia intermedia",0.70772705078125,"test","Herberton"
"5203",8,"small Eucalyptus grandis",0.758013916015625,"test","Herberton"
"5204",8,"small Non-euc",0.754876708984375,"test","Herberton"
"5205",9,"small Corymbia intermedia",0.7830810546875,"test","Herberton"
"5206",9,"small Eucalyptus grandis",0.686199951171875,"test","Herberton"
"5207",9,"small Non-euc",0.702032470703125,"test","Herberton"
"5208",10,"small Corymbia intermedia",0.6694580078125,"test","Herberton"
"5209",10,"small Eucalyptus grandis",0.762451171875,"test","Herberton"
"5210",10,"small Non-euc",0.82596435546875,"test","Herberton"
"5211",11,"small Corymbia intermedia",0.676348876953125,"test","Herberton"
"5212",11,"small Eucalyptus grandis",0.68419189453125,"test","Herberton"
"5213",11,"small Non-euc",0.722711181640625,"test","Herberton"
"5214",12,"small Corymbia intermedia",0.63843994140625,"test","Herberton"
"5215",12,"small Eucalyptus grandis",0.72862548828125,"test","Herberton"
"5216",12,"small Non-euc",0.70623779296875,"test","Herberton"
"5217",13,"small Corymbia intermedia",0.746209716796875,"test","Herberton"
"5218",13,"small Eucalyptus grandis",0.657977294921875,"test","Herberton"
"5219",13,"small Non-euc",0.838275146484375,"test","Herberton"
"5220",14,"small Corymbia intermedia",0.7652099609375,"test","Herberton"
"5221",14,"small Eucalyptus grandis",0.524285888671875,"test","Herberton"
"5222",14,"small Non-euc",0.715655517578125,"test","Herberton"
"5223",15,"small Corymbia intermedia",0.666748046875,"test","Herberton"
"5224",15,"small Eucalyptus grandis",0.606005859375,"test","Herberton"
"5225",15,"small Non-euc",0.740985107421875,"test","Herberton"
"5226",16,"small Corymbia intermedia",0.8000732421875,"test","Herberton"
"5227",16,"small Eucalyptus grandis",0.65968017578125,"test","Herberton"
"5228",16,"small Non-euc",0.777197265625,"test","Herberton"
"5229",17,"small Corymbia intermedia",0.730474853515625,"test","Herberton"
"5230",17,"small Eucalyptus grandis",0.699609375,"test","Herberton"
"5231",17,"small Non-euc",0.789984130859375,"test","Herberton"
"5232",18,"small Corymbia intermedia",0.685137939453125,"test","Herberton"
"5233",18,"small Eucalyptus grandis",0.691015625,"test","Herberton"
"5234",18,"small Non-euc",0.803265380859375,"test","Herberton"
"5235",19,"small Corymbia intermedia",0.799127197265625,"test","Herberton"
"5236",19,"small Eucalyptus grandis",0.64891357421875,"test","Herberton"
"5237",19,"small Non-euc",0.578741455078125,"test","Herberton"
"5238",20,"small Corymbia intermedia",0.75364990234375,"test","Herberton"
"5239",20,"small Eucalyptus grandis",0.474798583984375,"test","Herberton"
"5240",20,"small Non-euc",0.693634033203125,"test","Herberton"
"5241",1,"large Eucalyptus grandis",0.617511455829327,"train","Osullivans"
"5242",1,"small Eucalyptus grandis",0.672323690878378,"train","Osullivans"
"5243",1,"small Non-euc",0.555052679938239,"train","Osullivans"
"5244",1,"small Syncarpia glomulifera subsp glomulifera",0.648540920681424,"train","Osullivans"
"5245",2,"large Eucalyptus grandis",0.627637423001803,"train","Osullivans"
"5246",2,"small Eucalyptus grandis",0.662566313872466,"train","Osullivans"
"5247",2,"small Non-euc",0.547689695616026,"train","Osullivans"
"5248",2,"small Syncarpia glomulifera subsp glomulifera",0.642302619086372,"train","Osullivans"
"5249",3,"large Eucalyptus grandis",0.65899423452524,"train","Osullivans"
"5250",3,"small Eucalyptus grandis",0.696371542440878,"train","Osullivans"
"5251",3,"small Non-euc",0.545735333416913,"train","Osullivans"
"5252",3,"small Syncarpia glomulifera subsp glomulifera",0.65938483344184,"train","Osullivans"
"5253",4,"large Eucalyptus grandis",0.636642456054688,"train","Osullivans"
"5254",4,"small Eucalyptus grandis",0.680345689928209,"train","Osullivans"
"5255",4,"small Non-euc",0.555431056667019,"train","Osullivans"
"5256",4,"small Syncarpia glomulifera subsp glomulifera",0.646110534667969,"train","Osullivans"
"5257",5,"large Eucalyptus grandis",0.63769766000601,"train","Osullivans"
"5258",5,"small Eucalyptus grandis",0.682552853146115,"train","Osullivans"
"5259",5,"small Non-euc",0.541635049355997,"train","Osullivans"
"5260",5,"small Syncarpia glomulifera subsp glomulifera",0.632732815212674,"train","Osullivans"
"5261",6,"large Eucalyptus grandis",0.622934194711538,"train","Osullivans"
"5262",6,"small Eucalyptus grandis",0.706628747888513,"train","Osullivans"
"5263",6,"small Non-euc",0.546985110721073,"train","Osullivans"
"5264",6,"small Syncarpia glomulifera subsp glomulifera",0.624061584472656,"train","Osullivans"
"5265",7,"large Eucalyptus grandis",0.640069814828726,"train","Osullivans"
"5266",7,"small Eucalyptus grandis",0.68169506176098,"train","Osullivans"
"5267",7,"small Non-euc",0.543367334314295,"train","Osullivans"
"5268",7,"small Syncarpia glomulifera subsp glomulifera",0.613873799641927,"train","Osullivans"
"5269",8,"large Eucalyptus grandis",0.640905526968149,"train","Osullivans"
"5270",8,"small Eucalyptus grandis",0.667411185599662,"train","Osullivans"
"5271",8,"small Non-euc",0.544400189373944,"train","Osullivans"
"5272",8,"small Syncarpia glomulifera subsp glomulifera",0.631901211208767,"train","Osullivans"
"5273",9,"large Eucalyptus grandis",0.610801109900841,"train","Osullivans"
"5274",9,"small Eucalyptus grandis",0.693869101034628,"train","Osullivans"
"5275",9,"small Non-euc",0.546740351496516,"train","Osullivans"
"5276",9,"small Syncarpia glomulifera subsp glomulifera",0.647223578559028,"train","Osullivans"
"5277",10,"large Eucalyptus grandis",0.644131000225361,"train","Osullivans"
"5278",10,"small Eucalyptus grandis",0.66344555004223,"train","Osullivans"
"5279",10,"small Non-euc",0.546153712917019,"train","Osullivans"
"5280",10,"small Syncarpia glomulifera subsp glomulifera",0.635979546440972,"train","Osullivans"
"5281",11,"large Eucalyptus grandis",0.643998366135817,"train","Osullivans"
"5282",11,"small Eucalyptus grandis",0.680165883657095,"train","Osullivans"
"5283",11,"small Non-euc",0.545075493889886,"train","Osullivans"
"5284",11,"small Syncarpia glomulifera subsp glomulifera",0.637122260199653,"train","Osullivans"
"5285",12,"large Eucalyptus grandis",0.612537090594952,"train","Osullivans"
"5286",12,"small Eucalyptus grandis",0.664540883657095,"train","Osullivans"
"5287",12,"small Non-euc",0.548850394584037,"train","Osullivans"
"5288",12,"small Syncarpia glomulifera subsp glomulifera",0.651753743489583,"train","Osullivans"
"5289",13,"large Eucalyptus grandis",0.63058589054988,"train","Osullivans"
"5290",13,"small Eucalyptus grandis",0.699436497043919,"train","Osullivans"
"5291",13,"small Non-euc",0.551044567211254,"train","Osullivans"
"5292",13,"small Syncarpia glomulifera subsp glomulifera",0.63537851969401,"train","Osullivans"
"5293",14,"large Eucalyptus grandis",0.623670137845553,"train","Osullivans"
"5294",14,"small Eucalyptus grandis",0.70166675464527,"train","Osullivans"
"5295",14,"small Non-euc",0.550845790553737,"train","Osullivans"
"5296",14,"small Syncarpia glomulifera subsp glomulifera",0.645898607042101,"train","Osullivans"
"5297",15,"large Eucalyptus grandis",0.635528564453125,"train","Osullivans"
"5298",15,"small Eucalyptus grandis",0.681069863809122,"train","Osullivans"
"5299",15,"small Non-euc",0.544664537584459,"train","Osullivans"
"5300",15,"small Syncarpia glomulifera subsp glomulifera",0.633317735460069,"train","Osullivans"
"5301",16,"large Eucalyptus grandis",0.631929837740385,"train","Osullivans"
"5302",16,"small Eucalyptus grandis",0.666942699535473,"train","Osullivans"
"5303",16,"small Non-euc",0.55134273219753,"train","Osullivans"
"5304",16,"small Syncarpia glomulifera subsp glomulifera",0.64676751030816,"train","Osullivans"
"5305",17,"large Eucalyptus grandis",0.645267193134014,"train","Osullivans"
"5306",17,"small Eucalyptus grandis",0.678328230574324,"train","Osullivans"
"5307",17,"small Non-euc",0.548449542071368,"train","Osullivans"
"5308",17,"small Syncarpia glomulifera subsp glomulifera",0.645097520616319,"train","Osullivans"
"5309",18,"large Eucalyptus grandis",0.606663630558894,"train","Osullivans"
"5310",18,"small Eucalyptus grandis",0.659963246938345,"train","Osullivans"
"5311",18,"small Non-euc",0.543407543285473,"train","Osullivans"
"5312",18,"small Syncarpia glomulifera subsp glomulifera",0.612186008029514,"train","Osullivans"
"5313",19,"large Eucalyptus grandis",0.618590134840745,"train","Osullivans"
"5314",19,"small Eucalyptus grandis",0.67467601879223,"train","Osullivans"
"5315",19,"small Non-euc",0.54783939670872,"train","Osullivans"
"5316",19,"small Syncarpia glomulifera subsp glomulifera",0.648078918457031,"train","Osullivans"
"5317",20,"large Eucalyptus grandis",0.637201162484976,"train","Osullivans"
"5318",20,"small Eucalyptus grandis",0.734403043179899,"train","Osullivans"
"5319",20,"small Non-euc",0.545273445747994,"train","Osullivans"
"5320",20,"small Syncarpia glomulifera subsp glomulifera",0.653053283691406,"train","Osullivans"
"5321",1,"large Eucalyptus grandis",0.655938720703125,"test","Osullivans"
"5322",1,"small Eucalyptus grandis",0.6598876953125,"test","Osullivans"
"5323",1,"small Non-euc",0.377056884765625,"test","Osullivans"
"5324",1,"small Syncarpia glomulifera subsp glomulifera",0.643310546875,"test","Osullivans"
"5325",2,"large Eucalyptus grandis",0.717889404296875,"test","Osullivans"
"5326",2,"small Eucalyptus grandis",0.76295166015625,"test","Osullivans"
"5327",2,"small Non-euc",0.532293701171875,"test","Osullivans"
"5328",2,"small Syncarpia glomulifera subsp glomulifera",0.59703369140625,"test","Osullivans"
"5329",3,"large Eucalyptus grandis",0.6612548828125,"test","Osullivans"
"5330",3,"small Eucalyptus grandis",0.642132568359375,"test","Osullivans"
"5331",3,"small Non-euc",0.637152099609375,"test","Osullivans"
"5332",3,"small Syncarpia glomulifera subsp glomulifera",0.640924072265625,"test","Osullivans"
"5333",4,"large Eucalyptus grandis",0.71593017578125,"test","Osullivans"
"5334",4,"small Eucalyptus grandis",0.676287841796875,"test","Osullivans"
"5335",4,"small Non-euc",0.4185791015625,"test","Osullivans"
"5336",4,"small Syncarpia glomulifera subsp glomulifera",0.54993896484375,"test","Osullivans"
"5337",5,"large Eucalyptus grandis",0.60443115234375,"test","Osullivans"
"5338",5,"small Eucalyptus grandis",0.60814208984375,"test","Osullivans"
"5339",5,"small Non-euc",0.61285400390625,"test","Osullivans"
"5340",5,"small Syncarpia glomulifera subsp glomulifera",0.71490478515625,"test","Osullivans"
"5341",6,"large Eucalyptus grandis",0.700421142578125,"test","Osullivans"
"5342",6,"small Eucalyptus grandis",0.610223388671875,"test","Osullivans"
"5343",6,"small Non-euc",0.46651611328125,"test","Osullivans"
"5344",6,"small Syncarpia glomulifera subsp glomulifera",0.66553955078125,"test","Osullivans"
"5345",7,"large Eucalyptus grandis",0.60704345703125,"test","Osullivans"
"5346",7,"small Eucalyptus grandis",0.62437744140625,"test","Osullivans"
"5347",7,"small Non-euc",0.52158203125,"test","Osullivans"
"5348",7,"small Syncarpia glomulifera subsp glomulifera",0.837060546875,"test","Osullivans"
"5349",8,"large Eucalyptus grandis",0.631158447265625,"test","Osullivans"
"5350",8,"small Eucalyptus grandis",0.73643798828125,"test","Osullivans"
"5351",8,"small Non-euc",0.706781005859375,"test","Osullivans"
"5352",8,"small Syncarpia glomulifera subsp glomulifera",0.653173828125,"test","Osullivans"
"5353",9,"large Eucalyptus grandis",0.730194091796875,"test","Osullivans"
"5354",9,"small Eucalyptus grandis",0.5812744140625,"test","Osullivans"
"5355",9,"small Non-euc",0.57093505859375,"test","Osullivans"
"5356",9,"small Syncarpia glomulifera subsp glomulifera",0.640533447265625,"test","Osullivans"
"5357",10,"large Eucalyptus grandis",0.65313720703125,"test","Osullivans"
"5358",10,"small Eucalyptus grandis",0.703765869140625,"test","Osullivans"
"5359",10,"small Non-euc",0.63541259765625,"test","Osullivans"
"5360",10,"small Syncarpia glomulifera subsp glomulifera",0.672808837890625,"test","Osullivans"
"5361",11,"large Eucalyptus grandis",0.58876953125,"test","Osullivans"
"5362",11,"small Eucalyptus grandis",0.68829345703125,"test","Osullivans"
"5363",11,"small Non-euc",0.49027099609375,"test","Osullivans"
"5364",11,"small Syncarpia glomulifera subsp glomulifera",0.61488037109375,"test","Osullivans"
"5365",12,"large Eucalyptus grandis",0.76300048828125,"test","Osullivans"
"5366",12,"small Eucalyptus grandis",0.716339111328125,"test","Osullivans"
"5367",12,"small Non-euc",0.501812744140625,"test","Osullivans"
"5368",12,"small Syncarpia glomulifera subsp glomulifera",0.61346435546875,"test","Osullivans"
"5369",13,"large Eucalyptus grandis",0.58807373046875,"test","Osullivans"
"5370",13,"small Eucalyptus grandis",0.5454833984375,"test","Osullivans"
"5371",13,"small Non-euc",0.518341064453125,"test","Osullivans"
"5372",13,"small Syncarpia glomulifera subsp glomulifera",0.6818115234375,"test","Osullivans"
"5373",14,"large Eucalyptus grandis",0.76490478515625,"test","Osullivans"
"5374",14,"small Eucalyptus grandis",0.61585693359375,"test","Osullivans"
"5375",14,"small Non-euc",0.4833251953125,"test","Osullivans"
"5376",14,"small Syncarpia glomulifera subsp glomulifera",0.672265625,"test","Osullivans"
"5377",15,"large Eucalyptus grandis",0.69805908203125,"test","Osullivans"
"5378",15,"small Eucalyptus grandis",0.65262451171875,"test","Osullivans"
"5379",15,"small Non-euc",0.643304443359375,"test","Osullivans"
"5380",15,"small Syncarpia glomulifera subsp glomulifera",0.57896728515625,"test","Osullivans"
"5381",16,"large Eucalyptus grandis",0.58973388671875,"test","Osullivans"
"5382",16,"small Eucalyptus grandis",0.64078369140625,"test","Osullivans"
"5383",16,"small Non-euc",0.3489990234375,"test","Osullivans"
"5384",16,"small Syncarpia glomulifera subsp glomulifera",0.61004638671875,"test","Osullivans"
"5385",17,"large Eucalyptus grandis",0.698626708984375,"test","Osullivans"
"5386",17,"small Eucalyptus grandis",0.582177734375,"test","Osullivans"
"5387",17,"small Non-euc",0.47034912109375,"test","Osullivans"
"5388",17,"small Syncarpia glomulifera subsp glomulifera",0.6714111328125,"test","Osullivans"
"5389",18,"large Eucalyptus grandis",0.78280029296875,"test","Osullivans"
"5390",18,"small Eucalyptus grandis",0.749493408203125,"test","Osullivans"
"5391",18,"small Non-euc",0.660150146484375,"test","Osullivans"
"5392",18,"small Syncarpia glomulifera subsp glomulifera",0.8380126953125,"test","Osullivans"
"5393",19,"large Eucalyptus grandis",0.667120361328125,"test","Osullivans"
"5394",19,"small Eucalyptus grandis",0.721942138671875,"test","Osullivans"
"5395",19,"small Non-euc",0.560302734375,"test","Osullivans"
"5396",19,"small Syncarpia glomulifera subsp glomulifera",0.594793701171875,"test","Osullivans"
"5397",20,"large Eucalyptus grandis",0.71514892578125,"test","Osullivans"
"5398",20,"small Eucalyptus grandis",0.50640869140625,"test","Osullivans"
"5399",20,"small Non-euc",0.5535888671875,"test","Osullivans"
"5400",20,"small Syncarpia glomulifera subsp glomulifera",0.613763427734375,"test","Osullivans"
"5401",1,"large Eucalyptus obliqua",0.638376336348684,"train","BlackRiver"
"5402",1,"large Eucalyptus ovata",0.599161783854167,"train","BlackRiver"
"5403",1,"small Eucalyptus obliqua",0.568749469259511,"train","BlackRiver"
"5404",1,"small Eucalyptus ovata",0.754692526424632,"train","BlackRiver"
"5405",1,"small Non-euc",0.576155783913352,"train","BlackRiver"
"5406",2,"large Eucalyptus obliqua",0.627265796326754,"train","BlackRiver"
"5407",2,"large Eucalyptus ovata",0.625023251488095,"train","BlackRiver"
"5408",2,"small Eucalyptus obliqua",0.567386350769927,"train","BlackRiver"
"5409",2,"small Eucalyptus ovata",0.733089671415441,"train","BlackRiver"
"5410",2,"small Non-euc",0.574843158143939,"train","BlackRiver"
"5411",3,"large Eucalyptus obliqua",0.612718013294956,"train","BlackRiver"
"5412",3,"large Eucalyptus ovata",0.681100027901786,"train","BlackRiver"
"5413",3,"small Eucalyptus obliqua",0.586409859035326,"train","BlackRiver"
"5414",3,"small Eucalyptus ovata",0.744998707490809,"train","BlackRiver"
"5415",3,"small Non-euc",0.570199677438447,"train","BlackRiver"
"5416",4,"large Eucalyptus obliqua",0.602596885279605,"train","BlackRiver"
"5417",4,"large Eucalyptus ovata",0.623636881510417,"train","BlackRiver"
"5418",4,"small Eucalyptus obliqua",0.59874072973279,"train","BlackRiver"
"5419",4,"small Eucalyptus ovata",0.720609777113971,"train","BlackRiver"
"5420",4,"small Non-euc",0.584307861328125,"train","BlackRiver"
"5421",5,"large Eucalyptus obliqua",0.617267809416118,"train","BlackRiver"
"5422",5,"large Eucalyptus ovata",0.639413016183036,"train","BlackRiver"
"5423",5,"small Eucalyptus obliqua",0.582010020380435,"train","BlackRiver"
"5424",5,"small Eucalyptus ovata",0.718739229090073,"train","BlackRiver"
"5425",5,"small Non-euc",0.573410126657197,"train","BlackRiver"
"5426",6,"large Eucalyptus obliqua",0.629797149122807,"train","BlackRiver"
"5427",6,"large Eucalyptus ovata",0.645993187313988,"train","BlackRiver"
"5428",6,"small Eucalyptus obliqua",0.575545601222826,"train","BlackRiver"
"5429",6,"small Eucalyptus ovata",0.703128590303309,"train","BlackRiver"
"5430",6,"small Non-euc",0.576707689689867,"train","BlackRiver"
"5431",7,"large Eucalyptus obliqua",0.636626661869518,"train","BlackRiver"
"5432",7,"large Eucalyptus ovata",0.704662504650298,"train","BlackRiver"
"5433",7,"small Eucalyptus obliqua",0.582323157269022,"train","BlackRiver"
"5434",7,"small Eucalyptus ovata",0.774421243106618,"train","BlackRiver"
"5435",7,"small Non-euc",0.576393081202652,"train","BlackRiver"
"5436",8,"large Eucalyptus obliqua",0.636018451891447,"train","BlackRiver"
"5437",8,"large Eucalyptus ovata",0.694940476190476,"train","BlackRiver"
"5438",8,"small Eucalyptus obliqua",0.589378467504529,"train","BlackRiver"
"5439",8,"small Eucalyptus ovata",0.685787425321691,"train","BlackRiver"
"5440",8,"small Non-euc",0.575075461647727,"train","BlackRiver"
"5441",9,"large Eucalyptus obliqua",0.624186197916667,"train","BlackRiver"
"5442",9,"large Eucalyptus ovata",0.650553385416667,"train","BlackRiver"
"5443",9,"small Eucalyptus obliqua",0.586952983469203,"train","BlackRiver"
"5444",9,"small Eucalyptus ovata",0.768788057215073,"train","BlackRiver"
"5445",9,"small Non-euc",0.578391335227273,"train","BlackRiver"
"5446",10,"large Eucalyptus obliqua",0.624763354920504,"train","BlackRiver"
"5447",10,"large Eucalyptus ovata",0.67555164155506,"train","BlackRiver"
"5448",10,"small Eucalyptus obliqua",0.578831769418025,"train","BlackRiver"
"5449",10,"small Eucalyptus ovata",0.801413143382353,"train","BlackRiver"
"5450",10,"small Non-euc",0.580748771898674,"train","BlackRiver"
"5451",11,"large Eucalyptus obliqua",0.639891507332785,"train","BlackRiver"
"5452",11,"large Eucalyptus ovata",0.673153831845238,"train","BlackRiver"
"5453",11,"small Eucalyptus obliqua",0.580684053725091,"train","BlackRiver"
"5454",11,"small Eucalyptus ovata",0.723981071920956,"train","BlackRiver"
"5455",11,"small Non-euc",0.575075646602746,"train","BlackRiver"
"5456",12,"large Eucalyptus obliqua",0.612696597450658,"train","BlackRiver"
"5457",12,"large Eucalyptus ovata",0.645115443638393,"train","BlackRiver"
"5458",12,"small Eucalyptus obliqua",0.581106876981431,"train","BlackRiver"
"5459",12,"small Eucalyptus ovata",0.759198357077206,"train","BlackRiver"
"5460",12,"small Non-euc",0.577754350142045,"train","BlackRiver"
"5461",13,"large Eucalyptus obliqua",0.635993823670504,"train","BlackRiver"
"5462",13,"large Eucalyptus ovata",0.657107398623512,"train","BlackRiver"
"5463",13,"small Eucalyptus obliqua",0.604803555253623,"train","BlackRiver"
"5464",13,"small Eucalyptus ovata",0.726727653952206,"train","BlackRiver"
"5465",13,"small Non-euc",0.57554062352036,"train","BlackRiver"
"5466",14,"large Eucalyptus obliqua",0.648560641104715,"train","BlackRiver"
"5467",14,"large Eucalyptus ovata",0.65519787016369,"train","BlackRiver"
"5468",14,"small Eucalyptus obliqua",0.576489434725996,"train","BlackRiver"
"5469",14,"small Eucalyptus ovata",0.666475183823529,"train","BlackRiver"
"5470",14,"small Non-euc",0.577053370620265,"train","BlackRiver"
"5471",15,"large Eucalyptus obliqua",0.645591334292763,"train","BlackRiver"
"5472",15,"large Eucalyptus ovata",0.659598214285714,"train","BlackRiver"
"5473",15,"small Eucalyptus obliqua",0.588051616281703,"train","BlackRiver"
"5474",15,"small Eucalyptus ovata",0.716836368336397,"train","BlackRiver"
"5475",15,"small Non-euc",0.575600548946496,"train","BlackRiver"
"5476",16,"large Eucalyptus obliqua",0.621909693667763,"train","BlackRiver"
"5477",16,"large Eucalyptus ovata",0.62901378813244,"train","BlackRiver"
"5478",16,"small Eucalyptus obliqua",0.587421804234601,"train","BlackRiver"
"5479",16,"small Eucalyptus ovata",0.77154541015625,"train","BlackRiver"
"5480",16,"small Non-euc",0.575474224668561,"train","BlackRiver"
"5481",17,"large Eucalyptus obliqua",0.639418217173794,"train","BlackRiver"
"5482",17,"large Eucalyptus ovata",0.63273693266369,"train","BlackRiver"
"5483",17,"small Eucalyptus obliqua",0.588483285212862,"train","BlackRiver"
"5484",17,"small Eucalyptus ovata",0.768867043887868,"train","BlackRiver"
"5485",17,"small Non-euc",0.57447509765625,"train","BlackRiver"
"5486",18,"large Eucalyptus obliqua",0.603790818599232,"train","BlackRiver"
"5487",18,"large Eucalyptus ovata",0.691141764322917,"train","BlackRiver"
"5488",18,"small Eucalyptus obliqua",0.604146321614583,"train","BlackRiver"
"5489",18,"small Eucalyptus ovata",0.771742876838235,"train","BlackRiver"
"5490",18,"small Non-euc",0.575512140447443,"train","BlackRiver"
"5491",19,"large Eucalyptus obliqua",0.635936000890899,"train","BlackRiver"
"5492",19,"large Eucalyptus ovata",0.663170224144345,"train","BlackRiver"
"5493",19,"small Eucalyptus obliqua",0.584373584692029,"train","BlackRiver"
"5494",19,"small Eucalyptus ovata",0.740808823529412,"train","BlackRiver"
"5495",19,"small Non-euc",0.576165771484375,"train","BlackRiver"
"5496",20,"large Eucalyptus obliqua",0.623363829495614,"train","BlackRiver"
"5497",20,"large Eucalyptus ovata",0.736761183965774,"train","BlackRiver"
"5498",20,"small Eucalyptus obliqua",0.578038312386775,"train","BlackRiver"
"5499",20,"small Eucalyptus ovata",0.752398322610294,"train","BlackRiver"
"5500",20,"small Non-euc",0.574162338719224,"train","BlackRiver"
"5501",1,"large Eucalyptus obliqua",0.578216552734375,"test","BlackRiver"
"5502",1,"large Eucalyptus ovata",0.423040771484375,"test","BlackRiver"
"5503",1,"small Eucalyptus obliqua",0.60164794921875,"test","BlackRiver"
"5504",1,"small Eucalyptus ovata",0.67354736328125,"test","BlackRiver"
"5505",1,"small Non-euc",0.60736083984375,"test","BlackRiver"
"5506",2,"large Eucalyptus obliqua",0.54708251953125,"test","BlackRiver"
"5507",2,"large Eucalyptus ovata",0.576336669921875,"test","BlackRiver"
"5508",2,"small Eucalyptus obliqua",0.65150146484375,"test","BlackRiver"
"5509",2,"small Eucalyptus ovata",0.706573486328125,"test","BlackRiver"
"5510",2,"small Non-euc",0.65626220703125,"test","BlackRiver"
"5511",3,"large Eucalyptus obliqua",0.745440673828125,"test","BlackRiver"
"5512",3,"large Eucalyptus ovata",0.464239501953125,"test","BlackRiver"
"5513",3,"small Eucalyptus obliqua",0.503228759765625,"test","BlackRiver"
"5514",3,"small Eucalyptus ovata",0.71676025390625,"test","BlackRiver"
"5515",3,"small Non-euc",0.802838134765625,"test","BlackRiver"
"5516",4,"large Eucalyptus obliqua",0.659619140625,"test","BlackRiver"
"5517",4,"large Eucalyptus ovata",0.696600341796875,"test","BlackRiver"
"5518",4,"small Eucalyptus obliqua",0.423370361328125,"test","BlackRiver"
"5519",4,"small Eucalyptus ovata",0.6263427734375,"test","BlackRiver"
"5520",4,"small Non-euc",0.346160888671875,"test","BlackRiver"
"5521",5,"large Eucalyptus obliqua",0.700262451171875,"test","BlackRiver"
"5522",5,"large Eucalyptus ovata",0.624945068359375,"test","BlackRiver"
"5523",5,"small Eucalyptus obliqua",0.55556640625,"test","BlackRiver"
"5524",5,"small Eucalyptus ovata",0.569561767578125,"test","BlackRiver"
"5525",5,"small Non-euc",0.4820068359375,"test","BlackRiver"
"5526",6,"large Eucalyptus obliqua",0.592340087890625,"test","BlackRiver"
"5527",6,"large Eucalyptus ovata",0.64490966796875,"test","BlackRiver"
"5528",6,"small Eucalyptus obliqua",0.653436279296875,"test","BlackRiver"
"5529",6,"small Eucalyptus ovata",0.70770263671875,"test","BlackRiver"
"5530",6,"small Non-euc",0.5541259765625,"test","BlackRiver"
"5531",7,"large Eucalyptus obliqua",0.535711669921875,"test","BlackRiver"
"5532",7,"large Eucalyptus ovata",0.502728271484375,"test","BlackRiver"
"5533",7,"small Eucalyptus obliqua",0.6221435546875,"test","BlackRiver"
"5534",7,"small Eucalyptus ovata",0.602252197265625,"test","BlackRiver"
"5535",7,"small Non-euc",0.64324951171875,"test","BlackRiver"
"5536",8,"large Eucalyptus obliqua",0.597332763671875,"test","BlackRiver"
"5537",8,"large Eucalyptus ovata",0.560906982421875,"test","BlackRiver"
"5538",8,"small Eucalyptus obliqua",0.458697509765625,"test","BlackRiver"
"5539",8,"small Eucalyptus ovata",0.668072509765625,"test","BlackRiver"
"5540",8,"small Non-euc",0.67020263671875,"test","BlackRiver"
"5541",9,"large Eucalyptus obliqua",0.65579833984375,"test","BlackRiver"
"5542",9,"large Eucalyptus ovata",0.63414306640625,"test","BlackRiver"
"5543",9,"small Eucalyptus obliqua",0.5308349609375,"test","BlackRiver"
"5544",9,"small Eucalyptus ovata",0.6421142578125,"test","BlackRiver"
"5545",9,"small Non-euc",0.557305908203125,"test","BlackRiver"
"5546",10,"large Eucalyptus obliqua",0.556439208984375,"test","BlackRiver"
"5547",10,"large Eucalyptus ovata",0.526092529296875,"test","BlackRiver"
"5548",10,"small Eucalyptus obliqua",0.618798828125,"test","BlackRiver"
"5549",10,"small Eucalyptus ovata",0.5782958984375,"test","BlackRiver"
"5550",10,"small Non-euc",0.509515380859375,"test","BlackRiver"
"5551",11,"large Eucalyptus obliqua",0.523431396484375,"test","BlackRiver"
"5552",11,"large Eucalyptus ovata",0.588482666015625,"test","BlackRiver"
"5553",11,"small Eucalyptus obliqua",0.6140625,"test","BlackRiver"
"5554",11,"small Eucalyptus ovata",0.66126708984375,"test","BlackRiver"
"5555",11,"small Non-euc",0.67374267578125,"test","BlackRiver"
"5556",12,"large Eucalyptus obliqua",0.63367919921875,"test","BlackRiver"
"5557",12,"large Eucalyptus ovata",0.729010009765625,"test","BlackRiver"
"5558",12,"small Eucalyptus obliqua",0.593096923828125,"test","BlackRiver"
"5559",12,"small Eucalyptus ovata",0.664892578125,"test","BlackRiver"
"5560",12,"small Non-euc",0.470904541015625,"test","BlackRiver"
"5561",13,"large Eucalyptus obliqua",0.58072509765625,"test","BlackRiver"
"5562",13,"large Eucalyptus ovata",0.6496826171875,"test","BlackRiver"
"5563",13,"small Eucalyptus obliqua",0.323870849609375,"test","BlackRiver"
"5564",13,"small Eucalyptus ovata",0.5825927734375,"test","BlackRiver"
"5565",13,"small Non-euc",0.5427001953125,"test","BlackRiver"
"5566",14,"large Eucalyptus obliqua",0.55372314453125,"test","BlackRiver"
"5567",14,"large Eucalyptus ovata",0.67149658203125,"test","BlackRiver"
"5568",14,"small Eucalyptus obliqua",0.488818359375,"test","BlackRiver"
"5569",14,"small Eucalyptus ovata",0.703192138671875,"test","BlackRiver"
"5570",14,"small Non-euc",0.5086181640625,"test","BlackRiver"
"5571",15,"large Eucalyptus obliqua",0.54149169921875,"test","BlackRiver"
"5572",15,"large Eucalyptus ovata",0.5321533203125,"test","BlackRiver"
"5573",15,"small Eucalyptus obliqua",0.49212646484375,"test","BlackRiver"
"5574",15,"small Eucalyptus ovata",0.663555908203125,"test","BlackRiver"
"5575",15,"small Non-euc",0.54376220703125,"test","BlackRiver"
"5576",16,"large Eucalyptus obliqua",0.636248779296875,"test","BlackRiver"
"5577",16,"large Eucalyptus ovata",0.731463623046875,"test","BlackRiver"
"5578",16,"small Eucalyptus obliqua",0.500946044921875,"test","BlackRiver"
"5579",16,"small Eucalyptus ovata",0.685479736328125,"test","BlackRiver"
"5580",16,"small Non-euc",0.637554931640625,"test","BlackRiver"
"5581",17,"large Eucalyptus obliqua",0.5991943359375,"test","BlackRiver"
"5582",17,"large Eucalyptus ovata",0.702020263671875,"test","BlackRiver"
"5583",17,"small Eucalyptus obliqua",0.512823486328125,"test","BlackRiver"
"5584",17,"small Eucalyptus ovata",0.65257568359375,"test","BlackRiver"
"5585",17,"small Non-euc",0.674273681640625,"test","BlackRiver"
"5586",18,"large Eucalyptus obliqua",0.74278564453125,"test","BlackRiver"
"5587",18,"large Eucalyptus ovata",0.501025390625,"test","BlackRiver"
"5588",18,"small Eucalyptus obliqua",0.367633056640625,"test","BlackRiver"
"5589",18,"small Eucalyptus ovata",0.53389892578125,"test","BlackRiver"
"5590",18,"small Non-euc",0.683013916015625,"test","BlackRiver"
"5591",19,"large Eucalyptus obliqua",0.5557861328125,"test","BlackRiver"
"5592",19,"large Eucalyptus ovata",0.735601806640625,"test","BlackRiver"
"5593",19,"small Eucalyptus obliqua",0.52840576171875,"test","BlackRiver"
"5594",19,"small Eucalyptus ovata",0.615966796875,"test","BlackRiver"
"5595",19,"small Non-euc",0.619085693359375,"test","BlackRiver"
"5596",20,"large Eucalyptus obliqua",0.67437744140625,"test","BlackRiver"
"5597",20,"large Eucalyptus ovata",0.5947021484375,"test","BlackRiver"
"5598",20,"small Eucalyptus obliqua",0.632281494140625,"test","BlackRiver"
"5599",20,"small Eucalyptus ovata",0.670166015625,"test","BlackRiver"
"5600",20,"small Non-euc",0.627703857421875,"test","BlackRiver"
"5601",1,"large Eucalyptus obliqua",0.61700867770011,"train","BondTier"
"5602",1,"large Non-euc",0.683212280273438,"train","BondTier"
"5603",1,"small Non-euc",0.583909849593581,"train","BondTier"
"5604",2,"large Eucalyptus obliqua",0.620003683525219,"train","BondTier"
"5605",2,"large Non-euc",0.694783528645833,"train","BondTier"
"5606",2,"small Non-euc",0.588305038904565,"train","BondTier"
"5607",3,"large Eucalyptus obliqua",0.615323250753838,"train","BondTier"
"5608",3,"large Non-euc",0.680160522460938,"train","BondTier"
"5609",3,"small Non-euc",0.591734030176044,"train","BondTier"
"5610",4,"large Eucalyptus obliqua",0.607649953741776,"train","BondTier"
"5611",4,"large Non-euc",0.651468912760417,"train","BondTier"
"5612",4,"small Non-euc",0.58487835084653,"train","BondTier"
"5613",5,"large Eucalyptus obliqua",0.612287554824561,"train","BondTier"
"5614",5,"large Non-euc",0.632863362630208,"train","BondTier"
"5615",5,"small Non-euc",0.585156546127443,"train","BondTier"
"5616",6,"large Eucalyptus obliqua",0.59082459566886,"train","BondTier"
"5617",6,"large Non-euc",0.653594970703125,"train","BondTier"
"5618",6,"small Non-euc",0.587121351709906,"train","BondTier"
"5619",7,"large Eucalyptus obliqua",0.631317674067982,"train","BondTier"
"5620",7,"large Non-euc",0.648091634114583,"train","BondTier"
"5621",7,"small Non-euc",0.591380322397237,"train","BondTier"
"5622",8,"large Eucalyptus obliqua",0.611440558182566,"train","BondTier"
"5623",8,"large Non-euc",0.654856363932292,"train","BondTier"
"5624",8,"small Non-euc",0.589032031776449,"train","BondTier"
"5625",9,"large Eucalyptus obliqua",0.606753700657895,"train","BondTier"
"5626",9,"large Non-euc",0.689977010091146,"train","BondTier"
"5627",9,"small Non-euc",0.587644345676803,"train","BondTier"
"5628",10,"large Eucalyptus obliqua",0.601724189624452,"train","BondTier"
"5629",10,"large Non-euc",0.613520304361979,"train","BondTier"
"5630",10,"small Non-euc",0.588998470666274,"train","BondTier"
"5631",11,"large Eucalyptus obliqua",0.615081251713268,"train","BondTier"
"5632",11,"large Non-euc",0.65350341796875,"train","BondTier"
"5633",11,"small Non-euc",0.587484436857732,"train","BondTier"
"5634",12,"large Eucalyptus obliqua",0.60290955660636,"train","BondTier"
"5635",12,"large Non-euc",0.667572021484375,"train","BondTier"
"5636",12,"small Non-euc",0.585835336032261,"train","BondTier"
"5637",13,"large Eucalyptus obliqua",0.595855177494518,"train","BondTier"
"5638",13,"large Non-euc",0.695490519205729,"train","BondTier"
"5639",13,"small Non-euc",0.591814149100826,"train","BondTier"
"5640",14,"large Eucalyptus obliqua",0.621404279742325,"train","BondTier"
"5641",14,"large Non-euc",0.671152750651042,"train","BondTier"
"5642",14,"small Non-euc",0.585668188542369,"train","BondTier"
"5643",15,"large Eucalyptus obliqua",0.61297607421875,"train","BondTier"
"5644",15,"large Non-euc",0.638331095377604,"train","BondTier"
"5645",15,"small Non-euc",0.586693447555172,"train","BondTier"
"5646",16,"large Eucalyptus obliqua",0.60180878220943,"train","BondTier"
"5647",16,"large Non-euc",0.690505981445312,"train","BondTier"
"5648",16,"small Non-euc",0.587526388245451,"train","BondTier"
"5649",17,"large Eucalyptus obliqua",0.597269694010417,"train","BondTier"
"5650",17,"large Non-euc",0.747675577799479,"train","BondTier"
"5651",17,"small Non-euc",0.586940220424107,"train","BondTier"
"5652",18,"large Eucalyptus obliqua",0.589156301398026,"train","BondTier"
"5653",18,"large Non-euc",0.633616129557292,"train","BondTier"
"5654",18,"small Non-euc",0.59031047975278,"train","BondTier"
"5655",19,"large Eucalyptus obliqua",0.617234614857456,"train","BondTier"
"5656",19,"large Non-euc",0.660771687825521,"train","BondTier"
"5657",19,"small Non-euc",0.585623111364976,"train","BondTier"
"5658",20,"large Eucalyptus obliqua",0.615559895833333,"train","BondTier"
"5659",20,"large Non-euc",0.695353190104167,"train","BondTier"
"5660",20,"small Non-euc",0.588891042210664,"train","BondTier"
"5661",1,"large Eucalyptus obliqua",0.59095458984375,"test","BondTier"
"5662",1,"large Non-euc",0.63255615234375,"test","BondTier"
"5663",1,"small Non-euc",0.72459716796875,"test","BondTier"
"5664",2,"large Eucalyptus obliqua",0.485516357421875,"test","BondTier"
"5665",2,"large Non-euc",0.584698486328125,"test","BondTier"
"5666",2,"small Non-euc",0.5776611328125,"test","BondTier"
"5667",3,"large Eucalyptus obliqua",0.578363037109375,"test","BondTier"
"5668",3,"large Non-euc",0.6408935546875,"test","BondTier"
"5669",3,"small Non-euc",0.423681640625,"test","BondTier"
"5670",4,"large Eucalyptus obliqua",0.52802734375,"test","BondTier"
"5671",4,"large Non-euc",0.65343017578125,"test","BondTier"
"5672",4,"small Non-euc",0.471990966796875,"test","BondTier"
"5673",5,"large Eucalyptus obliqua",0.584710693359375,"test","BondTier"
"5674",5,"large Non-euc",0.696087646484375,"test","BondTier"
"5675",5,"small Non-euc",0.714349365234375,"test","BondTier"
"5676",6,"large Eucalyptus obliqua",0.65008544921875,"test","BondTier"
"5677",6,"large Non-euc",0.643255615234375,"test","BondTier"
"5678",6,"small Non-euc",0.579876708984375,"test","BondTier"
"5679",7,"large Eucalyptus obliqua",0.5236572265625,"test","BondTier"
"5680",7,"large Non-euc",0.657861328125,"test","BondTier"
"5681",7,"small Non-euc",0.51712646484375,"test","BondTier"
"5682",8,"large Eucalyptus obliqua",0.6023681640625,"test","BondTier"
"5683",8,"large Non-euc",0.6385986328125,"test","BondTier"
"5684",8,"small Non-euc",0.644635009765625,"test","BondTier"
"5685",9,"large Eucalyptus obliqua",0.651690673828125,"test","BondTier"
"5686",9,"large Non-euc",0.579095458984375,"test","BondTier"
"5687",9,"small Non-euc",0.58446044921875,"test","BondTier"
"5688",10,"large Eucalyptus obliqua",0.682513427734375,"test","BondTier"
"5689",10,"large Non-euc",0.66175537109375,"test","BondTier"
"5690",10,"small Non-euc",0.570306396484375,"test","BondTier"
"5691",11,"large Eucalyptus obliqua",0.599468994140625,"test","BondTier"
"5692",11,"large Non-euc",0.67755126953125,"test","BondTier"
"5693",11,"small Non-euc",0.493670654296875,"test","BondTier"
"5694",12,"large Eucalyptus obliqua",0.567901611328125,"test","BondTier"
"5695",12,"large Non-euc",0.588555908203125,"test","BondTier"
"5696",12,"small Non-euc",0.653973388671875,"test","BondTier"
"5697",13,"large Eucalyptus obliqua",0.698846435546875,"test","BondTier"
"5698",13,"large Non-euc",0.616680908203125,"test","BondTier"
"5699",13,"small Non-euc",0.601458740234375,"test","BondTier"
"5700",14,"large Eucalyptus obliqua",0.529327392578125,"test","BondTier"
"5701",14,"large Non-euc",0.65206298828125,"test","BondTier"
"5702",14,"small Non-euc",0.5529296875,"test","BondTier"
"5703",15,"large Eucalyptus obliqua",0.516290283203125,"test","BondTier"
"5704",15,"large Non-euc",0.645098876953125,"test","BondTier"
"5705",15,"small Non-euc",0.64439697265625,"test","BondTier"
"5706",16,"large Eucalyptus obliqua",0.625244140625,"test","BondTier"
"5707",16,"large Non-euc",0.601837158203125,"test","BondTier"
"5708",16,"small Non-euc",0.614129638671875,"test","BondTier"
"5709",17,"large Eucalyptus obliqua",0.65594482421875,"test","BondTier"
"5710",17,"large Non-euc",0.61846923828125,"test","BondTier"
"5711",17,"small Non-euc",0.794976806640625,"test","BondTier"
"5712",18,"large Eucalyptus obliqua",0.62056884765625,"test","BondTier"
"5713",18,"large Non-euc",0.646649169921875,"test","BondTier"
"5714",18,"small Non-euc",0.452935791015625,"test","BondTier"
"5715",19,"large Eucalyptus obliqua",0.597247314453125,"test","BondTier"
"5716",19,"large Non-euc",0.6139892578125,"test","BondTier"
"5717",19,"small Non-euc",0.56431884765625,"test","BondTier"
"5718",20,"large Eucalyptus obliqua",0.648211669921875,"test","BondTier"
"5719",20,"large Non-euc",0.629376220703125,"test","BondTier"
"5720",20,"small Non-euc",0.643060302734375,"test","BondTier"
"5721",1,"large Eucalyptus obliqua",0.660424017137097,"train","Supersite"
"5722",1,"large Non-euc",0.709926060267857,"train","Supersite"
"5723",1,"small Eucalyptus obliqua",0.720090119735054,"train","Supersite"
"5724",1,"small Non-euc",0.531109877035651,"train","Supersite"
"5725",2,"large Eucalyptus obliqua",0.65425060641381,"train","Supersite"
"5726",2,"large Non-euc",0.65264892578125,"train","Supersite"
"5727",2,"small Eucalyptus obliqua",0.664365022078804,"train","Supersite"
"5728",2,"small Non-euc",0.53331337512379,"train","Supersite"
"5729",3,"large Eucalyptus obliqua",0.643095939390121,"train","Supersite"
"5730",3,"large Non-euc",0.752005440848214,"train","Supersite"
"5731",3,"small Eucalyptus obliqua",0.68308689283288,"train","Supersite"
"5732",3,"small Non-euc",0.529585287604533,"train","Supersite"
"5733",4,"large Eucalyptus obliqua",0.660153296685988,"train","Supersite"
"5734",4,"large Non-euc",0.591884068080357,"train","Supersite"
"5735",4,"small Eucalyptus obliqua",0.697655719259511,"train","Supersite"
"5736",4,"small Non-euc",0.535359772158341,"train","Supersite"
"5737",5,"large Eucalyptus obliqua",0.66908214938256,"train","Supersite"
"5738",5,"large Non-euc",0.677150181361607,"train","Supersite"
"5739",5,"small Eucalyptus obliqua",0.648697562839674,"train","Supersite"
"5740",5,"small Non-euc",0.537109160087478,"train","Supersite"
"5741",6,"large Eucalyptus obliqua",0.636974703881048,"train","Supersite"
"5742",6,"large Non-euc",0.678196498325893,"train","Supersite"
"5743",6,"small Eucalyptus obliqua",0.680051057235054,"train","Supersite"
"5744",6,"small Non-euc",0.528553277673856,"train","Supersite"
"5745",7,"large Eucalyptus obliqua",0.654512466922883,"train","Supersite"
"5746",7,"large Non-euc",0.847202845982143,"train","Supersite"
"5747",7,"small Eucalyptus obliqua",0.640625,"train","Supersite"
"5748",7,"small Non-euc",0.529596463055678,"train","Supersite"
"5749",8,"large Eucalyptus obliqua",0.663191272366431,"train","Supersite"
"5750",8,"large Non-euc",0.612435477120536,"train","Supersite"
"5751",8,"small Eucalyptus obliqua",0.678947117017663,"train","Supersite"
"5752",8,"small Non-euc",0.520429154516945,"train","Supersite"
"5753",9,"large Eucalyptus obliqua",0.636397823210685,"train","Supersite"
"5754",9,"large Non-euc",0.71923828125,"train","Supersite"
"5755",9,"small Eucalyptus obliqua",0.652914296025815,"train","Supersite"
"5756",9,"small Non-euc",0.530875407474142,"train","Supersite"
"5757",10,"large Eucalyptus obliqua",0.648093931136593,"train","Supersite"
"5758",10,"large Non-euc",0.691641671316964,"train","Supersite"
"5759",10,"small Eucalyptus obliqua",0.639536981997283,"train","Supersite"
"5760",10,"small Non-euc",0.531107083172865,"train","Supersite"
"5761",11,"large Eucalyptus obliqua",0.640221380418347,"train","Supersite"
"5762",11,"large Non-euc",0.736825125558036,"train","Supersite"
"5763",11,"small Eucalyptus obliqua",0.667626422384511,"train","Supersite"
"5764",11,"small Non-euc",0.533293818084287,"train","Supersite"
"5765",12,"large Eucalyptus obliqua",0.648395169165827,"train","Supersite"
"5766",12,"large Non-euc",0.766470772879464,"train","Supersite"
"5767",12,"small Eucalyptus obliqua",0.688792353091033,"train","Supersite"
"5768",12,"small Non-euc",0.52898740096831,"train","Supersite"
"5769",13,"large Eucalyptus obliqua",0.641884096207157,"train","Supersite"
"5770",13,"large Non-euc",0.656032017299107,"train","Supersite"
"5771",13,"small Eucalyptus obliqua",0.72322414232337,"train","Supersite"
"5772",13,"small Non-euc",0.524893962161642,"train","Supersite"
"5773",14,"large Eucalyptus obliqua",0.660902454007056,"train","Supersite"
"5774",14,"large Non-euc",0.663487025669643,"train","Supersite"
"5775",14,"small Eucalyptus obliqua",0.711324940557065,"train","Supersite"
"5776",14,"small Non-euc",0.531952763946963,"train","Supersite"
"5777",15,"large Eucalyptus obliqua",0.658936531313004,"train","Supersite"
"5778",15,"large Non-euc",0.810224260602679,"train","Supersite"
"5779",15,"small Eucalyptus obliqua",0.710316533627717,"train","Supersite"
"5780",15,"small Non-euc",0.531740860200264,"train","Supersite"
"5781",16,"large Eucalyptus obliqua",0.642762214906754,"train","Supersite"
"5782",16,"large Non-euc",0.634556361607143,"train","Supersite"
"5783",16,"small Eucalyptus obliqua",0.735770847486413,"train","Supersite"
"5784",16,"small Non-euc",0.530039612676056,"train","Supersite"
"5785",17,"large Eucalyptus obliqua",0.655979279548891,"train","Supersite"
"5786",17,"large Non-euc",0.853123256138393,"train","Supersite"
"5787",17,"small Eucalyptus obliqua",0.707240892493207,"train","Supersite"
"5788",17,"small Non-euc",0.529345230317452,"train","Supersite"
"5789",18,"large Eucalyptus obliqua",0.643486761277722,"train","Supersite"
"5790",18,"large Non-euc",0.572222028459821,"train","Supersite"
"5791",18,"small Eucalyptus obliqua",0.70963718580163,"train","Supersite"
"5792",18,"small Non-euc",0.530628687898878,"train","Supersite"
"5793",19,"large Eucalyptus obliqua",0.648989769720262,"train","Supersite"
"5794",19,"large Non-euc",0.727286202566964,"train","Supersite"
"5795",19,"small Eucalyptus obliqua",0.705168350883152,"train","Supersite"
"5796",19,"small Non-euc",0.529872195821413,"train","Supersite"
"5797",20,"large Eucalyptus obliqua",0.645301080519153,"train","Supersite"
"5798",20,"large Non-euc",0.714983258928571,"train","Supersite"
"5799",20,"small Eucalyptus obliqua",0.709531037703804,"train","Supersite"
"5800",20,"small Non-euc",0.529982016120158,"train","Supersite"
"5801",1,"large Eucalyptus obliqua",0.567547607421875,"test","Supersite"
"5802",1,"large Non-euc",0.612310791015625,"test","Supersite"
"5803",1,"small Eucalyptus obliqua",0.625732421875,"test","Supersite"
"5804",1,"small Non-euc",0.597955322265625,"test","Supersite"
"5805",2,"large Eucalyptus obliqua",0.57152099609375,"test","Supersite"
"5806",2,"large Non-euc",0.702288818359375,"test","Supersite"
"5807",2,"small Eucalyptus obliqua",0.6930908203125,"test","Supersite"
"5808",2,"small Non-euc",0.62152099609375,"test","Supersite"
"5809",3,"large Eucalyptus obliqua",0.545440673828125,"test","Supersite"
"5810",3,"large Non-euc",0.61563720703125,"test","Supersite"
"5811",3,"small Eucalyptus obliqua",0.728765869140625,"test","Supersite"
"5812",3,"small Non-euc",0.667724609375,"test","Supersite"
"5813",4,"large Eucalyptus obliqua",0.5438720703125,"test","Supersite"
"5814",4,"large Non-euc",0.66510009765625,"test","Supersite"
"5815",4,"small Eucalyptus obliqua",0.66085205078125,"test","Supersite"
"5816",4,"small Non-euc",0.61375732421875,"test","Supersite"
"5817",5,"large Eucalyptus obliqua",0.512591552734375,"test","Supersite"
"5818",5,"large Non-euc",0.6686767578125,"test","Supersite"
"5819",5,"small Eucalyptus obliqua",0.703826904296875,"test","Supersite"
"5820",5,"small Non-euc",0.691143798828125,"test","Supersite"
"5821",6,"large Eucalyptus obliqua",0.678594970703125,"test","Supersite"
"5822",6,"large Non-euc",0.653668212890625,"test","Supersite"
"5823",6,"small Eucalyptus obliqua",0.67159423828125,"test","Supersite"
"5824",6,"small Non-euc",0.50244140625,"test","Supersite"
"5825",7,"large Eucalyptus obliqua",0.572265625,"test","Supersite"
"5826",7,"large Non-euc",0.550238037109375,"test","Supersite"
"5827",7,"small Eucalyptus obliqua",0.813787841796875,"test","Supersite"
"5828",7,"small Non-euc",0.761541748046875,"test","Supersite"
"5829",8,"large Eucalyptus obliqua",0.523779296875,"test","Supersite"
"5830",8,"large Non-euc",0.708367919921875,"test","Supersite"
"5831",8,"small Eucalyptus obliqua",0.758099365234375,"test","Supersite"
"5832",8,"small Non-euc",0.64111328125,"test","Supersite"
"5833",9,"large Eucalyptus obliqua",0.657855224609375,"test","Supersite"
"5834",9,"large Non-euc",0.613946533203125,"test","Supersite"
"5835",9,"small Eucalyptus obliqua",0.7613525390625,"test","Supersite"
"5836",9,"small Non-euc",0.643756103515625,"test","Supersite"
"5837",10,"large Eucalyptus obliqua",0.69254150390625,"test","Supersite"
"5838",10,"large Non-euc",0.6249755859375,"test","Supersite"
"5839",10,"small Eucalyptus obliqua",0.685699462890625,"test","Supersite"
"5840",10,"small Non-euc",0.7492919921875,"test","Supersite"
"5841",11,"large Eucalyptus obliqua",0.621771240234375,"test","Supersite"
"5842",11,"large Non-euc",0.6182373046875,"test","Supersite"
"5843",11,"small Eucalyptus obliqua",0.573687744140625,"test","Supersite"
"5844",11,"small Non-euc",0.54012451171875,"test","Supersite"
"5845",12,"large Eucalyptus obliqua",0.6921630859375,"test","Supersite"
"5846",12,"large Non-euc",0.598956298828125,"test","Supersite"
"5847",12,"small Eucalyptus obliqua",0.72412109375,"test","Supersite"
"5848",12,"small Non-euc",0.56968994140625,"test","Supersite"
"5849",13,"large Eucalyptus obliqua",0.608868408203125,"test","Supersite"
"5850",13,"large Non-euc",0.7313720703125,"test","Supersite"
"5851",13,"small Eucalyptus obliqua",0.61513671875,"test","Supersite"
"5852",13,"small Non-euc",0.70072021484375,"test","Supersite"
"5853",14,"large Eucalyptus obliqua",0.57711181640625,"test","Supersite"
"5854",14,"large Non-euc",0.73416748046875,"test","Supersite"
"5855",14,"small Eucalyptus obliqua",0.618255615234375,"test","Supersite"
"5856",14,"small Non-euc",0.68612060546875,"test","Supersite"
"5857",15,"large Eucalyptus obliqua",0.542205810546875,"test","Supersite"
"5858",15,"large Non-euc",0.603533935546875,"test","Supersite"
"5859",15,"small Eucalyptus obliqua",0.621942138671875,"test","Supersite"
"5860",15,"small Non-euc",0.687506103515625,"test","Supersite"
"5861",16,"large Eucalyptus obliqua",0.637786865234375,"test","Supersite"
"5862",16,"large Non-euc",0.70279541015625,"test","Supersite"
"5863",16,"small Eucalyptus obliqua",0.55157470703125,"test","Supersite"
"5864",16,"small Non-euc",0.543206787109375,"test","Supersite"
"5865",17,"large Eucalyptus obliqua",0.51380615234375,"test","Supersite"
"5866",17,"large Non-euc",0.532183837890625,"test","Supersite"
"5867",17,"small Eucalyptus obliqua",0.632232666015625,"test","Supersite"
"5868",17,"small Non-euc",0.68939208984375,"test","Supersite"
"5869",18,"large Eucalyptus obliqua",0.688214111328125,"test","Supersite"
"5870",18,"large Non-euc",0.724884033203125,"test","Supersite"
"5871",18,"small Eucalyptus obliqua",0.606988525390625,"test","Supersite"
"5872",18,"small Non-euc",0.675970458984375,"test","Supersite"
"5873",19,"large Eucalyptus obliqua",0.587701416015625,"test","Supersite"
"5874",19,"large Non-euc",0.63055419921875,"test","Supersite"
"5875",19,"small Eucalyptus obliqua",0.655718994140625,"test","Supersite"
"5876",19,"small Non-euc",0.558868408203125,"test","Supersite"
"5877",20,"large Eucalyptus obliqua",0.62718505859375,"test","Supersite"
"5878",20,"large Non-euc",0.647247314453125,"test","Supersite"
"5879",20,"small Eucalyptus obliqua",0.698388671875,"test","Supersite"
"5880",20,"small Non-euc",0.679327392578125,"test","Supersite"
"5881",1,"large Eucalyptus delegatensis",0.538957383897569,"train","Mackenzie"
"5882",1,"small Eucalyptus delegatensis",0.54921751983406,"train","Mackenzie"
"5883",1,"small Non-euc",0.594744514016544,"train","Mackenzie"
"5884",2,"large Eucalyptus delegatensis",0.552208794487847,"train","Mackenzie"
"5885",2,"small Eucalyptus delegatensis",0.566119053567103,"train","Mackenzie"
"5886",2,"small Non-euc",0.583639379491143,"train","Mackenzie"
"5887",3,"large Eucalyptus delegatensis",0.498816596137153,"train","Mackenzie"
"5888",3,"small Eucalyptus delegatensis",0.56368048616158,"train","Mackenzie"
"5889",3,"small Non-euc",0.589811763661431,"train","Mackenzie"
"5890",4,"large Eucalyptus delegatensis",0.511064317491319,"train","Mackenzie"
"5891",4,"small Eucalyptus delegatensis",0.55300785035126,"train","Mackenzie"
"5892",4,"small Non-euc",0.584769345859793,"train","Mackenzie"
"5893",5,"large Eucalyptus delegatensis",0.539439731174045,"train","Mackenzie"
"5894",5,"small Eucalyptus delegatensis",0.552845563075339,"train","Mackenzie"
"5895",5,"small Non-euc",0.591441761363636,"train","Mackenzie"
"5896",6,"large Eucalyptus delegatensis",0.532748752170139,"train","Mackenzie"
"5897",6,"small Eucalyptus delegatensis",0.551832568737888,"train","Mackenzie"
"5898",6,"small Non-euc",0.590765152385528,"train","Mackenzie"
"5899",7,"large Eucalyptus delegatensis",0.547325981987847,"train","Mackenzie"
"5900",7,"small Eucalyptus delegatensis",0.567942064861919,"train","Mackenzie"
"5901",7,"small Non-euc",0.590887549089238,"train","Mackenzie"
"5902",8,"large Eucalyptus delegatensis",0.521731906467014,"train","Mackenzie"
"5903",8,"small Eucalyptus delegatensis",0.560915451641231,"train","Mackenzie"
"5904",8,"small Non-euc",0.585433551971925,"train","Mackenzie"
"5905",9,"large Eucalyptus delegatensis",0.508638170030382,"train","Mackenzie"
"5906",9,"small Eucalyptus delegatensis",0.560311724049176,"train","Mackenzie"
"5907",9,"small Non-euc",0.591767826182319,"train","Mackenzie"
"5908",10,"large Eucalyptus delegatensis",0.545140584309896,"train","Mackenzie"
"5909",10,"small Eucalyptus delegatensis",0.550256063771802,"train","Mackenzie"
"5910",10,"small Non-euc",0.594044404871323,"train","Mackenzie"
"5911",11,"large Eucalyptus delegatensis",0.515407138400608,"train","Mackenzie"
"5912",11,"small Eucalyptus delegatensis",0.559626616248789,"train","Mackenzie"
"5913",11,"small Non-euc",0.589746811810662,"train","Mackenzie"
"5914",12,"large Eucalyptus delegatensis",0.551226298014323,"train","Mackenzie"
"5915",12,"small Eucalyptus delegatensis",0.554777396741764,"train","Mackenzie"
"5916",12,"small Non-euc",0.591142134232955,"train","Mackenzie"
"5917",13,"large Eucalyptus delegatensis",0.536359998914931,"train","Mackenzie"
"5918",13,"small Eucalyptus delegatensis",0.549060910247093,"train","Mackenzie"
"5919",13,"small Non-euc",0.591861500459559,"train","Mackenzie"
"5920",14,"large Eucalyptus delegatensis",0.536316765679253,"train","Mackenzie"
"5921",14,"small Eucalyptus delegatensis",0.567339283551357,"train","Mackenzie"
"5922",14,"small Non-euc",0.592616769719251,"train","Mackenzie"
"5923",15,"large Eucalyptus delegatensis",0.549875895182292,"train","Mackenzie"
"5924",15,"small Eucalyptus delegatensis",0.568433184956395,"train","Mackenzie"
"5925",15,"small Non-euc",0.588099841765541,"train","Mackenzie"
"5926",16,"large Eucalyptus delegatensis",0.540617201063368,"train","Mackenzie"
"5927",16,"small Eucalyptus delegatensis",0.562939074612403,"train","Mackenzie"
"5928",16,"small Non-euc",0.589296718332219,"train","Mackenzie"
"5929",17,"large Eucalyptus delegatensis",0.544075012207031,"train","Mackenzie"
"5930",17,"small Eucalyptus delegatensis",0.552884360616521,"train","Mackenzie"
"5931",17,"small Non-euc",0.594135141627674,"train","Mackenzie"
"5932",18,"large Eucalyptus delegatensis",0.550358242458767,"train","Mackenzie"
"5933",18,"small Eucalyptus delegatensis",0.556670432867006,"train","Mackenzie"
"5934",18,"small Non-euc",0.591174446962734,"train","Mackenzie"
"5935",19,"large Eucalyptus delegatensis",0.49971432156033,"train","Mackenzie"
"5936",19,"small Eucalyptus delegatensis",0.561103288517442,"train","Mackenzie"
"5937",19,"small Non-euc",0.599412887491644,"train","Mackenzie"
"5938",20,"large Eucalyptus delegatensis",0.547687106662326,"train","Mackenzie"
"5939",20,"small Eucalyptus delegatensis",0.554665262384932,"train","Mackenzie"
"5940",20,"small Non-euc",0.596082717977106,"train","Mackenzie"
"5941",1,"large Eucalyptus delegatensis",0.522174072265625,"test","Mackenzie"
"5942",1,"small Eucalyptus delegatensis",0.754827880859375,"test","Mackenzie"
"5943",1,"small Non-euc",0.590203857421875,"test","Mackenzie"
"5944",2,"large Eucalyptus delegatensis",0.426416015625,"test","Mackenzie"
"5945",2,"small Eucalyptus delegatensis",0.609503173828125,"test","Mackenzie"
"5946",2,"small Non-euc",0.59102783203125,"test","Mackenzie"
"5947",3,"large Eucalyptus delegatensis",0.469830322265625,"test","Mackenzie"
"5948",3,"small Eucalyptus delegatensis",0.496044921875,"test","Mackenzie"
"5949",3,"small Non-euc",0.58326416015625,"test","Mackenzie"
"5950",4,"large Eucalyptus delegatensis",0.394512939453125,"test","Mackenzie"
"5951",4,"small Eucalyptus delegatensis",0.654998779296875,"test","Mackenzie"
"5952",4,"small Non-euc",0.60728759765625,"test","Mackenzie"
"5953",5,"large Eucalyptus delegatensis",0.345587158203125,"test","Mackenzie"
"5954",5,"small Eucalyptus delegatensis",0.6258544921875,"test","Mackenzie"
"5955",5,"small Non-euc",0.748345947265625,"test","Mackenzie"
"5956",6,"large Eucalyptus delegatensis",0.514312744140625,"test","Mackenzie"
"5957",6,"small Eucalyptus delegatensis",0.5727294921875,"test","Mackenzie"
"5958",6,"small Non-euc",0.718402099609375,"test","Mackenzie"
"5959",7,"large Eucalyptus delegatensis",0.486309814453125,"test","Mackenzie"
"5960",7,"small Eucalyptus delegatensis",0.540667724609375,"test","Mackenzie"
"5961",7,"small Non-euc",0.654901123046875,"test","Mackenzie"
"5962",8,"large Eucalyptus delegatensis",0.4105712890625,"test","Mackenzie"
"5963",8,"small Eucalyptus delegatensis",0.450469970703125,"test","Mackenzie"
"5964",8,"small Non-euc",0.69114990234375,"test","Mackenzie"
"5965",9,"large Eucalyptus delegatensis",0.5351318359375,"test","Mackenzie"
"5966",9,"small Eucalyptus delegatensis",0.429901123046875,"test","Mackenzie"
"5967",9,"small Non-euc",0.7439453125,"test","Mackenzie"
"5968",10,"large Eucalyptus delegatensis",0.42784423828125,"test","Mackenzie"
"5969",10,"small Eucalyptus delegatensis",0.663232421875,"test","Mackenzie"
"5970",10,"small Non-euc",0.598345947265625,"test","Mackenzie"
"5971",11,"large Eucalyptus delegatensis",0.529632568359375,"test","Mackenzie"
"5972",11,"small Eucalyptus delegatensis",0.5321533203125,"test","Mackenzie"
"5973",11,"small Non-euc",0.59595947265625,"test","Mackenzie"
"5974",12,"large Eucalyptus delegatensis",0.4884765625,"test","Mackenzie"
"5975",12,"small Eucalyptus delegatensis",0.594970703125,"test","Mackenzie"
"5976",12,"small Non-euc",0.513812255859375,"test","Mackenzie"
"5977",13,"large Eucalyptus delegatensis",0.4088623046875,"test","Mackenzie"
"5978",13,"small Eucalyptus delegatensis",0.5940673828125,"test","Mackenzie"
"5979",13,"small Non-euc",0.528302001953125,"test","Mackenzie"
"5980",14,"large Eucalyptus delegatensis",0.508074951171875,"test","Mackenzie"
"5981",14,"small Eucalyptus delegatensis",0.514453125,"test","Mackenzie"
"5982",14,"small Non-euc",0.585699462890625,"test","Mackenzie"
"5983",15,"large Eucalyptus delegatensis",0.515277099609375,"test","Mackenzie"
"5984",15,"small Eucalyptus delegatensis",0.51500244140625,"test","Mackenzie"
"5985",15,"small Non-euc",0.64945068359375,"test","Mackenzie"
"5986",16,"large Eucalyptus delegatensis",0.574346923828125,"test","Mackenzie"
"5987",16,"small Eucalyptus delegatensis",0.490643310546875,"test","Mackenzie"
"5988",16,"small Non-euc",0.60823974609375,"test","Mackenzie"
"5989",17,"large Eucalyptus delegatensis",0.535723876953125,"test","Mackenzie"
"5990",17,"small Eucalyptus delegatensis",0.630438232421875,"test","Mackenzie"
"5991",17,"small Non-euc",0.57703857421875,"test","Mackenzie"
"5992",18,"large Eucalyptus delegatensis",0.449639892578125,"test","Mackenzie"
"5993",18,"small Eucalyptus delegatensis",0.62115478515625,"test","Mackenzie"
"5994",18,"small Non-euc",0.596453857421875,"test","Mackenzie"
"5995",19,"large Eucalyptus delegatensis",0.61402587890625,"test","Mackenzie"
"5996",19,"small Eucalyptus delegatensis",0.605255126953125,"test","Mackenzie"
"5997",19,"small Non-euc",0.544073486328125,"test","Mackenzie"
"5998",20,"large Eucalyptus delegatensis",0.514422607421875,"test","Mackenzie"
"5999",20,"small Eucalyptus delegatensis",0.56256103515625,"test","Mackenzie"
"6000",20,"small Non-euc",0.5155029296875,"test","Mackenzie"
"6001",1,"large Eucalyptus delegatensis",0.527847290039062,"train","MtMaurice"
"6002",1,"small Eucalyptus dalrympleana",0.569322620738636,"train","MtMaurice"
"6003",1,"small Eucalyptus delegatensis",0.629793319234087,"train","MtMaurice"
"6004",1,"small Non-euc",0.639845463267544,"train","MtMaurice"
"6005",2,"large Eucalyptus delegatensis",0.513479132401316,"train","MtMaurice"
"6006",2,"small Eucalyptus dalrympleana",0.569938520951704,"train","MtMaurice"
"6007",2,"small Eucalyptus delegatensis",0.634054921156058,"train","MtMaurice"
"6008",2,"small Non-euc",0.62390350877193,"train","MtMaurice"
"6009",3,"large Eucalyptus delegatensis",0.527759752775493,"train","MtMaurice"
"6010",3,"small Eucalyptus dalrympleana",0.559420498934659,"train","MtMaurice"
"6011",3,"small Eucalyptus delegatensis",0.631289991133052,"train","MtMaurice"
"6012",3,"small Non-euc",0.640144214295504,"train","MtMaurice"
"6013",4,"large Eucalyptus delegatensis",0.505328529759457,"train","MtMaurice"
"6014",4,"small Eucalyptus dalrympleana",0.558541592684659,"train","MtMaurice"
"6015",4,"small Eucalyptus delegatensis",0.621852383291794,"train","MtMaurice"
"6016",4,"small Non-euc",0.618863289816338,"train","MtMaurice"
"6017",5,"large Eucalyptus delegatensis",0.486678274054276,"train","MtMaurice"
"6018",5,"small Eucalyptus dalrympleana",0.592530406605114,"train","MtMaurice"
"6019",5,"small Eucalyptus delegatensis",0.628419466545245,"train","MtMaurice"
"6020",5,"small Non-euc",0.649197762472588,"train","MtMaurice"
"6021",6,"large Eucalyptus delegatensis",0.500220047800164,"train","MtMaurice"
"6022",6,"small Eucalyptus dalrympleana",0.580623002485795,"train","MtMaurice"
"6023",6,"small Eucalyptus delegatensis",0.626114734111388,"train","MtMaurice"
"6024",6,"small Non-euc",0.625116716351425,"train","MtMaurice"
"6025",7,"large Eucalyptus delegatensis",0.537192093698602,"train","MtMaurice"
"6026",7,"small Eucalyptus dalrympleana",0.567776766690341,"train","MtMaurice"
"6027",7,"small Eucalyptus delegatensis",0.631552479749808,"train","MtMaurice"
"6028",7,"small Non-euc",0.618873997738487,"train","MtMaurice"
"6029",8,"large Eucalyptus delegatensis",0.515247545744243,"train","MtMaurice"
"6030",8,"small Eucalyptus dalrympleana",0.543483664772727,"train","MtMaurice"
"6031",8,"small Eucalyptus delegatensis",0.627299115701687,"train","MtMaurice"
"6032",8,"small Non-euc",0.617066500479715,"train","MtMaurice"
"6033",9,"large Eucalyptus delegatensis",0.526603297183388,"train","MtMaurice"
"6034",9,"small Eucalyptus dalrympleana",0.578252618963068,"train","MtMaurice"
"6035",9,"small Eucalyptus delegatensis",0.627534644004026,"train","MtMaurice"
"6036",9,"small Non-euc",0.628076386033443,"train","MtMaurice"
"6037",10,"large Eucalyptus delegatensis",0.512246382863898,"train","MtMaurice"
"6038",10,"small Eucalyptus dalrympleana",0.574889026988636,"train","MtMaurice"
"6039",10,"small Eucalyptus delegatensis",0.632495341856787,"train","MtMaurice"
"6040",10,"small Non-euc",0.630591676946272,"train","MtMaurice"
"6041",11,"large Eucalyptus delegatensis",0.518625359786184,"train","MtMaurice"
"6042",11,"small Eucalyptus dalrympleana",0.579818448153409,"train","MtMaurice"
"6043",11,"small Eucalyptus delegatensis",0.620002231714916,"train","MtMaurice"
"6044",11,"small Non-euc",0.651200143914474,"train","MtMaurice"
"6045",12,"large Eucalyptus delegatensis",0.494057103207237,"train","MtMaurice"
"6046",12,"small Eucalyptus dalrympleana",0.553359153053977,"train","MtMaurice"
"6047",12,"small Eucalyptus delegatensis",0.623979626989072,"train","MtMaurice"
"6048",12,"small Non-euc",0.657563862047697,"train","MtMaurice"
"6049",13,"large Eucalyptus delegatensis",0.537151938990543,"train","MtMaurice"
"6050",13,"small Eucalyptus dalrympleana",0.571831720525568,"train","MtMaurice"
"6051",13,"small Eucalyptus delegatensis",0.636590688506518,"train","MtMaurice"
"6052",13,"small Non-euc",0.640051055372807,"train","MtMaurice"
"6053",14,"large Eucalyptus delegatensis",0.499945389597039,"train","MtMaurice"
"6054",14,"small Eucalyptus dalrympleana",0.571577592329545,"train","MtMaurice"
"6055",14,"small Eucalyptus delegatensis",0.628688320791794,"train","MtMaurice"
"6056",14,"small Non-euc",0.643667120682566,"train","MtMaurice"
"6057",15,"large Eucalyptus delegatensis",0.512238351922286,"train","MtMaurice"
"6058",15,"small Eucalyptus dalrympleana",0.586866344105114,"train","MtMaurice"
"6059",15,"small Eucalyptus delegatensis",0.632992984327071,"train","MtMaurice"
"6060",15,"small Non-euc",0.634845934416118,"train","MtMaurice"
"6061",16,"large Eucalyptus delegatensis",0.530909488075658,"train","MtMaurice"
"6062",16,"small Eucalyptus dalrympleana",0.606279962713068,"train","MtMaurice"
"6063",16,"small Eucalyptus delegatensis",0.626887222009202,"train","MtMaurice"
"6064",16,"small Non-euc",0.67932557223136,"train","MtMaurice"
"6065",17,"large Eucalyptus delegatensis",0.532073974609375,"train","MtMaurice"
"6066",17,"small Eucalyptus dalrympleana",0.575123180042614,"train","MtMaurice"
"6067",17,"small Eucalyptus delegatensis",0.633580120063267,"train","MtMaurice"
"6068",17,"small Non-euc",0.628160978618421,"train","MtMaurice"
"6069",18,"large Eucalyptus delegatensis",0.502655029296875,"train","MtMaurice"
"6070",18,"small Eucalyptus dalrympleana",0.570806329900568,"train","MtMaurice"
"6071",18,"small Eucalyptus delegatensis",0.636988727592983,"train","MtMaurice"
"6072",18,"small Non-euc",0.659737570243969,"train","MtMaurice"
"6073",19,"large Eucalyptus delegatensis",0.506655241313734,"train","MtMaurice"
"6074",19,"small Eucalyptus dalrympleana",0.588140314275568,"train","MtMaurice"
"6075",19,"small Eucalyptus delegatensis",0.630645939177531,"train","MtMaurice"
"6076",19,"small Non-euc",0.626869603207237,"train","MtMaurice"
"6077",20,"large Eucalyptus delegatensis",0.534553929379112,"train","MtMaurice"
"6078",20,"small Eucalyptus dalrympleana",0.574083362926136,"train","MtMaurice"
"6079",20,"small Eucalyptus delegatensis",0.629140654955905,"train","MtMaurice"
"6080",20,"small Non-euc",0.625805235745614,"train","MtMaurice"
"6081",1,"large Eucalyptus delegatensis",0.671826171875,"test","MtMaurice"
"6082",1,"small Eucalyptus dalrympleana",0.57572021484375,"test","MtMaurice"
"6083",1,"small Eucalyptus delegatensis",0.700848388671875,"test","MtMaurice"
"6084",1,"small Non-euc",0.578363037109375,"test","MtMaurice"
"6085",2,"large Eucalyptus delegatensis",0.541180419921875,"test","MtMaurice"
"6086",2,"small Eucalyptus dalrympleana",0.567303466796875,"test","MtMaurice"
"6087",2,"small Eucalyptus delegatensis",0.594158935546875,"test","MtMaurice"
"6088",2,"small Non-euc",0.553448486328125,"test","MtMaurice"
"6089",3,"large Eucalyptus delegatensis",0.4802001953125,"test","MtMaurice"
"6090",3,"small Eucalyptus dalrympleana",0.581036376953125,"test","MtMaurice"
"6091",3,"small Eucalyptus delegatensis",0.698095703125,"test","MtMaurice"
"6092",3,"small Non-euc",0.46927490234375,"test","MtMaurice"
"6093",4,"large Eucalyptus delegatensis",0.546923828125,"test","MtMaurice"
"6094",4,"small Eucalyptus dalrympleana",0.574713134765625,"test","MtMaurice"
"6095",4,"small Eucalyptus delegatensis",0.7915283203125,"test","MtMaurice"
"6096",4,"small Non-euc",0.68128662109375,"test","MtMaurice"
"6097",5,"large Eucalyptus delegatensis",0.391314697265625,"test","MtMaurice"
"6098",5,"small Eucalyptus dalrympleana",0.473822021484375,"test","MtMaurice"
"6099",5,"small Eucalyptus delegatensis",0.541748046875,"test","MtMaurice"
"6100",5,"small Non-euc",0.555291748046875,"test","MtMaurice"
"6101",6,"large Eucalyptus delegatensis",0.526348876953125,"test","MtMaurice"
"6102",6,"small Eucalyptus dalrympleana",0.52432861328125,"test","MtMaurice"
"6103",6,"small Eucalyptus delegatensis",0.70845947265625,"test","MtMaurice"
"6104",6,"small Non-euc",0.701068115234375,"test","MtMaurice"
"6105",7,"large Eucalyptus delegatensis",0.54212646484375,"test","MtMaurice"
"6106",7,"small Eucalyptus dalrympleana",0.55523681640625,"test","MtMaurice"
"6107",7,"small Eucalyptus delegatensis",0.701580810546875,"test","MtMaurice"
"6108",7,"small Non-euc",0.5764892578125,"test","MtMaurice"
"6109",8,"large Eucalyptus delegatensis",0.614410400390625,"test","MtMaurice"
"6110",8,"small Eucalyptus dalrympleana",0.65076904296875,"test","MtMaurice"
"6111",8,"small Eucalyptus delegatensis",0.682025146484375,"test","MtMaurice"
"6112",8,"small Non-euc",0.624652099609375,"test","MtMaurice"
"6113",9,"large Eucalyptus delegatensis",0.539312744140625,"test","MtMaurice"
"6114",9,"small Eucalyptus dalrympleana",0.54864501953125,"test","MtMaurice"
"6115",9,"small Eucalyptus delegatensis",0.634405517578125,"test","MtMaurice"
"6116",9,"small Non-euc",0.6312255859375,"test","MtMaurice"
"6117",10,"large Eucalyptus delegatensis",0.483428955078125,"test","MtMaurice"
"6118",10,"small Eucalyptus dalrympleana",0.530126953125,"test","MtMaurice"
"6119",10,"small Eucalyptus delegatensis",0.66724853515625,"test","MtMaurice"
"6120",10,"small Non-euc",0.570819091796875,"test","MtMaurice"
"6121",11,"large Eucalyptus delegatensis",0.539898681640625,"test","MtMaurice"
"6122",11,"small Eucalyptus dalrympleana",0.5755859375,"test","MtMaurice"
"6123",11,"small Eucalyptus delegatensis",0.724847412109375,"test","MtMaurice"
"6124",11,"small Non-euc",0.527978515625,"test","MtMaurice"
"6125",12,"large Eucalyptus delegatensis",0.576641845703125,"test","MtMaurice"
"6126",12,"small Eucalyptus dalrympleana",0.63194580078125,"test","MtMaurice"
"6127",12,"small Eucalyptus delegatensis",0.649969482421875,"test","MtMaurice"
"6128",12,"small Non-euc",0.531134033203125,"test","MtMaurice"
"6129",13,"large Eucalyptus delegatensis",0.584857177734375,"test","MtMaurice"
"6130",13,"small Eucalyptus dalrympleana",0.525146484375,"test","MtMaurice"
"6131",13,"small Eucalyptus delegatensis",0.67301025390625,"test","MtMaurice"
"6132",13,"small Non-euc",0.54697265625,"test","MtMaurice"
"6133",14,"large Eucalyptus delegatensis",0.5523193359375,"test","MtMaurice"
"6134",14,"small Eucalyptus dalrympleana",0.599652099609375,"test","MtMaurice"
"6135",14,"small Eucalyptus delegatensis",0.64937744140625,"test","MtMaurice"
"6136",14,"small Non-euc",0.55355224609375,"test","MtMaurice"
"6137",15,"large Eucalyptus delegatensis",0.581817626953125,"test","MtMaurice"
"6138",15,"small Eucalyptus dalrympleana",0.553143310546875,"test","MtMaurice"
"6139",15,"small Eucalyptus delegatensis",0.584466552734375,"test","MtMaurice"
"6140",15,"small Non-euc",0.5343017578125,"test","MtMaurice"
"6141",16,"large Eucalyptus delegatensis",0.462249755859375,"test","MtMaurice"
"6142",16,"small Eucalyptus dalrympleana",0.341986083984375,"test","MtMaurice"
"6143",16,"small Eucalyptus delegatensis",0.72139892578125,"test","MtMaurice"
"6144",16,"small Non-euc",0.3634521484375,"test","MtMaurice"
"6145",17,"large Eucalyptus delegatensis",0.6171142578125,"test","MtMaurice"
"6146",17,"small Eucalyptus dalrympleana",0.6199462890625,"test","MtMaurice"
"6147",17,"small Eucalyptus delegatensis",0.6026123046875,"test","MtMaurice"
"6148",17,"small Non-euc",0.5303466796875,"test","MtMaurice"
"6149",18,"large Eucalyptus delegatensis",0.534197998046875,"test","MtMaurice"
"6150",18,"small Eucalyptus dalrympleana",0.531475830078125,"test","MtMaurice"
"6151",18,"small Eucalyptus delegatensis",0.60421142578125,"test","MtMaurice"
"6152",18,"small Non-euc",0.455767822265625,"test","MtMaurice"
"6153",19,"large Eucalyptus delegatensis",0.598394775390625,"test","MtMaurice"
"6154",19,"small Eucalyptus dalrympleana",0.502886962890625,"test","MtMaurice"
"6155",19,"small Eucalyptus delegatensis",0.582305908203125,"test","MtMaurice"
"6156",19,"small Non-euc",0.668426513671875,"test","MtMaurice"
"6157",20,"large Eucalyptus delegatensis",0.526348876953125,"test","MtMaurice"
"6158",20,"small Eucalyptus dalrympleana",0.558697509765625,"test","MtMaurice"
"6159",20,"small Eucalyptus delegatensis",0.647772216796875,"test","MtMaurice"
"6160",20,"small Non-euc",0.505682373046875,"test","MtMaurice"
"6161",1,"large Eucalyptus delegatensis",0.541539047703599,"train","Caveside"
"6162",1,"large Eucalyptus obliqua",0.725679524739583,"train","Caveside"
"6163",1,"small Eucalyptus delegatensis",0.585433959960938,"train","Caveside"
"6164",1,"small Eucalyptus obliqua",0.710922613376524,"train","Caveside"
"6165",1,"small Non-euc",0.529832188936351,"train","Caveside"
"6166",2,"large Eucalyptus delegatensis",0.590831409801136,"train","Caveside"
"6167",2,"large Eucalyptus obliqua",0.629488118489583,"train","Caveside"
"6168",2,"small Eucalyptus delegatensis",0.566725413004557,"train","Caveside"
"6169",2,"small Eucalyptus obliqua",0.715585103849085,"train","Caveside"
"6170",2,"small Non-euc",0.529105231439848,"train","Caveside"
"6171",3,"large Eucalyptus delegatensis",0.557582046046401,"train","Caveside"
"6172",3,"large Eucalyptus obliqua",0.73935546875,"train","Caveside"
"6173",3,"small Eucalyptus delegatensis",0.608725229899089,"train","Caveside"
"6174",3,"small Eucalyptus obliqua",0.725596358136433,"train","Caveside"
"6175",3,"small Non-euc",0.52906937145596,"train","Caveside"
"6176",4,"large Eucalyptus delegatensis",0.599982984138258,"train","Caveside"
"6177",4,"large Eucalyptus obliqua",0.6647705078125,"train","Caveside"
"6178",4,"small Eucalyptus delegatensis",0.573207855224609,"train","Caveside"
"6179",4,"small Eucalyptus obliqua",0.70739150628811,"train","Caveside"
"6180",4,"small Non-euc",0.529897078431005,"train","Caveside"
"6181",5,"large Eucalyptus delegatensis",0.575528231534091,"train","Caveside"
"6182",5,"large Eucalyptus obliqua",0.705550130208333,"train","Caveside"
"6183",5,"small Eucalyptus delegatensis",0.576988220214844,"train","Caveside"
"6184",5,"small Eucalyptus obliqua",0.678410227705793,"train","Caveside"
"6185",5,"small Non-euc",0.528361344127823,"train","Caveside"
"6186",6,"large Eucalyptus delegatensis",0.562917998342803,"train","Caveside"
"6187",6,"large Eucalyptus obliqua",0.724226888020833,"train","Caveside"
"6188",6,"small Eucalyptus delegatensis",0.600496927897135,"train","Caveside"
"6189",6,"small Eucalyptus obliqua",0.718614531726372,"train","Caveside"
"6190",6,"small Non-euc",0.529431581687775,"train","Caveside"
"6191",7,"large Eucalyptus delegatensis",0.609119762073864,"train","Caveside"
"6192",7,"large Eucalyptus obliqua",0.583805338541667,"train","Caveside"
"6193",7,"small Eucalyptus delegatensis",0.618883768717448,"train","Caveside"
"6194",7,"small Eucalyptus obliqua",0.718651748285061,"train","Caveside"
"6195",7,"small Non-euc",0.529270138576639,"train","Caveside"
"6196",8,"large Eucalyptus delegatensis",0.583919640743371,"train","Caveside"
"6197",8,"large Eucalyptus obliqua",0.715629069010417,"train","Caveside"
"6198",8,"small Eucalyptus delegatensis",0.602741241455078,"train","Caveside"
"6199",8,"small Eucalyptus obliqua",0.716508074504573,"train","Caveside"
"6200",8,"small Non-euc",0.529660548904626,"train","Caveside"
"6201",9,"large Eucalyptus delegatensis",0.589083584872159,"train","Caveside"
"6202",9,"large Eucalyptus obliqua",0.700484212239583,"train","Caveside"
"6203",9,"small Eucalyptus delegatensis",0.584503173828125,"train","Caveside"
"6204",9,"small Eucalyptus obliqua",0.743245938929116,"train","Caveside"
"6205",9,"small Non-euc",0.529287897806755,"train","Caveside"
"6206",10,"large Eucalyptus delegatensis",0.563924153645833,"train","Caveside"
"6207",10,"large Eucalyptus obliqua",0.767329915364583,"train","Caveside"
"6208",10,"small Eucalyptus delegatensis",0.568211873372396,"train","Caveside"
"6209",10,"small Eucalyptus obliqua",0.68377685546875,"train","Caveside"
"6210",10,"small Non-euc",0.530084087027253,"train","Caveside"
"6211",11,"large Eucalyptus delegatensis",0.566587505918561,"train","Caveside"
"6212",11,"large Eucalyptus obliqua",0.620296223958333,"train","Caveside"
"6213",11,"small Eucalyptus delegatensis",0.602961222330729,"train","Caveside"
"6214",11,"small Eucalyptus obliqua",0.678792813929116,"train","Caveside"
"6215",11,"small Non-euc",0.529337711471448,"train","Caveside"
"6216",12,"large Eucalyptus delegatensis",0.591449159564394,"train","Caveside"
"6217",12,"large Eucalyptus obliqua",0.654524739583333,"train","Caveside"
"6218",12,"small Eucalyptus delegatensis",0.568791707356771,"train","Caveside"
"6219",12,"small Eucalyptus obliqua",0.739644864710366,"train","Caveside"
"6220",12,"small Non-euc",0.529101377101444,"train","Caveside"
"6221",13,"large Eucalyptus delegatensis",0.590916489109849,"train","Caveside"
"6222",13,"large Eucalyptus obliqua",0.68778076171875,"train","Caveside"
"6223",13,"small Eucalyptus delegatensis",0.572820027669271,"train","Caveside"
"6224",13,"small Eucalyptus obliqua",0.731680521150915,"train","Caveside"
"6225",13,"small Non-euc",0.530131656393635,"train","Caveside"
"6226",14,"large Eucalyptus delegatensis",0.571573893229167,"train","Caveside"
"6227",14,"large Eucalyptus obliqua",0.623856608072917,"train","Caveside"
"6228",14,"small Eucalyptus delegatensis",0.601680755615234,"train","Caveside"
"6229",14,"small Eucalyptus obliqua",0.716193966749238,"train","Caveside"
"6230",14,"small Non-euc",0.529746271342301,"train","Caveside"
"6231",15,"large Eucalyptus delegatensis",0.588264234138258,"train","Caveside"
"6232",15,"large Eucalyptus obliqua",0.66614990234375,"train","Caveside"
"6233",15,"small Eucalyptus delegatensis",0.587076822916667,"train","Caveside"
"6234",15,"small Eucalyptus obliqua",0.680775712176067,"train","Caveside"
"6235",15,"small Non-euc",0.52976237174323,"train","Caveside"
"6236",16,"large Eucalyptus delegatensis",0.637147845643939,"train","Caveside"
"6237",16,"large Eucalyptus obliqua",0.692964680989583,"train","Caveside"
"6238",16,"small Eucalyptus delegatensis",0.60217539469401,"train","Caveside"
"6239",16,"small Eucalyptus obliqua",0.692053818121189,"train","Caveside"
"6240",16,"small Non-euc",0.529626494117206,"train","Caveside"
"6241",17,"large Eucalyptus delegatensis",0.606624718868371,"train","Caveside"
"6242",17,"large Eucalyptus obliqua",0.666552734375,"train","Caveside"
"6243",17,"small Eucalyptus delegatensis",0.592145284016927,"train","Caveside"
"6244",17,"small Eucalyptus obliqua",0.729170636432927,"train","Caveside"
"6245",17,"small Non-euc",0.530494696040043,"train","Caveside"
"6246",18,"large Eucalyptus delegatensis",0.626170765269886,"train","Caveside"
"6247",18,"large Eucalyptus obliqua",0.708076985677083,"train","Caveside"
"6248",18,"small Eucalyptus delegatensis",0.545233408610026,"train","Caveside"
"6249",18,"small Eucalyptus obliqua",0.748334186833079,"train","Caveside"
"6250",18,"small Non-euc",0.530386628197442,"train","Caveside"
"6251",19,"large Eucalyptus delegatensis",0.607098203716856,"train","Caveside"
"6252",19,"large Eucalyptus obliqua",0.6723876953125,"train","Caveside"
"6253",19,"small Eucalyptus delegatensis",0.557910919189453,"train","Caveside"
"6254",19,"small Eucalyptus obliqua",0.729944740853659,"train","Caveside"
"6255",19,"small Non-euc",0.530064912913419,"train","Caveside"
"6256",20,"large Eucalyptus delegatensis",0.584825920336174,"train","Caveside"
"6257",20,"large Eucalyptus obliqua",0.624491373697917,"train","Caveside"
"6258",20,"small Eucalyptus delegatensis",0.603341420491536,"train","Caveside"
"6259",20,"small Eucalyptus obliqua",0.717917837747713,"train","Caveside"
"6260",20,"small Non-euc",0.529921033876024,"train","Caveside"
"6261",1,"large Eucalyptus delegatensis",0.55623779296875,"test","Caveside"
"6262",1,"large Eucalyptus obliqua",0.52896728515625,"test","Caveside"
"6263",1,"small Eucalyptus delegatensis",0.60009765625,"test","Caveside"
"6264",1,"small Eucalyptus obliqua",0.77384033203125,"test","Caveside"
"6265",1,"small Non-euc",0.5341552734375,"test","Caveside"
"6266",2,"large Eucalyptus delegatensis",0.56973876953125,"test","Caveside"
"6267",2,"large Eucalyptus obliqua",0.43646240234375,"test","Caveside"
"6268",2,"small Eucalyptus delegatensis",0.68966064453125,"test","Caveside"
"6269",2,"small Eucalyptus obliqua",0.801544189453125,"test","Caveside"
"6270",2,"small Non-euc",0.54754638671875,"test","Caveside"
"6271",3,"large Eucalyptus delegatensis",0.583209228515625,"test","Caveside"
"6272",3,"large Eucalyptus obliqua",0.44229736328125,"test","Caveside"
"6273",3,"small Eucalyptus delegatensis",0.5856201171875,"test","Caveside"
"6274",3,"small Eucalyptus obliqua",0.787420654296875,"test","Caveside"
"6275",3,"small Non-euc",0.652728271484375,"test","Caveside"
"6276",4,"large Eucalyptus delegatensis",0.596173095703125,"test","Caveside"
"6277",4,"large Eucalyptus obliqua",0.587939453125,"test","Caveside"
"6278",4,"small Eucalyptus delegatensis",0.70914306640625,"test","Caveside"
"6279",4,"small Eucalyptus obliqua",0.74937744140625,"test","Caveside"
"6280",4,"small Non-euc",0.474615478515625,"test","Caveside"
"6281",5,"large Eucalyptus delegatensis",0.587164306640625,"test","Caveside"
"6282",5,"large Eucalyptus obliqua",0.416021728515625,"test","Caveside"
"6283",5,"small Eucalyptus delegatensis",0.551385498046875,"test","Caveside"
"6284",5,"small Eucalyptus obliqua",0.84693603515625,"test","Caveside"
"6285",5,"small Non-euc",0.684527587890625,"test","Caveside"
"6286",6,"large Eucalyptus delegatensis",0.556243896484375,"test","Caveside"
"6287",6,"large Eucalyptus obliqua",0.541796875,"test","Caveside"
"6288",6,"small Eucalyptus delegatensis",0.541485595703125,"test","Caveside"
"6289",6,"small Eucalyptus obliqua",0.769970703125,"test","Caveside"
"6290",6,"small Non-euc",0.492822265625,"test","Caveside"
"6291",7,"large Eucalyptus delegatensis",0.490765380859375,"test","Caveside"
"6292",7,"large Eucalyptus obliqua",0.48084716796875,"test","Caveside"
"6293",7,"small Eucalyptus delegatensis",0.49229736328125,"test","Caveside"
"6294",7,"small Eucalyptus obliqua",0.8277587890625,"test","Caveside"
"6295",7,"small Non-euc",0.6078125,"test","Caveside"
"6296",8,"large Eucalyptus delegatensis",0.549957275390625,"test","Caveside"
"6297",8,"large Eucalyptus obliqua",0.470355224609375,"test","Caveside"
"6298",8,"small Eucalyptus delegatensis",0.5374755859375,"test","Caveside"
"6299",8,"small Eucalyptus obliqua",0.691815185546875,"test","Caveside"
"6300",8,"small Non-euc",0.377569580078125,"test","Caveside"
"6301",9,"large Eucalyptus delegatensis",0.5026123046875,"test","Caveside"
"6302",9,"large Eucalyptus obliqua",0.369482421875,"test","Caveside"
"6303",9,"small Eucalyptus delegatensis",0.63890380859375,"test","Caveside"
"6304",9,"small Eucalyptus obliqua",0.81650390625,"test","Caveside"
"6305",9,"small Non-euc",0.351177978515625,"test","Caveside"
"6306",10,"large Eucalyptus delegatensis",0.58360595703125,"test","Caveside"
"6307",10,"large Eucalyptus obliqua",0.40838623046875,"test","Caveside"
"6308",10,"small Eucalyptus delegatensis",0.66505126953125,"test","Caveside"
"6309",10,"small Eucalyptus obliqua",0.771917724609375,"test","Caveside"
"6310",10,"small Non-euc",0.5476318359375,"test","Caveside"
"6311",11,"large Eucalyptus delegatensis",0.703070068359375,"test","Caveside"
"6312",11,"large Eucalyptus obliqua",0.7511962890625,"test","Caveside"
"6313",11,"small Eucalyptus delegatensis",0.629693603515625,"test","Caveside"
"6314",11,"small Eucalyptus obliqua",0.851422119140625,"test","Caveside"
"6315",11,"small Non-euc",0.559320068359375,"test","Caveside"
"6316",12,"large Eucalyptus delegatensis",0.5461669921875,"test","Caveside"
"6317",12,"large Eucalyptus obliqua",0.465191650390625,"test","Caveside"
"6318",12,"small Eucalyptus delegatensis",0.589788818359375,"test","Caveside"
"6319",12,"small Eucalyptus obliqua",0.692724609375,"test","Caveside"
"6320",12,"small Non-euc",0.547674560546875,"test","Caveside"
"6321",13,"large Eucalyptus delegatensis",0.505645751953125,"test","Caveside"
"6322",13,"large Eucalyptus obliqua",0.59552001953125,"test","Caveside"
"6323",13,"small Eucalyptus delegatensis",0.67877197265625,"test","Caveside"
"6324",13,"small Eucalyptus obliqua",0.82088623046875,"test","Caveside"
"6325",13,"small Non-euc",0.454595947265625,"test","Caveside"
"6326",14,"large Eucalyptus delegatensis",0.591973876953125,"test","Caveside"
"6327",14,"large Eucalyptus obliqua",0.472296142578125,"test","Caveside"
"6328",14,"small Eucalyptus delegatensis",0.485552978515625,"test","Caveside"
"6329",14,"small Eucalyptus obliqua",0.7622314453125,"test","Caveside"
"6330",14,"small Non-euc",0.711187744140625,"test","Caveside"
"6331",15,"large Eucalyptus delegatensis",0.579486083984375,"test","Caveside"
"6332",15,"large Eucalyptus obliqua",0.363946533203125,"test","Caveside"
"6333",15,"small Eucalyptus delegatensis",0.61475830078125,"test","Caveside"
"6334",15,"small Eucalyptus obliqua",0.78035888671875,"test","Caveside"
"6335",15,"small Non-euc",0.49576416015625,"test","Caveside"
"6336",16,"large Eucalyptus delegatensis",0.40272216796875,"test","Caveside"
"6337",16,"large Eucalyptus obliqua",0.620782470703125,"test","Caveside"
"6338",16,"small Eucalyptus delegatensis",0.5878173828125,"test","Caveside"
"6339",16,"small Eucalyptus obliqua",0.7701171875,"test","Caveside"
"6340",16,"small Non-euc",0.5123779296875,"test","Caveside"
"6341",17,"large Eucalyptus delegatensis",0.556402587890625,"test","Caveside"
"6342",17,"large Eucalyptus obliqua",0.63135986328125,"test","Caveside"
"6343",17,"small Eucalyptus delegatensis",0.599591064453125,"test","Caveside"
"6344",17,"small Eucalyptus obliqua",0.818695068359375,"test","Caveside"
"6345",17,"small Non-euc",0.607403564453125,"test","Caveside"
"6346",18,"large Eucalyptus delegatensis",0.49417724609375,"test","Caveside"
"6347",18,"large Eucalyptus obliqua",0.503668212890625,"test","Caveside"
"6348",18,"small Eucalyptus delegatensis",0.709515380859375,"test","Caveside"
"6349",18,"small Eucalyptus obliqua",0.659747314453125,"test","Caveside"
"6350",18,"small Non-euc",0.647705078125,"test","Caveside"
"6351",19,"large Eucalyptus delegatensis",0.571405029296875,"test","Caveside"
"6352",19,"large Eucalyptus obliqua",0.61787109375,"test","Caveside"
"6353",19,"small Eucalyptus delegatensis",0.547760009765625,"test","Caveside"
"6354",19,"small Eucalyptus obliqua",0.720361328125,"test","Caveside"
"6355",19,"small Non-euc",0.50782470703125,"test","Caveside"
"6356",20,"large Eucalyptus delegatensis",0.535821533203125,"test","Caveside"
"6357",20,"large Eucalyptus obliqua",0.62586669921875,"test","Caveside"
"6358",20,"small Eucalyptus delegatensis",0.53994140625,"test","Caveside"
"6359",20,"small Eucalyptus obliqua",0.810125732421875,"test","Caveside"
"6360",20,"small Non-euc",0.575384521484375,"test","Caveside"
"6361",1,"large Eucalyptus coccifera",0.750202287946429,"train","MtField"
"6362",1,"large Eucalyptus delegatensis",0.688657610603933,"train","MtField"
"6363",1,"small Eucalyptus subcrenulata",0.586291638049451,"train","MtField"
"6364",1,"small Eucalyptus urnigera",0.6421142578125,"train","MtField"
"6365",1,"small Non-euc",0.557326744342672,"train","MtField"
"6366",2,"large Eucalyptus coccifera",0.758040945870536,"train","MtField"
"6367",2,"large Eucalyptus delegatensis",0.676887426483497,"train","MtField"
"6368",2,"small Eucalyptus subcrenulata",0.596402011074863,"train","MtField"
"6369",2,"small Eucalyptus urnigera",0.60762939453125,"train","MtField"
"6370",2,"small Non-euc",0.558423798659752,"train","MtField"
"6371",3,"large Eucalyptus coccifera",0.7443115234375,"train","MtField"
"6372",3,"large Eucalyptus delegatensis",0.685866452334972,"train","MtField"
"6373",3,"small Eucalyptus subcrenulata",0.592186560997596,"train","MtField"
"6374",3,"small Eucalyptus urnigera",0.617642211914063,"train","MtField"
"6375",3,"small Non-euc",0.557611399683459,"train","MtField"
"6376",4,"large Eucalyptus coccifera",0.717548479352679,"train","MtField"
"6377",4,"large Eucalyptus delegatensis",0.690352879213483,"train","MtField"
"6378",4,"small Eucalyptus subcrenulata",0.600169422862294,"train","MtField"
"6379",4,"small Eucalyptus urnigera",0.597335815429688,"train","MtField"
"6380",4,"small Non-euc",0.55865215433055,"train","MtField"
"6381",5,"large Eucalyptus coccifera",0.730869838169643,"train","MtField"
"6382",5,"large Eucalyptus delegatensis",0.681739378511236,"train","MtField"
"6383",5,"small Eucalyptus subcrenulata",0.585338550609547,"train","MtField"
"6384",5,"small Eucalyptus urnigera",0.735076904296875,"train","MtField"
"6385",5,"small Non-euc",0.555567598890984,"train","MtField"
"6386",6,"large Eucalyptus coccifera",0.754213169642857,"train","MtField"
"6387",6,"large Eucalyptus delegatensis",0.681228466248244,"train","MtField"
"6388",6,"small Eucalyptus subcrenulata",0.603029355898008,"train","MtField"
"6389",6,"small Eucalyptus urnigera",0.712167358398437,"train","MtField"
"6390",6,"small Non-euc",0.555807530194864,"train","MtField"
"6391",7,"large Eucalyptus coccifera",0.722624860491071,"train","MtField"
"6392",7,"large Eucalyptus delegatensis",0.701470192898525,"train","MtField"
"6393",7,"small Eucalyptus subcrenulata",0.603844275841346,"train","MtField"
"6394",7,"small Eucalyptus urnigera",0.587289428710937,"train","MtField"
"6395",7,"small Non-euc",0.556204083322108,"train","MtField"
"6396",8,"large Eucalyptus coccifera",0.770237513950893,"train","MtField"
"6397",8,"large Eucalyptus delegatensis",0.674794400675913,"train","MtField"
"6398",8,"small Eucalyptus subcrenulata",0.579551612937843,"train","MtField"
"6399",8,"small Eucalyptus urnigera",0.651409912109375,"train","MtField"
"6400",8,"small Non-euc",0.559895833333333,"train","MtField"
"6401",9,"large Eucalyptus coccifera",0.723702566964286,"train","MtField"
"6402",9,"large Eucalyptus delegatensis",0.690594276685393,"train","MtField"
"6403",9,"small Eucalyptus subcrenulata",0.58894767342033,"train","MtField"
"6404",9,"small Eucalyptus urnigera",0.672555541992187,"train","MtField"
"6405",9,"small Non-euc",0.559868121969289,"train","MtField"
"6406",10,"large Eucalyptus coccifera",0.742967006138393,"train","MtField"
"6407",10,"large Eucalyptus delegatensis",0.678924903441011,"train","MtField"
"6408",10,"small Eucalyptus subcrenulata",0.590401785714286,"train","MtField"
"6409",10,"small Eucalyptus urnigera",0.644378662109375,"train","MtField"
"6410",10,"small Non-euc",0.55273472577676,"train","MtField"
"6411",11,"large Eucalyptus coccifera",0.752512904575893,"train","MtField"
"6412",11,"large Eucalyptus delegatensis",0.690465348490168,"train","MtField"
"6413",11,"small Eucalyptus subcrenulata",0.595419412130838,"train","MtField"
"6414",11,"small Eucalyptus urnigera",0.653564453125,"train","MtField"
"6415",11,"small Non-euc",0.553844232668822,"train","MtField"
"6416",12,"large Eucalyptus coccifera",0.730691964285714,"train","MtField"
"6417",12,"large Eucalyptus delegatensis",0.69982361525632,"train","MtField"
"6418",12,"small Eucalyptus subcrenulata",0.589273641397665,"train","MtField"
"6419",12,"small Eucalyptus urnigera",0.62808837890625,"train","MtField"
"6420",12,"small Non-euc",0.556314578001527,"train","MtField"
"6421",13,"large Eucalyptus coccifera",0.715740094866071,"train","MtField"
"6422",13,"large Eucalyptus delegatensis",0.685193008251405,"train","MtField"
"6423",13,"small Eucalyptus subcrenulata",0.606428544599931,"train","MtField"
"6424",13,"small Eucalyptus urnigera",0.6293701171875,"train","MtField"
"6425",13,"small Non-euc",0.55242709455819,"train","MtField"
"6426",14,"large Eucalyptus coccifera",0.786671665736607,"train","MtField"
"6427",14,"large Eucalyptus delegatensis",0.685614768038975,"train","MtField"
"6428",14,"small Eucalyptus subcrenulata",0.591283777257898,"train","MtField"
"6429",14,"small Eucalyptus urnigera",0.706982421875,"train","MtField"
"6430",14,"small Non-euc",0.553660074869792,"train","MtField"
"6431",15,"large Eucalyptus coccifera",0.748223005022321,"train","MtField"
"6432",15,"large Eucalyptus delegatensis",0.701575804292486,"train","MtField"
"6433",15,"small Eucalyptus subcrenulata",0.597929902129121,"train","MtField"
"6434",15,"small Eucalyptus urnigera",0.616534423828125,"train","MtField"
"6435",15,"small Non-euc",0.557173981063667,"train","MtField"
"6436",16,"large Eucalyptus coccifera",0.754375348772321,"train","MtField"
"6437",16,"large Eucalyptus delegatensis",0.686246379037921,"train","MtField"
"6438",16,"small Eucalyptus subcrenulata",0.590338738410027,"train","MtField"
"6439",16,"small Eucalyptus urnigera",0.703414916992188,"train","MtField"
"6440",16,"small Non-euc",0.557796259036009,"train","MtField"
"6441",17,"large Eucalyptus coccifera",0.758590262276786,"train","MtField"
"6442",17,"large Eucalyptus delegatensis",0.678485998946629,"train","MtField"
"6443",17,"small Eucalyptus subcrenulata",0.605047540350275,"train","MtField"
"6444",17,"small Eucalyptus urnigera",0.644183349609375,"train","MtField"
"6445",17,"small Non-euc",0.556328433683549,"train","MtField"
"6446",18,"large Eucalyptus coccifera",0.753888811383929,"train","MtField"
"6447",18,"large Eucalyptus delegatensis",0.676283247015449,"train","MtField"
"6448",18,"small Eucalyptus subcrenulata",0.570526458404876,"train","MtField"
"6449",18,"small Eucalyptus urnigera",0.61373291015625,"train","MtField"
"6450",18,"small Non-euc",0.555013196221713,"train","MtField"
"6451",19,"large Eucalyptus coccifera",0.748936244419643,"train","MtField"
"6452",19,"large Eucalyptus delegatensis",0.690542842564958,"train","MtField"
"6453",19,"small Eucalyptus subcrenulata",0.582416240985577,"train","MtField"
"6454",19,"small Eucalyptus urnigera",0.582958984375,"train","MtField"
"6455",19,"small Non-euc",0.55468521995106,"train","MtField"
"6456",20,"large Eucalyptus coccifera",0.75469970703125,"train","MtField"
"6457",20,"large Eucalyptus delegatensis",0.695213060700492,"train","MtField"
"6458",20,"small Eucalyptus subcrenulata",0.600542340959821,"train","MtField"
"6459",20,"small Eucalyptus urnigera",0.6219482421875,"train","MtField"
"6460",20,"small Non-euc",0.557280441810345,"train","MtField"
"6461",1,"large Eucalyptus coccifera",0.7189697265625,"test","MtField"
"6462",1,"large Eucalyptus delegatensis",0.72294921875,"test","MtField"
"6463",1,"small Eucalyptus subcrenulata",0.625054931640625,"test","MtField"
"6464",1,"small Eucalyptus urnigera",0.56572265625,"test","MtField"
"6465",1,"small Non-euc",0.46851806640625,"test","MtField"
"6466",2,"large Eucalyptus coccifera",0.692388916015625,"test","MtField"
"6467",2,"large Eucalyptus delegatensis",0.69708251953125,"test","MtField"
"6468",2,"small Eucalyptus subcrenulata",0.6459228515625,"test","MtField"
"6469",2,"small Eucalyptus urnigera",0.5624267578125,"test","MtField"
"6470",2,"small Non-euc",0.4578125,"test","MtField"
"6471",3,"large Eucalyptus coccifera",0.746759033203125,"test","MtField"
"6472",3,"large Eucalyptus delegatensis",0.696697998046875,"test","MtField"
"6473",3,"small Eucalyptus subcrenulata",0.574127197265625,"test","MtField"
"6474",3,"small Eucalyptus urnigera",0.470074462890625,"test","MtField"
"6475",3,"small Non-euc",0.506488037109375,"test","MtField"
"6476",4,"large Eucalyptus coccifera",0.81439208984375,"test","MtField"
"6477",4,"large Eucalyptus delegatensis",0.67567138671875,"test","MtField"
"6478",4,"small Eucalyptus subcrenulata",0.449920654296875,"test","MtField"
"6479",4,"small Eucalyptus urnigera",0.432977294921875,"test","MtField"
"6480",4,"small Non-euc",0.50897216796875,"test","MtField"
"6481",5,"large Eucalyptus coccifera",0.767486572265625,"test","MtField"
"6482",5,"large Eucalyptus delegatensis",0.789141845703125,"test","MtField"
"6483",5,"small Eucalyptus subcrenulata",0.581610107421875,"test","MtField"
"6484",5,"small Eucalyptus urnigera",0.485296630859375,"test","MtField"
"6485",5,"small Non-euc",0.543206787109375,"test","MtField"
"6486",6,"large Eucalyptus coccifera",0.71209716796875,"test","MtField"
"6487",6,"large Eucalyptus delegatensis",0.6959716796875,"test","MtField"
"6488",6,"small Eucalyptus subcrenulata",0.55655517578125,"test","MtField"
"6489",6,"small Eucalyptus urnigera",0.4999755859375,"test","MtField"
"6490",6,"small Non-euc",0.565130615234375,"test","MtField"
"6491",7,"large Eucalyptus coccifera",0.77164306640625,"test","MtField"
"6492",7,"large Eucalyptus delegatensis",0.607904052734375,"test","MtField"
"6493",7,"small Eucalyptus subcrenulata",0.5210205078125,"test","MtField"
"6494",7,"small Eucalyptus urnigera",0.544244384765625,"test","MtField"
"6495",7,"small Non-euc",0.49117431640625,"test","MtField"
"6496",8,"large Eucalyptus coccifera",0.7062744140625,"test","MtField"
"6497",8,"large Eucalyptus delegatensis",0.814373779296875,"test","MtField"
"6498",8,"small Eucalyptus subcrenulata",0.654339599609375,"test","MtField"
"6499",8,"small Eucalyptus urnigera",0.548089599609375,"test","MtField"
"6500",8,"small Non-euc",0.36063232421875,"test","MtField"
"6501",9,"large Eucalyptus coccifera",0.771063232421875,"test","MtField"
"6502",9,"large Eucalyptus delegatensis",0.67918701171875,"test","MtField"
"6503",9,"small Eucalyptus subcrenulata",0.572149658203125,"test","MtField"
"6504",9,"small Eucalyptus urnigera",0.330487060546875,"test","MtField"
"6505",9,"small Non-euc",0.487774658203125,"test","MtField"
"6506",10,"large Eucalyptus coccifera",0.70772705078125,"test","MtField"
"6507",10,"large Eucalyptus delegatensis",0.740582275390625,"test","MtField"
"6508",10,"small Eucalyptus subcrenulata",0.608526611328125,"test","MtField"
"6509",10,"small Eucalyptus urnigera",0.47513427734375,"test","MtField"
"6510",10,"small Non-euc",0.695263671875,"test","MtField"
"6511",11,"large Eucalyptus coccifera",0.699066162109375,"test","MtField"
"6512",11,"large Eucalyptus delegatensis",0.695819091796875,"test","MtField"
"6513",11,"small Eucalyptus subcrenulata",0.55167236328125,"test","MtField"
"6514",11,"small Eucalyptus urnigera",0.5259765625,"test","MtField"
"6515",11,"small Non-euc",0.57391357421875,"test","MtField"
"6516",12,"large Eucalyptus coccifera",0.726953125,"test","MtField"
"6517",12,"large Eucalyptus delegatensis",0.613330078125,"test","MtField"
"6518",12,"small Eucalyptus subcrenulata",0.594671630859375,"test","MtField"
"6519",12,"small Eucalyptus urnigera",0.508270263671875,"test","MtField"
"6520",12,"small Non-euc",0.486724853515625,"test","MtField"
"6521",13,"large Eucalyptus coccifera",0.7832763671875,"test","MtField"
"6522",13,"large Eucalyptus delegatensis",0.721051025390625,"test","MtField"
"6523",13,"small Eucalyptus subcrenulata",0.494818115234375,"test","MtField"
"6524",13,"small Eucalyptus urnigera",0.530389404296875,"test","MtField"
"6525",13,"small Non-euc",0.6547607421875,"test","MtField"
"6526",14,"large Eucalyptus coccifera",0.60821533203125,"test","MtField"
"6527",14,"large Eucalyptus delegatensis",0.687091064453125,"test","MtField"
"6528",14,"small Eucalyptus subcrenulata",0.56239013671875,"test","MtField"
"6529",14,"small Eucalyptus urnigera",0.42225341796875,"test","MtField"
"6530",14,"small Non-euc",0.60283203125,"test","MtField"
"6531",15,"large Eucalyptus coccifera",0.762933349609375,"test","MtField"
"6532",15,"large Eucalyptus delegatensis",0.513616943359375,"test","MtField"
"6533",15,"small Eucalyptus subcrenulata",0.564404296875,"test","MtField"
"6534",15,"small Eucalyptus urnigera",0.560980224609375,"test","MtField"
"6535",15,"small Non-euc",0.577777099609375,"test","MtField"
"6536",16,"large Eucalyptus coccifera",0.665618896484375,"test","MtField"
"6537",16,"large Eucalyptus delegatensis",0.686328125,"test","MtField"
"6538",16,"small Eucalyptus subcrenulata",0.58516845703125,"test","MtField"
"6539",16,"small Eucalyptus urnigera",0.486480712890625,"test","MtField"
"6540",16,"small Non-euc",0.431988525390625,"test","MtField"
"6541",17,"large Eucalyptus coccifera",0.619818115234375,"test","MtField"
"6542",17,"large Eucalyptus delegatensis",0.753033447265625,"test","MtField"
"6543",17,"small Eucalyptus subcrenulata",0.492620849609375,"test","MtField"
"6544",17,"small Eucalyptus urnigera",0.575970458984375,"test","MtField"
"6545",17,"small Non-euc",0.55225830078125,"test","MtField"
"6546",18,"large Eucalyptus coccifera",0.61895751953125,"test","MtField"
"6547",18,"large Eucalyptus delegatensis",0.78447265625,"test","MtField"
"6548",18,"small Eucalyptus subcrenulata",0.8134765625,"test","MtField"
"6549",18,"small Eucalyptus urnigera",0.515374755859375,"test","MtField"
"6550",18,"small Non-euc",0.577099609375,"test","MtField"
"6551",19,"large Eucalyptus coccifera",0.717950439453125,"test","MtField"
"6552",19,"large Eucalyptus delegatensis",0.674749755859375,"test","MtField"
"6553",19,"small Eucalyptus subcrenulata",0.704412841796875,"test","MtField"
"6554",19,"small Eucalyptus urnigera",0.560174560546875,"test","MtField"
"6555",19,"small Non-euc",0.623431396484375,"test","MtField"
"6556",20,"large Eucalyptus coccifera",0.710760498046875,"test","MtField"
"6557",20,"large Eucalyptus delegatensis",0.646014404296875,"test","MtField"
"6558",20,"small Eucalyptus subcrenulata",0.4784912109375,"test","MtField"
"6559",20,"small Eucalyptus urnigera",0.467608642578125,"test","MtField"
"6560",20,"small Non-euc",0.560919189453125,"test","MtField"
"6561",1,"large Eucalyptus delegatensis",0.551968961148649,"train","BenRidge"
"6562",1,"small Eucalyptus delegatensis",0.621727719514266,"train","BenRidge"
"6563",1,"small Non-euc",0.508697509765625,"train","BenRidge"
"6564",2,"large Eucalyptus delegatensis",0.562129665065456,"train","BenRidge"
"6565",2,"small Eucalyptus delegatensis",0.611867091966712,"train","BenRidge"
"6566",2,"small Non-euc",0.506572489835778,"train","BenRidge"
"6567",3,"large Eucalyptus delegatensis",0.558103819151182,"train","BenRidge"
"6568",3,"small Eucalyptus delegatensis",0.613426142153533,"train","BenRidge"
"6569",3,"small Non-euc",0.517191984215561,"train","BenRidge"
"6570",4,"large Eucalyptus delegatensis",0.547479577966638,"train","BenRidge"
"6571",4,"small Eucalyptus delegatensis",0.61455370032269,"train","BenRidge"
"6572",4,"small Non-euc",0.510379713408801,"train","BenRidge"
"6573",5,"large Eucalyptus delegatensis",0.552462191195101,"train","BenRidge"
"6574",5,"small Eucalyptus delegatensis",0.617947785750679,"train","BenRidge"
"6575",5,"small Non-euc",0.523368056939573,"train","BenRidge"
"6576",6,"large Eucalyptus delegatensis",0.563643996779983,"train","BenRidge"
"6577",6,"small Eucalyptus delegatensis",0.614130700152853,"train","BenRidge"
"6578",6,"small Non-euc",0.525090743084343,"train","BenRidge"
"6579",7,"large Eucalyptus delegatensis",0.560717608477618,"train","BenRidge"
"6580",7,"small Eucalyptus delegatensis",0.616637918223505,"train","BenRidge"
"6581",7,"small Non-euc",0.526450643734056,"train","BenRidge"
"6582",8,"large Eucalyptus delegatensis",0.532806396484375,"train","BenRidge"
"6583",8,"small Eucalyptus delegatensis",0.614031451681386,"train","BenRidge"
"6584",8,"small Non-euc",0.511237942442602,"train","BenRidge"
"6585",9,"large Eucalyptus delegatensis",0.556676091374578,"train","BenRidge"
"6586",9,"small Eucalyptus delegatensis",0.614378821331522,"train","BenRidge"
"6587",9,"small Non-euc",0.521040313097895,"train","BenRidge"
"6588",10,"large Eucalyptus delegatensis",0.558676229940878,"train","BenRidge"
"6589",10,"small Eucalyptus delegatensis",0.606854248046875,"train","BenRidge"
"6590",10,"small Non-euc",0.508518452547034,"train","BenRidge"
"6591",11,"large Eucalyptus delegatensis",0.565274625211149,"train","BenRidge"
"6592",11,"small Eucalyptus delegatensis",0.613385540506114,"train","BenRidge"
"6593",11,"small Non-euc",0.514688608597736,"train","BenRidge"
"6594",12,"large Eucalyptus delegatensis",0.56247938001478,"train","BenRidge"
"6595",12,"small Eucalyptus delegatensis",0.611354396654212,"train","BenRidge"
"6596",12,"small Non-euc",0.51457370057398,"train","BenRidge"
"6597",13,"large Eucalyptus delegatensis",0.552485285578547,"train","BenRidge"
"6598",13,"small Eucalyptus delegatensis",0.606296439792799,"train","BenRidge"
"6599",13,"small Non-euc",0.512555180763712,"train","BenRidge"
"6600",14,"large Eucalyptus delegatensis",0.553375244140625,"train","BenRidge"
"6601",14,"small Eucalyptus delegatensis",0.608095650050951,"train","BenRidge"
"6602",14,"small Non-euc",0.53187405333227,"train","BenRidge"
"6603",15,"large Eucalyptus delegatensis",0.562751563819679,"train","BenRidge"
"6604",15,"small Eucalyptus delegatensis",0.608731477156929,"train","BenRidge"
"6605",15,"small Non-euc",0.521575927734375,"train","BenRidge"
"6606",16,"large Eucalyptus delegatensis",0.56339490735853,"train","BenRidge"
"6607",16,"small Eucalyptus delegatensis",0.610986593495245,"train","BenRidge"
"6608",16,"small Non-euc",0.511639342016103,"train","BenRidge"
"6609",17,"large Eucalyptus delegatensis",0.54088695629223,"train","BenRidge"
"6610",17,"small Eucalyptus delegatensis",0.618818730893342,"train","BenRidge"
"6611",17,"small Non-euc",0.516476378148916,"train","BenRidge"
"6612",18,"large Eucalyptus delegatensis",0.548397579708615,"train","BenRidge"
"6613",18,"small Eucalyptus delegatensis",0.610832944123641,"train","BenRidge"
"6614",18,"small Non-euc",0.520419373804209,"train","BenRidge"
"6615",19,"large Eucalyptus delegatensis",0.558945114548142,"train","BenRidge"
"6616",19,"small Eucalyptus delegatensis",0.620216701341712,"train","BenRidge"
"6617",19,"small Non-euc",0.516205145388233,"train","BenRidge"
"6618",20,"large Eucalyptus delegatensis",0.578176137563345,"train","BenRidge"
"6619",20,"small Eucalyptus delegatensis",0.609155008067255,"train","BenRidge"
"6620",20,"small Non-euc",0.518202801139987,"train","BenRidge"
"6621",1,"large Eucalyptus delegatensis",0.677667236328125,"test","BenRidge"
"6622",1,"small Eucalyptus delegatensis",0.520416259765625,"test","BenRidge"
"6623",1,"small Non-euc",0.750836181640625,"test","BenRidge"
"6624",2,"large Eucalyptus delegatensis",0.567791748046875,"test","BenRidge"
"6625",2,"small Eucalyptus delegatensis",0.736376953125,"test","BenRidge"
"6626",2,"small Non-euc",0.5032470703125,"test","BenRidge"
"6627",3,"large Eucalyptus delegatensis",0.5588134765625,"test","BenRidge"
"6628",3,"small Eucalyptus delegatensis",0.7263427734375,"test","BenRidge"
"6629",3,"small Non-euc",0.706781005859375,"test","BenRidge"
"6630",4,"large Eucalyptus delegatensis",0.68902587890625,"test","BenRidge"
"6631",4,"small Eucalyptus delegatensis",0.63974609375,"test","BenRidge"
"6632",4,"small Non-euc",0.784136962890625,"test","BenRidge"
"6633",5,"large Eucalyptus delegatensis",0.570550537109375,"test","BenRidge"
"6634",5,"small Eucalyptus delegatensis",0.579180908203125,"test","BenRidge"
"6635",5,"small Non-euc",0.501861572265625,"test","BenRidge"
"6636",6,"large Eucalyptus delegatensis",0.56304931640625,"test","BenRidge"
"6637",6,"small Eucalyptus delegatensis",0.64971923828125,"test","BenRidge"
"6638",6,"small Non-euc",0.622802734375,"test","BenRidge"
"6639",7,"large Eucalyptus delegatensis",0.557550048828125,"test","BenRidge"
"6640",7,"small Eucalyptus delegatensis",0.602984619140625,"test","BenRidge"
"6641",7,"small Non-euc",0.62666015625,"test","BenRidge"
"6642",8,"large Eucalyptus delegatensis",0.61986083984375,"test","BenRidge"
"6643",8,"small Eucalyptus delegatensis",0.72486572265625,"test","BenRidge"
"6644",8,"small Non-euc",0.614996337890625,"test","BenRidge"
"6645",9,"large Eucalyptus delegatensis",0.53475341796875,"test","BenRidge"
"6646",9,"small Eucalyptus delegatensis",0.625177001953125,"test","BenRidge"
"6647",9,"small Non-euc",0.671087646484375,"test","BenRidge"
"6648",10,"large Eucalyptus delegatensis",0.599285888671875,"test","BenRidge"
"6649",10,"small Eucalyptus delegatensis",0.68658447265625,"test","BenRidge"
"6650",10,"small Non-euc",0.674212646484375,"test","BenRidge"
"6651",11,"large Eucalyptus delegatensis",0.64095458984375,"test","BenRidge"
"6652",11,"small Eucalyptus delegatensis",0.7697998046875,"test","BenRidge"
"6653",11,"small Non-euc",0.737188720703125,"test","BenRidge"
"6654",12,"large Eucalyptus delegatensis",0.5895263671875,"test","BenRidge"
"6655",12,"small Eucalyptus delegatensis",0.706884765625,"test","BenRidge"
"6656",12,"small Non-euc",0.617095947265625,"test","BenRidge"
"6657",13,"large Eucalyptus delegatensis",0.521636962890625,"test","BenRidge"
"6658",13,"small Eucalyptus delegatensis",0.781109619140625,"test","BenRidge"
"6659",13,"small Non-euc",0.687548828125,"test","BenRidge"
"6660",14,"large Eucalyptus delegatensis",0.5670166015625,"test","BenRidge"
"6661",14,"small Eucalyptus delegatensis",0.813568115234375,"test","BenRidge"
"6662",14,"small Non-euc",0.8337890625,"test","BenRidge"
"6663",15,"large Eucalyptus delegatensis",0.60421142578125,"test","BenRidge"
"6664",15,"small Eucalyptus delegatensis",0.6944580078125,"test","BenRidge"
"6665",15,"small Non-euc",0.4739990234375,"test","BenRidge"
"6666",16,"large Eucalyptus delegatensis",0.527838134765625,"test","BenRidge"
"6667",16,"small Eucalyptus delegatensis",0.659930419921875,"test","BenRidge"
"6668",16,"small Non-euc",0.60919189453125,"test","BenRidge"
"6669",17,"large Eucalyptus delegatensis",0.624871826171875,"test","BenRidge"
"6670",17,"small Eucalyptus delegatensis",0.569012451171875,"test","BenRidge"
"6671",17,"small Non-euc",0.796441650390625,"test","BenRidge"
"6672",18,"large Eucalyptus delegatensis",0.7256103515625,"test","BenRidge"
"6673",18,"small Eucalyptus delegatensis",0.746490478515625,"test","BenRidge"
"6674",18,"small Non-euc",0.76925048828125,"test","BenRidge"
"6675",19,"large Eucalyptus delegatensis",0.5625,"test","BenRidge"
"6676",19,"small Eucalyptus delegatensis",0.524786376953125,"test","BenRidge"
"6677",19,"small Non-euc",0.708184814453125,"test","BenRidge"
"6678",20,"large Eucalyptus delegatensis",0.549468994140625,"test","BenRidge"
"6679",20,"small Eucalyptus delegatensis",0.714678955078125,"test","BenRidge"
"6680",20,"small Non-euc",0.712249755859375,"test","BenRidge"
